Date,Ticker,Trade_Weight,Direction
2023-05-31,DIS,0.09090909090909091,Buy
2023-05-31,JPM,0.09090909090909091,Buy
2023-05-31,NVDA,0.09090909090909091,Buy
2023-05-31,SPY,0.09090909090909091,Buy
2023-05-31,KO,0.09090909090909091,Buy
2023-05-31,AAPL,0.09090909090909091,Buy
2023-05-31,BA,0.09090909090909091,Buy
2023-05-31,WMT,0.09090909090909091,Buy
2023-05-31,MSFT,0.09090909090909091,Buy
2023-05-31,JNJ,0.09090909090909091,Buy
2023-05-31,XOM,0.09090909090909091,Buy
2023-06-01,DIS,0.00046871564808652344,Buy
2023-06-01,SPY,0.00025872310513740115,Buy
2023-06-01,KO,0.0006001231007358304,Buy
2023-06-01,AAPL,-0.000326910892485599,Sell
2023-06-01,BA,0.00012528352625330863,Buy
2023-06-01,JNJ,0.0014130269170069126,Buy
2023-06-01,JPM,-0.00012546920521167015,Sell
2023-06-01,NVDA,-0.0034831321306736246,Sell
2023-06-01,WMT,0.0007817124073379034,Buy
2023-06-01,MSFT,-3.387545178713813e-05,Sell
2023-06-01,XOM,7.486064139423931e-05,Buy
2023-06-02,DIS,-0.0009363333426173626,Sell
2023-06-02,SPY,-2.6784830635603885e-05,Sell
2023-06-02,KO,-0.0004635343584884627,Sell
2023-06-02,AAPL,0.0008414477904600121,Buy
2023-06-02,BA,-0.0010408837264680865,Sell
2023-06-02,JNJ,-0.00014000101740091475,Sell
2023-06-02,JPM,-0.0006134535945909736,Sell
2023-06-02,NVDA,0.0022680092535727753,Buy
2023-06-02,WMT,0.0004120815281334622,Buy
2023-06-02,MSFT,0.0005094592178728624,Buy
2023-06-02,XOM,-0.0008119030248597697,Sell
2023-06-05,DIS,-0.0005329405093045525,Sell
2023-06-05,SPY,-0.0001270680397471441,Sell
2023-06-05,KO,0.00030962324959174503,Buy
2023-06-05,AAPL,0.0003887369283822467,Buy
2023-06-05,BA,0.001639376532760417,Buy
2023-06-05,JNJ,-0.0010862851876128898,Sell
2023-06-05,JPM,0.000594217927741586,Buy
2023-06-05,NVDA,5.996592056210781e-05,Buy
2023-06-05,WMT,-0.0009024513400061884,Sell
2023-06-05,MSFT,-0.00044871001399320043,Sell
2023-06-05,XOM,0.00010351186539443724,Buy
2023-06-06,DIS,-0.0012636890574230508,Sell
2023-06-06,SPY,-0.00030166930444572304,Sell
2023-06-06,KO,0.000555671520139453,Buy
2023-06-06,AAPL,8.399953740205468e-05,Buy
2023-06-06,BA,0.0005460164543845819,Buy
2023-06-06,JNJ,-2.3025608350046856e-05,Sell
2023-06-06,JPM,-0.00026709162967357425,Sell
2023-06-06,NVDA,0.0010977275493096045,Buy
2023-06-06,WMT,-9.136563827809308e-05,Sell
2023-06-06,MSFT,0.0005087695532651065,Buy
2023-06-06,XOM,-0.0008468933611238683,Sell
2023-06-07,DIS,-0.00045453809073289775,Sell
2023-06-07,SPY,0.0002156197813258237,Buy
2023-06-07,KO,3.675600922843636e-05,Buy
2023-06-07,AAPL,0.0006068317073099766,Buy
2023-06-07,BA,-0.002136190373753788,Sell
2023-06-07,JNJ,-0.00029469545027661914,Sell
2023-06-07,JPM,-0.0009807743647603784,Sell
2023-06-07,NVDA,0.002667702133363689,Buy
2023-06-07,WMT,-0.00023272940778577833,Sell
2023-06-07,MSFT,0.0027101807217336793,Buy
2023-06-07,XOM,-0.0021395606670696204,Sell
2023-06-08,DIS,0.0008844075390709305,Buy
2023-06-08,SPY,0.0003496802464413029,Buy
2023-06-08,KO,0.0006699237699887839,Buy
2023-06-08,AAPL,-0.0004979437786217511,Sell
2023-06-08,BA,-0.001730750805750192,Sell
2023-06-08,JNJ,-9.389052833408407e-05,Sell
2023-06-08,JPM,0.000868545442606436,Buy
2023-06-08,NVDA,-0.0015919413794410892,Sell
2023-06-08,WMT,-0.0004080738876431622,Sell
2023-06-08,MSFT,0.0003708201625005486,Buy
2023-06-08,XOM,0.001176135000522091,Buy
2023-06-09,DIS,0.0006384893173422834,Buy
2023-06-09,SPY,-0.00011371109036691085,Sell
2023-06-09,KO,-0.00010118170686242156,Sell
2023-06-09,AAPL,-0.00014692708807652333,Sell
2023-06-09,BA,0.00038258936056285997,Buy
2023-06-09,JNJ,0.00019105551444746627,Buy
2023-06-09,JPM,-0.00013145626308530556,Sell
2023-06-09,NVDA,-0.0005641141686923284,Sell
2023-06-09,WMT,-0.0005000101218897018,Sell
2023-06-09,MSFT,-0.00037806066072360034,Sell
2023-06-09,XOM,0.0007211675514793708,Buy
2023-06-12,DIS,-0.0005004063593769398,Sell
2023-06-12,SPY,-0.00013135688337900797,Sell
2023-06-12,KO,0.0010750352917906908,Buy
2023-06-12,AAPL,-0.0007238341797252967,Sell
2023-06-12,BA,-0.001077380960251062,Sell
2023-06-12,JNJ,0.0007491623394497715,Buy
2023-06-12,JPM,0.0006935147675091596,Buy
2023-06-12,NVDA,-0.0009697748628416797,Sell
2023-06-12,WMT,9.189590855457341e-05,Buy
2023-06-12,MSFT,-0.0007098751349465388,Sell
2023-06-12,XOM,0.0015020601928268235,Buy
2023-06-13,DIS,-5.572518335987542e-05,Sell
2023-06-13,SPY,3.726875353789183e-05,Buy
2023-06-13,KO,0.00027261117517786426,Buy
2023-06-13,AAPL,0.00086822087021865,Buy
2023-06-13,BA,0.0011132463300398687,Buy
2023-06-13,JNJ,0.0001581745663670614,Buy
2023-06-13,JPM,-2.0596398029704144e-05,Sell
2023-06-13,NVDA,-0.0028888275996327706,Sell
2023-06-13,WMT,-7.055559351845653e-05,Sell
2023-06-13,MSFT,-3.134271954675916e-05,Sell
2023-06-13,XOM,0.0006154840284760127,Buy
2023-06-14,DIS,0.0016600798905917341,Buy
2023-06-14,SPY,0.00020065426835162714,Buy
2023-06-14,KO,-0.00030594933862992946,Sell
2023-06-14,AAPL,-7.773353082926593e-06,Sell
2023-06-14,BA,0.0017392218374727292,Buy
2023-06-14,JNJ,-0.00015362572103191918,Sell
2023-06-14,JPM,0.0006466267673607279,Buy
2023-06-14,NVDA,-0.004053391741068807,Sell
2023-06-14,WMT,-0.0006073723026515931,Sell
2023-06-14,MSFT,-0.0005180691673271759,Sell
2023-06-14,XOM,0.0013980710498806281,Buy
2023-06-15,DIS,0.0004656728608966043,Buy
2023-06-15,SPY,-0.00017285998152284654,Sell
2023-06-15,KO,-0.0002937817853530533,Sell
2023-06-15,AAPL,-6.498718665313985e-05,Sell
2023-06-15,BA,-9.859783332474836e-05,Sell
2023-06-15,JNJ,-0.0002658808030518295,Sell
2023-06-15,JPM,-7.482338168411651e-05,Sell
2023-06-15,NVDA,0.001662296229411872,Buy
2023-06-15,WMT,0.00044929470126688076,Buy
2023-06-15,MSFT,-0.0019271084844713487,Sell
2023-06-15,XOM,0.00031798222047202396,Buy
2023-06-16,DIS,0.001181414007353332,Buy
2023-06-16,SPY,-9.928780189907838e-05,Sell
2023-06-16,KO,-0.0010665632477538378,Sell
2023-06-16,AAPL,0.0001247749260570724,Buy
2023-06-16,BA,-0.0006517433111186133,Sell
2023-06-16,JNJ,-0.0006891992904076855,Sell
2023-06-16,JPM,-0.0005188337131468573,Sell
2023-06-16,NVDA,-0.0004938244941283948,Sell
2023-06-16,WMT,0.0008633785480232775,Buy
2023-06-16,MSFT,0.0011033425787699142,Buy
2023-06-16,XOM,0.0002450869394752392,Buy
2023-06-20,DIS,0.0008506701673534761,Buy
2023-06-20,SPY,-0.0002493142163751544,Sell
2023-06-20,KO,-0.00011551031993288496,Sell
2023-06-20,AAPL,-0.0007693153476055065,Sell
2023-06-20,BA,0.002449289268021182,Buy
2023-06-20,JNJ,-0.0006689506461223099,Sell
2023-06-20,JPM,-0.0002578030733580289,Sell
2023-06-20,NVDA,-0.0031200960992495003,Sell
2023-06-20,WMT,8.243766516603801e-05,Buy
2023-06-20,MSFT,0.00042093207237385577,Buy
2023-06-20,XOM,0.0013758871419945473,Buy
2023-06-21,DIS,0.0007774159210082038,Buy
2023-06-21,SPY,0.00011632161126585994,Buy
2023-06-21,KO,-0.0006045160771501606,Sell
2023-06-21,AAPL,0.00016666503636243724,Buy
2023-06-21,BA,-0.0002266503415272736,Sell
2023-06-21,JNJ,-0.00021226019548391262,Sell
2023-06-21,JPM,-0.00021678707806926933,Sell
2023-06-21,NVDA,0.0012382027569456389,Buy
2023-06-21,WMT,-0.0005288709448096202,Sell
2023-06-21,MSFT,0.0008608532873998764,Buy
2023-06-21,XOM,-0.0013729740352489972,Sell
2023-06-22,DIS,0.00021120502542486264,Buy
2023-06-22,SPY,-0.0002704854564767184,Sell
2023-06-22,KO,-0.0005637139934407259,Sell
2023-06-22,AAPL,-0.00144388731832569,Sell
2023-06-22,BA,0.002829101615699256,Buy
2023-06-22,JNJ,-0.0009071588696503291,Sell
2023-06-22,JPM,0.0018065610012407834,Buy
2023-06-22,NVDA,9.966988550601241e-05,Buy
2023-06-22,WMT,-0.0007012978669645176,Sell
2023-06-22,MSFT,-0.0016175917882207264,Sell
2023-06-22,XOM,0.0005560183847468092,Buy
2023-06-23,DIS,-0.00021744737881661258,Sell
2023-06-23,SPY,7.112624856149552e-05,Buy
2023-06-23,KO,0.000341081276362995,Buy
2023-06-23,AAPL,-0.0004642161446875709,Sell
2023-06-23,BA,-0.0005318061077053543,Sell
2023-06-23,JNJ,-0.000543457803761388,Sell
2023-06-23,JPM,-0.00014215219685446978,Sell
2023-06-23,NVDA,0.0011150936707746556,Buy
2023-06-23,WMT,-0.0004504242880692816,Sell
2023-06-23,MSFT,0.0006428051959900261,Buy
2023-06-23,XOM,0.00017662706365140224,Buy
2023-06-26,DIS,-0.0010632938831857536,Sell
2023-06-26,SPY,-6.791625027198489e-05,Sell
2023-06-26,KO,-0.00047100317585881124,Sell
2023-06-26,AAPL,0.0002487955218141019,Buy
2023-06-26,BA,-0.0005167585934434393,Sell
2023-06-26,JNJ,0.0005800922821004861,Buy
2023-06-26,JPM,-0.0006648482376173104,Sell
2023-06-26,NVDA,0.0029718313359959475,Buy
2023-06-26,WMT,-0.00020023453226969412,Sell
2023-06-26,MSFT,0.0013093732580682776,Buy
2023-06-26,XOM,-0.0021272174820618633,Sell
2023-06-27,DIS,0.000390698028298081,Buy
2023-06-27,SPY,-0.00023178090132837392,Sell
2023-06-27,KO,0.0009480197468977047,Buy
2023-06-27,AAPL,-0.000600997965852737,Sell
2023-06-27,BA,-0.0009317362691856762,Sell
2023-06-27,JNJ,0.0009439277811696123,Buy
2023-06-27,JPM,0.0007501265445280236,Buy
2023-06-27,NVDA,-0.0020035326713795515,Sell
2023-06-27,WMT,0.00108220323565629,Buy
2023-06-27,MSFT,-0.0008812962894906712,Sell
2023-06-27,XOM,0.0005318346863751877,Buy
2023-06-28,DIS,0.0001846156941663346,Buy
2023-06-28,SPY,-9.616231216333371e-05,Sell
2023-06-28,KO,0.0007984177283358873,Buy
2023-06-28,AAPL,-0.0006258782308106309,Sell
2023-06-28,BA,-0.0006105647648926016,Sell
2023-06-28,JNJ,0.00013352929320226137,Buy
2023-06-28,JPM,0.0003483005459902905,Buy
2023-06-28,NVDA,0.0015983548207242626,Buy
2023-06-28,WMT,-0.0005448591458409868,Sell
2023-06-28,MSFT,-0.0003982826236573478,Sell
2023-06-28,XOM,-0.0007897963292143595,Sell
2023-06-29,DIS,0.00022356980556779982,Buy
2023-06-29,SPY,-1.1044986904948373e-05,Sell
2023-06-29,KO,0.0010941006560993144,Buy
2023-06-29,AAPL,0.00018320927696706402,Buy
2023-06-29,BA,-0.00013115867195877262,Sell
2023-06-29,JNJ,-0.00028764787624721566,Sell
2023-06-29,JPM,-0.0028168440160665914,Sell
2023-06-29,NVDA,0.0009956456903641164,Buy
2023-06-29,WMT,0.0009580874510756038,Buy
2023-06-29,MSFT,0.0005616493460345734,Buy
2023-06-29,XOM,-0.0007710930355203649,Sell
2023-06-30,DIS,0.0007934351242840088,Buy
2023-06-30,SPY,6.702671010101746e-05,Buy
2023-06-30,KO,0.0008273500739389289,Buy
2023-06-30,AAPL,-0.0009476800412321768,Sell
2023-06-30,BA,0.0014105008397630042,Buy
2023-06-30,JNJ,0.00034962274985979314,Buy
2023-06-30,JPM,-0.0001316736534981433,Sell
2023-06-30,NVDA,-0.0021285274304380097,Sell
2023-06-30,WMT,-0.0005611001111359287,Sell
2023-06-30,MSFT,-0.0003446513216070618,Sell
2023-06-30,XOM,0.0006637134363456781,Buy
2023-07-03,DIS,-0.0011554942882054525,Sell
2023-07-03,SPY,-1.8910571206662286e-05,Sell
2023-07-03,KO,-0.0004573485520904391,Sell
2023-07-03,AAPL,0.0007926373076028587,Buy
2023-07-03,BA,0.00018882986439952565,Buy
2023-07-03,JNJ,0.0012762904066906666,Buy
2023-07-03,JPM,-0.0006450353345330562,Sell
2023-07-03,NVDA,-0.00015271367414801396,Sell
2023-07-03,WMT,-0.0005037913674096062,Sell
2023-07-03,MSFT,0.0007657161083994557,Buy
2023-07-03,XOM,-9.223428365377762e-05,Sell
2023-07-05,DIS,0.0005990403916058817,Buy
2023-07-05,SPY,2.0319382053143875e-05,Buy
2023-07-05,KO,-0.0007912171369873489,Sell
2023-07-05,AAPL,0.0004193596937057259,Buy
2023-07-05,BA,-0.0011464865844446198,Sell
2023-07-05,JNJ,0.00018585961917094718,Buy
2023-07-05,JPM,0.0004913168056278339,Buy
2023-07-05,NVDA,9.092831886477193e-05,Buy
2023-07-05,WMT,-6.328593871744725e-05,Sell
2023-07-05,MSFT,-0.0001581660654696726,Sell
2023-07-05,XOM,0.00035081735009172277,Buy
2023-07-06,DIS,0.0003654169878054281,Buy
2023-07-06,SPY,1.1460452095365947e-05,Buy
2023-07-06,AAPL,-0.0009357405868727908,Sell
2023-07-06,BA,-0.00040957249909652493,Sell
2023-07-06,JNJ,-2.5063371298858494e-05,Sell
2023-07-06,JPM,0.00019983665628563185,Buy
2023-07-06,NVDA,-0.00024260362645997513,Sell
2023-07-06,WMT,-0.00012648732417361308,Sell
2023-07-06,MSFT,-0.0015512100781895077,Sell
2023-07-06,XOM,0.0027132460936843406,Buy
2023-07-07,DIS,-0.00035340748702115954,Sell
2023-07-07,SPY,-0.00022567750419767718,Sell
2023-07-07,KO,0.0007505662999804791,Buy
2023-07-07,AAPL,8.189104826229754e-05,Buy
2023-07-07,BA,-0.00023292325993763685,Sell
2023-07-07,JNJ,0.0008722844305501104,Buy
2023-07-07,JPM,-0.0011772829151812936,Sell
2023-07-07,NVDA,-0.0013243761954088579,Sell
2023-07-07,WMT,0.001648806534951086,Buy
2023-07-07,MSFT,0.0006278948372037685,Buy
2023-07-07,XOM,-0.0006694293004532031,Sell
2023-07-10,DIS,0.0004821768110059993,Buy
2023-07-10,SPY,-0.00030238501821190644,Sell
2023-07-10,KO,0.0006130188977437334,Buy
2023-07-10,AAPL,0.0009155876414738695,Buy
2023-07-10,BA,-0.0005911131360171323,Sell
2023-07-10,JNJ,-0.00022060431378960466,Sell
2023-07-10,JPM,-0.0005826446927550827,Sell
2023-07-10,NVDA,0.0006193017357292163,Buy
2023-07-10,WMT,-0.0008960044926273197,Sell
2023-07-10,MSFT,0.0013821237359812472,Buy
2023-07-10,XOM,-0.0014214498822679028,Sell
2023-07-11,DIS,-0.000796279613072215,Sell
2023-07-11,SPY,5.31730720554624e-05,Buy
2023-07-11,KO,0.0003084654397109976,Buy
2023-07-11,AAPL,0.0008818086283936682,Buy
2023-07-11,BA,-0.0016785276783129882,Sell
2023-07-11,JNJ,0.001126184099691438,Buy
2023-07-11,JPM,-0.0007838074812087231,Sell
2023-07-11,NVDA,0.00014654021869904554,Buy
2023-07-11,WMT,0.0007621743489147764,Buy
2023-07-11,MSFT,0.0004539868697318594,Buy
2023-07-11,XOM,-0.000475710642932739,Sell
2023-07-12,DIS,-3.815621558683757e-06,Sell
2023-07-12,SPY,-6.434117173069465e-05,Sell
2023-07-12,KO,0.00017655793803726672,Buy
2023-07-12,AAPL,-0.00014914810279480217,Sell
2023-07-12,BA,0.0013424650707506286,Buy
2023-07-12,JNJ,0.0009746880154351129,Buy
2023-07-12,JPM,0.0002149033793079902,Buy
2023-07-12,NVDA,-0.0025241556070330073,Sell
2023-07-12,WMT,0.00043419280178248754,Buy
2023-07-12,MSFT,-0.0006221387795243005,Sell
2023-07-12,XOM,0.00021893900125823096,Buy
2023-07-13,DIS,0.0002673394982114913,Buy
2023-07-13,SPY,-0.00012892688212021164,Sell
2023-07-13,KO,-0.00018183003713473367,Sell
2023-07-13,AAPL,0.00022148327032679715,Buy
2023-07-13,BA,0.0006961085137621309,Buy
2023-07-13,JNJ,0.00017082846055403722,Buy
2023-07-13,JPM,0.0001489750447538074,Buy
2023-07-13,NVDA,-0.003681045693088858,Sell
2023-07-13,WMT,0.0011180856974299935,Buy
2023-07-13,MSFT,-0.0008745560197780805,Sell
2023-07-13,XOM,0.0022418676846100577,Buy
2023-07-14,DIS,0.0014507516740924348,Buy
2023-07-14,SPY,-0.00035986658059569687,Sell
2023-07-14,KO,-0.0012490328332682848,Sell
2023-07-14,AAPL,-0.0004886607197313042,Sell
2023-07-14,BA,0.0011541375977224405,Buy
2023-07-14,JNJ,-0.001026304156365218,Sell
2023-07-14,JPM,-0.0009688424449673938,Sell
2023-07-14,NVDA,0.0005923171204136324,Buy
2023-07-14,WMT,-0.0007307925387103342,Sell
2023-07-14,MSFT,-0.001104360453226913,Sell
2023-07-14,XOM,0.002728209420623115,Buy
2023-07-17,DIS,0.003352332336305247,Buy
2023-07-17,SPY,-9.395573310690131e-05,Sell
2023-07-17,KO,0.0003549286446843658,Buy
2023-07-17,AAPL,-0.0013484883185263669,Sell
2023-07-17,BA,0.0007528228292239814,Buy
2023-07-17,JNJ,0.000674732841518394,Buy
2023-07-17,JPM,-0.001964998277970087,Sell
2023-07-17,NVDA,-0.0017576208910265317,Sell
2023-07-17,WMT,0.00010950973772271,Buy
2023-07-17,MSFT,9.218487354811788e-05,Buy
2023-07-17,XOM,-0.0001744041602042834,Sell
2023-07-18,DIS,0.00010327095726873903,Buy
2023-07-18,SPY,-0.00015639600288651356,Sell
2023-07-18,KO,0.0008720763114888203,Buy
2023-07-18,AAPL,0.00063645708316451,Buy
2023-07-18,BA,0.0006432935679735879,Buy
2023-07-18,JNJ,0.0005209864788852103,Buy
2023-07-18,JPM,0.00035027639172256764,Buy
2023-07-18,NVDA,-0.0014944923392166548,Sell
2023-07-18,WMT,0.0006787504415115275,Buy
2023-07-18,MSFT,-0.003082344247489488,Sell
2023-07-18,XOM,0.0009254674917128641,Buy
2023-07-19,DIS,-0.0010390551933470021,Sell
2023-07-19,SPY,-8.94909435162905e-05,Sell
2023-07-19,KO,-0.001491568128350787,Sell
2023-07-19,AAPL,-0.0005296687515044529,Sell
2023-07-19,BA,0.0013870099445514872,Buy
2023-07-19,JNJ,0.000295085935545919,Buy
2023-07-19,JPM,-0.0002361952173848686,Sell
2023-07-19,NVDA,0.0009096171751541288,Buy
2023-07-19,WMT,8.305358387643291e-05,Buy
2023-07-19,MSFT,0.0012262409210340025,Buy
2023-07-19,XOM,-0.0005173923532545283,Sell
2023-07-20,DIS,0.0013785074661306629,Buy
2023-07-20,SPY,0.001116247474718196,Buy
2023-07-20,KO,-0.0005833095485905521,Sell
2023-07-20,AAPL,0.001429268129439512,Buy
2023-07-20,BA,-0.0016544426724782874,Sell
2023-07-20,JNJ,-0.0049728677350775324,Sell
2023-07-20,JPM,-0.0005968983227253033,Sell
2023-07-20,NVDA,0.003506136001806784,Buy
2023-07-20,WMT,-0.0011554528015716575,Sell
2023-07-20,MSFT,0.002606565777714745,Buy
2023-07-20,XOM,-0.001075693777983333,Sell
2023-07-21,DIS,-0.0012307619401142889,Sell
2023-07-21,SPY,-0.00020559015801327463,Sell
2023-07-21,KO,-0.0002786153021088894,Sell
2023-07-21,AAPL,0.0003558158726370553,Buy
2023-07-21,BA,0.0005664586684100414,Buy
2023-07-21,JNJ,-0.0011850018130759449,Sell
2023-07-21,JPM,0.0004946135320350459,Buy
2023-07-21,NVDA,0.002218392251212273,Buy
2023-07-21,WMT,-0.0007205303326276724,Sell
2023-07-21,MSFT,0.0006087018639491931,Buy
2023-07-21,XOM,-0.0006285128398125089,Sell
2023-07-24,DIS,0.0012467735200166474,Buy
2023-07-24,SPY,0.00024303810006352788,Buy
2023-07-24,KO,0.0006173778630572807,Buy
2023-07-24,AAPL,0.0002653513025243637,Buy
2023-07-24,BA,-0.001088231252770397,Sell
2023-07-24,JNJ,0.000174233193718773,Buy
2023-07-24,JPM,-0.0011304491291061064,Sell
2023-07-24,NVDA,2.9028702358130376e-05,Buy
2023-07-24,WMT,0.00011623638042325413,Buy
2023-07-24,MSFT,0.0002944468291125324,Buy
2023-07-24,XOM,-0.0007699136637581566,Sell
2023-07-25,DIS,0.0012332751247644963,Buy
2023-07-25,SPY,-3.0142427275767214e-05,Sell
2023-07-25,KO,0.0005223542606395959,Buy
2023-07-25,AAPL,-0.00019190267842385256,Sell
2023-07-25,BA,0.0009526467069696926,Buy
2023-07-25,JNJ,-0.00047701362165872285,Sell
2023-07-25,JPM,0.0008947630916765204,Buy
2023-07-25,NVDA,-0.0019516662833270887,Sell
2023-07-25,WMT,0.000291443146391443,Buy
2023-07-25,MSFT,-0.0013251722484958206,Sell
2023-07-25,XOM,7.992473151260948e-05,Buy
2023-07-26,DIS,0.00033838603336744377,Buy
2023-07-26,SPY,0.0005671146598307947,Buy
2023-07-26,KO,-0.0005798294081368061,Sell
2023-07-26,AAPL,0.0001704738796437233,Buy
2023-07-26,BA,-0.0072992836784598475,Sell
2023-07-26,JNJ,0.00040810621925332913,Buy
2023-07-26,JPM,3.9580604002956155e-05,Buy
2023-07-26,NVDA,0.0010298921718103898,Buy
2023-07-26,WMT,0.00025753063191412406,Buy
2023-07-26,MSFT,0.003980757942281796,Buy
2023-07-26,XOM,0.0010852960713066545,Buy
2023-07-27,DIS,0.00018637881800465106,Buy
2023-07-27,SPY,0.0002599832790019102,Buy
2023-07-27,KO,0.0005378254466456289,Buy
2023-07-27,AAPL,0.00025551631870031344,Buy
2023-07-27,BA,-0.0007174166660558617,Sell
2023-07-27,JNJ,-0.0008575314856218708,Sell
2023-07-27,JPM,0.00066143508772952,Buy
2023-07-27,NVDA,-0.0012444897010978895,Sell
2023-07-27,WMT,-1.3693643397427735e-05,Sell
2023-07-27,MSFT,0.0015596196509015114,Buy
2023-07-27,XOM,-0.000631581117767871,Sell
2023-07-28,DIS,-4.015366881937599e-06,Sell
2023-07-28,SPY,-7.335585429614488e-05,Sell
2023-07-28,KO,0.0007510294905846149,Buy
2023-07-28,AAPL,-0.000408336466060949,Sell
2023-07-28,BA,-0.0010954114610932375,Sell
2023-07-28,JNJ,0.0003989532859723366,Buy
2023-07-28,JPM,0.0002947881462980334,Buy
2023-07-28,NVDA,-0.000859779480631484,Sell
2023-07-28,WMT,0.0003841680751719978,Buy
2023-07-28,MSFT,-0.0012753873840031377,Sell
2023-07-28,XOM,0.0018856310496704332,Buy
2023-07-31,DIS,-0.002765072773207977,Sell
2023-07-31,SPY,-2.9360864577762658e-05,Sell
2023-07-31,KO,0.0009424762843153606,Buy
2023-07-31,AAPL,-0.00014387302459048512,Sell
2023-07-31,BA,8.263364106693427e-05,Buy
2023-07-31,JNJ,0.0037589119005342203,Buy
2023-07-31,JPM,-0.0004639183182044704,Sell
2023-07-31,NVDA,0.00018426391954785848,Buy
2023-07-31,WMT,0.0001718679972258219,Buy
2023-07-31,MSFT,0.0008006646585111271,Buy
2023-07-31,XOM,-0.002540448202693113,Sell
2023-08-01,DIS,-0.000329713604696788,Sell
2023-08-01,SPY,7.444000357351155e-05,Buy
2023-08-01,KO,4.910143416921031e-05,Buy
2023-08-01,AAPL,0.00020326053118906173,Buy
2023-08-01,BA,0.0001341338057055247,Buy
2023-08-01,JNJ,-0.0009257611701147805,Sell
2023-08-01,JPM,0.0002636054969734486,Buy
2023-08-01,NVDA,0.0002465237704169232,Buy
2023-08-01,WMT,0.00024113711952046535,Buy
2023-08-01,MSFT,-0.0003001160871039521,Sell
2023-08-01,XOM,0.00034041174124291307,Buy
2023-08-02,DIS,0.0013520575119630868,Buy
2023-08-02,SPY,-0.00019575275988890917,Sell
2023-08-02,KO,-0.0017651508471473176,Sell
2023-08-02,AAPL,-4.985036886301364e-05,Sell
2023-08-02,BA,0.00109263491592701,Buy
2023-08-02,JNJ,-0.0020389618739812543,Sell
2023-08-02,JPM,-0.0004346959068280143,Sell
2023-08-02,NVDA,0.0029649931306895416,Buy
2023-08-02,WMT,-0.0015448700584699826,Sell
2023-08-02,MSFT,0.0009472821163079154,Buy
2023-08-02,XOM,-0.00032847556963838676,Sell
2023-08-03,DIS,0.0009037784103794466,Buy
2023-08-03,SPY,0.0003113754803830554,Buy
2023-08-03,KO,0.0005202343984029856,Buy
2023-08-03,AAPL,0.0007162196024484563,Buy
2023-08-03,BA,5.884906296528547e-05,Buy
2023-08-03,JNJ,-0.0003393543290910461,Sell
2023-08-03,JPM,-0.000504454289763076,Sell
2023-08-03,NVDA,-0.0004538867063391544,Sell
2023-08-03,WMT,2.8170525226661747e-05,Buy
2023-08-03,MSFT,0.0002840547875864047,Buy
2023-08-03,XOM,-0.0015281638404404801,Sell
2023-08-04,DIS,-0.001411066589794202,Sell
2023-08-04,SPY,-0.00013093188938057,Sell
2023-08-04,KO,0.000835254486147477,Buy
2023-08-04,AAPL,0.003847066519848119,Buy
2023-08-04,BA,-0.0005445592361343204,Sell
2023-08-04,JNJ,0.00031295971084067953,Buy
2023-08-04,JPM,-0.0003515411897482973,Sell
2023-08-04,NVDA,-0.0008835481680126434,Sell
2023-08-04,WMT,-1.6241326111318677e-05,Sell
2023-08-04,MSFT,-0.0008581252657532401,Sell
2023-08-04,XOM,-0.0008006876461647827,Sell
2023-08-07,DIS,0.00025894726579483995,Buy
2023-08-07,SPY,2.5864211474824206e-05,Buy
2023-08-07,KO,9.993182962104996e-05,Buy
2023-08-07,AAPL,0.0023667613746606586,Buy
2023-08-07,BA,-0.0018708557713680712,Sell
2023-08-07,JNJ,-0.0013516871688946802,Sell
2023-08-07,JPM,0.00038494947412977265,Buy
2023-08-07,NVDA,-0.0006738904348013441,Sell
2023-08-07,WMT,-0.00041110155752492605,Sell
2023-08-07,MSFT,0.0001718177658407566,Buy
2023-08-07,XOM,0.0009967873349666784,Buy
2023-08-08,DIS,-0.001507858027470374,Sell
2023-08-08,SPY,0.0002513351687435106,Buy
2023-08-08,KO,0.0002571434940734779,Buy
2023-08-08,AAPL,-0.0006282786826638381,Sell
2023-08-08,BA,-6.436381569562e-05,Sell
2023-08-08,JNJ,-0.00018669974001635226,Sell
2023-08-08,JPM,0.00036653124380654767,Buy
2023-08-08,NVDA,0.0013650044074859924,Buy
2023-08-08,WMT,-0.00023540265598270826,Sell
2023-08-08,MSFT,0.0009752334204187474,Buy
2023-08-08,XOM,-0.0005948013866034912,Sell
2023-08-09,DIS,3.41941932474471e-05,Buy
2023-08-09,SPY,-1.8594957420653424e-05,Sell
2023-08-09,KO,-0.0008409299070984005,Sell
2023-08-09,AAPL,0.00018911177016521508,Buy
2023-08-09,BA,-0.0005613489975768715,Sell
2023-08-09,JNJ,-0.0005724209118602441,Sell
2023-08-09,JPM,0.0005967647589625591,Buy
2023-08-09,NVDA,0.003693940844209223,Buy
2023-08-09,WMT,-0.0007787133818393105,Sell
2023-08-09,MSFT,0.0004419119705902086,Buy
2023-08-09,XOM,-0.002185534698975894,Sell
2023-08-10,DIS,-0.004061481611824375,Sell
2023-08-10,SPY,0.0003254141764907764,Buy
2023-08-10,KO,0.0005655385319042472,Buy
2023-08-10,AAPL,0.0004697370697390041,Buy
2023-08-10,BA,0.00020564948259915727,Buy
2023-08-10,JNJ,0.0008287924072938602,Buy
2023-08-10,JPM,0.0004933594493534005,Buy
2023-08-10,NVDA,0.0007111385664406583,Buy
2023-08-10,WMT,0.000403097200382313,Buy
2023-08-10,MSFT,0.00016120669702811286,Buy
2023-08-10,XOM,-0.00010492057828122292,Sell
2023-08-11,DIS,0.0023777773658161944,Buy
2023-08-11,SPY,-0.0002939827494768954,Sell
2023-08-11,KO,-0.0007216846465338267,Sell
2023-08-11,AAPL,-0.00037799111363856497,Sell
2023-08-11,BA,0.0006256604053056364,Buy
2023-08-11,JNJ,-0.0012376300744093155,Sell
2023-08-11,JPM,-0.0008761112199928978,Sell
2023-08-11,NVDA,0.002953198576460328,Buy
2023-08-11,WMT,-0.0008824496540768695,Sell
2023-08-11,MSFT,0.00019538368248420146,Buy
2023-08-11,XOM,-0.0017642611093599825,Sell
2023-08-14,DIS,0.0009133714490001527,Buy
2023-08-14,SPY,0.00020261090186898811,Buy
2023-08-14,KO,0.0011282323584707599,Buy
2023-08-14,AAPL,-0.0001467912112034092,Sell
2023-08-14,BA,0.00032168968858625746,Buy
2023-08-14,JNJ,0.0009133010884077447,Buy
2023-08-14,JPM,0.000513672266371501,Buy
2023-08-14,NVDA,-0.00569827516722414,Sell
2023-08-14,WMT,0.001372089481169167,Buy
2023-08-14,MSFT,-0.00015090722704201587,Sell
2023-08-14,XOM,0.0006279535471457459,Buy
2023-08-15,DIS,0.0007279271106190727,Buy
2023-08-15,SPY,-1.317415861079585e-05,Sell
2023-08-15,KO,-0.00046526972998163496,Sell
2023-08-15,AAPL,-5.44366966949289e-05,Sell
2023-08-15,BA,0.0006446337187281381,Buy
2023-08-15,JNJ,-0.0008196019060648096,Sell
2023-08-15,JPM,0.0012570924086081903,Buy
2023-08-15,NVDA,-0.001477993550155876,Sell
2023-08-15,WMT,-0.0006133312423157317,Sell
2023-08-15,MSFT,-0.00046588470099628854,Sell
2023-08-15,XOM,0.0012770057580451244,Buy
2023-08-16,DIS,0.0001907870296701114,Buy
2023-08-16,SPY,0.00011604624263283903,Buy
2023-08-16,KO,-0.000570237278017971,Sell
2023-08-16,AAPL,-0.00010155400361941402,Sell
2023-08-16,BA,0.00035454876672337543,Buy
2023-08-16,JNJ,-0.0002642492493230286,Sell
2023-08-16,JPM,-0.00016703041849545908,Sell
2023-08-16,NVDA,0.0003899115906279421,Buy
2023-08-16,WMT,-0.0006011057448462032,Sell
2023-08-16,MSFT,-0.00033301927971592094,Sell
2023-08-16,XOM,0.0009839363241052335,Buy
2023-08-17,DIS,-0.00010020316842218602,Sell
2023-08-17,SPY,0.0001412738513787426,Buy
2023-08-17,KO,-0.0007522775903001794,Sell
2023-08-17,AAPL,0.0007755922544799426,Buy
2023-08-17,BA,0.0015962000377187507,Buy
2023-08-17,JNJ,-0.0014151893744782928,Sell
2023-08-17,JPM,0.0003943335328595171,Buy
2023-08-17,NVDA,-0.00025702005873899647,Sell
2023-08-17,WMT,0.0014946235054751067,Buy
2023-08-17,MSFT,0.0004491619541398123,Buy
2023-08-17,XOM,-0.0023275192737465533,Sell
2023-08-18,DIS,0.00028319792946021605,Buy
2023-08-18,SPY,0.0002817646162356635,Buy
2023-08-18,KO,-0.00018278321127322694,Sell
2023-08-18,AAPL,7.028604317389775e-05,Buy
2023-08-18,BA,-0.0005258392241864196,Sell
2023-08-18,JNJ,0.0011166221630497797,Buy
2023-08-18,JPM,0.00011817268372277256,Buy
2023-08-18,NVDA,0.0004194365333799466,Buy
2023-08-18,WMT,-0.0009779166684261709,Sell
2023-08-18,MSFT,0.00043972432249095306,Buy
2023-08-18,XOM,-0.001045082353855295,Sell
2023-08-21,DIS,0.0006420939894962868,Buy
2023-08-21,SPY,-2.984185812872353e-05,Sell
2023-08-21,KO,0.0013288475750374978,Buy
2023-08-21,AAPL,-0.0001410314126787937,Sell
2023-08-21,BA,0.00033077727410267543,Buy
2023-08-21,JNJ,0.0032503664344506744,Buy
2023-08-21,JPM,0.00024870022278812576,Buy
2023-08-21,NVDA,-0.007095940592582256,Sell
2023-08-21,WMT,0.0007982854619500573,Buy
2023-08-21,MSFT,-0.0009836331505767987,Sell
2023-08-21,XOM,0.0016500192293909394,Buy
2023-08-22,DIS,-0.00034277718314140726,Sell
2023-08-22,SPY,-0.00019107814460779526,Sell
2023-08-22,KO,0.00012078679975817408,Buy
2023-08-22,AAPL,-0.0011605847701781635,Sell
2023-08-22,BA,-0.0015842736280627517,Sell
2023-08-22,JNJ,0.00028746049880506996,Buy
2023-08-22,JPM,0.0014559053413742001,Buy
2023-08-22,NVDA,0.002087963341260518,Buy
2023-08-22,WMT,-0.00014852989159631902,Sell
2023-08-22,MSFT,-0.0006030954876656003,Sell
2023-08-22,XOM,7.407834307981975e-05,Buy
2023-08-23,DIS,0.0005513377262470337,Buy
2023-08-23,SPY,-0.00041245228255296085,Sell
2023-08-23,KO,0.00027767606720349725,Buy
2023-08-23,AAPL,-0.001388875672758083,Sell
2023-08-23,BA,0.0011783663384865722,Buy
2023-08-23,JNJ,0.0014040173477415513,Buy
2023-08-23,JPM,-1.736341344886483e-05,Sell
2023-08-23,NVDA,-0.002270204401555953,Sell
2023-08-23,WMT,-3.3536665623279394e-05,Sell
2023-08-23,MSFT,-0.0006781299502373883,Sell
2023-08-23,XOM,0.0013871639213900583,Buy
2023-08-24,DIS,0.002234119953889807,Buy
2023-08-24,SPY,-9.966183481803503e-05,Sell
2023-08-24,KO,-0.001133700942919924,Sell
2023-08-24,AAPL,0.0010365315172854578,Buy
2023-08-24,BA,0.0031715062547042483,Buy
2023-08-24,JNJ,-0.0016927912267605538,Sell
2023-08-24,JPM,-0.001291005559904898,Sell
2023-08-24,NVDA,-0.0014707436570314536,Sell
2023-08-24,WMT,-0.0006723724471718318,Sell
2023-08-24,MSFT,0.0006053470606212225,Buy
2023-08-24,XOM,-0.0006896652929125058,Sell
2023-08-25,DIS,-0.0002747138860399734,Sell
2023-08-25,SPY,6.286376239285352e-05,Buy
2023-08-25,KO,0.00027862041861058395,Buy
2023-08-25,AAPL,-0.00044172950361569263,Sell
2023-08-25,BA,-0.0018334248830131072,Sell
2023-08-25,JNJ,-0.0005945952869329807,Sell
2023-08-25,JPM,0.0008091179384098757,Buy
2023-08-25,NVDA,0.002888900217238949,Buy
2023-08-25,WMT,0.00016407977508411942,Buy
2023-08-25,MSFT,-0.0001497962483105464,Sell
2023-08-25,XOM,-0.0009128195732379663,Sell
2023-08-28,DIS,-0.0002946713654579103,Sell
2023-08-28,KO,0.0003179863933988891,Buy
2023-08-28,AAPL,-0.0002268344243906567,Sell
2023-08-28,BA,-0.0009036070882039587,Sell
2023-08-28,JNJ,0.0016372997149689955,Buy
2023-08-28,JPM,0.0002589618915765368,Buy
2023-08-28,NVDA,-0.0010315491847803643,Sell
2023-08-28,WMT,5.713428441121715e-05,Buy
2023-08-28,MSFT,0.00037091246867558547,Buy
2023-08-28,XOM,-0.0001871391186469007,Sell
2023-08-29,DIS,0.000705931556204839,Buy
2023-08-29,SPY,-0.0003377231497030536,Sell
2023-08-29,KO,0.0010515509316370297,Buy
2023-08-29,AAPL,-0.0009993257837747072,Sell
2023-08-29,BA,0.000887170559552633,Buy
2023-08-29,JNJ,0.000951496303152638,Buy
2023-08-29,JPM,0.0002309512755364479,Buy
2023-08-29,NVDA,-0.002780616864966279,Sell
2023-08-29,WMT,0.00020871886348966529,Buy
2023-08-29,MSFT,-0.0003463243591058096,Sell
2023-08-29,XOM,0.0004268629905108401,Buy
2023-08-30,DIS,0.0005298369429674876,Buy
2023-08-30,SPY,2.8352652397367617e-05,Buy
2023-08-30,KO,0.0004460009050367836,Buy
2023-08-30,AAPL,-0.0013341084212467186,Sell
2023-08-30,BA,-0.00023610825699588167,Sell
2023-08-30,JNJ,0.0007206005123444603,Buy
2023-08-30,JPM,0.0007662003708741594,Buy
2023-08-30,NVDA,-0.0004894027766297743,Sell
2023-08-30,WMT,-0.0002491961164015344,Sell
2023-08-30,MSFT,0.0002964000054670318,Buy
2023-08-30,XOM,-0.0004807976387970758,Sell
2023-08-31,DIS,0.00020449820688106524,Buy
2023-08-31,SPY,-0.0003121815689678814,Sell
2023-08-31,KO,0.0005210263769638984,Buy
2023-08-31,AAPL,-0.0005529648361025236,Sell
2023-08-31,BA,0.0014782429547707115,Buy
2023-08-31,JNJ,0.00069797372681632,Buy
2023-08-31,JPM,0.0006824984862470324,Buy
2023-08-31,NVDA,-0.0006146141940211597,Sell
2023-08-31,WMT,-0.0012449295064077825,Sell
2023-08-31,MSFT,-0.00015967366684981055,Sell
2023-08-31,XOM,-0.0007012770685669439,Sell
2023-09-01,DIS,0.0019778716953719605,Buy
2023-09-01,SPY,-0.0004143385470870842,Sell
2023-09-01,KO,0.0005479299858639763,Buy
2023-09-01,AAPL,-0.0010157806719307966,Sell
2023-09-01,BA,1.2025365292711587e-05,Buy
2023-09-01,JNJ,0.00043222567128940736,Buy
2023-09-01,JPM,-0.0005495507000626565,Sell
2023-09-01,NVDA,0.0013181700123379297,Buy
2023-09-01,WMT,0.00033868467816441927,Buy
2023-09-01,MSFT,-0.0004946096271758044,Sell
2023-09-01,XOM,-0.002154425149338751,Sell
2023-09-05,DIS,0.00031470387732780714,Buy
2023-09-05,SPY,0.00020628551089425795,Buy
2023-09-05,KO,0.0005651762612696454,Buy
2023-09-05,AAPL,-0.0003028247466869971,Sell
2023-09-05,BA,0.00015101144971904623,Buy
2023-09-05,JNJ,-0.00030095857055370545,Sell
2023-09-05,JPM,0.0008177543850359237,Buy
2023-09-05,NVDA,-0.0002606871248772846,Sell
2023-09-05,WMT,0.0005455152047719597,Buy
2023-09-05,MSFT,-0.001542825685485666,Sell
2023-09-05,XOM,-0.0001954692352067744,Sell
2023-09-06,DIS,-0.0006073496342067358,Sell
2023-09-06,SPY,-0.0002278450371833718,Sell
2023-09-06,KO,-0.0007822615427725416,Sell
2023-09-06,AAPL,0.0024395083376495402,Buy
2023-09-06,BA,0.0010599270841936959,Buy
2023-09-06,JNJ,0.0006800206671013082,Buy
2023-09-06,JPM,-0.0006930294767539258,Sell
2023-09-06,NVDA,0.0019583912282481186,Buy
2023-09-06,WMT,-0.0015316408114819657,Sell
2023-09-06,MSFT,-0.0006603534680603984,Sell
2023-09-06,XOM,-0.0016366802358009913,Sell
2023-09-07,DIS,-0.00010574935553775422,Sell
2023-09-07,SPY,-0.0002880589498612529,Sell
2023-09-07,KO,0.00013141863046042812,Buy
2023-09-07,AAPL,0.0021067767794646086,Buy
2023-09-07,BA,0.00022855729577975215,Buy
2023-09-07,JNJ,-0.0017383846663855673,Sell
2023-09-07,JPM,0.00021358947470090373,Buy
2023-09-07,NVDA,0.0010250256862550516,Buy
2023-09-07,WMT,-0.0017019837596413678,Sell
2023-09-07,MSFT,0.00024727053381795594,Buy
2023-09-07,XOM,-0.00012155012828773959,Sell
2023-09-08,DIS,-0.0010174625327516312,Sell
2023-09-08,SPY,-1.6097924170371813e-05,Sell
2023-09-08,KO,0.00012062489543754329,Buy
2023-09-08,AAPL,-0.0001963865109347318,Sell
2023-09-08,BA,0.0021292745163104393,Buy
2023-09-08,JNJ,-0.00018005876321158798,Sell
2023-09-08,JPM,5.1154156057012234e-05,Buy
2023-09-08,NVDA,0.0014341213236172545,Buy
2023-09-08,WMT,-4.598762156377001e-05,Sell
2023-09-08,MSFT,-0.0010791977657954865,Sell
2023-09-08,XOM,-0.0012019582409590335,Sell
2023-09-11,DIS,-0.0006841860058055121,Sell
2023-09-11,SPY,-0.00023635835699045704,Sell
2023-09-11,KO,-0.0004946438712130491,Sell
2023-09-11,AAPL,-0.00024051368955896324,Sell
2023-09-11,BA,0.0004706008049300131,Buy
2023-09-11,JNJ,-0.0008251557048436359,Sell
2023-09-11,JPM,-3.7488083731634925e-05,Sell
2023-09-11,NVDA,0.0011420314028160322,Buy
2023-09-11,WMT,4.401196031783572e-05,Buy
2023-09-11,MSFT,-0.0006350097641586033,Sell
2023-09-11,XOM,0.0014948506075379286,Buy
2023-09-12,DIS,-0.0012461370188663473,Sell
2023-09-12,SPY,0.0005298856648591893,Buy
2023-09-12,KO,0.0009265511672033877,Buy
2023-09-12,AAPL,0.0015818006802570256,Buy
2023-09-12,BA,0.000186408472141672,Buy
2023-09-12,JNJ,-0.00048264249946565474,Sell
2023-09-12,JPM,-0.0011512950637865976,Sell
2023-09-12,NVDA,0.0006509257750911546,Buy
2023-09-12,WMT,-6.81738615282701e-05,Sell
2023-09-12,MSFT,0.001690597486450493,Buy
2023-09-12,XOM,-0.002619496471127983,Sell
2023-09-13,DIS,0.00021347093901084857,Buy
2023-09-13,SPY,-0.00010981134052474861,Sell
2023-09-13,KO,-0.00022211767680366257,Sell
2023-09-13,AAPL,0.0010739381686362126,Buy
2023-09-13,BA,0.0009672557776915502,Buy
2023-09-13,JNJ,-0.0002316816429132479,Sell
2023-09-13,JPM,-4.7292946151772375e-05,Sell
2023-09-13,NVDA,-0.0012499153235930177,Sell
2023-09-13,WMT,-2.590621353300293e-05,Sell
2023-09-13,MSFT,-0.001179393376025753,Sell
2023-09-13,XOM,0.0008086700391537749,Buy
2023-09-14,DIS,-0.00033695568389283115,Sell
2023-09-14,SPY,-3.4302283831055824e-05,Sell
2023-09-14,KO,-3.3268627010890617e-06,Sell
2023-09-14,AAPL,-4.874862109061073e-05,Sell
2023-09-14,BA,0.0004619000537762763,Buy
2023-09-14,JNJ,0.0008805874011435372,Buy
2023-09-14,JPM,-0.001005883253228465,Sell
2023-09-14,NVDA,0.0005528561105166974,Buy
2023-09-14,WMT,0.00036505787277678337,Buy
2023-09-14,MSFT,3.4803255188856075e-05,Buy
2023-09-14,XOM,-0.0008675078257913693,Sell
2023-09-15,DIS,-0.002152254962272143,Sell
2023-09-15,SPY,0.0001507190748748083,Buy
2023-09-15,KO,-0.00013895095391151802,Sell
2023-09-15,AAPL,-0.0005744928717077019,Sell
2023-09-15,BA,-0.0005430178363826366,Sell
2023-09-15,JNJ,0.00032870543689575427,Buy
2023-09-15,JPM,-0.0006852538005862052,Sell
2023-09-15,NVDA,0.002431839713574538,Buy
2023-09-15,WMT,-0.0006169770938884989,Sell
2023-09-15,MSFT,0.0013439436729686949,Buy
2023-09-15,XOM,0.00045457956476457895,Buy
2023-09-18,DIS,0.0006753670930824407,Buy
2023-09-18,SPY,2.774630096381847e-05,Buy
2023-09-18,KO,-0.00048332218141790284,Sell
2023-09-18,AAPL,-0.0014551830614461386,Sell
2023-09-18,BA,0.001385988016550918,Buy
2023-09-18,JNJ,-0.000492802979627005,Sell
2023-09-18,JPM,-0.00010817972572270407,Sell
2023-09-18,NVDA,-5.553532786649329e-05,Sell
2023-09-18,WMT,0.000754063562787885,Buy
2023-09-18,MSFT,0.00040008732911113454,Buy
2023-09-18,XOM,-0.0006505821111159327,Sell
2023-09-19,DIS,0.0028569042903914404,Buy
2023-09-19,SPY,-0.00026336371035980133,Sell
2023-09-19,KO,-0.00026478654376824173,Sell
2023-09-19,AAPL,-0.001017536351844081,Sell
2023-09-19,BA,-0.0001677782554987961,Sell
2023-09-19,JNJ,-0.0003010098400655359,Sell
2023-09-19,JPM,-0.00033644049467203285,Sell
2023-09-19,NVDA,0.00047395646386012846,Buy
2023-09-19,WMT,-0.0004304725113979807,Sell
2023-09-19,MSFT,-0.0003390014691348059,Sell
2023-09-19,XOM,-0.00021210187254731838,Sell
2023-09-20,DIS,-0.0014048263610803718,Sell
2023-09-20,SPY,0.00013071072985883225,Buy
2023-09-20,KO,-0.0011210457484929215,Sell
2023-09-20,AAPL,0.001120094517972417,Buy
2023-09-20,BA,0.00023382679847408494,Buy
2023-09-20,JNJ,-0.0011126432758272464,Sell
2023-09-20,JPM,-0.0003240281070683998,Sell
2023-09-20,NVDA,0.001985229157317553,Buy
2023-09-20,WMT,-0.001008802947946863,Sell
2023-09-20,MSFT,0.001485173540117471,Buy
2023-09-20,XOM,1.4632819315893442e-05,Buy
2023-09-21,DIS,-0.0012365395836770043,Sell
2023-09-21,SPY,0.0004727025170117305,Buy
2023-09-21,KO,0.0003689854546155419,Buy
2023-09-21,AAPL,-0.00022973908536930154,Sell
2023-09-21,BA,5.246006215837984e-05,Buy
2023-09-21,JNJ,-0.00034160811895150855,Sell
2023-09-21,JPM,-0.0003279076593382807,Sell
2023-09-21,NVDA,0.0016131676717216076,Buy
2023-09-21,WMT,6.92356683303641e-05,Buy
2023-09-21,MSFT,-0.0006916979072469631,Sell
2023-09-21,XOM,0.0002484270996792187,Buy
2023-09-22,DIS,0.0013712724747137195,Buy
2023-09-22,SPY,-5.4691115226185305e-05,Sell
2023-09-22,KO,-0.0003547498833774698,Sell
2023-09-22,AAPL,-0.0007104575865381213,Sell
2023-09-22,BA,0.0007616514308952382,Buy
2023-09-22,JNJ,0.0003945045804704256,Buy
2023-09-22,JPM,0.0006139800852367483,Buy
2023-09-22,NVDA,-0.0015777365464242493,Sell
2023-09-22,WMT,-0.0005018083611351143,Sell
2023-09-22,MSFT,0.00045930749545509963,Buy
2023-09-22,XOM,-0.00040268972847208595,Sell
2023-09-25,DIS,0.0005895042515480925,Buy
2023-09-25,SPY,-5.900707557920937e-05,Sell
2023-09-25,KO,0.0012655362564700928,Buy
2023-09-25,AAPL,-0.00034665313691313593,Sell
2023-09-25,BA,-0.0001683315778621408,Sell
2023-09-25,JNJ,0.0004573805674549236,Buy
2023-09-25,JPM,-0.00012565618188550842,Sell
2023-09-25,NVDA,-0.001010447718369445,Sell
2023-09-25,WMT,-7.982161003852739e-05,Sell
2023-09-25,MSFT,0.00017047161233603447,Buy
2023-09-25,XOM,-0.0006947697229536393,Sell
2023-09-26,DIS,9.96166067174925e-05,Buy
2023-09-26,SPY,0.00036068035847235114,Buy
2023-09-26,KO,-0.00023166006815646123,Sell
2023-09-26,AAPL,0.0011608650037204932,Buy
2023-09-26,BA,0.00046224584531488755,Buy
2023-09-26,JNJ,-0.0002783764039999692,Sell
2023-09-26,JPM,-3.560421323074714e-05,Sell
2023-09-26,NVDA,-0.000312517166362436,Sell
2023-09-26,WMT,-0.0006681800393983639,Sell
2023-09-26,MSFT,0.0005733986281773046,Buy
2023-09-26,XOM,-0.001131723962434314,Sell
2023-09-27,DIS,0.0002973396298251163,Buy
2023-09-27,SPY,9.099057470028649e-05,Buy
2023-09-27,KO,0.0010586617903774326,Buy
2023-09-27,AAPL,0.0009349549438952554,Buy
2023-09-27,BA,0.0002107462196310611,Buy
2023-09-27,JNJ,0.0012176360631231953,Buy
2023-09-27,JPM,-0.0004051932853363638,Sell
2023-09-27,NVDA,-0.0010792463590393875,Sell
2023-09-27,WMT,0.0005629797281181126,Buy
2023-09-27,MSFT,-6.182087276905557e-05,Sell
2023-09-27,XOM,-0.002828375290091889,Sell
2023-09-28,DIS,-0.00018523614632433294,Sell
2023-09-28,SPY,-0.00045037705235904946,Sell
2023-09-28,KO,0.00030350081514413096,Buy
2023-09-28,AAPL,-6.232940669734233e-05,Sell
2023-09-28,BA,0.0024137410700526274,Buy
2023-09-28,JNJ,0.0002091806184296996,Buy
2023-09-28,JPM,-0.0010515489119244797,Sell
2023-09-28,NVDA,-0.0012520062994470366,Sell
2023-09-28,WMT,-0.0003843591740959468,Sell
2023-09-28,MSFT,-0.0001706184046680742,Sell
2023-09-28,XOM,0.0006278677394738058,Buy
2023-09-29,DIS,-0.0011991706278186298,Sell
2023-09-29,SPY,6.736707092977468e-05,Buy
2023-09-29,KO,-0.0004310216587291027,Sell
2023-09-29,AAPL,-0.00043107745105673556,Sell
2023-09-29,BA,-0.0007513819428754814,Sell
2023-09-29,JNJ,0.000502276601510282,Buy
2023-09-29,JPM,0.001432034420556727,Buy
2023-09-29,NVDA,-0.0010201270723891737,Sell
2023-09-29,WMT,0.001308620915835751,Buy
2023-09-29,MSFT,-0.000766251624819761,Sell
2023-09-29,XOM,0.0012869506731198743,Buy
2023-10-02,DIS,-0.0005814151131671441,Sell
2023-10-02,SPY,0.0001492492767950354,Buy
2023-10-02,KO,0.0009241149203685767,Buy
2023-10-02,AAPL,-0.0012338633971089863,Sell
2023-10-02,BA,0.0019368213048823746,Buy
2023-10-02,JNJ,0.0004629229480155178,Buy
2023-10-02,JPM,0.0008957572491553878,Buy
2023-10-02,NVDA,-0.0025648747943509825,Sell
2023-10-02,WMT,1.6631198676689274e-05,Buy
2023-10-02,MSFT,-0.0016265844168702887,Sell
2023-10-02,XOM,0.0016189446148248826,Buy
2023-10-03,DIS,0.0014159118415319888,Buy
2023-10-03,SPY,0.0002494128591329636,Buy
2023-10-03,KO,1.3121216035805183e-05,Buy
2023-10-03,AAPL,-0.000266666021608325,Sell
2023-10-03,BA,-0.0015138782321332672,Sell
2023-10-03,JNJ,-0.001093161169985285,Sell
2023-10-03,JPM,-0.0003031471607381764,Sell
2023-10-03,NVDA,0.001615068992848634,Buy
2023-10-03,WMT,-0.00040095029148931594,Sell
2023-10-03,MSFT,0.0014208318868011438,Buy
2023-10-03,XOM,-0.001139579106239505,Sell
2023-10-04,DIS,0.0003601200104354496,Buy
2023-10-04,SPY,-0.0005522133065272022,Sell
2023-10-04,KO,-0.00015573309274131975,Sell
2023-10-04,AAPL,-0.0005546469163376366,Sell
2023-10-04,BA,0.0011615629677379224,Buy
2023-10-04,JNJ,3.780387984875233e-06,Buy
2023-10-04,JPM,-0.000298216155199274,Sell
2023-10-04,NVDA,-0.0009843694553478555,Sell
2023-10-04,WMT,-0.0009811353641448611,Sell
2023-10-04,MSFT,-0.0015048262175511445,Sell
2023-10-04,XOM,0.003503322036347775,Buy
2023-10-05,DIS,-0.0019522252383986777,Sell
2023-10-05,SPY,-0.0002056823880038361,Sell
2023-10-05,KO,0.004165083451381793,Buy
2023-10-05,AAPL,-0.0008961011997400681,Sell
2023-10-05,BA,-2.5239224928724768e-05,Sell
2023-10-05,JNJ,-0.001189475540084542,Sell
2023-10-05,JPM,-0.0006243183352348386,Sell
2023-10-05,NVDA,-0.0015790709742673908,Sell
2023-10-05,WMT,0.000846973002608678,Buy
2023-10-05,MSFT,-0.00035432260958780104,Sell
2023-10-05,XOM,0.0018118574347004146,Buy
2023-10-06,DIS,-0.0014959176460317414,Sell
2023-10-06,SPY,-0.00019177854367392888,Sell
2023-10-06,KO,-0.0004291625080849737,Sell
2023-10-06,AAPL,-0.00045085890187118727,Sell
2023-10-06,BA,0.00035036418296499616,Buy
2023-10-06,JNJ,0.0005906675795607635,Buy
2023-10-06,JPM,-0.0005089393519504687,Sell
2023-10-06,NVDA,-0.0012866083166059028,Sell
2023-10-06,WMT,0.002388251987354026,Buy
2023-10-06,MSFT,-0.0013499751992453318,Sell
2023-10-06,XOM,0.002380577057281938,Buy
2023-10-09,DIS,-0.001350455445329718,Sell
2023-10-09,SPY,-1.1769522213003758e-05,Sell
2023-10-09,KO,0.0010086626613842464,Buy
2023-10-09,AAPL,-0.00019687452357870783,Sell
2023-10-09,BA,3.1454322768728615e-05,Buy
2023-10-09,JNJ,5.083615733778024e-05,Buy
2023-10-09,JPM,0.0007720924829642956,Buy
2023-10-09,NVDA,0.0015319932098249306,Buy
2023-10-09,WMT,0.0008958607928418183,Buy
2023-10-09,MSFT,-0.0001400791470024254,Sell
2023-10-09,XOM,-0.002594558964641211,Sell
2023-10-10,DIS,0.0002901143988753019,Buy
2023-10-10,SPY,0.00012928146889928938,Buy
2023-10-10,KO,-0.001364685392442208,Sell
2023-10-10,AAPL,0.0009020616815047788,Buy
2023-10-10,BA,-0.0018154548089502481,Sell
2023-10-10,JNJ,0.0007018553679486728,Buy
2023-10-10,JPM,5.037373275681989e-05,Buy
2023-10-10,NVDA,-0.00044794303300511873,Sell
2023-10-10,WMT,-0.00042060195533923095,Sell
2023-10-10,MSFT,0.0009908801217535096,Buy
2023-10-10,XOM,0.000981986407255303,Buy
2023-10-11,DIS,0.00022910312251490927,Buy
2023-10-11,SPY,-0.000292576734634592,Sell
2023-10-11,KO,0.000617436040581773,Buy
2023-10-11,AAPL,-0.0006384543925681274,Sell
2023-10-11,BA,-0.001112621606129266,Sell
2023-10-11,JNJ,0.001329847860814068,Buy
2023-10-11,JPM,-0.00023234900681726178,Sell
2023-10-11,NVDA,-0.001919635444136758,Sell
2023-10-11,WMT,-0.0002836113500785109,Sell
2023-10-11,MSFT,-0.0010351904806722018,Sell
2023-10-11,XOM,0.003336029950974262,Buy
2023-10-12,DIS,0.00015729353372460897,Buy
2023-10-12,SPY,0.0001758840671069739,Buy
2023-10-12,KO,0.00114905170570348,Buy
2023-10-12,AAPL,-0.0008426858832221301,Sell
2023-10-12,BA,0.0018402501778909952,Buy
2023-10-12,JNJ,-0.0004683277720772122,Sell
2023-10-12,JPM,-0.00016826570368337623,Sell
2023-10-12,NVDA,-0.000651767429642125,Sell
2023-10-12,WMT,-0.0007960515030266541,Sell
2023-10-12,MSFT,-3.462721705059513e-05,Sell
2023-10-12,XOM,-0.0003635222325820836,Sell
2023-10-13,DIS,-0.000276314954028023,Sell
2023-10-13,SPY,0.00017786628614768762,Buy
2023-10-13,KO,-0.0004144508923964868,Sell
2023-10-13,AAPL,0.0006622425316769737,Buy
2023-10-13,BA,0.0027695537261336195,Buy
2023-10-13,JNJ,-0.0005796326383168959,Sell
2023-10-13,JPM,-0.0016458862411710684,Sell
2023-10-13,NVDA,0.00260619711973957,Buy
2023-10-13,WMT,-0.0007811619821787574,Sell
2023-10-13,MSFT,0.0006681341259558438,Buy
2023-10-13,XOM,-0.0031882140647516433,Sell
2023-10-16,DIS,-0.0008169137197961557,Sell
2023-10-16,SPY,-0.00031123794932665094,Sell
2023-10-16,KO,-0.00028311105607829734,Sell
2023-10-16,AAPL,0.0007041631888986682,Buy
2023-10-16,BA,0.0006287814138125764,Buy
2023-10-16,JNJ,0.00024719374435670793,Buy
2023-10-16,JPM,0.0007300216161840456,Buy
2023-10-16,NVDA,-0.0006203968604151233,Sell
2023-10-16,WMT,-0.00014086854661442272,Sell
2023-10-16,MSFT,-0.0007138694901683423,Sell
2023-10-16,XOM,0.0005728194248048879,Buy
2023-10-17,DIS,-0.0007946087972354465,Sell
2023-10-17,SPY,-0.00026913266993079665,Sell
2023-10-17,KO,-0.0013655273350097474,Sell
2023-10-17,AAPL,0.0005276831028737383,Buy
2023-10-17,BA,-0.0006036798435249541,Sell
2023-10-17,JNJ,0.0005601918899358349,Buy
2023-10-17,JPM,-7.59564143365532e-05,Sell
2023-10-17,NVDA,0.003993536687251886,Buy
2023-10-17,WMT,-0.00039209629610707786,Sell
2023-10-17,MSFT,-0.00011432601548330701,Sell
2023-10-17,XOM,-0.001467530989123375,Sell
2023-10-18,DIS,0.0007709484824774682,Buy
2023-10-18,SPY,0.00037562977697983,Buy
2023-10-18,KO,-0.0008130926395471944,Sell
2023-10-18,AAPL,-0.00016852028651077877,Sell
2023-10-18,BA,-0.0008915197828277266,Sell
2023-10-18,JNJ,0.0011281221099523342,Buy
2023-10-18,JPM,0.00016051263518981895,Buy
2023-10-18,NVDA,0.0027908186191979156,Buy
2023-10-18,WMT,-0.0009152305113573067,Sell
2023-10-18,MSFT,-0.0003081907138958728,Sell
2023-10-18,XOM,-0.002132042433071399,Sell
2023-10-19,DIS,0.0011467871152865822,Buy
2023-10-19,SPY,0.0004071585178562903,Buy
2023-10-19,KO,-0.0009018334777184667,Sell
2023-10-19,AAPL,-0.00019775152371304117,Sell
2023-10-19,BA,0.0010308695439535803,Buy
2023-10-19,JNJ,-0.000149965638357355,Sell
2023-10-19,JPM,-7.08683727261572e-06,Sell
2023-10-19,NVDA,-0.00018952238517237763,Sell
2023-10-19,WMT,4.014375437388917e-05,Buy
2023-10-19,MSFT,-0.0007297528390140667,Sell
2023-10-19,XOM,-0.0004516712456014843,Sell
2023-10-20,DIS,-0.0003193949446378963,Sell
2023-10-20,SPY,0.00014749516215210867,Buy
2023-10-20,KO,-0.001353642947058642,Sell
2023-10-20,AAPL,0.00036951129819895456,Buy
2023-10-20,BA,0.0004007862420614544,Buy
2023-10-20,JNJ,-0.0013919196403770762,Sell
2023-10-20,JPM,0.0004982833598738967,Buy
2023-10-20,NVDA,0.0005767383824487188,Buy
2023-10-20,WMT,0.00016716617492847086,Buy
2023-10-20,MSFT,0.00030800498324591585,Buy
2023-10-20,XOM,0.0005956446136850813,Buy
2023-10-23,DIS,-0.00030653021846115125,Sell
2023-10-23,SPY,0.00034465172596021,Buy
2023-10-23,KO,0.0010020218421767924,Buy
2023-10-23,AAPL,0.0001244380533446665,Buy
2023-10-23,BA,-0.00031144699554386257,Sell
2023-10-23,JNJ,0.0011420774464340339,Buy
2023-10-23,JPM,0.0014249765932258657,Buy
2023-10-23,NVDA,-0.0032935491659967925,Sell
2023-10-23,WMT,-0.0010983087703968358,Sell
2023-10-23,MSFT,-0.0005485329910539516,Sell
2023-10-23,XOM,0.001518673491980177,Buy
2023-10-24,DIS,0.0011116309008626923,Buy
2023-10-24,SPY,-0.00015716723130471122,Sell
2023-10-24,KO,-0.0020829596947929824,Sell
2023-10-24,AAPL,0.0002944113949093913,Buy
2023-10-24,BA,-0.00013975643741084842,Sell
2023-10-24,JNJ,0.0006198352288628445,Buy
2023-10-24,JPM,0.00041529138786165765,Buy
2023-10-24,NVDA,-0.0009227037112722464,Sell
2023-10-24,WMT,-0.0007331740889199162,Sell
2023-10-24,MSFT,0.00019218130636722286,Buy
2023-10-24,XOM,0.001399648168828524,Buy
2023-10-25,DIS,0.0014755088199128186,Buy
2023-10-25,SPY,0.0006042881705310282,Buy
2023-10-25,KO,-0.0015010481306904078,Sell
2023-10-25,AAPL,0.000525447517790309,Buy
2023-10-25,BA,0.0016155060918949388,Buy
2023-10-25,JNJ,-0.000916669017787683,Sell
2023-10-25,JPM,-0.00021090185813170403,Sell
2023-10-25,NVDA,0.003242593217968298,Buy
2023-10-25,WMT,-0.0004356585098729965,Sell
2023-10-25,MSFT,-0.0035213799378232546,Sell
2023-10-25,XOM,-0.0008797193226075528,Sell
2023-10-26,DIS,-0.0003049286764839898,Sell
2023-10-26,SPY,-0.00012766985208458037,Sell
2023-10-26,KO,-0.0006727810802294315,Sell
2023-10-26,AAPL,0.0010361438633693931,Buy
2023-10-26,BA,-0.0019360731900604222,Sell
2023-10-26,JNJ,0.00033130935534432526,Buy
2023-10-26,JPM,-0.001467281878948179,Sell
2023-10-26,NVDA,0.001973469537241479,Buy
2023-10-26,WMT,-0.0006705565165968236,Sell
2023-10-26,MSFT,0.0022255678905842152,Buy
2023-10-26,XOM,-0.00039098217021185655,Sell
2023-10-27,DIS,-0.00014940577832484037,Sell
2023-10-27,SPY,-0.00025085319692709496,Sell
2023-10-27,KO,0.0002205798594058228,Buy
2023-10-27,AAPL,-0.001395742457181881,Sell
2023-10-27,BA,-0.0009727458180387727,Sell
2023-10-27,JNJ,0.0014236745385526745,Buy
2023-10-27,JPM,0.0026324782618988435,Buy
2023-10-27,NVDA,-0.0010610669652782873,Sell
2023-10-27,WMT,-0.0003263040078923668,Sell
2023-10-27,MSFT,-0.0012021726610869227,Sell
2023-10-27,XOM,0.0010787536386772933,Buy
2023-10-30,DIS,-0.0003133704098219753,Sell
2023-10-30,SPY,0.0001406664236751065,Buy
2023-10-30,KO,-0.0002645701152865637,Sell
2023-10-30,AAPL,0.00010931681927638104,Buy
2023-10-30,BA,-0.00011475456791028293,Sell
2023-10-30,JNJ,0.0003321112450179603,Buy
2023-10-30,JPM,6.944479004621085e-05,Buy
2023-10-30,NVDA,-0.00025089033525980964,Sell
2023-10-30,WMT,0.00018345899197021176,Buy
2023-10-30,MSFT,-0.0008266692646557994,Sell
2023-10-30,XOM,0.000932613718380465,Buy
2023-10-31,DIS,-0.00046874857931542,Sell
2023-10-31,SPY,-1.708093426572299e-05,Sell
2023-10-31,KO,3.2685425402773083e-06,Buy
2023-10-31,AAPL,0.0002957111534300366,Buy
2023-10-31,BA,-0.0016645826461262891,Sell
2023-10-31,JNJ,-0.0002546515823118739,Sell
2023-10-31,JPM,-0.0005279456786708991,Sell
2023-10-31,NVDA,0.0013868019101008489,Buy
2023-10-31,WMT,0.00033424063686972316,Buy
2023-10-31,MSFT,0.00033610283288795784,Buy
2023-10-31,XOM,0.0005760052331768295,Buy
2023-11-01,DIS,0.0014391758391709142,Buy
2023-11-01,SPY,-9.498784879279076e-05,Sell
2023-11-01,KO,0.0009450158484422821,Buy
2023-11-01,AAPL,-0.0008219923894465103,Sell
2023-11-01,BA,-0.00036856311816321763,Sell
2023-11-01,JNJ,0.000652844409642972,Buy
2023-11-01,JPM,0.0009430010143599565,Buy
2023-11-01,NVDA,-0.002546132448370861,Sell
2023-11-01,WMT,6.0807241659133204e-05,Buy
2023-11-01,MSFT,-0.0012545690663877396,Sell
2023-11-01,XOM,0.0010439481896269281,Buy
2023-11-02,DIS,-0.0008864645030639551,Sell
2023-11-02,SPY,-0.00015207083820037437,Sell
2023-11-02,KO,0.0005312314511000671,Buy
2023-11-02,AAPL,-0.0002886925768333104,Sell
2023-11-02,BA,0.0003194201307333694,Buy
2023-11-02,JNJ,0.0006288249822870295,Buy
2023-11-02,JPM,-3.457545807503126e-05,Sell
2023-11-02,NVDA,-0.000932859869737207,Sell
2023-11-02,WMT,0.0012079907764289965,Buy
2023-11-02,MSFT,0.0009793460672615356,Buy
2023-11-02,XOM,-0.001374649280779905,Sell
2023-11-03,DIS,-0.001243964956719773,Sell
2023-11-03,SPY,-0.00013892605191642704,Sell
2023-11-03,KO,0.0012373662279538539,Buy
2023-11-03,AAPL,0.0011517177262569678,Buy
2023-11-03,BA,-0.0007442519311588042,Sell
2023-11-03,JNJ,2.365812804339118e-05,Buy
2023-11-03,JPM,-0.00032379264712556477,Sell
2023-11-03,NVDA,-0.0024244645929685227,Sell
2023-11-03,WMT,0.0011530128707151893,Buy
2023-11-03,MSFT,-0.0004762182310519003,Sell
2023-11-03,XOM,0.0017840432305403497,Buy
2023-11-06,DIS,0.0012729403210518103,Buy
2023-11-06,SPY,-5.60168209135653e-05,Sell
2023-11-06,KO,-0.00021513352403408625,Sell
2023-11-06,AAPL,-0.0011727564776236737,Sell
2023-11-06,BA,0.001129884781858076,Buy
2023-11-06,JNJ,-6.312588288999443e-05,Sell
2023-11-06,JPM,-0.00053267460046863,Sell
2023-11-06,NVDA,-0.0013516117579820824,Sell
2023-11-06,WMT,3.150131700106751e-05,Buy
2023-11-06,MSFT,-0.0008067534438976759,Sell
2023-11-06,XOM,0.001761075229207959,Buy
2023-11-07,DIS,-0.0004616304920924963,Sell
2023-11-07,SPY,-0.00010424047797144564,Sell
2023-11-07,KO,-0.0001804791037198633,Sell
2023-11-07,AAPL,-0.001157431027481698,Sell
2023-11-07,BA,0.0008783951063623396,Buy
2023-11-07,JNJ,0.0006326469501440474,Buy
2023-11-07,JPM,0.00019814432518117098,Buy
2023-11-07,NVDA,-0.0002506188815490501,Sell
2023-11-07,WMT,-0.0002697764141455089,Sell
2023-11-07,MSFT,-0.0008641617209335095,Sell
2023-11-07,XOM,0.0015770569234853093,Buy
2023-11-08,DIS,0.00016175747483876401,Buy
2023-11-08,SPY,-1.435016647149956e-06,Sell
2023-11-08,KO,0.00020810534687029647,Buy
2023-11-08,AAPL,-0.0004694983776377948,Sell
2023-11-08,BA,-0.0001342203658304536,Sell
2023-11-08,JNJ,0.000396204510898307,Buy
2023-11-08,JPM,-0.00038276340163891087,Sell
2023-11-08,NVDA,-0.0011585244599186112,Sell
2023-11-08,WMT,0.0008054703955744646,Buy
2023-11-08,MSFT,-0.0006076750599302294,Sell
2023-11-08,XOM,0.0011809364853059279,Buy
2023-11-09,DIS,-0.005969029126249373,Sell
2023-11-09,SPY,0.0010003158260608325,Buy
2023-11-09,KO,0.0009761276544937164,Buy
2023-11-09,AAPL,0.0005314398557136613,Buy
2023-11-09,BA,-0.00041494395419112984,Sell
2023-11-09,JNJ,0.002059530130997883,Buy
2023-11-09,JPM,0.000562861985926838,Buy
2023-11-09,NVDA,-0.0004379331990737312,Sell
2023-11-09,WMT,0.0005032008970926316,Buy
2023-11-09,MSFT,0.0009198473537072732,Buy
2023-11-09,XOM,0.000267210374073526,Buy
2023-11-10,DIS,0.003070828042878518,Buy
2023-11-10,SPY,-0.0003918802941659666,Sell
2023-11-10,KO,0.0009157536564264185,Buy
2023-11-10,AAPL,-0.0010764850927584696,Sell
2023-11-10,BA,-0.0005328332376547396,Sell
2023-11-10,JNJ,0.0011146329540934197,Buy
2023-11-10,JPM,-0.0003223508973865946,Sell
2023-11-10,NVDA,-0.001641001374531173,Sell
2023-11-10,WMT,-0.00023398786770692515,Sell
2023-11-10,MSFT,-0.0012272153401254732,Sell
2023-11-10,XOM,0.00032116676864639426,Buy
2023-11-13,DIS,-0.0006809759427965495,Sell
2023-11-13,SPY,0.0006033150507117752,Buy
2023-11-13,KO,0.00018249648748815128,Buy
2023-11-13,AAPL,0.0012930424858669104,Buy
2023-11-13,BA,-0.003109558774918156,Sell
2023-11-13,JNJ,0.00028387483895878085,Buy
2023-11-13,JPM,0.0009183939361667587,Buy
2023-11-13,NVDA,-1.5811302675139416e-05,Sell
2023-11-13,WMT,-0.00029326666225260034,Sell
2023-11-13,MSFT,0.001248286620205763,Buy
2023-11-13,XOM,-0.0004324933428110911,Sell
2023-11-14,DIS,-0.0006379593565207925,Sell
2023-11-14,SPY,-0.0007437274003935096,Sell
2023-11-14,KO,0.0007321000303667086,Buy
2023-11-14,AAPL,-0.0002838166182683871,Sell
2023-11-14,BA,-0.0002873471551201462,Sell
2023-11-14,JNJ,0.0009823043539775034,Buy
2023-11-14,JPM,-0.0006399525280861157,Sell
2023-11-14,NVDA,-0.000915213317196753,Sell
2023-11-14,WMT,0.0010166575070308242,Buy
2023-11-14,MSFT,0.00012031960493069649,Buy
2023-11-14,XOM,0.00065439443404397,Buy
2023-11-15,DIS,-0.0024093161337084695,Sell
2023-11-15,SPY,0.00024050890480890874,Buy
2023-11-15,KO,0.00025774546934033415,Buy
2023-11-15,AAPL,0.00015693007976781692,Buy
2023-11-15,BA,-0.00010870945508970054,Sell
2023-11-15,JNJ,-0.0002664674770692377,Sell
2023-11-15,JPM,-0.000360322348488859,Sell
2023-11-15,NVDA,0.0018314093853187413,Buy
2023-11-15,WMT,-0.0007174554619072959,Sell
2023-11-15,MSFT,0.0003953180011164875,Buy
2023-11-15,XOM,0.0009786139212457912,Buy
2023-11-16,DIS,-0.0008733770184810724,Sell
2023-11-16,SPY,-0.0004216758662193565,Sell
2023-11-16,KO,-0.00021443791067439488,Sell
2023-11-16,AAPL,-0.0011349396939464573,Sell
2023-11-16,BA,0.0006120952365791382,Buy
2023-11-16,JNJ,-0.0011070483855267904,Sell
2023-11-16,JPM,-0.0013517943489893408,Sell
2023-11-16,NVDA,-0.0014147129932987335,Sell
2023-11-16,WMT,0.007072110427259193,Buy
2023-11-16,MSFT,-0.0019140357655687834,Sell
2023-11-16,XOM,0.000745879033778471,Buy
2023-11-17,DIS,0.0004503681999598469,Buy
2023-11-17,SPY,-8.463250279894252e-06,Sell
2023-11-17,KO,-7.029564655504361e-05,Sell
2023-11-17,AAPL,0.00011406148035633668,Buy
2023-11-17,BA,-0.0005284245102847307,Sell
2023-11-17,JNJ,0.00029202481038513584,Buy
2023-11-17,JPM,-0.0007169325762185902,Sell
2023-11-17,NVDA,0.00043848336307036884,Buy
2023-11-17,WMT,0.0005060253963753147,Buy
2023-11-17,MSFT,0.0016300747470604227,Buy
2023-11-17,XOM,-0.0021111326958525023,Sell
2023-11-20,DIS,0.00018516592690434597,Buy
2023-11-20,SPY,0.0003334031860209724,Buy
2023-11-20,KO,0.0008055331445021852,Buy
2023-11-20,AAPL,0.00019131976345936053,Buy
2023-11-20,BA,-0.0031526410560726165,Sell
2023-11-20,JNJ,0.0002329020151214528,Buy
2023-11-20,JPM,0.0007488418366811689,Buy
2023-11-20,NVDA,-0.0010003628443141094,Sell
2023-11-20,WMT,0.0010542057997328519,Buy
2023-11-20,MSFT,-0.0008192911004748366,Sell
2023-11-20,XOM,0.001419226116662134,Buy
2023-11-21,DIS,0.0004677969165268331,Buy
2023-11-21,SPY,0.00011071907082474408,Buy
2023-11-21,KO,-0.0010863472395079565,Sell
2023-11-21,AAPL,0.0002973876792954633,Buy
2023-11-21,BA,-0.000321659566482807,Sell
2023-11-21,JNJ,-0.0008220564116942775,Sell
2023-11-21,JPM,0.0001023755236880114,Buy
2023-11-21,NVDA,0.000751810901259739,Buy
2023-11-21,WMT,-0.00041572834664359293,Sell
2023-11-21,MSFT,0.0009659744420673771,Buy
2023-11-21,XOM,-5.2761087671812645e-05,Sell
2023-11-22,DIS,-0.000556773534637206,Sell
2023-11-22,SPY,-0.00031109620937513904,Sell
2023-11-22,KO,-0.0005709595922534366,Sell
2023-11-22,AAPL,-0.0002796185093940362,Sell
2023-11-22,BA,-0.000643028426493969,Sell
2023-11-22,JNJ,0.00022011774542214646,Buy
2023-11-22,JPM,-0.000174134459576758,Sell
2023-11-22,NVDA,0.0022739819052192134,Buy
2023-11-22,WMT,0.0007335272343954174,Buy
2023-11-22,MSFT,-0.0011245435199060544,Sell
2023-11-22,XOM,0.00043117930170651075,Buy
2023-11-24,DIS,-0.0008344560801668011,Sell
2023-11-24,SPY,5.5193396975614095e-05,Buy
2023-11-24,KO,-0.00012209457176634575,Sell
2023-11-24,AAPL,0.0007470279490853077,Buy
2023-11-24,BA,7.389417005693177e-05,Buy
2023-11-24,JNJ,-0.0009003666335366256,Sell
2023-11-24,JPM,-1.3286658888389535e-05,Sell
2023-11-24,NVDA,0.0018630433041423727,Buy
2023-11-24,WMT,-0.0007049409450296668,Sell
2023-11-24,MSFT,0.00021197646748814802,Buy
2023-11-24,XOM,-0.000377817903300659,Sell
2023-11-27,DIS,0.0007129387209513782,Buy
2023-11-27,SPY,3.3408578976767966e-05,Buy
2023-11-27,KO,4.044432136751652e-05,Buy
2023-11-27,AAPL,-4.4270678089528004e-05,Sell
2023-11-27,BA,0.0001591314066091698,Buy
2023-11-27,JNJ,0.000597773741978766,Buy
2023-11-27,JPM,7.697298353009918e-05,Buy
2023-11-27,NVDA,-0.001018523317568923,Sell
2023-11-27,WMT,-0.0005447268410779943,Sell
2023-11-27,MSFT,-0.00041516435430825893,Sell
2023-11-27,XOM,0.0004005372936464052,Buy
2023-11-28,DIS,0.00263244021471698,Buy
2023-11-28,SPY,-5.576115332597831e-06,Sell
2023-11-28,KO,-0.00010210491372215913,Sell
2023-11-28,AAPL,-0.00020757576686264434,Sell
2023-11-28,BA,-0.0011871178670199295,Sell
2023-11-28,JNJ,-0.00012577587600277884,Sell
2023-11-28,JPM,-0.00012315255161475525,Sell
2023-11-28,NVDA,0.000876958887787993,Buy
2023-11-28,WMT,-0.000999049530167745,Sell
2023-11-28,MSFT,-0.0008968132135814544,Sell
2023-11-28,XOM,0.00013675669668723744,Buy
2023-11-29,DIS,-0.00024145716867529643,Sell
2023-11-29,SPY,-0.00017734593538970556,Sell
2023-11-29,KO,0.00030315815020587333,Buy
2023-11-29,AAPL,0.00025162516111018607,Buy
2023-11-29,BA,-0.001085860238458719,Sell
2023-11-29,JNJ,-0.0005300104575509251,Sell
2023-11-29,JPM,-0.0007045275300960469,Sell
2023-11-29,NVDA,-0.0008495103903354145,Sell
2023-11-29,WMT,0.0012294426137641201,Buy
2023-11-29,MSFT,0.0006755377407006852,Buy
2023-11-29,XOM,0.0011271198814986755,Buy
2023-11-30,DIS,0.0002582115165531834,Buy
2023-11-30,SPY,8.783484501923011e-05,Buy
2023-11-30,KO,-0.0006051601008632418,Sell
2023-11-30,AAPL,0.00016697537906426585,Buy
2023-11-30,BA,-0.002458205285522236,Sell
2023-11-30,JNJ,-0.0010725380166227427,Sell
2023-11-30,JPM,-0.0005877032082420297,Sell
2023-11-30,NVDA,0.003018549870252324,Buy
2023-11-30,WMT,0.0006701052068108782,Buy
2023-11-30,MSFT,0.0004297006236591988,Buy
2023-11-30,XOM,9.044403314453775e-05,Buy
2023-12-01,DIS,0.000400409241957958,Buy
2023-12-01,SPY,-0.000243210231902255,Sell
2023-12-01,KO,-1.7231137868417568e-05,Sell
2023-12-01,AAPL,-0.00032252988007092087,Sell
2023-12-01,BA,-0.0005834294110557414,Sell
2023-12-01,JNJ,-0.0018867034682013145,Sell
2023-12-01,JPM,-0.00014837291388745955,Sell
2023-12-01,NVDA,0.0003025752109626634,Buy
2023-12-01,WMT,0.0010786186681508159,Buy
2023-12-01,MSFT,0.0013451300453963394,Buy
2023-12-01,XOM,7.239012701963643e-05,Buy
2023-12-04,DIS,0.00011243612202085917,Buy
2023-12-04,SPY,2.9515968035173645e-05,Buy
2023-12-04,KO,-0.00034101016113768923,Sell
2023-12-04,AAPL,0.00041462297043247387,Buy
2023-12-04,BA,-0.0008407025179809624,Sell
2023-12-04,JNJ,-0.0007384602204601326,Sell
2023-12-04,JPM,-0.0011199349668839509,Sell
2023-12-04,NVDA,0.002001698397542842,Buy
2023-12-04,WMT,-0.00042638749893615657,Sell
2023-12-04,MSFT,0.0008599196582271124,Buy
2023-12-04,XOM,4.6694177226386246e-05,Buy
2023-12-05,DIS,0.0014184414359897923,Buy
2023-12-05,SPY,0.00023379090751295128,Buy
2023-12-05,KO,7.656436840673686e-05,Buy
2023-12-05,AAPL,-0.0016943779742507603,Sell
2023-12-05,BA,0.0004900726807034878,Buy
2023-12-05,JNJ,0.0004042739455646649,Buy
2023-12-05,JPM,0.00022739616514798333,Buy
2023-12-05,NVDA,-0.001896682192607968,Sell
2023-12-05,WMT,-0.0006245912222575395,Sell
2023-12-05,MSFT,-0.0006144961417256234,Sell
2023-12-05,XOM,0.0019778792974752962,Buy
2023-12-06,DIS,-0.0013050891405766984,Sell
2023-12-06,SPY,-0.0002208251859786292,Sell
2023-12-06,KO,-0.0004959672372416984,Sell
2023-12-06,AAPL,-6.920132145582514e-05,Sell
2023-12-06,BA,-0.0016563084661996574,Sell
2023-12-06,JNJ,0.0005242455339281582,Buy
2023-12-06,JPM,0.0003719544908270256,Buy
2023-12-06,NVDA,0.0014991743326757817,Buy
2023-12-06,WMT,0.00040338512718011976,Buy
2023-12-06,MSFT,0.0003241449095188337,Buy
2023-12-06,XOM,0.0006220566565261348,Buy
2023-12-07,DIS,-0.0004882799175201652,Sell
2023-12-07,SPY,-0.00033803420309484744,Sell
2023-12-07,KO,0.00013660653245732568,Buy
2023-12-07,AAPL,-0.0005652160168423542,Sell
2023-12-07,BA,0.00018475265968824484,Buy
2023-12-07,JNJ,0.0010583498138656833,Buy
2023-12-07,JPM,7.486746700605118e-05,Buy
2023-12-07,NVDA,-0.0018222579836412595,Sell
2023-12-07,WMT,0.000948931741284964,Buy
2023-12-07,MSFT,-0.0001749699744121591,Sell
2023-12-07,XOM,0.0009833840653357684,Buy
2023-12-08,DIS,-7.407381393804979e-05,Sell
2023-12-08,SPY,0.0002927872362226691,Buy
2023-12-08,KO,0.0008803782925033699,Buy
2023-12-08,AAPL,1.1876991023965222e-05,Buy
2023-12-08,BA,-0.0021212430595537596,Sell
2023-12-08,JNJ,0.0012496953616805695,Buy
2023-12-08,JPM,-0.0003148814756899071,Sell
2023-12-08,NVDA,-0.0010814301275234306,Sell
2023-12-08,WMT,0.0016275814917358772,Buy
2023-12-08,MSFT,-0.00011713060058168856,Sell
2023-12-08,XOM,-0.00035524152514300467,Sell
2023-12-11,DIS,0.0005259143464888538,Buy
2023-12-11,SPY,-0.00043578858609720494,Sell
2023-12-11,KO,-0.0007494341118642472,Sell
2023-12-11,AAPL,0.0010944038913889842,Buy
2023-12-11,BA,-0.0013387154464360174,Sell
2023-12-11,JNJ,-0.00045898296724344867,Sell
2023-12-11,JPM,-0.0004147876162340358,Sell
2023-12-11,NVDA,0.0016017262392453852,Buy
2023-12-11,WMT,-0.0003110704611769821,Sell
2023-12-11,MSFT,0.0006305514745279378,Buy
2023-12-11,XOM,-0.000145850172189807,Sell
2023-12-12,DIS,0.0013849688748376748,Buy
2023-12-12,SPY,-0.00013978918854298805,Sell
2023-12-12,KO,-0.0003092128645568598,Sell
2023-12-12,AAPL,-0.00044368318481510793,Sell
2023-12-12,BA,7.321115236447184e-05,Buy
2023-12-12,JNJ,0.0002683013254492772,Buy
2023-12-12,JPM,-0.00053479350174436,Sell
2023-12-12,NVDA,-0.0017279995396932701,Sell
2023-12-12,WMT,0.00020224115815463406,Buy
2023-12-12,MSFT,-0.0004776976604756178,Sell
2023-12-12,XOM,0.0017025324333172637,Buy
2023-12-13,DIS,-0.0008294232257201606,Sell
2023-12-13,SPY,-0.0003312200376952984,Sell
2023-12-13,KO,0.000137433420777322,Buy
2023-12-13,AAPL,-0.0005923334843275091,Sell
2023-12-13,BA,8.456999443645641e-05,Buy
2023-12-13,JNJ,0.0004920262571111861,Buy
2023-12-13,JPM,0.0006071357551230006,Buy
2023-12-13,NVDA,9.595933463181494e-05,Buy
2023-12-13,WMT,-0.0006895881906123641,Sell
2023-12-13,MSFT,0.0009123048641837411,Buy
2023-12-13,XOM,0.0001113373813122348,Buy
2023-12-14,DIS,-0.0007120614382491591,Sell
2023-12-14,SPY,7.995692179070535e-05,Buy
2023-12-14,KO,0.0017150915225451202,Buy
2023-12-14,AAPL,0.0003019251531650169,Buy
2023-12-14,BA,-0.0015527435976699505,Sell
2023-12-14,JNJ,-0.0002571258066390858,Sell
2023-12-14,JPM,-0.001276555087141834,Sell
2023-12-14,NVDA,-0.00012273455193062555,Sell
2023-12-14,WMT,0.0014754495844224308,Buy
2023-12-14,MSFT,0.0024116757500770997,Buy
2023-12-14,XOM,-0.0020640943074103357,Sell
2023-12-15,DIS,0.0007298737451514048,Buy
2023-12-15,SPY,0.0004159629140196436,Buy
2023-12-15,KO,0.0009422424390625878,Buy
2023-12-15,AAPL,0.0005137859703856634,Buy
2023-12-15,BA,-0.002573806423924324,Sell
2023-12-15,JNJ,0.0012547852709492435,Buy
2023-12-15,JPM,-0.0004186513262005864,Sell
2023-12-15,NVDA,-0.0007456263730537399,Sell
2023-12-15,WMT,-7.281129484926208e-05,Sell
2023-12-15,MSFT,-0.0009222554303043862,Sell
2023-12-15,XOM,0.0008735169348665084,Buy
2023-12-18,DIS,0.000931953388360135,Buy
2023-12-18,SPY,-0.0001588152496168893,Sell
2023-12-18,KO,-0.0002984859725037592,Sell
2023-12-18,AAPL,0.001120633751737446,Buy
2023-12-18,BA,0.0016732996280164752,Buy
2023-12-18,JNJ,0.00018716762117264307,Buy
2023-12-18,JPM,-0.0001974915906523267,Sell
2023-12-18,NVDA,-0.0018480897568130816,Sell
2023-12-18,WMT,-0.0009715642884941533,Sell
2023-12-18,MSFT,-0.00011841545305260603,Sell
2023-12-18,XOM,-0.0003225487840893687,Sell
2023-12-19,DIS,-0.0005442571861975359,Sell
2023-12-19,SPY,-5.225102211131594e-05,Sell
2023-12-19,KO,0.0007885859691364322,Buy
2023-12-19,AAPL,1.291125482213995e-05,Buy
2023-12-19,BA,-0.00057876527939342,Sell
2023-12-19,JNJ,-9.576011678191776e-05,Sell
2023-12-19,JPM,-0.0007099201913526726,Sell
2023-12-19,NVDA,0.0013515084171762115,Buy
2023-12-19,WMT,0.0001708088511601924,Buy
2023-12-19,MSFT,0.0003495179771731416,Buy
2023-12-19,XOM,-0.000694325079173358,Sell
2023-12-20,DIS,0.001077901807552309,Buy
2023-12-20,SPY,-0.00025907858086009206,Sell
2023-12-20,KO,0.00037702246391620176,Buy
2023-12-20,AAPL,-0.0005496797402029657,Sell
2023-12-20,BA,-0.000396430419862967,Sell
2023-12-20,JNJ,0.0003447412579574288,Buy
2023-12-20,JPM,-0.0004974137252529987,Sell
2023-12-20,NVDA,0.001242400624049081,Buy
2023-12-20,WMT,-0.0004583406620856517,Sell
2023-12-20,MSFT,-0.0008862778759405193,Sell
2023-12-20,XOM,3.795044099891287e-06,Buy
2023-12-21,DIS,-5.210469012059682e-05,Sell
2023-12-21,SPY,-0.00016617706961682965,Sell
2023-12-21,KO,9.41702604554534e-05,Buy
2023-12-21,AAPL,0.0007587428030085414,Buy
2023-12-21,BA,7.56762333898181e-05,Buy
2023-12-21,JNJ,-0.00023486592008756246,Sell
2023-12-21,JPM,0.0001746774052268779,Buy
2023-12-21,NVDA,-0.0009590727322204146,Sell
2023-12-21,WMT,4.951954882603804e-05,Buy
2023-12-21,MSFT,-2.154348052257893e-05,Sell
2023-12-21,XOM,0.0002794659205226091,Buy
2023-12-22,DIS,0.0010034142698173293,Buy
2023-12-22,SPY,-0.0001670193612131471,Sell
2023-12-22,KO,-0.0005015940645579225,Sell
2023-12-22,AAPL,0.0005198647066907841,Buy
2023-12-22,BA,0.0005637363594260536,Buy
2023-12-22,JNJ,-0.00034831596096099315,Sell
2023-12-22,JPM,6.991225073806062e-05,Buy
2023-12-22,NVDA,0.0003124974377703149,Buy
2023-12-22,WMT,-0.00107061740787405,Sell
2023-12-22,MSFT,-0.0002374157051340947,Sell
2023-12-22,XOM,-0.00014517890539735012,Sell
2023-12-26,DIS,0.00035112204903657573,Buy
2023-12-26,SPY,-0.00010124034154242179,Sell
2023-12-26,KO,-9.15177968289077e-05,Sell
2023-12-26,AAPL,0.0005389078985244405,Buy
2023-12-26,BA,-0.0005363200733434492,Sell
2023-12-26,JNJ,-0.00011498408253302062,Sell
2023-12-26,JPM,-0.00025455296742517286,Sell
2023-12-26,NVDA,-0.0005518886196374528,Sell
2023-12-26,WMT,0.00042027701920120675,Buy
2023-12-26,MSFT,0.00026207664836400135,Buy
2023-12-26,XOM,7.688919750528656e-05,Buy
2023-12-27,DIS,0.0006456792515351223,Buy
2023-12-27,SPY,-8.783103637070855e-05,Sell
2023-12-27,KO,-0.00015626031823140485,Sell
2023-12-27,AAPL,2.9371987447568415e-05,Buy
2023-12-27,BA,0.00031490433909711624,Buy
2023-12-27,JNJ,-4.576781068535429e-05,Sell
2023-12-27,JPM,-0.00046840432264180776,Sell
2023-12-27,NVDA,-0.00017796834755823276,Sell
2023-12-27,WMT,-0.000777281670933036,Sell
2023-12-27,MSFT,0.00021945331650195798,Buy
2023-12-27,XOM,0.0005032803610099529,Buy
2023-12-28,DIS,-8.182790445818156e-05,Sell
2023-12-28,SPY,-9.604934421858502e-05,Sell
2023-12-28,KO,-0.00012366398164607995,Sell
2023-12-28,AAPL,-0.00026422514757652726,Sell
2023-12-28,BA,0.000545704388536794,Buy
2023-12-28,JNJ,-0.0001955092198660524,Sell
2023-12-28,JPM,-0.0005450065597093351,Sell
2023-12-28,NVDA,-0.0002549869326505666,Sell
2023-12-28,WMT,0.00011694584241889183,Buy
2023-12-28,MSFT,-0.00035597180507032644,Sell
2023-12-28,XOM,0.0012537335322739679,Buy
2023-12-29,DIS,6.927176074586483e-05,Buy
2023-12-29,SPY,0.00022189485023761668,Buy
2023-12-29,KO,-0.0003200661545489508,Sell
2023-12-29,AAPL,0.0004519134482605658,Buy
2023-12-29,BA,-0.0001496994269060553,Sell
2023-12-29,JNJ,-0.0001343318108716074,Sell
2023-12-29,JPM,6.540839037494361e-05,Buy
2023-12-29,NVDA,-4.140508831912415e-05,Sell
2023-12-29,WMT,-8.758693956303909e-05,Sell
2023-12-29,MSFT,-0.00022558018031067217,Sell
2023-12-29,XOM,0.00014922230822403404,Buy
2024-01-02,DIS,-0.0006761039161094357,Sell
2024-01-02,SPY,0.00025812343603406895,Buy
2024-01-02,KO,-0.0016288144912720015,Sell
2024-01-02,AAPL,0.003010309320335136,Buy
2024-01-02,BA,0.002860574248300954,Buy
2024-01-02,JNJ,-0.0021306258218147245,Sell
2024-01-02,JPM,-0.0013131835139069264,Sell
2024-01-02,NVDA,0.0022404327177883987,Buy
2024-01-02,WMT,-0.001200384328206891,Sell
2024-01-02,MSFT,0.0010012905353663643,Buy
2024-01-02,XOM,-0.002422098609884918,Sell
2024-01-03,DIS,-0.0012519702997678267,Sell
2024-01-03,SPY,0.00043819787289263445,Buy
2024-01-03,KO,-0.000520208620270024,Sell
2024-01-03,AAPL,0.0003762669035727584,Buy
2024-01-03,BA,0.002537419928259621,Buy
2024-01-03,JNJ,-0.0008769451794714833,Sell
2024-01-03,JPM,9.084136524713238e-05,Buy
2024-01-03,NVDA,0.0008275906052928328,Buy
2024-01-03,WMT,-0.0003124419278157098,Sell
2024-01-03,MSFT,-0.0002403345704100196,Sell
2024-01-03,XOM,-0.0010731173717723197,Sell
2024-01-04,DIS,0.0007618057703017295,Buy
2024-01-04,SPY,-2.9356390044296687e-05,Sell
2024-01-04,KO,-1.8919888384136274e-05,Sell
2024-01-04,AAPL,0.0008354195213792492,Buy
2024-01-04,BA,-0.0007084858094042329,Sell
2024-01-04,JNJ,-0.00013054161553784083,Sell
2024-01-04,JPM,-0.0009286631776367071,Sell
2024-01-04,NVDA,-0.0011460069526861988,Sell
2024-01-04,WMT,0.0005587411993707853,Buy
2024-01-04,MSFT,0.00033160498159963414,Buy
2024-01-04,XOM,0.0004722584317198575,Buy
2024-01-05,DIS,1.4406154501905855e-05,Buy
2024-01-05,SPY,0.0002303464483521117,Buy
2024-01-05,KO,0.0004907654591991967,Buy
2024-01-05,AAPL,0.0007177894112950362,Buy
2024-01-05,BA,-0.001146601666769248,Sell
2024-01-05,JNJ,7.251265579431843e-05,Buy
2024-01-05,JPM,-9.994441050370506e-05,Sell
2024-01-05,NVDA,-0.001719012525397634,Sell
2024-01-05,WMT,0.0009570883991441986,Buy
2024-01-05,MSFT,0.00040115138848223486,Buy
2024-01-05,XOM,8.002400612623639e-05,Buy
2024-01-08,DIS,-0.0002358891983671313,Sell
2024-01-08,SPY,-0.0008806815547336977,Sell
2024-01-08,KO,-0.0002560807937718179,Sell
2024-01-08,AAPL,-0.0017765118190435775,Sell
2024-01-08,BA,0.007680147022107314,Buy
2024-01-08,JNJ,0.00018659690699246445,Buy
2024-01-08,JPM,0.0005425667487374136,Buy
2024-01-08,NVDA,-0.005406042303705311,Sell
2024-01-08,WMT,-0.00047808734028681465,Sell
2024-01-08,MSFT,-0.0012965949825305273,Sell
2024-01-08,XOM,0.0019191016099213698,Buy
2024-01-09,DIS,0.0015955438263526578,Buy
2024-01-09,SPY,-0.00013867128781762383,Sell
2024-01-09,KO,-0.0001101217255893433,Sell
2024-01-09,AAPL,-7.062912821154121e-05,Sell
2024-01-09,BA,0.0010131517523689348,Buy
2024-01-09,JNJ,-0.00033343825757392587,Sell
2024-01-09,JPM,0.00044391816418729024,Buy
2024-01-09,NVDA,-0.0018248989041048241,Sell
2024-01-09,WMT,-0.0008877935414780269,Sell
2024-01-09,MSFT,-0.0005446925864316804,Sell
2024-01-09,XOM,0.0008524513770989395,Buy
2024-01-10,DIS,0.0009344935600786863,Buy
2024-01-10,SPY,4.0576024190011606e-05,Buy
2024-01-10,KO,0.00025038246338562886,Buy
2024-01-10,AAPL,3.91506858816032e-05,Buy
2024-01-10,BA,-0.0002809136875230184,Sell
2024-01-10,JNJ,0.00041740284395244687,Buy
2024-01-10,JPM,0.0003609851362512406,Buy
2024-01-10,NVDA,-0.0015058599353120067,Sell
2024-01-10,WMT,-0.0005714247964804103,Sell
2024-01-10,MSFT,-0.0011267346120819033,Sell
2024-01-10,XOM,0.0014400003446363857,Buy
2024-01-11,DIS,-0.0003914650678420867,Sell
2024-01-11,SPY,-0.00018798683410453654,Sell
2024-01-11,KO,0.00036227551541083425,Buy
2024-01-11,AAPL,6.553992459547298e-05,Buy
2024-01-11,BA,0.0018438720880381565,Buy
2024-01-11,JNJ,0.00017723174069114722,Buy
2024-01-11,JPM,0.00015553371474033573,Buy
2024-01-11,NVDA,-0.0010196234737066129,Sell
2024-01-11,WMT,-0.00012644383715806895,Sell
2024-01-11,MSFT,-0.0006710171722311142,Sell
2024-01-11,XOM,-0.00020966295128194146,Sell
2024-01-12,DIS,-0.0007271554678030118,Sell
2024-01-12,SPY,0.00012281112870410338,Buy
2024-01-12,KO,-0.0006941081413363998,Sell
2024-01-12,AAPL,2.431991260956612e-05,Buy
2024-01-12,BA,0.0022066307656930934,Buy
2024-01-12,JNJ,-0.0005124429199381136,Sell
2024-01-12,JPM,0.0008515716655925626,Buy
2024-01-12,NVDA,0.00037100957279037616,Buy
2024-01-12,WMT,6.74071189972758e-05,Buy
2024-01-12,MSFT,-0.00072008888566652,Sell
2024-01-12,XOM,-0.0009912547523111825,Sell
2024-01-16,DIS,-0.003348271204040215,Sell
2024-01-16,SPY,-0.00027724709123785884,Sell
2024-01-16,KO,-7.0431177150859225e-06,Sell
2024-01-16,AAPL,0.0005140590504053855,Buy
2024-01-16,BA,0.006609322933366302,Buy
2024-01-16,JNJ,0.0004406953375740569,Buy
2024-01-16,JPM,-3.936102161802846e-05,Sell
2024-01-16,NVDA,-0.0034102741151442323,Sell
2024-01-16,WMT,-0.0009025781413723039,Sell
2024-01-16,MSFT,-0.0010373203995231728,Sell
2024-01-16,XOM,0.0014561832772119754,Buy
2024-01-17,DIS,0.00222028283227102,Buy
2024-01-17,SPY,6.759337743959815e-05,Buy
2024-01-17,KO,-0.0004401873941702189,Sell
2024-01-17,AAPL,3.241296240287517e-05,Buy
2024-01-17,BA,-0.0015973116143956079,Sell
2024-01-17,JNJ,-0.00038897382311765816,Sell
2024-01-17,JPM,4.921662083792744e-05,Buy
2024-01-17,NVDA,9.284515284485595e-05,Buy
2024-01-17,WMT,-1.1191927407172564e-05,Sell
2024-01-17,MSFT,-0.00025293599475745276,Sell
2024-01-17,XOM,0.00022371737858131735,Buy
2024-01-18,DIS,-0.0005871824318593177,Sell
2024-01-18,SPY,0.00047118935830968434,Buy
2024-01-18,KO,0.0010143369300243815,Buy
2024-01-18,AAPL,-0.0016513238831058624,Sell
2024-01-18,BA,-0.0025060423047558594,Sell
2024-01-18,JNJ,0.0008325224195533942,Buy
2024-01-18,JPM,0.0010913194975941815,Buy
2024-01-18,NVDA,-0.0004172132428690717,Sell
2024-01-18,WMT,6.067040430050852e-05,Buy
2024-01-18,MSFT,0.00025565259531218354,Buy
2024-01-18,XOM,0.0014347452438823877,Buy
2024-01-19,DIS,0.0001374577589845355,Buy
2024-01-19,SPY,-0.00015468734173033905,Sell
2024-01-19,KO,0.0014599008213070086,Buy
2024-01-19,AAPL,-0.0004305161479185998,Sell
2024-01-19,BA,-0.00048283393502343563,Sell
2024-01-19,JNJ,0.00070433618234432,Buy
2024-01-19,JPM,-0.0005860378767129498,Sell
2024-01-19,NVDA,-0.0027882057152604917,Sell
2024-01-19,WMT,0.001440398114387828,Buy
2024-01-19,MSFT,-0.00012955906525877192,Sell
2024-01-19,XOM,0.000827194091869321,Buy
2024-01-22,DIS,-0.0017127156899427592,Sell
2024-01-22,SPY,6.33920205564964e-05,Buy
2024-01-22,KO,0.0006490220515774359,Buy
2024-01-22,AAPL,-0.0008475888941102544,Sell
2024-01-22,BA,0.00029300991133772436,Buy
2024-01-22,JNJ,-0.0001878921904019254,Sell
2024-01-22,JPM,0.0003615197914121071,Buy
2024-01-22,NVDA,6.674582773119608e-06,Buy
2024-01-22,WMT,0.0002494858571299996,Buy
2024-01-22,MSFT,0.0007462106023824466,Buy
2024-01-22,XOM,0.00037660308725541436,Buy
2024-01-23,DIS,0.0011304681903632208,Buy
2024-01-23,SPY,-0.00038926653635765196,Sell
2024-01-23,KO,-0.0005516556861285132,Sell
2024-01-23,AAPL,-0.0007294285208018364,Sell
2024-01-23,BA,0.0013289873730999296,Buy
2024-01-23,JNJ,0.001366636273379962,Buy
2024-01-23,JPM,0.00047556646863453067,Buy
2024-01-23,NVDA,-0.0004579798124659529,Sell
2024-01-23,WMT,-0.0003536170632932878,Sell
2024-01-23,MSFT,-0.0006724617640733732,Sell
2024-01-23,XOM,-0.0011486243211102087,Sell
2024-01-24,DIS,0.0005265780400642434,Buy
2024-01-24,SPY,0.00016649842268694204,Buy
2024-01-24,KO,0.0016892093131151975,Buy
2024-01-24,AAPL,0.0005813676268278667,Buy
2024-01-24,BA,-0.0008615658155164546,Sell
2024-01-24,JNJ,0.0007476815383596208,Buy
2024-01-24,JPM,-0.0005443541722090078,Sell
2024-01-24,NVDA,-0.001988647476183575,Sell
2024-01-24,WMT,0.0015461726445705343,Buy
2024-01-24,MSFT,-0.0005661092044458582,Sell
2024-01-24,XOM,-0.0012989758057082995,Sell
2024-01-25,DIS,-0.00104433058610022,Sell
2024-01-25,SPY,-0.0002189634249308986,Sell
2024-01-25,KO,-0.00011062314218561464,Sell
2024-01-25,AAPL,0.00042777631505458436,Buy
2024-01-25,BA,0.005459070250375925,Buy
2024-01-25,JNJ,-6.808257442007803e-05,Sell
2024-01-25,JPM,-0.0010230529875334682,Sell
2024-01-25,NVDA,-0.00010265571958117947,Sell
2024-01-25,WMT,-0.0010474005312422346,Sell
2024-01-25,MSFT,-0.00024607827460459974,Sell
2024-01-25,XOM,-0.0020282806902738038,Sell
2024-01-26,DIS,-0.0003334881016837099,Sell
2024-01-26,SPY,0.0002602378271959749,Buy
2024-01-26,KO,-0.00017726173201187967,Sell
2024-01-26,AAPL,0.0009629561010010973,Buy
2024-01-26,BA,-0.0014691188960340024,Sell
2024-01-26,JNJ,0.00017905198667718392,Buy
2024-01-26,JPM,0.0004913087880150935,Buy
2024-01-26,NVDA,0.0010081251027582033,Buy
2024-01-26,WMT,-0.0006521484529977556,Sell
2024-01-26,MSFT,0.000355658412062379,Buy
2024-01-26,XOM,-0.0006282604202562658,Sell
2024-01-29,DIS,-0.001385635178220504,Sell
2024-01-29,SPY,-8.408868481217524e-05,Sell
2024-01-29,KO,8.343098448765351e-05,Buy
2024-01-29,AAPL,0.0009545946208754374,Buy
2024-01-29,BA,0.0007538808315507295,Buy
2024-01-29,JNJ,0.0007100946170539441,Buy
2024-01-29,JPM,0.0003950455778501394,Buy
2024-01-29,NVDA,-0.0014903371391792597,Sell
2024-01-29,WMT,0.000207700919508641,Buy
2024-01-29,MSFT,-0.0006632103947570578,Sell
2024-01-29,XOM,0.0005169057488093737,Buy
2024-01-30,DIS,0.0004553701453408887,Buy
2024-01-30,SPY,1.253027392479622e-05,Buy
2024-01-30,KO,-0.00031672703099545896,Sell
2024-01-30,AAPL,0.0016929116536154587,Buy
2024-01-30,BA,0.0020479929386715695,Buy
2024-01-30,JNJ,0.00027897655178592273,Buy
2024-01-30,JPM,-0.0019221537280978002,Sell
2024-01-30,NVDA,-0.0005078211238420949,Sell
2024-01-30,WMT,-0.00036098628456761317,Sell
2024-01-30,MSFT,0.00019305373908891366,Buy
2024-01-30,XOM,-0.0015749595181838855,Sell
2024-01-31,DIS,0.0001981718829408563,Buy
2024-01-31,SPY,0.000851513458295039,Buy
2024-01-31,KO,-1.5712626949770936e-05,Sell
2024-01-31,AAPL,0.0011298390650958112,Buy
2024-01-31,BA,-0.005483930283853619,Sell
2024-01-31,JNJ,-0.0007173401492596154,Sell
2024-01-31,JPM,0.0003496736432216513,Buy
2024-01-31,NVDA,0.0011762992829187913,Buy
2024-01-31,WMT,-0.00045437607331390295,Sell
2024-01-31,MSFT,0.0018246120398095755,Buy
2024-01-31,XOM,0.0011388923498712872,Buy
2024-02-01,DIS,-9.946141735231451e-05,Sell
2024-02-01,SPY,-0.0003311849559598651,Sell
2024-02-01,KO,-0.0014081450319343575,Sell
2024-02-01,AAPL,-0.0003539123910384079,Sell
2024-02-01,BA,0.001372459166104678,Buy
2024-02-01,JNJ,0.0011536138971421778,Buy
2024-02-01,JPM,0.001172977895937899,Buy
2024-02-01,NVDA,-0.0013481011816867117,Sell
2024-02-01,WMT,-0.0008201495925013874,Sell
2024-02-01,MSFT,-0.0005568793910694647,Sell
2024-02-01,XOM,0.0012154790056219111,Buy
2024-02-02,DIS,0.00045067436291611196,Buy
2024-02-02,SPY,-0.0004357426700597189,Sell
2024-02-02,KO,0.0011680868549173579,Buy
2024-02-02,AAPL,0.001004450243847002,Buy
2024-02-02,BA,0.0007011204695205747,Buy
2024-02-02,JNJ,0.0015147831679616086,Buy
2024-02-02,JPM,-4.460479795950767e-06,Sell
2024-02-02,NVDA,-0.003977462833714765,Sell
2024-02-02,WMT,-0.00016082974748019008,Sell
2024-02-02,MSFT,-0.0011497274320728113,Sell
2024-02-02,XOM,0.0008866639214565042,Buy
2024-02-05,DIS,0.00043497728101947464,Buy
2024-02-05,SPY,0.0003167261802067556,Buy
2024-02-05,KO,0.0007366044558935886,Buy
2024-02-05,AAPL,-0.0009096332654190686,Sell
2024-02-05,BA,0.0011798487252185491,Buy
2024-02-05,JNJ,0.00045592409274283763,Buy
2024-02-05,JPM,0.00010534877861989589,Buy
2024-02-05,NVDA,-0.004373620472078274,Sell
2024-02-05,WMT,0.00047358725040148875,Buy
2024-02-05,MSFT,0.0012172331244185985,Buy
2024-02-05,XOM,0.00036013989671204727,Buy
2024-02-06,DIS,-0.0019609388213745332,Sell
2024-02-06,SPY,0.00024590987395446684,Buy
2024-02-06,KO,0.0006589294349123587,Buy
2024-02-06,AAPL,-0.0002719550934442566,Sell
2024-02-06,BA,-0.0003447595150494198,Sell
2024-02-06,JNJ,-0.0008029576509733932,Sell
2024-02-06,JPM,0.00019754302166520576,Buy
2024-02-06,NVDA,0.0019543707561820306,Buy
2024-02-06,WMT,-0.00010801619449543609,Sell
2024-02-06,MSFT,0.0005440227025789723,Buy
2024-02-06,XOM,-0.00011477465682112331,Sell
2024-02-07,DIS,0.0007227299807779503,Buy
2024-02-07,SPY,-0.0001670748009194034,Sell
2024-02-07,KO,0.000510933558476076,Buy
2024-02-07,AAPL,0.0005337958650066948,Buy
2024-02-07,BA,-0.0008600711468979699,Sell
2024-02-07,JNJ,0.0006319855328783541,Buy
2024-02-07,JPM,0.0004160420688934935,Buy
2024-02-07,NVDA,-0.0018974202019711034,Sell
2024-02-07,WMT,0.0008149900430489132,Buy
2024-02-07,MSFT,-0.0013204723245989897,Sell
2024-02-07,XOM,0.000612771995762082,Buy
2024-02-08,DIS,-0.0096189328997721,Sell
2024-02-08,SPY,0.000708719829925486,Buy
2024-02-08,KO,0.0009889951117316442,Buy
2024-02-08,AAPL,0.0012673853055229223,Buy
2024-02-08,BA,0.0018972401585541782,Buy
2024-02-08,JNJ,0.0016502549888964824,Buy
2024-02-08,JPM,0.001072303672819866,Buy
2024-02-08,NVDA,0.0013376157615470619,Buy
2024-02-08,WMT,0.000753845569267636,Buy
2024-02-08,MSFT,0.0007354796674420017,Buy
2024-02-08,XOM,-0.0007950117648780342,Sell
2024-02-09,DIS,0.0019211184920343016,Buy
2024-02-09,SPY,-0.0003685291459293166,Sell
2024-02-09,KO,0.0005655187365554704,Buy
2024-02-09,AAPL,-0.00021557125290559698,Sell
2024-02-09,BA,0.00016464651219694204,Buy
2024-02-09,JNJ,-5.2928128440835054e-05,Sell
2024-02-09,JPM,4.6946172659462215e-05,Buy
2024-02-09,NVDA,-0.003091531575151435,Sell
2024-02-09,WMT,0.00020420320271907766,Buy
2024-02-09,MSFT,-0.0012553725289339845,Sell
2024-02-09,XOM,0.002076302001515623,Buy
2024-02-12,DIS,-0.0005717721065979925,Sell
2024-02-12,SPY,0.00022140536295162105,Buy
2024-02-12,KO,-3.167507991223839e-05,Sell
2024-02-12,AAPL,0.0009982924273647248,Buy
2024-02-12,BA,0.00012519296112104006,Buy
2024-02-12,JNJ,-0.00044929557343276194,Sell
2024-02-12,JPM,-0.0002227838051065273,Sell
2024-02-12,NVDA,3.694784380854632e-05,Buy
2024-02-12,WMT,-0.0003651043499458273,Sell
2024-02-12,MSFT,0.0013228202538260736,Buy
2024-02-12,XOM,-0.0010665136263560554,Sell
2024-02-13,DIS,-0.0018122683333085948,Sell
2024-02-13,SPY,0.0004333624617391396,Buy
2024-02-13,KO,-0.0002923227106471221,Sell
2024-02-13,AAPL,0.00020413636748835284,Buy
2024-02-13,BA,0.0013041253634431538,Buy
2024-02-13,JNJ,-2.810746046111312e-05,Sell
2024-02-13,JPM,-3.1703931175228184e-05,Sell
2024-02-13,NVDA,-0.0006778030896197468,Sell
2024-02-13,WMT,-0.00020527053814138607,Sell
2024-02-13,MSFT,0.0011448643635972727,Buy
2024-02-13,XOM,-4.03777985661935e-05,Sell
2024-02-14,DIS,-0.0005765823212602744,Sell
2024-02-14,SPY,-0.000497707147811069,Sell
2024-02-14,KO,0.00041704989070405485,Buy
2024-02-14,AAPL,0.000761166796120108,Buy
2024-02-14,BA,0.0008039632116924877,Buy
2024-02-14,JNJ,0.0007480664224934347,Buy
2024-02-14,JPM,-0.0005946012146776369,Sell
2024-02-14,NVDA,-0.0018999230279696244,Sell
2024-02-14,WMT,0.0006146742621502138,Buy
2024-02-14,MSFT,-0.0005500496690598322,Sell
2024-02-14,XOM,0.0007724047385002514,Buy
2024-02-15,DIS,-0.0001513597345371015,Sell
2024-02-15,SPY,-5.3974246651142255e-05,Sell
2024-02-15,KO,0.00040173610743347854,Buy
2024-02-15,AAPL,0.0007116236542634158,Buy
2024-02-15,BA,-0.00029682657681852354,Sell
2024-02-15,JNJ,-0.0006951916536434982,Sell
2024-02-15,JPM,-0.0014013550765973742,Sell
2024-02-15,NVDA,0.0020876611726382555,Buy
2024-02-15,WMT,0.00019963536499910395,Buy
2024-02-15,MSFT,0.0012157373016091627,Buy
2024-02-15,XOM,-0.0020197324644536108,Sell
2024-02-16,DIS,0.0004037837845356079,Buy
2024-02-16,SPY,0.00016859726559144417,Buy
2024-02-16,KO,-0.0002701849091368419,Sell
2024-02-16,AAPL,0.00048324946110044065,Buy
2024-02-16,BA,0.00035401357959986834,Buy
2024-02-16,JNJ,-0.00018080171707897386,Sell
2024-02-16,JPM,0.0001403416916140876,Buy
2024-02-16,NVDA,-0.00022905418962657076,Sell
2024-02-16,WMT,-0.0008619566706433157,Sell
2024-02-16,MSFT,0.0002752404205254022,Buy
2024-02-16,XOM,-0.0002855446764526842,Sell
2024-02-20,DIS,0.0015887085300023834,Buy
2024-02-20,SPY,0.0003272651008951327,Buy
2024-02-20,KO,-0.0021832664229278625,Sell
2024-02-20,AAPL,0.00020050257847195607,Buy
2024-02-20,BA,5.8107743616059304e-05,Buy
2024-02-20,JNJ,-0.0009363811271008993,Sell
2024-02-20,JPM,-0.0005303181797377821,Sell
2024-02-20,NVDA,0.0037908411980951823,Buy
2024-02-20,WMT,-0.0031147750937143698,Sell
2024-02-20,MSFT,0.00011207149388592352,Buy
2024-02-20,XOM,0.000686329236639513,Buy
2024-02-21,DIS,0.0012972906497864256,Buy
2024-02-21,SPY,-0.0002583592829161485,Sell
2024-02-21,KO,-0.0009861691264406863,Sell
2024-02-21,AAPL,-0.0005571258245968269,Sell
2024-02-21,BA,0.0006303228544645573,Buy
2024-02-21,JNJ,-0.0006489907298464631,Sell
2024-02-21,JPM,-0.000768815979711665,Sell
2024-02-21,NVDA,0.002420878709135016,Buy
2024-02-21,WMT,0.0009428995003504664,Buy
2024-02-21,MSFT,-3.789047458756245e-05,Sell
2024-02-21,XOM,-0.002037428979635214,Sell
2024-02-22,DIS,0.0020410708344583417,Buy
2024-02-22,SPY,0.00017662004063932757,Buy
2024-02-22,KO,0.002146945343361517,Buy
2024-02-22,AAPL,0.0010168019940708373,Buy
2024-02-22,BA,0.0020471774423698047,Buy
2024-02-22,JNJ,0.0010247631831980103,Buy
2024-02-22,JPM,0.0009499854058566959,Buy
2024-02-22,NVDA,-0.012562901212191419,Sell
2024-02-22,WMT,0.0011411959579775005,Buy
2024-02-22,MSFT,-7.683464592363187e-05,Sell
2024-02-22,XOM,0.0020925878117454694,Buy
2024-02-23,DIS,-0.0001246812030887695,Sell
2024-02-23,SPY,-0.00010291537695839015,Sell
2024-02-23,KO,-0.00011455386647458987,Sell
2024-02-23,AAPL,0.0008723989285936706,Buy
2024-02-23,BA,0.0002622214808094131,Buy
2024-02-23,JNJ,-0.0008281007129691265,Sell
2024-02-23,JPM,-0.0004972442366254076,Sell
2024-02-23,NVDA,-0.0003632733268584126,Sell
2024-02-23,WMT,-0.0001179630644676799,Sell
2024-02-23,MSFT,0.00024924860908824564,Buy
2024-02-23,XOM,0.000758540754340023,Buy
2024-02-26,DIS,-4.840412854358045e-05,Sell
2024-02-26,SPY,0.0002342443867289351,Buy
2024-02-26,KO,0.000629572409110199,Buy
2024-02-26,AAPL,0.000579057100477412,Buy
2024-02-26,BA,3.233688059492423e-05,Buy
2024-02-26,JNJ,0.0004913550200896927,Buy
2024-02-26,JPM,0.00021254622116259614,Buy
2024-02-26,NVDA,-0.00041663081282786174,Sell
2024-02-26,WMT,-0.0017786556298385187,Sell
2024-02-26,MSFT,0.0005219161145383205,Buy
2024-02-26,XOM,-0.0004584115161303387,Sell
2024-02-27,DIS,-0.0013129446972818537,Sell
2024-02-27,SPY,-1.503512826384057e-05,Sell
2024-02-27,KO,0.0007066941206223532,Buy
2024-02-27,AAPL,-0.0005828576272547958,Sell
2024-02-27,BA,-0.00023562694808099138,Sell
2024-02-27,JNJ,4.6329987236373715e-05,Buy
2024-02-27,JPM,0.00010902939795548461,Buy
2024-02-27,NVDA,0.000602251943296675,Buy
2024-02-27,WMT,0.00016879968131433554,Buy
2024-02-27,MSFT,0.00016692734255330244,Buy
2024-02-27,XOM,0.00034508342720278307,Buy
2024-02-28,DIS,-0.000873245595203645,Sell
2024-02-28,SPY,0.0003896923135973118,Buy
2024-02-28,KO,0.00017975373012395213,Buy
2024-02-28,AAPL,0.0008704092251336643,Buy
2024-02-28,BA,-0.0022503648536098125,Sell
2024-02-28,JNJ,-5.103847442101961e-05,Sell
2024-02-28,JPM,-0.0001896090564673797,Sell
2024-02-28,NVDA,0.0014653399432974223,Buy
2024-02-28,WMT,0.00022425927974975557,Buy
2024-02-28,MSFT,0.00021651616458173706,Buy
2024-02-28,XOM,1.721761338663308e-05,Buy
2024-02-29,DIS,-0.000548521870654739,Sell
2024-02-29,SPY,-0.00023568415413431631,Sell
2024-02-29,KO,0.000662192754876223,Buy
2024-02-29,AAPL,0.00042621837523505735,Buy
2024-02-29,BA,0.0015298619248093892,Buy
2024-02-29,JNJ,0.000186386851793105,Buy
2024-02-29,JPM,-0.0007366757888345732,Sell
2024-02-29,NVDA,-0.0016036214783229086,Sell
2024-02-29,WMT,0.0016293283042909945,Buy
2024-02-29,MSFT,-0.0012278633751000023,Sell
2024-02-29,XOM,-8.330172550150006e-05,Sell
2024-03-01,DIS,3.22174292523153e-05,Buy
2024-03-01,SPY,-0.0005177829311815291,Sell
2024-03-01,KO,0.0010720317180751282,Buy
2024-03-01,AAPL,0.0008787955420062055,Buy
2024-03-01,BA,0.001986534463372769,Buy
2024-03-01,JNJ,-8.276433649609394e-05,Sell
2024-03-01,JPM,0.0007074080159194529,Buy
2024-03-01,NVDA,-0.0032933728969988946,Sell
2024-03-01,WMT,0.00010075954759006245,Buy
2024-03-01,MSFT,-7.470994291193522e-05,Sell
2024-03-01,XOM,-0.0008113259107720011,Sell
2024-03-04,DIS,-0.0012482048601850648,Sell
2024-03-04,SPY,0.00025956240395220986,Buy
2024-03-04,KO,-0.00026458935315157306,Sell
2024-03-04,AAPL,0.0024655031605708005,Buy
2024-03-04,BA,-8.27730344616362e-05,Sell
2024-03-04,JNJ,0.001438474281532015,Buy
2024-03-04,JPM,-0.0005185302372785888,Sell
2024-03-04,NVDA,-0.0031002108284387125,Sell
2024-03-04,WMT,-0.0006717171012285417,Sell
2024-03-04,MSFT,0.0002889223880718078,Buy
2024-03-04,XOM,0.001431178019209195,Buy
2024-03-05,DIS,0.00038446070972761315,Buy
2024-03-05,SPY,0.0006380925484517769,Buy
2024-03-05,KO,0.00016891875264250789,Buy
2024-03-05,AAPL,0.0023201122146810915,Buy
2024-03-05,BA,-0.0005460106183503843,Sell
2024-03-05,JNJ,-0.0003473684422045653,Sell
2024-03-05,JPM,-0.0011865677494749677,Sell
2024-03-05,NVDA,-0.0010552069474670106,Sell
2024-03-05,WMT,-0.001411051134092095,Sell
2024-03-05,MSFT,0.0024232332221703484,Buy
2024-03-05,XOM,-0.0013915638149720744,Sell
2024-03-06,DIS,0.0024666004574076666,Buy
2024-03-06,SPY,-0.0002510886392601136,Sell
2024-03-06,KO,0.00016280378724237154,Buy
2024-03-06,AAPL,0.0007416669759810618,Buy
2024-03-06,BA,0.00027164666616767696,Buy
2024-03-06,JNJ,0.0005657184050832237,Buy
2024-03-06,JPM,-0.0002629185232331521,Sell
2024-03-06,NVDA,-0.0026782348264837996,Sell
2024-03-06,WMT,-0.0005921380190075792,Sell
2024-03-06,MSFT,0.0003346619069650447,Buy
2024-03-06,XOM,-0.0007616795294220352,Sell
2024-03-07,DIS,0.0004866354495332431,Buy
2024-03-07,SPY,-0.0003114685191656641,Sell
2024-03-07,KO,0.0007519673990796921,Buy
2024-03-07,AAPL,0.0006492085789080032,Buy
2024-03-07,BA,-0.0003271022133586876,Sell
2024-03-07,JNJ,0.0008515513144804199,Buy
2024-03-07,JPM,0.001376224629973638,Buy
2024-03-07,NVDA,-0.0034565383512618897,Sell
2024-03-07,WMT,0.0008982806227549878,Buy
2024-03-07,MSFT,-0.0009985570297468965,Sell
2024-03-07,XOM,7.754045466017156e-05,Buy
2024-03-08,DIS,-0.0006713870015133266,Sell
2024-03-08,SPY,-6.171756535097717e-06,Sell
2024-03-08,KO,-0.0006782661758523989,Sell
2024-03-08,AAPL,-0.0014914554500459337,Sell
2024-03-08,BA,0.0014900862672703047,Buy
2024-03-08,JNJ,-0.0009293713279661803,Sell
2024-03-08,JPM,-0.0007255577288416692,Sell
2024-03-08,NVDA,0.004518989162010753,Buy
2024-03-08,WMT,-0.000191482514393021,Sell
2024-03-08,MSFT,9.75939604462156e-05,Buy
2024-03-08,XOM,-0.001415539252775988,Sell
2024-03-11,DIS,-0.0015339617756744972,Sell
2024-03-11,SPY,0.00018208856103905935,Buy
2024-03-11,KO,-0.0009944438869808753,Sell
2024-03-11,AAPL,-0.0009703428584952462,Sell
2024-03-11,BA,0.0028488851653620806,Buy
2024-03-11,JNJ,-0.0008693961598992689,Sell
2024-03-11,JPM,7.022945870546748e-05,Buy
2024-03-11,NVDA,0.0019236787848252446,Buy
2024-03-11,WMT,-0.0007116122209444159,Sell
2024-03-11,MSFT,0.00048403693742889164,Buy
2024-03-11,XOM,-0.0004322124864670901,Sell
2024-03-12,DIS,0.0006825009305976987,Buy
2024-03-12,SPY,-0.00016646610208043144,Sell
2024-03-12,KO,0.0004139476395556424,Buy
2024-03-12,AAPL,0.0005524758703390614,Buy
2024-03-12,BA,0.0046647422465652955,Buy
2024-03-12,JNJ,-4.105217228578262e-05,Sell
2024-03-12,JPM,6.11012750375145e-05,Buy
2024-03-12,NVDA,-0.005646222896890485,Sell
2024-03-12,WMT,-0.0003112258618582775,Sell
2024-03-12,MSFT,-0.0015939333028471836,Sell
2024-03-12,XOM,0.0013814014839872157,Buy
2024-03-13,DIS,-0.00018043510018862785,Sell
2024-03-13,SPY,-5.314740044892741e-06,Sell
2024-03-13,KO,-0.0010811962123459251,Sell
2024-03-13,AAPL,0.0009557948370447766,Buy
2024-03-13,BA,0.0007860490712422868,Buy
2024-03-13,JNJ,0.0007695832379091272,Buy
2024-03-13,JPM,-0.0008867167797992626,Sell
2024-03-13,NVDA,0.000867428531206485,Buy
2024-03-13,WMT,4.471435027701698e-05,Buy
2024-03-13,MSFT,-0.00010858163552035505,Sell
2024-03-13,XOM,-0.001165210643881226,Sell
2024-03-14,DIS,0.00015351563287277492,Buy
2024-03-14,SPY,-2.272173114131748e-05,Sell
2024-03-14,AAPL,-0.0011984380686305418,Sell
2024-03-14,BA,0.00039676042677337653,Buy
2024-03-14,JNJ,0.0008660758412281921,Buy
2024-03-14,JPM,0.0014206100887708545,Buy
2024-03-14,NVDA,0.00274842138852302,Buy
2024-03-14,WMT,-0.000125251559383463,Sell
2024-03-14,MSFT,-0.002424110614123065,Sell
2024-03-14,XOM,-0.0018166005518024803,Sell
2024-03-15,DIS,-0.00020945010174024115,Sell
2024-03-15,SPY,0.0003273203584379242,Buy
2024-03-15,KO,0.0006357189410785696,Buy
2024-03-15,AAPL,-9.863446300968637e-05,Sell
2024-03-15,BA,-0.000993799651919841,Sell
2024-03-15,JNJ,0.0002911069161358054,Buy
2024-03-15,JPM,-0.0014295556040227198,Sell
2024-03-15,NVDA,-0.0001880075096488687,Sell
2024-03-15,WMT,0.00020922958120274393,Buy
2024-03-15,MSFT,0.0015886011018250712,Buy
2024-03-15,XOM,-0.00013533188628436776,Sell
2024-03-18,DIS,-0.0011782871718409582,Sell
2024-03-18,SPY,-0.0001796313735755728,Sell
2024-03-18,KO,-1.9523473124644086e-05,Sell
2024-03-18,AAPL,-0.00021849579128863095,Sell
2024-03-18,BA,0.0016929967652942052,Buy
2024-03-18,JNJ,0.0011713922741049126,Buy
2024-03-18,JPM,-0.0007644423264301925,Sell
2024-03-18,NVDA,-0.00027857402945931364,Sell
2024-03-18,WMT,8.991836314761747e-05,Buy
2024-03-18,MSFT,0.00016281044389244992,Buy
2024-03-18,XOM,-0.0004796843488413527,Sell
2024-03-19,SPY,2.2199285149029913e-05,Buy
2024-03-19,KO,0.00037416366776102383,Buy
2024-03-19,AAPL,-0.0007034020193926321,Sell
2024-03-19,BA,-0.00012887590003228533,Sell
2024-03-19,JNJ,0.0008416089595401355,Buy
2024-03-19,JPM,-5.638035529095808e-06,Sell
2024-03-19,NVDA,-0.0004390880015302523,Sell
2024-03-19,WMT,0.0005096419468591934,Buy
2024-03-19,MSFT,-0.0003613325151141239,Sell
2024-03-19,XOM,-0.00011134669990103818,Sell
2024-03-20,DIS,-0.0005354455439507411,Sell
2024-03-20,SPY,0.000164047918281382,Buy
2024-03-20,KO,0.0002194188061193647,Buy
2024-03-20,AAPL,-0.0003268493804854944,Sell
2024-03-20,BA,-0.0023002382192335302,Sell
2024-03-20,JNJ,0.00125471197995973,Buy
2024-03-20,JPM,-0.0001828051705023842,Sell
2024-03-20,NVDA,1.6077560022823012e-05,Buy
2024-03-20,WMT,0.00043437230951008654,Buy
2024-03-20,MSFT,0.00018064460095833235,Buy
2024-03-20,XOM,0.0010752002627834323,Buy
2024-03-21,DIS,-0.00016677857425395626,Sell
2024-03-21,SPY,-0.00027980153439950695,Sell
2024-03-21,KO,0.0004394348030031525,Buy
2024-03-21,AAPL,0.0037339953112027063,Buy
2024-03-21,BA,5.9248074024492725e-05,Buy
2024-03-21,JNJ,2.6351091372028845e-05,Buy
2024-03-21,JPM,-0.0012432850754196118,Sell
2024-03-21,NVDA,-0.001048546416710261,Sell
2024-03-21,WMT,-0.0002762450707931713,Sell
2024-03-21,MSFT,-0.0008643716593432771,Sell
2024-03-21,XOM,-0.0003816730240060462,Sell
2024-03-22,DIS,0.0007076348240431102,Buy
2024-03-22,SPY,0.00023371170151155474,Buy
2024-03-22,KO,3.1465085707518825e-05,Buy
2024-03-22,AAPL,-0.00042090158895859153,Sell
2024-03-22,BA,-0.0004950983660516051,Sell
2024-03-22,JNJ,0.0003648300690275025,Buy
2024-03-22,JPM,0.0011750715981491272,Buy
2024-03-22,NVDA,-0.002774148197800516,Sell
2024-03-22,WMT,0.0009189817633889485,Buy
2024-03-22,MSFT,0.00019481376604592315,Buy
2024-03-22,XOM,6.151085343204798e-05,Buy
2024-03-25,DIS,-0.0025595245354075313,Sell
2024-03-25,SPY,0.00042412517906405267,Buy
2024-03-25,KO,0.00030842654896708066,Buy
2024-03-25,AAPL,0.0009265653564499848,Buy
2024-03-25,BA,-0.0010565583176780774,Sell
2024-03-25,JNJ,0.00017928287376887952,Buy
2024-03-25,JPM,0.0010040868305716405,Buy
2024-03-25,NVDA,-0.0005127037577382643,Sell
2024-03-25,WMT,0.0006206165248879986,Buy
2024-03-25,MSFT,0.0014178302678267418,Buy
2024-03-25,XOM,-0.0007539879938024546,Sell
2024-03-26,DIS,-0.0008572096710941779,Sell
2024-03-26,SPY,-0.00025236925925475884,Sell
2024-03-26,KO,-0.0006327602770989232,Sell
2024-03-26,AAPL,0.0001883467310607595,Buy
2024-03-26,BA,0.0014445756491746897,Buy
2024-03-26,JNJ,-0.0007447000796368675,Sell
2024-03-26,JPM,-0.0008476500634030382,Sell
2024-03-26,NVDA,0.001925590989015999,Buy
2024-03-26,WMT,-0.00033058536615948597,Sell
2024-03-26,MSFT,-0.00015970151714395087,Sell
2024-03-26,XOM,0.0002640106319636293,Buy
2024-03-27,DIS,-3.567592482263404e-05,Sell
2024-03-27,SPY,-4.03775227933445e-06,Sell
2024-03-27,KO,2.3935424539392458e-05,Buy
2024-03-27,AAPL,-0.0011588013589983182,Sell
2024-03-27,BA,-0.0013860573460392628,Sell
2024-03-27,JNJ,-0.0005138695777495844,Sell
2024-03-27,JPM,-0.000992084653064093,Sell
2024-03-27,NVDA,0.003004571380881574,Buy
2024-03-27,WMT,0.00044074015999019667,Buy
2024-03-27,MSFT,0.0008006690156109747,Buy
2024-03-27,XOM,-0.00018128539380092568,Sell
2024-03-28,DIS,-0.0009088366428159217,Sell
2024-03-28,SPY,0.00014406374918206344,Buy
2024-03-28,KO,-9.641859944098385e-05,Sell
2024-03-28,AAPL,0.0010852835477132838,Buy
2024-03-28,BA,-0.000365164387185854,Sell
2024-03-28,JNJ,-5.484938369437753e-06,Sell
2024-03-28,JPM,-0.00022820834106292154,Sell
2024-03-28,NVDA,2.0084580034551713e-05,Buy
2024-03-28,WMT,0.0009490079609767443,Buy
2024-03-28,MSFT,0.00027963785398306407,Buy
2024-03-28,XOM,-0.0008760972387266419,Sell
2024-04-01,DIS,0.000288981855130252,Buy
2024-04-01,SPY,-0.00017117011995604337,Sell
2024-04-01,KO,0.0004157465054434595,Buy
2024-04-01,AAPL,0.00044158081273462657,Buy
2024-04-01,BA,0.0013200386883342602,Buy
2024-04-01,JNJ,-9.343553581024622e-05,Sell
2024-04-01,JPM,0.00028957924358491427,Buy
2024-04-01,NVDA,-0.0003369834483410439,Sell
2024-04-01,WMT,-7.21392141513344e-05,Sell
2024-04-01,MSFT,-0.0011648326895994932,Sell
2024-04-01,XOM,-0.0009186101678207992,Sell
2024-04-02,DIS,-0.0012312921735149335,Sell
2024-04-02,SPY,0.00031614615552197356,Buy
2024-04-02,KO,0.0005328034108177254,Buy
2024-04-02,AAPL,0.00037457139384153293,Buy
2024-04-02,BA,0.00043891538799070706,Buy
2024-04-02,JNJ,-0.00023463644949199558,Sell
2024-04-02,JPM,-0.0002268605217502495,Sell
2024-04-02,NVDA,0.0006556385810251031,Buy
2024-04-02,WMT,0.001012897383307329,Buy
2024-04-02,MSFT,0.0004086005555180572,Buy
2024-04-02,XOM,-0.0020481659931576857,Sell
2024-04-03,DIS,0.002236166303604431,Buy
2024-04-03,SPY,-0.0007262311811092464,Sell
2024-04-03,KO,-0.0001387172479694332,Sell
2024-04-03,AAPL,-0.0010648230291261662,Sell
2024-04-03,BA,0.0008930751343749765,Buy
2024-04-03,JNJ,0.0013880608663215804,Buy
2024-04-03,JPM,-0.00036792072442234924,Sell
2024-04-03,NVDA,-0.00012633657136941479,Sell
2024-04-03,WMT,-0.00104345201494134,Sell
2024-04-03,MSFT,-0.0004106629198982331,Sell
2024-04-03,XOM,-0.0006410416187606766,Sell
2024-04-04,DIS,0.0005777523634067638,Buy
2024-04-04,SPY,0.00024006031070041012,Buy
2024-04-04,KO,-6.721611230865732e-05,Sell
2024-04-04,AAPL,-0.00043127050555578916,Sell
2024-04-04,BA,-7.123736150686788e-05,Sell
2024-04-04,JNJ,0.0001669088803833152,Buy
2024-04-04,JPM,-0.00018195121287060967,Sell
2024-04-04,NVDA,0.0022758473844867733,Buy
2024-04-04,WMT,-0.0009884316938085363,Sell
2024-04-04,MSFT,-0.0003192597166492145,Sell
2024-04-04,XOM,-0.0012034833346533935,Sell
2024-04-05,DIS,-0.00017700621521465898,Sell
2024-04-05,SPY,-0.0001256222505478799,Sell
2024-04-05,KO,0.0004965247293732405,Buy
2024-04-05,AAPL,0.000410001730728915,Buy
2024-04-05,BA,0.0008892960094943753,Buy
2024-04-05,JNJ,0.0008805478288320123,Buy
2024-04-05,JPM,-1.3283816622591815e-05,Sell
2024-04-05,NVDA,-0.0013899941993739812,Sell
2024-04-05,WMT,0.00028560642200128883,Buy
2024-04-05,MSFT,-0.0008315838493884037,Sell
2024-04-05,XOM,-0.00042610261318684617,Sell
2024-04-08,DIS,0.00039958470292394965,Buy
2024-04-08,SPY,-0.0004459119967277769,Sell
2024-04-08,KO,-2.6620495207102524e-05,Sell
2024-04-08,AAPL,0.00021357767057540722,Buy
2024-04-08,BA,0.00039287290147722864,Buy
2024-04-08,JNJ,8.449557701874222e-05,Buy
2024-04-08,JPM,-0.0008711300004689282,Sell
2024-04-08,NVDA,0.0005129481806225161,Buy
2024-04-08,WMT,-0.00028804420607882186,Sell
2024-04-08,MSFT,-0.0001952893028525915,Sell
2024-04-08,XOM,0.00022202914238064753,Buy
2024-04-09,DIS,-0.0005701951264074773,Sell
2024-04-09,SPY,-0.00019468175446887837,Sell
2024-04-09,KO,-0.0007803076064183678,Sell
2024-04-09,AAPL,-0.0007484745993129871,Sell
2024-04-09,BA,0.0016347241382575622,Buy
2024-04-09,JNJ,-0.0005096202412414735,Sell
2024-04-09,JPM,0.0005203517736334234,Buy
2024-04-09,NVDA,0.0017685197743210063,Buy
2024-04-09,WMT,-0.00010464193779900766,Sell
2024-04-09,MSFT,-0.0004516176357941687,Sell
2024-04-09,XOM,-0.0005649708089542765,Sell
2024-04-10,DIS,0.0002047449108267263,Buy
2024-04-10,SPY,0.0005153182871590195,Buy
2024-04-10,KO,0.0008241800721295045,Buy
2024-04-10,AAPL,0.0006181311687218499,Buy
2024-04-10,BA,0.0013900750414393148,Buy
2024-04-10,JNJ,0.0008541209184052267,Buy
2024-04-10,JPM,0.00037910551367115186,Buy
2024-04-10,NVDA,-0.0022015275483262264,Sell
2024-04-10,WMT,-0.0016664968991690482,Sell
2024-04-10,MSFT,0.0002479094893964584,Buy
2024-04-10,XOM,-0.0011675315912332979,Sell
2024-04-11,DIS,0.0006531543116758826,Buy
2024-04-11,SPY,-5.905085170353208e-05,Sell
2024-04-11,KO,0.0004231420452279616,Buy
2024-04-11,AAPL,-0.0032844527368324355,Sell
2024-04-11,BA,0.0012789511078052096,Buy
2024-04-11,JNJ,0.0014699256922820758,Buy
2024-04-11,JPM,0.00064082717942332,Buy
2024-04-11,NVDA,-0.0030881389501361545,Sell
2024-04-11,WMT,0.0014117175756011152,Buy
2024-04-11,MSFT,-0.000373838382365807,Sell
2024-04-11,XOM,0.0009252629562541692,Buy
2024-04-12,DIS,0.0008651330203164193,Buy
2024-04-12,SPY,-0.0003376996961088896,Sell
2024-04-12,KO,-0.0004083268437737597,Sell
2024-04-12,AAPL,-0.0024129890763120443,Sell
2024-04-12,BA,0.0004186211474022927,Buy
2024-04-12,JNJ,-0.0008250886554942993,Sell
2024-04-12,JPM,0.004369429781136511,Buy
2024-04-12,NVDA,0.0008663476391142927,Buy
2024-04-12,WMT,-0.0016917999309434273,Sell
2024-04-12,MSFT,-0.0003110439643158186,Sell
2024-04-12,XOM,-0.0005360459679858431,Sell
2024-04-15,DIS,-5.522920004881471e-05,Sell
2024-04-15,SPY,0.00024140519778555192,Buy
2024-04-15,KO,-0.0006883325205005869,Sell
2024-04-15,AAPL,0.0010985696897135716,Buy
2024-04-15,BA,2.7960870345455913e-05,Buy
2024-04-15,JNJ,-0.0009524743055489698,Sell
2024-04-15,JPM,-0.000959139024811248,Sell
2024-04-15,NVDA,0.0013660962350863087,Buy
2024-04-15,WMT,-0.0005882965670007956,Sell
2024-04-15,MSFT,0.0008887113055827678,Buy
2024-04-15,XOM,-0.0003825649114942292,Sell
2024-04-16,DIS,-0.0009292531087215644,Sell
2024-04-16,SPY,-1.3143388650854737e-05,Sell
2024-04-16,KO,-5.392859187768051e-05,Sell
2024-04-16,AAPL,0.0015666523067309618,Buy
2024-04-16,BA,-0.0016610366927830716,Sell
2024-04-16,JNJ,0.0017586523262463905,Buy
2024-04-16,JPM,0.0008616594856324516,Buy
2024-04-16,NVDA,-0.0016769078757870315,Sell
2024-04-16,WMT,-4.246839696528393e-05,Sell
2024-04-16,MSFT,-0.00038626095591978715,Sell
2024-04-16,XOM,0.000574219123630676,Buy
2024-04-17,DIS,0.0001952755079428492,Buy
2024-04-17,SPY,-1.8381581267920555e-05,Sell
2024-04-17,KO,-0.001268662101648707,Sell
2024-04-17,AAPL,0.00018549213540773601,Buy
2024-04-17,BA,-0.0003773759149073713,Sell
2024-04-17,JNJ,-0.0007623631871122444,Sell
2024-04-17,JPM,-0.00019545038532205183,Sell
2024-04-17,NVDA,0.002977028114974037,Buy
2024-04-17,WMT,-0.00026928893416444666,Sell
2024-04-17,MSFT,4.481215897898794e-05,Buy
2024-04-17,XOM,-0.0005134815183937408,Sell
2024-04-18,DIS,0.0003245977163634506,Buy
2024-04-18,SPY,0.00010093340750556845,Buy
2024-04-18,KO,-0.0007084034060515082,Sell
2024-04-18,AAPL,0.00043367598979916766,Buy
2024-04-18,BA,-9.699651279962418e-05,Sell
2024-04-18,JNJ,-0.000695985952589892,Sell
2024-04-18,JPM,-0.0006775118855211898,Sell
2024-04-18,NVDA,-0.000774994459626116,Sell
2024-04-18,WMT,0.0005086231712914391,Buy
2024-04-18,MSFT,0.001586278810092906,Buy
2024-04-18,XOM,-1.9203971576425838e-06,Sell
2024-04-19,DIS,-0.0006209830879255474,Sell
2024-04-19,SPY,0.0003229638770099186,Buy
2024-04-19,KO,-0.0024292246241153503,Sell
2024-04-19,AAPL,0.0006413583848562804,Buy
2024-04-19,BA,-0.00025458124870476884,Sell
2024-04-19,JNJ,-0.0018353429288119893,Sell
2024-04-19,JPM,-0.0027687264484698576,Sell
2024-04-19,NVDA,0.008667914543289829,Buy
2024-04-19,WMT,-0.0008910271816992277,Sell
2024-04-19,MSFT,0.00068945482779742,Buy
2024-04-19,XOM,-0.001523291308180949,Sell
2024-04-22,DIS,0.0014006710075310097,Buy
2024-04-22,SPY,7.627232460001576e-05,Buy
2024-04-22,KO,0.000336707459305266,Buy
2024-04-22,AAPL,0.00044693662065722894,Buy
2024-04-22,BA,0.0005553404845364263,Buy
2024-04-22,JNJ,0.00016884438130478074,Buy
2024-04-22,JPM,-0.0008436136673700689,Sell
2024-04-22,NVDA,-0.0030139371822769795,Sell
2024-04-22,WMT,-1.713436859866746e-05,Sell
2024-04-22,MSFT,0.0004902023275434875,Buy
2024-04-22,XOM,0.0003946007830532977,Buy
2024-04-23,DIS,-0.0006943894481613172,Sell
2024-04-23,SPY,-0.00037936832788112995,Sell
2024-04-23,KO,0.0005571116661992337,Buy
2024-04-23,AAPL,0.0001145666512822191,Buy
2024-04-23,BA,0.0013791726145788719,Buy
2024-04-23,JNJ,0.00042501776381517753,Buy
2024-04-23,JPM,-0.0006091065585076133,Sell
2024-04-23,NVDA,-0.0026046826505546905,Sell
2024-04-23,WMT,0.0022663449378410305,Buy
2024-04-23,MSFT,-0.0007960748518731353,Sell
2024-04-23,XOM,0.00033948685865632655,Buy
2024-04-24,DIS,-0.00031637528847615337,Sell
2024-04-24,SPY,-0.00010499063227213667,Sell
2024-04-24,KO,-0.0015146552127305174,Sell
2024-04-24,AAPL,-0.001304835655929537,Sell
2024-04-24,BA,0.0024621905913096015,Buy
2024-04-24,JNJ,0.0004788900259362766,Buy
2024-04-24,JPM,-0.0005936898072928382,Sell
2024-04-24,NVDA,0.0028854429109604063,Buy
2024-04-24,WMT,-0.0013501793368843606,Sell
2024-04-24,MSFT,-0.00048108860935036635,Sell
2024-04-24,XOM,-0.00016325445892823032,Sell
2024-04-25,DIS,0.001080820074915001,Buy
2024-04-25,SPY,0.0005094962589461544,Buy
2024-04-25,KO,-0.00011535590332288626,Sell
2024-04-25,AAPL,-0.0003023260714602738,Sell
2024-04-25,BA,-0.0012047006833486584,Sell
2024-04-25,JNJ,0.0012094725109050158,Buy
2024-04-25,JPM,2.848151090796558e-05,Buy
2024-04-25,NVDA,-0.003200681411860598,Sell
2024-04-25,WMT,-0.0003505597644739705,Sell
2024-04-25,MSFT,0.0023875706442457734,Buy
2024-04-25,XOM,-4.5125782154625815e-05,Sell
2024-04-26,DIS,0.00048811122379573135,Buy
2024-04-26,SPY,-0.000400908859094426,Sell
2024-04-26,KO,0.00045603305448480014,Buy
2024-04-26,AAPL,0.0007701749370697814,Buy
2024-04-26,BA,0.00023370774118125492,Buy
2024-04-26,JNJ,0.0008749768702060456,Buy
2024-04-26,JPM,0.0003998931835286629,Buy
2024-04-26,NVDA,-0.005129967398435464,Sell
2024-04-26,WMT,0.0005311427559697851,Buy
2024-04-26,MSFT,-0.001194171820354431,Sell
2024-04-26,XOM,0.0029684127499192137,Buy
2024-04-29,DIS,0.0011303857028590741,Buy
2024-04-29,SPY,0.00028993728979050115,Buy
2024-04-29,KO,0.00017095639349298808,Buy
2024-04-29,AAPL,-0.001630431773872426,Sell
2024-04-29,BA,-0.002776097312279943,Sell
2024-04-29,JNJ,0.0001895480744450312,Buy
2024-04-29,JPM,0.0007077339159261703,Buy
2024-04-29,NVDA,0.0005870918694311777,Buy
2024-04-29,WMT,0.0004896446220602341,Buy
2024-04-29,MSFT,0.0015142206660842122,Buy
2024-04-29,XOM,-0.0006763287750304742,Sell
2024-04-30,DIS,-0.0006766727166033076,Sell
2024-04-30,SPY,-2.0935022497184375e-05,Sell
2024-04-30,KO,-0.001082455022987719,Sell
2024-04-30,AAPL,0.0002035701748133445,Buy
2024-04-30,BA,0.001524411142116655,Buy
2024-04-30,JNJ,-8.119063777776991e-05,Sell
2024-04-30,JPM,-0.0007483798128396502,Sell
2024-04-30,NVDA,-5.795989418479197e-05,Sell
2024-04-30,WMT,-0.00011950411369217318,Sell
2024-04-30,MSFT,0.0014830814170742057,Buy
2024-04-30,XOM,-0.00042654759558773125,Sell
2024-05-01,DIS,0.0005370107757393799,Buy
2024-05-01,SPY,0.00032497459183092325,Buy
2024-05-01,KO,-0.00020553058924295542,Sell
2024-05-01,AAPL,0.0005794200911369424,Buy
2024-05-01,BA,-0.0019302386401683636,Sell
2024-05-01,JNJ,-0.004112161274383533,Sell
2024-05-01,JPM,-2.7026652817757624e-05,Sell
2024-05-01,NVDA,0.0035650320905920296,Buy
2024-05-01,WMT,0.0007954889107546215,Buy
2024-05-01,MSFT,-0.0012796633259355428,Sell
2024-05-01,XOM,0.0017510883732551191,Buy
2024-05-02,DIS,-0.0005749338763314515,Sell
2024-05-02,SPY,0.00032401544102023117,Buy
2024-05-02,KO,0.0010764865648154737,Buy
2024-05-02,AAPL,-0.0008138376285727195,Sell
2024-05-02,BA,-0.002704632707643484,Sell
2024-05-02,JNJ,0.001911416016439127,Buy
2024-05-02,JPM,0.001257003359895953,Buy
2024-05-02,NVDA,-0.0018366942157601596,Sell
2024-05-02,WMT,-0.00014804239174333322,Sell
2024-05-02,MSFT,0.0005044671556384828,Buy
2024-05-02,XOM,0.0010010237098116992,Buy
2024-05-03,DIS,0.00027948352978338087,Buy
2024-05-03,SPY,-4.352772321511433e-06,Sell
2024-05-03,KO,0.000848002696255748,Buy
2024-05-03,AAPL,-0.004262765800911145,Sell
2024-05-03,BA,0.0006367829021865085,Buy
2024-05-03,JNJ,0.0014981017226594756,Buy
2024-05-03,JPM,0.0016475794459661908,Buy
2024-05-03,NVDA,-0.0020011985223155754,Sell
2024-05-03,WMT,0.0009433113149230066,Buy
2024-05-03,MSFT,-0.0008821024379007947,Sell
2024-05-03,XOM,0.0012941568372739493,Buy
2024-05-06,DIS,-0.0015252849533022722,Sell
2024-05-06,SPY,-0.00022671642806548764,Sell
2024-05-06,KO,0.00044364882718408993,Buy
2024-05-06,AAPL,0.0015262964774500482,Buy
2024-05-06,BA,0.00142728637402334,Buy
2024-05-06,JNJ,0.001121782726733897,Buy
2024-05-06,NVDA,-0.0026995962312153093,Sell
2024-05-06,WMT,0.0006294183754857186,Buy
2024-05-06,MSFT,-0.0008212837166586828,Sell
2024-05-06,XOM,0.00012159299754113673,Buy
2024-05-07,DIS,0.007777003469736657,Buy
2024-05-07,SPY,-0.0010643139141050806,Sell
2024-05-07,KO,-0.001360777417600989,Sell
2024-05-07,AAPL,-0.0013118073129999575,Sell
2024-05-07,BA,-0.00011814492358934447,Sell
2024-05-07,JNJ,-0.0010495131263696528,Sell
2024-05-07,JPM,-0.0008433088622823715,Sell
2024-05-07,NVDA,0.0006184489102661617,Buy
2024-05-07,WMT,-0.00211384064461681,Sell
2024-05-07,MSFT,-2.9883469997160628e-05,Sell
2024-05-07,XOM,-0.000506526528504192,Sell
2024-05-08,DIS,0.0003229938910145752,Buy
2024-05-08,SPY,0.0003572005999672445,Buy
2024-05-08,KO,3.3387004405319165e-05,Buy
2024-05-08,AAPL,0.00019716856274816508,Buy
2024-05-08,BA,-0.0014991202479192611,Sell
2024-05-08,JNJ,0.00022591861034992888,Buy
2024-05-08,JPM,-0.0014756126919201473,Sell
2024-05-08,NVDA,0.0005079219852552885,Buy
2024-05-08,WMT,0.0008439087481173779,Buy
2024-05-08,MSFT,0.00010051778107682263,Buy
2024-05-08,XOM,0.00038153426528010626,Buy
2024-05-09,DIS,0.00011523835121968196,Buy
2024-05-09,SPY,-9.71757723978589e-05,Sell
2024-05-09,KO,0.0003809832848522682,Buy
2024-05-09,AAPL,-0.00048194449964313046,Sell
2024-05-09,BA,-2.736261567350129e-05,Sell
2024-05-09,JNJ,-0.0001225511272226476,Sell
2024-05-09,JPM,-0.00043142213916984307,Sell
2024-05-09,NVDA,0.0020905189548253156,Buy
2024-05-09,WMT,-9.982147759317328e-05,Sell
2024-05-09,MSFT,3.1877322799883645e-05,Buy
2024-05-09,XOM,-0.0013598196679354968,Sell
2024-05-10,DIS,6.86122799225114e-05,Buy
2024-05-10,SPY,-5.70090701284276e-05,Sell
2024-05-10,KO,-0.0004889917053312182,Sell
2024-05-10,AAPL,0.0006859884181099757,Buy
2024-05-10,BA,0.0014334202695647502,Buy
2024-05-10,JNJ,2.365789899183568e-05,Buy
2024-05-10,JPM,-0.0005241508676783191,Sell
2024-05-10,NVDA,-0.0010977596921517146,Sell
2024-05-10,MSFT,-0.0004731897672110019,Sell
2024-05-10,XOM,0.0004282202855564188,Buy
2024-05-13,DIS,0.00023848848814628232,Buy
2024-05-13,SPY,0.00026060638010720616,Buy
2024-05-13,KO,-0.0001857313307393471,Sell
2024-05-13,AAPL,-0.0013265656016836075,Sell
2024-05-13,BA,0.0003082967558212524,Buy
2024-05-13,JNJ,-0.0005192737833574629,Sell
2024-05-13,JPM,0.00029099849943232947,Buy
2024-05-13,NVDA,-0.00025263908635667076,Sell
2024-05-13,WMT,0.0003776717366240634,Buy
2024-05-13,MSFT,0.0004956659484735976,Buy
2024-05-13,XOM,0.0003111656780455524,Buy
2024-05-14,DIS,0.000749437775978426,Buy
2024-05-14,SPY,-7.691035881469965e-05,Sell
2024-05-14,KO,0.0010224184686585536,Buy
2024-05-14,AAPL,-0.00022048505230985727,Sell
2024-05-14,BA,-0.000838909355210804,Sell
2024-05-14,JNJ,0.00024281519044276612,Buy
2024-05-14,JPM,-0.0009283261835438122,Sell
2024-05-14,NVDA,-0.0006201708251183657,Sell
2024-05-14,WMT,0.001163230428641887,Buy
2024-05-14,MSFT,-0.00028309037013604654,Sell
2024-05-14,XOM,-0.00021114724119283834,Sell
2024-05-15,DIS,0.0026417414746662954,Buy
2024-05-15,SPY,-0.0006946556691470873,Sell
2024-05-15,KO,0.000382798039666718,Buy
2024-05-15,AAPL,-0.0006797104339303223,Sell
2024-05-15,BA,0.002312960744185119,Buy
2024-05-15,JNJ,-0.00034525179888614255,Sell
2024-05-15,JPM,0.00015639010125970132,Buy
2024-05-15,NVDA,-0.0028168966540280116,Sell
2024-05-15,WMT,0.00047116286910052485,Buy
2024-05-15,MSFT,-0.0011561799160722114,Sell
2024-05-15,XOM,-0.0002739405482540952,Sell
2024-05-16,DIS,0.00037068610620578923,Buy
2024-05-16,SPY,0.0010814173516651426,Buy
2024-05-16,KO,0.0006252901727931415,Buy
2024-05-16,AAPL,0.0008392869219231158,Buy
2024-05-16,BA,-0.0021399878495921842,Sell
2024-05-16,JNJ,-5.303193091284186e-05,Sell
2024-05-16,JPM,0.0007358876830989847,Buy
2024-05-16,NVDA,0.0011539792399517107,Buy
2024-05-16,WMT,-0.005392508445860464,Sell
2024-05-16,MSFT,0.0013408608165384889,Buy
2024-05-16,XOM,0.001435166418757322,Buy
2024-05-17,DIS,0.0003009125326641493,Buy
2024-05-17,SPY,6.520894756167905e-05,Buy
2024-05-17,KO,0.0006110773442020573,Buy
2024-05-17,AAPL,0.00018126703509648012,Buy
2024-05-17,BA,-0.0007910469418518501,Sell
2024-05-17,JNJ,-1.6059863739426028e-05,Sell
2024-05-17,JPM,-0.0008438394573321017,Sell
2024-05-17,NVDA,0.0020029873425791156,Buy
2024-05-17,WMT,-0.000711388660292106,Sell
2024-05-17,MSFT,0.00036369176115774726,Buy
2024-05-17,XOM,-0.0011665939063997127,Sell
2024-05-20,DIS,4.7443376672631765e-05,Buy
2024-05-20,SPY,-0.000366665609334918,Sell
2024-05-20,KO,0.0004037726508393652,Buy
2024-05-20,AAPL,-0.0008234089435237846,Sell
2024-05-20,BA,-0.0010799064743967218,Sell
2024-05-20,JNJ,0.001004325216985777,Buy
2024-05-20,JPM,0.0038385975884038664,Buy
2024-05-20,NVDA,-0.0025300675815552037,Sell
2024-05-20,WMT,0.00040120492967483934,Buy
2024-05-20,MSFT,-0.0013746403848916844,Sell
2024-05-20,XOM,0.00047757663775868653,Buy
2024-05-21,DIS,0.0003081821641141569,Buy
2024-05-21,SPY,0.00018296578643230144,Buy
2024-05-21,KO,-8.68737087165311e-05,Sell
2024-05-21,AAPL,-0.000215682428311742,Sell
2024-05-21,BA,0.001292464607514393,Buy
2024-05-21,JNJ,0.00042286727472162777,Buy
2024-05-21,JPM,-0.0014182966709173628,Sell
2024-05-21,NVDA,-0.0001737227877739861,Sell
2024-05-21,WMT,-0.0009629280928896145,Sell
2024-05-21,MSFT,-0.00038235687021148657,Sell
2024-05-21,XOM,0.001030307573472708,Buy
2024-05-22,DIS,-0.00010487046431087443,Sell
2024-05-22,SPY,0.00016601083332129507,Buy
2024-05-22,KO,-0.000226236954363343,Sell
2024-05-22,AAPL,0.0005899857921862206,Buy
2024-05-22,BA,-0.0008347989157908853,Sell
2024-05-22,JNJ,-0.001455920625539106,Sell
2024-05-22,JPM,0.0004558810293399107,Buy
2024-05-22,NVDA,0.00031994001335330924,Buy
2024-05-22,WMT,-0.00023573290790199208,Sell
2024-05-22,MSFT,-0.00040996945094541604,Sell
2024-05-22,XOM,0.0017340907780952902,Buy
2024-05-23,DIS,0.0011741815195832617,Buy
2024-05-23,SPY,-0.00025885492156109413,Sell
2024-05-23,KO,0.00039689546461238456,Buy
2024-05-23,AAPL,0.0010042803597239552,Buy
2024-05-23,BA,0.006007041323058737,Buy
2024-05-23,JNJ,0.0013438455734343935,Buy
2024-05-23,JPM,-0.0002859644128552774,Sell
2024-05-23,NVDA,-0.009488739343347208,Sell
2024-05-23,WMT,-0.0003525814283604628,Sell
2024-05-23,MSFT,-0.0001787846733086601,Sell
2024-05-23,XOM,0.0006370304762343265,Buy
2024-05-24,DIS,-0.00026645291105645286,Sell
2024-05-24,SPY,0.00012236381048977285,Buy
2024-05-24,KO,0.000849839674946104,Buy
2024-05-24,AAPL,-0.0007769551167832456,Sell
2024-05-24,BA,-0.0004906764431813898,Sell
2024-05-24,JNJ,0.002363872768227762,Buy
2024-05-24,JPM,-0.0010167126553386335,Sell
2024-05-24,NVDA,-0.0016008081824119974,Sell
2024-05-24,WMT,-3.201292903044772e-05,Sell
2024-05-24,MSFT,5.1674164372059184e-05,Buy
2024-05-24,XOM,0.0007906275524502959,Buy
2024-05-28,DIS,-9.673512233246417e-05,Sell
2024-05-28,SPY,0.00044422201744945267,Buy
2024-05-28,KO,0.0007698394824269816,Buy
2024-05-28,AAPL,0.0005026112413953898,Buy
2024-05-28,BA,0.00021729762220304427,Buy
2024-05-28,JNJ,0.0021004948164563553,Buy
2024-05-28,JPM,0.0010523892917048555,Buy
2024-05-28,NVDA,-0.00580305337699015,Sell
2024-05-28,WMT,0.0009774976507491567,Buy
2024-05-28,MSFT,0.0004737375273309724,Buy
2024-05-28,XOM,-0.0006403799820520889,Sell
2024-05-29,DIS,0.0009272478320032779,Buy
2024-05-29,SPY,0.00017561344353893282,Buy
2024-05-29,KO,-0.0002868539674709819,Sell
2024-05-29,AAPL,-0.0006085041642205219,Sell
2024-05-29,BA,0.0013258786194842581,Buy
2024-05-29,JNJ,-0.000502201351303383,Sell
2024-05-29,JPM,0.00017239928458204212,Buy
2024-05-29,NVDA,-0.001205461788106127,Sell
2024-05-29,WMT,-0.0002956320329984691,Sell
2024-05-29,MSFT,-0.0002200377575616308,Sell
2024-05-29,XOM,0.000514265621600965,Buy
2024-05-30,DIS,-0.0010671807337398337,Sell
2024-05-30,SPY,0.0002796384155349385,Buy
2024-05-30,KO,-0.0007248319757224703,Sell
2024-05-30,AAPL,-0.0008050296869969997,Sell
2024-05-30,BA,-0.0009102560919970748,Sell
2024-05-30,JNJ,-0.0008561584023290131,Sell
2024-05-30,JPM,-0.000887424754140928,Sell
2024-05-30,NVDA,0.003110853392746818,Buy
2024-05-30,WMT,-0.0002834386037375014,Sell
2024-05-30,MSFT,0.002756891446244497,Buy
2024-05-30,XOM,-0.0006146271115893276,Sell
2024-05-31,DIS,-0.0008005550003500478,Sell
2024-05-31,SPY,0.00033241993907015543,Buy
2024-05-31,KO,-0.00024052164383495112,Sell
2024-05-31,AAPL,0.000699503313255953,Buy
2024-05-31,BA,-0.0013752426475324986,Sell
2024-05-31,JNJ,0.000291175162652757,Buy
2024-05-31,JPM,-0.0003360426207770356,Sell
2024-05-31,NVDA,0.0018542247847118942,Buy
2024-05-31,WMT,-5.3454081716086677e-05,Sell
2024-05-31,MSFT,0.001050386855261709,Buy
2024-05-31,XOM,-0.0014249292574742833,Sell
2024-06-03,DIS,0.0015141526318960125,Buy
2024-06-03,SPY,0.00044880010705514173,Buy
2024-06-03,KO,0.0005225118631623227,Buy
2024-06-03,AAPL,-0.0003143493439844436,Sell
2024-06-03,BA,-0.0030194688521200247,Sell
2024-06-03,JNJ,-0.00013689745230757722,Sell
2024-06-03,JPM,0.0008838145419658439,Buy
2024-06-03,NVDA,-0.003902296097358149,Sell
2024-06-03,WMT,0.00044003643449189167,Buy
2024-06-03,MSFT,0.0008730751616884969,Buy
2024-06-03,XOM,0.002688518545702706,Buy
2024-06-04,DIS,-9.533667197916817e-05,Sell
2024-06-04,SPY,0.0002967120962096559,Buy
2024-06-04,KO,-0.0010548025884673934,Sell
2024-06-04,AAPL,0.00024858887800764673,Buy
2024-06-04,BA,-0.0015882025692887242,Sell
2024-06-04,JNJ,0.00036112576125789386,Buy
2024-06-04,JPM,0.0015908234472139793,Buy
2024-06-04,NVDA,-0.0007331306812698585,Sell
2024-06-04,WMT,-0.000674725613981339,Sell
2024-06-04,MSFT,-0.0001602885889445127,Sell
2024-06-04,XOM,0.0018055666829153577,Buy
2024-06-05,DIS,0.0021606636382151545,Buy
2024-06-05,SPY,-0.0005132394984009719,Sell
2024-06-05,KO,0.0005888326705269648,Buy
2024-06-05,AAPL,-0.0001460447625305089,Sell
2024-06-05,BA,-2.8604401969486992e-05,Sell
2024-06-05,JNJ,0.001679209097266196,Buy
2024-06-05,JPM,0.0014224963706055277,Buy
2024-06-05,NVDA,-0.004097420187351861,Sell
2024-06-05,WMT,-0.00010415546616562854,Sell
2024-06-05,MSFT,-0.001163575696066163,Sell
2024-06-05,XOM,0.00019969918174861379,Buy
2024-06-06,DIS,0.0002680151015501675,Buy
2024-06-06,SPY,1.000183704538693e-05,Buy
2024-06-06,KO,-0.00031878730266229893,Sell
2024-06-06,AAPL,0.0006533790157978447,Buy
2024-06-06,BA,-0.0007434160707036758,Sell
2024-06-06,JNJ,-0.00027191368778187175,Sell
2024-06-06,JPM,0.00016959030542385012,Buy
2024-06-06,NVDA,0.0010788607452490162,Buy
2024-06-06,WMT,-7.298869571173427e-05,Sell
2024-06-06,MSFT,-0.00010103199444559674,Sell
2024-06-06,XOM,-0.0006747349626930327,Sell
2024-06-07,DIS,-0.00035979420792787986,Sell
2024-06-07,SPY,4.741413483917711e-05,Buy
2024-06-07,KO,0.0002771669096574003,Buy
2024-06-07,AAPL,-0.001190512476358041,Sell
2024-06-07,BA,0.000497613928000018,Buy
2024-06-07,JNJ,-0.00047324841068979717,Sell
2024-06-07,JPM,-0.0014676504774122218,Sell
2024-06-07,NVDA,1.9523107858396282e-05,Buy
2024-06-07,WMT,0.00165735982035152,Buy
2024-06-07,MSFT,8.039278416822893e-05,Buy
2024-06-07,XOM,0.0009106434496179289,Buy
2024-06-10,DIS,-0.0008657167487858969,Sell
2024-06-10,SPY,-7.403907551266353e-05,Sell
2024-06-10,KO,0.0006603688515495337,Buy
2024-06-10,AAPL,0.0019429842164119526,Buy
2024-06-10,BA,0.0002634327377181861,Buy
2024-06-10,JNJ,0.0001753736382691523,Buy
2024-06-10,JPM,0.00036044702580614874,Buy
2024-06-10,NVDA,-0.0004705573206868069,Sell
2024-06-10,WMT,-0.0012807185476944732,Sell
2024-06-10,MSFT,-0.000654057969489294,Sell
2024-06-10,XOM,-5.925817848574655e-05,Sell
2024-06-11,DIS,0.0016198210157895299,Buy
2024-06-11,SPY,-0.0002545135520916897,Sell
2024-06-11,KO,2.1727269605545385e-05,Buy
2024-06-11,AAPL,-0.006642539288409688,Sell
2024-06-11,BA,0.002174502767788772,Buy
2024-06-11,JNJ,0.0001932174541184467,Buy
2024-06-11,JPM,0.0023564603925629868,Buy
2024-06-11,NVDA,0.0006142232524414121,Buy
2024-06-11,WMT,0.0002768850274872392,Buy
2024-06-11,MSFT,-0.0010578667843113704,Sell
2024-06-11,XOM,0.000696380042129241,Buy
2024-06-12,DIS,0.00026083333136593667,Buy
2024-06-12,SPY,-0.0005471411647275937,Sell
2024-06-12,KO,0.0011542277805433043,Buy
2024-06-12,AAPL,-0.002394505404821015,Sell
2024-06-12,BA,0.0015817742999351125,Buy
2024-06-12,JNJ,0.0010323022815976746,Buy
2024-06-12,JPM,0.0015186873971327897,Buy
2024-06-12,NVDA,-0.0030206512562394733,Sell
2024-06-12,WMT,0.0007688248675088716,Buy
2024-06-12,MSFT,-0.0015589798529443838,Sell
2024-06-12,XOM,0.0012006593430480689,Buy
2024-06-13,DIS,0.0009432769975115662,Buy
2024-06-13,SPY,0.00012268316593964934,Buy
2024-06-13,KO,0.00014659563474474224,Buy
2024-06-13,AAPL,-0.00019241198104974488,Sell
2024-06-13,BA,0.001282213445420996,Buy
2024-06-13,JNJ,0.0002801758361252321,Buy
2024-06-13,JPM,-0.0007025013876230668,Sell
2024-06-13,NVDA,-0.0028862993229931827,Sell
2024-06-13,WMT,-0.0002277786100306073,Sell
2024-06-13,MSFT,0.00019827891871727898,Buy
2024-06-13,XOM,0.001032020274091286,Buy
2024-06-14,DIS,2.8831527651707045e-05,Buy
2024-06-14,SPY,-0.00013560224051302472,Sell
2024-06-14,KO,-0.00014575436755562277,Sell
2024-06-14,AAPL,0.0006629717019164677,Buy
2024-06-14,BA,0.001646880635326281,Buy
2024-06-14,JNJ,-0.00013655565397609204,Sell
2024-06-14,JPM,-0.00013662480512621755,Sell
2024-06-14,NVDA,-0.001673856141072655,Sell
2024-06-14,WMT,-0.0005167853321290383,Sell
2024-06-14,MSFT,-0.00028424748972796787,Sell
2024-06-14,XOM,0.0006887368376371217,Buy
2024-06-17,DIS,-0.0008676896080707514,Sell
2024-06-17,SPY,-0.00018574865105180915,Sell
2024-06-17,KO,0.0004324136445809784,Buy
2024-06-17,AAPL,-0.0012442641612727678,Sell
2024-06-17,BA,-3.744434226100879e-05,Sell
2024-06-17,JNJ,0.00027895670684870144,Buy
2024-06-17,JPM,-2.6114395651963274e-05,Sell
2024-06-17,NVDA,0.0011503161882128604,Buy
2024-06-17,WMT,-5.858878517062127e-06,Sell
2024-06-17,MSFT,-0.0006508457991961508,Sell
2024-06-17,XOM,0.001154773971679443,Buy
2024-06-18,DIS,0.00021104006191770275,Buy
2024-06-18,SPY,-3.731758780543826e-05,Sell
2024-06-18,KO,0.00017867201729007687,Buy
2024-06-18,AAPL,0.0011896326580104755,Buy
2024-06-18,BA,0.001922149651226876,Buy
2024-06-18,JNJ,0.0003796270263402013,Buy
2024-06-18,JPM,-0.0007466600214837554,Sell
2024-06-18,NVDA,-0.002992759606463141,Sell
2024-06-18,WMT,-4.9017431366205066e-05,Sell
2024-06-18,MSFT,0.0006038793092436601,Buy
2024-06-18,XOM,-0.000660751477989524,Sell
2024-06-20,DIS,-0.0003600967089953805,Sell
2024-06-20,SPY,0.00019171936920507615,Buy
2024-06-20,KO,0.000598200147511066,Buy
2024-06-20,AAPL,0.0019015163343422403,Buy
2024-06-20,BA,-0.0007363602250244905,Sell
2024-06-20,JNJ,-0.0013856593360934977,Sell
2024-06-20,JPM,-0.0008265100064736575,Sell
2024-06-20,NVDA,0.0031650557721769057,Buy
2024-06-20,WMT,-0.0006070923718566879,Sell
2024-06-20,MSFT,7.503786766342724e-05,Buy
2024-06-20,XOM,-0.0020180550856926938,Sell
2024-06-21,DIS,-0.0006775506013621257,Sell
2024-06-21,SPY,-0.00017021007943658628,Sell
2024-06-21,KO,-0.001157844737271832,Sell
2024-06-21,AAPL,0.0006600819857346812,Buy
2024-06-21,BA,-0.00042697164391737596,Sell
2024-06-21,JNJ,-0.0008911053535863717,Sell
2024-06-21,JPM,0.0007955069706769013,Buy
2024-06-21,NVDA,0.0026434481518915337,Buy
2024-06-21,WMT,-0.00015838852070303167,Sell
2024-06-21,MSFT,-0.0011273395061185826,Sell
2024-06-21,XOM,0.0005073974649762586,Buy
2024-06-24,DIS,0.0004133081620916329,Buy
2024-06-24,SPY,0.00045099018067057406,Buy
2024-06-24,KO,-0.0015789960300092998,Sell
2024-06-24,AAPL,-0.00012832514762597946,Sell
2024-06-24,BA,-0.001149607505365538,Sell
2024-06-24,JNJ,-6.976358782612158e-05,Sell
2024-06-24,JPM,-0.001036810156845841,Sell
2024-06-24,NVDA,0.006221959119954323,Buy
2024-06-24,WMT,-0.0011670309886147312,Sell
2024-06-24,MSFT,0.0005817094570715609,Buy
2024-06-24,XOM,-0.0025397335117841174,Sell
2024-06-25,DIS,1.2693356451154436e-05,Buy
2024-06-25,SPY,-0.00014092599092901947,Sell
2024-06-25,KO,0.00039268023314395495,Buy
2024-06-25,AAPL,-0.00019692287647835038,Sell
2024-06-25,BA,0.0022340595158197446,Buy
2024-06-25,JNJ,0.0013822656705418657,Buy
2024-06-25,JPM,0.0005777611807898375,Buy
2024-06-25,NVDA,-0.005919762960499647,Sell
2024-06-25,WMT,0.002156641581690724,Buy
2024-06-25,MSFT,-0.00045618105199275727,Sell
2024-06-25,XOM,-4.613442837572701e-05,Sell
2024-06-26,DIS,0.00048116471152385987,Buy
2024-06-26,SPY,0.0003505714763468032,Buy
2024-06-26,KO,0.00016594146391731013,Buy
2024-06-26,AAPL,-0.0013448290431385679,Sell
2024-06-26,BA,-0.001292761246460522,Sell
2024-06-26,JNJ,0.0006908001376462747,Buy
2024-06-26,JPM,0.0007557211088275312,Buy
2024-06-26,NVDA,0.00024109488147511238,Buy
2024-06-26,WMT,-0.0007036609693404361,Sell
2024-06-26,MSFT,0.00022076702796829106,Buy
2024-06-26,XOM,0.0004318286704546176,Buy
2024-06-27,DIS,7.767362167565572e-05,Buy
2024-06-27,SPY,-7.441298862667645e-05,Sell
2024-06-27,KO,0.00026735121691931485,Buy
2024-06-27,AAPL,-0.0002933026084590701,Sell
2024-06-27,BA,-0.0019719348280709953,Sell
2024-06-27,JNJ,0.000699898717007319,Buy
2024-06-27,JPM,-0.0007318147638104844,Sell
2024-06-27,NVDA,0.0018007944958459282,Buy
2024-06-27,WMT,0.0006141723859101195,Buy
2024-06-27,MSFT,-6.982702158429832e-05,Sell
2024-06-27,XOM,-0.000320266748509046,Sell
2024-06-28,DIS,0.0021229317040850626,Buy
2024-06-28,SPY,-9.288602000152857e-05,Sell
2024-06-28,KO,-8.072225391678178e-05,Sell
2024-06-28,AAPL,0.0010326196593196252,Buy
2024-06-28,BA,-0.00020210092187793183,Sell
2024-06-28,JNJ,-0.0006779773747419421,Sell
2024-06-28,JPM,-0.0018698092574651604,Sell
2024-06-28,NVDA,-0.00012081868592078715,Sell
2024-06-28,WMT,-0.0002235809135506528,Sell
2024-06-28,MSFT,0.0007379285887111897,Buy
2024-06-28,XOM,-0.0006273234978254605,Sell
2024-07-01,DIS,0.0017881203588507172,Buy
2024-07-01,SPY,0.0004660811323793923,Buy
2024-07-01,KO,0.0011765179008592919,Buy
2024-07-01,AAPL,-0.001975069362544435,Sell
2024-07-01,BA,-0.001673902822817555,Sell
2024-07-01,JNJ,0.00047890714312459615,Buy
2024-07-01,JPM,-0.000771693080357197,Sell
2024-07-01,NVDA,9.6581974960111e-05,Buy
2024-07-01,WMT,0.0009584095747045551,Buy
2024-07-01,MSFT,-0.0013231614614231113,Sell
2024-07-01,XOM,0.0007772754290581163,Buy
2024-07-02,DIS,0.00022440805945926623,Buy
2024-07-02,SPY,-0.00043244472768418085,Sell
2024-07-02,KO,0.00036452204146397715,Buy
2024-07-02,AAPL,-0.0012953251188878995,Sell
2024-07-02,BA,0.000800184002932483,Buy
2024-07-02,JNJ,0.0004321740526247314,Buy
2024-07-02,JPM,-0.0013145324743634723,Sell
2024-07-02,NVDA,0.001367946358397626,Buy
2024-07-02,WMT,-0.0006151324083291804,Sell
2024-07-02,MSFT,-0.0003284200283072275,Sell
2024-07-02,XOM,0.0007937544393337853,Buy
2024-07-03,DIS,-2.13564980301173e-05,Sell
2024-07-03,SPY,0.00014709893946888986,Buy
2024-07-03,KO,0.0002927977445365826,Buy
2024-07-03,AAPL,2.5268936401132147e-05,Buy
2024-07-03,BA,0.0010912717559769802,Buy
2024-07-03,JNJ,0.0007607504256190722,Buy
2024-07-03,JPM,0.0006109166624930634,Buy
2024-07-03,NVDA,-0.003581984071433203,Sell
2024-07-03,WMT,0.0003246885349673795,Buy
2024-07-03,MSFT,0.0002572162593002941,Buy
2024-07-03,XOM,9.135116025300871e-05,Buy
2024-07-05,DIS,0.0008398593954281885,Buy
2024-07-05,SPY,-0.0002526698369732794,Sell
2024-07-05,KO,-0.00034543402869841033,Sell
2024-07-05,AAPL,-0.001689661777790341,Sell
2024-07-05,BA,1.426236545432058e-05,Buy
2024-07-05,JNJ,-0.0002215063908456577,Sell
2024-07-05,JPM,0.0014710019180566025,Buy
2024-07-05,NVDA,0.0020010845275079125,Buy
2024-07-05,WMT,-0.0021208724428934123,Sell
2024-07-05,MSFT,-0.0010656908389888586,Sell
2024-07-05,XOM,0.0013678312837409612,Buy
2024-07-08,DIS,0.00011090180278398865,Buy
2024-07-08,SPY,-0.0001525881239463761,Sell
2024-07-08,KO,0.001093607766441962,Buy
2024-07-08,AAPL,-0.0006423870353956945,Sell
2024-07-08,BA,-0.0005446580437915988,Sell
2024-07-08,JNJ,0.00057330931953474,Buy
2024-07-08,JPM,-0.00021641178214482082,Sell
2024-07-08,NVDA,-0.0017607728392746297,Sell
2024-07-08,WMT,0.0004199041914854096,Buy
2024-07-08,MSFT,0.00020914362559130983,Buy
2024-07-08,XOM,0.0009071021581557731,Buy
2024-07-09,DIS,0.00036859064464904445,Buy
2024-07-09,SPY,-1.826564730428304e-05,Sell
2024-07-09,KO,0.0004596242126892053,Buy
2024-07-09,AAPL,-0.0002728474534772901,Sell
2024-07-09,BA,0.0013409449294729953,Buy
2024-07-09,JNJ,-0.0009102416154531945,Sell
2024-07-09,JPM,-0.0010190998300576154,Sell
2024-07-09,NVDA,-0.0021832275480004604,Sell
2024-07-09,WMT,-0.00021675915280314206,Sell
2024-07-09,MSFT,0.001375456250055404,Buy
2024-07-09,XOM,0.0010741687911375863,Buy
2024-07-10,DIS,0.0009529187013289642,Buy
2024-07-10,SPY,-1.2198428482698698e-05,Sell
2024-07-10,KO,0.0006776328029210327,Buy
2024-07-10,AAPL,-0.0008141941870552782,Sell
2024-07-10,BA,0.0006379557145286957,Buy
2024-07-10,JNJ,-0.0005784559751576268,Sell
2024-07-10,JPM,0.0008049934597246511,Buy
2024-07-10,NVDA,-0.0015402913120754619,Sell
2024-07-10,WMT,0.0002218338289221855,Buy
2024-07-10,MSFT,-0.0004358882885909521,Sell
2024-07-10,XOM,8.340620331856452e-05,Buy
2024-07-11,DIS,-0.0005468722716314295,Sell
2024-07-11,SPY,-0.00010556275498642409,Sell
2024-07-11,KO,-0.001291690242567256,Sell
2024-07-11,AAPL,0.0012346558523440992,Buy
2024-07-11,BA,-0.0009871190093948407,Sell
2024-07-11,JNJ,-0.001063052347372584,Sell
2024-07-11,JPM,-0.000742542479708827,Sell
2024-07-11,NVDA,0.004213384530257214,Buy
2024-07-11,WMT,-0.00010180697748900236,Sell
2024-07-11,MSFT,0.0013770518837285944,Buy
2024-07-11,XOM,-0.001988152803273205,Sell
2024-07-12,DIS,-0.0003429312363794901,Sell
2024-07-12,SPY,-0.0004174419226844056,Sell
2024-07-12,KO,-0.000707964611771042,Sell
2024-07-12,AAPL,-0.0010294327957713345,Sell
2024-07-12,BA,0.00094454879704442,Buy
2024-07-12,JNJ,4.588451419429429e-05,Buy
2024-07-12,JPM,0.001253052769895041,Buy
2024-07-12,NVDA,-0.0011557443779540016,Sell
2024-07-12,WMT,0.0008831219594104683,Buy
2024-07-12,MSFT,0.0003845334437500847,Buy
2024-07-12,XOM,0.0001389663063538632,Buy
2024-07-15,DIS,0.0005107589634687909,Buy
2024-07-15,SPY,1.8864639966670316e-05,Buy
2024-07-15,KO,0.0006807876677539931,Buy
2024-07-15,AAPL,-0.0012494940299905,Sell
2024-07-15,BA,0.001859113835888923,Buy
2024-07-15,JNJ,0.0006551614289314472,Buy
2024-07-15,JPM,-0.0019919108818956532,Sell
2024-07-15,NVDA,0.0008292154235741978,Buy
2024-07-15,WMT,-0.0002162390402856984,Sell
2024-07-15,MSFT,0.00018620002518032752,Buy
2024-07-15,XOM,-0.0012842785527314299,Sell
2024-07-16,DIS,-0.0007345149924831568,Sell
2024-07-16,SPY,0.0002199500829730694,Buy
2024-07-16,KO,-0.00046814888015804523,Sell
2024-07-16,AAPL,0.0005930206824704687,Buy
2024-07-16,BA,-0.0027386674617155826,Sell
2024-07-16,JNJ,-0.00031466404257331215,Sell
2024-07-16,JPM,-0.0007777025364332363,Sell
2024-07-16,NVDA,0.002214560703324417,Buy
2024-07-16,WMT,0.0002624229321341598,Buy
2024-07-16,MSFT,0.0016363307181849612,Buy
2024-07-16,XOM,0.00010506196383097688,Buy
2024-07-17,DIS,0.0007278956558500332,Buy
2024-07-17,SPY,0.0009323782850860496,Buy
2024-07-17,KO,-0.0016818295383147774,Sell
2024-07-17,AAPL,0.001961285372604177,Buy
2024-07-17,BA,0.0002463686101551871,Buy
2024-07-17,JNJ,-0.003713122856909265,Sell
2024-07-17,JPM,-0.0017354946353175943,Sell
2024-07-17,NVDA,0.005697622559999435,Buy
2024-07-17,WMT,-0.0017031415790398213,Sell
2024-07-17,MSFT,0.0008709179113515625,Buy
2024-07-17,XOM,-0.0016054056549147239,Sell
2024-07-18,DIS,-0.00010973666046354413,Sell
2024-07-18,SPY,0.00010450036128809015,Buy
2024-07-18,KO,-0.0005706538348574236,Sell
2024-07-18,AAPL,0.0012803708440890238,Buy
2024-07-18,BA,0.001683529832595232,Buy
2024-07-18,JNJ,7.920766277000335e-05,Buy
2024-07-18,JPM,0.002308501578716163,Buy
2024-07-18,NVDA,-0.003002946483598931,Sell
2024-07-18,WMT,-0.0003281730358406648,Sell
2024-07-18,MSFT,5.118902357083288e-05,Buy
2024-07-18,XOM,-0.0015010425249697146,Sell
2024-07-19,DIS,0.0003139110909599063,Buy
2024-07-19,SPY,-7.145151356832691e-05,Sell
2024-07-19,KO,-0.000820164951148547,Sell
2024-07-19,AAPL,-0.000732770469770383,Sell
2024-07-19,BA,-0.00039508858744745357,Sell
2024-07-19,JNJ,-0.000249487335140991,Sell
2024-07-19,JPM,-0.0005924378487154186,Sell
2024-07-19,NVDA,0.001710458622996916,Buy
2024-07-19,WMT,-0.0005891300753305684,Sell
2024-07-19,MSFT,-1.6421010784334333e-06,Sell
2024-07-19,XOM,0.0014250276082654473,Buy
2024-07-22,DIS,0.0017550946165331427,Buy
2024-07-22,SPY,-0.0007047066800736079,Sell
2024-07-22,KO,0.000952411245398091,Buy
2024-07-22,AAPL,0.00037167467735178816,Buy
2024-07-22,BA,0.0006188150473637882,Buy
2024-07-22,JNJ,0.0004939977797126655,Buy
2024-07-22,JPM,1.4074908943131903e-05,Buy
2024-07-22,NVDA,-0.004083456390787138,Sell
2024-07-22,WMT,0.0007044240141533681,Buy
2024-07-22,MSFT,-0.000979248229464047,Sell
2024-07-22,XOM,0.0008551979872858106,Buy
2024-07-23,DIS,0.002975397711872191,Buy
2024-07-23,SPY,3.363644203425997e-05,Buy
2024-07-23,KO,-0.0003761356655025555,Sell
2024-07-23,AAPL,-0.0005358561106995618,Sell
2024-07-23,BA,-0.0039655954720194675,Sell
2024-07-23,JNJ,0.0010061528372982548,Buy
2024-07-23,JPM,-0.00013079017808799442,Sell
2024-07-23,NVDA,0.0005907704171356915,Buy
2024-07-23,WMT,-0.0004583530165527261,Sell
2024-07-23,MSFT,-0.0005016280928471506,Sell
2024-07-23,XOM,0.0013595143902316031,Buy
2024-07-24,DIS,-0.00017058849529291709,Sell
2024-07-24,SPY,0.0007634667133556289,Buy
2024-07-24,KO,-0.002533739094607329,Sell
2024-07-24,AAPL,0.0013253401021576516,Buy
2024-07-24,BA,0.0018436521332036437,Buy
2024-07-24,JNJ,-0.0037061349451469605,Sell
2024-07-24,JPM,-0.0005637881773399023,Sell
2024-07-24,NVDA,0.004948128938123672,Buy
2024-07-24,WMT,-0.001261528409078283,Sell
2024-07-24,MSFT,0.0019802682289504353,Buy
2024-07-24,XOM,-0.002628103995803821,Sell
2024-07-25,DIS,0.0006306104990546763,Buy
2024-07-25,SPY,0.0005070322617838074,Buy
2024-07-25,KO,-0.00032549671734316554,Sell
2024-07-25,AAPL,0.00047016350695248954,Buy
2024-07-25,BA,-0.002126432386378871,Sell
2024-07-25,JNJ,-0.0019202742096877667,Sell
2024-07-25,JPM,-1.321487868133353e-06,Sell
2024-07-25,NVDA,0.0016005182263367085,Buy
2024-07-25,WMT,0.0007800956534890491,Buy
2024-07-25,MSFT,0.002258303992081212,Buy
2024-07-25,XOM,-0.0018786285191217944,Sell
2024-07-26,DIS,3.0232789340889354e-05,Buy
2024-07-26,SPY,-0.0002518450241044551,Sell
2024-07-26,KO,-0.0005793617777107574,Sell
2024-07-26,AAPL,0.0005630117856926242,Buy
2024-07-26,BA,-0.00048429021418802676,Sell
2024-07-26,JNJ,0.00019311719169443076,Buy
2024-07-26,JPM,-0.0007844999895879751,Sell
2024-07-26,NVDA,0.00013154606085469256,Buy
2024-07-26,WMT,0.001066837141171742,Buy
2024-07-26,MSFT,-0.0007224463255410818,Sell
2024-07-26,XOM,0.0008345996908458858,Buy
2024-07-29,DIS,-0.0024590275057796707,Sell
2024-07-29,SPY,-0.00027312208636885715,Sell
2024-07-29,KO,7.943258717639512e-05,Buy
2024-07-29,AAPL,-0.00033664099266753067,Sell
2024-07-29,BA,0.0004923388856429012,Buy
2024-07-29,JNJ,0.0009603760363952191,Buy
2024-07-29,JPM,0.0003772353779265547,Buy
2024-07-29,NVDA,0.0009652785489153298,Buy
2024-07-29,WMT,-1.0616650840636344e-05,Sell
2024-07-29,MSFT,-0.0005324252161390403,Sell
2024-07-29,XOM,0.0007357571621475767,Buy
2024-07-30,DIS,-0.0015761761974467242,Sell
2024-07-30,SPY,0.0005112033810174138,Buy
2024-07-30,KO,-0.0011047431622883547,Sell
2024-07-30,AAPL,-0.00018226981462123037,Sell
2024-07-30,BA,-0.0006498112922704025,Sell
2024-07-30,JNJ,-0.0015363905601542133,Sell
2024-07-30,JPM,-0.0018192762287252418,Sell
2024-07-30,NVDA,0.006450600362907358,Buy
2024-07-30,WMT,0.0006120504704617974,Buy
2024-07-30,MSFT,0.0008620900799266168,Buy
2024-07-30,XOM,-0.0015690815911616612,Sell
2024-07-31,DIS,0.0010486526061207757,Buy
2024-07-31,SPY,-0.0005094866796924447,Sell
2024-07-31,KO,0.002202144751902349,Buy
2024-07-31,AAPL,-0.00039577956587523444,Sell
2024-07-31,BA,-0.0008477402370969528,Sell
2024-07-31,JNJ,0.0028931475436613646,Buy
2024-07-31,JPM,0.0019518261621786354,Buy
2024-07-31,NVDA,-0.010572557950121783,Sell
2024-07-31,WMT,0.0016678044118070279,Buy
2024-07-31,MSFT,0.0019247946734591431,Buy
2024-07-31,XOM,0.000633020069918791,Buy
2024-08-01,DIS,-0.0006702684602966358,Sell
2024-08-01,SPY,5.6174992158486425e-06,Buy
2024-08-01,KO,-0.002985736892521171,Sell
2024-08-01,AAPL,0.00024441371973439596,Buy
2024-08-01,BA,0.00464556044797422,Buy
2024-08-01,JNJ,-0.003000041696443481,Sell
2024-08-01,JPM,0.0007970870165401184,Buy
2024-08-01,NVDA,0.004853949081098791,Buy
2024-08-01,WMT,-0.00284502857433358,Sell
2024-08-01,MSFT,-0.0010268306767571567,Sell
2024-08-01,XOM,-2.497132587027384e-05,Sell
2024-08-02,DIS,0.002145919957002654,Buy
2024-08-02,SPY,0.0004141194193354736,Buy
2024-08-02,KO,-0.0031616175627078302,Sell
2024-08-02,AAPL,-0.0019361814781813091,Sell
2024-08-02,BA,0.003020571334978156,Buy
2024-08-02,JNJ,-0.0032415099570505673,Sell
2024-08-02,JPM,0.00260814775445653,Buy
2024-08-02,NVDA,0.00033530498899159156,Buy
2024-08-02,WMT,0.0004545540534625775,Buy
2024-08-02,MSFT,0.0006029020355183407,Buy
2024-08-02,XOM,-0.0012475610123236502,Sell
2024-08-05,DIS,-0.0006652802184987511,Sell
2024-08-05,SPY,0.0001887112832802268,Buy
2024-08-05,KO,-0.0008748898025831425,Sell
2024-08-05,AAPL,0.001968160309464978,Buy
2024-08-05,BA,-0.0009271771332277218,Sell
2024-08-05,JNJ,-0.0008874211862144321,Sell
2024-08-05,JPM,-0.0005431312956993839,Sell
2024-08-05,NVDA,0.003408177213909888,Buy
2024-08-05,WMT,-0.0013451699078435853,Sell
2024-08-05,MSFT,0.0005188578876616778,Buy
2024-08-05,XOM,-0.0008457627512731131,Sell
2024-08-06,DIS,-0.0016660655319861578,Sell
2024-08-06,SPY,-0.00024538774902871374,Sell
2024-08-06,KO,0.0006536798653763443,Buy
2024-08-06,AAPL,0.0014678205450080611,Buy
2024-08-06,BA,0.0016634508589712799,Buy
2024-08-06,JNJ,0.0018644642332080463,Buy
2024-08-06,JPM,-0.0019336810648241526,Sell
2024-08-06,NVDA,-0.002829501536906115,Sell
2024-08-06,WMT,0.0003868952639766443,Buy
2024-08-06,MSFT,-0.00043209041152079963,Sell
2024-08-06,XOM,0.0010673920046122554,Buy
2024-08-07,DIS,0.003279676248758037,Buy
2024-08-07,SPY,-0.00019516897490179375,Sell
2024-08-07,KO,-0.001360815174279953,Sell
2024-08-07,AAPL,-0.0019545060521094643,Sell
2024-08-07,BA,0.00019209609466812327,Buy
2024-08-07,JNJ,-0.0007678167102809358,Sell
2024-08-07,JPM,-0.0008356754491845031,Sell
2024-08-07,NVDA,0.0038898299238468576,Buy
2024-08-07,WMT,0.00031557543156739143,Buy
2024-08-07,MSFT,-0.0005373875275139495,Sell
2024-08-07,XOM,-0.002029392001499042,Sell
2024-08-08,DIS,0.0016790273726745575,Buy
2024-08-08,SPY,-0.0003837265860668626,Sell
2024-08-08,KO,0.0013271142060316543,Buy
2024-08-08,AAPL,0.00019484095123566136,Buy
2024-08-08,BA,-0.0013984310624883534,Sell
2024-08-08,JNJ,0.0009377625877023121,Buy
2024-08-08,JPM,4.9379329057713806e-05,Buy
2024-08-08,NVDA,-0.00378790060900884,Sell
2024-08-08,WMT,0.0006788352196765157,Buy
2024-08-08,MSFT,0.0007249816418033322,Buy
2024-08-08,XOM,-2.565162291226497e-05,Sell
2024-08-09,DIS,0.00010079146493886804,Buy
2024-08-09,SPY,-3.514099845010332e-05,Sell
2024-08-09,KO,0.0004300009034998442,Buy
2024-08-09,AAPL,-0.0008795911305214815,Sell
2024-08-09,BA,0.0008788589283222209,Buy
2024-08-09,JNJ,0.0001380979883800343,Buy
2024-08-09,JPM,-0.0004079445564799944,Sell
2024-08-09,NVDA,0.000553893468409658,Buy
2024-08-09,WMT,-2.3943413867813512e-05,Sell
2024-08-09,MSFT,-0.00038461847265990057,Sell
2024-08-09,XOM,-0.0003731898915516618,Sell
2024-08-12,DIS,0.0004959927608035319,Buy
2024-08-12,SPY,0.00017483381054464453,Buy
2024-08-12,KO,0.0008959066247529041,Buy
2024-08-12,AAPL,-0.00042410201441708817,Sell
2024-08-12,BA,0.0022640274174068747,Buy
2024-08-12,JNJ,0.0006402924265911797,Buy
2024-08-12,JPM,5.063104335946422e-05,Buy
2024-08-12,NVDA,-0.003474237880109421,Sell
2024-08-12,WMT,-0.0007784644947314567,Sell
2024-08-12,MSFT,4.604695993637442e-05,Buy
2024-08-12,XOM,0.00010802440148453829,Buy
2024-08-13,DIS,0.001397968851130374,Buy
2024-08-13,SPY,-0.0004460986207278639,Sell
2024-08-13,KO,0.0006496264024893755,Buy
2024-08-13,AAPL,-0.0005132750153882676,Sell
2024-08-13,BA,-0.0015033897471996155,Sell
2024-08-13,JNJ,0.0018695692991271134,Buy
2024-08-13,JPM,0.00026917168173185013,Buy
2024-08-13,NVDA,-0.004837813433028124,Sell
2024-08-13,WMT,0.0017776721385476674,Buy
2024-08-13,MSFT,-0.0005587371369270705,Sell
2024-08-13,XOM,0.0018929939823122965,Buy
2024-08-14,DIS,-0.00019859732061182356,Sell
2024-08-14,SPY,0.0002553047458473401,Buy
2024-08-14,KO,0.00038200736795782064,Buy
2024-08-14,AAPL,0.00035660751406271785,Buy
2024-08-14,BA,0.0006796267314621574,Buy
2024-08-14,JNJ,0.000489069879918938,Buy
2024-08-14,JPM,-0.0004591594552931094,Sell
2024-08-14,NVDA,-0.0009691199855648286,Sell
2024-08-14,WMT,-0.0001626046720598212,Sell
2024-08-14,MSFT,-8.168313271954275e-05,Sell
2024-08-14,XOM,-0.0002953573959210559,Sell
2024-08-15,DIS,-0.0006105566136652696,Sell
2024-08-15,SPY,0.00043131206653471144,Buy
2024-08-15,KO,0.0018651929452038196,Buy
2024-08-15,AAPL,0.0007524135844156343,Buy
2024-08-15,BA,-0.002219792475801924,Sell
2024-08-15,JNJ,0.0016135941875439208,Buy
2024-08-15,JPM,0.0014017198604252684,Buy
2024-08-15,NVDA,-0.0016449222569797917,Sell
2024-08-15,WMT,-0.003899929732525828,Sell
2024-08-15,MSFT,0.0009042285896114777,Buy
2024-08-15,XOM,0.0014056808470033627,Buy
2024-08-16,DIS,1.4518008553357498e-05,Buy
2024-08-16,SPY,0.0003310160775713833,Buy
2024-08-16,KO,-0.00016409729126212746,Sell
2024-08-16,AAPL,-1.2649640058204348e-06,Sell
2024-08-16,BA,-0.0013004217219799163,Sell
2024-08-16,JNJ,0.0003632155219537858,Buy
2024-08-16,JPM,-0.0005002045521160098,Sell
2024-08-16,NVDA,-0.000731599053783491,Sell
2024-08-16,WMT,-5.836337131669145e-05,Sell
2024-08-16,MSFT,0.0010831417975926266,Buy
2024-08-16,XOM,0.000959896792177603,Buy
2024-08-19,DIS,-0.0008219716126260518,Sell
2024-08-19,SPY,-0.0001491469931000633,Sell
2024-08-19,KO,0.0009740218195165018,Buy
2024-08-19,AAPL,0.0007771099443853041,Buy
2024-08-19,BA,0.0008886626539140741,Buy
2024-08-19,JNJ,0.0005774480325897585,Buy
2024-08-19,JPM,8.939850130651461e-05,Buy
2024-08-19,NVDA,-0.0032108048886126533,Sell
2024-08-19,WMT,0.0003816968475423843,Buy
2024-08-19,MSFT,5.3725350566566354e-05,Buy
2024-08-19,XOM,0.00043849421310496184,Buy
2024-08-20,DIS,0.0003934219024538249,Buy
2024-08-20,SPY,-0.0005469394506013164,Sell
2024-08-20,KO,-0.001227109568048293,Sell
2024-08-20,AAPL,-0.0009473281688308494,Sell
2024-08-20,BA,0.0031490181051782723,Buy
2024-08-20,JNJ,-0.0010000417454764932,Sell
2024-08-20,JPM,-0.000300489730661907,Sell
2024-08-20,NVDA,0.0012418940400371337,Buy
2024-08-20,WMT,-0.0017148310338497702,Sell
2024-08-20,MSFT,-0.001406526379149245,Sell
2024-08-20,XOM,0.0023568254052549614,Buy
2024-08-21,DIS,-0.000627534304234359,Sell
2024-08-21,SPY,5.01143076827304e-05,Buy
2024-08-21,KO,0.00011332225434174115,Buy
2024-08-21,AAPL,0.0004052616682376359,Buy
2024-08-21,BA,-0.00033846563389912376,Sell
2024-08-21,JNJ,-0.0003567159485624444,Sell
2024-08-21,JPM,0.00032752571316344015,Buy
2024-08-21,NVDA,-0.0005281652114844243,Sell
2024-08-21,WMT,-0.0004890455105541897,Sell
2024-08-21,MSFT,0.0005019641176838008,Buy
2024-08-21,XOM,0.0009381816333645931,Buy
2024-08-22,DIS,0.0002897501900249455,Buy
2024-08-22,SPY,0.00020108208857408383,Buy
2024-08-22,KO,-0.0002010641076939934,Sell
2024-08-22,AAPL,0.00023866793921065166,Buy
2024-08-22,BA,-0.00016328148855523916,Sell
2024-08-22,JNJ,-0.0010375237150801742,Sell
2024-08-22,JPM,-0.0013813269784146293,Sell
2024-08-22,NVDA,0.0028701713587249295,Buy
2024-08-22,WMT,-0.0009296249932104067,Sell
2024-08-22,MSFT,0.0013351352984331544,Buy
2024-08-22,XOM,-0.0012231613079076303,Sell
2024-08-23,DIS,0.00042251629726150486,Buy
2024-08-23,SPY,0.00010735818338296343,Buy
2024-08-23,KO,0.00046584719464266844,Buy
2024-08-23,AAPL,0.0001376398056586875,Buy
2024-08-23,BA,-8.215654585602694e-05,Sell
2024-08-23,JNJ,7.691569348365623e-05,Buy
2024-08-23,JPM,0.000365224086435717,Buy
2024-08-23,NVDA,-0.0030259088500218106,Sell
2024-08-23,WMT,0.0009193681015304267,Buy
2024-08-23,MSFT,0.0007939058337818328,Buy
2024-08-23,XOM,-0.0001831486699915147,Sell
2024-08-26,DIS,-0.0010460331843428344,Sell
2024-08-26,SPY,0.0003925715416622372,Buy
2024-08-26,KO,-0.0011887833418690458,Sell
2024-08-26,AAPL,4.030878524484416e-05,Buy
2024-08-26,BA,0.0009438158554549714,Buy
2024-08-26,JNJ,-8.904665105825826e-05,Sell
2024-08-26,JPM,-0.00018112672557143994,Sell
2024-08-26,NVDA,0.002217202282243716,Buy
2024-08-26,WMT,-0.00021925718129590932,Sell
2024-08-26,MSFT,0.0008946848098095594,Buy
2024-08-26,XOM,-0.0017659779975490592,Sell
2024-08-27,DIS,0.0009663239427962766,Buy
2024-08-27,SPY,-2.9119445214484396e-05,Sell
2024-08-27,KO,-0.000750501557235092,Sell
2024-08-27,AAPL,-0.0002442016854489887,Sell
2024-08-27,BA,0.00032067960079494584,Buy
2024-08-27,JNJ,0.00032905467156194024,Buy
2024-08-27,JPM,-0.00032289509110886017,Sell
2024-08-27,NVDA,-0.0012257699044795206,Sell
2024-08-27,WMT,-2.3846439352201432e-05,Sell
2024-08-27,MSFT,1.872441743865083e-05,Buy
2024-08-27,XOM,0.0009593091483549032,Buy
2024-08-28,DIS,0.0008663972845098372,Buy
2024-08-28,SPY,-2.1349716992302703e-05,Sell
2024-08-28,KO,-0.0008720984147264216,Sell
2024-08-28,AAPL,6.537454270341692e-05,Buy
2024-08-28,BA,0.0006844425536088883,Buy
2024-08-28,JNJ,-0.0010967541481327892,Sell
2024-08-28,JPM,-0.0010133988417113798,Sell
2024-08-28,NVDA,0.0013653188154718748,Buy
2024-08-28,WMT,-0.0004922377828980029,Sell
2024-08-28,MSFT,0.00016374655744892663,Buy
2024-08-28,XOM,0.0003492536608083602,Buy
2024-08-29,DIS,-0.00034081940239166775,Sell
2024-08-29,SPY,-2.3828342381265744e-05,Sell
2024-08-29,KO,-0.0003958810332905238,Sell
2024-08-29,AAPL,-0.0013404863016548002,Sell
2024-08-29,BA,-0.0008412643323698343,Sell
2024-08-29,JNJ,-0.00018764535204050803,Sell
2024-08-29,JPM,-0.000393731896445787,Sell
2024-08-29,NVDA,0.00578971779776373,Buy
2024-08-29,WMT,-0.00042204560487016374,Sell
2024-08-29,MSFT,-0.0005737305022667089,Sell
2024-08-29,XOM,-0.0012720329249165802,Sell
2024-08-30,DIS,0.00010228387753689894,Buy
2024-08-30,SPY,-0.0001863890199359508,Sell
2024-08-30,KO,0.00014898179988549753,Buy
2024-08-30,AAPL,0.0009851981541144222,Buy
2024-08-30,BA,-0.00010028232782448299,Sell
2024-08-30,JNJ,-0.00022060029913842372,Sell
2024-08-30,JPM,-0.0003767498634542621,Sell
2024-08-30,NVDA,-0.0006909297674351639,Sell
2024-08-30,WMT,-0.00028142430966660026,Sell
2024-08-30,MSFT,-0.0002030712709270993,Sell
2024-08-30,XOM,0.0008201092280525624,Buy
2024-09-03,DIS,-0.0010414164276422583,Sell
2024-09-03,SPY,-0.00041217521298762827,Sell
2024-09-03,KO,-0.0030257334760033228,Sell
2024-09-03,AAPL,0.000205656263974896,Buy
2024-09-03,BA,0.0044953984804408376,Buy
2024-09-03,JNJ,-0.0030617972209571326,Sell
2024-09-03,JPM,-0.00046450895520509794,Sell
2024-09-03,NVDA,0.006550155003579916,Buy
2024-09-03,WMT,-0.002258529875722809,Sell
2024-09-03,MSFT,-0.0006098486379758628,Sell
2024-09-03,XOM,-0.00037825533088563235,Sell
2024-09-04,DIS,-0.0004070111774780588,Sell
2024-09-04,SPY,-9.760233272043672e-05,Sell
2024-09-04,KO,0.0002778439480007888,Buy
2024-09-04,AAPL,0.0005017404276133203,Buy
2024-09-04,BA,-0.0015301963940098084,Sell
2024-09-04,JNJ,-0.0003933362715967531,Sell
2024-09-04,JPM,0.00011730493290915134,Buy
2024-09-04,NVDA,0.0012272087618874772,Buy
2024-09-04,WMT,-0.00036695376350091846,Sell
2024-09-04,MSFT,-0.00016396766999372814,Sell
2024-09-04,XOM,0.0008293260805358055,Buy
2024-09-05,DIS,0.00017291424496711227,Buy
2024-09-05,SPY,-0.00021900020572843126,Sell
2024-09-05,KO,0.0013087598567019104,Buy
2024-09-05,AAPL,-0.0010740601277597212,Sell
2024-09-05,BA,0.00015765859203244192,Buy
2024-09-05,JNJ,0.0008524171380857731,Buy
2024-09-05,JPM,0.0002668384960211184,Buy
2024-09-05,NVDA,-0.001301296956242315,Sell
2024-09-05,WMT,-0.00011006462598218969,Sell
2024-09-05,MSFT,-0.000327256368954143,Sell
2024-09-05,XOM,0.0002716046603141592,Buy
2024-09-06,DIS,-0.0005503327394349583,Sell
2024-09-06,SPY,0.0002629292531072386,Buy
2024-09-06,KO,-0.001249899932300319,Sell
2024-09-06,AAPL,-0.0006419973869647572,Sell
2024-09-06,BA,0.0012869850798837984,Buy
2024-09-06,JNJ,-0.0009478705724280528,Sell
2024-09-06,JPM,0.0009014926664546175,Buy
2024-09-06,NVDA,0.0024779411578683963,Buy
2024-09-06,WMT,-0.0009053909022585654,Sell
2024-09-06,MSFT,0.00022157604511421902,Buy
2024-09-06,XOM,-0.0008569696205822791,Sell
2024-09-09,DIS,0.0009706230904150959,Buy
2024-09-09,SPY,0.0003754572953166002,Buy
2024-09-09,KO,0.00048431511649450754,Buy
2024-09-09,AAPL,0.0013413799441625157,Buy
2024-09-09,BA,-0.001626971666833718,Sell
2024-09-09,JNJ,0.00016325376232527444,Buy
2024-09-09,JPM,-0.0004552423644320208,Sell
2024-09-09,NVDA,-0.0017913977717702312,Sell
2024-09-09,WMT,0.0005601091804458974,Buy
2024-09-09,MSFT,0.0004818722443082346,Buy
2024-09-09,XOM,-0.0005059356361594575,Sell
2024-09-10,DIS,-0.00046629049817743795,Sell
2024-09-10,SPY,-0.0008020122967157262,Sell
2024-09-10,KO,-2.3005355897956492e-05,Sell
2024-09-10,AAPL,-7.35925541043847e-05,Sell
2024-09-10,BA,0.0011875872439943702,Buy
2024-09-10,JNJ,-0.0008262807761378749,Sell
2024-09-10,JPM,0.004333863740140248,Buy
2024-09-10,NVDA,-0.001802217817679419,Sell
2024-09-10,WMT,-0.0021398519860186815,Sell
2024-09-10,MSFT,-0.0023128231363262752,Sell
2024-09-10,XOM,0.0029224245623459683,Buy
2024-09-11,DIS,0.0009679440905786263,Buy
2024-09-11,SPY,-3.7038586305535026e-05,Sell
2024-09-11,KO,0.0014778255702734139,Buy
2024-09-11,AAPL,-0.00015644090947683487,Sell
2024-09-11,BA,0.000177863192653116,Buy
2024-09-11,JNJ,0.002263338640204046,Buy
2024-09-11,JPM,0.0001551292218535949,Buy
2024-09-11,NVDA,-0.0064502514834677005,Sell
2024-09-11,WMT,0.0008522210840635064,Buy
2024-09-11,MSFT,-0.0010348121636020724,Sell
2024-09-11,XOM,0.0017800400303048247,Buy
2024-09-12,DIS,-0.00034867576800200195,Sell
2024-09-12,SPY,-0.00010745602111231212,Sell
2024-09-12,KO,0.00046233644932149043,Buy
2024-09-12,AAPL,0.000608223438242031,Buy
2024-09-12,BA,-0.0001528026352042161,Sell
2024-09-12,JNJ,0.0007513775961648927,Buy
2024-09-12,JPM,0.0009271826105434616,Buy
2024-09-12,NVDA,-0.0010766543581351845,Sell
2024-09-12,WMT,-0.0002859508762850377,Sell
2024-09-12,MSFT,-0.0001920655722170983,Sell
2024-09-12,XOM,-0.0005893255276597648,Sell
2024-09-13,DIS,-0.0012390707674998225,Sell
2024-09-13,SPY,-0.0004416411937289838,Sell
2024-09-13,KO,-0.0008212438071078382,Sell
2024-09-13,AAPL,0.0001431296770999929,Buy
2024-09-13,BA,0.0033828502653306253,Buy
2024-09-13,JNJ,-0.00045274728479464954,Sell
2024-09-13,JPM,0.0010358882391457158,Buy
2024-09-13,NVDA,6.350706496778546e-05,Buy
2024-09-13,WMT,-0.0010393453754719562,Sell
2024-09-13,MSFT,-0.0007310465168944708,Sell
2024-09-13,XOM,9.834468541612684e-05,Buy
2024-09-16,DIS,-0.0012053382155469694,Sell
2024-09-16,SPY,-3.569884539045276e-05,Sell
2024-09-16,KO,-0.0007790336107696277,Sell
2024-09-16,AAPL,0.002620702661568039,Buy
2024-09-16,BA,0.0008051081385432868,Buy
2024-09-16,JNJ,-0.0007080939870190844,Sell
2024-09-16,JPM,-0.0014749520590306847,Sell
2024-09-16,NVDA,0.001867350126604092,Buy
2024-09-16,WMT,0.000143470877177157,Buy
2024-09-16,MSFT,-5.976220270234589e-05,Sell
2024-09-16,XOM,-0.0011761125300555203,Sell
2024-09-17,DIS,-0.0009219408343194568,Sell
2024-09-17,SPY,3.974562658941305e-05,Buy
2024-09-17,KO,0.000454787529351533,Buy
2024-09-17,AAPL,-0.00012048142886428304,Sell
2024-09-17,BA,-0.00041364245997539684,Sell
2024-09-17,JNJ,3.336623061855892e-05,Buy
2024-09-17,JPM,-0.0005305515434640001,Sell
2024-09-17,NVDA,0.0010024547848776766,Buy
2024-09-17,WMT,0.0022867885488827427,Buy
2024-09-17,MSFT,-0.0007254467611313986,Sell
2024-09-17,XOM,-0.0011077962994459206,Sell
2024-09-18,DIS,-0.0008722139910000981,Sell
2024-09-18,SPY,0.00010405517115652518,Buy
2024-09-18,KO,-0.00010262507566909107,Sell
2024-09-18,AAPL,-0.0018044857931595326,Sell
2024-09-18,BA,0.0005793598047341142,Buy
2024-09-18,JNJ,0.0003354650210904836,Buy
2024-09-18,JPM,0.0005825687814711156,Buy
2024-09-18,NVDA,0.0015831177743461794,Buy
2024-09-18,WMT,-0.0006643149369905677,Sell
2024-09-18,MSFT,0.0007422808327046532,Buy
2024-09-18,XOM,-0.0004851203267308285,Sell
2024-09-19,DIS,0.0009253257350816807,Buy
2024-09-19,SPY,-0.0007375005982407923,Sell
2024-09-19,KO,0.002219291133620113,Buy
2024-09-19,AAPL,-0.0025397844680056375,Sell
2024-09-19,BA,0.0011022414540231978,Buy
2024-09-19,JNJ,0.0015214509465180936,Buy
2024-09-19,JPM,-0.00048073384888523696,Sell
2024-09-19,NVDA,-0.00277655106795216,Sell
2024-09-19,WMT,0.0019289384398045867,Buy
2024-09-19,MSFT,-0.0008480481844431592,Sell
2024-09-19,XOM,-0.00031657615776919945,Sell
2024-09-20,DIS,-0.0004034441581130116,Sell
2024-09-20,SPY,4.608761027428965e-05,Buy
2024-09-20,KO,-0.0014258902014449432,Sell
2024-09-20,AAPL,0.00015521558420775183,Buy
2024-09-20,BA,0.0006541793635017334,Buy
2024-09-20,JNJ,0.00025322687064435745,Buy
2024-09-20,JPM,-0.00037502563508685915,Sell
2024-09-20,NVDA,0.0013327780768432468,Buy
2024-09-20,WMT,-0.001300898346828283,Sell
2024-09-20,MSFT,0.0005983537300965763,Buy
2024-09-20,XOM,0.00046156328532423463,Buy
2024-09-23,DIS,0.0010487765248230613,Buy
2024-09-23,SPY,6.845310637386415e-05,Buy
2024-09-23,KO,0.00018102689785427784,Buy
2024-09-23,AAPL,0.0009818202188662667,Buy
2024-09-23,BA,-0.0014844329877758827,Sell
2024-09-23,JNJ,0.0008137549202600763,Buy
2024-09-23,JPM,0.00014462861591434117,Buy
2024-09-23,NVDA,9.177769195127528e-05,Buy
2024-09-23,WMT,-0.001160725931823467,Sell
2024-09-23,MSFT,0.0006612678643370812,Buy
2024-09-23,XOM,-0.0013480929048033247,Sell
2024-09-24,DIS,-0.0004126969736651942,Sell
2024-09-24,SPY,2.980342950621717e-05,Buy
2024-09-24,KO,0.0007944471968859834,Buy
2024-09-24,AAPL,-7.102789643927132e-05,Sell
2024-09-24,BA,0.0005731939195836866,Buy
2024-09-24,JNJ,0.0005333802664517495,Buy
2024-09-24,JPM,0.00022480972386884623,Buy
2024-09-24,NVDA,-0.003304211600442933,Sell
2024-09-24,WMT,-9.44609945475322e-05,Sell
2024-09-24,MSFT,0.0011963105665235702,Buy
2024-09-24,XOM,0.0005284625208824834,Buy
2024-09-25,DIS,-0.00044970134274485707,Sell
2024-09-25,SPY,-2.4981449503802544e-05,Sell
2024-09-25,KO,-0.0003792951751926815,Sell
2024-09-25,AAPL,0.0001748519425896905,Buy
2024-09-25,BA,0.0018738547766971037,Buy
2024-09-25,JNJ,0.00099452796741685,Buy
2024-09-25,JPM,0.00037701818270981236,Buy
2024-09-25,NVDA,-0.0022165118886982305,Sell
2024-09-25,WMT,-0.0010506774612505931,Sell
2024-09-25,MSFT,-0.0008502742460336082,Sell
2024-09-25,XOM,0.001549243168677189,Buy
2024-09-26,DIS,-0.0011760778786060327,Sell
2024-09-26,SPY,-0.0002981336990546535,Sell
2024-09-26,KO,0.00012559707902788653,Buy
2024-09-26,AAPL,-0.0003994857471460722,Sell
2024-09-26,BA,-0.0013464397057435656,Sell
2024-09-26,JNJ,-0.00038483214744333694,Sell
2024-09-26,JPM,0.00023924942365555202,Buy
2024-09-26,NVDA,-0.0003277942040466053,Sell
2024-09-26,WMT,0.001713801851128141,Buy
2024-09-26,MSFT,0.00023023154711913907,Buy
2024-09-26,XOM,0.00162139994278801,Buy
2024-09-27,DIS,-0.000569376670747912,Sell
2024-09-27,SPY,0.00033396883736967753,Buy
2024-09-27,KO,-0.0002930313204478757,Sell
2024-09-27,AAPL,9.476928810241148e-05,Buy
2024-09-27,BA,-0.0008186242301851526,Sell
2024-09-27,JNJ,0.00019677953450164543,Buy
2024-09-27,JPM,-0.00010891858547794342,Sell
2024-09-27,NVDA,0.0021329498313151646,Buy
2024-09-27,WMT,0.00036130645030346686,Buy
2024-09-27,MSFT,0.000894301962160296,Buy
2024-09-27,XOM,-0.0022260864811008,Sell
2024-09-30,DIS,0.00014336830616995533,Buy
2024-09-30,SPY,-4.983741220822291e-05,Sell
2024-09-30,KO,0.00022487408734431225,Buy
2024-09-30,AAPL,-0.0017589010739986477,Sell
2024-09-30,BA,0.0027937100066382364,Buy
2024-09-30,JNJ,-5.726456544483116e-05,Sell
2024-09-30,JPM,0.0001582728579681003,Buy
2024-09-30,NVDA,0.00028336101559145455,Buy
2024-09-30,WMT,-0.0007883021677017321,Sell
2024-09-30,MSFT,-0.0001693814625831347,Sell
2024-09-30,XOM,-0.0007819002034961386,Sell
2024-10-01,DIS,0.0012399373924306678,Buy
2024-10-01,SPY,2.119254846431884e-05,Buy
2024-10-01,KO,-0.000608953067042825,Sell
2024-10-01,AAPL,0.0018721824887613508,Buy
2024-10-01,BA,-0.0021153462696022196,Sell
2024-10-01,JNJ,-0.0007607751600919171,Sell
2024-10-01,JPM,0.0008610582827461577,Buy
2024-10-01,NVDA,0.00255263675778529,Buy
2024-10-01,WMT,-0.0013909469205976993,Sell
2024-10-01,MSFT,0.0012477899934572878,Buy
2024-10-01,XOM,-0.002920594207326155,Sell
2024-10-02,DIS,-0.00016295273118367704,Sell
2024-10-02,SPY,-0.00010460832924603924,Sell
2024-10-02,KO,0.0008218381431986804,Buy
2024-10-02,AAPL,-0.00029545439112793614,Sell
2024-10-02,BA,0.0007183568635009824,Buy
2024-10-02,JNJ,0.00039432532659458563,Buy
2024-10-02,JPM,-0.00017606447290341443,Sell
2024-10-02,NVDA,-0.0015047225669720249,Sell
2024-10-02,WMT,0.000874089769022729,Buy
2024-10-02,MSFT,0.0007036365657899779,Buy
2024-10-02,XOM,-0.001272344869188008,Sell
2024-10-03,DIS,0.00043797991117952573,Buy
2024-10-03,SPY,0.00010181849262251574,Buy
2024-10-03,KO,0.0005632688458755003,Buy
2024-10-03,AAPL,0.000380793925597922,Buy
2024-10-03,BA,0.0013457221936377106,Buy
2024-10-03,JNJ,0.0003136917443927745,Buy
2024-10-03,JPM,0.0008395785737676381,Buy
2024-10-03,NVDA,-0.003126279003232063,Sell
2024-10-03,WMT,-6.448735000713635e-05,Sell
2024-10-03,MSFT,6.419345201029436e-05,Buy
2024-10-03,XOM,-0.0008580391307687757,Sell
2024-10-04,DIS,-0.0003993384381119902,Sell
2024-10-04,SPY,0.00024280453927041923,Buy
2024-10-04,KO,0.0015052393929816804,Buy
2024-10-04,AAPL,0.0006093771132953257,Buy
2024-10-04,BA,-0.0016149467431993692,Sell
2024-10-04,JNJ,0.0011768588248814993,Buy
2024-10-04,JPM,-0.002129804837756183,Sell
2024-10-04,NVDA,-0.0004546578694961251,Sell
2024-10-04,WMT,0.0004895684695632035,Buy
2024-10-04,MSFT,0.0011628304921676158,Buy
2024-10-04,XOM,-0.0005899313230626063,Sell
2024-10-07,DIS,0.0019165900928895946,Buy
2024-10-07,SPY,8.665390870021827e-05,Buy
2024-10-07,KO,0.0007731793018795619,Buy
2024-10-07,AAPL,0.0013230706105293727,Buy
2024-10-07,BA,-0.001279995396662445,Sell
2024-10-07,JNJ,-0.00030736133191694437,Sell
2024-10-07,JPM,-0.0006160709074284482,Sell
2024-10-07,NVDA,-0.0027962105955335187,Sell
2024-10-07,WMT,0.0013415898755766292,Buy
2024-10-07,MSFT,0.0006943315704782266,Buy
2024-10-07,XOM,-0.001138392136463079,Sell
2024-10-08,DIS,0.00035863455214379947,Buy
2024-10-08,SPY,-0.0003791732160834116,Sell
2024-10-08,KO,0.00025333475400043937,Buy
2024-10-08,AAPL,-0.001188244861324253,Sell
2024-10-08,BA,0.0012069481233533685,Buy
2024-10-08,JNJ,0.0003854040675176501,Buy
2024-10-08,JPM,0.0005532723368044251,Buy
2024-10-08,NVDA,-0.0031845453394290235,Sell
2024-10-08,WMT,-0.0002212988154629697,Sell
2024-10-08,MSFT,-0.0006655178328093536,Sell
2024-10-08,XOM,0.0028781339391908967,Buy
2024-10-09,DIS,-0.0007424853909539508,Sell
2024-10-09,SPY,-0.0003026166325433982,Sell
2024-10-09,KO,-0.00018585059387372926,Sell
2024-10-09,AAPL,-0.0011877852232518166,Sell
2024-10-09,BA,0.003417513901401256,Buy
2024-10-09,JNJ,-0.00021973925010536355,Sell
2024-10-09,JPM,-0.0008228056193025635,Sell
2024-10-09,NVDA,0.0004884146877146417,Buy
2024-10-09,WMT,-0.00045931759649686654,Sell
2024-10-09,MSFT,-0.0002758523175328542,Sell
2024-10-09,XOM,0.0002877154790481701,Buy
2024-10-10,DIS,0.0003793873840897549,Buy
2024-10-10,SPY,-5.5005359384699415e-05,Sell
2024-10-10,KO,0.0002046586274481177,Buy
2024-10-10,AAPL,-1.5977049478671512e-05,Sell
2024-10-10,BA,0.001463167740989993,Buy
2024-10-10,JNJ,-0.00013507261264637804,Sell
2024-10-10,JPM,3.3166009786339545e-05,Buy
2024-10-10,NVDA,-0.0016982803985595568,Sell
2024-10-10,WMT,0.0006808791619707794,Buy
2024-10-10,MSFT,0.0001391368445077118,Buy
2024-10-10,XOM,-0.0009981628214779797,Sell
2024-10-11,DIS,-0.0002220137967070268,Sell
2024-10-11,SPY,0.0003425704949693298,Buy
2024-10-11,KO,0.00046566165888041466,Buy
2024-10-11,AAPL,0.001467321736483146,Buy
2024-10-11,BA,-0.001820018931565276,Sell
2024-10-11,JNJ,0.00034883095000125264,Buy
2024-10-11,JPM,-0.0031154987958755265,Sell
2024-10-11,NVDA,0.0008883355825695105,Buy
2024-10-11,WMT,0.0003275647127449627,Buy
2024-10-11,MSFT,0.0007777531154260081,Buy
2024-10-11,XOM,0.0005380566192088737,Buy
2024-10-14,DIS,-0.0002674386130945283,Sell
2024-10-14,SPY,-0.00020005772684772438,Sell
2024-10-14,KO,-0.0004611926604240757,Sell
2024-10-14,AAPL,-0.000950269274177476,Sell
2024-10-14,BA,0.0017537575013437806,Buy
2024-10-14,JNJ,0.00046063946952061563,Buy
2024-10-14,JPM,0.0008683068293443147,Buy
2024-10-14,NVDA,-0.001653208238813944,Sell
2024-10-14,WMT,0.0003246406619253489,Buy
2024-10-14,MSFT,-7.31248877895857e-05,Sell
2024-10-14,XOM,0.0001953838200745156,Buy
2024-10-15,DIS,0.0005250985625205457,Buy
2024-10-15,SPY,0.0005134624584967606,Buy
2024-10-15,KO,-0.00019436789792458276,Sell
2024-10-15,AAPL,-0.0011987598750283351,Sell
2024-10-15,BA,-0.0022489196524766997,Sell
2024-10-15,JNJ,-0.0016037539191300354,Sell
2024-10-15,JPM,-0.0005686918801017793,Sell
2024-10-15,NVDA,0.004074768294600989,Buy
2024-10-15,WMT,-0.0017375373441810421,Sell
2024-10-15,MSFT,-0.00010742619163053857,Sell
2024-10-15,XOM,0.002544321587162876,Buy
2024-10-16,DIS,-0.0018391728130346119,Sell
2024-10-16,SPY,0.0001936011894322215,Buy
2024-10-16,KO,0.00029084054211735155,Buy
2024-10-16,AAPL,0.0013857221917444873,Buy
2024-10-16,BA,-0.0009256076542867586,Sell
2024-10-16,JNJ,0.0004871236439264459,Buy
2024-10-16,JPM,7.850358959009263e-05,Buy
2024-10-16,NVDA,-0.0022415497131185735,Sell
2024-10-16,WMT,0.0010618712914113593,Buy
2024-10-16,MSFT,0.0011513327799850676,Buy
2024-10-16,XOM,0.00035353036681572136,Buy
2024-10-17,DIS,0.0002056247093785435,Buy
2024-10-17,KO,0.0008713312681340873,Buy
2024-10-17,AAPL,-0.000136797952114881,Sell
2024-10-17,BA,-0.0002322915681597787,Sell
2024-10-17,JNJ,-9.68296298562571e-05,Sell
2024-10-17,JPM,-0.0003087220914314154,Sell
2024-10-17,NVDA,-0.0008020904994410216,Sell
2024-10-17,WMT,0.000377646892212008,Buy
2024-10-17,MSFT,-0.0001227571257101795,Sell
2024-10-17,XOM,0.0002418590540071014,Buy
2024-10-18,DIS,-0.00027135244200256203,Sell
2024-10-18,SPY,7.41919703451388e-05,Buy
2024-10-18,KO,-0.000276792280332977,Sell
2024-10-18,AAPL,-0.0006886162151025221,Sell
2024-10-18,BA,0.0006028588129095014,Buy
2024-10-18,JNJ,6.463707797541018e-05,Buy
2024-10-18,JPM,3.9209741803492015e-05,Buy
2024-10-18,NVDA,-0.00028484050443414177,Sell
2024-10-18,WMT,-4.758349103801962e-05,Sell
2024-10-18,MSFT,0.0001095573417404655,Buy
2024-10-18,XOM,0.000677884813123586,Buy
2024-10-21,DIS,0.0008445104858594982,Buy
2024-10-21,SPY,0.00037819373827595315,Buy
2024-10-21,KO,0.001503740762663408,Buy
2024-10-21,AAPL,-0.00034179854900966145,Sell
2024-10-21,BA,-0.0025905650769646738,Sell
2024-10-21,JNJ,0.001486901595420323,Buy
2024-10-21,JPM,0.001182871563158494,Buy
2024-10-21,NVDA,-0.0035227579942036097,Sell
2024-10-21,WMT,0.0007868965999355271,Buy
2024-10-21,MSFT,9.48395549003056e-05,Buy
2024-10-21,XOM,0.0001763849171374926,Buy
2024-10-22,DIS,0.0002776859066614956,Buy
2024-10-22,SPY,0.00043818272564698224,Buy
2024-10-22,KO,0.00039010879964028466,Buy
2024-10-22,AAPL,0.0006274248064500193,Buy
2024-10-22,BA,0.0003561273349670796,Buy
2024-10-22,JNJ,4.544092531136301e-05,Buy
2024-10-22,JPM,-6.450325574111626e-05,Sell
2024-10-22,NVDA,0.0004656970777939806,Buy
2024-10-22,WMT,-0.0009652576821871789,Sell
2024-10-22,MSFT,-0.0014968701968544468,Sell
2024-10-22,XOM,-7.724995763862263e-05,Sell
2024-10-23,DIS,-0.00024222695623497825,Sell
2024-10-23,SPY,0.00012142010620466714,Buy
2024-10-23,KO,0.0011839897473319427,Buy
2024-10-23,AAPL,0.0012654147053866444,Buy
2024-10-23,BA,0.0009003094638923986,Buy
2024-10-23,JNJ,-0.0020667580460699553,Sell
2024-10-23,JPM,-0.0004255414075804431,Sell
2024-10-23,NVDA,0.0018557538194388795,Buy
2024-10-23,WMT,-0.0021121771583869076,Sell
2024-10-23,MSFT,-9.212123711507814e-05,Sell
2024-10-23,XOM,-0.00038937441886205404,Sell
2024-10-24,DIS,0.0004819302401498776,Buy
2024-10-24,SPY,-0.0005115716431033507,Sell
2024-10-24,KO,0.0006380817507231074,Buy
2024-10-24,AAPL,-0.00023916737401127874,Sell
2024-10-24,BA,0.0007660522580813095,Buy
2024-10-24,JNJ,0.0008902216158262477,Buy
2024-10-24,JPM,-0.0009553300517262248,Sell
2024-10-24,NVDA,-0.0008698776140077802,Sell
2024-10-24,WMT,-6.230873092338829e-05,Sell
2024-10-24,MSFT,-0.00034219920378099344,Sell
2024-10-24,XOM,0.00020149577240875793,Buy
2024-10-25,DIS,0.00012562896374290755,Buy
2024-10-25,SPY,-0.00019636148442098156,Sell
2024-10-25,KO,0.00028672486076630754,Buy
2024-10-25,AAPL,-0.0005598718699142136,Sell
2024-10-25,BA,-0.00011627398937687217,Sell
2024-10-25,JNJ,0.0013257226410558764,Buy
2024-10-25,JPM,0.0008537384035999657,Buy
2024-10-25,NVDA,-0.0009613017353686665,Sell
2024-10-25,WMT,0.0003538357918864421,Buy
2024-10-25,MSFT,-0.0009617002505901695,Sell
2024-10-25,XOM,-0.0001516346237631222,Sell
2024-10-28,DIS,-0.0011332548361210476,Sell
2024-10-28,SPY,-0.00029490743306143097,Sell
2024-10-28,KO,0.00032586196128289724,Buy
2024-10-28,AAPL,-0.000795708865055561,Sell
2024-10-28,BA,0.002520115697511982,Buy
2024-10-28,JNJ,-0.00042075013905129577,Sell
2024-10-28,JPM,-0.001318517534955918,Sell
2024-10-28,NVDA,0.0006413967135934923,Buy
2024-10-28,WMT,-0.00027828719295212856,Sell
2024-10-28,MSFT,0.0003174632464789662,Buy
2024-10-28,XOM,0.0004351149596245468,Buy
2024-10-29,DIS,-0.0001727960668043843,Sell
2024-10-29,SPY,-0.00038662160010187463,Sell
2024-10-29,KO,0.0012784314486968679,Buy
2024-10-29,AAPL,-0.0003445572263389429,Sell
2024-10-29,BA,-0.0016242613882963136,Sell
2024-10-29,JNJ,0.0006125968140756333,Buy
2024-10-29,JPM,0.0008118307191699453,Buy
2024-10-29,NVDA,-0.0007126130323013569,Sell
2024-10-29,WMT,0.0009174521616209658,Buy
2024-10-29,MSFT,-0.0013843693665687024,Sell
2024-10-29,XOM,0.0010027816152975572,Buy
2024-10-30,DIS,0.0007784662857211327,Buy
2024-10-30,SPY,5.881615198331802e-05,Buy
2024-10-30,KO,-0.0007172555393463176,Sell
2024-10-30,AAPL,0.0011753467481256247,Buy
2024-10-30,BA,-0.0009972000872115472,Sell
2024-10-30,JNJ,-0.0005128606779115225,Sell
2024-10-30,JPM,-0.0008341903498710751,Sell
2024-10-30,NVDA,0.0010153467507713204,Buy
2024-10-30,WMT,0.00012889404328232656,Buy
2024-10-30,MSFT,-0.00033922612475754954,Sell
2024-10-30,XOM,0.0002415452057132894,Buy
2024-10-31,DIS,-0.002630809402044007,Sell
2024-10-31,SPY,0.0002705232105727068,Buy
2024-10-31,KO,-0.0006862899225470037,Sell
2024-10-31,AAPL,0.00014167814604147677,Buy
2024-10-31,BA,0.0014422267427384033,Buy
2024-10-31,JNJ,-0.001110093053075023,Sell
2024-10-31,JPM,-0.0005159790237353468,Sell
2024-10-31,NVDA,0.002823973544247571,Buy
2024-10-31,WMT,-0.0021778952651240885,Sell
2024-10-31,MSFT,0.004054025155469265,Buy
2024-10-31,XOM,-0.0016130887475293842,Sell
2024-11-01,DIS,0.0007041870517766058,Buy
2024-11-01,SPY,-4.5255446626410456e-05,Sell
2024-11-01,KO,0.0007530423883094911,Buy
2024-11-01,AAPL,0.0015397867245530994,Buy
2024-11-01,BA,-0.0028658603295960844,Sell
2024-11-01,JNJ,0.0001840486452978629,Buy
2024-11-01,JPM,-7.928879111294973e-05,Sell
2024-11-01,NVDA,-0.0014640643069571135,Sell
2024-11-01,WMT,7.174281794390669e-05,Buy
2024-11-01,MSFT,-0.0005590049501170424,Sell
2024-11-01,XOM,0.001756315738584438,Buy
2024-11-04,DIS,7.997933941011892e-05,Buy
2024-11-04,SPY,0.0002566958062605179,Buy
2024-11-04,KO,-7.87245803586939e-05,Sell
2024-11-04,AAPL,0.000427821322398117,Buy
2024-11-04,BA,-0.00022107105074077593,Sell
2024-11-04,JNJ,0.0011332761322333101,Buy
2024-11-04,JPM,0.0013487178002510453,Buy
2024-11-04,NVDA,-0.00037510875183617565,Sell
2024-11-04,WMT,-0.0002263629869455469,Sell
2024-11-04,MSFT,0.000483858712796964,Buy
2024-11-04,XOM,-0.002831585710992582,Sell
2024-11-05,DIS,-0.00024089830901122267,Sell
2024-11-05,SPY,-0.0005411122166038562,Sell
2024-11-05,KO,0.0001906395838253555,Buy
2024-11-05,AAPL,-3.461951267869079e-05,Sell
2024-11-05,BA,0.0029230152906334628,Buy
2024-11-05,JNJ,0.0004886645524945638,Buy
2024-11-05,JPM,-0.00015155849398114374,Sell
2024-11-05,NVDA,-0.0020121498963264484,Sell
2024-11-05,WMT,-0.0007964929443685376,Sell
2024-11-05,MSFT,-0.00011218572996372911,Sell
2024-11-05,XOM,0.00028484319360896904,Buy
2024-11-06,DIS,-0.0006063795665079419,Sell
2024-11-06,SPY,-0.0007384955344782868,Sell
2024-11-06,KO,0.0037695966062536723,Buy
2024-11-06,AAPL,0.0017772313447606963,Buy
2024-11-06,BA,0.003759176514962062,Buy
2024-11-06,JNJ,0.0017505035256732693,Buy
2024-11-06,JPM,-0.008838505415709089,Sell
2024-11-06,NVDA,-0.002158098407370926,Sell
2024-11-06,WMT,0.001741549564410666,Buy
2024-11-06,MSFT,-0.00041006961392095476,Sell
2024-11-06,XOM,-4.842130521758026e-05,Sell
2024-11-07,DIS,0.0003367263245739466,Buy
2024-11-07,SPY,-0.00032670686673044735,Sell
2024-11-07,KO,0.0004302031762207642,Buy
2024-11-07,AAPL,-0.0015615946505606326,Sell
2024-11-07,BA,-0.001976785031599454,Sell
2024-11-07,JNJ,0.0010328148406300863,Buy
2024-11-07,JPM,0.004287061107559928,Buy
2024-11-07,NVDA,-0.0016598400471245778,Sell
2024-11-07,WMT,-7.151414009613777e-05,Sell
2024-11-07,MSFT,-0.0007578483367785133,Sell
2024-11-07,XOM,0.00026111039883824905,Buy
2024-11-08,DIS,-5.453542207160822e-05,Sell
2024-11-08,SPY,-0.00036550921239580925,Sell
2024-11-08,KO,-0.0003430358566356151,Sell
2024-11-08,AAPL,0.0001361216942091653,Buy
2024-11-08,BA,-0.00039322129403267236,Sell
2024-11-08,JNJ,0.0007587549812860389,Buy
2024-11-08,JPM,-0.00020253740831960299,Sell
2024-11-08,NVDA,0.0007911927173750444,Buy
2024-11-08,WMT,-0.001034044368943804,Sell
2024-11-08,MSFT,0.0006454927155154777,Buy
2024-11-08,XOM,5.814688557338743e-05,Buy
2024-11-11,DIS,-0.0021255918708109334,Sell
2024-11-11,SPY,-0.0005153753686896467,Sell
2024-11-11,KO,0.0003718527128770688,Buy
2024-11-11,AAPL,0.0006703274790971214,Buy
2024-11-11,BA,0.0012095618925665463,Buy
2024-11-11,JNJ,-0.0001757138587337309,Sell
2024-11-11,JPM,-0.001318668439773213,Sell
2024-11-11,NVDA,0.0010379698144965394,Buy
2024-11-11,WMT,0.0002392221916566739,Buy
2024-11-11,MSFT,0.0005508822627081078,Buy
2024-11-11,XOM,5.433190292010448e-05,Buy
2024-11-12,DIS,-0.00014220483150241547,Sell
2024-11-12,SPY,0.00025747212259553953,Buy
2024-11-12,KO,0.00020462526052779373,Buy
2024-11-12,AAPL,-2.5009892454908034e-05,Sell
2024-11-12,BA,0.002288638090420486,Buy
2024-11-12,JNJ,0.0013826393024638228,Buy
2024-11-12,JPM,-0.00012761967965921328,Sell
2024-11-12,NVDA,-0.001921826731064613,Sell
2024-11-12,WMT,-0.0008672842175693751,Sell
2024-11-12,MSFT,-0.0011170658349343165,Sell
2024-11-12,XOM,6.556846797572957e-05,Buy
2024-11-13,DIS,-0.0015572969555423949,Sell
2024-11-13,SPY,-4.414988251293106e-05,Sell
2024-11-13,KO,0.00028771329278370894,Buy
2024-11-13,AAPL,-0.0003608138614220463,Sell
2024-11-13,BA,0.0032563881071715622,Buy
2024-11-13,JNJ,-0.000357336129907182,Sell
2024-11-13,JPM,-0.0006071485035186314,Sell
2024-11-13,NVDA,0.0012383668393627228,Buy
2024-11-13,WMT,-0.0005455101515939031,Sell
2024-11-13,MSFT,-0.00046631310388439706,Sell
2024-11-13,XOM,-0.0008459996390722674,Sell
2024-11-14,DIS,-0.00531989978137451,Sell
2024-11-14,SPY,0.0009065019165758609,Buy
2024-11-14,KO,0.0009710614491120484,Buy
2024-11-14,AAPL,-0.0009233673199761094,Sell
2024-11-14,BA,0.001508360117000604,Buy
2024-11-14,JNJ,0.001133878468864452,Buy
2024-11-14,JPM,5.7333430573319744e-05,Buy
2024-11-14,NVDA,2.058741477320436e-05,Buy
2024-11-14,WMT,0.0014152914175470654,Buy
2024-11-14,MSFT,-3.601312462273021e-05,Sell
2024-11-14,XOM,0.00026388277740230226,Buy
2024-11-15,DIS,-0.005101427864876523,Sell
2024-11-15,SPY,0.0010370351275170997,Buy
2024-11-15,KO,0.0010498747899051614,Buy
2024-11-15,AAPL,0.0011554333078060697,Buy
2024-11-15,BA,-0.0014800457418017443,Sell
2024-11-15,JNJ,-0.001405855632798006,Sell
2024-11-15,JPM,-0.0014238217265712394,Sell
2024-11-15,NVDA,0.00283609384909754,Buy
2024-11-15,WMT,0.00010807602893130042,Buy
2024-11-15,MSFT,0.002406620175312818,Buy
2024-11-15,XOM,0.0008148741876145976,Buy
2024-11-18,DIS,0.0014722086158046321,Buy
2024-11-18,SPY,-0.00011229105467464029,Sell
2024-11-18,KO,8.294092843987022e-05,Buy
2024-11-18,AAPL,-0.000957599482330998,Sell
2024-11-18,BA,-0.002120438027489402,Sell
2024-11-18,JNJ,-0.0001941215859120604,Sell
2024-11-18,JPM,0.0003625901668779241,Buy
2024-11-18,NVDA,0.001427528686825455,Buy
2024-11-18,WMT,0.0004420391857346273,Buy
2024-11-18,MSFT,9.311679961872266e-05,Buy
2024-11-18,XOM,-0.0005006656119926484,Sell
2024-11-19,DIS,0.0014596378080494604,Buy
2024-11-19,SPY,0.00023823935636502203,Buy
2024-11-19,KO,-0.0004976146286394117,Sell
2024-11-19,AAPL,0.0004654864768254552,Buy
2024-11-19,BA,-0.0005178421667066807,Sell
2024-11-19,JNJ,0.001601656935839843,Buy
2024-11-19,JPM,0.0012837492016111868,Buy
2024-11-19,NVDA,-0.003853474150819547,Sell
2024-11-19,WMT,-0.0021391561925255542,Sell
2024-11-19,MSFT,0.0001273816861682986,Buy
2024-11-19,XOM,0.0018300064289787088,Buy
2024-11-20,DIS,-0.0012487761061224373,Sell
2024-11-20,SPY,0.000204578059932084,Buy
2024-11-20,KO,-0.0003441800400341005,Sell
2024-11-20,AAPL,-5.069206356705935e-05,Sell
2024-11-20,BA,-6.36236622733044e-05,Sell
2024-11-20,JNJ,0.0001701000913944678,Buy
2024-11-20,JPM,0.0010969448333799509,Buy
2024-11-20,NVDA,0.0009260974049416365,Buy
2024-11-20,WMT,-0.00037198166202755123,Sell
2024-11-20,MSFT,0.0007344847829204026,Buy
2024-11-20,XOM,-0.0010564461316019264,Sell
2024-11-21,DIS,0.00014276547585967414,Buy
2024-11-21,SPY,2.1408918360263374e-05,Buy
2024-11-21,KO,-0.000598365695295644,Sell
2024-11-21,AAPL,0.0006962054511703702,Buy
2024-11-21,BA,0.0021590619726984117,Buy
2024-11-21,JNJ,-0.0009044230717316637,Sell
2024-11-21,JPM,-0.0009876013196004757,Sell
2024-11-21,NVDA,2.337998122149687e-05,Buy
2024-11-21,WMT,-0.0007480036253969952,Sell
2024-11-21,MSFT,0.0008969596552371728,Buy
2024-11-21,XOM,-0.0007029459845377256,Sell
2024-11-22,DIS,-0.00012595059771046413,Sell
2024-11-22,SPY,0.00032623541314326376,Buy
2024-11-22,KO,0.0003795043327420866,Buy
2024-11-22,AAPL,7.26390808637456e-05,Buy
2024-11-22,BA,-0.003096425724503818,Sell
2024-11-22,JNJ,0.0007977355677676878,Buy
2024-11-22,JPM,-0.0007921965266097647,Sell
2024-11-22,NVDA,0.0035121760221867027,Buy
2024-11-22,WMT,-0.0014882684667091167,Sell
2024-11-22,MSFT,-0.00029719900150880496,Sell
2024-11-22,XOM,0.0007097927563127909,Buy
2024-11-25,DIS,-0.00027290936803066324,Sell
2024-11-25,SPY,-0.0003061688712986538,Sell
2024-11-25,KO,-0.0006520110226604786,Sell
2024-11-25,AAPL,-0.0011842066257699152,Sell
2024-11-25,BA,-0.0023178231462307325,Sell
2024-11-25,JNJ,-0.00035516183443723426,Sell
2024-11-25,JPM,-0.0006341945472698868,Sell
2024-11-25,NVDA,0.0037998478609057584,Buy
2024-11-25,WMT,0.000947063669679088,Buy
2024-11-25,MSFT,-0.00038802799711291913,Sell
2024-11-25,XOM,0.0013606924215592425,Buy
2024-11-26,DIS,0.0006602450511247887,Buy
2024-11-26,SPY,-0.00024317796213549348,Sell
2024-11-26,KO,-9.15252318016424e-06,Sell
2024-11-26,AAPL,-0.000622487142976344,Sell
2024-11-26,BA,0.0016162526844105407,Buy
2024-11-26,JNJ,0.00024202764714367775,Buy
2024-11-26,JPM,0.0003462308269102238,Buy
2024-11-26,NVDA,-0.0003697004478508681,Sell
2024-11-26,WMT,-0.001603535832324296,Sell
2024-11-26,MSFT,-0.0017617364340998948,Sell
2024-11-26,XOM,0.0017419873441564537,Buy
2024-11-27,DIS,-0.0016139175651451593,Sell
2024-11-27,SPY,0.0003528492107618686,Buy
2024-11-27,KO,0.0002464835637949331,Buy
2024-11-27,AAPL,0.00012786874613641974,Buy
2024-11-27,BA,-0.0009104596382976532,Sell
2024-11-27,JNJ,-0.000439658929319936,Sell
2024-11-27,JPM,0.000143041953159187,Buy
2024-11-27,NVDA,0.0011257976692724964,Buy
2024-11-27,WMT,-0.0004893876918889012,Sell
2024-11-27,MSFT,0.0011387694699674933,Buy
2024-11-27,XOM,0.0003163110455127738,Buy
2024-11-29,DIS,0.0006460377098502224,Buy
2024-11-29,SPY,-1.5186596937152852e-05,Sell
2024-11-29,KO,0.0003553726632363474,Buy
2024-11-29,AAPL,-0.00037699065116704455,Sell
2024-11-29,BA,-0.0012563760891113052,Sell
2024-11-29,JNJ,0.0007729250553997202,Buy
2024-11-29,JPM,0.0005714546920750768,Buy
2024-11-29,NVDA,-0.0013968014345941415,Sell
2024-11-29,WMT,-6.363220956583093e-05,Sell
2024-11-29,MSFT,0.00044573349229574954,Buy
2024-11-29,XOM,0.0003157476020666655,Buy
2024-12-02,DIS,0.00036224785378929925,Buy
2024-12-02,SPY,-4.0062917368771656e-05,Sell
2024-12-02,KO,0.0007318752093916497,Buy
2024-12-02,AAPL,-0.0007418576437249469,Sell
2024-12-02,BA,-0.0005197930331776734,Sell
2024-12-02,JNJ,0.00024566352622727716,Buy
2024-12-02,JPM,0.0013841931757666431,Buy
2024-12-02,NVDA,-0.00012685937001703784,Sell
2024-12-02,WMT,-1.4730951586286456e-05,Sell
2024-12-02,MSFT,-0.001489559565284404,Sell
2024-12-02,XOM,0.00020733174841879032,Buy
2024-12-03,DIS,0.0005003129407605694,Buy
2024-12-03,SPY,-9.311290585760357e-05,Sell
2024-12-03,KO,0.00013486004770919824,Buy
2024-12-03,AAPL,-0.0012126353108156407,Sell
2024-12-03,BA,0.0008439192804175211,Buy
2024-12-03,JNJ,0.0013828157071450742,Buy
2024-12-03,JPM,0.00047729876975344254,Buy
2024-12-03,NVDA,-0.001120427054783435,Sell
2024-12-03,WMT,-0.0009051501080842017,Sell
2024-12-03,MSFT,-9.735511804118135e-05,Sell
2024-12-03,XOM,8.800688692131575e-05,Buy
2024-12-04,DIS,-0.00021360007893826694,Sell
2024-12-04,SPY,-0.0003562023219950694,Sell
2024-12-04,KO,0.002077594512488609,Buy
2024-12-04,AAPL,7.243417111346684e-05,Buy
2024-12-04,BA,-0.0017123695201704675,Sell
2024-12-04,JNJ,0.0013321365836775623,Buy
2024-12-04,JPM,0.000733104566604012,Buy
2024-12-04,NVDA,-0.002948759763715017,Sell
2024-12-04,WMT,-0.0007047652419138878,Sell
2024-12-04,MSFT,-0.001101352518920684,Sell
2024-12-04,XOM,0.002820069541011175,Buy
2024-12-05,DIS,0.0005655945099661691,Buy
2024-12-05,SPY,0.00033489154915970765,Buy
2024-12-05,KO,-0.0008498146923899136,Sell
2024-12-05,AAPL,0.00017440182302408402,Buy
2024-12-05,BA,0.0011084320060463088,Buy
2024-12-05,JNJ,0.0007583934335265025,Buy
2024-12-05,JPM,-0.0005896946982148488,Sell
2024-12-05,NVDA,0.0002293715257949136,Buy
2024-12-05,WMT,-0.0006308576737243943,Sell
2024-12-05,MSFT,-0.0008929054369514883,Sell
2024-12-05,XOM,-0.0002113232606546639,Sell
2024-12-06,DIS,-0.0004841037073822496,Sell
2024-12-06,SPY,-0.0004769194754380285,Sell
2024-12-06,KO,0.00026135262747382926,Buy
2024-12-06,AAPL,-0.000228957059805579,Sell
2024-12-06,BA,0.0012912064919368138,Buy
2024-12-06,JNJ,-0.00017590201380569825,Sell
2024-12-06,JPM,-0.0010025756121550544,Sell
2024-12-06,NVDA,0.0013434289784740872,Buy
2024-12-06,WMT,-0.0006868614311944243,Sell
2024-12-06,MSFT,-0.0004997958306835332,Sell
2024-12-06,XOM,0.0006575353070562284,Buy
2024-12-09,DIS,0.0012949050094124143,Buy
2024-12-09,SPY,0.00010727676415160647,Buy
2024-12-09,KO,-0.0004649096653319279,Sell
2024-12-09,AAPL,-0.0018323153615319998,Sell
2024-12-09,BA,-0.0022067850153405233,Sell
2024-12-09,JNJ,-0.0005400045297805633,Sell
2024-12-09,JPM,0.0009471693810759879,Buy
2024-12-09,NVDA,0.0019632828799888286,Buy
2024-12-09,WMT,0.0014207277586978928,Buy
2024-12-09,MSFT,-0.0008668529735510744,Sell
2024-12-09,XOM,0.00017572150166067502,Buy
2024-12-10,DIS,5.546595139702126e-05,Buy
2024-12-10,SPY,0.00043267229410870467,Buy
2024-12-10,KO,-0.0002989460963556123,Sell
2024-12-10,AAPL,-0.00022467506234581658,Sell
2024-12-10,BA,-0.003929721517916901,Sell
2024-12-10,JNJ,0.00037496179711908606,Buy
2024-12-10,JPM,0.0005041272503821664,Buy
2024-12-10,NVDA,0.0025958235043512523,Buy
2024-12-10,WMT,-0.0005459279622440638,Sell
2024-12-10,MSFT,0.0006978724731266095,Buy
2024-12-10,XOM,0.0003353972724228077,Buy
2024-12-11,DIS,0.00038947881005224616,Buy
2024-12-11,SPY,-0.0004057980728343902,Sell
2024-12-11,KO,0.0006835963735257744,Buy
2024-12-11,AAPL,0.0007628154883937144,Buy
2024-12-11,BA,-0.0007323718491096393,Sell
2024-12-11,JNJ,0.001867376334584947,Buy
2024-12-11,JPM,4.4726272338785344e-05,Buy
2024-12-11,NVDA,-0.0025497794196315676,Sell
2024-12-11,WMT,-9.822210474470794e-05,Sell
2024-12-11,MSFT,-0.0008621873946935005,Sell
2024-12-11,XOM,0.0008978747650538604,Buy
2024-12-12,DIS,-0.0002350629578181801,Sell
2024-12-12,SPY,0.0004634053457484022,Buy
2024-12-12,KO,-0.0017466795055942202,Sell
2024-12-12,AAPL,-0.0005472095686129552,Sell
2024-12-12,BA,-0.0009856004395772666,Sell
2024-12-12,JNJ,0.00024296582807102618,Buy
2024-12-12,JPM,0.000741598405388913,Buy
2024-12-12,NVDA,0.001280592930215832,Buy
2024-12-12,WMT,0.0008278981817184256,Buy
2024-12-12,MSFT,-0.00012043965141012025,Sell
2024-12-12,XOM,7.620774661529217e-05,Buy
2024-12-13,DIS,0.0008290490051284655,Buy
2024-12-13,SPY,-0.0003926583754323698,Sell
2024-12-13,KO,0.0006191249831148937,Buy
2024-12-13,AAPL,-0.00047342018377284634,Sell
2024-12-13,BA,-0.0014451262844278057,Sell
2024-12-13,JNJ,-0.0006480878871512191,Sell
2024-12-13,JPM,0.0001903625471239706,Buy
2024-12-13,NVDA,0.0016437934246230912,Buy
2024-12-13,WMT,-0.0007687616507346534,Sell
2024-12-13,MSFT,5.436432730897278e-05,Buy
2024-12-13,XOM,0.0003895349686854205,Buy
2024-12-16,DIS,0.0004147656483215606,Buy
2024-12-16,SPY,-0.0005634134388244061,Sell
2024-12-16,KO,0.0006480442076478993,Buy
2024-12-16,AAPL,-0.0012426809298066582,Sell
2024-12-16,BA,-0.002064337607966593,Sell
2024-12-16,JNJ,0.0015462881865965922,Buy
2024-12-16,JPM,-3.7819918168396915e-05,Sell
2024-12-16,NVDA,0.0013520752946909326,Buy
2024-12-16,WMT,-0.0007736555005230239,Sell
2024-12-16,MSFT,-0.0010542169961405973,Sell
2024-12-16,XOM,0.001773083906575837,Buy
2024-12-17,DIS,-0.00044818072478225446,Sell
2024-12-17,SPY,0.0006607589473364012,Buy
2024-12-17,KO,-0.0009440840089619817,Sell
2024-12-17,AAPL,-0.0005934060208937497,Sell
2024-12-17,BA,0.00036065591711681444,Buy
2024-12-17,JNJ,-0.00132532877271746,Sell
2024-12-17,JPM,0.000748855454463071,Buy
2024-12-17,NVDA,0.0013926914376829747,Buy
2024-12-17,WMT,-0.000237977383442875,Sell
2024-12-17,MSFT,-0.0002885342861032869,Sell
2024-12-17,XOM,0.000671690910280881,Buy
2024-12-18,DIS,-0.0003589113284086648,Sell
2024-12-18,SPY,0.0010331722887825523,Buy
2024-12-18,KO,-0.0009240912409298752,Sell
2024-12-18,AAPL,0.0002567144820672107,Buy
2024-12-18,BA,-0.0015082188676340952,Sell
2024-12-18,JNJ,-0.0006774036839563846,Sell
2024-12-18,JPM,0.0013775323759781383,Buy
2024-12-18,NVDA,-0.0006762547381996831,Sell
2024-12-18,WMT,8.772421958434806e-05,Buy
2024-12-18,MSFT,0.0017518120781813973,Buy
2024-12-18,XOM,-0.00036403007878664517,Sell
2024-12-19,DIS,0.0002475391518718534,Buy
2024-12-19,SPY,0.0002916656830699721,Buy
2024-12-19,KO,0.000840729276328625,Buy
2024-12-19,AAPL,-0.000372015746429491,Sell
2024-12-19,BA,-0.002057177096511903,Sell
2024-12-19,JNJ,0.0009965078347397155,Buy
2024-12-19,JPM,-0.0007552885308621249,Sell
2024-12-19,NVDA,-0.000980756086719492,Sell
2024-12-19,WMT,0.00040917506717702556,Buy
2024-12-19,MSFT,0.0003384279174036692,Buy
2024-12-19,XOM,0.0010389451048412601,Buy
2024-12-20,DIS,0.0001786062042514608,Buy
2024-12-20,SPY,-0.0003702267399032927,Sell
2024-12-20,KO,0.0005686885868955716,Buy
2024-12-20,AAPL,-0.0009839910005359637,Sell
2024-12-20,BA,0.0005551756266618801,Buy
2024-12-20,JNJ,0.00015402129081588944,Buy
2024-12-20,JPM,-0.0010833622210907334,Sell
2024-12-20,NVDA,-0.0020615212455124543,Sell
2024-12-20,WMT,0.0018333241113154541,Buy
2024-12-20,MSFT,0.0008018551856185108,Buy
2024-12-20,XOM,0.0004053644768572673,Buy
2024-12-23,DIS,0.0007476335448963894,Buy
2024-12-23,SPY,-0.00030521844790587505,Sell
2024-12-23,KO,0.00048417774705110384,Buy
2024-12-23,AAPL,-4.0152954961070186e-05,Sell
2024-12-23,BA,6.392556096225521e-05,Buy
2024-12-23,JNJ,-0.00026435399084329125,Sell
2024-12-23,JPM,-6.37206855073763e-05,Sell
2024-12-23,NVDA,-0.0031077337117450116,Sell
2024-12-23,WMT,0.0020956065622338704,Buy
2024-12-23,MSFT,0.0005181207104776459,Buy
2024-12-23,XOM,-0.0001305274870222889,Sell
2024-12-24,DIS,-3.616389323878033e-05,Sell
2024-12-24,SPY,-9.93616550851173e-05,Sell
2024-12-24,KO,0.00023733779430447355,Buy
2024-12-24,AAPL,-0.00013205313115716155,Sell
2024-12-24,BA,6.527749213257328e-05,Buy
2024-12-24,JNJ,0.0005417198648692556,Buy
2024-12-24,JPM,-0.0005789867563807671,Sell
2024-12-24,NVDA,0.0005466350267308295,Buy
2024-12-24,WMT,-0.0014200974722825832,Sell
2024-12-24,MSFT,5.734852636270216e-05,Buy
2024-12-24,XOM,0.0008164082913921095,Buy
2024-12-26,DIS,3.6199793027560934e-05,Buy
2024-12-26,SPY,2.2069954242850964e-05,Buy
2024-12-26,KO,0.00041861866747866516,Buy
2024-12-26,AAPL,-0.0002604690544585897,Sell
2024-12-26,BA,-0.0004988923218971208,Sell
2024-12-26,JNJ,0.00019637320722704077,Buy
2024-12-26,JPM,-0.00028316555840378344,Sell
2024-12-26,NVDA,0.00021609005040675033,Buy
2024-12-26,WMT,-7.973624685117531e-05,Sell
2024-12-26,MSFT,0.0002805117817274161,Buy
2024-12-26,XOM,-4.873276938380244e-05,Sell
