Date,Ticker,Trade_Weight,Direction
2023-05-31,DIS,0.09090909090909091,Buy
2023-05-31,JPM,0.09090909090909091,Buy
2023-05-31,NVDA,0.09090909090909091,Buy
2023-05-31,SPY,0.09090909090909091,Buy
2023-05-31,KO,0.09090909090909091,Buy
2023-05-31,AAPL,0.09090909090909091,Buy
2023-05-31,BA,0.09090909090909091,Buy
2023-05-31,WMT,0.09090909090909091,Buy
2023-05-31,MSFT,0.09090909090909091,Buy
2023-05-31,JNJ,0.09090909090909091,Buy
2023-05-31,XOM,0.09090909090909091,Buy
2023-06-01,DIS,0.00046871564808652344,Buy
2023-06-01,SPY,0.00025872310513740115,Buy
2023-06-01,KO,0.0006001231007358304,Buy
2023-06-01,AAPL,-0.000326910892485599,Sell
2023-06-01,BA,0.00012528352625330863,Buy
2023-06-01,JNJ,0.0014130269170069126,Buy
2023-06-01,JPM,-0.00012546920521167015,Sell
2023-06-01,NVDA,-0.0034831321306736246,Sell
2023-06-01,WMT,0.0007817124073379034,Buy
2023-06-01,MSFT,-3.387545178713813e-05,Sell
2023-06-01,XOM,7.486064139423931e-05,Buy
2023-06-02,DIS,0.008154575748291731,Buy
2023-06-02,SPY,0.00906412426027349,Buy
2023-06-02,KO,0.008627374732420631,Buy
2023-06-02,AAPL,0.009932356881369106,Buy
2023-06-02,BA,0.008050025364441007,Buy
2023-06-02,JNJ,0.00895090807350818,Buy
2023-06-02,JPM,0.00847745549631812,Buy
2023-06-02,NVDA,0.01135891834448187,Buy
2023-06-02,WMT,-0.09049700938095745,Sell
2023-06-02,MSFT,0.009600368308781956,Buy
2023-06-02,XOM,0.008279006066049324,Buy
2023-06-05,DIS,-0.009781445937566649,Sell
2023-06-05,SPY,-0.009334523267355788,Sell
2023-06-05,KO,-0.008853664742258044,Sell
2023-06-05,AAPL,-0.008766549455493655,Sell
2023-06-05,BA,-0.007389419363202254,Sell
2023-06-05,JNJ,-0.010390756249858094,Sell
2023-06-05,JPM,-0.008540285976693526,Sell
2023-06-05,NVDA,-0.009128572572910623,Sell
2023-06-05,WMT,0.09090909090909091,Buy
2023-06-05,MSFT,-0.009688696316192263,Sell
2023-06-05,XOM,-0.009080622363421068,Sell
2023-06-06,DIS,0.007823167230829833,Buy
2023-06-06,SPY,0.008785229283455834,Buy
2023-06-06,KO,0.009642607804996373,Buy
2023-06-06,AAPL,0.00917091508301833,Buy
2023-06-06,BA,0.009632952314711868,Buy
2023-06-06,JNJ,0.009063885231410607,Buy
2023-06-06,JPM,0.008819808478595412,Buy
2023-06-06,NVDA,0.010184687668167366,Buy
2023-06-06,WMT,-0.091004457803403,Sell
2023-06-06,MSFT,0.009595703775860082,Buy
2023-06-06,XOM,0.00823998125347987,Buy
2023-06-07,DIS,-0.0005301514441836408,Sell
2023-06-07,SPY,0.0002072434372051707,Buy
2023-06-07,KO,1.0434244163359807e-05,Buy
2023-06-07,AAPL,0.0006377056966019867,Buy
2023-06-07,BA,-0.0023805240764799424,Sell
2023-06-07,JNJ,-0.00035427177490802986,Sell
2023-06-07,JPM,-0.001109185058572007,Sell
2023-06-07,NVDA,0.0029053434678470436,Buy
2023-06-07,MSFT,0.0029520839374268804,Buy
2023-06-07,XOM,-0.0023842325116763124,Sell
2023-06-08,DIS,0.0009283830782834956,Buy
2023-06-08,SPY,0.00033991894256145405,Buy
2023-06-08,KO,0.0006923449939384013,Buy
2023-06-08,AAPL,-0.0005928861455668233,Sell
2023-06-08,BA,-0.0019495827865098764,Sell
2023-06-08,JNJ,-0.00014822799926775265,Sell
2023-06-08,JPM,0.0009109269375265627,Buy
2023-06-08,NVDA,-0.0017968238564740335,Sell
2023-06-08,MSFT,0.00036318329170634267,Buy
2023-06-08,XOM,0.0012494273766304465,Buy
2023-06-09,DIS,0.0006477066532253051,Buy
2023-06-09,SPY,-0.00018016902550639646,Sell
2023-06-09,KO,-0.00016637912089247087,Sell
2023-06-09,AAPL,-0.00021672672524540582,Sell
2023-06-09,BA,0.00036606183060235165,Buy
2023-06-09,JNJ,0.00015525868395717402,Buy
2023-06-09,JPM,-0.00019969945484130114,Sell
2023-06-09,NVDA,-0.0006758849947480078,Sell
2023-06-09,MSFT,-0.0004711135367543723,Sell
2023-06-09,XOM,0.0007387027474856506,Buy
2023-06-12,DIS,-0.0005402729072553208,Sell
2023-06-12,SPY,-0.0001343595597162045,Sell
2023-06-12,KO,0.001192537558736495,Buy
2023-06-12,AAPL,-0.0007860186416063231,Sell
2023-06-12,BA,-0.001174880749611848,Sell
2023-06-12,JNJ,0.0008341135815733425,Buy
2023-06-12,JPM,0.0007729074461418906,Buy
2023-06-12,NVDA,-0.0010565260192685888,Sell
2023-06-12,MSFT,-0.000770665246023608,Sell
2023-06-12,XOM,0.001662217421019005,Buy
2023-06-13,DIS,-0.00915997023128333,Sell
2023-06-13,SPY,-0.009057668964080737,Sell
2023-06-13,KO,-0.008798772214857628,Sell
2023-06-13,AAPL,-0.008143550717699219,Sell
2023-06-13,BA,-0.007874001800072875,Sell
2023-06-13,JNJ,-0.00892466225120031,Sell
2023-06-13,JPM,-0.009121325569336008,Sell
2023-06-13,NVDA,-0.012276624681755874,Sell
2023-06-13,WMT,0.09090909090909091,Buy
2023-06-13,MSFT,-0.009133147440155073,Sell
2023-06-13,XOM,-0.00842158281357093,Sell
2023-06-14,DIS,0.0016561730216329562,Buy
2023-06-14,SPY,0.00019668351314248989,Buy
2023-06-14,KO,-0.00030994227037506317,Sell
2023-06-14,AAPL,-1.1753232196001773e-05,Sell
2023-06-14,BA,0.001735318432946914,Buy
2023-06-14,JNJ,-0.00015761198482178163,Sell
2023-06-14,JPM,0.0006426755345652763,Buy
2023-06-14,NVDA,-0.0040575487168322405,Sell
2023-06-14,WMT,-0.0006113784291650326,Sell
2023-06-14,MSFT,-0.0005220713846023767,Sell
2023-06-14,XOM,0.001394152711503921,Buy
2023-06-15,DIS,0.0004656727607890432,Buy
2023-06-15,SPY,-0.00017286008233717565,Sell
2023-06-15,KO,-0.0002937818863012198,Sell
2023-06-15,AAPL,-6.498728734807835e-05,Sell
2023-06-15,BA,-9.859793405687933e-05,Sell
2023-06-15,JNJ,-0.0002658809039691179,Sell
2023-06-15,JPM,-7.482348238993519e-05,Sell
2023-06-15,NVDA,0.0016622961306287931,Buy
2023-06-15,WMT,0.00044929460114118136,Buy
2023-06-15,MSFT,-0.0019271085872273747,Sell
2023-06-15,XOM,0.0003179821202009825,Buy
2023-06-16,DIS,0.0011814140073463791,Buy
2023-06-16,SPY,-9.928780190612829e-05,Sell
2023-06-16,KO,-0.001066563247760971,Sell
2023-06-16,AAPL,0.00012477492605003637,Buy
2023-06-16,BA,-0.0006517433111257048,Sell
2023-06-16,JNJ,-0.0006891992904147909,Sell
2023-06-16,JPM,-0.0005188337131539489,Sell
2023-06-16,NVDA,-0.0004938244941354725,Sell
2023-06-16,WMT,0.000863378548016297,Buy
2023-06-16,MSFT,0.0011033425787629475,Buy
2023-06-16,XOM,0.00024508693946820315,Buy
2023-06-20,DIS,0.0008506701673534761,Buy
2023-06-20,SPY,-0.0002493142163751544,Sell
2023-06-20,KO,-0.00011551031993288496,Sell
2023-06-20,AAPL,-0.0007693153476055065,Sell
2023-06-20,BA,0.002449289268021182,Buy
2023-06-20,JNJ,-0.0006689506461223099,Sell
2023-06-20,JPM,-0.0002578030733580289,Sell
2023-06-20,NVDA,-0.0031200960992495003,Sell
2023-06-20,WMT,8.243766516603801e-05,Buy
2023-06-20,MSFT,0.00042093207237385577,Buy
2023-06-20,XOM,0.0013758871419945473,Buy
2023-06-21,DIS,0.0007774159210082038,Buy
2023-06-21,SPY,0.00011632161126585994,Buy
2023-06-21,KO,-0.0006045160771501606,Sell
2023-06-21,AAPL,0.00016666503636243724,Buy
2023-06-21,BA,-0.0002266503415272736,Sell
2023-06-21,JNJ,-0.00021226019548391262,Sell
2023-06-21,JPM,-0.00021678707806926933,Sell
2023-06-21,NVDA,0.0012382027569456389,Buy
2023-06-21,WMT,-0.0005288709448096202,Sell
2023-06-21,MSFT,0.0008608532873998764,Buy
2023-06-21,XOM,-0.0013729740352489972,Sell
2023-06-22,DIS,0.009302114116333957,Buy
2023-06-22,SPY,0.008820423634432376,Buy
2023-06-22,KO,0.008527195097468368,Buy
2023-06-22,AAPL,0.007647021772583404,Buy
2023-06-22,BA,0.01192001070660835,Buy
2023-06-22,JNJ,0.008183750221258765,Buy
2023-06-22,JPM,0.010897470092149877,Buy
2023-06-22,NVDA,0.009190578976415106,Buy
2023-06-22,WMT,-0.09161038877605543,Sell
2023-06-22,MSFT,0.007473317302688368,Buy
2023-06-22,XOM,0.009646927475655903,Buy
2023-06-23,DIS,-0.009384112790196575,Sell
2023-06-23,SPY,-0.009066510759694377,Sell
2023-06-23,KO,-0.008769400224150917,Sell
2023-06-23,AAPL,-0.00965570469489424,Sell
2023-06-23,BA,-0.009730093715440064,Sell
2023-06-23,JNJ,-0.009742917487174887,Sell
2023-06-23,JPM,-0.009301243461853972,Sell
2023-06-23,NVDA,-0.007917527825648932,Sell
2023-06-23,WMT,0.09090909090909091,Buy
2023-06-23,MSFT,-0.008437325077869207,Sell
2023-06-23,XOM,-0.008950397331739676,Sell
2023-06-26,DIS,-0.0010673874765100566,Sell
2023-06-26,SPY,-7.196554039330672e-05,Sell
2023-06-26,KO,-0.00047507040695177194,Sell
2023-06-26,AAPL,0.0002447603281979377,Buy
2023-06-26,BA,-0.0005208278610615152,Sell
2023-06-26,JNJ,0.0005760718341518284,Buy
2023-06-26,JPM,-0.0006689240965484233,Sell
2023-06-26,NVDA,0.002967917341816506,Buy
2023-06-26,WMT,-0.00020428971173742927,Sell
2023-06-26,MSFT,0.0013053852696425644,Buy
2023-06-26,XOM,-0.0021313584294974236,Sell
2023-06-27,DIS,0.000390697745678556,Buy
2023-06-27,SPY,-0.0002317811858914276,Sell
2023-06-27,KO,0.0009480194660182739,Buy
2023-06-27,AAPL,-0.000600998251568563,Sell
2023-06-27,BA,-0.0009317365559341484,Sell
2023-06-27,JNJ,0.0009439275002774,Buy
2023-06-27,JPM,0.0007501262630307259,Buy
2023-06-27,NVDA,-0.0020035329614744163,Sell
2023-06-27,WMT,0.0010822029551958018,Buy
2023-06-27,MSFT,-0.0008812965760816582,Sell
2023-06-27,XOM,0.0005318344041963241,Buy
2023-06-28,DIS,0.009275524785081216,Buy
2023-06-28,SPY,0.008994746778751561,Buy
2023-06-28,KO,0.009889326819250727,Buy
2023-06-28,AAPL,0.008465030860104306,Buy
2023-06-28,BA,0.008480344326022335,Buy
2023-06-28,JNJ,0.009224438384117142,Buy
2023-06-28,JPM,0.009439209636905158,Buy
2023-06-28,NVDA,0.01068926391163906,Buy
2023-06-28,WMT,0.008546049945073936,Buy
2023-06-28,MSFT,0.008692626467257561,Buy
2023-06-28,XOM,-0.09169888723829943,Sell
2023-06-29,DIS,0.00015684694903846108,Buy
2023-06-29,SPY,-0.00010145978336854877,Sell
2023-06-29,KO,0.001115286001795085,Buy
2023-06-29,AAPL,0.00011241072167532395,Buy
2023-06-29,BA,-0.00023370282387170926,Sell
2023-06-29,JNJ,-0.00040599466698475195,Sell
2023-06-29,JPM,-0.0031905948348066593,Sell
2023-06-29,NVDA,0.0010068888277709603,Buy
2023-06-29,WMT,0.0009655378713230578,Buy
2023-06-29,MSFT,0.0005290665370329822,Buy
2023-06-30,DIS,-0.008145787057568035,Sell
2023-06-30,SPY,-0.008944253164197447,Sell
2023-06-30,KO,-0.008108507839322834,Sell
2023-06-30,AAPL,-0.010059616000431731,Sell
2023-06-30,BA,-0.007467510140956118,Sell
2023-06-30,JNJ,-0.008633624384010677,Sell
2023-06-30,JPM,-0.009162664050705857,Sell
2023-06-30,NVDA,-0.011357600163298509,Sell
2023-06-30,WMT,-0.009634688417465634,Sell
2023-06-30,MSFT,-0.009396768510584963,Sell
2023-06-30,XOM,0.09090909090909091,Buy
2023-07-03,DIS,0.007931422907762373,Buy
2023-07-03,SPY,0.009068055906716638,Buy
2023-07-03,KO,0.008629598915283337,Buy
2023-07-03,AAPL,0.009879638974017654,Buy
2023-07-03,BA,0.009275805349890656,Buy
2023-07-03,JNJ,0.010363313044170014,Buy
2023-07-03,JPM,0.008441903994793762,Buy
2023-07-03,NVDA,0.008934247002109777,Buy
2023-07-03,WMT,-0.09141684591378346,Sell
2023-07-03,MSFT,0.009852716607518505,Buy
2023-07-03,XOM,0.008994729014973654,Buy
2023-07-05,DIS,-0.00844326140609622,Sell
2023-07-05,SPY,-0.009079926907929275,Sell
2023-07-05,KO,-0.00997271859273452,Sell
2023-07-05,AAPL,-0.008640932649769784,Sell
2023-07-05,BA,-0.010363559425048768,Sell
2023-07-05,JNJ,-0.00889781193992488,Sell
2023-07-05,JPM,-0.008561770825650517,Sell
2023-07-05,NVDA,-0.009002248245072675,Sell
2023-07-05,WMT,0.09090909090909091,Buy
2023-07-05,MSFT,-0.009276283226675758,Sell
2023-07-05,XOM,-0.00871633780160204,Sell
2023-07-06,DIS,0.00036136665621855357,Buy
2023-07-06,SPY,7.394286808848349e-06,Buy
2023-07-06,KO,-4.436977768515482e-06,Sell
2023-07-06,AAPL,-0.0009398491237367079,Sell
2023-07-06,BA,-0.00041365749864266665,Sell
2023-07-06,JNJ,-2.91311704222752e-05,Sell
2023-07-06,JPM,0.00019577891771803413,Buy
2023-07-06,NVDA,-0.00024668115691113546,Sell
2023-07-06,WMT,-0.00013055966034111743,Sell
2023-07-06,MSFT,-0.0015553461471317365,Sell
2023-07-06,XOM,0.0027093007886109244,Buy
2023-07-07,DIS,-0.000353407773520345,Sell
2023-07-07,SPY,-0.00022567779029587787,Sell
2023-07-07,KO,0.0007505660169469797,Buy
2023-07-07,AAPL,8.189076312964394e-05,Buy
2023-07-07,BA,-0.00023292354605858323,Sell
2023-07-07,JNJ,0.000872284147898722,Buy
2023-07-07,JPM,-0.0011772832042668546,Sell
2023-07-07,NVDA,-0.0013243764849561884,Sell
2023-07-07,WMT,0.0016488062547374283,Buy
2023-07-07,MSFT,0.0006278945537851743,Buy
2023-07-07,XOM,-0.00066942958794447,Sell
2023-07-10,DIS,0.00048217681099897713,Buy
2023-07-10,SPY,-0.000302385018218998,Sell
2023-07-10,KO,0.0006130188977367113,Buy
2023-07-10,AAPL,0.000915587641466889,Buy
2023-07-10,BA,-0.0005911131360242378,Sell
2023-07-10,JNJ,-0.00022060431379668233,Sell
2023-07-10,JPM,-0.0005826446927621881,Sell
2023-07-10,NVDA,0.000619301735722208,Buy
2023-07-10,WMT,-0.0008960044926344529,Sell
2023-07-10,MSFT,0.0013821237359742944,Buy
2023-07-10,XOM,-0.0014214498822750637,Sell
2023-07-11,DIS,-0.000796279613072215,Sell
2023-07-11,SPY,5.31730720554624e-05,Buy
2023-07-11,KO,0.0003084654397109976,Buy
2023-07-11,AAPL,0.0008818086283936682,Buy
2023-07-11,BA,-0.0016785276783129882,Sell
2023-07-11,JNJ,0.001126184099691438,Buy
2023-07-11,JPM,-0.0007838074812087231,Sell
2023-07-11,NVDA,0.00014654021869904554,Buy
2023-07-11,WMT,0.0007621743489147764,Buy
2023-07-11,MSFT,0.0004539868697318594,Buy
2023-07-11,XOM,-0.000475710642932739,Sell
2023-07-12,DIS,-3.815621558683757e-06,Sell
2023-07-12,SPY,-6.434117173069465e-05,Sell
2023-07-12,KO,0.00017655793803726672,Buy
2023-07-12,AAPL,-0.00014914810279480217,Sell
2023-07-12,BA,0.0013424650707506286,Buy
2023-07-12,JNJ,0.0009746880154351129,Buy
2023-07-12,JPM,0.0002149033793079902,Buy
2023-07-12,NVDA,-0.0025241556070330073,Sell
2023-07-12,WMT,0.00043419280178248754,Buy
2023-07-12,MSFT,-0.0006221387795243005,Sell
2023-07-12,XOM,0.00021893900125823096,Buy
2023-07-13,DIS,0.0002673394982114913,Buy
2023-07-13,SPY,-0.00012892688212021164,Sell
2023-07-13,KO,-0.00018183003713473367,Sell
2023-07-13,AAPL,0.00022148327032679715,Buy
2023-07-13,BA,0.0006961085137621309,Buy
2023-07-13,JNJ,0.00017082846055403722,Buy
2023-07-13,JPM,0.0001489750447538074,Buy
2023-07-13,NVDA,-0.003681045693088858,Sell
2023-07-13,WMT,0.0011180856974299935,Buy
2023-07-13,MSFT,-0.0008745560197780805,Sell
2023-07-13,XOM,0.0022418676846100577,Buy
2023-07-14,DIS,0.010541660765001529,Buy
2023-07-14,SPY,0.008731042510313397,Buy
2023-07-14,KO,0.007841876257640809,Buy
2023-07-14,AAPL,0.00860224837117779,Buy
2023-07-14,BA,0.010245046688631534,Buy
2023-07-14,JNJ,0.008064604934543876,Buy
2023-07-14,JPM,0.0081220666459417,Buy
2023-07-14,NVDA,0.009683226211322726,Buy
2023-07-14,WMT,-0.09163988344780125,Sell
2023-07-14,MSFT,0.007986548637682181,Buy
2023-07-14,XOM,0.011819118511532209,Buy
2023-07-17,DIS,0.0036950777828353293,Buy
2023-07-17,SPY,-9.55434081807427e-05,Sell
2023-07-17,KO,0.0003981908939148654,Buy
2023-07-17,AAPL,-0.001475421615495645,Sell
2023-07-17,BA,0.00083584035830081,Buy
2023-07-17,JNJ,0.0007499480718056034,Buy
2023-07-17,JPM,-0.0021535296754346123,Sell
2023-07-17,NVDA,-0.0019254323424046649,Sell
2023-07-17,MSFT,0.00010919528860947603,Buy
2023-07-17,XOM,-0.00018402977565706857,Sell
2023-07-18,DIS,-0.008902785935581511,Sell
2023-07-18,SPY,-0.009188206480887945,Sell
2023-07-18,KO,-0.008057731010978092,Sell
2023-07-18,AAPL,-0.008316718787446803,Sell
2023-07-18,BA,-0.00830920426491756,Sell
2023-07-18,JNJ,-0.008443641684455175,Sell
2023-07-18,JPM,-0.008631282677125707,Sell
2023-07-18,NVDA,-0.010659014263901756,Sell
2023-07-18,WMT,0.09090909090909091,Buy
2023-07-18,MSFT,-0.012404348199548082,Sell
2023-07-18,XOM,-0.007999044531323565,Sell
2023-07-19,DIS,-0.0010430124470114377,Sell
2023-07-19,SPY,-9.340732994450596e-05,Sell
2023-07-19,KO,-0.001495544857214523,Sell
2023-07-19,AAPL,-0.0005336040822541827,Sell
2023-07-19,BA,0.0013831571035975293,Buy
2023-07-19,JNJ,0.0002911861004929045,Buy
2023-07-19,JPM,-0.00024011791765463086,Sell
2023-07-19,NVDA,0.0009057437882254438,Buy
2023-07-19,WMT,7.914462339961292e-05,Buy
2023-07-19,MSFT,0.0012223811609214236,Buy
2023-07-19,XOM,-0.0005213271556540472,Sell
2023-07-20,DIS,0.02158052757360031,Buy
2023-07-20,SPY,0.02131826758191087,Buy
2023-07-20,KO,0.01961871055680728,Buy
2023-07-20,AAPL,0.021631288236962753,Buy
2023-07-20,BA,0.01854757743178835,Buy
2023-07-20,JNJ,-0.09588195874542649,Sell
2023-07-20,JPM,0.019605121782658178,Buy
2023-07-20,NVDA,0.023708156111523354,Buy
2023-07-20,WMT,-0.09206454380788916,Sell
2023-07-20,MSFT,0.02280858588648131,Buy
2023-07-20,XOM,0.01912632632689451,Buy
2023-07-21,DIS,-0.021979138015355323,Sell
2023-07-21,SPY,-0.020723114446334623,Sell
2023-07-21,KO,-0.020812583649171282,Sell
2023-07-21,AAPL,-0.020035289031512873,Sell
2023-07-21,BA,-0.019777212950260345,Sell
2023-07-21,JNJ,0.09090909090909091,Buy
2023-07-21,JPM,-0.01986523642708836,Sell
2023-07-21,NVDA,-0.017753291154242776,Sell
2023-07-21,WMT,0.09090909090909091,Buy
2023-07-21,MSFT,-0.019725457283401096,Sell
2023-07-21,XOM,-0.021241272344832987,Sell
2023-07-24,DIS,0.010329775661388915,Buy
2023-07-24,SPY,0.009325951726153747,Buy
2023-07-24,KO,0.009700324500625454,Buy
2023-07-24,AAPL,0.009348266896323773,Buy
2023-07-24,BA,0.007994564974172655,Buy
2023-07-24,JNJ,0.009257140752188406,Buy
2023-07-24,JPM,0.007952343374816775,Buy
2023-07-24,NVDA,0.009111923455843246,Buy
2023-07-24,WMT,-0.09080086117560661,Sell
2023-07-24,MSFT,0.00937736498872628,Buy
2023-07-24,XOM,0.008312910634298676,Buy
2023-07-25,DIS,-0.007706994003685505,Sell
2023-07-25,SPY,-0.009096368513441255,Sell
2023-07-25,KO,-0.008488790429952972,Sell
2023-07-25,AAPL,-0.009274255522588717,Sell
2023-07-25,BA,-0.008015599792616915,Sell
2023-07-25,JNJ,-0.009587790724267076,Sell
2023-07-25,JPM,-0.008079254139899794,Sell
2023-07-25,NVDA,-0.011209459519003123,Sell
2023-07-25,WMT,0.09090909090909091,Buy
2023-07-25,MSFT,-0.01052050689118586,Sell
2023-07-25,XOM,-0.008975328161789614,Sell
2023-07-26,DIS,0.00942538226389153,Buy
2023-07-26,SPY,0.009654120771951616,Buy
2023-07-26,KO,0.008507127153392427,Buy
2023-07-26,AAPL,0.009257462855981002,Buy
2023-07-26,BA,-0.09821261741263339,Sell
2023-07-26,JNJ,0.00949510546184798,Buy
2023-07-26,JPM,0.009126563925453107,Buy
2023-07-26,NVDA,0.010116918276971976,Buy
2023-07-26,WMT,0.009344523369301042,Buy
2023-07-26,MSFT,0.013067911531554163,Buy
2023-07-26,XOM,0.010172324570042676,Buy
2023-07-27,DIS,-0.008969199901223426,Sell
2023-07-27,SPY,-0.008888167405710717,Sell
2023-07-27,KO,-0.008582285888506652,Sell
2023-07-27,AAPL,-0.008893085163896697,Sell
2023-07-27,BA,0.09090909090909091,Buy
2023-07-27,JNJ,-0.010118459821725032,Sell
2023-07-27,JPM,-0.00844620177688156,Sell
2023-07-27,NVDA,-0.010544469189014999,Sell
2023-07-27,WMT,-0.00918946332834615,Sell
2023-07-27,MSFT,-0.007457373985757354,Sell
2023-07-27,XOM,-0.009869706934724012,Sell
2023-07-28,DIS,-7.956296300848376e-06,Sell
2023-07-28,SPY,-7.729978950793415e-05,Sell
2023-07-28,KO,0.0007471212910834663,Buy
2023-07-28,AAPL,-0.0004122949221157801,Sell
2023-07-28,BA,-0.0010993997006872314,Sell
2023-07-28,JNJ,0.0003950298245631034,Buy
2023-07-28,JPM,0.00029086016950612137,Buy
2023-07-28,NVDA,-0.0008637575059775859,Sell
2023-07-28,WMT,0.00038024397284885936,Buy
2023-07-28,MSFT,-0.0012793834252490532,Sell
2023-07-28,XOM,0.0018817720332282017,Buy
2023-07-31,DIS,-0.002765072872880636,Sell
2023-07-31,SPY,-2.9360961339527925e-05,Sell
2023-07-31,KO,0.000942476188587657,Buy
2023-07-31,AAPL,-0.00014387312147409737,Sell
2023-07-31,BA,8.263354442432369e-05,Buy
2023-07-31,JNJ,0.003758911807803314,Buy
2023-07-31,JPM,-0.0004639184154286158,Sell
2023-07-31,NVDA,0.0001842638230133975,Buy
2023-07-31,WMT,0.00017186790067817703,Buy
2023-07-31,MSFT,0.0008006645626325443,Buy
2023-07-31,XOM,-0.0025404483021267688,Sell
2023-08-01,DIS,-0.000329713604694859,Sell
2023-08-01,SPY,7.444000357542668e-05,Buy
2023-08-01,KO,4.9101434171125447e-05,Buy
2023-08-01,AAPL,0.00020326053119097687,Buy
2023-08-01,BA,0.00013413380570742595,Buy
2023-08-01,JNJ,-0.0009257611701128515,Sell
2023-08-01,JPM,0.00026360549697534985,Buy
2023-08-01,NVDA,0.00024652377041883833,Buy
2023-08-01,WMT,0.00024113711952238048,Buy
2023-08-01,MSFT,-0.0003001160871020231,Sell
2023-08-01,XOM,0.0003404117412448143,Buy
2023-08-02,DIS,0.0013520575119630868,Buy
2023-08-02,SPY,-0.00019575275988890917,Sell
2023-08-02,KO,-0.0017651508471473176,Sell
2023-08-02,AAPL,-4.985036886301364e-05,Sell
2023-08-02,BA,0.00109263491592701,Buy
2023-08-02,JNJ,-0.0020389618739812543,Sell
2023-08-02,JPM,-0.0004346959068280143,Sell
2023-08-02,NVDA,0.0029649931306895416,Buy
2023-08-02,WMT,-0.0015448700584699826,Sell
2023-08-02,MSFT,0.0009472821163079154,Buy
2023-08-02,XOM,-0.00032847556963838676,Sell
2023-08-03,DIS,0.0009037784103794466,Buy
2023-08-03,SPY,0.0003113754803830554,Buy
2023-08-03,KO,0.0005202343984029856,Buy
2023-08-03,AAPL,0.0007162196024484563,Buy
2023-08-03,BA,5.884906296528547e-05,Buy
2023-08-03,JNJ,-0.0003393543290910461,Sell
2023-08-03,JPM,-0.000504454289763076,Sell
2023-08-03,NVDA,-0.0004538867063391544,Sell
2023-08-03,WMT,2.8170525226661747e-05,Buy
2023-08-03,MSFT,0.0002840547875864047,Buy
2023-08-03,XOM,-0.0015281638404404801,Sell
2023-08-04,DIS,-0.001411066589794202,Sell
2023-08-04,SPY,-0.00013093188938057,Sell
2023-08-04,KO,0.000835254486147477,Buy
2023-08-04,AAPL,0.003847066519848119,Buy
2023-08-04,BA,-0.0005445592361343204,Sell
2023-08-04,JNJ,0.00031295971084067953,Buy
2023-08-04,JPM,-0.0003515411897482973,Sell
2023-08-04,NVDA,-0.0008835481680126434,Sell
2023-08-04,WMT,-1.6241326111318677e-05,Sell
2023-08-04,MSFT,-0.0008581252657532401,Sell
2023-08-04,XOM,-0.0008006876461647827,Sell
2023-08-07,DIS,0.00025894726579483995,Buy
2023-08-07,SPY,2.5864211474824206e-05,Buy
2023-08-07,KO,9.993182962104996e-05,Buy
2023-08-07,AAPL,0.0023667613746606586,Buy
2023-08-07,BA,-0.0018708557713680712,Sell
2023-08-07,JNJ,-0.0013516871688946802,Sell
2023-08-07,JPM,0.00038494947412977265,Buy
2023-08-07,NVDA,-0.0006738904348013441,Sell
2023-08-07,WMT,-0.00041110155752492605,Sell
2023-08-07,MSFT,0.0001718177658407566,Buy
2023-08-07,XOM,0.0009967873349666784,Buy
2023-08-08,DIS,-0.001507858027470374,Sell
2023-08-08,SPY,0.0002513351687435106,Buy
2023-08-08,KO,0.0002571434940734779,Buy
2023-08-08,AAPL,-0.0006282786826638381,Sell
2023-08-08,BA,-6.436381569562e-05,Sell
2023-08-08,JNJ,-0.00018669974001635226,Sell
2023-08-08,JPM,0.00036653124380654767,Buy
2023-08-08,NVDA,0.0013650044074859924,Buy
2023-08-08,WMT,-0.00023540265598270826,Sell
2023-08-08,MSFT,0.0009752334204187474,Buy
2023-08-08,XOM,-0.0005948013866034912,Sell
2023-08-09,DIS,3.41941932474471e-05,Buy
2023-08-09,SPY,-1.8594957420653424e-05,Sell
2023-08-09,KO,-0.0008409299070984005,Sell
2023-08-09,AAPL,0.00018911177016521508,Buy
2023-08-09,BA,-0.0005613489975768715,Sell
2023-08-09,JNJ,-0.0005724209118602441,Sell
2023-08-09,JPM,0.0005967647589625591,Buy
2023-08-09,NVDA,0.003693940844209223,Buy
2023-08-09,WMT,-0.0007787133818393105,Sell
2023-08-09,MSFT,0.0004419119705902086,Buy
2023-08-09,XOM,-0.002185534698975894,Sell
2023-08-10,DIS,-0.004061481611824375,Sell
2023-08-10,SPY,0.0003254141764907764,Buy
2023-08-10,KO,0.0005655385319042472,Buy
2023-08-10,AAPL,0.0004697370697390041,Buy
2023-08-10,BA,0.00020564948259915727,Buy
2023-08-10,JNJ,0.0008287924072938602,Buy
2023-08-10,JPM,0.0004933594493534005,Buy
2023-08-10,NVDA,0.0007111385664406583,Buy
2023-08-10,WMT,0.000403097200382313,Buy
2023-08-10,MSFT,0.00016120669702811286,Buy
2023-08-10,XOM,-0.00010492057828122292,Sell
2023-08-11,DIS,0.0023777773658161944,Buy
2023-08-11,SPY,-0.0002939827494768954,Sell
2023-08-11,KO,-0.0007216846465338267,Sell
2023-08-11,AAPL,-0.00037799111363856497,Sell
2023-08-11,BA,0.0006256604053056364,Buy
2023-08-11,JNJ,-0.0012376300744093155,Sell
2023-08-11,JPM,-0.0008761112199928978,Sell
2023-08-11,NVDA,0.002953198576460328,Buy
2023-08-11,WMT,-0.0008824496540768695,Sell
2023-08-11,MSFT,0.00019538368248420146,Buy
2023-08-11,XOM,-0.0017642611093599825,Sell
2023-08-14,DIS,0.0009133714490001527,Buy
2023-08-14,SPY,0.00020261090186898811,Buy
2023-08-14,KO,0.0011282323584707599,Buy
2023-08-14,AAPL,-0.0001467912112034092,Sell
2023-08-14,BA,0.00032168968858625746,Buy
2023-08-14,JNJ,0.0009133010884077447,Buy
2023-08-14,JPM,0.000513672266371501,Buy
2023-08-14,NVDA,-0.00569827516722414,Sell
2023-08-14,WMT,0.001372089481169167,Buy
2023-08-14,MSFT,-0.00015090722704201587,Sell
2023-08-14,XOM,0.0006279535471457459,Buy
2023-08-15,DIS,0.0007279271106190727,Buy
2023-08-15,SPY,-1.317415861079585e-05,Sell
2023-08-15,KO,-0.00046526972998163496,Sell
2023-08-15,AAPL,-5.44366966949289e-05,Sell
2023-08-15,BA,0.0006446337187281381,Buy
2023-08-15,JNJ,-0.0008196019060648096,Sell
2023-08-15,JPM,0.0012570924086081903,Buy
2023-08-15,NVDA,-0.001477993550155876,Sell
2023-08-15,WMT,-0.0006133312423157317,Sell
2023-08-15,MSFT,-0.00046588470099628854,Sell
2023-08-15,XOM,0.0012770057580451244,Buy
2023-08-16,DIS,0.0001907870296701114,Buy
2023-08-16,SPY,0.00011604624263283903,Buy
2023-08-16,KO,-0.000570237278017971,Sell
2023-08-16,AAPL,-0.00010155400361941402,Sell
2023-08-16,BA,0.00035454876672337543,Buy
2023-08-16,JNJ,-0.0002642492493230286,Sell
2023-08-16,JPM,-0.00016703041849545908,Sell
2023-08-16,NVDA,0.0003899115906279421,Buy
2023-08-16,WMT,-0.0006011057448462032,Sell
2023-08-16,MSFT,-0.00033301927971592094,Sell
2023-08-16,XOM,0.0009839363241052335,Buy
2023-08-17,DIS,-0.00010020316842218602,Sell
2023-08-17,SPY,0.0001412738513787426,Buy
2023-08-17,KO,-0.0007522775903001794,Sell
2023-08-17,AAPL,0.0007755922544799426,Buy
2023-08-17,BA,0.0015962000377187507,Buy
2023-08-17,JNJ,-0.0014151893744782928,Sell
2023-08-17,JPM,0.0003943335328595171,Buy
2023-08-17,NVDA,-0.00025702005873899647,Sell
2023-08-17,WMT,0.0014946235054751067,Buy
2023-08-17,MSFT,0.0004491619541398123,Buy
2023-08-17,XOM,-0.0023275192737465533,Sell
2023-08-18,DIS,0.00028319792946021605,Buy
2023-08-18,SPY,0.0002817646162356635,Buy
2023-08-18,KO,-0.00018278321127322694,Sell
2023-08-18,AAPL,7.028604317389775e-05,Buy
2023-08-18,BA,-0.0005258392241864196,Sell
2023-08-18,JNJ,0.0011166221630497797,Buy
2023-08-18,JPM,0.00011817268372277256,Buy
2023-08-18,NVDA,0.0004194365333799466,Buy
2023-08-18,WMT,-0.0009779166684261709,Sell
2023-08-18,MSFT,0.00043972432249095306,Buy
2023-08-18,XOM,-0.001045082353855295,Sell
2023-08-21,DIS,0.0006420939894962868,Buy
2023-08-21,SPY,-2.984185812872353e-05,Sell
2023-08-21,KO,0.0013288475750374978,Buy
2023-08-21,AAPL,-0.0001410314126787937,Sell
2023-08-21,BA,0.00033077727410267543,Buy
2023-08-21,JNJ,0.0032503664344506744,Buy
2023-08-21,JPM,0.00024870022278812576,Buy
2023-08-21,NVDA,-0.007095940592582256,Sell
2023-08-21,WMT,0.0007982854619500573,Buy
2023-08-21,MSFT,-0.0009836331505767987,Sell
2023-08-21,XOM,0.0016500192293909394,Buy
2023-08-22,DIS,-0.00034277718314140726,Sell
2023-08-22,SPY,-0.00019107814460779526,Sell
2023-08-22,KO,0.00012078679975817408,Buy
2023-08-22,AAPL,-0.0011605847701781635,Sell
2023-08-22,BA,-0.0015842736280627517,Sell
2023-08-22,JNJ,0.00028746049880506996,Buy
2023-08-22,JPM,0.0014559053413742001,Buy
2023-08-22,NVDA,0.002087963341260518,Buy
2023-08-22,WMT,-0.00014852989159631902,Sell
2023-08-22,MSFT,-0.0006030954876656003,Sell
2023-08-22,XOM,7.407834307981975e-05,Buy
2023-08-23,DIS,0.009642246817156128,Buy
2023-08-23,SPY,0.008678456808356133,Buy
2023-08-23,KO,0.009368585158112591,Buy
2023-08-23,AAPL,0.007702033418151011,Buy
2023-08-23,BA,0.010269275429395666,Buy
2023-08-23,JNJ,0.010494926438650645,Buy
2023-08-23,JPM,0.009073545677460229,Buy
2023-08-23,NVDA,0.006820704689353141,Buy
2023-08-23,WMT,-0.09094262757471419,Sell
2023-08-23,MSFT,0.008412779140671706,Buy
2023-08-23,XOM,0.010478073012299152,Buy
2023-08-24,DIS,-0.0067098215654960575,Sell
2023-08-24,SPY,-0.00927899342664898,Sell
2023-08-24,KO,-0.010417327864222059,Sell
2023-08-24,AAPL,-0.00802820125611381,Sell
2023-08-24,BA,-0.005677888537851616,Sell
2023-08-24,JNJ,-0.011032809153877068,Sell
2023-08-24,JPM,-0.010590498551191471,Sell
2023-08-24,NVDA,-0.010788365405645914,Sell
2023-08-24,WMT,0.09090909090909091,Buy
2023-08-24,MSFT,-0.00850287587153345,Sell
2023-08-24,XOM,-0.009928505857439915,Sell
2023-08-25,DIS,0.008812400038601217,Buy
2023-08-25,SPY,0.00914999173737234,Buy
2023-08-25,KO,0.009365757373609992,Buy
2023-08-25,AAPL,0.008645377469659085,Buy
2023-08-25,BA,0.007253624166430009,Buy
2023-08-25,JNJ,0.008492505323906427,Buy
2023-08-25,JPM,0.009896276973276386,Buy
2023-08-25,NVDA,0.01197614581484066,Buy
2023-08-25,WMT,-0.09074878803721904,Sell
2023-08-25,MSFT,0.00893732287553467,Buy
2023-08-25,XOM,0.008174267792770529,Buy
2023-08-28,DIS,-0.0003221251837710326,Sell
2023-08-28,SPY,1.3655258190858888e-06,Buy
2023-08-28,KO,0.0003517848265837814,Buy
2023-08-28,AAPL,-0.00024750604609394267,Sell
2023-08-28,BA,-0.0009919410365678005,Sell
2023-08-28,JNJ,0.0018030003565390473,Buy
2023-08-28,JPM,0.00028685917754196766,Buy
2023-08-28,NVDA,-0.0011326745184868092,Sell
2023-08-28,MSFT,0.00041000234104784927,Buy
2023-08-28,XOM,-0.00020384208604758147,Sell
2023-08-29,DIS,0.0007993018509351579,Buy
2023-08-29,SPY,-0.0003484547930155679,Sell
2023-08-29,KO,0.001179395891794499,Buy
2023-08-29,AAPL,-0.0010760506296581401,Sell
2023-08-29,BA,0.0009986189900788728,Buy
2023-08-29,JNJ,0.0010693610651886232,Buy
2023-08-29,JPM,0.00027694347915119266,Buy
2023-08-29,NVDA,-0.0030350210263558053,Sell
2023-08-29,MSFT,-0.0003579139514729851,Sell
2023-08-29,XOM,0.0004923968960876268,Buy
2023-08-30,DIS,0.0005555659546510605,Buy
2023-08-30,SPY,3.7820078940820068e-06,Buy
2023-08-30,KO,0.0004633210314107239,Buy
2023-08-30,AAPL,-0.0014953360355912104,Sell
2023-08-30,BA,-0.00028720474302100507,Sell
2023-08-30,JNJ,0.0007654634074478472,Buy
2023-08-30,JPM,0.0008156370028808563,Buy
2023-08-30,NVDA,-0.0005659050978748109,Sell
2023-08-30,MSFT,0.00029871492837776903,Buy
2023-08-30,XOM,-0.0005564368513015783,Sell
2023-08-31,DIS,8.813469182832046e-05,Buy
2023-08-31,SPY,-0.00048099239020993334,Sell
2023-08-31,KO,0.000436793110916156,Buy
2023-08-31,AAPL,-0.0007462171670125639,Sell
2023-08-31,BA,0.0014911751542440732,Buy
2023-08-31,JNJ,0.0006317020924617028,Buy
2023-08-31,JPM,0.0006146559859161738,Buy
2023-08-31,NVDA,-0.0008141244488954619,Sell
2023-08-31,MSFT,-0.0003130036641607742,Sell
2023-08-31,XOM,-0.0009095843279477295,Sell
2023-09-01,DIS,0.00221212339511008,Buy
2023-09-01,SPY,-0.0004183269919509902,Sell
2023-09-01,KO,0.0006397738346535786,Buy
2023-09-01,AAPL,-0.0010796667195426962,Sell
2023-09-01,BA,5.049848937269119e-05,Buy
2023-09-01,JNJ,0.0005125465309428201,Buy
2023-09-01,JPM,-0.0005670049190901749,Sell
2023-09-01,NVDA,0.001486722041716515,Buy
2023-09-01,MSFT,-0.0005065922664412997,Sell
2023-09-01,XOM,-0.0023317087654975976,Sell
2023-09-05,DIS,-0.008684962362081203,Sell
2023-09-05,SPY,-0.008804151032769714,Sell
2023-09-05,KO,-0.00840960799668862,Sell
2023-09-05,AAPL,-0.009363836414786483,Sell
2023-09-05,BA,-0.00886491603128188,Sell
2023-09-05,JNJ,-0.009361784852307597,Sell
2023-09-05,JPM,-0.008131938706816472,Sell
2023-09-05,NVDA,-0.009317512832401995,Sell
2023-09-05,WMT,0.09090909090909091,Buy
2023-09-05,MSFT,-0.010727019318289302,Sell
2023-09-05,XOM,-0.009245816183295022,Sell
2023-09-06,DIS,0.008479480880988474,Buy
2023-09-06,SPY,0.008859002391237741,Buy
2023-09-06,KO,0.008304561177195302,Buy
2023-09-06,AAPL,0.011526474640915774,Buy
2023-09-06,BA,0.010146831904227369,Buy
2023-09-06,JNJ,0.009766908556001333,Buy
2023-09-06,JPM,0.008393797219982846,Buy
2023-09-06,NVDA,0.011045336089765226,Buy
2023-09-06,WMT,-0.092444851488793,Sell
2023-09-06,MSFT,0.008426474684934654,Buy
2023-09-06,XOM,0.00745010440563898,Buy
2023-09-07,DIS,-0.000308443545790571,Sell
2023-09-07,SPY,-0.0005093689289136227,Sell
2023-09-07,KO,-4.7058133640226485e-05,Sell
2023-09-07,AAPL,0.002130005527582385,Buy
2023-09-07,BA,5.999944398081547e-05,Buy
2023-09-07,JNJ,-0.0021077886463575085,Sell
2023-09-07,JPM,4.350324587372445e-05,Buy
2023-09-07,NVDA,0.0009377959038735922,Buy
2023-09-07,MSFT,8.062350678042507e-05,Buy
2023-09-07,XOM,-0.00032585774897725406,Sell
2023-09-08,DIS,-0.0011242700463596766,Sell
2023-09-08,SPY,-2.2713844134589212e-05,Sell
2023-09-08,KO,0.00012768878507177228,Buy
2023-09-08,AAPL,-0.00022104121584191894,Sell
2023-09-08,BA,0.0023373139595669196,Buy
2023-09-08,JNJ,-0.00020307979437898804,Sell
2023-09-08,JPM,5.126714685728395e-05,Buy
2023-09-08,NVDA,0.0015726071741007513,Buy
2023-09-08,MSFT,-0.001192182201704986,Sell
2023-09-08,XOM,-0.001327225483288591,Sell
2023-09-11,DIS,-0.0007477260832841476,Sell
2023-09-11,SPY,-0.0002551395221846997,Sell
2023-09-11,KO,-0.0005392398307952767,Sell
2023-09-11,AAPL,-0.00025971016668499547,Sell
2023-09-11,BA,0.0005224779012361208,Buy
2023-09-11,JNJ,-0.0009027852437718115,Sell
2023-09-11,JPM,-3.63928140064973e-05,Sell
2023-09-11,NVDA,0.0012610157965732421,Buy
2023-09-11,MSFT,-0.0006936348367415635,Sell
2023-09-11,XOM,0.0016490981295950308,Buy
2023-09-12,DIS,-0.0013783514840688127,Sell
2023-09-12,SPY,0.0005754199505280666,Buy
2023-09-12,KO,0.0010117847192169516,Buy
2023-09-12,AAPL,0.001732613227134569,Buy
2023-09-12,BA,0.00019756670928494646,Buy
2023-09-12,JNJ,-0.000538444541356084,Sell
2023-09-12,JPM,-0.0012740175111223412,Sell
2023-09-12,NVDA,0.0007085740549089697,Buy
2023-09-12,MSFT,0.0018522986872719638,Buy
2023-09-12,XOM,-0.0028891601532654437,Sell
2023-09-13,DIS,-0.0088589319090797,Sell
2023-09-13,SPY,-0.009214552542711807,Sell
2023-09-13,KO,-0.009338093030380301,Sell
2023-09-13,AAPL,-0.007912391004150962,Sell
2023-09-13,BA,-0.00802974497579341,Sell
2023-09-13,JNJ,-0.009348613692672134,Sell
2023-09-13,JPM,-0.009145780350643257,Sell
2023-09-13,NVDA,-0.010468702635465663,Sell
2023-09-13,WMT,0.09090909090909091,Buy
2023-09-13,MSFT,-0.010391126284188784,Sell
2023-09-13,XOM,-0.008204194255552397,Sell
2023-09-14,DIS,-0.0003409308903653402,Sell
2023-09-14,SPY,-3.826430496786659e-05,Sell
2023-09-14,KO,-7.2875343690992356e-06,Sell
2023-09-14,AAPL,-5.271127159357791e-05,Sell
2023-09-14,BA,0.00045795965008829653,Buy
2023-09-14,JNJ,0.0008766652379022938,Buy
2023-09-14,JPM,-0.0010098876020616931,Sell
2023-09-14,NVDA,0.0005489196694015569,Buy
2023-09-14,WMT,0.00036111325008229833,Buy
2023-09-14,MSFT,3.0844244689728906e-05,Buy
2023-09-14,XOM,-0.0008715061461892215,Sell
2023-09-15,DIS,-0.002152255060087413,Sell
2023-09-15,SPY,0.00015071897948017166,Buy
2023-09-15,KO,-0.00013895104961061944,Sell
2023-09-15,AAPL,-0.0005744929678646038,Sell
2023-09-15,BA,-0.0005430179325064538,Sell
2023-09-15,JNJ,0.0003287053416881902,Buy
2023-09-15,JPM,-0.0006852538968595279,Sell
2023-09-15,NVDA,0.002431839620577539,Buy
2023-09-15,WMT,-0.0006169771900900456,Sell
2023-09-15,MSFT,0.0013439435788282217,Buy
2023-09-15,XOM,0.0004545794696893257,Buy
2023-09-18,DIS,0.0006753670930800676,Buy
2023-09-18,SPY,2.7746300961417614e-05,Buy
2023-09-18,KO,-0.0004833221814203176,Sell
2023-09-18,AAPL,-0.0014551830614485811,Sell
2023-09-18,BA,0.0013859880165485589,Buy
2023-09-18,JNJ,-0.0004928029796294198,Sell
2023-09-18,JPM,-0.00010817972572510492,Sell
2023-09-18,NVDA,-5.5535327868894147e-05,Sell
2023-09-18,WMT,0.0007540635627855119,Buy
2023-09-18,MSFT,0.0004000873291087337,Buy
2023-09-18,XOM,-0.0006505821111183474,Sell
2023-09-19,DIS,0.0028569042903914404,Buy
2023-09-19,SPY,-0.00026336371035980133,Sell
2023-09-19,KO,-0.00026478654376824173,Sell
2023-09-19,AAPL,-0.001017536351844081,Sell
2023-09-19,BA,-0.0001677782554987961,Sell
2023-09-19,JNJ,-0.0003010098400655359,Sell
2023-09-19,JPM,-0.00033644049467203285,Sell
2023-09-19,NVDA,0.00047395646386012846,Buy
2023-09-19,WMT,-0.0004304725113979807,Sell
2023-09-19,MSFT,-0.0003390014691348059,Sell
2023-09-19,XOM,-0.00021210187254731838,Sell
2023-09-20,DIS,-0.0014048263610803718,Sell
2023-09-20,SPY,0.00013071072985883225,Buy
2023-09-20,KO,-0.0011210457484929215,Sell
2023-09-20,AAPL,0.001120094517972417,Buy
2023-09-20,BA,0.00023382679847408494,Buy
2023-09-20,JNJ,-0.0011126432758272464,Sell
2023-09-20,JPM,-0.0003240281070683998,Sell
2023-09-20,NVDA,0.001985229157317553,Buy
2023-09-20,WMT,-0.001008802947946863,Sell
2023-09-20,MSFT,0.001485173540117471,Buy
2023-09-20,XOM,1.4632819315893442e-05,Buy
2023-09-21,DIS,-0.0012365395836770043,Sell
2023-09-21,SPY,0.0004727025170117305,Buy
2023-09-21,KO,0.0003689854546155419,Buy
2023-09-21,AAPL,-0.00022973908536930154,Sell
2023-09-21,BA,5.246006215837984e-05,Buy
2023-09-21,JNJ,-0.00034160811895150855,Sell
2023-09-21,JPM,-0.0003279076593382807,Sell
2023-09-21,NVDA,0.0016131676717216076,Buy
2023-09-21,WMT,6.92356683303641e-05,Buy
2023-09-21,MSFT,-0.0006916979072469631,Sell
2023-09-21,XOM,0.0002484270996792187,Buy
2023-09-22,DIS,0.0013712724747137195,Buy
2023-09-22,SPY,-5.4691115226185305e-05,Sell
2023-09-22,KO,-0.0003547498833774698,Sell
2023-09-22,AAPL,-0.0007104575865381213,Sell
2023-09-22,BA,0.0007616514308952382,Buy
2023-09-22,JNJ,0.0003945045804704256,Buy
2023-09-22,JPM,0.0006139800852367483,Buy
2023-09-22,NVDA,-0.0015777365464242493,Sell
2023-09-22,WMT,-0.0005018083611351143,Sell
2023-09-22,MSFT,0.00045930749545509963,Buy
2023-09-22,XOM,-0.00040268972847208595,Sell
2023-09-25,DIS,0.009680413342457186,Buy
2023-09-25,SPY,0.009031902015329885,Buy
2023-09-25,KO,0.010356445347379187,Buy
2023-09-25,AAPL,0.008744255953995958,Buy
2023-09-25,BA,0.008922577513046953,Buy
2023-09-25,JNJ,0.009548289658364018,Buy
2023-09-25,JPM,0.008965252909023586,Buy
2023-09-25,NVDA,0.008080461372539649,Buy
2023-09-25,WMT,-0.09098891251912944,Sell
2023-09-25,MSFT,0.009261380703245128,Buy
2023-09-25,XOM,0.008396139367955455,Buy
2023-09-26,DIS,-0.00905926677857491,Sell
2023-09-26,SPY,-0.008771872597348684,Sell
2023-09-26,KO,-0.009423955434486597,Sell
2023-09-26,AAPL,-0.007890982740349994,Sell
2023-09-26,BA,-0.008660063394670237,Sell
2023-09-26,JNJ,-0.009475383497553128,Sell
2023-09-26,JPM,-0.009208125731886244,Sell
2023-09-26,NVDA,-0.009512967636981312,Sell
2023-09-26,WMT,0.09090909090909091,Buy
2023-09-26,MSFT,-0.008537699938207868,Sell
2023-09-26,XOM,-0.010414798185379714,Sell
2023-09-27,DIS,0.0002933456896122705,Buy
2023-09-27,SPY,8.698753913526092e-05,Buy
2023-09-27,KO,0.0010547014073483824,Buy
2023-09-27,AAPL,0.0009309891081766553,Buy
2023-09-27,BA,0.00020674846259645385,Buy
2023-09-27,JNJ,0.0012136826872839596,Buy
2023-09-27,JPM,-0.0004092181914495674,Sell
2023-09-27,NVDA,-0.0010833009757324902,Sell
2023-09-27,WMT,0.0005589974966588862,Buy
2023-09-27,MSFT,-6.583064388192283e-05,Sell
2023-09-27,XOM,-0.0028325070040298578,Sell
2023-09-28,DIS,-0.00018523588156334203,Sell
2023-09-28,SPY,-0.00045037678682743887,Sell
2023-09-28,KO,0.00030350107848463315,Buy
2023-09-28,AAPL,-6.232914229357955e-05,Sell
2023-09-28,BA,0.0024137413272598135,Buy
2023-09-28,JNJ,0.0002091808820443436,Buy
2023-09-28,JPM,-0.0010515486446456002,Sell
2023-09-28,NVDA,-0.0012520060315855397,Sell
2023-09-28,WMT,-0.00038435890875622436,Sell
2023-09-28,MSFT,-0.0001706181399495632,Sell
2023-09-28,XOM,0.0006278680018715482,Buy
2023-09-29,DIS,-0.001199170627799867,Sell
2023-09-29,SPY,6.736707094827377e-05,Buy
2023-09-29,KO,-0.0004310216587104926,Sell
2023-09-29,AAPL,-0.00043107745103812545,Sell
2023-09-29,BA,-0.0007513819428568019,Sell
2023-09-29,JNJ,0.0005022766015286978,Buy
2023-09-29,JPM,0.0014320344205749624,Buy
2023-09-29,NVDA,-0.0010201270723704386,Sell
2023-09-29,WMT,0.0013086209158540002,Buy
2023-09-29,MSFT,-0.0007662516248010953,Sell
2023-09-29,XOM,0.0012869506731381375,Buy
2023-10-02,DIS,-0.0005814151131671441,Sell
2023-10-02,SPY,0.0001492492767950354,Buy
2023-10-02,KO,0.0009241149203685767,Buy
2023-10-02,AAPL,-0.0012338633971089863,Sell
2023-10-02,BA,0.0019368213048823746,Buy
2023-10-02,JNJ,0.0004629229480155178,Buy
2023-10-02,JPM,0.0008957572491553878,Buy
2023-10-02,NVDA,-0.0025648747943509825,Sell
2023-10-02,WMT,1.6631198676689274e-05,Buy
2023-10-02,MSFT,-0.0016265844168702887,Sell
2023-10-02,XOM,0.0016189446148248826,Buy
2023-10-03,DIS,0.0014159118415319888,Buy
2023-10-03,SPY,0.0002494128591329636,Buy
2023-10-03,KO,1.3121216035805183e-05,Buy
2023-10-03,AAPL,-0.000266666021608325,Sell
2023-10-03,BA,-0.0015138782321332672,Sell
2023-10-03,JNJ,-0.001093161169985285,Sell
2023-10-03,JPM,-0.0003031471607381764,Sell
2023-10-03,NVDA,0.001615068992848634,Buy
2023-10-03,WMT,-0.00040095029148931594,Sell
2023-10-03,MSFT,0.0014208318868011438,Buy
2023-10-03,XOM,-0.001139579106239505,Sell
2023-10-04,DIS,0.0003601200104354496,Buy
2023-10-04,SPY,-0.0005522133065272022,Sell
2023-10-04,KO,-0.00015573309274131975,Sell
2023-10-04,AAPL,-0.0005546469163376366,Sell
2023-10-04,BA,0.0011615629677379224,Buy
2023-10-04,JNJ,3.780387984875233e-06,Buy
2023-10-04,JPM,-0.000298216155199274,Sell
2023-10-04,NVDA,-0.0009843694553478555,Sell
2023-10-04,WMT,-0.0009811353641448611,Sell
2023-10-04,MSFT,-0.0015048262175511445,Sell
2023-10-04,XOM,0.003503322036347775,Buy
2023-10-05,DIS,-0.0019522252383986777,Sell
2023-10-05,SPY,-0.0002056823880038361,Sell
2023-10-05,KO,0.004165083451381793,Buy
2023-10-05,AAPL,-0.0008961011997400681,Sell
2023-10-05,BA,-2.5239224928724768e-05,Sell
2023-10-05,JNJ,-0.001189475540084542,Sell
2023-10-05,JPM,-0.0006243183352348386,Sell
2023-10-05,NVDA,-0.0015790709742673908,Sell
2023-10-05,WMT,0.000846973002608678,Buy
2023-10-05,MSFT,-0.00035432260958780104,Sell
2023-10-05,XOM,0.0018118574347004146,Buy
2023-10-06,DIS,-0.09240500855512265,Sell
2023-10-06,SPY,0.03389913054723516,Buy
2023-10-06,KO,-0.09133825341717589,Sell
2023-10-06,AAPL,0.0336400501890379,Buy
2023-10-06,BA,0.034441273273874085,Buy
2023-10-06,JNJ,0.03468157667046985,Buy
2023-10-06,JPM,-0.09141803026104138,Sell
2023-10-06,NVDA,0.032804300774303186,Buy
2023-10-06,WMT,0.036479161078263114,Buy
2023-10-06,MSFT,0.03274093389166376,Buy
2023-10-06,XOM,0.036471486148191026,Buy
2023-10-09,DIS,0.1111111111111111,Buy
2023-10-09,SPY,-0.013847735612481038,Sell
2023-10-09,AAPL,-0.014102138258735186,Sell
2023-10-09,BA,-0.013788330083384037,Sell
2023-10-09,JNJ,-0.013761692283393495,Sell
2023-10-09,JPM,0.1111111111111111,Buy
2023-10-09,NVDA,-0.011726035381145541,Sell
2023-10-09,WMT,-0.123711427408788,Sell
2023-10-09,MSFT,-0.014024080432153502,Sell
2023-10-09,XOM,-0.01739744234121962,Sell
2023-10-10,DIS,0.00010038918014149134,Buy
2023-10-10,SPY,-9.66355530268026e-05,Sell
2023-10-10,AAPL,0.0008500413197320977,Buy
2023-10-10,BA,-0.0024789906234913978,Sell
2023-10-10,JNJ,0.0006047831159992911,Buy
2023-10-10,JPM,-0.00019329968555677202,Sell
2023-10-10,NVDA,-0.0008037513376045469,Sell
2023-10-10,MSFT,0.0009588463355521826,Buy
2023-10-10,XOM,0.0009479512923160488,Buy
2023-10-11,DIS,-0.019876724651906513,Sell
2023-10-11,SPY,-0.020514072867833466,Sell
2023-10-11,KO,0.09090909090909091,Buy
2023-10-11,AAPL,-0.02093663951515902,Sell
2023-10-11,BA,-0.02151594044746938,Sell
2023-10-11,JNJ,-0.018531919623436907,Sell
2023-10-11,JPM,-0.020440491274931916,Sell
2023-10-11,NVDA,-0.022501887715383584,Sell
2023-10-11,WMT,0.09090909090909091,Buy
2023-10-11,MSFT,-0.021421341070109984,Sell
2023-10-11,XOM,-0.016080921068547763,Sell
2023-10-12,DIS,0.009240168389371223,Buy
2023-10-12,SPY,0.009258760568569127,Buy
2023-10-12,KO,0.010232014361467645,Buy
2023-10-12,AAPL,0.008240100444482049,Buy
2023-10-12,BA,0.010923274025293223,Buy
2023-10-12,JNJ,0.00861449169746245,Buy
2023-10-12,JPM,0.008914580330280572,Buy
2023-10-12,NVDA,0.008431035800027811,Buy
2023-10-12,WMT,-0.09171326104679177,Sell
2023-10-12,MSFT,0.00904823064789713,Buy
2023-10-12,XOM,0.008719306515367314,Buy
2023-10-13,DIS,-0.00039464473994771376,Sell
2023-10-13,SPY,0.00010540637923510399,Buy
2023-10-13,KO,-0.0005467316701647934,Sell
2023-10-13,AAPL,0.0006387020380094754,Buy
2023-10-13,BA,0.00295884040578262,Buy
2023-10-13,JNJ,-0.0007285958900170031,Sell
2023-10-13,JPM,-0.0019025354107986975,Sell
2023-10-13,NVDA,0.0027789856547989905,Buy
2023-10-13,WMT,0.1,Buy
2023-10-13,MSFT,0.0006451886518374222,Buy
2023-10-13,XOM,-0.1036006301053965,Sell
2023-10-16,DIS,-0.009930960129633848,Sell
2023-10-16,SPY,-0.009375039584424219,Sell
2023-10-16,KO,-0.009344117956885764,Sell
2023-10-16,AAPL,-0.008258746522083929,Sell
2023-10-16,BA,-0.008341618354099564,Sell
2023-10-16,JNJ,-0.008761121200858896,Sell
2023-10-16,JPM,-0.008230318759010757,Sell
2023-10-16,NVDA,-0.009714917032475845,Sell
2023-10-16,WMT,-0.009187741998156862,Sell
2023-10-16,MSFT,-0.009817677256178742,Sell
2023-10-16,XOM,0.09090909090909091,Buy
2023-10-17,DIS,0.019403361787131035,Buy
2023-10-17,SPY,0.01992886111935989,Buy
2023-10-17,KO,0.018832418037704454,Buy
2023-10-17,AAPL,0.020725712079394942,Buy
2023-10-17,BA,0.019594299172227214,Buy
2023-10-17,JNJ,0.02075822230203879,Buy
2023-10-17,JPM,0.02012204590558024,Buy
2023-10-17,NVDA,0.024191718715197458,Buy
2023-10-17,WMT,-0.09130521904797746,Sell
2023-10-17,MSFT,0.02008367461003932,Buy
2023-10-17,XOM,-0.09238070123198193,Sell
2023-10-18,DIS,-0.019681542200088345,Sell
2023-10-18,SPY,-0.02016655936090324,Sell
2023-10-18,KO,-0.021625004821345564,Sell
2023-10-18,AAPL,-0.02083417795618127,Sell
2023-10-18,BA,-0.02172122721061212,Sell
2023-10-18,JNJ,-0.019243325297354785,Sell
2023-10-18,JPM,-0.020430486930994474,Sell
2023-10-18,NVDA,-0.017203360253970415,Sell
2023-10-18,WMT,0.09090909090909091,Buy
2023-10-18,MSFT,-0.02100553983002644,Sell
2023-10-18,XOM,0.09090909090909091,Buy
2023-10-19,DIS,0.0011388242674791743,Buy
2023-10-19,SPY,0.0003991300573171763,Buy
2023-10-19,KO,-0.000909978059430952,Sell
2023-10-19,AAPL,-0.000205833646049966,Sell
2023-10-19,BA,0.0010228964130547247,Buy
2023-10-19,JNJ,-0.0001580435215903786,Sell
2023-10-19,JPM,-1.5152045673330616e-05,Sell
2023-10-19,NVDA,-0.00019760377749931946,Sell
2023-10-19,WMT,3.208273581675747e-05,Buy
2023-10-19,MSFT,-0.0007378821553882253,Sell
2023-10-19,XOM,-0.0004597758932526619,Sell
2023-10-20,DIS,-0.0003193955131277487,Sell
2023-10-20,SPY,0.00014749459657169284,Buy
2023-10-20,KO,-0.0013536435219933945,Sell
2023-10-20,AAPL,0.0003695107340020293,Buy
2023-10-20,BA,0.0004007856780594149,Buy
2023-10-20,JNJ,-0.0013919202155503463,Sell
2023-10-20,JPM,0.0004982827964794129,Buy
2023-10-20,NVDA,0.0005767378195431216,Buy
2023-10-20,WMT,0.00016716560947063752,Buy
2023-10-20,MSFT,0.0003080044186657138,Buy
2023-10-20,XOM,0.0005956440508973065,Buy
2023-10-23,DIS,0.00878437887251153,Buy
2023-10-23,SPY,0.009435560816932434,Buy
2023-10-23,KO,0.010092930933148558,Buy
2023-10-23,AAPL,0.009215347144317043,Buy
2023-10-23,BA,0.00877946209542882,Buy
2023-10-23,JNJ,0.010232986537405703,Buy
2023-10-23,JPM,0.01051588568419734,Buy
2023-10-23,NVDA,0.005797359924977971,Buy
2023-10-23,WMT,-0.09200739967942362,Sell
2023-10-23,MSFT,0.008542376099918897,Buy
2023-10-23,XOM,0.010609582582951582,Buy
2023-10-24,DIS,0.001138842039439994,Buy
2023-10-24,SPY,-0.00025802210964363803,Sell
2023-10-24,KO,-0.0023781942494204705,Sell
2023-10-24,AAPL,0.00023913656158909558,Buy
2023-10-24,BA,-0.00023885395894980566,Sell
2023-10-24,JNJ,0.000597407018789714,Buy
2023-10-24,JPM,0.0003722175649541193,Buy
2023-10-24,NVDA,-0.001100827940272997,Sell
2023-10-24,MSFT,0.00012658788893439576,Buy
2023-10-24,XOM,0.0014559303025281634,Buy
2023-10-25,DIS,0.0015759165283050769,Buy
2023-10-25,SPY,0.0006171145669622846,Buy
2023-10-25,KO,-0.0016998651514703866,Sell
2023-10-25,AAPL,0.0005303482896305972,Buy
2023-10-25,BA,0.0017299873243248332,Buy
2023-10-25,JNJ,-0.0010567400831923424,Sell
2023-10-25,JPM,-0.0002800241761374972,Sell
2023-10-25,NVDA,0.0035206408503423714,Buy
2023-10-25,MSFT,-0.003923295117939596,Sell
2023-10-25,XOM,-0.001016075941180944,Sell
2023-10-26,DIS,-0.009500381885793927,Sell
2023-10-26,SPY,-0.00930525327303186,Sell
2023-10-26,KO,-0.009905318167455768,Sell
2023-10-26,AAPL,-0.008024113354726262,Sell
2023-10-26,BA,-0.01129596508018238,Sell
2023-10-26,JNJ,-0.008800003526872893,Sell
2023-10-26,JPM,-0.010779914054106915,Sell
2023-10-26,NVDA,-0.006992294154364101,Sell
2023-10-26,WMT,0.09090909090909091,Buy
2023-10-26,MSFT,-0.006714781301991046,Sell
2023-10-26,XOM,-0.009595110590620556,Sell
2023-10-27,DIS,0.008937589090598705,Buy
2023-10-27,SPY,0.00883613731119838,Buy
2023-10-27,KO,0.009307590632456605,Buy
2023-10-27,AAPL,0.007691198836967131,Buy
2023-10-27,BA,0.008114213658957578,Buy
2023-10-27,JNJ,0.010510737027586203,Buy
2023-10-27,JPM,0.011719592712322938,Buy
2023-10-27,NVDA,0.008025888715163215,Buy
2023-10-27,WMT,-0.09123931674308008,Sell
2023-10-27,MSFT,0.007884776953813899,Buy
2023-10-27,XOM,0.010165801301011301,Buy
2023-10-30,DIS,-0.0003286837332920345,Sell
2023-10-30,SPY,0.00017067702953524333,Buy
2023-10-30,KO,-0.00027501198133811355,Sell
2023-10-30,AAPL,0.0001361979714237932,Buy
2023-10-30,BA,-0.00011024119513342034,Sell
2023-10-30,JNJ,0.000381232704696588,Buy
2023-10-30,JPM,9.234574300767684e-05,Buy
2023-10-30,NVDA,-0.0002599666262358552,Sell
2023-10-30,MSFT,-0.0008932223098959552,Sell
2023-10-30,XOM,0.0010416799438959373,Buy
2023-10-31,DIS,-0.000478675921660246,Sell
2023-10-31,SPY,1.797586158755471e-05,Buy
2023-10-31,KO,4.0352058011255965e-05,Buy
2023-10-31,AAPL,0.0003619206843848699,Buy
2023-10-31,BA,-0.0017936098742233758,Sell
2023-10-31,JNJ,-0.00024325579246743667,Sell
2023-10-31,JPM,-0.0005437687953256942,Sell
2023-10-31,NVDA,0.0015616793474746982,Buy
2023-10-31,MSFT,0.00040633519990533606,Buy
2023-10-31,XOM,0.0006701308386117266,Buy
2023-11-01,DIS,0.0015896840267511647,Buy
2023-11-01,SPY,-9.778301922964971e-05,Sell
2023-11-01,KO,0.0010461444381538176,Buy
2023-11-01,AAPL,-0.0008974344607651369,Sell
2023-11-01,BA,-0.00039869566321920624,Sell
2023-11-01,JNJ,0.0007247773776382499,Buy
2023-11-01,JPM,0.0010439282690815621,Buy
2023-11-01,NVDA,-0.0027938615206129502,Sell
2023-11-01,MSFT,-0.0013732369405951156,Sell
2023-11-01,XOM,0.0011549627258245765,Buy
2023-11-02,DIS,-0.10084111263025741,Sell
2023-11-02,SPY,0.01107675948296262,Buy
2023-11-02,KO,0.011827394552454615,Buy
2023-11-02,AAPL,0.01092667500369382,Buy
2023-11-02,BA,0.011594711291074894,Buy
2023-11-02,JNJ,0.011934604974857127,Buy
2023-11-02,JPM,0.01120583288752515,Buy
2023-11-02,NVDA,0.01021903130302887,Buy
2023-11-02,MSFT,0.012319666496087525,Buy
2023-11-02,XOM,0.009733707851824924,Buy
2023-11-03,DIS,0.09090909090909091,Buy
2023-11-03,SPY,-0.020389512886411054,Sell
2023-11-03,KO,-0.018707110410476957,Sell
2023-11-03,AAPL,-0.018811808557391257,Sell
2023-11-03,BA,-0.021129473266106244,Sell
2023-11-03,JNJ,-0.020190767292242714,Sell
2023-11-03,JPM,-0.0206154968740032,Sell
2023-11-03,NVDA,-0.02318339305020252,Sell
2023-11-03,WMT,0.09090909090909091,Buy
2023-11-03,MSFT,-0.020801824432141902,Sell
2023-11-03,XOM,-0.01803884338890034,Sell
2023-11-06,DIS,0.0012650428626935217,Buy
2023-11-06,SPY,-6.403136800914311e-05,Sell
2023-11-06,KO,-0.00022316209022273104,Sell
2023-11-06,AAPL,-0.0011808694158803867,Sell
2023-11-06,BA,0.001121974719487287,Buy
2023-11-06,JNJ,-7.114105633465595e-05,Sell
2023-11-06,JPM,-0.0005407311438451745,Sell
2023-11-06,NVDA,-0.0013597404544135883,Sell
2023-11-06,WMT,2.3494480754795988e-05,Buy
2023-11-06,MSFT,-0.0008148341351904148,Sell
2023-11-06,XOM,0.0017532207783314269,Buy
2023-11-07,DIS,-0.00046163105690921746,Sell
2023-11-07,SPY,-0.00010424104057893402,Sell
2023-11-07,KO,-0.0001804796667986136,Sell
2023-11-07,AAPL,-0.0011574315965995757,Sell
2023-11-07,BA,0.0008783945498291174,Buy
2023-11-07,JNJ,0.000632646392091693,Buy
2023-11-07,JPM,0.0001981437644429096,Buy
2023-11-07,NVDA,-0.0002506194450613841,Sell
2023-11-07,WMT,-0.0002697769777762621,Sell
2023-11-07,MSFT,-0.000864162288238518,Sell
2023-11-07,XOM,0.001577056371270924,Buy
2023-11-08,DIS,0.00016175747479962865,Buy
2023-11-08,SPY,-1.4350166863685843e-06,Sell
2023-11-08,KO,0.000208105346831175,Buy
2023-11-08,AAPL,-0.0004694983776772216,Sell
2023-11-08,BA,-0.00013422036586971386,Sell
2023-11-08,JNJ,0.0003962045108592688,Buy
2023-11-08,JPM,-0.00038276340167828216,Sell
2023-11-08,NVDA,-0.0011585244599583294,Sell
2023-11-08,WMT,0.000805470395535593,Buy
2023-11-08,MSFT,-0.0006076750599697117,Sell
2023-11-08,XOM,0.0011809364852672227,Buy
2023-11-09,DIS,-0.005969029126249373,Sell
2023-11-09,SPY,0.0010003158260608325,Buy
2023-11-09,KO,0.0009761276544937164,Buy
2023-11-09,AAPL,0.0005314398557136613,Buy
2023-11-09,BA,-0.00041494395419112984,Sell
2023-11-09,JNJ,0.002059530130997883,Buy
2023-11-09,JPM,0.000562861985926838,Buy
2023-11-09,NVDA,-0.0004379331990737312,Sell
2023-11-09,WMT,0.0005032008970926316,Buy
2023-11-09,MSFT,0.0009198473537072732,Buy
2023-11-09,XOM,0.000267210374073526,Buy
2023-11-10,DIS,0.012161737133787612,Buy
2023-11-10,SPY,0.008699028796743127,Buy
2023-11-10,KO,0.010006662747335512,Buy
2023-11-10,AAPL,0.008014423998150624,Buy
2023-11-10,BA,0.008558075853254354,Buy
2023-11-10,JNJ,0.010205542045002514,Buy
2023-11-10,JPM,0.0087685581935225,Buy
2023-11-10,NVDA,0.007449907716377921,Buy
2023-11-10,WMT,-0.09114307877679784,Sell
2023-11-10,MSFT,0.00786369375078362,Buy
2023-11-10,XOM,0.009412075859555488,Buy
2023-11-13,DIS,-0.0007858541777432115,Sell
2023-11-13,SPY,0.0006273816593136416,Buy
2023-11-13,KO,0.00016431224790103283,Buy
2023-11-13,AAPL,0.0013863588179868352,Buy
2023-11-13,BA,-0.003458270560762103,Sell
2023-11-13,JNJ,0.000275869145928212,Buy
2023-11-13,JPM,0.0009740949623544964,Buy
2023-11-13,NVDA,-5.3905957507954794e-05,Sell
2023-11-13,MSFT,0.0013371093927471156,Buy
2023-11-13,XOM,-0.0005124235323835935,Sell
2023-11-14,DIS,-0.0005892542382791438,Sell
2023-11-14,SPY,-0.0007054691094795923,Sell
2023-11-14,KO,0.0009161274380208445,Buy
2023-11-14,AAPL,-0.00020013242789469754,Sell
2023-11-14,BA,-0.10020401167979794,Sell
2023-11-14,JNJ,0.0011910447209500519,Buy
2023-11-14,JPM,-0.0005914442776167594,Sell
2023-11-14,NVDA,-0.0008938928810108132,Sell
2023-11-14,WMT,0.1,Buy
2023-11-14,MSFT,0.00024392077954700497,Buy
2023-11-14,XOM,0.0008307467735257507,Buy
2023-11-15,DIS,-0.0026675992995318643,Sell
2023-11-15,SPY,0.00024770094925609387,Buy
2023-11-15,KO,0.00026666437519412556,Buy
2023-11-15,AAPL,0.00015574870112877726,Buy
2023-11-15,JNJ,-0.000310067337606329,Sell
2023-11-15,JPM,-0.0004133251474701394,Sell
2023-11-15,NVDA,0.001997987288622202,Buy
2023-11-15,WMT,-0.0008062379772853928,Sell
2023-11-15,MSFT,0.0004180197402780944,Buy
2023-11-15,XOM,0.001059753710012712,Buy
2023-11-16,DIS,-0.009983688376382402,Sell
2023-11-16,SPY,-0.009487151448500958,Sell
2023-11-16,KO,-0.009259343090537955,Sell
2023-11-16,AAPL,-0.010271213716253128,Sell
2023-11-16,BA,0.09090909090909091,Buy
2023-11-16,JNJ,-0.01024055392154602,Sell
2023-11-16,JPM,-0.010509593325586944,Sell
2023-11-16,NVDA,-0.010578757263282085,Sell
2023-11-16,WMT,-0.0012495332672479431,Sell
2023-11-16,MSFT,-0.011127642724660256,Sell
2023-11-16,XOM,-0.008203705257861238,Sell
2023-11-17,DIS,0.0004466418574440023,Buy
2023-11-17,SPY,-1.2208493826951217e-05,Sell
2023-11-17,KO,-7.404343721617579e-05,Sell
2023-11-17,AAPL,0.00011032128407394148,Buy
2023-11-17,BA,-0.0005321911730348378,Sell
2023-11-17,JNJ,0.0002882919450964,Buy
2023-11-17,JPM,-0.0007207070043405567,Sell
2023-11-17,NVDA,0.0004347565309724133,Buy
2023-11-17,WMT,0.0005023013465933479,Buy
2023-11-17,MSFT,0.0016263970011921036,Buy
2023-11-17,XOM,-0.0021149645564367686,Sell
2023-11-20,DIS,0.0001851660045413539,Buy
2023-11-20,SPY,0.0003334032635311235,Buy
2023-11-20,KO,0.0008055332216083122,Buy
2023-11-20,AAPL,0.0001913198410910949,Buy
2023-11-20,BA,-0.0031526409755792822,Sell
2023-11-20,JNJ,0.00023290209271759066,Buy
2023-11-20,JPM,0.0007488419138357988,Buy
2023-11-20,NVDA,-0.0010003627656625935,Sell
2023-11-20,WMT,0.001054205876626163,Buy
2023-11-20,MSFT,-0.0008192910219782801,Sell
2023-11-20,XOM,0.0014192261932430839,Buy
2023-11-21,DIS,0.000467796916518215,Buy
2023-11-21,SPY,0.00011071907081609822,Buy
2023-11-21,KO,-0.0010863472395167134,Sell
2023-11-21,AAPL,0.0002973876792868313,Buy
2023-11-21,BA,-0.0003216595664914945,Sell
2023-11-21,JNJ,-0.0008220564117030205,Sell
2023-11-21,JPM,0.00010237552367936553,Buy
2023-11-21,NVDA,0.0007518109012511487,Buy
2023-11-21,WMT,-0.0004157283466522804,Sell
2023-11-21,MSFT,0.0009659744420588007,Buy
2023-11-21,XOM,-5.2761087680472385e-05,Sell
2023-11-22,DIS,-0.000556773534637206,Sell
2023-11-22,SPY,-0.00031109620937513904,Sell
2023-11-22,KO,-0.0005709595922534366,Sell
2023-11-22,AAPL,-0.0002796185093940362,Sell
2023-11-22,BA,-0.000643028426493969,Sell
2023-11-22,JNJ,0.00022011774542214646,Buy
2023-11-22,JPM,-0.000174134459576758,Sell
2023-11-22,NVDA,0.0022739819052192134,Buy
2023-11-22,WMT,0.0007335272343954174,Buy
2023-11-22,MSFT,-0.0011245435199060544,Sell
2023-11-22,XOM,0.00043117930170651075,Buy
2023-11-24,DIS,-0.0008344560801668011,Sell
2023-11-24,SPY,5.5193396975614095e-05,Buy
2023-11-24,KO,-0.00012209457176634575,Sell
2023-11-24,AAPL,0.0007470279490853077,Buy
2023-11-24,BA,7.389417005693177e-05,Buy
2023-11-24,JNJ,-0.0009003666335366256,Sell
2023-11-24,JPM,-1.3286658888389535e-05,Sell
2023-11-24,NVDA,0.0018630433041423727,Buy
2023-11-24,WMT,-0.0007049409450296668,Sell
2023-11-24,MSFT,0.00021197646748814802,Buy
2023-11-24,XOM,-0.000377817903300659,Sell
2023-11-27,DIS,0.0007129387209513782,Buy
2023-11-27,SPY,3.3408578976767966e-05,Buy
2023-11-27,KO,4.044432136751652e-05,Buy
2023-11-27,AAPL,-4.4270678089528004e-05,Sell
2023-11-27,BA,0.0001591314066091698,Buy
2023-11-27,JNJ,0.000597773741978766,Buy
2023-11-27,JPM,7.697298353009918e-05,Buy
2023-11-27,NVDA,-0.001018523317568923,Sell
2023-11-27,WMT,-0.0005447268410779943,Sell
2023-11-27,MSFT,-0.00041516435430825893,Sell
2023-11-27,XOM,0.0004005372936464052,Buy
2023-11-28,DIS,0.011723349305626074,Buy
2023-11-28,SPY,0.009085332975576496,Buy
2023-11-28,KO,0.008988804177186935,Buy
2023-11-28,AAPL,0.00888333332404645,Buy
2023-11-28,BA,0.007903791223889164,Buy
2023-11-28,JNJ,0.008965133214906315,Buy
2023-11-28,JPM,0.008967756539294339,Buy
2023-11-28,NVDA,0.009967867978697087,Buy
2023-11-28,WMT,-0.09190814043925866,Sell
2023-11-28,MSFT,0.00819409587732764,Buy
2023-11-28,XOM,0.009227665787596331,Buy
2023-11-29,DIS,-0.009225503684054212,Sell
2023-11-29,SPY,-0.009155073472834424,Sell
2023-11-29,KO,-0.00862720959460063,Sell
2023-11-29,AAPL,-0.008683821815592074,Sell
2023-11-29,BA,-0.01015313342242763,Sell
2023-11-29,JNJ,-0.0095424975717424,Sell
2023-11-29,JPM,-0.009734215522730252,Sell
2023-11-29,NVDA,-0.009893488288930594,Sell
2023-11-29,WMT,0.09090909090909091,Buy
2023-11-29,MSFT,-0.008218127256476387,Sell
2023-11-29,XOM,-0.007722035948767178,Sell
2023-11-30,DIS,0.00025427176331846435,Buy
2023-11-30,SPY,8.388768709027827e-05,Buy
2023-11-30,KO,-0.0006091373768572078,Sell
2023-11-30,AAPL,0.00016303166064056407,Buy
2023-11-30,BA,-0.002462263096209394,Sell
2023-11-30,JNJ,-0.0010765356052012814,Sell
2023-11-30,JPM,-0.0005916797255467315,Sell
2023-11-30,NVDA,0.0030147300833326673,Buy
2023-11-30,WMT,0.00066618335477589,Buy
2023-11-30,MSFT,0.0004257683234659554,Buy
2023-11-30,XOM,8.649698861280808e-05,Buy
2023-12-01,DIS,0.0004004095000334218,Buy
2023-12-01,SPY,-0.00024320997199157868,Sell
2023-12-01,KO,-1.723087860210082e-05,Sell
2023-12-01,AAPL,-0.00032252961993406437,Sell
2023-12-01,BA,-0.0005834291501749661,Sell
2023-12-01,JNJ,-0.0018867032036044007,Sell
2023-12-01,JPM,-0.00014837265424719193,Sell
2023-12-01,NVDA,0.00030257546931709844,Buy
2023-12-01,WMT,0.0010786189242924515,Buy
2023-12-01,MSFT,0.0013451303007780413,Buy
2023-12-01,XOM,7.239038603042147e-05,Buy
2023-12-04,DIS,0.00011243612202718745,Buy
2023-12-04,SPY,2.9515968041501917e-05,Buy
2023-12-04,KO,-0.0003410101611313332,Sell
2023-12-04,AAPL,0.0004146229704387744,Buy
2023-12-04,BA,-0.0008407025179745786,Sell
2023-12-04,JNJ,-0.0007384602204537488,Sell
2023-12-04,JPM,-0.0011199349668775394,Sell
2023-12-04,NVDA,0.0020016983975490316,Buy
2023-12-04,WMT,-0.00042638749892980055,Sell
2023-12-04,MSFT,0.0008599196582333851,Buy
2023-12-04,XOM,4.669417723271452e-05,Buy
2023-12-05,DIS,0.010509350526898886,Buy
2023-12-05,SPY,0.009324699998422045,Buy
2023-12-05,KO,0.00916747345931583,Buy
2023-12-05,AAPL,0.007396531116658334,Buy
2023-12-05,BA,0.009580981771612582,Buy
2023-12-05,JNJ,0.009495183036473759,Buy
2023-12-05,JPM,0.009318305256057077,Buy
2023-12-05,NVDA,0.007194226898301126,Buy
2023-12-05,WMT,-0.09153368213134845,Sell
2023-12-05,MSFT,0.00847641294918347,Buy
2023-12-05,XOM,0.01106878838838439,Buy
2023-12-06,DIS,-0.010485915301284857,Sell
2023-12-06,SPY,-0.009293702234368872,Sell
2023-12-06,KO,-0.009596237375727068,Sell
2023-12-06,AAPL,-0.009126982726841412,Sell
2023-12-06,BA,-0.01087210195591394,Sell
2023-12-06,JNJ,-0.008474452415833084,Sell
2023-12-06,JPM,-0.008641905526110757,Sell
2023-12-06,NVDA,-0.007402459892010327,Sell
2023-12-06,WMT,0.09090909090909091,Buy
2023-12-06,MSFT,-0.008694475020206455,Sell
2023-12-06,XOM,-0.008366903236542822,Sell
2023-12-07,DIS,-0.0004922489036807143,Sell
2023-12-07,SPY,-0.0003419966647442846,Sell
2023-12-07,KO,0.0001326646823691796,Buy
2023-12-07,AAPL,-0.000569188343999591,Sell
2023-12-07,BA,0.00018081290037481879,Buy
2023-12-07,JNJ,0.0010544479910375715,Buy
2023-12-07,JPM,7.092293586161147e-05,Buy
2023-12-07,NVDA,-0.0018262848986069224,Sell
2023-12-07,WMT,0.0009450251669107929,Buy
2023-12-07,MSFT,-0.00017892535489874573,Sell
2023-12-07,XOM,0.0009794789870746362,Buy
2023-12-08,DIS,-7.40737314575135e-05,Sell
2023-12-08,SPY,0.0002927873183706242,Buy
2023-12-08,KO,0.00088037837411864,Buy
2023-12-08,AAPL,1.1877073426577733e-05,Buy
2023-12-08,BA,-0.0021212429752173745,Sell
2023-12-08,JNJ,0.001249695442961038,Buy
2023-12-08,JPM,-0.0003148813929910732,Sell
2023-12-08,NVDA,-0.0010814300441296804,Sell
2023-12-08,WMT,0.0016275815726737863,Buy
2023-12-08,MSFT,-0.00011713051806212793,Sell
2023-12-08,XOM,-0.0003552414424075889,Sell
2023-12-11,DIS,0.0005259143464908939,Buy
2023-12-11,SPY,-0.00043578858609513715,Sell
2023-12-11,KO,-0.0007494341118621795,Sell
2023-12-11,AAPL,0.0010944038913910104,Buy
2023-12-11,BA,-0.0013387154464339357,Sell
2023-12-11,JNJ,-0.0004589829672413809,Sell
2023-12-11,JPM,-0.0004147876162319819,Sell
2023-12-11,NVDA,0.0016017262392473974,Buy
2023-12-11,WMT,-0.0003110704611749282,Sell
2023-12-11,MSFT,0.000630551474529964,Buy
2023-12-11,XOM,-0.0001458501721877531,Sell
2023-12-12,DIS,0.0013849688748376748,Buy
2023-12-12,SPY,-0.00013978918854298805,Sell
2023-12-12,KO,-0.0003092128645568598,Sell
2023-12-12,AAPL,-0.00044368318481510793,Sell
2023-12-12,BA,7.321115236447184e-05,Buy
2023-12-12,JNJ,0.0002683013254492772,Buy
2023-12-12,JPM,-0.00053479350174436,Sell
2023-12-12,NVDA,-0.0017279995396932701,Sell
2023-12-12,WMT,0.00020224115815463406,Buy
2023-12-12,MSFT,-0.0004776976604756178,Sell
2023-12-12,XOM,0.0017025324333172637,Buy
2023-12-13,DIS,0.019372596976300033,Buy
2023-12-13,SPY,0.019870800164324895,Buy
2023-12-13,KO,-0.09077165748831359,Sell
2023-12-13,AAPL,0.019609686717692684,Buy
2023-12-13,BA,0.02028659019645665,Buy
2023-12-13,JNJ,0.02069404645913138,Buy
2023-12-13,JPM,0.020809155957143194,Buy
2023-12-13,NVDA,0.02029797953665201,Buy
2023-12-13,WMT,-0.09159867909970328,Sell
2023-12-13,MSFT,0.021114325066203934,Buy
2023-12-13,XOM,0.020313357583332428,Buy
2023-12-14,DIS,-0.02064726290503656,Sell
2023-12-14,SPY,-0.019682914846359728,Sell
2023-12-14,KO,0.09090909090909091,Buy
2023-12-14,AAPL,-0.01941265011032131,Sell
2023-12-14,BA,-0.02167086317657685,Sell
2023-12-14,JNJ,-0.020093341032387024,Sell
2023-12-14,JPM,-0.021334580752589566,Sell
2023-12-14,NVDA,-0.01992970853076835,Sell
2023-12-14,WMT,0.09090909090909091,Buy
2023-12-14,MSFT,-0.01684385373504277,Sell
2023-12-14,XOM,-0.02229347508700824,Sell
2023-12-15,DIS,0.0007219660170598996,Buy
2023-12-15,SPY,0.0004080276593917964,Buy
2023-12-15,KO,0.0009343533333758813,Buy
2023-12-15,AAPL,0.0005058592937667583,Buy
2023-12-15,BA,-0.002582003848525735,Sell
2023-12-15,JNJ,0.0012469235718403499,Buy
2023-12-15,JPM,-0.0004266597673416861,Sell
2023-12-15,NVDA,-0.0007536634863195835,Sell
2023-12-15,WMT,-8.078940961342429e-05,Sell
2023-12-15,MSFT,-0.0009303080320009482,Sell
2023-12-15,XOM,0.0008656218027069951,Buy
2023-12-18,DIS,0.010022862639301647,Buy
2023-12-18,SPY,0.008932094003264654,Buy
2023-12-18,KO,0.008792423280626196,Buy
2023-12-18,AAPL,0.010211543002343379,Buy
2023-12-18,BA,0.01076420887763943,Buy
2023-12-18,JNJ,0.009278076873438817,Buy
2023-12-18,JPM,0.008893417662298009,Buy
2023-12-18,NVDA,0.007242819499072989,Buy
2023-12-18,WMT,-0.09188065503416706,Sell
2023-12-18,MSFT,0.008972493799757078,Buy
2023-12-18,XOM,0.008768360469083386,Buy
2023-12-19,DIS,-0.000584164339022003,Sell
2023-12-19,SPY,-4.303566637137157e-05,Sell
2023-12-19,KO,0.0008817515379404006,Buy
2023-12-19,AAPL,2.8632493496896783e-05,Buy
2023-12-19,BA,-0.0006221177632468183,Sell
2023-12-19,JNJ,-9.088876327525974e-05,Sell
2023-12-19,JPM,-0.0007663673450623992,Sell
2023-12-19,NVDA,0.0015008768647109816,Buy
2023-12-19,MSFT,0.0003988464504894179,Buy
2023-12-19,XOM,-0.0007492151974483469,Sell
2023-12-20,DIS,-0.007955056438504096,Sell
2023-12-20,SPY,-0.009426476637244247,Sell
2023-12-20,KO,-0.008726412572104894,Sell
2023-12-20,AAPL,-0.0097462991412543,Sell
2023-12-20,BA,-0.009577639864464721,Sell
2023-12-20,JNJ,-0.00876193980862916,Sell
2023-12-20,JPM,-0.009688777527046943,Sell
2023-12-20,NVDA,-0.007774016474597356,Sell
2023-12-20,WMT,0.09090909090909091,Buy
2023-12-20,MSFT,-0.010116743838929063,Sell
2023-12-20,XOM,-0.009137169804597667,Sell
2023-12-21,DIS,0.009034838451982483,Buy
2023-12-21,SPY,0.008920761098879501,Buy
2023-12-21,KO,0.0091811197802118,Buy
2023-12-21,AAPL,0.00984572129842494,Buy
2023-12-21,BA,0.009162624946798315,Buy
2023-12-21,JNJ,0.008852069253544176,Buy
2023-12-21,JPM,0.009261630435130744,Buy
2023-12-21,NVDA,0.00812783086567044,Buy
2023-12-21,WMT,-0.09086353287820861,Sell
2023-12-21,MSFT,0.009065400994062917,Buy
2023-12-21,XOM,0.009366423519252598,Buy
2023-12-22,DIS,0.0009827265070696395,Buy
2023-12-22,SPY,-0.00030632610096603674,Sell
2023-12-22,KO,-0.0006748086722927205,Sell
2023-12-22,AAPL,0.0004501710430626915,Buy
2023-12-22,BA,0.0004984889201963549,Buy
2023-12-22,JNJ,-0.0005059964184766369,Sell
2023-12-22,JPM,-4.538237531204192e-05,Sell
2023-12-22,NVDA,0.00022178789365863427,Buy
2023-12-22,MSFT,-0.0003838568454026664,Sell
2023-12-22,XOM,-0.0002822721983921084,Sell
2023-12-26,DIS,0.0004322917179438862,Buy
2023-12-26,SPY,-6.507684177442519e-05,Sell
2023-12-26,KO,-5.4386987441604195e-05,Sell
2023-12-26,AAPL,0.0006387606451589145,Buy
2023-12-26,BA,-0.0005434432667364014,Sell
2023-12-26,JNJ,-8.018796684584883e-05,Sell
2023-12-26,JPM,-0.00023364275598393436,Sell
2023-12-26,NVDA,-0.0005605607495520054,Sell
2023-12-26,MSFT,0.000334387065381192,Buy
2023-12-26,XOM,0.00013077505512186505,Buy
2023-12-27,DIS,0.0006252946334137643,Buy
2023-12-27,SPY,-0.0001822570357004477,Sell
2023-12-27,KO,-0.00025759364882504965,Sell
2023-12-27,AAPL,-5.322340240281054e-05,Sell
2023-12-27,BA,0.0002611309167697279,Buy
2023-12-27,JNJ,-0.00013594789911354488,Sell
2023-12-27,JPM,-0.0006012458319257091,Sell
2023-12-27,NVDA,-0.0002814929118689635,Sell
2023-12-27,MSFT,0.0001560449569866229,Buy
2023-12-27,XOM,0.0004685218333322222,Buy
2023-12-28,DIS,-7.711805293834917e-05,Sell
2023-12-28,SPY,-9.2759621617311e-05,Sell
2023-12-28,KO,-0.0001231318100274742,Sell
2023-12-28,AAPL,-0.0002777291762251638,Sell
2023-12-28,BA,0.0006130785533491057,Buy
2023-12-28,JNJ,-0.00020215139220816636,Sell
2023-12-28,JPM,-0.0005865489452250294,Sell
2023-12-28,NVDA,-0.0002675684487833535,Sell
2023-12-28,MSFT,-0.0003786374997446079,Sell
2023-12-28,XOM,0.0013918102897315238,Buy
2023-12-29,DIS,6.657594801676159e-05,Buy
2023-12-29,SPY,0.00023447751437054298,Buy
2023-12-29,KO,-0.0003617370027733796,Sell
2023-12-29,AAPL,0.00048752233889327867,Buy
2023-12-29,BA,-0.00017431555480593164,Sell
2023-12-29,JNJ,-0.00015740954922119355,Sell
2023-12-29,JPM,6.232583134802017e-05,Buy
2023-12-29,NVDA,-5.5180310351454764e-05,Sell
2023-12-29,MSFT,-0.000257792421872155,Sell
2023-12-29,XOM,0.00015453001969181757,Buy
2024-01-02,DIS,-0.0008769120468495456,Sell
2024-01-02,SPY,0.0001520967423309788,Buy
2024-01-02,KO,-0.0019262792625900915,Sell
2024-01-02,AAPL,0.003183503880975047,Buy
2024-01-02,BA,0.0030185775332094433,Buy
2024-01-02,JNJ,-0.0024790015399394766,Sell
2024-01-02,JPM,-0.0015786261467815033,Sell
2024-01-02,NVDA,0.0023355199413190586,Buy
2024-01-02,MSFT,0.0009706613832485556,Buy
2024-01-02,XOM,-0.0028000455128471685,Sell
2024-01-03,DIS,-0.01050289737284324,Sell
2024-01-03,SPY,-0.008643073791473,Sell
2024-01-03,KO,-0.00969768304595714,Sell
2024-01-03,AAPL,-0.008711221256927235,Sell
2024-01-03,BA,-0.006333136387458041,Sell
2024-01-03,JNJ,-0.010090228045840435,Sell
2024-01-03,JPM,-0.00902529719060649,Sell
2024-01-03,NVDA,-0.00821459466268186,Sell
2024-01-03,WMT,0.09090909090909091,Buy
2024-01-03,MSFT,-0.009389715847093194,Sell
2024-01-03,XOM,-0.010306091576554002,Sell
2024-01-04,DIS,0.0007578865869165285,Buy
2024-01-04,SPY,-3.330996946915299e-05,Sell
2024-01-04,KO,-2.2873014078592102e-05,Sell
2024-01-04,AAPL,0.0008315035383765074,Buy
2024-01-04,BA,-0.0007124689142078283,Sell
2024-01-04,JNJ,-0.00013449959402422884,Sell
2024-01-04,JPM,-0.0009326558547250591,Sell
2024-01-04,NVDA,-0.0011500090788678918,Sell
2024-01-04,WMT,0.000554813187685424,Buy
2024-01-04,MSFT,0.00032766709509118863,Buy
2024-01-04,XOM,0.0004683266601672176,Buy
2024-01-05,DIS,1.440605921372573e-05,Buy
2024-01-05,SPY,0.00023034635329030606,Buy
2024-01-05,KO,0.0004907653644104087,Buy
2024-01-05,AAPL,0.0007177893167442245,Buy
2024-01-05,BA,-0.0011466017632745518,Sell
2024-01-05,JNJ,7.251256056704791e-05,Buy
2024-01-05,JPM,-9.994450591176152e-05,Sell
2024-01-05,NVDA,-0.0017190126225030133,Sell
2024-01-05,WMT,0.0009570883048442558,Buy
2024-01-05,MSFT,0.00040115129359948043,Buy
2024-01-05,XOM,8.002391090683458e-05,Buy
2024-01-08,DIS,0.008855019892552649,Buy
2024-01-08,SPY,0.008210227536186152,Buy
2024-01-08,KO,0.008834828297147948,Buy
2024-01-08,AAPL,0.007314397271876369,Buy
2024-01-08,BA,0.016771056113026164,Buy
2024-01-08,JNJ,0.009277505997912189,Buy
2024-01-08,JPM,0.009633475839657096,Buy
2024-01-08,NVDA,0.003684866787215066,Buy
2024-01-08,WMT,-0.09138717824936703,Sell
2024-01-08,MSFT,0.0077943141083893636,Buy
2024-01-08,XOM,0.011010010700840886,Buy
2024-01-09,DIS,0.00165511027140125,Buy
2024-01-09,SPY,-0.0002544678356103669,Sell
2024-01-09,KO,-0.00022303135546988817,Sell
2024-01-09,AAPL,-0.0001795452857629165,Sell
2024-01-09,BA,0.0010138269928222365,Buy
2024-01-09,JNJ,-0.00046892954706506673,Sell
2024-01-09,JPM,0.00038703277975980777,Buy
2024-01-09,NVDA,-0.0021112059721828252,Sell
2024-01-09,MSFT,-0.000701545811392354,Sell
2024-01-09,XOM,0.0008368766733972133,Buy
2024-01-10,DIS,0.0009657120354685383,Buy
2024-01-10,SPY,-1.8215531579532374e-05,Sell
2024-01-10,KO,0.00021271666404355793,Buy
2024-01-10,AAPL,-1.9784389553231807e-05,Sell
2024-01-10,BA,-0.00037207657264561045,Sell
2024-01-10,JNJ,0.0003965546022211275,Buy
2024-01-10,JPM,0.0003344561024734155,Buy
2024-01-10,NVDA,-0.0017203646786099758,Sell
2024-01-10,MSFT,-0.0013030646012362201,Sell
2024-01-10,XOM,0.0015221191319706728,Buy
2024-01-11,DIS,-0.00953547119040081,Sell
2024-01-11,SPY,-0.009311614042261343,Sell
2024-01-11,KO,-0.00870624137891332,Sell
2024-01-11,AAPL,-0.009032695869358204,Sell
2024-01-11,BA,-0.007076258764313961,Sell
2024-01-11,JNJ,-0.008909817805388229,Sell
2024-01-11,JPM,-0.008933688949344945,Sell
2024-01-11,NVDA,-0.01022654141807959,Sell
2024-01-11,WMT,0.09090909090909091,Buy
2024-01-11,MSFT,-0.009843021220177647,Sell
2024-01-11,XOM,-0.00933546108321967,Sell
2024-01-12,DIS,-0.0007311933349185562,Sell
2024-01-12,SPY,0.00011881071458674786,Buy
2024-01-12,KO,-0.0006981445522518254,Sell
2024-01-12,AAPL,2.0315158567138503e-05,Buy
2024-01-12,BA,0.0022027221731760332,Buy
2024-01-12,JNJ,-0.000516471325942236,Sell
2024-01-12,JPM,0.000847603363639593,Buy
2024-01-12,NVDA,0.000367020095309728,Buy
2024-01-12,WMT,6.340426355307127e-05,Buy
2024-01-12,MSFT,-0.0007241264413996029,Sell
2024-01-12,XOM,-0.0009953042567193704,Sell
2024-01-16,DIS,-0.0033482711166281376,Sell
2024-01-16,SPY,-0.0002772470066737809,Sell
2024-01-16,KO,-7.043033401585297e-06,Sell
2024-01-16,AAPL,0.0005140591342356338,Buy
2024-01-16,BA,0.006609323011543947,Buy
2024-01-16,JNJ,0.0004406954214723341,Buy
2024-01-16,JPM,-3.936093727455181e-05,Sell
2024-01-16,NVDA,-0.003410274027674659,Sell
2024-01-16,WMT,-0.0009025780562283009,Sell
2024-01-16,MSFT,-0.0010373203142542142,Sell
2024-01-16,XOM,0.0014561833601685198,Buy
2024-01-17,DIS,0.002220282832277029,Buy
2024-01-17,SPY,6.759337744575988e-05,Buy
2024-01-17,KO,-0.0004401873941640294,Sell
2024-01-17,AAPL,3.241296240902303e-05,Buy
2024-01-17,BA,-0.0015973116143893351,Sell
2024-01-17,JNJ,-0.00038897382311148254,Sell
2024-01-17,JPM,4.9216620844089176e-05,Buy
2024-01-17,NVDA,9.284515285100381e-05,Buy
2024-01-17,WMT,-1.1191927401024704e-05,Sell
2024-01-17,MSFT,-0.00025293599475127715,Sell
2024-01-17,XOM,0.00022371737858745133,Buy
2024-01-18,DIS,0.008503726659049776,Buy
2024-01-18,SPY,0.009562098449218778,Buy
2024-01-18,KO,0.010105246020933475,Buy
2024-01-18,AAPL,0.0074395852078032315,Buy
2024-01-18,BA,-0.09341513321384677,Sell
2024-01-18,JNJ,0.009923431510462488,Buy
2024-01-18,JPM,0.010182228588503275,Buy
2024-01-18,NVDA,0.008673695848040022,Buy
2024-01-18,WMT,0.009151579495209602,Buy
2024-01-18,MSFT,0.009346561686221277,Buy
2024-01-18,XOM,0.010525654334791482,Buy
2024-01-19,DIS,9.380547344209345e-05,Buy
2024-01-19,SPY,-0.00022773887085469902,Sell
2024-01-19,KO,0.0015493290687507988,Buy
2024-01-19,AAPL,-0.0005313249738115866,Sell
2024-01-19,JNJ,0.0007177301960857446,Buy
2024-01-19,JPM,-0.0007024972172848393,Sell
2024-01-19,NVDA,-0.0031262743470213544,Sell
2024-01-19,WMT,0.0015278637588996558,Buy
2024-01-19,MSFT,-0.00020008187725259474,Sell
2024-01-19,XOM,0.0008529515838934937,Buy
2024-01-22,DIS,-0.001851146177326804,Sell
2024-01-22,SPY,0.00010194254649668888,Buy
2024-01-22,KO,0.0007459279327196588,Buy
2024-01-22,AAPL,-0.000899813451484946,Sell
2024-01-22,JNJ,-0.00017438098726005324,Sell
2024-01-22,JPM,0.00042977738673455335,Buy
2024-01-22,NVDA,3.957347533957434e-05,Buy
2024-01-22,WMT,0.0003065797830991146,Buy
2024-01-22,MSFT,0.0008528008782848068,Buy
2024-01-22,XOM,0.00044636366405068073,Buy
2024-01-23,DIS,-0.007703229280984769,Sell
2024-01-23,SPY,-0.009372497119330817,Sell
2024-01-23,KO,-0.009550864422678385,Sell
2024-01-23,AAPL,-0.009746129076590768,Sell
2024-01-23,BA,0.09090909090909091,Buy
2024-01-23,JNJ,-0.007443823623870957,Sell
2024-01-23,JPM,-0.00842256954618878,Sell
2024-01-23,NVDA,-0.009447971384581338,Sell
2024-01-23,WMT,-0.009333339944204128,Sell
2024-01-23,MSFT,-0.00968355712032122,Sell
2024-01-23,XOM,-0.010206571320306779,Sell
2024-01-24,DIS,0.020724695607228297,Buy
2024-01-24,SPY,0.02036460044194001,Buy
2024-01-24,KO,0.021887377081642193,Buy
2024-01-24,AAPL,0.020779487559756546,Buy
2024-01-24,BA,-0.09177461929825502,Sell
2024-01-24,JNJ,0.02094580865257202,Buy
2024-01-24,JPM,0.019653717153074332,Buy
2024-01-24,NVDA,0.018209361485826026,Buy
2024-01-24,WMT,0.021744334236904028,Buy
2024-01-24,MSFT,0.019631961181474922,Buy
2024-01-24,XOM,-0.09221204817541316,Sell
2024-01-25,DIS,-0.011928085475203715,Sell
2024-01-25,SPY,-0.010923427196461832,Sell
2024-01-25,KO,-0.010791552599189153,Sell
2024-01-25,AAPL,-0.010136198839754154,Sell
2024-01-25,BA,0.1,Buy
2024-01-25,JNJ,-0.01073977111865694,Sell
2024-01-25,JPM,-0.01190218583131486,Sell
2024-01-25,NVDA,-0.010781854446104855,Sell
2024-01-25,WMT,-0.011931822291916708,Sell
2024-01-25,MSFT,-0.010956432093534446,Sell
2024-01-26,DIS,0.024559058140282766,Buy
2024-01-26,SPY,0.025212638871447438,Buy
2024-01-26,KO,0.024731034030084295,Buy
2024-01-26,AAPL,0.025986199702895285,Buy
2024-01-26,BA,-0.10169105806452083,Sell
2024-01-26,JNJ,0.025123268509761168,Buy
2024-01-26,JPM,0.02546700459842191,Buy
2024-01-26,NVDA,0.026035922289965194,Buy
2024-01-26,WMT,-0.10079172705415537,Sell
2024-01-26,MSFT,0.025317679013020525,Buy
2024-01-29,DIS,-0.026660209152273323,Sell
2024-01-29,SPY,-0.024874038283522346,Sell
2024-01-29,KO,-0.024644143497003723,Sell
2024-01-29,AAPL,-0.023448606405465602,Sell
2024-01-29,BA,0.1,Buy
2024-01-29,JNJ,-0.023784144771899093,Sell
2024-01-29,JPM,-0.0242165007568015,Sell
2024-01-29,NVDA,-0.026803896368606167,Sell
2024-01-29,MSFT,-0.025668793087137542,Sell
2024-01-29,XOM,0.1,Buy
2024-01-30,DIS,0.00045161278966358853,Buy
2024-01-30,SPY,-3.575240238909427e-05,Sell
2024-01-30,KO,-0.0003981148724486877,Sell
2024-01-30,AAPL,0.0018135828691072525,Buy
2024-01-30,BA,0.002204365790555385,Buy
2024-01-30,JNJ,0.00025748370791477126,Buy
2024-01-30,JPM,-0.0021649591452052863,Sell
2024-01-30,NVDA,-0.0006084225147179462,Sell
2024-01-30,MSFT,0.00016292178877709562,Buy
2024-01-30,XOM,-0.0017828563046160123,Sell
2024-01-31,DIS,0.0001681022733485832,Buy
2024-01-31,SPY,0.0008871373137997185,Buy
2024-01-31,KO,-6.728831409064107e-05,Sell
2024-01-31,AAPL,0.0011934485474543316,Buy
2024-01-31,BA,-0.10608533500275576,Sell
2024-01-31,JNJ,-0.0008394644512240979,Sell
2024-01-31,JPM,0.00033483752859828075,Buy
2024-01-31,NVDA,0.0012445803380243814,Buy
2024-01-31,WMT,0.1,Buy
2024-01-31,MSFT,0.0019580809125488846,Buy
2024-01-31,XOM,0.0012034121395940456,Buy
2024-02-01,DIS,-0.00905433577935258,Sell
2024-02-01,SPY,-0.009308859979237624,Sell
2024-02-01,KO,-0.010491788581539693,Sell
2024-02-01,AAPL,-0.009333823702230834,Sell
2024-02-01,BA,0.09090909090909091,Buy
2024-02-01,JNJ,-0.007677962909622069,Sell
2024-02-01,JPM,-0.007656693571471626,Sell
2024-02-01,NVDA,-0.01042583665868313,Sell
2024-02-01,WMT,-0.0098459367632176,Sell
2024-02-01,MSFT,-0.009556761836165759,Sell
2024-02-01,XOM,-0.007610010524071481,Sell
2024-02-02,DIS,0.009537714777643563,Buy
2024-02-02,SPY,0.008651259834867933,Buy
2024-02-02,KO,0.010255157951550672,Buy
2024-02-02,AAPL,0.010091514342159047,Buy
2024-02-02,BA,-0.0902118284048096,Sell
2024-02-02,JNJ,0.010601869091913588,Buy
2024-02-02,JPM,0.00908256046997298,Buy
2024-02-02,NVDA,0.005109388200858184,Buy
2024-02-02,WMT,0.008926184514773255,Buy
2024-02-02,MSFT,0.007937244537544269,Buy
2024-02-02,XOM,0.009973722982347402,Buy
2024-02-05,DIS,0.0006033055504336693,Buy
2024-02-05,SPY,0.00047339249503612624,Buy
2024-02-05,KO,0.0009346792764244743,Buy
2024-02-05,AAPL,-0.000873910840847425,Sell
2024-02-05,JNJ,0.0006263181422244968,Buy
2024-02-05,JPM,0.00024116899865082864,Buy
2024-02-05,NVDA,-0.004679517374589506,Sell
2024-02-05,WMT,0.0006457232451253098,Buy
2024-02-05,MSFT,0.001462707670330285,Buy
2024-02-05,XOM,0.0005210876836525963,Buy
2024-02-06,DIS,-0.011286683875167416,Sell
2024-02-06,SPY,-0.008858229691343741,Sell
2024-02-06,KO,-0.008403735877185986,Sell
2024-02-06,AAPL,-0.009428097190369397,Sell
2024-02-06,BA,0.09090909090909091,Buy
2024-02-06,JNJ,-0.010012421519074888,Sell
2024-02-06,JPM,-0.008911453405796313,Sell
2024-02-06,NVDA,-0.006978210011641131,Sell
2024-02-06,WMT,-0.009247696012034706,Sell
2024-02-06,MSFT,-0.008530181217763763,Sell
2024-02-06,XOM,-0.00925513313998362,Sell
2024-02-07,DIS,0.000718818188373202,Buy
2024-02-07,SPY,-0.0001710251882020286,Sell
2024-02-07,KO,0.0005070125794977981,Buy
2024-02-07,AAPL,0.0005298758776705742,Buy
2024-02-07,BA,-0.0008640515925820436,Sell
2024-02-07,JNJ,0.0006280698044744404,Buy
2024-02-07,JPM,0.00041211697404000547,Buy
2024-02-07,NVDA,-0.0019014456421988513,Sell
2024-02-07,WMT,0.0008110822523824252,Buy
2024-02-07,MSFT,-0.0013244727399748524,Sell
2024-02-07,XOM,0.0006088554339797325,Buy
2024-02-08,DIS,-0.009618932614099726,Sell
2024-02-08,SPY,0.0007087200862495868,Buy
2024-02-08,KO,0.000988995367259271,Buy
2024-02-08,AAPL,0.0012673855602594458,Buy
2024-02-08,BA,0.001897240411500828,Buy
2024-02-08,JNJ,0.0016502552425450012,Buy
2024-02-08,JPM,0.0010723039281107516,Buy
2024-02-08,NVDA,0.001337616016084009,Buy
2024-02-08,WMT,0.0007538458254635061,Buy
2024-02-08,MSFT,0.0007354799236900522,Buy
2024-02-08,XOM,-0.0007950115042807543,Sell
2024-02-09,DIS,0.0019211184919954577,Buy
2024-02-09,SPY,-0.0003685291459691459,Sell
2024-02-09,KO,0.0005655187365160436,Buy
2024-02-09,AAPL,-0.00021557125294537072,Sell
2024-02-09,BA,0.00016464651215733483,Buy
2024-02-09,JNJ,-5.292812848052553e-05,Sell
2024-02-09,JPM,4.6946172619813376e-05,Buy
2024-02-09,NVDA,-0.0030915315751924716,Sell
2024-02-09,WMT,0.0002042032026794982,Buy
2024-02-09,MSFT,-0.0012553725289742163,Sell
2024-02-09,XOM,0.0020763020014768624,Buy
2024-02-12,DIS,-0.0005717721065979925,Sell
2024-02-12,SPY,0.00022140536295162105,Buy
2024-02-12,KO,-3.167507991223839e-05,Sell
2024-02-12,AAPL,0.0009982924273647248,Buy
2024-02-12,BA,0.00012519296112104006,Buy
2024-02-12,JNJ,-0.00044929557343276194,Sell
2024-02-12,JPM,-0.0002227838051065273,Sell
2024-02-12,NVDA,3.694784380854632e-05,Buy
2024-02-12,WMT,-0.0003651043499458273,Sell
2024-02-12,MSFT,0.0013228202538260736,Buy
2024-02-12,XOM,-0.0010665136263560554,Sell
2024-02-13,DIS,-0.0018122683333085948,Sell
2024-02-13,SPY,0.0004333624617391396,Buy
2024-02-13,KO,-0.0002923227106471221,Sell
2024-02-13,AAPL,0.00020413636748835284,Buy
2024-02-13,BA,0.0013041253634431538,Buy
2024-02-13,JNJ,-2.810746046111312e-05,Sell
2024-02-13,JPM,-3.1703931175228184e-05,Sell
2024-02-13,NVDA,-0.0006778030896197468,Sell
2024-02-13,WMT,-0.00020527053814138607,Sell
2024-02-13,MSFT,0.0011448643635972727,Buy
2024-02-13,XOM,-4.03777985661935e-05,Sell
2024-02-14,DIS,-0.0005765823212602744,Sell
2024-02-14,SPY,-0.000497707147811069,Sell
2024-02-14,KO,0.00041704989070405485,Buy
2024-02-14,AAPL,0.000761166796120108,Buy
2024-02-14,BA,0.0008039632116924877,Buy
2024-02-14,JNJ,0.0007480664224934347,Buy
2024-02-14,JPM,-0.0005946012146776369,Sell
2024-02-14,NVDA,-0.0018999230279696244,Sell
2024-02-14,WMT,0.0006146742621502138,Buy
2024-02-14,MSFT,-0.0005500496690598322,Sell
2024-02-14,XOM,0.0007724047385002514,Buy
2024-02-15,DIS,-0.0001513597345371015,Sell
2024-02-15,SPY,-5.3974246651142255e-05,Sell
2024-02-15,KO,0.00040173610743347854,Buy
2024-02-15,AAPL,0.0007116236542634158,Buy
2024-02-15,BA,-0.00029682657681852354,Sell
2024-02-15,JNJ,-0.0006951916536434982,Sell
2024-02-15,JPM,-0.0014013550765973742,Sell
2024-02-15,NVDA,0.0020876611726382555,Buy
2024-02-15,WMT,0.00019963536499910395,Buy
2024-02-15,MSFT,0.0012157373016091627,Buy
2024-02-15,XOM,-0.0020197324644536108,Sell
2024-02-16,DIS,0.0004037837845356079,Buy
2024-02-16,SPY,0.00016859726559144417,Buy
2024-02-16,KO,-0.0002701849091368419,Sell
2024-02-16,AAPL,0.00048324946110044065,Buy
2024-02-16,BA,0.00035401357959986834,Buy
2024-02-16,JNJ,-0.00018080171707897386,Sell
2024-02-16,JPM,0.0001403416916140876,Buy
2024-02-16,NVDA,-0.00022905418962657076,Sell
2024-02-16,WMT,-0.0008619566706433157,Sell
2024-02-16,MSFT,0.0002752404205254022,Buy
2024-02-16,XOM,-0.0002855446764526842,Sell
2024-02-20,DIS,0.0015887085300023834,Buy
2024-02-20,SPY,0.0003272651008951327,Buy
2024-02-20,KO,-0.0021832664229278625,Sell
2024-02-20,AAPL,0.00020050257847195607,Buy
2024-02-20,BA,5.8107743616059304e-05,Buy
2024-02-20,JNJ,-0.0009363811271008993,Sell
2024-02-20,JPM,-0.0005303181797377821,Sell
2024-02-20,NVDA,0.0037908411980951823,Buy
2024-02-20,WMT,-0.0031147750937143698,Sell
2024-02-20,MSFT,0.00011207149388592352,Buy
2024-02-20,XOM,0.000686329236639513,Buy
2024-02-21,DIS,0.0012972906497864256,Buy
2024-02-21,SPY,-0.0002583592829161485,Sell
2024-02-21,KO,-0.0009861691264406863,Sell
2024-02-21,AAPL,-0.0005571258245968269,Sell
2024-02-21,BA,0.0006303228544645573,Buy
2024-02-21,JNJ,-0.0006489907298464631,Sell
2024-02-21,JPM,-0.000768815979711665,Sell
2024-02-21,NVDA,0.002420878709135016,Buy
2024-02-21,WMT,0.0009428995003504664,Buy
2024-02-21,MSFT,-3.789047458756245e-05,Sell
2024-02-21,XOM,-0.002037428979635214,Sell
2024-02-22,DIS,0.0020410708344583417,Buy
2024-02-22,SPY,0.00017662004063932757,Buy
2024-02-22,KO,0.002146945343361517,Buy
2024-02-22,AAPL,0.0010168019940708373,Buy
2024-02-22,BA,0.0020471774423698047,Buy
2024-02-22,JNJ,0.0010247631831980103,Buy
2024-02-22,JPM,0.0009499854058566959,Buy
2024-02-22,NVDA,-0.012562901212191419,Sell
2024-02-22,WMT,0.0011411959579775005,Buy
2024-02-22,MSFT,-7.683464592363187e-05,Sell
2024-02-22,XOM,0.0020925878117454694,Buy
2024-02-23,DIS,-0.0001246812030887695,Sell
2024-02-23,SPY,-0.00010291537695839015,Sell
2024-02-23,KO,-0.00011455386647458987,Sell
2024-02-23,AAPL,0.0008723989285936706,Buy
2024-02-23,BA,0.0002622214808094131,Buy
2024-02-23,JNJ,-0.0008281007129691265,Sell
2024-02-23,JPM,-0.0004972442366254076,Sell
2024-02-23,NVDA,-0.0003632733268584126,Sell
2024-02-23,WMT,-0.0001179630644676799,Sell
2024-02-23,MSFT,0.00024924860908824564,Buy
2024-02-23,XOM,0.000758540754340023,Buy
2024-02-26,DIS,-4.840412854358045e-05,Sell
2024-02-26,SPY,0.0002342443867289351,Buy
2024-02-26,KO,0.000629572409110199,Buy
2024-02-26,AAPL,0.000579057100477412,Buy
2024-02-26,BA,3.233688059492423e-05,Buy
2024-02-26,JNJ,0.0004913550200896927,Buy
2024-02-26,JPM,0.00021254622116259614,Buy
2024-02-26,NVDA,-0.00041663081282786174,Sell
2024-02-26,WMT,-0.0017786556298385187,Sell
2024-02-26,MSFT,0.0005219161145383205,Buy
2024-02-26,XOM,-0.0004584115161303387,Sell
2024-02-27,DIS,0.00777796439362724,Buy
2024-02-27,SPY,0.009075873962645253,Buy
2024-02-27,KO,0.009797603211531447,Buy
2024-02-27,AAPL,0.008508051463654298,Buy
2024-02-27,BA,0.008855282142828103,Buy
2024-02-27,JNJ,0.009137239078145468,Buy
2024-02-27,JPM,0.009199938488864579,Buy
2024-02-27,NVDA,0.009693161034205769,Buy
2024-02-27,WMT,-0.09074029122777658,Sell
2024-02-27,MSFT,0.009257836433462396,Buy
2024-02-27,XOM,0.009435992518111877,Buy
2024-02-28,DIS,-0.0009401169843178819,Sell
2024-02-28,SPY,0.0004488332768506492,Buy
2024-02-28,KO,0.0002179476186463386,Buy
2024-02-28,AAPL,0.0009775147545176416,Buy
2024-02-28,BA,-0.002454641285389386,Sell
2024-02-28,JNJ,-3.587237562616141e-05,Sell
2024-02-28,JPM,-0.00018826913621297625,Sell
2024-02-28,NVDA,0.0016318059675791419,Buy
2024-02-28,MSFT,0.0002583781042509864,Buy
2024-02-28,XOM,3.919411048224075e-05,Buy
2024-02-29,DIS,-0.009514293013407685,Sell
2024-02-29,SPY,-0.009170787195174418,Sell
2024-02-29,KO,-0.00818488963226885,Sell
2024-02-29,AAPL,-0.008443997048287327,Sell
2024-02-29,BA,-0.007232161133004858,Sell
2024-02-29,JNJ,-0.008707339731562166,Sell
2024-02-29,JPM,-0.009720892033298997,Sell
2024-02-29,NVDA,-0.010672826127895482,Sell
2024-02-29,WMT,0.09090909090909091,Buy
2024-02-29,MSFT,-0.010260231712679119,Sell
2024-02-29,XOM,-0.009003466414885836,Sell
2024-03-01,DIS,0.009119211430066734,Buy
2024-03-01,SPY,0.008569187374925069,Buy
2024-03-01,KO,0.010159070515397897,Buy
2024-03-01,AAPL,0.009965826014471282,Buy
2024-03-01,BA,0.011073612658624873,Buy
2024-03-01,JNJ,0.00900422471075911,Buy
2024-03-01,JPM,0.009794431104794193,Buy
2024-03-01,NVDA,0.0057934778331983905,Buy
2024-03-01,WMT,-0.0908122434987148,Sell
2024-03-01,MSFT,0.009012279451336688,Buy
2024-03-01,XOM,0.008275631749133566,Buy
2024-03-04,DIS,-0.0014523183395324935,Sell
2024-03-04,SPY,0.00020752294797822535,Buy
2024-03-04,KO,-0.0003694949698765798,Sell
2024-03-04,AAPL,0.002635955792176667,Buy
2024-03-04,BA,-0.00016934058286816045,Sell
2024-03-04,JNJ,0.0015053403600464033,Buy
2024-03-04,JPM,-0.000649048435511862,Sell
2024-03-04,NVDA,-0.0034911183877498475,Sell
2024-03-04,MSFT,0.00023984419211285635,Buy
2024-03-04,XOM,0.0014973081937194183,Buy
2024-03-05,DIS,-0.008822783522923316,Sell
2024-03-05,SPY,-0.008543354834444933,Sell
2024-03-05,KO,-0.009060248214593433,Sell
2024-03-05,AAPL,-0.006690257243489622,Sell
2024-03-05,BA,-0.00984789292629891,Sell
2024-03-05,JNJ,-0.009629046889318163,Sell
2024-03-05,JPM,-0.010553601010686059,Sell
2024-03-05,NVDA,-0.010408879524585593,Sell
2024-03-05,WMT,0.09090909090909091,Buy
2024-03-05,MSFT,-0.006576647816446707,Sell
2024-03-05,XOM,-0.01077944718998762,Sell
2024-03-06,DIS,0.002462851246603129,Buy
2024-03-06,SPY,-0.000254953057011828,Sell
2024-03-06,KO,0.00015895691501600917,Buy
2024-03-06,AAPL,0.0007378446426399149,Buy
2024-03-06,BA,0.00026780440795541594,Buy
2024-03-06,JNJ,0.0005618886130163009,Buy
2024-03-06,JPM,-0.0002667834424715104,Sell
2024-03-06,NVDA,-0.0026822021346297326,Sell
2024-03-06,WMT,-0.0005960168943578148,Sell
2024-03-06,MSFT,0.0003308223200640531,Buy
2024-03-06,XOM,-0.0007655655918930582,Sell
2024-03-07,DIS,0.009577544618344563,Buy
2024-03-07,SPY,0.008779440650333259,Buy
2024-03-07,KO,0.009842876567662431,Buy
2024-03-07,AAPL,0.009740117747579269,Buy
2024-03-07,BA,-0.09123619304384631,Sell
2024-03-07,JNJ,0.009942460482977367,Buy
2024-03-07,JPM,0.010467133798018544,Buy
2024-03-07,NVDA,0.00563437082094663,Buy
2024-03-07,WMT,0.009989189791211661,Buy
2024-03-07,MSFT,0.008092352140343984,Buy
2024-03-07,XOM,0.00916844962382396,Buy
2024-03-08,DIS,-0.009668910613990944,Sell
2024-03-08,SPY,-0.00893833984772012,Sell
2024-03-08,KO,-0.009676465647803167,Sell
2024-03-08,AAPL,-0.010569548474235108,Sell
2024-03-08,BA,0.09090909090909091,Buy
2024-03-08,JNJ,-0.00995224117276175,Sell
2024-03-08,JPM,-0.009728403462467394,Sell
2024-03-08,NVDA,-0.003968594634095365,Sell
2024-03-08,WMT,-0.009141856864788675,Sell
2024-03-08,MSFT,-0.00882437944176137,Sell
2024-03-08,XOM,-0.010486173724737771,Sell
2024-03-11,DIS,-0.0015378781530801938,Sell
2024-03-11,SPY,0.00017824488461597177,Buy
2024-03-11,KO,-0.0009983374075508283,Sell
2024-03-11,AAPL,-0.0009742353580179802,Sell
2024-03-11,BA,0.002845154468569852,Buy
2024-03-11,JNJ,-0.0008732843827851111,Sell
2024-03-11,JPM,6.638104333826778e-05,Buy
2024-03-11,NVDA,0.0019199088913896822,Buy
2024-03-11,WMT,-0.0007154937592667721,Sell
2024-03-11,MSFT,0.00048020605313853215,Buy
2024-03-11,XOM,-0.00043608218793665665,Sell
2024-03-12,DIS,0.0006825008340517053,Buy
2024-03-12,SPY,-0.00016646619953486486,Sell
2024-03-12,KO,0.0004139475427222816,Buy
2024-03-12,AAPL,0.0005524757736539293,Buy
2024-03-12,BA,0.004664742154280449,Buy
2024-03-12,JNJ,-4.105226960601782e-05,Sell
2024-03-12,JPM,6.110117782659463e-05,Buy
2024-03-12,NVDA,-0.005646223000208464,Sell
2024-03-12,WMT,-0.0003112259594676009,Sell
2024-03-12,MSFT,-0.001593933401829048,Sell
2024-03-12,XOM,0.0013814013881890685,Buy
2024-03-13,DIS,-0.0001804351001867821,Sell
2024-03-13,SPY,-5.314740043046995e-06,Sell
2024-03-13,KO,-0.0010811962123440655,Sell
2024-03-13,AAPL,0.0009557948370465946,Buy
2024-03-13,BA,0.0007860490712441048,Buy
2024-03-13,JNJ,0.0007695832379109591,Buy
2024-03-13,JPM,-0.0008867167797974029,Sell
2024-03-13,NVDA,0.000867428531208303,Buy
2024-03-13,WMT,4.471435027884885e-05,Buy
2024-03-13,MSFT,-0.00010858163551852318,Sell
2024-03-13,XOM,-0.0011652106438793663,Sell
2024-03-14,DIS,0.00015351563287277492,Buy
2024-03-14,SPY,-2.272173114131748e-05,Sell
2024-03-14,AAPL,-0.0011984380686305418,Sell
2024-03-14,BA,0.00039676042677337653,Buy
2024-03-14,JNJ,0.0008660758412281921,Buy
2024-03-14,JPM,0.0014206100887708545,Buy
2024-03-14,NVDA,0.00274842138852302,Buy
2024-03-14,WMT,-0.000125251559383463,Sell
2024-03-14,MSFT,-0.002424110614123065,Sell
2024-03-14,XOM,-0.0018166005518024803,Sell
2024-03-15,DIS,-0.00020945010174024115,Sell
2024-03-15,SPY,0.0003273203584379242,Buy
2024-03-15,KO,0.0006357189410785696,Buy
2024-03-15,AAPL,-9.863446300968637e-05,Sell
2024-03-15,BA,-0.000993799651919841,Sell
2024-03-15,JNJ,0.0002911069161358054,Buy
2024-03-15,JPM,-0.0014295556040227198,Sell
2024-03-15,NVDA,-0.0001880075096488687,Sell
2024-03-15,WMT,0.00020922958120274393,Buy
2024-03-15,MSFT,0.0015886011018250712,Buy
2024-03-15,XOM,-0.00013533188628436776,Sell
2024-03-18,DIS,-0.0011782871718409582,Sell
2024-03-18,SPY,-0.0001796313735755728,Sell
2024-03-18,KO,-1.9523473124644086e-05,Sell
2024-03-18,AAPL,-0.00021849579128863095,Sell
2024-03-18,BA,0.0016929967652942052,Buy
2024-03-18,JNJ,0.0011713922741049126,Buy
2024-03-18,JPM,-0.0007644423264301925,Sell
2024-03-18,NVDA,-0.00027857402945931364,Sell
2024-03-18,WMT,8.991836314761747e-05,Buy
2024-03-18,MSFT,0.00016281044389244992,Buy
2024-03-18,XOM,-0.0004796843488413527,Sell
2024-03-19,SPY,2.2199285149029913e-05,Buy
2024-03-19,KO,0.00037416366776102383,Buy
2024-03-19,AAPL,-0.0007034020193926321,Sell
2024-03-19,BA,-0.00012887590003228533,Sell
2024-03-19,JNJ,0.0008416089595401355,Buy
2024-03-19,JPM,-5.638035529095808e-06,Sell
2024-03-19,NVDA,-0.0004390880015302523,Sell
2024-03-19,WMT,0.0005096419468591934,Buy
2024-03-19,MSFT,-0.0003613325151141239,Sell
2024-03-19,XOM,-0.00011134669990103818,Sell
2024-03-20,DIS,-0.0005354455439507411,Sell
2024-03-20,SPY,0.000164047918281382,Buy
2024-03-20,KO,0.0002194188061193647,Buy
2024-03-20,AAPL,-0.0003268493804854944,Sell
2024-03-20,BA,-0.0023002382192335302,Sell
2024-03-20,JNJ,0.00125471197995973,Buy
2024-03-20,JPM,-0.0001828051705023842,Sell
2024-03-20,NVDA,1.6077560022823012e-05,Buy
2024-03-20,WMT,0.00043437230951008654,Buy
2024-03-20,MSFT,0.00018064460095833235,Buy
2024-03-20,XOM,0.0010752002627834323,Buy
2024-03-21,DIS,-0.00016677857425395626,Sell
2024-03-21,SPY,-0.00027980153439950695,Sell
2024-03-21,KO,0.0004394348030031525,Buy
2024-03-21,AAPL,0.0037339953112027063,Buy
2024-03-21,BA,5.9248074024492725e-05,Buy
2024-03-21,JNJ,2.6351091372028845e-05,Buy
2024-03-21,JPM,-0.0012432850754196118,Sell
2024-03-21,NVDA,-0.001048546416710261,Sell
2024-03-21,WMT,-0.0002762450707931713,Sell
2024-03-21,MSFT,-0.0008643716593432771,Sell
2024-03-21,XOM,-0.0003816730240060462,Sell
2024-03-22,DIS,0.0007076348240431102,Buy
2024-03-22,SPY,0.00023371170151155474,Buy
2024-03-22,KO,3.1465085707518825e-05,Buy
2024-03-22,AAPL,-0.00042090158895859153,Sell
2024-03-22,BA,-0.0004950983660516051,Sell
2024-03-22,JNJ,0.0003648300690275025,Buy
2024-03-22,JPM,0.0011750715981491272,Buy
2024-03-22,NVDA,-0.002774148197800516,Sell
2024-03-22,WMT,0.0009189817633889485,Buy
2024-03-22,MSFT,0.00019481376604592315,Buy
2024-03-22,XOM,6.151085343204798e-05,Buy
2024-03-25,DIS,-0.0025595245354075313,Sell
2024-03-25,SPY,0.00042412517906405267,Buy
2024-03-25,KO,0.00030842654896708066,Buy
2024-03-25,AAPL,0.0009265653564499848,Buy
2024-03-25,BA,-0.0010565583176780774,Sell
2024-03-25,JNJ,0.00017928287376887952,Buy
2024-03-25,JPM,0.0010040868305716405,Buy
2024-03-25,NVDA,-0.0005127037577382643,Sell
2024-03-25,WMT,0.0006206165248879986,Buy
2024-03-25,MSFT,0.0014178302678267418,Buy
2024-03-25,XOM,-0.0007539879938024546,Sell
2024-03-26,DIS,-0.0008572096710941779,Sell
2024-03-26,SPY,-0.00025236925925475884,Sell
2024-03-26,KO,-0.0006327602770989232,Sell
2024-03-26,AAPL,0.0001883467310607595,Buy
2024-03-26,BA,0.0014445756491746897,Buy
2024-03-26,JNJ,-0.0007447000796368675,Sell
2024-03-26,JPM,-0.0008476500634030382,Sell
2024-03-26,NVDA,0.001925590989015999,Buy
2024-03-26,WMT,-0.00033058536615948597,Sell
2024-03-26,MSFT,-0.00015970151714395087,Sell
2024-03-26,XOM,0.0002640106319636293,Buy
2024-03-27,DIS,-3.567592482263404e-05,Sell
2024-03-27,SPY,-4.03775227933445e-06,Sell
2024-03-27,KO,2.3935424539392458e-05,Buy
2024-03-27,AAPL,-0.0011588013589983182,Sell
2024-03-27,BA,-0.0013860573460392628,Sell
2024-03-27,JNJ,-0.0005138695777495844,Sell
2024-03-27,JPM,-0.000992084653064093,Sell
2024-03-27,NVDA,0.003004571380881574,Buy
2024-03-27,WMT,0.00044074015999019667,Buy
2024-03-27,MSFT,0.0008006690156109747,Buy
2024-03-27,XOM,-0.00018128539380092568,Sell
2024-03-28,DIS,-0.0009088366428159217,Sell
2024-03-28,SPY,0.00014406374918206344,Buy
2024-03-28,KO,-9.641859944098385e-05,Sell
2024-03-28,AAPL,0.0010852835477132838,Buy
2024-03-28,BA,-0.000365164387185854,Sell
2024-03-28,JNJ,-5.484938369437753e-06,Sell
2024-03-28,JPM,-0.00022820834106292154,Sell
2024-03-28,NVDA,2.0084580034551713e-05,Buy
2024-03-28,WMT,0.0009490079609767443,Buy
2024-03-28,MSFT,0.00027963785398306407,Buy
2024-03-28,XOM,-0.0008760972387266419,Sell
2024-04-01,DIS,0.000288981855130252,Buy
2024-04-01,SPY,-0.00017117011995604337,Sell
2024-04-01,KO,0.0004157465054434595,Buy
2024-04-01,AAPL,0.00044158081273462657,Buy
2024-04-01,BA,0.0013200386883342602,Buy
2024-04-01,JNJ,-9.343553581024622e-05,Sell
2024-04-01,JPM,0.00028957924358491427,Buy
2024-04-01,NVDA,-0.0003369834483410439,Sell
2024-04-01,WMT,-7.21392141513344e-05,Sell
2024-04-01,MSFT,-0.0011648326895994932,Sell
2024-04-01,XOM,-0.0009186101678207992,Sell
2024-04-02,DIS,-0.0012312921735149335,Sell
2024-04-02,SPY,0.00031614615552197356,Buy
2024-04-02,KO,0.0005328034108177254,Buy
2024-04-02,AAPL,0.00037457139384153293,Buy
2024-04-02,BA,0.00043891538799070706,Buy
2024-04-02,JNJ,-0.00023463644949199558,Sell
2024-04-02,JPM,-0.0002268605217502495,Sell
2024-04-02,NVDA,0.0006556385810251031,Buy
2024-04-02,WMT,0.001012897383307329,Buy
2024-04-02,MSFT,0.0004086005555180572,Buy
2024-04-02,XOM,-0.0020481659931576857,Sell
2024-04-03,DIS,0.002236166303604431,Buy
2024-04-03,SPY,-0.0007262311811092464,Sell
2024-04-03,KO,-0.0001387172479694332,Sell
2024-04-03,AAPL,-0.0010648230291261662,Sell
2024-04-03,BA,0.0008930751343749765,Buy
2024-04-03,JNJ,0.0013880608663215804,Buy
2024-04-03,JPM,-0.00036792072442234924,Sell
2024-04-03,NVDA,-0.00012633657136941479,Sell
2024-04-03,WMT,-0.00104345201494134,Sell
2024-04-03,MSFT,-0.0004106629198982331,Sell
2024-04-03,XOM,-0.0006410416187606766,Sell
2024-04-04,DIS,0.0005777523634067638,Buy
2024-04-04,SPY,0.00024006031070041012,Buy
2024-04-04,KO,-6.721611230865732e-05,Sell
2024-04-04,AAPL,-0.00043127050555578916,Sell
2024-04-04,BA,-7.123736150686788e-05,Sell
2024-04-04,JNJ,0.0001669088803833152,Buy
2024-04-04,JPM,-0.00018195121287060967,Sell
2024-04-04,NVDA,0.0022758473844867733,Buy
2024-04-04,WMT,-0.0009884316938085363,Sell
2024-04-04,MSFT,-0.0003192597166492145,Sell
2024-04-04,XOM,-0.0012034833346533935,Sell
2024-04-05,DIS,-0.00017700621521465898,Sell
2024-04-05,SPY,-0.0001256222505478799,Sell
2024-04-05,KO,0.0004965247293732405,Buy
2024-04-05,AAPL,0.000410001730728915,Buy
2024-04-05,BA,0.0008892960094943753,Buy
2024-04-05,JNJ,0.0008805478288320123,Buy
2024-04-05,JPM,-1.3283816622591815e-05,Sell
2024-04-05,NVDA,-0.0013899941993739812,Sell
2024-04-05,WMT,0.00028560642200128883,Buy
2024-04-05,MSFT,-0.0008315838493884037,Sell
2024-04-05,XOM,-0.00042610261318684617,Sell
2024-04-08,DIS,0.00039958470292394965,Buy
2024-04-08,SPY,-0.0004459119967277769,Sell
2024-04-08,KO,-2.6620495207102524e-05,Sell
2024-04-08,AAPL,0.00021357767057540722,Buy
2024-04-08,BA,0.00039287290147722864,Buy
2024-04-08,JNJ,8.449557701874222e-05,Buy
2024-04-08,JPM,-0.0008711300004689282,Sell
2024-04-08,NVDA,0.0005129481806225161,Buy
2024-04-08,WMT,-0.00028804420607882186,Sell
2024-04-08,MSFT,-0.0001952893028525915,Sell
2024-04-08,XOM,0.00022202914238064753,Buy
2024-04-09,DIS,-0.0005701951264074773,Sell
2024-04-09,SPY,-0.00019468175446887837,Sell
2024-04-09,KO,-0.0007803076064183678,Sell
2024-04-09,AAPL,-0.0007484745993129871,Sell
2024-04-09,BA,0.0016347241382575622,Buy
2024-04-09,JNJ,-0.0005096202412414735,Sell
2024-04-09,JPM,0.0005203517736334234,Buy
2024-04-09,NVDA,0.0017685197743210063,Buy
2024-04-09,WMT,-0.00010464193779900766,Sell
2024-04-09,MSFT,-0.0004516176357941687,Sell
2024-04-09,XOM,-0.0005649708089542765,Sell
2024-04-10,DIS,0.00929565400173582,Buy
2024-04-10,SPY,0.009606227378068113,Buy
2024-04-10,KO,0.009915089163038598,Buy
2024-04-10,AAPL,0.009709040259630944,Buy
2024-04-10,BA,0.010480984132348409,Buy
2024-04-10,JNJ,0.00994503000931432,Buy
2024-04-10,JPM,0.009470014604580246,Buy
2024-04-10,NVDA,0.0068893815425828675,Buy
2024-04-10,WMT,-0.09257558780825996,Sell
2024-04-10,MSFT,0.009338818580305552,Buy
2024-04-10,XOM,0.007923377499675796,Buy
2024-04-11,DIS,-0.008222783035109607,Sell
2024-04-11,SPY,-0.009005027784210792,Sell
2024-04-11,KO,-0.008475415137359471,Sell
2024-04-11,AAPL,-0.012547621713762253,Sell
2024-04-11,BA,-0.007535444213450843,Sell
2024-04-11,JNJ,-0.00732568883171511,Sell
2024-04-11,JPM,-0.008236322440567281,Sell
2024-04-11,NVDA,-0.012332002062690584,Sell
2024-04-11,WMT,0.09090909090909091,Buy
2024-04-11,MSFT,-0.009350772108465188,Sell
2024-04-11,XOM,-0.007923914718294262,Sell
2024-04-12,DIS,0.0008612779759020056,Buy
2024-04-12,SPY,-0.00034160623729946604,Sell
2024-04-12,KO,-0.000412236408718486,Sell
2024-04-12,AAPL,-0.002416984466692737,Sell
2024-04-12,BA,0.00041474698651253195,Buy
2024-04-12,JNJ,-0.0008290160632275084,Sell
2024-04-12,JPM,0.004365724765885315,Buy
2024-04-12,NVDA,0.0008624926467012545,Buy
2024-04-12,WMT,-0.00169576444511374,Sell
2024-04-12,MSFT,-0.000314949364296796,Sell
2024-04-12,XOM,-0.0005399610009587108,Sell
2024-04-15,DIS,-5.5229481059404506e-05,Sell
2024-04-15,SPY,0.0002414049176913402,Buy
2024-04-15,KO,-0.0006883328034669872,Sell
2024-04-15,AAPL,0.001098569412267339,Buy
2024-04-15,BA,2.796058959185499e-05,Buy
2024-04-15,JNJ,-0.0009524745893313702,Sell
2024-04-15,JPM,-0.0009591393086142291,Sell
2024-04-15,NVDA,0.00136609595846654,Buy
2024-04-15,WMT,-0.0005882968496581514,Sell
2024-04-15,MSFT,0.0008887110274882343,Buy
2024-04-15,XOM,-0.0003825651935160379,Sell
2024-04-16,DIS,-0.0009292531087285311,Sell
2024-04-16,SPY,-1.3143388657751998e-05,Sell
2024-04-16,KO,-5.392859188457777e-05,Sell
2024-04-16,AAPL,0.0015666523067241894,Buy
2024-04-16,BA,-0.0016610366927900938,Sell
2024-04-16,JNJ,0.001758652326239618,Buy
2024-04-16,JPM,0.0008616594856256238,Buy
2024-04-16,NVDA,-0.0016769078757940536,Sell
2024-04-16,WMT,-4.2468396972195066e-05,Sell
2024-04-16,MSFT,-0.00038626095592671217,Sell
2024-04-16,XOM,0.0005742191236238203,Buy
2024-04-17,DIS,0.0001952755079428492,Buy
2024-04-17,SPY,-1.8381581267920555e-05,Sell
2024-04-17,KO,-0.001268662101648707,Sell
2024-04-17,AAPL,0.00018549213540773601,Buy
2024-04-17,BA,-0.0003773759149073713,Sell
2024-04-17,JNJ,-0.0007623631871122444,Sell
2024-04-17,JPM,-0.00019545038532205183,Sell
2024-04-17,NVDA,0.002977028114974037,Buy
2024-04-17,WMT,-0.00026928893416444666,Sell
2024-04-17,MSFT,4.481215897898794e-05,Buy
2024-04-17,XOM,-0.0005134815183937408,Sell
2024-04-18,DIS,0.009415506807272545,Buy
2024-04-18,SPY,0.009191842498414662,Buy
2024-04-18,KO,0.008382505684857586,Buy
2024-04-18,AAPL,0.009524585080708262,Buy
2024-04-18,BA,0.00899391257810947,Buy
2024-04-18,JNJ,-0.0916050768616808,Sell
2024-04-18,JPM,0.008413397205387904,Buy
2024-04-18,NVDA,0.008315914631282978,Buy
2024-04-18,WMT,0.009599532262200533,Buy
2024-04-18,MSFT,0.010677187901002,Buy
2024-04-18,XOM,0.009088988693751451,Buy
2024-04-19,DIS,0.02410875122613164,Buy
2024-04-19,SPY,0.02514923971160743,Buy
2024-04-19,KO,0.02211557304212937,Buy
2024-04-19,AAPL,0.025500197796710783,Buy
2024-04-19,BA,0.024512626559098513,Buy
2024-04-19,JPM,-0.10325865109562507,Sell
2024-04-19,NVDA,0.03434766441412376,Buy
2024-04-19,WMT,-0.10118891143986514,Sell
2024-04-19,MSFT,0.025553213269964625,Buy
2024-04-19,XOM,0.023114160059041988,Buy
2024-04-22,DIS,0.0017971095675928805,Buy
2024-04-22,SPY,-2.584458578644422e-05,Sell
2024-04-22,KO,0.00033262852100203466,Buy
2024-04-22,AAPL,0.00048435225049515973,Buy
2024-04-22,BA,0.0006335635691470387,Buy
2024-04-22,NVDA,-0.004279329830053552,Sell
2024-04-22,MSFT,0.000543904861867936,Buy
2024-04-22,XOM,0.0004123151564084243,Buy
2024-04-23,DIS,-0.034686036236690115,Sell
2024-04-23,SPY,-0.03425411904859976,Sell
2024-04-23,KO,-0.03297013591316321,Sell
2024-04-23,AAPL,-0.03357689776543636,Sell
2024-04-23,BA,-0.0318430297275613,Sell
2024-04-23,JNJ,0.09090909090909091,Buy
2024-04-23,JPM,0.09090909090909091,Buy
2024-04-23,NVDA,-0.03730518909752703,Sell
2024-04-23,WMT,0.09090909090909091,Buy
2024-04-23,MSFT,-0.03482545442427695,Sell
2024-04-23,XOM,-0.03326851557370482,Sell
2024-04-24,DIS,0.00876230421040844,Buy
2024-04-24,SPY,0.008973717204621715,Buy
2024-04-24,KO,0.007563863645981814,Buy
2024-04-24,AAPL,0.007773711330976443,Buy
2024-04-24,BA,0.011541242581873765,Buy
2024-04-24,JNJ,0.009557676137269683,Buy
2024-04-24,JPM,0.008484952515093042,Buy
2024-04-24,NVDA,0.01196455164229454,Buy
2024-04-24,WMT,-0.09227163842870556,Sell
2024-04-24,MSFT,0.008597568808236103,Buy
2024-04-24,XOM,0.008915445567177036,Buy
2024-04-25,DIS,-0.007944359224274875,Sell
2024-04-25,SPY,-0.008573084789482932,Sell
2024-04-25,KO,-0.009260716773155583,Sell
2024-04-25,AAPL,-0.009466472110765442,Sell
2024-04-25,BA,-0.010459509635250275,Sell
2024-04-25,JNJ,-0.007802780887660177,Sell
2024-04-25,JPM,-0.009102427801065363,Sell
2024-04-25,NVDA,-0.012656029501221536,Sell
2024-04-25,WMT,0.09090909090909091,Buy
2024-04-25,MSFT,-0.006506317491505126,Sell
2024-04-25,XOM,-0.009183430527786543,Sell
2024-04-26,DIS,0.0004842552900744118,Buy
2024-04-26,SPY,-0.00040480270439918753,Sell
2024-04-26,KO,0.000452175752814421,Buy
2024-04-26,AAPL,0.000766331031740411,Buy
2024-04-26,BA,0.00022984095861743048,Buy
2024-04-26,JNJ,0.0008711374340751865,Buy
2024-04-26,JPM,0.00039603348781629133,Buy
2024-04-26,NVDA,-0.005134062910835138,Sell
2024-04-26,WMT,0.00052728865729533,Buy
2024-04-26,MSFT,-0.001198099493753213,Sell
2024-04-26,XOM,0.002964662586764935,Buy
2024-04-29,DIS,0.010221295213127313,Buy
2024-04-29,SPY,0.009380846803984502,Buy
2024-04-29,KO,0.009261865908242739,Buy
2024-04-29,AAPL,0.007460477749291677,Buy
2024-04-29,BA,-0.09368518778376442,Sell
2024-04-29,JNJ,0.009280457589107963,Buy
2024-04-29,JPM,0.009798643428168621,Buy
2024-04-29,NVDA,0.00967800138223715,Buy
2024-04-29,WMT,0.009580554135321398,Buy
2024-04-29,MSFT,0.010605130174559552,Buy
2024-04-29,XOM,0.008414580743676986,Buy
2024-04-30,DIS,-0.009671093582520787,Sell
2024-04-30,SPY,-0.008950957443012802,Sell
2024-04-30,KO,-0.010116726807858925,Sell
2024-04-30,AAPL,-0.00870440412215931,Sell
2024-04-30,BA,0.09090909090909091,Buy
2024-04-30,JNJ,-0.009017130619515937,Sell
2024-04-30,JPM,-0.009749842862794136,Sell
2024-04-30,NVDA,-0.008991618439631657,Sell
2024-04-30,WMT,-0.009059206771129785,Sell
2024-04-30,MSFT,-0.007299235112140978,Sell
2024-04-30,XOM,-0.009396404265952424,Sell
2024-05-01,DIS,0.0005330481620278438,Buy
2024-05-01,SPY,0.0003210026808066757,Buy
2024-05-01,KO,-0.00020952576173359494,Sell
2024-05-01,AAPL,0.0005754593369790978,Buy
2024-05-01,BA,-0.0019343094372519243,Sell
2024-05-01,JNJ,-0.004116327743897502,Sell
2024-05-01,JPM,-3.101399830977847e-05,Sell
2024-05-01,NVDA,0.0035612022488468315,Buy
2024-05-01,WMT,0.0007915376307315591,Buy
2024-05-01,MSFT,-0.00128370559674576,Sell
2024-05-01,XOM,0.0017471789941325006,Buy
2024-05-02,DIS,0.01962708640073281,Buy
2024-05-02,SPY,0.020526035717347083,Buy
2024-05-02,KO,0.021278506840525083,Buy
2024-05-02,AAPL,0.01938818264868751,Buy
2024-05-02,BA,-0.09361372353994335,Sell
2024-05-02,JNJ,0.02211343629146384,Buy
2024-05-02,JPM,0.021459023635457472,Buy
2024-05-02,NVDA,0.01836532606233912,Buy
2024-05-02,WMT,-0.09105713322614035,Sell
2024-05-02,MSFT,0.020706487431817314,Buy
2024-05-02,XOM,0.021203043985583203,Buy
2024-05-03,DIS,0.0005454393503117189,Buy
2024-05-03,SPY,0.00019916673234722515,Buy
2024-05-03,KO,0.001239017369322984,Buy
2024-05-03,AAPL,-0.00499598208000937,Sell
2024-05-03,JNJ,0.0020321206127756203,Buy
2024-05-03,JPM,0.002214479395612576,Buy
2024-05-03,NVDA,-0.002236931118399954,Sell
2024-05-03,MSFT,-0.0008716641386993518,Sell
2024-05-03,XOM,0.0017833133641636384,Buy
2024-05-06,DIS,-0.01269203072096757,Sell
2024-05-06,SPY,-0.01110887161188115,Sell
2024-05-06,KO,-0.010291591014332482,Sell
2024-05-06,AAPL,-0.0089716733849282,Sell
2024-05-06,BA,0.1,Buy
2024-05-06,JNJ,-0.009464839218498833,Sell
2024-05-06,JPM,-0.010833311332930765,Sell
2024-05-06,NVDA,-0.014123700717891263,Sell
2024-05-06,MSFT,-0.011833742576029538,Sell
2024-05-06,XOM,-0.010684227683422129,Sell
2024-05-07,DIS,0.00833720403055048,Buy
2024-05-07,SPY,-0.0014113767692212342,Sell
2024-05-07,KO,-0.0017382622651876262,Sell
2024-05-07,AAPL,-0.0016842670288726297,Sell
2024-05-07,BA,-0.0003681154028621486,Sell
2024-05-07,JNJ,-0.0013950571791788297,Sell
2024-05-07,JPM,-0.001167692993227748,Sell
2024-05-07,NVDA,0.00044406497639641607,Buy
2024-05-07,MSFT,-0.00027079688408337965,Sell
2024-05-07,XOM,-0.0007963512971619069,Sell
2024-05-08,DIS,0.011558840037975304,Buy
2024-05-08,SPY,0.01159643251269575,Buy
2024-05-08,KO,0.01124056798266622,Buy
2024-05-08,AAPL,0.011420560571260396,Buy
2024-05-08,BA,-0.10155473730864584,Sell
2024-05-08,JNJ,0.01145215628656808,Buy
2024-05-08,JPM,0.009582208126540662,Buy
2024-05-08,NVDA,0.011762072237759949,Buy
2024-05-08,MSFT,0.011314343335579569,Buy
2024-05-08,XOM,0.011623174714039786,Buy
2024-05-09,DIS,0.0001181845112794011,Buy
2024-05-09,SPY,-0.0001414857699923583,Sell
2024-05-09,KO,0.00044305020517820815,Buy
2024-05-09,AAPL,-0.0006118546980409256,Sell
2024-05-09,JNJ,-0.0001725064263051329,Sell
2024-05-09,JPM,-0.0005500925358495057,Sell
2024-05-09,NVDA,0.002532909394886776,Buy
2024-05-09,MSFT,1.6278002765643396e-05,Buy
2024-05-09,XOM,-0.0016850323568034925,Sell
2024-05-10,DIS,-0.01083308756690464,Sell
2024-05-10,SPY,-0.010986356267164432,Sell
2024-05-10,KO,-0.011513411715983246,Sell
2024-05-10,AAPL,-0.010079836322327021,Sell
2024-05-10,BA,0.1,Buy
2024-05-10,JNJ,-0.010887935723953052,Sell
2024-05-10,JPM,-0.011556308875685609,Sell
2024-05-10,NVDA,-0.012256160285887191,Sell
2024-05-10,MSFT,-0.011494132011408434,Sell
2024-05-10,XOM,-0.010394335303820626,Sell
2024-05-13,DIS,-0.00879197782413059,Sell
2024-05-13,SPY,-0.008767657069577828,Sell
2024-05-13,KO,-0.009258448413179424,Sell
2024-05-13,AAPL,-0.010512905679632464,Sell
2024-05-13,BA,-0.00871521690374652,Sell
2024-05-13,JNJ,-0.009625210495993658,Sell
2024-05-13,JPM,-0.008734238004336453,Sell
2024-05-13,NVDA,-0.009332019940923558,Sell
2024-05-13,WMT,0.09090909090909091,Buy
2024-05-13,MSFT,-0.008509186412536243,Sell
2024-05-13,XOM,-0.008712062247173857,Sell
2024-05-14,DIS,0.000745456139750536,Buy
2024-05-14,SPY,-8.092848828049337e-05,Sell
2024-05-14,KO,0.001018448887821044,Buy
2024-05-14,AAPL,-0.00022450952233023236,Sell
2024-05-14,BA,-0.0008429611361238237,Sell
2024-05-14,JNJ,0.00023881118071662766,Buy
2024-05-14,JPM,-0.0009323819132883854,Sell
2024-05-14,NVDA,-0.0006242129460867774,Sell
2024-05-14,WMT,0.0011592670663509302,Buy
2024-05-14,MSFT,-0.00028711760493638216,Sell
2024-05-14,XOM,-0.0002151712988362059,Sell
2024-05-15,DIS,0.011732650294876981,Buy
2024-05-15,SPY,0.008396253140831533,Buy
2024-05-15,KO,0.009473706852949668,Buy
2024-05-15,AAPL,0.008411198376094123,Buy
2024-05-15,BA,0.011403869563387486,Buy
2024-05-15,JNJ,0.008745657012164024,Buy
2024-05-15,JPM,0.009247298913848304,Buy
2024-05-15,NVDA,0.006274012149442107,Buy
2024-05-15,WMT,-0.09043792831734554,Sell
2024-05-15,MSFT,0.007934728892491,Buy
2024-05-15,XOM,0.008816968263014771,Buy
2024-05-16,DIS,-0.00019071278584006923,Sell
2024-05-16,SPY,0.0005957895855764894,Buy
2024-05-16,KO,9.103464460226418e-05,Buy
2024-05-16,AAPL,0.00032784560759487047,Buy
2024-05-16,BA,-0.0029690499318489327,Sell
2024-05-16,JNJ,-0.0006596034433633269,Sell
2024-05-16,JPM,0.0002134229660444853,Buy
2024-05-16,NVDA,0.000676087303703346,Buy
2024-05-16,MSFT,0.0008828923430182767,Buy
2024-05-16,XOM,0.0009872518744963449,Buy
2024-05-17,DIS,0.00025317536733640567,Buy
2024-05-17,SPY,-6.3010352332609765e-06,Sell
2024-05-17,KO,0.0005946230778859501,Buy
2024-05-17,AAPL,0.00012146254982020599,Buy
2024-05-17,BA,-0.0009489179995341018,Sell
2024-05-17,JNJ,-9.576653397973256e-05,Sell
2024-05-17,JPM,-0.0010070351129987248,Sell
2024-05-17,NVDA,0.0021269196652400207,Buy
2024-05-17,MSFT,0.00032228644326059985,Buy
2024-05-17,XOM,-0.001362342238772879,Sell
2024-05-20,DIS,9.630081688995207e-05,Buy
2024-05-20,SPY,-0.0003590180188416947,Sell
2024-05-20,KO,0.0004880900215022549,Buy
2024-05-20,AAPL,-0.0008612139387034201,Sell
2024-05-20,BA,-0.001143236693754171,Sell
2024-05-20,JNJ,0.001148406277494976,Buy
2024-05-20,JPM,0.004264729853909605,Buy
2024-05-20,NVDA,-0.0027377098620391255,Sell
2024-05-20,MSFT,-0.001467300902722471,Sell
2024-05-20,XOM,0.0005692385754625107,Buy
2024-05-21,DIS,0.00023333654763400824,Buy
2024-05-21,SPY,9.545249786055421e-05,Buy
2024-05-21,KO,-0.00020168564867223404,Sell
2024-05-21,AAPL,-0.00034352546413984886,Sell
2024-05-21,BA,0.001317195160456447,Buy
2024-05-21,JNJ,0.0003596239214745667,Buy
2024-05-21,JPM,-0.0016678036868095492,Sell
2024-05-21,NVDA,-0.0002973209238752855,Sell
2024-05-21,MSFT,-0.0005270617352596957,Sell
2024-05-21,XOM,0.0010285166808561286,Buy
2024-05-22,DIS,-0.00014129838536179606,Sell
2024-05-22,SPY,0.0001567482488453037,Buy
2024-05-22,KO,-0.10027483611639697,Sell
2024-05-22,AAPL,0.0006232415452904899,Buy
2024-05-22,BA,-0.0009444277268013529,Sell
2024-05-22,JNJ,-0.0016278386401483158,Sell
2024-05-22,JPM,0.0004756880835090349,Buy
2024-05-22,NVDA,0.00032611421990286216,Buy
2024-05-22,WMT,0.1,Buy
2024-05-22,MSFT,-0.0004769942302255553,Sell
2024-05-22,XOM,0.0018820831235407398,Buy
2024-05-23,DIS,-0.007761208995218066,Sell
2024-05-23,SPY,-0.009336940629467078,Sell
2024-05-23,KO,0.09090909090909091,Buy
2024-05-23,AAPL,-0.007948028132958973,Sell
2024-05-23,BA,-0.0024471151888207504,Sell
2024-05-23,JNJ,-0.0075746505734136105,Sell
2024-05-23,JPM,-0.009366749559508336,Sell
2024-05-23,NVDA,-0.019485894589253802,Sell
2024-05-23,WMT,-0.009439999991735282,Sell
2024-05-23,MSFT,-0.009248897353308125,Sell
2024-05-23,XOM,-0.008351847074664867,Sell
2024-05-24,DIS,-0.00027008801305485053,Sell
2024-05-24,SPY,0.00011874421032861959,Buy
2024-05-24,KO,0.0008462490787136123,Buy
2024-05-24,AAPL,-0.0007806105721298306,Sell
2024-05-24,BA,-0.000494320484807409,Sell
2024-05-24,JNJ,0.0023603425353832114,Buy
2024-05-24,JPM,-0.001020377669642275,Sell
2024-05-24,NVDA,-0.0016044964841755022,Sell
2024-05-24,WMT,-3.563868407888138e-05,Sell
2024-05-24,MSFT,4.8051745866597995e-05,Buy
2024-05-24,XOM,0.00078703459547394,Buy
2024-05-28,DIS,-9.673521187708589e-05,Sell
2024-05-28,SPY,0.00044422192843708574,Buy
2024-05-28,KO,0.0007698393937350112,Buy
2024-05-28,AAPL,0.0005026111524404769,Buy
2024-05-28,BA,0.0002172975329674115,Buy
2024-05-28,JNJ,0.002100494729073671,Buy
2024-05-28,JPM,0.0010523892032908988,Buy
2024-05-28,NVDA,-0.005803053472149475,Sell
2024-05-28,WMT,0.000977497562261509,Buy
2024-05-28,MSFT,0.0004737374383476656,Buy
2024-05-28,XOM,-0.00064038007213163,Sell
2024-05-29,DIS,0.0009272478320131033,Buy
2024-05-29,SPY,0.00017561344354884156,Buy
2024-05-29,KO,-0.00028685396746103153,Sell
2024-05-29,AAPL,-0.0006085041642105299,Sell
2024-05-29,BA,0.001325878619494042,Buy
2024-05-29,JNJ,-0.0005022013512934048,Sell
2024-05-29,JPM,0.00017239928459193699,Buy
2024-05-29,NVDA,-0.0012054617880960794,Sell
2024-05-29,WMT,-0.0002956320329885187,Sell
2024-05-29,MSFT,-0.0002200377575516943,Sell
2024-05-29,XOM,0.0005142656216108321,Buy
2024-05-30,DIS,-0.0010671807337398198,Sell
2024-05-30,SPY,0.0002796384155349524,Buy
2024-05-30,KO,-0.0007248319757224564,Sell
2024-05-30,AAPL,-0.0008050296869969858,Sell
2024-05-30,BA,-0.0009102560919970609,Sell
2024-05-30,JNJ,-0.0008561584023289992,Sell
2024-05-30,JPM,-0.0008874247541409142,Sell
2024-05-30,NVDA,0.003110853392746818,Buy
2024-05-30,WMT,-0.0002834386037374875,Sell
2024-05-30,MSFT,0.002756891446244511,Buy
2024-05-30,XOM,-0.0006146271115893276,Sell
2024-05-31,DIS,0.019401465201670146,Buy
2024-05-31,SPY,0.02053444014109035,Buy
2024-05-31,KO,0.019961498558185242,Buy
2024-05-31,AAPL,0.020901523515276146,Buy
2024-05-31,BA,-0.09228433355662341,Sell
2024-05-31,JNJ,0.02049319536467295,Buy
2024-05-31,JPM,0.019865977581243158,Buy
2024-05-31,NVDA,0.022056244986732088,Buy
2024-05-31,WMT,0.020148566120304107,Buy
2024-05-31,MSFT,0.021252407057281902,Buy
2024-05-31,XOM,-0.0923340201665652,Sell
2024-06-03,DIS,0.0017966621221203044,Buy
2024-06-03,SPY,0.0004939214247566964,Buy
2024-06-03,KO,0.000584058071843821,Buy
2024-06-03,AAPL,-0.00043927751630599976,Sell
2024-06-03,JNJ,-0.00022228474093699546,Sell
2024-06-03,JPM,0.0010258683578936306,Buy
2024-06-03,NVDA,-0.004826711859967733,Sell
2024-06-03,WMT,-0.11062790613245119,Sell
2024-06-03,MSFT,0.0010127359651639634,Buy
2024-06-03,XOM,0.1111111111111111,Buy
2024-06-04,DIS,-0.011542081644830088,Sell
2024-06-04,SPY,-0.0110615562805986,Sell
2024-06-04,KO,-0.012718077455550647,Sell
2024-06-04,AAPL,-0.011120539827623468,Sell
2024-06-04,JNJ,-0.010982605898987183,Sell
2024-06-04,JPM,-0.009475393081641761,Sell
2024-06-04,NVDA,-0.012323811428180564,Sell
2024-06-04,WMT,0.1,Buy
2024-06-04,MSFT,-0.011621691749719568,Sell
2024-06-04,XOM,-0.009212187123800411,Sell
2024-06-05,DIS,0.002369034927844932,Buy
2024-06-05,SPY,-0.0005724903674767245,Sell
2024-06-05,KO,0.000639884575272337,Buy
2024-06-05,AAPL,-0.00016854431981291884,Sell
2024-06-05,JNJ,0.001839393187515817,Buy
2024-06-05,JPM,0.00155698692950193,Buy
2024-06-05,NVDA,-0.004515399897436281,Sell
2024-06-05,WMT,-0.0001224624617331832,Sell
2024-06-05,MSFT,-0.0012879165733475778,Sell
2024-06-05,XOM,0.0002118039971752278,Buy
2024-06-06,DIS,0.011324327072783635,Buy
2024-06-06,SPY,0.011040280202479158,Buy
2024-06-06,KO,0.010678316152672201,Buy
2024-06-06,AAPL,0.011748574306662998,Buy
2024-06-06,JNJ,0.010729919327540749,Buy
2024-06-06,JPM,0.0112159711890127,Buy
2024-06-06,NVDA,0.012216987253781467,Buy
2024-06-06,WMT,0.01094891590328391,Buy
2024-06-06,MSFT,0.010918043028380925,Buy
2024-06-06,XOM,-0.10082465783036525,Sell
2024-06-07,DIS,-0.02045555686316748,Sell
2024-06-07,SPY,-0.019958688586492093,Sell
2024-06-07,KO,-0.01967834839377991,Sell
2024-06-07,AAPL,-0.02146918431400234,Sell
2024-06-07,BA,0.09090909090909091,Buy
2024-06-07,JNJ,-0.020593991635463244,Sell
2024-06-07,JPM,-0.02180734310527209,Sell
2024-06-07,NVDA,-0.01999272071465645,Sell
2024-06-07,WMT,-0.017994261893105018,Sell
2024-06-07,MSFT,-0.01991844863328321,Sell
2024-06-07,XOM,0.09090909090909091,Buy
2024-06-10,DIS,-0.0008738830533519953,Sell
2024-06-10,SPY,-8.213493502784441e-05,Sell
2024-06-10,KO,0.0006523383411095596,Buy
2024-06-10,AAPL,0.0019350678356332557,Buy
2024-06-10,BA,0.0002553669071148623,Buy
2024-06-10,JNJ,0.00016729997199235735,Buy
2024-06-10,JPM,0.00035238982772675675,Buy
2024-06-10,NVDA,-0.00047868846318256664,Sell
2024-06-10,WMT,-0.0012889217799444547,Sell
2024-06-10,MSFT,-0.0006622054402370542,Sell
2024-06-10,XOM,-6.735272276738036e-05,Sell
2024-06-11,DIS,0.0016198208216219312,Buy
2024-06-11,SPY,-0.0002545137503352085,Sell
2024-06-11,KO,2.1727071962740485e-05,Buy
2024-06-11,AAPL,-0.006642539500544539,Sell
2024-06-11,BA,0.002174502574827375,Buy
2024-06-11,JNJ,0.00019321725684856572,Buy
2024-06-11,JPM,0.0023564601999972734,Buy
2024-06-11,NVDA,0.0006142230560870487,Buy
2024-06-11,WMT,0.0002768848303993099,Buy
2024-06-11,MSFT,-0.001057866984301839,Sell
2024-06-11,XOM,0.0006963798459535403,Buy
2024-06-12,DIS,0.00026083333138751663,Buy
2024-06-12,SPY,-0.0005471411647058194,Sell
2024-06-12,KO,0.0011542277805646622,Buy
2024-06-12,AAPL,-0.0023945054047988107,Sell
2024-06-12,BA,0.0015817742999563733,Buy
2024-06-12,JNJ,0.0010323022816190602,Buy
2024-06-12,JPM,0.0015186873971540643,Buy
2024-06-12,NVDA,-0.00302065125621713,Sell
2024-06-12,WMT,0.0007688248675303128,Buy
2024-06-12,MSFT,-0.0015589798529223736,Sell
2024-06-12,XOM,0.001200659343069413,Buy
2024-06-13,DIS,0.01003418608842066,Buy
2024-06-13,SPY,0.009213592256848743,Buy
2024-06-13,KO,0.009237504725653836,Buy
2024-06-13,AAPL,0.008898497109859349,Buy
2024-06-13,BA,0.01037312253633009,Buy
2024-06-13,JNJ,0.009371084927034326,Buy
2024-06-13,JPM,0.008388407703286027,Buy
2024-06-13,NVDA,0.006204609767915911,Buy
2024-06-13,WMT,-0.09113686951912152,Sell
2024-06-13,MSFT,0.009289188009626373,Buy
2024-06-13,XOM,0.01012292936500038,Buy
2024-06-14,DIS,-2.9489936314228138e-05,Sell
2024-06-14,SPY,-0.00021047782157967987,Sell
2024-06-14,KO,-0.00022165199842240357,Sell
2024-06-14,AAPL,0.0006684913261906789,Buy
2024-06-14,BA,0.001751453780552567,Buy
2024-06-14,JNJ,-0.0002115272184790573,Sell
2024-06-14,JPM,-0.00021160333131503561,Sell
2024-06-14,NVDA,-0.001903593071391041,Sell
2024-06-14,MSFT,-0.00037408770299542093,Sell
2024-06-14,XOM,0.000696850327384313,Buy
2024-06-17,DIS,-0.0009550995835405363,Sell
2024-06-17,SPY,-0.00020495976780504632,Sell
2024-06-17,KO,0.00047502307494384777,Buy
2024-06-17,AAPL,-0.0013693342222466515,Sell
2024-06-17,BA,-4.182399230412415e-05,Sell
2024-06-17,JNJ,0.0003062193716187739,Buy
2024-06-17,JPM,-2.9360971900205257e-05,Sell
2024-06-17,NVDA,0.0012647208871271742,Buy
2024-06-17,MSFT,-0.0007165698792335196,Sell
2024-06-17,XOM,0.0012696244800757817,Buy
2024-06-18,DIS,-0.008864144585539233,Sell
2024-06-18,SPY,-0.00913735273104252,Sell
2024-06-18,KO,-0.008899751354471602,Sell
2024-06-18,AAPL,-0.007787634686690512,Sell
2024-06-18,BA,-0.006981822546458891,Sell
2024-06-18,JNJ,-0.00867868892529583,Sell
2024-06-18,JPM,-0.009917671481232349,Sell
2024-06-18,NVDA,-0.012388514247348131,Sell
2024-06-18,WMT,0.09090909090909091,Buy
2024-06-18,MSFT,-0.008431998113052966,Sell
2024-06-18,XOM,-0.009823166987905446,Sell
2024-06-20,DIS,-0.0003640432142276856,Sell
2024-06-20,SPY,0.00018779672465453479,Buy
2024-06-20,KO,0.0005942950793032253,Buy
2024-06-20,AAPL,0.0018976676218912941,Buy
2024-06-20,BA,-0.000740322999996601,Sell
2024-06-20,JNJ,-0.0013896501869409827,Sell
2024-06-20,JPM,-0.0008304766795475538,Sell
2024-06-20,NVDA,0.0031612616955251083,Buy
2024-06-20,WMT,-0.0006110495572506092,Sell
2024-06-20,MSFT,7.111017777208795e-05,Buy
2024-06-20,XOM,-0.0020220732815094955,Sell
2024-06-21,DIS,-0.0006775507034421091,Sell
2024-06-21,SPY,-0.00017021018095107754,Sell
2024-06-21,KO,-0.0011578448398871233,Sell
2024-06-21,AAPL,0.0006600818851456025,Buy
2024-06-21,BA,-0.00042697174571806884,Sell
2024-06-21,JNJ,-0.000891105455904373,Sell
2024-06-21,JPM,0.0007955068702387574,Buy
2024-06-21,NVDA,0.0026434480535130617,Buy
2024-06-21,WMT,-0.00015838862220436678,Sell
2024-06-21,MSFT,-0.0011273396086998871,Sell
2024-06-21,XOM,0.0005073973642169965,Buy
2024-06-24,DIS,0.00041330816208455523,Buy
2024-06-24,SPY,0.0004509901806634964,Buy
2024-06-24,KO,-0.001578996030016544,Sell
2024-06-24,AAPL,-0.00012832514763309877,Sell
2024-06-24,BA,-0.0011496075053727545,Sell
2024-06-24,JNJ,-6.976358783324088e-05,Sell
2024-06-24,JPM,-0.0010368101568530297,Sell
2024-06-24,NVDA,0.00622195911994769,Buy
2024-06-24,WMT,-0.0011670309886219338,Sell
2024-06-24,MSFT,0.0005817094570644832,Buy
2024-06-24,XOM,-0.002539733511791431,Sell
2024-06-25,DIS,1.2693356451154436e-05,Buy
2024-06-25,SPY,-0.00014092599092901947,Sell
2024-06-25,KO,0.00039268023314395495,Buy
2024-06-25,AAPL,-0.00019692287647835038,Sell
2024-06-25,BA,0.0022340595158197446,Buy
2024-06-25,JNJ,0.0013822656705418657,Buy
2024-06-25,JPM,0.0005777611807898375,Buy
2024-06-25,NVDA,-0.005919762960499647,Sell
2024-06-25,WMT,0.002156641581690724,Buy
2024-06-25,MSFT,-0.00045618105199275727,Sell
2024-06-25,XOM,-4.613442837572701e-05,Sell
2024-06-26,DIS,0.00048116471152385987,Buy
2024-06-26,SPY,0.0003505714763468032,Buy
2024-06-26,KO,0.00016594146391731013,Buy
2024-06-26,AAPL,-0.0013448290431385679,Sell
2024-06-26,BA,-0.001292761246460522,Sell
2024-06-26,JNJ,0.0006908001376462747,Buy
2024-06-26,JPM,0.0007557211088275312,Buy
2024-06-26,NVDA,0.00024109488147511238,Buy
2024-06-26,WMT,-0.0007036609693404361,Sell
2024-06-26,MSFT,0.00022076702796829106,Buy
2024-06-26,XOM,0.0004318286704546176,Buy
2024-06-27,DIS,7.767362167565572e-05,Buy
2024-06-27,SPY,-7.441298862667645e-05,Sell
2024-06-27,KO,0.00026735121691931485,Buy
2024-06-27,AAPL,-0.0002933026084590701,Sell
2024-06-27,BA,-0.0019719348280709953,Sell
2024-06-27,JNJ,0.000699898717007319,Buy
2024-06-27,JPM,-0.0007318147638104844,Sell
2024-06-27,NVDA,0.0018007944958459282,Buy
2024-06-27,WMT,0.0006141723859101195,Buy
2024-06-27,MSFT,-6.982702158429832e-05,Sell
2024-06-27,XOM,-0.000320266748509046,Sell
2024-06-28,DIS,0.0021229317040850626,Buy
2024-06-28,SPY,-9.288602000152857e-05,Sell
2024-06-28,KO,-8.072225391678178e-05,Sell
2024-06-28,AAPL,0.0010326196593196252,Buy
2024-06-28,BA,-0.00020210092187793183,Sell
2024-06-28,JNJ,-0.0006779773747419421,Sell
2024-06-28,JPM,-0.0018698092574651604,Sell
2024-06-28,NVDA,-0.00012081868592078715,Sell
2024-06-28,WMT,-0.0002235809135506528,Sell
2024-06-28,MSFT,0.0007379285887111897,Buy
2024-06-28,XOM,-0.0006273234978254605,Sell
2024-07-01,DIS,0.0017881203588507172,Buy
2024-07-01,SPY,0.0004660811323793923,Buy
2024-07-01,KO,0.0011765179008592919,Buy
2024-07-01,AAPL,-0.001975069362544435,Sell
2024-07-01,BA,-0.001673902822817555,Sell
2024-07-01,JNJ,0.00047890714312459615,Buy
2024-07-01,JPM,-0.000771693080357197,Sell
2024-07-01,NVDA,9.6581974960111e-05,Buy
2024-07-01,WMT,0.0009584095747045551,Buy
2024-07-01,MSFT,-0.0013231614614231113,Sell
2024-07-01,XOM,0.0007772754290581163,Buy
2024-07-02,DIS,0.00022440805945926623,Buy
2024-07-02,SPY,-0.00043244472768418085,Sell
2024-07-02,KO,0.00036452204146397715,Buy
2024-07-02,AAPL,-0.0012953251188878995,Sell
2024-07-02,BA,0.000800184002932483,Buy
2024-07-02,JNJ,0.0004321740526247314,Buy
2024-07-02,JPM,-0.0013145324743634723,Sell
2024-07-02,NVDA,0.001367946358397626,Buy
2024-07-02,WMT,-0.0006151324083291804,Sell
2024-07-02,MSFT,-0.0003284200283072275,Sell
2024-07-02,XOM,0.0007937544393337853,Buy
2024-07-03,DIS,-2.13564980301173e-05,Sell
2024-07-03,SPY,0.00014709893946888986,Buy
2024-07-03,KO,0.0002927977445365826,Buy
2024-07-03,AAPL,2.5268936401132147e-05,Buy
2024-07-03,BA,0.0010912717559769802,Buy
2024-07-03,JNJ,0.0007607504256190722,Buy
2024-07-03,JPM,0.0006109166624930634,Buy
2024-07-03,NVDA,-0.003581984071433203,Sell
2024-07-03,WMT,0.0003246885349673795,Buy
2024-07-03,MSFT,0.0002572162593002941,Buy
2024-07-03,XOM,9.135116025300871e-05,Buy
2024-07-05,DIS,0.021041879597448382,Buy
2024-07-05,SPY,0.019949350365046914,Buy
2024-07-05,KO,0.019856586173321783,Buy
2024-07-05,AAPL,0.018512358424229852,Buy
2024-07-05,BA,0.020216282567474514,Buy
2024-07-05,JNJ,-0.09113059729993657,Sell
2024-07-05,JPM,0.021673022120076796,Buy
2024-07-05,NVDA,0.022203104729528106,Buy
2024-07-05,WMT,-0.09302996335198432,Sell
2024-07-05,MSFT,0.019136329363031335,Buy
2024-07-05,XOM,0.021569851485761155,Buy
2024-07-08,DIS,-0.019941735157787036,Sell
2024-07-08,SPY,-0.020263416419559407,Sell
2024-07-08,KO,-0.018742000130860526,Sell
2024-07-08,AAPL,-0.02086138664864895,Sell
2024-07-08,BA,-0.02074207436327602,Sell
2024-07-08,JNJ,0.09090909090909091,Buy
2024-07-08,JPM,-0.020341335432080943,Sell
2024-07-08,NVDA,-0.022226766194669415,Sell
2024-07-08,WMT,0.09090909090909091,Buy
2024-07-08,MSFT,-0.019821796783247927,Sell
2024-07-08,XOM,-0.018969695208792353,Sell
2024-07-09,DIS,0.00036051320472359205,Buy
2024-07-09,SPY,-2.6377600054916517e-05,Sell
2024-07-09,KO,0.000451554894192005,Buy
2024-07-09,AAPL,-0.0002809821183759609,Sell
2024-07-09,BA,0.0013329542367302855,Buy
2024-07-09,JNJ,-0.0009184331445511729,Sell
2024-07-09,JPM,-0.0010273010707839425,Sell
2024-07-09,NVDA,-0.002191532644699304,Sell
2024-07-09,WMT,-0.00022488881386510673,Sell
2024-07-09,MSFT,0.0013674686361903055,Buy
2024-07-09,XOM,0.0010661542983471245,Buy
2024-07-10,DIS,0.010043827593249857,Buy
2024-07-10,SPY,0.009078710461303291,Buy
2024-07-10,KO,0.009768541694232968,Buy
2024-07-10,AAPL,0.008276714700956658,Buy
2024-07-10,BA,0.009728864605752868,Buy
2024-07-10,JNJ,-0.09148754708662422,Sell
2024-07-10,JPM,0.00989590235131832,Buy
2024-07-10,NVDA,0.007550617574330301,Buy
2024-07-10,WMT,0.009312742719225872,Buy
2024-07-10,MSFT,0.008655020600257815,Buy
2024-07-10,XOM,0.009174315093316038,Buy
2024-07-11,DIS,-0.0007238054569496805,Sell
2024-07-11,SPY,-0.00023777510578477934,Sell
2024-07-11,KO,-0.0015441007968733933,Sell
2024-07-11,AAPL,0.001238256785189809,Buy
2024-07-11,BA,-0.001208665330765829,Sell
2024-07-11,JNJ,0.1,Buy
2024-07-11,JPM,-0.000939304231296012,Sell
2024-07-11,NVDA,0.004518839892387355,Buy
2024-07-11,WMT,-0.00023363873032238025,Sell
2024-07-11,MSFT,0.0013950827554622125,Buy
2024-07-11,XOM,-0.10231114055057403,Sell
2024-07-12,DIS,-0.009457784169077554,Sell
2024-07-12,SPY,-0.009539737473437573,Sell
2024-07-12,KO,-0.009859279482012984,Sell
2024-07-12,AAPL,-0.010212858025332602,Sell
2024-07-12,BA,-0.00804170215092466,Sell
2024-07-12,JNJ,-0.009030130940702513,Sell
2024-07-12,JPM,-0.00770238276954309,Sell
2024-07-12,NVDA,-0.010351786440197117,Sell
2024-07-12,WMT,-0.008109264705641786,Sell
2024-07-12,MSFT,-0.008657655525813657,Sell
2024-07-12,XOM,0.09090909090909091,Buy
2024-07-15,DIS,0.0005068252635134218,Buy
2024-07-15,SPY,1.4909535139814856e-05,Buy
2024-07-15,KO,0.0006768613666287976,Buy
2024-07-15,AAPL,-0.0012535043276769714,Sell
2024-07-15,BA,0.0018552388098425354,Buy
2024-07-15,JNJ,0.0006512340126757915,Buy
2024-07-15,JPM,-0.001995953485987273,Sell
2024-07-15,NVDA,0.0008252955813099622,Buy
2024-07-15,WMT,-0.00022020437569222895,Sell
2024-07-15,MSFT,0.0001822522019833822,Buy
2024-07-15,XOM,-0.0012882903640727555,Sell
2024-07-16,DIS,0.008356394358695715,Buy
2024-07-16,SPY,0.009310859431441235,Buy
2024-07-16,KO,0.008622760470264335,Buy
2024-07-16,AAPL,0.009683930029879106,Buy
2024-07-16,BA,0.006352241895155125,Buy
2024-07-16,JNJ,0.00877624530741318,Buy
2024-07-16,JPM,0.008313206814868301,Buy
2024-07-16,NVDA,0.01130547004612785,Buy
2024-07-16,WMT,0.0093533322804817,Buy
2024-07-16,MSFT,0.01072724006263058,Buy
2024-07-16,XOM,-0.09080402868737457,Sell
2024-07-17,DIS,-0.008469975015000561,Sell
2024-07-17,SPY,-0.008244636543558531,Sell
2024-07-17,KO,-0.011125475845937288,Sell
2024-07-17,AAPL,-0.007110787907009725,Sell
2024-07-17,BA,-0.00900061455558282,Sell
2024-07-17,JNJ,-0.013363947314993505,Sell
2024-07-17,JPM,-0.011184614419094227,Sell
2024-07-17,NVDA,-0.0029933696512626368,Sell
2024-07-17,WMT,-0.011148961570364005,Sell
2024-07-17,MSFT,-0.008312365458837678,Sell
2024-07-17,XOM,0.09090909090909091,Buy
2024-07-18,DIS,-0.00011342417900438162,Sell
2024-07-18,SPY,0.00010082152230302122,Buy
2024-07-18,KO,-0.0005743600269043081,Sell
2024-07-18,AAPL,0.001276739644085062,Buy
2024-07-18,BA,0.0016799149660937374,Buy
2024-07-18,JNJ,7.552779908161222e-05,Buy
2024-07-18,JPM,0.002304912032194753,Buy
2024-07-18,NVDA,-0.0030067512170627725,Sell
2024-07-18,WMT,-0.00033186940406904064,Sell
2024-07-18,MSFT,4.750802474090543e-05,Buy
2024-07-18,XOM,-0.00150478641059755,Sell
2024-07-19,DIS,0.0003139111648134407,Buy
2024-07-19,SPY,-7.14514394006549e-05,Sell
2024-07-19,KO,-0.000820164876370516,Sell
2024-07-19,AAPL,-0.0007327703950636005,Sell
2024-07-19,BA,-0.00039508851301595094,Sell
2024-07-19,JNJ,-0.0002494872608281712,Sell
2024-07-19,JPM,-0.0005924377741230308,Sell
2024-07-19,NVDA,0.0017104586957119583,Buy
2024-07-19,WMT,-0.0005891300007408867,Sell
2024-07-19,MSFT,-1.6420269676603594e-06,Sell
2024-07-19,XOM,0.0014250276812131923,Buy
2024-07-22,DIS,0.001755094616541511,Buy
2024-07-22,SPY,-0.0007047066800650037,Sell
2024-07-22,KO,0.0009524112454065425,Buy
2024-07-22,AAPL,0.00037167467736029525,Buy
2024-07-22,BA,0.0006188150473722676,Buy
2024-07-22,JNJ,0.0004939977797211448,Buy
2024-07-22,JPM,1.4074908951666742e-05,Buy
2024-07-22,NVDA,-0.0040834563907782145,Sell
2024-07-22,WMT,0.0007044240141618474,Buy
2024-07-22,MSFT,-0.000979248229455415,Sell
2024-07-22,XOM,0.0008551979872942622,Buy
2024-07-23,DIS,0.012066306802781285,Buy
2024-07-23,SPY,0.009124545532943354,Buy
2024-07-23,KO,0.008714773425406538,Buy
2024-07-23,AAPL,0.008555052980209532,Buy
2024-07-23,BA,-0.09487468638111038,Sell
2024-07-23,JNJ,0.010097061928207349,Buy
2024-07-23,JPM,0.0089601189128211,Buy
2024-07-23,NVDA,0.009681679508044785,Buy
2024-07-23,WMT,0.008632556074356368,Buy
2024-07-23,MSFT,0.008589280998061943,Buy
2024-07-23,XOM,0.010450423481140697,Buy
2024-07-24,DIS,-0.009080255755230457,Sell
2024-07-24,SPY,-0.00805482867125372,Sell
2024-07-24,KO,-0.011674576311034662,Sell
2024-07-24,AAPL,-0.007437991266667096,Sell
2024-07-24,BA,0.09090909090909091,Buy
2024-07-24,JNJ,-0.01296165918060585,Sell
2024-07-24,JPM,-0.009511919322489418,Sell
2024-07-24,NVDA,-0.0034608111626097116,Sell
2024-07-24,WMT,-0.010277914442028385,Sell
2024-07-24,MSFT,-0.006718996251112094,Sell
2024-07-24,XOM,-0.011778172249013175,Sell
2024-07-25,DIS,0.0006269973558602482,Buy
2024-07-25,SPY,0.0005034141727167235,Buy
2024-07-25,KO,-0.0003291481260496859,Sell
2024-07-25,AAPL,0.00046654394231680774,Buy
2024-07-25,BA,-0.0021301558724888398,Sell
2024-07-25,JNJ,-0.0019239894448944278,Sell
2024-07-25,JPM,-4.959922369512926e-06,Sell
2024-07-25,NVDA,0.0015969439009811126,Buy
2024-07-25,WMT,0.0007764884930190202,Buy
2024-07-25,MSFT,0.0022547559927576094,Buy
2024-07-25,XOM,-0.0018823420875763996,Sell
2024-07-26,DIS,3.0232860044401844e-05,Buy
2024-07-26,SPY,-0.00025184495318149314,Sell
2024-07-26,KO,-0.0005793617065329854,Sell
2024-07-26,AAPL,0.0005630118559816349,Buy
2024-07-26,BA,-0.00048429014308422336,Sell
2024-07-26,JNJ,0.00019311726227122517,Buy
2024-07-26,JPM,-0.0007844999182506085,Sell
2024-07-26,NVDA,0.00013154613147937921,Buy
2024-07-26,WMT,0.0010668372110687746,Buy
2024-07-26,MSFT,-0.000722446254251996,Sell
2024-07-26,XOM,0.0008345997609236072,Buy
2024-07-29,DIS,-0.002459027505781211,Sell
2024-07-29,SPY,-0.00027312208637036983,Sell
2024-07-29,KO,7.943258717489632e-05,Buy
2024-07-29,AAPL,-0.00033664099266904335,Sell
2024-07-29,BA,0.0004923388856414024,Buy
2024-07-29,JNJ,0.0009603760363937341,Buy
2024-07-29,JPM,0.0003772353779250559,Buy
2024-07-29,NVDA,0.0009652785489138449,Buy
2024-07-29,WMT,-1.0616650842149022e-05,Sell
2024-07-29,MSFT,-0.0005324252161405529,Sell
2024-07-29,XOM,0.0007357571621460918,Buy
2024-07-30,DIS,-0.09248526710653764,Sell
2024-07-30,SPY,0.009602112471926508,Buy
2024-07-30,KO,0.00798616592862074,Buy
2024-07-30,AAPL,0.008908639276287864,Buy
2024-07-30,BA,0.008441097798638691,Buy
2024-07-30,JNJ,0.007554518530754881,Buy
2024-07-30,JPM,0.007271632862183852,Buy
2024-07-30,NVDA,0.015541509453816452,Buy
2024-07-30,WMT,0.009702959561370891,Buy
2024-07-30,MSFT,0.00995299917083571,Buy
2024-07-30,XOM,0.007521827499747433,Buy
2024-07-31,DIS,0.09090909090909091,Buy
2024-07-31,SPY,-0.009539610130831017,Sell
2024-07-31,KO,-0.006560129786825519,Sell
2024-07-31,AAPL,-0.00941467128160374,Sell
2024-07-31,BA,-0.009911275621145813,Sell
2024-07-31,JNJ,-0.005800871278567266,Sell
2024-07-31,JPM,-0.006835174289235038,Sell
2024-07-31,NVDA,-0.020596689164959492,Sell
2024-07-31,WMT,-0.007147251075424424,Sell
2024-07-31,MSFT,-0.006864875888195177,Sell
2024-07-31,XOM,-0.008284249109529435,Sell
2024-08-01,DIS,-0.0006739195405212478,Sell
2024-08-01,SPY,1.993365170788186e-06,Buy
2024-08-01,KO,-0.00298948028569776,Sell
2024-08-01,AAPL,0.0002407991060022624,Buy
2024-08-01,BA,0.004642121298887136,Buy
2024-08-01,JNJ,-0.003003785659923111,Sell
2024-08-01,JPM,0.0007934944367527369,Buy
2024-08-01,NVDA,0.004850518240036822,Buy
2024-08-01,WMT,-0.002848766357759658,Sell
2024-08-01,MSFT,-0.0010304959723821255,Sell
2024-08-01,XOM,-2.8596679428713467e-05,Sell
2024-08-02,DIS,0.0021459198564884735,Buy
2024-08-02,SPY,0.00041411931686023695,Buy
2024-08-02,KO,-0.003161617669232175,Sell
2024-08-02,AAPL,-0.0019361815833179863,Sell
2024-08-02,BA,0.0030205712354544334,Buy
2024-08-02,JNJ,-0.0032415100636653815,Sell
2024-08-02,JPM,0.0026081476544657783,Buy
2024-08-02,NVDA,0.0003353048864271069,Buy
2024-08-02,WMT,0.0004545539510331237,Buy
2024-08-02,MSFT,0.0006029019332568913,Buy
2024-08-02,XOM,-0.0012475611166805484,Sell
2024-08-05,DIS,0.008425628872417101,Buy
2024-08-05,SPY,0.009279620374196024,Buy
2024-08-05,KO,0.008216019288332738,Buy
2024-08-05,AAPL,0.011059069400380636,Buy
2024-08-05,BA,-0.09183626804231185,Sell
2024-08-05,JNJ,0.008203487904701448,Buy
2024-08-05,JPM,0.008547777795216469,Buy
2024-08-05,NVDA,0.012499086304825435,Buy
2024-08-05,WMT,0.007745739183072309,Buy
2024-08-05,MSFT,0.009609766978577447,Buy
2024-08-05,XOM,0.008245146339642753,Buy
2024-08-06,DIS,-0.0016509708141434765,Sell
2024-08-06,SPY,-9.101367873612376e-05,Sell
2024-08-06,KO,0.0008961960581439776,Buy
2024-08-06,AAPL,0.0017901528565483632,Buy
2024-08-06,BA,0.1,Buy
2024-08-06,JNJ,0.0022256824038140305,Buy
2024-08-06,JPM,-0.10194482263966259,Sell
2024-08-06,NVDA,-0.002928466893294221,Sell
2024-08-06,WMT,0.0006032566263018541,Buy
2024-08-06,MSFT,-0.0002960201580714944,Sell
2024-08-06,XOM,0.0013504674005607037,Buy
2024-08-07,DIS,-0.0055767812331195404,Sell
2024-08-07,SPY,-0.009402819250874134,Sell
2024-08-07,KO,-0.01068627401993999,Sell
2024-08-07,AAPL,-0.011339967558260333,Sell
2024-08-07,BA,-0.00897641439432563,Sell
2024-08-07,JNJ,-0.010033342875760659,Sell
2024-08-07,JPM,0.09090909090909091,Buy
2024-08-07,NVDA,-0.004904961049110396,Sell
2024-08-07,WMT,-0.008840455349540852,Sell
2024-08-07,MSFT,-0.009779624866203374,Sell
2024-08-07,XOM,-0.01142242201908332,Sell
2024-08-08,DIS,0.010766290400694392,Buy
2024-08-08,SPY,0.008703452154994518,Buy
2024-08-08,KO,0.010414362854396397,Buy
2024-08-08,AAPL,0.009282043333360857,Buy
2024-08-08,BA,-0.09231129378364486,Sell
2024-08-08,JNJ,0.01002499532662543,Buy
2024-08-08,JPM,0.009136575767421343,Buy
2024-08-08,NVDA,0.005299139032828776,Buy
2024-08-08,WMT,0.009766057378471943,Buy
2024-08-08,MSFT,0.009812205686204903,Buy
2024-08-08,XOM,0.009061541749583651,Buy
2024-08-09,DIS,0.0002030679513128214,Buy
2024-08-09,SPY,5.3680253326221505e-05,Buy
2024-08-09,KO,0.000564864088570774,Buy
2024-08-09,AAPL,-0.0008743575247698449,Sell
2024-08-09,JNJ,0.00024406724991900275,Buy
2024-08-09,JPM,-0.0003560251543947984,Sell
2024-08-09,NVDA,0.0007010201222959062,Buy
2024-08-09,WMT,6.598622749937055e-05,Buy
2024-08-09,MSFT,-0.00033039014508172426,Sell
2024-08-09,XOM,-0.00031783030925994216,Sell
2024-08-12,DIS,-0.008298225513432025,Sell
2024-08-12,SPY,-0.008650622657792706,Sell
2024-08-12,KO,-0.007859413194695755,Sell
2024-08-12,AAPL,-0.009307815223037072,Sell
2024-08-12,BA,0.09090909090909091,Buy
2024-08-12,JNJ,-0.008139890240151354,Sell
2024-08-12,JPM,-0.008786906265777078,Sell
2024-08-12,NVDA,-0.012654628905531776,Sell
2024-08-12,WMT,-0.009696645507949547,Sell
2024-08-12,MSFT,-0.008791936229620545,Sell
2024-08-12,XOM,-0.00872393042315385,Sell
2024-08-13,DIS,0.01048506217211849,Buy
2024-08-13,SPY,0.008640916089501835,Buy
2024-08-13,KO,0.009736687822384751,Buy
2024-08-13,AAPL,0.008573736831178694,Buy
2024-08-13,BA,-0.09241642010823688,Sell
2024-08-13,JNJ,0.010956682723972308,Buy
2024-08-13,JPM,0.009356216883221663,Buy
2024-08-13,NVDA,0.004249014062776182,Buy
2024-08-13,WMT,0.010864781645908483,Buy
2024-08-13,MSFT,0.008528272771634954,Buy
2024-08-13,XOM,0.010980108405728384,Buy
2024-08-14,DIS,-0.009238665498988136,Sell
2024-08-14,SPY,-0.008739725459259884,Sell
2024-08-14,KO,-0.008600450897673043,Sell
2024-08-14,AAPL,-0.008628371026370332,Sell
2024-08-14,BA,0.09090909090909091,Buy
2024-08-14,JNJ,-0.008482765216292473,Sell
2024-08-14,JPM,-0.009525081647836539,Sell
2024-08-14,NVDA,-0.010085642495727035,Sell
2024-08-14,WMT,-0.009199101516302308,Sell
2024-08-14,MSFT,-0.009110150619100463,Sell
2024-08-14,XOM,-0.00934502649486442,Sell
2024-08-15,DIS,0.019587488829294744,Buy
2024-08-15,SPY,0.020629402758543303,Buy
2024-08-15,KO,0.022063345911611063,Buy
2024-08-15,AAPL,0.02095051822207636,Buy
2024-08-15,BA,-0.09313292803413502,Sell
2024-08-15,JNJ,0.021811736226850065,Buy
2024-08-15,JPM,0.021599852697888694,Buy
2024-08-15,NVDA,0.018553078262793524,Buy
2024-08-15,WMT,-0.09481313826033558,Sell
2024-08-15,MSFT,0.021102339820698673,Buy
2024-08-15,XOM,0.021603813856495055,Buy
2024-08-16,DIS,-0.00017690517260171568,Sell
2024-08-16,SPY,0.00021060357665203533,Buy
2024-08-16,KO,-0.00039559526333064754,Sell
2024-08-16,AAPL,-0.00019622927140235114,Sell
2024-08-16,JNJ,0.00025002740776103316,Buy
2024-08-16,JPM,-0.0008071127954050045,Sell
2024-08-16,NVDA,-0.0010904238254013654,Sell
2024-08-16,MSFT,0.0011314790118522738,Buy
2024-08-16,XOM,0.000980582300070365,Buy
2024-08-19,DIS,-0.021032802844915238,Sell
2024-08-19,SPY,-0.020211736785027107,Sell
2024-08-19,KO,-0.01884110354004566,Sell
2024-08-19,AAPL,-0.019081400420937242,Sell
2024-08-19,BA,0.09090909090909091,Buy
2024-08-19,JNJ,-0.01932505324586388,Sell
2024-08-19,JPM,-0.019920633273781546,Sell
2024-08-19,NVDA,-0.023947960627081114,Sell
2024-08-19,WMT,0.09090909090909091,Buy
2024-08-19,MSFT,-0.019964166183356807,Sell
2024-08-19,XOM,-0.019494622345685414,Sell
2024-08-20,DIS,0.0003853201432254816,Buy
2024-08-20,SPY,-0.0005551253784753241,Sell
2024-08-20,KO,-0.00123535637570793,Sell
2024-08-20,AAPL,-0.0009555499341794976,Sell
2024-08-20,BA,0.0031411629902846627,Buy
2024-08-20,JNJ,-0.0010082682290436518,Sell
2024-08-20,JPM,-0.0003086535996336681,Sell
2024-08-20,NVDA,0.001233868224753576,Buy
2024-08-20,WMT,-0.001723121495850466,Sell
2024-08-20,MSFT,-0.001414789245816353,Sell
2024-08-20,XOM,0.002348899383803532,Buy
2024-08-21,DIS,-0.0006275348897799016,Sell
2024-08-21,SPY,5.011372647199808e-05,Buy
2024-08-21,KO,0.00011332167353535205,Buy
2024-08-21,AAPL,0.0004052610892987252,Buy
2024-08-21,BA,-0.0003384662175955344,Sell
2024-08-21,JNJ,-0.00035671653237560885,Sell
2024-08-21,JPM,0.00032752513372726055,Buy
2024-08-21,NVDA,-0.0005281657963943226,Sell
2024-08-21,WMT,-0.0004890460952138298,Sell
2024-08-21,MSFT,0.0005019635393634786,Buy
2024-08-21,XOM,0.0009381810578346916,Buy
2024-08-22,DIS,0.0002897501900375049,Buy
2024-08-22,SPY,0.0002010820885866571,Buy
2024-08-22,KO,-0.00020106410768135075,Sell
2024-08-22,AAPL,0.00023866793922322493,Buy
2024-08-22,BA,-0.00016328148854261038,Sell
2024-08-22,JNJ,-0.0010375237150674205,Sell
2024-08-22,JPM,-0.001381326978401834,Sell
2024-08-22,NVDA,0.002870171358737128,Buy
2024-08-22,WMT,-0.0009296249931976669,Sell
2024-08-22,MSFT,0.001335135298445575,Buy
2024-08-22,XOM,-0.001223161307894849,Sell
2024-08-23,DIS,0.00042251629726150486,Buy
2024-08-23,SPY,0.00010735818338296343,Buy
2024-08-23,KO,0.00046584719464266844,Buy
2024-08-23,AAPL,0.0001376398056586875,Buy
2024-08-23,BA,-8.215654585602694e-05,Sell
2024-08-23,JNJ,7.691569348365623e-05,Buy
2024-08-23,JPM,0.000365224086435717,Buy
2024-08-23,NVDA,-0.0030259088500218106,Sell
2024-08-23,WMT,0.0009193681015304267,Buy
2024-08-23,MSFT,0.0007939058337818328,Buy
2024-08-23,XOM,-0.0001831486699915147,Sell
2024-08-26,DIS,-0.0010460331843428344,Sell
2024-08-26,SPY,0.0003925715416622372,Buy
2024-08-26,KO,-0.0011887833418690458,Sell
2024-08-26,AAPL,4.030878524484416e-05,Buy
2024-08-26,BA,0.0009438158554549714,Buy
2024-08-26,JNJ,-8.904665105825826e-05,Sell
2024-08-26,JPM,-0.00018112672557143994,Sell
2024-08-26,NVDA,0.002217202282243716,Buy
2024-08-26,WMT,-0.00021925718129590932,Sell
2024-08-26,MSFT,0.0008946848098095594,Buy
2024-08-26,XOM,-0.0017659779975490592,Sell
2024-08-27,DIS,0.0009663239427962766,Buy
2024-08-27,SPY,-2.9119445214484396e-05,Sell
2024-08-27,KO,-0.000750501557235092,Sell
2024-08-27,AAPL,-0.0002442016854489887,Sell
2024-08-27,BA,0.00032067960079494584,Buy
2024-08-27,JNJ,0.00032905467156194024,Buy
2024-08-27,JPM,-0.00032289509110886017,Sell
2024-08-27,NVDA,-0.0012257699044795206,Sell
2024-08-27,WMT,-2.3846439352201432e-05,Sell
2024-08-27,MSFT,1.872441743865083e-05,Buy
2024-08-27,XOM,0.0009593091483549032,Buy
2024-08-28,DIS,0.0008663972845098372,Buy
2024-08-28,SPY,-2.1349716992302703e-05,Sell
2024-08-28,KO,-0.0008720984147264216,Sell
2024-08-28,AAPL,6.537454270341692e-05,Buy
2024-08-28,BA,0.0006844425536088883,Buy
2024-08-28,JNJ,-0.0010967541481327892,Sell
2024-08-28,JPM,-0.0010133988417113798,Sell
2024-08-28,NVDA,0.0013653188154718748,Buy
2024-08-28,WMT,-0.0004922377828980029,Sell
2024-08-28,MSFT,0.00016374655744892663,Buy
2024-08-28,XOM,0.0003492536608083602,Buy
2024-08-29,DIS,-0.00034081940239166775,Sell
2024-08-29,SPY,-2.3828342381265744e-05,Sell
2024-08-29,KO,-0.0003958810332905238,Sell
2024-08-29,AAPL,-0.0013404863016548002,Sell
2024-08-29,BA,-0.0008412643323698343,Sell
2024-08-29,JNJ,-0.00018764535204050803,Sell
2024-08-29,JPM,-0.000393731896445787,Sell
2024-08-29,NVDA,0.00578971779776373,Buy
2024-08-29,WMT,-0.00042204560487016374,Sell
2024-08-29,MSFT,-0.0005737305022667089,Sell
2024-08-29,XOM,-0.0012720329249165802,Sell
2024-08-30,DIS,0.00010228387753689894,Buy
2024-08-30,SPY,-0.0001863890199359508,Sell
2024-08-30,KO,0.00014898179988549753,Buy
2024-08-30,AAPL,0.0009851981541144222,Buy
2024-08-30,BA,-0.00010028232782448299,Sell
2024-08-30,JNJ,-0.00022060029913842372,Sell
2024-08-30,JPM,-0.0003767498634542621,Sell
2024-08-30,NVDA,-0.0006909297674351639,Sell
2024-08-30,WMT,-0.00028142430966660026,Sell
2024-08-30,MSFT,-0.0002030712709270993,Sell
2024-08-30,XOM,0.0008201092280525624,Buy
2024-09-03,DIS,-0.0010414164276422583,Sell
2024-09-03,SPY,-0.00041217521298762827,Sell
2024-09-03,KO,-0.0030257334760033228,Sell
2024-09-03,AAPL,0.000205656263974896,Buy
2024-09-03,BA,0.0044953984804408376,Buy
2024-09-03,JNJ,-0.0030617972209571326,Sell
2024-09-03,JPM,-0.00046450895520509794,Sell
2024-09-03,NVDA,0.006550155003579916,Buy
2024-09-03,WMT,-0.002258529875722809,Sell
2024-09-03,MSFT,-0.0006098486379758628,Sell
2024-09-03,XOM,-0.00037825533088563235,Sell
2024-09-04,DIS,-0.0004070111774780588,Sell
2024-09-04,SPY,-9.760233272043672e-05,Sell
2024-09-04,KO,0.0002778439480007888,Buy
2024-09-04,AAPL,0.0005017404276133203,Buy
2024-09-04,BA,-0.0015301963940098084,Sell
2024-09-04,JNJ,-0.0003933362715967531,Sell
2024-09-04,JPM,0.00011730493290915134,Buy
2024-09-04,NVDA,0.0012272087618874772,Buy
2024-09-04,WMT,-0.00036695376350091846,Sell
2024-09-04,MSFT,-0.00016396766999372814,Sell
2024-09-04,XOM,0.0008293260805358055,Buy
2024-09-05,DIS,0.00017291424496711227,Buy
2024-09-05,SPY,-0.00021900020572843126,Sell
2024-09-05,KO,0.0013087598567019104,Buy
2024-09-05,AAPL,-0.0010740601277597212,Sell
2024-09-05,BA,0.00015765859203244192,Buy
2024-09-05,JNJ,0.0008524171380857731,Buy
2024-09-05,JPM,0.0002668384960211184,Buy
2024-09-05,NVDA,-0.001301296956242315,Sell
2024-09-05,WMT,-0.00011006462598218969,Sell
2024-09-05,MSFT,-0.000327256368954143,Sell
2024-09-05,XOM,0.0002716046603141592,Buy
2024-09-06,DIS,-0.0005503327394349583,Sell
2024-09-06,SPY,0.0002629292531072386,Buy
2024-09-06,KO,-0.001249899932300319,Sell
2024-09-06,AAPL,-0.0006419973869647572,Sell
2024-09-06,BA,0.0012869850798837984,Buy
2024-09-06,JNJ,-0.0009478705724280528,Sell
2024-09-06,JPM,0.0009014926664546175,Buy
2024-09-06,NVDA,0.0024779411578683963,Buy
2024-09-06,WMT,-0.0009053909022585654,Sell
2024-09-06,MSFT,0.00022157604511421902,Buy
2024-09-06,XOM,-0.0008569696205822791,Sell
2024-09-09,DIS,0.0009706230904150959,Buy
2024-09-09,SPY,0.0003754572953166002,Buy
2024-09-09,KO,0.00048431511649450754,Buy
2024-09-09,AAPL,0.0013413799441625157,Buy
2024-09-09,BA,-0.001626971666833718,Sell
2024-09-09,JNJ,0.00016325376232527444,Buy
2024-09-09,JPM,-0.0004552423644320208,Sell
2024-09-09,NVDA,-0.0017913977717702312,Sell
2024-09-09,WMT,0.0005601091804458974,Buy
2024-09-09,MSFT,0.0004818722443082346,Buy
2024-09-09,XOM,-0.0005059356361594575,Sell
2024-09-10,DIS,-0.00046629049817743795,Sell
2024-09-10,SPY,-0.0008020122967157262,Sell
2024-09-10,KO,-2.3005355897956492e-05,Sell
2024-09-10,AAPL,-7.35925541043847e-05,Sell
2024-09-10,BA,0.0011875872439943702,Buy
2024-09-10,JNJ,-0.0008262807761378749,Sell
2024-09-10,JPM,0.004333863740140248,Buy
2024-09-10,NVDA,-0.001802217817679419,Sell
2024-09-10,WMT,-0.0021398519860186815,Sell
2024-09-10,MSFT,-0.0023128231363262752,Sell
2024-09-10,XOM,0.0029224245623459683,Buy
2024-09-11,DIS,0.01005885318148772,Buy
2024-09-11,SPY,0.009053870504603559,Buy
2024-09-11,KO,0.010568734661182508,Buy
2024-09-11,AAPL,0.008934468181432259,Buy
2024-09-11,BA,0.00926877228356221,Buy
2024-09-11,JNJ,0.01135424773111314,Buy
2024-09-11,JPM,-0.09075396168723732,Sell
2024-09-11,NVDA,0.0026406576074413934,Buy
2024-09-11,WMT,0.0099431301749726,Buy
2024-09-11,MSFT,0.008056096927307022,Buy
2024-09-11,XOM,0.010870949121213919,Buy
2024-09-12,DIS,-0.009376268805752208,Sell
2024-09-12,SPY,-0.00911118661091008,Sell
2024-09-12,KO,-0.008485027929398023,Sell
2024-09-12,AAPL,-0.008324709200435682,Sell
2024-09-12,BA,-0.009161019098287801,Sell
2024-09-12,JNJ,-0.00816739364533596,Sell
2024-09-12,JPM,0.09090909090909091,Buy
2024-09-12,NVDA,-0.010176262027529526,Sell
2024-09-12,WMT,-0.00930733891016132,Sell
2024-09-12,MSFT,-0.009204166086266716,Sell
2024-09-12,XOM,-0.009640724627884734,Sell
2024-09-13,DIS,-0.0012431323107404968,Sell
2024-09-13,SPY,-0.0004456675892831885,Sell
2024-09-13,KO,-0.0008252869341127816,Sell
2024-09-13,AAPL,0.00013912905603911951,Buy
2024-09-13,BA,0.0033789924389280163,Buy
2024-09-13,JNJ,-0.0004567741698634359,Sell
2024-09-13,JPM,0.0010319269675133774,Buy
2024-09-13,NVDA,5.9502934442623445e-05,Buy
2024-09-13,WMT,-0.001043398115571012,Sell
2024-09-13,MSFT,-0.0007350856683432244,Sell
2024-09-13,XOM,9.43420904018083e-05,Buy
2024-09-16,DIS,-0.0012053383173013937,Sell
2024-09-16,SPY,-3.569894585282729e-05,Sell
2024-09-16,KO,-0.0007790337120531371,Sell
2024-09-16,AAPL,0.002620702564040067,Buy
2024-09-16,BA,0.000805108039009711,Buy
2024-09-16,JNJ,-0.0007080940882242259,Sell
2024-09-16,JPM,-0.0014749521610829264,Sell
2024-09-16,NVDA,0.0018673500282439248,Buy
2024-09-16,WMT,0.0001434707769126936,Buy
2024-09-16,MSFT,-5.976230319131026e-05,Sell
2024-09-16,XOM,-0.001176112631777665,Sell
2024-09-17,DIS,-0.0009219408343266455,Sell
2024-09-17,SPY,3.974562658229375e-05,Buy
2024-09-17,KO,0.0004547875293444553,Buy
2024-09-17,AAPL,-0.00012048142887141622,Sell
2024-09-17,BA,-0.0004136424599825439,Sell
2024-09-17,JNJ,3.336623061143962e-05,Buy
2024-09-17,JPM,-0.0005305515434711611,Sell
2024-09-17,NVDA,0.0010024547848706405,Buy
2024-09-17,WMT,0.002286788548875804,Buy
2024-09-17,MSFT,-0.0007254467611385873,Sell
2024-09-17,XOM,-0.0011077962994531232,Sell
2024-09-18,DIS,-0.0008722139910000981,Sell
2024-09-18,SPY,0.00010405517115652518,Buy
2024-09-18,KO,-0.00010262507566909107,Sell
2024-09-18,AAPL,-0.0018044857931595326,Sell
2024-09-18,BA,0.0005793598047341142,Buy
2024-09-18,JNJ,0.0003354650210904836,Buy
2024-09-18,JPM,0.0005825687814711156,Buy
2024-09-18,NVDA,0.0015831177743461794,Buy
2024-09-18,WMT,-0.0006643149369905677,Sell
2024-09-18,MSFT,0.0007422808327046532,Buy
2024-09-18,XOM,-0.0004851203267308285,Sell
2024-09-19,DIS,0.0009253257350816807,Buy
2024-09-19,SPY,-0.0007375005982407923,Sell
2024-09-19,KO,0.002219291133620113,Buy
2024-09-19,AAPL,-0.0025397844680056375,Sell
2024-09-19,BA,0.0011022414540231978,Buy
2024-09-19,JNJ,0.0015214509465180936,Buy
2024-09-19,JPM,-0.00048073384888523696,Sell
2024-09-19,NVDA,-0.00277655106795216,Sell
2024-09-19,WMT,0.0019289384398045867,Buy
2024-09-19,MSFT,-0.0008480481844431592,Sell
2024-09-19,XOM,-0.00031657615776919945,Sell
2024-09-20,DIS,-0.0004034441581130116,Sell
2024-09-20,SPY,4.608761027428965e-05,Buy
2024-09-20,KO,-0.0014258902014449432,Sell
2024-09-20,AAPL,0.00015521558420775183,Buy
2024-09-20,BA,0.0006541793635017334,Buy
2024-09-20,JNJ,0.00025322687064435745,Buy
2024-09-20,JPM,-0.00037502563508685915,Sell
2024-09-20,NVDA,0.0013327780768432468,Buy
2024-09-20,WMT,-0.001300898346828283,Sell
2024-09-20,MSFT,0.0005983537300965763,Buy
2024-09-20,XOM,0.00046156328532423463,Buy
2024-09-23,DIS,0.0010487765248230613,Buy
2024-09-23,SPY,6.845310637386415e-05,Buy
2024-09-23,KO,0.00018102689785427784,Buy
2024-09-23,AAPL,0.0009818202188662667,Buy
2024-09-23,BA,-0.0014844329877758827,Sell
2024-09-23,JNJ,0.0008137549202600763,Buy
2024-09-23,JPM,0.00014462861591434117,Buy
2024-09-23,NVDA,9.177769195127528e-05,Buy
2024-09-23,WMT,-0.001160725931823467,Sell
2024-09-23,MSFT,0.0006612678643370812,Buy
2024-09-23,XOM,-0.0013480929048033247,Sell
2024-09-24,DIS,-0.0004126969736651942,Sell
2024-09-24,SPY,2.980342950621717e-05,Buy
2024-09-24,KO,0.0007944471968859834,Buy
2024-09-24,AAPL,-7.102789643927132e-05,Sell
2024-09-24,BA,0.0005731939195836866,Buy
2024-09-24,JNJ,0.0005333802664517495,Buy
2024-09-24,JPM,0.00022480972386884623,Buy
2024-09-24,NVDA,-0.003304211600442933,Sell
2024-09-24,WMT,-9.44609945475322e-05,Sell
2024-09-24,MSFT,0.0011963105665235702,Buy
2024-09-24,XOM,0.0005284625208824834,Buy
2024-09-25,DIS,-0.00044970134274485707,Sell
2024-09-25,SPY,-2.4981449503802544e-05,Sell
2024-09-25,KO,-0.0003792951751926815,Sell
2024-09-25,AAPL,0.0001748519425896905,Buy
2024-09-25,BA,0.0018738547766971037,Buy
2024-09-25,JNJ,0.00099452796741685,Buy
2024-09-25,JPM,0.00037701818270981236,Buy
2024-09-25,NVDA,-0.0022165118886982305,Sell
2024-09-25,WMT,-0.0010506774612505931,Sell
2024-09-25,MSFT,-0.0008502742460336082,Sell
2024-09-25,XOM,0.001549243168677189,Buy
2024-09-26,DIS,-0.0011760778786060327,Sell
2024-09-26,SPY,-0.0002981336990546535,Sell
2024-09-26,KO,0.00012559707902788653,Buy
2024-09-26,AAPL,-0.0003994857471460722,Sell
2024-09-26,BA,-0.0013464397057435656,Sell
2024-09-26,JNJ,-0.00038483214744333694,Sell
2024-09-26,JPM,0.00023924942365555202,Buy
2024-09-26,NVDA,-0.0003277942040466053,Sell
2024-09-26,WMT,0.001713801851128141,Buy
2024-09-26,MSFT,0.00023023154711913907,Buy
2024-09-26,XOM,0.00162139994278801,Buy
2024-09-27,DIS,-0.000569376670747912,Sell
2024-09-27,SPY,0.00033396883736967753,Buy
2024-09-27,KO,-0.0002930313204478757,Sell
2024-09-27,AAPL,9.476928810241148e-05,Buy
2024-09-27,BA,-0.0008186242301851526,Sell
2024-09-27,JNJ,0.00019677953450164543,Buy
2024-09-27,JPM,-0.00010891858547794342,Sell
2024-09-27,NVDA,0.0021329498313151646,Buy
2024-09-27,WMT,0.00036130645030346686,Buy
2024-09-27,MSFT,0.000894301962160296,Buy
2024-09-27,XOM,-0.0022260864811008,Sell
2024-09-30,DIS,0.00014336830616995533,Buy
2024-09-30,SPY,-4.983741220822291e-05,Sell
2024-09-30,KO,0.00022487408734431225,Buy
2024-09-30,AAPL,-0.0017589010739986477,Sell
2024-09-30,BA,0.0027937100066382364,Buy
2024-09-30,JNJ,-5.726456544483116e-05,Sell
2024-09-30,JPM,0.0001582728579681003,Buy
2024-09-30,NVDA,0.00028336101559145455,Buy
2024-09-30,WMT,-0.0007883021677017321,Sell
2024-09-30,MSFT,-0.0001693814625831347,Sell
2024-09-30,XOM,-0.0007819002034961386,Sell
2024-10-01,DIS,0.0012399373924306678,Buy
2024-10-01,SPY,2.119254846431884e-05,Buy
2024-10-01,KO,-0.000608953067042825,Sell
2024-10-01,AAPL,0.0018721824887613508,Buy
2024-10-01,BA,-0.0021153462696022196,Sell
2024-10-01,JNJ,-0.0007607751600919171,Sell
2024-10-01,JPM,0.0008610582827461577,Buy
2024-10-01,NVDA,0.00255263675778529,Buy
2024-10-01,WMT,-0.0013909469205976993,Sell
2024-10-01,MSFT,0.0012477899934572878,Buy
2024-10-01,XOM,-0.002920594207326155,Sell
2024-10-02,DIS,-0.00016295273118367704,Sell
2024-10-02,SPY,-0.00010460832924603924,Sell
2024-10-02,KO,0.0008218381431986804,Buy
2024-10-02,AAPL,-0.00029545439112793614,Sell
2024-10-02,BA,0.0007183568635009824,Buy
2024-10-02,JNJ,0.00039432532659458563,Buy
2024-10-02,JPM,-0.00017606447290341443,Sell
2024-10-02,NVDA,-0.0015047225669720249,Sell
2024-10-02,WMT,0.000874089769022729,Buy
2024-10-02,MSFT,0.0007036365657899779,Buy
2024-10-02,XOM,-0.001272344869188008,Sell
2024-10-03,DIS,0.00043797991117952573,Buy
2024-10-03,SPY,0.00010181849262251574,Buy
2024-10-03,KO,0.0005632688458755003,Buy
2024-10-03,AAPL,0.000380793925597922,Buy
2024-10-03,BA,0.0013457221936377106,Buy
2024-10-03,JNJ,0.0003136917443927745,Buy
2024-10-03,JPM,0.0008395785737676381,Buy
2024-10-03,NVDA,-0.003126279003232063,Sell
2024-10-03,WMT,-6.448735000713635e-05,Sell
2024-10-03,MSFT,6.419345201029436e-05,Buy
2024-10-03,XOM,-0.0008580391307687757,Sell
2024-10-04,DIS,-0.0003993384381119902,Sell
2024-10-04,SPY,0.00024280453927041923,Buy
2024-10-04,KO,0.0015052393929816804,Buy
2024-10-04,AAPL,0.0006093771132953257,Buy
2024-10-04,BA,-0.0016149467431993692,Sell
2024-10-04,JNJ,0.0011768588248814993,Buy
2024-10-04,JPM,-0.002129804837756183,Sell
2024-10-04,NVDA,-0.0004546578694961251,Sell
2024-10-04,WMT,0.0004895684695632035,Buy
2024-10-04,MSFT,0.0011628304921676158,Buy
2024-10-04,XOM,-0.0005899313230626063,Sell
2024-10-07,DIS,0.0019165900928895946,Buy
2024-10-07,SPY,8.665390870021827e-05,Buy
2024-10-07,KO,0.0007731793018795619,Buy
2024-10-07,AAPL,0.0013230706105293727,Buy
2024-10-07,BA,-0.001279995396662445,Sell
2024-10-07,JNJ,-0.00030736133191694437,Sell
2024-10-07,JPM,-0.0006160709074284482,Sell
2024-10-07,NVDA,-0.0027962105955335187,Sell
2024-10-07,WMT,0.0013415898755766292,Buy
2024-10-07,MSFT,0.0006943315704782266,Buy
2024-10-07,XOM,-0.001138392136463079,Sell
2024-10-08,DIS,0.00035863455214379947,Buy
2024-10-08,SPY,-0.0003791732160834116,Sell
2024-10-08,KO,0.00025333475400043937,Buy
2024-10-08,AAPL,-0.001188244861324253,Sell
2024-10-08,BA,0.0012069481233533685,Buy
2024-10-08,JNJ,0.0003854040675176501,Buy
2024-10-08,JPM,0.0005532723368044251,Buy
2024-10-08,NVDA,-0.0031845453394290235,Sell
2024-10-08,WMT,-0.0002212988154629697,Sell
2024-10-08,MSFT,-0.0006655178328093536,Sell
2024-10-08,XOM,0.0028781339391908967,Buy
2024-10-09,DIS,0.008348423699955143,Buy
2024-10-09,SPY,0.008788292458365696,Buy
2024-10-09,KO,0.008905058497035365,Buy
2024-10-09,AAPL,0.007903123867657277,Buy
2024-10-09,BA,0.01250842299231035,Buy
2024-10-09,JNJ,0.00887116984080373,Buy
2024-10-09,JPM,-0.09173189652839348,Sell
2024-10-09,NVDA,0.009579323778623736,Buy
2024-10-09,WMT,0.008631591494412227,Buy
2024-10-09,MSFT,0.00881505677337624,Buy
2024-10-09,XOM,0.009378624569957264,Buy
2024-10-10,DIS,-0.008674297790209298,Sell
2024-10-10,SPY,-0.009152133237992757,Sell
2024-10-10,KO,-0.008866500802171953,Sell
2024-10-10,AAPL,-0.009109201788928933,Sell
2024-10-10,BA,-0.007482130840098217,Sell
2024-10-10,JNJ,-0.009240207848790968,Sell
2024-10-10,JPM,0.09090909090909091,Buy
2024-10-10,NVDA,-0.010959748756371387,Sell
2024-10-10,WMT,-0.00834265445396358,Sell
2024-10-10,MSFT,-0.008938575280765873,Sell
2024-10-10,XOM,-0.010189613893458974,Sell
2024-10-11,DIS,0.00886492285844788,Buy
2024-10-11,SPY,0.009429531760544937,Buy
2024-10-11,KO,0.00955262829004161,Buy
2024-10-11,AAPL,0.010554332030346752,Buy
2024-10-11,BA,-0.09273315193399605,Sell
2024-10-11,JNJ,0.00943579248847222,Buy
2024-10-11,JPM,0.005971311731287163,Buy
2024-10-11,NVDA,0.00997532063823034,Buy
2024-10-11,WMT,0.00941452532421344,Buy
2024-10-11,MSFT,0.009864733350759602,Buy
2024-10-11,XOM,0.00962502640609092,Buy
2024-10-14,DIS,-0.0001053964891981618,Sell
2024-10-14,SPY,-3.141703013258279e-05,Sell
2024-10-14,KO,-0.0003181247629212014,Sell
2024-10-14,AAPL,-0.0008550963782036763,Sell
2024-10-14,JNJ,0.0006939818762346645,Buy
2024-10-14,JPM,0.0011415718745020065,Buy
2024-10-14,NVDA,-0.0016268737657770538,Sell
2024-10-14,WMT,0.0005446647808404065,Buy
2024-10-14,MSFT,0.00010794627145396807,Buy
2024-10-14,XOM,0.00040274988815663937,Buy
2024-10-15,DIS,0.0003310987960312567,Buy
2024-10-15,SPY,0.00031826734576848037,Buy
2024-10-15,KO,-0.0004622765540054502,Sell
2024-10-15,AAPL,-0.0015698470666263425,Sell
2024-10-15,JNJ,-0.0020164450794137173,Sell
2024-10-15,JPM,-0.0008750538503970451,Sell
2024-10-15,NVDA,0.004245416726100737,Buy
2024-10-15,WMT,-0.0021639717224392757,Sell
2024-10-15,MSFT,-0.0003664035558101769,Sell
2024-10-15,XOM,0.0025577512698472388,Buy
2024-10-16,DIS,-0.10212702333407303,Sell
2024-10-16,SPY,0.011222417096116238,Buy
2024-10-16,KO,0.011329489350001429,Buy
2024-10-16,AAPL,0.012535086083483388,Buy
2024-10-16,JNJ,0.011545620715852106,Buy
2024-10-16,JPM,0.011095680758496054,Buy
2024-10-16,NVDA,0.008541022285407054,Buy
2024-10-16,WMT,0.012178487187420262,Buy
2024-10-16,MSFT,0.012276995074947297,Buy
2024-10-16,XOM,0.01139851840707315,Buy
2024-10-17,DIS,0.09090909090909091,Buy
2024-10-17,SPY,-0.020210334008160608,Sell
2024-10-17,KO,-0.019145929401172115,Sell
2024-10-17,AAPL,-0.020378186648046137,Sell
2024-10-17,BA,0.09090909090909091,Buy
2024-10-17,JNJ,-0.020329332539109166,Sell
2024-10-17,JPM,-0.020588333087937102,Sell
2024-10-17,NVDA,-0.021191387521770882,Sell
2024-10-17,WMT,-0.0197493700491361,Sell
2024-10-17,MSFT,-0.020361024254831286,Sell
2024-10-17,XOM,-0.019915346338985174,Sell
2024-10-18,DIS,-0.0002795279005689544,Sell
2024-10-18,SPY,6.604749412454647e-05,Buy
2024-10-18,KO,-0.00028496822664840493,Sell
2024-10-18,AAPL,-0.0006968290865456556,Sell
2024-10-18,BA,0.0005947617382336678,Buy
2024-10-18,JNJ,5.649174504011867e-05,Buy
2024-10-18,JPM,3.1062128991884985e-05,Buy
2024-10-18,NVDA,-0.0002930171723727476,Sell
2024-10-18,WMT,-5.5738885940320726e-05,Sell
2024-10-18,MSFT,0.00010141603646440789,Buy
2024-10-18,XOM,0.0006697944654599636,Buy
2024-10-21,DIS,0.000844510662610376,Buy
2024-10-21,SPY,0.00037819391594196006,Buy
2024-10-21,KO,0.001503740938120543,Buy
2024-10-21,AAPL,-0.0003417983699306598,Sell
2024-10-21,BA,-0.002590564893472508,Sell
2024-10-21,JNJ,0.001486901770910501,Buy
2024-10-21,JPM,0.0011828717392453336,Buy
2024-10-21,NVDA,-0.0035227578088820044,Sell
2024-10-21,WMT,0.0007868967767994672,Buy
2024-10-21,MSFT,9.483973312239546e-05,Buy
2024-10-21,XOM,0.0001763850951995577,Buy
2024-10-22,DIS,0.0002776859066419418,Buy
2024-10-22,SPY,0.0004381827256274562,Buy
2024-10-22,KO,0.0003901087996207586,Buy
2024-10-22,AAPL,0.0006274248064305488,Buy
2024-10-22,BA,0.0003561273349475397,Buy
2024-10-22,JNJ,4.5440925291767575e-05,Buy
2024-10-22,JPM,-6.450325576075333e-05,Sell
2024-10-22,NVDA,0.00046569707777446845,Buy
2024-10-22,WMT,-0.0009652576822069964,Sell
2024-10-22,MSFT,-0.0014968701968743892,Sell
2024-10-22,XOM,-7.72499576582597e-05,Sell
2024-10-23,DIS,0.008848682134674116,Buy
2024-10-23,SPY,0.009212329197113761,Buy
2024-10-23,KO,0.010274898838241037,Buy
2024-10-23,AAPL,0.010356323796295738,Buy
2024-10-23,BA,0.009991218554801493,Buy
2024-10-23,JNJ,0.007024151044839139,Buy
2024-10-23,JPM,0.00866536768332865,Buy
2024-10-23,NVDA,0.010946662910347973,Buy
2024-10-23,WMT,-0.09302126806747782,Sell
2024-10-23,MSFT,0.008998787853794016,Buy
2024-10-23,XOM,0.00870153467204704,Buy
2024-10-24,DIS,-0.008571954605193055,Sell
2024-10-24,SPY,-0.00966492938550581,Sell
2024-10-24,KO,-0.008400168657082513,Sell
2024-10-24,AAPL,-0.009365251044492262,Sell
2024-10-24,BA,-0.008259385293181543,Sell
2024-10-24,JNJ,-0.008122783663340169,Sell
2024-10-24,JPM,-0.010153118444180084,Sell
2024-10-24,NVDA,-0.010059110208345975,Sell
2024-10-24,WMT,0.09090909090909091,Buy
2024-10-24,MSFT,-0.009478598782836786,Sell
2024-10-24,XOM,-0.008880467156541047,Sell
2024-10-25,DIS,0.00012162642812156566,Buy
2024-10-25,SPY,-0.00020037821622091723,Sell
2024-10-25,KO,0.0002827294276728093,Buy
2024-10-25,AAPL,-0.0005639046284577343,Sell
2024-10-25,BA,-0.00012028719021373036,Sell
2024-10-25,JNJ,0.0013217730161474567,Buy
2024-10-25,JPM,0.0008497679694639132,Buy
2024-10-25,NVDA,-0.0009653521924808672,Sell
2024-10-25,WMT,0.00034984331763464327,Buy
2024-10-25,MSFT,-0.0009657507252724407,Sell
2024-10-25,XOM,-0.00015564938360858316,Sell
2024-10-28,DIS,-0.001133254934342423,Sell
2024-10-28,SPY,-0.00029490753038818873,Sell
2024-10-28,KO,0.0003258618646185818,Buy
2024-10-28,AAPL,-0.0007957089629167385,Sell
2024-10-28,BA,0.002520115603189224,Buy
2024-10-28,JNJ,-0.000420750236512335,Sell
2024-10-28,JPM,-0.0013185176333750104,Sell
2024-10-28,NVDA,0.0006413966172658936,Buy
2024-10-28,WMT,-0.0002782872902611505,Sell
2024-10-28,MSFT,0.00031746314980569956,Buy
2024-10-28,XOM,0.0004351148630768187,Buy
2024-10-29,DIS,-0.00017279606680681292,Sell
2024-10-29,SPY,-0.00038662160010430324,Sell
2024-10-29,KO,0.0012784314486944948,Buy
2024-10-29,AAPL,-0.00034455722634137154,Sell
2024-10-29,BA,-0.0016242613882987839,Sell
2024-10-29,JNJ,0.0006125968140732324,Buy
2024-10-29,JPM,0.0008118307191675583,Buy
2024-10-29,NVDA,-0.0007126130323037994,Sell
2024-10-29,WMT,0.0009174521616185788,Buy
2024-10-29,MSFT,-0.0013843693665711587,Sell
2024-10-29,XOM,0.0010027816152951702,Buy
2024-10-30,DIS,0.0007784662857211189,Buy
2024-10-30,SPY,5.8816151983304144e-05,Buy
2024-10-30,KO,-0.0007172555393463315,Sell
2024-10-30,AAPL,0.0011753467481256108,Buy
2024-10-30,BA,-0.000997200087211561,Sell
2024-10-30,JNJ,-0.0005128606779115225,Sell
2024-10-30,JPM,-0.000834190349871089,Sell
2024-10-30,NVDA,0.0010153467507713204,Buy
2024-10-30,WMT,0.0001288940432823127,Buy
2024-10-30,MSFT,-0.0003392261247575634,Sell
2024-10-30,XOM,0.00024154520571327553,Buy
2024-10-31,DIS,-0.002630809402044007,Sell
2024-10-31,SPY,0.0002705232105727068,Buy
2024-10-31,KO,-0.0006862899225470037,Sell
2024-10-31,AAPL,0.00014167814604147677,Buy
2024-10-31,BA,0.0014422267427384033,Buy
2024-10-31,JNJ,-0.001110093053075023,Sell
2024-10-31,JPM,-0.0005159790237353468,Sell
2024-10-31,NVDA,0.002823973544247571,Buy
2024-10-31,WMT,-0.0021778952651240885,Sell
2024-10-31,MSFT,0.004054025155469265,Buy
2024-10-31,XOM,-0.0016130887475293842,Sell
2024-11-01,DIS,0.0007041870517766058,Buy
2024-11-01,SPY,-4.5255446626410456e-05,Sell
2024-11-01,KO,0.0007530423883094911,Buy
2024-11-01,AAPL,0.0015397867245530994,Buy
2024-11-01,BA,-0.0028658603295960844,Sell
2024-11-01,JNJ,0.0001840486452978629,Buy
2024-11-01,JPM,-7.928879111294973e-05,Sell
2024-11-01,NVDA,-0.0014640643069571135,Sell
2024-11-01,WMT,7.174281794390669e-05,Buy
2024-11-01,MSFT,-0.0005590049501170424,Sell
2024-11-01,XOM,0.001756315738584438,Buy
2024-11-04,DIS,7.997933941011892e-05,Buy
2024-11-04,SPY,0.0002566958062605179,Buy
2024-11-04,KO,-7.87245803586939e-05,Sell
2024-11-04,AAPL,0.000427821322398117,Buy
2024-11-04,BA,-0.00022107105074077593,Sell
2024-11-04,JNJ,0.0011332761322333101,Buy
2024-11-04,JPM,0.0013487178002510453,Buy
2024-11-04,NVDA,-0.00037510875183617565,Sell
2024-11-04,WMT,-0.0002263629869455469,Sell
2024-11-04,MSFT,0.000483858712796964,Buy
2024-11-04,XOM,-0.002831585710992582,Sell
2024-11-05,DIS,-0.09114998921810213,Sell
2024-11-05,SPY,0.008549796874305238,Buy
2024-11-05,KO,0.00928154867473445,Buy
2024-11-05,AAPL,0.009056289578230403,Buy
2024-11-05,BA,0.012013924381542557,Buy
2024-11-05,JNJ,0.009579573643403658,Buy
2024-11-05,JPM,0.00893935059692795,Buy
2024-11-05,NVDA,0.007078759194582646,Buy
2024-11-05,WMT,0.008294416146540556,Buy
2024-11-05,MSFT,0.008978723360945365,Buy
2024-11-05,XOM,0.009375752284518063,Buy
2024-11-06,DIS,0.1,Buy
2024-11-06,SPY,-0.0008839468675269913,Sell
2024-11-06,KO,0.004078476537693304,Buy
2024-11-06,AAPL,0.0018853181689792026,Buy
2024-11-06,BA,0.004067006296337147,Buy
2024-11-06,JNJ,0.0018558966862611548,Buy
2024-11-06,JPM,-0.10980028605544101,Sell
2024-11-06,NVDA,-0.0024466191250236274,Sell
2024-11-06,WMT,0.0018460403333846048,Buy
2024-11-06,MSFT,-0.0005224217646283558,Sell
2024-11-06,XOM,-0.0001243260790160794,Sell
2024-11-07,DIS,-0.00825778422904562,Sell
2024-11-07,SPY,-0.008984171320145437,Sell
2024-11-07,KO,-0.008155437256897033,Sell
2024-11-07,AAPL,-0.010336238953914959,Sell
2024-11-07,BA,-0.010790827203475475,Sell
2024-11-07,JNJ,-0.007495643113778441,Sell
2024-11-07,JPM,0.09090909090909091,Buy
2024-11-07,NVDA,-0.010443806963413738,Sell
2024-11-07,WMT,-0.008704763077085925,Sell
2024-11-07,MSFT,-0.009456224274965147,Sell
2024-11-07,XOM,-0.008340575432524588,Sell
2024-11-08,DIS,-5.838152683479425e-05,Sell
2024-11-08,SPY,-0.00036936846568687287,Sell
2024-11-08,KO,-0.00034689415971302096,Sell
2024-11-08,AAPL,0.00013228365076975446,Buy
2024-11-08,BA,-0.0003970817190400988,Sell
2024-11-08,JNJ,0.0007549432638952608,Buy
2024-11-08,JPM,-0.00020638977087139576,Sell
2024-11-08,NVDA,0.0007873823715097428,Buy
2024-11-08,WMT,-0.0010379318890966216,Sell
2024-11-08,MSFT,0.0006416762091935868,Buy
2024-11-08,XOM,5.430554521963782e-05,Buy
2024-11-11,DIS,-0.09303468287445017,Sell
2024-11-11,SPY,0.008575533629307519,Buy
2024-11-11,KO,0.009462761711775902,Buy
2024-11-11,AAPL,0.009761236478299282,Buy
2024-11-11,BA,0.010300470892316713,Buy
2024-11-11,JNJ,0.008915195139608631,Buy
2024-11-11,JPM,0.007772240557407592,Buy
2024-11-11,NVDA,0.010128878814072331,Buy
2024-11-11,WMT,0.009330131190420726,Buy
2024-11-11,MSFT,0.009641791261788879,Buy
2024-11-11,XOM,0.009145240901496252,Buy
2024-11-12,DIS,0.09090909090909091,Buy
2024-11-12,SPY,-0.008827704977667453,Sell
2024-11-12,KO,-0.008885848194146784,Sell
2024-11-12,AAPL,-0.009138497564208259,Sell
2024-11-12,BA,-0.006592973946308672,Sell
2024-11-12,JNJ,-0.007589772651038995,Sell
2024-11-12,JPM,-0.009251390985631686,Sell
2024-11-12,NVDA,-0.011225414890114485,Sell
2024-11-12,WMT,-0.010065185289911752,Sell
2024-11-12,MSFT,-0.01034000021898726,Sell
2024-11-12,XOM,-0.00903884136868785,Sell
2024-11-13,DIS,-0.0015613070436397425,Sell
2024-11-13,SPY,-4.809434835330306e-05,Sell
2024-11-13,KO,0.0002837832192063017,Buy
2024-11-13,AAPL,-0.0003647720603656701,Sell
2024-11-13,BA,0.003252586779269359,Buy
2024-11-13,JNJ,-0.0003612941780283263,Sell
2024-11-13,JPM,-0.000611117385518431,Sell
2024-11-13,NVDA,0.0012344779937878414,Buy
2024-11-13,WMT,-0.0005494763604578096,Sell
2024-11-13,MSFT,-0.00047027587812577265,Sell
2024-11-13,XOM,-0.0008499788795830743,Sell
2024-11-14,DIS,-0.005319900263864696,Sell
2024-11-14,SPY,0.0009065014653047154,Buy
2024-11-14,KO,0.0009710609981646023,Buy
2024-11-14,AAPL,-0.0009233677804221796,Sell
2024-11-14,BA,0.0015083596687471695,Buy
2024-11-14,JNJ,0.0011338780187333808,Buy
2024-11-14,JPM,5.733297504446899e-05,Buy
2024-11-14,NVDA,2.0586959060112098e-05,Buy
2024-11-14,WMT,0.0014152909688269766,Buy
2024-11-14,MSFT,-3.601358061962323e-05,Sell
2024-11-14,XOM,0.0002638823229090814,Buy
2024-11-15,DIS,-0.00510142786482326,Sell
2024-11-15,SPY,0.0010370351275669626,Buy
2024-11-15,KO,0.0010498747899550104,Buy
2024-11-15,AAPL,0.0011554333078558632,Buy
2024-11-15,BA,-0.0014800457417504936,Sell
2024-11-15,JNJ,-0.001405855632746783,Sell
2024-11-15,JPM,-0.0014238217265200165,Sell
2024-11-15,NVDA,0.002836093849146404,Buy
2024-11-15,WMT,0.00010807602898167679,Buy
2024-11-15,MSFT,0.0024066201753619176,Buy
2024-11-15,XOM,0.0008148741876645715,Buy
2024-11-18,DIS,0.021674228817824825,Buy
2024-11-18,SPY,0.020089729147345553,Buy
2024-11-18,KO,0.020284961130460064,Buy
2024-11-18,AAPL,0.019244420719689195,Buy
2024-11-18,BA,-0.09302952893658031,Sell
2024-11-18,JNJ,-0.09110321249500297,Sell
2024-11-18,JPM,0.020564610368898117,Buy
2024-11-18,NVDA,0.02162954888884565,Buy
2024-11-18,WMT,0.02064405938775482,Buy
2024-11-18,MSFT,0.020295137001638916,Buy
2024-11-18,XOM,0.019701354590027545,Buy
2024-11-19,DIS,-0.009192199001003862,Sell
2024-11-19,SPY,-0.010683177181107381,Sell
2024-11-19,KO,-0.011581444436867178,Sell
2024-11-19,AAPL,-0.010405773441459112,Sell
2024-11-19,JNJ,0.1,Buy
2024-11-19,JPM,-0.009406908683963294,Sell
2024-11-19,NVDA,-0.015677989111672355,Sell
2024-11-19,WMT,-0.013585297192789586,Sell
2024-11-19,MSFT,-0.010818502690266546,Sell
2024-11-19,XOM,-0.008740084843139179,Sell
2024-11-20,DIS,-0.01047632711096852,Sell
2024-11-20,SPY,-0.008877452002104408,Sell
2024-11-20,KO,-0.009481155963132287,Sell
2024-11-20,AAPL,-0.009158281724158654,Sell
2024-11-20,BA,0.09090909090909091,Buy
2024-11-20,JNJ,-0.008915382168740008,Sell
2024-11-20,JPM,-0.00789573463728857,Sell
2024-11-20,NVDA,-0.008083688617896781,Sell
2024-11-20,WMT,-0.009511741296308218,Sell
2024-11-20,MSFT,-0.008294486962202377,Sell
2024-11-20,XOM,-0.01026473958734092,Sell
2024-11-21,DIS,0.00013880286726924984,Buy
2024-11-21,SPY,1.7441011675708995e-05,Buy
2024-11-21,KO,-0.0006023606596383957,Sell
2024-11-21,AAPL,0.0006922670042499302,Buy
2024-11-21,BA,0.0021551873900777785,Buy
2024-11-21,JNJ,-0.0009084313976992497,Sell
2024-11-21,JPM,-0.0009916132769020175,Sell
2024-11-21,NVDA,1.941216058813644e-05,Buy
2024-11-21,WMT,-0.0007520051225209795,Sell
2024-11-21,MSFT,0.0008930299726941648,Buy
2024-11-21,XOM,-0.0007069455145687908,Sell
2024-11-22,DIS,-0.0001259505157651386,Sell
2024-11-22,SPY,0.00032623549468156765,Buy
2024-11-22,KO,0.00037950441423244274,Buy
2024-11-22,AAPL,7.263916263032522e-05,Buy
2024-11-22,BA,-0.0030964256398846035,Sell
2024-11-22,JNJ,0.0007977356488815535,Buy
2024-11-22,JPM,-0.0007921964440646967,Sell
2024-11-22,NVDA,0.0035121761008571756,Buy
2024-11-22,WMT,-0.0014882683835374944,Sell
2024-11-22,MSFT,-0.00029719891940932497,Sell
2024-11-22,XOM,0.0007097928375058293,Buy
2024-11-25,DIS,-0.0002729093680323008,Sell
2024-11-25,SPY,-0.00030616887130029136,Sell
2024-11-25,KO,-0.0006520110226621301,Sell
2024-11-25,AAPL,-0.0011842066257715667,Sell
2024-11-25,BA,-0.0023178231462324117,Sell
2024-11-25,JNJ,-0.0003551618344388857,Sell
2024-11-25,JPM,-0.0006341945472715244,Sell
2024-11-25,NVDA,0.0037998478609041902,Buy
2024-11-25,WMT,0.0009470636696774642,Buy
2024-11-25,MSFT,-0.0003880279971145706,Sell
2024-11-25,XOM,0.0013606924215576327,Buy
2024-11-26,DIS,0.0006602450511247887,Buy
2024-11-26,SPY,-0.00024317796213549348,Sell
2024-11-26,KO,-9.15252318016424e-06,Sell
2024-11-26,AAPL,-0.000622487142976344,Sell
2024-11-26,BA,0.0016162526844105407,Buy
2024-11-26,JNJ,0.00024202764714367775,Buy
2024-11-26,JPM,0.0003462308269102238,Buy
2024-11-26,NVDA,-0.0003697004478508681,Sell
2024-11-26,WMT,-0.001603535832324296,Sell
2024-11-26,MSFT,-0.0017617364340998948,Sell
2024-11-26,XOM,0.0017419873441564537,Buy
2024-11-27,DIS,-0.0016139175651451593,Sell
2024-11-27,SPY,0.0003528492107618686,Buy
2024-11-27,KO,0.0002464835637949331,Buy
2024-11-27,AAPL,0.00012786874613641974,Buy
2024-11-27,BA,-0.0009104596382976532,Sell
2024-11-27,JNJ,-0.000439658929319936,Sell
2024-11-27,JPM,0.000143041953159187,Buy
2024-11-27,NVDA,0.0011257976692724964,Buy
2024-11-27,WMT,-0.0004893876918889012,Sell
2024-11-27,MSFT,0.0011387694699674933,Buy
2024-11-27,XOM,0.0003163110455127738,Buy
2024-11-29,DIS,0.0006460377098502224,Buy
2024-11-29,SPY,-1.5186596937152852e-05,Sell
2024-11-29,KO,0.0003553726632363474,Buy
2024-11-29,AAPL,-0.00037699065116704455,Sell
2024-11-29,BA,-0.0012563760891113052,Sell
2024-11-29,JNJ,0.0007729250553997202,Buy
2024-11-29,JPM,0.0005714546920750768,Buy
2024-11-29,NVDA,-0.0013968014345941415,Sell
2024-11-29,WMT,-6.363220956583093e-05,Sell
2024-11-29,MSFT,0.00044573349229574954,Buy
2024-11-29,XOM,0.0003157476020666655,Buy
2024-12-02,DIS,0.00036224785378929925,Buy
2024-12-02,SPY,-4.0062917368771656e-05,Sell
2024-12-02,KO,0.0007318752093916497,Buy
2024-12-02,AAPL,-0.0007418576437249469,Sell
2024-12-02,BA,-0.0005197930331776734,Sell
2024-12-02,JNJ,0.00024566352622727716,Buy
2024-12-02,JPM,0.0013841931757666431,Buy
2024-12-02,NVDA,-0.00012685937001703784,Sell
2024-12-02,WMT,-1.4730951586286456e-05,Sell
2024-12-02,MSFT,-0.001489559565284404,Sell
2024-12-02,XOM,0.00020733174841879032,Buy
2024-12-03,DIS,0.0005003129407605694,Buy
2024-12-03,SPY,-9.311290585760357e-05,Sell
2024-12-03,KO,0.00013486004770919824,Buy
2024-12-03,AAPL,-0.0012126353108156407,Sell
2024-12-03,BA,0.0008439192804175211,Buy
2024-12-03,JNJ,0.0013828157071450742,Buy
2024-12-03,JPM,0.00047729876975344254,Buy
2024-12-03,NVDA,-0.001120427054783435,Sell
2024-12-03,WMT,-0.0009051501080842017,Sell
2024-12-03,MSFT,-9.735511804118135e-05,Sell
2024-12-03,XOM,8.800688692131575e-05,Buy
2024-12-04,DIS,-0.00021360007893826694,Sell
2024-12-04,SPY,-0.0003562023219950694,Sell
2024-12-04,KO,0.002077594512488609,Buy
2024-12-04,AAPL,7.243417111346684e-05,Buy
2024-12-04,BA,-0.0017123695201704675,Sell
2024-12-04,JNJ,0.0013321365836775623,Buy
2024-12-04,JPM,0.000733104566604012,Buy
2024-12-04,NVDA,-0.002948759763715017,Sell
2024-12-04,WMT,-0.0007047652419138878,Sell
2024-12-04,MSFT,-0.001101352518920684,Sell
2024-12-04,XOM,0.002820069541011175,Buy
2024-12-05,DIS,0.0005655945099661691,Buy
2024-12-05,SPY,0.00033489154915970765,Buy
2024-12-05,KO,-0.0008498146923899136,Sell
2024-12-05,AAPL,0.00017440182302408402,Buy
2024-12-05,BA,0.0011084320060463088,Buy
2024-12-05,JNJ,0.0007583934335265025,Buy
2024-12-05,JPM,-0.0005896946982148488,Sell
2024-12-05,NVDA,0.0002293715257949136,Buy
2024-12-05,WMT,-0.0006308576737243943,Sell
2024-12-05,MSFT,-0.0008929054369514883,Sell
2024-12-05,XOM,-0.0002113232606546639,Sell
2024-12-06,DIS,-0.0004841037073822496,Sell
2024-12-06,SPY,-0.0004769194754380285,Sell
2024-12-06,KO,0.00026135262747382926,Buy
2024-12-06,AAPL,-0.000228957059805579,Sell
2024-12-06,BA,0.0012912064919368138,Buy
2024-12-06,JNJ,-0.00017590201380569825,Sell
2024-12-06,JPM,-0.0010025756121550544,Sell
2024-12-06,NVDA,0.0013434289784740872,Buy
2024-12-06,WMT,-0.0006868614311944243,Sell
2024-12-06,MSFT,-0.0004997958306835332,Sell
2024-12-06,XOM,0.0006575353070562284,Buy
2024-12-09,DIS,0.0012949050094124143,Buy
2024-12-09,SPY,0.00010727676415160647,Buy
2024-12-09,KO,-0.0004649096653319279,Sell
2024-12-09,AAPL,-0.0018323153615319998,Sell
2024-12-09,BA,-0.0022067850153405233,Sell
2024-12-09,JNJ,-0.0005400045297805633,Sell
2024-12-09,JPM,0.0009471693810759879,Buy
2024-12-09,NVDA,0.0019632828799888286,Buy
2024-12-09,WMT,0.0014207277586978928,Buy
2024-12-09,MSFT,-0.0008668529735510744,Sell
2024-12-09,XOM,0.00017572150166067502,Buy
2024-12-10,DIS,5.546595139702126e-05,Buy
2024-12-10,SPY,0.00043267229410870467,Buy
2024-12-10,KO,-0.0002989460963556123,Sell
2024-12-10,AAPL,-0.00022467506234581658,Sell
2024-12-10,BA,-0.003929721517916901,Sell
2024-12-10,JNJ,0.00037496179711908606,Buy
2024-12-10,JPM,0.0005041272503821664,Buy
2024-12-10,NVDA,0.0025958235043512523,Buy
2024-12-10,WMT,-0.0005459279622440638,Sell
2024-12-10,MSFT,0.0006978724731266095,Buy
2024-12-10,XOM,0.0003353972724228077,Buy
2024-12-11,DIS,0.00038947881005224616,Buy
2024-12-11,SPY,-0.0004057980728343902,Sell
2024-12-11,KO,0.0006835963735257744,Buy
2024-12-11,AAPL,0.0007628154883937144,Buy
2024-12-11,BA,-0.0007323718491096393,Sell
2024-12-11,JNJ,0.001867376334584947,Buy
2024-12-11,JPM,4.4726272338785344e-05,Buy
2024-12-11,NVDA,-0.0025497794196315676,Sell
2024-12-11,WMT,-9.822210474470794e-05,Sell
2024-12-11,MSFT,-0.0008621873946935005,Sell
2024-12-11,XOM,0.0008978747650538604,Buy
2024-12-12,DIS,-0.0002350629578181801,Sell
2024-12-12,SPY,0.0004634053457484022,Buy
2024-12-12,KO,-0.0017466795055942202,Sell
2024-12-12,AAPL,-0.0005472095686129552,Sell
2024-12-12,BA,-0.0009856004395772666,Sell
2024-12-12,JNJ,0.00024296582807102618,Buy
2024-12-12,JPM,0.000741598405388913,Buy
2024-12-12,NVDA,0.001280592930215832,Buy
2024-12-12,WMT,0.0008278981817184256,Buy
2024-12-12,MSFT,-0.00012043965141012025,Sell
2024-12-12,XOM,7.620774661529217e-05,Buy
2024-12-13,DIS,0.0008290490051284655,Buy
2024-12-13,SPY,-0.0003926583754323698,Sell
2024-12-13,KO,0.0006191249831148937,Buy
2024-12-13,AAPL,-0.00047342018377284634,Sell
2024-12-13,BA,-0.0014451262844278057,Sell
2024-12-13,JNJ,-0.0006480878871512191,Sell
2024-12-13,JPM,0.0001903625471239706,Buy
2024-12-13,NVDA,0.0016437934246230912,Buy
2024-12-13,WMT,-0.0007687616507346534,Sell
2024-12-13,MSFT,5.436432730897278e-05,Buy
2024-12-13,XOM,0.0003895349686854205,Buy
2024-12-16,DIS,0.0004147656483215606,Buy
2024-12-16,SPY,-0.0005634134388244061,Sell
2024-12-16,KO,0.0006480442076478993,Buy
2024-12-16,AAPL,-0.0012426809298066582,Sell
2024-12-16,BA,-0.002064337607966593,Sell
2024-12-16,JNJ,0.0015462881865965922,Buy
2024-12-16,JPM,-3.7819918168396915e-05,Sell
2024-12-16,NVDA,0.0013520752946909326,Buy
2024-12-16,WMT,-0.0007736555005230239,Sell
2024-12-16,MSFT,-0.0010542169961405973,Sell
2024-12-16,XOM,0.001773083906575837,Buy
2024-12-17,DIS,-0.00044818072478225446,Sell
2024-12-17,SPY,0.0006607589473364012,Buy
2024-12-17,KO,-0.0009440840089619817,Sell
2024-12-17,AAPL,-0.0005934060208937497,Sell
2024-12-17,BA,0.00036065591711681444,Buy
2024-12-17,JNJ,-0.00132532877271746,Sell
2024-12-17,JPM,0.000748855454463071,Buy
2024-12-17,NVDA,0.0013926914376829747,Buy
2024-12-17,WMT,-0.000237977383442875,Sell
2024-12-17,MSFT,-0.0002885342861032869,Sell
2024-12-17,XOM,0.000671690910280881,Buy
2024-12-18,DIS,-0.0003589113284086648,Sell
2024-12-18,SPY,0.0010331722887825523,Buy
2024-12-18,KO,-0.0009240912409298752,Sell
2024-12-18,AAPL,0.0002567144820672107,Buy
2024-12-18,BA,-0.0015082188676340952,Sell
2024-12-18,JNJ,-0.0006774036839563846,Sell
2024-12-18,JPM,0.0013775323759781383,Buy
2024-12-18,NVDA,-0.0006762547381996831,Sell
2024-12-18,WMT,8.772421958434806e-05,Buy
2024-12-18,MSFT,0.0017518120781813973,Buy
2024-12-18,XOM,-0.00036403007878664517,Sell
2024-12-19,DIS,0.0002475391518718534,Buy
2024-12-19,SPY,0.0002916656830699721,Buy
2024-12-19,KO,0.000840729276328625,Buy
2024-12-19,AAPL,-0.000372015746429491,Sell
2024-12-19,BA,-0.002057177096511903,Sell
2024-12-19,JNJ,0.0009965078347397155,Buy
2024-12-19,JPM,-0.0007552885308621249,Sell
2024-12-19,NVDA,-0.000980756086719492,Sell
2024-12-19,WMT,0.00040917506717702556,Buy
2024-12-19,MSFT,0.0003384279174036692,Buy
2024-12-19,XOM,0.0010389451048412601,Buy
2024-12-20,DIS,0.009269515295160555,Buy
2024-12-20,SPY,0.008720682351005801,Buy
2024-12-20,KO,0.009659597677804665,Buy
2024-12-20,AAPL,0.00810691809037313,Buy
2024-12-20,BA,0.009646084717570974,Buy
2024-12-20,JNJ,0.009244930381724983,Buy
2024-12-20,JPM,0.00800754686981836,Buy
2024-12-20,NVDA,0.00702938784539664,Buy
2024-12-20,WMT,0.010924233202224548,Buy
2024-12-20,MSFT,0.009892764276527605,Buy
2024-12-20,XOM,-0.09050372643223364,Sell
2024-12-23,DIS,0.0008039220493797766,Buy
2024-12-23,SPY,-0.00035443088103717657,Sell
2024-12-23,KO,0.0005140666874146188,Buy
2024-12-23,AAPL,-6.28045246223452e-05,Sell
2024-12-23,BA,5.1703169467065546e-05,Buy
2024-12-23,JNJ,-0.0003094716047932766,Sell
2024-12-23,JPM,-8.873385745188089e-05,Sell
2024-12-23,NVDA,-0.003437771930490885,Sell
2024-12-23,WMT,0.002286968579595275,Buy
2024-12-23,MSFT,0.000551410902385932,Buy
2024-12-24,DIS,-0.00904092583567298,Sell
2024-12-24,SPY,-0.009110380997116002,Sell
2024-12-24,KO,-0.008740343927259114,Sell
2024-12-24,AAPL,-0.009146309354103002,Sell
2024-12-24,BA,-0.008929440435049105,Sell
2024-12-24,JNJ,-0.008405824076653592,Sell
2024-12-24,JPM,-0.009637495215553266,Sell
2024-12-24,NVDA,-0.008400422249901493,Sell
2024-12-24,WMT,-0.0105618868214849,Sell
2024-12-24,MSFT,-0.008938154471456933,Sell
2024-12-24,XOM,0.09090909090909091,Buy
2024-12-26,DIS,3.2173172725039056e-05,Buy
2024-12-26,SPY,1.8042707840545957e-05,Buy
2024-12-26,KO,0.000414608992335308,Buy
2024-12-26,AAPL,-0.00026450882029648015,Sell
2024-12-26,BA,-0.0005029426523815023,Sell
2024-12-26,JNJ,0.00019235368428340005,Buy
2024-12-26,JPM,-0.00028720632993438355,Sell
2024-12-26,NVDA,0.0002120714011256547,Buy
2024-12-26,WMT,-8.376800433385068e-05,Sell
2024-12-26,MSFT,0.0002764959870033695,Buy
2024-12-26,XOM,-5.276315308788693e-05,Sell
