Date,Ticker,Weight
2023-05-31,DIS,0.09090909090909091
2023-05-31,JPM,0.09090909090909091
2023-05-31,NVDA,0.09090909090909091
2023-05-31,SPY,0.09090909090909091
2023-05-31,KO,0.09090909090909091
2023-05-31,AAPL,0.09090909090909091
2023-05-31,BA,0.09090909090909091
2023-05-31,WMT,0.09090909090909091
2023-05-31,MSFT,0.09090909090909091
2023-05-31,JNJ,0.09090909090909091
2023-05-31,XOM,0.09090909090909091
2023-06-01,DIS,0.09090909090909091
2023-06-01,SPY,0.09090909090909091
2023-06-01,KO,0.09090909090909091
2023-06-01,AAPL,0.09090909090909091
2023-06-01,BA,0.09090909090909091
2023-06-01,JNJ,0.09090909090909091
2023-06-01,JPM,0.09090909090909091
2023-06-01,NVDA,0.09090909090909091
2023-06-01,WMT,0.09090909090909091
2023-06-01,MSFT,0.09090909090909091
2023-06-01,XOM,0.09090909090909091
2023-06-02,DIS,0.1
2023-06-02,SPY,0.1
2023-06-02,KO,0.1
2023-06-02,AAPL,0.1
2023-06-02,BA,0.1
2023-06-02,JNJ,0.1
2023-06-02,JPM,0.1
2023-06-02,NVDA,0.1
2023-06-02,MSFT,0.1
2023-06-02,XOM,0.1
2023-06-05,DIS,0.09090909090909091
2023-06-05,SPY,0.09090909090909091
2023-06-05,KO,0.09090909090909091
2023-06-05,AAPL,0.09090909090909091
2023-06-05,BA,0.09090909090909091
2023-06-05,JNJ,0.09090909090909091
2023-06-05,JPM,0.09090909090909091
2023-06-05,NVDA,0.09090909090909091
2023-06-05,WMT,0.09090909090909091
2023-06-05,MSFT,0.09090909090909091
2023-06-05,XOM,0.09090909090909091
2023-06-06,DIS,0.1
2023-06-06,SPY,0.1
2023-06-06,KO,0.1
2023-06-06,AAPL,0.1
2023-06-06,BA,0.1
2023-06-06,JNJ,0.1
2023-06-06,JPM,0.1
2023-06-06,NVDA,0.1
2023-06-06,MSFT,0.1
2023-06-06,XOM,0.1
2023-06-07,DIS,0.1
2023-06-07,SPY,0.1
2023-06-07,KO,0.1
2023-06-07,AAPL,0.1
2023-06-07,BA,0.1
2023-06-07,JNJ,0.1
2023-06-07,JPM,0.1
2023-06-07,NVDA,0.1
2023-06-07,MSFT,0.1
2023-06-07,XOM,0.1
2023-06-08,DIS,0.1
2023-06-08,SPY,0.1
2023-06-08,KO,0.1
2023-06-08,AAPL,0.1
2023-06-08,BA,0.1
2023-06-08,JNJ,0.1
2023-06-08,JPM,0.1
2023-06-08,NVDA,0.1
2023-06-08,MSFT,0.1
2023-06-08,XOM,0.1
2023-06-09,DIS,0.1
2023-06-09,SPY,0.1
2023-06-09,KO,0.1
2023-06-09,AAPL,0.1
2023-06-09,BA,0.1
2023-06-09,JNJ,0.1
2023-06-09,JPM,0.1
2023-06-09,NVDA,0.1
2023-06-09,MSFT,0.1
2023-06-09,XOM,0.1
2023-06-12,DIS,0.09090909090909091
2023-06-12,SPY,0.09090909090909091
2023-06-12,KO,0.09090909090909091
2023-06-12,AAPL,0.09090909090909091
2023-06-12,BA,0.09090909090909091
2023-06-12,JNJ,0.09090909090909091
2023-06-12,JPM,0.09090909090909091
2023-06-12,NVDA,0.09090909090909091
2023-06-12,WMT,0.09090909090909091
2023-06-12,MSFT,0.09090909090909091
2023-06-12,XOM,0.09090909090909091
2023-06-13,DIS,0.09090909090909091
2023-06-13,SPY,0.09090909090909091
2023-06-13,KO,0.09090909090909091
2023-06-13,AAPL,0.09090909090909091
2023-06-13,BA,0.09090909090909091
2023-06-13,JNJ,0.09090909090909091
2023-06-13,JPM,0.09090909090909091
2023-06-13,NVDA,0.09090909090909091
2023-06-13,WMT,0.09090909090909091
2023-06-13,MSFT,0.09090909090909091
2023-06-13,XOM,0.09090909090909091
2023-06-14,DIS,0.09090909090909091
2023-06-14,SPY,0.09090909090909091
2023-06-14,KO,0.09090909090909091
2023-06-14,AAPL,0.09090909090909091
2023-06-14,BA,0.09090909090909091
2023-06-14,JNJ,0.09090909090909091
2023-06-14,JPM,0.09090909090909091
2023-06-14,NVDA,0.09090909090909091
2023-06-14,WMT,0.09090909090909091
2023-06-14,MSFT,0.09090909090909091
2023-06-14,XOM,0.09090909090909091
2023-06-15,DIS,0.09090909090909091
2023-06-15,SPY,0.09090909090909091
2023-06-15,KO,0.09090909090909091
2023-06-15,AAPL,0.09090909090909091
2023-06-15,BA,0.09090909090909091
2023-06-15,JNJ,0.09090909090909091
2023-06-15,JPM,0.09090909090909091
2023-06-15,NVDA,0.09090909090909091
2023-06-15,WMT,0.09090909090909091
2023-06-15,MSFT,0.09090909090909091
2023-06-15,XOM,0.09090909090909091
2023-06-16,DIS,0.09090909090909091
2023-06-16,SPY,0.09090909090909091
2023-06-16,KO,0.09090909090909091
2023-06-16,AAPL,0.09090909090909091
2023-06-16,BA,0.09090909090909091
2023-06-16,JNJ,0.09090909090909091
2023-06-16,JPM,0.09090909090909091
2023-06-16,NVDA,0.09090909090909091
2023-06-16,WMT,0.09090909090909091
2023-06-16,MSFT,0.09090909090909091
2023-06-16,XOM,0.09090909090909091
2023-06-20,DIS,0.09090909090909091
2023-06-20,SPY,0.09090909090909091
2023-06-20,KO,0.09090909090909091
2023-06-20,AAPL,0.09090909090909091
2023-06-20,BA,0.09090909090909091
2023-06-20,JNJ,0.09090909090909091
2023-06-20,JPM,0.09090909090909091
2023-06-20,NVDA,0.09090909090909091
2023-06-20,WMT,0.09090909090909091
2023-06-20,MSFT,0.09090909090909091
2023-06-20,XOM,0.09090909090909091
2023-06-21,DIS,0.09090909090909091
2023-06-21,SPY,0.09090909090909091
2023-06-21,KO,0.09090909090909091
2023-06-21,AAPL,0.09090909090909091
2023-06-21,BA,0.09090909090909091
2023-06-21,JNJ,0.09090909090909091
2023-06-21,JPM,0.09090909090909091
2023-06-21,NVDA,0.09090909090909091
2023-06-21,WMT,0.09090909090909091
2023-06-21,MSFT,0.09090909090909091
2023-06-21,XOM,0.09090909090909091
2023-06-22,DIS,0.09090909090909091
2023-06-22,SPY,0.09090909090909091
2023-06-22,KO,0.09090909090909091
2023-06-22,AAPL,0.09090909090909091
2023-06-22,BA,0.09090909090909091
2023-06-22,JNJ,0.09090909090909091
2023-06-22,JPM,0.09090909090909091
2023-06-22,NVDA,0.09090909090909091
2023-06-22,WMT,0.09090909090909091
2023-06-22,MSFT,0.09090909090909091
2023-06-22,XOM,0.09090909090909091
2023-06-23,DIS,0.09090909090909091
2023-06-23,SPY,0.09090909090909091
2023-06-23,KO,0.09090909090909091
2023-06-23,AAPL,0.09090909090909091
2023-06-23,BA,0.09090909090909091
2023-06-23,JNJ,0.09090909090909091
2023-06-23,JPM,0.09090909090909091
2023-06-23,NVDA,0.09090909090909091
2023-06-23,WMT,0.09090909090909091
2023-06-23,MSFT,0.09090909090909091
2023-06-23,XOM,0.09090909090909091
2023-06-26,DIS,0.09090909090909091
2023-06-26,SPY,0.09090909090909091
2023-06-26,KO,0.09090909090909091
2023-06-26,AAPL,0.09090909090909091
2023-06-26,BA,0.09090909090909091
2023-06-26,JNJ,0.09090909090909091
2023-06-26,JPM,0.09090909090909091
2023-06-26,NVDA,0.09090909090909091
2023-06-26,WMT,0.09090909090909091
2023-06-26,MSFT,0.09090909090909091
2023-06-26,XOM,0.09090909090909091
2023-06-27,DIS,0.09090909090909091
2023-06-27,SPY,0.09090909090909091
2023-06-27,KO,0.09090909090909091
2023-06-27,AAPL,0.09090909090909091
2023-06-27,BA,0.09090909090909091
2023-06-27,JNJ,0.09090909090909091
2023-06-27,JPM,0.09090909090909091
2023-06-27,NVDA,0.09090909090909091
2023-06-27,WMT,0.09090909090909091
2023-06-27,MSFT,0.09090909090909091
2023-06-27,XOM,0.09090909090909091
2023-06-28,DIS,0.1
2023-06-28,SPY,0.1
2023-06-28,KO,0.1
2023-06-28,AAPL,0.1
2023-06-28,BA,0.1
2023-06-28,JNJ,0.1
2023-06-28,JPM,0.1
2023-06-28,NVDA,0.1
2023-06-28,WMT,0.1
2023-06-28,MSFT,0.1
2023-06-29,DIS,0.1
2023-06-29,SPY,0.1
2023-06-29,KO,0.1
2023-06-29,AAPL,0.1
2023-06-29,BA,0.1
2023-06-29,JNJ,0.1
2023-06-29,JPM,0.1
2023-06-29,NVDA,0.1
2023-06-29,WMT,0.1
2023-06-29,MSFT,0.1
2023-06-30,DIS,0.09090909090909091
2023-06-30,SPY,0.09090909090909091
2023-06-30,KO,0.09090909090909091
2023-06-30,AAPL,0.09090909090909091
2023-06-30,BA,0.09090909090909091
2023-06-30,JNJ,0.09090909090909091
2023-06-30,JPM,0.09090909090909091
2023-06-30,NVDA,0.09090909090909091
2023-06-30,WMT,0.09090909090909091
2023-06-30,MSFT,0.09090909090909091
2023-06-30,XOM,0.09090909090909091
2023-07-03,DIS,0.1
2023-07-03,SPY,0.1
2023-07-03,KO,0.1
2023-07-03,AAPL,0.1
2023-07-03,BA,0.1
2023-07-03,JNJ,0.1
2023-07-03,JPM,0.1
2023-07-03,NVDA,0.1
2023-07-03,MSFT,0.1
2023-07-03,XOM,0.1
2023-07-05,DIS,0.09090909090909091
2023-07-05,SPY,0.09090909090909091
2023-07-05,KO,0.09090909090909091
2023-07-05,AAPL,0.09090909090909091
2023-07-05,BA,0.09090909090909091
2023-07-05,JNJ,0.09090909090909091
2023-07-05,JPM,0.09090909090909091
2023-07-05,NVDA,0.09090909090909091
2023-07-05,WMT,0.09090909090909091
2023-07-05,MSFT,0.09090909090909091
2023-07-05,XOM,0.09090909090909091
2023-07-06,DIS,0.09090909090909091
2023-07-06,SPY,0.09090909090909091
2023-07-06,KO,0.09090909090909091
2023-07-06,AAPL,0.09090909090909091
2023-07-06,BA,0.09090909090909091
2023-07-06,JNJ,0.09090909090909091
2023-07-06,JPM,0.09090909090909091
2023-07-06,NVDA,0.09090909090909091
2023-07-06,WMT,0.09090909090909091
2023-07-06,MSFT,0.09090909090909091
2023-07-06,XOM,0.09090909090909091
2023-07-07,DIS,0.09090909090909091
2023-07-07,SPY,0.09090909090909091
2023-07-07,KO,0.09090909090909091
2023-07-07,AAPL,0.09090909090909091
2023-07-07,BA,0.09090909090909091
2023-07-07,JNJ,0.09090909090909091
2023-07-07,JPM,0.09090909090909091
2023-07-07,NVDA,0.09090909090909091
2023-07-07,WMT,0.09090909090909091
2023-07-07,MSFT,0.09090909090909091
2023-07-07,XOM,0.09090909090909091
2023-07-10,DIS,0.09090909090909091
2023-07-10,SPY,0.09090909090909091
2023-07-10,KO,0.09090909090909091
2023-07-10,AAPL,0.09090909090909091
2023-07-10,BA,0.09090909090909091
2023-07-10,JNJ,0.09090909090909091
2023-07-10,JPM,0.09090909090909091
2023-07-10,NVDA,0.09090909090909091
2023-07-10,WMT,0.09090909090909091
2023-07-10,MSFT,0.09090909090909091
2023-07-10,XOM,0.09090909090909091
2023-07-11,DIS,0.09090909090909091
2023-07-11,SPY,0.09090909090909091
2023-07-11,KO,0.09090909090909091
2023-07-11,AAPL,0.09090909090909091
2023-07-11,BA,0.09090909090909091
2023-07-11,JNJ,0.09090909090909091
2023-07-11,JPM,0.09090909090909091
2023-07-11,NVDA,0.09090909090909091
2023-07-11,WMT,0.09090909090909091
2023-07-11,MSFT,0.09090909090909091
2023-07-11,XOM,0.09090909090909091
2023-07-12,DIS,0.09090909090909091
2023-07-12,SPY,0.09090909090909091
2023-07-12,KO,0.09090909090909091
2023-07-12,AAPL,0.09090909090909091
2023-07-12,BA,0.09090909090909091
2023-07-12,JNJ,0.09090909090909091
2023-07-12,JPM,0.09090909090909091
2023-07-12,NVDA,0.09090909090909091
2023-07-12,WMT,0.09090909090909091
2023-07-12,MSFT,0.09090909090909091
2023-07-12,XOM,0.09090909090909091
2023-07-13,DIS,0.09090909090909091
2023-07-13,SPY,0.09090909090909091
2023-07-13,KO,0.09090909090909091
2023-07-13,AAPL,0.09090909090909091
2023-07-13,BA,0.09090909090909091
2023-07-13,JNJ,0.09090909090909091
2023-07-13,JPM,0.09090909090909091
2023-07-13,NVDA,0.09090909090909091
2023-07-13,WMT,0.09090909090909091
2023-07-13,MSFT,0.09090909090909091
2023-07-13,XOM,0.09090909090909091
2023-07-14,DIS,0.1
2023-07-14,SPY,0.1
2023-07-14,KO,0.1
2023-07-14,AAPL,0.1
2023-07-14,BA,0.1
2023-07-14,JNJ,0.1
2023-07-14,JPM,0.1
2023-07-14,NVDA,0.1
2023-07-14,MSFT,0.1
2023-07-14,XOM,0.1
2023-07-17,DIS,0.1
2023-07-17,SPY,0.1
2023-07-17,KO,0.1
2023-07-17,AAPL,0.1
2023-07-17,BA,0.1
2023-07-17,JNJ,0.1
2023-07-17,JPM,0.1
2023-07-17,NVDA,0.1
2023-07-17,MSFT,0.1
2023-07-17,XOM,0.1
2023-07-18,DIS,0.09090909090909091
2023-07-18,SPY,0.09090909090909091
2023-07-18,KO,0.09090909090909091
2023-07-18,AAPL,0.09090909090909091
2023-07-18,BA,0.09090909090909091
2023-07-18,JNJ,0.09090909090909091
2023-07-18,JPM,0.09090909090909091
2023-07-18,NVDA,0.09090909090909091
2023-07-18,WMT,0.09090909090909091
2023-07-18,MSFT,0.09090909090909091
2023-07-18,XOM,0.09090909090909091
2023-07-19,DIS,0.09090909090909091
2023-07-19,SPY,0.09090909090909091
2023-07-19,KO,0.09090909090909091
2023-07-19,AAPL,0.09090909090909091
2023-07-19,BA,0.09090909090909091
2023-07-19,JNJ,0.09090909090909091
2023-07-19,JPM,0.09090909090909091
2023-07-19,NVDA,0.09090909090909091
2023-07-19,WMT,0.09090909090909091
2023-07-19,MSFT,0.09090909090909091
2023-07-19,XOM,0.09090909090909091
2023-07-20,DIS,0.09090909090909091
2023-07-20,SPY,0.09090909090909091
2023-07-20,KO,0.09090909090909091
2023-07-20,AAPL,0.09090909090909091
2023-07-20,BA,0.09090909090909091
2023-07-20,JNJ,0.09090909090909091
2023-07-20,JPM,0.09090909090909091
2023-07-20,NVDA,0.09090909090909091
2023-07-20,WMT,0.09090909090909091
2023-07-20,MSFT,0.09090909090909091
2023-07-20,XOM,0.09090909090909091
2023-07-21,DIS,0.09090909090909091
2023-07-21,SPY,0.09090909090909091
2023-07-21,KO,0.09090909090909091
2023-07-21,AAPL,0.09090909090909091
2023-07-21,BA,0.09090909090909091
2023-07-21,JNJ,0.09090909090909091
2023-07-21,JPM,0.09090909090909091
2023-07-21,NVDA,0.09090909090909091
2023-07-21,WMT,0.09090909090909091
2023-07-21,MSFT,0.09090909090909091
2023-07-21,XOM,0.09090909090909091
2023-07-24,DIS,0.1
2023-07-24,SPY,0.1
2023-07-24,KO,0.1
2023-07-24,AAPL,0.1
2023-07-24,BA,0.1
2023-07-24,JNJ,0.1
2023-07-24,JPM,0.1
2023-07-24,NVDA,0.1
2023-07-24,MSFT,0.1
2023-07-24,XOM,0.1
2023-07-25,DIS,0.09090909090909091
2023-07-25,SPY,0.09090909090909091
2023-07-25,KO,0.09090909090909091
2023-07-25,AAPL,0.09090909090909091
2023-07-25,BA,0.09090909090909091
2023-07-25,JNJ,0.09090909090909091
2023-07-25,JPM,0.09090909090909091
2023-07-25,NVDA,0.09090909090909091
2023-07-25,WMT,0.09090909090909091
2023-07-25,MSFT,0.09090909090909091
2023-07-25,XOM,0.09090909090909091
2023-07-26,DIS,0.1
2023-07-26,SPY,0.1
2023-07-26,KO,0.1
2023-07-26,AAPL,0.1
2023-07-26,JNJ,0.1
2023-07-26,JPM,0.1
2023-07-26,NVDA,0.1
2023-07-26,WMT,0.1
2023-07-26,MSFT,0.1
2023-07-26,XOM,0.1
2023-07-27,DIS,0.09090909090909091
2023-07-27,SPY,0.09090909090909091
2023-07-27,KO,0.09090909090909091
2023-07-27,AAPL,0.09090909090909091
2023-07-27,BA,0.09090909090909091
2023-07-27,JNJ,0.09090909090909091
2023-07-27,JPM,0.09090909090909091
2023-07-27,NVDA,0.09090909090909091
2023-07-27,WMT,0.09090909090909091
2023-07-27,MSFT,0.09090909090909091
2023-07-27,XOM,0.09090909090909091
2023-07-28,DIS,0.09090909090909091
2023-07-28,SPY,0.09090909090909091
2023-07-28,KO,0.09090909090909091
2023-07-28,AAPL,0.09090909090909091
2023-07-28,BA,0.09090909090909091
2023-07-28,JNJ,0.09090909090909091
2023-07-28,JPM,0.09090909090909091
2023-07-28,NVDA,0.09090909090909091
2023-07-28,WMT,0.09090909090909091
2023-07-28,MSFT,0.09090909090909091
2023-07-28,XOM,0.09090909090909091
2023-07-31,DIS,0.09090909090909091
2023-07-31,SPY,0.09090909090909091
2023-07-31,KO,0.09090909090909091
2023-07-31,AAPL,0.09090909090909091
2023-07-31,BA,0.09090909090909091
2023-07-31,JNJ,0.09090909090909091
2023-07-31,JPM,0.09090909090909091
2023-07-31,NVDA,0.09090909090909091
2023-07-31,WMT,0.09090909090909091
2023-07-31,MSFT,0.09090909090909091
2023-07-31,XOM,0.09090909090909091
2023-08-01,DIS,0.09090909090909091
2023-08-01,SPY,0.09090909090909091
2023-08-01,KO,0.09090909090909091
2023-08-01,AAPL,0.09090909090909091
2023-08-01,BA,0.09090909090909091
2023-08-01,JNJ,0.09090909090909091
2023-08-01,JPM,0.09090909090909091
2023-08-01,NVDA,0.09090909090909091
2023-08-01,WMT,0.09090909090909091
2023-08-01,MSFT,0.09090909090909091
2023-08-01,XOM,0.09090909090909091
2023-08-02,DIS,0.09090909090909091
2023-08-02,SPY,0.09090909090909091
2023-08-02,KO,0.09090909090909091
2023-08-02,AAPL,0.09090909090909091
2023-08-02,BA,0.09090909090909091
2023-08-02,JNJ,0.09090909090909091
2023-08-02,JPM,0.09090909090909091
2023-08-02,NVDA,0.09090909090909091
2023-08-02,WMT,0.09090909090909091
2023-08-02,MSFT,0.09090909090909091
2023-08-02,XOM,0.09090909090909091
2023-08-03,DIS,0.09090909090909091
2023-08-03,SPY,0.09090909090909091
2023-08-03,KO,0.09090909090909091
2023-08-03,AAPL,0.09090909090909091
2023-08-03,BA,0.09090909090909091
2023-08-03,JNJ,0.09090909090909091
2023-08-03,JPM,0.09090909090909091
2023-08-03,NVDA,0.09090909090909091
2023-08-03,WMT,0.09090909090909091
2023-08-03,MSFT,0.09090909090909091
2023-08-03,XOM,0.09090909090909091
2023-08-04,DIS,0.09090909090909091
2023-08-04,SPY,0.09090909090909091
2023-08-04,KO,0.09090909090909091
2023-08-04,AAPL,0.09090909090909091
2023-08-04,BA,0.09090909090909091
2023-08-04,JNJ,0.09090909090909091
2023-08-04,JPM,0.09090909090909091
2023-08-04,NVDA,0.09090909090909091
2023-08-04,WMT,0.09090909090909091
2023-08-04,MSFT,0.09090909090909091
2023-08-04,XOM,0.09090909090909091
2023-08-07,DIS,0.09090909090909091
2023-08-07,SPY,0.09090909090909091
2023-08-07,KO,0.09090909090909091
2023-08-07,AAPL,0.09090909090909091
2023-08-07,BA,0.09090909090909091
2023-08-07,JNJ,0.09090909090909091
2023-08-07,JPM,0.09090909090909091
2023-08-07,NVDA,0.09090909090909091
2023-08-07,WMT,0.09090909090909091
2023-08-07,MSFT,0.09090909090909091
2023-08-07,XOM,0.09090909090909091
2023-08-08,DIS,0.09090909090909091
2023-08-08,SPY,0.09090909090909091
2023-08-08,KO,0.09090909090909091
2023-08-08,AAPL,0.09090909090909091
2023-08-08,BA,0.09090909090909091
2023-08-08,JNJ,0.09090909090909091
2023-08-08,JPM,0.09090909090909091
2023-08-08,NVDA,0.09090909090909091
2023-08-08,WMT,0.09090909090909091
2023-08-08,MSFT,0.09090909090909091
2023-08-08,XOM,0.09090909090909091
2023-08-09,DIS,0.09090909090909091
2023-08-09,SPY,0.09090909090909091
2023-08-09,KO,0.09090909090909091
2023-08-09,AAPL,0.09090909090909091
2023-08-09,BA,0.09090909090909091
2023-08-09,JNJ,0.09090909090909091
2023-08-09,JPM,0.09090909090909091
2023-08-09,NVDA,0.09090909090909091
2023-08-09,WMT,0.09090909090909091
2023-08-09,MSFT,0.09090909090909091
2023-08-09,XOM,0.09090909090909091
2023-08-10,DIS,0.09090909090909091
2023-08-10,SPY,0.09090909090909091
2023-08-10,KO,0.09090909090909091
2023-08-10,AAPL,0.09090909090909091
2023-08-10,BA,0.09090909090909091
2023-08-10,JNJ,0.09090909090909091
2023-08-10,JPM,0.09090909090909091
2023-08-10,NVDA,0.09090909090909091
2023-08-10,WMT,0.09090909090909091
2023-08-10,MSFT,0.09090909090909091
2023-08-10,XOM,0.09090909090909091
2023-08-11,DIS,0.09090909090909091
2023-08-11,SPY,0.09090909090909091
2023-08-11,KO,0.09090909090909091
2023-08-11,AAPL,0.09090909090909091
2023-08-11,BA,0.09090909090909091
2023-08-11,JNJ,0.09090909090909091
2023-08-11,JPM,0.09090909090909091
2023-08-11,NVDA,0.09090909090909091
2023-08-11,WMT,0.09090909090909091
2023-08-11,MSFT,0.09090909090909091
2023-08-11,XOM,0.09090909090909091
2023-08-14,DIS,0.09090909090909091
2023-08-14,SPY,0.09090909090909091
2023-08-14,KO,0.09090909090909091
2023-08-14,AAPL,0.09090909090909091
2023-08-14,BA,0.09090909090909091
2023-08-14,JNJ,0.09090909090909091
2023-08-14,JPM,0.09090909090909091
2023-08-14,NVDA,0.09090909090909091
2023-08-14,WMT,0.09090909090909091
2023-08-14,MSFT,0.09090909090909091
2023-08-14,XOM,0.09090909090909091
2023-08-15,DIS,0.09090909090909091
2023-08-15,SPY,0.09090909090909091
2023-08-15,KO,0.09090909090909091
2023-08-15,AAPL,0.09090909090909091
2023-08-15,BA,0.09090909090909091
2023-08-15,JNJ,0.09090909090909091
2023-08-15,JPM,0.09090909090909091
2023-08-15,NVDA,0.09090909090909091
2023-08-15,WMT,0.09090909090909091
2023-08-15,MSFT,0.09090909090909091
2023-08-15,XOM,0.09090909090909091
2023-08-16,DIS,0.09090909090909091
2023-08-16,SPY,0.09090909090909091
2023-08-16,KO,0.09090909090909091
2023-08-16,AAPL,0.09090909090909091
2023-08-16,BA,0.09090909090909091
2023-08-16,JNJ,0.09090909090909091
2023-08-16,JPM,0.09090909090909091
2023-08-16,NVDA,0.09090909090909091
2023-08-16,WMT,0.09090909090909091
2023-08-16,MSFT,0.09090909090909091
2023-08-16,XOM,0.09090909090909091
2023-08-17,DIS,0.09090909090909091
2023-08-17,SPY,0.09090909090909091
2023-08-17,KO,0.09090909090909091
2023-08-17,AAPL,0.09090909090909091
2023-08-17,BA,0.09090909090909091
2023-08-17,JNJ,0.09090909090909091
2023-08-17,JPM,0.09090909090909091
2023-08-17,NVDA,0.09090909090909091
2023-08-17,WMT,0.09090909090909091
2023-08-17,MSFT,0.09090909090909091
2023-08-17,XOM,0.09090909090909091
2023-08-18,DIS,0.09090909090909091
2023-08-18,SPY,0.09090909090909091
2023-08-18,KO,0.09090909090909091
2023-08-18,AAPL,0.09090909090909091
2023-08-18,BA,0.09090909090909091
2023-08-18,JNJ,0.09090909090909091
2023-08-18,JPM,0.09090909090909091
2023-08-18,NVDA,0.09090909090909091
2023-08-18,WMT,0.09090909090909091
2023-08-18,MSFT,0.09090909090909091
2023-08-18,XOM,0.09090909090909091
2023-08-21,DIS,0.09090909090909091
2023-08-21,SPY,0.09090909090909091
2023-08-21,KO,0.09090909090909091
2023-08-21,AAPL,0.09090909090909091
2023-08-21,BA,0.09090909090909091
2023-08-21,JNJ,0.09090909090909091
2023-08-21,JPM,0.09090909090909091
2023-08-21,NVDA,0.09090909090909091
2023-08-21,WMT,0.09090909090909091
2023-08-21,MSFT,0.09090909090909091
2023-08-21,XOM,0.09090909090909091
2023-08-22,DIS,0.09090909090909091
2023-08-22,SPY,0.09090909090909091
2023-08-22,KO,0.09090909090909091
2023-08-22,AAPL,0.09090909090909091
2023-08-22,BA,0.09090909090909091
2023-08-22,JNJ,0.09090909090909091
2023-08-22,JPM,0.09090909090909091
2023-08-22,NVDA,0.09090909090909091
2023-08-22,WMT,0.09090909090909091
2023-08-22,MSFT,0.09090909090909091
2023-08-22,XOM,0.09090909090909091
2023-08-23,DIS,0.1
2023-08-23,SPY,0.1
2023-08-23,KO,0.1
2023-08-23,AAPL,0.1
2023-08-23,BA,0.1
2023-08-23,JNJ,0.1
2023-08-23,JPM,0.1
2023-08-23,NVDA,0.1
2023-08-23,MSFT,0.1
2023-08-23,XOM,0.1
2023-08-24,DIS,0.09090909090909091
2023-08-24,SPY,0.09090909090909091
2023-08-24,KO,0.09090909090909091
2023-08-24,AAPL,0.09090909090909091
2023-08-24,BA,0.09090909090909091
2023-08-24,JNJ,0.09090909090909091
2023-08-24,JPM,0.09090909090909091
2023-08-24,NVDA,0.09090909090909091
2023-08-24,WMT,0.09090909090909091
2023-08-24,MSFT,0.09090909090909091
2023-08-24,XOM,0.09090909090909091
2023-08-25,DIS,0.1
2023-08-25,SPY,0.1
2023-08-25,KO,0.1
2023-08-25,AAPL,0.1
2023-08-25,BA,0.1
2023-08-25,JNJ,0.1
2023-08-25,JPM,0.1
2023-08-25,NVDA,0.1
2023-08-25,MSFT,0.1
2023-08-25,XOM,0.1
2023-08-28,DIS,0.1
2023-08-28,SPY,0.1
2023-08-28,KO,0.1
2023-08-28,AAPL,0.1
2023-08-28,BA,0.1
2023-08-28,JNJ,0.1
2023-08-28,JPM,0.1
2023-08-28,NVDA,0.1
2023-08-28,MSFT,0.1
2023-08-28,XOM,0.1
2023-08-29,DIS,0.1
2023-08-29,SPY,0.1
2023-08-29,KO,0.1
2023-08-29,AAPL,0.1
2023-08-29,BA,0.1
2023-08-29,JNJ,0.1
2023-08-29,JPM,0.1
2023-08-29,NVDA,0.1
2023-08-29,MSFT,0.1
2023-08-29,XOM,0.1
2023-08-30,DIS,0.1
2023-08-30,SPY,0.1
2023-08-30,KO,0.1
2023-08-30,AAPL,0.1
2023-08-30,BA,0.1
2023-08-30,JNJ,0.1
2023-08-30,JPM,0.1
2023-08-30,NVDA,0.1
2023-08-30,MSFT,0.1
2023-08-30,XOM,0.1
2023-08-31,DIS,0.1
2023-08-31,SPY,0.1
2023-08-31,KO,0.1
2023-08-31,AAPL,0.1
2023-08-31,BA,0.1
2023-08-31,JNJ,0.1
2023-08-31,JPM,0.1
2023-08-31,NVDA,0.1
2023-08-31,MSFT,0.1
2023-08-31,XOM,0.1
2023-09-01,DIS,0.1
2023-09-01,SPY,0.1
2023-09-01,KO,0.1
2023-09-01,AAPL,0.1
2023-09-01,BA,0.1
2023-09-01,JNJ,0.1
2023-09-01,JPM,0.1
2023-09-01,NVDA,0.1
2023-09-01,MSFT,0.1
2023-09-01,XOM,0.1
2023-09-05,DIS,0.09090909090909091
2023-09-05,SPY,0.09090909090909091
2023-09-05,KO,0.09090909090909091
2023-09-05,AAPL,0.09090909090909091
2023-09-05,BA,0.09090909090909091
2023-09-05,JNJ,0.09090909090909091
2023-09-05,JPM,0.09090909090909091
2023-09-05,NVDA,0.09090909090909091
2023-09-05,WMT,0.09090909090909091
2023-09-05,MSFT,0.09090909090909091
2023-09-05,XOM,0.09090909090909091
2023-09-06,DIS,0.1
2023-09-06,SPY,0.1
2023-09-06,KO,0.1
2023-09-06,AAPL,0.1
2023-09-06,BA,0.1
2023-09-06,JNJ,0.1
2023-09-06,JPM,0.1
2023-09-06,NVDA,0.1
2023-09-06,MSFT,0.1
2023-09-06,XOM,0.1
2023-09-07,DIS,0.1
2023-09-07,SPY,0.1
2023-09-07,KO,0.1
2023-09-07,AAPL,0.1
2023-09-07,BA,0.1
2023-09-07,JNJ,0.1
2023-09-07,JPM,0.1
2023-09-07,NVDA,0.1
2023-09-07,MSFT,0.1
2023-09-07,XOM,0.1
2023-09-08,DIS,0.1
2023-09-08,SPY,0.1
2023-09-08,KO,0.1
2023-09-08,AAPL,0.1
2023-09-08,BA,0.1
2023-09-08,JNJ,0.1
2023-09-08,JPM,0.1
2023-09-08,NVDA,0.1
2023-09-08,MSFT,0.1
2023-09-08,XOM,0.1
2023-09-11,DIS,0.1
2023-09-11,SPY,0.1
2023-09-11,KO,0.1
2023-09-11,AAPL,0.1
2023-09-11,BA,0.1
2023-09-11,JNJ,0.1
2023-09-11,JPM,0.1
2023-09-11,NVDA,0.1
2023-09-11,MSFT,0.1
2023-09-11,XOM,0.1
2023-09-12,DIS,0.09090909090909091
2023-09-12,SPY,0.09090909090909091
2023-09-12,KO,0.09090909090909091
2023-09-12,AAPL,0.09090909090909091
2023-09-12,BA,0.09090909090909091
2023-09-12,JNJ,0.09090909090909091
2023-09-12,JPM,0.09090909090909091
2023-09-12,NVDA,0.09090909090909091
2023-09-12,WMT,0.09090909090909091
2023-09-12,MSFT,0.09090909090909091
2023-09-12,XOM,0.09090909090909091
2023-09-13,DIS,0.09090909090909091
2023-09-13,SPY,0.09090909090909091
2023-09-13,KO,0.09090909090909091
2023-09-13,AAPL,0.09090909090909091
2023-09-13,BA,0.09090909090909091
2023-09-13,JNJ,0.09090909090909091
2023-09-13,JPM,0.09090909090909091
2023-09-13,NVDA,0.09090909090909091
2023-09-13,WMT,0.09090909090909091
2023-09-13,MSFT,0.09090909090909091
2023-09-13,XOM,0.09090909090909091
2023-09-14,DIS,0.09090909090909091
2023-09-14,SPY,0.09090909090909091
2023-09-14,KO,0.09090909090909091
2023-09-14,AAPL,0.09090909090909091
2023-09-14,BA,0.09090909090909091
2023-09-14,JNJ,0.09090909090909091
2023-09-14,JPM,0.09090909090909091
2023-09-14,NVDA,0.09090909090909091
2023-09-14,WMT,0.09090909090909091
2023-09-14,MSFT,0.09090909090909091
2023-09-14,XOM,0.09090909090909091
2023-09-15,DIS,0.09090909090909091
2023-09-15,SPY,0.09090909090909091
2023-09-15,KO,0.09090909090909091
2023-09-15,AAPL,0.09090909090909091
2023-09-15,BA,0.09090909090909091
2023-09-15,JNJ,0.09090909090909091
2023-09-15,JPM,0.09090909090909091
2023-09-15,NVDA,0.09090909090909091
2023-09-15,WMT,0.09090909090909091
2023-09-15,MSFT,0.09090909090909091
2023-09-15,XOM,0.09090909090909091
2023-09-18,DIS,0.09090909090909091
2023-09-18,SPY,0.09090909090909091
2023-09-18,KO,0.09090909090909091
2023-09-18,AAPL,0.09090909090909091
2023-09-18,BA,0.09090909090909091
2023-09-18,JNJ,0.09090909090909091
2023-09-18,JPM,0.09090909090909091
2023-09-18,NVDA,0.09090909090909091
2023-09-18,WMT,0.09090909090909091
2023-09-18,MSFT,0.09090909090909091
2023-09-18,XOM,0.09090909090909091
2023-09-19,DIS,0.09090909090909091
2023-09-19,SPY,0.09090909090909091
2023-09-19,KO,0.09090909090909091
2023-09-19,AAPL,0.09090909090909091
2023-09-19,BA,0.09090909090909091
2023-09-19,JNJ,0.09090909090909091
2023-09-19,JPM,0.09090909090909091
2023-09-19,NVDA,0.09090909090909091
2023-09-19,WMT,0.09090909090909091
2023-09-19,MSFT,0.09090909090909091
2023-09-19,XOM,0.09090909090909091
2023-09-20,DIS,0.09090909090909091
2023-09-20,SPY,0.09090909090909091
2023-09-20,KO,0.09090909090909091
2023-09-20,AAPL,0.09090909090909091
2023-09-20,BA,0.09090909090909091
2023-09-20,JNJ,0.09090909090909091
2023-09-20,JPM,0.09090909090909091
2023-09-20,NVDA,0.09090909090909091
2023-09-20,WMT,0.09090909090909091
2023-09-20,MSFT,0.09090909090909091
2023-09-20,XOM,0.09090909090909091
2023-09-21,DIS,0.09090909090909091
2023-09-21,SPY,0.09090909090909091
2023-09-21,KO,0.09090909090909091
2023-09-21,AAPL,0.09090909090909091
2023-09-21,BA,0.09090909090909091
2023-09-21,JNJ,0.09090909090909091
2023-09-21,JPM,0.09090909090909091
2023-09-21,NVDA,0.09090909090909091
2023-09-21,WMT,0.09090909090909091
2023-09-21,MSFT,0.09090909090909091
2023-09-21,XOM,0.09090909090909091
2023-09-22,DIS,0.09090909090909091
2023-09-22,SPY,0.09090909090909091
2023-09-22,KO,0.09090909090909091
2023-09-22,AAPL,0.09090909090909091
2023-09-22,BA,0.09090909090909091
2023-09-22,JNJ,0.09090909090909091
2023-09-22,JPM,0.09090909090909091
2023-09-22,NVDA,0.09090909090909091
2023-09-22,WMT,0.09090909090909091
2023-09-22,MSFT,0.09090909090909091
2023-09-22,XOM,0.09090909090909091
2023-09-25,DIS,0.1
2023-09-25,SPY,0.1
2023-09-25,KO,0.1
2023-09-25,AAPL,0.1
2023-09-25,BA,0.1
2023-09-25,JNJ,0.1
2023-09-25,JPM,0.1
2023-09-25,NVDA,0.1
2023-09-25,MSFT,0.1
2023-09-25,XOM,0.1
2023-09-26,DIS,0.09090909090909091
2023-09-26,SPY,0.09090909090909091
2023-09-26,KO,0.09090909090909091
2023-09-26,AAPL,0.09090909090909091
2023-09-26,BA,0.09090909090909091
2023-09-26,JNJ,0.09090909090909091
2023-09-26,JPM,0.09090909090909091
2023-09-26,NVDA,0.09090909090909091
2023-09-26,WMT,0.09090909090909091
2023-09-26,MSFT,0.09090909090909091
2023-09-26,XOM,0.09090909090909091
2023-09-27,DIS,0.09090909090909091
2023-09-27,SPY,0.09090909090909091
2023-09-27,KO,0.09090909090909091
2023-09-27,AAPL,0.09090909090909091
2023-09-27,BA,0.09090909090909091
2023-09-27,JNJ,0.09090909090909091
2023-09-27,JPM,0.09090909090909091
2023-09-27,NVDA,0.09090909090909091
2023-09-27,WMT,0.09090909090909091
2023-09-27,MSFT,0.09090909090909091
2023-09-27,XOM,0.09090909090909091
2023-09-28,DIS,0.09090909090909091
2023-09-28,SPY,0.09090909090909091
2023-09-28,KO,0.09090909090909091
2023-09-28,AAPL,0.09090909090909091
2023-09-28,BA,0.09090909090909091
2023-09-28,JNJ,0.09090909090909091
2023-09-28,JPM,0.09090909090909091
2023-09-28,NVDA,0.09090909090909091
2023-09-28,WMT,0.09090909090909091
2023-09-28,MSFT,0.09090909090909091
2023-09-28,XOM,0.09090909090909091
2023-09-29,DIS,0.09090909090909091
2023-09-29,SPY,0.09090909090909091
2023-09-29,KO,0.09090909090909091
2023-09-29,AAPL,0.09090909090909091
2023-09-29,BA,0.09090909090909091
2023-09-29,JNJ,0.09090909090909091
2023-09-29,JPM,0.09090909090909091
2023-09-29,NVDA,0.09090909090909091
2023-09-29,WMT,0.09090909090909091
2023-09-29,MSFT,0.09090909090909091
2023-09-29,XOM,0.09090909090909091
2023-10-02,DIS,0.09090909090909091
2023-10-02,SPY,0.09090909090909091
2023-10-02,KO,0.09090909090909091
2023-10-02,AAPL,0.09090909090909091
2023-10-02,BA,0.09090909090909091
2023-10-02,JNJ,0.09090909090909091
2023-10-02,JPM,0.09090909090909091
2023-10-02,NVDA,0.09090909090909091
2023-10-02,WMT,0.09090909090909091
2023-10-02,MSFT,0.09090909090909091
2023-10-02,XOM,0.09090909090909091
2023-10-03,DIS,0.09090909090909091
2023-10-03,SPY,0.09090909090909091
2023-10-03,KO,0.09090909090909091
2023-10-03,AAPL,0.09090909090909091
2023-10-03,BA,0.09090909090909091
2023-10-03,JNJ,0.09090909090909091
2023-10-03,JPM,0.09090909090909091
2023-10-03,NVDA,0.09090909090909091
2023-10-03,WMT,0.09090909090909091
2023-10-03,MSFT,0.09090909090909091
2023-10-03,XOM,0.09090909090909091
2023-10-04,DIS,0.09090909090909091
2023-10-04,SPY,0.09090909090909091
2023-10-04,KO,0.09090909090909091
2023-10-04,AAPL,0.09090909090909091
2023-10-04,BA,0.09090909090909091
2023-10-04,JNJ,0.09090909090909091
2023-10-04,JPM,0.09090909090909091
2023-10-04,NVDA,0.09090909090909091
2023-10-04,WMT,0.09090909090909091
2023-10-04,MSFT,0.09090909090909091
2023-10-04,XOM,0.09090909090909091
2023-10-05,DIS,0.09090909090909091
2023-10-05,SPY,0.09090909090909091
2023-10-05,KO,0.09090909090909091
2023-10-05,AAPL,0.09090909090909091
2023-10-05,BA,0.09090909090909091
2023-10-05,JNJ,0.09090909090909091
2023-10-05,JPM,0.09090909090909091
2023-10-05,NVDA,0.09090909090909091
2023-10-05,WMT,0.09090909090909091
2023-10-05,MSFT,0.09090909090909091
2023-10-05,XOM,0.09090909090909091
2023-10-06,SPY,0.125
2023-10-06,AAPL,0.125
2023-10-06,BA,0.125
2023-10-06,JNJ,0.125
2023-10-06,NVDA,0.125
2023-10-06,WMT,0.125
2023-10-06,MSFT,0.125
2023-10-06,XOM,0.125
2023-10-09,DIS,0.1111111111111111
2023-10-09,SPY,0.1111111111111111
2023-10-09,AAPL,0.1111111111111111
2023-10-09,BA,0.1111111111111111
2023-10-09,JNJ,0.1111111111111111
2023-10-09,JPM,0.1111111111111111
2023-10-09,NVDA,0.1111111111111111
2023-10-09,MSFT,0.1111111111111111
2023-10-09,XOM,0.1111111111111111
2023-10-10,DIS,0.1111111111111111
2023-10-10,SPY,0.1111111111111111
2023-10-10,AAPL,0.1111111111111111
2023-10-10,BA,0.1111111111111111
2023-10-10,JNJ,0.1111111111111111
2023-10-10,JPM,0.1111111111111111
2023-10-10,NVDA,0.1111111111111111
2023-10-10,MSFT,0.1111111111111111
2023-10-10,XOM,0.1111111111111111
2023-10-11,DIS,0.09090909090909091
2023-10-11,SPY,0.09090909090909091
2023-10-11,KO,0.09090909090909091
2023-10-11,AAPL,0.09090909090909091
2023-10-11,BA,0.09090909090909091
2023-10-11,JNJ,0.09090909090909091
2023-10-11,JPM,0.09090909090909091
2023-10-11,NVDA,0.09090909090909091
2023-10-11,WMT,0.09090909090909091
2023-10-11,MSFT,0.09090909090909091
2023-10-11,XOM,0.09090909090909091
2023-10-12,DIS,0.09090909090909091
2023-10-12,SPY,0.09090909090909091
2023-10-12,KO,0.09090909090909091
2023-10-12,AAPL,0.09090909090909091
2023-10-12,BA,0.09090909090909091
2023-10-12,JNJ,0.09090909090909091
2023-10-12,JPM,0.09090909090909091
2023-10-12,NVDA,0.09090909090909091
2023-10-12,WMT,0.09090909090909091
2023-10-12,MSFT,0.09090909090909091
2023-10-12,XOM,0.09090909090909091
2023-10-13,DIS,0.1
2023-10-13,SPY,0.1
2023-10-13,KO,0.1
2023-10-13,AAPL,0.1
2023-10-13,BA,0.1
2023-10-13,JNJ,0.1
2023-10-13,JPM,0.1
2023-10-13,NVDA,0.1
2023-10-13,WMT,0.1
2023-10-13,MSFT,0.1
2023-10-16,DIS,0.09090909090909091
2023-10-16,SPY,0.09090909090909091
2023-10-16,KO,0.09090909090909091
2023-10-16,AAPL,0.09090909090909091
2023-10-16,BA,0.09090909090909091
2023-10-16,JNJ,0.09090909090909091
2023-10-16,JPM,0.09090909090909091
2023-10-16,NVDA,0.09090909090909091
2023-10-16,WMT,0.09090909090909091
2023-10-16,MSFT,0.09090909090909091
2023-10-16,XOM,0.09090909090909091
2023-10-17,DIS,0.1111111111111111
2023-10-17,SPY,0.1111111111111111
2023-10-17,KO,0.1111111111111111
2023-10-17,AAPL,0.1111111111111111
2023-10-17,BA,0.1111111111111111
2023-10-17,JNJ,0.1111111111111111
2023-10-17,JPM,0.1111111111111111
2023-10-17,NVDA,0.1111111111111111
2023-10-17,MSFT,0.1111111111111111
2023-10-18,DIS,0.09090909090909091
2023-10-18,SPY,0.09090909090909091
2023-10-18,KO,0.09090909090909091
2023-10-18,AAPL,0.09090909090909091
2023-10-18,BA,0.09090909090909091
2023-10-18,JNJ,0.09090909090909091
2023-10-18,JPM,0.09090909090909091
2023-10-18,NVDA,0.09090909090909091
2023-10-18,WMT,0.09090909090909091
2023-10-18,MSFT,0.09090909090909091
2023-10-18,XOM,0.09090909090909091
2023-10-19,DIS,0.09090909090909091
2023-10-19,SPY,0.09090909090909091
2023-10-19,KO,0.09090909090909091
2023-10-19,AAPL,0.09090909090909091
2023-10-19,BA,0.09090909090909091
2023-10-19,JNJ,0.09090909090909091
2023-10-19,JPM,0.09090909090909091
2023-10-19,NVDA,0.09090909090909091
2023-10-19,WMT,0.09090909090909091
2023-10-19,MSFT,0.09090909090909091
2023-10-19,XOM,0.09090909090909091
2023-10-20,DIS,0.09090909090909091
2023-10-20,SPY,0.09090909090909091
2023-10-20,KO,0.09090909090909091
2023-10-20,AAPL,0.09090909090909091
2023-10-20,BA,0.09090909090909091
2023-10-20,JNJ,0.09090909090909091
2023-10-20,JPM,0.09090909090909091
2023-10-20,NVDA,0.09090909090909091
2023-10-20,WMT,0.09090909090909091
2023-10-20,MSFT,0.09090909090909091
2023-10-20,XOM,0.09090909090909091
2023-10-23,DIS,0.1
2023-10-23,SPY,0.1
2023-10-23,KO,0.1
2023-10-23,AAPL,0.1
2023-10-23,BA,0.1
2023-10-23,JNJ,0.1
2023-10-23,JPM,0.1
2023-10-23,NVDA,0.1
2023-10-23,MSFT,0.1
2023-10-23,XOM,0.1
2023-10-24,DIS,0.1
2023-10-24,SPY,0.1
2023-10-24,KO,0.1
2023-10-24,AAPL,0.1
2023-10-24,BA,0.1
2023-10-24,JNJ,0.1
2023-10-24,JPM,0.1
2023-10-24,NVDA,0.1
2023-10-24,MSFT,0.1
2023-10-24,XOM,0.1
2023-10-25,DIS,0.1
2023-10-25,SPY,0.1
2023-10-25,KO,0.1
2023-10-25,AAPL,0.1
2023-10-25,BA,0.1
2023-10-25,JNJ,0.1
2023-10-25,JPM,0.1
2023-10-25,NVDA,0.1
2023-10-25,MSFT,0.1
2023-10-25,XOM,0.1
2023-10-26,DIS,0.09090909090909091
2023-10-26,SPY,0.09090909090909091
2023-10-26,KO,0.09090909090909091
2023-10-26,AAPL,0.09090909090909091
2023-10-26,BA,0.09090909090909091
2023-10-26,JNJ,0.09090909090909091
2023-10-26,JPM,0.09090909090909091
2023-10-26,NVDA,0.09090909090909091
2023-10-26,WMT,0.09090909090909091
2023-10-26,MSFT,0.09090909090909091
2023-10-26,XOM,0.09090909090909091
2023-10-27,DIS,0.09090909090909091
2023-10-27,SPY,0.09090909090909091
2023-10-27,KO,0.09090909090909091
2023-10-27,AAPL,0.09090909090909091
2023-10-27,BA,0.09090909090909091
2023-10-27,JNJ,0.09090909090909091
2023-10-27,JPM,0.09090909090909091
2023-10-27,NVDA,0.09090909090909091
2023-10-27,WMT,0.09090909090909091
2023-10-27,MSFT,0.09090909090909091
2023-10-27,XOM,0.09090909090909091
2023-10-30,DIS,0.1
2023-10-30,SPY,0.1
2023-10-30,KO,0.1
2023-10-30,AAPL,0.1
2023-10-30,BA,0.1
2023-10-30,JNJ,0.1
2023-10-30,JPM,0.1
2023-10-30,NVDA,0.1
2023-10-30,MSFT,0.1
2023-10-30,XOM,0.1
2023-10-31,DIS,0.1
2023-10-31,SPY,0.1
2023-10-31,KO,0.1
2023-10-31,AAPL,0.1
2023-10-31,BA,0.1
2023-10-31,JNJ,0.1
2023-10-31,JPM,0.1
2023-10-31,NVDA,0.1
2023-10-31,MSFT,0.1
2023-10-31,XOM,0.1
2023-11-01,DIS,0.1
2023-11-01,SPY,0.1
2023-11-01,KO,0.1
2023-11-01,AAPL,0.1
2023-11-01,BA,0.1
2023-11-01,JNJ,0.1
2023-11-01,JPM,0.1
2023-11-01,NVDA,0.1
2023-11-01,MSFT,0.1
2023-11-01,XOM,0.1
2023-11-02,DIS,0.1
2023-11-02,SPY,0.1
2023-11-02,KO,0.1
2023-11-02,AAPL,0.1
2023-11-02,BA,0.1
2023-11-02,JNJ,0.1
2023-11-02,JPM,0.1
2023-11-02,NVDA,0.1
2023-11-02,MSFT,0.1
2023-11-02,XOM,0.1
2023-11-03,DIS,0.09090909090909091
2023-11-03,SPY,0.09090909090909091
2023-11-03,KO,0.09090909090909091
2023-11-03,AAPL,0.09090909090909091
2023-11-03,BA,0.09090909090909091
2023-11-03,JNJ,0.09090909090909091
2023-11-03,JPM,0.09090909090909091
2023-11-03,NVDA,0.09090909090909091
2023-11-03,WMT,0.09090909090909091
2023-11-03,MSFT,0.09090909090909091
2023-11-03,XOM,0.09090909090909091
2023-11-06,DIS,0.09090909090909091
2023-11-06,SPY,0.09090909090909091
2023-11-06,KO,0.09090909090909091
2023-11-06,AAPL,0.09090909090909091
2023-11-06,BA,0.09090909090909091
2023-11-06,JNJ,0.09090909090909091
2023-11-06,JPM,0.09090909090909091
2023-11-06,NVDA,0.09090909090909091
2023-11-06,WMT,0.09090909090909091
2023-11-06,MSFT,0.09090909090909091
2023-11-06,XOM,0.09090909090909091
2023-11-07,DIS,0.09090909090909091
2023-11-07,SPY,0.09090909090909091
2023-11-07,KO,0.09090909090909091
2023-11-07,AAPL,0.09090909090909091
2023-11-07,BA,0.09090909090909091
2023-11-07,JNJ,0.09090909090909091
2023-11-07,JPM,0.09090909090909091
2023-11-07,NVDA,0.09090909090909091
2023-11-07,WMT,0.09090909090909091
2023-11-07,MSFT,0.09090909090909091
2023-11-07,XOM,0.09090909090909091
2023-11-08,DIS,0.09090909090909091
2023-11-08,SPY,0.09090909090909091
2023-11-08,KO,0.09090909090909091
2023-11-08,AAPL,0.09090909090909091
2023-11-08,BA,0.09090909090909091
2023-11-08,JNJ,0.09090909090909091
2023-11-08,JPM,0.09090909090909091
2023-11-08,NVDA,0.09090909090909091
2023-11-08,WMT,0.09090909090909091
2023-11-08,MSFT,0.09090909090909091
2023-11-08,XOM,0.09090909090909091
2023-11-09,DIS,0.09090909090909091
2023-11-09,SPY,0.09090909090909091
2023-11-09,KO,0.09090909090909091
2023-11-09,AAPL,0.09090909090909091
2023-11-09,BA,0.09090909090909091
2023-11-09,JNJ,0.09090909090909091
2023-11-09,JPM,0.09090909090909091
2023-11-09,NVDA,0.09090909090909091
2023-11-09,WMT,0.09090909090909091
2023-11-09,MSFT,0.09090909090909091
2023-11-09,XOM,0.09090909090909091
2023-11-10,DIS,0.1
2023-11-10,SPY,0.1
2023-11-10,KO,0.1
2023-11-10,AAPL,0.1
2023-11-10,BA,0.1
2023-11-10,JNJ,0.1
2023-11-10,JPM,0.1
2023-11-10,NVDA,0.1
2023-11-10,MSFT,0.1
2023-11-10,XOM,0.1
2023-11-13,DIS,0.1
2023-11-13,SPY,0.1
2023-11-13,KO,0.1
2023-11-13,AAPL,0.1
2023-11-13,BA,0.1
2023-11-13,JNJ,0.1
2023-11-13,JPM,0.1
2023-11-13,NVDA,0.1
2023-11-13,MSFT,0.1
2023-11-13,XOM,0.1
2023-11-14,DIS,0.09090909090909091
2023-11-14,SPY,0.09090909090909091
2023-11-14,KO,0.09090909090909091
2023-11-14,AAPL,0.09090909090909091
2023-11-14,BA,0.09090909090909091
2023-11-14,JNJ,0.09090909090909091
2023-11-14,JPM,0.09090909090909091
2023-11-14,NVDA,0.09090909090909091
2023-11-14,WMT,0.09090909090909091
2023-11-14,MSFT,0.09090909090909091
2023-11-14,XOM,0.09090909090909091
2023-11-15,DIS,0.1
2023-11-15,SPY,0.1
2023-11-15,KO,0.1
2023-11-15,AAPL,0.1
2023-11-15,JNJ,0.1
2023-11-15,JPM,0.1
2023-11-15,NVDA,0.1
2023-11-15,WMT,0.1
2023-11-15,MSFT,0.1
2023-11-15,XOM,0.1
2023-11-16,DIS,0.09090909090909091
2023-11-16,SPY,0.09090909090909091
2023-11-16,KO,0.09090909090909091
2023-11-16,AAPL,0.09090909090909091
2023-11-16,BA,0.09090909090909091
2023-11-16,JNJ,0.09090909090909091
2023-11-16,JPM,0.09090909090909091
2023-11-16,NVDA,0.09090909090909091
2023-11-16,WMT,0.09090909090909091
2023-11-16,MSFT,0.09090909090909091
2023-11-16,XOM,0.09090909090909091
2023-11-17,DIS,0.09090909090909091
2023-11-17,SPY,0.09090909090909091
2023-11-17,KO,0.09090909090909091
2023-11-17,AAPL,0.09090909090909091
2023-11-17,BA,0.09090909090909091
2023-11-17,JNJ,0.09090909090909091
2023-11-17,JPM,0.09090909090909091
2023-11-17,NVDA,0.09090909090909091
2023-11-17,WMT,0.09090909090909091
2023-11-17,MSFT,0.09090909090909091
2023-11-17,XOM,0.09090909090909091
2023-11-20,DIS,0.09090909090909091
2023-11-20,SPY,0.09090909090909091
2023-11-20,KO,0.09090909090909091
2023-11-20,AAPL,0.09090909090909091
2023-11-20,BA,0.09090909090909091
2023-11-20,JNJ,0.09090909090909091
2023-11-20,JPM,0.09090909090909091
2023-11-20,NVDA,0.09090909090909091
2023-11-20,WMT,0.09090909090909091
2023-11-20,MSFT,0.09090909090909091
2023-11-20,XOM,0.09090909090909091
2023-11-21,DIS,0.09090909090909091
2023-11-21,SPY,0.09090909090909091
2023-11-21,KO,0.09090909090909091
2023-11-21,AAPL,0.09090909090909091
2023-11-21,BA,0.09090909090909091
2023-11-21,JNJ,0.09090909090909091
2023-11-21,JPM,0.09090909090909091
2023-11-21,NVDA,0.09090909090909091
2023-11-21,WMT,0.09090909090909091
2023-11-21,MSFT,0.09090909090909091
2023-11-21,XOM,0.09090909090909091
2023-11-22,DIS,0.09090909090909091
2023-11-22,SPY,0.09090909090909091
2023-11-22,KO,0.09090909090909091
2023-11-22,AAPL,0.09090909090909091
2023-11-22,BA,0.09090909090909091
2023-11-22,JNJ,0.09090909090909091
2023-11-22,JPM,0.09090909090909091
2023-11-22,NVDA,0.09090909090909091
2023-11-22,WMT,0.09090909090909091
2023-11-22,MSFT,0.09090909090909091
2023-11-22,XOM,0.09090909090909091
2023-11-24,DIS,0.09090909090909091
2023-11-24,SPY,0.09090909090909091
2023-11-24,KO,0.09090909090909091
2023-11-24,AAPL,0.09090909090909091
2023-11-24,BA,0.09090909090909091
2023-11-24,JNJ,0.09090909090909091
2023-11-24,JPM,0.09090909090909091
2023-11-24,NVDA,0.09090909090909091
2023-11-24,WMT,0.09090909090909091
2023-11-24,MSFT,0.09090909090909091
2023-11-24,XOM,0.09090909090909091
2023-11-27,DIS,0.09090909090909091
2023-11-27,SPY,0.09090909090909091
2023-11-27,KO,0.09090909090909091
2023-11-27,AAPL,0.09090909090909091
2023-11-27,BA,0.09090909090909091
2023-11-27,JNJ,0.09090909090909091
2023-11-27,JPM,0.09090909090909091
2023-11-27,NVDA,0.09090909090909091
2023-11-27,WMT,0.09090909090909091
2023-11-27,MSFT,0.09090909090909091
2023-11-27,XOM,0.09090909090909091
2023-11-28,DIS,0.1
2023-11-28,SPY,0.1
2023-11-28,KO,0.1
2023-11-28,AAPL,0.1
2023-11-28,BA,0.1
2023-11-28,JNJ,0.1
2023-11-28,JPM,0.1
2023-11-28,NVDA,0.1
2023-11-28,MSFT,0.1
2023-11-28,XOM,0.1
2023-11-29,DIS,0.09090909090909091
2023-11-29,SPY,0.09090909090909091
2023-11-29,KO,0.09090909090909091
2023-11-29,AAPL,0.09090909090909091
2023-11-29,BA,0.09090909090909091
2023-11-29,JNJ,0.09090909090909091
2023-11-29,JPM,0.09090909090909091
2023-11-29,NVDA,0.09090909090909091
2023-11-29,WMT,0.09090909090909091
2023-11-29,MSFT,0.09090909090909091
2023-11-29,XOM,0.09090909090909091
2023-11-30,DIS,0.09090909090909091
2023-11-30,SPY,0.09090909090909091
2023-11-30,KO,0.09090909090909091
2023-11-30,AAPL,0.09090909090909091
2023-11-30,BA,0.09090909090909091
2023-11-30,JNJ,0.09090909090909091
2023-11-30,JPM,0.09090909090909091
2023-11-30,NVDA,0.09090909090909091
2023-11-30,WMT,0.09090909090909091
2023-11-30,MSFT,0.09090909090909091
2023-11-30,XOM,0.09090909090909091
2023-12-01,DIS,0.09090909090909091
2023-12-01,SPY,0.09090909090909091
2023-12-01,KO,0.09090909090909091
2023-12-01,AAPL,0.09090909090909091
2023-12-01,BA,0.09090909090909091
2023-12-01,JNJ,0.09090909090909091
2023-12-01,JPM,0.09090909090909091
2023-12-01,NVDA,0.09090909090909091
2023-12-01,WMT,0.09090909090909091
2023-12-01,MSFT,0.09090909090909091
2023-12-01,XOM,0.09090909090909091
2023-12-04,DIS,0.09090909090909091
2023-12-04,SPY,0.09090909090909091
2023-12-04,KO,0.09090909090909091
2023-12-04,AAPL,0.09090909090909091
2023-12-04,BA,0.09090909090909091
2023-12-04,JNJ,0.09090909090909091
2023-12-04,JPM,0.09090909090909091
2023-12-04,NVDA,0.09090909090909091
2023-12-04,WMT,0.09090909090909091
2023-12-04,MSFT,0.09090909090909091
2023-12-04,XOM,0.09090909090909091
2023-12-05,DIS,0.1
2023-12-05,SPY,0.1
2023-12-05,KO,0.1
2023-12-05,AAPL,0.1
2023-12-05,BA,0.1
2023-12-05,JNJ,0.1
2023-12-05,JPM,0.1
2023-12-05,NVDA,0.1
2023-12-05,MSFT,0.1
2023-12-05,XOM,0.1
2023-12-06,DIS,0.09090909090909091
2023-12-06,SPY,0.09090909090909091
2023-12-06,KO,0.09090909090909091
2023-12-06,AAPL,0.09090909090909091
2023-12-06,BA,0.09090909090909091
2023-12-06,JNJ,0.09090909090909091
2023-12-06,JPM,0.09090909090909091
2023-12-06,NVDA,0.09090909090909091
2023-12-06,WMT,0.09090909090909091
2023-12-06,MSFT,0.09090909090909091
2023-12-06,XOM,0.09090909090909091
2023-12-07,DIS,0.09090909090909091
2023-12-07,SPY,0.09090909090909091
2023-12-07,KO,0.09090909090909091
2023-12-07,AAPL,0.09090909090909091
2023-12-07,BA,0.09090909090909091
2023-12-07,JNJ,0.09090909090909091
2023-12-07,JPM,0.09090909090909091
2023-12-07,NVDA,0.09090909090909091
2023-12-07,WMT,0.09090909090909091
2023-12-07,MSFT,0.09090909090909091
2023-12-07,XOM,0.09090909090909091
2023-12-08,DIS,0.09090909090909091
2023-12-08,SPY,0.09090909090909091
2023-12-08,KO,0.09090909090909091
2023-12-08,AAPL,0.09090909090909091
2023-12-08,BA,0.09090909090909091
2023-12-08,JNJ,0.09090909090909091
2023-12-08,JPM,0.09090909090909091
2023-12-08,NVDA,0.09090909090909091
2023-12-08,WMT,0.09090909090909091
2023-12-08,MSFT,0.09090909090909091
2023-12-08,XOM,0.09090909090909091
2023-12-11,DIS,0.09090909090909091
2023-12-11,SPY,0.09090909090909091
2023-12-11,KO,0.09090909090909091
2023-12-11,AAPL,0.09090909090909091
2023-12-11,BA,0.09090909090909091
2023-12-11,JNJ,0.09090909090909091
2023-12-11,JPM,0.09090909090909091
2023-12-11,NVDA,0.09090909090909091
2023-12-11,WMT,0.09090909090909091
2023-12-11,MSFT,0.09090909090909091
2023-12-11,XOM,0.09090909090909091
2023-12-12,DIS,0.09090909090909091
2023-12-12,SPY,0.09090909090909091
2023-12-12,KO,0.09090909090909091
2023-12-12,AAPL,0.09090909090909091
2023-12-12,BA,0.09090909090909091
2023-12-12,JNJ,0.09090909090909091
2023-12-12,JPM,0.09090909090909091
2023-12-12,NVDA,0.09090909090909091
2023-12-12,WMT,0.09090909090909091
2023-12-12,MSFT,0.09090909090909091
2023-12-12,XOM,0.09090909090909091
2023-12-13,DIS,0.1
2023-12-13,SPY,0.1
2023-12-13,KO,0.1
2023-12-13,AAPL,0.1
2023-12-13,BA,0.1
2023-12-13,JNJ,0.1
2023-12-13,JPM,0.1
2023-12-13,NVDA,0.1
2023-12-13,MSFT,0.1
2023-12-13,XOM,0.1
2023-12-14,DIS,0.09090909090909091
2023-12-14,SPY,0.09090909090909091
2023-12-14,KO,0.09090909090909091
2023-12-14,AAPL,0.09090909090909091
2023-12-14,BA,0.09090909090909091
2023-12-14,JNJ,0.09090909090909091
2023-12-14,JPM,0.09090909090909091
2023-12-14,NVDA,0.09090909090909091
2023-12-14,WMT,0.09090909090909091
2023-12-14,MSFT,0.09090909090909091
2023-12-14,XOM,0.09090909090909091
2023-12-15,DIS,0.09090909090909091
2023-12-15,SPY,0.09090909090909091
2023-12-15,KO,0.09090909090909091
2023-12-15,AAPL,0.09090909090909091
2023-12-15,BA,0.09090909090909091
2023-12-15,JNJ,0.09090909090909091
2023-12-15,JPM,0.09090909090909091
2023-12-15,NVDA,0.09090909090909091
2023-12-15,WMT,0.09090909090909091
2023-12-15,MSFT,0.09090909090909091
2023-12-15,XOM,0.09090909090909091
2023-12-18,DIS,0.09090909090909091
2023-12-18,SPY,0.09090909090909091
2023-12-18,KO,0.09090909090909091
2023-12-18,AAPL,0.09090909090909091
2023-12-18,BA,0.09090909090909091
2023-12-18,JNJ,0.09090909090909091
2023-12-18,JPM,0.09090909090909091
2023-12-18,NVDA,0.09090909090909091
2023-12-18,WMT,0.09090909090909091
2023-12-18,MSFT,0.09090909090909091
2023-12-18,XOM,0.09090909090909091
2023-12-19,DIS,0.1
2023-12-19,SPY,0.1
2023-12-19,KO,0.1
2023-12-19,AAPL,0.1
2023-12-19,BA,0.1
2023-12-19,JNJ,0.1
2023-12-19,JPM,0.1
2023-12-19,NVDA,0.1
2023-12-19,MSFT,0.1
2023-12-19,XOM,0.1
2023-12-20,DIS,0.09090909090909091
2023-12-20,SPY,0.09090909090909091
2023-12-20,KO,0.09090909090909091
2023-12-20,AAPL,0.09090909090909091
2023-12-20,BA,0.09090909090909091
2023-12-20,JNJ,0.09090909090909091
2023-12-20,JPM,0.09090909090909091
2023-12-20,NVDA,0.09090909090909091
2023-12-20,WMT,0.09090909090909091
2023-12-20,MSFT,0.09090909090909091
2023-12-20,XOM,0.09090909090909091
2023-12-21,DIS,0.1
2023-12-21,SPY,0.1
2023-12-21,KO,0.1
2023-12-21,AAPL,0.1
2023-12-21,BA,0.1
2023-12-21,JNJ,0.1
2023-12-21,JPM,0.1
2023-12-21,NVDA,0.1
2023-12-21,MSFT,0.1
2023-12-21,XOM,0.1
2023-12-22,DIS,0.1
2023-12-22,SPY,0.1
2023-12-22,KO,0.1
2023-12-22,AAPL,0.1
2023-12-22,BA,0.1
2023-12-22,JNJ,0.1
2023-12-22,JPM,0.1
2023-12-22,NVDA,0.1
2023-12-22,MSFT,0.1
2023-12-22,XOM,0.1
2023-12-26,DIS,0.1
2023-12-26,SPY,0.1
2023-12-26,KO,0.1
2023-12-26,AAPL,0.1
2023-12-26,BA,0.1
2023-12-26,JNJ,0.1
2023-12-26,JPM,0.1
2023-12-26,NVDA,0.1
2023-12-26,MSFT,0.1
2023-12-26,XOM,0.1
2023-12-27,DIS,0.1
2023-12-27,SPY,0.1
2023-12-27,KO,0.1
2023-12-27,AAPL,0.1
2023-12-27,BA,0.1
2023-12-27,JNJ,0.1
2023-12-27,JPM,0.1
2023-12-27,NVDA,0.1
2023-12-27,MSFT,0.1
2023-12-27,XOM,0.1
2023-12-28,DIS,0.1
2023-12-28,SPY,0.1
2023-12-28,KO,0.1
2023-12-28,AAPL,0.1
2023-12-28,BA,0.1
2023-12-28,JNJ,0.1
2023-12-28,JPM,0.1
2023-12-28,NVDA,0.1
2023-12-28,MSFT,0.1
2023-12-28,XOM,0.1
2023-12-29,DIS,0.1
2023-12-29,SPY,0.1
2023-12-29,KO,0.1
2023-12-29,AAPL,0.1
2023-12-29,BA,0.1
2023-12-29,JNJ,0.1
2023-12-29,JPM,0.1
2023-12-29,NVDA,0.1
2023-12-29,MSFT,0.1
2023-12-29,XOM,0.1
2024-01-02,DIS,0.1
2024-01-02,SPY,0.1
2024-01-02,KO,0.1
2024-01-02,AAPL,0.1
2024-01-02,BA,0.1
2024-01-02,JNJ,0.1
2024-01-02,JPM,0.1
2024-01-02,NVDA,0.1
2024-01-02,MSFT,0.1
2024-01-02,XOM,0.1
2024-01-03,DIS,0.09090909090909091
2024-01-03,SPY,0.09090909090909091
2024-01-03,KO,0.09090909090909091
2024-01-03,AAPL,0.09090909090909091
2024-01-03,BA,0.09090909090909091
2024-01-03,JNJ,0.09090909090909091
2024-01-03,JPM,0.09090909090909091
2024-01-03,NVDA,0.09090909090909091
2024-01-03,WMT,0.09090909090909091
2024-01-03,MSFT,0.09090909090909091
2024-01-03,XOM,0.09090909090909091
2024-01-04,DIS,0.09090909090909091
2024-01-04,SPY,0.09090909090909091
2024-01-04,KO,0.09090909090909091
2024-01-04,AAPL,0.09090909090909091
2024-01-04,BA,0.09090909090909091
2024-01-04,JNJ,0.09090909090909091
2024-01-04,JPM,0.09090909090909091
2024-01-04,NVDA,0.09090909090909091
2024-01-04,WMT,0.09090909090909091
2024-01-04,MSFT,0.09090909090909091
2024-01-04,XOM,0.09090909090909091
2024-01-05,DIS,0.09090909090909091
2024-01-05,SPY,0.09090909090909091
2024-01-05,KO,0.09090909090909091
2024-01-05,AAPL,0.09090909090909091
2024-01-05,BA,0.09090909090909091
2024-01-05,JNJ,0.09090909090909091
2024-01-05,JPM,0.09090909090909091
2024-01-05,NVDA,0.09090909090909091
2024-01-05,WMT,0.09090909090909091
2024-01-05,MSFT,0.09090909090909091
2024-01-05,XOM,0.09090909090909091
2024-01-08,DIS,0.1
2024-01-08,SPY,0.1
2024-01-08,KO,0.1
2024-01-08,AAPL,0.1
2024-01-08,BA,0.1
2024-01-08,JNJ,0.1
2024-01-08,JPM,0.1
2024-01-08,NVDA,0.1
2024-01-08,MSFT,0.1
2024-01-08,XOM,0.1
2024-01-09,DIS,0.1
2024-01-09,SPY,0.1
2024-01-09,KO,0.1
2024-01-09,AAPL,0.1
2024-01-09,BA,0.1
2024-01-09,JNJ,0.1
2024-01-09,JPM,0.1
2024-01-09,NVDA,0.1
2024-01-09,MSFT,0.1
2024-01-09,XOM,0.1
2024-01-10,DIS,0.1
2024-01-10,SPY,0.1
2024-01-10,KO,0.1
2024-01-10,AAPL,0.1
2024-01-10,BA,0.1
2024-01-10,JNJ,0.1
2024-01-10,JPM,0.1
2024-01-10,NVDA,0.1
2024-01-10,MSFT,0.1
2024-01-10,XOM,0.1
2024-01-11,DIS,0.09090909090909091
2024-01-11,SPY,0.09090909090909091
2024-01-11,KO,0.09090909090909091
2024-01-11,AAPL,0.09090909090909091
2024-01-11,BA,0.09090909090909091
2024-01-11,JNJ,0.09090909090909091
2024-01-11,JPM,0.09090909090909091
2024-01-11,NVDA,0.09090909090909091
2024-01-11,WMT,0.09090909090909091
2024-01-11,MSFT,0.09090909090909091
2024-01-11,XOM,0.09090909090909091
2024-01-12,DIS,0.09090909090909091
2024-01-12,SPY,0.09090909090909091
2024-01-12,KO,0.09090909090909091
2024-01-12,AAPL,0.09090909090909091
2024-01-12,BA,0.09090909090909091
2024-01-12,JNJ,0.09090909090909091
2024-01-12,JPM,0.09090909090909091
2024-01-12,NVDA,0.09090909090909091
2024-01-12,WMT,0.09090909090909091
2024-01-12,MSFT,0.09090909090909091
2024-01-12,XOM,0.09090909090909091
2024-01-16,DIS,0.09090909090909091
2024-01-16,SPY,0.09090909090909091
2024-01-16,KO,0.09090909090909091
2024-01-16,AAPL,0.09090909090909091
2024-01-16,BA,0.09090909090909091
2024-01-16,JNJ,0.09090909090909091
2024-01-16,JPM,0.09090909090909091
2024-01-16,NVDA,0.09090909090909091
2024-01-16,WMT,0.09090909090909091
2024-01-16,MSFT,0.09090909090909091
2024-01-16,XOM,0.09090909090909091
2024-01-17,DIS,0.09090909090909091
2024-01-17,SPY,0.09090909090909091
2024-01-17,KO,0.09090909090909091
2024-01-17,AAPL,0.09090909090909091
2024-01-17,BA,0.09090909090909091
2024-01-17,JNJ,0.09090909090909091
2024-01-17,JPM,0.09090909090909091
2024-01-17,NVDA,0.09090909090909091
2024-01-17,WMT,0.09090909090909091
2024-01-17,MSFT,0.09090909090909091
2024-01-17,XOM,0.09090909090909091
2024-01-18,DIS,0.1
2024-01-18,SPY,0.1
2024-01-18,KO,0.1
2024-01-18,AAPL,0.1
2024-01-18,JNJ,0.1
2024-01-18,JPM,0.1
2024-01-18,NVDA,0.1
2024-01-18,WMT,0.1
2024-01-18,MSFT,0.1
2024-01-18,XOM,0.1
2024-01-19,DIS,0.1
2024-01-19,SPY,0.1
2024-01-19,KO,0.1
2024-01-19,AAPL,0.1
2024-01-19,JNJ,0.1
2024-01-19,JPM,0.1
2024-01-19,NVDA,0.1
2024-01-19,WMT,0.1
2024-01-19,MSFT,0.1
2024-01-19,XOM,0.1
2024-01-22,DIS,0.1
2024-01-22,SPY,0.1
2024-01-22,KO,0.1
2024-01-22,AAPL,0.1
2024-01-22,JNJ,0.1
2024-01-22,JPM,0.1
2024-01-22,NVDA,0.1
2024-01-22,WMT,0.1
2024-01-22,MSFT,0.1
2024-01-22,XOM,0.1
2024-01-23,DIS,0.09090909090909091
2024-01-23,SPY,0.09090909090909091
2024-01-23,KO,0.09090909090909091
2024-01-23,AAPL,0.09090909090909091
2024-01-23,BA,0.09090909090909091
2024-01-23,JNJ,0.09090909090909091
2024-01-23,JPM,0.09090909090909091
2024-01-23,NVDA,0.09090909090909091
2024-01-23,WMT,0.09090909090909091
2024-01-23,MSFT,0.09090909090909091
2024-01-23,XOM,0.09090909090909091
2024-01-24,DIS,0.1111111111111111
2024-01-24,SPY,0.1111111111111111
2024-01-24,KO,0.1111111111111111
2024-01-24,AAPL,0.1111111111111111
2024-01-24,JNJ,0.1111111111111111
2024-01-24,JPM,0.1111111111111111
2024-01-24,NVDA,0.1111111111111111
2024-01-24,WMT,0.1111111111111111
2024-01-24,MSFT,0.1111111111111111
2024-01-25,DIS,0.1
2024-01-25,SPY,0.1
2024-01-25,KO,0.1
2024-01-25,AAPL,0.1
2024-01-25,BA,0.1
2024-01-25,JNJ,0.1
2024-01-25,JPM,0.1
2024-01-25,NVDA,0.1
2024-01-25,WMT,0.1
2024-01-25,MSFT,0.1
2024-01-26,DIS,0.125
2024-01-26,SPY,0.125
2024-01-26,KO,0.125
2024-01-26,AAPL,0.125
2024-01-26,JNJ,0.125
2024-01-26,JPM,0.125
2024-01-26,NVDA,0.125
2024-01-26,MSFT,0.125
2024-01-29,DIS,0.09090909090909091
2024-01-29,SPY,0.09090909090909091
2024-01-29,KO,0.09090909090909091
2024-01-29,AAPL,0.09090909090909091
2024-01-29,BA,0.09090909090909091
2024-01-29,JNJ,0.09090909090909091
2024-01-29,JPM,0.09090909090909091
2024-01-29,NVDA,0.09090909090909091
2024-01-29,WMT,0.09090909090909091
2024-01-29,MSFT,0.09090909090909091
2024-01-29,XOM,0.09090909090909091
2024-01-30,DIS,0.1
2024-01-30,SPY,0.1
2024-01-30,KO,0.1
2024-01-30,AAPL,0.1
2024-01-30,BA,0.1
2024-01-30,JNJ,0.1
2024-01-30,JPM,0.1
2024-01-30,NVDA,0.1
2024-01-30,MSFT,0.1
2024-01-30,XOM,0.1
2024-01-31,DIS,0.1
2024-01-31,SPY,0.1
2024-01-31,KO,0.1
2024-01-31,AAPL,0.1
2024-01-31,JNJ,0.1
2024-01-31,JPM,0.1
2024-01-31,NVDA,0.1
2024-01-31,WMT,0.1
2024-01-31,MSFT,0.1
2024-01-31,XOM,0.1
2024-02-01,DIS,0.09090909090909091
2024-02-01,SPY,0.09090909090909091
2024-02-01,KO,0.09090909090909091
2024-02-01,AAPL,0.09090909090909091
2024-02-01,BA,0.09090909090909091
2024-02-01,JNJ,0.09090909090909091
2024-02-01,JPM,0.09090909090909091
2024-02-01,NVDA,0.09090909090909091
2024-02-01,WMT,0.09090909090909091
2024-02-01,MSFT,0.09090909090909091
2024-02-01,XOM,0.09090909090909091
2024-02-02,DIS,0.1
2024-02-02,SPY,0.1
2024-02-02,KO,0.1
2024-02-02,AAPL,0.1
2024-02-02,JNJ,0.1
2024-02-02,JPM,0.1
2024-02-02,NVDA,0.1
2024-02-02,WMT,0.1
2024-02-02,MSFT,0.1
2024-02-02,XOM,0.1
2024-02-05,DIS,0.09090909090909091
2024-02-05,SPY,0.09090909090909091
2024-02-05,KO,0.09090909090909091
2024-02-05,AAPL,0.09090909090909091
2024-02-05,BA,0.09090909090909091
2024-02-05,JNJ,0.09090909090909091
2024-02-05,JPM,0.09090909090909091
2024-02-05,NVDA,0.09090909090909091
2024-02-05,WMT,0.09090909090909091
2024-02-05,MSFT,0.09090909090909091
2024-02-05,XOM,0.09090909090909091
2024-02-06,DIS,0.09090909090909091
2024-02-06,SPY,0.09090909090909091
2024-02-06,KO,0.09090909090909091
2024-02-06,AAPL,0.09090909090909091
2024-02-06,BA,0.09090909090909091
2024-02-06,JNJ,0.09090909090909091
2024-02-06,JPM,0.09090909090909091
2024-02-06,NVDA,0.09090909090909091
2024-02-06,WMT,0.09090909090909091
2024-02-06,MSFT,0.09090909090909091
2024-02-06,XOM,0.09090909090909091
2024-02-07,DIS,0.09090909090909091
2024-02-07,SPY,0.09090909090909091
2024-02-07,KO,0.09090909090909091
2024-02-07,AAPL,0.09090909090909091
2024-02-07,BA,0.09090909090909091
2024-02-07,JNJ,0.09090909090909091
2024-02-07,JPM,0.09090909090909091
2024-02-07,NVDA,0.09090909090909091
2024-02-07,WMT,0.09090909090909091
2024-02-07,MSFT,0.09090909090909091
2024-02-07,XOM,0.09090909090909091
2024-02-08,DIS,0.09090909090909091
2024-02-08,SPY,0.09090909090909091
2024-02-08,KO,0.09090909090909091
2024-02-08,AAPL,0.09090909090909091
2024-02-08,BA,0.09090909090909091
2024-02-08,JNJ,0.09090909090909091
2024-02-08,JPM,0.09090909090909091
2024-02-08,NVDA,0.09090909090909091
2024-02-08,WMT,0.09090909090909091
2024-02-08,MSFT,0.09090909090909091
2024-02-08,XOM,0.09090909090909091
2024-02-09,DIS,0.09090909090909091
2024-02-09,SPY,0.09090909090909091
2024-02-09,KO,0.09090909090909091
2024-02-09,AAPL,0.09090909090909091
2024-02-09,BA,0.09090909090909091
2024-02-09,JNJ,0.09090909090909091
2024-02-09,JPM,0.09090909090909091
2024-02-09,NVDA,0.09090909090909091
2024-02-09,WMT,0.09090909090909091
2024-02-09,MSFT,0.09090909090909091
2024-02-09,XOM,0.09090909090909091
2024-02-12,DIS,0.09090909090909091
2024-02-12,SPY,0.09090909090909091
2024-02-12,KO,0.09090909090909091
2024-02-12,AAPL,0.09090909090909091
2024-02-12,BA,0.09090909090909091
2024-02-12,JNJ,0.09090909090909091
2024-02-12,JPM,0.09090909090909091
2024-02-12,NVDA,0.09090909090909091
2024-02-12,WMT,0.09090909090909091
2024-02-12,MSFT,0.09090909090909091
2024-02-12,XOM,0.09090909090909091
2024-02-13,DIS,0.09090909090909091
2024-02-13,SPY,0.09090909090909091
2024-02-13,KO,0.09090909090909091
2024-02-13,AAPL,0.09090909090909091
2024-02-13,BA,0.09090909090909091
2024-02-13,JNJ,0.09090909090909091
2024-02-13,JPM,0.09090909090909091
2024-02-13,NVDA,0.09090909090909091
2024-02-13,WMT,0.09090909090909091
2024-02-13,MSFT,0.09090909090909091
2024-02-13,XOM,0.09090909090909091
2024-02-14,DIS,0.09090909090909091
2024-02-14,SPY,0.09090909090909091
2024-02-14,KO,0.09090909090909091
2024-02-14,AAPL,0.09090909090909091
2024-02-14,BA,0.09090909090909091
2024-02-14,JNJ,0.09090909090909091
2024-02-14,JPM,0.09090909090909091
2024-02-14,NVDA,0.09090909090909091
2024-02-14,WMT,0.09090909090909091
2024-02-14,MSFT,0.09090909090909091
2024-02-14,XOM,0.09090909090909091
2024-02-15,DIS,0.09090909090909091
2024-02-15,SPY,0.09090909090909091
2024-02-15,KO,0.09090909090909091
2024-02-15,AAPL,0.09090909090909091
2024-02-15,BA,0.09090909090909091
2024-02-15,JNJ,0.09090909090909091
2024-02-15,JPM,0.09090909090909091
2024-02-15,NVDA,0.09090909090909091
2024-02-15,WMT,0.09090909090909091
2024-02-15,MSFT,0.09090909090909091
2024-02-15,XOM,0.09090909090909091
2024-02-16,DIS,0.09090909090909091
2024-02-16,SPY,0.09090909090909091
2024-02-16,KO,0.09090909090909091
2024-02-16,AAPL,0.09090909090909091
2024-02-16,BA,0.09090909090909091
2024-02-16,JNJ,0.09090909090909091
2024-02-16,JPM,0.09090909090909091
2024-02-16,NVDA,0.09090909090909091
2024-02-16,WMT,0.09090909090909091
2024-02-16,MSFT,0.09090909090909091
2024-02-16,XOM,0.09090909090909091
2024-02-20,DIS,0.09090909090909091
2024-02-20,SPY,0.09090909090909091
2024-02-20,KO,0.09090909090909091
2024-02-20,AAPL,0.09090909090909091
2024-02-20,BA,0.09090909090909091
2024-02-20,JNJ,0.09090909090909091
2024-02-20,JPM,0.09090909090909091
2024-02-20,NVDA,0.09090909090909091
2024-02-20,WMT,0.09090909090909091
2024-02-20,MSFT,0.09090909090909091
2024-02-20,XOM,0.09090909090909091
2024-02-21,DIS,0.09090909090909091
2024-02-21,SPY,0.09090909090909091
2024-02-21,KO,0.09090909090909091
2024-02-21,AAPL,0.09090909090909091
2024-02-21,BA,0.09090909090909091
2024-02-21,JNJ,0.09090909090909091
2024-02-21,JPM,0.09090909090909091
2024-02-21,NVDA,0.09090909090909091
2024-02-21,WMT,0.09090909090909091
2024-02-21,MSFT,0.09090909090909091
2024-02-21,XOM,0.09090909090909091
2024-02-22,DIS,0.09090909090909091
2024-02-22,SPY,0.09090909090909091
2024-02-22,KO,0.09090909090909091
2024-02-22,AAPL,0.09090909090909091
2024-02-22,BA,0.09090909090909091
2024-02-22,JNJ,0.09090909090909091
2024-02-22,JPM,0.09090909090909091
2024-02-22,NVDA,0.09090909090909091
2024-02-22,WMT,0.09090909090909091
2024-02-22,MSFT,0.09090909090909091
2024-02-22,XOM,0.09090909090909091
2024-02-23,DIS,0.09090909090909091
2024-02-23,SPY,0.09090909090909091
2024-02-23,KO,0.09090909090909091
2024-02-23,AAPL,0.09090909090909091
2024-02-23,BA,0.09090909090909091
2024-02-23,JNJ,0.09090909090909091
2024-02-23,JPM,0.09090909090909091
2024-02-23,NVDA,0.09090909090909091
2024-02-23,WMT,0.09090909090909091
2024-02-23,MSFT,0.09090909090909091
2024-02-23,XOM,0.09090909090909091
2024-02-26,DIS,0.09090909090909091
2024-02-26,SPY,0.09090909090909091
2024-02-26,KO,0.09090909090909091
2024-02-26,AAPL,0.09090909090909091
2024-02-26,BA,0.09090909090909091
2024-02-26,JNJ,0.09090909090909091
2024-02-26,JPM,0.09090909090909091
2024-02-26,NVDA,0.09090909090909091
2024-02-26,WMT,0.09090909090909091
2024-02-26,MSFT,0.09090909090909091
2024-02-26,XOM,0.09090909090909091
2024-02-27,DIS,0.09090909090909091
2024-02-27,SPY,0.09090909090909091
2024-02-27,KO,0.09090909090909091
2024-02-27,AAPL,0.09090909090909091
2024-02-27,BA,0.09090909090909091
2024-02-27,JNJ,0.09090909090909091
2024-02-27,JPM,0.09090909090909091
2024-02-27,NVDA,0.09090909090909091
2024-02-27,WMT,0.09090909090909091
2024-02-27,MSFT,0.09090909090909091
2024-02-27,XOM,0.09090909090909091
2024-02-28,DIS,0.09090909090909091
2024-02-28,SPY,0.09090909090909091
2024-02-28,KO,0.09090909090909091
2024-02-28,AAPL,0.09090909090909091
2024-02-28,BA,0.09090909090909091
2024-02-28,JNJ,0.09090909090909091
2024-02-28,JPM,0.09090909090909091
2024-02-28,NVDA,0.09090909090909091
2024-02-28,WMT,0.09090909090909091
2024-02-28,MSFT,0.09090909090909091
2024-02-28,XOM,0.09090909090909091
2024-02-29,DIS,0.09090909090909091
2024-02-29,SPY,0.09090909090909091
2024-02-29,KO,0.09090909090909091
2024-02-29,AAPL,0.09090909090909091
2024-02-29,BA,0.09090909090909091
2024-02-29,JNJ,0.09090909090909091
2024-02-29,JPM,0.09090909090909091
2024-02-29,NVDA,0.09090909090909091
2024-02-29,WMT,0.09090909090909091
2024-02-29,MSFT,0.09090909090909091
2024-02-29,XOM,0.09090909090909091
2024-03-01,DIS,0.09090909090909091
2024-03-01,SPY,0.09090909090909091
2024-03-01,KO,0.09090909090909091
2024-03-01,AAPL,0.09090909090909091
2024-03-01,BA,0.09090909090909091
2024-03-01,JNJ,0.09090909090909091
2024-03-01,JPM,0.09090909090909091
2024-03-01,NVDA,0.09090909090909091
2024-03-01,WMT,0.09090909090909091
2024-03-01,MSFT,0.09090909090909091
2024-03-01,XOM,0.09090909090909091
2024-03-04,DIS,0.1
2024-03-04,SPY,0.1
2024-03-04,KO,0.1
2024-03-04,AAPL,0.1
2024-03-04,BA,0.1
2024-03-04,JNJ,0.1
2024-03-04,JPM,0.1
2024-03-04,NVDA,0.1
2024-03-04,MSFT,0.1
2024-03-04,XOM,0.1
2024-03-05,DIS,0.09090909090909091
2024-03-05,SPY,0.09090909090909091
2024-03-05,KO,0.09090909090909091
2024-03-05,AAPL,0.09090909090909091
2024-03-05,BA,0.09090909090909091
2024-03-05,JNJ,0.09090909090909091
2024-03-05,JPM,0.09090909090909091
2024-03-05,NVDA,0.09090909090909091
2024-03-05,WMT,0.09090909090909091
2024-03-05,MSFT,0.09090909090909091
2024-03-05,XOM,0.09090909090909091
2024-03-06,DIS,0.09090909090909091
2024-03-06,SPY,0.09090909090909091
2024-03-06,KO,0.09090909090909091
2024-03-06,AAPL,0.09090909090909091
2024-03-06,BA,0.09090909090909091
2024-03-06,JNJ,0.09090909090909091
2024-03-06,JPM,0.09090909090909091
2024-03-06,NVDA,0.09090909090909091
2024-03-06,WMT,0.09090909090909091
2024-03-06,MSFT,0.09090909090909091
2024-03-06,XOM,0.09090909090909091
2024-03-07,DIS,0.09090909090909091
2024-03-07,SPY,0.09090909090909091
2024-03-07,KO,0.09090909090909091
2024-03-07,AAPL,0.09090909090909091
2024-03-07,BA,0.09090909090909091
2024-03-07,JNJ,0.09090909090909091
2024-03-07,JPM,0.09090909090909091
2024-03-07,NVDA,0.09090909090909091
2024-03-07,WMT,0.09090909090909091
2024-03-07,MSFT,0.09090909090909091
2024-03-07,XOM,0.09090909090909091
2024-03-08,DIS,0.09090909090909091
2024-03-08,SPY,0.09090909090909091
2024-03-08,KO,0.09090909090909091
2024-03-08,AAPL,0.09090909090909091
2024-03-08,BA,0.09090909090909091
2024-03-08,JNJ,0.09090909090909091
2024-03-08,JPM,0.09090909090909091
2024-03-08,NVDA,0.09090909090909091
2024-03-08,WMT,0.09090909090909091
2024-03-08,MSFT,0.09090909090909091
2024-03-08,XOM,0.09090909090909091
2024-03-11,DIS,0.09090909090909091
2024-03-11,SPY,0.09090909090909091
2024-03-11,KO,0.09090909090909091
2024-03-11,AAPL,0.09090909090909091
2024-03-11,BA,0.09090909090909091
2024-03-11,JNJ,0.09090909090909091
2024-03-11,JPM,0.09090909090909091
2024-03-11,NVDA,0.09090909090909091
2024-03-11,WMT,0.09090909090909091
2024-03-11,MSFT,0.09090909090909091
2024-03-11,XOM,0.09090909090909091
2024-03-12,DIS,0.09090909090909091
2024-03-12,SPY,0.09090909090909091
2024-03-12,KO,0.09090909090909091
2024-03-12,AAPL,0.09090909090909091
2024-03-12,BA,0.09090909090909091
2024-03-12,JNJ,0.09090909090909091
2024-03-12,JPM,0.09090909090909091
2024-03-12,NVDA,0.09090909090909091
2024-03-12,WMT,0.09090909090909091
2024-03-12,MSFT,0.09090909090909091
2024-03-12,XOM,0.09090909090909091
2024-03-13,DIS,0.09090909090909091
2024-03-13,SPY,0.09090909090909091
2024-03-13,KO,0.09090909090909091
2024-03-13,AAPL,0.09090909090909091
2024-03-13,BA,0.09090909090909091
2024-03-13,JNJ,0.09090909090909091
2024-03-13,JPM,0.09090909090909091
2024-03-13,NVDA,0.09090909090909091
2024-03-13,WMT,0.09090909090909091
2024-03-13,MSFT,0.09090909090909091
2024-03-13,XOM,0.09090909090909091
2024-03-14,DIS,0.09090909090909091
2024-03-14,SPY,0.09090909090909091
2024-03-14,KO,0.09090909090909091
2024-03-14,AAPL,0.09090909090909091
2024-03-14,BA,0.09090909090909091
2024-03-14,JNJ,0.09090909090909091
2024-03-14,JPM,0.09090909090909091
2024-03-14,NVDA,0.09090909090909091
2024-03-14,WMT,0.09090909090909091
2024-03-14,MSFT,0.09090909090909091
2024-03-14,XOM,0.09090909090909091
2024-03-15,DIS,0.09090909090909091
2024-03-15,SPY,0.09090909090909091
2024-03-15,KO,0.09090909090909091
2024-03-15,AAPL,0.09090909090909091
2024-03-15,BA,0.09090909090909091
2024-03-15,JNJ,0.09090909090909091
2024-03-15,JPM,0.09090909090909091
2024-03-15,NVDA,0.09090909090909091
2024-03-15,WMT,0.09090909090909091
2024-03-15,MSFT,0.09090909090909091
2024-03-15,XOM,0.09090909090909091
2024-03-18,DIS,0.09090909090909091
2024-03-18,SPY,0.09090909090909091
2024-03-18,KO,0.09090909090909091
2024-03-18,AAPL,0.09090909090909091
2024-03-18,BA,0.09090909090909091
2024-03-18,JNJ,0.09090909090909091
2024-03-18,JPM,0.09090909090909091
2024-03-18,NVDA,0.09090909090909091
2024-03-18,WMT,0.09090909090909091
2024-03-18,MSFT,0.09090909090909091
2024-03-18,XOM,0.09090909090909091
2024-03-19,DIS,0.09090909090909091
2024-03-19,SPY,0.09090909090909091
2024-03-19,KO,0.09090909090909091
2024-03-19,AAPL,0.09090909090909091
2024-03-19,BA,0.09090909090909091
2024-03-19,JNJ,0.09090909090909091
2024-03-19,JPM,0.09090909090909091
2024-03-19,NVDA,0.09090909090909091
2024-03-19,WMT,0.09090909090909091
2024-03-19,MSFT,0.09090909090909091
2024-03-19,XOM,0.09090909090909091
2024-03-20,DIS,0.09090909090909091
2024-03-20,SPY,0.09090909090909091
2024-03-20,KO,0.09090909090909091
2024-03-20,AAPL,0.09090909090909091
2024-03-20,BA,0.09090909090909091
2024-03-20,JNJ,0.09090909090909091
2024-03-20,JPM,0.09090909090909091
2024-03-20,NVDA,0.09090909090909091
2024-03-20,WMT,0.09090909090909091
2024-03-20,MSFT,0.09090909090909091
2024-03-20,XOM,0.09090909090909091
2024-03-21,DIS,0.09090909090909091
2024-03-21,SPY,0.09090909090909091
2024-03-21,KO,0.09090909090909091
2024-03-21,AAPL,0.09090909090909091
2024-03-21,BA,0.09090909090909091
2024-03-21,JNJ,0.09090909090909091
2024-03-21,JPM,0.09090909090909091
2024-03-21,NVDA,0.09090909090909091
2024-03-21,WMT,0.09090909090909091
2024-03-21,MSFT,0.09090909090909091
2024-03-21,XOM,0.09090909090909091
2024-03-22,DIS,0.09090909090909091
2024-03-22,SPY,0.09090909090909091
2024-03-22,KO,0.09090909090909091
2024-03-22,AAPL,0.09090909090909091
2024-03-22,BA,0.09090909090909091
2024-03-22,JNJ,0.09090909090909091
2024-03-22,JPM,0.09090909090909091
2024-03-22,NVDA,0.09090909090909091
2024-03-22,WMT,0.09090909090909091
2024-03-22,MSFT,0.09090909090909091
2024-03-22,XOM,0.09090909090909091
2024-03-25,DIS,0.09090909090909091
2024-03-25,SPY,0.09090909090909091
2024-03-25,KO,0.09090909090909091
2024-03-25,AAPL,0.09090909090909091
2024-03-25,BA,0.09090909090909091
2024-03-25,JNJ,0.09090909090909091
2024-03-25,JPM,0.09090909090909091
2024-03-25,NVDA,0.09090909090909091
2024-03-25,WMT,0.09090909090909091
2024-03-25,MSFT,0.09090909090909091
2024-03-25,XOM,0.09090909090909091
2024-03-26,DIS,0.09090909090909091
2024-03-26,SPY,0.09090909090909091
2024-03-26,KO,0.09090909090909091
2024-03-26,AAPL,0.09090909090909091
2024-03-26,BA,0.09090909090909091
2024-03-26,JNJ,0.09090909090909091
2024-03-26,JPM,0.09090909090909091
2024-03-26,NVDA,0.09090909090909091
2024-03-26,WMT,0.09090909090909091
2024-03-26,MSFT,0.09090909090909091
2024-03-26,XOM,0.09090909090909091
2024-03-27,DIS,0.09090909090909091
2024-03-27,SPY,0.09090909090909091
2024-03-27,KO,0.09090909090909091
2024-03-27,AAPL,0.09090909090909091
2024-03-27,BA,0.09090909090909091
2024-03-27,JNJ,0.09090909090909091
2024-03-27,JPM,0.09090909090909091
2024-03-27,NVDA,0.09090909090909091
2024-03-27,WMT,0.09090909090909091
2024-03-27,MSFT,0.09090909090909091
2024-03-27,XOM,0.09090909090909091
2024-03-28,DIS,0.09090909090909091
2024-03-28,SPY,0.09090909090909091
2024-03-28,KO,0.09090909090909091
2024-03-28,AAPL,0.09090909090909091
2024-03-28,BA,0.09090909090909091
2024-03-28,JNJ,0.09090909090909091
2024-03-28,JPM,0.09090909090909091
2024-03-28,NVDA,0.09090909090909091
2024-03-28,WMT,0.09090909090909091
2024-03-28,MSFT,0.09090909090909091
2024-03-28,XOM,0.09090909090909091
2024-04-01,DIS,0.09090909090909091
2024-04-01,SPY,0.09090909090909091
2024-04-01,KO,0.09090909090909091
2024-04-01,AAPL,0.09090909090909091
2024-04-01,BA,0.09090909090909091
2024-04-01,JNJ,0.09090909090909091
2024-04-01,JPM,0.09090909090909091
2024-04-01,NVDA,0.09090909090909091
2024-04-01,WMT,0.09090909090909091
2024-04-01,MSFT,0.09090909090909091
2024-04-01,XOM,0.09090909090909091
2024-04-02,DIS,0.09090909090909091
2024-04-02,SPY,0.09090909090909091
2024-04-02,KO,0.09090909090909091
2024-04-02,AAPL,0.09090909090909091
2024-04-02,BA,0.09090909090909091
2024-04-02,JNJ,0.09090909090909091
2024-04-02,JPM,0.09090909090909091
2024-04-02,NVDA,0.09090909090909091
2024-04-02,WMT,0.09090909090909091
2024-04-02,MSFT,0.09090909090909091
2024-04-02,XOM,0.09090909090909091
2024-04-03,DIS,0.09090909090909091
2024-04-03,SPY,0.09090909090909091
2024-04-03,KO,0.09090909090909091
2024-04-03,AAPL,0.09090909090909091
2024-04-03,BA,0.09090909090909091
2024-04-03,JNJ,0.09090909090909091
2024-04-03,JPM,0.09090909090909091
2024-04-03,NVDA,0.09090909090909091
2024-04-03,WMT,0.09090909090909091
2024-04-03,MSFT,0.09090909090909091
2024-04-03,XOM,0.09090909090909091
2024-04-04,DIS,0.09090909090909091
2024-04-04,SPY,0.09090909090909091
2024-04-04,KO,0.09090909090909091
2024-04-04,AAPL,0.09090909090909091
2024-04-04,BA,0.09090909090909091
2024-04-04,JNJ,0.09090909090909091
2024-04-04,JPM,0.09090909090909091
2024-04-04,NVDA,0.09090909090909091
2024-04-04,WMT,0.09090909090909091
2024-04-04,MSFT,0.09090909090909091
2024-04-04,XOM,0.09090909090909091
2024-04-05,DIS,0.09090909090909091
2024-04-05,SPY,0.09090909090909091
2024-04-05,KO,0.09090909090909091
2024-04-05,AAPL,0.09090909090909091
2024-04-05,BA,0.09090909090909091
2024-04-05,JNJ,0.09090909090909091
2024-04-05,JPM,0.09090909090909091
2024-04-05,NVDA,0.09090909090909091
2024-04-05,WMT,0.09090909090909091
2024-04-05,MSFT,0.09090909090909091
2024-04-05,XOM,0.09090909090909091
2024-04-08,DIS,0.09090909090909091
2024-04-08,SPY,0.09090909090909091
2024-04-08,KO,0.09090909090909091
2024-04-08,AAPL,0.09090909090909091
2024-04-08,BA,0.09090909090909091
2024-04-08,JNJ,0.09090909090909091
2024-04-08,JPM,0.09090909090909091
2024-04-08,NVDA,0.09090909090909091
2024-04-08,WMT,0.09090909090909091
2024-04-08,MSFT,0.09090909090909091
2024-04-08,XOM,0.09090909090909091
2024-04-09,DIS,0.09090909090909091
2024-04-09,SPY,0.09090909090909091
2024-04-09,KO,0.09090909090909091
2024-04-09,AAPL,0.09090909090909091
2024-04-09,BA,0.09090909090909091
2024-04-09,JNJ,0.09090909090909091
2024-04-09,JPM,0.09090909090909091
2024-04-09,NVDA,0.09090909090909091
2024-04-09,WMT,0.09090909090909091
2024-04-09,MSFT,0.09090909090909091
2024-04-09,XOM,0.09090909090909091
2024-04-10,DIS,0.1
2024-04-10,SPY,0.1
2024-04-10,KO,0.1
2024-04-10,AAPL,0.1
2024-04-10,BA,0.1
2024-04-10,JNJ,0.1
2024-04-10,JPM,0.1
2024-04-10,NVDA,0.1
2024-04-10,MSFT,0.1
2024-04-10,XOM,0.1
2024-04-11,DIS,0.09090909090909091
2024-04-11,SPY,0.09090909090909091
2024-04-11,KO,0.09090909090909091
2024-04-11,AAPL,0.09090909090909091
2024-04-11,BA,0.09090909090909091
2024-04-11,JNJ,0.09090909090909091
2024-04-11,JPM,0.09090909090909091
2024-04-11,NVDA,0.09090909090909091
2024-04-11,WMT,0.09090909090909091
2024-04-11,MSFT,0.09090909090909091
2024-04-11,XOM,0.09090909090909091
2024-04-12,DIS,0.09090909090909091
2024-04-12,SPY,0.09090909090909091
2024-04-12,KO,0.09090909090909091
2024-04-12,AAPL,0.09090909090909091
2024-04-12,BA,0.09090909090909091
2024-04-12,JNJ,0.09090909090909091
2024-04-12,JPM,0.09090909090909091
2024-04-12,NVDA,0.09090909090909091
2024-04-12,WMT,0.09090909090909091
2024-04-12,MSFT,0.09090909090909091
2024-04-12,XOM,0.09090909090909091
2024-04-15,DIS,0.09090909090909091
2024-04-15,SPY,0.09090909090909091
2024-04-15,KO,0.09090909090909091
2024-04-15,AAPL,0.09090909090909091
2024-04-15,BA,0.09090909090909091
2024-04-15,JNJ,0.09090909090909091
2024-04-15,JPM,0.09090909090909091
2024-04-15,NVDA,0.09090909090909091
2024-04-15,WMT,0.09090909090909091
2024-04-15,MSFT,0.09090909090909091
2024-04-15,XOM,0.09090909090909091
2024-04-16,DIS,0.09090909090909091
2024-04-16,SPY,0.09090909090909091
2024-04-16,KO,0.09090909090909091
2024-04-16,AAPL,0.09090909090909091
2024-04-16,BA,0.09090909090909091
2024-04-16,JNJ,0.09090909090909091
2024-04-16,JPM,0.09090909090909091
2024-04-16,NVDA,0.09090909090909091
2024-04-16,WMT,0.09090909090909091
2024-04-16,MSFT,0.09090909090909091
2024-04-16,XOM,0.09090909090909091
2024-04-17,DIS,0.09090909090909091
2024-04-17,SPY,0.09090909090909091
2024-04-17,KO,0.09090909090909091
2024-04-17,AAPL,0.09090909090909091
2024-04-17,BA,0.09090909090909091
2024-04-17,JNJ,0.09090909090909091
2024-04-17,JPM,0.09090909090909091
2024-04-17,NVDA,0.09090909090909091
2024-04-17,WMT,0.09090909090909091
2024-04-17,MSFT,0.09090909090909091
2024-04-17,XOM,0.09090909090909091
2024-04-18,DIS,0.1
2024-04-18,SPY,0.1
2024-04-18,KO,0.1
2024-04-18,AAPL,0.1
2024-04-18,BA,0.1
2024-04-18,JPM,0.1
2024-04-18,NVDA,0.1
2024-04-18,WMT,0.1
2024-04-18,MSFT,0.1
2024-04-18,XOM,0.1
2024-04-19,DIS,0.1111111111111111
2024-04-19,SPY,0.1111111111111111
2024-04-19,KO,0.1111111111111111
2024-04-19,AAPL,0.1111111111111111
2024-04-19,BA,0.1111111111111111
2024-04-19,JPM,0.1111111111111111
2024-04-19,NVDA,0.1111111111111111
2024-04-19,MSFT,0.1111111111111111
2024-04-19,XOM,0.1111111111111111
2024-04-22,DIS,0.1111111111111111
2024-04-22,SPY,0.1111111111111111
2024-04-22,KO,0.1111111111111111
2024-04-22,AAPL,0.1111111111111111
2024-04-22,BA,0.1111111111111111
2024-04-22,JPM,0.1111111111111111
2024-04-22,NVDA,0.1111111111111111
2024-04-22,MSFT,0.1111111111111111
2024-04-22,XOM,0.1111111111111111
2024-04-23,DIS,0.09090909090909091
2024-04-23,SPY,0.09090909090909091
2024-04-23,KO,0.09090909090909091
2024-04-23,AAPL,0.09090909090909091
2024-04-23,BA,0.09090909090909091
2024-04-23,JNJ,0.09090909090909091
2024-04-23,JPM,0.09090909090909091
2024-04-23,NVDA,0.09090909090909091
2024-04-23,WMT,0.09090909090909091
2024-04-23,MSFT,0.09090909090909091
2024-04-23,XOM,0.09090909090909091
2024-04-24,DIS,0.09090909090909091
2024-04-24,SPY,0.09090909090909091
2024-04-24,KO,0.09090909090909091
2024-04-24,AAPL,0.09090909090909091
2024-04-24,BA,0.09090909090909091
2024-04-24,JNJ,0.09090909090909091
2024-04-24,JPM,0.09090909090909091
2024-04-24,NVDA,0.09090909090909091
2024-04-24,WMT,0.09090909090909091
2024-04-24,MSFT,0.09090909090909091
2024-04-24,XOM,0.09090909090909091
2024-04-25,DIS,0.09090909090909091
2024-04-25,SPY,0.09090909090909091
2024-04-25,KO,0.09090909090909091
2024-04-25,AAPL,0.09090909090909091
2024-04-25,BA,0.09090909090909091
2024-04-25,JNJ,0.09090909090909091
2024-04-25,JPM,0.09090909090909091
2024-04-25,NVDA,0.09090909090909091
2024-04-25,WMT,0.09090909090909091
2024-04-25,MSFT,0.09090909090909091
2024-04-25,XOM,0.09090909090909091
2024-04-26,DIS,0.09090909090909091
2024-04-26,SPY,0.09090909090909091
2024-04-26,KO,0.09090909090909091
2024-04-26,AAPL,0.09090909090909091
2024-04-26,BA,0.09090909090909091
2024-04-26,JNJ,0.09090909090909091
2024-04-26,JPM,0.09090909090909091
2024-04-26,NVDA,0.09090909090909091
2024-04-26,WMT,0.09090909090909091
2024-04-26,MSFT,0.09090909090909091
2024-04-26,XOM,0.09090909090909091
2024-04-29,DIS,0.1
2024-04-29,SPY,0.1
2024-04-29,KO,0.1
2024-04-29,AAPL,0.1
2024-04-29,JNJ,0.1
2024-04-29,JPM,0.1
2024-04-29,NVDA,0.1
2024-04-29,WMT,0.1
2024-04-29,MSFT,0.1
2024-04-29,XOM,0.1
2024-04-30,DIS,0.09090909090909091
2024-04-30,SPY,0.09090909090909091
2024-04-30,KO,0.09090909090909091
2024-04-30,AAPL,0.09090909090909091
2024-04-30,BA,0.09090909090909091
2024-04-30,JNJ,0.09090909090909091
2024-04-30,JPM,0.09090909090909091
2024-04-30,NVDA,0.09090909090909091
2024-04-30,WMT,0.09090909090909091
2024-04-30,MSFT,0.09090909090909091
2024-04-30,XOM,0.09090909090909091
2024-05-01,DIS,0.09090909090909091
2024-05-01,SPY,0.09090909090909091
2024-05-01,KO,0.09090909090909091
2024-05-01,AAPL,0.09090909090909091
2024-05-01,BA,0.09090909090909091
2024-05-01,JNJ,0.09090909090909091
2024-05-01,JPM,0.09090909090909091
2024-05-01,NVDA,0.09090909090909091
2024-05-01,WMT,0.09090909090909091
2024-05-01,MSFT,0.09090909090909091
2024-05-01,XOM,0.09090909090909091
2024-05-02,DIS,0.1
2024-05-02,SPY,0.1
2024-05-02,KO,0.1
2024-05-02,AAPL,0.1
2024-05-02,JNJ,0.1
2024-05-02,JPM,0.1
2024-05-02,NVDA,0.1
2024-05-02,WMT,0.1
2024-05-02,MSFT,0.1
2024-05-02,XOM,0.1
2024-05-03,DIS,0.1111111111111111
2024-05-03,SPY,0.1111111111111111
2024-05-03,KO,0.1111111111111111
2024-05-03,AAPL,0.1111111111111111
2024-05-03,JNJ,0.1111111111111111
2024-05-03,JPM,0.1111111111111111
2024-05-03,NVDA,0.1111111111111111
2024-05-03,MSFT,0.1111111111111111
2024-05-03,XOM,0.1111111111111111
2024-05-06,DIS,0.1
2024-05-06,SPY,0.1
2024-05-06,KO,0.1
2024-05-06,AAPL,0.1
2024-05-06,BA,0.1
2024-05-06,JNJ,0.1
2024-05-06,JPM,0.1
2024-05-06,NVDA,0.1
2024-05-06,MSFT,0.1
2024-05-06,XOM,0.1
2024-05-07,DIS,0.1
2024-05-07,SPY,0.1
2024-05-07,KO,0.1
2024-05-07,AAPL,0.1
2024-05-07,BA,0.1
2024-05-07,JNJ,0.1
2024-05-07,JPM,0.1
2024-05-07,NVDA,0.1
2024-05-07,MSFT,0.1
2024-05-07,XOM,0.1
2024-05-08,DIS,0.1
2024-05-08,SPY,0.1
2024-05-08,KO,0.1
2024-05-08,AAPL,0.1
2024-05-08,BA,0.1
2024-05-08,JNJ,0.1
2024-05-08,JPM,0.1
2024-05-08,NVDA,0.1
2024-05-08,MSFT,0.1
2024-05-08,XOM,0.1
2024-05-09,DIS,0.1111111111111111
2024-05-09,SPY,0.1111111111111111
2024-05-09,KO,0.1111111111111111
2024-05-09,AAPL,0.1111111111111111
2024-05-09,JNJ,0.1111111111111111
2024-05-09,JPM,0.1111111111111111
2024-05-09,NVDA,0.1111111111111111
2024-05-09,MSFT,0.1111111111111111
2024-05-09,XOM,0.1111111111111111
2024-05-10,DIS,0.1
2024-05-10,SPY,0.1
2024-05-10,KO,0.1
2024-05-10,AAPL,0.1
2024-05-10,BA,0.1
2024-05-10,JNJ,0.1
2024-05-10,JPM,0.1
2024-05-10,NVDA,0.1
2024-05-10,MSFT,0.1
2024-05-10,XOM,0.1
2024-05-13,DIS,0.09090909090909091
2024-05-13,SPY,0.09090909090909091
2024-05-13,KO,0.09090909090909091
2024-05-13,AAPL,0.09090909090909091
2024-05-13,BA,0.09090909090909091
2024-05-13,JNJ,0.09090909090909091
2024-05-13,JPM,0.09090909090909091
2024-05-13,NVDA,0.09090909090909091
2024-05-13,WMT,0.09090909090909091
2024-05-13,MSFT,0.09090909090909091
2024-05-13,XOM,0.09090909090909091
2024-05-14,DIS,0.09090909090909091
2024-05-14,SPY,0.09090909090909091
2024-05-14,KO,0.09090909090909091
2024-05-14,AAPL,0.09090909090909091
2024-05-14,BA,0.09090909090909091
2024-05-14,JNJ,0.09090909090909091
2024-05-14,JPM,0.09090909090909091
2024-05-14,NVDA,0.09090909090909091
2024-05-14,WMT,0.09090909090909091
2024-05-14,MSFT,0.09090909090909091
2024-05-14,XOM,0.09090909090909091
2024-05-15,DIS,0.1
2024-05-15,SPY,0.1
2024-05-15,KO,0.1
2024-05-15,AAPL,0.1
2024-05-15,BA,0.1
2024-05-15,JNJ,0.1
2024-05-15,JPM,0.1
2024-05-15,NVDA,0.1
2024-05-15,MSFT,0.1
2024-05-15,XOM,0.1
2024-05-16,DIS,0.1
2024-05-16,SPY,0.1
2024-05-16,KO,0.1
2024-05-16,AAPL,0.1
2024-05-16,BA,0.1
2024-05-16,JNJ,0.1
2024-05-16,JPM,0.1
2024-05-16,NVDA,0.1
2024-05-16,MSFT,0.1
2024-05-16,XOM,0.1
2024-05-17,DIS,0.1
2024-05-17,SPY,0.1
2024-05-17,KO,0.1
2024-05-17,AAPL,0.1
2024-05-17,BA,0.1
2024-05-17,JNJ,0.1
2024-05-17,JPM,0.1
2024-05-17,NVDA,0.1
2024-05-17,MSFT,0.1
2024-05-17,XOM,0.1
2024-05-20,DIS,0.1
2024-05-20,SPY,0.1
2024-05-20,KO,0.1
2024-05-20,AAPL,0.1
2024-05-20,BA,0.1
2024-05-20,JNJ,0.1
2024-05-20,JPM,0.1
2024-05-20,NVDA,0.1
2024-05-20,MSFT,0.1
2024-05-20,XOM,0.1
2024-05-21,DIS,0.1
2024-05-21,SPY,0.1
2024-05-21,KO,0.1
2024-05-21,AAPL,0.1
2024-05-21,BA,0.1
2024-05-21,JNJ,0.1
2024-05-21,JPM,0.1
2024-05-21,NVDA,0.1
2024-05-21,MSFT,0.1
2024-05-21,XOM,0.1
2024-05-22,DIS,0.09090909090909091
2024-05-22,SPY,0.09090909090909091
2024-05-22,KO,0.09090909090909091
2024-05-22,AAPL,0.09090909090909091
2024-05-22,BA,0.09090909090909091
2024-05-22,JNJ,0.09090909090909091
2024-05-22,JPM,0.09090909090909091
2024-05-22,NVDA,0.09090909090909091
2024-05-22,WMT,0.09090909090909091
2024-05-22,MSFT,0.09090909090909091
2024-05-22,XOM,0.09090909090909091
2024-05-23,DIS,0.09090909090909091
2024-05-23,SPY,0.09090909090909091
2024-05-23,KO,0.09090909090909091
2024-05-23,AAPL,0.09090909090909091
2024-05-23,BA,0.09090909090909091
2024-05-23,JNJ,0.09090909090909091
2024-05-23,JPM,0.09090909090909091
2024-05-23,NVDA,0.09090909090909091
2024-05-23,WMT,0.09090909090909091
2024-05-23,MSFT,0.09090909090909091
2024-05-23,XOM,0.09090909090909091
2024-05-24,DIS,0.09090909090909091
2024-05-24,SPY,0.09090909090909091
2024-05-24,KO,0.09090909090909091
2024-05-24,AAPL,0.09090909090909091
2024-05-24,BA,0.09090909090909091
2024-05-24,JNJ,0.09090909090909091
2024-05-24,JPM,0.09090909090909091
2024-05-24,NVDA,0.09090909090909091
2024-05-24,WMT,0.09090909090909091
2024-05-24,MSFT,0.09090909090909091
2024-05-24,XOM,0.09090909090909091
2024-05-28,DIS,0.09090909090909091
2024-05-28,SPY,0.09090909090909091
2024-05-28,KO,0.09090909090909091
2024-05-28,AAPL,0.09090909090909091
2024-05-28,BA,0.09090909090909091
2024-05-28,JNJ,0.09090909090909091
2024-05-28,JPM,0.09090909090909091
2024-05-28,NVDA,0.09090909090909091
2024-05-28,WMT,0.09090909090909091
2024-05-28,MSFT,0.09090909090909091
2024-05-28,XOM,0.09090909090909091
2024-05-29,DIS,0.09090909090909091
2024-05-29,SPY,0.09090909090909091
2024-05-29,KO,0.09090909090909091
2024-05-29,AAPL,0.09090909090909091
2024-05-29,BA,0.09090909090909091
2024-05-29,JNJ,0.09090909090909091
2024-05-29,JPM,0.09090909090909091
2024-05-29,NVDA,0.09090909090909091
2024-05-29,WMT,0.09090909090909091
2024-05-29,MSFT,0.09090909090909091
2024-05-29,XOM,0.09090909090909091
2024-05-30,DIS,0.09090909090909091
2024-05-30,SPY,0.09090909090909091
2024-05-30,KO,0.09090909090909091
2024-05-30,AAPL,0.09090909090909091
2024-05-30,BA,0.09090909090909091
2024-05-30,JNJ,0.09090909090909091
2024-05-30,JPM,0.09090909090909091
2024-05-30,NVDA,0.09090909090909091
2024-05-30,WMT,0.09090909090909091
2024-05-30,MSFT,0.09090909090909091
2024-05-30,XOM,0.09090909090909091
2024-05-31,DIS,0.1111111111111111
2024-05-31,SPY,0.1111111111111111
2024-05-31,KO,0.1111111111111111
2024-05-31,AAPL,0.1111111111111111
2024-05-31,JNJ,0.1111111111111111
2024-05-31,JPM,0.1111111111111111
2024-05-31,NVDA,0.1111111111111111
2024-05-31,WMT,0.1111111111111111
2024-05-31,MSFT,0.1111111111111111
2024-06-03,DIS,0.1
2024-06-03,SPY,0.1
2024-06-03,KO,0.1
2024-06-03,AAPL,0.1
2024-06-03,JNJ,0.1
2024-06-03,JPM,0.1
2024-06-03,NVDA,0.1
2024-06-03,WMT,0.1
2024-06-03,MSFT,0.1
2024-06-03,XOM,0.1
2024-06-04,DIS,0.1
2024-06-04,SPY,0.1
2024-06-04,KO,0.1
2024-06-04,AAPL,0.1
2024-06-04,JNJ,0.1
2024-06-04,JPM,0.1
2024-06-04,NVDA,0.1
2024-06-04,WMT,0.1
2024-06-04,MSFT,0.1
2024-06-04,XOM,0.1
2024-06-05,DIS,0.1
2024-06-05,SPY,0.1
2024-06-05,KO,0.1
2024-06-05,AAPL,0.1
2024-06-05,JNJ,0.1
2024-06-05,JPM,0.1
2024-06-05,NVDA,0.1
2024-06-05,WMT,0.1
2024-06-05,MSFT,0.1
2024-06-05,XOM,0.1
2024-06-06,DIS,0.1111111111111111
2024-06-06,SPY,0.1111111111111111
2024-06-06,KO,0.1111111111111111
2024-06-06,AAPL,0.1111111111111111
2024-06-06,JNJ,0.1111111111111111
2024-06-06,JPM,0.1111111111111111
2024-06-06,NVDA,0.1111111111111111
2024-06-06,WMT,0.1111111111111111
2024-06-06,MSFT,0.1111111111111111
2024-06-07,DIS,0.09090909090909091
2024-06-07,SPY,0.09090909090909091
2024-06-07,KO,0.09090909090909091
2024-06-07,AAPL,0.09090909090909091
2024-06-07,BA,0.09090909090909091
2024-06-07,JNJ,0.09090909090909091
2024-06-07,JPM,0.09090909090909091
2024-06-07,NVDA,0.09090909090909091
2024-06-07,WMT,0.09090909090909091
2024-06-07,MSFT,0.09090909090909091
2024-06-07,XOM,0.09090909090909091
2024-06-10,DIS,0.09090909090909091
2024-06-10,SPY,0.09090909090909091
2024-06-10,KO,0.09090909090909091
2024-06-10,AAPL,0.09090909090909091
2024-06-10,BA,0.09090909090909091
2024-06-10,JNJ,0.09090909090909091
2024-06-10,JPM,0.09090909090909091
2024-06-10,NVDA,0.09090909090909091
2024-06-10,WMT,0.09090909090909091
2024-06-10,MSFT,0.09090909090909091
2024-06-10,XOM,0.09090909090909091
2024-06-11,DIS,0.09090909090909091
2024-06-11,SPY,0.09090909090909091
2024-06-11,KO,0.09090909090909091
2024-06-11,AAPL,0.09090909090909091
2024-06-11,BA,0.09090909090909091
2024-06-11,JNJ,0.09090909090909091
2024-06-11,JPM,0.09090909090909091
2024-06-11,NVDA,0.09090909090909091
2024-06-11,WMT,0.09090909090909091
2024-06-11,MSFT,0.09090909090909091
2024-06-11,XOM,0.09090909090909091
2024-06-12,DIS,0.09090909090909091
2024-06-12,SPY,0.09090909090909091
2024-06-12,KO,0.09090909090909091
2024-06-12,AAPL,0.09090909090909091
2024-06-12,BA,0.09090909090909091
2024-06-12,JNJ,0.09090909090909091
2024-06-12,JPM,0.09090909090909091
2024-06-12,NVDA,0.09090909090909091
2024-06-12,WMT,0.09090909090909091
2024-06-12,MSFT,0.09090909090909091
2024-06-12,XOM,0.09090909090909091
2024-06-13,DIS,0.09090909090909091
2024-06-13,SPY,0.09090909090909091
2024-06-13,KO,0.09090909090909091
2024-06-13,AAPL,0.09090909090909091
2024-06-13,BA,0.09090909090909091
2024-06-13,JNJ,0.09090909090909091
2024-06-13,JPM,0.09090909090909091
2024-06-13,NVDA,0.09090909090909091
2024-06-13,WMT,0.09090909090909091
2024-06-13,MSFT,0.09090909090909091
2024-06-13,XOM,0.09090909090909091
2024-06-14,DIS,0.09090909090909091
2024-06-14,SPY,0.09090909090909091
2024-06-14,KO,0.09090909090909091
2024-06-14,AAPL,0.09090909090909091
2024-06-14,BA,0.09090909090909091
2024-06-14,JNJ,0.09090909090909091
2024-06-14,JPM,0.09090909090909091
2024-06-14,NVDA,0.09090909090909091
2024-06-14,WMT,0.09090909090909091
2024-06-14,MSFT,0.09090909090909091
2024-06-14,XOM,0.09090909090909091
2024-06-17,DIS,0.1
2024-06-17,SPY,0.1
2024-06-17,KO,0.1
2024-06-17,AAPL,0.1
2024-06-17,BA,0.1
2024-06-17,JNJ,0.1
2024-06-17,JPM,0.1
2024-06-17,NVDA,0.1
2024-06-17,MSFT,0.1
2024-06-17,XOM,0.1
2024-06-18,DIS,0.09090909090909091
2024-06-18,SPY,0.09090909090909091
2024-06-18,KO,0.09090909090909091
2024-06-18,AAPL,0.09090909090909091
2024-06-18,BA,0.09090909090909091
2024-06-18,JNJ,0.09090909090909091
2024-06-18,JPM,0.09090909090909091
2024-06-18,NVDA,0.09090909090909091
2024-06-18,WMT,0.09090909090909091
2024-06-18,MSFT,0.09090909090909091
2024-06-18,XOM,0.09090909090909091
2024-06-20,DIS,0.09090909090909091
2024-06-20,SPY,0.09090909090909091
2024-06-20,KO,0.09090909090909091
2024-06-20,AAPL,0.09090909090909091
2024-06-20,BA,0.09090909090909091
2024-06-20,JNJ,0.09090909090909091
2024-06-20,JPM,0.09090909090909091
2024-06-20,NVDA,0.09090909090909091
2024-06-20,WMT,0.09090909090909091
2024-06-20,MSFT,0.09090909090909091
2024-06-20,XOM,0.09090909090909091
2024-06-21,DIS,0.09090909090909091
2024-06-21,SPY,0.09090909090909091
2024-06-21,KO,0.09090909090909091
2024-06-21,AAPL,0.09090909090909091
2024-06-21,BA,0.09090909090909091
2024-06-21,JNJ,0.09090909090909091
2024-06-21,JPM,0.09090909090909091
2024-06-21,NVDA,0.09090909090909091
2024-06-21,WMT,0.09090909090909091
2024-06-21,MSFT,0.09090909090909091
2024-06-21,XOM,0.09090909090909091
2024-06-24,DIS,0.09090909090909091
2024-06-24,SPY,0.09090909090909091
2024-06-24,KO,0.09090909090909091
2024-06-24,AAPL,0.09090909090909091
2024-06-24,BA,0.09090909090909091
2024-06-24,JNJ,0.09090909090909091
2024-06-24,JPM,0.09090909090909091
2024-06-24,NVDA,0.09090909090909091
2024-06-24,WMT,0.09090909090909091
2024-06-24,MSFT,0.09090909090909091
2024-06-24,XOM,0.09090909090909091
2024-06-25,DIS,0.09090909090909091
2024-06-25,SPY,0.09090909090909091
2024-06-25,KO,0.09090909090909091
2024-06-25,AAPL,0.09090909090909091
2024-06-25,BA,0.09090909090909091
2024-06-25,JNJ,0.09090909090909091
2024-06-25,JPM,0.09090909090909091
2024-06-25,NVDA,0.09090909090909091
2024-06-25,WMT,0.09090909090909091
2024-06-25,MSFT,0.09090909090909091
2024-06-25,XOM,0.09090909090909091
2024-06-26,DIS,0.09090909090909091
2024-06-26,SPY,0.09090909090909091
2024-06-26,KO,0.09090909090909091
2024-06-26,AAPL,0.09090909090909091
2024-06-26,BA,0.09090909090909091
2024-06-26,JNJ,0.09090909090909091
2024-06-26,JPM,0.09090909090909091
2024-06-26,NVDA,0.09090909090909091
2024-06-26,WMT,0.09090909090909091
2024-06-26,MSFT,0.09090909090909091
2024-06-26,XOM,0.09090909090909091
2024-06-27,DIS,0.09090909090909091
2024-06-27,SPY,0.09090909090909091
2024-06-27,KO,0.09090909090909091
2024-06-27,AAPL,0.09090909090909091
2024-06-27,BA,0.09090909090909091
2024-06-27,JNJ,0.09090909090909091
2024-06-27,JPM,0.09090909090909091
2024-06-27,NVDA,0.09090909090909091
2024-06-27,WMT,0.09090909090909091
2024-06-27,MSFT,0.09090909090909091
2024-06-27,XOM,0.09090909090909091
2024-06-28,DIS,0.09090909090909091
2024-06-28,SPY,0.09090909090909091
2024-06-28,KO,0.09090909090909091
2024-06-28,AAPL,0.09090909090909091
2024-06-28,BA,0.09090909090909091
2024-06-28,JNJ,0.09090909090909091
2024-06-28,JPM,0.09090909090909091
2024-06-28,NVDA,0.09090909090909091
2024-06-28,WMT,0.09090909090909091
2024-06-28,MSFT,0.09090909090909091
2024-06-28,XOM,0.09090909090909091
2024-07-01,DIS,0.09090909090909091
2024-07-01,SPY,0.09090909090909091
2024-07-01,KO,0.09090909090909091
2024-07-01,AAPL,0.09090909090909091
2024-07-01,BA,0.09090909090909091
2024-07-01,JNJ,0.09090909090909091
2024-07-01,JPM,0.09090909090909091
2024-07-01,NVDA,0.09090909090909091
2024-07-01,WMT,0.09090909090909091
2024-07-01,MSFT,0.09090909090909091
2024-07-01,XOM,0.09090909090909091
2024-07-02,DIS,0.09090909090909091
2024-07-02,SPY,0.09090909090909091
2024-07-02,KO,0.09090909090909091
2024-07-02,AAPL,0.09090909090909091
2024-07-02,BA,0.09090909090909091
2024-07-02,JNJ,0.09090909090909091
2024-07-02,JPM,0.09090909090909091
2024-07-02,NVDA,0.09090909090909091
2024-07-02,WMT,0.09090909090909091
2024-07-02,MSFT,0.09090909090909091
2024-07-02,XOM,0.09090909090909091
2024-07-03,DIS,0.09090909090909091
2024-07-03,SPY,0.09090909090909091
2024-07-03,KO,0.09090909090909091
2024-07-03,AAPL,0.09090909090909091
2024-07-03,BA,0.09090909090909091
2024-07-03,JNJ,0.09090909090909091
2024-07-03,JPM,0.09090909090909091
2024-07-03,NVDA,0.09090909090909091
2024-07-03,WMT,0.09090909090909091
2024-07-03,MSFT,0.09090909090909091
2024-07-03,XOM,0.09090909090909091
2024-07-05,DIS,0.1
2024-07-05,SPY,0.1
2024-07-05,KO,0.1
2024-07-05,AAPL,0.1
2024-07-05,BA,0.1
2024-07-05,JPM,0.1
2024-07-05,NVDA,0.1
2024-07-05,WMT,0.1
2024-07-05,MSFT,0.1
2024-07-05,XOM,0.1
2024-07-08,DIS,0.09090909090909091
2024-07-08,SPY,0.09090909090909091
2024-07-08,KO,0.09090909090909091
2024-07-08,AAPL,0.09090909090909091
2024-07-08,BA,0.09090909090909091
2024-07-08,JNJ,0.09090909090909091
2024-07-08,JPM,0.09090909090909091
2024-07-08,NVDA,0.09090909090909091
2024-07-08,WMT,0.09090909090909091
2024-07-08,MSFT,0.09090909090909091
2024-07-08,XOM,0.09090909090909091
2024-07-09,DIS,0.09090909090909091
2024-07-09,SPY,0.09090909090909091
2024-07-09,KO,0.09090909090909091
2024-07-09,AAPL,0.09090909090909091
2024-07-09,BA,0.09090909090909091
2024-07-09,JNJ,0.09090909090909091
2024-07-09,JPM,0.09090909090909091
2024-07-09,NVDA,0.09090909090909091
2024-07-09,WMT,0.09090909090909091
2024-07-09,MSFT,0.09090909090909091
2024-07-09,XOM,0.09090909090909091
2024-07-10,DIS,0.1
2024-07-10,SPY,0.1
2024-07-10,KO,0.1
2024-07-10,AAPL,0.1
2024-07-10,BA,0.1
2024-07-10,JPM,0.1
2024-07-10,NVDA,0.1
2024-07-10,WMT,0.1
2024-07-10,MSFT,0.1
2024-07-10,XOM,0.1
2024-07-11,DIS,0.1
2024-07-11,SPY,0.1
2024-07-11,KO,0.1
2024-07-11,AAPL,0.1
2024-07-11,BA,0.1
2024-07-11,JNJ,0.1
2024-07-11,JPM,0.1
2024-07-11,NVDA,0.1
2024-07-11,WMT,0.1
2024-07-11,MSFT,0.1
2024-07-12,DIS,0.09090909090909091
2024-07-12,SPY,0.09090909090909091
2024-07-12,KO,0.09090909090909091
2024-07-12,AAPL,0.09090909090909091
2024-07-12,BA,0.09090909090909091
2024-07-12,JNJ,0.09090909090909091
2024-07-12,JPM,0.09090909090909091
2024-07-12,NVDA,0.09090909090909091
2024-07-12,WMT,0.09090909090909091
2024-07-12,MSFT,0.09090909090909091
2024-07-12,XOM,0.09090909090909091
2024-07-15,DIS,0.09090909090909091
2024-07-15,SPY,0.09090909090909091
2024-07-15,KO,0.09090909090909091
2024-07-15,AAPL,0.09090909090909091
2024-07-15,BA,0.09090909090909091
2024-07-15,JNJ,0.09090909090909091
2024-07-15,JPM,0.09090909090909091
2024-07-15,NVDA,0.09090909090909091
2024-07-15,WMT,0.09090909090909091
2024-07-15,MSFT,0.09090909090909091
2024-07-15,XOM,0.09090909090909091
2024-07-16,DIS,0.09090909090909091
2024-07-16,SPY,0.09090909090909091
2024-07-16,KO,0.09090909090909091
2024-07-16,AAPL,0.09090909090909091
2024-07-16,BA,0.09090909090909091
2024-07-16,JNJ,0.09090909090909091
2024-07-16,JPM,0.09090909090909091
2024-07-16,NVDA,0.09090909090909091
2024-07-16,WMT,0.09090909090909091
2024-07-16,MSFT,0.09090909090909091
2024-07-16,XOM,0.09090909090909091
2024-07-17,DIS,0.09090909090909091
2024-07-17,SPY,0.09090909090909091
2024-07-17,KO,0.09090909090909091
2024-07-17,AAPL,0.09090909090909091
2024-07-17,BA,0.09090909090909091
2024-07-17,JNJ,0.09090909090909091
2024-07-17,JPM,0.09090909090909091
2024-07-17,NVDA,0.09090909090909091
2024-07-17,WMT,0.09090909090909091
2024-07-17,MSFT,0.09090909090909091
2024-07-17,XOM,0.09090909090909091
2024-07-18,DIS,0.09090909090909091
2024-07-18,SPY,0.09090909090909091
2024-07-18,KO,0.09090909090909091
2024-07-18,AAPL,0.09090909090909091
2024-07-18,BA,0.09090909090909091
2024-07-18,JNJ,0.09090909090909091
2024-07-18,JPM,0.09090909090909091
2024-07-18,NVDA,0.09090909090909091
2024-07-18,WMT,0.09090909090909091
2024-07-18,MSFT,0.09090909090909091
2024-07-18,XOM,0.09090909090909091
2024-07-19,DIS,0.09090909090909091
2024-07-19,SPY,0.09090909090909091
2024-07-19,KO,0.09090909090909091
2024-07-19,AAPL,0.09090909090909091
2024-07-19,BA,0.09090909090909091
2024-07-19,JNJ,0.09090909090909091
2024-07-19,JPM,0.09090909090909091
2024-07-19,NVDA,0.09090909090909091
2024-07-19,WMT,0.09090909090909091
2024-07-19,MSFT,0.09090909090909091
2024-07-19,XOM,0.09090909090909091
2024-07-22,DIS,0.09090909090909091
2024-07-22,SPY,0.09090909090909091
2024-07-22,KO,0.09090909090909091
2024-07-22,AAPL,0.09090909090909091
2024-07-22,BA,0.09090909090909091
2024-07-22,JNJ,0.09090909090909091
2024-07-22,JPM,0.09090909090909091
2024-07-22,NVDA,0.09090909090909091
2024-07-22,WMT,0.09090909090909091
2024-07-22,MSFT,0.09090909090909091
2024-07-22,XOM,0.09090909090909091
2024-07-23,DIS,0.09090909090909091
2024-07-23,SPY,0.09090909090909091
2024-07-23,KO,0.09090909090909091
2024-07-23,AAPL,0.09090909090909091
2024-07-23,BA,0.09090909090909091
2024-07-23,JNJ,0.09090909090909091
2024-07-23,JPM,0.09090909090909091
2024-07-23,NVDA,0.09090909090909091
2024-07-23,WMT,0.09090909090909091
2024-07-23,MSFT,0.09090909090909091
2024-07-23,XOM,0.09090909090909091
2024-07-24,DIS,0.09090909090909091
2024-07-24,SPY,0.09090909090909091
2024-07-24,KO,0.09090909090909091
2024-07-24,AAPL,0.09090909090909091
2024-07-24,BA,0.09090909090909091
2024-07-24,JNJ,0.09090909090909091
2024-07-24,JPM,0.09090909090909091
2024-07-24,NVDA,0.09090909090909091
2024-07-24,WMT,0.09090909090909091
2024-07-24,MSFT,0.09090909090909091
2024-07-24,XOM,0.09090909090909091
2024-07-25,DIS,0.09090909090909091
2024-07-25,SPY,0.09090909090909091
2024-07-25,KO,0.09090909090909091
2024-07-25,AAPL,0.09090909090909091
2024-07-25,BA,0.09090909090909091
2024-07-25,JNJ,0.09090909090909091
2024-07-25,JPM,0.09090909090909091
2024-07-25,NVDA,0.09090909090909091
2024-07-25,WMT,0.09090909090909091
2024-07-25,MSFT,0.09090909090909091
2024-07-25,XOM,0.09090909090909091
2024-07-26,DIS,0.09090909090909091
2024-07-26,SPY,0.09090909090909091
2024-07-26,KO,0.09090909090909091
2024-07-26,AAPL,0.09090909090909091
2024-07-26,BA,0.09090909090909091
2024-07-26,JNJ,0.09090909090909091
2024-07-26,JPM,0.09090909090909091
2024-07-26,NVDA,0.09090909090909091
2024-07-26,WMT,0.09090909090909091
2024-07-26,MSFT,0.09090909090909091
2024-07-26,XOM,0.09090909090909091
2024-07-29,DIS,0.09090909090909091
2024-07-29,SPY,0.09090909090909091
2024-07-29,KO,0.09090909090909091
2024-07-29,AAPL,0.09090909090909091
2024-07-29,BA,0.09090909090909091
2024-07-29,JNJ,0.09090909090909091
2024-07-29,JPM,0.09090909090909091
2024-07-29,NVDA,0.09090909090909091
2024-07-29,WMT,0.09090909090909091
2024-07-29,MSFT,0.09090909090909091
2024-07-29,XOM,0.09090909090909091
2024-07-30,SPY,0.1
2024-07-30,KO,0.1
2024-07-30,AAPL,0.1
2024-07-30,BA,0.1
2024-07-30,JNJ,0.1
2024-07-30,JPM,0.1
2024-07-30,NVDA,0.1
2024-07-30,WMT,0.1
2024-07-30,MSFT,0.1
2024-07-30,XOM,0.1
2024-07-31,DIS,0.09090909090909091
2024-07-31,SPY,0.09090909090909091
2024-07-31,KO,0.09090909090909091
2024-07-31,AAPL,0.09090909090909091
2024-07-31,BA,0.09090909090909091
2024-07-31,JNJ,0.09090909090909091
2024-07-31,JPM,0.09090909090909091
2024-07-31,NVDA,0.09090909090909091
2024-07-31,WMT,0.09090909090909091
2024-07-31,MSFT,0.09090909090909091
2024-07-31,XOM,0.09090909090909091
2024-08-01,DIS,0.09090909090909091
2024-08-01,SPY,0.09090909090909091
2024-08-01,KO,0.09090909090909091
2024-08-01,AAPL,0.09090909090909091
2024-08-01,BA,0.09090909090909091
2024-08-01,JNJ,0.09090909090909091
2024-08-01,JPM,0.09090909090909091
2024-08-01,NVDA,0.09090909090909091
2024-08-01,WMT,0.09090909090909091
2024-08-01,MSFT,0.09090909090909091
2024-08-01,XOM,0.09090909090909091
2024-08-02,DIS,0.09090909090909091
2024-08-02,SPY,0.09090909090909091
2024-08-02,KO,0.09090909090909091
2024-08-02,AAPL,0.09090909090909091
2024-08-02,BA,0.09090909090909091
2024-08-02,JNJ,0.09090909090909091
2024-08-02,JPM,0.09090909090909091
2024-08-02,NVDA,0.09090909090909091
2024-08-02,WMT,0.09090909090909091
2024-08-02,MSFT,0.09090909090909091
2024-08-02,XOM,0.09090909090909091
2024-08-05,DIS,0.1
2024-08-05,SPY,0.1
2024-08-05,KO,0.1
2024-08-05,AAPL,0.1
2024-08-05,JNJ,0.1
2024-08-05,JPM,0.1
2024-08-05,NVDA,0.1
2024-08-05,WMT,0.1
2024-08-05,MSFT,0.1
2024-08-05,XOM,0.1
2024-08-06,DIS,0.1
2024-08-06,SPY,0.1
2024-08-06,KO,0.1
2024-08-06,AAPL,0.1
2024-08-06,BA,0.1
2024-08-06,JNJ,0.1
2024-08-06,NVDA,0.1
2024-08-06,WMT,0.1
2024-08-06,MSFT,0.1
2024-08-06,XOM,0.1
2024-08-07,DIS,0.09090909090909091
2024-08-07,SPY,0.09090909090909091
2024-08-07,KO,0.09090909090909091
2024-08-07,AAPL,0.09090909090909091
2024-08-07,BA,0.09090909090909091
2024-08-07,JNJ,0.09090909090909091
2024-08-07,JPM,0.09090909090909091
2024-08-07,NVDA,0.09090909090909091
2024-08-07,WMT,0.09090909090909091
2024-08-07,MSFT,0.09090909090909091
2024-08-07,XOM,0.09090909090909091
2024-08-08,DIS,0.1
2024-08-08,SPY,0.1
2024-08-08,KO,0.1
2024-08-08,AAPL,0.1
2024-08-08,JNJ,0.1
2024-08-08,JPM,0.1
2024-08-08,NVDA,0.1
2024-08-08,WMT,0.1
2024-08-08,MSFT,0.1
2024-08-08,XOM,0.1
2024-08-09,DIS,0.09090909090909091
2024-08-09,SPY,0.09090909090909091
2024-08-09,KO,0.09090909090909091
2024-08-09,AAPL,0.09090909090909091
2024-08-09,BA,0.09090909090909091
2024-08-09,JNJ,0.09090909090909091
2024-08-09,JPM,0.09090909090909091
2024-08-09,NVDA,0.09090909090909091
2024-08-09,WMT,0.09090909090909091
2024-08-09,MSFT,0.09090909090909091
2024-08-09,XOM,0.09090909090909091
2024-08-12,DIS,0.09090909090909091
2024-08-12,SPY,0.09090909090909091
2024-08-12,KO,0.09090909090909091
2024-08-12,AAPL,0.09090909090909091
2024-08-12,BA,0.09090909090909091
2024-08-12,JNJ,0.09090909090909091
2024-08-12,JPM,0.09090909090909091
2024-08-12,NVDA,0.09090909090909091
2024-08-12,WMT,0.09090909090909091
2024-08-12,MSFT,0.09090909090909091
2024-08-12,XOM,0.09090909090909091
2024-08-13,DIS,0.1
2024-08-13,SPY,0.1
2024-08-13,KO,0.1
2024-08-13,AAPL,0.1
2024-08-13,JNJ,0.1
2024-08-13,JPM,0.1
2024-08-13,NVDA,0.1
2024-08-13,WMT,0.1
2024-08-13,MSFT,0.1
2024-08-13,XOM,0.1
2024-08-14,DIS,0.09090909090909091
2024-08-14,SPY,0.09090909090909091
2024-08-14,KO,0.09090909090909091
2024-08-14,AAPL,0.09090909090909091
2024-08-14,BA,0.09090909090909091
2024-08-14,JNJ,0.09090909090909091
2024-08-14,JPM,0.09090909090909091
2024-08-14,NVDA,0.09090909090909091
2024-08-14,WMT,0.09090909090909091
2024-08-14,MSFT,0.09090909090909091
2024-08-14,XOM,0.09090909090909091
2024-08-15,DIS,0.1111111111111111
2024-08-15,SPY,0.1111111111111111
2024-08-15,KO,0.1111111111111111
2024-08-15,AAPL,0.1111111111111111
2024-08-15,JNJ,0.1111111111111111
2024-08-15,JPM,0.1111111111111111
2024-08-15,NVDA,0.1111111111111111
2024-08-15,MSFT,0.1111111111111111
2024-08-15,XOM,0.1111111111111111
2024-08-16,DIS,0.1111111111111111
2024-08-16,SPY,0.1111111111111111
2024-08-16,KO,0.1111111111111111
2024-08-16,AAPL,0.1111111111111111
2024-08-16,JNJ,0.1111111111111111
2024-08-16,JPM,0.1111111111111111
2024-08-16,NVDA,0.1111111111111111
2024-08-16,MSFT,0.1111111111111111
2024-08-16,XOM,0.1111111111111111
2024-08-19,DIS,0.09090909090909091
2024-08-19,SPY,0.09090909090909091
2024-08-19,KO,0.09090909090909091
2024-08-19,AAPL,0.09090909090909091
2024-08-19,BA,0.09090909090909091
2024-08-19,JNJ,0.09090909090909091
2024-08-19,JPM,0.09090909090909091
2024-08-19,NVDA,0.09090909090909091
2024-08-19,WMT,0.09090909090909091
2024-08-19,MSFT,0.09090909090909091
2024-08-19,XOM,0.09090909090909091
2024-08-20,DIS,0.09090909090909091
2024-08-20,SPY,0.09090909090909091
2024-08-20,KO,0.09090909090909091
2024-08-20,AAPL,0.09090909090909091
2024-08-20,BA,0.09090909090909091
2024-08-20,JNJ,0.09090909090909091
2024-08-20,JPM,0.09090909090909091
2024-08-20,NVDA,0.09090909090909091
2024-08-20,WMT,0.09090909090909091
2024-08-20,MSFT,0.09090909090909091
2024-08-20,XOM,0.09090909090909091
2024-08-21,DIS,0.09090909090909091
2024-08-21,SPY,0.09090909090909091
2024-08-21,KO,0.09090909090909091
2024-08-21,AAPL,0.09090909090909091
2024-08-21,BA,0.09090909090909091
2024-08-21,JNJ,0.09090909090909091
2024-08-21,JPM,0.09090909090909091
2024-08-21,NVDA,0.09090909090909091
2024-08-21,WMT,0.09090909090909091
2024-08-21,MSFT,0.09090909090909091
2024-08-21,XOM,0.09090909090909091
2024-08-22,DIS,0.09090909090909091
2024-08-22,SPY,0.09090909090909091
2024-08-22,KO,0.09090909090909091
2024-08-22,AAPL,0.09090909090909091
2024-08-22,BA,0.09090909090909091
2024-08-22,JNJ,0.09090909090909091
2024-08-22,JPM,0.09090909090909091
2024-08-22,NVDA,0.09090909090909091
2024-08-22,WMT,0.09090909090909091
2024-08-22,MSFT,0.09090909090909091
2024-08-22,XOM,0.09090909090909091
2024-08-23,DIS,0.09090909090909091
2024-08-23,SPY,0.09090909090909091
2024-08-23,KO,0.09090909090909091
2024-08-23,AAPL,0.09090909090909091
2024-08-23,BA,0.09090909090909091
2024-08-23,JNJ,0.09090909090909091
2024-08-23,JPM,0.09090909090909091
2024-08-23,NVDA,0.09090909090909091
2024-08-23,WMT,0.09090909090909091
2024-08-23,MSFT,0.09090909090909091
2024-08-23,XOM,0.09090909090909091
2024-08-26,DIS,0.09090909090909091
2024-08-26,SPY,0.09090909090909091
2024-08-26,KO,0.09090909090909091
2024-08-26,AAPL,0.09090909090909091
2024-08-26,BA,0.09090909090909091
2024-08-26,JNJ,0.09090909090909091
2024-08-26,JPM,0.09090909090909091
2024-08-26,NVDA,0.09090909090909091
2024-08-26,WMT,0.09090909090909091
2024-08-26,MSFT,0.09090909090909091
2024-08-26,XOM,0.09090909090909091
2024-08-27,DIS,0.09090909090909091
2024-08-27,SPY,0.09090909090909091
2024-08-27,KO,0.09090909090909091
2024-08-27,AAPL,0.09090909090909091
2024-08-27,BA,0.09090909090909091
2024-08-27,JNJ,0.09090909090909091
2024-08-27,JPM,0.09090909090909091
2024-08-27,NVDA,0.09090909090909091
2024-08-27,WMT,0.09090909090909091
2024-08-27,MSFT,0.09090909090909091
2024-08-27,XOM,0.09090909090909091
2024-08-28,DIS,0.09090909090909091
2024-08-28,SPY,0.09090909090909091
2024-08-28,KO,0.09090909090909091
2024-08-28,AAPL,0.09090909090909091
2024-08-28,BA,0.09090909090909091
2024-08-28,JNJ,0.09090909090909091
2024-08-28,JPM,0.09090909090909091
2024-08-28,NVDA,0.09090909090909091
2024-08-28,WMT,0.09090909090909091
2024-08-28,MSFT,0.09090909090909091
2024-08-28,XOM,0.09090909090909091
2024-08-29,DIS,0.09090909090909091
2024-08-29,SPY,0.09090909090909091
2024-08-29,KO,0.09090909090909091
2024-08-29,AAPL,0.09090909090909091
2024-08-29,BA,0.09090909090909091
2024-08-29,JNJ,0.09090909090909091
2024-08-29,JPM,0.09090909090909091
2024-08-29,NVDA,0.09090909090909091
2024-08-29,WMT,0.09090909090909091
2024-08-29,MSFT,0.09090909090909091
2024-08-29,XOM,0.09090909090909091
2024-08-30,DIS,0.09090909090909091
2024-08-30,SPY,0.09090909090909091
2024-08-30,KO,0.09090909090909091
2024-08-30,AAPL,0.09090909090909091
2024-08-30,BA,0.09090909090909091
2024-08-30,JNJ,0.09090909090909091
2024-08-30,JPM,0.09090909090909091
2024-08-30,NVDA,0.09090909090909091
2024-08-30,WMT,0.09090909090909091
2024-08-30,MSFT,0.09090909090909091
2024-08-30,XOM,0.09090909090909091
2024-09-03,DIS,0.09090909090909091
2024-09-03,SPY,0.09090909090909091
2024-09-03,KO,0.09090909090909091
2024-09-03,AAPL,0.09090909090909091
2024-09-03,BA,0.09090909090909091
2024-09-03,JNJ,0.09090909090909091
2024-09-03,JPM,0.09090909090909091
2024-09-03,NVDA,0.09090909090909091
2024-09-03,WMT,0.09090909090909091
2024-09-03,MSFT,0.09090909090909091
2024-09-03,XOM,0.09090909090909091
2024-09-04,DIS,0.09090909090909091
2024-09-04,SPY,0.09090909090909091
2024-09-04,KO,0.09090909090909091
2024-09-04,AAPL,0.09090909090909091
2024-09-04,BA,0.09090909090909091
2024-09-04,JNJ,0.09090909090909091
2024-09-04,JPM,0.09090909090909091
2024-09-04,NVDA,0.09090909090909091
2024-09-04,WMT,0.09090909090909091
2024-09-04,MSFT,0.09090909090909091
2024-09-04,XOM,0.09090909090909091
2024-09-05,DIS,0.09090909090909091
2024-09-05,SPY,0.09090909090909091
2024-09-05,KO,0.09090909090909091
2024-09-05,AAPL,0.09090909090909091
2024-09-05,BA,0.09090909090909091
2024-09-05,JNJ,0.09090909090909091
2024-09-05,JPM,0.09090909090909091
2024-09-05,NVDA,0.09090909090909091
2024-09-05,WMT,0.09090909090909091
2024-09-05,MSFT,0.09090909090909091
2024-09-05,XOM,0.09090909090909091
2024-09-06,DIS,0.09090909090909091
2024-09-06,SPY,0.09090909090909091
2024-09-06,KO,0.09090909090909091
2024-09-06,AAPL,0.09090909090909091
2024-09-06,BA,0.09090909090909091
2024-09-06,JNJ,0.09090909090909091
2024-09-06,JPM,0.09090909090909091
2024-09-06,NVDA,0.09090909090909091
2024-09-06,WMT,0.09090909090909091
2024-09-06,MSFT,0.09090909090909091
2024-09-06,XOM,0.09090909090909091
2024-09-09,DIS,0.09090909090909091
2024-09-09,SPY,0.09090909090909091
2024-09-09,KO,0.09090909090909091
2024-09-09,AAPL,0.09090909090909091
2024-09-09,BA,0.09090909090909091
2024-09-09,JNJ,0.09090909090909091
2024-09-09,JPM,0.09090909090909091
2024-09-09,NVDA,0.09090909090909091
2024-09-09,WMT,0.09090909090909091
2024-09-09,MSFT,0.09090909090909091
2024-09-09,XOM,0.09090909090909091
2024-09-10,DIS,0.09090909090909091
2024-09-10,SPY,0.09090909090909091
2024-09-10,KO,0.09090909090909091
2024-09-10,AAPL,0.09090909090909091
2024-09-10,BA,0.09090909090909091
2024-09-10,JNJ,0.09090909090909091
2024-09-10,JPM,0.09090909090909091
2024-09-10,NVDA,0.09090909090909091
2024-09-10,WMT,0.09090909090909091
2024-09-10,MSFT,0.09090909090909091
2024-09-10,XOM,0.09090909090909091
2024-09-11,DIS,0.1
2024-09-11,SPY,0.1
2024-09-11,KO,0.1
2024-09-11,AAPL,0.1
2024-09-11,BA,0.1
2024-09-11,JNJ,0.1
2024-09-11,NVDA,0.1
2024-09-11,WMT,0.1
2024-09-11,MSFT,0.1
2024-09-11,XOM,0.1
2024-09-12,DIS,0.09090909090909091
2024-09-12,SPY,0.09090909090909091
2024-09-12,KO,0.09090909090909091
2024-09-12,AAPL,0.09090909090909091
2024-09-12,BA,0.09090909090909091
2024-09-12,JNJ,0.09090909090909091
2024-09-12,JPM,0.09090909090909091
2024-09-12,NVDA,0.09090909090909091
2024-09-12,WMT,0.09090909090909091
2024-09-12,MSFT,0.09090909090909091
2024-09-12,XOM,0.09090909090909091
2024-09-13,DIS,0.09090909090909091
2024-09-13,SPY,0.09090909090909091
2024-09-13,KO,0.09090909090909091
2024-09-13,AAPL,0.09090909090909091
2024-09-13,BA,0.09090909090909091
2024-09-13,JNJ,0.09090909090909091
2024-09-13,JPM,0.09090909090909091
2024-09-13,NVDA,0.09090909090909091
2024-09-13,WMT,0.09090909090909091
2024-09-13,MSFT,0.09090909090909091
2024-09-13,XOM,0.09090909090909091
2024-09-16,DIS,0.09090909090909091
2024-09-16,SPY,0.09090909090909091
2024-09-16,KO,0.09090909090909091
2024-09-16,AAPL,0.09090909090909091
2024-09-16,BA,0.09090909090909091
2024-09-16,JNJ,0.09090909090909091
2024-09-16,JPM,0.09090909090909091
2024-09-16,NVDA,0.09090909090909091
2024-09-16,WMT,0.09090909090909091
2024-09-16,MSFT,0.09090909090909091
2024-09-16,XOM,0.09090909090909091
2024-09-17,DIS,0.09090909090909091
2024-09-17,SPY,0.09090909090909091
2024-09-17,KO,0.09090909090909091
2024-09-17,AAPL,0.09090909090909091
2024-09-17,BA,0.09090909090909091
2024-09-17,JNJ,0.09090909090909091
2024-09-17,JPM,0.09090909090909091
2024-09-17,NVDA,0.09090909090909091
2024-09-17,WMT,0.09090909090909091
2024-09-17,MSFT,0.09090909090909091
2024-09-17,XOM,0.09090909090909091
2024-09-18,DIS,0.09090909090909091
2024-09-18,SPY,0.09090909090909091
2024-09-18,KO,0.09090909090909091
2024-09-18,AAPL,0.09090909090909091
2024-09-18,BA,0.09090909090909091
2024-09-18,JNJ,0.09090909090909091
2024-09-18,JPM,0.09090909090909091
2024-09-18,NVDA,0.09090909090909091
2024-09-18,WMT,0.09090909090909091
2024-09-18,MSFT,0.09090909090909091
2024-09-18,XOM,0.09090909090909091
2024-09-19,DIS,0.09090909090909091
2024-09-19,SPY,0.09090909090909091
2024-09-19,KO,0.09090909090909091
2024-09-19,AAPL,0.09090909090909091
2024-09-19,BA,0.09090909090909091
2024-09-19,JNJ,0.09090909090909091
2024-09-19,JPM,0.09090909090909091
2024-09-19,NVDA,0.09090909090909091
2024-09-19,WMT,0.09090909090909091
2024-09-19,MSFT,0.09090909090909091
2024-09-19,XOM,0.09090909090909091
2024-09-20,DIS,0.09090909090909091
2024-09-20,SPY,0.09090909090909091
2024-09-20,KO,0.09090909090909091
2024-09-20,AAPL,0.09090909090909091
2024-09-20,BA,0.09090909090909091
2024-09-20,JNJ,0.09090909090909091
2024-09-20,JPM,0.09090909090909091
2024-09-20,NVDA,0.09090909090909091
2024-09-20,WMT,0.09090909090909091
2024-09-20,MSFT,0.09090909090909091
2024-09-20,XOM,0.09090909090909091
2024-09-23,DIS,0.09090909090909091
2024-09-23,SPY,0.09090909090909091
2024-09-23,KO,0.09090909090909091
2024-09-23,AAPL,0.09090909090909091
2024-09-23,BA,0.09090909090909091
2024-09-23,JNJ,0.09090909090909091
2024-09-23,JPM,0.09090909090909091
2024-09-23,NVDA,0.09090909090909091
2024-09-23,WMT,0.09090909090909091
2024-09-23,MSFT,0.09090909090909091
2024-09-23,XOM,0.09090909090909091
2024-09-24,DIS,0.09090909090909091
2024-09-24,SPY,0.09090909090909091
2024-09-24,KO,0.09090909090909091
2024-09-24,AAPL,0.09090909090909091
2024-09-24,BA,0.09090909090909091
2024-09-24,JNJ,0.09090909090909091
2024-09-24,JPM,0.09090909090909091
2024-09-24,NVDA,0.09090909090909091
2024-09-24,WMT,0.09090909090909091
2024-09-24,MSFT,0.09090909090909091
2024-09-24,XOM,0.09090909090909091
2024-09-25,DIS,0.09090909090909091
2024-09-25,SPY,0.09090909090909091
2024-09-25,KO,0.09090909090909091
2024-09-25,AAPL,0.09090909090909091
2024-09-25,BA,0.09090909090909091
2024-09-25,JNJ,0.09090909090909091
2024-09-25,JPM,0.09090909090909091
2024-09-25,NVDA,0.09090909090909091
2024-09-25,WMT,0.09090909090909091
2024-09-25,MSFT,0.09090909090909091
2024-09-25,XOM,0.09090909090909091
2024-09-26,DIS,0.09090909090909091
2024-09-26,SPY,0.09090909090909091
2024-09-26,KO,0.09090909090909091
2024-09-26,AAPL,0.09090909090909091
2024-09-26,BA,0.09090909090909091
2024-09-26,JNJ,0.09090909090909091
2024-09-26,JPM,0.09090909090909091
2024-09-26,NVDA,0.09090909090909091
2024-09-26,WMT,0.09090909090909091
2024-09-26,MSFT,0.09090909090909091
2024-09-26,XOM,0.09090909090909091
2024-09-27,DIS,0.09090909090909091
2024-09-27,SPY,0.09090909090909091
2024-09-27,KO,0.09090909090909091
2024-09-27,AAPL,0.09090909090909091
2024-09-27,BA,0.09090909090909091
2024-09-27,JNJ,0.09090909090909091
2024-09-27,JPM,0.09090909090909091
2024-09-27,NVDA,0.09090909090909091
2024-09-27,WMT,0.09090909090909091
2024-09-27,MSFT,0.09090909090909091
2024-09-27,XOM,0.09090909090909091
2024-09-30,DIS,0.09090909090909091
2024-09-30,SPY,0.09090909090909091
2024-09-30,KO,0.09090909090909091
2024-09-30,AAPL,0.09090909090909091
2024-09-30,BA,0.09090909090909091
2024-09-30,JNJ,0.09090909090909091
2024-09-30,JPM,0.09090909090909091
2024-09-30,NVDA,0.09090909090909091
2024-09-30,WMT,0.09090909090909091
2024-09-30,MSFT,0.09090909090909091
2024-09-30,XOM,0.09090909090909091
2024-10-01,DIS,0.09090909090909091
2024-10-01,SPY,0.09090909090909091
2024-10-01,KO,0.09090909090909091
2024-10-01,AAPL,0.09090909090909091
2024-10-01,BA,0.09090909090909091
2024-10-01,JNJ,0.09090909090909091
2024-10-01,JPM,0.09090909090909091
2024-10-01,NVDA,0.09090909090909091
2024-10-01,WMT,0.09090909090909091
2024-10-01,MSFT,0.09090909090909091
2024-10-01,XOM,0.09090909090909091
2024-10-02,DIS,0.09090909090909091
2024-10-02,SPY,0.09090909090909091
2024-10-02,KO,0.09090909090909091
2024-10-02,AAPL,0.09090909090909091
2024-10-02,BA,0.09090909090909091
2024-10-02,JNJ,0.09090909090909091
2024-10-02,JPM,0.09090909090909091
2024-10-02,NVDA,0.09090909090909091
2024-10-02,WMT,0.09090909090909091
2024-10-02,MSFT,0.09090909090909091
2024-10-02,XOM,0.09090909090909091
2024-10-03,DIS,0.09090909090909091
2024-10-03,SPY,0.09090909090909091
2024-10-03,KO,0.09090909090909091
2024-10-03,AAPL,0.09090909090909091
2024-10-03,BA,0.09090909090909091
2024-10-03,JNJ,0.09090909090909091
2024-10-03,JPM,0.09090909090909091
2024-10-03,NVDA,0.09090909090909091
2024-10-03,WMT,0.09090909090909091
2024-10-03,MSFT,0.09090909090909091
2024-10-03,XOM,0.09090909090909091
2024-10-04,DIS,0.09090909090909091
2024-10-04,SPY,0.09090909090909091
2024-10-04,KO,0.09090909090909091
2024-10-04,AAPL,0.09090909090909091
2024-10-04,BA,0.09090909090909091
2024-10-04,JNJ,0.09090909090909091
2024-10-04,JPM,0.09090909090909091
2024-10-04,NVDA,0.09090909090909091
2024-10-04,WMT,0.09090909090909091
2024-10-04,MSFT,0.09090909090909091
2024-10-04,XOM,0.09090909090909091
2024-10-07,DIS,0.09090909090909091
2024-10-07,SPY,0.09090909090909091
2024-10-07,KO,0.09090909090909091
2024-10-07,AAPL,0.09090909090909091
2024-10-07,BA,0.09090909090909091
2024-10-07,JNJ,0.09090909090909091
2024-10-07,JPM,0.09090909090909091
2024-10-07,NVDA,0.09090909090909091
2024-10-07,WMT,0.09090909090909091
2024-10-07,MSFT,0.09090909090909091
2024-10-07,XOM,0.09090909090909091
2024-10-08,DIS,0.09090909090909091
2024-10-08,SPY,0.09090909090909091
2024-10-08,KO,0.09090909090909091
2024-10-08,AAPL,0.09090909090909091
2024-10-08,BA,0.09090909090909091
2024-10-08,JNJ,0.09090909090909091
2024-10-08,JPM,0.09090909090909091
2024-10-08,NVDA,0.09090909090909091
2024-10-08,WMT,0.09090909090909091
2024-10-08,MSFT,0.09090909090909091
2024-10-08,XOM,0.09090909090909091
2024-10-09,DIS,0.1
2024-10-09,SPY,0.1
2024-10-09,KO,0.1
2024-10-09,AAPL,0.1
2024-10-09,BA,0.1
2024-10-09,JNJ,0.1
2024-10-09,NVDA,0.1
2024-10-09,WMT,0.1
2024-10-09,MSFT,0.1
2024-10-09,XOM,0.1
2024-10-10,DIS,0.09090909090909091
2024-10-10,SPY,0.09090909090909091
2024-10-10,KO,0.09090909090909091
2024-10-10,AAPL,0.09090909090909091
2024-10-10,BA,0.09090909090909091
2024-10-10,JNJ,0.09090909090909091
2024-10-10,JPM,0.09090909090909091
2024-10-10,NVDA,0.09090909090909091
2024-10-10,WMT,0.09090909090909091
2024-10-10,MSFT,0.09090909090909091
2024-10-10,XOM,0.09090909090909091
2024-10-11,DIS,0.1
2024-10-11,SPY,0.1
2024-10-11,KO,0.1
2024-10-11,AAPL,0.1
2024-10-11,JNJ,0.1
2024-10-11,JPM,0.1
2024-10-11,NVDA,0.1
2024-10-11,WMT,0.1
2024-10-11,MSFT,0.1
2024-10-11,XOM,0.1
2024-10-14,DIS,0.09090909090909091
2024-10-14,SPY,0.09090909090909091
2024-10-14,KO,0.09090909090909091
2024-10-14,AAPL,0.09090909090909091
2024-10-14,BA,0.09090909090909091
2024-10-14,JNJ,0.09090909090909091
2024-10-14,JPM,0.09090909090909091
2024-10-14,NVDA,0.09090909090909091
2024-10-14,WMT,0.09090909090909091
2024-10-14,MSFT,0.09090909090909091
2024-10-14,XOM,0.09090909090909091
2024-10-15,DIS,0.1
2024-10-15,SPY,0.1
2024-10-15,KO,0.1
2024-10-15,AAPL,0.1
2024-10-15,JNJ,0.1
2024-10-15,JPM,0.1
2024-10-15,NVDA,0.1
2024-10-15,WMT,0.1
2024-10-15,MSFT,0.1
2024-10-15,XOM,0.1
2024-10-16,SPY,0.1111111111111111
2024-10-16,KO,0.1111111111111111
2024-10-16,AAPL,0.1111111111111111
2024-10-16,JNJ,0.1111111111111111
2024-10-16,JPM,0.1111111111111111
2024-10-16,NVDA,0.1111111111111111
2024-10-16,WMT,0.1111111111111111
2024-10-16,MSFT,0.1111111111111111
2024-10-16,XOM,0.1111111111111111
2024-10-17,DIS,0.09090909090909091
2024-10-17,SPY,0.09090909090909091
2024-10-17,KO,0.09090909090909091
2024-10-17,AAPL,0.09090909090909091
2024-10-17,BA,0.09090909090909091
2024-10-17,JNJ,0.09090909090909091
2024-10-17,JPM,0.09090909090909091
2024-10-17,NVDA,0.09090909090909091
2024-10-17,WMT,0.09090909090909091
2024-10-17,MSFT,0.09090909090909091
2024-10-17,XOM,0.09090909090909091
2024-10-18,DIS,0.09090909090909091
2024-10-18,SPY,0.09090909090909091
2024-10-18,KO,0.09090909090909091
2024-10-18,AAPL,0.09090909090909091
2024-10-18,BA,0.09090909090909091
2024-10-18,JNJ,0.09090909090909091
2024-10-18,JPM,0.09090909090909091
2024-10-18,NVDA,0.09090909090909091
2024-10-18,WMT,0.09090909090909091
2024-10-18,MSFT,0.09090909090909091
2024-10-18,XOM,0.09090909090909091
2024-10-21,DIS,0.09090909090909091
2024-10-21,SPY,0.09090909090909091
2024-10-21,KO,0.09090909090909091
2024-10-21,AAPL,0.09090909090909091
2024-10-21,BA,0.09090909090909091
2024-10-21,JNJ,0.09090909090909091
2024-10-21,JPM,0.09090909090909091
2024-10-21,NVDA,0.09090909090909091
2024-10-21,WMT,0.09090909090909091
2024-10-21,MSFT,0.09090909090909091
2024-10-21,XOM,0.09090909090909091
2024-10-22,DIS,0.09090909090909091
2024-10-22,SPY,0.09090909090909091
2024-10-22,KO,0.09090909090909091
2024-10-22,AAPL,0.09090909090909091
2024-10-22,BA,0.09090909090909091
2024-10-22,JNJ,0.09090909090909091
2024-10-22,JPM,0.09090909090909091
2024-10-22,NVDA,0.09090909090909091
2024-10-22,WMT,0.09090909090909091
2024-10-22,MSFT,0.09090909090909091
2024-10-22,XOM,0.09090909090909091
2024-10-23,DIS,0.09090909090909091
2024-10-23,SPY,0.09090909090909091
2024-10-23,KO,0.09090909090909091
2024-10-23,AAPL,0.09090909090909091
2024-10-23,BA,0.09090909090909091
2024-10-23,JNJ,0.09090909090909091
2024-10-23,JPM,0.09090909090909091
2024-10-23,NVDA,0.09090909090909091
2024-10-23,WMT,0.09090909090909091
2024-10-23,MSFT,0.09090909090909091
2024-10-23,XOM,0.09090909090909091
2024-10-24,DIS,0.09090909090909091
2024-10-24,SPY,0.09090909090909091
2024-10-24,KO,0.09090909090909091
2024-10-24,AAPL,0.09090909090909091
2024-10-24,BA,0.09090909090909091
2024-10-24,JNJ,0.09090909090909091
2024-10-24,JPM,0.09090909090909091
2024-10-24,NVDA,0.09090909090909091
2024-10-24,WMT,0.09090909090909091
2024-10-24,MSFT,0.09090909090909091
2024-10-24,XOM,0.09090909090909091
2024-10-25,DIS,0.09090909090909091
2024-10-25,SPY,0.09090909090909091
2024-10-25,KO,0.09090909090909091
2024-10-25,AAPL,0.09090909090909091
2024-10-25,BA,0.09090909090909091
2024-10-25,JNJ,0.09090909090909091
2024-10-25,JPM,0.09090909090909091
2024-10-25,NVDA,0.09090909090909091
2024-10-25,WMT,0.09090909090909091
2024-10-25,MSFT,0.09090909090909091
2024-10-25,XOM,0.09090909090909091
2024-10-28,DIS,0.09090909090909091
2024-10-28,SPY,0.09090909090909091
2024-10-28,KO,0.09090909090909091
2024-10-28,AAPL,0.09090909090909091
2024-10-28,BA,0.09090909090909091
2024-10-28,JNJ,0.09090909090909091
2024-10-28,JPM,0.09090909090909091
2024-10-28,NVDA,0.09090909090909091
2024-10-28,WMT,0.09090909090909091
2024-10-28,MSFT,0.09090909090909091
2024-10-28,XOM,0.09090909090909091
2024-10-29,DIS,0.09090909090909091
2024-10-29,SPY,0.09090909090909091
2024-10-29,KO,0.09090909090909091
2024-10-29,AAPL,0.09090909090909091
2024-10-29,BA,0.09090909090909091
2024-10-29,JNJ,0.09090909090909091
2024-10-29,JPM,0.09090909090909091
2024-10-29,NVDA,0.09090909090909091
2024-10-29,WMT,0.09090909090909091
2024-10-29,MSFT,0.09090909090909091
2024-10-29,XOM,0.09090909090909091
2024-10-30,DIS,0.09090909090909091
2024-10-30,SPY,0.09090909090909091
2024-10-30,KO,0.09090909090909091
2024-10-30,AAPL,0.09090909090909091
2024-10-30,BA,0.09090909090909091
2024-10-30,JNJ,0.09090909090909091
2024-10-30,JPM,0.09090909090909091
2024-10-30,NVDA,0.09090909090909091
2024-10-30,WMT,0.09090909090909091
2024-10-30,MSFT,0.09090909090909091
2024-10-30,XOM,0.09090909090909091
2024-10-31,DIS,0.09090909090909091
2024-10-31,SPY,0.09090909090909091
2024-10-31,KO,0.09090909090909091
2024-10-31,AAPL,0.09090909090909091
2024-10-31,BA,0.09090909090909091
2024-10-31,JNJ,0.09090909090909091
2024-10-31,JPM,0.09090909090909091
2024-10-31,NVDA,0.09090909090909091
2024-10-31,WMT,0.09090909090909091
2024-10-31,MSFT,0.09090909090909091
2024-10-31,XOM,0.09090909090909091
2024-11-01,DIS,0.09090909090909091
2024-11-01,SPY,0.09090909090909091
2024-11-01,KO,0.09090909090909091
2024-11-01,AAPL,0.09090909090909091
2024-11-01,BA,0.09090909090909091
2024-11-01,JNJ,0.09090909090909091
2024-11-01,JPM,0.09090909090909091
2024-11-01,NVDA,0.09090909090909091
2024-11-01,WMT,0.09090909090909091
2024-11-01,MSFT,0.09090909090909091
2024-11-01,XOM,0.09090909090909091
2024-11-04,DIS,0.09090909090909091
2024-11-04,SPY,0.09090909090909091
2024-11-04,KO,0.09090909090909091
2024-11-04,AAPL,0.09090909090909091
2024-11-04,BA,0.09090909090909091
2024-11-04,JNJ,0.09090909090909091
2024-11-04,JPM,0.09090909090909091
2024-11-04,NVDA,0.09090909090909091
2024-11-04,WMT,0.09090909090909091
2024-11-04,MSFT,0.09090909090909091
2024-11-04,XOM,0.09090909090909091
2024-11-05,SPY,0.1
2024-11-05,KO,0.1
2024-11-05,AAPL,0.1
2024-11-05,BA,0.1
2024-11-05,JNJ,0.1
2024-11-05,JPM,0.1
2024-11-05,NVDA,0.1
2024-11-05,WMT,0.1
2024-11-05,MSFT,0.1
2024-11-05,XOM,0.1
2024-11-06,DIS,0.1
2024-11-06,SPY,0.1
2024-11-06,KO,0.1
2024-11-06,AAPL,0.1
2024-11-06,BA,0.1
2024-11-06,JNJ,0.1
2024-11-06,NVDA,0.1
2024-11-06,WMT,0.1
2024-11-06,MSFT,0.1
2024-11-06,XOM,0.1
2024-11-07,DIS,0.09090909090909091
2024-11-07,SPY,0.09090909090909091
2024-11-07,KO,0.09090909090909091
2024-11-07,AAPL,0.09090909090909091
2024-11-07,BA,0.09090909090909091
2024-11-07,JNJ,0.09090909090909091
2024-11-07,JPM,0.09090909090909091
2024-11-07,NVDA,0.09090909090909091
2024-11-07,WMT,0.09090909090909091
2024-11-07,MSFT,0.09090909090909091
2024-11-07,XOM,0.09090909090909091
2024-11-08,DIS,0.09090909090909091
2024-11-08,SPY,0.09090909090909091
2024-11-08,KO,0.09090909090909091
2024-11-08,AAPL,0.09090909090909091
2024-11-08,BA,0.09090909090909091
2024-11-08,JNJ,0.09090909090909091
2024-11-08,JPM,0.09090909090909091
2024-11-08,NVDA,0.09090909090909091
2024-11-08,WMT,0.09090909090909091
2024-11-08,MSFT,0.09090909090909091
2024-11-08,XOM,0.09090909090909091
2024-11-11,SPY,0.1
2024-11-11,KO,0.1
2024-11-11,AAPL,0.1
2024-11-11,BA,0.1
2024-11-11,JNJ,0.1
2024-11-11,JPM,0.1
2024-11-11,NVDA,0.1
2024-11-11,WMT,0.1
2024-11-11,MSFT,0.1
2024-11-11,XOM,0.1
2024-11-12,DIS,0.09090909090909091
2024-11-12,SPY,0.09090909090909091
2024-11-12,KO,0.09090909090909091
2024-11-12,AAPL,0.09090909090909091
2024-11-12,BA,0.09090909090909091
2024-11-12,JNJ,0.09090909090909091
2024-11-12,JPM,0.09090909090909091
2024-11-12,NVDA,0.09090909090909091
2024-11-12,WMT,0.09090909090909091
2024-11-12,MSFT,0.09090909090909091
2024-11-12,XOM,0.09090909090909091
2024-11-13,DIS,0.09090909090909091
2024-11-13,SPY,0.09090909090909091
2024-11-13,KO,0.09090909090909091
2024-11-13,AAPL,0.09090909090909091
2024-11-13,BA,0.09090909090909091
2024-11-13,JNJ,0.09090909090909091
2024-11-13,JPM,0.09090909090909091
2024-11-13,NVDA,0.09090909090909091
2024-11-13,WMT,0.09090909090909091
2024-11-13,MSFT,0.09090909090909091
2024-11-13,XOM,0.09090909090909091
2024-11-14,DIS,0.09090909090909091
2024-11-14,SPY,0.09090909090909091
2024-11-14,KO,0.09090909090909091
2024-11-14,AAPL,0.09090909090909091
2024-11-14,BA,0.09090909090909091
2024-11-14,JNJ,0.09090909090909091
2024-11-14,JPM,0.09090909090909091
2024-11-14,NVDA,0.09090909090909091
2024-11-14,WMT,0.09090909090909091
2024-11-14,MSFT,0.09090909090909091
2024-11-14,XOM,0.09090909090909091
2024-11-15,DIS,0.09090909090909091
2024-11-15,SPY,0.09090909090909091
2024-11-15,KO,0.09090909090909091
2024-11-15,AAPL,0.09090909090909091
2024-11-15,BA,0.09090909090909091
2024-11-15,JNJ,0.09090909090909091
2024-11-15,JPM,0.09090909090909091
2024-11-15,NVDA,0.09090909090909091
2024-11-15,WMT,0.09090909090909091
2024-11-15,MSFT,0.09090909090909091
2024-11-15,XOM,0.09090909090909091
2024-11-18,DIS,0.1111111111111111
2024-11-18,SPY,0.1111111111111111
2024-11-18,KO,0.1111111111111111
2024-11-18,AAPL,0.1111111111111111
2024-11-18,JPM,0.1111111111111111
2024-11-18,NVDA,0.1111111111111111
2024-11-18,WMT,0.1111111111111111
2024-11-18,MSFT,0.1111111111111111
2024-11-18,XOM,0.1111111111111111
2024-11-19,DIS,0.1
2024-11-19,SPY,0.1
2024-11-19,KO,0.1
2024-11-19,AAPL,0.1
2024-11-19,JNJ,0.1
2024-11-19,JPM,0.1
2024-11-19,NVDA,0.1
2024-11-19,WMT,0.1
2024-11-19,MSFT,0.1
2024-11-19,XOM,0.1
2024-11-20,DIS,0.09090909090909091
2024-11-20,SPY,0.09090909090909091
2024-11-20,KO,0.09090909090909091
2024-11-20,AAPL,0.09090909090909091
2024-11-20,BA,0.09090909090909091
2024-11-20,JNJ,0.09090909090909091
2024-11-20,JPM,0.09090909090909091
2024-11-20,NVDA,0.09090909090909091
2024-11-20,WMT,0.09090909090909091
2024-11-20,MSFT,0.09090909090909091
2024-11-20,XOM,0.09090909090909091
2024-11-21,DIS,0.09090909090909091
2024-11-21,SPY,0.09090909090909091
2024-11-21,KO,0.09090909090909091
2024-11-21,AAPL,0.09090909090909091
2024-11-21,BA,0.09090909090909091
2024-11-21,JNJ,0.09090909090909091
2024-11-21,JPM,0.09090909090909091
2024-11-21,NVDA,0.09090909090909091
2024-11-21,WMT,0.09090909090909091
2024-11-21,MSFT,0.09090909090909091
2024-11-21,XOM,0.09090909090909091
2024-11-22,DIS,0.09090909090909091
2024-11-22,SPY,0.09090909090909091
2024-11-22,KO,0.09090909090909091
2024-11-22,AAPL,0.09090909090909091
2024-11-22,BA,0.09090909090909091
2024-11-22,JNJ,0.09090909090909091
2024-11-22,JPM,0.09090909090909091
2024-11-22,NVDA,0.09090909090909091
2024-11-22,WMT,0.09090909090909091
2024-11-22,MSFT,0.09090909090909091
2024-11-22,XOM,0.09090909090909091
2024-11-25,DIS,0.09090909090909091
2024-11-25,SPY,0.09090909090909091
2024-11-25,KO,0.09090909090909091
2024-11-25,AAPL,0.09090909090909091
2024-11-25,BA,0.09090909090909091
2024-11-25,JNJ,0.09090909090909091
2024-11-25,JPM,0.09090909090909091
2024-11-25,NVDA,0.09090909090909091
2024-11-25,WMT,0.09090909090909091
2024-11-25,MSFT,0.09090909090909091
2024-11-25,XOM,0.09090909090909091
2024-11-26,DIS,0.09090909090909091
2024-11-26,SPY,0.09090909090909091
2024-11-26,KO,0.09090909090909091
2024-11-26,AAPL,0.09090909090909091
2024-11-26,BA,0.09090909090909091
2024-11-26,JNJ,0.09090909090909091
2024-11-26,JPM,0.09090909090909091
2024-11-26,NVDA,0.09090909090909091
2024-11-26,WMT,0.09090909090909091
2024-11-26,MSFT,0.09090909090909091
2024-11-26,XOM,0.09090909090909091
2024-11-27,DIS,0.09090909090909091
2024-11-27,SPY,0.09090909090909091
2024-11-27,KO,0.09090909090909091
2024-11-27,AAPL,0.09090909090909091
2024-11-27,BA,0.09090909090909091
2024-11-27,JNJ,0.09090909090909091
2024-11-27,JPM,0.09090909090909091
2024-11-27,NVDA,0.09090909090909091
2024-11-27,WMT,0.09090909090909091
2024-11-27,MSFT,0.09090909090909091
2024-11-27,XOM,0.09090909090909091
2024-11-29,DIS,0.09090909090909091
2024-11-29,SPY,0.09090909090909091
2024-11-29,KO,0.09090909090909091
2024-11-29,AAPL,0.09090909090909091
2024-11-29,BA,0.09090909090909091
2024-11-29,JNJ,0.09090909090909091
2024-11-29,JPM,0.09090909090909091
2024-11-29,NVDA,0.09090909090909091
2024-11-29,WMT,0.09090909090909091
2024-11-29,MSFT,0.09090909090909091
2024-11-29,XOM,0.09090909090909091
2024-12-02,DIS,0.09090909090909091
2024-12-02,SPY,0.09090909090909091
2024-12-02,KO,0.09090909090909091
2024-12-02,AAPL,0.09090909090909091
2024-12-02,BA,0.09090909090909091
2024-12-02,JNJ,0.09090909090909091
2024-12-02,JPM,0.09090909090909091
2024-12-02,NVDA,0.09090909090909091
2024-12-02,WMT,0.09090909090909091
2024-12-02,MSFT,0.09090909090909091
2024-12-02,XOM,0.09090909090909091
2024-12-03,DIS,0.09090909090909091
2024-12-03,SPY,0.09090909090909091
2024-12-03,KO,0.09090909090909091
2024-12-03,AAPL,0.09090909090909091
2024-12-03,BA,0.09090909090909091
2024-12-03,JNJ,0.09090909090909091
2024-12-03,JPM,0.09090909090909091
2024-12-03,NVDA,0.09090909090909091
2024-12-03,WMT,0.09090909090909091
2024-12-03,MSFT,0.09090909090909091
2024-12-03,XOM,0.09090909090909091
2024-12-04,DIS,0.09090909090909091
2024-12-04,SPY,0.09090909090909091
2024-12-04,KO,0.09090909090909091
2024-12-04,AAPL,0.09090909090909091
2024-12-04,BA,0.09090909090909091
2024-12-04,JNJ,0.09090909090909091
2024-12-04,JPM,0.09090909090909091
2024-12-04,NVDA,0.09090909090909091
2024-12-04,WMT,0.09090909090909091
2024-12-04,MSFT,0.09090909090909091
2024-12-04,XOM,0.09090909090909091
2024-12-05,DIS,0.09090909090909091
2024-12-05,SPY,0.09090909090909091
2024-12-05,KO,0.09090909090909091
2024-12-05,AAPL,0.09090909090909091
2024-12-05,BA,0.09090909090909091
2024-12-05,JNJ,0.09090909090909091
2024-12-05,JPM,0.09090909090909091
2024-12-05,NVDA,0.09090909090909091
2024-12-05,WMT,0.09090909090909091
2024-12-05,MSFT,0.09090909090909091
2024-12-05,XOM,0.09090909090909091
2024-12-06,DIS,0.09090909090909091
2024-12-06,SPY,0.09090909090909091
2024-12-06,KO,0.09090909090909091
2024-12-06,AAPL,0.09090909090909091
2024-12-06,BA,0.09090909090909091
2024-12-06,JNJ,0.09090909090909091
2024-12-06,JPM,0.09090909090909091
2024-12-06,NVDA,0.09090909090909091
2024-12-06,WMT,0.09090909090909091
2024-12-06,MSFT,0.09090909090909091
2024-12-06,XOM,0.09090909090909091
2024-12-09,DIS,0.09090909090909091
2024-12-09,SPY,0.09090909090909091
2024-12-09,KO,0.09090909090909091
2024-12-09,AAPL,0.09090909090909091
2024-12-09,BA,0.09090909090909091
2024-12-09,JNJ,0.09090909090909091
2024-12-09,JPM,0.09090909090909091
2024-12-09,NVDA,0.09090909090909091
2024-12-09,WMT,0.09090909090909091
2024-12-09,MSFT,0.09090909090909091
2024-12-09,XOM,0.09090909090909091
2024-12-10,DIS,0.09090909090909091
2024-12-10,SPY,0.09090909090909091
2024-12-10,KO,0.09090909090909091
2024-12-10,AAPL,0.09090909090909091
2024-12-10,BA,0.09090909090909091
2024-12-10,JNJ,0.09090909090909091
2024-12-10,JPM,0.09090909090909091
2024-12-10,NVDA,0.09090909090909091
2024-12-10,WMT,0.09090909090909091
2024-12-10,MSFT,0.09090909090909091
2024-12-10,XOM,0.09090909090909091
2024-12-11,DIS,0.09090909090909091
2024-12-11,SPY,0.09090909090909091
2024-12-11,KO,0.09090909090909091
2024-12-11,AAPL,0.09090909090909091
2024-12-11,BA,0.09090909090909091
2024-12-11,JNJ,0.09090909090909091
2024-12-11,JPM,0.09090909090909091
2024-12-11,NVDA,0.09090909090909091
2024-12-11,WMT,0.09090909090909091
2024-12-11,MSFT,0.09090909090909091
2024-12-11,XOM,0.09090909090909091
2024-12-12,DIS,0.09090909090909091
2024-12-12,SPY,0.09090909090909091
2024-12-12,KO,0.09090909090909091
2024-12-12,AAPL,0.09090909090909091
2024-12-12,BA,0.09090909090909091
2024-12-12,JNJ,0.09090909090909091
2024-12-12,JPM,0.09090909090909091
2024-12-12,NVDA,0.09090909090909091
2024-12-12,WMT,0.09090909090909091
2024-12-12,MSFT,0.09090909090909091
2024-12-12,XOM,0.09090909090909091
2024-12-13,DIS,0.09090909090909091
2024-12-13,SPY,0.09090909090909091
2024-12-13,KO,0.09090909090909091
2024-12-13,AAPL,0.09090909090909091
2024-12-13,BA,0.09090909090909091
2024-12-13,JNJ,0.09090909090909091
2024-12-13,JPM,0.09090909090909091
2024-12-13,NVDA,0.09090909090909091
2024-12-13,WMT,0.09090909090909091
2024-12-13,MSFT,0.09090909090909091
2024-12-13,XOM,0.09090909090909091
2024-12-16,DIS,0.09090909090909091
2024-12-16,SPY,0.09090909090909091
2024-12-16,KO,0.09090909090909091
2024-12-16,AAPL,0.09090909090909091
2024-12-16,BA,0.09090909090909091
2024-12-16,JNJ,0.09090909090909091
2024-12-16,JPM,0.09090909090909091
2024-12-16,NVDA,0.09090909090909091
2024-12-16,WMT,0.09090909090909091
2024-12-16,MSFT,0.09090909090909091
2024-12-16,XOM,0.09090909090909091
2024-12-17,DIS,0.09090909090909091
2024-12-17,SPY,0.09090909090909091
2024-12-17,KO,0.09090909090909091
2024-12-17,AAPL,0.09090909090909091
2024-12-17,BA,0.09090909090909091
2024-12-17,JNJ,0.09090909090909091
2024-12-17,JPM,0.09090909090909091
2024-12-17,NVDA,0.09090909090909091
2024-12-17,WMT,0.09090909090909091
2024-12-17,MSFT,0.09090909090909091
2024-12-17,XOM,0.09090909090909091
2024-12-18,DIS,0.09090909090909091
2024-12-18,SPY,0.09090909090909091
2024-12-18,KO,0.09090909090909091
2024-12-18,AAPL,0.09090909090909091
2024-12-18,BA,0.09090909090909091
2024-12-18,JNJ,0.09090909090909091
2024-12-18,JPM,0.09090909090909091
2024-12-18,NVDA,0.09090909090909091
2024-12-18,WMT,0.09090909090909091
2024-12-18,MSFT,0.09090909090909091
2024-12-18,XOM,0.09090909090909091
2024-12-19,DIS,0.09090909090909091
2024-12-19,SPY,0.09090909090909091
2024-12-19,KO,0.09090909090909091
2024-12-19,AAPL,0.09090909090909091
2024-12-19,BA,0.09090909090909091
2024-12-19,JNJ,0.09090909090909091
2024-12-19,JPM,0.09090909090909091
2024-12-19,NVDA,0.09090909090909091
2024-12-19,WMT,0.09090909090909091
2024-12-19,MSFT,0.09090909090909091
2024-12-19,XOM,0.09090909090909091
2024-12-20,DIS,0.09090909090909091
2024-12-20,SPY,0.09090909090909091
2024-12-20,KO,0.09090909090909091
2024-12-20,AAPL,0.09090909090909091
2024-12-20,BA,0.09090909090909091
2024-12-20,JNJ,0.09090909090909091
2024-12-20,JPM,0.09090909090909091
2024-12-20,NVDA,0.09090909090909091
2024-12-20,WMT,0.09090909090909091
2024-12-20,MSFT,0.09090909090909091
2024-12-20,XOM,0.09090909090909091
2024-12-23,DIS,0.09090909090909091
2024-12-23,SPY,0.09090909090909091
2024-12-23,KO,0.09090909090909091
2024-12-23,AAPL,0.09090909090909091
2024-12-23,BA,0.09090909090909091
2024-12-23,JNJ,0.09090909090909091
2024-12-23,JPM,0.09090909090909091
2024-12-23,NVDA,0.09090909090909091
2024-12-23,WMT,0.09090909090909091
2024-12-23,MSFT,0.09090909090909091
2024-12-23,XOM,0.09090909090909091
2024-12-24,DIS,0.09090909090909091
2024-12-24,SPY,0.09090909090909091
2024-12-24,KO,0.09090909090909091
2024-12-24,AAPL,0.09090909090909091
2024-12-24,BA,0.09090909090909091
2024-12-24,JNJ,0.09090909090909091
2024-12-24,JPM,0.09090909090909091
2024-12-24,NVDA,0.09090909090909091
2024-12-24,WMT,0.09090909090909091
2024-12-24,MSFT,0.09090909090909091
2024-12-24,XOM,0.09090909090909091
2024-12-26,DIS,0.09090909090909091
2024-12-26,SPY,0.09090909090909091
2024-12-26,KO,0.09090909090909091
2024-12-26,AAPL,0.09090909090909091
2024-12-26,BA,0.09090909090909091
2024-12-26,JNJ,0.09090909090909091
2024-12-26,JPM,0.09090909090909091
2024-12-26,NVDA,0.09090909090909091
2024-12-26,WMT,0.09090909090909091
2024-12-26,MSFT,0.09090909090909091
2024-12-26,XOM,0.09090909090909091
