Date,Ticker,Trade_Weight,Direction
2023-05-31,MNST,-0.05555555555555555,Sell
2023-05-31,DLTR,0.05555555555555555,Buy
2023-05-31,PPG,0.05555555555555555,Buy
2023-05-31,AMTD,-0.05555555555555555,Sell
2023-05-31,KEY,-0.05555555555555555,Sell
2023-05-31,ILMN,-0.05555555555555555,Sell
2023-05-31,GOLD,0.05555555555555555,Buy
2023-05-31,RL,0.05555555555555555,Buy
2023-05-31,HUM,-0.05555555555555555,Sell
2023-05-31,MRVL,-0.05555555555555555,Sell
2023-05-31,PCG,-0.05555555555555555,Sell
2023-05-31,NSC,0.05555555555555555,Buy
2023-05-31,RRC,-0.05555555555555555,Sell
2023-05-31,HMC,0.05555555555555555,Buy
2023-05-31,OHI,-0.05555555555555555,Sell
2023-05-31,ENB,0.05555555555555555,Buy
2023-05-31,TRV,0.05555555555555555,Buy
2023-05-31,CAT,0.05555555555555555,Buy
2023-06-01,MNST,0.0008219445568702632,Buy
2023-06-01,CNC,-0.05555555555555555,Sell
2023-06-01,PPG,-0.057239453935867365,Sell
2023-06-01,AMTD,0.058255619171783096,Buy
2023-06-01,NSC,-0.05675244892618955,Sell
2023-06-01,RRC,0.05510512268987876,Buy
2023-06-01,JNJ,0.05555555555555555,Buy
2023-06-01,STI,-0.05555555555555555,Sell
2023-06-01,KMB,0.05555555555555555,Buy
2023-06-01,HAS,-0.05555555555555555,Sell
2023-06-01,TRV,-0.05635234554721237,Sell
2023-06-01,VTR,-0.05555555555555555,Sell
2023-06-01,QQQ,-0.05555555555555555,Sell
2023-06-01,DLTR,0.002076825935243387,Buy
2023-06-01,XRT,0.05555555555555555,Buy
2023-06-01,KEY,0.057343720808617174,Buy
2023-06-01,ILMN,0.056365479636467014,Buy
2023-06-01,GOLD,-0.05667738780860687,Sell
2023-06-01,D,0.05555555555555555,Buy
2023-06-01,RL,-3.911909546988612e-06,Sell
2023-06-01,HUM,0.001592336147380892,Buy
2023-06-01,WSM,0.05555555555555555,Buy
2023-06-01,MRVL,0.0026034967723682773,Buy
2023-06-01,PCG,0.05442577594169927,Buy
2023-06-01,HMC,-0.056517342864209605,Sell
2023-06-01,PRGO,0.05555555555555555,Buy
2023-06-01,OHI,0.055151731744219,Buy
2023-06-01,XLE,0.05555555555555555,Buy
2023-06-01,ENB,-0.05728797654904017,Sell
2023-06-01,VZ,-0.05555555555555555,Sell
2023-06-01,CAT,-0.05657305033588263,Sell
2023-06-02,MNST,0.05492321210817688,Buy
2023-06-02,CNC,0.056095354765998084,Buy
2023-06-02,JNJ,-0.055674272986602324,Sell
2023-06-02,STI,0.054656689280755025,Buy
2023-06-02,KMB,-0.055696414224738235,Sell
2023-06-02,HAS,-0.0007431492113225899,Sell
2023-06-02,VTR,0.0014730089735448676,Buy
2023-06-02,DHI,-0.05555555555555555,Sell
2023-06-02,BDX,0.05555555555555555,Buy
2023-06-02,QQQ,-0.0003320571430842009,Sell
2023-06-02,SIRI,0.05555555555555555,Buy
2023-06-02,DLTR,-0.05652582419813449,Sell
2023-06-02,CCL,-0.05555555555555555,Sell
2023-06-02,XRT,-0.057207258422075725,Sell
2023-06-02,KGC,0.05555555555555555,Buy
2023-06-02,KO,-0.05555555555555555,Sell
2023-06-02,D,-0.055751653489883514,Sell
2023-06-02,PVH,0.05555555555555555,Buy
2023-06-02,RL,-0.058165527448629566,Sell
2023-06-02,HUM,0.11096698971217364,Buy
2023-06-02,WSM,-0.0014793594486428863,Sell
2023-06-02,MRVL,-0.0015684695077020777,Sell
2023-06-02,PCG,0.05555555555555555,Buy
2023-06-02,NTES,0.05555555555555555,Buy
2023-06-02,HMC,-0.05555555555555555,Sell
2023-06-02,PRGO,-0.056402420559009785,Sell
2023-06-02,SYK,0.05555555555555555,Buy
2023-06-02,XLE,-0.0564806620347372,Sell
2023-06-02,VZ,0.053063068624755336,Buy
2023-06-02,CAT,-0.05555555555555555,Sell
2023-06-05,BAX,0.05555555555555555,Buy
2023-06-05,QCOM,0.05555555555555555,Buy
2023-06-05,STI,-0.05555555555555555,Sell
2023-06-05,HAS,-0.0003399826810342385,Sell
2023-06-05,DPZ,0.05555555555555555,Buy
2023-06-05,VTR,0.054565698884717274,Buy
2023-06-05,DHI,0.05503905962314124,Buy
2023-06-05,BDX,-0.05581891128342441,Sell
2023-06-05,QQQ,-0.0001811271304819756,Sell
2023-06-05,EWI,0.05555555555555555,Buy
2023-06-05,SIRI,-0.05564456308180826,Sell
2023-06-05,DLTR,0.05555555555555555,Buy
2023-06-05,CCL,0.00032505466981479214,Buy
2023-06-05,XRT,0.05555555555555555,Buy
2023-06-05,KGC,-0.05533543213030364,Sell
2023-06-05,GOLD,-0.05555555555555555,Sell
2023-06-05,KO,0.054964471148072215,Buy
2023-06-05,ULTA,-0.05555555555555555,Sell
2023-06-05,PVH,-0.054850790596377104,Sell
2023-06-05,HUM,-0.055671201903929206,Sell
2023-06-05,WSM,0.0006635028537759768,Buy
2023-06-05,MRVL,-0.002197052911706708,Sell
2023-06-05,PCG,-0.05593363803601111,Sell
2023-06-05,NTES,-0.05541210457676501,Sell
2023-06-05,HMC,0.0002286873117542665,Buy
2023-06-05,SYK,0.0002877224178659543,Buy
2023-06-05,BSX,0.05555555555555555,Buy
2023-06-05,ZUMZ,-0.05555555555555555,Sell
2023-06-05,CAT,0.05431969122763572,Buy
2023-06-06,MNST,0.05555555555555555,Buy
2023-06-06,BAX,0.0006488961723185166,Buy
2023-06-06,CAG,0.05555555555555555,Buy
2023-06-06,GREK,-0.05555555555555555,Sell
2023-06-06,QCOM,-0.057629428819869245,Sell
2023-06-06,STI,0.00032897175739776685,Buy
2023-06-06,HAS,0.00032266453530429423,Buy
2023-06-06,DPZ,-0.0002591840814346255,Sell
2023-06-06,DHI,-0.05555555555555555,Sell
2023-06-06,BDX,0.05555555555555555,Buy
2023-06-06,QQQ,0.0558221713464722,Buy
2023-06-06,EWI,-0.056362985005719464,Sell
2023-06-06,DLTR,-0.05628171771245462,Sell
2023-06-06,CCL,0.0024094504144997336,Buy
2023-06-06,XRT,-0.05757515450670229,Sell
2023-06-06,GOLD,0.05752861582961743,Buy
2023-06-06,KO,0.05555555555555555,Buy
2023-06-06,ULTA,-0.000190751268386892,Sell
2023-06-06,WSM,-0.058808083716819844,Sell
2023-06-06,MRVL,0.00134400388556883,Buy
2023-06-06,HMC,0.001941828279373968,Buy
2023-06-06,CLX,0.05555555555555555,Buy
2023-06-06,OHI,-0.05555555555555555,Sell
2023-06-06,SYK,-0.05554838651202114,Sell
2023-06-06,BSX,0.0005168919757805868,Buy
2023-06-06,ZUMZ,0.059787203663857945,Buy
2023-06-06,MRK,0.05555555555555555,Buy
2023-06-07,MNST,0.001205930312550424,Buy
2023-06-07,BAX,-0.0017650585886670872,Sell
2023-06-07,HOG,-0.05555555555555555,Sell
2023-06-07,CAG,-0.05535836975472097,Sell
2023-06-07,GREK,0.0003184880115670377,Buy
2023-06-07,STI,0.0558210518006106,Buy
2023-06-07,HAS,0.001275406476285601,Buy
2023-06-07,DPZ,-0.00012628898772418934,Sell
2023-06-07,VTR,-0.05555555555555555,Sell
2023-06-07,DHI,0.05507751416006959,Buy
2023-06-07,BDX,-0.05610926681626009,Sell
2023-06-07,CCL,0.05684990916132941,Buy
2023-06-07,KGC,0.05555555555555555,Buy
2023-06-07,KO,-0.055632388360211886,Sell
2023-06-07,ULTA,0.05545662971042212,Buy
2023-06-07,EW,0.05555555555555555,Buy
2023-06-07,MRVL,0.00033897512051865586,Buy
2023-06-07,HMC,0.054282740752512465,Buy
2023-06-07,CME,0.05555555555555555,Buy
2023-06-07,CLX,0.000479466060170991,Buy
2023-06-07,OHI,0.0012632445798490682,Buy
2023-06-07,BSX,-0.0001929645498041574,Sell
2023-06-07,M,-0.05555555555555555,Sell
2023-06-07,ZUMZ,-0.05555555555555555,Sell
2023-06-07,VZ,-0.05555555555555555,Sell
2023-06-07,MRK,0.0005490681065416503,Buy
2023-06-08,MNST,-0.05566700076866054,Sell
2023-06-08,BAX,0.0015433831018156138,Buy
2023-06-08,HOG,0.05429379818374467,Buy
2023-06-08,CAG,0.05555555555555555,Buy
2023-06-08,GREK,6.412193610270261e-05,Buy
2023-06-08,STI,0.05555555555555555,Buy
2023-06-08,HAS,-0.0005431783433674092,Sell
2023-06-08,DPZ,-0.11104593035943475,Sell
2023-06-08,VTR,0.05309912264871289,Buy
2023-06-08,BBT,-0.05555555555555555,Sell
2023-06-08,BDX,0.05555555555555555,Buy
2023-06-08,QQQ,-0.05555555555555555,Sell
2023-06-08,ANF,-0.05555555555555555,Sell
2023-06-08,KEY,-0.05555555555555555,Sell
2023-06-08,KGC,-0.05646312134747972,Sell
2023-06-08,EW,0.0001815801432381997,Buy
2023-06-08,NTAP,0.05555555555555555,Buy
2023-06-08,LOW,0.05555555555555555,Buy
2023-06-08,MRVL,-0.0001362322532634172,Sell
2023-06-08,CME,-0.05627112486376034,Sell
2023-06-08,CLX,-0.05528921734708229,Sell
2023-06-08,OHI,-0.0005159612023828974,Sell
2023-06-08,SYK,0.05555555555555555,Buy
2023-06-08,BSX,-0.05545920319561953,Sell
2023-06-08,M,0.05441207062369296,Buy
2023-06-08,ZUMZ,0.05254276598385088,Buy
2023-06-08,VZ,0.05532285597168386,Buy
2023-06-08,MRK,-0.055924236915517546,Sell
2023-06-08,BMY,0.05555555555555555,Buy
2023-06-09,MNST,0.05555555555555555,Buy
2023-06-09,PPG,0.05555555555555555,Buy
2023-06-09,BAX,-0.056196811384471905,Sell
2023-06-09,CAG,0.00033080518481203025,Buy
2023-06-09,GREK,0.05552425739971828,Buy
2023-06-09,STI,0.000280895043804269,Buy
2023-06-09,HAS,0.05462837666381453,Buy
2023-06-09,DPZ,-0.0005400690622458862,Sell
2023-06-09,BBT,-0.0008473425676938234,Sell
2023-06-09,BDX,-0.0557969637511087,Sell
2023-06-09,QQQ,0.055564847153359125,Buy
2023-06-09,ANF,-0.0013267906298526505,Sell
2023-06-09,ORCL,-0.05555555555555555,Sell
2023-06-09,KEY,-0.0017146820624140205,Sell
2023-06-09,WMB,0.05555555555555555,Buy
2023-06-09,EW,-0.0554455490439476,Sell
2023-06-09,HUM,-0.05555555555555555,Sell
2023-06-09,NTAP,-0.05486527641763387,Sell
2023-06-09,LOW,0.0005547391967448689,Buy
2023-06-09,MRVL,6.647857071728769e-05,Buy
2023-06-09,PCG,0.05555555555555555,Buy
2023-06-09,HMC,-0.05555555555555555,Sell
2023-06-09,OHI,0.05574747786080603,Buy
2023-06-09,SYK,-0.056127248366192414,Sell
2023-06-09,CSIQ,-0.05555555555555555,Sell
2023-06-09,ENB,0.05555555555555555,Buy
2023-06-09,BMY,0.0006345412229572106,Buy
2023-06-12,MNST,-0.05631094877396088,Sell
2023-06-12,PPG,-0.055796724070577994,Sell
2023-06-12,ICE,0.05555555555555555,Buy
2023-06-12,RRC,-0.05555555555555555,Sell
2023-06-12,CAG,-1.6456278101768806e-05,Sell
2023-06-12,STI,-0.05598577523347191,Sell
2023-06-12,NDAQ,-0.05555555555555555,Sell
2023-06-12,HAS,-0.05555555555555555,Sell
2023-06-12,DPZ,0.05637700687214786,Buy
2023-06-12,BBT,0.0552559144985495,Buy
2023-06-12,EOG,0.05555555555555555,Buy
2023-06-12,QQQ,-0.05555555555555555,Sell
2023-06-12,ANF,0.00035749181481409265,Buy
2023-06-12,ORCL,0.003448190727269207,Buy
2023-06-12,CCL,-0.05555555555555555,Sell
2023-06-12,TSM,-0.05555555555555555,Sell
2023-06-12,KEY,0.05327143843623419,Buy
2023-06-12,WMB,-0.00042502165563099853,Sell
2023-06-12,HUM,0.055657238323446274,Buy
2023-06-12,LOW,-0.05679788662203481,Sell
2023-06-12,MRVL,0.00200605850369439,Buy
2023-06-12,PCG,-0.0003115017860888525,Sell
2023-06-12,HMC,0.056230571657225746,Buy
2023-06-12,CME,0.05555555555555555,Buy
2023-06-12,CSIQ,0.05549183744496511,Buy
2023-06-12,BSX,0.05555555555555555,Buy
2023-06-12,XLE,0.05555555555555555,Buy
2023-06-12,ENB,0.0005319877527892453,Buy
2023-06-12,BMY,-0.05563480938967388,Sell
2023-06-13,DAL,-0.05555555555555555,Sell
2023-06-13,ICE,-0.056140297873742404,Sell
2023-06-13,RRC,0.0554587860851485,Buy
2023-06-13,CAG,-0.05616474332533607,Sell
2023-06-13,STI,0.05555555555555555,Buy
2023-06-13,KMB,0.05555555555555555,Buy
2023-06-13,NDAQ,0.055953647109091065,Buy
2023-06-13,HAS,0.0013183930710630246,Buy
2023-06-13,EOG,0.0002563699067172631,Buy
2023-06-13,QQQ,0.0007617828739041252,Buy
2023-06-13,ANF,0.0013074288352935004,Buy
2023-06-13,ORCL,0.0004523619249214572,Buy
2023-06-13,CCL,0.0026863257889114187,Buy
2023-06-13,TSM,0.055752175075367685,Buy
2023-06-13,WMB,-0.0001860530431222404,Sell
2023-06-13,HUM,0.05555555555555555,Buy
2023-06-13,NWSA,-0.05555555555555555,Sell
2023-06-13,MRVL,0.0012330445305609103,Buy
2023-06-13,PCG,-0.00039833000568990917,Sell
2023-06-13,HMC,-0.05555555555555555,Sell
2023-06-13,CME,0.0001693564749194465,Buy
2023-06-13,CLX,0.05555555555555555,Buy
2023-06-13,SYK,0.05555555555555555,Buy
2023-06-13,BSX,-0.05584424468080113,Sell
2023-06-13,XLE,-0.05615155468096043,Sell
2023-06-13,ENB,-0.05590280882509516,Sell
2023-06-14,DAL,0.0014226477419283304,Buy
2023-06-14,STI,-0.00014822491324645998,Sell
2023-06-14,KMB,-0.056402877771712386,Sell
2023-06-14,NDAQ,0.05555555555555555,Buy
2023-06-14,HAS,0.055270342013924854,Buy
2023-06-14,TRV,0.05555555555555555,Buy
2023-06-14,EOG,0.00044893323148335884,Buy
2023-06-14,QQQ,0.0009797406112123236,Buy
2023-06-14,ANF,0.0015342840156970725,Buy
2023-06-14,ORCL,0.0032608146881332734,Buy
2023-06-14,CCL,0.0015231418996931104,Buy
2023-06-14,TSM,-0.05555555555555555,Sell
2023-06-14,KEY,-0.05555555555555555,Sell
2023-06-14,KGC,0.05555555555555555,Buy
2023-06-14,WMB,-5.621994625407828e-05,Sell
2023-06-14,HUM,-0.0498175309145546,Sell
2023-06-14,NWSA,0.055693626186589955,Buy
2023-06-14,MRVL,0.0004917077287653476,Buy
2023-06-14,PCG,-0.0014984659017889673,Sell
2023-06-14,HMC,0.001754017697023616,Buy
2023-06-14,CME,-0.05731789898317896,Sell
2023-06-14,CLX,0.00030039557869776523,Buy
2023-06-14,SYK,-0.058484106493463243,Sell
2023-06-14,MRK,0.05555555555555555,Buy
2023-06-15,DAL,0.000934252381450125,Buy
2023-06-15,AA,-0.05555555555555555,Sell
2023-06-15,RRC,-0.05555555555555555,Sell
2023-06-15,CAG,0.05555555555555555,Buy
2023-06-15,STI,-7.807132517041043e-05,Sell
2023-06-15,NDAQ,-0.001476405355718649,Sell
2023-06-15,TRV,-0.05635582145262427,Sell
2023-06-15,DPZ,-0.05555555555555555,Sell
2023-06-15,EOG,-0.05609807811001353,Sell
2023-06-15,QQQ,0.0006875314101389488,Buy
2023-06-15,ANF,0.0010403432487561953,Buy
2023-06-15,ORCL,0.001970822369162302,Buy
2023-06-15,CCL,0.0018779323593456423,Buy
2023-06-15,TSM,0.0546548174984158,Buy
2023-06-15,MAR,0.05555555555555555,Buy
2023-06-15,KEY,0.056534247886668734,Buy
2023-06-15,KGC,-0.0002544344382925043,Sell
2023-06-15,GOLD,0.05555555555555555,Buy
2023-06-15,WMB,-0.056261757599083195,Sell
2023-06-15,HUM,0.05555555555555555,Buy
2023-06-15,MRVL,-0.0007957620875499935,Sell
2023-06-15,PCG,-5.7471303944109375e-05,Sell
2023-06-15,HMC,0.05475940017333266,Buy
2023-06-15,CLX,-0.00039352285192129077,Sell
2023-06-15,MRK,-0.05595930844992051,Sell
2023-06-16,DAL,-1.9747097422147253e-05,Sell
2023-06-16,AA,0.05511110993360192,Buy
2023-06-16,RRC,0.057177891511509656,Buy
2023-06-16,CAG,0.0001428817690159248,Buy
2023-06-16,STI,-9.706416333314649e-05,Sell
2023-06-16,NDAQ,0.0010208810349143504,Buy
2023-06-16,DPZ,0.056670049479436845,Buy
2023-06-16,DHI,-0.05555555555555555,Sell
2023-06-16,QQQ,0.05530239428193846,Buy
2023-06-16,ANF,-0.0001486425212887041,Sell
2023-06-16,ORCL,-0.00038229501495420926,Sell
2023-06-16,CCL,-0.0010077053219332693,Sell
2023-06-16,MAR,-0.05555182692994545,Sell
2023-06-16,KGC,-0.0002113364838557258,Sell
2023-06-16,GOLD,-0.05546762155793309,Sell
2023-06-16,ULTA,0.05555555555555555,Buy
2023-06-16,HUM,0.002086564758750825,Buy
2023-06-16,MRVL,-0.0007193764109615086,Sell
2023-06-16,PCG,-0.0005810097582642296,Sell
2023-06-16,HMC,0.05555555555555555,Buy
2023-06-16,CLX,-0.0006644958362275535,Sell
2023-06-16,CSIQ,-0.05555555555555555,Sell
2023-06-16,ZUMZ,-0.05555555555555555,Sell
2023-06-16,MT,-0.05555555555555555,Sell
2023-06-20,AMTD,-0.05555555555555555,Sell
2023-06-20,A,0.05555555555555555,Buy
2023-06-20,DAL,0.05543065548352497,Buy
2023-06-20,CAG,0.0003651417267097959,Buy
2023-06-20,STI,-0.0003856545629548694,Sell
2023-06-20,NDAQ,-0.0562711943652082,Sell
2023-06-20,DHI,0.0012006059158117463,Buy
2023-06-20,EOG,0.05555555555555555,Buy
2023-06-20,ANF,0.056082766215334284,Buy
2023-06-20,ORCL,0.054313120635189005,Buy
2023-06-20,CCL,0.0006329860809859839,Buy
2023-06-20,KGC,0.0024663843032270358,Buy
2023-06-20,ULTA,-0.05573294069915351,Sell
2023-06-20,HUM,-0.11152352661776685,Sell
2023-06-20,WSM,0.05555555555555555,Buy
2023-06-20,MRVL,1.4683996916987907e-05,Buy
2023-06-20,PCG,-0.05413442838480185,Sell
2023-06-20,DUK,0.05555555555555555,Buy
2023-06-20,NTES,0.05555555555555555,Buy
2023-06-20,HMC,0.0012357161445443535,Buy
2023-06-20,CLX,-0.05545351714532051,Sell
2023-06-20,CSIQ,0.05234884377524631,Buy
2023-06-20,XLE,-0.05555555555555555,Sell
2023-06-20,M,-0.05555555555555555,Sell
2023-06-20,ZUMZ,0.004689660599825035,Buy
2023-06-20,MT,-0.0015273006863627744,Sell
2023-06-21,MET,-0.05555555555555555,Sell
2023-06-21,AMTD,0.05508800968972172,Buy
2023-06-21,BAX,0.05555555555555555,Buy
2023-06-21,A,-0.05551864907621204,Sell
2023-06-21,HOG,-0.05555555555555555,Sell
2023-06-21,DAL,-0.05555555555555555,Sell
2023-06-21,CAG,-0.05568174576504134,Sell
2023-06-21,QCOM,0.05555555555555555,Buy
2023-06-21,JNJ,0.05555555555555555,Buy
2023-06-21,STI,-0.11120463598882818,Sell
2023-06-21,HAS,0.05555555555555555,Buy
2023-06-21,TRV,0.05555555555555555,Buy
2023-06-21,DHI,0.05573874223919021,Buy
2023-06-21,EOG,-0.05571022328535659,Sell
2023-06-21,ANF,-0.05555555555555555,Sell
2023-06-21,CCL,-0.0001515305459428573,Sell
2023-06-21,ILMN,0.05555555555555555,Buy
2023-06-21,KGC,-0.000122293997557317,Sell
2023-06-21,HUM,0.0006279479933788065,Buy
2023-06-21,WSM,-0.0551154039467607,Sell
2023-06-21,BX,0.05555555555555555,Buy
2023-06-21,MRVL,0.05363435861176525,Buy
2023-06-21,DUK,-0.05586557243656196,Sell
2023-06-21,NTES,-0.055281729884595225,Sell
2023-06-21,HMC,-0.056621532493612126,Sell
2023-06-21,CME,-0.05555555555555555,Sell
2023-06-21,PRGO,0.05555555555555555,Buy
2023-06-21,XLE,0.00032198813324856024,Buy
2023-06-21,M,0.054348404771206095,Buy
2023-06-21,ZUMZ,0.057097465553845705,Buy
2023-06-21,MT,0.05539814063044366,Buy
2023-06-22,MET,-0.0008548260824751408,Sell
2023-06-22,AMTD,-0.05555555555555555,Sell
2023-06-22,BAX,-0.00035252477203379096,Sell
2023-06-22,HOG,0.05471933541804117,Buy
2023-06-22,WEN,0.05555555555555555,Buy
2023-06-22,DAL,4.015962629386194e-05,Buy
2023-06-22,QCOM,-0.05570780185982284,Sell
2023-06-22,JNJ,-0.05598970499342977,Sell
2023-06-22,STI,0.11095706121672727,Buy
2023-06-22,HAS,-0.055465931885575484,Sell
2023-06-22,TRV,0.0002425399554026736,Buy
2023-06-22,EOG,0.05555555555555555,Buy
2023-06-22,QQQ,-0.05555555555555555,Sell
2023-06-22,ANF,0.0003113791242392791,Buy
2023-06-22,CCL,-0.0006073044269988212,Sell
2023-06-22,MS,0.05555555555555555,Buy
2023-06-22,KEY,-0.05555555555555555,Sell
2023-06-22,ILMN,-0.056033492666795186,Sell
2023-06-22,KGC,-0.05492595572670657,Sell
2023-06-22,HUM,0.00030242129742160534,Buy
2023-06-22,NWSA,0.05555555555555555,Buy
2023-06-22,BX,-0.05540772934615416,Sell
2023-06-22,MRVL,-0.05555555555555555,Sell
2023-06-22,HMC,0.05555555555555555,Buy
2023-06-22,CME,0.05555402950456514,Buy
2023-06-22,PRGO,-0.00015591199204739725,Sell
2023-06-22,XLE,0.05465794479003576,Buy
2023-06-23,MET,0.05511468428374471,Buy
2023-06-23,AMTD,0.056026223354519615,Buy
2023-06-23,BAX,0.00015146547165419827,Buy
2023-06-23,WEN,-0.05385143405934271,Sell
2023-06-23,DAL,3.15556433696379e-06,Buy
2023-06-23,AA,-0.05555555555555555,Sell
2023-06-23,QCOM,0.05555555555555555,Buy
2023-06-23,STI,-0.00015942568607980184,Sell
2023-06-23,TRV,-0.05525213067334975,Sell
2023-06-23,EOG,0.0006284505721581915,Buy
2023-06-23,QQQ,0.05511061938524386,Buy
2023-06-23,ANF,-0.0003119856578001762,Sell
2023-06-23,CCL,0.0002481399320942018,Buy
2023-06-23,TSM,-0.05555555555555555,Sell
2023-06-23,MS,0.0004991720258194152,Buy
2023-06-23,MAR,-0.05555555555555555,Sell
2023-06-23,KEY,-0.001115853739561093,Sell
2023-06-23,D,0.05555555555555555,Buy
2023-06-23,HUM,0.05438317686401196,Buy
2023-06-23,NTAP,-0.05555555555555555,Sell
2023-06-23,NWSA,-0.05542606233729215,Sell
2023-06-23,MRVL,-0.0011171019531971207,Sell
2023-06-23,PCG,0.05555555555555555,Buy
2023-06-23,HMC,0.0013494174344155646,Buy
2023-06-23,PRGO,-0.054635558287590674,Sell
2023-06-23,CSIQ,0.05555555555555555,Buy
2023-06-26,MNST,0.05555555555555555,Buy
2023-06-26,BAX,-0.05482052613069162,Sell
2023-06-26,WEN,0.05555555555555555,Buy
2023-06-26,DAL,3.0377103399245597e-05,Buy
2023-06-26,AA,0.05547739836348374,Buy
2023-06-26,GREK,0.05555555555555555,Buy
2023-06-26,QCOM,-0.05678310147891151,Sell
2023-06-26,JNJ,0.05555555555555555,Buy
2023-06-26,STI,0.000434612675664775,Buy
2023-06-26,HAS,-0.05555555555555555,Sell
2023-06-26,TRV,0.05555555555555555,Buy
2023-06-26,BBT,-0.05555555555555555,Sell
2023-06-26,EOG,-0.05686917329127101,Sell
2023-06-26,ANF,4.343583136028062e-05,Buy
2023-06-26,CCL,0.10658638476276852,Buy
2023-06-26,TSM,0.05424971873966803,Buy
2023-06-26,MS,-0.0552317419903595,Sell
2023-06-26,ALK,-0.05555555555555555,Sell
2023-06-26,MAR,0.05524447565987284,Buy
2023-06-26,KEY,0.055225141259625916,Buy
2023-06-26,ILMN,0.05555555555555555,Buy
2023-06-26,D,-0.0562588806648627,Sell
2023-06-26,HUM,-0.05555555555555555,Sell
2023-06-26,NTAP,7.691815278891567e-05,Buy
2023-06-26,MRVL,-0.0003972766833600788,Sell
2023-06-26,PCG,-0.05512704972583457,Sell
2023-06-26,RF,-0.05555555555555555,Sell
2023-06-26,HMC,0.0006784385012054278,Buy
2023-06-26,CSIQ,-0.05428329803800685,Sell
2023-06-27,MNST,-0.056428421301021124,Sell
2023-06-27,A,0.05555555555555555,Buy
2023-06-27,WEN,-0.00083354524124786,Sell
2023-06-27,DAL,0.004295966600946846,Buy
2023-06-27,GREK,-0.05674539763772759,Sell
2023-06-27,JNJ,-0.0003487551798406138,Sell
2023-06-27,STI,-0.00046515804815318307,Sell
2023-06-27,HAS,0.001953410444952279,Buy
2023-06-27,TRV,-0.056085703911077416,Sell
2023-06-27,BBT,0.05623587219923265,Buy
2023-06-27,MU,-0.05555555555555555,Sell
2023-06-27,ANF,0.0009021149631672151,Buy
2023-06-27,CCL,-0.060970486934270006,Sell
2023-06-27,TSM,-0.05555555555555555,Sell
2023-06-27,ALK,0.0026741427600497428,Buy
2023-06-27,ILMN,0.0020018800107109366,Buy
2023-06-27,KO,0.05555555555555555,Buy
2023-06-27,HUM,0.055960481950399425,Buy
2023-06-27,NTAP,0.0013994673163526886,Buy
2023-06-27,MRVL,0.0032201232713435918,Buy
2023-06-27,PCG,0.05555555555555555,Buy
2023-06-27,RF,0.05666761294904631,Buy
2023-06-27,HMC,-0.05650688445147373,Sell
2023-06-27,PRGO,0.05555555555555555,Buy
2023-06-27,COF,-0.05555555555555555,Sell
2023-06-27,MT,0.05555555555555555,Buy
2023-06-28,MNST,0.05555555555555555,Buy
2023-06-28,A,-0.05533563243714325,Sell
2023-06-28,WEN,-0.05575810721025213,Sell
2023-06-28,DAL,0.0008473124109650912,Buy
2023-06-28,CAG,0.05555555555555555,Buy
2023-06-28,JNJ,-0.05554174501836449,Sell
2023-06-28,STI,-9.866563882893198e-05,Sell
2023-06-28,NDAQ,0.05555555555555555,Buy
2023-06-28,HAS,0.0006943305016222576,Buy
2023-06-28,MU,0.00033197553652470485,Buy
2023-06-28,QQQ,-0.05555555555555555,Sell
2023-06-28,ANF,0.05451053893123903,Buy
2023-06-28,TSM,0.055021782769189016,Buy
2023-06-28,ALK,0.0006452390882526332,Buy
2023-06-28,KEY,-0.05555555555555555,Sell
2023-06-28,ILMN,-0.00042634657646563323,Sell
2023-06-28,TRP,-0.05555555555555555,Sell
2023-06-28,KO,0.0004206103953690449,Buy
2023-06-28,NTAP,0.0558397870437511,Buy
2023-06-28,MRVL,-0.0003789759392603051,Sell
2023-06-28,PCG,-0.05555565293335994,Sell
2023-06-28,DUK,0.05555555555555555,Buy
2023-06-28,PRGO,3.500426011349839e-05,Buy
2023-06-28,COF,0.00038539000177469085,Buy
2023-06-28,ZUMZ,0.05555555555555555,Buy
2023-06-28,MT,-0.05520191741457603,Sell
2023-06-29,MNST,8.520314086823966e-05,Buy
2023-06-29,VWO,0.05555555555555555,Buy
2023-06-29,XLP,0.05555555555555555,Buy
2023-06-29,DAL,-0.0008188131187655892,Sell
2023-06-29,CAG,-8.830870131084495e-05,Sell
2023-06-29,GREK,-0.05555555555555555,Sell
2023-06-29,STI,0.00039821519860449434,Buy
2023-06-29,NDAQ,-0.05551016974445414,Sell
2023-06-29,HAS,0.055698175607013505,Buy
2023-06-29,MU,0.05295406119565112,Buy
2023-06-29,WFC,-0.05555555555555555,Sell
2023-06-29,QQQ,0.055098960060787086,Buy
2023-06-29,SIRI,-0.05555555555555555,Sell
2023-06-29,ANF,-0.05555555555555555,Sell
2023-06-29,ORCL,-0.05555555555555555,Sell
2023-06-29,ALK,-0.0005250086022510689,Sell
2023-06-29,KEY,0.05532813346830638,Buy
2023-06-29,ILMN,-0.05550276143265527,Sell
2023-06-29,TRP,0.05538997891014063,Buy
2023-06-29,KO,0.0008021606062774134,Buy
2023-06-29,MRVL,-0.0019084708457606445,Sell
2023-06-29,DUK,0.00048235994196885873,Buy
2023-06-29,PRGO,-0.05589071244378339,Sell
2023-06-29,COF,-0.0003460322843595112,Sell
2023-06-29,ZUMZ,-0.0009859211745872135,Sell
2023-06-29,BMY,0.05555555555555555,Buy
2023-06-30,MNST,-0.00036399286001400494,Sell
2023-06-30,VWO,-0.056385192847095235,Sell
2023-06-30,CF,0.05555555555555555,Buy
2023-06-30,XLP,-0.056386639405169574,Sell
2023-06-30,DAL,0.0018292317419665374,Buy
2023-06-30,CAG,-0.05658812421098431,Sell
2023-06-30,GREK,0.056066175969016925,Buy
2023-06-30,STI,-0.11145563293016082,Sell
2023-06-30,MU,0.05555555555555555,Buy
2023-06-30,WFC,0.056202948199905366,Buy
2023-06-30,QQQ,-0.05555555555555555,Sell
2023-06-30,SIRI,0.0584820704332833,Buy
2023-06-30,ANF,0.05564900970800862,Buy
2023-06-30,ORCL,0.0009662620831659141,Buy
2023-06-30,CCL,-0.05555555555555555,Sell
2023-06-30,ALK,0.0013177198568481013,Buy
2023-06-30,KO,-0.0005307872257025031,Sell
2023-06-30,NTAP,-0.05555555555555555,Sell
2023-06-30,MRVL,0.0016948527802843685,Buy
2023-06-30,DUK,-0.05644096850852943,Sell
2023-06-30,HMC,0.05555555555555555,Buy
2023-06-30,OHI,0.05555555555555555,Buy
2023-06-30,COF,0.0004008040173230157,Buy
2023-06-30,ZUMZ,0.0007089533389459599,Buy
2023-06-30,MT,0.05555555555555555,Buy
2023-06-30,BMY,-0.0003008562924412886,Sell
2023-07-03,MET,-0.05555555555555555,Sell
2023-07-03,MNST,0.0005591094380998571,Buy
2023-07-03,CF,-0.05627666663909801,Sell
2023-07-03,HOG,-0.05555555555555555,Sell
2023-07-03,WEN,0.05555555555555555,Buy
2023-07-03,DAL,0.0004041348141966758,Buy
2023-07-03,JNJ,0.05555555555555555,Buy
2023-07-03,STI,0.05546963559509318,Buy
2023-07-03,KMB,0.05555555555555555,Buy
2023-07-03,MU,-0.05616399904670677,Sell
2023-07-03,QQQ,0.05560025630073116,Buy
2023-07-03,SIRI,-0.05555555555555555,Sell
2023-07-03,ANF,-0.05555555555555555,Sell
2023-07-03,ORCL,0.05456602686676365,Buy
2023-07-03,CCL,0.05585258646514995,Buy
2023-07-03,TSM,-0.05555555555555555,Sell
2023-07-03,ALK,0.05548006438879056,Buy
2023-07-03,KO,-0.0002456879458706124,Sell
2023-07-03,ULTA,-0.05555555555555555,Sell
2023-07-03,EW,0.05555555555555555,Buy
2023-07-03,NTAP,0.055505935795586235,Buy
2023-07-03,MRVL,0.0013708707281055374,Buy
2023-07-03,HMC,-0.05612846517793459,Sell
2023-07-03,OHI,-0.05554193607659518,Sell
2023-07-03,SYK,0.05555555555555555,Buy
2023-07-03,BSX,0.05555555555555555,Buy
2023-07-03,COF,0.0007661278591653831,Buy
2023-07-03,ZUMZ,-0.05740075112377394,Sell
2023-07-03,MT,-0.05528703959478463,Sell
2023-07-03,MRK,0.05555555555555555,Buy
2023-07-03,BMY,-0.05588597824845204,Sell
2023-07-05,MET,0.05482185328319228,Buy
2023-07-05,MNST,0.00023152533979846346,Buy
2023-07-05,HOG,0.0546656099193817,Buy
2023-07-05,WEN,0.0009105388063756908,Buy
2023-07-05,DAL,0.00039480791193991643,Buy
2023-07-05,JNJ,0.00043378263979401005,Buy
2023-07-05,KMB,-0.05536897005791853,Sell
2023-07-05,TRV,0.05555555555555555,Buy
2023-07-05,BDX,0.05555555555555555,Buy
2023-07-05,SIRI,-0.001087083212995582,Sell
2023-07-05,ANF,0.053569383714716916,Buy
2023-07-05,HTZ,-0.05555555555555555,Sell
2023-07-05,CCL,-0.05555555555555555,Sell
2023-07-05,TSM,0.05414650683315306,Buy
2023-07-05,ALK,-0.05555555555555555,Sell
2023-07-05,KO,-0.05571541225513119,Sell
2023-07-05,D,-0.05555555555555555,Sell
2023-07-05,ULTA,3.6376542722871275e-05,Buy
2023-07-05,EW,-0.05498422969660473,Sell
2023-07-05,WSM,-0.05555555555555555,Sell
2023-07-05,MRVL,-0.0016391976159530405,Sell
2023-07-05,CME,0.05555555555555555,Buy
2023-07-05,SYK,0.0003678716464384918,Buy
2023-07-05,BSX,0.0005505069036770976,Buy
2023-07-05,COF,0.05434343182261646,Buy
2023-07-05,MRK,0.0005557019315315381,Buy
2023-07-06,MNST,0.000613483172738849,Buy
2023-07-06,WEN,-0.05462406646389597,Sell
2023-07-06,DAL,0.053935395509877325,Buy
2023-07-06,AA,-0.05555555555555555,Sell
2023-07-06,JNJ,0.0006750144369072411,Buy
2023-07-06,TRV,0.0008023009143690238,Buy
2023-07-06,DHI,0.05555555555555555,Buy
2023-07-06,BDX,0.000567845491492712,Buy
2023-07-06,SIRI,0.053836427809456626,Buy
2023-07-06,HTZ,-0.0005882949245590435,Sell
2023-07-06,CCL,-0.0012714737361753936,Sell
2023-07-06,ALK,0.054405153103489215,Buy
2023-07-06,D,0.05452078203794218,Buy
2023-07-06,ULTA,-0.0013334363983367806,Sell
2023-07-06,HUM,0.05555555555555555,Buy
2023-07-06,NTAP,-0.05555555555555555,Sell
2023-07-06,WSM,0.05394967766173948,Buy
2023-07-06,MRVL,-0.0011246884655637945,Sell
2023-07-06,HMC,0.05555555555555555,Buy
2023-07-06,CME,-0.05511102396748483,Sell
2023-07-06,SYK,0.0005783195260541038,Buy
2023-07-06,CSIQ,-0.05555555555555555,Sell
2023-07-06,BSX,-0.05490728239258869,Sell
2023-07-06,M,-0.05555555555555555,Sell
2023-07-06,ZUMZ,-0.05555555555555555,Sell
2023-07-06,MRK,0.0012123567394570767,Buy
2023-07-07,MNST,0.0001322611349384925,Buy
2023-07-07,DAL,-0.05555555555555555,Sell
2023-07-07,AA,0.05883235521596034,Buy
2023-07-07,GREK,-0.05555555555555555,Sell
2023-07-07,JNJ,0.0002148034713308697,Buy
2023-07-07,KMB,0.05555555555555555,Buy
2023-07-07,TRV,-0.05640052980562464,Sell
2023-07-07,DHI,-0.05641650985009654,Sell
2023-07-07,BBT,-0.05555555555555555,Sell
2023-07-07,BDX,-0.00017880385211373195,Sell
2023-07-07,HTZ,0.05630793889566986,Buy
2023-07-07,CCL,0.0566933416047607,Buy
2023-07-07,ALK,-0.05555555555555555,Sell
2023-07-07,ULTA,0.0007307176151978775,Buy
2023-07-07,HUM,-0.05477570410201093,Sell
2023-07-07,NTAP,0.0565429686463576,Buy
2023-07-07,MRVL,0.0009168849748533991,Buy
2023-07-07,RF,-0.05555555555555555,Sell
2023-07-07,HMC,-0.05630663407716386,Sell
2023-07-07,CME,0.05555555555555555,Buy
2023-07-07,CLX,0.05555555555555555,Buy
2023-07-07,SYK,-0.00033403195049324513,Sell
2023-07-07,CSIQ,0.05565881006564202,Buy
2023-07-07,BSX,0.05555555555555555,Buy
2023-07-07,M,0.05626334196460961,Buy
2023-07-07,COF,-0.05555555555555555,Sell
2023-07-07,ZUMZ,0.058613632315172574,Buy
2023-07-07,VZ,-0.05555555555555555,Sell
2023-07-07,MRK,0.0007801232375730174,Buy
2023-07-10,MNST,-0.056304319117293215,Sell
2023-07-10,DAL,0.05647087714351993,Buy
2023-07-10,CAG,0.05555555555555555,Buy
2023-07-10,GREK,0.056019022853936895,Buy
2023-07-10,JNJ,-0.00033051806851524396,Sell
2023-07-10,KMB,-0.00016523661063011508,Sell
2023-07-10,TRV,0.05555555555555555,Buy
2023-07-10,BBT,0.05630053178955628,Buy
2023-07-10,BDX,-0.055933988419059985,Sell
2023-07-10,SIRI,-0.05555555555555555,Sell
2023-07-10,ALK,0.002107929011228249,Buy
2023-07-10,XRT,-0.05555555555555555,Sell
2023-07-10,TRP,0.05555555555555555,Buy
2023-07-10,KO,0.05555555555555555,Buy
2023-07-10,ULTA,0.0009930322810836265,Buy
2023-07-10,RL,-0.05555555555555555,Sell
2023-07-10,NTAP,-0.05555555555555555,Sell
2023-07-10,LOW,-0.05555555555555555,Sell
2023-07-10,MRVL,0.0013147854820994564,Buy
2023-07-10,RF,0.05619072442430809,Buy
2023-07-10,HMC,0.05555555555555555,Buy
2023-07-10,CME,-4.012431106475978e-05,Sell
2023-07-10,CLX,0.00030441270190936787,Buy
2023-07-10,SYK,-0.05599029139026654,Sell
2023-07-10,BSX,-0.05623248373689297,Sell
2023-07-10,COF,0.000967611958113325,Buy
2023-07-10,VZ,0.054613825648713046,Buy
2023-07-10,MRK,-0.056286398844367154,Sell
2023-07-11,MNST,0.05555555555555555,Buy
2023-07-11,XLP,0.05555555555555555,Buy
2023-07-11,CAG,-0.05637050641950143,Sell
2023-07-11,GREK,-0.05555555555555555,Sell
2023-07-11,JNJ,-0.0001485296185307211,Sell
2023-07-11,STI,0.05555555555555555,Buy
2023-07-11,KMB,-0.0004699793073145442,Sell
2023-07-11,TRV,-0.05710306577457578,Sell
2023-07-11,SIRI,0.0025230910646093785,Buy
2023-07-11,ANF,-0.05555555555555555,Sell
2023-07-11,ALK,0.0012541210273506118,Buy
2023-07-11,XRT,0.0571669326863702,Buy
2023-07-11,KGC,0.05555555555555555,Buy
2023-07-11,TRP,-0.05624288619296809,Sell
2023-07-11,KO,-0.05621141639289728,Sell
2023-07-11,ULTA,0.0010715678614541327,Buy
2023-07-11,RL,0.0569267032219977,Buy
2023-07-11,NTAP,0.0011486912889195205,Buy
2023-07-11,LOW,0.05608887461873296,Buy
2023-07-11,MRVL,0.0021855928680000122,Buy
2023-07-11,HMC,-0.0006264194226260206,Sell
2023-07-11,CME,-0.05633130577741803,Sell
2023-07-11,CLX,0.00011530339839550818,Buy
2023-07-11,COF,0.0018648963458059511,Buy
2023-07-11,CAT,-0.05555555555555555,Sell
2023-07-11,MRK,0.05555555555555555,Buy
2023-07-12,MNST,-0.05608424291812514,Sell
2023-07-12,CNC,0.05555555555555555,Buy
2023-07-12,XLP,-0.055533833637317016,Sell
2023-07-12,GREK,0.05619644843164318,Buy
2023-07-12,JNJ,0.0003418896050606454,Buy
2023-07-12,STI,0.0004099125652404431,Buy
2023-07-12,KMB,0.00037518035671864347,Buy
2023-07-12,NDAQ,0.05555555555555555,Buy
2023-07-12,DPZ,-0.05555555555555555,Sell
2023-07-12,SIRI,0.00019794826049537861,Buy
2023-07-12,ANF,0.05463194041250126,Buy
2023-07-12,HTZ,0.05555555555555555,Buy
2023-07-12,CCL,0.05555555555555555,Buy
2023-07-12,TSM,-0.05555555555555555,Sell
2023-07-12,ALK,0.05506156918766875,Buy
2023-07-12,KGC,-0.05827951140606801,Sell
2023-07-12,WMB,-0.05555555555555555,Sell
2023-07-12,ULTA,-5.8065702259579854e-05,Sell
2023-07-12,NTAP,0.05441386763660895,Buy
2023-07-12,LOW,-0.05555555555555555,Sell
2023-07-12,MRVL,0.0005009831354741423,Buy
2023-07-12,NTES,-0.05555555555555555,Sell
2023-07-12,HMC,-0.05597943940970182,Sell
2023-07-12,CME,0.05555555555555555,Buy
2023-07-12,CLX,-2.5517769431694648e-05,Sell
2023-07-12,COF,0.00011687235448035183,Buy
2023-07-12,CAT,0.05557010329607249,Buy
2023-07-12,MRK,-0.054778814673390824,Sell
2023-07-13,CNC,-4.580054896930613e-05,Sell
2023-07-13,NVDA,-0.05555555555555555,Sell
2023-07-13,QCOM,-0.05555555555555555,Sell
2023-07-13,JNJ,-0.05598974697578052,Sell
2023-07-13,STI,-0.055732386363037636,Sell
2023-07-13,KMB,-0.00022649918940031988,Sell
2023-07-13,NDAQ,-0.0014809587507204208,Sell
2023-07-13,TRV,0.05555555555555555,Buy
2023-07-13,DPZ,-6.986062779706231e-05,Sell
2023-07-13,QQQ,-0.05555555555555555,Sell
2023-07-13,SIRI,0.001103780935422377,Buy
2023-07-13,HTZ,-0.056449200943979504,Sell
2023-07-13,CCL,0.0012608360905672147,Buy
2023-07-13,TSM,0.05662818085643306,Buy
2023-07-13,WMB,0.055977459745512714,Buy
2023-07-13,ULTA,0.054414031489641794,Buy
2023-07-13,HUM,0.05555555555555555,Buy
2023-07-13,NTAP,-0.05555555555555555,Sell
2023-07-13,LOW,0.05511529934256508,Buy
2023-07-13,MRVL,0.0023837897723607976,Buy
2023-07-13,NTES,0.0568979816757634,Buy
2023-07-13,CME,-0.05631949463043485,Sell
2023-07-13,CLX,0.00010300429895773733,Buy
2023-07-13,COF,0.0008886794473310783,Buy
2023-07-13,VZ,0.05555555555555555,Buy
2023-07-13,CAT,-0.05555555555555555,Sell
2023-07-13,MRK,0.05555555555555555,Buy
2023-07-14,CNC,-0.05694737756016607,Sell
2023-07-14,NVDA,0.05461909593923861,Buy
2023-07-14,QCOM,0.0549781113221245,Buy
2023-07-14,STI,0.05555555555555555,Buy
2023-07-14,KMB,-0.05537275345597503,Sell
2023-07-14,NDAQ,0.0009306498107718997,Buy
2023-07-14,HAS,0.05555555555555555,Buy
2023-07-14,TRV,0.0010715089345844017,Buy
2023-07-14,DPZ,-0.000641726515749716,Sell
2023-07-14,DHI,-0.05555555555555555,Sell
2023-07-14,QQQ,-0.0003378882380176765,Sell
2023-07-14,SIRI,0.05364811295799588,Buy
2023-07-14,ANF,-0.05555555555555555,Sell
2023-07-14,ORCL,-0.05555555555555555,Sell
2023-07-14,CCL,0.0019442115474996718,Buy
2023-07-14,ALK,0.05555555555555555,Buy
2023-07-14,WMB,0.05555555555555555,Buy
2023-07-14,HUM,-0.0010587656144577587,Sell
2023-07-14,NTAP,0.0546260318562603,Buy
2023-07-14,BX,-0.05555555555555555,Sell
2023-07-14,MRVL,-0.0019483767483506123,Sell
2023-07-14,HMC,0.05555555555555555,Buy
2023-07-14,CLX,-0.055229328360372594,Sell
2023-07-14,PRGO,-0.05555555555555555,Sell
2023-07-14,COF,0.05395719181027722,Buy
2023-07-14,VZ,-0.054224856649967054,Sell
2023-07-14,CAT,-0.0003780363152260449,Sell
2023-07-14,MRK,-0.05575918168335412,Sell
2023-07-17,CAG,0.05555555555555555,Buy
2023-07-17,STI,-0.056265826306677084,Sell
2023-07-17,NDAQ,-0.00045147766331397193,Sell
2023-07-17,HAS,-0.055601056186188366,Sell
2023-07-17,TRV,-0.05657384442204653,Sell
2023-07-17,DPZ,0.0008678224955075975,Buy
2023-07-17,DHI,0.05472212601840103,Buy
2023-07-17,BDX,0.05555555555555555,Buy
2023-07-17,QQQ,0.0006524208271340565,Buy
2023-07-17,SIRI,-0.05555555555555555,Sell
2023-07-17,ANF,0.004136290548570641,Buy
2023-07-17,HTZ,0.05555555555555555,Buy
2023-07-17,ORCL,-4.5040323475603605e-05,Sell
2023-07-17,CCL,-0.05723930655439125,Sell
2023-07-17,ALK,-0.05547522012016281,Sell
2023-07-17,ILMN,0.05555555555555555,Buy
2023-07-17,WMB,0.0004849049482333334,Buy
2023-07-17,D,0.05555555555555555,Buy
2023-07-17,HUM,-6.579953612377565e-05,Sell
2023-07-17,BX,0.00032507161697188647,Buy
2023-07-17,MRVL,0.0011065927890673288,Buy
2023-07-17,NTES,-0.05555555555555555,Sell
2023-07-17,HMC,-0.055558978288325185,Sell
2023-07-17,PRGO,0.05432968412070598,Buy
2023-07-17,CAT,0.0005332314611420433,Buy
2023-07-17,MRK,0.05555555555555555,Buy
2023-07-18,WEN,0.05555555555555555,Buy
2023-07-18,CAG,-0.00018403081137304683,Sell
2023-07-18,KMB,0.05555555555555555,Buy
2023-07-18,NDAQ,-0.0008669747341644926,Sell
2023-07-18,HAS,0.05555555555555555,Buy
2023-07-18,DPZ,0.0007055821777634252,Buy
2023-07-18,BDX,-0.055825726314417866,Sell
2023-07-18,QQQ,0.0007971353875492748,Buy
2023-07-18,SIRI,0.0043000721396760574,Buy
2023-07-18,ANF,-4.850018463169875e-05,Sell
2023-07-18,HTZ,-0.05703551970402666,Sell
2023-07-18,ORCL,0.0012237298391948523,Buy
2023-07-18,ILMN,0.0008166514115385062,Buy
2023-07-18,WMB,-0.056454216543515685,Sell
2023-07-18,D,-0.05561217675044639,Sell
2023-07-18,HUM,-0.0011530653392968215,Sell
2023-07-18,BX,0.0016731368288300588,Buy
2023-07-18,MRVL,0.001378811744210312,Buy
2023-07-18,PCG,0.05555555555555555,Buy
2023-07-18,NTES,0.05433253140238649,Buy
2023-07-18,COF,-0.05555555555555555,Sell
2023-07-18,VZ,0.05555555555555555,Buy
2023-07-18,CAT,0.0017184691143583564,Buy
2023-07-18,MRK,-0.056096612326209765,Sell
2023-07-19,BAX,-0.05555555555555555,Sell
2023-07-19,WEN,-0.0009273039299367292,Sell
2023-07-19,DAL,-0.05555555555555555,Sell
2023-07-19,CAG,-0.0558831650506736,Sell
2023-07-19,KMB,-0.05582927081055621,Sell
2023-07-19,NDAQ,0.001345596362969409,Buy
2023-07-19,HAS,-0.056463380066480974,Sell
2023-07-19,TRV,0.05555555555555555,Buy
2023-07-19,DPZ,-0.0003187629434026201,Sell
2023-07-19,BDX,0.05555555555555555,Buy
2023-07-19,QQQ,-0.00033727709380915877,Sell
2023-07-19,SIRI,0.0017637391535173103,Buy
2023-07-19,ANF,0.055037944737312244,Buy
2023-07-19,ORCL,0.05427993099130644,Buy
2023-07-19,XRT,-0.05555555555555555,Sell
2023-07-19,ILMN,-0.0009619791221605681,Sell
2023-07-19,KGC,0.05555555555555555,Buy
2023-07-19,HUM,-0.056049483861017,Sell
2023-07-19,NWSA,0.05555555555555555,Buy
2023-07-19,BX,0.0003422259518151491,Buy
2023-07-19,MRVL,0.05512197569761019,Buy
2023-07-19,PCG,-0.0559566338166737,Sell
2023-07-19,SYK,0.05555555555555555,Buy
2023-07-19,BSX,0.05555555555555555,Buy
2023-07-19,COF,0.0005749496991218558,Buy
2023-07-19,VZ,-0.058140779212115794,Sell
2023-07-19,CAT,-0.00027389247722051785,Sell
2023-07-20,BAX,0.00279801806164736,Buy
2023-07-20,CF,-0.05555555555555555,Sell
2023-07-20,NVDA,0.05555555555555555,Buy
2023-07-20,WEN,-0.0013024596032554098,Sell
2023-07-20,DAL,0.001256586119579857,Buy
2023-07-20,JNJ,-0.05555555555555555,Sell
2023-07-20,NDAQ,-0.0001721203529975665,Sell
2023-07-20,HAS,0.05555555555555555,Buy
2023-07-20,TRV,-0.057668421868518414,Sell
2023-07-20,DPZ,0.00044346917572637284,Buy
2023-07-20,BDX,-0.11409559641729289,Sell
2023-07-20,QQQ,0.055342920386035874,Buy
2023-07-20,SIRI,0.025032245952507026,Buy
2023-07-20,HTZ,0.05555555555555555,Buy
2023-07-20,CCL,0.05555555555555555,Buy
2023-07-20,TSM,0.05555555555555555,Buy
2023-07-20,XRT,0.055869665078236416,Buy
2023-07-20,ILMN,-0.05653827320107953,Sell
2023-07-20,KGC,-0.055328830643756245,Sell
2023-07-20,ULTA,0.05555555555555555,Buy
2023-07-20,NWSA,-0.0003341700761813546,Sell
2023-07-20,BX,0.05630315846774917,Buy
2023-07-20,PRGO,-0.05555555555555555,Sell
2023-07-20,SYK,-0.05694888982106801,Sell
2023-07-20,BSX,-0.05786098840671226,Sell
2023-07-20,COF,0.05522248597756785,Buy
2023-07-20,CAT,0.0007353453832558976,Buy
2023-07-21,MET,-0.05555555555555555,Sell
2023-07-21,BAX,-0.0010882185567017283,Sell
2023-07-21,CF,-0.00025544658376758234,Sell
2023-07-21,HP,-0.05555555555555555,Sell
2023-07-21,NVDA,0.001740233317991828,Buy
2023-07-21,WEN,0.0005745834962842464,Buy
2023-07-21,DAL,0.05512717066482577,Buy
2023-07-21,NSC,0.05555555555555555,Buy
2023-07-21,JNJ,0.05588043621868665,Buy
2023-07-21,STI,0.05555555555555555,Buy
2023-07-21,NDAQ,-0.05651198331565361,Sell
2023-07-21,HAS,-0.05539004664200028,Sell
2023-07-21,DPZ,-0.0006101143617914112,Sell
2023-07-21,DHI,-0.05555555555555555,Sell
2023-07-21,BDX,0.055586281951038395,Buy
2023-07-21,SIRI,-0.005437000553715779,Sell
2023-07-21,HTZ,-0.055377119911511806,Sell
2023-07-21,ORCL,-0.05555555555555555,Sell
2023-07-21,CCL,-0.05600657522647582,Sell
2023-07-21,TSM,0.0006140382660262816,Buy
2023-07-21,ULTA,0.000537272311754558,Buy
2023-07-21,PVH,0.05555555555555555,Buy
2023-07-21,NWSA,0.0009090521467192553,Buy
2023-07-21,PRGO,0.05556883473020094,Buy
2023-07-21,MT,0.05555555555555555,Buy
2023-07-21,CAT,-0.0009978507614171461,Sell
2023-07-24,MET,0.05604440507606198,Buy
2023-07-24,PPG,0.05555555555555555,Buy
2023-07-24,BAX,0.055020002770349345,Buy
2023-07-24,CF,0.000840768829334225,Buy
2023-07-24,HP,0.001303922256451616,Buy
2023-07-24,NVDA,-0.00016196331620000476,Sell
2023-07-24,WEN,-0.05482716459568067,Sell
2023-07-24,NSC,-0.055899592110550365,Sell
2023-07-24,STI,0.00021645851526045506,Buy
2023-07-24,DPZ,-0.0001504080995683929,Sell
2023-07-24,DHI,0.000837589408824467,Buy
2023-07-24,EWC,0.05555555555555555,Buy
2023-07-24,BDX,-0.05555555555555555,Sell
2023-07-24,SIRI,-0.00865802368156919,Sell
2023-07-24,ORCL,0.055536654428010604,Buy
2023-07-24,TSM,-0.05590813839183476,Sell
2023-07-24,TRP,0.05555555555555555,Buy
2023-07-24,ULTA,0.0008707436726651183,Buy
2023-07-24,PVH,-0.05557740458755449,Sell
2023-07-24,NTAP,0.05555555555555555,Buy
2023-07-24,NWSA,0.0010894859573190238,Buy
2023-07-24,NTES,-0.05555555555555555,Sell
2023-07-24,SYK,0.05555555555555555,Buy
2023-07-24,ZUMZ,-0.05555555555555555,Sell
2023-07-24,MT,-0.05596246446816664,Sell
2023-07-24,CAT,0.0001529790199674072,Buy
2023-07-25,PPG,-0.05582614216063368,Sell
2023-07-25,CF,0.00020215690255744045,Buy
2023-07-25,HP,0.00011294528755211031,Buy
2023-07-25,NVDA,-0.05671809821880469,Sell
2023-07-25,DAL,0.05555555555555555,Buy
2023-07-25,STI,0.00016232143729618537,Buy
2023-07-25,KMB,0.05555555555555555,Buy
2023-07-25,HAS,0.05555555555555555,Buy
2023-07-25,TRV,0.05555555555555555,Buy
2023-07-25,DPZ,0.0014381698402140472,Buy
2023-07-25,DHI,0.00025947268108408167,Buy
2023-07-25,EWC,-0.05522403052962181,Sell
2023-07-25,BDX,0.05605406154051201,Buy
2023-07-25,SIRI,-0.008194339811791691,Sell
2023-07-25,ALK,0.05555555555555555,Buy
2023-07-25,TRP,0.0027570915517331693,Buy
2023-07-25,ULTA,-0.05502408412639102,Sell
2023-07-25,NTAP,-0.055823961317619394,Sell
2023-07-25,WSM,-0.05555555555555555,Sell
2023-07-25,NWSA,0.00030553057227850067,Buy
2023-07-25,NTES,0.00015771776990869402,Buy
2023-07-25,CLX,0.05555555555555555,Buy
2023-07-25,SYK,-0.05542752089283879,Sell
2023-07-25,ZUMZ,-0.0005482310839417734,Sell
2023-07-25,CAT,0.0004121612162827637,Buy
2023-07-26,MET,-0.05555555555555555,Sell
2023-07-26,CF,0.0003789872429696209,Buy
2023-07-26,HP,0.0002631562440309765,Buy
2023-07-26,DAL,-0.055532109994736546,Sell
2023-07-26,RRC,-0.05555555555555555,Sell
2023-07-26,CAG,0.05555555555555555,Buy
2023-07-26,STI,-4.086114242420752e-05,Sell
2023-07-26,KMB,0.0004419062580960781,Buy
2023-07-26,NDAQ,0.05555555555555555,Buy
2023-07-26,HAS,-0.05589307744606591,Sell
2023-07-26,TRV,-0.05620238808015024,Sell
2023-07-26,DPZ,0.0005914587701737473,Buy
2023-07-26,DHI,0.05454342917390312,Buy
2023-07-26,SIRI,-0.002610032848808126,Sell
2023-07-26,ALK,0.00038039953791444564,Buy
2023-07-26,XRT,-0.05555555555555555,Sell
2023-07-26,TRP,-0.00035046108412753463,Sell
2023-07-26,WSM,0.05646333665035243,Buy
2023-07-26,NWSA,0.00027063448946504365,Buy
2023-07-26,BX,-0.05555555555555555,Sell
2023-07-26,NTES,0.0014530822004462929,Buy
2023-07-26,CLX,-0.00023173529012994465,Sell
2023-07-26,OHI,0.05555555555555555,Buy
2023-07-26,ZUMZ,0.05647329592951174,Buy
2023-07-26,CAT,0.054751380158046675,Buy
2023-07-27,MET,0.055270052126519906,Buy
2023-07-27,CF,6.848498542453424e-05,Buy
2023-07-27,HP,0.002744297486547004,Buy
2023-07-27,HOG,-0.05555555555555555,Sell
2023-07-27,ICE,0.05555555555555555,Buy
2023-07-27,RRC,0.05482602981681565,Buy
2023-07-27,CAG,-0.055639272667035354,Sell
2023-07-27,GREK,0.05555555555555555,Buy
2023-07-27,STI,-0.00018453968919505265,Sell
2023-07-27,KMB,0.0004789791527594067,Buy
2023-07-27,NDAQ,-0.0550285762267441,Sell
2023-07-27,HAS,0.05555555555555555,Buy
2023-07-27,DPZ,0.00035396634641092495,Buy
2023-07-27,BDX,-0.05555555555555555,Sell
2023-07-27,SIRI,-0.0007273715970720074,Sell
2023-07-27,CCL,-0.05555555555555555,Sell
2023-07-27,ALK,0.0006540089131141721,Buy
2023-07-27,XRT,0.05512592775880513,Buy
2023-07-27,TRP,0.0017401235653504918,Buy
2023-07-27,ULTA,-0.05555555555555555,Sell
2023-07-27,WSM,-0.05555555555555555,Sell
2023-07-27,NWSA,-0.05594331001291549,Sell
2023-07-27,BX,0.054978864045498066,Buy
2023-07-27,NTES,0.05472237400651273,Buy
2023-07-27,CLX,0.0008419102958610453,Buy
2023-07-27,OHI,-0.05560177101904189,Sell
2023-07-27,SYK,0.05555555555555555,Buy
2023-07-28,CF,0.05571489426949901,Buy
2023-07-28,HP,0.05564848721664793,Buy
2023-07-28,HOG,0.0018428450420499357,Buy
2023-07-28,WEN,0.05555555555555555,Buy
2023-07-28,ICE,-0.05598360385461138,Sell
2023-07-28,GREK,-0.00017368817736946457,Sell
2023-07-28,STI,-0.00027817404744047425,Sell
2023-07-28,KMB,-0.00037368399157254595,Sell
2023-07-28,HAS,-0.055726373577727424,Sell
2023-07-28,DPZ,9.479940775199841e-05,Buy
2023-07-28,BDX,0.05524195019962469,Buy
2023-07-28,EBAY,0.05555555555555555,Buy
2023-07-28,QQQ,-0.05555555555555555,Sell
2023-07-28,SIRI,0.0038164276888916354,Buy
2023-07-28,HTZ,0.05555555555555555,Buy
2023-07-28,CCL,0.0011589671922155181,Buy
2023-07-28,ALK,-0.05704818191210216,Sell
2023-07-28,TRP,0.0021988498970932913,Buy
2023-07-28,ULTA,0.055505012893211005,Buy
2023-07-28,EW,0.05555555555555555,Buy
2023-07-28,HUM,-0.05555555555555555,Sell
2023-07-28,WSM,0.057158244696917535,Buy
2023-07-28,BX,-0.05555555555555555,Sell
2023-07-28,NTES,-0.05555555555555555,Sell
2023-07-28,CLX,-0.05701260027639016,Sell
2023-07-28,SYK,-0.056082541879110166,Sell
2023-07-28,ENB,0.05555555555555555,Buy
2023-07-28,ZUMZ,-0.05555555555555555,Sell
2023-07-31,BAX,0.05555555555555555,Buy
2023-07-31,A,0.05555555555555555,Buy
2023-07-31,HP,-0.05555555555555555,Sell
2023-07-31,HOG,0.05519889436264745,Buy
2023-07-31,WEN,9.616216187174897e-05,Buy
2023-07-31,GREK,-0.05542709870885165,Sell
2023-07-31,STI,0.00019939546313265527,Buy
2023-07-31,KMB,-0.05479589416645472,Sell
2023-07-31,HAS,-0.05555555555555555,Sell
2023-07-31,DPZ,-0.0007710728662693803,Sell
2023-07-31,EBAY,0.0008143289001196416,Buy
2023-07-31,QQQ,0.05538503853282751,Buy
2023-07-31,SIRI,0.05524783873847777,Buy
2023-07-31,HTZ,-0.058479707199256686,Sell
2023-07-31,CCL,0.0008484524847340094,Buy
2023-07-31,TRP,-0.0025546407630293796,Sell
2023-07-31,EW,0.0013033444522952894,Buy
2023-07-31,HUM,0.00023167631167662905,Buy
2023-07-31,BX,0.05521914874725683,Buy
2023-07-31,NTES,0.05547860840837422,Buy
2023-07-31,CLX,0.05555555555555555,Buy
2023-07-31,SYK,-0.05555555555555555,Sell
2023-07-31,BSX,0.05555555555555555,Buy
2023-07-31,ENB,-0.1114892940515697,Sell
2023-07-31,ZUMZ,-0.00037494197628135106,Sell
2023-07-31,CAT,-0.05555555555555555,Sell
2023-08-01,BAX,-0.055423549072154986,Sell
2023-08-01,A,-0.00047607075921952263,Sell
2023-08-01,HP,0.055271318690788,Buy
2023-08-01,XLP,0.05555555555555555,Buy
2023-08-01,WEN,-0.0554475840907116,Sell
2023-08-01,GREK,0.05555555555555555,Buy
2023-08-01,STI,-0.00015126616264894005,Sell
2023-08-01,KMB,0.05555555555555555,Buy
2023-08-01,HAS,0.05569820614306987,Buy
2023-08-01,DPZ,0.0005598613880795841,Buy
2023-08-01,EBAY,-0.05451784597911387,Sell
2023-08-01,CCL,0.053193508711618515,Buy
2023-08-01,MAR,-0.05555555555555555,Sell
2023-08-01,TRP,0.00020592232496773055,Buy
2023-08-01,EW,-0.055693248555850346,Sell
2023-08-01,HUM,0.00030735155999087743,Buy
2023-08-01,NTAP,-0.05555555555555555,Sell
2023-08-01,BX,-0.05555555555555555,Sell
2023-08-01,DUK,0.05555555555555555,Buy
2023-08-01,NTES,-0.05555555555555555,Sell
2023-08-01,CP,0.05555555555555555,Buy
2023-08-01,CLX,-0.05579507065502808,Sell
2023-08-01,SYK,-0.0006624869535553357,Sell
2023-08-01,BSX,-0.00019424251627331302,Sell
2023-08-01,ENB,0.055040759505137996,Buy
2023-08-01,ZUMZ,-8.502977283035562e-05,Sell
2023-08-01,CAT,0.005083925181821103,Buy
2023-08-02,A,-0.0577689651082717,Sell
2023-08-02,CF,-0.05555555555555555,Sell
2023-08-02,HP,-0.05555555555555555,Sell
2023-08-02,XLP,-0.05560176956233656,Sell
2023-08-02,NVDA,0.05555555555555555,Buy
2023-08-02,NSC,0.05555555555555555,Buy
2023-08-02,GREK,0.0009580062098737824,Buy
2023-08-02,STI,-0.05582094312667008,Sell
2023-08-02,KMB,-0.055605060743465426,Sell
2023-08-02,DPZ,-0.0003394992185586365,Sell
2023-08-02,EWC,0.05555555555555555,Buy
2023-08-02,EWI,-0.05555555555555555,Sell
2023-08-02,SIRI,-0.05555555555555555,Sell
2023-08-02,MAR,0.055070354315789216,Buy
2023-08-02,WMB,0.05555555555555555,Buy
2023-08-02,TRP,-0.00042281163721435283,Sell
2023-08-02,HUM,0.0029485083719448107,Buy
2023-08-02,NTAP,0.055115182782801725,Buy
2023-08-02,BX,0.0537371316425969,Buy
2023-08-02,MRVL,0.05555555555555555,Buy
2023-08-02,DUK,-0.05563166811373799,Sell
2023-08-02,NTES,0.05395838335268587,Buy
2023-08-02,HMC,0.05555555555555555,Buy
2023-08-02,CP,-0.054612210035381276,Sell
2023-08-02,SYK,-0.0010847632489816503,Sell
2023-08-02,CSIQ,-0.05555555555555555,Sell
2023-08-02,BSX,0.0015083412356834136,Buy
2023-08-02,ZUMZ,0.055403199866601444,Buy
2023-08-02,CAT,-0.0003596385412427891,Sell
2023-08-03,MET,-0.05555555555555555,Sell
2023-08-03,PPG,0.05555555555555555,Buy
2023-08-03,CF,0.00029646401702683456,Buy
2023-08-03,HP,9.156981899335892e-06,Buy
2023-08-03,NVDA,-0.05576135028467314,Sell
2023-08-03,NSC,-0.05506796911122797,Sell
2023-08-03,ICE,0.05555555555555555,Buy
2023-08-03,GREK,-0.05638838234104786,Sell
2023-08-03,TRV,0.05555555555555555,Buy
2023-08-03,DPZ,0.0003236898509766939,Buy
2023-08-03,EWC,0.00038826495938945604,Buy
2023-08-03,EWI,0.055162974534562446,Buy
2023-08-03,SIRI,0.05567681499989376,Buy
2023-08-03,WMB,-0.056704532676934316,Sell
2023-08-03,TRP,-0.00035964348558425313,Sell
2023-08-03,HUM,0.00028741279026503475,Buy
2023-08-03,NTAP,-0.05555555555555555,Sell
2023-08-03,WSM,-0.05555555555555555,Sell
2023-08-03,LOW,0.05555555555555555,Buy
2023-08-03,MRVL,-0.05566749156817383,Sell
2023-08-03,DUK,0.05555555555555555,Buy
2023-08-03,HMC,-0.05425499368829176,Sell
2023-08-03,CLX,-0.05555555555555555,Sell
2023-08-03,OHI,0.05555555555555555,Buy
2023-08-03,SYK,0.05566527258537668,Buy
2023-08-03,CSIQ,0.05459984399450838,Buy
2023-08-03,BSX,-0.0001824866263792843,Sell
2023-08-03,CAT,-0.001282486290262716,Sell
2023-08-04,MET,0.05448543127771566,Buy
2023-08-04,PPG,-0.05536293113784125,Sell
2023-08-04,CF,-0.00030005161737004654,Sell
2023-08-04,HP,-0.0010089906005356988,Sell
2023-08-04,NSC,0.05555555555555555,Buy
2023-08-04,ICE,-0.056200182452471645,Sell
2023-08-04,KMB,0.05555555555555555,Buy
2023-08-04,TRV,0.0005514308088906267,Buy
2023-08-04,DPZ,-0.0011327624095357064,Sell
2023-08-04,EWC,-0.05539190003410381,Sell
2023-08-04,EWI,0.05555555555555555,Buy
2023-08-04,CCL,0.05555555555555555,Buy
2023-08-04,MAR,-0.05555555555555555,Sell
2023-08-04,KEY,-0.05555555555555555,Sell
2023-08-04,KGC,-0.05555555555555555,Sell
2023-08-04,GOLD,0.05555555555555555,Buy
2023-08-04,TRP,0.0007785297562598673,Buy
2023-08-04,ULTA,-0.05555555555555555,Sell
2023-08-04,HUM,-0.0006323343687108587,Sell
2023-08-04,NTAP,0.05417607206198018,Buy
2023-08-04,WSM,0.054251995517370956,Buy
2023-08-04,LOW,0.0011841090172926422,Buy
2023-08-04,DUK,0.0008631720985593713,Buy
2023-08-04,CLX,0.054543678469178944,Buy
2023-08-04,OHI,-0.05579538817023543,Sell
2023-08-04,BSX,-0.05507498568092101,Sell
2023-08-04,CAT,-0.001290293691443678,Sell
2023-08-07,MET,-0.05555555555555555,Sell
2023-08-07,CF,0.05497117765451991,Buy
2023-08-07,HP,0.05468145732810696,Buy
2023-08-07,HOG,0.05555555555555555,Buy
2023-08-07,NSC,0.00016109645035248393,Buy
2023-08-07,RRC,-0.05555555555555555,Sell
2023-08-07,QCOM,0.05555555555555555,Buy
2023-08-07,STI,0.05555555555555555,Buy
2023-08-07,KMB,-0.05583512458644448,Sell
2023-08-07,TRV,-0.055966995032504865,Sell
2023-08-07,DPZ,0.0003951508163527878,Buy
2023-08-07,VTR,0.05555555555555555,Buy
2023-08-07,EWI,-0.0002559171576895364,Sell
2023-08-07,CCL,-0.05832867922436423,Sell
2023-08-07,MAR,0.00039796764014884273,Buy
2023-08-07,KEY,0.05608847905838028,Buy
2023-08-07,KGC,0.05469876375149455,Buy
2023-08-07,GOLD,-0.05515422597306366,Sell
2023-08-07,TRP,0.00039582012922781407,Buy
2023-08-07,D,0.05555555555555555,Buy
2023-08-07,ULTA,0.0001341502843822534,Buy
2023-08-07,HUM,0.05667376030525329,Buy
2023-08-07,BX,-0.05555555555555555,Sell
2023-08-07,LOW,-0.0555281436390787,Sell
2023-08-07,DUK,-0.05560741872928483,Sell
2023-08-07,PRGO,-0.05555555555555555,Sell
2023-08-07,OHI,-0.05555555555555555,Sell
2023-08-07,BSX,0.05555555555555555,Buy
2023-08-07,CAT,0.0009734763174394437,Buy
2023-08-08,MET,0.0553418117836286,Buy
2023-08-08,HP,-0.05555555555555555,Sell
2023-08-08,HOG,-0.0002846007168897449,Sell
2023-08-08,DAL,-0.05555555555555555,Sell
2023-08-08,NSC,0.0007932653039870868,Buy
2023-08-08,RRC,0.000479506361472648,Buy
2023-08-08,GREK,0.05555555555555555,Buy
2023-08-08,QCOM,-0.05514703999838609,Sell
2023-08-08,STI,-0.055934447242273214,Sell
2023-08-08,KMB,-0.05555555555555555,Sell
2023-08-08,DPZ,0.0002834821572145485,Buy
2023-08-08,VTR,-0.055811757819155365,Sell
2023-08-08,EWI,0.000538347719674287,Buy
2023-08-08,DLTR,0.05555555555555555,Buy
2023-08-08,CCL,0.05555555555555555,Buy
2023-08-08,MAR,0.0008598138605526023,Buy
2023-08-08,ILMN,-0.05555555555555555,Sell
2023-08-08,TRP,-0.0010196626856055976,Sell
2023-08-08,D,-0.056082417588903734,Sell
2023-08-08,ULTA,0.05570814142331794,Buy
2023-08-08,BX,0.05584834567571353,Buy
2023-08-08,LOW,0.05555555555555555,Buy
2023-08-08,PRGO,0.0051515541265836975,Buy
2023-08-08,OHI,0.05537510362302247,Buy
2023-08-08,BSX,-0.0002135055416701767,Sell
2023-08-08,CAT,0.0006251775274339344,Buy
2023-08-09,AMTD,0.05555555555555555,Buy
2023-08-09,CF,-0.05555555555555555,Sell
2023-08-09,HP,0.054596044458475025,Buy
2023-08-09,HOG,-0.05516228443243775,Sell
2023-08-09,NVDA,0.05555555555555555,Buy
2023-08-09,DAL,0.054522957533769435,Buy
2023-08-09,NSC,0.0005113262550923287,Buy
2023-08-09,RRC,0.05564226272145395,Buy
2023-08-09,CAG,0.05555555555555555,Buy
2023-08-09,GREK,-0.05547197105081084,Sell
2023-08-09,KMB,0.05556055032481569,Buy
2023-08-09,NDAQ,-0.05555555555555555,Sell
2023-08-09,DPZ,-0.0003617286444991541,Sell
2023-08-09,VTR,0.05555555555555555,Buy
2023-08-09,EOG,-0.05555555555555555,Sell
2023-08-09,EWI,-0.055826862664610406,Sell
2023-08-09,SIRI,-0.05555555555555555,Sell
2023-08-09,ORCL,0.05555555555555555,Buy
2023-08-09,DLTR,-0.05605501549074797,Sell
2023-08-09,CCL,0.002123429332441487,Buy
2023-08-09,MAR,0.05535188550284483,Buy
2023-08-09,ILMN,-0.0006097449562296672,Sell
2023-08-09,TRP,-0.055780128677331085,Sell
2023-08-09,LOW,-0.055124447339855304,Sell
2023-08-09,MRVL,0.05555555555555555,Buy
2023-08-09,NTES,-0.05555555555555555,Sell
2023-08-09,PRGO,0.05404114006642892,Buy
2023-08-09,BSX,-0.05596932909618008,Sell
2023-08-09,XLE,-0.05555555555555555,Sell
2023-08-09,COF,0.05555555555555555,Buy
2023-08-09,CAT,0.00020904232437071735,Buy
2023-08-10,AMTD,0.00018507310035601604,Buy
2023-08-10,CF,0.053846795884780564,Buy
2023-08-10,NVDA,-0.05551496642893831,Sell
2023-08-10,NSC,-0.05560199803833682,Sell
2023-08-10,CAG,0.00021515999284153764,Buy
2023-08-10,GREK,0.05555555555555555,Buy
2023-08-10,NDAQ,0.0013365366391003136,Buy
2023-08-10,DPZ,0.0004834686878361569,Buy
2023-08-10,VTR,0.0010126853866316843,Buy
2023-08-10,EOG,0.00027906975354195784,Buy
2023-08-10,SIRI,-0.0002800023174043126,Sell
2023-08-10,ORCL,-0.05567817382984431,Sell
2023-08-10,CCL,-0.0004672639029089376,Sell
2023-08-10,MAR,-0.05555555555555555,Sell
2023-08-10,KEY,-0.05555555555555555,Sell
2023-08-10,ILMN,0.05592269326031567,Buy
2023-08-10,GOLD,0.05555555555555555,Buy
2023-08-10,RL,0.05555555555555555,Buy
2023-08-10,MRVL,0.0007622736941544778,Buy
2023-08-10,NTES,9.89768906928673e-05,Buy
2023-08-10,OHI,0.05555555555555555,Buy
2023-08-10,XLE,0.055726079811247865,Buy
2023-08-10,COF,-0.05509933450490545,Sell
2023-08-10,ZUMZ,-0.05555555555555555,Sell
2023-08-10,CAT,3.773527320440062e-05,Buy
2023-08-11,MET,-0.05555555555555555,Sell
2023-08-11,PPG,0.05555555555555555,Buy
2023-08-11,AMTD,-0.05540898768890142,Sell
2023-08-11,DAL,0.05555555555555555,Buy
2023-08-11,CAG,-0.05616857318465417,Sell
2023-08-11,GREK,0.0006582805791275348,Buy
2023-08-11,NDAQ,0.05517799967474474,Buy
2023-08-11,DPZ,-0.00037420870928060734,Sell
2023-08-11,VTR,0.0007423304953901866,Buy
2023-08-11,EOG,0.0007627266264708735,Buy
2023-08-11,SIRI,0.05473641043880881,Buy
2023-08-11,HTZ,-0.05555555555555555,Sell
2023-08-11,CCL,0.001613304696445876,Buy
2023-08-11,MAR,0.055805644787196115,Buy
2023-08-11,KEY,0.055773523056619444,Buy
2023-08-11,ILMN,0.05555555555555555,Buy
2023-08-11,GOLD,-0.05574298368978378,Sell
2023-08-11,WMB,-0.05555555555555555,Sell
2023-08-11,RL,0.0001651035520726027,Buy
2023-08-11,NWSA,-0.05555555555555555,Sell
2023-08-11,MRVL,0.0015234769044817006,Buy
2023-08-11,NTES,0.10915014297833979,Buy
2023-08-11,OHI,-0.05630894728503111,Sell
2023-08-11,ENB,-0.05555555555555555,Sell
2023-08-11,ZUMZ,0.002240059796992329,Buy
2023-08-11,CAT,0.0004930973315622061,Buy
2023-08-14,MET,-0.0002039068167619673,Sell
2023-08-14,PPG,-0.05663406184231298,Sell
2023-08-14,DAL,5.895361178542141e-05,Buy
2023-08-14,CAG,0.05555555555555555,Buy
2023-08-14,GREK,0.0006060327978546845,Buy
2023-08-14,DPZ,0.0003466213638693566,Buy
2023-08-14,VTR,-0.055408372504498274,Sell
2023-08-14,MU,-0.05555555555555555,Sell
2023-08-14,EOG,0.055065326746007996,Buy
2023-08-14,QQQ,-0.05555555555555555,Sell
2023-08-14,ANF,-0.05555555555555555,Sell
2023-08-14,HTZ,0.0569865283492768,Buy
2023-08-14,DLTR,0.05555555555555555,Buy
2023-08-14,CCL,2.2049490267725402e-06,Buy
2023-08-14,ILMN,-0.05378151940252208,Sell
2023-08-14,GOLD,0.05555555555555555,Buy
2023-08-14,WMB,0.05487305850091804,Buy
2023-08-14,RL,0.00031219331358664504,Buy
2023-08-14,NWSA,0.0008572908637590124,Buy
2023-08-14,TRIP,-0.05555555555555555,Sell
2023-08-14,LOW,-0.05555555555555555,Sell
2023-08-14,MRVL,-0.113384385795253,Sell
2023-08-14,NTES,-0.05539980483535699,Sell
2023-08-14,RF,0.05555555555555555,Buy
2023-08-14,HMC,0.05555555555555555,Buy
2023-08-14,ENB,0.05469896438787856,Buy
2023-08-14,ZUMZ,0.0530481849119658,Buy
2023-08-14,CAT,0.05528916804668574,Buy
2023-08-15,MET,0.053957428124287,Buy
2023-08-15,DAL,0.0016234993035345105,Buy
2023-08-15,AA,-0.05555555555555555,Sell
2023-08-15,CAG,-0.05435434237176333,Sell
2023-08-15,GREK,0.0007760843439499274,Buy
2023-08-15,TRV,0.05555555555555555,Buy
2023-08-15,DPZ,-0.0006323677518939863,Sell
2023-08-15,DHI,-0.05555555555555555,Sell
2023-08-15,MU,0.05305333024852772,Buy
2023-08-15,WFC,0.05555555555555555,Buy
2023-08-15,QQQ,0.05486055826142695,Buy
2023-08-15,EWI,0.05555555555555555,Buy
2023-08-15,SIRI,-0.05555555555555555,Sell
2023-08-15,ANF,0.055542811785171405,Buy
2023-08-15,DLTR,-0.055022497140916414,Sell
2023-08-15,CCL,0.0008314133345008468,Buy
2023-08-15,KGC,-0.05555555555555555,Sell
2023-08-15,GOLD,0.001800878624225545,Buy
2023-08-15,RL,-0.05478945585775201,Sell
2023-08-15,NWSA,0.05362801508012455,Buy
2023-08-15,TRIP,-0.003274105634074695,Sell
2023-08-15,LOW,0.05494575259747676,Buy
2023-08-15,MRVL,0.055030093873464137,Buy
2023-08-15,RF,0.001609648448947322,Buy
2023-08-15,HMC,-0.055143710088905715,Sell
2023-08-15,OHI,0.05555555555555555,Buy
2023-08-15,CSIQ,-0.05555555555555555,Sell
2023-08-15,MT,-0.05555555555555555,Sell
2023-08-15,CAT,-0.05555555555555555,Sell
2023-08-16,MNST,-0.05555555555555555,Sell
2023-08-16,CF,-0.05555555555555555,Sell
2023-08-16,DAL,0.0006989527693512798,Buy
2023-08-16,AA,-0.0021265610410494615,Sell
2023-08-16,NSC,-0.05555555555555555,Sell
2023-08-16,GREK,0.0002790260426282845,Buy
2023-08-16,TRV,-0.055945960077822474,Sell
2023-08-16,DPZ,-0.0009104363332310961,Sell
2023-08-16,DHI,0.05349702701079835,Buy
2023-08-16,WFC,-0.05464646135800362,Sell
2023-08-16,EWI,0.000564427942436059,Buy
2023-08-16,SIRI,-0.0013057998411236393,Sell
2023-08-16,ANF,-0.05555555555555555,Sell
2023-08-16,CCL,0.0016807596094919885,Buy
2023-08-16,MAR,-0.05555555555555555,Sell
2023-08-16,ILMN,0.05555555555555555,Buy
2023-08-16,KGC,0.05415674205118127,Buy
2023-08-16,GOLD,0.00023312224841151585,Buy
2023-08-16,TRIP,0.056411226619933814,Buy
2023-08-16,RF,-0.05460612880954129,Sell
2023-08-16,HMC,0.05555555555555555,Buy
2023-08-16,OHI,0.0008350825464125342,Buy
2023-08-16,CSIQ,0.05463482897350105,Buy
2023-08-16,COF,0.05555555555555555,Buy
2023-08-16,MT,0.053694686008944954,Buy
2023-08-16,CAT,-0.0008192742702236785,Sell
2023-08-17,MNST,0.054480020779262714,Buy
2023-08-17,CF,0.0007261288486911238,Buy
2023-08-17,HP,-0.05555555555555555,Sell
2023-08-17,DAL,0.0012335070562428593,Buy
2023-08-17,AA,0.055100649105357155,Buy
2023-08-17,NSC,0.055706330820863556,Buy
2023-08-17,GREK,-0.05567520211410947,Sell
2023-08-17,JNJ,-0.05555555555555555,Sell
2023-08-17,DPZ,-0.0010473086236399837,Sell
2023-08-17,DHI,0.05555555555555555,Buy
2023-08-17,EWC,0.05555555555555555,Buy
2023-08-17,EOG,-0.05555555555555555,Sell
2023-08-17,EWI,0.0006420887014938689,Buy
2023-08-17,SIRI,-0.0015173528552796453,Sell
2023-08-17,ANF,0.05435535491100345,Buy
2023-08-17,CCL,0.0013793116815600873,Buy
2023-08-17,MAR,0.05436416136846043,Buy
2023-08-17,ILMN,-0.05553484840263393,Sell
2023-08-17,GOLD,-0.05560634517944766,Sell
2023-08-17,ULTA,0.05555555555555555,Buy
2023-08-17,TRIP,-0.05555555555555555,Sell
2023-08-17,LOW,0.05555555555555555,Buy
2023-08-17,HMC,-0.055534327943120375,Sell
2023-08-17,OHI,0.0008326347910104712,Buy
2023-08-17,SYK,0.05555555555555555,Buy
2023-08-17,COF,-0.05555854067893864,Sell
2023-08-17,MT,-0.05555555555555555,Sell
2023-08-17,CAT,5.707618060567243e-05,Buy
2023-08-18,MET,-0.05555555555555555,Sell
2023-08-18,CF,0.0008772788942055312,Buy
2023-08-18,HP,0.0007117482208872442,Buy
2023-08-18,DAL,0.0003651533051021033,Buy
2023-08-18,GREK,0.05555555555555555,Buy
2023-08-18,JNJ,0.05509070266968239,Buy
2023-08-18,TRV,0.05555555555555555,Buy
2023-08-18,DPZ,-0.00048384164710257166,Sell
2023-08-18,DHI,-0.05596256754176102,Sell
2023-08-18,EWC,-2.060799092099691e-05,Sell
2023-08-18,EOG,0.0004061680034751561,Buy
2023-08-18,EWI,-5.639547795653621e-05,Sell
2023-08-18,SIRI,-0.00010289771383427404,Sell
2023-08-18,ANF,-0.05555555555555555,Sell
2023-08-18,CCL,0.0007180644750644574,Buy
2023-08-18,ALK,0.05555555555555555,Buy
2023-08-18,ULTA,-0.05635505091305212,Sell
2023-08-18,WSM,-0.05555555555555555,Sell
2023-08-18,TRIP,0.055539983769998635,Buy
2023-08-18,BX,-0.05555555555555555,Sell
2023-08-18,LOW,-0.05588187699252901,Sell
2023-08-18,NTES,0.05555555555555555,Buy
2023-08-18,OHI,-5.7192534364480796e-05,Sell
2023-08-18,SYK,-0.055572165291536475,Sell
2023-08-18,MT,0.05557616354647655,Buy
2023-08-18,CAT,0.055299446976397555,Buy
2023-08-21,MET,0.05480515791965084,Buy
2023-08-21,CF,-0.0004204282637901152,Sell
2023-08-21,HP,0.0544426634624436,Buy
2023-08-21,WEN,0.05555555555555555,Buy
2023-08-21,DAL,0.00014427114990945428,Buy
2023-08-21,AA,-0.05555555555555555,Sell
2023-08-21,RRC,-0.05555555555555555,Sell
2023-08-21,GREK,-0.05588807309356867,Sell
2023-08-21,JNJ,0.05555555555555555,Buy
2023-08-21,TRV,0.000771075258549643,Buy
2023-08-21,DPZ,-0.0003234790645801344,Sell
2023-08-21,EWC,-0.05499776820824047,Sell
2023-08-21,EOG,0.054969775320310714,Buy
2023-08-21,QQQ,-0.05555555555555555,Sell
2023-08-21,EWI,-0.05566421503764,Sell
2023-08-21,SIRI,-0.0015801970112471614,Sell
2023-08-21,ANF,0.0532434187022747,Buy
2023-08-21,CCL,5.2193108888043405e-05,Buy
2023-08-21,MS,0.05555555555555555,Buy
2023-08-21,ALK,-0.05531120705882533,Sell
2023-08-21,MAR,0.05555555555555555,Buy
2023-08-21,KEY,-0.05555555555555555,Sell
2023-08-21,NTAP,-0.05555555555555555,Sell
2023-08-21,WSM,0.05278886365458394,Buy
2023-08-21,BX,-0.00043710683481944235,Sell
2023-08-21,NTES,-0.05626180412242214,Sell
2023-08-21,OHI,0.0008746274159734044,Buy
2023-08-21,ENB,0.05555555555555555,Buy
2023-08-22,CF,0.05366301840805682,Buy
2023-08-22,XLP,0.05555555555555555,Buy
2023-08-22,WEN,-0.054603676026843705,Sell
2023-08-22,DAL,0.0004007882411321412,Buy
2023-08-22,AA,0.05569477726486212,Buy
2023-08-22,RRC,0.054249614290591955,Buy
2023-08-22,JNJ,-0.054887376553111406,Sell
2023-08-22,NDAQ,-0.05555555555555555,Sell
2023-08-22,HAS,-0.05555555555555555,Sell
2023-08-22,TRV,0.0007968197542168598,Buy
2023-08-22,DPZ,-0.0002517802116896728,Sell
2023-08-22,QQQ,0.05524803015459265,Buy
2023-08-22,SIRI,0.05369242710005361,Buy
2023-08-22,CCL,0.0004045639488891861,Buy
2023-08-22,MS,0.001062474947326239,Buy
2023-08-22,MAR,-0.11202900424627746,Sell
2023-08-22,KEY,0.05304083550135981,Buy
2023-08-22,ILMN,0.05555555555555555,Buy
2023-08-22,PVH,-0.05555555555555555,Sell
2023-08-22,NTAP,0.055363276542821395,Buy
2023-08-22,WSM,0.05555555555555555,Buy
2023-08-22,BX,0.0550302673479484,Buy
2023-08-22,LOW,-0.05555555555555555,Sell
2023-08-22,NTES,-0.05555555555555555,Sell
2023-08-22,RF,0.05555555555555555,Buy
2023-08-22,OHI,-0.05551034661969397,Sell
2023-08-22,SYK,-0.05555555555555555,Sell
2023-08-22,M,-0.05555555555555555,Sell
2023-08-22,COF,0.05555555555555555,Buy
2023-08-22,ENB,-0.054642076168142005,Sell
2023-08-23,MET,-0.05555555555555555,Sell
2023-08-23,AMTD,-0.05555555555555555,Sell
2023-08-23,XLP,-0.05525313177489993,Sell
2023-08-23,DAL,-0.00011053557338620151,Sell
2023-08-23,RRC,0.05555555555555555,Buy
2023-08-23,JNJ,0.05555555555555555,Buy
2023-08-23,NDAQ,6.113459947844346e-05,Buy
2023-08-23,HAS,0.0541825639288636,Buy
2023-08-23,TRV,-0.05522756326289264,Sell
2023-08-23,DPZ,-0.0002485496322898323,Sell
2023-08-23,BDX,-0.05555555555555555,Sell
2023-08-23,MU,-0.05555555555555555,Sell
2023-08-23,ANF,-0.05555555555555555,Sell
2023-08-23,CCL,-0.0014001964811075907,Sell
2023-08-23,MS,-0.05515900460335519,Sell
2023-08-23,MAR,0.05469942379239492,Buy
2023-08-23,XRT,0.05555555555555555,Buy
2023-08-23,ILMN,-0.05522466861970296,Sell
2023-08-23,ULTA,0.05555555555555555,Buy
2023-08-23,PVH,0.055106835809200574,Buy
2023-08-23,WSM,-0.11784214933594017,Sell
2023-08-23,BX,-0.05555555555555555,Sell
2023-08-23,LOW,0.055240370225784347,Buy
2023-08-23,PCG,0.05555555555555555,Buy
2023-08-23,NTES,0.0553081260878188,Buy
2023-08-23,RF,-0.05602013514064951,Sell
2023-08-23,SYK,0.05498343964531211,Buy
2023-08-23,M,0.05458432836283982,Buy
2023-08-23,COF,-0.0556101694336692,Sell
2023-08-23,ENB,0.05555555555555555,Buy
2023-08-23,BMY,0.05555555555555555,Buy
2023-08-24,MET,0.0004518129382737601,Buy
2023-08-24,AMTD,-0.002870758269613388,Sell
2023-08-24,DAL,0.0004285887462300367,Buy
2023-08-24,RRC,-0.05598899746501522,Sell
2023-08-24,GREK,0.05555555555555555,Buy
2023-08-24,JNJ,-0.0001550793612699261,Sell
2023-08-24,NDAQ,0.05518421549948344,Buy
2023-08-24,DPZ,-0.0005794944037957883,Sell
2023-08-24,BDX,-4.990985652198604e-05,Sell
2023-08-24,MU,0.05424412986990191,Buy
2023-08-24,ANF,-0.00047054855592391226,Sell
2023-08-24,ORCL,0.05555555555555555,Buy
2023-08-24,CCL,0.001878913496433661,Buy
2023-08-24,MAR,0.05555555555555555,Buy
2023-08-24,XRT,-0.054359650738493054,Sell
2023-08-24,KEY,-0.05555555555555555,Sell
2023-08-24,ULTA,-0.053592180328938935,Sell
2023-08-24,WSM,-0.001003424311795162,Sell
2023-08-24,BX,0.055142993461906605,Buy
2023-08-24,MRVL,0.05555555555555555,Buy
2023-08-24,CSIQ,-0.05555555555555555,Sell
2023-08-24,ENB,0.0004530251577135741,Buy
2023-08-24,VZ,-0.05555555555555555,Sell
2023-08-24,BMY,-0.05526913297345671,Sell
2023-08-25,MET,0.00016124173421015742,Buy
2023-08-25,AMTD,0.05516418299575588,Buy
2023-08-25,DAL,0.0002290972376814901,Buy
2023-08-25,AA,-0.05555555555555555,Sell
2023-08-25,GREK,-0.0006838981604634642,Sell
2023-08-25,JNJ,-0.05638889984893289,Sell
2023-08-25,DPZ,0.0003091861708469021,Buy
2023-08-25,BDX,0.0006403479412661964,Buy
2023-08-25,WFC,0.05555555555555555,Buy
2023-08-25,ANF,-0.00029424959452283017,Sell
2023-08-25,ORCL,-0.05714272797886131,Sell
2023-08-25,DLTR,0.05555555555555555,Buy
2023-08-25,CCL,-0.0007085936713272512,Sell
2023-08-25,MAR,-0.055871473182693,Sell
2023-08-25,KEY,0.0556429510398231,Buy
2023-08-25,ULTA,-0.05555555555555555,Sell
2023-08-25,NTAP,0.05555555555555555,Buy
2023-08-25,WSM,0.00040677453955140913,Buy
2023-08-25,MRVL,0.00364139615285803,Buy
2023-08-25,PCG,-2.9973768236532528e-06,Sell
2023-08-25,CME,-0.05555555555555555,Sell
2023-08-25,CSIQ,0.05576273542094974,Buy
2023-08-25,ENB,-0.0003940704032494233,Sell
2023-08-25,VZ,-1.3707706860641156e-05,Sell
2023-08-28,MET,0.05551118076332584,Buy
2023-08-28,BAX,0.05555555555555555,Buy
2023-08-28,CF,-0.05555555555555555,Sell
2023-08-28,WEN,0.05555555555555555,Buy
2023-08-28,DAL,-0.056347998341722966,Sell
2023-08-28,AA,0.05589530891485104,Buy
2023-08-28,GREK,-0.05617622337838923,Sell
2023-08-28,JNJ,0.05555555555555555,Buy
2023-08-28,TRV,0.05555555555555555,Buy
2023-08-28,DPZ,0.0009449029423305166,Buy
2023-08-28,EWC,0.05555555555555555,Buy
2023-08-28,BDX,0.055709357290346866,Buy
2023-08-28,WFC,-0.05627812926123766,Sell
2023-08-28,ANF,-0.0008688682830673908,Sell
2023-08-28,DLTR,-0.055966291855898846,Sell
2023-08-28,CCL,0.0008129668579650445,Buy
2023-08-28,ILMN,-0.05555555555555555,Sell
2023-08-28,ULTA,0.0003512290375345048,Buy
2023-08-28,NTAP,-0.05636116529174656,Sell
2023-08-28,WSM,0.05595289494257696,Buy
2023-08-28,MRVL,-0.05713409851352822,Sell
2023-08-28,PCG,0.0002172569472110239,Buy
2023-08-28,NTES,-0.05555555555555555,Sell
2023-08-28,CME,0.055431924310959856,Buy
2023-08-28,BSX,-0.05555555555555555,Sell
2023-08-28,ENB,-0.0003161641568044729,Sell
2023-08-28,MT,0.05555555555555555,Buy
2023-08-28,VZ,0.00018135831057648072,Buy
2023-08-28,CAT,-0.05555555555555555,Sell
2023-08-29,MET,-0.05555555555555555,Sell
2023-08-29,BAX,-0.05669383519254364,Sell
2023-08-29,CF,0.0010643165213037528,Buy
2023-08-29,HOG,-0.05555555555555555,Sell
2023-08-29,WEN,-0.00022754034119272515,Sell
2023-08-29,AA,-0.05555555555555555,Sell
2023-08-29,NSC,0.05555555555555555,Buy
2023-08-29,JNJ,-0.055789889261355884,Sell
2023-08-29,TRV,-0.055939179493824855,Sell
2023-08-29,DPZ,-7.13039971911647e-05,Sell
2023-08-29,EWC,-0.0011484870559897026,Sell
2023-08-29,EWI,0.05555555555555555,Buy
2023-08-29,ANF,0.0022668754977771544,Buy
2023-08-29,DLTR,0.05555555555555555,Buy
2023-08-29,CCL,-0.0013993080188144588,Sell
2023-08-29,ILMN,0.05709833504397368,Buy
2023-08-29,ULTA,0.0008073115629600863,Buy
2023-08-29,PCG,-0.00022754034119272515,Sell
2023-08-29,NTES,0.05652666084911634,Buy
2023-08-29,BSX,0.05670607266670171,Buy
2023-08-29,ENB,-0.0008225251434053477,Sell
2023-08-29,MT,-0.0017776621704864437,Sell
2023-08-29,VZ,0.0021230005602852903,Buy
2023-08-29,CAT,0.0012912713059661865,Buy
2023-08-30,MET,0.00026434407033999047,Buy
2023-08-30,CF,0.0004105323476923037,Buy
2023-08-30,HOG,0.05523201997797215,Buy
2023-08-30,WEN,-0.055657707076802544,Sell
2023-08-30,AA,0.055551839432666006,Buy
2023-08-30,NSC,-0.05619625620853529,Sell
2023-08-30,GREK,0.05555555555555555,Buy
2023-08-30,STI,0.05555555555555555,Buy
2023-08-30,NDAQ,0.05555555555555555,Buy
2023-08-30,DPZ,0.0013421440403894244,Buy
2023-08-30,EWC,-0.05601491746799726,Sell
2023-08-30,WFC,0.05555555555555555,Buy
2023-08-30,EWI,-0.0002704659318930186,Sell
2023-08-30,SIRI,-0.05555555555555555,Sell
2023-08-30,ANF,0.0012380802572225444,Buy
2023-08-30,DLTR,-0.056369486659770054,Sell
2023-08-30,CCL,0.0004062316920390094,Buy
2023-08-30,TRP,-0.05555555555555555,Sell
2023-08-30,ULTA,0.0012305606005372158,Buy
2023-08-30,WSM,-0.05555555555555555,Sell
2023-08-30,PCG,0.0003167221458238931,Buy
2023-08-30,ENB,-0.0005025023320204478,Sell
2023-08-30,MT,0.0003109345692711568,Buy
2023-08-30,VZ,0.05565975458283023,Buy
2023-08-30,CAT,0.0006423440209150921,Buy
2023-08-31,MET,0.0003947509466527138,Buy
2023-08-31,CF,0.0002586730941537829,Buy
2023-08-31,HP,0.05555555555555555,Buy
2023-08-31,DAL,0.05555555555555555,Buy
2023-08-31,NSC,0.05555555555555555,Buy
2023-08-31,RRC,-0.05555555555555555,Sell
2023-08-31,GREK,0.000803613779368717,Buy
2023-08-31,STI,-0.05559696377093255,Sell
2023-08-31,NDAQ,-0.05540692297618264,Sell
2023-08-31,DPZ,-0.0009162512986848823,Sell
2023-08-31,WFC,-0.05526235949231604,Sell
2023-08-31,EOG,-0.05555555555555555,Sell
2023-08-31,EWI,0.0006090522985901375,Buy
2023-08-31,SIRI,0.053411931659214144,Buy
2023-08-31,ANF,0.0015937416401966137,Buy
2023-08-31,CCL,0.00013375596974665727,Buy
2023-08-31,GOLD,0.05555555555555555,Buy
2023-08-31,TRP,0.05533651046538462,Buy
2023-08-31,ULTA,0.054562327119897766,Buy
2023-08-31,HUM,0.05555555555555555,Buy
2023-08-31,WSM,-0.00042324342431367123,Sell
2023-08-31,PCG,-0.0548233573450345,Sell
2023-08-31,PRGO,0.05555555555555555,Buy
2023-08-31,ENB,-0.05531315312844909,Sell
2023-08-31,MT,-0.05528531626363002,Sell
2023-08-31,VZ,-0.05555555555555555,Sell
2023-08-31,CAT,-0.00019488105171273917,Sell
2023-09-01,MET,0.000837039994596056,Buy
2023-09-01,CF,0.05709311587014547,Buy
2023-09-01,HP,-0.05781490991361469,Sell
2023-09-01,HOG,-0.05555555555555555,Sell
2023-09-01,DAL,3.0823971651286475e-05,Buy
2023-09-01,AA,-0.05555555555555555,Sell
2023-09-01,NSC,-0.05592187164798379,Sell
2023-09-01,RRC,0.057231901755370046,Buy
2023-09-01,CAG,0.05555555555555555,Buy
2023-09-01,GREK,0.0007735722228811928,Buy
2023-09-01,KMB,0.05555555555555555,Buy
2023-09-01,NDAQ,0.05555555555555555,Buy
2023-09-01,DPZ,0.0005313812680012228,Buy
2023-09-01,EOG,0.0010143652686170485,Buy
2023-09-01,EWI,0.00045485158454756924,Buy
2023-09-01,ANF,0.0007702169863758809,Buy
2023-09-01,DLTR,0.05555555555555555,Buy
2023-09-01,CCL,0.00032093348860701143,Buy
2023-09-01,GOLD,-0.11717899450156428,Sell
2023-09-01,ULTA,-0.05555555555555555,Sell
2023-09-01,HUM,-0.0554278925429956,Sell
2023-09-01,WSM,0.056844997000350346,Buy
2023-09-01,DUK,0.05555555555555555,Buy
2023-09-01,PRGO,-0.05737589868377384,Sell
2023-09-01,VZ,0.05536007162061241,Buy
2023-09-01,CAT,0.0010067757112945386,Buy
2023-09-05,MET,0.05533696517095598,Buy
2023-09-05,PPG,0.05555555555555555,Buy
2023-09-05,CF,-0.05555555555555555,Sell
2023-09-05,HOG,0.054671476717139775,Buy
2023-09-05,DAL,0.0011906993109363079,Buy
2023-09-05,AA,-0.0012119030521494448,Sell
2023-09-05,NSC,0.05555555555555555,Buy
2023-09-05,CAG,8.218630407040572e-05,Buy
2023-09-05,GREK,0.001459991488519545,Buy
2023-09-05,KMB,-0.055604261731582734,Sell
2023-09-05,NDAQ,-0.05447554384227115,Sell
2023-09-05,DPZ,6.300737726543798e-05,Buy
2023-09-05,VTR,0.05555555555555555,Buy
2023-09-05,DHI,0.05555555555555555,Buy
2023-09-05,EOG,0.001267974745124377,Buy
2023-09-05,EWI,-0.055358777077476794,Sell
2023-09-05,ANF,0.000599651956620692,Buy
2023-09-05,DLTR,-0.0546362070346591,Sell
2023-09-05,CCL,0.0010356538457373249,Buy
2023-09-05,ILMN,0.05555555555555555,Buy
2023-09-05,GOLD,0.054027897461816944,Buy
2023-09-05,ULTA,0.00017157788651804562,Buy
2023-09-05,HUM,-0.05555555555555555,Sell
2023-09-05,WSM,-0.05555555555555555,Sell
2023-09-05,DUK,-0.05498465628206858,Sell
2023-09-05,CAT,-0.0006592123092194618,Sell
2023-09-06,CNC,-0.05555555555555555,Sell
2023-09-06,PPG,-0.055519691298833315,Sell
2023-09-06,CF,0.05426018504504468,Buy
2023-09-06,DAL,0.000337015997807992,Buy
2023-09-06,AA,0.05512045127591717,Buy
2023-09-06,NSC,-0.05455067767389558,Sell
2023-09-06,ICE,0.05555555555555555,Buy
2023-09-06,CAG,-0.055095067558217116,Sell
2023-09-06,GREK,0.0004400847543066799,Buy
2023-09-06,JNJ,0.05555555555555555,Buy
2023-09-06,HAS,-0.05555555555555555,Sell
2023-09-06,DPZ,-0.0010436200852870711,Sell
2023-09-06,VTR,-0.055795049514251294,Sell
2023-09-06,DHI,-0.05593781153990372,Sell
2023-09-06,BDX,0.05555555555555555,Buy
2023-09-06,WFC,0.05555555555555555,Buy
2023-09-06,EOG,-0.00038273653680225006,Sell
2023-09-06,ANF,-0.00013979971406094527,Sell
2023-09-06,CCL,5.5015116360045135e-05,Buy
2023-09-06,ILMN,-0.05547890978124455,Sell
2023-09-06,WMB,0.05555555555555555,Buy
2023-09-06,ULTA,-0.001202244839156208,Sell
2023-09-06,HUM,-0.0008763242296456267,Sell
2023-09-06,WSM,0.054067351581831236,Buy
2023-09-06,CME,-0.05555555555555555,Sell
2023-09-06,PRGO,0.05555555555555555,Buy
2023-09-06,CAT,-2.1532373019161888e-05,Sell
2023-09-07,CNC,0.0030356703247037403,Buy
2023-09-07,A,0.05555555555555555,Buy
2023-09-07,DAL,0.0004922448457777423,Buy
2023-09-07,AA,-0.05555555555555555,Sell
2023-09-07,NSC,0.05555555555555555,Buy
2023-09-07,ICE,-0.05663602952298614,Sell
2023-09-07,GREK,0.0009161084638467168,Buy
2023-09-07,JNJ,-0.05655366114733087,Sell
2023-09-07,HAS,0.05387175360963772,Buy
2023-09-07,DPZ,0.0009974221318700197,Buy
2023-09-07,BDX,-0.05611929092590027,Sell
2023-09-07,WFC,0.0005189147238436123,Buy
2023-09-07,EOG,0.05518123908773721,Buy
2023-09-07,ANF,-9.154133690895266e-05,Sell
2023-09-07,CCL,0.00018621589628183,Buy
2023-09-07,ALK,0.05555555555555555,Buy
2023-09-07,KGC,-0.05555555555555555,Sell
2023-09-07,WMB,-0.05641733908431259,Sell
2023-09-07,ULTA,0.0569948998313881,Buy
2023-09-07,HUM,0.0011139042156970286,Buy
2023-09-07,WSM,-0.05555555555555555,Sell
2023-09-07,CME,0.001036828251903911,Buy
2023-09-07,PRGO,0.0007880385731441134,Buy
2023-09-07,ENB,0.05555555555555555,Buy
2023-09-07,CAT,-5.905674115687376e-06,Sell
2023-09-08,MET,-0.05555555555555555,Sell
2023-09-08,CNC,0.05449912389096613,Buy
2023-09-08,A,0.0012791072448702853,Buy
2023-09-08,DAL,0.0006154727314424333,Buy
2023-09-08,AA,0.05467628339361841,Buy
2023-09-08,NSC,0.0003534299563786314,Buy
2023-09-08,GREK,-0.0005124727616803229,Sell
2023-09-08,QCOM,0.05555555555555555,Buy
2023-09-08,STI,-0.05555555555555555,Sell
2023-09-08,DPZ,-0.00047975173386424763,Sell
2023-09-08,WFC,-0.05613775827743756,Sell
2023-09-08,QQQ,-0.05555555555555555,Sell
2023-09-08,ANF,-0.0015058983483744737,Sell
2023-09-08,CCL,0.00019824441588633945,Buy
2023-09-08,ALK,0.0004887237893303129,Buy
2023-09-08,MAR,-0.05555555555555555,Sell
2023-09-08,KGC,0.05559039407294598,Buy
2023-09-08,TRP,-0.05555555555555555,Sell
2023-09-08,HUM,0.054858846621858796,Buy
2023-09-08,WSM,0.055226593702421604,Buy
2023-09-08,CME,-0.0002791443978332059,Sell
2023-09-08,CP,0.05555555555555555,Buy
2023-09-08,PRGO,-0.05560364112241064,Sell
2023-09-08,ENB,-0.0003349944677117772,Sell
2023-09-08,CAT,-3.1048382405508834e-05,Sell
2023-09-11,MET,0.055524036468891654,Buy
2023-09-11,A,0.0005432418369484895,Buy
2023-09-11,DAL,8.317380489505921e-05,Buy
2023-09-11,AA,-0.05555555555555555,Sell
2023-09-11,NSC,-0.05553873386859277,Sell
2023-09-11,GREK,0.0008756423906268879,Buy
2023-09-11,QCOM,-0.057607856368714204,Sell
2023-09-11,STI,0.11059420646097629,Buy
2023-09-11,DPZ,0.0009674337124403534,Buy
2023-09-11,BBT,0.05555555555555555,Buy
2023-09-11,WFC,0.05555555555555555,Buy
2023-09-11,QQQ,0.05609852269940466,Buy
2023-09-11,ANF,-2.714976060938512e-05,Sell
2023-09-11,CCL,-0.0005419545978922677,Sell
2023-09-11,ALK,-0.056308716226412085,Sell
2023-09-11,MAR,-0.000458477970373003,Sell
2023-09-11,TRP,4.38045011835822e-05,Buy
2023-09-11,HUM,-0.05555555555555555,Sell
2023-09-11,RF,0.05555555555555555,Buy
2023-09-11,CME,0.00014120432276212153,Buy
2023-09-11,CP,-0.056243285557043554,Sell
2023-09-11,ENB,-0.00017068348111244636,Sell
2023-09-11,VZ,-0.05555555555555555,Sell
2023-09-11,CAT,-0.00015553538631500607,Sell
2023-09-12,PPG,0.05555555555555555,Buy
2023-09-12,AMTD,-0.05555555555555555,Sell
2023-09-12,A,-0.05522673193173913,Sell
2023-09-12,DAL,0.0003755495159556699,Buy
2023-09-12,AA,-0.0010990339349313816,Sell
2023-09-12,GREK,0.00029867807283771863,Buy
2023-09-12,STI,-0.05533228901738156,Sell
2023-09-12,DPZ,-0.0003558500060886066,Sell
2023-09-12,BBT,-0.05475281653066946,Sell
2023-09-12,BDX,0.05555555555555555,Buy
2023-09-12,WFC,-0.05700486123117047,Sell
2023-09-12,EOG,-0.05555555555555555,Sell
2023-09-12,QQQ,-0.05555555555555555,Sell
2023-09-12,ANF,0.054201081783914376,Buy
2023-09-12,CCL,0.00024368264692523067,Buy
2023-09-12,MAR,0.055285766997306925,Buy
2023-09-12,ILMN,0.05555555555555555,Buy
2023-09-12,TRP,0.055844036365967714,Buy
2023-09-12,HUM,5.1926994296402906e-05,Buy
2023-09-12,RF,-0.05606146081905577,Sell
2023-09-12,CME,-0.00011027294568369955,Sell
2023-09-12,CLX,0.05555555555555555,Buy
2023-09-12,PRGO,0.05555555555555555,Buy
2023-09-12,XLE,-0.05555555555555555,Sell
2023-09-12,ENB,-0.0005343445114178932,Sell
2023-09-12,VZ,0.05554661024899486,Buy
2023-09-12,CAT,-0.0002192307620106776,Sell
2023-09-13,PPG,3.4560451339010756e-05,Buy
2023-09-13,AMTD,0.056337250953493276,Buy
2023-09-13,HOG,-0.05555555555555555,Sell
2023-09-13,DAL,0.0012492407650873463,Buy
2023-09-13,AA,0.00120766219030001,Buy
2023-09-13,GREK,-0.054863944873798635,Sell
2023-09-13,DPZ,0.0007235016859687762,Buy
2023-09-13,BDX,-0.05614920208665046,Sell
2023-09-13,EOG,0.055379978822066016,Buy
2023-09-13,QQQ,0.05608447542052244,Buy
2023-09-13,ORCL,0.05555555555555555,Buy
2023-09-13,CCL,0.0012740397880463342,Buy
2023-09-13,MS,-0.05555555555555555,Sell
2023-09-13,ALK,0.05555555555555555,Buy
2023-09-13,ILMN,-0.055997929071752967,Sell
2023-09-13,WMB,-0.05555555555555555,Sell
2023-09-13,RL,0.05555555555555555,Buy
2023-09-13,HUM,0.0007246516228045091,Buy
2023-09-13,NWSA,0.05555555555555555,Buy
2023-09-13,CME,0.0006602964549680818,Buy
2023-09-13,CLX,0.0005242188319863686,Buy
2023-09-13,PRGO,-0.055739833404933777,Sell
2023-09-13,CSIQ,-0.05555555555555555,Sell
2023-09-13,XLE,0.05545101234204562,Buy
2023-09-13,ENB,-0.0006106719152296006,Sell
2023-09-13,CAT,-0.0008516593393292637,Sell
2023-09-14,MET,-0.05555555555555555,Sell
2023-09-14,PPG,-0.05627740998034004,Sell
2023-09-14,CF,-0.05555555555555555,Sell
2023-09-14,HOG,0.05690358574793016,Buy
2023-09-14,DAL,0.00017004122436582725,Buy
2023-09-14,AA,0.05868907063701946,Buy
2023-09-14,GREK,0.05555555555555555,Buy
2023-09-14,DPZ,0.0006780588730059406,Buy
2023-09-14,HTZ,-0.05555555555555555,Sell
2023-09-14,ORCL,-0.0010461262422361561,Sell
2023-09-14,CCL,-0.0024016978840434716,Sell
2023-09-14,MS,0.05685711477724193,Buy
2023-09-14,ALK,-0.00046713941048958513,Sell
2023-09-14,GOLD,0.05555555555555555,Buy
2023-09-14,WMB,0.05644313710311941,Buy
2023-09-14,TRP,-0.05555555555555555,Sell
2023-09-14,ULTA,0.05555555555555555,Buy
2023-09-14,RL,-0.05610009241709591,Sell
2023-09-14,HUM,3.0149593455652823e-05,Buy
2023-09-14,NWSA,-0.056299215987662965,Sell
2023-09-14,CME,0.0002444916966090685,Buy
2023-09-14,CLX,-0.056489090029599835,Sell
2023-09-14,PRGO,0.05555555555555555,Buy
2023-09-14,CSIQ,0.0016383957414143335,Buy
2023-09-14,ENB,-0.0017625959138063904,Sell
2023-09-14,CAT,0.0014800704988293112,Buy
2023-09-15,MET,-0.00033816706437646976,Sell
2023-09-15,CF,0.054224430094910576,Buy
2023-09-15,DAL,-0.056256564402776855,Sell
2023-09-15,GREK,-0.05651619689726413,Sell
2023-09-15,JNJ,0.05555555555555555,Buy
2023-09-15,DPZ,0.05398136005041754,Buy
2023-09-15,BBT,-0.05555555555555555,Sell
2023-09-15,EBAY,-0.05555555555555555,Sell
2023-09-15,ANF,-0.05555555555555555,Sell
2023-09-15,HTZ,0.05463940402750984,Buy
2023-09-15,ORCL,-0.0555748664391237,Sell
2023-09-15,CCL,0.0016637171121252833,Buy
2023-09-15,ALK,-0.0556078690100425,Sell
2023-09-15,GOLD,-0.05194405074666862,Sell
2023-09-15,TRP,0.05545289309561952,Buy
2023-09-15,ULTA,0.0004040413688341307,Buy
2023-09-15,HUM,-0.0001967455370483137,Sell
2023-09-15,NTAP,0.05555555555555555,Buy
2023-09-15,NWSA,0.05555555555555555,Buy
2023-09-15,BX,-0.05555555555555555,Sell
2023-09-15,LOW,0.05555555555555555,Buy
2023-09-15,PCG,-0.05555555555555555,Sell
2023-09-15,CME,0.055188724486272434,Buy
2023-09-15,CLX,0.05555555555555555,Buy
2023-09-15,PRGO,0.0002510685189594311,Buy
2023-09-15,OHI,-0.05555555555555555,Sell
2023-09-15,CSIQ,0.054417877691372615,Buy
2023-09-15,ENB,0.00046376922273076715,Buy
2023-09-15,CAT,-0.0007718801030610692,Sell
2023-09-18,MET,0.05620879572215025,Buy
2023-09-18,PPG,0.05555555555555555,Buy
2023-09-18,AMTD,-0.05555555555555555,Sell
2023-09-18,A,0.05555555555555555,Buy
2023-09-18,AA,-0.05555555555555555,Sell
2023-09-18,JNJ,-0.05600934719853802,Sell
2023-09-18,BBT,-0.001197333464486916,Sell
2023-09-18,EBAY,0.05484583649409787,Buy
2023-09-18,ANF,0.05405384107108078,Buy
2023-09-18,CCL,0.0004474485474689968,Buy
2023-09-18,ALK,0.05555555555555555,Buy
2023-09-18,KEY,-0.05555555555555555,Sell
2023-09-18,ULTA,-0.054893314231006,Sell
2023-09-18,HUM,0.0004864079272446156,Buy
2023-09-18,NTAP,0.0010078289117115488,Buy
2023-09-18,NWSA,0.0008858448540501329,Buy
2023-09-18,TRIP,-0.05555555555555555,Sell
2023-09-18,BX,0.00038586130562832943,Buy
2023-09-18,LOW,0.000479663404053525,Buy
2023-09-18,PCG,7.002349305926248e-05,Buy
2023-09-18,CLX,0.0012302553758100979,Buy
2023-09-18,PRGO,-0.05627171457593164,Sell
2023-09-18,OHI,0.05489117304539119,Buy
2023-09-18,ENB,8.869018233541304e-06,Buy
2023-09-18,CAT,0.0004590705312380178,Buy
2023-09-19,MET,-0.05555555555555555,Sell
2023-09-19,PPG,-0.05544327711816418,Sell
2023-09-19,AMTD,0.055101505694792614,Buy
2023-09-19,A,-0.05537333452685675,Sell
2023-09-19,CF,-0.05555555555555555,Sell
2023-09-19,AA,-0.0009770513470570147,Sell
2023-09-19,KMB,0.05555555555555555,Buy
2023-09-19,DPZ,-0.05555555555555555,Sell
2023-09-19,BBT,0.05502372370837838,Buy
2023-09-19,EOG,0.05555555555555555,Buy
2023-09-19,ANF,-0.05555555555555555,Sell
2023-09-19,CCL,-0.05574539835226257,Sell
2023-09-19,ALK,-0.055846495223724375,Sell
2023-09-19,KEY,0.05487655637764651,Buy
2023-09-19,D,0.05555555555555555,Buy
2023-09-19,ULTA,0.05555555555555555,Buy
2023-09-19,HUM,0.055534899160288066,Buy
2023-09-19,NTAP,8.968808170970594e-05,Buy
2023-09-19,NWSA,-8.881623169924163e-05,Sell
2023-09-19,TRIP,0.00045237399932478856,Buy
2023-09-19,BX,0.05592504028284599,Buy
2023-09-19,LOW,5.1011789981694755e-05,Buy
2023-09-19,PCG,0.05591395428410935,Buy
2023-09-19,HMC,-0.05555555555555555,Sell
2023-09-19,CLX,0.0016535320875623385,Buy
2023-09-19,SYK,-0.05555555555555555,Sell
2023-09-19,ENB,0.00010591857328748344,Buy
2023-09-19,CAT,-0.0002460322035481924,Sell
2023-09-20,MET,0.055526189485755356,Buy
2023-09-20,CF,0.0007018775963435753,Buy
2023-09-20,AA,0.05779901291526173,Buy
2023-09-20,RRC,0.05555555555555555,Buy
2023-09-20,CAG,-0.05555555555555555,Sell
2023-09-20,KMB,-0.05600407341632458,Sell
2023-09-20,DPZ,0.056045773930346744,Buy
2023-09-20,BBT,0.05555555555555555,Buy
2023-09-20,EOG,0.00131519914528605,Buy
2023-09-20,QQQ,0.05555555555555555,Buy
2023-09-20,SIRI,-0.05555555555555555,Sell
2023-09-20,ANF,-0.00016627421826870964,Sell
2023-09-20,CCL,0.05555555555555555,Buy
2023-09-20,ALK,0.05555555555555555,Buy
2023-09-20,MAR,-0.05555555555555555,Sell
2023-09-20,KEY,-0.05555555555555555,Sell
2023-09-20,D,-0.05589286768244716,Sell
2023-09-20,ULTA,-0.05568939795227162,Sell
2023-09-20,NTAP,-0.05578235640587099,Sell
2023-09-20,NWSA,0.0005850219412292731,Buy
2023-09-20,TRIP,-0.0002477276935976269,Sell
2023-09-20,LOW,0.00046642931498839385,Buy
2023-09-20,HMC,0.05493201146240965,Buy
2023-09-20,CLX,0.0005999017418638064,Buy
2023-09-20,SYK,0.05485327822618255,Buy
2023-09-20,BSX,-0.05555555555555555,Sell
2023-09-20,ENB,-0.055753033859915854,Sell
2023-09-20,CAT,-1.3846056075461632e-05,Sell
2023-09-21,PPG,0.05555555555555555,Buy
2023-09-21,CF,0.055391425965818884,Buy
2023-09-21,HP,0.05555555555555555,Buy
2023-09-21,AA,-0.05555555555555555,Sell
2023-09-21,ICE,0.05555555555555555,Buy
2023-09-21,RRC,-0.05470463909682277,Sell
2023-09-21,CAG,0.00012643527456879244,Buy
2023-09-21,DPZ,-0.05555555555555555,Sell
2023-09-21,BBT,-0.056467157405025406,Sell
2023-09-21,EBAY,-0.05555555555555555,Sell
2023-09-21,EOG,-0.0541847912186136,Sell
2023-09-21,QQQ,0.0011010278719001537,Buy
2023-09-21,SIRI,0.05520172530514855,Buy
2023-09-21,ANF,-0.0011111747109575423,Sell
2023-09-21,HTZ,-0.05555555555555555,Sell
2023-09-21,CCL,0.0008418285381123353,Buy
2023-09-21,ALK,0.0007454276824138129,Buy
2023-09-21,MAR,0.05416929892629441,Buy
2023-09-21,KEY,0.05386315363849217,Buy
2023-09-21,EW,0.05555555555555555,Buy
2023-09-21,NWSA,-0.05617602281744161,Sell
2023-09-21,TRIP,-0.0010119241615801008,Sell
2023-09-21,LOW,0.0011944364961490733,Buy
2023-09-21,CLX,-0.05472304393710366,Sell
2023-09-21,PRGO,0.05555555555555555,Buy
2023-09-21,SYK,-0.05555555555555555,Sell
2023-09-21,BSX,-0.0002178384118388596,Sell
2023-09-21,CAT,0.05416093346032876,Buy
2023-09-22,MNST,0.05555555555555555,Buy
2023-09-22,PPG,-0.056363230484554876,Sell
2023-09-22,BAX,0.05555555555555555,Buy
2023-09-22,HP,-0.05576159326940044,Sell
2023-09-22,AA,0.0009677193735290676,Buy
2023-09-22,ICE,0.0011014125097720956,Buy
2023-09-22,CAG,0.055240872357777644,Buy
2023-09-22,DPZ,0.05605130548210006,Buy
2023-09-22,VTR,-0.05555555555555555,Sell
2023-09-22,EBAY,0.05456678238912244,Buy
2023-09-22,QQQ,-1.848079456854418e-05,Sell
2023-09-22,SIRI,-0.05555555555555555,Sell
2023-09-22,ANF,0.0014866193984762952,Buy
2023-09-22,HTZ,0.0496706385430012,Buy
2023-09-22,CCL,0.0015274575539254293,Buy
2023-09-22,ALK,0.0009360312968006365,Buy
2023-09-22,KEY,-0.05555555555555555,Sell
2023-09-22,D,-0.05555555555555555,Sell
2023-09-22,ULTA,0.05555555555555555,Buy
2023-09-22,EW,0.00040100725530884535,Buy
2023-09-22,TRIP,0.05623109909180915,Buy
2023-09-22,LOW,-0.05553460599372773,Sell
2023-09-22,MRVL,-0.05555555555555555,Sell
2023-09-22,NTES,-0.05555555555555555,Sell
2023-09-22,PRGO,0.0007204312053408352,Buy
2023-09-22,SYK,0.055728415407187974,Buy
2023-09-22,CSIQ,-0.05555555555555555,Sell
2023-09-22,BSX,0.05518531863219558,Buy
2023-09-25,MNST,-0.05557735379675776,Sell
2023-09-25,BAX,-0.05515100984838027,Sell
2023-09-25,HP,0.05555555555555555,Buy
2023-09-25,WEN,-0.05555555555555555,Sell
2023-09-25,AA,-0.003474278243782894,Sell
2023-09-25,ICE,0.0006086420410605364,Buy
2023-09-25,STI,0.05555555555555555,Buy
2023-09-25,HAS,-0.05555555555555555,Sell
2023-09-25,VTR,-0.00025370854868202175,Sell
2023-09-25,QQQ,-0.05570849450061985,Sell
2023-09-25,SIRI,0.055169989467724084,Buy
2023-09-25,ANF,0.0011270563766322336,Buy
2023-09-25,CCL,0.000702351458835758,Buy
2023-09-25,ALK,0.00031740311856472136,Buy
2023-09-25,MAR,0.05555555555555555,Buy
2023-09-25,KEY,0.05554966520656425,Buy
2023-09-25,GOLD,0.05555555555555555,Buy
2023-09-25,D,7.537979368915648e-05,Buy
2023-09-25,ULTA,-0.05539786877570503,Sell
2023-09-25,EW,-0.05528595521055491,Sell
2023-09-25,WSM,-0.05555555555555555,Sell
2023-09-25,MRVL,0.00023943541385513384,Buy
2023-09-25,NTES,0.054889813672326565,Buy
2023-09-25,CME,0.05555555555555555,Buy
2023-09-25,PRGO,0.00021356413332017377,Buy
2023-09-25,CSIQ,0.05413474503252665,Buy
2023-09-25,XLE,-0.05555555555555555,Sell
2023-09-26,HP,0.0008749380756167477,Buy
2023-09-26,XLP,0.05555555555555555,Buy
2023-09-26,WEN,0.05546386603558898,Buy
2023-09-26,AA,0.05393861795672342,Buy
2023-09-26,ICE,0.0010029270070589444,Buy
2023-09-26,STI,-0.11120308778722257,Sell
2023-09-26,HAS,0.05438644170661271,Buy
2023-09-26,VTR,0.054563312175376,Buy
2023-09-26,BDX,0.05555555555555555,Buy
2023-09-26,SIRI,-0.05555555555555555,Sell
2023-09-26,ANF,0.001148087369150362,Buy
2023-09-26,CCL,-0.054985231330524756,Sell
2023-09-26,ALK,0.0007839902043182134,Buy
2023-09-26,MAR,-0.055207824232982934,Sell
2023-09-26,GOLD,-0.05390830821427519,Sell
2023-09-26,D,-0.0021556953224387415,Sell
2023-09-26,ULTA,0.05555555555555555,Buy
2023-09-26,WSM,-0.0009385209627478311,Sell
2023-09-26,TRIP,-0.05555555555555555,Sell
2023-09-26,BX,0.05555555555555555,Buy
2023-09-26,MRVL,-0.000981848272596307,Sell
2023-09-26,CME,-0.05526259213170485,Sell
2023-09-26,PRGO,0.001253262482730201,Buy
2023-09-26,SYK,0.05555555555555555,Buy
2023-09-26,CSIQ,-0.05555555555555555,Sell
2023-09-26,XLE,0.05522528078658569,Buy
2023-09-26,ENB,-0.05555555555555555,Sell
2023-09-27,HP,-0.05880178290261261,Sell
2023-09-27,XLP,0.00012608057913228443,Buy
2023-09-27,ICE,-0.056430749541111845,Sell
2023-09-27,RRC,-0.05555555555555555,Sell
2023-09-27,CAG,0.05555555555555555,Buy
2023-09-27,JNJ,0.05555555555555555,Buy
2023-09-27,STI,0.00033315639858776114,Buy
2023-09-27,BDX,0.00012518971466556061,Buy
2023-09-27,SIRI,0.05862555092896698,Buy
2023-09-27,ANF,0.00215239660500445,Buy
2023-09-27,ALK,0.0003191824476832389,Buy
2023-09-27,KEY,-0.05555555555555555,Sell
2023-09-27,ILMN,-0.05555555555555555,Sell
2023-09-27,TRP,-0.05555555555555555,Sell
2023-09-27,D,0.055160672620684595,Buy
2023-09-27,ULTA,-0.05627878011657439,Sell
2023-09-27,WSM,0.001609713691900376,Buy
2023-09-27,TRIP,0.001759797327302609,Buy
2023-09-27,BX,-0.0562105208034961,Sell
2023-09-27,MRVL,0.05679659153366055,Buy
2023-09-27,PRGO,-0.00036867566256774953,Sell
2023-09-27,SYK,0.0010990552710176127,Buy
2023-09-27,CSIQ,0.055466326163466105,Buy
2023-09-27,XLE,-0.05555555555555555,Sell
2023-09-27,COF,0.05555555555555555,Buy
2023-09-27,ENB,0.055789176477067916,Buy
2023-09-27,MRK,0.05555555555555555,Buy
2023-09-28,XLP,-0.00010062614094252798,Sell
2023-09-28,RRC,0.05662660837074556,Buy
2023-09-28,CAG,0.00027021830288329746,Buy
2023-09-28,GREK,0.05555555555555555,Buy
2023-09-28,JNJ,-0.055405593587276446,Sell
2023-09-28,STI,0.05548682446975856,Buy
2023-09-28,KMB,0.05555555555555555,Buy
2023-09-28,BDX,-0.056331560715150004,Sell
2023-09-28,SIRI,-0.05555555555555555,Sell
2023-09-28,ANF,0.0014465777090405321,Buy
2023-09-28,ALK,-0.056126884245671534,Sell
2023-09-28,KEY,0.0566719790984234,Buy
2023-09-28,ILMN,0.055091378240062716,Buy
2023-09-28,GOLD,0.05555555555555555,Buy
2023-09-28,TRP,-0.0013868354515890677,Sell
2023-09-28,D,0.05555555555555555,Buy
2023-09-28,ULTA,-0.05555555555555555,Sell
2023-09-28,WSM,0.05450897786820407,Buy
2023-09-28,TRIP,0.001726737157641739,Buy
2023-09-28,PCG,0.05555555555555555,Buy
2023-09-28,DUK,0.05555555555555555,Buy
2023-09-28,RF,-0.05555555555555555,Sell
2023-09-28,PRGO,-0.055944963358692965,Sell
2023-09-28,OHI,-0.05555555555555555,Sell
2023-09-28,SYK,-0.0570775758667982,Sell
2023-09-28,BSX,-0.05555555555555555,Sell
2023-09-28,XLE,0.05554703466978149,Buy
2023-09-28,M,-0.05555555555555555,Sell
2023-09-28,COF,-0.056370062333531624,Sell
2023-09-28,MRK,-0.05567899794844094,Sell
2023-09-28,BMY,0.05555555555555555,Buy
2023-09-29,HP,0.05555555555555555,Buy
2023-09-29,XLP,-0.055404617032145435,Sell
2023-09-29,BUD,-0.05555555555555555,Sell
2023-09-29,CAG,-0.05552514453133896,Sell
2023-09-29,GREK,-0.0003804129631901354,Sell
2023-09-29,STI,-0.05555555555555555,Sell
2023-09-29,KMB,-0.055222932867332625,Sell
2023-09-29,TRV,0.05555555555555555,Buy
2023-09-29,DPZ,0.05555555555555555,Buy
2023-09-29,BDX,0.05555555555555555,Buy
2023-09-29,MU,-0.05555555555555555,Sell
2023-09-29,SIRI,0.05366596786914537,Buy
2023-09-29,ANF,0.00032732424934189125,Buy
2023-09-29,ILMN,-0.05555555555555555,Sell
2023-09-29,GOLD,-0.05479960941646183,Sell
2023-09-29,TRP,-0.00029503260524952474,Sell
2023-09-29,D,-0.056232826070731844,Sell
2023-09-29,ULTA,8.530960076713612e-05,Buy
2023-09-29,WSM,-0.05555555555555555,Sell
2023-09-29,TRIP,-2.340440413904632e-05,Sell
2023-09-29,PCG,0.0005018889132177989,Buy
2023-09-29,DUK,-0.05530247788891845,Sell
2023-09-29,RF,0.056087376394036284,Buy
2023-09-29,HMC,0.05555555555555555,Buy
2023-09-29,CME,0.05555555555555555,Buy
2023-09-29,OHI,0.05533203522103704,Buy
2023-09-29,BSX,0.054972195842514456,Buy
2023-09-29,M,0.05639136321996927,Buy
2023-09-29,MRK,0.05555555555555555,Buy
2023-09-29,BMY,-0.05547006932761304,Sell
2023-10-02,MET,0.05555555555555555,Buy
2023-10-02,HP,0.0020985235965309476,Buy
2023-10-02,BUD,0.05395611547091388,Buy
2023-10-02,NSC,-0.05555555555555555,Sell
2023-10-02,GREK,-0.0548296575976097,Sell
2023-10-02,STI,0.0004026715445328913,Buy
2023-10-02,KMB,0.05555555555555555,Buy
2023-10-02,TRV,5.626277831299181e-05,Buy
2023-10-02,DPZ,-0.05611304185461057,Sell
2023-10-02,BBT,0.05555555555555555,Buy
2023-10-02,BDX,-0.055688620170984963,Sell
2023-10-02,MU,0.055797504595660956,Buy
2023-10-02,EOG,0.05555555555555555,Buy
2023-10-02,SIRI,-0.05555555555555555,Sell
2023-10-02,ANF,0.002221705491677946,Buy
2023-10-02,MAR,-0.05555555555555555,Sell
2023-10-02,ILMN,0.05551321198769121,Buy
2023-10-02,KGC,-0.05555555555555555,Sell
2023-10-02,GOLD,0.05555555555555555,Buy
2023-10-02,WMB,0.05555555555555555,Buy
2023-10-02,TRP,-0.001340015165527092,Sell
2023-10-02,ULTA,0.056344387156701745,Buy
2023-10-02,WSM,-0.00012828246574080743,Sell
2023-10-02,TRIP,0.055585478047560116,Buy
2023-10-02,PCG,-0.052703844502244614,Sell
2023-10-02,DUK,0.05555555555555555,Buy
2023-10-02,HMC,-0.055755364243716514,Sell
2023-10-02,CME,-0.055835455759101385,Sell
2023-10-02,ENB,-0.05555555555555555,Sell
2023-10-02,MRK,-0.055637960883392734,Sell
2023-10-03,MET,0.0014479398594435672,Buy
2023-10-03,A,-0.05555555555555555,Sell
2023-10-03,HP,-0.056078005746829536,Sell
2023-10-03,AA,-0.05555555555555555,Sell
2023-10-03,NSC,0.05565772541705232,Buy
2023-10-03,STI,0.05539161774588518,Buy
2023-10-03,KMB,-0.05610838729330712,Sell
2023-10-03,TRV,0.0006247745465604304,Buy
2023-10-03,DPZ,0.05555555555555555,Buy
2023-10-03,BBT,-0.05484073237114468,Sell
2023-10-03,EOG,-0.05565141054119806,Sell
2023-10-03,SIRI,-0.0004209765324935874,Sell
2023-10-03,ANF,-0.002842798064521368,Sell
2023-10-03,CCL,-0.05555555555555555,Sell
2023-10-03,ALK,0.05555555555555555,Buy
2023-10-03,MAR,0.054431023444371826,Buy
2023-10-03,KGC,0.05653500153125557,Buy
2023-10-03,GOLD,-0.05465098658256062,Sell
2023-10-03,WMB,-0.05545890925218821,Sell
2023-10-03,TRP,-6.44408603357044e-05,Sell
2023-10-03,WSM,0.05412364485667094,Buy
2023-10-03,NWSA,0.05555555555555555,Buy
2023-10-03,BX,0.05555555555555555,Buy
2023-10-03,MRVL,-0.05555555555555555,Sell
2023-10-03,DUK,-0.055599072301068864,Sell
2023-10-03,RF,0.05555555555555555,Buy
2023-10-03,HMC,0.05555555555555555,Buy
2023-10-03,SYK,0.05555555555555555,Buy
2023-10-03,COF,-0.05555555555555555,Sell
2023-10-03,ENB,0.054664373414193945,Buy
2023-10-03,MT,-0.05555555555555555,Sell
2023-10-04,MET,0.00021045606285534368,Buy
2023-10-04,A,0.05629573217448436,Buy
2023-10-04,AA,-0.0009556839381024418,Sell
2023-10-04,STI,0.05555555555555555,Buy
2023-10-04,TRV,-0.05613069434431626,Sell
2023-10-04,DPZ,-0.0010703139008827328,Sell
2023-10-04,EOG,0.05555555555555555,Buy
2023-10-04,SIRI,0.002102469257184922,Buy
2023-10-04,ANF,-0.00033125289610831665,Sell
2023-10-04,CCL,0.0571119771163365,Buy
2023-10-04,ALK,-0.05609729686826125,Sell
2023-10-04,KEY,-0.05555555555555555,Sell
2023-10-04,KGC,-0.05555555555555555,Sell
2023-10-04,TRP,0.05465462263083478,Buy
2023-10-04,KO,0.05555555555555555,Buy
2023-10-04,ULTA,-0.05555555555555555,Sell
2023-10-04,WSM,-0.05555555555555555,Sell
2023-10-04,NWSA,-0.056700616869229864,Sell
2023-10-04,BX,-0.05613419940968791,Sell
2023-10-04,MRVL,0.0008225257538349573,Buy
2023-10-04,RF,-0.05572064713270248,Sell
2023-10-04,HMC,0.0014163918626578578,Buy
2023-10-04,PRGO,0.05555555555555555,Buy
2023-10-04,OHI,-0.05555555555555555,Sell
2023-10-04,SYK,-0.05565390861382276,Sell
2023-10-04,XLE,0.05555555555555555,Buy
2023-10-04,COF,0.05532207387217175,Buy
2023-10-04,MT,0.055469458118520776,Buy
2023-10-04,CAT,0.05555555555555555,Buy
2023-10-05,MET,-0.05586975073100083,Sell
2023-10-05,AA,-0.0012442545474905323,Sell
2023-10-05,CAG,0.05555555555555555,Buy
2023-10-05,STI,-4.546558547130486e-05,Sell
2023-10-05,KMB,0.05555555555555555,Buy
2023-10-05,DPZ,0.0011190143882015419,Buy
2023-10-05,EWC,-0.05555555555555555,Sell
2023-10-05,EOG,0.0003737832062258445,Buy
2023-10-05,SIRI,0.05460145357213948,Buy
2023-10-05,ANF,-0.0005495754143777093,Sell
2023-10-05,KEY,0.000316693402466324,Buy
2023-10-05,KGC,0.056357489993990234,Buy
2023-10-05,KO,-0.05291390182442464,Sell
2023-10-05,D,0.05555555555555555,Buy
2023-10-05,ULTA,0.05460531243797195,Buy
2023-10-05,WSM,-0.0001561930258562952,Sell
2023-10-05,TRIP,-0.05555555555555555,Sell
2023-10-05,MRVL,-0.00011116028891425961,Sell
2023-10-05,PCG,-0.05555555555555555,Sell
2023-10-05,HMC,-0.05636961821247316,Sell
2023-10-05,CLX,0.05555555555555555,Buy
2023-10-05,PRGO,-0.05683619446490811,Sell
2023-10-05,OHI,0.0005364573005104956,Buy
2023-10-05,XLE,0.00029818763318469055,Buy
2023-10-05,CAT,0.0008419669556524526,Buy
2023-10-06,CNC,-0.05555555555555555,Sell
2023-10-06,BAX,0.05555555555555555,Buy
2023-10-06,VWO,-0.05555555555555555,Sell
2023-10-06,WEN,0.05555555555555555,Buy
2023-10-06,AA,0.05713743982902924,Buy
2023-10-06,RRC,-0.05555555555555555,Sell
2023-10-06,CAG,-0.056713061390214196,Sell
2023-10-06,STI,-0.00017406601389979848,Sell
2023-10-06,KMB,-0.05598341231872411,Sell
2023-10-06,NDAQ,-0.05555555555555555,Sell
2023-10-06,HAS,0.05555555555555555,Buy
2023-10-06,DPZ,0.0030538512470785276,Buy
2023-10-06,EWC,0.05633114381381341,Buy
2023-10-06,WFC,-0.05555555555555555,Sell
2023-10-06,EOG,-0.056878978451166885,Sell
2023-10-06,ANF,0.0007582148984343826,Buy
2023-10-06,ALK,0.05555555555555555,Buy
2023-10-06,KEY,0.05534477107847751,Buy
2023-10-06,KGC,-0.05555555555555555,Sell
2023-10-06,KO,0.05555555555555555,Buy
2023-10-06,D,-0.001258037789126809,Sell
2023-10-06,ULTA,-0.05555555555555555,Sell
2023-10-06,WSM,0.0018770309817592382,Buy
2023-10-06,TRIP,0.05614906614686314,Buy
2023-10-06,MRVL,0.05733622401283273,Buy
2023-10-06,PCG,0.05645137261855275,Buy
2023-10-06,CLX,-0.055863913770856394,Sell
2023-10-06,OHI,0.05590004161539824,Buy
2023-10-06,XLE,-0.05616676767096157,Sell
2023-10-06,MT,0.05555555555555555,Buy
2023-10-06,CAT,-0.05695443864347225,Sell
2023-10-09,CNC,0.0009322693534478399,Buy
2023-10-09,PPG,0.05555555555555555,Buy
2023-10-09,BAX,-0.05577098237766164,Sell
2023-10-09,VWO,0.0556261105191329,Buy
2023-10-09,CF,-0.05555555555555555,Sell
2023-10-09,WEN,-0.056676265775748046,Sell
2023-10-09,RRC,0.058545304654528195,Buy
2023-10-09,CAG,-0.05555555555555555,Sell
2023-10-09,STI,-0.11152521546218566,Sell
2023-10-09,NDAQ,0.056105036088346945,Buy
2023-10-09,HAS,-0.05595061410266764,Sell
2023-10-09,DPZ,-0.05737562382073023,Sell
2023-10-09,EWC,-0.05555555555555555,Sell
2023-10-09,WFC,0.055983759303875356,Buy
2023-10-09,ANF,0.0023167297090850095,Buy
2023-10-09,HTZ,-0.05555555555555555,Sell
2023-10-09,ALK,0.0005753775326445693,Buy
2023-10-09,MAR,0.05555555555555555,Buy
2023-10-09,KGC,0.05755142024634764,Buy
2023-10-09,KO,-0.0001402613122725785,Sell
2023-10-09,D,-0.0010583668717198055,Sell
2023-10-09,ULTA,0.00024460046458629064,Buy
2023-10-09,WSM,0.002099368142770404,Buy
2023-10-09,RF,0.05555555555555555,Buy
2023-10-09,CLX,0.05555555555555555,Buy
2023-10-09,PRGO,0.05555555555555555,Buy
2023-10-09,MT,-0.05550824302216604,Sell
2023-10-09,BMY,0.05555555555555555,Buy
2023-10-10,CNC,0.05581144983630615,Buy
2023-10-10,PPG,-0.05622433000918016,Sell
2023-10-10,AMTD,-0.05555555555555555,Sell
2023-10-10,BAX,-0.05555555555555555,Sell
2023-10-10,CF,0.055167883167171104,Buy
2023-10-10,NVDA,0.05555555555555555,Buy
2023-10-10,CAG,0.05544750674570784,Buy
2023-10-10,STI,0.11117526264990055,Buy
2023-10-10,TRV,0.05555555555555555,Buy
2023-10-10,VTR,-0.05555555555555555,Sell
2023-10-10,EWC,0.05602107794270507,Buy
2023-10-10,ANF,0.002836150562719915,Buy
2023-10-10,HTZ,0.002317703646086945,Buy
2023-10-10,DLTR,-0.05555555555555555,Sell
2023-10-10,ALK,-0.0007870406799545954,Sell
2023-10-10,MAR,-0.05672013724848402,Sell
2023-10-10,KO,-0.0012212583837865679,Sell
2023-10-10,D,-0.0005529289113146221,Sell
2023-10-10,ULTA,0.056220647676398595,Buy
2023-10-10,RL,0.05555555555555555,Buy
2023-10-10,HUM,0.05555555555555555,Buy
2023-10-10,WSM,-0.0002856851530011542,Sell
2023-10-10,RF,-0.05611015568924913,Sell
2023-10-10,CLX,-0.055961044788560045,Sell
2023-10-10,PRGO,-0.05630679907289514,Sell
2023-10-10,SYK,-0.05555555555555555,Sell
2023-10-10,CSIQ,-0.05555555555555555,Sell
2023-10-10,BMY,0.00020315261123218104,Buy
2023-10-11,AMTD,-0.0003602308696142101,Sell
2023-10-11,BAX,-0.007133934570720216,Sell
2023-10-11,HOG,-0.05555555555555555,Sell
2023-10-11,NVDA,-0.056410156449154814,Sell
2023-10-11,AA,-0.05555555555555555,Sell
2023-10-11,JNJ,0.05555555555555555,Buy
2023-10-11,STI,0.0003602308696142101,Buy
2023-10-11,TRV,-0.05525656367073953,Sell
2023-10-11,VTR,0.056735109119912766,Buy
2023-10-11,BDX,0.05555555555555555,Buy
2023-10-11,EWI,-0.05555555555555555,Sell
2023-10-11,ANF,0.0012373579828024936,Buy
2023-10-11,HTZ,0.05438292561644124,Buy
2023-10-11,DLTR,0.05463887702265111,Buy
2023-10-11,ALK,0.0009606970062411013,Buy
2023-10-11,KO,0.0006871328377915653,Buy
2023-10-11,D,-0.00011927452044123432,Sell
2023-10-11,RL,-0.05499367978001574,Sell
2023-10-11,HUM,0.0011301418936594115,Buy
2023-10-11,WSM,0.0007419505810738886,Buy
2023-10-11,BX,-0.05555555555555555,Sell
2023-10-11,RF,0.05555555555555555,Buy
2023-10-11,OHI,-0.05555555555555555,Sell
2023-10-11,SYK,0.05230119956952466,Buy
2023-10-11,CSIQ,0.05531270980277413,Buy
2023-10-11,BMY,0.00010573343640073174,Buy
2023-10-12,MNST,0.05555555555555555,Buy
2023-10-12,CNC,-0.05555555555555555,Sell
2023-10-12,AMTD,-0.00013340042770469684,Sell
2023-10-12,BAX,0.053678571742210086,Buy
2023-10-12,A,0.05555555555555555,Buy
2023-10-12,CF,-0.05555555555555555,Sell
2023-10-12,HOG,0.05371603058506838,Buy
2023-10-12,AA,0.05316890082621071,Buy
2023-10-12,CAG,0.05555555555555555,Buy
2023-10-12,JNJ,-0.05547538080689397,Sell
2023-10-12,STI,-0.055422155127850856,Sell
2023-10-12,BDX,-0.054524957562639705,Sell
2023-10-12,EWI,-0.0007835123907625266,Sell
2023-10-12,ANF,8.28826658714199e-05,Buy
2023-10-12,MS,0.05555555555555555,Buy
2023-10-12,ALK,0.001593144387857827,Buy
2023-10-12,ILMN,0.05555555555555555,Buy
2023-10-12,KO,0.0010620933058692536,Buy
2023-10-12,D,-0.053603132628397936,Sell
2023-10-12,HUM,-0.05613989745612622,Sell
2023-10-12,WSM,-8.564238546950736e-05,Sell
2023-10-12,BX,0.054177000444275404,Buy
2023-10-12,RF,0.000805590496683585,Buy
2023-10-12,CME,-0.05555555555555555,Sell
2023-10-12,PRGO,0.05555555555555555,Buy
2023-10-12,OHI,0.054743913204324604,Buy
2023-10-12,ZUMZ,-0.05555555555555555,Sell
2023-10-12,MT,-0.05555555555555555,Sell
2023-10-12,BMY,-0.055040601555946214,Sell
2023-10-13,MNST,-0.0553980269452477,Sell
2023-10-13,CNC,-0.00028093764299788604,Sell
2023-10-13,AMTD,-0.0003664905026213444,Sell
2023-10-13,A,-0.05598442421418726,Sell
2023-10-13,CF,0.0548710596479345,Buy
2023-10-13,CAG,-0.057137169318713224,Sell
2023-10-13,DPZ,0.05555555555555555,Buy
2023-10-13,WFC,-0.05555555555555555,Sell
2023-10-13,QQQ,0.05555555555555555,Buy
2023-10-13,EWI,-0.0008395919238030278,Sell
2023-10-13,SIRI,-0.05555555555555555,Sell
2023-10-13,ANF,-0.0015732504979841522,Sell
2023-10-13,MS,-0.05517487627825975,Sell
2023-10-13,ALK,0.0013016198370019647,Buy
2023-10-13,MAR,0.05555555555555555,Buy
2023-10-13,ILMN,-0.054643097991335335,Sell
2023-10-13,KO,0.00028288971116875034,Buy
2023-10-13,ULTA,0.05555555555555555,Buy
2023-10-13,WSM,-0.0007229299731687094,Sell
2023-10-13,MRVL,-0.05555555555555555,Sell
2023-10-13,RF,0.001247348847849987,Buy
2023-10-13,CME,0.055018522510772674,Buy
2023-10-13,PRGO,0.0002912229946443398,Buy
2023-10-13,ZUMZ,-0.0026743954558499095,Sell
2023-10-13,MT,0.05377275441733667,Buy
2023-10-13,CAT,0.05555555555555555,Buy
2023-10-16,MNST,0.05555555555555555,Buy
2023-10-16,CNC,0.05550972667541458,Buy
2023-10-16,AMTD,-8.48566589489036e-05,Sell
2023-10-16,BAX,0.05555555555555555,Buy
2023-10-16,DAL,0.05555555555555555,Buy
2023-10-16,AA,-0.05555555555555555,Sell
2023-10-16,TRV,-0.05555555555555555,Sell
2023-10-16,DPZ,-0.05624965052888559,Sell
2023-10-16,WFC,0.056405132648201024,Buy
2023-10-16,QQQ,-0.0005423202612264769,Sell
2023-10-16,EWI,0.0006345841972483987,Buy
2023-10-16,SIRI,0.05535632829898882,Buy
2023-10-16,ANF,0.002055345879637828,Buy
2023-10-16,HTZ,0.05555555555555555,Buy
2023-10-16,ALK,-0.05753386596282933,Sell
2023-10-16,MAR,-0.05665239754714989,Sell
2023-10-16,GOLD,0.05555555555555555,Buy
2023-10-16,KO,-0.00048150065361373534,Sell
2023-10-16,ULTA,-0.001059851268020759,Sell
2023-10-16,HUM,-0.05555555555555555,Sell
2023-10-16,WSM,0.00017613644798567668,Buy
2023-10-16,NWSA,-0.05555555555555555,Sell
2023-10-16,MRVL,0.0565670351323593,Buy
2023-10-16,RF,-0.05723552616316357,Sell
2023-10-16,PRGO,-0.05726493848067633,Sell
2023-10-16,OHI,-0.05555555555555555,Sell
2023-10-16,ZUMZ,0.05915471172872302,Buy
2023-10-16,MT,0.05555555555555555,Buy
2023-10-16,CAT,-0.0560607330123532,Sell
2023-10-17,MNST,-0.05698037756917142,Sell
2023-10-17,CNC,-0.05555555555555555,Sell
2023-10-17,AMTD,0.05616278918206621,Buy
2023-10-17,BAX,0.00010076359740517071,Buy
2023-10-17,CF,-0.05555555555555555,Sell
2023-10-17,DAL,-0.056119376217705984,Sell
2023-10-17,AA,0.05769307006521797,Buy
2023-10-17,GREK,-0.05555555555555555,Sell
2023-10-17,JNJ,0.05555555555555555,Buy
2023-10-17,TRV,0.056266750247286924,Buy
2023-10-17,EBAY,0.05555555555555555,Buy
2023-10-17,QQQ,3.93600168732966e-05,Buy
2023-10-17,EWI,0.055826631833624275,Buy
2023-10-17,ANF,0.00037396717572003857,Buy
2023-10-17,HTZ,-0.056043359846174846,Sell
2023-10-17,DLTR,-0.05555555555555555,Sell
2023-10-17,ALK,0.05555555555555555,Buy
2023-10-17,GOLD,-0.0004408254845240378,Sell
2023-10-17,KO,-0.000810245473804587,Sell
2023-10-17,ULTA,-0.05518085086818943,Sell
2023-10-17,RL,-0.05555555555555555,Sell
2023-10-17,HUM,0.055237493095396585,Buy
2023-10-17,WSM,0.0005480901025327264,Buy
2023-10-17,NWSA,0.05656375438288128,Buy
2023-10-17,NTES,0.05555555555555555,Buy
2023-10-17,OHI,0.00030494596758107173,Buy
2023-10-17,BSX,0.05555555555555555,Buy
2023-10-17,M,-0.05555555555555555,Sell
2023-10-17,MT,-0.05572250501069162,Sell
2023-10-18,CNC,0.0008210805671059057,Buy
2023-10-18,BAX,-0.05609724339678348,Sell
2023-10-18,A,0.05555555555555555,Buy
2023-10-18,CF,0.054547184894813465,Buy
2023-10-18,WEN,-0.05555555555555555,Sell
2023-10-18,DAL,0.05555555555555555,Buy
2023-10-18,AA,-0.05555555555555555,Sell
2023-10-18,ICE,0.05555555555555555,Buy
2023-10-18,GREK,0.055526524221125056,Buy
2023-10-18,JNJ,0.0010425155339032557,Buy
2023-10-18,NDAQ,-0.05555555555555555,Sell
2023-10-18,HAS,-0.05555555555555555,Sell
2023-10-18,EBAY,-0.05483523903162491,Sell
2023-10-18,QQQ,-0.05498145799829522,Sell
2023-10-18,ANF,0.0003867336483669992,Buy
2023-10-18,DLTR,0.05492998960043935,Buy
2023-10-18,ALK,0.002738041452351493,Buy
2023-10-18,KEY,-0.05555555555555555,Sell
2023-10-18,GOLD,-0.05506425664526601,Sell
2023-10-18,KO,-0.00013612831696647315,Sell
2023-10-18,ULTA,-0.05555555555555555,Sell
2023-10-18,RL,0.0558274832045657,Buy
2023-10-18,HUM,-0.05555555555555555,Sell
2023-10-18,WSM,0.05464548429194098,Buy
2023-10-18,NTES,-0.05586261600544481,Sell
2023-10-18,RF,0.05555555555555555,Buy
2023-10-18,OHI,0.05509882459505447,Buy
2023-10-18,BSX,-0.05598831261382135,Sell
2023-10-18,M,0.0554694274423579,Buy
2023-10-18,CAT,0.05555555555555555,Buy
2023-10-18,MRK,0.05555555555555555,Buy
2023-10-19,CNC,0.0544314045298651,Buy
2023-10-19,AMTD,-0.05555555555555555,Sell
2023-10-19,A,-0.05567585231619507,Sell
2023-10-19,CF,-0.05555555555555555,Sell
2023-10-19,WEN,9.616085452986145e-05,Buy
2023-10-19,DAL,0.0010537391950285052,Buy
2023-10-19,AA,-0.005084548911844899,Sell
2023-10-19,HYG,0.05555555555555555,Buy
2023-10-19,ICE,-0.055183045460882804,Sell
2023-10-19,JNJ,-0.05507004622394077,Sell
2023-10-19,NDAQ,0.05454826525425549,Buy
2023-10-19,HAS,0.05389519282296781,Buy
2023-10-19,EBAY,0.05555555555555555,Buy
2023-10-19,QQQ,-0.05555555555555555,Sell
2023-10-19,SIRI,-0.05555555555555555,Sell
2023-10-19,ANF,0.052965552113357864,Buy
2023-10-19,ALK,-0.05437294186557662,Sell
2023-10-19,MAR,0.05555555555555555,Buy
2023-10-19,KEY,0.05459785237514493,Buy
2023-10-19,KO,-0.055524773601387786,Sell
2023-10-19,ULTA,-0.0002839000635769459,Sell
2023-10-19,HUM,-0.00022825339810444295,Sell
2023-10-19,NWSA,0.05555555555555555,Buy
2023-10-19,BX,0.05555555555555555,Buy
2023-10-19,LOW,0.05555555555555555,Buy
2023-10-19,RF,-0.05501798159263493,Sell
2023-10-19,M,-0.05555555555555555,Sell
2023-10-19,CAT,0.001685664523423995,Buy
2023-10-19,MRK,0.0011818579359095735,Buy
2023-10-20,CNC,-0.05555555555555555,Sell
2023-10-20,AMTD,-0.003967721852656994,Sell
2023-10-20,CF,0.053530910528147735,Buy
2023-10-20,HOG,-0.05555555555555555,Sell
2023-10-20,WEN,0.054956991094388896,Buy
2023-10-20,DAL,0.0010939735631221373,Buy
2023-10-20,AA,-0.0008073184831514577,Sell
2023-10-20,HYG,-0.05538815191257665,Sell
2023-10-20,GREK,-0.05555555555555555,Sell
2023-10-20,QCOM,0.05555555555555555,Buy
2023-10-20,TRV,0.05555555555555555,Buy
2023-10-20,EBAY,0.0007934172282523314,Buy
2023-10-20,QQQ,0.05444813158063202,Buy
2023-10-20,SIRI,0.05418177454841795,Buy
2023-10-20,MAR,0.001530254305945028,Buy
2023-10-20,KGC,-0.05555555555555555,Sell
2023-10-20,ULTA,0.05512296013537139,Buy
2023-10-20,HUM,-0.0004488855363983246,Sell
2023-10-20,WSM,-0.05555555555555555,Sell
2023-10-20,NWSA,0.0013310694664801365,Buy
2023-10-20,BX,0.00016555375608673373,Buy
2023-10-20,LOW,-0.05528428700810055,Sell
2023-10-20,SYK,0.05555555555555555,Buy
2023-10-20,M,0.00015426200285734853,Buy
2023-10-20,COF,0.05555555555555555,Buy
2023-10-20,CAT,-0.05474761462803623,Sell
2023-10-20,MRK,-0.0565054836024915,Sell
2023-10-23,MET,0.05555555555555555,Buy
2023-10-23,CNC,0.05462504378355146,Buy
2023-10-23,AMTD,0.051955368489782716,Buy
2023-10-23,HOG,0.05484829013152289,Buy
2023-10-23,DAL,-0.055092365955563896,Sell
2023-10-23,AA,-0.0015213961087374994,Sell
2023-10-23,NSC,0.05555555555555555,Buy
2023-10-23,GREK,0.0013631326650236503,Buy
2023-10-23,QCOM,-0.055434360230354904,Sell
2023-10-23,TRV,0.0009596051716718734,Buy
2023-10-23,EBAY,0.0009386966334288607,Buy
2023-10-23,QQQ,-0.05555555555555555,Sell
2023-10-23,MAR,-0.05561659442672273,Sell
2023-10-23,KEY,-0.05555555555555555,Sell
2023-10-23,KGC,0.05562662300052197,Buy
2023-10-23,HUM,-0.0007394599487439424,Sell
2023-10-23,WSM,-0.00037280007770622986,Sell
2023-10-23,NWSA,0.00042390872548019043,Buy
2023-10-23,BX,0.0011225638120108544,Buy
2023-10-23,LOW,0.05555555555555555,Buy
2023-10-23,MRVL,-0.05555555555555555,Sell
2023-10-23,HMC,0.05555555555555555,Buy
2023-10-23,SYK,-0.054976851509048436,Sell
2023-10-23,M,-0.000861264014980212,Sell
2023-10-23,COF,4.437581198692836e-05,Buy
2023-10-23,ZUMZ,-0.05555555555555555,Sell
2023-10-24,MET,-0.0006734442927854856,Sell
2023-10-24,CNC,0.05555555555555555,Buy
2023-10-24,A,0.05555555555555555,Buy
2023-10-24,AA,6.08643084534094e-05,Buy
2023-10-24,BUD,-0.05555555555555555,Sell
2023-10-24,NSC,-0.05535905851371175,Sell
2023-10-24,GREK,0.05580833338181139,Buy
2023-10-24,KMB,0.05555555555555555,Buy
2023-10-24,TRV,0.00045343044253070425,Buy
2023-10-24,BDX,-0.05555555555555555,Sell
2023-10-24,EBAY,-0.05667911289081121,Sell
2023-10-24,QQQ,0.05608558652716833,Buy
2023-10-24,SIRI,-0.05555555555555555,Sell
2023-10-24,ANF,-0.05555555555555555,Sell
2023-10-24,KEY,0.055040281578256155,Buy
2023-10-24,WMB,0.05555555555555555,Buy
2023-10-24,HUM,8.344706688049458e-05,Buy
2023-10-24,WSM,-6.356888575368563e-05,Sell
2023-10-24,NWSA,-0.0009373765330514747,Sell
2023-10-24,BX,-0.05700066262269007,Sell
2023-10-24,LOW,-0.05523679494977133,Sell
2023-10-24,MRVL,0.05607780603046167,Buy
2023-10-24,RF,0.05555555555555555,Buy
2023-10-24,HMC,-0.055614267204061096,Sell
2023-10-24,M,0.001265469687824386,Buy
2023-10-24,COF,0.0007355014642063951,Buy
2023-10-24,ZUMZ,0.055545243237381,Buy
2023-10-24,VZ,-0.05555555555555555,Sell
2023-10-25,MET,-0.05537697714792346,Sell
2023-10-25,CNC,0.0007257985150211435,Buy
2023-10-25,A,0.00112296535673935,Buy
2023-10-25,AA,0.0010052467274360433,Buy
2023-10-25,HYG,0.05555555555555555,Buy
2023-10-25,BUD,0.05594492415765301,Buy
2023-10-25,NSC,0.05555555555555555,Buy
2023-10-25,GREK,-0.05555555555555555,Sell
2023-10-25,QCOM,0.05555555555555555,Buy
2023-10-25,KMB,0.0007375566230082217,Buy
2023-10-25,TRV,-0.11356548174424344,Sell
2023-10-25,BDX,0.054830850438545735,Buy
2023-10-25,QQQ,0.05555555555555555,Buy
2023-10-25,SIRI,-0.0009457857000855774,Sell
2023-10-25,ANF,-0.0006305500995041693,Sell
2023-10-25,WMB,-0.05561178799200505,Sell
2023-10-25,HUM,0.0007476827945903722,Buy
2023-10-25,WSM,0.05435232113293258,Buy
2023-10-25,NWSA,0.002301955903902919,Buy
2023-10-25,RF,0.0003754736420298263,Buy
2023-10-25,M,8.206973990780575e-06,Buy
2023-10-25,COF,-0.055468398101489264,Sell
2023-10-25,VZ,-0.0009327806620915979,Sell
2023-10-25,BMY,-0.05555555555555555,Sell
2023-10-26,CNC,-0.054658906223940346,Sell
2023-10-26,AMTD,-0.05555555555555555,Sell
2023-10-26,A,-0.055625692138161036,Sell
2023-10-26,AA,0.054377147454810135,Buy
2023-10-26,HYG,-0.05533135144472817,Sell
2023-10-26,NSC,0.0005605723859369721,Buy
2023-10-26,GREK,0.054942480290631035,Buy
2023-10-26,QCOM,-2.6914307078802768e-05,Sell
2023-10-26,JNJ,0.05555555555555555,Buy
2023-10-26,STI,0.05555555555555555,Buy
2023-10-26,KMB,-0.05578568151883978,Sell
2023-10-26,TRV,0.05505004418587323,Buy
2023-10-26,DPZ,0.05555555555555555,Buy
2023-10-26,BBT,-0.05555555555555555,Sell
2023-10-26,MU,0.05555555555555555,Buy
2023-10-26,QQQ,0.00146651285910291,Buy
2023-10-26,SIRI,-0.002059238316030658,Sell
2023-10-26,ANF,0.053591318439326074,Buy
2023-10-26,HUM,-0.0014066372888402942,Sell
2023-10-26,WSM,0.05555555555555555,Buy
2023-10-26,NWSA,0.0005493001491272478,Buy
2023-10-26,RF,-0.05659147421360234,Sell
2023-10-26,M,0.0008239728527650453,Buy
2023-10-26,ZUMZ,-0.05555555555555555,Sell
2023-10-26,VZ,0.000861492742481651,Buy
2023-10-26,CAT,-0.05555555555555555,Sell
2023-10-26,BMY,-0.003960643842725278,Sell
2023-10-27,AMTD,0.0531426689501423,Buy
2023-10-27,AA,-0.05555555555555555,Sell
2023-10-27,NSC,-0.11028789151527466,Sell
2023-10-27,QCOM,-0.05539781093683201,Sell
2023-10-27,JNJ,0.0018489736857097011,Buy
2023-10-27,STI,-0.0549607092480121,Sell
2023-10-27,HAS,-0.05555555555555555,Sell
2023-10-27,DPZ,-0.05411231623746086,Sell
2023-10-27,EWC,0.05555555555555555,Buy
2023-10-27,BBT,0.05431477114964547,Buy
2023-10-27,BDX,0.05555555555555555,Buy
2023-10-27,MU,-0.05591464003427608,Sell
2023-10-27,QQQ,-0.05522459096406348,Sell
2023-10-27,SIRI,-0.0020240764640781644,Sell
2023-10-27,ALK,0.05555555555555555,Buy
2023-10-27,EW,0.05555555555555555,Buy
2023-10-27,RL,0.05555555555555555,Buy
2023-10-27,HUM,-0.0009352952744638432,Sell
2023-10-27,WSM,-0.05556661666287371,Sell
2023-10-27,NWSA,0.0013455358103005924,Buy
2023-10-27,CME,0.05555555555555555,Buy
2023-10-27,M,-0.0012917291305009695,Sell
2023-10-27,COF,-0.05555555555555555,Sell
2023-10-27,ZUMZ,-0.00289859101698562,Sell
2023-10-27,VZ,0.05331841716056244,Buy
2023-10-27,CAT,-0.001472200742833371,Sell
2023-10-27,BMY,0.10849298126152832,Buy
2023-10-30,A,0.05555555555555555,Buy
2023-10-30,AA,0.06044330329601497,Buy
2023-10-30,NSC,0.056804442094265176,Buy
2023-10-30,JNJ,-0.05643266142221785,Sell
2023-10-30,NDAQ,-0.05555555555555555,Sell
2023-10-30,HAS,0.05490852421492896,Buy
2023-10-30,EWC,-0.056487379063033555,Sell
2023-10-30,BDX,-0.00021497970065718908,Sell
2023-10-30,SIRI,0.001142071774294616,Buy
2023-10-30,ALK,-0.0013118035422288177,Sell
2023-10-30,EW,-0.0009168832046477018,Sell
2023-10-30,RL,-0.057023665212598024,Sell
2023-10-30,HUM,0.0011804312999338443,Buy
2023-10-30,NTAP,0.05555555555555555,Buy
2023-10-30,WSM,-0.05555555555555555,Sell
2023-10-30,NWSA,-0.05698932163747179,Sell
2023-10-30,LOW,-0.05555555555555555,Sell
2023-10-30,RF,0.05555555555555555,Buy
2023-10-30,CME,-0.056498710278168156,Sell
2023-10-30,CP,-0.05555555555555555,Sell
2023-10-30,XLE,0.05555555555555555,Buy
2023-10-30,M,0.001955008359552278,Buy
2023-10-30,COF,0.0019291831951923771,Buy
2023-10-30,ZUMZ,0.05696655235154876,Buy
2023-10-30,MT,0.05555555555555555,Buy
2023-10-30,CAT,0.0011715657484145173,Buy
2023-10-30,BMY,-0.0005801784006545865,Sell
2023-10-31,MET,-0.05555555555555555,Sell
2023-10-31,VWO,0.05555555555555555,Buy
2023-10-31,A,-0.056489893565095435,Sell
2023-10-31,HYG,0.05555555555555555,Buy
2023-10-31,BUD,-0.05555555555555555,Sell
2023-10-31,STI,0.05555555555555555,Buy
2023-10-31,NDAQ,0.05606759030690558,Buy
2023-10-31,DPZ,-0.05555555555555555,Sell
2023-10-31,EWC,0.05555555555555555,Buy
2023-10-31,BDX,-0.05565974157497675,Sell
2023-10-31,WFC,-0.05555555555555555,Sell
2023-10-31,SIRI,0.0566103059833532,Buy
2023-10-31,ANF,-0.05555555555555555,Sell
2023-10-31,ALK,0.0005634940760023202,Buy
2023-10-31,XRT,0.05555555555555555,Buy
2023-10-31,EW,-0.056493384528795695,Sell
2023-10-31,HUM,0.0003426243336354523,Buy
2023-10-31,NTAP,-0.056530396196187396,Sell
2023-10-31,WSM,0.0004855536747996325,Buy
2023-10-31,LOW,0.056127012646692995,Buy
2023-10-31,RF,-0.0009373562506881303,Sell
2023-10-31,CP,0.05524092511007191,Buy
2023-10-31,PRGO,0.05555555555555555,Buy
2023-10-31,XLE,-0.05546993648855873,Sell
2023-10-31,M,0.00046800853590997504,Buy
2023-10-31,COF,0.0557000572212262,Buy
2023-10-31,MT,-0.056677541926317763,Sell
2023-10-31,CAT,-0.0039460127182097335,Sell
2023-10-31,BMY,-3.413095120121529e-05,Sell
2023-11-01,MET,0.05541932110490931,Buy
2023-11-01,VWO,-0.05584162128376117,Sell
2023-11-01,AA,-0.05555555555555555,Sell
2023-11-01,HYG,-0.05597553498470321,Sell
2023-11-01,BUD,0.05537878253497069,Buy
2023-11-01,STI,0.00010852264604700734,Buy
2023-11-01,DPZ,0.056287753071567026,Buy
2023-11-01,DHI,-0.05555555555555555,Sell
2023-11-01,EWC,-0.00046795765520411814,Sell
2023-11-01,MU,-0.05555555555555555,Sell
2023-11-01,EBAY,0.05555555555555555,Buy
2023-11-01,WFC,-0.0003315854221197373,Sell
2023-11-01,ANF,0.0010857504486723457,Buy
2023-11-01,ORCL,-0.05555555555555555,Sell
2023-11-01,ALK,0.0010726651249164804,Buy
2023-11-01,XRT,-0.05529587964606949,Sell
2023-11-01,ULTA,0.05555555555555555,Buy
2023-11-01,HUM,0.10736780740689458,Buy
2023-11-01,WSM,0.055188680363553407,Buy
2023-11-01,PCG,-0.05555555555555555,Sell
2023-11-01,RF,7.035081787850478e-05,Buy
2023-11-01,PRGO,-0.05624944933501109,Sell
2023-11-01,XLE,0.05555555555555555,Buy
2023-11-01,M,-0.0006548057831355647,Sell
2023-11-01,ENB,-0.05555555555555555,Sell
2023-11-01,CAT,0.05686479425860523,Buy
2023-11-01,BMY,0.0003775296931776487,Buy
2023-11-02,AMTD,0.05555555555555555,Buy
2023-11-02,WEN,0.05555555555555555,Buy
2023-11-02,AA,0.05812121890831212,Buy
2023-11-02,ICE,0.05555555555555555,Buy
2023-11-02,RRC,-0.05555555555555555,Sell
2023-11-02,QCOM,-0.05555555555555555,Sell
2023-11-02,STI,-0.00024705246715667206,Sell
2023-11-02,DPZ,-0.05555555555555555,Sell
2023-11-02,DHI,0.058217492629810734,Buy
2023-11-02,EWC,-0.05799504533581226,Sell
2023-11-02,MU,0.056638849198509394,Buy
2023-11-02,EBAY,-0.05620624395097138,Sell
2023-11-02,WFC,0.057579303477147355,Buy
2023-11-02,SIRI,-0.05555555555555555,Sell
2023-11-02,ANF,0.0013068801408149186,Buy
2023-11-02,ORCL,0.05639362776723692,Buy
2023-11-02,MS,-0.05555555555555555,Sell
2023-11-02,ALK,-0.05766987498345442,Sell
2023-11-02,MAR,0.05555555555555555,Buy
2023-11-02,ILMN,-0.05555555555555555,Sell
2023-11-02,ULTA,-0.05652492615700607,Sell
2023-11-02,HUM,0.0006606388584228309,Buy
2023-11-02,WSM,-0.05555555555555555,Sell
2023-11-02,TRIP,0.05555555555555555,Buy
2023-11-02,PCG,0.056103890531817045,Buy
2023-11-02,RF,-0.05921830207026667,Sell
2023-11-02,PRGO,0.05555555555555555,Buy
2023-11-02,XLE,-0.05749001220904578,Sell
2023-11-02,M,0.002421778630419112,Buy
2023-11-02,ENB,0.057714354700034165,Buy
2023-11-02,BMY,-8.382591947482532e-05,Sell
2023-11-03,MNST,-0.05555555555555555,Sell
2023-11-03,AMTD,-0.0006679873671508602,Sell
2023-11-03,BAX,0.05555555555555555,Buy
2023-11-03,WEN,-0.057414754662385034,Sell
2023-11-03,DAL,-0.05555555555555555,Sell
2023-11-03,ICE,-0.05664041450978807,Sell
2023-11-03,RRC,0.05559515960057695,Buy
2023-11-03,QCOM,0.05680087504676188,Buy
2023-11-03,STI,-0.00021879480572806892,Sell
2023-11-03,KMB,0.05555555555555555,Buy
2023-11-03,HAS,0.05555555555555555,Buy
2023-11-03,TRV,0.05555555555555555,Buy
2023-11-03,DPZ,0.05794525482177396,Buy
2023-11-03,SIRI,0.003817143778254692,Buy
2023-11-03,ANF,0.0021481226851668422,Buy
2023-11-03,MS,0.0023446975405730167,Buy
2023-11-03,ALK,-0.05555555555555555,Sell
2023-11-03,MAR,-0.057456305215333556,Sell
2023-11-03,ILMN,0.0025340352166963592,Buy
2023-11-03,D,-0.05555555555555555,Sell
2023-11-03,HUM,0.0002898280247592491,Buy
2023-11-03,WSM,0.05642892537606374,Buy
2023-11-03,TRIP,-0.11547683982114079,Sell
2023-11-03,CME,0.05555555555555555,Buy
2023-11-03,PRGO,-0.057597429332433205,Sell
2023-11-03,XLE,0.05555555555555555,Buy
2023-11-03,M,0.057643882133447275,Buy
2023-11-03,BMY,-0.05761785710291454,Sell
2023-11-06,MNST,0.00030654385614145574,Buy
2023-11-06,CNC,-0.05555555555555555,Sell
2023-11-06,AMTD,-0.11223921379987564,Sell
2023-11-06,BAX,-0.05614778419113281,Sell
2023-11-06,CF,0.05555555555555555,Buy
2023-11-06,DAL,0.054572164378060686,Buy
2023-11-06,RRC,0.05555555555555555,Buy
2023-11-06,GREK,-0.05555555555555555,Sell
2023-11-06,STI,0.00027058309791262725,Buy
2023-11-06,KMB,-0.055933263132634324,Sell
2023-11-06,HAS,-0.0539776371693214,Sell
2023-11-06,TRV,-0.055659211185454555,Sell
2023-11-06,SIRI,-0.002662563579946396,Sell
2023-11-06,ANF,0.0003793290120782736,Buy
2023-11-06,MS,0.05503849062535017,Buy
2023-11-06,ALK,0.10965443605768024,Buy
2023-11-06,ILMN,0.05335576696145029,Buy
2023-11-06,D,0.0022394890482294594,Buy
2023-11-06,HUM,-0.0009231779224734768,Sell
2023-11-06,TRIP,0.05654863111339028,Buy
2023-11-06,RF,0.05555555555555555,Buy
2023-11-06,CME,-0.056456284730574485,Sell
2023-11-06,PRGO,0.05555555555555555,Buy
2023-11-06,OHI,0.05555555555555555,Buy
2023-11-06,CSIQ,-0.05555555555555555,Sell
2023-11-06,XLE,0.0008956289139607984,Buy
2023-11-06,ENB,-0.05555555555555555,Sell
2023-11-07,MNST,0.05546617432920061,Buy
2023-11-07,CNC,0.05555502267425811,Buy
2023-11-07,AMTD,0.055552465197079653,Buy
2023-11-07,CF,0.00042956732660378444,Buy
2023-11-07,HYG,-0.05555555555555555,Sell
2023-11-07,RRC,0.001993351440006806,Buy
2023-11-07,GREK,-0.0004469072404897287,Sell
2023-11-07,STI,-0.05580397489042948,Sell
2023-11-07,EWC,0.05555555555555555,Buy
2023-11-07,BDX,0.05555555555555555,Buy
2023-11-07,EOG,0.05555555555555555,Buy
2023-11-07,EWI,0.05555555555555555,Buy
2023-11-07,SIRI,0.055624705581465275,Buy
2023-11-07,ANF,0.0013617726584831888,Buy
2023-11-07,ALK,-0.0561667241176422,Sell
2023-11-07,KO,-0.05555555555555555,Sell
2023-11-07,D,5.695964438691414e-05,Buy
2023-11-07,HUM,-0.056865476076481535,Sell
2023-11-07,TRIP,-0.05555555555555555,Sell
2023-11-07,RF,-0.055193504664125696,Sell
2023-11-07,PRGO,-0.057871578740696955,Sell
2023-11-07,OHI,0.00037161698129934556,Buy
2023-11-07,CSIQ,0.00043035276799637673,Buy
2023-11-07,XLE,-0.054391485336537676,Sell
2023-11-07,ENB,-0.000275945121642307,Sell
2023-11-07,MT,0.05555555555555555,Buy
2023-11-07,VZ,-0.05555555555555555,Sell
2023-11-07,CAT,0.05555555555555555,Buy
2023-11-08,AMTD,-0.05555555555555555,Sell
2023-11-08,CF,-0.05654875522980263,Sell
2023-11-08,HYG,0.055552873296382664,Buy
2023-11-08,BUD,-0.05555555555555555,Sell
2023-11-08,RRC,0.0015504526514199257,Buy
2023-11-08,CAG,-0.05555555555555555,Sell
2023-11-08,GREK,-1.1305682978413056e-06,Sell
2023-11-08,EWC,0.0002166094618613404,Buy
2023-11-08,BDX,-0.05548172694274269,Sell
2023-11-08,EOG,0.0006800482204406405,Buy
2023-11-08,EWI,-5.700107714706748e-05,Sell
2023-11-08,ANF,5.74269664587318e-05,Buy
2023-11-08,ALK,-0.05555555555555555,Sell
2023-11-08,XRT,0.05555555555555555,Buy
2023-11-08,KGC,0.05555555555555555,Buy
2023-11-08,TRP,-0.05555555555555555,Sell
2023-11-08,KO,0.05543552739756211,Buy
2023-11-08,D,0.00040587058926439684,Buy
2023-11-08,TRIP,0.054218684060905555,Buy
2023-11-08,OHI,0.000759937726203655,Buy
2023-11-08,CSIQ,0.053245703574236275,Buy
2023-11-08,XLE,0.05555555555555555,Buy
2023-11-08,ENB,-0.00016467807864202488,Sell
2023-11-08,MT,0.0006130178970330732,Buy
2023-11-08,VZ,0.05526029984728643,Buy
2023-11-08,CAT,-0.05549928770390754,Sell
2023-11-09,AMTD,0.04650959094277661,Buy
2023-11-09,BAX,0.05555555555555555,Buy
2023-11-09,BUD,-0.0001054431009222534,Sell
2023-11-09,RRC,0.0005632854101280671,Buy
2023-11-09,CAG,-0.00022017980456627562,Sell
2023-11-09,GREK,-0.0012511183993186986,Sell
2023-11-09,JNJ,0.05555555555555555,Buy
2023-11-09,EWC,-0.05510856365180788,Sell
2023-11-09,EOG,-0.054999890064052655,Sell
2023-11-09,EWI,-0.05485277537108456,Sell
2023-11-09,ANF,-0.0015432083644286096,Sell
2023-11-09,ALK,0.05427857445227565,Buy
2023-11-09,XRT,0.0015608355890778317,Buy
2023-11-09,KGC,-0.056745518563673755,Sell
2023-11-09,TRP,0.05470046820672763,Buy
2023-11-09,D,0.053679011201840925,Buy
2023-11-09,ULTA,0.05555555555555555,Buy
2023-11-09,EW,-0.05555555555555555,Sell
2023-11-09,HUM,-0.05555555555555555,Sell
2023-11-09,LOW,0.05555555555555555,Buy
2023-11-09,NTES,-0.05555555555555555,Sell
2023-11-09,CME,-0.05555555555555555,Sell
2023-11-09,OHI,0.0005786916410401161,Buy
2023-11-09,XLE,0.0007625067485714648,Buy
2023-11-09,ENB,-0.0009076294620485453,Sell
2023-11-09,MT,-0.053410930177353017,Sell
2023-11-09,BMY,0.05555555555555555,Buy
2023-11-10,BAX,0.00021108346159923186,Buy
2023-11-10,XLP,-0.05555555555555555,Sell
2023-11-10,BUD,0.05513933655083992,Buy
2023-11-10,RRC,-0.05504366265576257,Sell
2023-11-10,CAG,-0.0004518171584792785,Sell
2023-11-10,GREK,0.05555200808549938,Buy
2023-11-10,JNJ,-0.055297493900621476,Sell
2023-11-10,DPZ,-0.05555555555555555,Sell
2023-11-10,BDX,0.05555555555555555,Buy
2023-11-10,ANF,-1.1756218907102434e-05,Sell
2023-11-10,TSM,-0.05555555555555555,Sell
2023-11-10,XRT,-0.00026285715810474286,Sell
2023-11-10,ILMN,0.05555555555555555,Buy
2023-11-10,KGC,0.05555555555555555,Buy
2023-11-10,KO,-0.05555555555555555,Sell
2023-11-10,ULTA,-0.05548377179471681,Sell
2023-11-10,EW,0.054984549446408265,Buy
2023-11-10,HUM,0.055129909335122525,Buy
2023-11-10,NWSA,0.05555555555555555,Buy
2023-11-10,LOW,-0.056555804281754794,Sell
2023-11-10,PCG,-0.05555555555555555,Sell
2023-11-10,NTES,0.05580727574399615,Buy
2023-11-10,CME,0.055548105722138724,Buy
2023-11-10,CP,0.05555555555555555,Buy
2023-11-10,OHI,-0.0568663111457746,Sell
2023-11-10,XLE,-0.055971979632358115,Sell
2023-11-10,M,-0.05555555555555555,Sell
2023-11-10,ENB,0.055411110438143694,Buy
2023-11-10,VZ,-0.05555555555555555,Sell
2023-11-10,MRK,0.05555555555555555,Buy
2023-11-10,BMY,-2.5434982405855844e-05,Sell
2023-11-13,BAX,-0.057125755807307374,Sell
2023-11-13,HP,-0.05555555555555555,Sell
2023-11-13,HOG,-0.05555555555555555,Sell
2023-11-13,XLP,0.05579497804347247,Buy
2023-11-13,AA,-0.05555555555555555,Sell
2023-11-13,CAG,0.05513757101984032,Buy
2023-11-13,STI,0.05555555555555555,Buy
2023-11-13,DPZ,0.055035656228364184,Buy
2023-11-13,BDX,-0.00034878879342840896,Sell
2023-11-13,EBAY,0.05555555555555555,Buy
2023-11-13,ANF,-0.00041969567681996583,Sell
2023-11-13,TSM,0.05503533484811956,Buy
2023-11-13,XRT,0.0003283829755865858,Buy
2023-11-13,ILMN,0.003092892958963943,Buy
2023-11-13,KGC,0.00026011662882469144,Buy
2023-11-13,KO,0.0002678992535887492,Buy
2023-11-13,HUM,-0.05555555555555555,Sell
2023-11-13,NWSA,0.0011875376496228024,Buy
2023-11-13,PCG,0.054921489476323374,Buy
2023-11-13,DUK,0.05555555555555555,Buy
2023-11-13,NTES,-0.05555555555555555,Sell
2023-11-13,CP,0.000890156402357796,Buy
2023-11-13,BSX,-0.05555555555555555,Sell
2023-11-13,M,0.054451446719356936,Buy
2023-11-13,ENB,-0.05555555555555555,Sell
2023-11-13,VZ,0.05578886674413707,Buy
2023-11-13,MRK,-0.05620997297732987,Sell
2023-11-13,BMY,-0.05511202844215321,Sell
2023-11-14,AMTD,0.05555555555555555,Buy
2023-11-14,HP,0.057558906418460655,Buy
2023-11-14,HOG,0.0034826504172223785,Buy
2023-11-14,XLP,-0.05555555555555555,Sell
2023-11-14,NVDA,0.05555555555555555,Buy
2023-11-14,AA,0.05902943624073594,Buy
2023-11-14,GREK,-0.05555555555555555,Sell
2023-11-14,JNJ,0.05555555555555555,Buy
2023-11-14,STI,-0.05564083673494783,Sell
2023-11-14,TRV,0.05555555555555555,Buy
2023-11-14,DPZ,-0.05555555555555555,Sell
2023-11-14,DHI,-0.05555555555555555,Sell
2023-11-14,BDX,0.0006602923686008996,Buy
2023-11-14,EBAY,-0.05779475301936808,Sell
2023-11-14,QQQ,0.05555555555555555,Buy
2023-11-14,ANF,0.0018465221306731977,Buy
2023-11-14,XRT,-0.05823357647326822,Sell
2023-11-14,ILMN,-0.05829870101833009,Sell
2023-11-14,KGC,-0.057104277953529785,Sell
2023-11-14,KO,0.055653803222538385,Buy
2023-11-14,PVH,-0.05555555555555555,Sell
2023-11-14,HUM,0.05602385722639808,Buy
2023-11-14,WSM,-0.05555555555555555,Sell
2023-11-14,NWSA,-0.056871916677711375,Sell
2023-11-14,PCG,-0.05555555555555555,Sell
2023-11-14,DUK,-0.057292664899864454,Sell
2023-11-14,NTES,0.05507843961916637,Buy
2023-11-14,CME,0.05555555555555555,Buy
2023-11-14,CP,-0.05661433752617218,Sell
2023-11-14,OHI,0.05555555555555555,Buy
2023-11-14,BSX,0.05580838139539981,Buy
2023-11-14,ENB,0.0556604262816506,Buy
2023-11-14,MRK,0.05555555555555555,Buy
2023-11-15,AMTD,-0.004233366986205057,Sell
2023-11-15,HOG,0.05810213677984969,Buy
2023-11-15,XLP,0.0006108469936702832,Buy
2023-11-15,NVDA,-0.05485817200600025,Sell
2023-11-15,SPWR,-0.05555555555555555,Sell
2023-11-15,GREK,0.055520721869793066,Buy
2023-11-15,JNJ,-0.056150134467050875,Sell
2023-11-15,STI,0.05555555555555555,Buy
2023-11-15,TRV,-0.0004418340128816492,Sell
2023-11-15,DPZ,0.05557715626284937,Buy
2023-11-15,DHI,0.055287691511929055,Buy
2023-11-15,BDX,-0.00026469014561925075,Sell
2023-11-15,EOG,0.05555555555555555,Buy
2023-11-15,QQQ,-0.00020633866724716066,Sell
2023-11-15,SIRI,-0.05555555555555555,Sell
2023-11-15,ANF,0.0010730528258561453,Buy
2023-11-15,KO,-0.05555555555555555,Sell
2023-11-15,ULTA,-0.05555555555555555,Sell
2023-11-15,PVH,0.05697339165920975,Buy
2023-11-15,WSM,0.05686508413004364,Buy
2023-11-15,NWSA,0.05555555555555555,Buy
2023-11-15,PCG,0.000516651828324638,Buy
2023-11-15,CME,-0.05553576188394763,Sell
2023-11-15,PRGO,-0.05555555555555555,Sell
2023-11-15,OHI,8.231572761779882e-05,Buy
2023-11-15,VZ,-0.05555555555555555,Sell
2023-11-15,MRK,0.0002828082468555662,Buy
2023-11-16,AMTD,-0.10747278783702459,Sell
2023-11-16,HP,-0.05555555555555555,Sell
2023-11-16,XLP,0.055937583467636526,Buy
2023-11-16,WEN,0.05555555555555555,Buy
2023-11-16,AA,-0.05555555555555555,Sell
2023-11-16,SPWR,0.07692145492992364,Buy
2023-11-16,STI,-0.0010814268201011154,Sell
2023-11-16,TRV,-0.05735522303795193,Sell
2023-11-16,BBT,-0.05555555555555555,Sell
2023-11-16,BDX,-0.0013988160441421454,Sell
2023-11-16,EOG,9.251118162030558e-06,Buy
2023-11-16,QQQ,-0.05668545963499087,Sell
2023-11-16,SIRI,0.055982212871093055,Buy
2023-11-16,ANF,0.00041606426661575796,Buy
2023-11-16,DLTR,0.05555555555555555,Buy
2023-11-16,XRT,0.05555555555555555,Buy
2023-11-16,TRP,0.05555555555555555,Buy
2023-11-16,KO,0.0010220381604507806,Buy
2023-11-16,ULTA,0.05530332086214926,Buy
2023-11-16,NWSA,-0.05715236734318127,Sell
2023-11-16,MRVL,-0.05555555555555555,Sell
2023-11-16,PCG,0.001857718214368989,Buy
2023-11-16,NTES,0.05555555555555555,Buy
2023-11-16,PRGO,0.05445576607962417,Buy
2023-11-16,OHI,-0.0570327948626131,Sell
2023-11-16,M,-0.05555555555555555,Sell
2023-11-16,VZ,0.05692015766076932,Buy
2023-11-16,CAT,0.05555555555555555,Buy
2023-11-16,MRK,-0.05699463803428,Sell
2023-11-17,AMTD,0.05375535278713351,Buy
2023-11-17,CF,0.05555555555555555,Buy
2023-11-17,HP,0.05793313600521507,Buy
2023-11-17,WEN,-0.05702550314676092,Sell
2023-11-17,AA,0.056196954332120234,Buy
2023-11-17,SPWR,0.05555555555555555,Buy
2023-11-17,CAG,-0.05555555555555555,Sell
2023-11-17,GREK,-0.05555555555555555,Sell
2023-11-17,JNJ,0.05555555555555555,Buy
2023-11-17,STI,-6.75477891720136e-05,Sell
2023-11-17,KMB,0.05555555555555555,Buy
2023-11-17,BBT,0.05664674023634704,Buy
2023-11-17,BDX,0.0002568139436103928,Buy
2023-11-17,EOG,-0.057249002998038055,Sell
2023-11-17,ANF,0.003877915423425665,Buy
2023-11-17,DLTR,-0.056362589573801865,Sell
2023-11-17,XRT,-0.05727386862333744,Sell
2023-11-17,TRP,-0.05662026701493738,Sell
2023-11-17,KO,0.00027714620989226224,Buy
2023-11-17,TRIP,-0.05555555555555555,Sell
2023-11-17,MRVL,0.05666337183508598,Buy
2023-11-17,PCG,0.000703584257494963,Buy
2023-11-17,NTES,-0.11365682845782468,Sell
2023-11-17,OHI,0.05555555555555555,Buy
2023-11-17,M,0.004810183920524243,Buy
2023-11-17,ENB,-0.05555555555555555,Sell
2023-11-17,CAT,-0.001260999939674004,Sell
2023-11-17,MRK,0.05555555555555555,Buy
2023-11-20,CNC,0.05555555555555555,Buy
2023-11-20,CF,0.00038592986682629143,Buy
2023-11-20,SPWR,-0.004195762768057769,Sell
2023-11-20,RRC,0.05555555555555555,Buy
2023-11-20,CAG,-0.00019950795759982043,Sell
2023-11-20,GREK,0.0001839818019585479,Buy
2023-11-20,JNJ,-0.056003024033136437,Sell
2023-11-20,STI,0.0024422340607659423,Buy
2023-11-20,KMB,0.00034422460370777536,Buy
2023-11-20,BBT,-0.05555555555555555,Sell
2023-11-20,BDX,-0.055608840259185305,Sell
2023-11-20,ANF,-0.0010077677870675497,Sell
2023-11-20,HTZ,0.05555555555555555,Buy
2023-11-20,KO,9.380451530396211e-05,Buy
2023-11-20,PVH,-0.05555555555555555,Sell
2023-11-20,TRIP,0.05580443572439776,Buy
2023-11-20,PCG,0.05477014941368208,Buy
2023-11-20,NTES,0.0005883845712368954,Buy
2023-11-20,OHI,-0.056286115244863676,Sell
2023-11-20,M,0.001957193561096089,Buy
2023-11-20,ENB,0.05551363506234261,Buy
2023-11-20,VZ,-0.05555555555555555,Sell
2023-11-20,CAT,0.0006166435727992109,Buy
2023-11-20,MRK,-0.05602103639342597,Sell
2023-11-20,BMY,0.05555555555555555,Buy
2023-11-21,CNC,-0.056184635201838126,Sell
2023-11-21,A,-0.05555555555555555,Sell
2023-11-21,CF,-0.05511496844699512,Sell
2023-11-21,DAL,0.05555555555555555,Buy
2023-11-21,BUD,-0.05555555555555555,Sell
2023-11-21,SPWR,0.0012676881965933418,Buy
2023-11-21,RRC,0.0009161426877245735,Buy
2023-11-21,CAG,0.0001098700680941464,Buy
2023-11-21,GREK,0.05479360610943251,Buy
2023-11-21,STI,-0.11715707771274977,Sell
2023-11-21,KMB,-0.05593280689531109,Sell
2023-11-21,BBT,-0.0014347210923642342,Sell
2023-11-21,EWI,0.05555555555555555,Buy
2023-11-21,SIRI,-0.05555555555555555,Sell
2023-11-21,ANF,0.0012475801363436775,Buy
2023-11-21,HTZ,-0.052493217930285115,Sell
2023-11-21,MS,0.05555555555555555,Buy
2023-11-21,ALK,0.05555555555555555,Buy
2023-11-21,KO,0.0005212839659725493,Buy
2023-11-21,PVH,0.054993504793233554,Buy
2023-11-21,LOW,0.05555555555555555,Buy
2023-11-21,NTES,0.054536316082918146,Buy
2023-11-21,CP,0.05555555555555555,Buy
2023-11-21,M,0.055468037267083964,Buy
2023-11-21,VZ,0.0006977577760902201,Buy
2023-11-21,CAT,-0.05523770507585652,Sell
2023-11-21,BMY,0.0005639330092537809,Buy
2023-11-22,A,0.055641329286661045,Buy
2023-11-22,CF,0.05555555555555555,Buy
2023-11-22,NVDA,0.05555555555555555,Buy
2023-11-22,DAL,-0.05571839785109056,Sell
2023-11-22,BUD,0.000655013415038902,Buy
2023-11-22,SPWR,-0.05399803367000343,Sell
2023-11-22,RRC,-0.0008470978410567362,Sell
2023-11-22,CAG,0.055866267065534346,Buy
2023-11-22,STI,0.055609913694732026,Buy
2023-11-22,BBT,0.00048028770441053276,Buy
2023-11-22,BDX,-0.05555555555555555,Sell
2023-11-22,EWI,-0.055472900379551875,Sell
2023-11-22,SIRI,0.05618322018078147,Buy
2023-11-22,ANF,0.054693472201965965,Buy
2023-11-22,CCL,-0.05555555555555555,Sell
2023-11-22,MS,-0.05562407648132985,Sell
2023-11-22,ALK,-0.05601948003996582,Sell
2023-11-22,KO,0.0004280931419724174,Buy
2023-11-22,D,-0.05555555555555555,Sell
2023-11-22,TRIP,-0.05555555555555555,Sell
2023-11-22,LOW,-0.00017228617836933385,Sell
2023-11-22,PCG,-0.05555555555555555,Sell
2023-11-22,HMC,0.05555555555555555,Buy
2023-11-22,CP,-7.786097876851666e-05,Sell
2023-11-22,OHI,0.05555555555555555,Buy
2023-11-22,VZ,0.00020364591762389583,Buy
2023-11-22,CAT,0.05555555555555555,Buy
2023-11-22,MRK,0.05555555555555555,Buy
2023-11-22,BMY,-0.05668815959197213,Sell
2023-11-24,MNST,-0.05555555555555555,Sell
2023-11-24,CNC,0.05555555555555555,Buy
2023-11-24,VWO,0.05555555555555555,Buy
2023-11-24,CF,-0.05687889220148777,Sell
2023-11-24,NVDA,0.0011623133420596843,Buy
2023-11-24,BUD,0.05582611904409522,Buy
2023-11-24,SPWR,0.05555555555555555,Buy
2023-11-24,RRC,-0.05549660430418594,Sell
2023-11-24,CAG,-0.05555555555555555,Sell
2023-11-24,DPZ,-0.05555555555555555,Sell
2023-11-24,BBT,0.05564787655219689,Buy
2023-11-24,BDX,0.05595295419847354,Buy
2023-11-24,MU,0.05555555555555555,Buy
2023-11-24,QQQ,0.05555555555555555,Buy
2023-11-24,ANF,-0.05555555555555555,Sell
2023-11-24,CCL,-0.0003220999342892633,Sell
2023-11-24,KEY,-0.05555555555555555,Sell
2023-11-24,KO,5.029320344886179e-05,Buy
2023-11-24,D,0.05583199934759943,Buy
2023-11-24,NTAP,0.05555555555555555,Buy
2023-11-24,TRIP,0.05502717874505893,Buy
2023-11-24,LOW,-0.05562831115512287,Sell
2023-11-24,PCG,0.05561776303242536,Buy
2023-11-24,HMC,-0.05619181553084934,Sell
2023-11-24,CP,-0.056400996116986,Sell
2023-11-24,OHI,-0.05593494769635858,Sell
2023-11-24,ENB,-0.05555555555555555,Sell
2023-11-24,VZ,-3.0177174172515975e-06,Sell
2023-11-24,CAT,-0.00021224157898173251,Sell
2023-11-24,MRK,-1.1522707129958676e-05,Sell
2023-11-27,MNST,0.055448632377794536,Buy
2023-11-27,CNC,-0.05571666871943964,Sell
2023-11-27,VWO,-8.744593756431635e-05,Sell
2023-11-27,HP,-0.05555555555555555,Sell
2023-11-27,NVDA,-0.056449908348753346,Sell
2023-11-27,SPWR,-0.10904703002825593,Sell
2023-11-27,NSC,0.05555555555555555,Buy
2023-11-27,ICE,0.05555555555555555,Buy
2023-11-27,CAG,0.05531593898394107,Buy
2023-11-27,STI,0.05555555555555555,Buy
2023-11-27,DPZ,0.0028776937985612525,Buy
2023-11-27,EWC,0.05555555555555555,Buy
2023-11-27,MU,-0.05637006804739047,Sell
2023-11-27,QQQ,-0.055855817432827824,Sell
2023-11-27,ANF,0.0027054360720945303,Buy
2023-11-27,CCL,0.0011637741592724071,Buy
2023-11-27,KEY,0.055550351717386405,Buy
2023-11-27,KGC,-0.05555555555555555,Sell
2023-11-27,GOLD,-0.05555555555555555,Sell
2023-11-27,TRP,0.05555555555555555,Buy
2023-11-27,KO,0.05579962917796048,Buy
2023-11-27,PVH,-0.05555555555555555,Sell
2023-11-27,NTAP,-0.05572621135101611,Sell
2023-11-27,TRIP,-0.05555555555555555,Sell
2023-11-27,HMC,0.05555555555555555,Buy
2023-11-27,CP,0.05555555555555555,Buy
2023-11-27,ENB,0.05543098236709344,Buy
2023-11-27,VZ,0.05581495841058083,Buy
2023-11-27,CAT,-0.05591140434897766,Sell
2023-11-27,MRK,-0.0001075892257945063,Sell
2023-11-28,MNST,-0.05555555555555555,Sell
2023-11-28,CNC,0.05555555555555555,Buy
2023-11-28,AMTD,-0.05555555555555555,Sell
2023-11-28,VWO,-0.05602197810801862,Sell
2023-11-28,HP,0.054725550741520766,Buy
2023-11-28,SPWR,0.05389696330936324,Buy
2023-11-28,NSC,-0.0557045634164961,Sell
2023-11-28,ICE,0.00016418936217160035,Buy
2023-11-28,RRC,0.05555555555555555,Buy
2023-11-28,STI,-0.05576934223462616,Sell
2023-11-28,DPZ,0.055740454215435754,Buy
2023-11-28,EWC,-0.055761815072897104,Sell
2023-11-28,ANF,0.0009799881769323657,Buy
2023-11-28,CCL,0.11116175807441925,Buy
2023-11-28,MAR,0.05555555555555555,Buy
2023-11-28,KGC,0.00176433809327705,Buy
2023-11-28,GOLD,0.0010409503127018632,Buy
2023-11-28,TRP,-0.11212415582853356,Sell
2023-11-28,KO,-0.05555555555555555,Sell
2023-11-28,PVH,0.0007997514993615257,Buy
2023-11-28,TRIP,0.05445507146383244,Buy
2023-11-28,HMC,0.00034436945304301,Buy
2023-11-28,CP,-0.0004993654318683413,Sell
2023-11-28,COF,-0.05555555555555555,Sell
2023-11-28,MRK,0.0006721687340010343,Buy
2023-11-28,BMY,0.05555555555555555,Buy
2023-11-29,MNST,0.0549354789300155,Buy
2023-11-29,CNC,0.0019345037619049876,Buy
2023-11-29,AMTD,0.054007614112387414,Buy
2023-11-29,ICE,-0.055463539446277785,Sell
2023-11-29,RRC,0.0006123758346023578,Buy
2023-11-29,CAG,0.05555555555555555,Buy
2023-11-29,STI,0.05555555555555555,Buy
2023-11-29,KMB,0.05555555555555555,Buy
2023-11-29,BDX,0.05555555555555555,Buy
2023-11-29,ANF,-0.0011903092470870735,Sell
2023-11-29,CCL,-0.056570177715176855,Sell
2023-11-29,MAR,0.0006389921433177098,Buy
2023-11-29,KEY,-0.05555555555555555,Sell
2023-11-29,KGC,0.05522365249706951,Buy
2023-11-29,GOLD,0.055430241817334594,Buy
2023-11-29,TRP,0.055150864665445415,Buy
2023-11-29,KO,0.055176178283495456,Buy
2023-11-29,PVH,0.0008335530324484822,Buy
2023-11-29,NTAP,-0.05555555555555555,Sell
2023-11-29,BX,-0.05555555555555555,Sell
2023-11-29,HMC,-0.05493355042897198,Sell
2023-11-29,CME,0.05555555555555555,Buy
2023-11-29,CP,-0.05635331013018464,Sell
2023-11-29,OHI,0.05555555555555555,Buy
2023-11-29,BSX,-0.05555555555555555,Sell
2023-11-29,M,-0.05555555555555555,Sell
2023-11-29,COF,0.056300211684317716,Buy
2023-11-29,MT,-0.05555555555555555,Sell
2023-11-29,VZ,-0.05555555555555555,Sell
2023-11-29,MRK,-0.05603421006841958,Sell
2023-11-29,BMY,-0.05528089184730053,Sell
2023-11-30,CNC,-0.05796494742718333,Sell
2023-11-30,AMTD,-0.05555555555555555,Sell
2023-11-30,HP,0.05555555555555555,Buy
2023-11-30,NVDA,0.05555555555555555,Buy
2023-11-30,WEN,0.05555555555555555,Buy
2023-11-30,RRC,-0.05612091750383426,Sell
2023-11-30,CAG,-0.05598176535817394,Sell
2023-11-30,STI,-0.05856192392071998,Sell
2023-11-30,KMB,-0.05633995365010617,Sell
2023-11-30,BDX,-7.1905635223162845e-06,Sell
2023-11-30,WFC,-0.05555555555555555,Sell
2023-11-30,EOG,0.05555555555555555,Buy
2023-11-30,ANF,-0.0002828811633172196,Sell
2023-11-30,MAR,4.782939687317245e-05,Buy
2023-11-30,KEY,0.055224618167065566,Buy
2023-11-30,KO,-0.05555555555555555,Sell
2023-11-30,PVH,0.003697482565689386,Buy
2023-11-30,HUM,0.05555555555555555,Buy
2023-11-30,NTAP,0.056593083699709064,Buy
2023-11-30,BX,0.05594533087322416,Buy
2023-11-30,HMC,0.05555555555555555,Buy
2023-11-30,CME,-0.05635593895115064,Sell
2023-11-30,OHI,-0.05638876883914674,Sell
2023-11-30,BSX,0.05589753253926537,Buy
2023-11-30,XLE,0.05555555555555555,Buy
2023-11-30,M,0.0006718683957666685,Buy
2023-11-30,ENB,-0.05555555555555555,Sell
2023-11-30,MT,0.00022406977543606293,Buy
2023-11-30,VZ,0.0007289169593080527,Buy
2023-12-01,AMTD,0.05664198722289372,Buy
2023-12-01,HP,-0.0006345857095932245,Sell
2023-12-01,NVDA,-0.00015191232967307067,Sell
2023-12-01,WEN,-0.0580608259076135,Sell
2023-12-01,SPWR,-0.05555555555555555,Sell
2023-12-01,STI,0.05555555555555555,Buy
2023-12-01,VTR,-0.05555555555555555,Sell
2023-12-01,BDX,-0.0006461734656637158,Sell
2023-12-01,WFC,0.056250690256624575,Buy
2023-12-01,EOG,-0.00039779665995681723,Sell
2023-12-01,ANF,0.0016187967686751917,Buy
2023-12-01,MAR,-0.05752198051534173,Sell
2023-12-01,KEY,-0.05555555555555555,Sell
2023-12-01,KO,0.05590409390316702,Buy
2023-12-01,ULTA,-0.05555555555555555,Sell
2023-12-01,PVH,0.05672764362490045,Buy
2023-12-01,HUM,-0.0569027097047843,Sell
2023-12-01,MRVL,0.05555555555555555,Buy
2023-12-01,NTES,0.05555555555555555,Buy
2023-12-01,RF,-0.05555555555555555,Sell
2023-12-01,HMC,-0.0010846101008334039,Sell
2023-12-01,XLE,-0.0004476972796064668,Sell
2023-12-01,M,0.06017471100865696,Buy
2023-12-01,ENB,0.056208732586457054,Buy
2023-12-01,ZUMZ,-0.05555555555555555,Sell
2023-12-01,MT,0.0009983225183730904,Buy
2023-12-01,VZ,0.0005212552217312011,Buy
2023-12-04,AMTD,0.05555555555555555,Buy
2023-12-04,BAX,-0.05555555555555555,Sell
2023-12-04,HP,-0.05624264673056169,Sell
2023-12-04,NVDA,-0.05428758545280908,Sell
2023-12-04,SPWR,-0.0012389277166093976,Sell
2023-12-04,STI,-0.056664364109979354,Sell
2023-12-04,VTR,0.000730144987912143,Buy
2023-12-04,BDX,-6.987007132321088e-05,Sell
2023-12-04,MU,0.05555555555555555,Buy
2023-12-04,EOG,4.171155338127813e-05,Buy
2023-12-04,QQQ,0.05555555555555555,Buy
2023-12-04,ANF,-0.00024366055702306627,Sell
2023-12-04,ORCL,0.05555555555555555,Buy
2023-12-04,CCL,-0.05555555555555555,Sell
2023-12-04,KEY,0.0011574154686793889,Buy
2023-12-04,ULTA,0.001969884841975182,Buy
2023-12-04,PVH,-0.05555555555555555,Sell
2023-12-04,HUM,-0.05555555555555555,Sell
2023-12-04,MRVL,-0.05494998737182056,Sell
2023-12-04,NTES,0.002422943466592817,Buy
2023-12-04,RF,0.05600689812483861,Buy
2023-12-04,HMC,-0.05415602564764206,Sell
2023-12-04,OHI,0.05555555555555555,Buy
2023-12-04,SYK,0.05555555555555555,Buy
2023-12-04,XLE,-0.055528748660496875,Sell
2023-12-04,ZUMZ,0.05330415664829953,Buy
2023-12-04,MT,0.05550103237015859,Buy
2023-12-04,VZ,0.055003822674274956,Buy
2023-12-05,MNST,0.05555555555555555,Buy
2023-12-05,AMTD,-0.0553733497523603,Sell
2023-12-05,BAX,0.0540341111927881,Buy
2023-12-05,SPWR,0.05618089790573392,Buy
2023-12-05,RRC,0.05555555555555555,Buy
2023-12-05,GREK,0.05555555555555555,Buy
2023-12-05,KMB,0.05555555555555555,Buy
2023-12-05,VTR,0.05539604892725974,Buy
2023-12-05,BDX,-0.05474883536126687,Sell
2023-12-05,MU,-0.05522958478718374,Sell
2023-12-05,EOG,0.00035158070049610274,Buy
2023-12-05,QQQ,-0.05581909527992882,Sell
2023-12-05,ANF,0.0004914633991319334,Buy
2023-12-05,HTZ,-0.05555555555555555,Sell
2023-12-05,ORCL,0.00047740954616434794,Buy
2023-12-05,CCL,0.0006345415427192538,Buy
2023-12-05,MAR,0.05555555555555555,Buy
2023-12-05,KEY,0.05360788110221263,Buy
2023-12-05,KO,-0.05555555555555555,Sell
2023-12-05,ULTA,-0.0004871014083168354,Sell
2023-12-05,PVH,-6.317179524509275e-05,Sell
2023-12-05,HUM,0.0010709953800224215,Buy
2023-12-05,NTES,0.0006512313427782454,Buy
2023-12-05,OHI,0.0008122118735322467,Buy
2023-12-05,SYK,-0.055595081700415064,Sell
2023-12-05,COF,-0.05555555555555555,Sell
2023-12-05,VZ,-0.05555555555555555,Sell
2023-12-06,MNST,-0.056106311801818076,Sell
2023-12-06,DAL,-0.05555555555555555,Sell
2023-12-06,BUD,0.05555555555555555,Buy
2023-12-06,SPWR,0.05555555555555555,Buy
2023-12-06,RRC,-0.05293335360451252,Sell
2023-12-06,CAG,-0.05555555555555555,Sell
2023-12-06,GREK,-0.00038657694438175294,Sell
2023-12-06,KMB,-0.056526600772563156,Sell
2023-12-06,DHI,-0.05555555555555555,Sell
2023-12-06,EWC,0.05555555555555555,Buy
2023-12-06,EOG,0.0005019930468430911,Buy
2023-12-06,SIRI,-0.05555555555555555,Sell
2023-12-06,ANF,7.665318083906192e-05,Buy
2023-12-06,HTZ,0.057279612184499985,Buy
2023-12-06,ORCL,0.0007143793573254273,Buy
2023-12-06,CCL,0.05939490267523375,Buy
2023-12-06,MAR,-0.056637497858880725,Sell
2023-12-06,KO,0.056007634024034844,Buy
2023-12-06,ULTA,0.0020338531771854004,Buy
2023-12-06,PVH,0.0007468081965465306,Buy
2023-12-06,HUM,-0.0013450324260237956,Sell
2023-12-06,NTES,-0.0004166390231648831,Sell
2023-12-06,CME,0.05555555555555555,Buy
2023-12-06,OHI,0.0005756967399255866,Buy
2023-12-06,COF,0.0553114156548182,Buy
2023-12-06,VZ,0.0006261575848490325,Buy
2023-12-07,AMTD,-0.05555555555555555,Sell
2023-12-07,DAL,0.05752044372996074,Buy
2023-12-07,BUD,-0.0558617889201027,Sell
2023-12-07,SPWR,-0.06318271597309223,Sell
2023-12-07,ICE,0.05555555555555555,Buy
2023-12-07,CAG,0.0007051869107861028,Buy
2023-12-07,GREK,0.00024473186185555024,Buy
2023-12-07,QCOM,-0.05555555555555555,Sell
2023-12-07,JNJ,0.05555555555555555,Buy
2023-12-07,NDAQ,0.05555555555555555,Buy
2023-12-07,DPZ,-0.05555555555555555,Sell
2023-12-07,DHI,0.001103150882694394,Buy
2023-12-07,EWC,-0.055492429046178286,Sell
2023-12-07,EOG,-0.054875068750323296,Sell
2023-12-07,SIRI,0.0582447652481754,Buy
2023-12-07,ANF,0.0005517506374959208,Buy
2023-12-07,ORCL,-0.0559405198306043,Sell
2023-12-07,WMB,0.05555555555555555,Buy
2023-12-07,ULTA,-0.0005545854413089996,Sell
2023-12-07,PVH,0.001032726095334599,Buy
2023-12-07,HUM,0.055122518169989455,Buy
2023-12-07,NTES,-0.0567152467940306,Sell
2023-12-07,CME,0.0006617527377756269,Buy
2023-12-07,OHI,-0.00020608763610664022,Sell
2023-12-07,XLE,0.05555555555555555,Buy
2023-12-07,VZ,0.00018498089364506198,Buy
2023-12-07,MRK,0.05555555555555555,Buy
2023-12-08,AMTD,0.05576677046506194,Buy
2023-12-08,VWO,0.05555555555555555,Buy
2023-12-08,SPWR,0.05555555555555555,Buy
2023-12-08,NSC,0.05555555555555555,Buy
2023-12-08,ICE,-0.05585613580289434,Sell
2023-12-08,CAG,0.05495432077790858,Buy
2023-12-08,GREK,-0.05567089655420768,Sell
2023-12-08,QCOM,-8.608826413045167e-05,Sell
2023-12-08,JNJ,0.0004483269436551529,Buy
2023-12-08,KMB,0.05555555555555555,Buy
2023-12-08,NDAQ,0.0002625158802015831,Buy
2023-12-08,DPZ,0.054477495702322076,Buy
2023-12-08,DHI,0.0007637202566112208,Buy
2023-12-08,ANF,0.0004065882361397946,Buy
2023-12-08,WMB,-0.056393692450456806,Sell
2023-12-08,D,-0.05555555555555555,Sell
2023-12-08,ULTA,-0.000969201637609593,Sell
2023-12-08,PVH,0.0008920785917874499,Buy
2023-12-08,HUM,-0.05555555555555555,Sell
2023-12-08,PCG,-0.05555555555555555,Sell
2023-12-08,CME,-0.0001356161705344458,Sell
2023-12-08,PRGO,0.05555555555555555,Buy
2023-12-08,OHI,-0.055438789434057216,Sell
2023-12-08,XLE,-0.056056864309548766,Sell
2023-12-08,COF,-0.05555555555555555,Sell
2023-12-08,VZ,0.054883004760809324,Buy
2023-12-08,MRK,0.00016800561263950742,Buy
2023-12-11,MNST,-0.05555555555555555,Sell
2023-12-11,AMTD,-0.05555555555555555,Sell
2023-12-11,VWO,-0.055910288765824524,Sell
2023-12-11,HYG,0.05555555555555555,Buy
2023-12-11,SPWR,-0.0013900578999872307,Sell
2023-12-11,NSC,-0.055850019125824435,Sell
2023-12-11,GREK,0.05555555555555555,Buy
2023-12-11,QCOM,0.001415776466375647,Buy
2023-12-11,JNJ,-0.05589180961150411,Sell
2023-12-11,STI,-0.05555555555555555,Sell
2023-12-11,KMB,-0.056139114661249934,Sell
2023-12-11,NDAQ,-0.05591895065569518,Sell
2023-12-11,DHI,0.00028244365677029815,Buy
2023-12-11,ANF,0.002214529068664893,Buy
2023-12-11,CCL,0.05555555555555555,Buy
2023-12-11,KGC,0.05555555555555555,Buy
2023-12-11,WMB,0.05555555555555555,Buy
2023-12-11,KO,-0.05555555555555555,Sell
2023-12-11,D,0.055848653227217555,Buy
2023-12-11,ULTA,0.00016097957775755567,Buy
2023-12-11,PVH,0.0012521090409483848,Buy
2023-12-11,HUM,0.0550821039330427,Buy
2023-12-11,PCG,0.05572431954993035,Buy
2023-12-11,CME,-0.05666324816497426,Sell
2023-12-11,CLX,0.05555555555555555,Buy
2023-12-11,PRGO,0.0007579780959538485,Buy
2023-12-11,COF,0.056000496220551484,Buy
2023-12-11,VZ,0.05555555555555555,Buy
2023-12-11,MRK,-0.055993753186865974,Sell
2023-12-12,MNST,0.05626592821352472,Buy
2023-12-12,AMTD,0.05479785973243397,Buy
2023-12-12,DAL,-0.05555555555555555,Sell
2023-12-12,HYG,-0.05584638867971813,Sell
2023-12-12,SPWR,-0.053207667590242244,Sell
2023-12-12,GREK,-0.056674440816691256,Sell
2023-12-12,QCOM,0.00040331869887754584,Buy
2023-12-12,STI,0.10747329547887673,Buy
2023-12-12,DPZ,-0.05555555555555555,Sell
2023-12-12,DHI,0.0005269066163922087,Buy
2023-12-12,EWC,0.05555555555555555,Buy
2023-12-12,WFC,-0.05555555555555555,Sell
2023-12-12,EOG,0.05555555555555555,Buy
2023-12-12,ANF,0.0014559944379050754,Buy
2023-12-12,CCL,-0.05632193437622354,Sell
2023-12-12,KGC,0.0009056938371229117,Buy
2023-12-12,WMB,-0.05495482336816602,Sell
2023-12-12,TRP,0.05555555555555555,Buy
2023-12-12,KO,0.0560800504957376,Buy
2023-12-12,ULTA,0.0013653999448658902,Buy
2023-12-12,PVH,0.0005592280233298053,Buy
2023-12-12,CME,0.05555555555555555,Buy
2023-12-12,CLX,-0.056648718595356605,Sell
2023-12-12,PRGO,0.0005595272697391657,Buy
2023-12-12,COF,-0.05555555555555555,Sell
2023-12-12,ENB,0.05555555555555555,Buy
2023-12-12,VZ,0.0003814218470180597,Buy
2023-12-13,HP,0.05555555555555555,Buy
2023-12-13,NVDA,0.05555555555555555,Buy
2023-12-13,DAL,0.055691943280643114,Buy
2023-12-13,QCOM,0.0566244165951914,Buy
2023-12-13,JNJ,0.05555555555555555,Buy
2023-12-13,STI,-0.10680552337911314,Sell
2023-12-13,DPZ,0.0010457028170980515,Buy
2023-12-13,DHI,0.0019469769401818035,Buy
2023-12-13,EWC,-0.0571487411228358,Sell
2023-12-13,WFC,0.0017518521518126856,Buy
2023-12-13,EOG,-0.0005878173321880939,Sell
2023-12-13,ANF,0.055913095183610866,Buy
2023-12-13,ORCL,0.05555555555555555,Buy
2023-12-13,KGC,-0.05953646345835486,Sell
2023-12-13,TRP,-0.05673957998084488,Sell
2023-12-13,D,-0.05555555555555555,Sell
2023-12-13,ULTA,0.00021416319904023207,Buy
2023-12-13,PVH,0.0010358427018946556,Buy
2023-12-13,HUM,0.05555555555555555,Buy
2023-12-13,BX,-0.05555555555555555,Sell
2023-12-13,HMC,0.05555555555555555,Buy
2023-12-13,CME,4.860460233400976e-05,Buy
2023-12-13,PRGO,-0.05792721204267357,Sell
2023-12-13,COF,0.002428990733432751,Buy
2023-12-13,ENB,-0.05704581240265191,Sell
2023-12-13,VZ,0.0002594392812309762,Buy
2023-12-14,HP,-0.05867956566368491,Sell
2023-12-14,NVDA,-0.056769904243873064,Sell
2023-12-14,BUD,0.05555555555555555,Buy
2023-12-14,SPWR,-0.05555555555555555,Sell
2023-12-14,QCOM,-0.05555555555555555,Sell
2023-12-14,JNJ,-0.05685372137870925,Sell
2023-12-14,STI,0.11371287976497188,Buy
2023-12-14,KMB,0.05555555555555555,Buy
2023-12-14,TRV,0.05555555555555555,Buy
2023-12-14,DPZ,0.05663943192327701,Buy
2023-12-14,DHI,0.004415804221012877,Buy
2023-12-14,WFC,0.004157800352631823,Buy
2023-12-14,EOG,-0.0582095312664341,Sell
2023-12-14,ORCL,0.0005625324485140637,Buy
2023-12-14,KO,0.05555555555555555,Buy
2023-12-14,D,0.056108470127493565,Buy
2023-12-14,ULTA,0.0010796273264694345,Buy
2023-12-14,PVH,0.002911631942518478,Buy
2023-12-14,HUM,0.0012958194821593577,Buy
2023-12-14,BX,0.060573769556356995,Buy
2023-12-14,NTES,0.05555555555555555,Buy
2023-12-14,RF,-0.05555555555555555,Sell
2023-12-14,HMC,-0.05528214319053453,Sell
2023-12-14,CME,-0.00011208931951134371,Sell
2023-12-14,COF,0.00276187518857305,Buy
2023-12-14,MT,-0.05555555555555555,Sell
2023-12-14,VZ,-0.057805533290109734,Sell
2023-12-15,BUD,-0.00024046599334294483,Sell
2023-12-15,SPWR,0.05354708176927014,Buy
2023-12-15,GREK,0.05555555555555555,Buy
2023-12-15,QCOM,0.001136016737285389,Buy
2023-12-15,STI,0.008916314857165097,Buy
2023-12-15,KMB,0.00015893251314792745,Buy
2023-12-15,TRV,-0.056058215336766935,Sell
2023-12-15,DHI,-0.0006149391958036182,Sell
2023-12-15,EBAY,0.05555555555555555,Buy
2023-12-15,WFC,0.0002684810485948583,Buy
2023-12-15,EWI,0.05555555555555555,Buy
2023-12-15,ORCL,-0.05772772251026274,Sell
2023-12-15,KO,-0.05562825329880565,Sell
2023-12-15,ULTA,3.7156579451878835e-05,Buy
2023-12-15,PVH,0.0012380511290346619,Buy
2023-12-15,HUM,0.00041652002318781634,Buy
2023-12-15,WSM,-0.05555555555555555,Sell
2023-12-15,BX,-0.05555555555555555,Sell
2023-12-15,NTES,-0.055214164720303875,Sell
2023-12-15,RF,0.00029022208068830296,Buy
2023-12-15,CME,0.00042432568384925123,Buy
2023-12-15,OHI,0.05555555555555555,Buy
2023-12-15,COF,0.0006986088139619082,Buy
2023-12-15,MT,0.055778476697995266,Buy
2023-12-18,MET,0.05555555555555555,Buy
2023-12-18,BUD,-0.0550490067142133,Sell
2023-12-18,SPWR,-0.05555555555555555,Sell
2023-12-18,GREK,-0.05538528190189117,Sell
2023-12-18,QCOM,0.0541850640507739,Buy
2023-12-18,STI,-0.0596444336629388,Sell
2023-12-18,KMB,-0.05527837207026247,Sell
2023-12-18,DPZ,-0.05555555555555555,Sell
2023-12-18,DHI,-0.0013551033293981302,Sell
2023-12-18,BDX,0.05555555555555555,Buy
2023-12-18,EBAY,-0.05576100295690803,Sell
2023-12-18,WFC,0.05404382326745717,Buy
2023-12-18,EWI,0.0006251518067184117,Buy
2023-12-18,ANF,-0.05555555555555555,Sell
2023-12-18,WMB,0.05555555555555555,Buy
2023-12-18,ULTA,-0.0010442716793538157,Sell
2023-12-18,PVH,-0.0007211752998772247,Sell
2023-12-18,HUM,0.0009740173353425044,Buy
2023-12-18,WSM,0.053414246726389156,Buy
2023-12-18,BX,0.053308057619343686,Buy
2023-12-18,PCG,0.05555555555555555,Buy
2023-12-18,RF,0.05362983830319009,Buy
2023-12-18,HMC,0.05555555555555555,Buy
2023-12-18,CME,-0.00037686350175793887,Sell
2023-12-18,OHI,0.0004668163993473834,Buy
2023-12-18,M,-0.05555555555555555,Sell
2023-12-18,COF,-0.0006776955883096222,Sell
2023-12-18,MT,-0.05555555555555555,Sell
2023-12-19,MET,-0.056912446390746996,Sell
2023-12-19,AMTD,0.05555555555555555,Buy
2023-12-19,BUD,-0.05555555555555555,Sell
2023-12-19,SPWR,0.11556697851625554,Buy
2023-12-19,QCOM,-0.05555555555555555,Sell
2023-12-19,KMB,0.05555555555555555,Buy
2023-12-19,DPZ,0.05638788967296311,Buy
2023-12-19,DHI,0.000962432119632331,Buy
2023-12-19,BDX,-0.0010274508359246967,Sell
2023-12-19,EWI,-0.05649786117179034,Sell
2023-12-19,ANF,0.003112491330237166,Buy
2023-12-19,WMB,-0.0009415629824284025,Sell
2023-12-19,ULTA,0.0004542098310557144,Buy
2023-12-19,PVH,0.002041182581884564,Buy
2023-12-19,HUM,-0.05633244111135094,Sell
2023-12-19,BX,-0.05555555555555555,Sell
2023-12-19,PCG,-0.05686932693115957,Sell
2023-12-19,NTES,0.05555555555555555,Buy
2023-12-19,HMC,-0.0010580882009398399,Sell
2023-12-19,CME,-0.0008113558945615079,Sell
2023-12-19,OHI,-0.00045364642984385,Sell
2023-12-19,M,0.0564583925941645,Buy
2023-12-19,COF,0.0010078256967159527,Buy
2023-12-19,MT,0.000852087331828337,Buy
2023-12-20,CNC,0.05555555555555555,Buy
2023-12-20,PPG,0.05555555555555555,Buy
2023-12-20,AMTD,-0.055087010228792456,Sell
2023-12-20,VWO,0.05555555555555555,Buy
2023-12-20,A,-0.05555555555555555,Sell
2023-12-20,HOG,-0.05555555555555555,Sell
2023-12-20,BUD,0.054542984261184306,Buy
2023-12-20,SPWR,-0.05273721585888949,Sell
2023-12-20,CAG,0.05555555555555555,Buy
2023-12-20,QCOM,0.05431403499132692,Buy
2023-12-20,JNJ,0.05555555555555555,Buy
2023-12-20,KMB,0.0010660772225656312,Buy
2023-12-20,DHI,-0.0004758973970271571,Sell
2023-12-20,BDX,-0.05520887610267803,Sell
2023-12-20,EWI,0.05555555555555555,Buy
2023-12-20,ANF,-0.0008141177686392873,Sell
2023-12-20,GOLD,-0.05555555555555555,Sell
2023-12-20,WMB,-0.0547612367969197,Sell
2023-12-20,KO,0.05555555555555555,Buy
2023-12-20,ULTA,-0.0015048043544693898,Sell
2023-12-20,PVH,-0.0012859564304579865,Sell
2023-12-20,WSM,-0.05555555555555555,Sell
2023-12-20,BX,-0.001108102084575617,Sell
2023-12-20,NTES,-0.054770539351229684,Sell
2023-12-20,HMC,-0.05572331492378097,Sell
2023-12-20,CME,-0.054898806448112014,Sell
2023-12-20,OHI,-0.054840374879565654,Sell
2023-12-20,BSX,0.05555555555555555,Buy
2023-12-20,COF,0.05379679266093458,Buy
2023-12-20,MT,0.05414933686424113,Buy
2023-12-21,CNC,-0.05673294569278784,Sell
2023-12-21,PPG,-0.05635095310350556,Sell
2023-12-21,VWO,-0.05688984334003626,Sell
2023-12-21,A,0.056112490547807765,Buy
2023-12-21,HOG,0.002330614118324817,Buy
2023-12-21,WEN,0.05555555555555555,Buy
2023-12-21,SPWR,-0.05555555555555555,Sell
2023-12-21,CAG,-0.00046645781901510225,Sell
2023-12-21,JNJ,-0.0008216316194552264,Sell
2023-12-21,KMB,-0.0005459323778174846,Sell
2023-12-21,DHI,0.0006011431830198824,Buy
2023-12-21,MU,-0.05555555555555555,Sell
2023-12-21,EOG,0.05555555555555555,Buy
2023-12-21,EWI,-0.05662869196109064,Sell
2023-12-21,ANF,0.0022987084420498863,Buy
2023-12-21,CCL,-0.05555555555555555,Sell
2023-12-21,GOLD,0.05756056427302045,Buy
2023-12-21,KO,-0.0006180959657711288,Sell
2023-12-21,ULTA,0.00023831286726239131,Buy
2023-12-21,PVH,0.0011443764438025875,Buy
2023-12-21,WSM,0.05671404996716942,Buy
2023-12-21,BX,0.0015953461553932166,Buy
2023-12-21,PCG,0.05555555555555555,Buy
2023-12-21,HMC,0.05555555555555555,Buy
2023-12-21,OHI,0.05555555555555555,Buy
2023-12-21,BSX,-0.05648561688156365,Sell
2023-12-22,HOG,0.05560944766301459,Buy
2023-12-22,NVDA,0.05555555555555555,Buy
2023-12-22,WEN,-0.00019195112186123214,Sell
2023-12-22,DAL,-0.05555555555555555,Sell
2023-12-22,HYG,0.05555555555555555,Buy
2023-12-22,SPWR,0.003679404576109546,Buy
2023-12-22,CAG,-0.05594938989145658,Sell
2023-12-22,GREK,0.05555555555555555,Buy
2023-12-22,QCOM,-0.05555555555555555,Sell
2023-12-22,JNJ,-0.05580103475473364,Sell
2023-12-22,STI,-0.05555555555555555,Sell
2023-12-22,KMB,-0.055941471100766624,Sell
2023-12-22,DHI,-0.00012126478752642195,Sell
2023-12-22,MU,0.0006796082233575043,Buy
2023-12-22,EOG,-0.056124716558259534,Sell
2023-12-22,ANF,-0.0003408794258459927,Sell
2023-12-22,CCL,0.05482546083327836,Buy
2023-12-22,KO,-0.055894759990903105,Sell
2023-12-22,ULTA,-0.0006882935922672417,Sell
2023-12-22,PVH,-0.00031496048192845155,Sell
2023-12-22,HUM,0.05555555555555555,Buy
2023-12-22,BX,0.05624556403232815,Buy
2023-12-22,PCG,-0.056087794105448494,Sell
2023-12-22,NTES,0.05555555555555555,Buy
2023-12-22,HMC,-7.749204007655858e-05,Sell
2023-12-22,OHI,1.3261574636526385e-05,Buy
2023-12-22,M,0.05555555555555555,Buy
2023-12-26,NVDA,-0.0005916075771949456,Sell
2023-12-26,WEN,-0.0003049387229880768,Sell
2023-12-26,DAL,0.05513510938681182,Buy
2023-12-26,HYG,-0.05574330699774563,Sell
2023-12-26,SPWR,0.06147389873370578,Buy
2023-12-26,GREK,-0.0557971564649727,Sell
2023-12-26,QCOM,0.0008438705444662117,Buy
2023-12-26,STI,0.053993022087246906,Buy
2023-12-26,KMB,0.05555555555555555,Buy
2023-12-26,DHI,0.0003657604733381878,Buy
2023-12-26,MU,0.05600225045757876,Buy
2023-12-26,QQQ,-0.05555555555555555,Sell
2023-12-26,ANF,-0.0005329263576879656,Sell
2023-12-26,DLTR,-0.05555555555555555,Sell
2023-12-26,ULTA,0.0007905966889664787,Buy
2023-12-26,PVH,0.0004341471111753495,Buy
2023-12-26,HUM,-3.46138705601684e-05,Sell
2023-12-26,NTES,-0.0029748082292606268,Sell
2023-12-26,HMC,-9.823124450066001e-05,Sell
2023-12-26,CME,0.05555555555555555,Buy
2023-12-26,OHI,0.00033677509913896536,Buy
2023-12-26,M,-0.056554052203532594,Sell
2023-12-26,COF,-0.05555555555555555,Sell
2023-12-26,CAT,-0.05555555555555555,Sell
2023-12-26,BMY,0.05555555555555555,Buy
2023-12-27,NVDA,-0.056072430819613266,Sell
2023-12-27,WEN,0.000483937382560827,Buy
2023-12-27,QCOM,0.0004602299396293322,Buy
2023-12-27,STI,0.05555555555555555,Buy
2023-12-27,KMB,-0.05601827984877591,Sell
2023-12-27,DHI,0.0007461244229746422,Buy
2023-12-27,QQQ,0.0004741188303490837,Buy
2023-12-27,ANF,0.0002564657047914795,Buy
2023-12-27,DLTR,0.0010911323205525097,Buy
2023-12-27,CCL,0.05555555555555555,Buy
2023-12-27,ULTA,0.0010490127696704335,Buy
2023-12-27,PVH,0.0009756943880149804,Buy
2023-12-27,HUM,-0.00018618370277097285,Sell
2023-12-27,PCG,0.05555555555555555,Buy
2023-12-27,NTES,0.002411237696185259,Buy
2023-12-27,HMC,-0.00019581836461357582,Sell
2023-12-27,CME,-0.056180003347162354,Sell
2023-12-27,OHI,-0.0009475244290309201,Sell
2023-12-27,COF,0.0005399250916613765,Buy
2023-12-27,VZ,0.05555555555555555,Buy
2023-12-27,CAT,0.0008312453792798935,Buy
2023-12-27,BMY,-0.05565500235314003,Sell
2023-12-28,WEN,-0.05480586809656823,Sell
2023-12-28,ICE,-0.05555555555555555,Sell
2023-12-28,GREK,0.05555555555555555,Buy
2023-12-28,QCOM,0.05497087846499691,Buy
2023-12-28,STI,-0.06319030986215579,Sell
2023-12-28,DHI,0.055001366875574,Buy
2023-12-28,EOG,0.05555555555555555,Buy
2023-12-28,QQQ,-0.0006641281401701393,Sell
2023-12-28,ANF,-0.001466700346946577,Sell
2023-12-28,DLTR,-0.0004632002624024231,Sell
2023-12-28,CCL,-0.05530319767246693,Sell
2023-12-28,KGC,0.05555555555555555,Buy
2023-12-28,WMB,0.05555555555555555,Buy
2023-12-28,ULTA,-0.0002305986571266433,Sell
2023-12-28,PVH,0.05500289465035092,Buy
2023-12-28,RL,-0.05555555555555555,Sell
2023-12-28,HUM,1.8817723209385573e-05,Buy
2023-12-28,BX,-0.05555555555555555,Sell
2023-12-28,PCG,0.00017774765893875666,Buy
2023-12-28,NTES,-0.00040915615873986927,Sell
2023-12-28,HMC,0.00038542667630731,Buy
2023-12-28,OHI,0.00015585940858172526,Buy
2023-12-28,COF,-0.00027311717373906114,Sell
2023-12-28,VZ,-0.055183074200054825,Sell
2023-12-28,CAT,-0.0008658561064848816,Sell
2023-12-29,A,-0.05555555555555555,Sell
2023-12-29,HYG,0.05555555555555555,Buy
2023-12-29,ICE,0.05521977066509712,Buy
2023-12-29,GREK,-0.05529287173335185,Sell
2023-12-29,STI,0.05555555555555555,Buy
2023-12-29,DHI,-0.05555555555555555,Sell
2023-12-29,EOG,0.0004358658121508818,Buy
2023-12-29,QQQ,0.055053579471617715,Buy
2023-12-29,ANF,0.0541932795916359,Buy
2023-12-29,DLTR,-0.00035594230749907974,Sell
2023-12-29,MS,-0.05555555555555555,Sell
2023-12-29,KGC,-0.05502004863795485,Sell
2023-12-29,WMB,0.00042097570903613935,Buy
2023-12-29,ULTA,9.507685849079878e-05,Buy
2023-12-29,RL,0.05472363252925951,Buy
2023-12-29,HUM,-4.305276754101861e-06,Sell
2023-12-29,BX,-0.0011805690688063974,Sell
2023-12-29,PCG,0.00038506086605773204,Buy
2023-12-29,NTES,-0.05768292394154493,Sell
2023-12-29,HMC,-0.0002063552129275073,Sell
2023-12-29,CME,0.05555555555555555,Buy
2023-12-29,OHI,0.0009747559368121494,Buy
2023-12-29,SYK,-0.05555555555555555,Sell
2023-12-29,BSX,-0.05555555555555555,Sell
2023-12-29,COF,0.05491591652221582,Buy
2023-12-29,CAT,-0.0004880289087780612,Sell
2024-01-02,MET,-0.05555555555555555,Sell
2024-01-02,PPG,0.05555555555555555,Buy
2024-01-02,A,0.055432893809258664,Buy
2024-01-02,HYG,0.00019742947880641015,Buy
2024-01-02,SPWR,0.05555555555555555,Buy
2024-01-02,QCOM,0.05555555555555555,Buy
2024-01-02,STI,-0.050495235190128634,Sell
2024-01-02,NDAQ,0.05555555555555555,Buy
2024-01-02,DHI,0.05477727311832593,Buy
2024-01-02,EOG,-0.055843262544507506,Sell
2024-01-02,EWI,0.05555555555555555,Buy
2024-01-02,ANF,-0.05555555555555555,Sell
2024-01-02,DLTR,0.00018080039929863762,Buy
2024-01-02,CCL,0.05555555555555555,Buy
2024-01-02,MS,0.0003763782683916181,Buy
2024-01-02,WMB,-0.05664514205969192,Sell
2024-01-02,ULTA,-0.0003939507054586816,Sell
2024-01-02,RL,-0.05555555555555555,Sell
2024-01-02,HUM,-0.057035881236241384,Sell
2024-01-02,NTAP,0.05555555555555555,Buy
2024-01-02,WSM,-0.05555555555555555,Sell
2024-01-02,BX,0.054420459451129014,Buy
2024-01-02,PCG,-0.05560636232000875,Sell
2024-01-02,HMC,-0.055329124718340776,Sell
2024-01-02,CME,-0.055183414658490144,Sell
2024-01-02,OHI,-0.0003334117321137503,Sell
2024-01-02,SYK,0.05494565893042472,Buy
2024-01-02,BSX,0.055573582008190646,Buy
2024-01-02,COF,-0.05555555555555555,Sell
2024-01-02,CAT,0.054988680853767735,Buy
2024-01-02,MRK,-0.05555555555555555,Sell
2024-01-03,MET,0.05514643555929961,Buy
2024-01-03,PPG,-0.05471172273157824,Sell
2024-01-03,A,0.05555555555555555,Buy
2024-01-03,HYG,0.00037081099667517214,Buy
2024-01-03,SPWR,-0.05679159099715317,Sell
2024-01-03,QCOM,0.0012579586128219147,Buy
2024-01-03,NDAQ,-0.054450421573471304,Sell
2024-01-03,BDX,0.05555555555555555,Buy
2024-01-03,EBAY,-0.05555555555555555,Sell
2024-01-03,EWI,0.0010578205910933766,Buy
2024-01-03,ANF,0.053997032396047855,Buy
2024-01-03,HTZ,-0.05555555555555555,Sell
2024-01-03,DLTR,0.05307602073999218,Buy
2024-01-03,CCL,0.0032285615972081627,Buy
2024-01-03,MS,0.05416269662255842,Buy
2024-01-03,KGC,0.05555555555555555,Buy
2024-01-03,TRP,-0.05555555555555555,Sell
2024-01-03,D,-0.05555555555555555,Sell
2024-01-03,ULTA,-0.001674584492983737,Sell
2024-01-03,RL,0.0540318817876363,Buy
2024-01-03,NTAP,-0.05539958048286222,Sell
2024-01-03,WSM,0.052951175350028155,Buy
2024-01-03,LOW,0.05555555555555555,Buy
2024-01-03,DUK,-0.05555555555555555,Sell
2024-01-03,CME,0.05555555555555555,Buy
2024-01-03,OHI,-0.05474348555537187,Sell
2024-01-03,COF,0.05475320158769196,Buy
2024-01-03,ENB,-0.05555555555555555,Sell
2024-01-03,VZ,-0.05555555555555555,Sell
2024-01-03,MRK,0.0005274908642658171,Buy
2024-01-04,AMTD,-0.05555555555555555,Sell
2024-01-04,A,0.00018483787438618865,Buy
2024-01-04,HYG,0.00033341256265520536,Buy
2024-01-04,SPWR,-0.05555555555555555,Sell
2024-01-04,QCOM,0.0006933626703475443,Buy
2024-01-04,STI,-0.05555555555555555,Sell
2024-01-04,TRV,-0.05555555555555555,Sell
2024-01-04,BDX,-0.05600087368359915,Sell
2024-01-04,EBAY,0.05413989288209074,Buy
2024-01-04,EOG,0.05555555555555555,Buy
2024-01-04,EWI,-0.056056552840881936,Sell
2024-01-04,ANF,-0.05555555555555555,Sell
2024-01-04,HTZ,0.05607094042149342,Buy
2024-01-04,CCL,-0.1126892628859669,Sell
2024-01-04,TSM,0.05555555555555555,Buy
2024-01-04,KGC,-0.00027048627533207,Sell
2024-01-04,TRP,0.05573300931743408,Buy
2024-01-04,D,0.05517505477603969,Buy
2024-01-04,ULTA,-0.0006905222141623327,Sell
2024-01-04,NTAP,-0.05555555555555555,Sell
2024-01-04,LOW,0.00039144153260212144,Buy
2024-01-04,PCG,0.05555555555555555,Buy
2024-01-04,DUK,0.05527560864226606,Buy
2024-01-04,CME,-0.055804431447905374,Sell
2024-01-04,OHI,0.05555555555555555,Buy
2024-01-04,M,-0.05555555555555555,Sell
2024-01-04,ENB,0.05548394602233591,Buy
2024-01-04,VZ,0.0557356363996982,Buy
2024-01-04,MRK,0.05652035316396605,Buy
2024-01-05,AMTD,-0.00012733946117042538,Sell
2024-01-05,BAX,-0.05555555555555555,Sell
2024-01-05,A,-0.05524205008110429,Sell
2024-01-05,DAL,-0.05555555555555555,Sell
2024-01-05,HYG,8.393471607831549e-05,Buy
2024-01-05,SPWR,-0.0029881479741559053,Sell
2024-01-05,CAG,0.05555555555555555,Buy
2024-01-05,QCOM,-0.00010061513360413998,Sell
2024-01-05,STI,5.499019703479602e-05,Buy
2024-01-05,NDAQ,0.05555555555555555,Buy
2024-01-05,TRV,0.05558079599711407,Buy
2024-01-05,EOG,0.000420468391005728,Buy
2024-01-05,ANF,0.054253737685747865,Buy
2024-01-05,CCL,0.0570071842688253,Buy
2024-01-05,TSM,-0.055696606681800105,Sell
2024-01-05,KEY,-0.05555555555555555,Sell
2024-01-05,KGC,0.0006084902073862294,Buy
2024-01-05,ULTA,0.00013270715018089824,Buy
2024-01-05,HUM,0.05555555555555555,Buy
2024-01-05,NTAP,0.0547905945939564,Buy
2024-01-05,LOW,-0.055766737987340706,Sell
2024-01-05,PCG,-0.05599157927565781,Sell
2024-01-05,CME,0.05555555555555555,Buy
2024-01-05,OHI,0.0003635205717250761,Buy
2024-01-05,M,-9.280751862066061e-06,Sell
2024-01-05,COF,-0.05555555555555555,Sell
2024-01-08,AMTD,0.05521568294581008,Buy
2024-01-08,BAX,0.0021132202335504766,Buy
2024-01-08,VWO,0.05555555555555555,Buy
2024-01-08,CF,0.05555555555555555,Buy
2024-01-08,DAL,0.001465055350554051,Buy
2024-01-08,HYG,-0.05583902349043481,Sell
2024-01-08,SPWR,0.05666085161422795,Buy
2024-01-08,CAG,-0.0565511911090066,Sell
2024-01-08,QCOM,-0.05646170296033269,Sell
2024-01-08,STI,-0.005161952691300993,Sell
2024-01-08,NDAQ,-0.05656497177108912,Sell
2024-01-08,EOG,0.0012318318395291225,Buy
2024-01-08,ANF,-0.05555555555555555,Sell
2024-01-08,KEY,0.055755201097500304,Buy
2024-01-08,KGC,0.00022240517154269168,Buy
2024-01-08,ULTA,0.0013675780900243087,Buy
2024-01-08,PVH,-0.05555555555555555,Sell
2024-01-08,HUM,-0.00027137230375123833,Sell
2024-01-08,WSM,-0.05555555555555555,Sell
2024-01-08,PCG,0.05555555555555555,Buy
2024-01-08,CME,-0.00022854568093078065,Sell
2024-01-08,OHI,-0.0005752376638931828,Sell
2024-01-08,XLE,0.05555555555555555,Buy
2024-01-08,M,0.0008277216401141596,Buy
2024-01-08,COF,0.05606858808885146,Buy
2024-01-08,ENB,-0.05555555555555555,Sell
2024-01-09,BAX,0.055508885098836315,Buy
2024-01-09,VWO,0.0006764041156562747,Buy
2024-01-09,CF,-0.05495461847106046,Sell
2024-01-09,DAL,0.0008872446085356825,Buy
2024-01-09,STI,-0.00550904726748197,Sell
2024-01-09,DPZ,-0.05555555555555555,Sell
2024-01-09,VTR,0.05555555555555555,Buy
2024-01-09,BDX,0.05555555555555555,Buy
2024-01-09,EOG,0.0008344847896362625,Buy
2024-01-09,ANF,0.0542472845430018,Buy
2024-01-09,ILMN,-0.05555555555555555,Sell
2024-01-09,KGC,0.0009112434552341134,Buy
2024-01-09,TRP,0.05555555555555555,Buy
2024-01-09,ULTA,0.00020840408312191444,Buy
2024-01-09,PVH,3.1342771820513926e-05,Buy
2024-01-09,HUM,-0.05534900880377748,Sell
2024-01-09,NTAP,-0.05555555555555555,Sell
2024-01-09,WSM,-0.0002251333657592655,Sell
2024-01-09,TRIP,0.05555555555555555,Buy
2024-01-09,PCG,-0.05555329792710271,Sell
2024-01-09,CME,0.0008709496416489104,Buy
2024-01-09,OHI,-0.0544377702593274,Sell
2024-01-09,XLE,-0.05463363984438381,Sell
2024-01-09,M,-0.0002073573230279846,Sell
2024-01-09,ENB,0.0547615560791846,Buy
2024-01-09,MT,0.05555555555555555,Buy
2024-01-10,VWO,0.00019001187142659443,Buy
2024-01-10,DAL,0.055145847888020814,Buy
2024-01-10,BUD,-0.05555555555555555,Sell
2024-01-10,STI,-0.001689601920224021,Sell
2024-01-10,HAS,-0.05555555555555555,Sell
2024-01-10,DPZ,0.0004044450031866903,Buy
2024-01-10,VTR,-0.05590345780073677,Sell
2024-01-10,DHI,-0.05555555555555555,Sell
2024-01-10,BDX,1.8839600033071502e-06,Buy
2024-01-10,EOG,0.0006503797465172156,Buy
2024-01-10,ANF,-0.05555555555555555,Sell
2024-01-10,ILMN,0.055773818629550956,Buy
2024-01-10,KGC,-0.055717745487716894,Sell
2024-01-10,WMB,0.05555555555555555,Buy
2024-01-10,TRP,-0.05556100612476542,Sell
2024-01-10,ULTA,-0.0006088686790398784,Sell
2024-01-10,PVH,0.0006629055474725309,Buy
2024-01-10,HUM,0.05555555555555555,Buy
2024-01-10,NTAP,0.0002452081183201629,Buy
2024-01-10,WSM,0.055242354127753815,Buy
2024-01-10,NWSA,0.05555555555555555,Buy
2024-01-10,TRIP,-0.0008375828746206015,Sell
2024-01-10,CME,-7.338272112061839e-05,Sell
2024-01-10,M,0.0552172027529626,Buy
2024-01-10,COF,0.05555555555555555,Buy
2024-01-10,MT,-0.05579018441948273,Sell
2024-01-11,VWO,-0.05752278242221277,Sell
2024-01-11,BUD,0.05640508167135068,Buy
2024-01-11,STI,0.08515180132255488,Buy
2024-01-11,HAS,0.05586881674504489,Buy
2024-01-11,TRV,-0.05555555555555555,Sell
2024-01-11,DPZ,0.001401821424714636,Buy
2024-01-11,DHI,0.0018946037001171812,Buy
2024-01-11,BDX,-0.05646277430295796,Sell
2024-01-11,EOG,-0.05727466729274065,Sell
2024-01-11,ANF,0.0027428155861102185,Buy
2024-01-11,ILMN,-0.05555555555555555,Sell
2024-01-11,WMB,-0.0009924491034718763,Sell
2024-01-11,TRP,0.05555555555555555,Buy
2024-01-11,D,0.05555555555555555,Buy
2024-01-11,ULTA,0.0019527718765230198,Buy
2024-01-11,PVH,0.0019249259030860444,Buy
2024-01-11,HUM,-0.0567693316099112,Sell
2024-01-11,NTAP,0.05747132058595914,Buy
2024-01-11,WSM,-0.05555555555555555,Sell
2024-01-11,NWSA,-0.057350674525134676,Sell
2024-01-11,TRIP,-0.0004261290329121842,Sell
2024-01-11,MRVL,-0.05555555555555555,Sell
2024-01-11,PCG,0.05555555555555555,Buy
2024-01-11,DUK,0.05555555555555555,Buy
2024-01-11,CME,-0.05686559387494356,Sell
2024-01-11,COF,-0.057013100729404666,Sell
2024-01-11,ENB,0.05555555555555555,Buy
2024-01-11,MT,0.05555555555555555,Buy
2024-01-11,VZ,0.05555555555555555,Buy
2024-01-12,CF,0.05555555555555555,Buy
2024-01-12,SPWR,-0.05555555555555555,Sell
2024-01-12,TRV,0.0554835591192365,Buy
2024-01-12,DPZ,-0.00033489920526558886,Sell
2024-01-12,VTR,-0.05555555555555555,Sell
2024-01-12,DHI,0.05490965429390177,Buy
2024-01-12,WFC,0.05555555555555555,Buy
2024-01-12,EWI,-0.05555555555555555,Sell
2024-01-12,ANF,-0.0011889538668942226,Sell
2024-01-12,CCL,0.05555555555555555,Buy
2024-01-12,KEY,0.05555555555555555,Buy
2024-01-12,ILMN,0.05412328996550055,Buy
2024-01-12,WMB,-0.055510319446116646,Sell
2024-01-12,TRP,-0.0554282215679923,Sell
2024-01-12,D,-0.055545984119500666,Sell
2024-01-12,ULTA,-0.00035365282675861587,Sell
2024-01-12,PVH,0.05389065411538895,Buy
2024-01-12,RL,0.05555555555555555,Buy
2024-01-12,HUM,0.05555555555555555,Buy
2024-01-12,WSM,0.00017488449603639267,Buy
2024-01-12,TRIP,-0.05447964304364731,Sell
2024-01-12,MRVL,-0.00042726169631860517,Sell
2024-01-12,PCG,0.00045657443050414054,Buy
2024-01-12,DUK,-0.05603328665334009,Sell
2024-01-12,OHI,0.05555555555555555,Buy
2024-01-12,SYK,-0.05555555555555555,Sell
2024-01-12,M,0.05555555555555555,Buy
2024-01-12,ENB,-0.055619933085057714,Sell
2024-01-12,MT,-0.05522561078866253,Sell
2024-01-12,VZ,-0.056250580742050346,Sell
2024-01-16,BAX,0.05555555555555555,Buy
2024-01-16,CF,-0.05512028740825148,Sell
2024-01-16,HYG,0.05555555555555555,Buy
2024-01-16,BUD,0.05555555555555555,Buy
2024-01-16,SPWR,-0.001913748989195413,Sell
2024-01-16,QCOM,-0.05555555555555555,Sell
2024-01-16,STI,-0.05555555555555555,Sell
2024-01-16,DPZ,0.0022910974936625403,Buy
2024-01-16,VTR,0.05613138614239745,Buy
2024-01-16,EWC,0.05555555555555555,Buy
2024-01-16,WFC,0.0003806576151875393,Buy
2024-01-16,EWI,-0.000620149199822756,Sell
2024-01-16,ANF,0.001514781016304513,Buy
2024-01-16,CCL,-0.05608896261263524,Sell
2024-01-16,MS,0.05555555555555555,Buy
2024-01-16,KEY,0.0007985774946624308,Buy
2024-01-16,ULTA,-0.0004004732891500079,Sell
2024-01-16,RL,-0.0556965142216659,Sell
2024-01-16,HUM,-0.05586859996856174,Sell
2024-01-16,WSM,3.993189952564147e-05,Buy
2024-01-16,NWSA,0.05555555555555555,Buy
2024-01-16,MRVL,0.000166781670837661,Buy
2024-01-16,PCG,-0.05458238495552792,Sell
2024-01-16,OHI,-0.055056265226597366,Sell
2024-01-16,SYK,0.056106543113336765,Buy
2024-01-16,M,0.0008119091314924554,Buy
2024-01-17,BAX,-0.05534286059849394,Sell
2024-01-17,HYG,-6.350597575419115e-05,Sell
2024-01-17,BUD,0.00047928894782645753,Buy
2024-01-17,SPWR,-0.0010826643713913037,Sell
2024-01-17,QCOM,0.055145315356502106,Buy
2024-01-17,STI,0.05845583662456201,Buy
2024-01-17,TRV,-0.05555555555555555,Sell
2024-01-17,DPZ,-0.0001619899438854086,Sell
2024-01-17,EWC,0.00042762460714169254,Buy
2024-01-17,WFC,-0.05567883881184141,Sell
2024-01-17,EWI,0.055606412956148245,Buy
2024-01-17,ANF,0.0006298566489099933,Buy
2024-01-17,HTZ,-0.05555555555555555,Sell
2024-01-17,MS,-0.05484421711903271,Sell
2024-01-17,KEY,-0.055536770028899125,Sell
2024-01-17,KGC,0.05555555555555555,Buy
2024-01-17,TRP,0.05555555555555555,Buy
2024-01-17,ULTA,-7.913012842412914e-05,Sell
2024-01-17,WSM,0.0005553916538457437,Buy
2024-01-17,NWSA,0.00033277172876124833,Buy
2024-01-17,MRVL,0.00016583581253822727,Buy
2024-01-17,BSX,-0.05555555555555555,Sell
2024-01-17,M,0.0006507472413244536,Buy
2024-01-17,ENB,0.05555555555555555,Buy
2024-01-17,CAT,0.05555555555555555,Buy
2024-01-18,HYG,-0.05609895655844464,Sell
2024-01-18,BUD,-0.00040903204848714847,Sell
2024-01-18,SPWR,0.05693130192939084,Buy
2024-01-18,NSC,-0.05555555555555555,Sell
2024-01-18,CAG,0.05555555555555555,Buy
2024-01-18,QCOM,-0.05555555555555555,Sell
2024-01-18,TRV,0.056223384409153615,Buy
2024-01-18,DPZ,0.0008947332549500558,Buy
2024-01-18,EWC,-0.056250530558535385,Sell
2024-01-18,EBAY,0.05555555555555555,Buy
2024-01-18,ANF,0.05460919101372647,Buy
2024-01-18,HTZ,0.060201215680768666,Buy
2024-01-18,TSM,-0.05555555555555555,Sell
2024-01-18,KEY,0.05555555555555555,Buy
2024-01-18,ILMN,-0.05555555555555555,Sell
2024-01-18,KGC,-0.0005299786560161585,Sell
2024-01-18,WMB,0.05555555555555555,Buy
2024-01-18,TRP,-0.00023969115251395307,Sell
2024-01-18,ULTA,0.0007513458504957299,Buy
2024-01-18,PVH,-0.05555555555555555,Sell
2024-01-18,WSM,0.0014940317478981738,Buy
2024-01-18,NWSA,-0.0562208614608037,Sell
2024-01-18,MRVL,0.002867988969941365,Buy
2024-01-18,DUK,0.05555555555555555,Buy
2024-01-18,BSX,0.05606509356897276,Buy
2024-01-18,M,-0.05620185629663685,Sell
2024-01-18,ENB,3.847659965726391e-05,Buy
2024-01-18,CAT,-0.05663943526621909,Sell
2024-01-19,CNC,0.05555555555555555,Buy
2024-01-19,PPG,0.05555555555555555,Buy
2024-01-19,BUD,-0.056049257298419655,Sell
2024-01-19,NSC,0.055723517768483465,Buy
2024-01-19,CAG,-4.312039514118432e-05,Sell
2024-01-19,QCOM,0.05833397672352636,Buy
2024-01-19,TRV,-0.05555555555555555,Sell
2024-01-19,DPZ,0.05588349128234628,Buy
2024-01-19,EBAY,-0.05623839299544698,Sell
2024-01-19,WFC,-0.05555555555555555,Sell
2024-01-19,ANF,-0.05555555555555555,Sell
2024-01-19,DLTR,0.05555555555555555,Buy
2024-01-19,TSM,0.05635083135760188,Buy
2024-01-19,KEY,-0.05890020208257615,Sell
2024-01-19,ILMN,0.0008993254559694838,Buy
2024-01-19,KGC,0.00019214529789168822,Buy
2024-01-19,WMB,-0.00023443486222220894,Sell
2024-01-19,TRP,-0.055831092902659966,Sell
2024-01-19,ULTA,-0.00012572318169759567,Sell
2024-01-19,PVH,0.0015803590379684929,Buy
2024-01-19,HUM,-0.05555555555555555,Sell
2024-01-19,WSM,0.05564679756180898,Buy
2024-01-19,MRVL,0.0025646809591197903,Buy
2024-01-19,DUK,-4.339538820676003e-05,Sell
2024-01-19,RF,-0.05555555555555555,Sell
2024-01-19,M,0.05555555555555555,Buy
2024-01-19,ENB,-0.0560695927205878,Sell
2024-01-19,MT,0.05555555555555555,Buy
2024-01-22,MNST,0.05555555555555555,Buy
2024-01-22,CNC,-0.05642474692766178,Sell
2024-01-22,PPG,-0.05595435106102565,Sell
2024-01-22,VWO,0.05555555555555555,Buy
2024-01-22,XLP,0.05555555555555555,Buy
2024-01-22,BUD,0.05555555555555555,Buy
2024-01-22,SPWR,0.05555555555555555,Buy
2024-01-22,NSC,-0.05555555555555555,Sell
2024-01-22,CAG,-0.0003174736625710384,Sell
2024-01-22,KMB,0.05555555555555555,Buy
2024-01-22,TRV,0.0006794088369883947,Buy
2024-01-22,DHI,-0.05555555555555555,Sell
2024-01-22,WFC,0.056133346954890015,Buy
2024-01-22,ANF,0.0020632628715747114,Buy
2024-01-22,DLTR,-0.05588946083053478,Sell
2024-01-22,CCL,0.05555555555555555,Buy
2024-01-22,ILMN,0.0013324120540760265,Buy
2024-01-22,KGC,-0.05607139260500889,Sell
2024-01-22,WMB,-0.05583992111283468,Sell
2024-01-22,ULTA,0.0006135368720177892,Buy
2024-01-22,PVH,-0.0004125820780141315,Sell
2024-01-22,HUM,0.0012291244503819868,Buy
2024-01-22,MRVL,0.05489954430837024,Buy
2024-01-22,PCG,0.05555555555555555,Buy
2024-01-22,DUK,-0.055367886061805094,Sell
2024-01-22,RF,0.057004249901575904,Buy
2024-01-22,M,-0.05764807052786024,Sell
2024-01-22,MT,-0.0562249206313351,Sell
2024-01-22,CAT,-0.05555555555555555,Sell
2024-01-23,MNST,0.0013348171472626208,Buy
2024-01-23,VWO,-0.05526000192206249,Sell
2024-01-23,XLP,-0.055550346329117796,Sell
2024-01-23,AA,-0.05555555555555555,Sell
2024-01-23,HYG,0.05555555555555555,Buy
2024-01-23,BUD,0.0005855751166228204,Buy
2024-01-23,SPWR,-0.05921608803528124,Sell
2024-01-23,NSC,0.05527747103259251,Buy
2024-01-23,CAG,-0.056253169253499186,Sell
2024-01-23,JNJ,0.05555555555555555,Buy
2024-01-23,KMB,-0.056124876483068194,Sell
2024-01-23,TRV,0.054212502931884315,Buy
2024-01-23,DHI,0.10543099824682639,Buy
2024-01-23,EWI,0.05555555555555555,Buy
2024-01-23,ANF,-0.0016845414912326634,Sell
2024-01-23,CCL,0.0018909743830780035,Buy
2024-01-23,ILMN,0.00013689878167673364,Buy
2024-01-23,D,0.05555555555555555,Buy
2024-01-23,ULTA,-0.0002573415804271034,Sell
2024-01-23,PVH,-0.0008418352423739811,Sell
2024-01-23,HUM,-0.000888763748057117,Sell
2024-01-23,MRVL,-0.05555555555555555,Sell
2024-01-23,PCG,0.0010648015975380787,Buy
2024-01-23,CSIQ,-0.05555555555555555,Sell
2024-01-23,CAT,-0.0005725769162973626,Sell
2024-01-24,MNST,0.0003164116078910942,Buy
2024-01-24,AA,0.056212896311194145,Buy
2024-01-24,HYG,-0.055711757125312615,Sell
2024-01-24,BUD,0.0003636070452662371,Buy
2024-01-24,QCOM,-0.05555555555555555,Sell
2024-01-24,JNJ,0.00011133712203339335,Buy
2024-01-24,DHI,0.0013414865739961451,Buy
2024-01-24,QQQ,-0.05555555555555555,Sell
2024-01-24,EWI,-0.05607788710350061,Sell
2024-01-24,ANF,-4.303087481028617e-05,Sell
2024-01-24,CCL,0.00039801067365650283,Buy
2024-01-24,MAR,-0.05555555555555555,Sell
2024-01-24,ILMN,0.00028809555555466687,Buy
2024-01-24,TRP,0.05555555555555555,Buy
2024-01-24,D,0.000623612748509278,Buy
2024-01-24,ULTA,5.387334993647158e-05,Buy
2024-01-24,PVH,0.055001464313315075,Buy
2024-01-24,HUM,0.055040377662645,Buy
2024-01-24,MRVL,0.0015115348495185824,Buy
2024-01-24,PCG,-0.05577442199504847,Sell
2024-01-24,CSIQ,0.054465411929373285,Buy
2024-01-24,BSX,0.05555555555555555,Buy
2024-01-24,M,0.05555555555555555,Buy
2024-01-24,COF,-0.05555555555555555,Sell
2024-01-24,CAT,0.0005421528397161965,Buy
2024-01-25,MNST,7.335026592114602e-05,Buy
2024-01-25,CNC,0.05555555555555555,Buy
2024-01-25,BUD,0.0003392730158044907,Buy
2024-01-25,QCOM,0.05544767201980733,Buy
2024-01-25,JNJ,-6.53639345529547e-05,Sell
2024-01-25,STI,0.05555555555555555,Buy
2024-01-25,KMB,0.05555555555555555,Buy
2024-01-25,DPZ,-0.05555555555555555,Sell
2024-01-25,DHI,-0.05635115952601257,Sell
2024-01-25,QQQ,-7.611459044114949e-05,Sell
2024-01-25,ANF,2.619290077436609e-06,Buy
2024-01-25,CCL,-0.0012001547246634076,Sell
2024-01-25,MAR,0.0009394357816153512,Buy
2024-01-25,ILMN,0.0005439003161624434,Buy
2024-01-25,TRP,-0.0005340795473292928,Sell
2024-01-25,D,-0.05671704869605743,Sell
2024-01-25,ULTA,0.001528627810440622,Buy
2024-01-25,PVH,-0.05555555555555555,Sell
2024-01-25,RL,-0.05555555555555555,Sell
2024-01-25,MRVL,0.05366385278493624,Buy
2024-01-25,OHI,0.05555555555555555,Buy
2024-01-25,BSX,-0.05625330848795547,Sell
2024-01-25,M,-0.057488949074207096,Sell
2024-01-25,COF,0.05602892776061967,Buy
2024-01-25,CAT,0.001779659907950093,Buy
2024-01-26,MNST,-0.05627467247740244,Sell
2024-01-26,CNC,-0.0005820120110996765,Sell
2024-01-26,BUD,-0.00036956686814072076,Sell
2024-01-26,SPWR,-0.05555555555555555,Sell
2024-01-26,JNJ,-0.05594911967088924,Sell
2024-01-26,STI,0.004311767718333352,Buy
2024-01-26,KMB,-0.0007304848134592409,Sell
2024-01-26,DPZ,0.0005538308022932717,Buy
2024-01-26,QQQ,8.114756985814348e-05,Buy
2024-01-26,ANF,0.001146596305677039,Buy
2024-01-26,CCL,0.0017603162881966797,Buy
2024-01-26,MAR,0.05575783477142115,Buy
2024-01-26,ILMN,-0.0004204844492171206,Sell
2024-01-26,KGC,0.05555555555555555,Buy
2024-01-26,TRP,-0.056689762879395304,Sell
2024-01-26,ULTA,0.0004565877717550085,Buy
2024-01-26,PVH,0.002280581508375089,Buy
2024-01-26,RL,0.0568579360407825,Buy
2024-01-26,NTAP,0.05555555555555555,Buy
2024-01-26,OHI,-0.0006469202449048347,Sell
2024-01-26,M,0.05555555555555555,Buy
2024-01-26,COF,-0.05555555555555555,Sell
2024-01-26,CAT,0.00016523758494445956,Buy
2024-01-29,CNC,-0.055783727775811566,Sell
2024-01-29,BUD,-0.05583376606508414,Sell
2024-01-29,SPWR,0.002589086074496795,Buy
2024-01-29,NSC,-0.05555555555555555,Sell
2024-01-29,JNJ,0.05555555555555555,Buy
2024-01-29,STI,-0.008169203190368735,Sell
2024-01-29,KMB,-5.5579653442737464e-05,Sell
2024-01-29,DPZ,0.0019082292427252054,Buy
2024-01-29,QQQ,0.0005787518216315776,Buy
2024-01-29,ANF,0.0006842257534630594,Buy
2024-01-29,CCL,-0.0025370273463665508,Sell
2024-01-29,ILMN,0.002416002411307086,Buy
2024-01-29,KGC,-0.0557658814673305,Sell
2024-01-29,D,0.05555555555555555,Buy
2024-01-29,ULTA,0.0016307984897199826,Buy
2024-01-29,PVH,0.0012123887882547826,Buy
2024-01-29,NTAP,-0.05583662617923901,Sell
2024-01-29,WSM,0.05555555555555555,Buy
2024-01-29,CME,0.05555555555555555,Buy
2024-01-29,OHI,-0.0005265373980650398,Sell
2024-01-29,M,0.0006664434818530948,Buy
2024-01-29,COF,0.05546916009491994,Buy
2024-01-29,CAT,0.0007186290722292141,Buy
2024-01-30,HOG,0.05555555555555555,Buy
2024-01-30,SPWR,0.05604048144570534,Buy
2024-01-30,NSC,0.05567378710908218,Buy
2024-01-30,JNJ,-0.00027744845656034467,Sell
2024-01-30,STI,-0.04673005225313842,Sell
2024-01-30,KMB,-0.05623919859678899,Sell
2024-01-30,TRV,-0.05555555555555555,Sell
2024-01-30,DPZ,0.0006530004241745366,Buy
2024-01-30,VTR,0.05555555555555555,Buy
2024-01-30,BDX,0.05555555555555555,Buy
2024-01-30,QQQ,0.055667446692313584,Buy
2024-01-30,SIRI,0.05555555555555555,Buy
2024-01-30,ANF,0.0008209793621315117,Buy
2024-01-30,CCL,-0.05576959017516666,Sell
2024-01-30,ILMN,0.0006682616306535258,Buy
2024-01-30,D,-0.05642287855838734,Sell
2024-01-30,ULTA,0.0005676644517204413,Buy
2024-01-30,PVH,-0.00043996683291572247,Sell
2024-01-30,HUM,-0.05555555555555555,Sell
2024-01-30,WSM,-0.00023183160678184184,Sell
2024-01-30,CME,-0.05640445654637108,Sell
2024-01-30,PRGO,0.05555555555555555,Buy
2024-01-30,OHI,-0.0005040535828964021,Sell
2024-01-30,M,-0.0003648598466373665,Sell
2024-01-30,COF,-0.05555555555555555,Sell
2024-01-30,CAT,0.0007639642855517687,Buy
2024-01-31,MET,0.05555555555555555,Buy
2024-01-31,HOG,0.0014522754681227518,Buy
2024-01-31,JNJ,-0.0554324498933927,Sell
2024-01-31,TRV,0.05482165226505062,Buy
2024-01-31,DPZ,0.05430161711019385,Buy
2024-01-31,VTR,0.000887328242335915,Buy
2024-01-31,BBT,0.05555555555555555,Buy
2024-01-31,BDX,-0.05599674806673007,Sell
2024-01-31,SIRI,0.00038523548418713943,Buy
2024-01-31,ANF,0.05340092914567255,Buy
2024-01-31,ALK,-0.05555555555555555,Sell
2024-01-31,ILMN,0.05381051577792774,Buy
2024-01-31,ULTA,-0.000896815747697309,Sell
2024-01-31,PVH,0.053738213613667485,Buy
2024-01-31,EW,-0.05555555555555555,Sell
2024-01-31,HUM,0.05556787487896011,Buy
2024-01-31,WSM,0.002153879131551975,Buy
2024-01-31,LOW,-0.05555555555555555,Sell
2024-01-31,MRVL,-0.05555555555555555,Sell
2024-01-31,CP,-0.05555555555555555,Sell
2024-01-31,PRGO,0.0013015749578299055,Buy
2024-01-31,OHI,-0.054801277202192765,Sell
2024-01-31,SYK,-0.05555555555555555,Sell
2024-01-31,BSX,-0.05555555555555555,Sell
2024-01-31,M,0.0011792895025336814,Buy
2024-01-31,COF,0.05407243305684143,Buy
2024-01-31,ENB,0.05555555555555555,Buy
2024-01-31,CAT,-0.0009772223995645063,Sell
2024-02-01,MET,-0.052711557079242126,Sell
2024-02-01,HOG,-0.057516233596768114,Sell
2024-02-01,NSC,-0.05555555555555555,Sell
2024-02-01,QCOM,0.05555555555555555,Buy
2024-02-01,STI,0.05555555555555555,Buy
2024-02-01,NDAQ,0.05555555555555555,Buy
2024-02-01,VTR,-0.05692623061821655,Sell
2024-02-01,BBT,0.0014356898527137507,Buy
2024-02-01,WFC,0.05555555555555555,Buy
2024-02-01,SIRI,-0.05745168026968393,Sell
2024-02-01,ANF,-0.05555555555555555,Sell
2024-02-01,HTZ,0.05555555555555555,Buy
2024-02-01,DLTR,-0.05555555555555555,Sell
2024-02-01,ALK,0.05658479707048711,Buy
2024-02-01,KEY,0.05555555555555555,Buy
2024-02-01,ULTA,0.000521934711845827,Buy
2024-02-01,PVH,-0.05555555555555555,Sell
2024-02-01,EW,0.05608478526483685,Buy
2024-02-01,WSM,-0.05695172744002043,Sell
2024-02-01,LOW,0.05785515491130149,Buy
2024-02-01,MRVL,0.055228279293339566,Buy
2024-02-01,RF,0.05555555555555555,Buy
2024-02-01,CP,0.05778983045307152,Buy
2024-02-01,PRGO,-0.056262359610080644,Sell
2024-02-01,SYK,0.0012048953216161132,Buy
2024-02-01,BSX,0.0017370616694326185,Buy
2024-02-01,M,-0.0008167791217047679,Sell
2024-02-01,ENB,-0.05648078503799089,Sell
2024-02-01,CAT,0.0017322869205934968,Buy
2024-02-01,MRK,-0.05555555555555555,Sell
2024-02-02,MET,0.05555555555555555,Buy
2024-02-02,NVDA,-0.05555555555555555,Sell
2024-02-02,NSC,-0.0002760952821193041,Sell
2024-02-02,QCOM,-0.056424111198989116,Sell
2024-02-02,JNJ,0.05555555555555555,Buy
2024-02-02,STI,0.011361986774464268,Buy
2024-02-02,NDAQ,-0.00020451038752100636,Sell
2024-02-02,TRV,-0.05555555555555555,Sell
2024-02-02,BBT,-0.0002505594642701614,Sell
2024-02-02,BDX,0.05555555555555555,Buy
2024-02-02,WFC,-0.05668901248057783,Sell
2024-02-02,ANF,0.002161312257402022,Buy
2024-02-02,HTZ,-0.057992924199378314,Sell
2024-02-02,DLTR,0.05746922897051793,Buy
2024-02-02,CCL,0.05555555555555555,Buy
2024-02-02,KEY,-0.05698626863169109,Sell
2024-02-02,ULTA,0.0008395883683321378,Buy
2024-02-02,PVH,0.05534504935555987,Buy
2024-02-02,EW,-0.05555555555555555,Sell
2024-02-02,RF,-0.05643989334448568,Sell
2024-02-02,CLX,-0.05555555555555555,Sell
2024-02-02,SYK,0.05643899319312921,Buy
2024-02-02,BSX,0.00024748436395163886,Buy
2024-02-02,M,-0.0012165885001966525,Sell
2024-02-02,ENB,0.05555555555555555,Buy
2024-02-02,CAT,0.00198904551835747,Buy
2024-02-02,MRK,0.05620649752913365,Buy
2024-02-05,MET,-0.057320714964899454,Sell
2024-02-05,HP,-0.05555555555555555,Sell
2024-02-05,NVDA,0.004166515368988655,Buy
2024-02-05,SPWR,0.05555555555555555,Buy
2024-02-05,NSC,0.0008440431078479207,Buy
2024-02-05,JNJ,-0.001139438324756284,Sell
2024-02-05,STI,-0.038118968197989586,Sell
2024-02-05,NDAQ,-0.056315724024689574,Sell
2024-02-05,TRV,0.05652814430984474,Buy
2024-02-05,VTR,0.05555555555555555,Buy
2024-02-05,EWC,0.05555555555555555,Buy
2024-02-05,BBT,-0.00027315517433113,Sell
2024-02-05,BDX,-0.05648035842941808,Sell
2024-02-05,ANF,-0.00013801591878348507,Sell
2024-02-05,CCL,0.0006803994558137461,Buy
2024-02-05,TSM,-0.05555555555555555,Sell
2024-02-05,ULTA,0.0011014980487231013,Buy
2024-02-05,EW,0.0569698859804723,Buy
2024-02-05,NWSA,0.05555555555555555,Buy
2024-02-05,CLX,0.056282670094124146,Buy
2024-02-05,SYK,-0.05555555555555555,Sell
2024-02-05,BSX,0.001513866903915334,Buy
2024-02-05,M,-0.0006082552244243561,Sell
2024-02-05,ENB,-0.05582733890477988,Sell
2024-02-05,MT,0.05555555555555555,Buy
2024-02-05,CAT,0.002575463563274795,Buy
2024-02-06,BAX,-0.05555555555555555,Sell
2024-02-06,HP,0.057129577800967994,Buy
2024-02-06,NVDA,0.05418720233964358,Buy
2024-02-06,SPWR,-0.06074966709182586,Sell
2024-02-06,NSC,0.0002615670933644454,Buy
2024-02-06,RRC,0.05555555555555555,Buy
2024-02-06,JNJ,-0.055866842088583155,Sell
2024-02-06,VTR,0.00010636927722346146,Buy
2024-02-06,EWC,-0.05551387470834486,Sell
2024-02-06,BBT,0.001169783333945594,Buy
2024-02-06,WFC,0.05555555555555555,Buy
2024-02-06,ANF,0.05384201271511361,Buy
2024-02-06,TSM,0.055341558229729755,Buy
2024-02-06,KEY,0.05555555555555555,Buy
2024-02-06,ILMN,-0.05555555555555555,Sell
2024-02-06,TRP,0.05555555555555555,Buy
2024-02-06,ULTA,-0.0005291658324093548,Sell
2024-02-06,NWSA,-0.05627658139846903,Sell
2024-02-06,NTES,-0.05555555555555555,Sell
2024-02-06,RF,0.05555555555555555,Buy
2024-02-06,SYK,-0.000991769367606525,Sell
2024-02-06,BSX,-0.00020559197403154095,Sell
2024-02-06,M,-0.000352298280882013,Sell
2024-02-06,MT,-0.05584307418235774,Sell
2024-02-06,CAT,-0.0002613388585648094,Sell
2024-02-06,MRK,-0.05555555555555555,Sell
2024-02-07,BAX,0.05525619807562368,Buy
2024-02-07,NVDA,-0.05555555555555555,Sell
2024-02-07,SPWR,-0.05555555555555555,Sell
2024-02-07,NSC,0.055429426900304946,Buy
2024-02-07,RRC,-0.0553620687042865,Sell
2024-02-07,VTR,-0.00015134034156607384,Sell
2024-02-07,BBT,0.00013586413512323148,Buy
2024-02-07,WFC,-0.055938467816441954,Sell
2024-02-07,CCL,0.0007085606836858202,Buy
2024-02-07,TSM,-0.05555555555555555,Sell
2024-02-07,MAR,-0.05555555555555555,Sell
2024-02-07,KEY,-0.00016369026240678486,Sell
2024-02-07,ILMN,0.05496935150035696,Buy
2024-02-07,TRP,0.0002758541923327529,Buy
2024-02-07,ULTA,0.0015000617670849273,Buy
2024-02-07,NWSA,0.05555555555555555,Buy
2024-02-07,NTES,0.05518472545879462,Buy
2024-02-07,RF,-0.0001012910119183516,Sell
2024-02-07,SYK,0.0006474626189997071,Buy
2024-02-07,BSX,0.0005420913095866217,Buy
2024-02-07,M,0.00013522829437683653,Buy
2024-02-07,ENB,0.05555555555555555,Buy
2024-02-07,CAT,0.00031388750982534047,Buy
2024-02-07,MRK,0.0004227813723272772,Buy
2024-02-08,NVDA,0.055019109067721506,Buy
2024-02-08,SPWR,0.055782248894880516,Buy
2024-02-08,ICE,-0.05555555555555555,Sell
2024-02-08,CAG,0.05555555555555555,Buy
2024-02-08,JNJ,0.05555555555555555,Buy
2024-02-08,VTR,-0.05590907301341924,Sell
2024-02-08,BBT,-0.056478568967629664,Sell
2024-02-08,SIRI,0.05555555555555555,Buy
2024-02-08,ANF,-0.05555555555555555,Sell
2024-02-08,CCL,0.0002803065171156291,Buy
2024-02-08,TSM,0.003702668937486414,Buy
2024-02-08,MAR,0.055747258652158904,Buy
2024-02-08,KEY,0.00029414531606768157,Buy
2024-02-08,TRP,0.0005709275941750552,Buy
2024-02-08,ULTA,0.00037268652813522707,Buy
2024-02-08,PVH,-0.05555555555555555,Sell
2024-02-08,RL,-0.05555555555555555,Sell
2024-02-08,NWSA,-0.11451902655859153,Sell
2024-02-08,DUK,0.05555555555555555,Buy
2024-02-08,RF,1.9405810384939826e-05,Buy
2024-02-08,OHI,-0.05555555555555555,Sell
2024-02-08,SYK,0.054784659883406625,Buy
2024-02-08,BSX,0.055202640288411826,Buy
2024-02-08,M,-0.05747189973006307,Sell
2024-02-08,ENB,-0.05526830772156832,Sell
2024-02-08,VZ,0.05555555555555555,Buy
2024-02-08,CAT,-0.0004467214707556538,Sell
2024-02-08,MRK,0.05500731031767101,Buy
2024-02-09,NVDA,-0.05555555555555555,Sell
2024-02-09,SPWR,0.05555555555555555,Buy
2024-02-09,ICE,0.05664370280926462,Buy
2024-02-09,CAG,0.0008813927048021419,Buy
2024-02-09,JNJ,-0.0562000079631395,Sell
2024-02-09,STI,0.05555555555555555,Buy
2024-02-09,VTR,0.05555555555555555,Buy
2024-02-09,SIRI,0.0004959014188748515,Buy
2024-02-09,ANF,0.001973073652393305,Buy
2024-02-09,CCL,0.0008426007830514559,Buy
2024-02-09,TSM,0.0002554409889892334,Buy
2024-02-09,KEY,-0.0005962453282941441,Sell
2024-02-09,TRP,-0.000620169415067845,Sell
2024-02-09,ULTA,0.0008945171953763514,Buy
2024-02-09,PVH,0.0008242995148029231,Buy
2024-02-09,RL,0.0015464317798883492,Buy
2024-02-09,NWSA,0.0009493773421387561,Buy
2024-02-09,DUK,-0.055489975369191445,Sell
2024-02-09,RF,-0.05641572759895858,Sell
2024-02-09,OHI,0.058001856857868565,Buy
2024-02-09,BSX,-0.05555555555555555,Sell
2024-02-09,ENB,0.05555555555555555,Buy
2024-02-09,VZ,-0.055804006990064665,Sell
2024-02-09,CAT,-0.00032741867713335926,Sell
2024-02-12,NVDA,0.055968934610380765,Buy
2024-02-12,BUD,0.05555555555555555,Buy
2024-02-12,SPWR,-0.053794766470858534,Sell
2024-02-12,CAG,-0.056654812885498944,Sell
2024-02-12,GREK,0.05555555555555555,Buy
2024-02-12,STI,0.0052637013707710414,Buy
2024-02-12,VTR,-1.7443574964623454e-05,Sell
2024-02-12,BBT,0.05555555555555555,Buy
2024-02-12,SIRI,-0.0018067919443108538,Sell
2024-02-12,ANF,0.0027754650474756948,Buy
2024-02-12,CCL,-0.0009812611061802354,Sell
2024-02-12,TSM,0.05476736943211823,Buy
2024-02-12,KEY,-0.05684536130016629,Sell
2024-02-12,KGC,0.05555555555555555,Buy
2024-02-12,TRP,-0.05704121793579301,Sell
2024-02-12,ULTA,0.0005840983503788491,Buy
2024-02-12,PVH,0.0011334309481340413,Buy
2024-02-12,EW,-0.05555555555555555,Sell
2024-02-12,RL,0.0012151231433405393,Buy
2024-02-12,NWSA,0.05594421759394406,Buy
2024-02-12,MRVL,-0.05555555555555555,Sell
2024-02-12,SYK,-0.05555555555555555,Sell
2024-02-12,CSIQ,-0.05555555555555555,Sell
2024-02-12,BSX,0.055444741238916954,Buy
2024-02-12,M,0.05555555555555555,Buy
2024-02-12,ENB,-0.056957268744322505,Sell
2024-02-12,CAT,0.0011118511347381205,Buy
2024-02-13,HP,-0.05555555555555555,Sell
2024-02-13,BUD,-0.05564029630342025,Sell
2024-02-13,GREK,-0.055806420230110065,Sell
2024-02-13,STI,-0.04402332582405047,Sell
2024-02-13,VTR,-3.334868108163802e-05,Sell
2024-02-13,BBT,0.0018504868511729639,Buy
2024-02-13,MU,0.05555555555555555,Buy
2024-02-13,EWI,0.05555555555555555,Buy
2024-02-13,SIRI,0.0018798427670578752,Buy
2024-02-13,ANF,0.00198642785804011,Buy
2024-02-13,CCL,-0.05524941591608521,Sell
2024-02-13,ALK,-0.05555555555555555,Sell
2024-02-13,MAR,0.05555555555555555,Buy
2024-02-13,KEY,0.05555555555555555,Buy
2024-02-13,KGC,-0.053885418430374796,Sell
2024-02-13,TRP,0.05555555555555555,Buy
2024-02-13,ULTA,0.0016926628031996016,Buy
2024-02-13,PVH,0.05559263805657116,Buy
2024-02-13,EW,0.0004871253757679564,Buy
2024-02-13,RL,0.0002659166855517106,Buy
2024-02-13,TRIP,-0.05555555555555555,Sell
2024-02-13,MRVL,0.05476079460166583,Buy
2024-02-13,SYK,0.0008318000774141243,Buy
2024-02-13,CSIQ,0.05250021209793063,Buy
2024-02-13,M,0.0007464175508463469,Buy
2024-02-13,CAT,-0.0005010394649112015,Sell
2024-02-14,AMTD,-0.05555555555555555,Sell
2024-02-14,HP,0.05623318362933862,Buy
2024-02-14,NVDA,-0.05555555555555555,Sell
2024-02-14,BUD,0.05555555555555555,Buy
2024-02-14,STI,0.05555555555555555,Buy
2024-02-14,NDAQ,0.05555555555555555,Buy
2024-02-14,DPZ,-0.05555555555555555,Sell
2024-02-14,VTR,-0.0569563459229564,Sell
2024-02-14,BBT,-0.0003832860133824098,Sell
2024-02-14,MU,-0.0557370930088629,Sell
2024-02-14,EWI,-0.056363328006278905,Sell
2024-02-14,SIRI,-0.00044287156763248015,Sell
2024-02-14,ANF,0.0011177889844998026,Buy
2024-02-14,TSM,-0.05555555555555555,Sell
2024-02-14,ALK,0.056641276533589004,Buy
2024-02-14,MAR,-8.356088034953274e-05,Sell
2024-02-14,KEY,-0.05688720010082311,Sell
2024-02-14,TRP,5.2376448393509634e-05,Buy
2024-02-14,ULTA,0.05506532501265845,Buy
2024-02-14,EW,0.05539111509124244,Buy
2024-02-14,RL,0.0007214263617549774,Buy
2024-02-14,TRIP,0.055227384841983376,Buy
2024-02-14,PCG,0.05555555555555555,Buy
2024-02-14,DUK,0.05555555555555555,Buy
2024-02-14,SYK,0.0015493697314038005,Buy
2024-02-14,BSX,-0.05555555555555555,Sell
2024-02-14,M,-0.05644072291285311,Sell
2024-02-14,CAT,0.0006641754374201447,Buy
2024-02-15,AMTD,0.005258400992389868,Buy
2024-02-15,NVDA,0.055046497561820326,Buy
2024-02-15,BUD,-0.0008539376023733516,Sell
2024-02-15,SPWR,0.05555555555555555,Buy
2024-02-15,STI,0.007171337094513466,Buy
2024-02-15,NDAQ,-0.00011087686271987057,Sell
2024-02-15,DPZ,0.05601909942531016,Buy
2024-02-15,VTR,0.05555555555555555,Buy
2024-02-15,BBT,-0.05774023617526545,Sell
2024-02-15,SIRI,-0.05587106322750219,Sell
2024-02-15,ANF,0.0006901217205715002,Buy
2024-02-15,ORCL,0.05555555555555555,Buy
2024-02-15,CCL,0.05555555555555555,Buy
2024-02-15,TSM,0.00032794349828287744,Buy
2024-02-15,MAR,-0.057200484393616885,Sell
2024-02-15,TRP,-0.057568351021813347,Sell
2024-02-15,RL,0.0015220390307588844,Buy
2024-02-15,NTAP,0.05555555555555555,Buy
2024-02-15,TRIP,-0.05555555555555555,Sell
2024-02-15,PCG,-0.05660384009487315,Sell
2024-02-15,DUK,-0.05725518344867441,Sell
2024-02-15,PRGO,-0.05555555555555555,Sell
2024-02-15,OHI,0.05555555555555555,Buy
2024-02-15,SYK,0.0003309526334620838,Buy
2024-02-15,BSX,0.0005507480247886956,Buy
2024-02-15,CAT,0.0015562028042405696,Buy
2024-02-16,AMTD,0.052596052379880485,Buy
2024-02-16,BUD,0.0005339082126150016,Buy
2024-02-16,SPWR,-0.11108993564720362,Sell
2024-02-16,STI,0.0016078720379545733,Buy
2024-02-16,NDAQ,9.123529240719075e-05,Buy
2024-02-16,VTR,0.0005864493485675248,Buy
2024-02-16,MU,0.05555555555555555,Buy
2024-02-16,ANF,0.0004887388249567859,Buy
2024-02-16,ORCL,0.0007450263296889525,Buy
2024-02-16,CCL,0.0015536586845251582,Buy
2024-02-16,TSM,0.0545272555104706,Buy
2024-02-16,ULTA,-0.05555555555555555,Sell
2024-02-16,EW,-0.05555555555555555,Sell
2024-02-16,RL,-0.00011621387454159582,Sell
2024-02-16,NTAP,0.001013889145554954,Buy
2024-02-16,WSM,-0.05555555555555555,Sell
2024-02-16,TRIP,0.053707327391419875,Buy
2024-02-16,PCG,0.05555555555555555,Buy
2024-02-16,PRGO,0.05496804459533757,Buy
2024-02-16,OHI,-0.05585924939223407,Sell
2024-02-16,SYK,6.00222241106535e-05,Buy
2024-02-16,BSX,0.05530750617682956,Buy
2024-02-16,CAT,-0.00022057762271275594,Sell
2024-02-16,MRK,-0.05555555555555555,Sell
2024-02-20,WEN,0.05555555555555555,Buy
2024-02-20,BUD,-0.05641826449230049,Sell
2024-02-20,SPWR,0.0031560243765701435,Buy
2024-02-20,STI,0.004039488439582142,Buy
2024-02-20,NDAQ,-0.05599167607714851,Sell
2024-02-20,TRV,-0.05555555555555555,Sell
2024-02-20,DPZ,-0.05555555555555555,Sell
2024-02-20,VTR,0.0006041089698923183,Buy
2024-02-20,MU,-0.05672106661860001,Sell
2024-02-20,SIRI,0.05555555555555555,Buy
2024-02-20,ANF,0.053786517554474396,Buy
2024-02-20,ORCL,0.0011203979997336105,Buy
2024-02-20,CCL,-0.00016413629402916435,Sell
2024-02-20,ULTA,0.0012811548988041488,Buy
2024-02-20,EW,0.0008342643078076764,Buy
2024-02-20,RL,0.0010874787188973126,Buy
2024-02-20,NTAP,-0.00015217817770103725,Sell
2024-02-20,WSM,0.05530729860669895,Buy
2024-02-20,PCG,-0.05655080047557551,Sell
2024-02-20,SYK,0.00011840204288672551,Buy
2024-02-20,CSIQ,-0.05555555555555555,Sell
2024-02-20,BSX,-0.05555555555555555,Sell
2024-02-20,M,0.05555555555555555,Buy
2024-02-20,MT,0.05555555555555555,Buy
2024-02-20,CAT,0.05445271036123468,Buy
2024-02-20,MRK,0.0556870645501723,Buy
2024-02-21,NVDA,0.05555555555555555,Buy
2024-02-21,WEN,-0.0002134055195689502,Sell
2024-02-21,SPWR,0.05427196807670543,Buy
2024-02-21,RRC,-0.05555555555555555,Sell
2024-02-21,STI,0.010833840085286081,Buy
2024-02-21,TRV,0.055923055933715896,Buy
2024-02-21,DPZ,0.05656636154073389,Buy
2024-02-21,VTR,-0.05743614717164885,Sell
2024-02-21,SIRI,-0.0554882173044274,Sell
2024-02-21,ANF,-0.05555555555555555,Sell
2024-02-21,ORCL,-0.00037551701322120074,Sell
2024-02-21,CCL,-0.000335499435015367,Sell
2024-02-21,ALK,-0.05555555555555555,Sell
2024-02-21,ILMN,0.05555555555555555,Buy
2024-02-21,KGC,-0.05555555555555555,Sell
2024-02-21,ULTA,0.000266460668787466,Buy
2024-02-21,EW,0.05591969404869543,Buy
2024-02-21,RL,0.0007487723595291443,Buy
2024-02-21,NTAP,3.888102141556826e-05,Buy
2024-02-21,MRVL,-0.05555555555555555,Sell
2024-02-21,SYK,0.00044330975263503353,Buy
2024-02-21,CSIQ,0.054828784119212964,Buy
2024-02-21,BSX,0.05568299272541224,Buy
2024-02-21,M,0.0002607081964878799,Buy
2024-02-21,MT,-0.0004828580670291488,Sell
2024-02-21,VZ,-0.05555555555555555,Sell
2024-02-22,AMTD,-0.05555555555555555,Sell
2024-02-22,A,0.05555555555555555,Buy
2024-02-22,HOG,0.05555555555555555,Buy
2024-02-22,NVDA,-0.12040026147567533,Sell
2024-02-22,WEN,-0.0004642720044713347,Sell
2024-02-22,BUD,0.05555555555555555,Buy
2024-02-22,RRC,0.05384437731450131,Buy
2024-02-22,STI,-0.04523497333441056,Sell
2024-02-22,HAS,0.05555555555555555,Buy
2024-02-22,TRV,-0.05555555555555555,Sell
2024-02-22,BBT,0.05555555555555555,Buy
2024-02-22,QQQ,-0.05555555555555555,Sell
2024-02-22,ANF,0.05759433370339326,Buy
2024-02-22,ORCL,-0.05717598851967821,Sell
2024-02-22,CCL,-0.057601643762619975,Sell
2024-02-22,TSM,-0.05555555555555555,Sell
2024-02-22,ALK,0.055992468488847986,Buy
2024-02-22,ILMN,-0.05535688329026523,Sell
2024-02-22,KGC,0.05537115212264077,Buy
2024-02-22,D,0.05555555555555555,Buy
2024-02-22,ULTA,0.0006974345427653503,Buy
2024-02-22,RL,0.0010755493893671725,Buy
2024-02-22,NTAP,-0.056649742110592385,Sell
2024-02-22,MRVL,0.0038511223175109258,Buy
2024-02-22,RF,0.05555555555555555,Buy
2024-02-22,SYK,0.0010485237468647185,Buy
2024-02-22,M,-0.05608945801644245,Sell
2024-02-22,MT,0.0001439981240048821,Buy
2024-02-22,VZ,0.05520658693924747,Buy
2024-02-23,AMTD,0.05338384662620193,Buy
2024-02-23,A,0.000272240275662812,Buy
2024-02-23,HP,0.05555555555555555,Buy
2024-02-23,HOG,0.0013386309603177354,Buy
2024-02-23,NVDA,-8.004729297834273e-05,Sell
2024-02-23,WEN,-0.056263526338373865,Sell
2024-02-23,BUD,-0.05525296922536959,Sell
2024-02-23,GREK,0.05555555555555555,Buy
2024-02-23,QCOM,-0.05555555555555555,Sell
2024-02-23,HAS,-0.05465095998524022,Sell
2024-02-23,TRV,0.0549459142421434,Buy
2024-02-23,VTR,0.05555555555555555,Buy
2024-02-23,BBT,0.0002262314075203234,Buy
2024-02-23,EOG,0.05555555555555555,Buy
2024-02-23,QQQ,0.05511635197001126,Buy
2024-02-23,SIRI,0.05555555555555555,Buy
2024-02-23,ANF,-0.05555555555555555,Sell
2024-02-23,TSM,-7.941581859177704e-05,Sell
2024-02-23,D,-0.058018848855937985,Sell
2024-02-23,ULTA,0.0003047566067644267,Buy
2024-02-23,PVH,-0.05555555555555555,Sell
2024-02-23,RL,0.00011055492410006612,Buy
2024-02-23,WSM,-0.05555555555555555,Sell
2024-02-23,MRVL,0.05346733603419622,Buy
2024-02-23,RF,-0.05543074755243393,Sell
2024-02-23,SYK,1.7847147092624194e-05,Buy
2024-02-23,ENB,0.05555555555555555,Buy
2024-02-23,MT,-0.05582853424543385,Sell
2024-02-26,PPG,0.05555555555555555,Buy
2024-02-26,AMTD,-0.05555555555555555,Sell
2024-02-26,A,-0.05566841846122085,Sell
2024-02-26,HP,-0.05616314080649808,Sell
2024-02-26,HOG,-0.05588180559496247,Sell
2024-02-26,NVDA,0.05609206231211512,Buy
2024-02-26,WEN,0.05555555555555555,Buy
2024-02-26,GREK,-0.05593871120453018,Sell
2024-02-26,QCOM,0.0011064365915949212,Buy
2024-02-26,STI,-0.05555555555555555,Sell
2024-02-26,DPZ,-0.05555555555555555,Sell
2024-02-26,VTR,0.0011648208688008893,Buy
2024-02-26,BBT,-0.0004429218609049157,Sell
2024-02-26,BDX,0.05555555555555555,Buy
2024-02-26,EOG,-0.05599196699479202,Sell
2024-02-26,SIRI,-0.05554473473329891,Sell
2024-02-26,ANF,0.0018843045684483542,Buy
2024-02-26,TSM,0.0008204761274779315,Buy
2024-02-26,ALK,-0.05555555555555555,Sell
2024-02-26,KEY,0.05555555555555555,Buy
2024-02-26,ULTA,0.0010064006235801712,Buy
2024-02-26,PVH,0.05592580562352297,Buy
2024-02-26,RL,-8.863767341959344e-05,Sell
2024-02-26,WSM,0.05666662925190753,Buy
2024-02-26,DUK,0.05555555555555555,Buy
2024-02-26,SYK,0.05549238876961028,Buy
2024-02-26,ENB,0.0003170776017532573,Buy
2024-02-26,VZ,0.05555555555555555,Buy
2024-02-27,PPG,0.0007996144468798289,Buy
2024-02-27,AMTD,0.055636965497413315,Buy
2024-02-27,HOG,0.05555555555555555,Buy
2024-02-27,NVDA,-0.05555555555555555,Sell
2024-02-27,WEN,0.0005174758245762232,Buy
2024-02-27,QCOM,0.05575893816350367,Buy
2024-02-27,STI,0.05250474469576339,Buy
2024-02-27,DPZ,-0.001777985400228943,Sell
2024-02-27,VTR,0.0006687349510575563,Buy
2024-02-27,BBT,0.0009453699329889514,Buy
2024-02-27,BDX,0.00035378650899187125,Buy
2024-02-27,ANF,-0.0004323999887409988,Sell
2024-02-27,CCL,-0.05555555555555555,Sell
2024-02-27,TSM,0.05444365750817733,Buy
2024-02-27,ALK,0.05647034697109401,Buy
2024-02-27,KEY,-0.05717150472984393,Sell
2024-02-27,ULTA,0.00026211304354073484,Buy
2024-02-27,PVH,-0.05555555555555555,Sell
2024-02-27,RL,0.0540130380345878,Buy
2024-02-27,HUM,-0.05555555555555555,Sell
2024-02-27,DUK,0.0001219202878653125,Buy
2024-02-27,NTES,-0.05555555555555555,Sell
2024-02-27,PRGO,-0.05555555555555555,Sell
2024-02-27,ENB,8.312711511931914e-05,Buy
2024-02-27,VZ,-9.050973112199184e-05,Sell
2024-02-28,CNC,0.05555555555555555,Buy
2024-02-28,PPG,0.000492281119123146,Buy
2024-02-28,HOG,-0.0555676895609721,Sell
2024-02-28,NVDA,0.05450337113326286,Buy
2024-02-28,WEN,-0.05626875633714427,Sell
2024-02-28,AA,-0.05555555555555555,Sell
2024-02-28,GREK,0.05555555555555555,Buy
2024-02-28,DPZ,-0.00031133561581995345,Sell
2024-02-28,VTR,0.0005309638436415687,Buy
2024-02-28,BBT,0.0012358065921026645,Buy
2024-02-28,BDX,0.0008022266620702698,Buy
2024-02-28,EBAY,-0.05555555555555555,Sell
2024-02-28,ANF,-0.00022711360109553547,Sell
2024-02-28,CCL,0.05370437132279652,Buy
2024-02-28,ULTA,-0.00054507564792141,Sell
2024-02-28,PVH,0.05515530688724912,Buy
2024-02-28,RL,-0.05555555555555555,Sell
2024-02-28,HUM,-0.0020810239626723667,Sell
2024-02-28,DUK,-0.055164954478488216,Sell
2024-02-28,NTES,0.054812009488077566,Buy
2024-02-28,CP,0.05555555555555555,Buy
2024-02-28,PRGO,0.05343123572578854,Buy
2024-02-28,CSIQ,-0.05555555555555555,Sell
2024-02-28,M,0.05555555555555555,Buy
2024-02-28,ENB,0.0004998657776052115,Buy
2024-02-28,VZ,-0.05546697980481306,Sell
2024-02-28,CAT,-0.05555555555555555,Sell
2024-02-29,MNST,-0.05555555555555555,Sell
2024-02-29,CNC,-0.0003927305247378096,Sell
2024-02-29,PPG,-0.05636559962830963,Sell
2024-02-29,HOG,0.05555555555555555,Buy
2024-02-29,NVDA,-0.05555555555555555,Sell
2024-02-29,WEN,0.05555555555555555,Buy
2024-02-29,AA,0.05781065327129973,Buy
2024-02-29,BUD,0.05555555555555555,Buy
2024-02-29,SPWR,-0.05555555555555555,Sell
2024-02-29,GREK,-0.05605947623433682,Sell
2024-02-29,DPZ,0.0006122488596133555,Buy
2024-02-29,VTR,-0.00011408721016515494,Sell
2024-02-29,BBT,-0.0004946064872239225,Sell
2024-02-29,BDX,0.00047757873027002434,Buy
2024-02-29,EBAY,0.05520748573546372,Buy
2024-02-29,ANF,0.0011452979826104132,Buy
2024-02-29,D,-0.05555555555555555,Sell
2024-02-29,ULTA,0.05485968257925954,Buy
2024-02-29,RL,0.05659553681272067,Buy
2024-02-29,HUM,0.05578598514943343,Buy
2024-02-29,NWSA,-0.05555555555555555,Sell
2024-02-29,MRVL,-0.05555555555555555,Sell
2024-02-29,CP,-0.055979017707955984,Sell
2024-02-29,CSIQ,0.05661774209374722,Buy
2024-02-29,M,0.002582136316073798,Buy
2024-02-29,ENB,-0.00042925267295861047,Sell
2024-02-29,CAT,0.0011107727545214552,Buy
2024-03-01,MNST,0.05519545646503172,Buy
2024-03-01,CNC,0.00038741264090332017,Buy
2024-03-01,PPG,0.05555555555555555,Buy
2024-03-01,HOG,-0.055860027337409045,Sell
2024-03-01,NVDA,0.05770772502011445,Buy
2024-03-01,WEN,0.00034479939813480964,Buy
2024-03-01,BUD,0.0002528787651119718,Buy
2024-03-01,SPWR,0.05443958596542477,Buy
2024-03-01,STI,-0.05555555555555555,Sell
2024-03-01,DPZ,-0.00020766898478218748,Sell
2024-03-01,VTR,-0.05773009844536735,Sell
2024-03-01,BBT,6.905543542655435e-05,Buy
2024-03-01,BDX,0.00012559414578811046,Buy
2024-03-01,ANF,0.0014987738743910128,Buy
2024-03-01,TSM,-0.05555555555555555,Sell
2024-03-01,KO,0.05555555555555555,Buy
2024-03-01,D,0.05195986203581677,Buy
2024-03-01,ULTA,-0.05555555555555555,Sell
2024-03-01,NTAP,-0.05555555555555555,Sell
2024-03-01,NWSA,0.05435117988364262,Buy
2024-03-01,MRVL,0.060093608165514234,Buy
2024-03-01,PRGO,0.05555555555555555,Buy
2024-03-01,SYK,-0.05555555555555555,Sell
2024-03-01,BSX,-0.05555555555555555,Sell
2024-03-01,M,-0.001744431247813552,Sell
2024-03-01,ENB,-0.056099076300454714,Sell
2024-03-01,CAT,0.00038619405412618907,Buy
2024-03-04,CNC,-0.05602884033889659,Sell
2024-03-04,PPG,-0.00011011271610419232,Sell
2024-03-04,CF,0.05555555555555555,Buy
2024-03-04,NVDA,-0.05555555555555555,Sell
2024-03-04,WEN,-0.05662146438552494,Sell
2024-03-04,BUD,-0.0001651595815862425,Sell
2024-03-04,SPWR,-0.05555555555555555,Sell
2024-03-04,JNJ,0.05555555555555555,Buy
2024-03-04,STI,0.06250819265789878,Buy
2024-03-04,DPZ,0.0005743236932561069,Buy
2024-03-04,BBT,0.001249589122453293,Buy
2024-03-04,BDX,-0.00031066095555170453,Sell
2024-03-04,ANF,0.002748205255368827,Buy
2024-03-04,TSM,0.0020465218093388624,Buy
2024-03-04,KO,-0.056047999314987974,Sell
2024-03-04,ULTA,-0.0001188696054932395,Sell
2024-03-04,EW,-0.05555555555555555,Sell
2024-03-04,NTAP,0.054736756187833226,Buy
2024-03-04,NWSA,0.05555555555555555,Buy
2024-03-04,PRGO,-1.8175335417890126e-05,Sell
2024-03-04,SYK,0.0006454082325801427,Buy
2024-03-04,BSX,0.05603491769731896,Buy
2024-03-04,M,-0.06334345854052958,Sell
2024-03-04,CAT,0.0005531390563019156,Buy
2024-03-04,MRK,0.05555555555555555,Buy
2024-03-05,CNC,0.05555555555555555,Buy
2024-03-05,PPG,-0.055025507107724254,Sell
2024-03-05,CF,-0.05496100646315721,Sell
2024-03-05,HOG,-0.05555555555555555,Sell
2024-03-05,NVDA,0.05566938681672293,Buy
2024-03-05,BUD,0.00032281614968125705,Buy
2024-03-05,SPWR,0.10756717799322578,Buy
2024-03-05,JNJ,0.0003146492425138009,Buy
2024-03-05,DPZ,-0.00040861763765231984,Sell
2024-03-05,VTR,0.05555555555555555,Buy
2024-03-05,BBT,-0.0009860372774054202,Sell
2024-03-05,BDX,0.0008748506775897308,Buy
2024-03-05,EBAY,-0.05555555555555555,Sell
2024-03-05,EWI,-0.05555555555555555,Sell
2024-03-05,ANF,0.0007057734588968856,Buy
2024-03-05,TSM,0.05388258025404117,Buy
2024-03-05,ULTA,-6.465095198716214e-05,Sell
2024-03-05,EW,0.054612457788385284,Buy
2024-03-05,RL,-0.05555555555555555,Sell
2024-03-05,NWSA,-0.05506828959631587,Sell
2024-03-05,BX,0.05555555555555555,Buy
2024-03-05,PRGO,-0.057363450288642315,Sell
2024-03-05,SYK,0.054659337943453165,Buy
2024-03-05,CSIQ,-0.05555555555555555,Sell
2024-03-05,CAT,-0.001194058329903644,Sell
2024-03-05,MRK,0.0009023885518742378,Buy
2024-03-06,CNC,6.694543728309743e-05,Buy
2024-03-06,AMTD,-0.05555555555555555,Sell
2024-03-06,HOG,0.054339147208738045,Buy
2024-03-06,NVDA,-0.05555555555555555,Sell
2024-03-06,BUD,-0.0002297684157339594,Sell
2024-03-06,SPWR,-0.0009268260229407035,Sell
2024-03-06,JNJ,0.00042082195372473985,Buy
2024-03-06,STI,-0.05555555555555555,Sell
2024-03-06,DPZ,-0.0004921408847050682,Sell
2024-03-06,VTR,-0.055958177861658784,Sell
2024-03-06,BBT,-0.05664421606006631,Sell
2024-03-06,BDX,-0.00030695907497329394,Sell
2024-03-06,EBAY,0.05585001925297733,Buy
2024-03-06,EWI,0.05601114940889095,Buy
2024-03-06,ANF,0.05339096940278976,Buy
2024-03-06,TSM,-0.05555555555555555,Sell
2024-03-06,XRT,0.05555555555555555,Buy
2024-03-06,ULTA,0.05523587290143162,Buy
2024-03-06,EW,-0.05555555555555555,Sell
2024-03-06,RL,0.0550150720418027,Buy
2024-03-06,BX,0.0008768858488654857,Buy
2024-03-06,MRVL,-0.05555555555555555,Sell
2024-03-06,CP,-0.05555555555555555,Sell
2024-03-06,OHI,0.05555555555555555,Buy
2024-03-06,CSIQ,0.05729543171929359,Buy
2024-03-06,VZ,0.05555555555555555,Buy
2024-03-06,CAT,0.00014570347154806151,Buy
2024-03-06,MRK,-0.05576732273414731,Sell
2024-03-07,CNC,-0.058872486093096456,Sell
2024-03-07,AMTD,0.05734265340661313,Buy
2024-03-07,NVDA,0.004352961063201835,Buy
2024-03-07,BUD,-0.05829820472873885,Sell
2024-03-07,SPWR,-0.11347163494937265,Sell
2024-03-07,JNJ,-0.001617958823395535,Sell
2024-03-07,STI,0.022773876861595724,Buy
2024-03-07,DPZ,0.0018037688310768296,Buy
2024-03-07,BDX,-0.05806844712840677,Sell
2024-03-07,ANF,0.05555555555555555,Buy
2024-03-07,TSM,0.0048776277256490155,Buy
2024-03-07,MS,0.05555555555555555,Buy
2024-03-07,XRT,-0.05750219235595625,Sell
2024-03-07,KO,0.05555555555555555,Buy
2024-03-07,D,0.05555555555555555,Buy
2024-03-07,EW,0.005344637635501644,Buy
2024-03-07,HUM,-0.05555555555555555,Sell
2024-03-07,WSM,-0.05555555555555555,Sell
2024-03-07,BX,-0.058040254316727886,Sell
2024-03-07,MRVL,0.05996418781766035,Buy
2024-03-07,HMC,0.05555555555555555,Buy
2024-03-07,CME,0.05555555555555555,Buy
2024-03-07,CP,0.05886751841204116,Buy
2024-03-07,OHI,-0.0011567466712241112,Sell
2024-03-07,VZ,-0.0012126679293311612,Sell
2024-03-07,CAT,0.00257130511781474,Buy
2024-03-08,PPG,0.05555555555555555,Buy
2024-03-08,XLP,0.05555555555555555,Buy
2024-03-08,NVDA,0.05226920473877454,Buy
2024-03-08,SPWR,0.10979898693015067,Buy
2024-03-08,NSC,-0.05555555555555555,Sell
2024-03-08,JNJ,-0.0555656841479189,Sell
2024-03-08,STI,0.002479523546495707,Buy
2024-03-08,DPZ,-0.0005082333856057317,Sell
2024-03-08,ANF,0.004174670401514015,Buy
2024-03-08,DLTR,0.05555555555555555,Buy
2024-03-08,TSM,-0.0012659569109946395,Sell
2024-03-08,MS,-0.055917442401839754,Sell
2024-03-08,MAR,-0.05555555555555555,Sell
2024-03-08,KEY,0.05555555555555555,Buy
2024-03-08,KO,-0.05541373492116612,Sell
2024-03-08,D,-0.05535078847936284,Sell
2024-03-08,EW,-0.0012014434272738794,Sell
2024-03-08,HUM,-0.00043881094077063976,Sell
2024-03-08,WSM,0.10807965577204232,Buy
2024-03-08,HMC,-0.0554641805661755,Sell
2024-03-08,CME,0.0003588470295744703,Buy
2024-03-08,OHI,-0.055610622551682136,Sell
2024-03-08,VZ,0.000244306753051704,Buy
2024-03-08,CAT,-0.0003838269656196297,Sell
2024-03-08,BMY,-0.05555555555555555,Sell
2024-03-11,PPG,-0.060154034843633776,Sell
2024-03-11,AMTD,-0.05555555555555555,Sell
2024-03-11,XLP,-0.059730911856574316,Sell
2024-03-11,SPWR,-0.11436234496993608,Sell
2024-03-11,NSC,0.059113870675623535,Buy
2024-03-11,ICE,0.05555555555555555,Buy
2024-03-11,GREK,0.05555555555555555,Buy
2024-03-11,QCOM,-0.05555555555555555,Sell
2024-03-11,STI,0.07858896275773036,Buy
2024-03-11,DPZ,0.0037031218770553487,Buy
2024-03-11,EBAY,-0.05555555555555555,Sell
2024-03-11,ANF,-0.002799765871998511,Sell
2024-03-11,DLTR,-0.05984464633397073,Sell
2024-03-11,TSM,0.05642372065940078,Buy
2024-03-11,MAR,0.058977239997213896,Buy
2024-03-11,KEY,-0.059406858110169464,Sell
2024-03-11,ULTA,-0.05555555555555555,Sell
2024-03-11,PVH,0.05555555555555555,Buy
2024-03-11,EW,0.05856224296361466,Buy
2024-03-11,HUM,0.005190507898532579,Buy
2024-03-11,WSM,-0.059773571399349024,Sell
2024-03-11,TRIP,-0.05555555555555555,Sell
2024-03-11,PCG,0.05555555555555555,Buy
2024-03-11,HMC,0.05555555555555555,Buy
2024-03-11,CME,-0.06046401787030097,Sell
2024-03-11,PRGO,0.05555555555555555,Buy
2024-03-11,BSX,0.05555555555555555,Buy
2024-03-11,VZ,-0.060339098549075314,Sell
2024-03-11,CAT,0.05866774163321285,Buy
2024-03-11,MRK,0.05555555555555555,Buy
2024-03-11,BMY,0.060036376913744804,Buy
2024-03-12,CNC,0.05555555555555555,Buy
2024-03-12,AMTD,0.055347436850126525,Buy
2024-03-12,NVDA,-0.05555555555555555,Sell
2024-03-12,WEN,0.05555555555555555,Buy
2024-03-12,SPWR,0.044407040247915607,Buy
2024-03-12,ICE,-0.05440656086001845,Sell
2024-03-12,GREK,0.0008832937369567667,Buy
2024-03-12,QCOM,-0.0005338391759736535,Sell
2024-03-12,STI,0.044762296774085726,Buy
2024-03-12,DPZ,0.05546233027896083,Buy
2024-03-12,VTR,0.05555555555555555,Buy
2024-03-12,BDX,0.05555555555555555,Buy
2024-03-12,EBAY,0.053723259696461696,Buy
2024-03-12,ANF,-0.05627508144533505,Sell
2024-03-12,ORCL,-0.05555555555555555,Sell
2024-03-12,TSM,-0.05555555555555555,Sell
2024-03-12,KEY,0.05555555555555555,Buy
2024-03-12,ILMN,0.05555555555555555,Buy
2024-03-12,ULTA,-0.00046177479283199957,Sell
2024-03-12,PVH,-0.05515275777679525,Sell
2024-03-12,HUM,-0.001446952178592531,Sell
2024-03-12,WSM,-0.05555555555555555,Sell
2024-03-12,TRIP,0.05472583400683663,Buy
2024-03-12,PCG,0.001586835289365332,Buy
2024-03-12,RF,0.05555555555555555,Buy
2024-03-12,HMC,-0.05521429737995738,Sell
2024-03-12,PRGO,-0.05432748668749969,Sell
2024-03-12,SYK,-0.05555555555555555,Sell
2024-03-12,BSX,-0.05552575472307414,Sell
2024-03-12,CAT,-0.05555555555555555,Sell
2024-03-12,MRK,-0.0543498838068383,Sell
2024-03-13,CNC,-0.05592975853654697,Sell
2024-03-13,BAX,0.05555555555555555,Buy
2024-03-13,NVDA,0.05532766707485852,Buy
2024-03-13,WEN,-0.05634714361201753,Sell
2024-03-13,SPWR,-0.05555555555555555,Sell
2024-03-13,GREK,-0.00038206751054033206,Sell
2024-03-13,QCOM,0.054713491605420383,Buy
2024-03-13,JNJ,0.05555555555555555,Buy
2024-03-13,STI,0.05555555555555555,Buy
2024-03-13,VTR,-0.00010110901847677767,Sell
2024-03-13,BDX,-0.056182194102953865,Sell
2024-03-13,EBAY,-0.05555555555555555,Sell
2024-03-13,ANF,-0.05555555555555555,Sell
2024-03-13,ORCL,0.05506545784191458,Buy
2024-03-13,DLTR,0.05555555555555555,Buy
2024-03-13,TSM,0.05507593441481521,Buy
2024-03-13,KEY,-0.056404981165928875,Sell
2024-03-13,ILMN,-0.055981136807397684,Sell
2024-03-13,ULTA,0.0015653176649265965,Buy
2024-03-13,EW,-0.05555555555555555,Sell
2024-03-13,RL,-0.05555555555555555,Sell
2024-03-13,HUM,0.055959750338589444,Buy
2024-03-13,WSM,0.010335287074190014,Buy
2024-03-13,LOW,-0.05555555555555555,Sell
2024-03-13,PCG,-0.056225902203614564,Sell
2024-03-13,RF,-0.056096205792963226,Sell
2024-03-13,SYK,0.05571744033950484,Buy
2024-03-13,BSX,0.05555555555555555,Buy
2024-03-13,CAT,0.0011061645677576254,Buy
2024-03-13,MRK,0.05555555555555555,Buy
2024-03-13,BMY,0.05555555555555555,Buy
2024-03-14,PPG,0.05555555555555555,Buy
2024-03-14,BAX,0.00102062994201748,Buy
2024-03-14,HP,-0.05555555555555555,Sell
2024-03-14,HOG,-0.05555555555555555,Sell
2024-03-14,SPWR,0.05174626999359341,Buy
2024-03-14,GREK,-0.0559183664608728,Sell
2024-03-14,JNJ,0.0008139147792696963,Buy
2024-03-14,STI,-0.002051593986069411,Sell
2024-03-14,VTR,0.0011978692866447538,Buy
2024-03-14,DHI,0.05555555555555555,Buy
2024-03-14,EBAY,0.055222385078910495,Buy
2024-03-14,ANF,-0.00043229489124890774,Sell
2024-03-14,DLTR,0.0015400083625806762,Buy
2024-03-14,CCL,-0.05555555555555555,Sell
2024-03-14,KEY,0.05555555555555555,Buy
2024-03-14,ULTA,-0.00033399518045442583,Sell
2024-03-14,EW,9.223867650773321e-05,Buy
2024-03-14,RL,-0.0003307212138922433,Sell
2024-03-14,WSM,0.00018327053715221087,Buy
2024-03-14,LOW,0.05476908937075283,Buy
2024-03-14,BSX,-0.056079270141025685,Sell
2024-03-14,CAT,-9.918028913887683e-05,Sell
2024-03-14,MRK,0.0005656207074822492,Buy
2024-03-14,BMY,-0.055223161933679786,Sell
2024-03-15,PPG,0.0015972295034796732,Buy
2024-03-15,BAX,0.0016973756367878387,Buy
2024-03-15,HP,0.054415989001118215,Buy
2024-03-15,HOG,-0.0005088150083624315,Sell
2024-03-15,JNJ,-0.05403699156897684,Sell
2024-03-15,STI,-0.017241851874493216,Sell
2024-03-15,VTR,0.0013071605954673993,Buy
2024-03-15,DHI,-0.0548845574993636,Sell
2024-03-15,EBAY,-0.05555555555555555,Sell
2024-03-15,ANF,-0.0009367419135018692,Sell
2024-03-15,DLTR,0.00021554735625854,Buy
2024-03-15,CCL,0.054590301901406124,Buy
2024-03-15,MAR,0.05555555555555555,Buy
2024-03-15,KEY,-0.05461517041610855,Sell
2024-03-15,ULTA,0.10711070566679477,Buy
2024-03-15,EW,0.05377716585698239,Buy
2024-03-15,RL,-0.0013636417152211242,Sell
2024-03-15,WSM,-0.0015246520215736817,Sell
2024-03-15,NWSA,0.05555555555555555,Buy
2024-03-15,TRIP,-0.05555555555555555,Sell
2024-03-15,HMC,-0.05555555555555555,Sell
2024-03-15,COF,0.05555555555555555,Buy
2024-03-15,ZUMZ,-0.05555555555555555,Sell
2024-03-15,CAT,-0.0003633939772395428,Sell
2024-03-15,MRK,-0.05484470254012399,Sell
2024-03-18,PPG,-0.05442409789701931,Sell
2024-03-18,BAX,0.001695744062749159,Buy
2024-03-18,HOG,0.05359528200019484,Buy
2024-03-18,BUD,0.05555555555555555,Buy
2024-03-18,SPWR,-0.05555555555555555,Sell
2024-03-18,JNJ,0.05555555555555555,Buy
2024-03-18,STI,-0.028780966092370075,Sell
2024-03-18,VTR,0.0012366794128331748,Buy
2024-03-18,EBAY,0.053072050496573736,Buy
2024-03-18,ANF,0.0005077843867564505,Buy
2024-03-18,DLTR,-0.053878590514163695,Sell
2024-03-18,CCL,-0.05555555555555555,Sell
2024-03-18,MAR,-0.05493422269124007,Sell
2024-03-18,ULTA,0.001972383866583334,Buy
2024-03-18,PVH,0.05555555555555555,Buy
2024-03-18,EW,-0.05555555555555555,Sell
2024-03-18,RL,-0.0011920406723341312,Sell
2024-03-18,WSM,-0.001321687251379898,Sell
2024-03-18,NWSA,0.0017318748171313708,Buy
2024-03-18,TRIP,-0.0006577938653620288,Sell
2024-03-18,HMC,0.054504130229046634,Buy
2024-03-18,SYK,-0.05555555555555555,Sell
2024-03-18,COF,-0.0542371370365382,Sell
2024-03-18,ZUMZ,0.05283981929390091,Buy
2024-03-18,CAT,-0.0008384223356337692,Sell
2024-03-18,BMY,0.05555555555555555,Buy
2024-03-19,BAX,-0.05592125118917162,Sell
2024-03-19,VWO,0.05555555555555555,Buy
2024-03-19,HOG,-0.05555555555555555,Sell
2024-03-19,BUD,0.000245391788975903,Buy
2024-03-19,SPWR,0.05627510121979958,Buy
2024-03-19,GREK,0.05555555555555555,Buy
2024-03-19,JNJ,0.00037514254232322297,Buy
2024-03-19,STI,-0.059649953790582654,Sell
2024-03-19,VTR,-0.0006089149649604261,Sell
2024-03-19,EBAY,-0.05555555555555555,Sell
2024-03-19,WFC,0.05555555555555555,Buy
2024-03-19,SIRI,0.05555555555555555,Buy
2024-03-19,ANF,-7.080154921873527e-05,Sell
2024-03-19,CCL,0.054998466844352965,Buy
2024-03-19,WMB,-0.05555555555555555,Sell
2024-03-19,ULTA,-0.05503662555096468,Sell
2024-03-19,PVH,-0.056939516431688535,Sell
2024-03-19,EW,0.0006898727070754479,Buy
2024-03-19,RL,0.00021858832175352533,Buy
2024-03-19,WSM,0.0013915082280890542,Buy
2024-03-19,NWSA,-0.05600568500854873,Sell
2024-03-19,TRIP,0.055096037418638645,Buy
2024-03-19,CP,0.05555555555555555,Buy
2024-03-19,SYK,0.00025860017200756563,Buy
2024-03-19,XLE,-0.05555555555555555,Sell
2024-03-19,VZ,0.05555555555555555,Buy
2024-03-19,CAT,0.055689423085933526,Buy
2024-03-19,BMY,-0.05560009553373468,Sell
2024-03-20,VWO,-0.05614984229270153,Sell
2024-03-20,HOG,0.0016567687449979204,Buy
2024-03-20,BUD,-0.00022581734090816596,Sell
2024-03-20,GREK,-0.05683742260428383,Sell
2024-03-20,JNJ,8.952354204339041e-06,Buy
2024-03-20,STI,-0.05555555555555555,Sell
2024-03-20,KMB,0.05555555555555555,Buy
2024-03-20,VTR,-0.0005239395157817725,Sell
2024-03-20,BDX,0.05555555555555555,Buy
2024-03-20,EBAY,0.055868331962168026,Buy
2024-03-20,WFC,-0.05599045826451866,Sell
2024-03-20,EWI,-0.05555555555555555,Sell
2024-03-20,SIRI,0.00152387738715664,Buy
2024-03-20,ANF,0.0018344695917488912,Buy
2024-03-20,WMB,0.05588416111403081,Buy
2024-03-20,PVH,-0.05555555555555555,Sell
2024-03-20,EW,0.054956924218899784,Buy
2024-03-20,RL,0.0019680376066830915,Buy
2024-03-20,WSM,0.0004724395906877954,Buy
2024-03-20,TRIP,-0.05555555555555555,Sell
2024-03-20,CME,0.05555555555555555,Buy
2024-03-20,CP,-0.05684177112512789,Sell
2024-03-20,CLX,0.05555555555555555,Buy
2024-03-20,SYK,0.05512955897359852,Buy
2024-03-20,XLE,0.05562851821789017,Buy
2024-03-20,ZUMZ,-0.05555555555555555,Sell
2024-03-20,VZ,-0.0003605949147365353,Sell
2024-03-21,HOG,0.05810709025961407,Buy
2024-03-21,BUD,-8.825573275597631e-06,Sell
2024-03-21,SPWR,0.05555555555555555,Buy
2024-03-21,JNJ,-0.0007362005302297206,Sell
2024-03-21,STI,0.008662865250178023,Buy
2024-03-21,KMB,-0.056471833538335646,Sell
2024-03-21,VTR,-0.001049203283090945,Sell
2024-03-21,BDX,-0.057182855573360045,Sell
2024-03-21,MU,-0.05555555555555555,Sell
2024-03-21,WFC,-0.05555555555555555,Sell
2024-03-21,EWI,0.11116820524768925,Buy
2024-03-21,SIRI,-0.0008852872049892532,Sell
2024-03-21,ANF,0.05728754349933116,Buy
2024-03-21,PVH,0.05652072545203169,Buy
2024-03-21,EW,-0.05555555555555555,Sell
2024-03-21,RL,0.0007693872686748288,Buy
2024-03-21,HUM,0.05555555555555555,Buy
2024-03-21,WSM,0.004189476911432691,Buy
2024-03-21,TRIP,0.0013218350424469907,Buy
2024-03-21,LOW,-0.05555555555555555,Sell
2024-03-21,CME,-0.0569462913126928,Sell
2024-03-21,CLX,0.00031883100979549633,Buy
2024-03-21,M,0.05555555555555555,Buy
2024-03-21,ZUMZ,0.05599065811023899,Buy
2024-03-21,VZ,-0.056884704059340305,Sell
2024-03-21,CAT,-0.05555555555555555,Sell
2024-03-22,HOG,-0.05555555555555555,Sell
2024-03-22,BUD,-0.0001884153182435261,Sell
2024-03-22,SPWR,-0.05653273908063728,Sell
2024-03-22,NSC,0.05555555555555555,Buy
2024-03-22,RRC,-0.05555555555555555,Sell
2024-03-22,JNJ,0.00019377458307059947,Buy
2024-03-22,STI,0.05825244783535286,Buy
2024-03-22,VTR,0.0007041034751568281,Buy
2024-03-22,MU,0.00017370136353540844,Buy
2024-03-22,WFC,0.054855886485416665,Buy
2024-03-22,EWI,0.00012693808063715672,Buy
2024-03-22,SIRI,8.329755900191027e-06,Buy
2024-03-22,ULTA,-0.05555555555555555,Sell
2024-03-22,EW,-0.0005304780121212563,Sell
2024-03-22,RL,-0.0008309445596591178,Sell
2024-03-22,HUM,-0.05573111647689573,Sell
2024-03-22,WSM,-9.703120334070281e-05,Sell
2024-03-22,NWSA,0.05555555555555555,Buy
2024-03-22,TRIP,0.0004228753065159893,Buy
2024-03-22,LOW,-0.0005403931435420187,Sell
2024-03-22,CLX,-0.05670962784762362,Sell
2024-03-22,M,0.0014511102780956492,Buy
2024-03-22,VZ,0.05555555555555555,Buy
2024-03-22,CAT,0.05456444487520611,Buy
2024-03-25,PPG,0.05555555555555555,Buy
2024-03-25,HOG,0.05543309256176159,Buy
2024-03-25,BUD,-0.00029242575690335143,Sell
2024-03-25,SPWR,-0.05555555555555555,Sell
2024-03-25,NSC,0.001301279286891284,Buy
2024-03-25,RRC,0.05597137639653653,Buy
2024-03-25,CAG,-0.05555555555555555,Sell
2024-03-25,JNJ,-0.055582807416894295,Sell
2024-03-25,STI,0.05555555555555555,Buy
2024-03-25,DPZ,-0.05555555555555555,Sell
2024-03-25,VTR,0.0008793543112348701,Buy
2024-03-25,BDX,0.05555555555555555,Buy
2024-03-25,MU,0.003521062593070612,Buy
2024-03-25,WFC,0.05555555555555555,Buy
2024-03-25,EWI,-0.0561513462316539,Sell
2024-03-25,SIRI,-0.05572965807294791,Sell
2024-03-25,ANF,0.05555555555555555,Buy
2024-03-25,ULTA,-0.0015501052214474467,Sell
2024-03-25,EW,0.055213018901610844,Buy
2024-03-25,RL,-0.0013677061747064609,Sell
2024-03-25,WSM,-0.0002162983068050503,Sell
2024-03-25,NWSA,-0.05586540972645082,Sell
2024-03-25,TRIP,0.05480787829879477,Buy
2024-03-25,LOW,0.05461874781240818,Buy
2024-03-25,CP,0.05555555555555555,Buy
2024-03-25,SYK,-0.05555555555555555,Sell
2024-03-25,XLE,-0.05555555555555555,Sell
2024-03-25,M,-0.05388447619122916,Sell
2024-03-25,VZ,-0.05627486419741682,Sell
2024-03-26,PPG,-0.05619660205872074,Sell
2024-03-26,CF,0.05555555555555555,Buy
2024-03-26,WEN,0.05555555555555555,Buy
2024-03-26,DAL,-0.05555555555555555,Sell
2024-03-26,BUD,-0.0009088526051141271,Sell
2024-03-26,SPWR,0.11552874189694146,Buy
2024-03-26,NSC,-0.00019289536547431596,Sell
2024-03-26,CAG,2.9465475355115733e-05,Buy
2024-03-26,STI,8.853726227678327e-06,Buy
2024-03-26,DPZ,0.0025268873964959943,Buy
2024-03-26,VTR,1.7862380019169344e-05,Buy
2024-03-26,EWC,0.05555555555555555,Buy
2024-03-26,BDX,-0.05597971017266568,Sell
2024-03-26,MU,0.001173003344132957,Buy
2024-03-26,WFC,-0.05588181666710777,Sell
2024-03-26,ANF,-0.05630038312046153,Sell
2024-03-26,ULTA,0.0013457780089516994,Buy
2024-03-26,PVH,-0.05555555555555555,Sell
2024-03-26,RL,0.00037861175328721824,Buy
2024-03-26,WSM,-0.00013300438733226255,Sell
2024-03-26,DUK,0.05555555555555555,Buy
2024-03-26,CP,-0.05584790594326633,Sell
2024-03-26,SYK,0.05582753435380031,Buy
2024-03-26,XLE,0.05549930039335238,Buy
2024-03-26,BMY,-0.05555555555555555,Sell
2024-03-27,CF,-0.0005762007582614248,Sell
2024-03-27,WEN,-0.05772619028413328,Sell
2024-03-27,DAL,0.05725836448614476,Buy
2024-03-27,BUD,-0.0004839651284678087,Sell
2024-03-27,SPWR,-0.05489115010225086,Sell
2024-03-27,NSC,-0.05660001865253621,Sell
2024-03-27,RRC,-0.05555555555555555,Sell
2024-03-27,CAG,0.05670340250323566,Buy
2024-03-27,GREK,0.05555555555555555,Buy
2024-03-27,STI,-0.0006096663935646271,Sell
2024-03-27,DPZ,0.0010833934081943275,Buy
2024-03-27,VTR,-0.057268303916046606,Sell
2024-03-27,EWC,-0.0561039719057373,Sell
2024-03-27,MU,0.055798746632468255,Buy
2024-03-27,WFC,-0.05555555555555555,Sell
2024-03-27,WMB,-0.05555555555555555,Sell
2024-03-27,TRP,0.05555555555555555,Buy
2024-03-27,ULTA,-5.5997258239612324e-05,Sell
2024-03-27,PVH,0.056566109660204346,Buy
2024-03-27,RL,0.001363283879150426,Buy
2024-03-27,HUM,0.05555555555555555,Buy
2024-03-27,WSM,0.001043765088745964,Buy
2024-03-27,TRIP,0.05555555555555555,Buy
2024-03-27,DUK,-0.05702432788882577,Sell
2024-03-27,PRGO,0.05555555555555555,Buy
2024-03-27,OHI,0.05555555555555555,Buy
2024-03-27,SYK,-0.05555555555555555,Sell
2024-03-27,CAT,-0.05555555555555555,Sell
2024-03-27,BMY,0.056328647977942084,Buy
2024-03-28,A,0.05555555555555555,Buy
2024-03-28,CF,-0.056213518582381376,Sell
2024-03-28,BUD,-0.000197579187657268,Sell
2024-03-28,SPWR,0.05555555555555555,Buy
2024-03-28,RRC,0.05593816107848431,Buy
2024-03-28,GREK,-7.18704823676683e-05,Sell
2024-03-28,STI,0.002996487178207642,Buy
2024-03-28,DPZ,0.0007912743824304846,Buy
2024-03-28,EBAY,-0.05555555555555555,Sell
2024-03-28,WFC,0.0005916685732923754,Buy
2024-03-28,EWI,0.05555555555555555,Buy
2024-03-28,SIRI,0.05555555555555555,Buy
2024-03-28,ANF,-0.05555555555555555,Sell
2024-03-28,WMB,0.0008752841752255464,Buy
2024-03-28,TRP,-0.05659658806513714,Sell
2024-03-28,ULTA,0.0012698405432585227,Buy
2024-03-28,RL,0.0006296459347925887,Buy
2024-03-28,HUM,0.00019130070756908507,Buy
2024-03-28,WSM,0.0008764287624612663,Buy
2024-03-28,NWSA,0.05555555555555555,Buy
2024-03-28,TRIP,-0.05568794244350906,Sell
2024-03-28,PRGO,-0.05710315058829462,Sell
2024-03-28,OHI,-0.05692254594748624,Sell
2024-03-28,SYK,0.055677483984996945,Buy
2024-03-28,CAT,0.0005250357421312038,Buy
2024-04-01,A,-0.056526162741957243,Sell
2024-04-01,XLP,0.05555555555555555,Buy
2024-04-01,HYG,0.05555555555555555,Buy
2024-04-01,BUD,-0.05671211052508855,Sell
2024-04-01,SPWR,-0.04853011909037124,Sell
2024-04-01,RRC,-0.05555555555555555,Sell
2024-04-01,GREK,-0.0006903348300898032,Sell
2024-04-01,STI,-0.05005556985855305,Sell
2024-04-01,NDAQ,0.05555555555555555,Buy
2024-04-01,DPZ,0.0005234560547041633,Buy
2024-04-01,MU,-0.05555555555555555,Sell
2024-04-01,EBAY,0.0558699659957667,Buy
2024-04-01,WFC,0.056074421749277154,Buy
2024-04-01,EWI,-0.05631039144973488,Sell
2024-04-01,SIRI,-0.00013253269325950306,Sell
2024-04-01,ANF,0.0037898925881493448,Buy
2024-04-01,WMB,0.05627031781188936,Buy
2024-04-01,ULTA,0.0015209180014859325,Buy
2024-04-01,RL,-8.391888244635437e-05,Sell
2024-04-01,HUM,-0.05718470852193118,Sell
2024-04-01,WSM,0.00039757748211318583,Buy
2024-04-01,NWSA,-6.221875335547106e-05,Sell
2024-04-01,HMC,0.05555555555555555,Buy
2024-04-01,CME,0.05555555555555555,Buy
2024-04-01,PRGO,0.05555555555555555,Buy
2024-04-01,XLE,-0.05555555555555555,Sell
2024-04-01,CAT,0.0004453779116001741,Buy
2024-04-02,XLP,0.00011685881701063716,Buy
2024-04-02,AA,-0.05555555555555555,Sell
2024-04-02,HYG,-0.0556315576526035,Sell
2024-04-02,RRC,0.05602975686077899,Buy
2024-04-02,GREK,0.0009335778226775074,Buy
2024-04-02,NDAQ,0.0006887967294411657,Buy
2024-04-02,DPZ,0.0005468659327573094,Buy
2024-04-02,MU,-0.0005248521638761203,Sell
2024-04-02,EWI,0.05555555555555555,Buy
2024-04-02,SIRI,-0.05368862826476794,Sell
2024-04-02,ANF,-1.5940070601398737e-05,Sell
2024-04-02,ILMN,0.05555555555555555,Buy
2024-04-02,KGC,-0.05555555555555555,Sell
2024-04-02,WMB,-0.05555555555555555,Sell
2024-04-02,ULTA,0.054742775581296435,Buy
2024-04-02,RL,0.053181088272887686,Buy
2024-04-02,HUM,0.05555555555555555,Buy
2024-04-02,WSM,-0.0006492016872833781,Sell
2024-04-02,NWSA,0.0004776805696220521,Buy
2024-04-02,BX,0.05555555555555555,Buy
2024-04-02,HMC,0.0005713601344161726,Buy
2024-04-02,CME,-0.056456263748699664,Sell
2024-04-02,PRGO,-0.05435457597426114,Sell
2024-04-02,XLE,0.000949298010414136,Buy
2024-04-02,CAT,0.0003370349223230165,Buy
2024-04-03,CNC,0.05555555555555555,Buy
2024-04-03,XLP,0.00020158644780909896,Buy
2024-04-03,AA,0.0028333493342285743,Buy
2024-04-03,GREK,-0.0006009622484014487,Sell
2024-04-03,JNJ,0.05555555555555555,Buy
2024-04-03,NDAQ,-0.056198578803136764,Sell
2024-04-03,DPZ,0.0013828760063183954,Buy
2024-04-03,MU,0.0028132816709545427,Buy
2024-04-03,EOG,-0.05555555555555555,Sell
2024-04-03,EWI,-0.05643658471909531,Sell
2024-04-03,ANF,0.00012948389288320455,Buy
2024-04-03,ILMN,-0.05563073677608173,Sell
2024-04-03,KGC,0.05722016138957941,Buy
2024-04-03,GOLD,-0.05555555555555555,Sell
2024-04-03,WMB,0.05604163141996,Buy
2024-04-03,TRP,0.05555555555555555,Buy
2024-04-03,ULTA,0.05555555555555555,Buy
2024-04-03,PVH,0.05555555555555555,Buy
2024-04-03,HUM,-0.0011008763423569629,Sell
2024-04-03,NTAP,-0.05555555555555555,Sell
2024-04-03,WSM,0.055732326262625614,Buy
2024-04-03,NWSA,-0.056496996319611574,Sell
2024-04-03,BX,-0.0560856421101661,Sell
2024-04-03,LOW,0.05555555555555555,Buy
2024-04-03,HMC,-0.0560936433959271,Sell
2024-04-03,XLE,0.0007979144195449026,Buy
2024-04-03,CAT,0.0020963011966127418,Buy
2024-04-04,CNC,0.0013364500726057507,Buy
2024-04-04,PPG,0.05555555555555555,Buy
2024-04-04,CF,-0.05555555555555555,Sell
2024-04-04,XLP,0.000827453317496521,Buy
2024-04-04,AA,0.05314575336858325,Buy
2024-04-04,RRC,-0.05555555555555555,Sell
2024-04-04,CAG,-0.05555555555555555,Sell
2024-04-04,GREK,0.0010117703313709953,Buy
2024-04-04,JNJ,0.0012185532788458048,Buy
2024-04-04,DPZ,0.05246503288670156,Buy
2024-04-04,MU,-0.0022746091405407773,Sell
2024-04-04,EOG,-0.0004887533167588012,Sell
2024-04-04,EWI,0.05555555555555555,Buy
2024-04-04,ANF,0.05169728299936692,Buy
2024-04-04,HTZ,-0.05555555555555555,Sell
2024-04-04,XRT,0.05555555555555555,Buy
2024-04-04,GOLD,0.053315349711356534,Buy
2024-04-04,TRP,-0.054263740316361886,Sell
2024-04-04,ULTA,-0.05604594219819921,Sell
2024-04-04,PVH,-0.05543304187898952,Sell
2024-04-04,HUM,-0.11087292339869656,Sell
2024-04-04,NTAP,0.05435212312062823,Buy
2024-04-04,WSM,-0.05555555555555555,Sell
2024-04-04,TRIP,0.05555555555555555,Buy
2024-04-04,LOW,-0.05434983088229202,Sell
2024-04-04,CSIQ,0.05555555555555555,Buy
2024-04-04,XLE,-0.0006254281954861662,Sell
2024-04-04,CAT,0.054086521538165365,Buy
2024-04-05,CNC,-0.056419417420720465,Sell
2024-04-05,PPG,-6.240674239842148e-06,Sell
2024-04-05,CF,0.05516005211892957,Buy
2024-04-05,XLP,-0.055943846639499265,Sell
2024-04-05,SPWR,0.05555555555555555,Buy
2024-04-05,RRC,0.055678671848358924,Buy
2024-04-05,CAG,0.05667382806677292,Buy
2024-04-05,GREK,-0.0008431565589152382,Sell
2024-04-05,JNJ,-0.00025767587696565175,Sell
2024-04-05,DPZ,-0.05555555555555555,Sell
2024-04-05,MU,6.841579184033164e-05,Buy
2024-04-05,WFC,-0.05555555555555555,Sell
2024-04-05,EOG,0.0010939190059682247,Buy
2024-04-05,EWI,-0.00031303364260532734,Sell
2024-04-05,SIRI,0.05555555555555555,Buy
2024-04-05,HTZ,0.055930562200865896,Buy
2024-04-05,XRT,-0.056026089513399616,Sell
2024-04-05,GOLD,-0.05555555555555555,Sell
2024-04-05,TRP,0.05555555555555555,Buy
2024-04-05,HUM,0.0008510253736246226,Buy
2024-04-05,WSM,0.0008503385431954044,Buy
2024-04-05,TRIP,-0.0006694973622793643,Sell
2024-04-05,CLX,0.05555555555555555,Buy
2024-04-05,CSIQ,-0.05166600961299091,Sell
2024-04-05,XLE,0.0008965656536982433,Buy
2024-04-05,CAT,-0.05555555555555555,Sell
2024-04-08,PPG,-0.05647982245535605,Sell
2024-04-08,BAX,0.05555555555555555,Buy
2024-04-08,SPWR,-0.05853263006390236,Sell
2024-04-08,RRC,-0.05555555555555555,Sell
2024-04-08,GREK,-0.05708526104020461,Sell
2024-04-08,QCOM,-0.05555555555555555,Sell
2024-04-08,JNJ,-0.000278401010903033,Sell
2024-04-08,DPZ,0.0015722674517492999,Buy
2024-04-08,BDX,0.05555555555555555,Buy
2024-04-08,MU,0.0002869174553534401,Buy
2024-04-08,WFC,0.0009544155290480902,Buy
2024-04-08,EOG,0.055926282604099695,Buy
2024-04-08,EWI,-0.056567712669198515,Sell
2024-04-08,SIRI,0.0011960510542414135,Buy
2024-04-08,TSM,-0.05555555555555555,Sell
2024-04-08,GOLD,0.011394064037927157,Buy
2024-04-08,TRP,-0.00038209706145529015,Sell
2024-04-08,ULTA,-0.05555555555555555,Sell
2024-04-08,HUM,0.05682594504805339,Buy
2024-04-08,WSM,0.05591817855232187,Buy
2024-04-08,NWSA,0.05555555555555555,Buy
2024-04-08,TRIP,-0.0001815553575033671,Sell
2024-04-08,CLX,3.846657394376146e-05,Buy
2024-04-08,XLE,0.05577380021572858,Buy
2024-04-08,M,-0.05555555555555555,Sell
2024-04-08,VZ,0.05555555555555555,Buy
2024-04-08,CAT,0.05526589414591323,Buy
2024-04-09,MET,0.05555555555555555,Buy
2024-04-09,BAX,-0.05621714725037141,Sell
2024-04-09,AA,-0.05555555555555555,Sell
2024-04-09,NSC,-0.05555555555555555,Sell
2024-04-09,ICE,0.05555555555555555,Buy
2024-04-09,RRC,0.0004417290783676614,Buy
2024-04-09,QCOM,0.0005231614946034288,Buy
2024-04-09,JNJ,-0.05571193690740887,Sell
2024-04-09,STI,0.05555555555555555,Buy
2024-04-09,TRV,0.05555555555555555,Buy
2024-04-09,DPZ,-0.0004896689192755779,Sell
2024-04-09,BDX,-0.05639420180439624,Sell
2024-04-09,MU,-0.0002440228025173824,Sell
2024-04-09,WFC,0.05525434627386758,Buy
2024-04-09,EOG,-0.05555555555555555,Sell
2024-04-09,SIRI,-0.056604360949069864,Sell
2024-04-09,TSM,0.0009139636262099834,Buy
2024-04-09,GOLD,0.05360923739138785,Buy
2024-04-09,TRP,-0.00027894785100926467,Sell
2024-04-09,ULTA,0.055703269227049566,Buy
2024-04-09,WSM,-0.05555555555555555,Sell
2024-04-09,NWSA,0.0005952179615440548,Buy
2024-04-09,TRIP,0.0003662062232547003,Buy
2024-04-09,CME,0.05555555555555555,Buy
2024-04-09,CLX,-0.055329093091890845,Sell
2024-04-09,M,0.05585298669534173,Buy
2024-04-09,VZ,0.00040354892015567745,Buy
2024-04-10,MET,-0.05484560720299625,Sell
2024-04-10,HOG,0.05555555555555555,Buy
2024-04-10,AA,0.05463435443882995,Buy
2024-04-10,NSC,0.05476499245074857,Buy
2024-04-10,ICE,-0.05471291264681208,Sell
2024-04-10,RRC,0.0002294720471777631,Buy
2024-04-10,QCOM,0.05409424381759461,Buy
2024-04-10,JNJ,0.05555555555555555,Buy
2024-04-10,STI,-0.05628461183352876,Sell
2024-04-10,TRV,-0.00016396088615664578,Sell
2024-04-10,DPZ,0.0009643737682692097,Buy
2024-04-10,DHI,0.05555555555555555,Buy
2024-04-10,MU,-0.00016503947582012513,Sell
2024-04-10,EBAY,-0.05555555555555555,Sell
2024-04-10,EOG,0.00039081193720476304,Buy
2024-04-10,EWI,0.05555555555555555,Buy
2024-04-10,SIRI,0.05555555555555555,Buy
2024-04-10,HTZ,-0.05555555555555555,Sell
2024-04-10,TSM,0.0003433586320900697,Buy
2024-04-10,ILMN,-0.05555555555555555,Sell
2024-04-10,GOLD,-0.05555555555555555,Sell
2024-04-10,TRP,0.0016809021896604312,Buy
2024-04-10,WSM,0.05275209779488605,Buy
2024-04-10,NWSA,0.001451829304736689,Buy
2024-04-10,TRIP,0.000919958718153889,Buy
2024-04-10,CME,-0.05617366041959192,Sell
2024-04-10,VZ,-0.055149892563156305,Sell
2024-04-11,MET,0.05555555555555555,Buy
2024-04-11,HOG,0.0008885979365565386,Buy
2024-04-11,DAL,-0.05555555555555555,Sell
2024-04-11,RRC,0.05520369904507086,Buy
2024-04-11,QCOM,-0.05555555555555555,Sell
2024-04-11,JNJ,0.0004147349879857695,Buy
2024-04-11,STI,-0.05555555555555555,Sell
2024-04-11,TRV,0.0008795409310371899,Buy
2024-04-11,DPZ,-0.0001458941449539869,Sell
2024-04-11,DHI,-0.056579507473855255,Sell
2024-04-11,MU,0.0025265596147502553,Buy
2024-04-11,EBAY,0.05505855301010332,Buy
2024-04-11,EOG,0.05538898557739063,Buy
2024-04-11,EWI,0.00018060815572110145,Buy
2024-04-11,SIRI,-0.00010780134754707904,Sell
2024-04-11,HTZ,0.05490084227587556,Buy
2024-04-11,TSM,0.0004808573611246175,Buy
2024-04-11,ILMN,0.0554639072162807,Buy
2024-04-11,KGC,-0.05555555555555555,Sell
2024-04-11,GOLD,0.0004715153884636489,Buy
2024-04-11,WMB,0.05555555555555555,Buy
2024-04-11,TRP,0.0004614163426844148,Buy
2024-04-11,NTAP,-0.05555555555555555,Sell
2024-04-11,NWSA,-0.0003095564252774269,Sell
2024-04-11,TRIP,-0.05682038302017188,Sell
2024-04-12,MET,0.0009102569145999356,Buy
2024-04-12,HOG,0.0014680559685504857,Buy
2024-04-12,DAL,0.05440574004084808,Buy
2024-04-12,QCOM,0.054087192110509365,Buy
2024-04-12,JNJ,-0.05482770996614627,Sell
2024-04-12,STI,-0.004495467792250227,Sell
2024-04-12,TRV,-0.05547537167685991,Sell
2024-04-12,DPZ,-0.001265320323892101,Sell
2024-04-12,MU,-0.002419936617694636,Sell
2024-04-12,EWI,0.001028927063980535,Buy
2024-04-12,SIRI,0.002408220202222193,Buy
2024-04-12,HTZ,-0.05555555555555555,Sell
2024-04-12,CCL,-0.05555555555555555,Sell
2024-04-12,TSM,0.05354157039878697,Buy
2024-04-12,KGC,0.054446348406895384,Buy
2024-04-12,GOLD,0.0006002598786565422,Buy
2024-04-12,WMB,0.0010007838112046918,Buy
2024-04-12,TRP,0.0012631741746102626,Buy
2024-04-12,D,-0.05555555555555555,Sell
2024-04-12,RL,0.05555555555555555,Buy
2024-04-12,HUM,-0.05555555555555555,Sell
2024-04-12,NTAP,0.05369126220617308,Buy
2024-04-12,NWSA,0.001498505505778909,Buy
2024-04-12,SYK,-0.05555555555555555,Sell
2024-04-12,XLE,0.05555555555555555,Buy
2024-04-15,MET,0.001028768256932995,Buy
2024-04-15,AMTD,-0.05555555555555555,Sell
2024-04-15,BAX,0.05555555555555555,Buy
2024-04-15,HOG,-0.05423041391038734,Sell
2024-04-15,AA,-0.05555555555555555,Sell
2024-04-15,ICE,0.05555555555555555,Buy
2024-04-15,RRC,0.05555555555555555,Buy
2024-04-15,STI,-0.006941129786967995,Sell
2024-04-15,DPZ,-0.0012897047029768668,Sell
2024-04-15,EWC,0.05555555555555555,Buy
2024-04-15,MU,0.05455951588400005,Buy
2024-04-15,EWI,-0.055122398434665196,Sell
2024-04-15,SIRI,-0.05456173395943204,Sell
2024-04-15,HTZ,-7.707001267885649e-05,Sell
2024-04-15,CCL,0.05392584413969983,Buy
2024-04-15,GOLD,-0.002656568867293249,Sell
2024-04-15,WMB,0.0008262131473492432,Buy
2024-04-15,TRP,-0.05490867895715026,Sell
2024-04-15,D,0.05396164447268649,Buy
2024-04-15,RL,-0.05503179509862376,Sell
2024-04-15,HUM,-0.000117885167330474,Sell
2024-04-15,NTAP,-0.05555555555555555,Sell
2024-04-15,NWSA,0.0006599655297090598,Buy
2024-04-15,TRIP,0.05555555555555555,Buy
2024-04-15,SYK,-0.0009492587433536023,Sell
2024-04-15,XLE,0.0009947306718983001,Buy
2024-04-16,MET,-0.054790965243253796,Sell
2024-04-16,AMTD,0.055522941233428345,Buy
2024-04-16,BAX,0.0010071252187496202,Buy
2024-04-16,AA,0.05447185931010835,Buy
2024-04-16,ICE,0.0006298263358480091,Buy
2024-04-16,RRC,-0.05503886192612385,Sell
2024-04-16,GREK,0.05555555555555555,Buy
2024-04-16,JNJ,-0.05555555555555555,Sell
2024-04-16,STI,-0.005890140734175424,Sell
2024-04-16,DPZ,-0.000514167946376369,Sell
2024-04-16,EWC,0.0007483516768106366,Buy
2024-04-16,MU,-0.05555555555555555,Sell
2024-04-16,HTZ,-0.002999043657410508,Sell
2024-04-16,GOLD,-0.0023046515750691707,Sell
2024-04-16,WMB,0.0006363592851899302,Buy
2024-04-16,TRP,0.05555555555555555,Buy
2024-04-16,HUM,0.000146012084618799,Buy
2024-04-16,NTAP,-0.0002675626759627847,Sell
2024-04-16,NWSA,-0.05478713877468127,Sell
2024-04-16,TRIP,0.0009441110710983192,Buy
2024-04-16,HMC,0.05555555555555555,Buy
2024-04-16,SYK,-0.0005984765653250027,Sell
2024-04-16,XLE,0.0008402925374231263,Buy
2024-04-17,BAX,-0.05487460906141614,Sell
2024-04-17,DAL,-0.05555555555555555,Sell
2024-04-17,SPWR,-0.05555555555555555,Sell
2024-04-17,NSC,0.05555555555555555,Buy
2024-04-17,ICE,-0.05529933493811511,Sell
2024-04-17,GREK,-0.05503106285441657,Sell
2024-04-17,JNJ,0.05506576442718199,Buy
2024-04-17,STI,-0.006105919970121741,Sell
2024-04-17,TRV,0.05555555555555555,Buy
2024-04-17,DPZ,-0.001130872827457767,Sell
2024-04-17,EWC,-0.055169098208002545,Sell
2024-04-17,MU,0.052489455338734864,Buy
2024-04-17,EBAY,0.05555555555555555,Buy
2024-04-17,HTZ,-0.002116834680761799,Sell
2024-04-17,ALK,-0.05555555555555555,Sell
2024-04-17,MAR,0.05555555555555555,Buy
2024-04-17,KGC,-0.05555555555555555,Sell
2024-04-17,GOLD,-0.001695744984638023,Sell
2024-04-17,WMB,-0.054987814752669305,Sell
2024-04-17,TRP,-0.0548035229196594,Sell
2024-04-17,EW,0.05555555555555555,Buy
2024-04-17,HUM,0.05597189502886854,Buy
2024-04-17,NTAP,0.054070641542513044,Buy
2024-04-17,WSM,-0.05555555555555555,Sell
2024-04-17,NWSA,0.05555555555555555,Buy
2024-04-17,TRIP,0.00019741854554281013,Buy
2024-04-17,HMC,0.001268406879072731,Buy
2024-04-17,SYK,0.054678810211087114,Buy
2024-04-17,XLE,0.0007686687674790457,Buy
2024-04-18,DAL,0.05490286660865989,Buy
2024-04-18,SPWR,0.05709168373844706,Buy
2024-04-18,NSC,-0.055150749329939484,Sell
2024-04-18,STI,-0.013936402133732317,Sell
2024-04-18,TRV,-0.0004029264301700919,Sell
2024-04-18,DPZ,-0.0006627195292787311,Sell
2024-04-18,EBAY,-0.055492767289898104,Sell
2024-04-18,WFC,-0.05555555555555555,Sell
2024-04-18,HTZ,0.051498328102862985,Buy
2024-04-18,ORCL,0.05555555555555555,Buy
2024-04-18,TSM,0.05555555555555555,Buy
2024-04-18,ALK,0.0015936178957514993,Buy
2024-04-18,MAR,0.0011159013929042116,Buy
2024-04-18,KGC,0.00015187547067330165,Buy
2024-04-18,GOLD,0.05511662772427417,Buy
2024-04-18,KO,-0.05555555555555555,Sell
2024-04-18,EW,0.0011157570431918201,Buy
2024-04-18,WSM,-0.0009134549726838026,Sell
2024-04-18,NWSA,-0.05466431187250592,Sell
2024-04-18,TRIP,0.0009427049893147021,Buy
2024-04-18,HMC,0.0010297839809928766,Buy
2024-04-18,SYK,0.05555555555555555,Buy
2024-04-18,XLE,0.0007875295634935109,Buy
2024-04-18,ENB,-0.05555555555555555,Sell
2024-04-18,BMY,-0.05555555555555555,Sell
2024-04-19,MET,-0.05555555555555555,Sell
2024-04-19,PPG,0.05555555555555555,Buy
2024-04-19,HP,-0.05555555555555555,Sell
2024-04-19,NVDA,0.05555555555555555,Buy
2024-04-19,SPWR,0.05555555555555555,Buy
2024-04-19,STI,0.05216277096522161,Buy
2024-04-19,TRV,-0.056858139371010426,Sell
2024-04-19,DPZ,0.05494765229791654,Buy
2024-04-19,WFC,0.05742052453648678,Buy
2024-04-19,QQQ,0.05555555555555555,Buy
2024-04-19,ORCL,-0.0553490688693904,Sell
2024-04-19,TSM,0.0015978621056051828,Buy
2024-04-19,ALK,0.0010499713059740276,Buy
2024-04-19,MAR,-0.05581772428245741,Sell
2024-04-19,KGC,0.002565245138436943,Buy
2024-04-19,WMB,-0.05555555555555555,Sell
2024-04-19,KO,0.057084056031160804,Buy
2024-04-19,EW,-0.055558979042601486,Sell
2024-04-19,NTAP,0.05555555555555555,Buy
2024-04-19,WSM,0.0002671494980059502,Buy
2024-04-19,TRIP,0.00013168712306932395,Buy
2024-04-19,HMC,0.00016979235686052224,Buy
2024-04-19,PRGO,-0.05555555555555555,Sell
2024-04-19,SYK,1.1636090085802298e-05,Buy
2024-04-19,XLE,-0.056561683580785484,Sell
2024-04-19,ENB,0.0019158139478410163,Buy
2024-04-19,BMY,0.0010621182042161864,Buy
2024-04-22,MET,0.056197296739621906,Buy
2024-04-22,PPG,-8.824502896611491e-05,Sell
2024-04-22,CF,-0.05555555555555555,Sell
2024-04-22,HP,0.05456733629436852,Buy
2024-04-22,HOG,-0.05555555555555555,Sell
2024-04-22,NVDA,-0.057951599461834084,Sell
2024-04-22,DAL,-0.05555555555555555,Sell
2024-04-22,SPWR,0.007549941018445229,Buy
2024-04-22,NSC,0.05555555555555555,Buy
2024-04-22,ICE,0.05555555555555555,Buy
2024-04-22,RRC,-0.05555555555555555,Sell
2024-04-22,CAG,-0.05555555555555555,Sell
2024-04-22,HAS,-0.05555555555555555,Sell
2024-04-22,QQQ,-0.05609197154502785,Sell
2024-04-22,TSM,-0.05642498597556776,Sell
2024-04-22,ALK,0.05617506428521612,Buy
2024-04-22,KGC,0.05307261037209918,Buy
2024-04-22,WMB,0.00019423216630762297,Buy
2024-04-22,TRP,0.05555555555555555,Buy
2024-04-22,HUM,0.05555555555555555,Buy
2024-04-22,NTAP,4.474383914613439e-05,Buy
2024-04-22,WSM,0.00018080680189198894,Buy
2024-04-22,TRIP,-0.05668673403620402,Sell
2024-04-22,HMC,-0.0006448510743776795,Sell
2024-04-22,PRGO,0.05419924192214298,Buy
2024-04-22,SYK,-0.00036188208945611006,Sell
2024-04-22,ENB,0.0007585051218976166,Buy
2024-04-22,BMY,0.05577181691432768,Buy
2024-04-23,PPG,0.00046357182865264246,Buy
2024-04-23,BAX,-0.05555555555555555,Sell
2024-04-23,CF,0.05521753097579813,Buy
2024-04-23,HOG,0.0009104365947745149,Buy
2024-04-23,DAL,0.05563766501273558,Buy
2024-04-23,SPWR,-0.06123944400200001,Sell
2024-04-23,NSC,6.0097552391315257e-05,Buy
2024-04-23,ICE,-0.0001309330638517084,Sell
2024-04-23,RRC,0.0005658650581121041,Buy
2024-04-23,CAG,0.05570316955828117,Buy
2024-04-23,KMB,-0.05555555555555555,Sell
2024-04-23,HAS,0.002064758819799721,Buy
2024-04-23,MU,-0.05555555555555555,Sell
2024-04-23,WMB,0.05557229928622501,Buy
2024-04-23,TRP,-2.9913984058327348e-05,Sell
2024-04-23,HUM,-0.05585675291829447,Sell
2024-04-23,NTAP,-0.05625472792906487,Sell
2024-04-23,WSM,0.0008036330503324376,Buy
2024-04-23,TRIP,-0.05555555555555555,Sell
2024-04-23,NTES,0.05555555555555555,Buy
2024-04-23,HMC,0.00010711231604691035,Buy
2024-04-23,CME,0.05555555555555555,Buy
2024-04-23,SYK,-0.05662270664147632,Sell
2024-04-23,CSIQ,0.05555555555555555,Buy
2024-04-23,ENB,-4.5510993206585026e-05,Sell
2024-04-23,MT,0.05555555555555555,Buy
2024-04-24,PPG,-0.0006815971737802878,Sell
2024-04-24,BAX,0.05607506360431817,Buy
2024-04-24,HOG,0.05577413119591948,Buy
2024-04-24,DAL,0.05555555555555555,Buy
2024-04-24,SPWR,0.05555555555555555,Buy
2024-04-24,NSC,0.0013777856533226107,Buy
2024-04-24,ICE,-0.056300300664605105,Sell
2024-04-24,RRC,0.0024710270779648366,Buy
2024-04-24,CAG,-0.05555555555555555,Sell
2024-04-24,STI,-0.05555555555555555,Sell
2024-04-24,KMB,0.0569171676226233,Buy
2024-04-24,HAS,0.007302710314047847,Buy
2024-04-24,DPZ,-0.05555555555555555,Sell
2024-04-24,MU,0.05585855059663414,Buy
2024-04-24,WMB,-0.05555555555555555,Sell
2024-04-24,TRP,-0.0004556331248099163,Sell
2024-04-24,HUM,0.05555555555555555,Buy
2024-04-24,WSM,0.0007295583952312071,Buy
2024-04-24,NWSA,0.05555555555555555,Buy
2024-04-24,TRIP,0.05626291020725262,Buy
2024-04-24,NTES,-0.05677200846401323,Sell
2024-04-24,HMC,-0.0003665342305613703,Sell
2024-04-24,CME,0.00044087053282047817,Buy
2024-04-24,PRGO,-0.05555555555555555,Sell
2024-04-24,CSIQ,-0.05653850511434414,Sell
2024-04-24,BSX,-0.05555555555555555,Sell
2024-04-24,ENB,0.056579148255392356,Buy
2024-04-24,MT,-0.05622067809184636,Sell
2024-04-25,PPG,-0.05570958651839158,Sell
2024-04-25,HP,0.05555555555555555,Buy
2024-04-25,DAL,-0.11409817466675798,Sell
2024-04-25,SPWR,-0.0009800053678296686,Sell
2024-04-25,NSC,-0.05736376563891709,Sell
2024-04-25,RRC,0.05608692809294604,Buy
2024-04-25,CAG,0.05573102401720566,Buy
2024-04-25,JNJ,0.05555555555555555,Buy
2024-04-25,STI,0.06933753039832065,Buy
2024-04-25,HAS,0.0006582328994488365,Buy
2024-04-25,DPZ,0.0015246400872256372,Buy
2024-04-25,BDX,0.05555555555555555,Buy
2024-04-25,MU,-0.05555555555555555,Sell
2024-04-25,HTZ,-0.05555555555555555,Sell
2024-04-25,MAR,-0.05555555555555555,Sell
2024-04-25,KGC,-0.05555555555555555,Sell
2024-04-25,WMB,0.056552404652927775,Buy
2024-04-25,TRP,-0.0009921813591835943,Sell
2024-04-25,HUM,0.00010361336424355438,Buy
2024-04-25,WSM,-4.4642003391548446e-05,Sell
2024-04-25,NWSA,9.168570744205046e-05,Buy
2024-04-25,MRVL,-0.05555555555555555,Sell
2024-04-25,HMC,0.0005325773122510716,Buy
2024-04-25,CME,-0.056252471126847864,Sell
2024-04-25,PRGO,0.05633777249923043,Buy
2024-04-25,BSX,0.056535799765056766,Buy
2024-04-25,CAT,0.05555555555555555,Buy
2024-04-26,HP,-0.00023505773252563422,Sell
2024-04-26,HOG,0.05555555555555555,Buy
2024-04-26,DAL,0.0003489154867483829,Buy
2024-04-26,AA,-0.05555555555555555,Sell
2024-04-26,SPWR,0.004761905055347612,Buy
2024-04-26,JNJ,-0.05560096426386368,Sell
2024-04-26,HAS,-0.00012575923542539058,Sell
2024-04-26,DPZ,0.0007895996877170866,Buy
2024-04-26,BDX,-0.05611901002630451,Sell
2024-04-26,MU,0.0019361608861008309,Buy
2024-04-26,HTZ,0.052756369244150954,Buy
2024-04-26,MAR,5.015061509025531e-05,Buy
2024-04-26,KGC,0.05594268215344916,Buy
2024-04-26,GOLD,-0.05555555555555555,Sell
2024-04-26,TRP,-0.00031959956489691077,Sell
2024-04-26,EW,0.05555555555555555,Buy
2024-04-26,HUM,-0.05487130915856259,Sell
2024-04-26,WSM,0.0003993218525659148,Buy
2024-04-26,NWSA,-0.055882753486667595,Sell
2024-04-26,MRVL,0.057631161856712756,Buy
2024-04-26,HMC,-0.0006361276038535438,Sell
2024-04-26,CP,0.05555555555555555,Buy
2024-04-26,ZUMZ,-0.05555555555555555,Sell
2024-04-26,CAT,-0.0011932560483914265,Sell
2024-04-26,BMY,0.05555555555555555,Buy
2024-04-29,HP,-0.053691840304182135,Sell
2024-04-29,HOG,-0.05387536452856185,Sell
2024-04-29,DAL,-0.001865258006644735,Sell
2024-04-29,AA,-0.0013201056489035648,Sell
2024-04-29,SPWR,-0.10179043924248639,Sell
2024-04-29,ICE,0.05555555555555555,Buy
2024-04-29,HAS,0.052969669479610404,Buy
2024-04-29,DPZ,0.0005576847005440075,Buy
2024-04-29,MU,-0.0026513644056549157,Sell
2024-04-29,EWI,0.05555555555555555,Buy
2024-04-29,HTZ,-0.05555555555555555,Sell
2024-04-29,MAR,0.05304904577941857,Buy
2024-04-29,KGC,-0.05555555555555555,Sell
2024-04-29,GOLD,0.05435773515363608,Buy
2024-04-29,TRP,0.0025911847810302854,Buy
2024-04-29,EW,0.002724357713676233,Buy
2024-04-29,WSM,-0.001630988179895855,Sell
2024-04-29,NWSA,0.05555555555555555,Buy
2024-04-29,BX,0.05555555555555555,Buy
2024-04-29,HMC,0.0020369490520891625,Buy
2024-04-29,CME,0.05555555555555555,Buy
2024-04-29,CP,0.0029691615618938558,Buy
2024-04-29,CSIQ,-0.05555555555555555,Sell
2024-04-29,ZUMZ,0.05309489962216085,Buy
2024-04-29,CAT,-0.10967506536485805,Sell
2024-04-29,BMY,-0.05287749725402939,Sell
2024-04-30,AMTD,-0.05555555555555555,Sell
2024-04-30,DAL,-0.0007234631714318554,Sell
2024-04-30,AA,0.05156500960031579,Buy
2024-04-30,SPWR,-0.05555555555555555,Sell
2024-04-30,NSC,0.05555555555555555,Buy
2024-04-30,ICE,0.0011606684259261382,Buy
2024-04-30,RRC,0.05555555555555555,Buy
2024-04-30,DPZ,-8.30146909222354e-05,Sell
2024-04-30,BBT,-0.05555555555555555,Sell
2024-04-30,MU,-0.0009836628078154705,Sell
2024-04-30,EWI,0.001447212540931886,Buy
2024-04-30,HTZ,0.05270010725686124,Buy
2024-04-30,CCL,-0.05555555555555555,Sell
2024-04-30,KGC,0.10765367809178933,Buy
2024-04-30,WMB,0.05555555555555555,Buy
2024-04-30,TRP,0.0005222302846395466,Buy
2024-04-30,EW,-0.05442546475795576,Sell
2024-04-30,WSM,-0.00023401629029448645,Sell
2024-04-30,NWSA,-0.054379986717694964,Sell
2024-04-30,TRIP,0.05555555555555555,Buy
2024-04-30,BX,-0.05341152286621437,Sell
2024-04-30,HMC,-0.055070028711171795,Sell
2024-04-30,CME,-0.05525351600178905,Sell
2024-04-30,CP,-0.05359455895829091,Sell
2024-04-30,CSIQ,0.05447529923871098,Buy
2024-04-30,XLE,0.05555555555555555,Buy
2024-04-30,ENB,-0.05555555555555555,Sell
2024-04-30,CAT,0.052842787736037594,Buy
2024-05-01,AMTD,0.052945855702362904,Buy
2024-05-01,HP,0.05555555555555555,Buy
2024-05-01,DAL,-0.0001880461976448769,Sell
2024-05-01,SPWR,-0.0004902706849551144,Sell
2024-05-01,NSC,-0.05548541438102367,Sell
2024-05-01,ICE,-0.055388421964617185,Sell
2024-05-01,RRC,0.0022317044390113977,Buy
2024-05-01,JNJ,-0.05555555555555555,Sell
2024-05-01,DPZ,-0.0014783072047492088,Sell
2024-05-01,BBT,0.05695658801565536,Buy
2024-05-01,MU,-0.0017321963640042626,Sell
2024-05-01,EOG,0.05555555555555555,Buy
2024-05-01,EWI,0.0001781910129870362,Buy
2024-05-01,CCL,-0.0014416062244242828,Sell
2024-05-01,KGC,-0.05585248210599542,Sell
2024-05-01,WMB,0.0008117550087987715,Buy
2024-05-01,TRP,0.0003182248342685351,Buy
2024-05-01,WSM,-0.0007453250519917146,Sell
2024-05-01,TRIP,0.00015375297262924803,Buy
2024-05-01,PCG,-0.05555555555555555,Sell
2024-05-01,SYK,0.05555555555555555,Buy
2024-05-01,XLE,0.00101572479993043,Buy
2024-05-01,ENB,0.05550081605354907,Buy
2024-05-01,CAT,-0.05555555555555555,Sell
2024-05-02,HP,0.00016590849332719093,Buy
2024-05-02,DAL,0.0015201317004455567,Buy
2024-05-02,AA,-0.05555555555555555,Sell
2024-05-02,SPWR,0.06248518259636679,Buy
2024-05-02,ICE,0.05555555555555555,Buy
2024-05-02,RRC,-0.0011029648764839875,Sell
2024-05-02,QCOM,-0.05555555555555555,Sell
2024-05-02,JNJ,0.05547977119721625,Buy
2024-05-02,STI,-0.05555555555555555,Sell
2024-05-02,DPZ,-1.252344811245032e-05,Sell
2024-05-02,VTR,-0.05555555555555555,Sell
2024-05-02,MU,0.0017317577399466669,Buy
2024-05-02,EBAY,0.05555555555555555,Buy
2024-05-02,EOG,-0.05674249700619442,Sell
2024-05-02,QQQ,0.05555555555555555,Buy
2024-05-02,EWI,-0.05648220164113912,Sell
2024-05-02,CCL,0.05590736608525904,Buy
2024-05-02,WMB,-0.0569057877943492,Sell
2024-05-02,TRP,-0.05701078730033588,Sell
2024-05-02,WSM,0.0020928545228662346,Buy
2024-05-02,TRIP,-0.0008793669637341683,Sell
2024-05-02,PCG,0.05633165088635996,Buy
2024-05-02,CLX,0.05555555555555555,Buy
2024-05-02,SYK,-0.00013642986035192206,Sell
2024-05-02,XLE,-0.0007126656430590309,Sell
2024-05-02,CAT,0.0011289518307993837,Buy
2024-05-03,MNST,-0.05555555555555555,Sell
2024-05-03,BAX,0.05555555555555555,Buy
2024-05-03,HP,-0.05662344264425883,Sell
2024-05-03,DAL,0.05624883209165477,Buy
2024-05-03,AA,0.0014117923727916468,Buy
2024-05-03,NSC,0.05555555555555555,Buy
2024-05-03,ICE,-0.05742395040098542,Sell
2024-05-03,RRC,-0.05682720602782399,Sell
2024-05-03,QCOM,0.055539206510951386,Buy
2024-05-03,STI,0.05476862164507557,Buy
2024-05-03,HAS,-0.05555555555555555,Sell
2024-05-03,DPZ,0.00030289926058425093,Buy
2024-05-03,VTR,0.0008125648790040102,Buy
2024-05-03,BDX,0.05555555555555555,Buy
2024-05-03,MU,0.0013006666946653173,Buy
2024-05-03,EBAY,-0.00041899750596059715,Sell
2024-05-03,QQQ,-0.05680053361757891,Sell
2024-05-03,ILMN,0.05555555555555555,Buy
2024-05-03,WSM,0.0024999217662945994,Buy
2024-05-03,TRIP,0.0014680141742498404,Buy
2024-05-03,PCG,-0.05555555555555555,Sell
2024-05-03,CME,0.05555555555555555,Buy
2024-05-03,CLX,0.0004481968467986777,Buy
2024-05-03,SYK,-0.00043612688827613516,Sell
2024-05-03,XLE,-0.05568745002692879,Sell
2024-05-03,CAT,0.000343321367221483,Buy
2024-05-06,MNST,0.05516218534628197,Buy
2024-05-06,BAX,0.00017620696756123072,Buy
2024-05-06,AA,0.0012371583074760675,Buy
2024-05-06,NSC,0.000806591792474505,Buy
2024-05-06,RRC,-0.05555555555555555,Sell
2024-05-06,CAG,0.05555555555555555,Buy
2024-05-06,STI,0.05555555555555555,Buy
2024-05-06,HAS,0.055436952775148624,Buy
2024-05-06,DPZ,0.0012759715763289436,Buy
2024-05-06,VTR,0.05626667145948851,Buy
2024-05-06,BDX,-0.0564087622220411,Sell
2024-05-06,MU,0.0030491755503158635,Buy
2024-05-06,EBAY,-9.58937968419532e-05,Sell
2024-05-06,HTZ,0.05555555555555555,Buy
2024-05-06,ALK,-0.05555555555555555,Sell
2024-05-06,ILMN,-0.0008983930070942461,Sell
2024-05-06,KGC,-0.05555555555555555,Sell
2024-05-06,WSM,0.0010594658366303786,Buy
2024-05-06,TRIP,0.00022902303522953638,Buy
2024-05-06,PCG,0.056274216041471516,Buy
2024-05-06,CME,-0.05605004989173583,Sell
2024-05-06,CLX,-0.05638079636261734,Sell
2024-05-06,SYK,0.00010238383418582214,Buy
2024-05-06,ZUMZ,-0.05555555555555555,Sell
2024-05-06,CAT,0.0012891569499789285,Buy
2024-05-07,BAX,-0.05509675297824725,Sell
2024-05-07,AA,0.05606470951642286,Buy
2024-05-07,SPWR,0.05555555555555555,Buy
2024-05-07,NSC,-0.0005831476331565888,Sell
2024-05-07,RRC,0.0005408513448595942,Buy
2024-05-07,CAG,-0.05666934703960135,Sell
2024-05-07,STI,0.001267891788020066,Buy
2024-05-07,HAS,-0.05555555555555555,Sell
2024-05-07,DPZ,-0.00041295585410697916,Sell
2024-05-07,MU,-0.00029040322160475696,Sell
2024-05-07,EBAY,-0.056469842963125697,Sell
2024-05-07,QQQ,0.05555555555555555,Buy
2024-05-07,HTZ,-0.05374514735865526,Sell
2024-05-07,CCL,-0.05555555555555555,Sell
2024-05-07,ALK,0.05482802123464104,Buy
2024-05-07,MAR,0.05555555555555555,Buy
2024-05-07,ILMN,0.0027472471827120967,Buy
2024-05-07,KGC,0.055856665518083624,Buy
2024-05-07,WSM,-0.0010688135113912436,Sell
2024-05-07,TRIP,-9.241878709495555e-05,Sell
2024-05-07,LOW,0.05555555555555555,Buy
2024-05-07,HMC,0.05555555555555555,Buy
2024-05-07,CME,-0.05555555555555555,Sell
2024-05-07,SYK,-0.05682772899403935,Sell
2024-05-07,ZUMZ,0.0004833850186574534,Buy
2024-05-07,CAT,0.0006082104341454606,Buy
2024-05-08,AMTD,-0.05555555555555555,Sell
2024-05-08,BAX,0.05555555555555555,Buy
2024-05-08,BUD,-0.05555555555555555,Sell
2024-05-08,SPWR,0.0017347259101957585,Buy
2024-05-08,NSC,-0.05668397661439602,Sell
2024-05-08,RRC,0.05604574354352001,Buy
2024-05-08,STI,-0.0036175544588488845,Sell
2024-05-08,NDAQ,0.05555555555555555,Buy
2024-05-08,HAS,0.0013207972783074867,Buy
2024-05-08,DPZ,0.0011109663946311799,Buy
2024-05-08,MU,0.0012247243884710088,Buy
2024-05-08,EBAY,0.05555555555555555,Buy
2024-05-08,QQQ,-0.05669444399968277,Sell
2024-05-08,CCL,0.05745110281499103,Buy
2024-05-08,MAR,-0.05657409790430417,Sell
2024-05-08,ILMN,-6.61819619822493e-05,Sell
2024-05-08,KGC,-0.05555555555555555,Sell
2024-05-08,GOLD,0.05555555555555555,Buy
2024-05-08,WSM,0.0017930328138714563,Buy
2024-05-08,TRIP,-0.09598645836184401,Sell
2024-05-08,LOW,-0.05687744080434693,Sell
2024-05-08,HMC,-0.0004287893354359487,Sell
2024-05-08,CME,0.05768094201183055,Buy
2024-05-08,SYK,0.05555555555555555,Buy
2024-05-08,ZUMZ,0.00168373458256596,Buy
2024-05-08,CAT,0.05664572319570691,Buy
2024-05-09,AMTD,0.05589144154964517,Buy
2024-05-09,BAX,-0.0006485776592183093,Sell
2024-05-09,DAL,-0.05555555555555555,Sell
2024-05-09,BUD,0.05633509783446936,Buy
2024-05-09,SPWR,0.0017039456866724048,Buy
2024-05-09,STI,0.001973677706308942,Buy
2024-05-09,NDAQ,-0.0005877718815165897,Sell
2024-05-09,HAS,0.055618000678967966,Buy
2024-05-09,DPZ,0.00039971858666242033,Buy
2024-05-09,MU,-0.0003714116024086042,Sell
2024-05-09,EBAY,-0.05662255816575336,Sell
2024-05-09,QQQ,0.05555555555555555,Buy
2024-05-09,ORCL,0.05555555555555555,Buy
2024-05-09,KEY,0.05555555555555555,Buy
2024-05-09,ILMN,-0.0562602808833585,Sell
2024-05-09,KGC,0.0037208572880342503,Buy
2024-05-09,GOLD,-0.11541725874406646,Sell
2024-05-09,HUM,-0.05555555555555555,Sell
2024-05-09,WSM,0.0028159214217869516,Buy
2024-05-09,TRIP,0.056353098762310205,Buy
2024-05-09,HMC,-0.0004348657485033561,Sell
2024-05-09,SYK,-0.0006040621423177156,Sell
2024-05-09,ZUMZ,0.0019274353087577328,Buy
2024-05-09,CAT,-0.05555555555555555,Sell
2024-05-10,BAX,-0.055400678807272785,Sell
2024-05-10,DAL,0.05564559417711753,Buy
2024-05-10,SPWR,0.005754469267907673,Buy
2024-05-10,RRC,0.05555555555555555,Buy
2024-05-10,STI,0.001916099894125313,Buy
2024-05-10,NDAQ,-0.05624936880968223,Sell
2024-05-10,DPZ,0.00039867996866173316,Buy
2024-05-10,MU,0.0018734393069392702,Buy
2024-05-10,QQQ,-0.00038032292968223635,Sell
2024-05-10,ORCL,-0.05581862558230059,Sell
2024-05-10,KEY,-0.0558042767419364,Sell
2024-05-10,KGC,0.0006933826462744222,Buy
2024-05-10,GOLD,0.10630658169648338,Buy
2024-05-10,HUM,0.0004004495702966057,Buy
2024-05-10,WSM,-0.00019111789375133442,Sell
2024-05-10,TRIP,-0.05555555555555555,Sell
2024-05-10,HMC,1.4351691241629161e-05,Buy
2024-05-10,CME,0.05555555555555555,Buy
2024-05-10,OHI,0.05555555555555555,Buy
2024-05-10,SYK,-0.11131260692150144,Sell
2024-05-10,CSIQ,0.05555555555555555,Buy
2024-05-10,ZUMZ,-0.0009630969089871252,Sell
2024-05-10,CAT,0.05628176525393017,Buy
2024-05-10,BMY,-0.05555555555555555,Sell
2024-05-13,BAX,0.05555555555555555,Buy
2024-05-13,WEN,0.05555555555555555,Buy
2024-05-13,DAL,-0.05555555555555555,Sell
2024-05-13,SPWR,-0.10757412756332896,Sell
2024-05-13,RRC,0.0001127129517119671,Buy
2024-05-13,STI,-0.004181116282227067,Sell
2024-05-13,DPZ,-0.0009502587908942067,Sell
2024-05-13,DHI,0.05555555555555555,Buy
2024-05-13,MU,0.0007555246650252923,Buy
2024-05-13,QQQ,-0.05563339111568449,Sell
2024-05-13,MAR,0.05555555555555555,Buy
2024-05-13,KGC,-5.02313062825388e-05,Sell
2024-05-13,GOLD,-0.05544558253631957,Sell
2024-05-13,ULTA,-0.05555555555555555,Sell
2024-05-13,EW,0.05555555555555555,Buy
2024-05-13,HUM,0.056165258586288194,Buy
2024-05-13,WSM,-0.00010645403386173174,Sell
2024-05-13,TRIP,0.05690974657652427,Buy
2024-05-13,HMC,3.3802332425003634e-05,Buy
2024-05-13,CME,-0.055894069507313855,Sell
2024-05-13,OHI,-0.055595751712249855,Sell
2024-05-13,SYK,-0.0010609981168423072,Sell
2024-05-13,CSIQ,-0.056778056600626646,Sell
2024-05-13,XLE,0.05555555555555555,Buy
2024-05-13,ENB,-0.05555555555555555,Sell
2024-05-13,ZUMZ,0.055844142979688004,Buy
2024-05-13,BMY,0.0556535378854471,Buy
2024-05-14,BAX,-0.000495266467381246,Sell
2024-05-14,WEN,-0.057181740372663076,Sell
2024-05-14,DAL,0.0564274728771924,Buy
2024-05-14,SPWR,0.12589475654550356,Buy
2024-05-14,NSC,0.05555555555555555,Buy
2024-05-14,RRC,-0.05800439497051612,Sell
2024-05-14,STI,0.00014174313237570735,Buy
2024-05-14,HAS,-0.05555555555555555,Sell
2024-05-14,DPZ,0.0008493785053307751,Buy
2024-05-14,DHI,-0.056790471393648165,Sell
2024-05-14,MU,0.0016267311199979276,Buy
2024-05-14,DLTR,0.05555555555555555,Buy
2024-05-14,MAR,-0.00041072094513477236,Sell
2024-05-14,KGC,0.0023566457213099884,Buy
2024-05-14,GOLD,-0.05555555555555555,Sell
2024-05-14,KO,0.05555555555555555,Buy
2024-05-14,ULTA,0.05603496630589578,Buy
2024-05-14,PVH,-0.05555555555555555,Sell
2024-05-14,EW,-0.05752400308965369,Sell
2024-05-14,HUM,-0.05555555555555555,Sell
2024-05-14,WSM,0.0010706543035651495,Buy
2024-05-14,HMC,-0.0003471838150974696,Sell
2024-05-14,SYK,0.0007523249285723357,Buy
2024-05-14,XLE,-0.0008697254821466577,Sell
2024-05-14,ENB,0.056095220188758524,Buy
2024-05-15,MNST,0.05555555555555555,Buy
2024-05-15,BAX,0.000658960917052101,Buy
2024-05-15,VWO,0.05555555555555555,Buy
2024-05-15,HP,0.05555555555555555,Buy
2024-05-15,WEN,0.05555555555555555,Buy
2024-05-15,SPWR,-0.07520679937654057,Sell
2024-05-15,NSC,-0.05493938454689654,Sell
2024-05-15,STI,0.00558066285146059,Buy
2024-05-15,HAS,0.053135714659650675,Buy
2024-05-15,TRV,0.05555555555555555,Buy
2024-05-15,DPZ,0.05534738924613288,Buy
2024-05-15,DHI,-0.05555555555555555,Sell
2024-05-15,MU,0.0003590861513284166,Buy
2024-05-15,WFC,-0.05555555555555555,Sell
2024-05-15,DLTR,-0.054565455833552406,Sell
2024-05-15,MAR,-0.05463228642799518,Sell
2024-05-15,KGC,-0.0006033443859201834,Sell
2024-05-15,GOLD,0.05117241534600658,Buy
2024-05-15,KO,-0.05462815805427138,Sell
2024-05-15,ULTA,-0.05555555555555555,Sell
2024-05-15,PVH,0.05472895580689849,Buy
2024-05-15,HUM,0.05502221705136112,Buy
2024-05-15,WSM,-0.0004213771004419678,Sell
2024-05-15,BX,-0.05555555555555555,Sell
2024-05-15,PCG,-0.05555555555555555,Sell
2024-05-15,HMC,-0.05512346017217378,Sell
2024-05-15,CME,0.05555555555555555,Buy
2024-05-15,SYK,0.00034140398885431494,Buy
2024-05-15,XLE,0.0008309747275127982,Buy
2024-05-16,MNST,0.0006574070076720978,Buy
2024-05-16,PPG,0.05555555555555555,Buy
2024-05-16,BAX,-0.054646408325693015,Sell
2024-05-16,VWO,-0.0552611665364765,Sell
2024-05-16,HP,-0.05523832124258572,Sell
2024-05-16,WEN,-0.05558834938507368,Sell
2024-05-16,SPWR,-0.05555555555555555,Sell
2024-05-16,STI,-0.0005142873516718535,Sell
2024-05-16,TRV,-0.05630112186104907,Sell
2024-05-16,DPZ,-0.05555555555555555,Sell
2024-05-16,DHI,0.05274119162810553,Buy
2024-05-16,BBT,-0.05555555555555555,Sell
2024-05-16,MU,0.0550848530938329,Buy
2024-05-16,WFC,0.10947562104972437,Buy
2024-05-16,KGC,-0.0005752914430304443,Sell
2024-05-16,ULTA,-0.000828580111084963,Sell
2024-05-16,HUM,-0.05555555555555555,Sell
2024-05-16,WSM,0.053816124763006484,Buy
2024-05-16,BX,0.053612394911831576,Buy
2024-05-16,MRVL,-0.05555555555555555,Sell
2024-05-16,PCG,-8.42458142388397e-05,Sell
2024-05-16,HMC,0.05555555555555555,Buy
2024-05-16,CME,-0.056231962610057716,Sell
2024-05-16,CLX,0.05555555555555555,Buy
2024-05-16,SYK,0.05538037405010531,Buy
2024-05-16,XLE,0.0006575785675298693,Buy
2024-05-16,COF,0.05555555555555555,Buy
2024-05-16,ZUMZ,-0.05555555555555555,Sell
2024-05-16,CAT,0.05555555555555555,Buy
2024-05-17,MNST,-0.0006690849002990648,Sell
2024-05-17,PPG,-0.056062085634765564,Sell
2024-05-17,AA,-0.05555555555555555,Sell
2024-05-17,BUD,-0.05555555555555555,Sell
2024-05-17,SPWR,0.12300018815486269,Buy
2024-05-17,NSC,0.05555555555555555,Buy
2024-05-17,STI,0.001140001767701522,Buy
2024-05-17,DPZ,0.056174297484739705,Buy
2024-05-17,VTR,-0.05555555555555555,Sell
2024-05-17,BBT,0.0008165051931108627,Buy
2024-05-17,EBAY,0.05555555555555555,Buy
2024-05-17,WFC,-0.05622226816259398,Sell
2024-05-17,DLTR,0.05555555555555555,Buy
2024-05-17,KGC,0.0017953179885081758,Buy
2024-05-17,D,-0.05555555555555555,Sell
2024-05-17,ULTA,0.00044088628462751744,Buy
2024-05-17,HUM,0.05636367044427314,Buy
2024-05-17,LOW,0.05555555555555555,Buy
2024-05-17,MRVL,0.05531173176242933,Buy
2024-05-17,PCG,0.0011052543761293776,Buy
2024-05-17,DUK,-0.05555555555555555,Sell
2024-05-17,HMC,-0.05692310583493458,Sell
2024-05-17,CLX,-9.434301914602178e-05,Sell
2024-05-17,XLE,-0.05699004148891534,Sell
2024-05-17,COF,-0.05650669949069328,Sell
2024-05-17,ZUMZ,0.055746669811063215,Buy
2024-05-17,CAT,-0.001537713767298568,Sell
2024-05-20,MNST,0.0001872761861027028,Buy
2024-05-20,AA,0.002277757954805594,Buy
2024-05-20,BUD,0.05502024581106875,Buy
2024-05-20,SPWR,-0.05192196812692089,Sell
2024-05-20,NSC,-8.502631225885959e-05,Sell
2024-05-20,GREK,-0.05555555555555555,Sell
2024-05-20,STI,-0.00036041174735627207,Sell
2024-05-20,VTR,0.00015462854421982586,Buy
2024-05-20,BBT,-0.0005452998947938423,Sell
2024-05-20,MU,-0.05555555555555555,Sell
2024-05-20,EBAY,-9.973545882187296e-05,Sell
2024-05-20,DLTR,0.001465160113587674,Buy
2024-05-20,KGC,0.0014787424378876618,Buy
2024-05-20,TRP,-0.05555555555555555,Sell
2024-05-20,KO,0.05555555555555555,Buy
2024-05-20,D,0.0006530433844321934,Buy
2024-05-20,ULTA,0.05408830086752161,Buy
2024-05-20,LOW,0.00010896566416161019,Buy
2024-05-20,PCG,0.0005107169430841677,Buy
2024-05-20,DUK,0.05579218322824414,Buy
2024-05-20,CLX,-0.05559024726384274,Sell
2024-05-20,SYK,0.05555555555555555,Buy
2024-05-20,CAT,-0.0013774341738466492,Sell
2024-05-21,MNST,7.006463790967116e-05,Buy
2024-05-21,AA,0.05773620873463943,Buy
2024-05-21,NSC,0.0012210857962481614,Buy
2024-05-21,GREK,0.05557759541187835,Buy
2024-05-21,STI,-0.0014451811865989345,Sell
2024-05-21,HAS,-0.05555555555555555,Sell
2024-05-21,VTR,0.05528192889060283,Buy
2024-05-21,BBT,0.000258465179172572,Buy
2024-05-21,MU,0.05504578796240798,Buy
2024-05-21,EBAY,-0.056704202519371846,Sell
2024-05-21,WFC,-0.05555555555555555,Sell
2024-05-21,DLTR,-0.0007365696855310341,Sell
2024-05-21,CCL,-0.05555555555555555,Sell
2024-05-21,MS,-0.05555555555555555,Sell
2024-05-21,KEY,0.05555555555555555,Buy
2024-05-21,KGC,0.05610289254459065,Buy
2024-05-21,TRP,0.05583596121987805,Buy
2024-05-21,KO,-0.0559960111980752,Sell
2024-05-21,D,0.0003035283057707325,Buy
2024-05-21,LOW,0.0009095923265705075,Buy
2024-05-21,PCG,0.0009441058593198173,Buy
2024-05-21,CME,0.05555555555555555,Buy
2024-05-21,OHI,-0.05555555555555555,Sell
2024-05-21,SYK,-0.05582512229256543,Sell
2024-05-21,XLE,0.05555555555555555,Buy
2024-05-21,ZUMZ,-0.05555555555555555,Sell
2024-05-21,CAT,0.0004271630514407765,Buy
2024-05-22,MNST,-0.05505674732030891,Sell
2024-05-22,NSC,-0.056802724190751795,Sell
2024-05-22,STI,-0.10988708110511966,Sell
2024-05-22,HAS,0.053442520105468884,Buy
2024-05-22,VTR,-0.05555555555555555,Sell
2024-05-22,BBT,0.054988150369918345,Buy
2024-05-22,WFC,0.05486978682230186,Buy
2024-05-22,EOG,0.05555555555555555,Buy
2024-05-22,DLTR,-0.0548983079125167,Sell
2024-05-22,CCL,-0.0020875625879960905,Sell
2024-05-22,MS,0.054916418935023914,Buy
2024-05-22,MAR,0.05555555555555555,Buy
2024-05-22,KEY,0.0012561806157896926,Buy
2024-05-22,KGC,0.05555555555555555,Buy
2024-05-22,WMB,0.05555555555555555,Buy
2024-05-22,D,0.05489559190261306,Buy
2024-05-22,RL,0.05555555555555555,Buy
2024-05-22,WSM,0.05555555555555555,Buy
2024-05-22,LOW,-0.10998451282670138,Sell
2024-05-22,MRVL,-0.05555555555555555,Sell
2024-05-22,PCG,0.05479125975756262,Buy
2024-05-22,CME,-0.055644385781280045,Sell
2024-05-22,PRGO,-0.05555555555555555,Sell
2024-05-22,OHI,0.00014048687663435755,Buy
2024-05-22,BSX,-0.05555555555555555,Sell
2024-05-22,XLE,0.0012696745685440852,Buy
2024-05-22,COF,0.05555555555555555,Buy
2024-05-22,ZUMZ,0.05354031302807101,Buy
2024-05-22,MT,-0.05555555555555555,Sell
2024-05-22,CAT,-0.05486460426647074,Sell
2024-05-23,PPG,0.05555555555555555,Buy
2024-05-23,AMTD,-0.05555555555555555,Sell
2024-05-23,NVDA,-0.05555555555555555,Sell
2024-05-23,SPWR,-0.05555555555555555,Sell
2024-05-23,STI,0.05309344736321781,Buy
2024-05-23,KMB,0.05555555555555555,Buy
2024-05-23,HAS,-0.05555555555555555,Sell
2024-05-23,VTR,0.05369877488101076,Buy
2024-05-23,MU,-0.05555555555555555,Sell
2024-05-23,EOG,0.0012841179489683843,Buy
2024-05-23,ANF,-0.05555555555555555,Sell
2024-05-23,CCL,-0.0034663709474470755,Sell
2024-05-23,MAR,0.0012128173620782404,Buy
2024-05-23,KEY,-0.05306361188114023,Sell
2024-05-23,KGC,-0.05480757569354506,Sell
2024-05-23,WMB,-0.054329076060668745,Sell
2024-05-23,KO,0.05555555555555555,Buy
2024-05-23,D,0.05555555555555555,Buy
2024-05-23,RL,-0.056959131374352774,Sell
2024-05-23,WSM,-0.056067582410498855,Sell
2024-05-23,LOW,0.05424492933313596,Buy
2024-05-23,MRVL,0.0006028670437762951,Buy
2024-05-23,PRGO,0.05287991032937132,Buy
2024-05-23,OHI,0.054118573367521086,Buy
2024-05-23,BSX,0.05443084856327455,Buy
2024-05-23,XLE,0.0009033941518930971,Buy
2024-05-23,COF,0.00116764305308633,Buy
2024-05-23,ENB,0.05555555555555555,Buy
2024-05-23,MT,-0.0009772099752572982,Sell
2024-05-24,PPG,-0.0009814461578506462,Sell
2024-05-24,AMTD,0.05766564940565465,Buy
2024-05-24,NVDA,0.057814779207669406,Buy
2024-05-24,SPWR,0.00755728430909601,Buy
2024-05-24,QCOM,-0.05555555555555555,Sell
2024-05-24,JNJ,0.05555555555555555,Buy
2024-05-24,STI,-0.05555555555555555,Sell
2024-05-24,KMB,-0.05640769171079339,Sell
2024-05-24,HAS,0.0010988969008056126,Buy
2024-05-24,DPZ,-0.05555555555555555,Sell
2024-05-24,BDX,0.05555555555555555,Buy
2024-05-24,MU,0.002246731438079873,Buy
2024-05-24,EOG,-0.00046399474830815385,Sell
2024-05-24,ANF,0.0024669296562193563,Buy
2024-05-24,CCL,0.05769968484468951,Buy
2024-05-24,MAR,-0.057465209168802496,Sell
2024-05-24,WMB,0.05555555555555555,Buy
2024-05-24,KO,-0.0007276606298489904,Sell
2024-05-24,D,-0.0566331243532897,Sell
2024-05-24,MRVL,0.05761214304742251,Buy
2024-05-24,NTES,0.05555555555555555,Buy
2024-05-24,BSX,-0.05555555555555555,Sell
2024-05-24,XLE,-0.0008896929997490657,Sell
2024-05-24,COF,-0.05641820796539114,Sell
2024-05-24,ENB,-0.0012324582694863626,Sell
2024-05-24,ZUMZ,-0.05555555555555555,Sell
2024-05-24,MT,0.05687251940140268,Buy
2024-05-28,PPG,0.0006018421686434169,Buy
2024-05-28,DAL,0.05555555555555555,Buy
2024-05-28,SPWR,0.05747780345233639,Buy
2024-05-28,QCOM,0.0008904236069483193,Buy
2024-05-28,JNJ,0.0008121509232347501,Buy
2024-05-28,STI,-0.0044355301940147765,Sell
2024-05-28,KMB,0.05555555555555555,Buy
2024-05-28,HAS,0.0011712059146972223,Buy
2024-05-28,DPZ,0.0009378020611619103,Buy
2024-05-28,BDX,0.0003148150002570266,Buy
2024-05-28,MU,0.001538370438062979,Buy
2024-05-28,EOG,-0.05689174219015358,Sell
2024-05-28,ANF,0.000993680725271645,Buy
2024-05-28,ALK,0.05555555555555555,Buy
2024-05-28,WMB,-0.05647528574403376,Sell
2024-05-28,KO,-0.05556364924225775,Sell
2024-05-28,ULTA,-0.05555555555555555,Sell
2024-05-28,RL,-0.05555555555555555,Sell
2024-05-28,PCG,0.05555555555555555,Buy
2024-05-28,NTES,-0.056162715604583996,Sell
2024-05-28,CME,0.05555555555555555,Buy
2024-05-28,BSX,0.05538649811700081,Buy
2024-05-28,XLE,-0.05629872415616147,Sell
2024-05-28,ENB,-0.05552552581884233,Sell
2024-05-28,ZUMZ,0.0018053006206694283,Buy
2024-05-28,MRK,0.05555555555555555,Buy
2024-05-29,PPG,0.000249888361661961,Buy
2024-05-29,NVDA,-0.05555555555555555,Sell
2024-05-29,DAL,-0.0559453013258949,Sell
2024-05-29,SPWR,0.05555555555555555,Buy
2024-05-29,CAG,0.05555555555555555,Buy
2024-05-29,GREK,0.05555555555555555,Buy
2024-05-29,QCOM,0.0550961792026322,Buy
2024-05-29,JNJ,-0.05639476396542527,Sell
2024-05-29,STI,-0.0009616969886944646,Sell
2024-05-29,KMB,-0.0003836670260783173,Sell
2024-05-29,HAS,0.05498372661676217,Buy
2024-05-29,DPZ,0.0009187625934517218,Buy
2024-05-29,BDX,-0.055941327130882325,Sell
2024-05-29,MU,0.05590819105089692,Buy
2024-05-29,EOG,0.05555555555555555,Buy
2024-05-29,ANF,0.014524823167601827,Buy
2024-05-29,HTZ,-0.05555555555555555,Sell
2024-05-29,ALK,0.0006563058762767901,Buy
2024-05-29,MAR,-0.05555555555555555,Sell
2024-05-29,ULTA,0.00039424508274396586,Buy
2024-05-29,RL,0.05704622801793239,Buy
2024-05-29,PCG,-0.0004445081198906839,Sell
2024-05-29,CME,-0.05566568543109049,Sell
2024-05-29,ENB,0.05555555555555555,Buy
2024-05-29,ZUMZ,0.0011431678324083858,Buy
2024-05-29,CAT,-0.05555555555555555,Sell
2024-05-29,MRK,-0.05628639294111638,Sell
2024-05-30,CNC,0.05555555555555555,Buy
2024-05-30,PPG,-0.05595271521800959,Sell
2024-05-30,VWO,0.05555555555555555,Buy
2024-05-30,A,0.05555555555555555,Buy
2024-05-30,NVDA,0.05302367108896843,Buy
2024-05-30,SPWR,-0.05995052217102602,Sell
2024-05-30,CAG,0.0005696526823482789,Buy
2024-05-30,GREK,0.00014705076842524284,Buy
2024-05-30,QCOM,-0.05555555555555555,Sell
2024-05-30,STI,0.05740550662525236,Buy
2024-05-30,KMB,-0.05574821792729437,Sell
2024-05-30,NDAQ,0.05555555555555555,Buy
2024-05-30,DPZ,-0.0005548385032452807,Sell
2024-05-30,VTR,-0.05555555555555555,Sell
2024-05-30,EOG,0.00030738468478878206,Buy
2024-05-30,ANF,-0.0036499072611175035,Sell
2024-05-30,HTZ,0.05669789271488229,Buy
2024-05-30,ORCL,0.05555555555555555,Buy
2024-05-30,ALK,-0.055817422102476706,Sell
2024-05-30,MAR,0.055219628621334775,Buy
2024-05-30,D,-0.05555555555555555,Sell
2024-05-30,ULTA,0.0006067723215030171,Buy
2024-05-30,PCG,-0.05564697895213006,Sell
2024-05-30,PRGO,-0.05555555555555555,Sell
2024-05-30,ENB,-0.0552225739708048,Sell
2024-05-30,ZUMZ,-0.0007457495583715196,Sell
2024-05-30,CAT,-0.0002707429074599449,Sell
2024-05-30,MRK,0.05555555555555555,Buy
2024-05-31,CNC,-0.05755813995053413,Sell
2024-05-31,VWO,0.0005840549463445796,Buy
2024-05-31,A,0.0005380153792770501,Buy
2024-05-31,DAL,-0.05555555555555555,Sell
2024-05-31,CAG,-0.05681260020400009,Sell
2024-05-31,GREK,0.000125397617506115,Buy
2024-05-31,QCOM,0.055240582025869935,Buy
2024-05-31,KMB,-0.05555555555555555,Sell
2024-05-31,NDAQ,0.00013070274799586307,Buy
2024-05-31,DPZ,0.05538699972656277,Buy
2024-05-31,VTR,0.0013137653123278872,Buy
2024-05-31,MU,0.05555555555555555,Buy
2024-05-31,EOG,-0.05648673969189121,Sell
2024-05-31,QQQ,0.05555555555555555,Buy
2024-05-31,ANF,-0.0018516276960574007,Sell
2024-05-31,ORCL,6.457292769493361e-05,Buy
2024-05-31,GOLD,0.05555555555555555,Buy
2024-05-31,KO,-0.05555555555555555,Sell
2024-05-31,D,0.0010298537401836338,Buy
2024-05-31,ULTA,0.0012555456158447748,Buy
2024-05-31,NTAP,-0.05555555555555555,Sell
2024-05-31,CME,0.05555555555555555,Buy
2024-05-31,PRGO,0.05592303718152918,Buy
2024-05-31,ENB,-0.05555555555555555,Sell
2024-05-31,ZUMZ,0.05494624644203525,Buy
2024-05-31,CAT,0.05532433271626802,Buy
2024-05-31,MRK,-0.0558933083933156,Sell
2024-06-03,BAX,0.05555555555555555,Buy
2024-06-03,VWO,-0.055971963339088764,Sell
2024-06-03,A,-0.00028395014488086234,Sell
2024-06-03,HOG,-0.05555555555555555,Sell
2024-06-03,NVDA,-0.05555555555555555,Sell
2024-06-03,WEN,0.05555555555555555,Buy
2024-06-03,DAL,0.05516897194848493,Buy
2024-06-03,SPWR,0.05555555555555555,Buy
2024-06-03,GREK,-0.05553995687412415,Sell
2024-06-03,QCOM,-0.05555555555555555,Sell
2024-06-03,KMB,0.05607983003948624,Buy
2024-06-03,NDAQ,0.00040900197700544094,Buy
2024-06-03,TRV,0.05555555555555555,Buy
2024-06-03,DPZ,-0.05555555555555555,Sell
2024-06-03,VTR,-0.000390361980769971,Sell
2024-06-03,MU,-0.05682422501632064,Sell
2024-06-03,EOG,0.05555555555555555,Buy
2024-06-03,QQQ,-0.0557163719773211,Sell
2024-06-03,ANF,0.0007576719912961924,Buy
2024-06-03,ORCL,-0.05640715983623734,Sell
2024-06-03,GOLD,0.001436771637838001,Buy
2024-06-03,KO,0.05541880432715249,Buy
2024-06-03,D,0.05516184803951638,Buy
2024-06-03,ULTA,-0.0008633426459941501,Sell
2024-06-03,NTAP,0.05474234684027348,Buy
2024-06-03,NWSA,-0.05555555555555555,Sell
2024-06-03,PCG,0.05555555555555555,Buy
2024-06-03,CME,-0.05508297863608811,Sell
2024-06-03,PRGO,-0.05555555555555555,Sell
2024-06-03,ENB,0.055191546978744406,Buy
2024-06-04,AMTD,-0.05555555555555555,Sell
2024-06-04,BAX,0.0010396325298261538,Buy
2024-06-04,A,-0.055559347464433084,Sell
2024-06-04,HOG,0.052847659767471966,Buy
2024-06-04,NVDA,0.0009344832866609865,Buy
2024-06-04,WEN,-7.634910922144772e-05,Sell
2024-06-04,DAL,0.05555555555555555,Buy
2024-06-04,SPWR,0.006066961696160354,Buy
2024-06-04,NSC,-0.05555555555555555,Sell
2024-06-04,QCOM,0.055375594724972735,Buy
2024-06-04,NDAQ,-0.05644824499049187,Sell
2024-06-04,TRV,-0.05560719599290671,Sell
2024-06-04,DPZ,2.395402218152015e-05,Buy
2024-06-04,VTR,0.00020386572907785117,Buy
2024-06-04,EOG,-0.05586748072422115,Sell
2024-06-04,ANF,-0.001671575112210076,Sell
2024-06-04,HTZ,-0.05555555555555555,Sell
2024-06-04,KGC,0.05555555555555555,Buy
2024-06-04,GOLD,0.002495848041152826,Buy
2024-06-04,KO,-0.05555555555555555,Sell
2024-06-04,ULTA,0.055721325035195474,Buy
2024-06-04,NWSA,0.05567019671672577,Buy
2024-06-04,PCG,-0.05603757527388322,Sell
2024-06-04,PRGO,0.05482396527926603,Buy
2024-06-04,CSIQ,0.05555555555555555,Buy
2024-06-04,BSX,-0.05555555555555555,Sell
2024-06-04,XLE,0.05555555555555555,Buy
2024-06-04,COF,0.05555555555555555,Buy
2024-06-05,MNST,0.05555555555555555,Buy
2024-06-05,AMTD,0.05459460491440829,Buy
2024-06-05,BAX,-0.00015428393455291928,Sell
2024-06-05,NVDA,0.003220610636312529,Buy
2024-06-05,WEN,0.0010196259895964496,Buy
2024-06-05,DAL,-0.056970663692180304,Sell
2024-06-05,SPWR,0.0053573319368033015,Buy
2024-06-05,NSC,0.05629533348555127,Buy
2024-06-05,QCOM,-0.05555555555555555,Sell
2024-06-05,DPZ,-7.735375109798465e-05,Sell
2024-06-05,VTR,0.05563736149038496,Buy
2024-06-05,MU,-0.05555555555555555,Sell
2024-06-05,EBAY,0.05555555555555555,Buy
2024-06-05,ANF,0.0013438062086432376,Buy
2024-06-05,HTZ,0.0007645156479475085,Buy
2024-06-05,TSM,-0.05555555555555555,Sell
2024-06-05,ALK,0.05555555555555555,Buy
2024-06-05,KGC,-0.05742484858092732,Sell
2024-06-05,GOLD,-0.05628312022105202,Sell
2024-06-05,TRP,-0.05555555555555555,Sell
2024-06-05,KO,0.055876992939303136,Buy
2024-06-05,D,0.05555555555555555,Buy
2024-06-05,NTAP,-0.05555555555555555,Sell
2024-06-05,CME,0.05555555555555555,Buy
2024-06-05,CSIQ,-0.05661107436406796,Sell
2024-06-05,BSX,0.05587239317351175,Buy
2024-06-05,XLE,-0.00033271320915767566,Sell
2024-06-05,COF,-0.05631011221114046,Sell
2024-06-06,MNST,-3.896144655894662e-05,Sell
2024-06-06,BAX,0.00022213706815234907,Buy
2024-06-06,NVDA,-0.0010871470187896193,Sell
2024-06-06,WEN,-0.00015042632569102488,Sell
2024-06-06,BUD,-0.05555555555555555,Sell
2024-06-06,SPWR,-0.0015165073966882728,Sell
2024-06-06,CAG,0.05555555555555555,Buy
2024-06-06,QCOM,-0.0010778936659086094,Sell
2024-06-06,DPZ,-0.0008014827068665645,Sell
2024-06-06,MU,0.05361706997367725,Buy
2024-06-06,EBAY,-0.055512645958509924,Sell
2024-06-06,WFC,0.05555555555555555,Buy
2024-06-06,ANF,0.00052901190917614,Buy
2024-06-06,HTZ,0.052618504667575026,Buy
2024-06-06,DLTR,0.05555555555555555,Buy
2024-06-06,TSM,0.05482997970541409,Buy
2024-06-06,ALK,0.0010629953604258321,Buy
2024-06-06,ILMN,-0.05555555555555555,Sell
2024-06-06,TRP,3.283106159780724e-05,Buy
2024-06-06,D,-0.0548551745136064,Sell
2024-06-06,NTAP,-0.0007941660749893262,Sell
2024-06-06,CME,-0.055392445262114565,Sell
2024-06-06,XLE,0.0001497968462388019,Buy
2024-06-06,ZUMZ,-0.05555555555555555,Sell
2024-06-07,MNST,-0.055578185073783794,Sell
2024-06-07,PPG,0.05555555555555555,Buy
2024-06-07,BAX,0.0004961776256411365,Buy
2024-06-07,NVDA,-0.0002808200213003653,Sell
2024-06-07,WEN,0.0014318357498403836,Buy
2024-06-07,BUD,0.0543725068625908,Buy
2024-06-07,SPWR,-0.00014841444633183903,Sell
2024-06-07,NSC,-0.05555555555555555,Sell
2024-06-07,CAG,-0.055662150096343524,Sell
2024-06-07,QCOM,-0.0009754484208188904,Sell
2024-06-07,STI,-0.05555555555555555,Sell
2024-06-07,DPZ,-0.0002456094068105305,Sell
2024-06-07,BBT,0.05555555555555555,Buy
2024-06-07,WFC,-0.05592879227654592,Sell
2024-06-07,ANF,-0.0004005297112414305,Sell
2024-06-07,DLTR,0.0007622593991896479,Buy
2024-06-07,TSM,-0.05555555555555555,Sell
2024-06-07,ALK,0.0005545327752159573,Buy
2024-06-07,ILMN,0.05483312507043673,Buy
2024-06-07,KGC,0.05555555555555555,Buy
2024-06-07,TRP,0.05426374103780966,Buy
2024-06-07,D,0.05555555555555555,Buy
2024-06-07,NTAP,-0.00045369955387191546,Sell
2024-06-07,BSX,-0.05555555555555555,Sell
2024-06-07,XLE,-0.05510458403946683,Sell
2024-06-07,ZUMZ,0.05374841384672963,Buy
2024-06-10,MNST,0.05555555555555555,Buy
2024-06-10,PPG,-0.05556734282706388,Sell
2024-06-10,BAX,0.00046211538501705895,Buy
2024-06-10,NVDA,0.0004046027167180291,Buy
2024-06-10,WEN,0.0009094996139151212,Buy
2024-06-10,BUD,0.05555555555555555,Buy
2024-06-10,SPWR,0.00038770454091405226,Buy
2024-06-10,NSC,0.05580351857735655,Buy
2024-06-10,CAG,0.05555555555555555,Buy
2024-06-10,QCOM,0.0007240670385796275,Buy
2024-06-10,STI,0.04501118093051953,Buy
2024-06-10,DPZ,0.0013962437899429775,Buy
2024-06-10,BBT,0.0013696214012433108,Buy
2024-06-10,MU,-0.05555555555555555,Sell
2024-06-10,ANF,0.0031417325803301324,Buy
2024-06-10,DLTR,-0.0549966947686467,Sell
2024-06-10,TSM,0.0012639985668764786,Buy
2024-06-10,ALK,-0.05637739416258528,Sell
2024-06-10,KGC,-0.0009659537040619184,Sell
2024-06-10,D,-1.1753989421103839e-05,Sell
2024-06-10,NTAP,0.0008762824136037475,Buy
2024-06-10,PCG,-0.05555555555555555,Sell
2024-06-10,BSX,0.05576901746416649,Buy
2024-06-10,BMY,-0.05555555555555555,Sell
2024-06-11,MNST,-4.512185799097901e-05,Sell
2024-06-11,BAX,0.00016247449157289623,Buy
2024-06-11,NVDA,-0.0005247331470351613,Sell
2024-06-11,WEN,-0.00017540046822873273,Sell
2024-06-11,DAL,0.05555555555555555,Buy
2024-06-11,BUD,0.0006146490244718708,Buy
2024-06-11,SPWR,-0.003667585789609934,Sell
2024-06-11,CAG,-0.05533217012930849,Sell
2024-06-11,QCOM,-0.0003485117716615707,Sell
2024-06-11,STI,-0.05555555555555555,Sell
2024-06-11,DPZ,1.8600685147300566e-05,Buy
2024-06-11,BBT,-0.05477070487324342,Sell
2024-06-11,MU,-2.5985933171025766e-05,Sell
2024-06-11,EWI,0.05555555555555555,Buy
2024-06-11,ANF,6.883054219281037e-05,Buy
2024-06-11,TSM,-0.0009363081213083699,Sell
2024-06-11,MS,0.05555555555555555,Buy
2024-06-11,KGC,-0.05520596909953167,Sell
2024-06-11,D,-0.05550218313851802,Sell
2024-06-11,NTAP,0.0010256720351895093,Buy
2024-06-11,PCG,0.05503604436821931,Buy
2024-06-11,PRGO,-0.05555555555555555,Sell
2024-06-11,COF,0.05555555555555555,Buy
2024-06-11,BMY,0.056012699590484875,Buy
2024-06-12,MNST,0.0009279766463071853,Buy
2024-06-12,BAX,-0.056904923798534235,Sell
2024-06-12,NVDA,0.0025900583849286507,Buy
2024-06-12,WEN,-0.056732150499465,Sell
2024-06-12,DAL,-0.057668431815272626,Sell
2024-06-12,BUD,-0.05653029641383814,Sell
2024-06-12,SPWR,0.0022819634240922246,Buy
2024-06-12,CAG,0.05555555555555555,Buy
2024-06-12,QCOM,0.0024477401603998153,Buy
2024-06-12,STI,0.05709964594834747,Buy
2024-06-12,TRV,0.05555555555555555,Buy
2024-06-12,DPZ,0.0009646427961110815,Buy
2024-06-12,MU,0.0029590546138936885,Buy
2024-06-12,QQQ,-0.05555555555555555,Sell
2024-06-12,EWI,-0.057104474603408215,Sell
2024-06-12,ANF,0.002577363002065715,Buy
2024-06-12,ORCL,-0.05555555555555555,Sell
2024-06-12,TSM,0.0030612414432931723,Buy
2024-06-12,MS,-0.056282698907705375,Sell
2024-06-12,GOLD,0.05555555555555555,Buy
2024-06-12,KO,0.05555555555555555,Buy
2024-06-12,D,0.05555555555555555,Buy
2024-06-12,NTAP,0.0007140581369999774,Buy
2024-06-12,PCG,0.05555555555555555,Buy
2024-06-12,CME,0.05555555555555555,Buy
2024-06-12,PRGO,0.055377486316963494,Buy
2024-06-12,COF,-0.056967670351860115,Sell
2024-06-13,MNST,0.0008965422695935352,Buy
2024-06-13,NVDA,0.002248234270503295,Buy
2024-06-13,AA,0.05555555555555555,Buy
2024-06-13,BUD,0.05555555555555555,Buy
2024-06-13,SPWR,-0.001036006258866004,Sell
2024-06-13,CAG,-0.055545386388499284,Sell
2024-06-13,QCOM,0.0009088003848023093,Buy
2024-06-13,TRV,-0.05578582286282107,Sell
2024-06-13,DPZ,2.9943462994119763e-06,Buy
2024-06-13,VTR,-0.05555555555555555,Sell
2024-06-13,MU,0.0012295908365531627,Buy
2024-06-13,QQQ,0.056139654152084065,Buy
2024-06-13,EWI,0.05555555555555555,Buy
2024-06-13,ANF,-0.000159805580352744,Sell
2024-06-13,ORCL,0.05562620528410988,Buy
2024-06-13,DLTR,0.05555555555555555,Buy
2024-06-13,TSM,0.0004349288872917412,Buy
2024-06-13,KGC,0.05555555555555555,Buy
2024-06-13,GOLD,-0.05490174739541291,Sell
2024-06-13,KO,-0.05593469238851365,Sell
2024-06-13,D,-0.0001605425937850763,Sell
2024-06-13,PVH,0.05555555555555555,Buy
2024-06-13,HUM,-0.05555555555555555,Sell
2024-06-13,NTAP,0.000978692138119991,Buy
2024-06-13,PCG,-0.05654497146098703,Sell
2024-06-13,CME,-0.05581134056505729,Sell
2024-06-14,MNST,0.0005388046994521736,Buy
2024-06-14,PPG,0.05555555555555555,Buy
2024-06-14,NVDA,0.0012289874932312622,Buy
2024-06-14,DAL,0.05555555555555555,Buy
2024-06-14,AA,-0.05488037676566121,Sell
2024-06-14,BUD,0.000634693029431567,Buy
2024-06-14,SPWR,-0.053202791009864914,Sell
2024-06-14,GREK,0.05555555555555555,Buy
2024-06-14,QCOM,0.05517169950393611,Buy
2024-06-14,STI,-0.05555555555555555,Sell
2024-06-14,HAS,-0.05555555555555555,Sell
2024-06-14,DPZ,-0.0003655187011959715,Sell
2024-06-14,VTR,0.0003184908374539927,Buy
2024-06-14,MU,0.055113139952699466,Buy
2024-06-14,EWI,0.0013310626710020187,Buy
2024-06-14,ANF,-0.0011405401864025624,Sell
2024-06-14,HTZ,-0.05555555555555555,Sell
2024-06-14,DLTR,-0.0555451939804722,Sell
2024-06-14,TSM,0.00012247473547354754,Buy
2024-06-14,KGC,-0.05603398391105086,Sell
2024-06-14,D,3.46755990735248e-05,Buy
2024-06-14,PVH,-0.055826842016797815,Sell
2024-06-14,RL,0.05555555555555555,Buy
2024-06-14,HUM,0.00038091485297616495,Buy
2024-06-14,NTAP,0.05531173570656961,Buy
2024-06-14,MT,0.05555555555555555,Buy
2024-06-17,MNST,-0.00084264449556333,Sell
2024-06-17,PPG,-0.05554685797169388,Sell
2024-06-17,NVDA,0.05475919568930069,Buy
2024-06-17,DAL,-0.056255830975832186,Sell
2024-06-17,BUD,-0.05533009068701035,Sell
2024-06-17,SPWR,0.05555555555555555,Buy
2024-06-17,NSC,0.05555555555555555,Buy
2024-06-17,RRC,0.05555555555555555,Buy
2024-06-17,GREK,-0.0554701239813184,Sell
2024-06-17,QCOM,-0.05555555555555555,Sell
2024-06-17,STI,0.0501940794540782,Buy
2024-06-17,HAS,0.05520718258617698,Buy
2024-06-17,DPZ,0.0007166472607183991,Buy
2024-06-17,VTR,0.055025412421262784,Buy
2024-06-17,MU,-0.05555555555555555,Sell
2024-06-17,EWI,-0.055854149037104915,Sell
2024-06-17,ANF,-0.00047046587861909045,Sell
2024-06-17,HTZ,0.05547371958238768,Buy
2024-06-17,ORCL,-0.05555555555555555,Sell
2024-06-17,TSM,0.0010916513915932916,Buy
2024-06-17,MS,-0.05555555555555555,Sell
2024-06-17,TRP,0.05555555555555555,Buy
2024-06-17,D,0.0014915282720372736,Buy
2024-06-17,ULTA,-0.05555555555555555,Sell
2024-06-17,RL,-0.056132732113296856,Sell
2024-06-17,HUM,-0.0009853712095381426,Sell
2024-06-17,PCG,0.05555555555555555,Buy
2024-06-17,BSX,0.05555555555555555,Buy
2024-06-17,ENB,0.05555555555555555,Buy
2024-06-17,MT,-0.05596510321826339,Sell
2024-06-18,MNST,0.0006331501700004849,Buy
2024-06-18,CNC,0.05555555555555555,Buy
2024-06-18,NVDA,-0.05555555555555555,Sell
2024-06-18,SPWR,-0.05761044846414108,Sell
2024-06-18,NSC,-0.05599012648590764,Sell
2024-06-18,RRC,-0.055646484845318235,Sell
2024-06-18,QCOM,0.001393483528423202,Buy
2024-06-18,STI,-0.05555555555555555,Sell
2024-06-18,DPZ,0.0003271831948656531,Buy
2024-06-18,EWC,0.05555555555555555,Buy
2024-06-18,MU,0.002290783229824102,Buy
2024-06-18,ANF,0.05554488442674111,Buy
2024-06-18,ORCL,0.05704100638287382,Buy
2024-06-18,TSM,0.0009425211353665183,Buy
2024-06-18,MS,0.05603211924490981,Buy
2024-06-18,TRP,-4.090339340539345e-05,Sell
2024-06-18,D,-0.00013838138816556211,Sell
2024-06-18,ULTA,-0.0007672162689533121,Sell
2024-06-18,HUM,-0.000721954746336885,Sell
2024-06-18,NTAP,-0.05555555555555555,Sell
2024-06-18,PCG,-0.0001722002746044407,Sell
2024-06-18,DUK,0.05555555555555555,Buy
2024-06-18,HMC,0.05555555555555555,Buy
2024-06-18,BSX,-0.05581552401991139,Sell
2024-06-18,ENB,-9.224521703522781e-05,Sell
2024-06-20,MNST,0.0008521614509799658,Buy
2024-06-20,CNC,-0.05530455478466394,Sell
2024-06-20,NVDA,0.052484882888991516,Buy
2024-06-20,DAL,0.05555555555555555,Buy
2024-06-20,AA,-0.05555555555555555,Sell
2024-06-20,CAG,0.05555555555555555,Buy
2024-06-20,QCOM,0.05162704918589925,Buy
2024-06-20,STI,-0.010476493858087632,Sell
2024-06-20,DPZ,0.053530272994551174,Buy
2024-06-20,EWC,-0.05444101286282976,Sell
2024-06-20,MU,0.051127750485743646,Buy
2024-06-20,ANF,-0.05555555555555555,Sell
2024-06-20,ORCL,-0.05555555555555555,Sell
2024-06-20,TSM,-0.002449418375833623,Sell
2024-06-20,KEY,0.05555555555555555,Buy
2024-06-20,KGC,-0.05555555555555555,Sell
2024-06-20,TRP,-0.054482614961406786,Sell
2024-06-20,D,-0.05484062103384583,Sell
2024-06-20,ULTA,-0.0017402289809890226,Sell
2024-06-20,PVH,0.05555555555555555,Buy
2024-06-20,HUM,8.072270712254637e-05,Buy
2024-06-20,NTAP,0.05388701571941913,Buy
2024-06-20,PCG,-0.05456422651176096,Sell
2024-06-20,DUK,-0.05444930194365205,Sell
2024-06-20,RF,0.05555555555555555,Buy
2024-06-20,HMC,-0.05396648680551403,Sell
2024-06-20,PRGO,0.05555555555555555,Buy
2024-06-20,SYK,0.05555555555555555,Buy
2024-06-20,CSIQ,-0.05555555555555555,Sell
2024-06-20,ENB,0.0012225131452385449,Buy
2024-06-21,MNST,-0.00012160788602774003,Sell
2024-06-21,DAL,0.0005993741997145016,Buy
2024-06-21,AA,0.0016679269369572966,Buy
2024-06-21,RRC,0.05555555555555555,Buy
2024-06-21,CAG,-0.05583206350393028,Sell
2024-06-21,STI,0.05133761091152064,Buy
2024-06-21,QQQ,-0.05555555555555555,Sell
2024-06-21,ANF,-0.0006767683181164302,Sell
2024-06-21,ORCL,-0.0008881418597098123,Sell
2024-06-21,TSM,-0.000790435145341252,Sell
2024-06-21,ALK,0.05555555555555555,Buy
2024-06-21,KEY,-0.0550502357098323,Sell
2024-06-21,KGC,0.05470956582372017,Buy
2024-06-21,D,0.05555555555555555,Buy
2024-06-21,ULTA,0.00045180049355186824,Buy
2024-06-21,PVH,-0.05644533247519396,Sell
2024-06-21,HUM,-0.0006430849684716591,Sell
2024-06-21,PCG,0.05555555555555555,Buy
2024-06-21,RF,-0.055270544211865454,Sell
2024-06-21,CME,0.05555555555555555,Buy
2024-06-21,PRGO,-0.0555786523354268,Sell
2024-06-21,SYK,0.00013475141452092693,Buy
2024-06-21,CSIQ,-0.0012050207368610039,Sell
2024-06-21,BSX,-0.05555555555555555,Sell
2024-06-21,ENB,0.0004228512246977137,Buy
2024-06-24,MNST,-1.323013036096804e-05,Sell
2024-06-24,DAL,0.00041358245500258684,Buy
2024-06-24,AA,0.05533794229679527,Buy
2024-06-24,SPWR,0.05555555555555555,Buy
2024-06-24,NSC,0.05555555555555555,Buy
2024-06-24,RRC,-0.05734287729350963,Sell
2024-06-24,CAG,0.05555555555555555,Buy
2024-06-24,QCOM,0.05555555555555555,Buy
2024-06-24,DPZ,-0.05555555555555555,Sell
2024-06-24,VTR,-0.05555555555555555,Sell
2024-06-24,MU,-0.05555555555555555,Sell
2024-06-24,QQQ,0.05449213208321793,Buy
2024-06-24,ANF,0.05366980153944013,Buy
2024-06-24,HTZ,-0.05555555555555555,Sell
2024-06-24,ORCL,0.054492484523009796,Buy
2024-06-24,TSM,0.05317100121903944,Buy
2024-06-24,ALK,-0.05596291239014844,Sell
2024-06-24,WMB,-0.05555555555555555,Sell
2024-06-24,KO,-0.05555555555555555,Sell
2024-06-24,D,-0.05589251292171989,Sell
2024-06-24,ULTA,0.00040700982703439914,Buy
2024-06-24,HUM,-3.8961023066837186e-05,Sell
2024-06-24,NWSA,-0.05555555555555555,Sell
2024-06-24,PCG,-0.05527569765207284,Sell
2024-06-24,CME,0.0002658531421573379,Buy
2024-06-24,SYK,0.0010102023066350316,Buy
2024-06-24,CSIQ,0.05571383723541185,Buy
2024-06-24,BSX,0.054410353202515756,Buy
2024-06-24,ENB,-0.00023124288293948497,Sell
2024-06-25,MNST,-0.056094755933942815,Sell
2024-06-25,PPG,0.05555555555555555,Buy
2024-06-25,NVDA,-0.05555555555555555,Sell
2024-06-25,DAL,0.0008492715873879703,Buy
2024-06-25,SPWR,-0.0014771954680023874,Sell
2024-06-25,NSC,0.0015324296212076358,Buy
2024-06-25,CAG,0.0006975065852573709,Buy
2024-06-25,QCOM,-0.05573421267498339,Sell
2024-06-25,DPZ,0.054791493953624155,Buy
2024-06-25,VTR,0.054493744541494735,Buy
2024-06-25,MU,0.0006524137086186543,Buy
2024-06-25,QQQ,-0.05555555555555555,Sell
2024-06-25,ANF,-0.05555555555555555,Sell
2024-06-25,HTZ,-0.0031769876045639675,Sell
2024-06-25,ORCL,-0.05555555555555555,Sell
2024-06-25,TSM,-0.05555555555555555,Sell
2024-06-25,WMB,0.05508499052681185,Buy
2024-06-25,TRP,-0.05555555555555555,Sell
2024-06-25,KO,0.05525504262830484,Buy
2024-06-25,ULTA,0.055150195714118486,Buy
2024-06-25,HUM,0.05502116246774146,Buy
2024-06-25,NTAP,-0.05555555555555555,Sell
2024-06-25,NWSA,0.05609210877073451,Buy
2024-06-25,LOW,0.05555555555555555,Buy
2024-06-25,CME,-0.055089422643102126,Sell
2024-06-25,SYK,0.0001096156217331723,Buy
2024-06-25,ENB,0.0003771695984347498,Buy
2024-06-25,CAT,0.05555555555555555,Buy
2024-06-26,PPG,-0.05567957740449685,Sell
2024-06-26,NVDA,0.055803099960402086,Buy
2024-06-26,DAL,0.0006078057952689578,Buy
2024-06-26,SPWR,0.003952543257788314,Buy
2024-06-26,NSC,0.00011889958526097033,Buy
2024-06-26,CAG,-0.05455560257875369,Sell
2024-06-26,HAS,0.05555555555555555,Buy
2024-06-26,DPZ,-0.05555555555555555,Sell
2024-06-26,BDX,0.05555555555555555,Buy
2024-06-26,MU,0.000599820398216197,Buy
2024-06-26,QQQ,0.0002256474904636374,Buy
2024-06-26,ANF,0.00016852312721150203,Buy
2024-06-26,HTZ,-0.002914652853685723,Sell
2024-06-26,ORCL,0.05529024379657502,Buy
2024-06-26,DLTR,0.05555555555555555,Buy
2024-06-26,CCL,-0.05555555555555555,Sell
2024-06-26,TSM,-6.0240161308768025e-05,Sell
2024-06-26,MAR,0.05555555555555555,Buy
2024-06-26,TRP,0.05471480857832167,Buy
2024-06-26,PVH,0.05555555555555555,Buy
2024-06-26,HUM,-0.05555555555555555,Sell
2024-06-26,NTAP,0.00041575122876596343,Buy
2024-06-26,LOW,-0.05605827791558729,Sell
2024-06-26,SYK,-0.055823629922954136,Sell
2024-06-26,ENB,-0.056206993944976635,Sell
2024-06-26,MT,0.05555555555555555,Buy
2024-06-26,CAT,-0.05555233284595923,Sell
2024-06-27,MNST,-0.05555555555555555,Sell
2024-06-27,PPG,0.05555555555555555,Buy
2024-06-27,DAL,-0.05611987080429966,Sell
2024-06-27,SPWR,0.002987154027273821,Buy
2024-06-27,NSC,0.0005987898518756973,Buy
2024-06-27,HAS,-0.05575952665728668,Sell
2024-06-27,DPZ,0.05527282700929091,Buy
2024-06-27,BDX,8.4000095211402e-05,Buy
2024-06-27,MU,0.051676038432264586,Buy
2024-06-27,QQQ,0.0002229428921230181,Buy
2024-06-27,SIRI,0.05555555555555555,Buy
2024-06-27,ANF,-0.00020618778589749642,Sell
2024-06-27,HTZ,0.05611449921949789,Buy
2024-06-27,ORCL,-0.05555555555555555,Sell
2024-06-27,DLTR,-0.05659234804567866,Sell
2024-06-27,CCL,0.0008061924761157413,Buy
2024-06-27,TSM,-6.294168542616413e-05,Sell
2024-06-27,MAR,-0.05580535816368073,Sell
2024-06-27,TRP,-0.05555555555555555,Sell
2024-06-27,PVH,0.001191678698000402,Buy
2024-06-27,HUM,0.00037054006640897114,Buy
2024-06-27,NTAP,0.00033925030281643787,Buy
2024-06-27,PCG,0.05555555555555555,Buy
2024-06-27,MT,-0.05505334399353318,Sell
2024-06-27,CAT,0.05555555555555555,Buy
2024-06-27,MRK,0.05555555555555555,Buy
2024-06-28,MNST,0.055181010445513885,Buy
2024-06-28,PPG,-0.05630875329943216,Sell
2024-06-28,DAL,0.05555555555555555,Buy
2024-06-28,SPWR,0.0034140146056916773,Buy
2024-06-28,NSC,-0.05714082001473931,Sell
2024-06-28,RRC,0.05555555555555555,Buy
2024-06-28,QCOM,-0.05555555555555555,Sell
2024-06-28,STI,0.05555555555555555,Buy
2024-06-28,TRV,0.05555555555555555,Buy
2024-06-28,VTR,-0.05555555555555555,Sell
2024-06-28,BDX,-0.05653602059839555,Sell
2024-06-28,QQQ,0.05557594256188955,Buy
2024-06-28,EWI,0.05555555555555555,Buy
2024-06-28,SIRI,-0.0023567541488922136,Sell
2024-06-28,ANF,0.002029782684844522,Buy
2024-06-28,HTZ,-0.05555555555555555,Sell
2024-06-28,ORCL,0.05627244092873026,Buy
2024-06-28,CCL,0.05619614620841662,Buy
2024-06-28,TSM,0.001019975597173331,Buy
2024-06-28,TRP,0.0002942044905015623,Buy
2024-06-28,D,0.05555555555555555,Buy
2024-06-28,PVH,-0.055312137028004006,Sell
2024-06-28,HUM,0.0020931531594579195,Buy
2024-06-28,NTAP,0.055766359043590515,Buy
2024-06-28,PCG,-0.055833960415858336,Sell
2024-06-28,OHI,-0.05555555555555555,Sell
2024-06-28,CSIQ,-0.05555555555555555,Sell
2024-06-28,MT,0.05555555555555555,Buy
2024-06-28,CAT,-0.05682814267887678,Sell
2024-06-28,MRK,-0.05327533104677999,Sell
2024-07-01,PPG,0.05555555555555555,Buy
2024-07-01,BAX,0.05555555555555555,Buy
2024-07-01,A,0.05555555555555555,Buy
2024-07-01,DAL,0.0012977444628926305,Buy
2024-07-01,SPWR,-0.12804798470262607,Sell
2024-07-01,NSC,-0.05555555555555555,Sell
2024-07-01,RRC,0.000876388713867346,Buy
2024-07-01,QCOM,-0.0004623029652443683,Sell
2024-07-01,STI,-0.0498719409975644,Sell
2024-07-01,HAS,0.05555555555555555,Buy
2024-07-01,TRV,-0.05475931419388282,Sell
2024-07-01,VTR,0.05493471981085856,Buy
2024-07-01,DHI,-0.05555555555555555,Sell
2024-07-01,BDX,0.05555555555555555,Buy
2024-07-01,QQQ,-0.05555555555555555,Sell
2024-07-01,EWI,-0.055792576515364886,Sell
2024-07-01,SIRI,-0.05582837961093003,Sell
2024-07-01,ANF,0.0013857835989637551,Buy
2024-07-01,HTZ,0.056102400439512326,Buy
2024-07-01,TSM,0.054392009264508566,Buy
2024-07-01,TRP,0.05436699721188108,Buy
2024-07-01,D,0.001804792105508636,Buy
2024-07-01,HUM,-0.0007199143980043746,Sell
2024-07-01,NTAP,-0.05555555555555555,Sell
2024-07-01,PCG,0.05555555555555555,Buy
2024-07-01,OHI,0.05441065511310829,Buy
2024-07-01,CSIQ,-0.0034486745203199803,Sell
2024-07-01,MT,-0.054619882775453786,Sell
2024-07-02,MNST,0.05555555555555555,Buy
2024-07-02,PPG,-0.055928020933453906,Sell
2024-07-02,AMTD,0.05555555555555555,Buy
2024-07-02,BAX,-0.055172258758202926,Sell
2024-07-02,A,0.0006349094410547373,Buy
2024-07-02,DAL,0.00027911533868322375,Buy
2024-07-02,SPWR,-0.0026567819872562806,Sell
2024-07-02,NSC,0.05591144682841681,Buy
2024-07-02,RRC,-0.05673780657840794,Sell
2024-07-02,QCOM,5.488784159096705e-06,Buy
2024-07-02,HAS,0.0004746399460881859,Buy
2024-07-02,DPZ,0.05555555555555555,Buy
2024-07-02,VTR,-0.05555555555555555,Sell
2024-07-02,DHI,0.05479149252842359,Buy
2024-07-02,BDX,-0.055517679018546914,Sell
2024-07-02,QQQ,0.056107947338849155,Buy
2024-07-02,ANF,-0.0004005843227419398,Sell
2024-07-02,TSM,-0.05555555555555555,Sell
2024-07-02,TRP,-0.05555555555555555,Sell
2024-07-02,D,-0.0005823581745290352,Sell
2024-07-02,HUM,0.00016712622100124863,Buy
2024-07-02,NTAP,0.0553714813947288,Buy
2024-07-02,LOW,-0.05555555555555555,Sell
2024-07-02,PCG,0.00032163323125330295,Buy
2024-07-02,CSIQ,0.002069915015379259,Buy
2024-07-02,CAT,0.05555555555555555,Buy
2024-07-03,MNST,0.00045643578839543036,Buy
2024-07-03,AMTD,-0.00025265763718694545,Sell
2024-07-03,A,-0.05545475037120078,Sell
2024-07-03,NVDA,-0.05555555555555555,Sell
2024-07-03,DAL,-0.0561059391489286,Sell
2024-07-03,SPWR,0.10418894302625178,Buy
2024-07-03,QCOM,0.0007537402414928701,Buy
2024-07-03,HAS,0.00028377230551919486,Buy
2024-07-03,DPZ,-0.05583073656216596,Sell
2024-07-03,VTR,-0.0002226516793869468,Sell
2024-07-03,ANF,-0.0013434554239597496,Sell
2024-07-03,TSM,0.001882448147507959,Buy
2024-07-03,WMB,-0.05555555555555555,Sell
2024-07-03,TRP,0.000360582390922945,Buy
2024-07-03,D,-0.056064184071825764,Sell
2024-07-03,HUM,-0.00202074713156819,Sell
2024-07-03,LOW,0.05519735337869631,Buy
2024-07-03,PCG,-0.05575414699067263,Sell
2024-07-03,CME,0.05555555555555555,Buy
2024-07-03,CSIQ,0.004233277657357218,Buy
2024-07-03,BSX,0.05555555555555555,Buy
2024-07-03,ZUMZ,0.05555555555555555,Buy
2024-07-03,CAT,-0.055781722677354366,Sell
2024-07-03,MRK,0.05555555555555555,Buy
2024-07-03,BMY,0.05555555555555555,Buy
2024-07-05,MNST,-0.055371628113349974,Sell
2024-07-05,AMTD,0.0008405961665456027,Buy
2024-07-05,BAX,-0.05555555555555555,Sell
2024-07-05,NVDA,0.05366996669319145,Buy
2024-07-05,DAL,0.05555555555555555,Buy
2024-07-05,SPWR,-0.00754314481106888,Sell
2024-07-05,CAG,0.05555555555555555,Buy
2024-07-05,QCOM,-0.00031978193550628864,Sell
2024-07-05,STI,-0.05555555555555555,Sell
2024-07-05,HAS,-0.05429282139157164,Sell
2024-07-05,TRV,0.05555555555555555,Buy
2024-07-05,VTR,-0.00017540471920014788,Sell
2024-07-05,BBT,0.05555555555555555,Buy
2024-07-05,QQQ,-0.05555555555555555,Sell
2024-07-05,ANF,-0.0033396792482298515,Sell
2024-07-05,HTZ,-0.05555555555555555,Sell
2024-07-05,TSM,-0.0003908562730273804,Sell
2024-07-05,WMB,0.054305866723588406,Buy
2024-07-05,TRP,0.05428492209650295,Buy
2024-07-05,D,0.05555555555555555,Buy
2024-07-05,HUM,5.963820663883873e-05,Buy
2024-07-05,CME,-0.054809840784061654,Sell
2024-07-05,CSIQ,0.05342713951824541,Buy
2024-07-05,BSX,-0.05492343906564388,Sell
2024-07-05,COF,0.05555555555555555,Buy
2024-07-05,ZUMZ,-0.057471234387251345,Sell
2024-07-05,CAT,0.05555555555555555,Buy
2024-07-05,MRK,-0.054975813778665526,Sell
2024-07-05,BMY,-0.05499226587981886,Sell
2024-07-08,AMTD,0.0008807136419108144,Buy
2024-07-08,BAX,0.05328471202163147,Buy
2024-07-08,WEN,0.05555555555555555,Buy
2024-07-08,DAL,-0.0001870097603153542,Sell
2024-07-08,SPWR,-0.0017253097893644986,Sell
2024-07-08,CAG,-0.05565926870928649,Sell
2024-07-08,QCOM,0.000365794054026633,Buy
2024-07-08,STI,-0.0017571555060102995,Sell
2024-07-08,TRV,-0.055992734264959654,Sell
2024-07-08,VTR,0.054744228132587724,Buy
2024-07-08,BBT,-0.05569677925680148,Sell
2024-07-08,BDX,0.05555555555555555,Buy
2024-07-08,WFC,0.05555555555555555,Buy
2024-07-08,QQQ,0.05547732154994123,Buy
2024-07-08,ANF,0.0020453994665501074,Buy
2024-07-08,HTZ,0.05473750071818582,Buy
2024-07-08,TSM,0.0005842706908783801,Buy
2024-07-08,D,-0.055593639385674264,Sell
2024-07-08,RL,-0.05555555555555555,Sell
2024-07-08,HUM,3.173982868841241e-05,Buy
2024-07-08,NTAP,-0.05555555555555555,Sell
2024-07-08,TRIP,-0.05555555555555555,Sell
2024-07-08,BX,0.05555555555555555,Buy
2024-07-08,MRVL,-0.05555555555555555,Sell
2024-07-08,CME,0.05555555555555555,Buy
2024-07-08,COF,0.0002871831611976905,Buy
2024-07-08,CAT,-0.05546537219261167,Sell
2024-07-09,AMTD,-0.05511474649261273,Sell
2024-07-09,A,-0.05555555555555555,Sell
2024-07-09,NVDA,-0.05555555555555555,Sell
2024-07-09,WEN,-0.055489992479996655,Sell
2024-07-09,DAL,-0.05610104412492076,Sell
2024-07-09,SPWR,-0.00027410041403665153,Sell
2024-07-09,CAG,0.05555555555555555,Buy
2024-07-09,QCOM,0.0552495634136647,Buy
2024-07-09,STI,0.055086897695796694,Buy
2024-07-09,DPZ,0.05555555555555555,Buy
2024-07-09,BDX,0.0011013093941329363,Buy
2024-07-09,WFC,-0.05627254704188763,Sell
2024-07-09,ANF,0.00011994727194428872,Buy
2024-07-09,DLTR,0.05555555555555555,Buy
2024-07-09,CCL,-0.05555555555555555,Sell
2024-07-09,TSM,0.05482800281688606,Buy
2024-07-09,MAR,0.05555555555555555,Buy
2024-07-09,KO,0.05555555555555555,Buy
2024-07-09,RL,0.0006573031822892234,Buy
2024-07-09,HUM,0.0003380404745873186,Buy
2024-07-09,NTAP,0.0007389913582056956,Buy
2024-07-09,NWSA,-0.05555555555555555,Sell
2024-07-09,TRIP,0.05427836441005404,Buy
2024-07-09,BX,-0.055689139126384575,Sell
2024-07-09,MRVL,0.054662845875161244,Buy
2024-07-09,CME,0.00020014327691249972,Buy
2024-07-09,CLX,0.05555555555555555,Buy
2024-07-09,COF,-0.05593677762673019,Sell
2024-07-09,BMY,-0.05555555555555555,Sell
2024-07-10,A,0.056361545258710996,Buy
2024-07-10,NVDA,0.0015688362681334986,Buy
2024-07-10,AA,0.05555555555555555,Buy
2024-07-10,SPWR,0.0006725737591312467,Buy
2024-07-10,RRC,0.05555555555555555,Buy
2024-07-10,CAG,-0.00020962590183824098,Sell
2024-07-10,DPZ,-0.05564831612874786,Sell
2024-07-10,BDX,-0.0562325318938542,Sell
2024-07-10,MU,-0.05555555555555555,Sell
2024-07-10,WFC,0.05555555555555555,Buy
2024-07-10,QQQ,-0.05555555555555555,Sell
2024-07-10,ANF,-0.0015211392610069013,Sell
2024-07-10,DLTR,0.0007547220349604991,Buy
2024-07-10,CCL,0.05513243835566116,Buy
2024-07-10,TSM,-0.05555555555555555,Sell
2024-07-10,MAR,-0.05680074910442833,Sell
2024-07-10,ILMN,-0.05555555555555555,Sell
2024-07-10,KO,-0.05575392754825044,Sell
2024-07-10,D,0.05555555555555555,Buy
2024-07-10,RL,0.05547161877287965,Buy
2024-07-10,HUM,0.0009398097389730006,Buy
2024-07-10,NTAP,0.0011396381919836357,Buy
2024-07-10,NWSA,0.05577016947483685,Buy
2024-07-10,CME,0.00022314134679479736,Buy
2024-07-10,CLX,-0.056823702292032284,Sell
2024-07-10,MT,0.05555555555555555,Buy
2024-07-10,BMY,0.00042811207418878144,Buy
2024-07-11,A,-0.05555555555555555,Sell
2024-07-11,NVDA,0.05137399083962775,Buy
2024-07-11,WEN,-0.05555555555555555,Sell
2024-07-11,DAL,0.05555555555555555,Buy
2024-07-11,AA,-0.05542085796494052,Sell
2024-07-11,SPWR,-0.004028029212538899,Sell
2024-07-11,NSC,-0.05555555555555555,Sell
2024-07-11,RRC,-0.055377065426751644,Sell
2024-07-11,CAG,0.0019651254619729303,Buy
2024-07-11,VTR,-0.05555555555555555,Sell
2024-07-11,DHI,-0.05555555555555555,Sell
2024-07-11,MU,0.10750088705676034,Buy
2024-07-11,WFC,0.0007523284910770714,Buy
2024-07-11,QQQ,0.10876490538219022,Buy
2024-07-11,ANF,-0.0012500236499229725,Sell
2024-07-11,DLTR,-0.05665855364638491,Sell
2024-07-11,TSM,0.05253727010259053,Buy
2024-07-11,MAR,0.05555555555555555,Buy
2024-07-11,ILMN,0.05672425362613276,Buy
2024-07-11,D,-0.05645822477870104,Sell
2024-07-11,EW,0.05555555555555555,Buy
2024-07-11,RL,-0.05555555555555555,Sell
2024-07-11,HUM,-0.001072801167096897,Sell
2024-07-11,NTAP,0.05312539507395071,Buy
2024-07-11,CME,-0.055026306122358454,Sell
2024-07-11,PRGO,-0.05555555555555555,Sell
2024-07-11,MT,-0.00014730426455738382,Sell
2024-07-11,BMY,0.053912890951605744,Buy
2024-07-12,A,0.0560648535280531,Buy
2024-07-12,HP,-0.05555555555555555,Sell
2024-07-12,NVDA,-0.05555555555555555,Sell
2024-07-12,WEN,0.05523551439419028,Buy
2024-07-12,DAL,0.0017775679008367531,Buy
2024-07-12,SPWR,-0.0047347072441218455,Sell
2024-07-12,NSC,0.055569968356302304,Buy
2024-07-12,CAG,0.00014713852570290287,Buy
2024-07-12,STI,0.05555555555555555,Buy
2024-07-12,HAS,-0.05555555555555555,Sell
2024-07-12,DPZ,-0.05555555555555555,Sell
2024-07-12,VTR,0.11047818292794134,Buy
2024-07-12,DHI,0.05695253203337848,Buy
2024-07-12,MU,-0.056881097062518364,Sell
2024-07-12,WFC,0.003426124235859619,Buy
2024-07-12,QQQ,-0.05579290577352729,Sell
2024-07-12,ANF,-0.00026404811260284655,Sell
2024-07-12,HTZ,-0.05555555555555555,Sell
2024-07-12,TSM,-0.05555555555555555,Sell
2024-07-12,MAR,-0.056163334381132406,Sell
2024-07-12,EW,0.0011996466652558144,Buy
2024-07-12,RL,0.05475538691447913,Buy
2024-07-12,HUM,0.0002751976935934722,Buy
2024-07-12,CME,0.05555555555555555,Buy
2024-07-12,PRGO,0.054749786290983246,Buy
2024-07-12,CSIQ,-0.05555555555555555,Sell
2024-07-12,MT,-0.0009426524067243647,Sell
2024-07-15,HP,0.0587085812320934,Buy
2024-07-15,NVDA,-0.0002548651008921557,Sell
2024-07-15,DAL,0.0007013308032484261,Buy
2024-07-15,SPWR,0.0040440554870698475,Buy
2024-07-15,CAG,-0.056135835342490156,Sell
2024-07-15,QCOM,-0.05555555555555555,Sell
2024-07-15,STI,-0.10936623922939337,Sell
2024-07-15,HAS,0.05543090075049893,Buy
2024-07-15,DPZ,0.054688435109141564,Buy
2024-07-15,VTR,-0.05583606952775303,Sell
2024-07-15,WFC,-0.0012607512021065373,Sell
2024-07-15,ANF,-0.0018087252513557528,Sell
2024-07-15,HTZ,0.05881305540947391,Buy
2024-07-15,DLTR,0.05555555555555555,Buy
2024-07-15,TSM,0.05501250303531633,Buy
2024-07-15,D,0.05555555555555555,Buy
2024-07-15,ULTA,0.05555555555555555,Buy
2024-07-15,EW,0.00082162831693431,Buy
2024-07-15,RL,0.05555555555555555,Buy
2024-07-15,HUM,0.00037928487276552014,Buy
2024-07-15,PCG,0.05555555555555555,Buy
2024-07-15,RF,-0.05555555555555555,Sell
2024-07-15,CME,-0.05667502306536719,Sell
2024-07-15,CSIQ,-0.006125412740054202,Sell
2024-07-15,M,-0.05555555555555555,Sell
2024-07-15,MT,-0.055361717071027286,Sell
2024-07-15,CAT,-0.05555555555555555,Sell
2024-07-16,AMTD,0.05555555555555555,Buy
2024-07-16,NVDA,-0.0005634081203862995,Sell
2024-07-16,DAL,-0.05982319556749857,Sell
2024-07-16,SPWR,-0.00034182193927949356,Sell
2024-07-16,QCOM,0.0562894016933972,Buy
2024-07-16,STI,0.05920040240833372,Buy
2024-07-16,BBT,-0.05555555555555555,Sell
2024-07-16,WFC,-0.05832768968443051,Sell
2024-07-16,EWI,0.05555555555555555,Buy
2024-07-16,ANF,0.0012604724289029742,Buy
2024-07-16,DLTR,-0.05643034757414072,Sell
2024-07-16,TSM,-0.05555555555555555,Sell
2024-07-16,KEY,-0.05555555555555555,Sell
2024-07-16,WMB,0.05555555555555555,Buy
2024-07-16,D,-0.0006266201384510089,Sell
2024-07-16,ULTA,-0.057954135109172404,Sell
2024-07-16,EW,0.0007636324799615568,Buy
2024-07-16,RL,-0.0565933968552907,Sell
2024-07-16,HUM,0.001998917482531219,Buy
2024-07-16,PCG,-0.0004999926530818224,Sell
2024-07-16,RF,0.0023913926677540873,Buy
2024-07-16,OHI,-0.05555555555555555,Sell
2024-07-16,SYK,0.05555555555555555,Buy
2024-07-16,CSIQ,0.061068340252798003,Buy
2024-07-16,M,0.05576467674099089,Buy
2024-07-16,CAT,0.002736014379558095,Buy
2024-07-16,MRK,0.05555555555555555,Buy
2024-07-17,AMTD,-0.055123297937583485,Sell
2024-07-17,VWO,0.05555555555555555,Buy
2024-07-17,NVDA,0.05147196623633314,Buy
2024-07-17,SPWR,0.003494664185699471,Buy
2024-07-17,QCOM,0.05555555555555555,Buy
2024-07-17,VTR,-0.05555555555555555,Sell
2024-07-17,BBT,0.000843842493448356,Buy
2024-07-17,MU,0.05555555555555555,Buy
2024-07-17,QQQ,0.05555555555555555,Buy
2024-07-17,EWI,-0.055064936731506496,Sell
2024-07-17,ANF,-0.005066919660799439,Sell
2024-07-17,TSM,0.10628179079282124,Buy
2024-07-17,KEY,0.05588171822068445,Buy
2024-07-17,KGC,0.05555555555555555,Buy
2024-07-17,WMB,-0.05551378760736683,Sell
2024-07-17,D,-0.055929355526720646,Sell
2024-07-17,EW,0.0006961594060890114,Buy
2024-07-17,HUM,0.00048321515178968016,Buy
2024-07-17,NTAP,0.05555555555555555,Buy
2024-07-17,PCG,-0.05580768685126074,Sell
2024-07-17,RF,0.00042864584682392876,Buy
2024-07-17,OHI,-0.00027783978147608024,Sell
2024-07-17,SYK,-0.05532333599892767,Sell
2024-07-17,CSIQ,-0.05555555555555555,Sell
2024-07-17,M,-0.05555555555555555,Sell
2024-07-17,CAT,0.05469830449626692,Buy
2024-07-17,MRK,-0.055321044796134144,Sell
2024-07-17,BMY,-0.05555555555555555,Sell
2024-07-18,BAX,-0.05555555555555555,Sell
2024-07-18,VWO,0.00015615862409427278,Buy
2024-07-18,NVDA,-0.05555555555555555,Sell
2024-07-18,SPWR,0.004052357011770855,Buy
2024-07-18,QCOM,-0.05584560682723337,Sell
2024-07-18,STI,-0.05555555555555555,Sell
2024-07-18,DPZ,0.05555555555555555,Buy
2024-07-18,VTR,0.05565633525774626,Buy
2024-07-18,DHI,-0.05555555555555555,Sell
2024-07-18,BBT,0.000683288165544492,Buy
2024-07-18,MU,-0.05492771878606014,Sell
2024-07-18,QQQ,-6.641206268619831e-05,Sell
2024-07-18,ANF,0.000761396001465027,Buy
2024-07-18,HTZ,-0.05555555555555555,Sell
2024-07-18,TSM,-0.05610515288513945,Sell
2024-07-18,KGC,0.0005336483906653935,Buy
2024-07-18,PVH,0.05555555555555555,Buy
2024-07-18,EW,0.0006292441169975585,Buy
2024-07-18,HUM,0.05404103644016477,Buy
2024-07-18,NTAP,0.0002524424283200932,Buy
2024-07-18,RF,0.0002803498638349333,Buy
2024-07-18,OHI,0.05605817312629777,Buy
2024-07-18,CSIQ,0.05656386385800159,Buy
2024-07-18,BSX,0.05555555555555555,Buy
2024-07-18,M,-0.0008659552501011844,Sell
2024-07-18,BMY,0.05490212186029818,Buy
2024-07-19,BAX,-0.0010241750431126684,Sell
2024-07-19,VWO,0.001048637162271264,Buy
2024-07-19,NVDA,0.05360409754084352,Buy
2024-07-19,SPWR,-0.0010463245164048299,Sell
2024-07-19,STI,0.10753819879654686,Buy
2024-07-19,TRV,0.05555555555555555,Buy
2024-07-19,DPZ,0.0011704230439488275,Buy
2024-07-19,DHI,-0.0003818039867531306,Sell
2024-07-19,BBT,0.055466494999674196,Buy
2024-07-19,EOG,0.05555555555555555,Buy
2024-07-19,QQQ,-0.05455259404714544,Sell
2024-07-19,ANF,2.1339567501749146e-05,Buy
2024-07-19,HTZ,-0.005024449418017073,Sell
2024-07-19,KGC,0.00107107441355625,Buy
2024-07-19,GOLD,-0.05555555555555555,Sell
2024-07-19,WMB,-0.05555555555555555,Sell
2024-07-19,PVH,-0.054557682110827364,Sell
2024-07-19,EW,-0.05548302873584312,Sell
2024-07-19,RL,0.05555555555555555,Buy
2024-07-19,HUM,-0.05555555555555555,Sell
2024-07-19,NTAP,-0.055097193383566015,Sell
2024-07-19,TRIP,0.05555555555555555,Buy
2024-07-19,BX,-0.05555555555555555,Sell
2024-07-19,RF,0.05504044578457903,Buy
2024-07-19,CP,-0.05555555555555555,Sell
2024-07-19,BSX,-0.05650478713748425,Sell
2024-07-19,M,0.05477277915843682,Buy
2024-07-22,BAX,-5.1827772974633035e-05,Sell
2024-07-22,VWO,-0.05591746527941423,Sell
2024-07-22,NVDA,-0.05555555555555555,Sell
2024-07-22,SPWR,-0.11295695026251984,Sell
2024-07-22,STI,-0.0012380615457171368,Sell
2024-07-22,NDAQ,-0.05555555555555555,Sell
2024-07-22,TRV,-0.00046149753168297364,Sell
2024-07-22,DPZ,-0.05705036808397457,Sell
2024-07-22,DHI,0.05654772518203366,Buy
2024-07-22,BBT,0.05555555555555555,Buy
2024-07-22,WFC,0.05555555555555555,Buy
2024-07-22,EOG,0.0010678251957765075,Buy
2024-07-22,ANF,0.05545651258553824,Buy
2024-07-22,HTZ,0.0019713924588135104,Buy
2024-07-22,ORCL,-0.05555555555555555,Sell
2024-07-22,MS,0.05555555555555555,Buy
2024-07-22,KEY,0.05555555555555555,Buy
2024-07-22,KGC,-0.05605422151967519,Sell
2024-07-22,GOLD,0.05633724860852117,Buy
2024-07-22,WMB,0.000903513607006183,Buy
2024-07-22,RL,-0.05646143809016678,Sell
2024-07-22,HUM,0.055141377203264876,Buy
2024-07-22,TRIP,-0.056335882573839424,Sell
2024-07-22,BX,0.05652497801712661,Buy
2024-07-22,CP,0.055527872002204264,Buy
2024-07-22,CLX,0.05555555555555555,Buy
2024-07-22,OHI,-0.05555555555555555,Sell
2024-07-22,COF,0.05555555555555555,Buy
2024-07-22,ZUMZ,-0.05555555555555555,Sell
2024-07-23,MNST,-0.05555555555555555,Sell
2024-07-23,PPG,0.05555555555555555,Buy
2024-07-23,BAX,0.05529841169019086,Buy
2024-07-23,VWO,0.05555555555555555,Buy
2024-07-23,NVDA,0.05501319943022338,Buy
2024-07-23,SPWR,0.1121038693130913,Buy
2024-07-23,STI,-0.05658655091435965,Sell
2024-07-23,NDAQ,0.05552748766496191,Buy
2024-07-23,TRV,-0.0562788561025913,Sell
2024-07-23,EWC,0.05555555555555555,Buy
2024-07-23,BBT,-0.05625183039084054,Sell
2024-07-23,WFC,-0.05593635738936642,Sell
2024-07-23,EOG,0.0009983795405873255,Buy
2024-07-23,ANF,-0.05555555555555555,Sell
2024-07-23,HTZ,-0.0020809778418757266,Sell
2024-07-23,ORCL,0.001046788701384034,Buy
2024-07-23,CCL,-0.05555555555555555,Sell
2024-07-23,MS,-0.0560131848353343,Sell
2024-07-23,KEY,-0.05575591135242912,Sell
2024-07-23,WMB,0.05458507488655678,Buy
2024-07-23,D,0.05555555555555555,Buy
2024-07-23,NWSA,-0.05555555555555555,Sell
2024-07-23,CME,0.05555555555555555,Buy
2024-07-23,CLX,0.0003118967647562851,Buy
2024-07-23,OHI,0.0008456134257958867,Buy
2024-07-23,COF,-0.05558852746206372,Sell
2024-07-23,ZUMZ,0.0007812812941859273,Buy
2024-07-23,VZ,0.05555555555555555,Buy
2024-07-23,BMY,-0.05555555555555555,Sell
2024-07-24,MNST,-0.0013772310329891804,Sell
2024-07-24,PPG,-0.054322990146282224,Sell
2024-07-24,VWO,0.0011677355453002108,Buy
2024-07-24,SPWR,0.0009498592239561843,Buy
2024-07-24,QCOM,0.05555555555555555,Buy
2024-07-24,KMB,0.05555555555555555,Buy
2024-07-24,EWC,0.001077411630549814,Buy
2024-07-24,EOG,-0.05505295985640862,Sell
2024-07-24,QQQ,0.05555555555555555,Buy
2024-07-24,ANF,0.05246189659527086,Buy
2024-07-24,HTZ,0.05294523666330733,Buy
2024-07-24,ORCL,0.05329805385762625,Buy
2024-07-24,CCL,0.05242854274306787,Buy
2024-07-24,TSM,-0.05555555555555555,Sell
2024-07-24,MAR,0.05555555555555555,Buy
2024-07-24,KGC,0.05555555555555555,Buy
2024-07-24,KO,-0.05555555555555555,Sell
2024-07-24,D,-0.056492958040434735,Sell
2024-07-24,ULTA,-0.05555555555555555,Sell
2024-07-24,NTAP,0.05555555555555555,Buy
2024-07-24,NWSA,0.05341966851296372,Buy
2024-07-24,MRVL,-0.05555555555555555,Sell
2024-07-24,CME,-0.05491204828449725,Sell
2024-07-24,CLX,-0.05506445409435577,Sell
2024-07-24,PRGO,-0.05555555555555555,Sell
2024-07-24,OHI,0.054131913123858864,Buy
2024-07-24,M,-0.05555555555555555,Sell
2024-07-24,ZUMZ,-0.001111156121900006,Sell
2024-07-24,VZ,-0.056067345245113864,Sell
2024-07-24,BMY,0.001557855030527966,Buy
2024-07-25,MNST,0.056668128667159555,Buy
2024-07-25,VWO,-0.0003933931805430793,Sell
2024-07-25,HP,-0.05555555555555555,Sell
2024-07-25,HOG,-0.05555555555555555,Sell
2024-07-25,SPWR,0.0020474343289487995,Buy
2024-07-25,QCOM,0.001223812363775896,Buy
2024-07-25,STI,-0.05555555555555555,Sell
2024-07-25,KMB,-0.05631483544145581,Sell
2024-07-25,NDAQ,-0.05555555555555555,Sell
2024-07-25,HAS,-0.05555555555555555,Sell
2024-07-25,DPZ,-0.05555555555555555,Sell
2024-07-25,VTR,0.05555555555555555,Buy
2024-07-25,EWC,-0.05601756798708425,Sell
2024-07-25,BBT,-0.05555555555555555,Sell
2024-07-25,QQQ,-0.05547270895263492,Sell
2024-07-25,SIRI,-0.05555555555555555,Sell
2024-07-25,TSM,0.056259756086044325,Buy
2024-07-25,MAR,-0.05578341389349219,Sell
2024-07-25,KGC,0.001429066843810764,Buy
2024-07-25,WMB,0.05555555555555555,Buy
2024-07-25,KO,0.05631287700102235,Buy
2024-07-25,ULTA,-0.0004218787591898504,Sell
2024-07-25,NTAP,-0.056028798465006587,Sell
2024-07-25,MRVL,0.0557774758801738,Buy
2024-07-25,PCG,0.05555555555555555,Buy
2024-07-25,PRGO,0.05635225472280428,Buy
2024-07-25,OHI,0.05555555555555555,Buy
2024-07-25,SYK,0.05555555555555555,Buy
2024-07-25,M,0.05602320103052266,Buy
2024-07-25,ZUMZ,0.05745637498920134,Buy
2024-07-25,BMY,0.056857410379828624,Buy
2024-07-26,MNST,-0.05555555555555555,Sell
2024-07-26,CNC,-0.05555555555555555,Sell
2024-07-26,AMTD,0.05555555555555555,Buy
2024-07-26,VWO,-0.056008858209312645,Sell
2024-07-26,HP,0.05408531450078782,Buy
2024-07-26,HOG,0.05606372373533213,Buy
2024-07-26,SPWR,0.00130769667687982,Buy
2024-07-26,NSC,-0.05555555555555555,Sell
2024-07-26,QCOM,-0.056865730139206705,Sell
2024-07-26,STI,0.05823812955593571,Buy
2024-07-26,NDAQ,-0.00040868933239342903,Sell
2024-07-26,HAS,0.057491928995769305,Buy
2024-07-26,DPZ,0.054388130276541616,Buy
2024-07-26,VTR,-0.055977146074254636,Sell
2024-07-26,BBT,-6.266397537175311e-05,Sell
2024-07-26,QQQ,-0.05555555555555555,Sell
2024-07-26,SIRI,0.05256772287434213,Buy
2024-07-26,KGC,-0.00029243119639784515,Sell
2024-07-26,WMB,-0.056321156749392205,Sell
2024-07-26,ULTA,0.000777631143140084,Buy
2024-07-26,EW,0.05555555555555555,Buy
2024-07-26,PCG,0.00013087131898673054,Buy
2024-07-26,NTES,0.05555555555555555,Buy
2024-07-26,OHI,-0.05627763683370206,Sell
2024-07-26,SYK,-0.0005539953571881764,Sell
2024-07-26,BSX,0.05555555555555555,Buy
2024-07-26,ENB,-0.05555555555555555,Sell
2024-07-26,VZ,0.05555555555555555,Buy
2024-07-26,BMY,-0.05555555555555555,Sell
2024-07-29,MNST,0.0556532914220789,Buy
2024-07-29,CNC,0.05564799337798785,Buy
2024-07-29,AMTD,-0.05571736977308127,Sell
2024-07-29,DAL,0.05555555555555555,Buy
2024-07-29,SPWR,0.0009750685936992867,Buy
2024-07-29,NSC,-0.0001035333036881747,Sell
2024-07-29,RRC,0.05555555555555555,Buy
2024-07-29,QCOM,-0.05555555555555555,Sell
2024-07-29,NDAQ,0.0005983514256011901,Buy
2024-07-29,VTR,-0.05555555555555555,Sell
2024-07-29,BBT,0.054333550885506655,Buy
2024-07-29,EOG,0.05555555555555555,Buy
2024-07-29,QQQ,0.055471416668528194,Buy
2024-07-29,SIRI,0.05555555555555555,Buy
2024-07-29,HTZ,-0.05555555555555555,Sell
2024-07-29,MS,0.05555555555555555,Buy
2024-07-29,KGC,-0.05632467822038629,Sell
2024-07-29,ULTA,0.05493316007266293,Buy
2024-07-29,EW,-0.0010206794570019537,Sell
2024-07-29,HUM,-0.05555555555555555,Sell
2024-07-29,NTAP,0.05555555555555555,Buy
2024-07-29,PCG,-0.05612781593302735,Sell
2024-07-29,NTES,0.0010383898525353624,Buy
2024-07-29,OHI,-0.05555555555555555,Sell
2024-07-29,SYK,-0.05562893505840853,Sell
2024-07-29,BSX,-0.055855285404258374,Sell
2024-07-29,ENB,-0.00016513539452105847,Sell
2024-07-29,ZUMZ,-0.05555555555555555,Sell
2024-07-29,VZ,-0.05527734277697984,Sell
2024-07-29,BMY,0.05374713522151396,Buy
2024-07-30,DAL,-0.0562211345803234,Sell
2024-07-30,SPWR,0.003991466991179804,Buy
2024-07-30,NSC,0.05643107462880499,Buy
2024-07-30,RRC,-0.0004054714952088992,Sell
2024-07-30,GREK,0.05555555555555555,Buy
2024-07-30,QCOM,-0.00325967642176081,Sell
2024-07-30,NDAQ,0.0014189023748930052,Buy
2024-07-30,VTR,0.0010973667263613138,Buy
2024-07-30,BBT,-0.05555555555555555,Sell
2024-07-30,MU,0.05555555555555555,Buy
2024-07-30,EOG,-0.0563946649228354,Sell
2024-07-30,SIRI,-0.05517061564763298,Sell
2024-07-30,HTZ,0.05610829277282864,Buy
2024-07-30,TSM,0.05555555555555555,Buy
2024-07-30,MS,-0.05665999523036389,Sell
2024-07-30,MAR,-0.05555555555555555,Sell
2024-07-30,ULTA,-0.05555555555555555,Sell
2024-07-30,EW,-0.055873229268487444,Sell
2024-07-30,HUM,0.002175124907500013,Buy
2024-07-30,NTAP,0.0006780161774353061,Buy
2024-07-30,NTES,-0.05624948513945034,Sell
2024-07-30,RF,-0.05555555555555555,Sell
2024-07-30,CME,0.05555555555555555,Buy
2024-07-30,OHI,0.05588452708545204,Buy
2024-07-30,SYK,-0.05555555555555555,Sell
2024-07-30,ENB,0.0567696240628601,Buy
2024-07-30,ZUMZ,0.05708655049559218,Buy
2024-07-30,CAT,0.05555555555555555,Buy
2024-07-30,MRK,0.05555555555555555,Buy
2024-07-31,NVDA,-0.05555555555555555,Sell
2024-07-31,SPWR,-0.0006805926323128555,Sell
2024-07-31,RRC,-0.05426681470618312,Sell
2024-07-31,GREK,-0.05559352197765742,Sell
2024-07-31,QCOM,0.05912235633756617,Buy
2024-07-31,JNJ,0.05555555555555555,Buy
2024-07-31,KMB,0.05555555555555555,Buy
2024-07-31,NDAQ,0.05338531043806101,Buy
2024-07-31,VTR,0.0541272460855898,Buy
2024-07-31,BBT,0.0541719083062751,Buy
2024-07-31,MU,-0.058405942770507376,Sell
2024-07-31,QQQ,-0.05555555555555555,Sell
2024-07-31,ORCL,-0.05555555555555555,Sell
2024-07-31,TSM,-0.11407460182480499,Sell
2024-07-31,MAR,-0.003630944835003952,Sell
2024-07-31,KO,0.05555555555555555,Buy
2024-07-31,ULTA,0.05415303416180712,Buy
2024-07-31,EW,0.05555555555555555,Buy
2024-07-31,HUM,-0.006796648877078017,Sell
2024-07-31,NTAP,-0.05650732885428943,Sell
2024-07-31,MRVL,-0.05555555555555555,Sell
2024-07-31,PCG,0.05555555555555555,Buy
2024-07-31,RF,0.05368094626897488,Buy
2024-07-31,CME,0.001976042772355961,Buy
2024-07-31,SYK,0.10964285300093353,Buy
2024-07-31,CSIQ,-0.05555555555555555,Sell
2024-07-31,ENB,-0.05555555555555555,Sell
2024-07-31,CAT,-0.05525992542630986,Sell
2024-07-31,MRK,0.002014064499174538,Buy
2024-08-01,NVDA,0.05097725675249966,Buy
2024-08-01,SPWR,0.005450415288669998,Buy
2024-08-01,JNJ,-0.05562979607999326,Sell
2024-08-01,STI,0.05555555555555555,Buy
2024-08-01,KMB,-0.056010114638406994,Sell
2024-08-01,TRV,-0.05555555555555555,Sell
2024-08-01,VTR,-0.05555555555555555,Sell
2024-08-01,EOG,0.05555555555555555,Buy
2024-08-01,QQQ,0.05329977390476651,Buy
2024-08-01,ORCL,0.053862916529288936,Buy
2024-08-01,DLTR,0.05555555555555555,Buy
2024-08-01,TSM,0.05211240632484143,Buy
2024-08-01,MAR,-0.0029801878665076595,Sell
2024-08-01,KEY,0.05555555555555555,Buy
2024-08-01,TRP,-0.05555555555555555,Sell
2024-08-01,KO,-0.05562131445993369,Sell
2024-08-01,D,-0.05555555555555555,Sell
2024-08-01,EW,-0.0535918723910146,Sell
2024-08-01,HUM,-0.0013300026945170795,Sell
2024-08-01,NTAP,0.05555555555555555,Buy
2024-08-01,MRVL,0.051426011909392236,Buy
2024-08-01,PCG,-0.05519149480128049,Sell
2024-08-01,DUK,-0.05555555555555555,Sell
2024-08-01,RF,0.05555555555555555,Buy
2024-08-01,CME,-0.05535597000394933,Sell
2024-08-01,SYK,-0.055576978230178806,Sell
2024-08-01,CSIQ,-0.00402956727305516,Sell
2024-08-01,COF,0.05555555555555555,Buy
2024-08-01,ENB,-0.0006699874665644784,Sell
2024-08-01,CAT,0.05555555555555555,Buy
2024-08-01,MRK,-0.054955977612518386,Sell
2024-08-02,MNST,-0.05555555555555555,Sell
2024-08-02,SPWR,0.00018210505990418763,Buy
2024-08-02,STI,0.001548780288522511,Buy
2024-08-02,TRV,0.05695474124829548,Buy
2024-08-02,VTR,0.0018606034827624574,Buy
2024-08-02,EOG,-0.05620945698781029,Sell
2024-08-02,ANF,0.05555555555555555,Buy
2024-08-02,DLTR,-0.0561721773766904,Sell
2024-08-02,MS,0.05555555555555555,Buy
2024-08-02,MAR,-0.0005741246575861336,Sell
2024-08-02,KEY,-0.053448232417222574,Sell
2024-08-02,KGC,0.05555555555555555,Buy
2024-08-02,TRP,0.055930188439527705,Buy
2024-08-02,D,0.0013906671341108734,Buy
2024-08-02,ULTA,0.05555555555555555,Buy
2024-08-02,HUM,0.05702399806710369,Buy
2024-08-02,NTAP,0.0008491717811855634,Buy
2024-08-02,DUK,0.05695630059165592,Buy
2024-08-02,RF,0.0009841713152765816,Buy
2024-08-02,CLX,-0.05555555555555555,Sell
2024-08-02,OHI,-0.05555555555555555,Sell
2024-08-02,CSIQ,-0.0033986538995289875,Sell
2024-08-02,COF,0.0022991986730210093,Buy
2024-08-02,ENB,0.001279800142754882,Buy
2024-08-02,CAT,-0.11004338370647497,Sell
2024-08-05,MNST,0.05447901273540241,Buy
2024-08-05,PPG,0.05555555555555555,Buy
2024-08-05,SPWR,-0.05570956632693931,Sell
2024-08-05,STI,-0.05432030028088467,Sell
2024-08-05,VTR,0.054988501048476864,Buy
2024-08-05,BBT,0.05555555555555555,Buy
2024-08-05,QQQ,0.05555555555555555,Buy
2024-08-05,SIRI,-0.05555555555555555,Sell
2024-08-05,ANF,-0.056674584374349184,Sell
2024-08-05,HTZ,-0.05555555555555555,Sell
2024-08-05,ORCL,0.05555555555555555,Buy
2024-08-05,MS,0.002042992359830853,Buy
2024-08-05,MAR,0.05510467973870747,Buy
2024-08-05,KGC,0.0020743738543702595,Buy
2024-08-05,D,0.05368304368887502,Buy
2024-08-05,ULTA,-0.0534665443164178,Sell
2024-08-05,HUM,-0.05555555555555555,Sell
2024-08-05,NTAP,0.0014557356409752864,Buy
2024-08-05,WSM,0.05555555555555555,Buy
2024-08-05,RF,-0.05445557214317887,Sell
2024-08-05,HMC,-0.05555555555555555,Sell
2024-08-05,CLX,0.05516054772988357,Buy
2024-08-05,PRGO,-0.05555555555555555,Sell
2024-08-05,OHI,0.05483517311310508,Buy
2024-08-05,SYK,-0.05555555555555555,Sell
2024-08-05,CSIQ,-0.0014992037055936366,Sell
2024-08-05,M,-0.05555555555555555,Sell
2024-08-05,COF,0.0017695524071477536,Buy
2024-08-05,ENB,0.05474096329504861,Buy
2024-08-05,CAT,-0.000552626027683599,Sell
2024-08-06,MET,0.05555555555555555,Buy
2024-08-06,PPG,0.0002535677536789349,Buy
2024-08-06,BAX,-0.05555555555555555,Sell
2024-08-06,VWO,0.05555555555555555,Buy
2024-08-06,GREK,0.05555555555555555,Buy
2024-08-06,NDAQ,-0.05555555555555555,Sell
2024-08-06,VTR,-0.05555555555555555,Sell
2024-08-06,EWC,-0.05555555555555555,Sell
2024-08-06,BBT,-0.055433142280369004,Sell
2024-08-06,QQQ,-0.055985151035012566,Sell
2024-08-06,SIRI,0.05674492363174854,Buy
2024-08-06,HTZ,-0.0020176216803936,Sell
2024-08-06,ORCL,-5.152222982812704e-05,Sell
2024-08-06,MS,-0.0004418118270549387,Sell
2024-08-06,KGC,-0.05670961497579348,Sell
2024-08-06,TRP,-0.05555555555555555,Sell
2024-08-06,HUM,0.05529339387534605,Buy
2024-08-06,NTAP,-0.056160383879075584,Sell
2024-08-06,WSM,-0.057382190908755834,Sell
2024-08-06,PCG,0.05555555555555555,Buy
2024-08-06,HMC,0.05656361254544744,Buy
2024-08-06,PRGO,0.05485627538642781,Buy
2024-08-06,SYK,0.056636543402126184,Buy
2024-08-06,CSIQ,-0.00013972986552260314,Sell
2024-08-06,M,0.0011052682979142137,Buy
2024-08-06,COF,-0.0008575923491400753,Sell
2024-08-06,ENB,-0.05555555555555555,Sell
2024-08-06,CAT,0.11269830151759413,Buy
2024-08-07,MET,-0.05558282394762755,Sell
2024-08-07,PPG,0.00042267789822994506,Buy
2024-08-07,AMTD,0.05555555555555555,Buy
2024-08-07,BAX,0.05498182253975501,Buy
2024-08-07,VWO,-0.055911620561100064,Sell
2024-08-07,GREK,-0.055852915268161364,Sell
2024-08-07,NDAQ,0.00043340225325677606,Buy
2024-08-07,DPZ,0.05555555555555555,Buy
2024-08-07,VTR,0.0005334864528023509,Buy
2024-08-07,EWC,0.05544773118020208,Buy
2024-08-07,SIRI,-0.05555555555555555,Sell
2024-08-07,HTZ,-0.00023070347363395027,Sell
2024-08-07,ORCL,0.0010774413718495704,Buy
2024-08-07,MS,0.0005910650795098518,Buy
2024-08-07,ILMN,-0.05555555555555555,Sell
2024-08-07,KGC,0.05555555555555555,Buy
2024-08-07,TRP,0.05560676835110919,Buy
2024-08-07,ULTA,-0.05555555555555555,Sell
2024-08-07,RL,0.05555555555555555,Buy
2024-08-07,TRIP,-0.05555555555555555,Sell
2024-08-07,BX,0.05555555555555555,Buy
2024-08-07,LOW,0.05555555555555555,Buy
2024-08-07,PCG,-0.05619413254925127,Sell
2024-08-07,CSIQ,-0.0024865110420463354,Sell
2024-08-07,M,0.05444039135513041,Buy
2024-08-07,COF,-0.0548967226740924,Sell
2024-08-07,ENB,0.00016851008381617294,Buy
2024-08-07,CAT,-0.05536890697333064,Sell
2024-08-08,PPG,-0.0005554615156484269,Sell
2024-08-08,AMTD,-0.05548318657112176,Sell
2024-08-08,CF,-0.05555555555555555,Sell
2024-08-08,ICE,-0.05555555555555555,Sell
2024-08-08,RRC,-0.05555555555555555,Sell
2024-08-08,NDAQ,0.0011608452121218762,Buy
2024-08-08,TRV,0.05555555555555555,Buy
2024-08-08,DPZ,-0.0014347123000006054,Sell
2024-08-08,VTR,0.0012736270990621676,Buy
2024-08-08,BDX,0.05555555555555555,Buy
2024-08-08,SIRI,0.05657798543353566,Buy
2024-08-08,HTZ,0.0012039518823746057,Buy
2024-08-08,ORCL,-0.05703614212935197,Sell
2024-08-08,DLTR,0.05555555555555555,Buy
2024-08-08,MS,-0.05720616463858664,Sell
2024-08-08,ILMN,0.002702135570120702,Buy
2024-08-08,KGC,-0.05780860483607083,Sell
2024-08-08,D,0.05555555555555555,Buy
2024-08-08,ULTA,0.05668789944712784,Buy
2024-08-08,RL,-0.0009062552390201525,Sell
2024-08-08,HUM,-0.05555555555555555,Sell
2024-08-08,TRIP,0.05740111789074548,Buy
2024-08-08,BX,-0.05701820581648162,Sell
2024-08-08,LOW,-0.05682244037738636,Sell
2024-08-08,HMC,0.05555555555555555,Buy
2024-08-08,SYK,-0.05555555555555555,Sell
2024-08-08,CSIQ,0.11318556250480838,Buy
2024-08-08,ENB,0.05608825529064761,Buy
2024-08-09,MNST,0.05555555555555555,Buy
2024-08-09,PPG,-0.05544040952860221,Sell
2024-08-09,CF,0.055616985342365304,Buy
2024-08-09,ICE,-4.418565251108897e-06,Sell
2024-08-09,RRC,0.05579123340226971,Buy
2024-08-09,CAG,0.05555555555555555,Buy
2024-08-09,GREK,0.05555555555555555,Buy
2024-08-09,KMB,0.05555555555555555,Buy
2024-08-09,NDAQ,-7.906021034978505e-05,Sell
2024-08-09,TRV,-0.05564526585295333,Sell
2024-08-09,DPZ,1.9712654214874836e-05,Buy
2024-08-09,VTR,0.00023730006486763489,Buy
2024-08-09,BDX,-0.0002373275229566249,Sell
2024-08-09,HTZ,-0.002823981697313488,Sell
2024-08-09,DLTR,-0.05550583549727468,Sell
2024-08-09,ILMN,-0.0014936589034138664,Sell
2024-08-09,D,-0.05572219434018692,Sell
2024-08-09,RL,-0.05562098155103439,Sell
2024-08-09,HUM,-3.909208670183073e-05,Sell
2024-08-09,NWSA,-0.05555555555555555,Sell
2024-08-09,TRIP,0.05555555555555555,Buy
2024-08-09,MRVL,-0.05555555555555555,Sell
2024-08-09,HMC,-0.05552990582501608,Sell
2024-08-09,PRGO,0.05555555555555555,Buy
2024-08-09,SYK,0.11130421609324198,Buy
2024-08-09,CSIQ,-0.10951674688403408,Sell
2024-08-12,MNST,0.0004010807420571291,Buy
2024-08-12,ICE,0.05529053939001619,Buy
2024-08-12,CAG,-0.05477124453603381,Sell
2024-08-12,GREK,-0.0560153878475156,Sell
2024-08-12,KMB,0.0009936934072881654,Buy
2024-08-12,NDAQ,-0.00028618335109116544,Sell
2024-08-12,DPZ,-0.05617957622043823,Sell
2024-08-12,VTR,0.054995151473818164,Buy
2024-08-12,BBT,0.05555555555555555,Buy
2024-08-12,BDX,0.0006121192024032412,Buy
2024-08-12,EWI,0.05555555555555555,Buy
2024-08-12,HTZ,0.053308473661895096,Buy
2024-08-12,DLTR,0.05555555555555555,Buy
2024-08-12,KEY,-0.05555555555555555,Sell
2024-08-12,ILMN,0.00024231457585105476,Buy
2024-08-12,TRP,-0.05555555555555555,Sell
2024-08-12,RL,0.05555555555555555,Buy
2024-08-12,HUM,-0.0005975583394995515,Sell
2024-08-12,NWSA,0.05410155791734662,Buy
2024-08-12,TRIP,-0.11148590160043319,Sell
2024-08-12,MRVL,0.055313086914408095,Buy
2024-08-12,PRGO,0.0012044027597171506,Buy
2024-08-12,SYK,0.000640868186048825,Buy
2024-08-12,CSIQ,0.05396869417451906,Buy
2024-08-12,ENB,-0.05555555555555555,Sell
2024-08-12,ZUMZ,-0.05555555555555555,Sell
2024-08-12,BMY,-0.05555555555555555,Sell
2024-08-13,MNST,-0.0007514300319324471,Sell
2024-08-13,AMTD,0.05555555555555555,Buy
2024-08-13,HOG,-0.05555555555555555,Sell
2024-08-13,SPWR,0.05555555555555555,Buy
2024-08-13,KMB,-6.903876134293357e-05,Sell
2024-08-13,NDAQ,0.0007811405634061477,Buy
2024-08-13,DHI,-0.05555555555555555,Sell
2024-08-13,BBT,-0.11210503477785089,Sell
2024-08-13,BDX,-0.05607860056018925,Sell
2024-08-13,EOG,0.05555555555555555,Buy
2024-08-13,EWI,-0.05623821078173053,Sell
2024-08-13,DLTR,0.0008453081467709941,Buy
2024-08-13,KEY,0.05469681729659031,Buy
2024-08-13,ILMN,0.05341770494424261,Buy
2024-08-13,TRP,0.0005238685794790449,Buy
2024-08-13,RL,-0.056745879912125985,Sell
2024-08-13,HUM,0.0013769019475105143,Buy
2024-08-13,NWSA,0.05555555555555555,Buy
2024-08-13,TRIP,0.05609562530250553,Buy
2024-08-13,PRGO,-0.056346250637821386,Sell
2024-08-13,SYK,-0.0006603910984112615,Sell
2024-08-13,BSX,0.05555555555555555,Buy
2024-08-13,ENB,0.0004681331523898394,Buy
2024-08-13,ZUMZ,0.0017006539393091477,Buy
2024-08-13,BMY,0.002374363467093542,Buy
2024-08-14,MNST,-0.055227477574056535,Sell
2024-08-14,AMTD,0.0029904874272761103,Buy
2024-08-14,A,0.05555555555555555,Buy
2024-08-14,HOG,0.05510914986356069,Buy
2024-08-14,SPWR,-0.05623223514397484,Sell
2024-08-14,ICE,-0.05555555555555555,Sell
2024-08-14,CAG,-0.05555555555555555,Sell
2024-08-14,KMB,-0.056492793137677695,Sell
2024-08-14,NDAQ,0.00028868115089730056,Buy
2024-08-14,DPZ,0.05555555555555555,Buy
2024-08-14,VTR,0.05555555555555555,Buy
2024-08-14,DHI,-0.0002808909077613858,Sell
2024-08-14,BBT,0.055340907651312776,Buy
2024-08-14,BDX,0.05555555555555555,Buy
2024-08-14,EOG,-0.055617128891669976,Sell
2024-08-14,QQQ,0.05555555555555555,Buy
2024-08-14,DLTR,6.560024288559951e-05,Buy
2024-08-14,TRP,0.05525962884469031,Buy
2024-08-14,D,-0.05555555555555555,Sell
2024-08-14,RL,-0.05555555555555555,Sell
2024-08-14,HUM,0.05546641271575218,Buy
2024-08-14,NWSA,0.000461208740785847,Buy
2024-08-14,BX,-0.05555555555555555,Sell
2024-08-14,NTES,0.05555555555555555,Buy
2024-08-14,SYK,-0.05616092851048736,Sell
2024-08-14,BSX,-0.055903777358443534,Sell
2024-08-14,ENB,0.00022228527379958285,Buy
2024-08-14,ZUMZ,0.05536790974584026,Buy
2024-08-14,BMY,-0.0007533733880046439,Sell
2024-08-15,AMTD,-0.05599998558212703,Sell
2024-08-15,A,-0.05675173599762724,Sell
2024-08-15,SPWR,0.05555555555555555,Buy
2024-08-15,ICE,0.05496661871843988,Buy
2024-08-15,CAG,0.1095774545993137,Buy
2024-08-15,NDAQ,1.2442370534215819e-05,Buy
2024-08-15,DPZ,7.779036902860054e-05,Buy
2024-08-15,VTR,0.000822436299056678,Buy
2024-08-15,DHI,-2.768100299295473e-05,Sell
2024-08-15,BBT,-0.05555555555555555,Sell
2024-08-15,BDX,0.0003839253663711975,Buy
2024-08-15,QQQ,-0.05657993345710238,Sell
2024-08-15,HTZ,-0.05555555555555555,Sell
2024-08-15,DLTR,-0.1136209974494801,Sell
2024-08-15,ILMN,-0.05555555555555555,Sell
2024-08-15,D,0.05496705630749911,Buy
2024-08-15,ULTA,-0.05555555555555555,Sell
2024-08-15,RL,0.05718392171693808,Buy
2024-08-15,NWSA,-0.05571096272076314,Sell
2024-08-15,BX,0.05523035856491292,Buy
2024-08-15,NTES,-0.056677109959727336,Sell
2024-08-15,CME,0.05555555555555555,Buy
2024-08-15,OHI,0.05555555555555555,Buy
2024-08-15,SYK,0.05555555555555555,Buy
2024-08-15,CSIQ,-0.05555555555555555,Sell
2024-08-15,ENB,0.05475701226184324,Buy
2024-08-15,ZUMZ,-0.05555555555555555,Sell
2024-08-15,VZ,0.05555555555555555,Buy
2024-08-15,BMY,0.055983743806993135,Buy
2024-08-16,MNST,0.05555555555555555,Buy
2024-08-16,AMTD,0.05555555555555555,Buy
2024-08-16,AA,0.05555555555555555,Buy
2024-08-16,SPWR,-0.056016314038879446,Sell
2024-08-16,CAG,-0.05613183714791748,Sell
2024-08-16,NDAQ,0.00015488121208323546,Buy
2024-08-16,DPZ,9.413242664658983e-05,Buy
2024-08-16,VTR,-0.05603501806351088,Sell
2024-08-16,DHI,0.000982009987986976,Buy
2024-08-16,BBT,0.0016667751547118428,Buy
2024-08-16,BDX,-0.0006644978474480631,Sell
2024-08-16,HTZ,0.05503064406421178,Buy
2024-08-16,DLTR,0.05658128621221007,Buy
2024-08-16,ILMN,0.0007676359264428625,Buy
2024-08-16,TRP,-0.05555555555555555,Sell
2024-08-16,D,-0.05555555555555555,Sell
2024-08-16,ULTA,0.0018544966579804867,Buy
2024-08-16,NWSA,0.05555555555555555,Buy
2024-08-16,HMC,0.05555555555555555,Buy
2024-08-16,CME,-0.056372882933839415,Sell
2024-08-16,OHI,0.00010724142347565829,Buy
2024-08-16,SYK,-0.0007347022126579644,Sell
2024-08-16,CSIQ,0.00026636042049862224,Buy
2024-08-16,ZUMZ,0.05550799309910086,Buy
2024-08-16,VZ,-0.056463052728428914,Sell
2024-08-16,BMY,-0.05555555555555555,Sell
2024-08-19,MNST,-0.055371809209190104,Sell
2024-08-19,AMTD,-0.05646380127911487,Sell
2024-08-19,CF,0.05555555555555555,Buy
2024-08-19,HP,-0.05555555555555555,Sell
2024-08-19,AA,-0.05878884800081691,Sell
2024-08-19,BUD,0.05555555555555555,Buy
2024-08-19,NDAQ,0.05564951168241973,Buy
2024-08-19,DPZ,0.0012801060932327857,Buy
2024-08-19,DHI,0.0010526932360158253,Buy
2024-08-19,BBT,0.000400975622725154,Buy
2024-08-19,BDX,0.0001184416722162171,Buy
2024-08-19,QQQ,0.05555555555555555,Buy
2024-08-19,TSM,0.05555555555555555,Buy
2024-08-19,MAR,0.05555555555555555,Buy
2024-08-19,ILMN,0.0023650689169844724,Buy
2024-08-19,TRP,0.0005955226601525726,Buy
2024-08-19,D,0.05581580256530794,Buy
2024-08-19,ULTA,0.05551313565482877,Buy
2024-08-19,NWSA,-0.056389482349592256,Sell
2024-08-19,RF,-0.05555555555555555,Sell
2024-08-19,HMC,-0.05685133609240934,Sell
2024-08-19,OHI,-0.055938793440293504,Sell
2024-08-19,SYK,-0.0005036580860664983,Sell
2024-08-19,CSIQ,0.00039679218237093083,Buy
2024-08-19,COF,-0.05555555555555555,Sell
2024-08-19,ENB,-0.05555555555555555,Sell
2024-08-19,VZ,0.05555555555555555,Buy
2024-08-19,BMY,0.055470658172857214,Buy
2024-08-20,AMTD,-0.05555555555555555,Sell
2024-08-20,CF,-0.054572530334874136,Sell
2024-08-20,HP,0.05256651564894332,Buy
2024-08-20,HOG,-0.05555555555555555,Sell
2024-08-20,AA,-0.05555555555555555,Sell
2024-08-20,BUD,0.000546649916124263,Buy
2024-08-20,STI,-0.05555555555555555,Sell
2024-08-20,DPZ,-0.05457013343183394,Sell
2024-08-20,VTR,-0.05555555555555555,Sell
2024-08-20,DHI,-0.0008077103144344261,Sell
2024-08-20,BBT,0.05431624988958128,Buy
2024-08-20,BDX,0.0005188204931580453,Buy
2024-08-20,EOG,0.05555555555555555,Buy
2024-08-20,QQQ,0.00036291448949363203,Buy
2024-08-20,TSM,0.0013218175764696666,Buy
2024-08-20,MAR,0.0007430665120056051,Buy
2024-08-20,ILMN,-0.0016265156818981996,Sell
2024-08-20,TRP,0.05481587289974872,Buy
2024-08-20,MRVL,-0.05555555555555555,Sell
2024-08-20,NTES,0.05555555555555555,Buy
2024-08-20,RF,0.0555120473670334,Buy
2024-08-20,SYK,-5.6410548788327075e-05,Sell
2024-08-20,CSIQ,-0.0016239848526987191,Sell
2024-08-20,COF,0.05475921610624238,Buy
2024-08-20,ENB,0.055195625260632604,Buy
2024-08-20,VZ,9.751905662006705e-05,Buy
2024-08-21,AMTD,0.05548056868886786,Buy
2024-08-21,HOG,0.05599694487816497,Buy
2024-08-21,AA,0.05470817827349809,Buy
2024-08-21,BUD,-0.055828751646210706,Sell
2024-08-21,ICE,-0.05555555555555555,Sell
2024-08-21,STI,0.05310283003077352,Buy
2024-08-21,NDAQ,-0.05555555555555555,Sell
2024-08-21,HAS,-0.05555555555555555,Sell
2024-08-21,VTR,0.05534876761778754,Buy
2024-08-21,DHI,0.002040945407948587,Buy
2024-08-21,BDX,4.899086831135907e-05,Buy
2024-08-21,EBAY,-0.05555555555555555,Sell
2024-08-21,EOG,0.00019457776651594233,Buy
2024-08-21,QQQ,-0.00018377743501561683,Sell
2024-08-21,TSM,0.00026847509819296483,Buy
2024-08-21,MAR,-0.0002681460572529215,Sell
2024-08-21,ILMN,-2.893074510124105e-05,Sell
2024-08-21,TRP,0.05555555555555555,Buy
2024-08-21,BX,-0.05555555555555555,Sell
2024-08-21,MRVL,0.0014676919313526132,Buy
2024-08-21,NTES,-0.05693798800249015,Sell
2024-08-21,SYK,-0.0003116737685585902,Sell
2024-08-21,CSIQ,0.055748593247089674,Buy
2024-08-21,XLE,0.05555555555555555,Buy
2024-08-21,M,-0.05555555555555555,Sell
2024-08-21,VZ,-0.00019665224115414381,Sell
2024-08-22,BAX,-0.05555555555555555,Sell
2024-08-22,VWO,0.05555555555555555,Buy
2024-08-22,ICE,4.9268640940833275e-05,Buy
2024-08-22,QCOM,0.05555555555555555,Buy
2024-08-22,NDAQ,0.05574080327686984,Buy
2024-08-22,HAS,8.564590796018845e-05,Buy
2024-08-22,VTR,-0.05555555555555555,Sell
2024-08-22,DHI,-0.00033657479904924265,Sell
2024-08-22,BDX,-0.05553924661585384,Sell
2024-08-22,EBAY,0.05575421330696472,Buy
2024-08-22,EOG,-0.05553946772796546,Sell
2024-08-22,QQQ,0.0010014145084895273,Buy
2024-08-22,HTZ,-0.05555555555555555,Sell
2024-08-22,ORCL,0.05555555555555555,Buy
2024-08-22,TSM,0.0017392158071162997,Buy
2024-08-22,MAR,-0.05533673572050934,Sell
2024-08-22,ILMN,-0.0014976931214822353,Sell
2024-08-22,KGC,0.05555555555555555,Buy
2024-08-22,TRP,-0.05582224323894864,Sell
2024-08-22,WSM,0.05555555555555555,Buy
2024-08-22,BX,-0.00010608584195827275,Sell
2024-08-22,MRVL,0.053350599801835985,Buy
2024-08-22,SYK,-0.056299865954806405,Sell
2024-08-22,XLE,-2.099802003088791e-05,Sell
2024-08-22,M,0.05442841654710474,Buy
2024-08-22,ZUMZ,-0.05555555555555555,Sell
2024-08-22,VZ,0.00036559975653180365,Buy
2024-08-23,BAX,0.05733202823390455,Buy
2024-08-23,VWO,-0.05653118401233899,Sell
2024-08-23,CF,-0.05555555555555555,Sell
2024-08-23,SPWR,0.05555555555555555,Buy
2024-08-23,ICE,0.0006683157028783207,Buy
2024-08-23,QCOM,-0.05721233519876625,Sell
2024-08-23,KMB,0.05555555555555555,Buy
2024-08-23,HAS,0.0011736921472954645,Buy
2024-08-23,VTR,0.056048278811861335,Buy
2024-08-23,DHI,0.001988075742938078,Buy
2024-08-23,MU,0.05555555555555555,Buy
2024-08-23,QQQ,-0.0007772821684816633,Sell
2024-08-23,HTZ,0.05876492106003515,Buy
2024-08-23,ORCL,-0.05617643770928315,Sell
2024-08-23,DLTR,0.05555555555555555,Buy
2024-08-23,TSM,-0.05734898939089565,Sell
2024-08-23,MAR,0.05555555555555555,Buy
2024-08-23,ILMN,0.0010605339474368883,Buy
2024-08-23,KGC,-0.05640653887670049,Sell
2024-08-23,TRP,-0.05555555555555555,Sell
2024-08-23,ULTA,0.05555555555555555,Buy
2024-08-23,HUM,0.05555555555555555,Buy
2024-08-23,WSM,-0.05957604388849606,Sell
2024-08-23,BX,0.0020292646672934386,Buy
2024-08-23,LOW,-0.05555555555555555,Sell
2024-08-23,CME,0.05555555555555555,Buy
2024-08-23,XLE,-0.05656067686318642,Sell
2024-08-23,ZUMZ,0.002798933772423802,Buy
2024-08-23,VZ,-0.0561920487490339,Sell
2024-08-26,AMTD,-0.05555555555555555,Sell
2024-08-26,CF,0.0010047481379513654,Buy
2024-08-26,AA,0.05555555555555555,Buy
2024-08-26,HYG,0.05555555555555555,Buy
2024-08-26,BUD,0.05555555555555555,Buy
2024-08-26,SPWR,-0.05689343129661642,Sell
2024-08-26,NSC,-0.05555555555555555,Sell
2024-08-26,ICE,0.05581259847346317,Buy
2024-08-26,QCOM,0.05555555555555555,Buy
2024-08-26,KMB,-0.055913755746040954,Sell
2024-08-26,HAS,0.0005539037121903012,Buy
2024-08-26,DHI,-0.00064036817869325,Sell
2024-08-26,MU,0.0019814787281596594,Buy
2024-08-26,QQQ,0.00038823216740534877,Buy
2024-08-26,DLTR,-0.055449714451360904,Sell
2024-08-26,MAR,-6.688520926112496e-06,Sell
2024-08-26,ILMN,-0.0002586745793309586,Sell
2024-08-26,TRP,0.056165484776475316,Buy
2024-08-26,ULTA,-0.05516821339991286,Sell
2024-08-26,HUM,-0.05572393719890408,Sell
2024-08-26,WSM,0.05555555555555555,Buy
2024-08-26,BX,0.0012245343379820653,Buy
2024-08-26,LOW,0.00024838624291161765,Buy
2024-08-26,PCG,-0.05555555555555555,Sell
2024-08-26,NTES,0.05555555555555555,Buy
2024-08-26,CME,-0.056079450403222916,Sell
2024-08-26,ZUMZ,0.05452164964025919,Buy
2024-08-27,CNC,-0.05555555555555555,Sell
2024-08-27,AMTD,0.05064060664577188,Buy
2024-08-27,CF,0.05515592129187727,Buy
2024-08-27,AA,-0.05475438331702631,Sell
2024-08-27,HYG,-0.055204253207840816,Sell
2024-08-27,BUD,-0.05568243871411428,Sell
2024-08-27,SPWR,0.05555555555555555,Buy
2024-08-27,NSC,0.0010980050556307283,Buy
2024-08-27,QCOM,-0.05661465579009235,Sell
2024-08-27,KMB,0.05555555555555555,Buy
2024-08-27,NDAQ,-0.05555555555555555,Sell
2024-08-27,HAS,0.054718491226899486,Buy
2024-08-27,VTR,-0.05555555555555555,Sell
2024-08-27,DHI,-0.0008296662736873087,Sell
2024-08-27,MU,-0.05458378116710244,Sell
2024-08-27,EBAY,-0.05555555555555555,Sell
2024-08-27,QQQ,0.00022130490912781325,Buy
2024-08-27,HTZ,0.05555555555555555,Buy
2024-08-27,MAR,-0.055893834480474684,Sell
2024-08-27,ILMN,0.05537248665887722,Buy
2024-08-27,KGC,0.05555555555555555,Buy
2024-08-27,TRP,-0.05555555555555555,Sell
2024-08-27,HUM,0.05555555555555555,Buy
2024-08-27,WSM,0.0006192255201854582,Buy
2024-08-27,BX,-0.0006620423862953029,Sell
2024-08-27,LOW,-0.0008111695427762758,Sell
2024-08-27,MRVL,0.05555555555555555,Buy
2024-08-27,PCG,0.05476377202127413,Buy
2024-08-27,NTES,-0.05586500260780971,Sell
2024-08-27,XLE,0.05555555555555555,Buy
2024-08-28,CNC,0.0004243421805294953,Buy
2024-08-28,AMTD,-0.05555555555555555,Sell
2024-08-28,SPWR,-1.1673725319065464e-05,Sell
2024-08-28,NSC,0.0006168003347232845,Buy
2024-08-28,KMB,-0.055982686951231715,Sell
2024-08-28,NDAQ,0.05577951503975696,Buy
2024-08-28,VTR,0.0011273139458578135,Buy
2024-08-28,DHI,0.00031153677781754763,Buy
2024-08-28,EWC,0.05555555555555555,Buy
2024-08-28,EBAY,0.0543622056790316,Buy
2024-08-28,QQQ,-0.05522430984612116,Sell
2024-08-28,EWI,0.05555555555555555,Buy
2024-08-28,ANF,0.05555555555555555,Buy
2024-08-28,HTZ,-0.0528084290510036,Sell
2024-08-28,ILMN,-0.05555555555555555,Sell
2024-08-28,KGC,0.000695991904599777,Buy
2024-08-28,TRP,0.055576906873021734,Buy
2024-08-28,PVH,0.05555555555555555,Buy
2024-08-28,HUM,-0.00014141098249004225,Sell
2024-08-28,WSM,-0.05616586598736641,Sell
2024-08-28,BX,0.05539546943794985,Buy
2024-08-28,LOW,0.0003857494201384287,Buy
2024-08-28,MRVL,-0.05484051434016977,Sell
2024-08-28,NTES,0.05555555555555555,Buy
2024-08-28,CSIQ,-0.05555555555555555,Sell
2024-08-28,XLE,-0.055499578142523626,Sell
2024-08-28,ENB,0.05555555555555555,Buy
2024-08-28,BMY,-0.05555555555555555,Sell
2024-08-29,CNC,0.0002749335097542577,Buy
2024-08-29,AMTD,0.004613557125173057,Buy
2024-08-29,XLP,0.05555555555555555,Buy
2024-08-29,SPWR,-0.05574491221063479,Sell
2024-08-29,NSC,0.0005746659521979197,Buy
2024-08-29,STI,0.05555555555555555,Buy
2024-08-29,KMB,0.05555555555555555,Buy
2024-08-29,VTR,0.05569934963435981,Buy
2024-08-29,DHI,-2.4619869159560326e-05,Sell
2024-08-29,EWC,-0.00043989502146424275,Sell
2024-08-29,EWI,-0.00039211098952605244,Sell
2024-08-29,ANF,-0.0017652572749546,Sell
2024-08-29,DLTR,0.05555555555555555,Buy
2024-08-29,ILMN,0.001069763049588647,Buy
2024-08-29,KGC,-0.05714013098037656,Sell
2024-08-29,PVH,-0.05525446650598281,Sell
2024-08-29,HUM,-2.0107101266979288e-05,Sell
2024-08-29,NTAP,0.05555555555555555,Buy
2024-08-29,LOW,-0.0002965710061480428,Sell
2024-08-29,NTES,-0.05585588429539943,Sell
2024-08-29,CLX,-0.05555555555555555,Sell
2024-08-29,CSIQ,0.000683870732160391,Buy
2024-08-29,ENB,-0.05601394972646761,Sell
2024-08-29,BMY,0.0009392894749301606,Buy
2024-08-30,CNC,0.0001313343941833356,Buy
2024-08-30,AMTD,0.10801437462581234,Buy
2024-08-30,XLP,-0.05574456677404296,Sell
2024-08-30,SPWR,0.05555555555555555,Buy
2024-08-30,NSC,0.0006583830876416424,Buy
2024-08-30,STI,-0.11035359152055621,Sell
2024-08-30,KMB,-0.05586148432640752,Sell
2024-08-30,DPZ,-0.05555555555555555,Sell
2024-08-30,VTR,-0.05555555555555555,Sell
2024-08-30,DHI,0.00031520447638948984,Buy
2024-08-30,EWC,-0.00010730294471113927,Sell
2024-08-30,EOG,0.05555555555555555,Buy
2024-08-30,EWI,-6.483785557920285e-05,Sell
2024-08-30,ANF,-0.05738589323515843,Sell
2024-08-30,DLTR,0.0004458127273890278,Buy
2024-08-30,KEY,-0.05555555555555555,Sell
2024-08-30,ILMN,0.05432151611316034,Buy
2024-08-30,KGC,0.05555555555555555,Buy
2024-08-30,TRP,-0.05555555555555555,Sell
2024-08-30,HUM,-0.00023939406297675964,Sell
2024-08-30,NTAP,-0.0004551104755969107,Sell
2024-08-30,LOW,0.0001375872208288914,Buy
2024-08-30,CLX,0.055674691824795584,Buy
2024-08-30,CSIQ,0.05583593102005517,Buy
2024-08-30,BMY,0.05556126235778785,Buy
2024-09-03,CNC,0.001466030898680054,Buy
2024-09-03,AMTD,-0.05428931199548986,Sell
2024-09-03,A,0.05555555555555555,Buy
2024-09-03,AA,-0.05555555555555555,Sell
2024-09-03,HYG,0.05555555555555555,Buy
2024-09-03,SPWR,-0.05237266161392522,Sell
2024-09-03,NSC,0.00012106637790187252,Buy
2024-09-03,STI,0.054124427875436774,Buy
2024-09-03,DPZ,-0.0009708770800219563,Sell
2024-09-03,VTR,0.0007686833022971448,Buy
2024-09-03,DHI,0.05475917169516376,Buy
2024-09-03,EWC,0.0004975900121098054,Buy
2024-09-03,BBT,0.05555555555555555,Buy
2024-09-03,EOG,0.0017862278891199804,Buy
2024-09-03,QQQ,-0.05555555555555555,Sell
2024-09-03,EWI,0.0006971032884646941,Buy
2024-09-03,DLTR,-0.05414332470931461,Sell
2024-09-03,TSM,0.05555555555555555,Buy
2024-09-03,KEY,0.05494282174717258,Buy
2024-09-03,KGC,-0.053299615612579315,Sell
2024-09-03,TRP,0.055905666439048166,Buy
2024-09-03,D,-0.05555555555555555,Sell
2024-09-03,HUM,-0.05745856729319363,Sell
2024-09-03,NTAP,-0.05520510467478889,Sell
2024-09-03,LOW,0.055341178437229625,Buy
2024-09-03,CLX,-0.05555555555555555,Sell
2024-09-03,ZUMZ,0.05555555555555555,Buy
2024-09-03,CAT,0.05555555555555555,Buy
2024-09-03,BMY,-0.05555555555555555,Sell
2024-09-04,CNC,0.050809464183386534,Buy
2024-09-04,A,0.00023239272601810468,Buy
2024-09-04,AA,0.056122238627539484,Buy
2024-09-04,HYG,-0.055848593949236296,Sell
2024-09-04,NSC,0.0012093070523693517,Buy
2024-09-04,NDAQ,-0.05555555555555555,Sell
2024-09-04,HAS,-0.05555555555555555,Sell
2024-09-04,DPZ,0.00036096947958629,Buy
2024-09-04,VTR,0.05574154494195619,Buy
2024-09-04,EWC,-0.0002277891311533095,Sell
2024-09-04,BBT,0.0009334112419569912,Buy
2024-09-04,BDX,0.05555555555555555,Buy
2024-09-04,EOG,0.00029462352341205755,Buy
2024-09-04,QQQ,0.05549891676906666,Buy
2024-09-04,EWI,-0.00016108424894876322,Sell
2024-09-04,SIRI,-0.05555555555555555,Sell
2024-09-04,TSM,-0.000219694834077154,Sell
2024-09-04,TRP,-0.05555555555555555,Sell
2024-09-04,D,0.0008333979823700113,Buy
2024-09-04,CLX,0.001144744057197819,Buy
2024-09-04,OHI,-0.05555555555555555,Sell
2024-09-04,ZUMZ,0.0012667033231362895,Buy
2024-09-04,CAT,0.00048279974372397033,Buy
2024-09-04,BMY,0.05502670893873342,Buy
2024-09-05,CNC,0.05555555555555555,Buy
2024-09-05,PPG,0.05555555555555555,Buy
2024-09-05,BAX,-0.05555555555555555,Sell
2024-09-05,A,-0.05573608755816801,Sell
2024-09-05,AA,-0.05555555555555555,Sell
2024-09-05,NSC,0.05417031204248111,Buy
2024-09-05,JNJ,0.05555555555555555,Buy
2024-09-05,NDAQ,3.936266163397789e-05,Buy
2024-09-05,HAS,0.05550001486241256,Buy
2024-09-05,DPZ,0.0007491237980395832,Buy
2024-09-05,VTR,-0.05555555555555555,Sell
2024-09-05,EWC,5.3506601493696904e-05,Buy
2024-09-05,BBT,-0.05540576040410546,Sell
2024-09-05,BDX,0.0006276928933683368,Buy
2024-09-05,EOG,0.000457579123180514,Buy
2024-09-05,EWI,-0.05588930387679619,Sell
2024-09-05,SIRI,-0.0002799258472569108,Sell
2024-09-05,TSM,-0.05663461314365139,Sell
2024-09-05,TRP,0.00037495048962214034,Buy
2024-09-05,KO,0.05555555555555555,Buy
2024-09-05,D,0.055510308871023734,Buy
2024-09-05,ULTA,-0.05555555555555555,Sell
2024-09-05,NTAP,0.05555555555555555,Buy
2024-09-05,CLX,0.00031692547284249,Buy
2024-09-05,OHI,0.05580904282397395,Buy
2024-09-05,ZUMZ,0.00154129287670203,Buy
2024-09-05,CAT,-0.05512829486359482,Sell
2024-09-06,CNC,-0.05389826745028751,Sell
2024-09-06,PPG,-0.05507014368488454,Sell
2024-09-06,BAX,0.05549021297176299,Buy
2024-09-06,HP,-0.05555555555555555,Sell
2024-09-06,AA,-0.0034430099637368164,Sell
2024-09-06,ICE,0.05555555555555555,Buy
2024-09-06,JNJ,-0.055086393545235354,Sell
2024-09-06,NDAQ,0.054198560031021865,Buy
2024-09-06,TRV,-0.05555555555555555,Sell
2024-09-06,DPZ,0.05505226673245926,Buy
2024-09-06,VTR,0.05532601619041778,Buy
2024-09-06,DHI,-0.05555555555555555,Sell
2024-09-06,EWC,0.0009179967189913707,Buy
2024-09-06,BBT,0.05555555555555555,Buy
2024-09-06,BDX,0.0004022242215488553,Buy
2024-09-06,EBAY,-0.05555555555555555,Sell
2024-09-06,EOG,-0.054744948560702944,Sell
2024-09-06,QQQ,0.05555555555555555,Buy
2024-09-06,SIRI,-0.003684796400347211,Sell
2024-09-06,HTZ,-0.05555555555555555,Sell
2024-09-06,CCL,-0.05555555555555555,Sell
2024-09-06,TSM,0.05555555555555555,Buy
2024-09-06,TRP,0.05518444110587331,Buy
2024-09-06,KO,0.0002880426549000392,Buy
2024-09-06,ULTA,0.055869892307073045,Buy
2024-09-06,NTAP,-0.054041305625008605,Sell
2024-09-06,CLX,-0.0002882337751144437,Sell
2024-09-06,COF,0.05555555555555555,Buy
2024-09-06,ZUMZ,-0.05748779881508232,Sell
2024-09-06,CAT,0.05555555555555555,Buy
2024-09-09,MET,0.05555555555555555,Buy
2024-09-09,HP,0.056544674079166087,Buy
2024-09-09,DAL,-0.05555555555555555,Sell
2024-09-09,AA,0.056376164776560864,Buy
2024-09-09,SPWR,0.05555555555555555,Buy
2024-09-09,NSC,-0.05555555555555555,Sell
2024-09-09,ICE,-0.055938501867502606,Sell
2024-09-09,HAS,-0.05555555555555555,Sell
2024-09-09,TRV,0.001536710028349264,Buy
2024-09-09,VTR,-0.05555555555555555,Sell
2024-09-09,DHI,0.00037597969010723375,Buy
2024-09-09,EWC,-0.05614135481012493,Sell
2024-09-09,BBT,0.00048166652373856506,Buy
2024-09-09,BDX,-0.056837711893836095,Sell
2024-09-09,EBAY,0.055735619497839006,Buy
2024-09-09,EOG,0.05555555555555555,Buy
2024-09-09,QQQ,-0.0006783261857028142,Sell
2024-09-09,EWI,0.05555555555555555,Buy
2024-09-09,SIRI,-0.001255848748150476,Sell
2024-09-09,HTZ,0.05777349112498517,Buy
2024-09-09,ORCL,0.05555555555555555,Buy
2024-09-09,CCL,0.05679542272397889,Buy
2024-09-09,TSM,-0.05762996874842925,Sell
2024-09-09,ALK,-0.05555555555555555,Sell
2024-09-09,ILMN,0.05555555555555555,Buy
2024-09-09,TRP,-0.05555555555555555,Sell
2024-09-09,KO,-0.0560740275640285,Sell
2024-09-09,CLX,0.05567156449687277,Buy
2024-09-09,COF,-0.05695785376076515,Sell
2024-09-09,ZUMZ,0.05555555555555555,Buy
2024-09-09,CAT,-0.056308813917287474,Sell
2024-09-10,MET,0.0009254009312462258,Buy
2024-09-10,DAL,0.05489821009191466,Buy
2024-09-10,AA,-0.05555555555555555,Sell
2024-09-10,SPWR,-0.05587319899374377,Sell
2024-09-10,NSC,-0.0001826852391188724,Sell
2024-09-10,HAS,0.055227887728273944,Buy
2024-09-10,TRV,-0.0005793682569268099,Sell
2024-09-10,VTR,0.0003943766432022086,Buy
2024-09-10,DHI,0.05525533120553308,Buy
2024-09-10,BBT,-0.05546547484767824,Sell
2024-09-10,EBAY,-0.05555555555555555,Sell
2024-09-10,EOG,0.0010047071819978826,Buy
2024-09-10,QQQ,-0.05576301081464635,Sell
2024-09-10,EWI,0.0008542403146340818,Buy
2024-09-10,SIRI,0.05665955377616981,Buy
2024-09-10,HTZ,-0.05555555555555555,Sell
2024-09-10,ORCL,-0.1171274610465623,Sell
2024-09-10,MS,0.05555555555555555,Buy
2024-09-10,ALK,0.05525238624719885,Buy
2024-09-10,ILMN,-0.05596930391601236,Sell
2024-09-10,TRP,0.10930544020248784,Buy
2024-09-10,D,-0.05555555555555555,Sell
2024-09-10,PCG,0.05555555555555555,Buy
2024-09-10,RF,0.05555555555555555,Buy
2024-09-10,CLX,-0.05555555555555555,Sell
2024-09-10,COF,0.05555555555555555,Buy
2024-09-10,ENB,0.05555555555555555,Buy
2024-09-10,ZUMZ,-0.0546374190941512,Sell
2024-09-11,MET,-0.05583068619023543,Sell
2024-09-11,CNC,-0.05555555555555555,Sell
2024-09-11,XLP,0.05555555555555555,Buy
2024-09-11,WEN,0.05555555555555555,Buy
2024-09-11,DAL,-0.05555555555555555,Sell
2024-09-11,AA,0.05909303018451727,Buy
2024-09-11,NSC,-0.0005868323386327215,Sell
2024-09-11,ICE,0.05555555555555555,Buy
2024-09-11,RRC,-0.05555555555555555,Sell
2024-09-11,CAG,0.05555555555555555,Buy
2024-09-11,KMB,0.05555555555555555,Buy
2024-09-11,TRV,0.053986309481684515,Buy
2024-09-11,VTR,0.000501857374080969,Buy
2024-09-11,MU,-0.05555555555555555,Sell
2024-09-11,EBAY,0.05618333442032206,Buy
2024-09-11,EOG,0.0003084426633307366,Buy
2024-09-11,EWI,-0.05595542572668387,Sell
2024-09-11,SIRI,-0.05555555555555555,Sell
2024-09-11,HTZ,0.05702520057806292,Buy
2024-09-11,ORCL,0.0562098362806586,Buy
2024-09-11,MS,-0.055985079770530854,Sell
2024-09-11,TRP,-0.0003025327226596278,Sell
2024-09-11,D,0.05528482239165495,Buy
2024-09-11,EW,-0.05555555555555555,Sell
2024-09-11,MRVL,-0.05555555555555555,Sell
2024-09-11,PCG,-0.055748513159288735,Sell
2024-09-11,RF,0.0006063028590704844,Buy
2024-09-11,CLX,0.0547535562712836,Buy
2024-09-11,COF,-0.055130404743869786,Sell
2024-09-11,ENB,-0.055720822525790886,Sell
2024-09-11,ZUMZ,0.05555555555555555,Buy
2024-09-12,CNC,0.0004998723710554279,Buy
2024-09-12,A,0.05555555555555555,Buy
2024-09-12,XLP,-0.0553829181686224,Sell
2024-09-12,WEN,0.00028261361547574776,Buy
2024-09-12,DAL,0.05503158223591912,Buy
2024-09-12,NSC,-0.00033368401643225215,Sell
2024-09-12,ICE,-0.055439652468986245,Sell
2024-09-12,RRC,0.05477946459221527,Buy
2024-09-12,CAG,-0.055533748309632515,Sell
2024-09-12,STI,0.05555555555555555,Buy
2024-09-12,KMB,0.0008267363187050916,Buy
2024-09-12,NDAQ,-0.05555555555555555,Sell
2024-09-12,DPZ,0.05555555555555555,Buy
2024-09-12,VTR,0.054765958017724735,Buy
2024-09-12,BBT,0.05555555555555555,Buy
2024-09-12,MU,0.05295519302713886,Buy
2024-09-12,EBAY,-0.05555555555555555,Sell
2024-09-12,EOG,0.0003621535260145553,Buy
2024-09-12,SIRI,-0.005936227553683351,Sell
2024-09-12,ALK,-0.05555555555555555,Sell
2024-09-12,TRP,-0.05529594323783252,Sell
2024-09-12,EW,0.05494722106129917,Buy
2024-09-12,MRVL,0.054610358858927524,Buy
2024-09-12,DUK,0.05555555555555555,Buy
2024-09-12,RF,0.0006866898791391615,Buy
2024-09-12,CLX,-0.05555555555555555,Sell
2024-09-12,OHI,-0.05555555555555555,Sell
2024-09-12,BSX,-0.05555555555555555,Sell
2024-09-12,ZUMZ,-0.05583756084903676,Sell
2024-09-13,CNC,0.05542545420378603,Buy
2024-09-13,AMTD,0.05555555555555555,Buy
2024-09-13,A,-0.05540683192821269,Sell
2024-09-13,CF,-0.05555555555555555,Sell
2024-09-13,WEN,-0.05721748386032578,Sell
2024-09-13,DAL,-0.05555555555555555,Sell
2024-09-13,NSC,-0.0024201192491427326,Sell
2024-09-13,STI,-0.003297546591450054,Sell
2024-09-13,KMB,7.930923140726104e-05,Buy
2024-09-13,NDAQ,-1.0148146119867696e-05,Sell
2024-09-13,HAS,-0.05555555555555555,Sell
2024-09-13,TRV,-0.05555555555555555,Sell
2024-09-13,DPZ,0.0007663206780514631,Buy
2024-09-13,BBT,-0.056397654628951716,Sell
2024-09-13,BDX,0.05555555555555555,Buy
2024-09-13,EBAY,0.055262083460479866,Buy
2024-09-13,EOG,-1.5417057804285872e-05,Sell
2024-09-13,QQQ,0.05555555555555555,Buy
2024-09-13,SIRI,0.05285746661035709,Buy
2024-09-13,ALK,0.0018082080666231223,Buy
2024-09-13,ILMN,-0.05555555555555555,Sell
2024-09-13,D,-0.05555555555555555,Sell
2024-09-13,DUK,-0.0556715254348557,Sell
2024-09-13,RF,0.0004195851696326344,Buy
2024-09-13,CLX,0.055469287407713765,Buy
2024-09-13,OHI,0.05510344458183637,Buy
2024-09-13,BSX,0.05469421092267779,Buy
2024-09-13,CAT,0.05555555555555555,Buy
2024-09-16,AMTD,-0.05692685632902606,Sell
2024-09-16,BAX,-0.05555555555555555,Sell
2024-09-16,CF,0.05606018198157498,Buy
2024-09-16,HP,0.05555555555555555,Buy
2024-09-16,DAL,0.00026926796884430004,Buy
2024-09-16,NSC,0.055939911186350166,Buy
2024-09-16,STI,0.0027610116358698505,Buy
2024-09-16,KMB,-0.055916052552275705,Sell
2024-09-16,NDAQ,0.0558810813149166,Buy
2024-09-16,HAS,0.0009551106460217243,Buy
2024-09-16,TRV,0.0011334341913995655,Buy
2024-09-16,DPZ,-0.0009885920275125165,Sell
2024-09-16,BDX,-6.354675285970279e-05,Sell
2024-09-16,EBAY,-0.05555555555555555,Sell
2024-09-16,EOG,-0.05672466677201591,Sell
2024-09-16,QQQ,0.00014905651104061418,Buy
2024-09-16,SIRI,-0.05555555555555555,Sell
2024-09-16,ANF,0.05555555555555555,Buy
2024-09-16,HTZ,-0.05555555555555555,Sell
2024-09-16,ORCL,-0.05555555555555555,Sell
2024-09-16,ALK,0.055251417988504074,Buy
2024-09-16,ILMN,0.05579885193939629,Buy
2024-09-16,D,0.05600642160080381,Buy
2024-09-16,HUM,0.05555555555555555,Buy
2024-09-16,RF,-0.056488313166597255,Sell
2024-09-16,ENB,-0.05555555555555555,Sell
2024-09-16,ZUMZ,0.05555555555555555,Buy
2024-09-16,CAT,-0.0005238929222072738,Sell
2024-09-17,BAX,0.05493159157236407,Buy
2024-09-17,CF,-0.05555555555555555,Sell
2024-09-17,HP,-0.057422849592146975,Sell
2024-09-17,XLP,0.05555555555555555,Buy
2024-09-17,DAL,0.0016640101253802483,Buy
2024-09-17,SPWR,-0.05555555555555555,Sell
2024-09-17,STI,-0.0563438574320756,Sell
2024-09-17,KMB,0.05555555555555555,Buy
2024-09-17,HAS,0.0004984300116683479,Buy
2024-09-17,TRV,0.055387410793009406,Buy
2024-09-17,DPZ,-0.00046830244370479196,Sell
2024-09-17,BDX,0.0006605357787822785,Buy
2024-09-17,EBAY,0.0004457882394091131,Buy
2024-09-17,QQQ,-2.6310069695473226e-05,Sell
2024-09-17,SIRI,-0.0008725225954617638,Sell
2024-09-17,ANF,-0.05546585566279715,Sell
2024-09-17,HTZ,0.060332997699436286,Buy
2024-09-17,ORCL,-0.0009358294260249506,Sell
2024-09-17,ULTA,-0.05555555555555555,Sell
2024-09-17,HUM,-0.11050359653880992,Sell
2024-09-17,OHI,0.05555555555555555,Buy
2024-09-17,SYK,0.05555555555555555,Buy
2024-09-17,BSX,0.05555555555555555,Buy
2024-09-17,ENB,0.1106224166954849,Buy
2024-09-17,ZUMZ,-0.05748347765465384,Sell
2024-09-17,CAT,-0.05646732398006219,Sell
2024-09-18,MNST,-0.05555555555555555,Sell
2024-09-18,CF,0.055841044736826745,Buy
2024-09-18,XLP,-5.774109337974842e-05,Sell
2024-09-18,DAL,0.05611438737002945,Buy
2024-09-18,SPWR,0.004214991966103941,Buy
2024-09-18,STI,0.05555555555555555,Buy
2024-09-18,KMB,-6.685357211880238e-05,Sell
2024-09-18,NDAQ,-0.05555555555555555,Sell
2024-09-18,HAS,0.000858453924348912,Buy
2024-09-18,DPZ,-0.05536441921452647,Sell
2024-09-18,BDX,-0.05590459217440022,Sell
2024-09-18,EBAY,0.05435594923653557,Buy
2024-09-18,QQQ,-0.05558564059832198,Sell
2024-09-18,SIRI,0.00027179509181560896,Buy
2024-09-18,ORCL,0.05484727334654534,Buy
2024-09-18,ILMN,-0.05555555555555555,Sell
2024-09-18,TRP,0.05555555555555555,Buy
2024-09-18,D,0.05555555555555555,Buy
2024-09-18,ULTA,0.001076159106555119,Buy
2024-09-18,HUM,0.0008966691582136532,Buy
2024-09-18,PCG,0.05555555555555555,Buy
2024-09-18,DUK,0.05555555555555555,Buy
2024-09-18,OHI,-0.11240171625151793,Sell
2024-09-18,SYK,0.0001254961202311125,Buy
2024-09-18,BSX,-0.05586117927094705,Sell
2024-09-18,ENB,0.0001385023366925614,Buy
2024-09-19,MNST,0.05527399320316834,Buy
2024-09-19,AMTD,-0.05555555555555555,Sell
2024-09-19,XLP,5.603559508743361e-05,Buy
2024-09-19,SPWR,0.004149965207852366,Buy
2024-09-19,ICE,0.05555555555555555,Buy
2024-09-19,STI,-0.059349265311146156,Sell
2024-09-19,KMB,0.00013836956391403282,Buy
2024-09-19,NDAQ,0.0013374740597626444,Buy
2024-09-19,HAS,0.0007907830107863334,Buy
2024-09-19,VTR,0.05555555555555555,Buy
2024-09-19,DHI,-0.05555555555555555,Sell
2024-09-19,SIRI,0.0020723675205608777,Buy
2024-09-19,ILMN,0.05728638407396084,Buy
2024-09-19,TRP,0.0009646760967714774,Buy
2024-09-19,KO,0.05555555555555555,Buy
2024-09-19,D,-0.05589660422420661,Sell
2024-09-19,ULTA,0.0559075618603936,Buy
2024-09-19,HUM,-0.00030957213874670264,Sell
2024-09-19,BX,-0.05555555555555555,Sell
2024-09-19,LOW,-0.05555555555555555,Sell
2024-09-19,PCG,-0.056086092365579356,Sell
2024-09-19,DUK,8.352508361526151e-05,Buy
2024-09-19,OHI,0.11028888353853597,Buy
2024-09-19,SYK,-0.056398636785129914,Sell
2024-09-19,ENB,-9.38731090518799e-05,Sell
2024-09-20,PPG,0.05555555555555555,Buy
2024-09-20,AMTD,0.05257662363653363,Buy
2024-09-20,BAX,0.05555555555555555,Buy
2024-09-20,XLP,-0.055250815486449244,Sell
2024-09-20,BUD,0.05555555555555555,Buy
2024-09-20,SPWR,-0.0041412724720520586,Sell
2024-09-20,ICE,-0.05532041926440057,Sell
2024-09-20,JNJ,0.05555555555555555,Buy
2024-09-20,KMB,-0.05523980811906599,Sell
2024-09-20,NDAQ,0.05498471586183712,Buy
2024-09-20,HAS,0.05451770744035757,Buy
2024-09-20,DPZ,0.05555555555555555,Buy
2024-09-20,VTR,0.0005973699509231739,Buy
2024-09-20,DHI,0.05354215304188043,Buy
2024-09-20,SIRI,0.0015580423829439222,Buy
2024-09-20,ORCL,-0.05555555555555555,Sell
2024-09-20,CCL,-0.05555555555555555,Sell
2024-09-20,TRP,-0.1119946311624851,Sell
2024-09-20,KO,-0.05577887896809213,Sell
2024-09-20,ULTA,-0.05555555555555555,Sell
2024-09-20,HUM,-0.0008510537789361283,Sell
2024-09-20,BX,-0.0011012043274261502,Sell
2024-09-20,LOW,0.054803537266416874,Buy
2024-09-20,PCG,-0.05555555555555555,Sell
2024-09-20,DUK,-0.0555720970965621,Sell
2024-09-20,CME,0.05555555555555555,Buy
2024-09-20,OHI,0.0006659226484077296,Buy
2024-09-20,ENB,-0.055161690242655874,Sell
2024-09-20,ZUMZ,0.05555555555555555,Buy
2024-09-23,PPG,-0.05563544293407978,Sell
2024-09-23,BAX,-0.05601835289868388,Sell
2024-09-23,BUD,0.0003660712907921082,Buy
2024-09-23,SPWR,-0.0014215321440931086,Sell
2024-09-23,QCOM,0.05555555555555555,Buy
2024-09-23,JNJ,0.0005863170339555704,Buy
2024-09-23,HAS,-0.05555555555555555,Sell
2024-09-23,DPZ,-0.0005680440256502148,Sell
2024-09-23,VTR,-0.11265548780653206,Sell
2024-09-23,EBAY,-0.05555555555555555,Sell
2024-09-23,EWI,0.05555555555555555,Buy
2024-09-23,SIRI,0.0011705707971159454,Buy
2024-09-23,ORCL,0.05461119900599904,Buy
2024-09-23,CCL,0.055198515417633515,Buy
2024-09-23,ALK,-0.05555555555555555,Sell
2024-09-23,TRP,0.0008436402485707678,Buy
2024-09-23,ULTA,-0.0013933095664761669,Sell
2024-09-23,HUM,0.05570614579808814,Buy
2024-09-23,NWSA,0.05555555555555555,Buy
2024-09-23,BX,0.05496764647048137,Buy
2024-09-23,PCG,0.055148145079051296,Buy
2024-09-23,RF,0.05555555555555555,Buy
2024-09-23,CME,-0.05598610392591862,Sell
2024-09-23,OHI,-0.056106693041433425,Sell
2024-09-23,ZUMZ,0.00044375125672730525,Buy
2024-09-23,CAT,-0.05555555555555555,Sell
2024-09-23,MRK,0.05555555555555555,Buy
2024-09-24,DAL,-0.05555555555555555,Sell
2024-09-24,BUD,-0.05673837228718873,Sell
2024-09-24,SPWR,0.0035251058407385905,Buy
2024-09-24,ICE,0.05555555555555555,Buy
2024-09-24,QCOM,-0.05605395258480395,Sell
2024-09-24,JNJ,-1.5775521328503794e-05,Sell
2024-09-24,STI,-0.05555555555555555,Sell
2024-09-24,HAS,0.056095789302969344,Buy
2024-09-24,DPZ,-0.0009395060442191974,Sell
2024-09-24,VTR,0.05550460862404944,Buy
2024-09-24,BBT,0.05555555555555555,Buy
2024-09-24,EBAY,0.00191361178809904,Buy
2024-09-24,EWI,-0.05614259044479957,Sell
2024-09-24,SIRI,0.052456619040090316,Buy
2024-09-24,ORCL,-0.05555555555555555,Sell
2024-09-24,ALK,0.055627999329471,Buy
2024-09-24,TRP,0.055615110167238496,Buy
2024-09-24,KO,0.05555555555555555,Buy
2024-09-24,D,0.05555555555555555,Buy
2024-09-24,ULTA,0.0013912441736870368,Buy
2024-09-24,NWSA,-0.05618432741850245,Sell
2024-09-24,LOW,-0.05555555555555555,Sell
2024-09-24,DUK,0.05555555555555555,Buy
2024-09-24,NTES,-0.05555555555555555,Sell
2024-09-24,RF,-0.055745888272769335,Sell
2024-09-24,COF,0.05555555555555555,Buy
2024-09-24,ZUMZ,-0.0556964244088953,Sell
2024-09-24,CAT,0.0023818412827218277,Buy
2024-09-24,MRK,0.0001568668533905998,Buy
2024-09-25,BAX,0.05555555555555555,Buy
2024-09-25,DAL,0.0011569069458464629,Buy
2024-09-25,HYG,0.05555555555555555,Buy
2024-09-25,SPWR,0.00023772482951496532,Buy
2024-09-25,ICE,-0.05585250296189266,Sell
2024-09-25,JNJ,0.0006929563739834221,Buy
2024-09-25,STI,0.05622345273883988,Buy
2024-09-25,DPZ,-0.05552647463120694,Sell
2024-09-25,VTR,-0.05555555555555555,Sell
2024-09-25,DHI,0.05555555555555555,Buy
2024-09-25,BBT,0.00038478734016535177,Buy
2024-09-25,EBAY,0.05446864944795938,Buy
2024-09-25,EOG,0.05555555555555555,Buy
2024-09-25,QQQ,-0.05555555555555555,Sell
2024-09-25,HTZ,-0.05555555555555555,Sell
2024-09-25,ORCL,0.00021273468273741436,Buy
2024-09-25,ALK,-0.05555555555555555,Sell
2024-09-25,KO,-0.0557008564353621,Sell
2024-09-25,D,-0.0558023531420189,Sell
2024-09-25,ULTA,1.859160516959335e-05,Buy
2024-09-25,LOW,0.05538365463112516,Buy
2024-09-25,DUK,-0.05571758415680876,Sell
2024-09-25,NTES,0.05554976738873557,Buy
2024-09-25,RF,0.05555555555555555,Buy
2024-09-25,COF,-0.055222381961311025,Sell
2024-09-25,ZUMZ,0.05555555555555555,Buy
2024-09-25,CAT,-0.001054841394483516,Sell
2024-09-25,MRK,5.9499512873130433e-05,Buy
2024-09-26,PPG,-0.05555555555555555,Sell
2024-09-26,BAX,-0.056431437496081344,Sell
2024-09-26,DAL,0.0038448000883627084,Buy
2024-09-26,HYG,-0.05598286349300708,Sell
2024-09-26,SPWR,0.05402898409910537,Buy
2024-09-26,ICE,0.05555555555555555,Buy
2024-09-26,JNJ,-0.05616699883886138,Sell
2024-09-26,VTR,0.054979033718793674,Buy
2024-09-26,DHI,-0.056142884558665125,Sell
2024-09-26,BBT,-0.05612369993965134,Sell
2024-09-26,MU,-0.05555555555555555,Sell
2024-09-26,EOG,0.001543622607064199,Buy
2024-09-26,QQQ,0.000756425001030285,Buy
2024-09-26,HTZ,0.054691915761806695,Buy
2024-09-26,ORCL,0.05650380493978321,Buy
2024-09-26,CCL,-0.05555555555555555,Sell
2024-09-26,ALK,0.0029698072392816063,Buy
2024-09-26,WMB,0.05555555555555555,Buy
2024-09-26,D,0.05555555555555555,Buy
2024-09-26,ULTA,0.0008714303023062489,Buy
2024-09-26,RL,-0.05555555555555555,Sell
2024-09-26,PCG,0.05555555555555555,Buy
2024-09-26,DUK,0.05555555555555555,Buy
2024-09-26,RF,-0.05678473555068126,Sell
2024-09-26,OHI,0.05555555555555555,Buy
2024-09-26,ENB,0.05555555555555555,Buy
2024-09-26,ZUMZ,-0.05612439678351322,Sell
2024-09-26,CAT,0.00221458913501639,Buy
2024-09-26,MRK,0.0004624558978423149,Buy
2024-09-27,MET,-0.05555555555555555,Sell
2024-09-27,PPG,0.05534846186239471,Buy
2024-09-27,DAL,-0.0004996313333139393,Sell
2024-09-27,SPWR,0.05555555555555555,Buy
2024-09-27,ICE,-0.05551934903194501,Sell
2024-09-27,EWC,0.05555555555555555,Buy
2024-09-27,MU,0.054145581120419235,Buy
2024-09-27,EOG,-0.05629609535978011,Sell
2024-09-27,QQQ,0.05503678373551516,Buy
2024-09-27,CCL,0.05492955024204231,Buy
2024-09-27,ALK,0.00047358162821862365,Buy
2024-09-27,GOLD,-0.05555555555555555,Sell
2024-09-27,WMB,-0.00030833265688459677,Sell
2024-09-27,D,0.00018215708438170525,Buy
2024-09-27,ULTA,-0.0004974009474790417,Sell
2024-09-27,RL,-0.00028294129381942895,Sell
2024-09-27,NTAP,0.05555555555555555,Buy
2024-09-27,BX,-0.05555555555555555,Sell
2024-09-27,LOW,-0.05555555555555555,Sell
2024-09-27,PCG,4.317336246228293e-05,Buy
2024-09-27,DUK,-0.05572876979944652,Sell
2024-09-27,OHI,0.00038903335304725506,Buy
2024-09-27,ENB,0.0003062169838585968,Buy
2024-09-27,ZUMZ,0.05555555555555555,Buy
2024-09-27,CAT,-0.00019423284667190177,Sell
2024-09-27,MRK,-0.055637967182371864,Sell
2024-09-30,MET,0.0554120444465717,Buy
2024-09-30,BAX,0.05555555555555555,Buy
2024-09-30,DAL,0.05460569277697229,Buy
2024-09-30,SPWR,0.00241294866937395,Buy
2024-09-30,STI,-0.05555555555555555,Sell
2024-09-30,EWC,-0.05550562833604103,Sell
2024-09-30,EBAY,-0.05555555555555555,Sell
2024-09-30,SIRI,-0.05555555555555555,Sell
2024-09-30,TSM,0.05555555555555555,Buy
2024-09-30,ALK,0.0001150773044058806,Buy
2024-09-30,GOLD,0.05438978093667077,Buy
2024-09-30,WMB,-0.056013281726490685,Sell
2024-09-30,TRP,-0.05555555555555555,Sell
2024-09-30,D,-0.056022781330905734,Sell
2024-09-30,ULTA,-0.002185752968258521,Sell
2024-09-30,RL,0.05466205447239921,Buy
2024-09-30,HUM,0.05555555555555555,Buy
2024-09-30,NTAP,-0.05644953722205194,Sell
2024-09-30,BX,0.054764738881607246,Buy
2024-09-30,LOW,0.0006260394442705874,Buy
2024-09-30,PCG,0.00025540137128912677,Buy
2024-09-30,DUK,0.05555555555555555,Buy
2024-09-30,OHI,-0.055920400285522205,Sell
2024-09-30,SYK,-0.05555555555555555,Sell
2024-09-30,ENB,0.00027962443503107975,Buy
2024-09-30,ZUMZ,0.0019066235357399972,Buy
2024-09-30,CAT,-0.0001378353605464705,Sell
2024-09-30,MRK,0.05555555555555555,Buy
2024-10-01,BAX,-0.05472196648144126,Sell
2024-10-01,SPWR,0.006373868416995054,Buy
2024-10-01,QCOM,0.05555555555555555,Buy
2024-10-01,STI,0.055530715414410736,Buy
2024-10-01,HAS,-0.05555555555555555,Sell
2024-10-01,BBT,0.05555555555555555,Buy
2024-10-01,EBAY,0.0013604475686406214,Buy
2024-10-01,SIRI,-0.001618534583111425,Sell
2024-10-01,TSM,-0.05577487954530721,Sell
2024-10-01,ALK,0.05616898623851545,Buy
2024-10-01,KEY,0.05555555555555555,Buy
2024-10-01,TRP,0.0017087230973508935,Buy
2024-10-01,ULTA,-0.0007072949342131346,Sell
2024-10-01,HUM,0.005889504152207507,Buy
2024-10-01,LOW,0.001109986879035553,Buy
2024-10-01,PCG,-0.05646434187625876,Sell
2024-10-01,DUK,-0.05674267813516944,Sell
2024-10-01,RF,0.05555555555555555,Buy
2024-10-01,CP,0.05555555555555555,Buy
2024-10-01,CLX,-0.05555555555555555,Sell
2024-10-01,OHI,0.05555555555555555,Buy
2024-10-01,SYK,0.00011619175215556166,Buy
2024-10-01,ENB,-0.05702819284873425,Sell
2024-10-01,ZUMZ,0.001534935370279704,Buy
2024-10-01,CAT,0.000920730962952164,Buy
2024-10-01,MRK,-0.05687844005398209,Sell
2024-10-02,MNST,0.05555555555555555,Buy
2024-10-02,XLP,0.05555555555555555,Buy
2024-10-02,SPWR,-0.0006930316521839286,Sell
2024-10-02,QCOM,-0.05653469378557123,Sell
2024-10-02,HAS,0.0552766952707524,Buy
2024-10-02,DHI,-0.05555555555555555,Sell
2024-10-02,BBT,0.0006420189415130076,Buy
2024-10-02,EBAY,0.05514867563453794,Buy
2024-10-02,SIRI,0.058089682576957784,Buy
2024-10-02,MAR,-0.05555555555555555,Sell
2024-10-02,KEY,-0.055578700048365993,Sell
2024-10-02,ILMN,-0.05555555555555555,Sell
2024-10-02,GOLD,-0.05555555555555555,Sell
2024-10-02,TRP,0.1062410936267045,Buy
2024-10-02,KO,0.05555555555555555,Buy
2024-10-02,ULTA,-0.0006450425957900546,Sell
2024-10-02,RL,-0.05555555555555555,Sell
2024-10-02,HUM,-0.049114134669389235,Sell
2024-10-02,TRIP,-0.05555555555555555,Sell
2024-10-02,LOW,0.05552225032176031,Buy
2024-10-02,NTES,-0.05555555555555555,Sell
2024-10-02,RF,-0.05573097011768546,Sell
2024-10-02,CP,0.000350247900332612,Buy
2024-10-02,CLX,0.05547273436346106,Buy
2024-10-02,OHI,0.00034272080081022144,Buy
2024-10-02,SYK,0.05534492015631869,Buy
2024-10-02,ZUMZ,-0.05579052617261749,Sell
2024-10-02,CAT,0.0003615675211086286,Buy
2024-10-02,MRK,0.05555555555555555,Buy
2024-10-03,MNST,-0.05497503265871718,Sell
2024-10-03,AMTD,-0.05555555555555555,Sell
2024-10-03,CF,-0.05555555555555555,Sell
2024-10-03,XLP,0.00044860076490327305,Buy
2024-10-03,HYG,0.05555555555555555,Buy
2024-10-03,SPWR,0.0028099532110391554,Buy
2024-10-03,ICE,-0.05555555555555555,Sell
2024-10-03,RRC,-0.05555555555555555,Sell
2024-10-03,CAG,0.05555555555555555,Buy
2024-10-03,KMB,0.05555555555555555,Buy
2024-10-03,VTR,0.05555555555555555,Buy
2024-10-03,DHI,0.055561213019943136,Buy
2024-10-03,BBT,-0.055922950306152144,Sell
2024-10-03,ORCL,-0.05555555555555555,Sell
2024-10-03,MAR,0.05581108888842461,Buy
2024-10-03,ILMN,0.05459838451297765,Buy
2024-10-03,GOLD,8.225693970485837e-06,Buy
2024-10-03,TRP,-0.0005124333605325757,Sell
2024-10-03,KO,-0.05527934670873504,Sell
2024-10-03,ULTA,0.05549074492327349,Buy
2024-10-03,RL,0.05545881271307554,Buy
2024-10-03,TRIP,0.05470505421343178,Buy
2024-10-03,PCG,0.05555555555555555,Buy
2024-10-03,NTES,-0.0013870024716185828,Sell
2024-10-03,CP,-0.0546096740088066,Sell
2024-10-03,OHI,-0.05556616269027916,Sell
2024-10-03,CSIQ,-0.05555555555555555,Sell
2024-10-03,ENB,0.05555555555555555,Buy
2024-10-03,CAT,-0.00031024419412481463,Sell
2024-10-03,MRK,-0.05471983045969887,Sell
2024-10-04,MET,-0.05555555555555555,Sell
2024-10-04,AMTD,0.051943956151124134,Buy
2024-10-04,BAX,-0.05555555555555555,Sell
2024-10-04,CF,0.0555292169471803,Buy
2024-10-04,XLP,-0.05518235513186839,Sell
2024-10-04,DAL,-0.05555555555555555,Sell
2024-10-04,HYG,0.0006182022027092782,Buy
2024-10-04,SPWR,-0.008571505413217731,Sell
2024-10-04,ICE,0.05483103886931297,Buy
2024-10-04,RRC,0.05432692601188351,Buy
2024-10-04,CAG,0.00025624815984404137,Buy
2024-10-04,JNJ,-0.05555555555555555,Sell
2024-10-04,KMB,-0.05533331442029817,Sell
2024-10-04,NDAQ,0.05555555555555555,Buy
2024-10-04,VTR,-0.05496432394836876,Sell
2024-10-04,DHI,0.05555555555555555,Buy
2024-10-04,QQQ,-0.05555555555555555,Sell
2024-10-04,ANF,-0.05555555555555555,Sell
2024-10-04,ORCL,0.0007623753017731646,Buy
2024-10-04,GOLD,0.05428425792180122,Buy
2024-10-04,TRP,-0.055941981377043225,Sell
2024-10-04,KO,0.05555555555555555,Buy
2024-10-04,RL,-0.05555555555555555,Sell
2024-10-04,PCG,-0.05562030848178126,Sell
2024-10-04,DUK,0.05555555555555555,Buy
2024-10-04,NTES,0.05547109716374735,Buy
2024-10-04,OHI,0.05555555555555555,Buy
2024-10-04,CSIQ,0.05796352981933869,Buy
2024-10-04,ENB,-0.05544488241854852,Sell
2024-10-04,VZ,0.05555555555555555,Buy
2024-10-04,CAT,0.00028772317469429043,Buy
2024-10-07,MET,0.05518886112743137,Buy
2024-10-07,AMTD,-0.05555555555555555,Sell
2024-10-07,BAX,0.055034182934127485,Buy
2024-10-07,DAL,0.0005402800148260611,Buy
2024-10-07,HYG,-8.616303401613734e-05,Sell
2024-10-07,SPWR,0.005589514393111464,Buy
2024-10-07,ICE,0.05555555555555555,Buy
2024-10-07,CAG,0.00045154695550869706,Buy
2024-10-07,JNJ,5.988133783218358e-05,Buy
2024-10-07,NDAQ,0.0006436945195414656,Buy
2024-10-07,HAS,-0.05555555555555555,Sell
2024-10-07,DPZ,0.05555555555555555,Buy
2024-10-07,DHI,-0.05603776700289779,Sell
2024-10-07,QQQ,0.05528181656770474,Buy
2024-10-07,ANF,0.05310011196870461,Buy
2024-10-07,ORCL,3.3755190359988085e-05,Buy
2024-10-07,KO,-0.05495661117444422,Sell
2024-10-07,D,0.05555555555555555,Buy
2024-10-07,ULTA,-0.05555555555555555,Sell
2024-10-07,RL,0.0557037827170825,Buy
2024-10-07,MRVL,-0.05555555555555555,Sell
2024-10-07,DUK,0.00154682519681007,Buy
2024-10-07,NTES,-0.05555555555555555,Sell
2024-10-07,OHI,-0.056093406788756864,Sell
2024-10-07,VZ,0.00010521161568813331,Buy
2024-10-07,CAT,0.00048807080246517087,Buy
2024-10-08,AMTD,0.10878911863826424,Buy
2024-10-08,DAL,0.0009971937913726137,Buy
2024-10-08,HYG,-0.05540045846761943,Sell
2024-10-08,BUD,0.05555555555555555,Buy
2024-10-08,SPWR,0.002543429275673484,Buy
2024-10-08,ICE,-0.05615133446682908,Sell
2024-10-08,CAG,-0.05545789290843577,Sell
2024-10-08,JNJ,0.055323392521682085,Buy
2024-10-08,STI,-0.05555555555555555,Sell
2024-10-08,NDAQ,-0.056297363470848315,Sell
2024-10-08,HAS,0.05497826143489172,Buy
2024-10-08,DPZ,-0.05542298814381851,Sell
2024-10-08,EWC,0.05555555555555555,Buy
2024-10-08,EBAY,-0.05555555555555555,Sell
2024-10-08,ORCL,0.0011431215011369136,Buy
2024-10-08,CCL,-0.05555555555555555,Sell
2024-10-08,TRP,0.05555555555555555,Buy
2024-10-08,KO,0.05555555555555555,Buy
2024-10-08,D,0.0005586507131957949,Buy
2024-10-08,ULTA,-0.001107628809954249,Sell
2024-10-08,LOW,-0.05555555555555555,Sell
2024-10-08,MRVL,0.05481063904402831,Buy
2024-10-08,DUK,6.697677240118799e-05,Buy
2024-10-08,NTES,0.052425450312187656,Buy
2024-10-08,SYK,-0.05555555555555555,Sell
2024-10-08,BSX,-0.05555555555555555,Sell
2024-10-08,ENB,0.05555555555555555,Buy
2024-10-08,VZ,-0.0554822849605354,Sell
2024-10-08,CAT,0.05383995073510254,Buy
2024-10-09,AMTD,-0.053049773695735485,Sell
2024-10-09,DAL,0.0011204402777214295,Buy
2024-10-09,HYG,0.05555555555555555,Buy
2024-10-09,BUD,-0.0007552614140235725,Sell
2024-10-09,SPWR,-0.05172582251244966,Sell
2024-10-09,GREK,0.05555555555555555,Buy
2024-10-09,STI,0.05611813577477459,Buy
2024-10-09,EWC,-0.056576719283594694,Sell
2024-10-09,EBAY,0.056091464552438984,Buy
2024-10-09,ORCL,0.001985359836141322,Buy
2024-10-09,CCL,0.004686666876524151,Buy
2024-10-09,ALK,-0.05555555555555555,Sell
2024-10-09,MAR,-0.05555555555555555,Sell
2024-10-09,TRP,-0.0013624365555188686,Sell
2024-10-09,KO,-0.05659301540916669,Sell
2024-10-09,D,-0.00029425747863925933,Sell
2024-10-09,ULTA,0.11110264110704643,Buy
2024-10-09,WSM,0.05555555555555555,Buy
2024-10-09,LOW,0.001525421921682632,Buy
2024-10-09,PCG,0.05555555555555555,Buy
2024-10-09,DUK,-0.0010507406432302413,Sell
2024-10-09,SYK,0.001228759134417591,Buy
2024-10-09,CSIQ,-0.05555555555555555,Sell
2024-10-09,BSX,0.05683958171525879,Buy
2024-10-09,ENB,-0.05666379486519475,Sell
2024-10-09,CAT,-0.05555555555555555,Sell
2024-10-10,MNST,-0.05555555555555555,Sell
2024-10-10,WEN,-0.05555555555555555,Sell
2024-10-10,DAL,-0.0008217372765941325,Sell
2024-10-10,AA,-0.05555555555555555,Sell
2024-10-10,HYG,0.000261910343204462,Buy
2024-10-10,BUD,-0.05514937600436685,Sell
2024-10-10,GREK,0.0005685839267320428,Buy
2024-10-10,KMB,0.05555555555555555,Buy
2024-10-10,VTR,0.05555555555555555,Buy
2024-10-10,BDX,0.05555555555555555,Buy
2024-10-10,ORCL,-0.001005278662397531,Sell
2024-10-10,CCL,0.0002863180994720563,Buy
2024-10-10,ALK,-2.7219702583868022e-05,Sell
2024-10-10,MAR,0.055038447460391604,Buy
2024-10-10,TRP,0.00040537578214045605,Buy
2024-10-10,D,0.0011073169117688034,Buy
2024-10-10,ULTA,-0.055192371844943806,Sell
2024-10-10,RL,-0.05555555555555555,Sell
2024-10-10,WSM,0.0013656974661800242,Buy
2024-10-10,LOW,0.0545291655039324,Buy
2024-10-10,PCG,-0.05529323050823326,Sell
2024-10-10,DUK,-0.056216054378144004,Sell
2024-10-10,SYK,0.05522931832385821,Buy
2024-10-10,CSIQ,0.05061956178966289,Buy
2024-10-10,VZ,0.05555555555555555,Buy
2024-10-10,CAT,-0.00017118504435817417,Sell
2024-10-11,MNST,0.05642986511368738,Buy
2024-10-11,CNC,0.05555555555555555,Buy
2024-10-11,BAX,0.05555555555555555,Buy
2024-10-11,WEN,0.057663118870930626,Buy
2024-10-11,DAL,0.0014351172043872429,Buy
2024-10-11,AA,0.0027983785493402302,Buy
2024-10-11,HYG,-0.05598374254581273,Sell
2024-10-11,SPWR,-0.05555555555555555,Sell
2024-10-11,CAG,0.05555555555555555,Buy
2024-10-11,GREK,-0.0007968039296708043,Sell
2024-10-11,KMB,-0.0007514718700939935,Sell
2024-10-11,NDAQ,0.05555555555555555,Buy
2024-10-11,TRV,-0.05555555555555555,Sell
2024-10-11,DPZ,-0.05555555555555555,Sell
2024-10-11,VTR,-0.05708746306886559,Sell
2024-10-11,BDX,-0.05606355460154174,Sell
2024-10-11,ORCL,0.0003950202155854274,Buy
2024-10-11,CCL,0.00038996205403673406,Buy
2024-10-11,ALK,0.002450961171046921,Buy
2024-10-11,TRP,-0.0010362996742133562,Sell
2024-10-11,D,-0.056570531770162434,Sell
2024-10-11,RL,0.0010571766341188962,Buy
2024-10-11,WSM,-0.056864137606379914,Sell
2024-10-11,VZ,-0.00034542597205116515,Sell
2024-10-11,CAT,0.056593330287682805,Buy
2024-10-11,MRK,0.05555555555555555,Buy
2024-10-14,CNC,-0.05581986801654027,Sell
2024-10-14,BAX,-0.05602931663989344,Sell
2024-10-14,WEN,-0.05555555555555555,Sell
2024-10-14,DAL,0.0019112116016004044,Buy
2024-10-14,AA,0.056522363975004306,Buy
2024-10-14,SPWR,-0.0034064849472658365,Sell
2024-10-14,RRC,0.05555555555555555,Buy
2024-10-14,CAG,-0.05561872524276931,Sell
2024-10-14,GREK,0.0010509450276765253,Buy
2024-10-14,JNJ,0.05555555555555555,Buy
2024-10-14,STI,0.05555555555555555,Buy
2024-10-14,KMB,-0.055970658019181864,Sell
2024-10-14,NDAQ,-0.056203379607655805,Sell
2024-10-14,HAS,0.05555555555555555,Buy
2024-10-14,TRV,0.0007420655976842078,Buy
2024-10-14,DPZ,0.055262387821713235,Buy
2024-10-14,BDX,0.05555555555555555,Buy
2024-10-14,ORCL,2.2538413006520375e-05,Buy
2024-10-14,CCL,0.05487034091836325,Buy
2024-10-14,ALK,-1.334400906462252e-05,Sell
2024-10-14,ILMN,-0.05555555555555555,Sell
2024-10-14,TRP,-0.0568157772659505,Sell
2024-10-14,RL,0.0010687524627076006,Buy
2024-10-14,LOW,-0.05555555555555555,Sell
2024-10-14,NTES,0.05555555555555555,Buy
2024-10-14,ZUMZ,0.05555555555555555,Buy
2024-10-14,VZ,-0.05571273613589906,Sell
2024-10-14,MRK,0.00010813496152495966,Buy
2024-10-15,CNC,0.05555555555555555,Buy
2024-10-15,BAX,0.05555555555555555,Buy
2024-10-15,VWO,0.05555555555555555,Buy
2024-10-15,CF,0.05555555555555555,Buy
2024-10-15,WEN,0.00021102541150858772,Buy
2024-10-15,DAL,-0.0006007933686808034,Sell
2024-10-15,SPWR,0.05366027273335177,Buy
2024-10-15,RRC,0.0013642435191506264,Buy
2024-10-15,GREK,0.00022699909716252659,Buy
2024-10-15,JNJ,-0.05628117452974912,Sell
2024-10-15,STI,-0.05450258597378143,Sell
2024-10-15,HAS,-0.055477956864421994,Sell
2024-10-15,TRV,0.05559917365110284,Buy
2024-10-15,DPZ,-0.05555555555555555,Sell
2024-10-15,BDX,-0.055839402821602845,Sell
2024-10-15,EOG,0.05555555555555555,Buy
2024-10-15,EWI,0.05555555555555555,Buy
2024-10-15,ORCL,0.054784918865665756,Buy
2024-10-15,CCL,-0.05555555555555555,Sell
2024-10-15,ALK,0.0007487317112671588,Buy
2024-10-15,ILMN,0.054880928250594284,Buy
2024-10-15,RL,0.05411951011828883,Buy
2024-10-15,BX,-0.05555555555555555,Sell
2024-10-15,LOW,8.535576369514408e-05,Buy
2024-10-15,NTES,0.002061626648859248,Buy
2024-10-15,CLX,-0.05555555555555555,Sell
2024-10-15,M,-0.05555555555555555,Sell
2024-10-15,ZUMZ,-0.056895402360459264,Sell
2024-10-15,MRK,-0.05635346190145604,Sell
2024-10-16,CNC,-0.0011416484592767992,Sell
2024-10-16,BAX,-0.05619448105593241,Sell
2024-10-16,VWO,-0.05655128409967206,Sell
2024-10-16,A,0.05555555555555555,Buy
2024-10-16,CF,-0.00014806164390703674,Sell
2024-10-16,HP,-0.05555555555555555,Sell
2024-10-16,WEN,0.001819771050855852,Buy
2024-10-16,DAL,0.004274575554586123,Buy
2024-10-16,RRC,-0.00022717375728891626,Sell
2024-10-16,GREK,-0.05677003658845621,Sell
2024-10-16,QCOM,0.05555555555555555,Buy
2024-10-16,DPZ,0.056170563108517944,Buy
2024-10-16,BDX,0.05555555555555555,Buy
2024-10-16,EOG,-0.05606154985041719,Sell
2024-10-16,EWI,-0.056451323821077384,Sell
2024-10-16,SIRI,0.05555555555555555,Buy
2024-10-16,CCL,0.0556363527974836,Buy
2024-10-16,MS,-0.05555555555555555,Sell
2024-10-16,ALK,0.0016924895475788349,Buy
2024-10-16,D,-0.05555555555555555,Sell
2024-10-16,NWSA,0.05555555555555555,Buy
2024-10-16,BX,0.0016857778086677225,Buy
2024-10-16,LOW,0.0009121036607666402,Buy
2024-10-16,NTES,-0.05589659098178686,Sell
2024-10-16,CLX,0.05605719295971892,Buy
2024-10-16,M,0.0026917703785200447,Buy
2024-10-16,MRK,0.05555555555555555,Buy
2024-10-17,CNC,0.004795838235572891,Buy
2024-10-17,A,0.0003981867030716374,Buy
2024-10-17,CF,-0.05662787181171277,Sell
2024-10-17,HP,0.056125580477687204,Buy
2024-10-17,WEN,0.05496980313489678,Buy
2024-10-17,DAL,0.05479453353479933,Buy
2024-10-17,SPWR,-0.05555555555555555,Sell
2024-10-17,NSC,0.05555555555555555,Buy
2024-10-17,RRC,-0.05602325212675096,Sell
2024-10-17,QCOM,-0.05571196712245505,Sell
2024-10-17,TRV,-0.05555555555555555,Sell
2024-10-17,BDX,-0.0003010569699217966,Sell
2024-10-17,EBAY,0.05555555555555555,Buy
2024-10-17,SIRI,-0.05589757014919868,Sell
2024-10-17,TSM,-0.05555555555555555,Sell
2024-10-17,MS,0.000247429703261165,Buy
2024-10-17,ALK,0.054945019103316554,Buy
2024-10-17,TRP,0.05555555555555555,Buy
2024-10-17,KO,0.05555555555555555,Buy
2024-10-17,D,0.05508875864303078,Buy
2024-10-17,HUM,-0.05555555555555555,Sell
2024-10-17,WSM,0.05555555555555555,Buy
2024-10-17,NWSA,-0.05598390910026716,Sell
2024-10-17,TRIP,-0.05555555555555555,Sell
2024-10-17,BX,0.0037831951405932138,Buy
2024-10-17,LOW,0.05529708786174066,Buy
2024-10-17,BSX,0.05555555555555555,Buy
2024-10-17,M,0.0003831547427629728,Buy
2024-10-17,COF,-0.05555555555555555,Sell
2024-10-17,MRK,-0.05549689479912009,Sell
2024-10-18,CNC,0.0010639668325580706,Buy
2024-10-18,A,-0.00036502382885435225,Sell
2024-10-18,CF,0.05555555555555555,Buy
2024-10-18,DAL,-0.05555555555555555,Sell
2024-10-18,SPWR,0.11020751921704884,Buy
2024-10-18,NSC,-0.05627353433402958,Sell
2024-10-18,KMB,0.05555555555555555,Buy
2024-10-18,HAS,-0.05555555555555555,Sell
2024-10-18,TRV,-7.124792848985095e-05,Sell
2024-10-18,BDX,-0.05614031979376138,Sell
2024-10-18,EBAY,0.0005501615054680914,Buy
2024-10-18,TSM,-0.0015636148566397085,Sell
2024-10-18,MS,0.0005478313846383892,Buy
2024-10-18,WMB,-0.05555555555555555,Sell
2024-10-18,TRP,-0.0004608811920906175,Sell
2024-10-18,KO,-0.05578025860432932,Sell
2024-10-18,HUM,0.055518897722419816,Buy
2024-10-18,WSM,-0.05621519498445572,Sell
2024-10-18,TRIP,0.0006670551930525806,Buy
2024-10-18,BX,0.0006547738184223134,Buy
2024-10-18,CP,0.05555555555555555,Buy
2024-10-18,SYK,-0.05555555555555555,Sell
2024-10-18,BSX,-0.05640946704214398,Sell
2024-10-18,M,0.05497885127668805,Buy
2024-10-18,COF,0.055103154002824305,Buy
2024-10-18,MRK,0.05555555555555555,Buy
2024-10-21,CNC,0.0009397698162032786,Buy
2024-10-21,A,0.0008544831729164412,Buy
2024-10-21,CF,-0.05565465752420417,Sell
2024-10-21,NVDA,-0.05555555555555555,Sell
2024-10-21,DAL,0.054832427554358534,Buy
2024-10-21,AA,-0.05555555555555555,Sell
2024-10-21,HYG,0.05555555555555555,Buy
2024-10-21,SPWR,-0.05624094374985186,Sell
2024-10-21,JNJ,0.05555555555555555,Buy
2024-10-21,KMB,-0.05507078532128677,Sell
2024-10-21,HAS,0.05476773377014331,Buy
2024-10-21,TRV,-0.0012293562997681418,Sell
2024-10-21,DHI,0.05555555555555555,Buy
2024-10-21,EBAY,0.0007019195496360681,Buy
2024-10-21,TSM,0.0002970585451504068,Buy
2024-10-21,MS,0.05425387865625782,Buy
2024-10-21,ALK,-0.05555555555555555,Sell
2024-10-21,WMB,0.055147249394107166,Buy
2024-10-21,TRP,-0.05467474671425275,Sell
2024-10-21,TRIP,-0.0009215739513686316,Sell
2024-10-21,BX,-0.0005387624755585421,Sell
2024-10-21,MRVL,-0.05555555555555555,Sell
2024-10-21,CP,-0.05460677865737934,Sell
2024-10-21,SYK,0.05518194260187969,Buy
2024-10-21,ENB,0.05555555555555555,Buy
2024-10-21,CAT,-0.05555555555555555,Sell
2024-10-21,MRK,0.001232114621701752,Buy
2024-10-21,BMY,0.05555555555555555,Buy
2024-10-22,CNC,-0.05577857790521075,Sell
2024-10-22,PPG,0.05555555555555555,Buy
2024-10-22,A,0.001176387187558206,Buy
2024-10-22,NVDA,0.055677248361997916,Buy
2024-10-22,DAL,-0.05555555555555555,Sell
2024-10-22,AA,0.0008392683871175366,Buy
2024-10-22,HYG,-9.108820101256382e-05,Sell
2024-10-22,JNJ,-0.05593593011635309,Sell
2024-10-22,KMB,0.05555555555555555,Buy
2024-10-22,HAS,0.05555555555555555,Buy
2024-10-22,TRV,6.522004836233275e-05,Buy
2024-10-22,DHI,-0.053964729747420004,Sell
2024-10-22,EBAY,0.000561345197307328,Buy
2024-10-22,HTZ,-0.05555555555555555,Sell
2024-10-22,ORCL,-0.05555555555555555,Sell
2024-10-22,TSM,-0.0007892630015336188,Sell
2024-10-22,ALK,0.055651144702283384,Buy
2024-10-22,MAR,-0.05555555555555555,Sell
2024-10-22,GOLD,0.05555555555555555,Buy
2024-10-22,NTAP,0.05555555555555555,Buy
2024-10-22,TRIP,0.056052413007458446,Buy
2024-10-22,BX,-0.000572517876574058,Sell
2024-10-22,MRVL,0.05675883502244381,Buy
2024-10-22,CLX,0.05555555555555555,Buy
2024-10-22,ENB,-0.05560304062132772,Sell
2024-10-22,CAT,-0.00012006004771971529,Sell
2024-10-22,MRK,-0.055880968668954555,Sell
2024-10-22,BMY,-0.05640801953593368,Sell
2024-10-23,PPG,-0.05543662193309006,Sell
2024-10-23,A,-0.05539803576123749,Sell
2024-10-23,DAL,-0.00013056796291716077,Sell
2024-10-23,AA,-0.0001636164204881982,Sell
2024-10-23,HYG,0.00014650946852997476,Buy
2024-10-23,SPWR,0.05555555555555555,Buy
2024-10-23,RRC,-0.05555555555555555,Sell
2024-10-23,QCOM,0.05555555555555555,Buy
2024-10-23,KMB,0.0003254245976157602,Buy
2024-10-23,HAS,0.0005339028615229252,Buy
2024-10-23,TRV,-0.00037938196242595645,Sell
2024-10-23,EBAY,-0.05588430454803133,Sell
2024-10-23,HTZ,0.055765502839140085,Buy
2024-10-23,ORCL,0.054876484156317254,Buy
2024-10-23,TSM,0.0006879816811780973,Buy
2024-10-23,ALK,-0.05555555555555555,Sell
2024-10-23,MAR,0.053969451834010675,Buy
2024-10-23,GOLD,0.0021404603212990606,Buy
2024-10-23,PVH,0.05555555555555555,Buy
2024-10-23,NTAP,0.00032189017829280936,Buy
2024-10-23,TRIP,-0.05555555555555555,Sell
2024-10-23,BX,-0.0004995875704697714,Sell
2024-10-23,CLX,-0.05595359035226131,Sell
2024-10-23,CSIQ,-0.05555555555555555,Sell
2024-10-23,ENB,0.05555555555555555,Buy
2024-10-23,CAT,0.05518652873879223,Buy
2024-10-24,DAL,0.0004437873797311989,Buy
2024-10-24,AA,0.0005078881522502243,Buy
2024-10-24,HYG,-0.056039068917398405,Sell
2024-10-24,SPWR,0.0013292629881916443,Buy
2024-10-24,RRC,0.05676129205403654,Buy
2024-10-24,QCOM,-0.05637974567198584,Sell
2024-10-24,KMB,-0.0003700752048181044,Sell
2024-10-24,HAS,-0.05251594933885776,Sell
2024-10-24,TRV,0.00011918012280562329,Buy
2024-10-24,QQQ,-0.05555555555555555,Sell
2024-10-24,ANF,0.05555555555555555,Buy
2024-10-24,ORCL,-0.05555555555555555,Sell
2024-10-24,TSM,-0.0004939869516577544,Sell
2024-10-24,MS,-0.05555555555555555,Sell
2024-10-24,ALK,0.055608427517618665,Buy
2024-10-24,GOLD,-0.000335238772660916,Sell
2024-10-24,KO,0.05555555555555555,Buy
2024-10-24,PVH,-0.05614743242490833,Sell
2024-10-24,HUM,0.05555555555555555,Buy
2024-10-24,NTAP,-0.05626635028941129,Sell
2024-10-24,TRIP,0.05569405230686813,Buy
2024-10-24,BX,0.0012383190441901115,Buy
2024-10-24,CSIQ,0.0014890912048361599,Buy
2024-10-24,BSX,0.05555555555555555,Buy
2024-10-24,ENB,-0.0001990984684719782,Sell
2024-10-24,VZ,0.05555555555555555,Buy
2024-10-25,DAL,-0.00032572425820652506,Sell
2024-10-25,AA,0.05466941208408024,Buy
2024-10-25,SPWR,0.0006344496512210029,Buy
2024-10-25,JNJ,0.05555555555555555,Buy
2024-10-25,KMB,0.00027023885768490824,Buy
2024-10-25,HAS,0.05555555555555555,Buy
2024-10-25,TRV,-0.0009528138297819622,Sell
2024-10-25,EWC,0.05555555555555555,Buy
2024-10-25,QQQ,0.0006781965071840368,Buy
2024-10-25,ANF,-0.0554582087338215,Sell
2024-10-25,ORCL,6.195805699676232e-05,Buy
2024-10-25,TSM,0.001893564739849106,Buy
2024-10-25,MS,0.05481910540611415,Buy
2024-10-25,GOLD,0.0003550515317531852,Buy
2024-10-25,KO,-0.05557756644642055,Sell
2024-10-25,HUM,-0.05635789496280341,Sell
2024-10-25,BX,-0.0003739878999005075,Sell
2024-10-25,CSIQ,0.0058307887607177075,Buy
2024-10-25,BSX,-9.459386133243985e-05,Sell
2024-10-25,COF,-0.05555555555555555,Sell
2024-10-25,ENB,-7.941140948975606e-05,Sell
2024-10-25,VZ,0.000303301932535506,Buy
2024-10-25,CAT,-0.05555555555555555,Sell
2024-10-28,CNC,0.05555555555555555,Buy
2024-10-28,DAL,0.0019751131329202795,Buy
2024-10-28,AA,-0.05555555555555555,Sell
2024-10-28,SPWR,0.0013239649009198565,Buy
2024-10-28,JNJ,-0.056473350199769734,Sell
2024-10-28,KMB,-0.0007076651958897798,Sell
2024-10-28,HAS,-0.00014138511896821804,Sell
2024-10-28,TRV,0.0010858846114895765,Buy
2024-10-28,EWC,-0.05659054485893229,Sell
2024-10-28,QQQ,0.05623081672047882,Buy
2024-10-28,EWI,0.05555555555555555,Buy
2024-10-28,ORCL,0.05586532919046537,Buy
2024-10-28,TSM,0.05380087143380877,Buy
2024-10-28,ALK,-0.05555555555555555,Sell
2024-10-28,GOLD,-0.05697040359545503,Sell
2024-10-28,KO,0.05555555555555555,Buy
2024-10-28,RL,-0.05555555555555555,Sell
2024-10-28,BX,0.0017896707704558729,Buy
2024-10-28,SYK,-0.05555555555555555,Sell
2024-10-28,CSIQ,0.06502603965374665,Buy
2024-10-28,BSX,-0.0006860886432662888,Sell
2024-10-28,COF,0.0020955265011727495,Buy
2024-10-28,ENB,-0.0005700439558290332,Sell
2024-10-28,VZ,-0.0009922649819334786,Sell
2024-10-28,CAT,0.0013420569757553666,Buy
2024-10-29,CNC,-0.05489033887711242,Sell
2024-10-29,XLP,0.05555555555555555,Buy
2024-10-29,DAL,0.002243114280955326,Buy
2024-10-29,AA,-0.0002055291627685238,Sell
2024-10-29,SPWR,0.0005007730140686242,Buy
2024-10-29,KMB,-0.05536610069032746,Sell
2024-10-29,HAS,-0.00012320054094244054,Sell
2024-10-29,TRV,-0.000550988614930463,Sell
2024-10-29,DHI,0.05555555555555555,Buy
2024-10-29,EWC,0.05555555555555555,Buy
2024-10-29,EWI,0.0001507698275973815,Buy
2024-10-29,ALK,6.595040530983642e-05,Buy
2024-10-29,KO,0.0006619680234902087,Buy
2024-10-29,RL,0.00041315871810242155,Buy
2024-10-29,TRIP,-0.05555555555555555,Sell
2024-10-29,BX,0.0002148862989303571,Buy
2024-10-29,MRVL,-0.05555555555555555,Sell
2024-10-29,DUK,0.05555555555555555,Buy
2024-10-29,SYK,0.05629339759185823,Buy
2024-10-29,BSX,-0.05569126490849893,Sell
2024-10-29,COF,0.05501957803051412,Buy
2024-10-29,ENB,0.00037451521848053115,Buy
2024-10-29,VZ,-0.05543402995501613,Sell
2024-10-29,CAT,-0.00017558981035860344,Sell
2024-10-30,XLP,0.00025843453682675155,Buy
2024-10-30,DAL,0.0009129555669605688,Buy
2024-10-30,AA,-0.0007097776665705643,Sell
2024-10-30,SPWR,-0.0008615570064745282,Sell
2024-10-30,NSC,-0.05555555555555555,Sell
2024-10-30,GREK,0.05555555555555555,Buy
2024-10-30,STI,-0.05555555555555555,Sell
2024-10-30,HAS,-0.05624747115315337,Sell
2024-10-30,TRV,0.00014739053807922425,Buy
2024-10-30,DHI,-0.00048322599016831225,Sell
2024-10-30,EWC,-0.055332976628060256,Sell
2024-10-30,EWI,0.0006013743018988341,Buy
2024-10-30,ALK,0.00023237576540106886,Buy
2024-10-30,GOLD,0.05555555555555555,Buy
2024-10-30,KO,-0.05569080058073117,Sell
2024-10-30,ULTA,0.05555555555555555,Buy
2024-10-30,RL,0.05487785218009217,Buy
2024-10-30,TRIP,0.00017640657466948956,Buy
2024-10-30,BX,0.00039537473427359027,Buy
2024-10-30,MRVL,0.05403576636750698,Buy
2024-10-30,DUK,0.00036738021674421334,Buy
2024-10-30,COF,-0.05555555555555555,Sell
2024-10-30,ENB,-9.159621341744278e-05,Sell
2024-10-30,CAT,0.054204630329516,Buy
2024-10-31,MET,0.05555555555555555,Buy
2024-10-31,XLP,-0.05542018453762947,Sell
2024-10-31,DAL,-0.0012025813660736795,Sell
2024-10-31,AA,-0.0006681870493016467,Sell
2024-10-31,SPWR,0.0023067999474791143,Buy
2024-10-31,NSC,0.055023302114159026,Buy
2024-10-31,ICE,0.05555555555555555,Buy
2024-10-31,GREK,-0.0001719615539584815,Sell
2024-10-31,STI,0.001272195103263478,Buy
2024-10-31,TRV,0.0546093634173337,Buy
2024-10-31,DHI,-0.055435710558109544,Sell
2024-10-31,EWC,0.05555555555555555,Buy
2024-10-31,BDX,0.05555555555555555,Buy
2024-10-31,QQQ,-0.05555555555555555,Sell
2024-10-31,EWI,0.0001703801419790929,Buy
2024-10-31,SIRI,-0.05555555555555555,Sell
2024-10-31,HTZ,-0.05555555555555555,Sell
2024-10-31,ORCL,0.05555555555555555,Buy
2024-10-31,ALK,0.0007271384675655093,Buy
2024-10-31,GOLD,-0.05517580004264422,Sell
2024-10-31,ULTA,-0.05447814232951793,Sell
2024-10-31,NTAP,0.05555555555555555,Buy
2024-10-31,TRIP,0.05518679703826849,Buy
2024-10-31,BX,0.054303959848892,Buy
2024-10-31,DUK,-0.05614948440493454,Sell
2024-10-31,COF,0.05420558412089348,Buy
2024-10-31,ENB,-0.05527090578497649,Sell
2024-10-31,CAT,-0.05555555555555555,Sell
2024-10-31,BMY,-0.05555555555555555,Sell
2024-11-01,MET,0.00016395097362744554,Buy
2024-11-01,A,-0.05555555555555555,Sell
2024-11-01,DAL,0.0009614463658004918,Buy
2024-11-01,AA,0.0004921018333617355,Buy
2024-11-01,SPWR,-0.0008839262599912162,Sell
2024-11-01,ICE,0.0006080725390984268,Buy
2024-11-01,GREK,0.0001570551313625143,Buy
2024-11-01,STI,0.04940943737148175,Buy
2024-11-01,VTR,0.05555555555555555,Buy
2024-11-01,DHI,-0.05555555555555555,Sell
2024-11-01,EWC,-0.055439058631256206,Sell
2024-11-01,BDX,-0.055775740156834765,Sell
2024-11-01,EBAY,0.05555555555555555,Buy
2024-11-01,QQQ,0.05579431948361011,Buy
2024-11-01,EWI,-0.00010575890395191079,Sell
2024-11-01,SIRI,0.057441182459655384,Buy
2024-11-01,HTZ,0.055583757750946226,Buy
2024-11-01,ORCL,-0.05610390115801329,Sell
2024-11-01,ALK,0.00135491288366206,Buy
2024-11-01,ILMN,-0.05555555555555555,Sell
2024-11-01,GOLD,0.05555555555555555,Buy
2024-11-01,NTAP,-0.05576398278253636,Sell
2024-11-01,MRVL,-0.05555555555555555,Sell
2024-11-01,OHI,0.05555555555555555,Buy
2024-11-01,ZUMZ,-0.05555555555555555,Sell
2024-11-01,CAT,0.0003339460592034077,Buy
2024-11-01,BMY,0.0539445533375228,Buy
2024-11-04,MET,-0.055492390619373666,Sell
2024-11-04,AMTD,-0.05555555555555555,Sell
2024-11-04,A,0.056525806465345704,Buy
2024-11-04,CF,-0.05555555555555555,Sell
2024-11-04,DAL,0.053977355220569866,Buy
2024-11-04,AA,0.05561904443708938,Buy
2024-11-04,SPWR,-0.00010388383893161074,Sell
2024-11-04,ICE,0.00020872984885723922,Buy
2024-11-04,GREK,-8.235437894607567e-05,Sell
2024-11-04,JNJ,0.05555555555555555,Buy
2024-11-04,STI,-0.05555555555555555,Sell
2024-11-04,KMB,0.05555555555555555,Buy
2024-11-04,VTR,1.691271014853113e-05,Buy
2024-11-04,DHI,0.056425032227019875,Buy
2024-11-04,EBAY,-0.057421711776715983,Sell
2024-11-04,EWI,0.00015499701615968864,Buy
2024-11-04,ALK,0.053149875660885346,Buy
2024-11-04,ILMN,0.0012248420568928206,Buy
2024-11-04,GOLD,-0.05624761991381631,Sell
2024-11-04,WMB,-0.05555555555555555,Sell
2024-11-04,TRIP,-0.05555555555555555,Sell
2024-11-04,MRVL,-0.00040987471124900865,Sell
2024-11-04,RF,0.05555555555555555,Buy
2024-11-04,OHI,0.0008657970346220081,Buy
2024-11-04,ZUMZ,0.05582563110408935,Buy
2024-11-04,CAT,-0.0006088497351268013,Sell
2024-11-04,BMY,-0.05555555555555555,Sell
2024-11-05,MET,0.05555555555555555,Buy
2024-11-05,AMTD,0.055749865100426926,Buy
2024-11-05,CF,0.05584663385772768,Buy
2024-11-05,DAL,-0.05555555555555555,Sell
2024-11-05,AA,-0.05555555555555555,Sell
2024-11-05,SPWR,-0.003565228256425683,Sell
2024-11-05,ICE,-0.0014068130718919922,Sell
2024-11-05,GREK,-0.05650531716011375,Sell
2024-11-05,JNJ,-0.0002330695194649804,Sell
2024-11-05,STI,0.06092881685757032,Buy
2024-11-05,KMB,-0.056204242116552665,Sell
2024-11-05,VTR,-0.055853823920354914,Sell
2024-11-05,EWI,-0.0002964386754150672,Sell
2024-11-05,CCL,-0.05555555555555555,Sell
2024-11-05,ALK,-0.05555555555555555,Sell
2024-11-05,ILMN,0.0007282359688645865,Buy
2024-11-05,GOLD,0.05555555555555555,Buy
2024-11-05,WMB,0.0011673091513230704,Buy
2024-11-05,KO,0.05555555555555555,Buy
2024-11-05,TRIP,0.056261643461509366,Buy
2024-11-05,MRVL,0.0020508753875407085,Buy
2024-11-05,RF,-0.0562980731417499,Sell
2024-11-05,HMC,0.05555555555555555,Buy
2024-11-05,OHI,-0.056585907812334295,Sell
2024-11-05,ZUMZ,-0.05555555555555555,Sell
2024-11-05,VZ,0.05555555555555555,Buy
2024-11-05,CAT,0.0012085659818556263,Buy
2024-11-05,BMY,0.05625257133205589,Buy
2024-11-06,MET,-0.061472048396037274,Sell
2024-11-06,DAL,0.061695835152692405,Buy
2024-11-06,AA,0.0611863785249973,Buy
2024-11-06,SPWR,0.003164402099070436,Buy
2024-11-06,ICE,-0.0013975476056295316,Sell
2024-11-06,JNJ,-0.05753491347268149,Sell
2024-11-06,KMB,0.05555555555555555,Buy
2024-11-06,HAS,0.05555555555555555,Buy
2024-11-06,VTR,0.05555555555555555,Buy
2024-11-06,WFC,-0.05555555555555555,Sell
2024-11-06,EWI,-0.056063052132893816,Sell
2024-11-06,ORCL,-0.05555555555555555,Sell
2024-11-06,CCL,0.062281565479797255,Buy
2024-11-06,MS,-0.05555555555555555,Sell
2024-11-06,ALK,0.06134254229998051,Buy
2024-11-06,MAR,-0.05555555555555555,Sell
2024-11-06,KEY,-0.05555555555555555,Sell
2024-11-06,ILMN,0.05654060365602175,Buy
2024-11-06,GOLD,-0.0021353218535227966,Sell
2024-11-06,WMB,0.004630762169270802,Buy
2024-11-06,KO,-0.05623198410589937,Sell
2024-11-06,MRVL,0.05998294469628559,Buy
2024-11-06,RF,-0.05555555555555555,Sell
2024-11-06,HMC,-0.053078277576366614,Sell
2024-11-06,CME,0.05555555555555555,Buy
2024-11-06,OHI,0.05555555555555555,Buy
2024-11-06,SYK,0.05555555555555555,Buy
2024-11-06,COF,-0.05555555555555555,Sell
2024-11-06,ZUMZ,0.061432768576442906,Buy
2024-11-06,VZ,-0.05756634122011092,Sell
2024-11-06,CAT,0.00719468701931987,Buy
2024-11-07,SPWR,0.0006799190809016475,Buy
2024-11-07,ICE,-0.0555248354710756,Sell
2024-11-07,JNJ,0.05555555555555555,Buy
2024-11-07,KMB,-0.055667780736619356,Sell
2024-11-07,HAS,-0.00042274122725699526,Sell
2024-11-07,VTR,-0.056489068312126085,Sell
2024-11-07,BDX,0.05555555555555555,Buy
2024-11-07,WFC,0.05338480627727365,Buy
2024-11-07,EWI,0.05555555555555555,Buy
2024-11-07,ORCL,0.0014238640921483484,Buy
2024-11-07,MS,-0.0014298428039034375,Sell
2024-11-07,MAR,0.0001402695001050322,Buy
2024-11-07,KEY,0.053163498132372033,Buy
2024-11-07,GOLD,-0.046516974123747015,Sell
2024-11-07,WMB,0.05552116279271941,Buy
2024-11-07,KO,0.05555555555555555,Buy
2024-11-07,D,0.05555555555555555,Buy
2024-11-07,RL,-0.05555555555555555,Sell
2024-11-07,HUM,-0.05555555555555555,Sell
2024-11-07,MRVL,-0.05555555555555555,Sell
2024-11-07,DUK,0.05555555555555555,Buy
2024-11-07,RF,0.05351553024387913,Buy
2024-11-07,CME,-0.055628977094603474,Sell
2024-11-07,OHI,-0.057034568007012704,Sell
2024-11-07,SYK,-0.05553263035539981,Sell
2024-11-07,CSIQ,-0.05555555555555555,Sell
2024-11-07,COF,-0.001929005535484793,Sell
2024-11-07,VZ,0.05555555555555555,Buy
2024-11-07,CAT,-0.001296956604457375,Sell
2024-11-08,WEN,0.05555555555555555,Buy
2024-11-08,DAL,-0.05555555555555555,Sell
2024-11-08,SPWR,0.003161823036851155,Buy
2024-11-08,JNJ,0.0006361249776184463,Buy
2024-11-08,HAS,-0.055571667748268404,Sell
2024-11-08,BDX,-0.0009132690747876218,Sell
2024-11-08,WFC,-0.05555555555555555,Sell
2024-11-08,EWI,0.0007387789190467856,Buy
2024-11-08,HTZ,0.05555555555555555,Buy
2024-11-08,ORCL,0.0006645102876798037,Buy
2024-11-08,MS,0.05583435912519395,Buy
2024-11-08,MAR,0.05598658324768681,Buy
2024-11-08,WMB,-0.05555555555555555,Sell
2024-11-08,KO,-0.05559063082545669,Sell
2024-11-08,D,-0.056498590189165296,Sell
2024-11-08,RL,2.871472501152217e-05,Buy
2024-11-08,HUM,0.05543377268992648,Buy
2024-11-08,WSM,0.05555555555555555,Buy
2024-11-08,MRVL,-0.0002735597395806949,Sell
2024-11-08,DUK,-0.056436108375911335,Sell
2024-11-08,CP,0.05555555555555555,Buy
2024-11-08,CSIQ,-0.004534187310600166,Sell
2024-11-08,COF,-7.421721819354105e-05,Sell
2024-11-08,VZ,0.0003138598021244915,Buy
2024-11-08,CAT,-0.002203761077616377,Sell
2024-11-11,A,0.05555555555555555,Buy
2024-11-11,WEN,0.0018087683518858838,Buy
2024-11-11,DAL,0.002634468550148858,Buy
2024-11-11,SPWR,0.0019683042591499347,Buy
2024-11-11,GREK,0.05555555555555555,Buy
2024-11-11,JNJ,-0.00018192730710657468,Sell
2024-11-11,STI,-0.05555555555555555,Sell
2024-11-11,HAS,0.05555555555555555,Buy
2024-11-11,BDX,-0.056608707313134284,Sell
2024-11-11,WFC,0.0023474857500681012,Buy
2024-11-11,EWI,-0.05611849236032564,Sell
2024-11-11,HTZ,-0.059795650565048326,Sell
2024-11-11,ORCL,0.055856632632721726,Buy
2024-11-11,MS,-0.05555555555555555,Sell
2024-11-11,MAR,-0.05555555555555555,Sell
2024-11-11,GOLD,0.05555555555555555,Buy
2024-11-11,WMB,0.0009221425544358036,Buy
2024-11-11,ULTA,0.05555555555555555,Buy
2024-11-11,RL,0.053704909531508464,Buy
2024-11-11,WSM,-0.05590930889061214,Sell
2024-11-11,MRVL,0.054968491609093936,Buy
2024-11-11,CP,-0.05575521820098919,Sell
2024-11-11,CSIQ,0.05810928484371839,Buy
2024-11-11,COF,0.0018454153293460535,Buy
2024-11-11,VZ,-0.05583684616698304,Sell
2024-11-11,CAT,0.000786937854483527,Buy
2024-11-11,MRK,0.05555555555555555,Buy
2024-11-11,BMY,-0.05555555555555555,Sell
2024-11-12,PPG,0.05555555555555555,Buy
2024-11-12,BAX,0.05555555555555555,Buy
2024-11-12,A,-0.055770997835061994,Sell
2024-11-12,WEN,0.0009239543251309407,Buy
2024-11-12,DAL,0.0007252708049770712,Buy
2024-11-12,SPWR,-0.051946754664971014,Sell
2024-11-12,GREK,-0.00012804375724833478,Sell
2024-11-12,QCOM,0.05555555555555555,Buy
2024-11-12,JNJ,0.0005698360859359985,Buy
2024-11-12,STI,0.05357728944201265,Buy
2024-11-12,HAS,-0.05521470714676167,Sell
2024-11-12,WFC,0.00032551135062881126,Buy
2024-11-12,ORCL,-0.05555555555555555,Sell
2024-11-12,MS,-0.0002114261192894193,Sell
2024-11-12,MAR,0.0003161893966059509,Buy
2024-11-12,GOLD,0.0012571730379423995,Buy
2024-11-12,WMB,0.05569322535074984,Buy
2024-11-12,TRP,0.05555555555555555,Buy
2024-11-12,ULTA,-0.05574019346724706,Sell
2024-11-12,NWSA,-0.05555555555555555,Sell
2024-11-12,MRVL,-0.05555555555555555,Sell
2024-11-12,COF,-0.0007094973088158651,Sell
2024-11-12,CAT,-0.0002024614532111224,Sell
2024-11-12,MRK,0.000897358955683332,Buy
2024-11-12,BMY,0.05510336028236692,Buy
2024-11-13,PPG,-0.056290794962357484,Sell
2024-11-13,BAX,0.0019961320814286393,Buy
2024-11-13,WEN,-9.441499712237872e-05,Sell
2024-11-13,DAL,0.00032901963052604094,Buy
2024-11-13,SPWR,0.05555555555555555,Buy
2024-11-13,GREK,-0.055404464260827575,Sell
2024-11-13,QCOM,-0.054513062111831094,Sell
2024-11-13,JNJ,-0.00019183780537395528,Sell
2024-11-13,STI,0.05555555555555555,Buy
2024-11-13,HAS,0.05555555555555555,Buy
2024-11-13,DPZ,-0.05555555555555555,Sell
2024-11-13,WFC,0.00010358510221047251,Buy
2024-11-13,QQQ,-0.05555555555555555,Sell
2024-11-13,ORCL,0.055543768335524275,Buy
2024-11-13,MS,0.00016242897780500976,Buy
2024-11-13,MAR,0.0556164958590231,Buy
2024-11-13,GOLD,-0.055182518182820745,Sell
2024-11-13,TRP,-0.055632490207149346,Sell
2024-11-13,D,0.05555555555555555,Buy
2024-11-13,RL,-0.05555555555555555,Sell
2024-11-13,HUM,-0.05555555555555555,Sell
2024-11-13,NWSA,0.05462036022492761,Buy
2024-11-13,BX,-0.05555555555555555,Sell
2024-11-13,MRVL,0.05390717745839134,Buy
2024-11-13,CP,0.05555555555555555,Buy
2024-11-13,OHI,0.05555555555555555,Buy
2024-11-13,COF,-0.0004009988096893777,Sell
2024-11-13,CAT,0.0546898447215486,Buy
2024-11-13,MRK,-0.055484053447918874,Sell
2024-11-14,BAX,0.0019460161569067672,Buy
2024-11-14,WEN,0.00019350552803042154,Buy
2024-11-14,DAL,-3.938056999981676e-05,Sell
2024-11-14,SPWR,-0.12237088828588452,Sell
2024-11-14,JNJ,0.0008665995765995346,Buy
2024-11-14,STI,-0.05082580864220838,Sell
2024-11-14,HAS,-0.05541959853284244,Sell
2024-11-14,DPZ,0.054732866868667705,Buy
2024-11-14,VTR,0.05555555555555555,Buy
2024-11-14,BDX,0.05555555555555555,Buy
2024-11-14,WFC,-0.00035049932244466536,Sell
2024-11-14,QQQ,0.054798806484100765,Buy
2024-11-14,MS,-0.0005104175321521617,Sell
2024-11-14,ALK,-0.05555555555555555,Sell
2024-11-14,MAR,-0.05555555555555555,Sell
2024-11-14,D,0.0007536204908296512,Buy
2024-11-14,RL,-0.0001899812815800428,Sell
2024-11-14,HUM,-0.0015706230709353064,Sell
2024-11-14,BX,0.055075933714575205,Buy
2024-11-14,CME,0.05555555555555555,Buy
2024-11-14,CP,0.0004676432048262222,Buy
2024-11-14,OHI,0.000814057809189396,Buy
2024-11-14,COF,-0.0009491580479860165,Sell
2024-11-15,BAX,-4.551813076253408e-05,Sell
2024-11-15,A,0.05555555555555555,Buy
2024-11-15,XLP,0.05555555555555555,Buy
2024-11-15,WEN,-0.05407444367102125,Sell
2024-11-15,DAL,0.05448545134695466,Buy
2024-11-15,AA,-0.05555555555555555,Sell
2024-11-15,SPWR,0.10381072348098125,Buy
2024-11-15,JNJ,-0.055922246128391154,Sell
2024-11-15,HAS,0.05555555555555555,Buy
2024-11-15,TRV,-0.05555555555555555,Sell
2024-11-15,VTR,-0.055235614246498775,Sell
2024-11-15,BDX,0.0008971750755995336,Buy
2024-11-15,EBAY,0.05555555555555555,Buy
2024-11-15,WFC,0.0007598145145776766,Buy
2024-11-15,MS,0.0002719936826439187,Buy
2024-11-15,ALK,0.0007195411570028662,Buy
2024-11-15,MAR,-0.0010403724956101132,Sell
2024-11-15,WMB,-0.05555555555555555,Sell
2024-11-15,D,-0.05656207850235539,Sell
2024-11-15,ULTA,0.05555555555555555,Buy
2024-11-15,RL,0.05434292749836208,Buy
2024-11-15,HUM,0.053693798016773764,Buy
2024-11-15,CME,-0.05560789159890167,Sell
2024-11-15,CP,0.001773331623164759,Buy
2024-11-15,OHI,-0.055551205297560365,Sell
2024-11-15,SYK,-0.05555555555555555,Sell
2024-11-15,COF,0.0002381140618799779,Buy
2024-11-18,BAX,-0.11302072233248764,Sell
2024-11-18,A,-0.055554770771671945,Sell
2024-11-18,XLP,-0.05600997585382469,Sell
2024-11-18,WEN,0.05555555555555555,Buy
2024-11-18,AA,0.055569894871217926,Buy
2024-11-18,SPWR,0.0005026739901539956,Buy
2024-11-18,GREK,0.05555555555555555,Buy
2024-11-18,HAS,0.0004000355409080822,Buy
2024-11-18,TRV,0.0004636578212705786,Buy
2024-11-18,DPZ,-0.05555555555555555,Sell
2024-11-18,BDX,0.0001945122399317767,Buy
2024-11-18,EBAY,-0.055602327791414406,Sell
2024-11-18,WFC,0.05543338792687151,Buy
2024-11-18,MS,0.055504263382614,Buy
2024-11-18,ALK,0.054455667370865685,Buy
2024-11-18,MAR,0.0005975811737051126,Buy
2024-11-18,WMB,0.0013533477487929005,Buy
2024-11-18,ULTA,0.0017354694322697442,Buy
2024-11-18,HUM,-0.05555555555555555,Sell
2024-11-18,MRVL,-0.05555555555555555,Sell
2024-11-18,HMC,0.05555555555555555,Buy
2024-11-18,CP,-3.4807570068032256e-05,Sell
2024-11-18,OHI,0.05555555555555555,Buy
2024-11-18,SYK,-3.2085351309427135e-05,Sell
2024-11-18,COF,-0.0006200812991865243,Sell
2024-11-19,PPG,0.05555555555555555,Buy
2024-11-19,BAX,0.05476677215310372,Buy
2024-11-19,NVDA,-0.05555555555555555,Sell
2024-11-19,WEN,-0.05551638982097694,Sell
2024-11-19,DAL,-0.05555555555555555,Sell
2024-11-19,SPWR,-0.05589545246091652,Sell
2024-11-19,GREK,-0.05466773119349623,Sell
2024-11-19,JNJ,0.05555555555555555,Buy
2024-11-19,STI,-0.05555555555555555,Sell
2024-11-19,HAS,-0.05567190300342506,Sell
2024-11-19,TRV,0.054884822072109596,Buy
2024-11-19,DPZ,-0.0005842106150612189,Sell
2024-11-19,BDX,0.0003090376783401738,Buy
2024-11-19,EBAY,0.05555555555555555,Buy
2024-11-19,ORCL,-0.05555555555555555,Sell
2024-11-19,CCL,-0.05555555555555555,Sell
2024-11-19,TSM,-0.05555555555555555,Sell
2024-11-19,MAR,0.05517807750710014,Buy
2024-11-19,WMB,0.0007644601102058529,Buy
2024-11-19,ULTA,0.0017062086506952345,Buy
2024-11-19,PVH,0.05555555555555555,Buy
2024-11-19,HUM,0.05692652347215384,Buy
2024-11-19,LOW,0.05555555555555555,Buy
2024-11-19,MRVL,0.0004481687507338489,Buy
2024-11-19,HMC,-0.05602817960907959,Sell
2024-11-19,CP,7.458442209650612e-05,Buy
2024-11-19,OHI,-0.05650958499785235,Sell
2024-11-19,SYK,0.055505987130480966,Buy
2024-11-19,COF,0.05504317061872408,Buy
2024-11-19,VZ,0.05555555555555555,Buy
2024-11-20,PPG,-0.055030408055275884,Sell
2024-11-20,NVDA,0.054516610691972014,Buy
2024-11-20,DAL,0.053993386832340805,Buy
2024-11-20,ICE,0.05555555555555555,Buy
2024-11-20,QCOM,0.05555555555555555,Buy
2024-11-20,JNJ,-0.054974626855470235,Sell
2024-11-20,STI,0.044207639542687194,Buy
2024-11-20,DPZ,-0.0007240981311771727,Sell
2024-11-20,BDX,0.0006821094331234678,Buy
2024-11-20,EBAY,-0.05468338405850171,Sell
2024-11-20,WFC,-0.05555555555555555,Sell
2024-11-20,EWI,0.05555555555555555,Buy
2024-11-20,ANF,0.05555555555555555,Buy
2024-11-20,ORCL,-8.241665180950403e-05,Sell
2024-11-20,CCL,0.0548258330421974,Buy
2024-11-20,TSM,-0.0009998531635545052,Sell
2024-11-20,MS,-0.05555555555555555,Sell
2024-11-20,MAR,-0.05555555555555555,Sell
2024-11-20,XRT,0.05555555555555555,Buy
2024-11-20,WMB,-0.0005266701652624911,Sell
2024-11-20,ULTA,0.0004454264731312968,Buy
2024-11-20,PVH,0.0018398366058533858,Buy
2024-11-20,WSM,-0.05555555555555555,Sell
2024-11-20,LOW,-0.05573397019178553,Sell
2024-11-20,MRVL,-0.0003006676619688453,Sell
2024-11-20,CP,0.000806574092864297,Buy
2024-11-20,VZ,-0.055315072879095435,Sell
2024-11-21,BAX,0.05555555555555555,Buy
2024-11-21,VWO,0.05555555555555555,Buy
2024-11-21,BUD,0.05555555555555555,Buy
2024-11-21,SPWR,0.05555555555555555,Buy
2024-11-21,ICE,-0.05651840899521648,Sell
2024-11-21,QCOM,-0.05602641322478954,Sell
2024-11-21,HAS,0.05555555555555555,Buy
2024-11-21,TRV,-0.05555555555555555,Sell
2024-11-21,DPZ,0.056468928739173516,Buy
2024-11-21,DHI,0.05555555555555555,Buy
2024-11-21,BDX,-0.056362550856145444,Sell
2024-11-21,WFC,0.0009864930922148796,Buy
2024-11-21,EWI,0.0002960774231613658,Buy
2024-11-21,ANF,-0.05753194378415455,Sell
2024-11-21,HTZ,0.05555555555555555,Buy
2024-11-21,ORCL,0.0005316606060423584,Buy
2024-11-21,TSM,0.0008920675130360475,Buy
2024-11-21,MS,0.0014352070042703835,Buy
2024-11-21,MAR,0.000815633326334525,Buy
2024-11-21,XRT,-0.05652871503568551,Sell
2024-11-21,WMB,0.0010270169806144216,Buy
2024-11-21,ULTA,-0.054871922902844185,Sell
2024-11-21,PVH,-0.05732073805874175,Sell
2024-11-21,WSM,0.05478759646279653,Buy
2024-11-21,BX,-0.05555555555555555,Sell
2024-11-21,MRVL,0.0019476254214376432,Buy
2024-11-21,CP,-0.056852716222513956,Sell
2024-11-21,VZ,0.05555555555555555,Buy
2024-11-22,BAX,-0.00021107051584198788,Sell
2024-11-22,VWO,0.0001461512358295891,Buy
2024-11-22,BUD,0.00011783374582893802,Buy
2024-11-22,SPWR,0.00015835030953084,Buy
2024-11-22,GREK,0.05555555555555555,Buy
2024-11-22,STI,0.05555555555555555,Buy
2024-11-22,HAS,-0.05594304016779138,Sell
2024-11-22,TRV,0.00019423783474075557,Buy
2024-11-22,DPZ,-0.05555555555555555,Sell
2024-11-22,VTR,0.05555555555555555,Buy
2024-11-22,DHI,-0.05596876255270322,Sell
2024-11-22,WFC,0.0006781893857822352,Buy
2024-11-22,EWI,-0.055458824891513166,Sell
2024-11-22,HTZ,-0.05803516999082307,Sell
2024-11-22,ORCL,0.05535690258235883,Buy
2024-11-22,TSM,0.05506118947757116,Buy
2024-11-22,MS,-0.00028145946165344937,Sell
2024-11-22,MAR,7.784168571459138e-06,Buy
2024-11-22,WMB,-0.00024180402337718732,Sell
2024-11-22,RL,-0.05555555555555555,Sell
2024-11-22,NTAP,0.05555555555555555,Buy
2024-11-22,BX,0.0012807599852162274,Buy
2024-11-22,MRVL,0.055140896432517725,Buy
2024-11-22,BSX,0.05555555555555555,Buy
2024-11-22,VZ,-0.056244466654079804,Sell
2024-11-22,CAT,-0.05555555555555555,Sell
2024-11-25,BAX,-0.055694546136406245,Sell
2024-11-25,VWO,0.00018658441255432062,Buy
2024-11-25,CF,0.05555555555555555,Buy
2024-11-25,DAL,-0.05555555555555555,Sell
2024-11-25,BUD,-0.00010252001832825736,Sell
2024-11-25,SPWR,0.002778497302932649,Buy
2024-11-25,GREK,-0.055487981049804506,Sell
2024-11-25,STI,-0.06296345651392567,Sell
2024-11-25,TRV,0.05508102357251607,Buy
2024-11-25,DPZ,0.05727710522536848,Buy
2024-11-25,VTR,0.0005157687265456914,Buy
2024-11-25,WFC,0.00047392550042187065,Buy
2024-11-25,EOG,0.05555555555555555,Buy
2024-11-25,QQQ,-0.05555555555555555,Sell
2024-11-25,MS,0.05492135705698932,Buy
2024-11-25,MAR,0.0005112792936635899,Buy
2024-11-25,WMB,0.05398996602222367,Buy
2024-11-25,TRP,0.05555555555555555,Buy
2024-11-25,ULTA,-0.05555555555555555,Sell
2024-11-25,RL,0.057392453971659776,Buy
2024-11-25,NTAP,-0.05708174667836134,Sell
2024-11-25,BX,-0.0018597615997894626,Sell
2024-11-25,CLX,0.05555555555555555,Buy
2024-11-25,CSIQ,-0.05555555555555555,Sell
2024-11-25,BSX,0.000672168751279581,Buy
2024-11-25,COF,-0.05555555555555555,Sell
2024-11-25,CAT,0.0009251957484047446,Buy
2024-11-26,PPG,0.05555555555555555,Buy
2024-11-26,VWO,0.00041984860012506814,Buy
2024-11-26,CF,-0.05590422841456978,Sell
2024-11-26,DAL,-0.00042784569489920377,Sell
2024-11-26,BUD,0.0012448664945406834,Buy
2024-11-26,SPWR,0.0013254871066003052,Buy
2024-11-26,GREK,0.05555555555555555,Buy
2024-11-26,NDAQ,-0.05555555555555555,Sell
2024-11-26,TRV,-0.05555555555555555,Sell
2024-11-26,VTR,-0.05634940904050869,Sell
2024-11-26,BDX,0.05555555555555555,Buy
2024-11-26,WFC,0.000197323740861996,Buy
2024-11-26,EOG,-0.055663714294053576,Sell
2024-11-26,QQQ,0.00017058213847104958,Buy
2024-11-26,EWI,0.05555555555555555,Buy
2024-11-26,TSM,-0.05555555555555555,Sell
2024-11-26,MAR,0.055463171454665616,Buy
2024-11-26,TRP,0.0004885677166326097,Buy
2024-11-26,ULTA,0.055095328771554535,Buy
2024-11-26,BX,0.05500948374268543,Buy
2024-11-26,MRVL,-0.05555555555555555,Sell
2024-11-26,PCG,-0.05555555555555555,Sell
2024-11-26,CP,0.05555555555555555,Buy
2024-11-26,CLX,-0.055771792125384495,Sell
2024-11-26,CSIQ,0.052714353829887664,Buy
2024-11-26,BSX,-0.05602473088656784,Sell
2024-11-26,COF,0.05530142419480887,Buy
2024-11-26,CAT,0.00017084411208529576,Buy
2024-11-27,PPG,-0.055064475394873184,Sell
2024-11-27,AMTD,-0.05555555555555555,Sell
2024-11-27,VWO,-0.05522685039117766,Sell
2024-11-27,DAL,0.05457381179127552,Buy
2024-11-27,BUD,0.0003826501414326902,Buy
2024-11-27,SPWR,-0.11695895067430002,Sell
2024-11-27,GREK,0.0005356829313883024,Buy
2024-11-27,NDAQ,0.05528614545992899,Buy
2024-11-27,TRV,6.714323264874617e-05,Buy
2024-11-27,BDX,0.0010926208943182192,Buy
2024-11-27,WFC,-0.0006352587077843447,Sell
2024-11-27,QQQ,-0.0009688802631492577,Sell
2024-11-27,EWI,0.0001353072940988298,Buy
2024-11-27,ORCL,0.05555555555555555,Buy
2024-11-27,TSM,-0.001328773578759615,Sell
2024-11-27,TRP,0.0009081972135181748,Buy
2024-11-27,NTAP,0.05555555555555555,Buy
2024-11-27,MRVL,0.05322407302546213,Buy
2024-11-27,PCG,-0.00022873404052747848,Sell
2024-11-27,CP,-0.00017434861790753542,Sell
2024-11-27,CLX,0.05555555555555555,Buy
2024-11-27,PRGO,-0.05555555555555555,Sell
2024-11-27,CAT,0.05446270596759704,Buy
2024-11-27,BMY,-0.05555555555555555,Sell
2024-11-29,AMTD,0.05592407821460367,Buy
2024-11-29,WEN,0.05555555555555555,Buy
2024-11-29,DAL,-0.05555555555555555,Sell
2024-11-29,BUD,0.0003733370879702158,Buy
2024-11-29,SPWR,0.11075036612124306,Buy
2024-11-29,GREK,7.187113391344396e-05,Buy
2024-11-29,JNJ,0.05555555555555555,Buy
2024-11-29,TRV,0.05534044199780224,Buy
2024-11-29,DPZ,-0.05555555555555555,Sell
2024-11-29,BDX,0.0001061350054382057,Buy
2024-11-29,WFC,-0.0008333064787069411,Sell
2024-11-29,QQQ,0.055956817563523706,Buy
2024-11-29,EWI,-0.056008846732776514,Sell
2024-11-29,HTZ,-0.05555555555555555,Sell
2024-11-29,ORCL,-0.05611913668097004,Sell
2024-11-29,TSM,0.056531712622230515,Buy
2024-11-29,KGC,0.05555555555555555,Buy
2024-11-29,TRP,-0.05606523457358664,Sell
2024-11-29,RL,-0.05555555555555555,Sell
2024-11-29,NTAP,-0.055564554991943224,Sell
2024-11-29,BX,-0.05555555555555555,Sell
2024-11-29,LOW,0.05555555555555555,Buy
2024-11-29,MRVL,-0.05555555555555555,Sell
2024-11-29,PCG,0.05546941135270092,Buy
2024-11-29,HMC,0.05555555555555555,Buy
2024-11-29,CP,-0.056382242704378555,Sell
2024-11-29,CLX,-0.05547604355826269,Sell
2024-11-29,PRGO,0.05542280625637577,Buy
2024-11-29,CSIQ,-0.05555555555555555,Sell
2024-11-29,BMY,-0.00013293901652476625,Sell
2024-12-02,WEN,-0.055364350029374704,Sell
2024-12-02,DAL,0.05516097721709151,Buy
2024-12-02,BUD,-0.05586849440101412,Sell
2024-12-02,SPWR,-0.05524143437935577,Sell
2024-12-02,ICE,0.05555555555555555,Buy
2024-12-02,RRC,0.05555555555555555,Buy
2024-12-02,GREK,-0.05668823707173859,Sell
2024-12-02,JNJ,-0.05544243563763135,Sell
2024-12-02,NDAQ,0.05555555555555555,Buy
2024-12-02,DPZ,-0.0012049555155894745,Sell
2024-12-02,BBT,-0.05555555555555555,Sell
2024-12-02,BDX,-0.05574781331003539,Sell
2024-12-02,WFC,-0.000686610823124989,Sell
2024-12-02,HTZ,-0.0022947321476153443,Sell
2024-12-02,ORCL,0.05555555555555555,Buy
2024-12-02,TSM,-0.05555555555555555,Sell
2024-12-02,ALK,-0.05555555555555555,Sell
2024-12-02,KGC,0.0010670821693245236,Buy
2024-12-02,WMB,0.05555555555555555,Buy
2024-12-02,D,0.05555555555555555,Buy
2024-12-02,RL,0.0004443305123572258,Buy
2024-12-02,BX,0.05434390305112336,Buy
2024-12-02,LOW,-0.055440193930458875,Sell
2024-12-02,MRVL,0.002459752100912649,Buy
2024-12-02,DUK,0.05555555555555555,Buy
2024-12-02,HMC,-0.05586060714617318,Sell
2024-12-02,OHI,0.05555555555555555,Buy
2024-12-02,CSIQ,0.056904465808950665,Buy
2024-12-02,BMY,0.0006370672019341342,Buy
2024-12-03,BAX,0.05555555555555555,Buy
2024-12-03,WEN,0.05555555555555555,Buy
2024-12-03,ICE,0.0010385023080989042,Buy
2024-12-03,RRC,-0.0556049627721411,Sell
2024-12-03,GREK,0.05555555555555555,Buy
2024-12-03,JNJ,0.05555555555555555,Buy
2024-12-03,KMB,0.05555555555555555,Buy
2024-12-03,NDAQ,-0.05477887866927493,Sell
2024-12-03,DPZ,-0.0007993857328189441,Sell
2024-12-03,BBT,0.05448846872394973,Buy
2024-12-03,BDX,0.05555555555555555,Buy
2024-12-03,WFC,-0.0011665725779052422,Sell
2024-12-03,HTZ,0.05276822950145685,Buy
2024-12-03,ORCL,-0.05567582448045406,Sell
2024-12-03,TSM,0.056500808852059395,Buy
2024-12-03,ALK,0.05459158217981323,Buy
2024-12-03,KGC,-0.05748529253509347,Sell
2024-12-03,WMB,-0.055372020557962635,Sell
2024-12-03,D,-0.05457999204679447,Sell
2024-12-03,RL,-0.0007064680526369937,Sell
2024-12-03,WSM,-0.05555555555555555,Sell
2024-12-03,NWSA,-0.05555555555555555,Sell
2024-12-03,MRVL,-0.000871922830693754,Sell
2024-12-03,PCG,-0.05555555555555555,Sell
2024-12-03,DUK,0.0010686525006919773,Buy
2024-12-03,OHI,0.0007048210779680569,Buy
2024-12-03,CSIQ,-0.05555555555555555,Sell
2024-12-03,CAT,-0.05555555555555555,Sell
2024-12-03,BMY,0.05407360529310425,Buy
2024-12-04,BAX,-0.0004609152808751349,Sell
2024-12-04,WEN,-0.05658092408259131,Sell
2024-12-04,DAL,-0.05555555555555555,Sell
2024-12-04,BUD,0.05555555555555555,Buy
2024-12-04,ICE,-0.000589995475914297,Sell
2024-12-04,GREK,-0.0011986836191290873,Sell
2024-12-04,JNJ,4.9651998310216994e-05,Buy
2024-12-04,KMB,-0.0561948679322837,Sell
2024-12-04,DPZ,0.05676728047864966,Buy
2024-12-04,BDX,-0.05624626435979493,Sell
2024-12-04,WFC,0.055384385541687765,Buy
2024-12-04,CCL,-0.05555555555555555,Sell
2024-12-04,ALK,-0.05555555555555555,Sell
2024-12-04,KO,0.05555555555555555,Buy
2024-12-04,D,0.05555555555555555,Buy
2024-12-04,EW,-0.05555555555555555,Sell
2024-12-04,RL,0.0009020973452337003,Buy
2024-12-04,WSM,0.00219166128073775,Buy
2024-12-04,NWSA,0.055807820085483587,Buy
2024-12-04,MRVL,0.013680139141475256,Buy
2024-12-04,PCG,0.055313552299413225,Buy
2024-12-04,DUK,-0.0560250495409073,Sell
2024-12-04,PRGO,-0.05555555555555555,Sell
2024-12-04,OHI,-0.0005053839932027335,Sell
2024-12-04,CSIQ,-0.001630966881735224,Sell
2024-12-04,VZ,0.05555555555555555,Buy
2024-12-04,CAT,0.05623828993644488,Buy
2024-12-05,AMTD,-0.05555555555555555,Sell
2024-12-05,BAX,0.0022155892344611905,Buy
2024-12-05,CF,0.05555555555555555,Buy
2024-12-05,WEN,0.05555555555555555,Buy
2024-12-05,DAL,0.0009545713846485365,Buy
2024-12-05,BUD,0.0003843741127856626,Buy
2024-12-05,SPWR,0.05555555555555555,Buy
2024-12-05,ICE,-0.05530820708051218,Sell
2024-12-05,GREK,-0.05634006891878109,Sell
2024-12-05,JNJ,-0.05486412889450393,Sell
2024-12-05,DPZ,-0.05555555555555555,Sell
2024-12-05,WFC,-0.05555555555555555,Sell
2024-12-05,CCL,0.0545323498982547,Buy
2024-12-05,ALK,0.0011488502655174274,Buy
2024-12-05,KO,-0.055842858604510846,Sell
2024-12-05,D,-0.00019596738127301838,Sell
2024-12-05,EW,0.05389565106216102,Buy
2024-12-05,RL,-0.00026696637457618994,Sell
2024-12-05,WSM,-0.0015416437097096614,Sell
2024-12-05,MRVL,-0.002576584621222379,Sell
2024-12-05,PRGO,0.054296013243457626,Buy
2024-12-05,OHI,0.00035683779187138664,Buy
2024-12-05,SYK,0.05555555555555555,Buy
2024-12-05,CSIQ,-0.0031332058877939217,Sell
2024-12-05,VZ,0.00030389420905232306,Buy
2024-12-06,AMTD,0.055846348173279804,Buy
2024-12-06,BAX,-0.00011572290062681484,Sell
2024-12-06,CF,-0.055265198847603295,Sell
2024-12-06,WEN,-0.05518339084717896,Sell
2024-12-06,DAL,0.054793449617432516,Buy
2024-12-06,AA,0.05555555555555555,Buy
2024-12-06,BUD,-5.954456778099748e-05,Sell
2024-12-06,SPWR,-0.05459838624916357,Sell
2024-12-06,KMB,0.05555555555555555,Buy
2024-12-06,DPZ,0.05514798372080823,Buy
2024-12-06,BDX,0.05555555555555555,Buy
2024-12-06,WFC,0.0007987687275175515,Buy
2024-12-06,QQQ,-0.05555555555555555,Sell
2024-12-06,ORCL,-0.05555555555555555,Sell
2024-12-06,ALK,0.05430727470026974,Buy
2024-12-06,MAR,-0.05555555555555555,Sell
2024-12-06,D,0.0005531370877842057,Buy
2024-12-06,ULTA,-0.05555555555555555,Sell
2024-12-06,RL,-0.0002959504006081193,Sell
2024-12-06,WSM,0.05764450276119189,Buy
2024-12-06,MRVL,0.00035975485957029374,Buy
2024-12-06,OHI,-3.5852961141613626e-05,Sell
2024-12-06,SYK,-0.05622162199743303,Sell
2024-12-06,CSIQ,0.05852658395381267,Buy
2024-12-06,XLE,0.05555555555555555,Buy
2024-12-06,COF,-0.05555555555555555,Sell
2024-12-06,ENB,0.05555555555555555,Buy
2024-12-06,VZ,-0.055610103721531835,Sell
2024-12-06,CAT,-0.05555555555555555,Sell
2024-12-09,AMTD,-0.05555555555555555,Sell
2024-12-09,BAX,-0.0552774147226154,Sell
2024-12-09,AA,-0.05454117240446654,Sell
2024-12-09,BUD,0.00020845963452768151,Buy
2024-12-09,RRC,-0.05555555555555555,Sell
2024-12-09,KMB,0.0010940753893584412,Buy
2024-12-09,TRV,0.05555555555555555,Buy
2024-12-09,BDX,-0.056206328106103536,Sell
2024-12-09,EBAY,-0.05555555555555555,Sell
2024-12-09,WFC,0.05392093684439752,Buy
2024-12-09,QQQ,-0.000794715985820961,Sell
2024-12-09,ORCL,0.05483360791899862,Buy
2024-12-09,CCL,0.05555555555555555,Buy
2024-12-09,MAR,0.054130543407405605,Buy
2024-12-09,KEY,0.05555555555555555,Buy
2024-12-09,WMB,0.05555555555555555,Buy
2024-12-09,D,-0.05473768865356423,Sell
2024-12-09,ULTA,0.05388101592427872,Buy
2024-12-09,RL,-0.0009892117595916572,Sell
2024-12-09,TRIP,-0.05555555555555555,Sell
2024-12-09,MRVL,-0.003515621199741227,Sell
2024-12-09,PCG,0.05555555555555555,Buy
2024-12-09,NTES,-0.05555555555555555,Sell
2024-12-09,RF,0.05555555555555555,Buy
2024-12-09,OHI,-0.05517657292249742,Sell
2024-12-09,XLE,-0.05509967800225532,Sell
2024-12-09,COF,0.05423926324027831,Buy
2024-12-09,ENB,0.0013756039025756284,Buy
2024-12-09,CAT,0.00022605695925066727,Buy
2024-12-10,MET,0.05555555555555555,Buy
2024-12-10,AMTD,0.05485242480963322,Buy
2024-12-10,BUD,0.0003540442870595198,Buy
2024-12-10,RRC,0.05506268511569859,Buy
2024-12-10,KMB,-0.05535567081945117,Sell
2024-12-10,TRV,0.0009596798025339193,Buy
2024-12-10,DHI,-0.05555555555555555,Sell
2024-12-10,EBAY,0.05368410699346663,Buy
2024-12-10,QQQ,-0.0004382706028788,Sell
2024-12-10,SIRI,-0.05555555555555555,Sell
2024-12-10,ORCL,0.05555555555555555,Buy
2024-12-10,CCL,-0.05626417823555208,Sell
2024-12-10,TSM,0.05555555555555555,Buy
2024-12-10,ALK,-0.05555555555555555,Sell
2024-12-10,KEY,-0.05491794743538989,Sell
2024-12-10,WMB,-0.055184364248066595,Sell
2024-12-10,PVH,-0.05555555555555555,Sell
2024-12-10,RL,-0.00041466182293784654,Sell
2024-12-10,TRIP,0.0551873197486334,Buy
2024-12-10,BX,-0.05555555555555555,Sell
2024-12-10,MRVL,-0.0004306518315711147,Sell
2024-12-10,PCG,0.0011528692819080255,Buy
2024-12-10,NTES,0.05285161128830434,Buy
2024-12-10,RF,0.0011095851355051867,Buy
2024-12-10,HMC,0.05555555555555555,Buy
2024-12-10,COF,-0.05555555555555555,Sell
2024-12-10,ENB,0.00030203491913450425,Buy
2024-12-10,CAT,0.05380003129680737,Buy
2024-12-11,MET,0.0004889556941911205,Buy
2024-12-11,DAL,-0.05555555555555555,Sell
2024-12-11,BUD,0.00013604974771678352,Buy
2024-12-11,NSC,0.05555555555555555,Buy
2024-12-11,RRC,-0.05555555555555555,Sell
2024-12-11,STI,0.05555555555555555,Buy
2024-12-11,KMB,0.05555555555555555,Buy
2024-12-11,TRV,9.03069220414554e-05,Buy
2024-12-11,DHI,0.05484825482554535,Buy
2024-12-11,QQQ,0.0014807377628262702,Buy
2024-12-11,SIRI,0.056699692693015044,Buy
2024-12-11,ORCL,-0.05629796306181149,Sell
2024-12-11,CCL,-0.05555555555555555,Sell
2024-12-11,TSM,-0.05680969420897206,Sell
2024-12-11,ALK,0.0030374400050399847,Buy
2024-12-11,MAR,-0.05555555555555555,Sell
2024-12-11,ULTA,-0.05555555555555555,Sell
2024-12-11,PVH,0.05628442874793221,Buy
2024-12-11,RL,0.05602330349424397,Buy
2024-12-11,BX,0.05687260162876555,Buy
2024-12-11,MRVL,0.0029357405630978176,Buy
2024-12-11,PCG,-0.00028030147771127,Sell
2024-12-11,RF,-0.05618800100264779,Sell
2024-12-11,HMC,-0.056054669179828175,Sell
2024-12-11,CLX,0.05555555555555555,Buy
2024-12-11,OHI,0.05555555555555555,Buy
2024-12-11,COF,0.0011234519132427775,Buy
2024-12-11,ENB,-0.056072880712380875,Sell
2024-12-12,MET,-0.05711864657254257,Sell
2024-12-12,AMTD,-0.05555555555555555,Sell
2024-12-12,DAL,0.05352827300806868,Buy
2024-12-12,BUD,-0.056313980017799505,Sell
2024-12-12,NSC,-0.05537144937127269,Sell
2024-12-12,RRC,-0.00028256707539383447,Sell
2024-12-12,JNJ,0.05555555555555555,Buy
2024-12-12,STI,0.0019995301409599098,Buy
2024-12-12,KMB,-0.05525327626241274,Sell
2024-12-12,TRV,-0.05485168568867057,Sell
2024-12-12,DPZ,-0.05555555555555555,Sell
2024-12-12,QQQ,0.05477924085273961,Buy
2024-12-12,CCL,0.054244125171211646,Buy
2024-12-12,MS,-0.05555555555555555,Sell
2024-12-12,ALK,-0.0009968649549735586,Sell
2024-12-12,MAR,0.054806214678276864,Buy
2024-12-12,KEY,0.05555555555555555,Buy
2024-12-12,ULTA,-0.0012127213940854725,Sell
2024-12-12,LOW,0.05555555555555555,Buy
2024-12-12,MRVL,-0.0015839770282009141,Sell
2024-12-12,PCG,-0.05544123273554882,Sell
2024-12-12,RF,0.05555555555555555,Buy
2024-12-12,HMC,0.05555555555555555,Buy
2024-12-12,CLX,-0.05513172514842999,Sell
2024-12-12,OHI,0.0004914434511714624,Buy
2024-12-12,CSIQ,-0.05555555555555555,Sell
2024-12-12,COF,-0.0008057259407150824,Sell
2024-12-12,ENB,0.05555555555555555,Buy
2024-12-12,CAT,0.05555555555555555,Buy
2024-12-13,AMTD,0.058325319892598544,Buy
2024-12-13,HYG,0.05555555555555555,Buy
2024-12-13,RRC,-0.000654428474502762,Sell
2024-12-13,GREK,0.05555555555555555,Buy
2024-12-13,JNJ,-0.05604032566027129,Sell
2024-12-13,STI,-0.05630709695116036,Sell
2024-12-13,DPZ,-0.0008920406984509605,Sell
2024-12-13,EWC,0.05555555555555555,Buy
2024-12-13,QQQ,-0.05555555555555555,Sell
2024-12-13,SIRI,-0.05555555555555555,Sell
2024-12-13,MS,0.05567222332493858,Buy
2024-12-13,ALK,-0.0004096052447045209,Sell
2024-12-13,KEY,-0.056111747959583846,Sell
2024-12-13,TRP,0.05555555555555555,Buy
2024-12-13,ULTA,0.055921463644372116,Buy
2024-12-13,RL,-0.05555555555555555,Sell
2024-12-13,WSM,-0.05555555555555555,Sell
2024-12-13,NWSA,0.05555555555555555,Buy
2024-12-13,LOW,-0.05565964031392024,Sell
2024-12-13,MRVL,0.006369498249654458,Buy
2024-12-13,PCG,0.05555555555555555,Buy
2024-12-13,RF,-0.05602897929064,Sell
2024-12-13,HMC,-0.00012085435826413721,Sell
2024-12-13,OHI,-0.05648574409008093,Sell
2024-12-13,CSIQ,0.05729472727315544,Buy
2024-12-13,XLE,0.05555555555555555,Buy
2024-12-13,COF,0.00027297231004586725,Buy
2024-12-13,ENB,-0.00015344803061157625,Sell
2024-12-13,CAT,-0.05585545613270595,Sell
2024-12-16,HYG,-0.055826734798863416,Sell
2024-12-16,BUD,0.05555555555555555,Buy
2024-12-16,NSC,0.05555555555555555,Buy
2024-12-16,RRC,0.054460461054607605,Buy
2024-12-16,GREK,-0.05558591673398365,Sell
2024-12-16,JNJ,0.05555555555555555,Buy
2024-12-16,STI,-0.05555555555555555,Sell
2024-12-16,DPZ,-0.0005041891747809765,Sell
2024-12-16,EWC,-0.05544295502963465,Sell
2024-12-16,WFC,-0.05555555555555555,Sell
2024-12-16,QQQ,0.0009683679100323112,Buy
2024-12-16,SIRI,0.05232412253413999,Buy
2024-12-16,MS,-0.05555555555555555,Sell
2024-12-16,ALK,0.0009050952510893523,Buy
2024-12-16,TRP,0.0003496695131758598,Buy
2024-12-16,RL,0.0011973243457346905,Buy
2024-12-16,HUM,0.05555555555555555,Buy
2024-12-16,WSM,-0.00028978784658171414,Sell
2024-12-16,NWSA,-0.05579940047499953,Sell
2024-12-16,MRVL,0.002016091157038137,Buy
2024-12-16,PCG,0.00025725581866460623,Buy
2024-12-16,HMC,0.0007970366299241902,Buy
2024-12-16,XLE,0.0010581546468140593,Buy
2024-12-16,COF,0.0558966380662621,Buy
2024-12-16,ENB,0.00033928433427235505,Buy
2024-12-17,BUD,0.001057748538688917,Buy
2024-12-17,NSC,-0.05521814265673677,Sell
2024-12-17,GREK,0.05555555555555555,Buy
2024-12-17,JNJ,-0.05628195315446469,Sell
2024-12-17,STI,-0.0030934926555451076,Sell
2024-12-17,DPZ,0.055176809460608385,Buy
2024-12-17,EWC,0.05555555555555555,Buy
2024-12-17,WFC,0.05439900867093308,Buy
2024-12-17,QQQ,-0.000501223588275132,Sell
2024-12-17,MS,0.05474499510179103,Buy
2024-12-17,ALK,-0.00043214637312759263,Sell
2024-12-17,KEY,0.05555555555555555,Buy
2024-12-17,TRP,-0.05533388526120325,Sell
2024-12-17,RL,0.054407487648870705,Buy
2024-12-17,HUM,0.00589873847448797,Buy
2024-12-17,WSM,0.0009335830955726696,Buy
2024-12-17,NWSA,0.05555555555555555,Buy
2024-12-17,TRIP,-0.05555555555555555,Sell
2024-12-17,LOW,-0.05555555555555555,Sell
2024-12-17,MRVL,-0.005810530685818688,Sell
2024-12-17,PCG,-0.05560819282809363,Sell
2024-12-17,RF,0.05555555555555555,Buy
2024-12-17,HMC,-0.05582828561078561,Sell
2024-12-17,XLE,0.000669626353347004,Buy
2024-12-17,COF,-0.05555555555555555,Sell
2024-12-17,ENB,0.00043079923828096,Buy
2024-12-17,BMY,-0.05555555555555555,Sell
2024-12-18,BUD,0.001959045010433494,Buy
2024-12-18,GREK,-0.05413395206109469,Sell
2024-12-18,STI,0.05537200808417912,Buy
2024-12-18,TRV,0.05555555555555555,Buy
2024-12-18,DPZ,-0.05555555555555555,Sell
2024-12-18,EWC,-0.05381888593445626,Sell
2024-12-18,QQQ,-0.00218120279021429,Sell
2024-12-18,SIRI,-0.05555555555555555,Sell
2024-12-18,HTZ,-0.05555555555555555,Sell
2024-12-18,CCL,0.05555555555555555,Buy
2024-12-18,ALK,-0.0008494152549734235,Sell
2024-12-18,MAR,0.05555555555555555,Buy
2024-12-18,KEY,0.0027966045644585436,Buy
2024-12-18,ILMN,0.05555555555555555,Buy
2024-12-18,HUM,-0.05678300989957986,Sell
2024-12-18,WSM,-0.00357498337089876,Sell
2024-12-18,NWSA,-0.054254767719660854,Sell
2024-12-18,TRIP,-0.0024000695440601835,Sell
2024-12-18,BX,0.05555555555555555,Buy
2024-12-18,LOW,0.05366627364587392,Buy
2024-12-18,MRVL,-0.00362179199041391,Sell
2024-12-18,RF,0.0031535087647292515,Buy
2024-12-18,CSIQ,-0.05555555555555555,Sell
2024-12-18,XLE,-0.05373533468221497,Sell
2024-12-18,COF,0.05331214461722577,Buy
2024-12-18,ENB,0.0013872829695450659,Buy
2024-12-18,BMY,0.054594017924299465,Buy
2024-12-19,DAL,-0.05555555555555555,Sell
2024-12-19,BUD,2.8480228238779437e-05,Buy
2024-12-19,SPWR,-0.05555555555555555,Sell
2024-12-19,TRV,-0.05593347140768184,Sell
2024-12-19,DPZ,0.055142301456967274,Buy
2024-12-19,DHI,0.05555555555555555,Buy
2024-12-19,EWC,0.05555555555555555,Buy
2024-12-19,BBT,0.05555555555555555,Buy
2024-12-19,QQQ,-0.0002647243398589752,Sell
2024-12-19,SIRI,0.053136929836451643,Buy
2024-12-19,ANF,-0.05555555555555555,Sell
2024-12-19,HTZ,0.05445570886680125,Buy
2024-12-19,ORCL,-0.05555555555555555,Sell
2024-12-19,CCL,-0.05634371006810525,Sell
2024-12-19,ALK,0.0022329547154209123,Buy
2024-12-19,MAR,-0.05581219670885041,Sell
2024-12-19,KEY,0.00050858729256089,Buy
2024-12-19,ILMN,-0.05552573212632533,Sell
2024-12-19,WSM,-0.0019515457879658651,Sell
2024-12-19,TRIP,0.004013951092346042,Buy
2024-12-19,BX,-0.054635703902492096,Sell
2024-12-19,LOW,0.05555555555555555,Buy
2024-12-19,MRVL,0.002003034663476261,Buy
2024-12-19,RF,0.0003035671657740935,Buy
2024-12-19,HMC,0.05555555555555555,Buy
2024-12-19,CSIQ,0.05279069435169403,Buy
2024-12-19,ENB,-0.05582612625713917,Sell
2024-12-19,CAT,0.05555555555555555,Buy
2024-12-20,PPG,0.05555555555555555,Buy
2024-12-20,XLP,0.05555555555555555,Buy
2024-12-20,DAL,0.05593620380440285,Buy
2024-12-20,BUD,2.561293800315556e-06,Buy
2024-12-20,SPWR,-0.00012426902346795998,Sell
2024-12-20,GREK,-0.05555555555555555,Sell
2024-12-20,NDAQ,0.05555555555555555,Buy
2024-12-20,DHI,-0.05638852974149888,Sell
2024-12-20,EWC,-0.00028125751565174356,Sell
2024-12-20,BBT,-0.056986553049959664,Sell
2024-12-20,QQQ,0.05591535405939134,Buy
2024-12-20,ANF,0.05590511915868951,Buy
2024-12-20,ORCL,0.05571700300187131,Buy
2024-12-20,DLTR,-0.05555555555555555,Sell
2024-12-20,ALK,0.0007715689943994727,Buy
2024-12-20,KEY,-0.0007990357516618959,Sell
2024-12-20,HUM,-0.05555555555555555,Sell
2024-12-20,WSM,0.0011381299029951733,Buy
2024-12-20,TRIP,0.0550322116824436,Buy
2024-12-20,LOW,-0.05615670797563474,Sell
2024-12-20,MRVL,0.05684869705222861,Buy
2024-12-20,RF,-0.056866719175055404,Sell
2024-12-20,HMC,-0.0003201147450407546,Sell
2024-12-20,OHI,0.05555555555555555,Buy
2024-12-20,SYK,-0.05555555555555555,Sell
2024-12-20,COF,-0.05555555555555555,Sell
2024-12-20,ZUMZ,-0.05555555555555555,Sell
2024-12-20,CAT,-0.0563034407440195,Sell
2024-12-20,MRK,0.05555555555555555,Buy
2024-12-23,PPG,-0.05562287062196913,Sell
2024-12-23,BAX,0.05555555555555555,Buy
2024-12-23,XLP,0.00019812182588566096,Buy
2024-12-23,WEN,0.05555555555555555,Buy
2024-12-23,HYG,0.05555555555555555,Buy
2024-12-23,BUD,-0.0004608460625031563,Sell
2024-12-23,SPWR,0.061251845302561204,Buy
2024-12-23,RRC,-0.05555555555555555,Sell
2024-12-23,GREK,0.11065993004706756,Buy
2024-12-23,QCOM,-0.05555555555555555,Sell
2024-12-23,NDAQ,-0.05582253912122902,Sell
2024-12-23,EWC,-0.00040170463148118257,Sell
2024-12-23,BDX,0.05555555555555555,Buy
2024-12-23,QQQ,-0.05555555555555555,Sell
2024-12-23,DLTR,0.05625338375482766,Buy
2024-12-23,ALK,0.0013173467124489024,Buy
2024-12-23,KEY,-0.05607396046389793,Sell
2024-12-23,HUM,0.002040938850800096,Buy
2024-12-23,WSM,0.0009555418167066718,Buy
2024-12-23,BX,-0.05555555555555555,Sell
2024-12-23,HMC,-0.0627321829305443,Sell
2024-12-23,OHI,-0.00024217983884899236,Sell
2024-12-23,SYK,0.00038356276879759205,Buy
2024-12-23,COF,0.0005062846313644842,Buy
2024-12-23,ZUMZ,0.05559202919714937,Buy
2024-12-23,MRK,-0.056399841633207076,Sell
