Date,Ticker,Trade_Weight,Direction
2023-05-31,EOG,0.03571428571428571,Buy
2023-05-31,EWI,0.03571428571428571,Buy
2023-05-31,DLTR,0.03571428571428571,Buy
2023-05-31,MS,0.03571428571428571,Buy
2023-05-31,PPG,0.03571428571428571,Buy
2023-05-31,MAR,0.03571428571428571,Buy
2023-05-31,KGC,0.03571428571428571,Buy
2023-05-31,GOLD,0.03571428571428571,Buy
2023-05-31,A,0.03571428571428571,Buy
2023-05-31,TRP,0.03571428571428571,Buy
2023-05-31,KO,0.03571428571428571,Buy
2023-05-31,PVH,0.03571428571428571,Buy
2023-05-31,RL,0.03571428571428571,Buy
2023-05-31,HYG,0.03571428571428571,Buy
2023-05-31,WSM,0.03571428571428571,Buy
2023-05-31,BUD,0.03571428571428571,Buy
2023-05-31,LOW,0.03571428571428571,Buy
2023-05-31,NSC,0.03571428571428571,Buy
2023-05-31,HMC,0.03571428571428571,Buy
2023-05-31,CME,0.03571428571428571,Buy
2023-05-31,CP,0.03571428571428571,Buy
2023-05-31,SYK,0.03571428571428571,Buy
2023-05-31,KMB,0.03571428571428571,Buy
2023-05-31,ENB,0.03571428571428571,Buy
2023-05-31,TRV,0.03571428571428571,Buy
2023-05-31,DPZ,0.03571428571428571,Buy
2023-05-31,ZUMZ,0.03571428571428571,Buy
2023-05-31,CAT,0.03571428571428571,Buy
2023-06-01,PPG,-0.03649375325647114,Sell
2023-06-01,A,3.7115429097886454e-05,Buy
2023-06-01,XLP,0.03571428571428571,Buy
2023-06-01,HYG,-0.03570929146737998,Sell
2023-06-01,BUD,-5.435814956670365e-05,Sell
2023-06-01,NSC,-0.03618325692158715,Sell
2023-06-01,CAG,0.03571428571428571,Buy
2023-06-01,JNJ,0.03571428571428571,Buy
2023-06-01,KMB,0.0003106985469482765,Buy
2023-06-01,NDAQ,0.03571428571428571,Buy
2023-06-01,TRV,-0.00021388012963614172,Sell
2023-06-01,DPZ,-0.0363313177575251,Sell
2023-06-01,EOG,-0.03578062687370494,Sell
2023-06-01,EWI,-0.03633327873969178,Sell
2023-06-01,SIRI,0.03571428571428571,Buy
2023-06-01,HTZ,0.03571428571428571,Buy
2023-06-01,DLTR,0.001618230824945284,Buy
2023-06-01,MS,8.358675545370314e-05,Buy
2023-06-01,MAR,-0.036204805005343066,Sell
2023-06-01,XRT,0.03571428571428571,Buy
2023-06-01,KGC,-0.03685264997649839,Sell
2023-06-01,GOLD,-0.03613540073645851,Sell
2023-06-01,WMB,0.03571428571428571,Buy
2023-06-01,TRP,-0.03639855932887955,Sell
2023-06-01,KO,-0.03569840475635097,Sell
2023-06-01,D,0.03571428571428571,Buy
2023-06-01,PVH,0.003601895669897319,Buy
2023-06-01,RL,0.00029162953374044925,Buy
2023-06-01,WSM,8.370974117263147e-05,Buy
2023-06-01,LOW,-0.0002742125604422094,Sell
2023-06-01,PCG,0.03571428571428571,Buy
2023-06-01,DUK,0.03571428571428571,Buy
2023-06-01,NTES,0.03571428571428571,Buy
2023-06-01,HMC,-0.03603336201475227,Sell
2023-06-01,CME,-3.402353946701381e-05,Sell
2023-06-01,CP,0.0001809146121373173,Buy
2023-06-01,PRGO,0.03571428571428571,Buy
2023-06-01,SYK,-0.00016695068129819052,Sell
2023-06-01,XLE,0.03571428571428571,Buy
2023-06-01,ENB,-0.03652468947529796,Sell
2023-06-01,ZUMZ,-0.0346788392011548,Sell
2023-06-01,CAT,-0.0003545933186417244,Sell
2023-06-02,BAX,0.03571428571428571,Buy
2023-06-02,A,0.0002236579562160737,Buy
2023-06-02,XLP,-0.03538290348438536,Sell
2023-06-02,HYG,0.03571428571428571,Buy
2023-06-02,BUD,0.00013749848680695564,Buy
2023-06-02,ICE,0.03571428571428571,Buy
2023-06-02,CAG,-0.03562216865941931,Sell
2023-06-02,GREK,0.03571428571428571,Buy
2023-06-02,QCOM,0.03571428571428571,Buy
2023-06-02,JNJ,0.00026326342020757676,Buy
2023-06-02,KMB,-0.035465120898059255,Sell
2023-06-02,NDAQ,-0.03572673786367588,Sell
2023-06-02,TRV,-0.035682581885523035,Sell
2023-06-02,DPZ,0.03571428571428571,Buy
2023-06-02,BDX,0.03571428571428571,Buy
2023-06-02,EWI,0.03571428571428571,Buy
2023-06-02,SIRI,0.0019440255431615386,Buy
2023-06-02,HTZ,-0.035590936483935985,Sell
2023-06-02,DLTR,-0.0002789683749312849,Sell
2023-06-02,MS,-0.035871844463744244,Sell
2023-06-02,XRT,-0.0007128768674714847,Sell
2023-06-02,KEY,0.03571428571428571,Buy
2023-06-02,KGC,0.03571428571428571,Buy
2023-06-02,WMB,-0.036245070568137784,Sell
2023-06-02,D,0.00021399078852706727,Buy
2023-06-02,PVH,0.0008928022045845072,Buy
2023-06-02,EW,0.03571428571428571,Buy
2023-06-02,RL,-0.03703734776787108,Sell
2023-06-02,HUM,0.03571428571428571,Buy
2023-06-02,WSM,-0.0006031358682333787,Sell
2023-06-02,LOW,-0.00019604705227688202,Sell
2023-06-02,PCG,0.0006223762817161027,Buy
2023-06-02,DUK,0.00019418642486391385,Buy
2023-06-02,NTES,0.000474349825475881,Buy
2023-06-02,CME,-0.0359259024486135,Sell
2023-06-02,CP,-0.03600493613352466,Sell
2023-06-02,PRGO,-0.03591467587118022,Sell
2023-06-02,SYK,0.0008458893076208063,Buy
2023-06-02,BSX,0.03571428571428571,Buy
2023-06-02,XLE,-0.00025021101941392204,Sell
2023-06-02,CAT,-0.0378336983897135,Sell
2023-06-05,PPG,0.03571428571428571,Buy
2023-06-05,BAX,-0.0004048957360570579,Sell
2023-06-05,A,-0.00016680843776116505,Sell
2023-06-05,XLP,0.03571428571428571,Buy
2023-06-05,HYG,-9.854188662950653e-05,Sell
2023-06-05,BUD,0.0003104182737710681,Buy
2023-06-05,NSC,0.03571428571428571,Buy
2023-06-05,ICE,-0.03595452807593003,Sell
2023-06-05,GREK,8.412630589357817e-06,Buy
2023-06-05,QCOM,0.0007684926245046311,Buy
2023-06-05,JNJ,-0.03614993092510059,Sell
2023-06-05,DPZ,0.0005062410210273025,Buy
2023-06-05,EWC,0.03571428571428571,Buy
2023-06-05,BDX,-0.0004405501157750888,Sell
2023-06-05,EWI,0.00023358438425817585,Buy
2023-06-05,SIRI,-0.036041907604451175,Sell
2023-06-05,DLTR,0.0007766286204697048,Buy
2023-06-05,MS,0.03571428571428571,Buy
2023-06-05,XRT,0.0004028807900645498,Buy
2023-06-05,KEY,-0.03531869532882884,Sell
2023-06-05,KGC,-0.035841678353384455,Sell
2023-06-05,KO,0.03571428571428571,Buy
2023-06-05,D,-0.03630174525335346,Sell
2023-06-05,PVH,0.00018651773092931423,Buy
2023-06-05,EW,-0.03609367304163271,Sell
2023-06-05,RL,0.03571428571428571,Buy
2023-06-05,HUM,-0.00034487629764751865,Sell
2023-06-05,WSM,0.00015979158001507704,Buy
2023-06-05,LOW,0.0003902170422866169,Buy
2023-06-05,PCG,-0.0005148605387073207,Sell
2023-06-05,DUK,-0.03603351746819731,Sell
2023-06-05,NTES,-0.03589134037026658,Sell
2023-06-05,CME,0.03571428571428571,Buy
2023-06-05,PRGO,0.03571428571428571,Buy
2023-06-05,SYK,-8.36076489575191e-05,Sell
2023-06-05,BSX,0.0001631021383809994,Buy
2023-06-05,XLE,0.00011034944961860194,Buy
2023-06-06,MNST,0.03571428571428571,Buy
2023-06-06,PPG,-0.03575635912395303,Sell
2023-06-06,BAX,0.0008786486735096535,Buy
2023-06-06,A,-0.03515011084005528,Sell
2023-06-06,XLP,0.00047052015438351497,Buy
2023-06-06,DAL,0.03571428571428571,Buy
2023-06-06,HYG,0.00023476552861573935,Buy
2023-06-06,BUD,-0.0001985311641414106,Sell
2023-06-06,NSC,0.0006471102758511676,Buy
2023-06-06,CAG,0.03571428571428571,Buy
2023-06-06,GREK,-0.036427731351455654,Sell
2023-06-06,QCOM,-0.0365631034156325,Sell
2023-06-06,JNJ,0.03571428571428571,Buy
2023-06-06,DPZ,0.0003025153869652131,Buy
2023-06-06,EWC,-0.035743359999777846,Sell
2023-06-06,BDX,0.0007841163111392685,Buy
2023-06-06,EWI,-4.531995557559981e-05,Sell
2023-06-06,DLTR,-0.03570804547728611,Sell
2023-06-06,MS,-0.036319238745772205,Sell
2023-06-06,XRT,-0.03652866897188088,Sell
2023-06-06,KGC,0.03571428571428571,Buy
2023-06-06,WMB,0.03571428571428571,Buy
2023-06-06,KO,0.0005483706968454627,Buy
2023-06-06,PVH,-0.038097051964010545,Sell
2023-06-06,EW,0.03571428571428571,Buy
2023-06-06,RL,-0.03614544632803952,Sell
2023-06-06,HUM,0.0011585493932793414,Buy
2023-06-06,WSM,-0.03731090331181486,Sell
2023-06-06,LOW,0.00022672391471336567,Buy
2023-06-06,PCG,-0.035654000748733664,Sell
2023-06-06,DUK,0.03571428571428571,Buy
2023-06-06,CME,0.0006569328110999847,Buy
2023-06-06,CP,0.03571428571428571,Buy
2023-06-06,CLX,0.03571428571428571,Buy
2023-06-06,PRGO,-0.0002658523546761535,Sell
2023-06-06,SYK,0.00047150364613675333,Buy
2023-06-06,BSX,0.0007948983537832549,Buy
2023-06-06,XLE,6.188499573310524e-06,Buy
2023-06-06,ENB,0.03571428571428571,Buy
2023-06-06,MRK,0.03571428571428571,Buy
2023-06-07,MNST,0.000986909909541006,Buy
2023-06-07,BAX,-0.0009114407713146158,Sell
2023-06-07,XLP,0.00023123050210788892,Buy
2023-06-07,WEN,0.03571428571428571,Buy
2023-06-07,DAL,-0.03615815801036436,Sell
2023-06-07,HYG,0.0003096921201615685,Buy
2023-06-07,BUD,-0.03575567977852403,Sell
2023-06-07,NSC,-0.03660003179945694,Sell
2023-06-07,ICE,0.03571428571428571,Buy
2023-06-07,CAG,0.0003423599316395784,Buy
2023-06-07,JNJ,3.7619875417657656e-05,Buy
2023-06-07,STI,0.03571428571428571,Buy
2023-06-07,KMB,0.03571428571428571,Buy
2023-06-07,DPZ,0.00013567165190600528,Buy
2023-06-07,EWC,0.03571428571428571,Buy
2023-06-07,BDX,-0.00013743517881711909,Sell
2023-06-07,EBAY,0.03571428571428571,Buy
2023-06-07,EWI,-0.03548631867005369,Sell
2023-06-07,ANF,0.03571428571428571,Buy
2023-06-07,ORCL,0.03571428571428571,Buy
2023-06-07,KGC,0.0011439067454568283,Buy
2023-06-07,WMB,-0.036831771773346615,Sell
2023-06-07,KO,0.00016727230136009963,Buy
2023-06-07,EW,0.0008246448227893013,Buy
2023-06-07,HUM,0.0005620059832189689,Buy
2023-06-07,LOW,-0.036296133169371074,Sell
2023-06-07,DUK,-0.03632205878600097,Sell
2023-06-07,HMC,0.03571428571428571,Buy
2023-06-07,CME,0.0004617564130113133,Buy
2023-06-07,CP,-0.036760805578868766,Sell
2023-06-07,CLX,0.000522726449428905,Buy
2023-06-07,PRGO,-6.624254101131322e-05,Sell
2023-06-07,SYK,-6.864961255317187e-05,Sell
2023-06-07,BSX,9.306846391729517e-05,Buy
2023-06-07,XLE,-0.03654342124528748,Sell
2023-06-07,ENB,-0.03580799495607418,Sell
2023-06-07,MRK,0.0005671995513184952,Buy
2023-06-07,BMY,0.03571428571428571,Buy
2023-06-08,MNST,-0.0001262083818821813,Sell
2023-06-08,PPG,0.03571428571428571,Buy
2023-06-08,BAX,0.0009392318903099842,Buy
2023-06-08,VWO,0.03571428571428571,Buy
2023-06-08,XLP,-0.035691703635822844,Sell
2023-06-08,WEN,-0.03546397540278396,Sell
2023-06-08,HYG,-0.03567243318760738,Sell
2023-06-08,BUD,0.03571428571428571,Buy
2023-06-08,ICE,-0.03619415689386669,Sell
2023-06-08,CAG,-0.00010796687469760008,Sell
2023-06-08,JNJ,-0.00012282814348936466,Sell
2023-06-08,STI,0.0003165294025216925,Buy
2023-06-08,KMB,2.7866869556310292e-05,Buy
2023-06-08,TRV,0.03571428571428571,Buy
2023-06-08,DPZ,-0.035726775703573264,Sell
2023-06-08,EWC,0.00027666146057862134,Buy
2023-06-08,BDX,0.0005229803247624315,Buy
2023-06-08,MU,0.03571428571428571,Buy
2023-06-08,EBAY,-0.03588069561963341,Sell
2023-06-08,ANF,-0.03670838803143691,Sell
2023-06-08,ORCL,-0.03619908142254371,Sell
2023-06-08,KGC,-0.03635306625761026,Sell
2023-06-08,KO,0.00017798235693074899,Buy
2023-06-08,D,0.03571428571428571,Buy
2023-06-08,EW,6.245228618021598e-05,Buy
2023-06-08,HUM,-0.03580903014264828,Sell
2023-06-08,NTAP,0.03571428571428571,Buy
2023-06-08,WSM,0.03571428571428571,Buy
2023-06-08,LOW,0.03571428571428571,Buy
2023-06-08,PCG,0.03571428571428571,Buy
2023-06-08,HMC,-0.03556645218904627,Sell
2023-06-08,CME,-0.0005151660365932398,Sell
2023-06-08,CLX,0.00011702269404688381,Buy
2023-06-08,PRGO,0.00033985746565150937,Buy
2023-06-08,SYK,0.0004193046261647959,Buy
2023-06-08,BSX,-0.035706706258006385,Sell
2023-06-08,XLE,0.03571428571428571,Buy
2023-06-08,ENB,0.03571428571428571,Buy
2023-06-08,MRK,-0.0002918266202540168,Sell
2023-06-08,BMY,0.00018467965983059997,Buy
2023-06-09,MNST,0.00011953641069878396,Buy
2023-06-09,PPG,0.00032551154206327676,Buy
2023-06-09,BAX,-0.03631393910781114,Sell
2023-06-09,VWO,-0.03586539344653109,Sell
2023-06-09,HYG,0.03571428571428571,Buy
2023-06-09,BUD,-0.03582078668800427,Sell
2023-06-09,NSC,0.03571428571428571,Buy
2023-06-09,CAG,2.8484815600145208e-05,Buy
2023-06-09,JNJ,1.2536553014794172e-06,Buy
2023-06-09,STI,-3.7667263782514837e-06,Sell
2023-06-09,KMB,3.864036067509347e-06,Buy
2023-06-09,TRV,-0.0001956539067180657,Sell
2023-06-09,EWC,-0.03572693341470074,Sell
2023-06-09,BDX,-0.00034127498641235016,Sell
2023-06-09,MU,-0.035829076038347035,Sell
2023-06-09,EBAY,0.03571428571428571,Buy
2023-06-09,EWI,0.03571428571428571,Buy
2023-06-09,WMB,0.03571428571428571,Buy
2023-06-09,TRP,0.03571428571428571,Buy
2023-06-09,KO,-0.03582809139869942,Sell
2023-06-09,D,7.968325350486694e-05,Buy
2023-06-09,PVH,0.03571428571428571,Buy
2023-06-09,EW,-0.03582847927093275,Sell
2023-06-09,RL,0.03571428571428571,Buy
2023-06-09,NTAP,-0.035453511647347814,Sell
2023-06-09,WSM,-0.03559872571668869,Sell
2023-06-09,LOW,0.00017318921916251173,Buy
2023-06-09,PCG,0.00019794918387597282,Buy
2023-06-09,DUK,0.03571428571428571,Buy
2023-06-09,CME,6.310385987490924e-05,Buy
2023-06-09,CP,0.03571428571428571,Buy
2023-06-09,CLX,0.00011813474134374224,Buy
2023-06-09,PRGO,0.00021119260420886243,Buy
2023-06-09,SYK,-0.0005547023162716866,Sell
2023-06-09,XLE,0.000142267316873744,Buy
2023-06-09,ENB,0.0002074889849885339,Buy
2023-06-09,MRK,-0.03589529183714271,Sell
2023-06-09,BMY,0.00022475666310036585,Buy
2023-06-12,MNST,-0.03622736876953762,Sell
2023-06-12,PPG,-0.00018225915039040558,Sell
2023-06-12,VWO,0.03571428571428571,Buy
2023-06-12,WEN,0.03571428571428571,Buy
2023-06-12,HYG,-6.18502766019588e-05,Sell
2023-06-12,NSC,-0.03577472435242594,Sell
2023-06-12,ICE,0.03571428571428571,Buy
2023-06-12,CAG,-3.7691650619960104e-05,Sell
2023-06-12,JNJ,-7.55773769694143e-05,Sell
2023-06-12,STI,-0.03601816998987086,Sell
2023-06-12,KMB,-0.00014280827529715434,Sell
2023-06-12,TRV,6.908492296846258e-05,Buy
2023-06-12,BDX,1.2293115102694763e-05,Buy
2023-06-12,EBAY,0.0004392484644561087,Buy
2023-06-12,EOG,0.03571428571428571,Buy
2023-06-12,EWI,-0.03607504194903463,Sell
2023-06-12,KGC,0.03571428571428571,Buy
2023-06-12,WMB,-0.00030054015380591437,Sell
2023-06-12,TRP,-0.03534768362753508,Sell
2023-06-12,KO,0.03571428571428571,Buy
2023-06-12,D,0.0002978154078451256,Buy
2023-06-12,PVH,-0.03534031827661455,Sell
2023-06-12,RL,-0.0361136217194534,Sell
2023-06-12,LOW,-0.036540637811777174,Sell
2023-06-12,PCG,-0.00022750771045140783,Sell
2023-06-12,DUK,-4.932223574682926e-05,Sell
2023-06-12,CME,0.0009635379222327559,Buy
2023-06-12,CP,-7.209094526061666e-05,Sell
2023-06-12,CLX,0.00011012715768565079,Buy
2023-06-12,PRGO,-0.035385566231820376,Sell
2023-06-12,SYK,-8.309936579610488e-06,Sell
2023-06-12,BSX,0.03571428571428571,Buy
2023-06-12,XLE,0.00024327954144594266,Buy
2023-06-12,ENB,0.0003151470883665866,Buy
2023-06-12,VZ,0.03571428571428571,Buy
2023-06-12,MRK,0.03571428571428571,Buy
2023-06-12,BMY,-7.809214589077351e-05,Sell
2023-06-13,PPG,-0.00028544466604595725,Sell
2023-06-13,VWO,-0.03595693468357055,Sell
2023-06-13,WEN,0.00019858928821835792,Buy
2023-06-13,HYG,1.0363846872918359e-05,Buy
2023-06-13,ICE,-0.00010768153773091371,Sell
2023-06-13,CAG,-0.03583756539095808,Sell
2023-06-13,JNJ,-0.00013397487967631294,Sell
2023-06-13,STI,0.03571428571428571,Buy
2023-06-13,KMB,0.00010632130470108331,Buy
2023-06-13,TRV,-0.00022210323238838758,Sell
2023-06-13,BDX,-5.900053320982007e-05,Sell
2023-06-13,EBAY,-0.00026278124046594936,Sell
2023-06-13,EOG,0.00042901484110818844,Buy
2023-06-13,KEY,0.03571428571428571,Buy
2023-06-13,ILMN,0.03571428571428571,Buy
2023-06-13,KGC,-9.399068530668159e-05,Sell
2023-06-13,WMB,0.00014671387333752006,Buy
2023-06-13,TRP,0.03571428571428571,Buy
2023-06-13,KO,-0.03580307334295782,Sell
2023-06-13,D,0.0001348742073262535,Buy
2023-06-13,HUM,0.03571428571428571,Buy
2023-06-13,PCG,1.1264317680406699e-05,Buy
2023-06-13,DUK,0.0002991933063905064,Buy
2023-06-13,CME,0.0003734933632678489,Buy
2023-06-13,CP,-0.03595505654680381,Sell
2023-06-13,CLX,-9.089385610584755e-05,Sell
2023-06-13,SYK,-0.0001785030147386929,Sell
2023-06-13,BSX,8.122390424319254e-05,Buy
2023-06-13,XLE,-0.00011486427446012748,Sell
2023-06-13,ENB,4.3855330535927384e-05,Buy
2023-06-13,VZ,0.00018354825675287456,Buy
2023-06-13,MRK,1.116347597055617e-05,Buy
2023-06-13,BMY,-0.0356609225430311,Sell
2023-06-14,PPG,-5.326415599964107e-06,Sell
2023-06-14,HP,0.03571428571428571,Buy
2023-06-14,WEN,-9.752885565151442e-05,Sell
2023-06-14,HYG,-0.03589141063512807,Sell
2023-06-14,ICE,-0.036570964795827714,Sell
2023-06-14,JNJ,-0.0003457570285004402,Sell
2023-06-14,STI,0.00010804030801801062,Buy
2023-06-14,KMB,-0.000338827569185185,Sell
2023-06-14,NDAQ,0.03571428571428571,Buy
2023-06-14,TRV,0.0003608043270613148,Buy
2023-06-14,VTR,0.03571428571428571,Buy
2023-06-14,BDX,-0.00042378015476113307,Sell
2023-06-14,EBAY,0.00019193860487427827,Buy
2023-06-14,EOG,0.0004897479635605287,Buy
2023-06-14,EWI,0.03571428571428571,Buy
2023-06-14,KEY,-0.033925693164904014,Sell
2023-06-14,ILMN,0.00018417650380071066,Buy
2023-06-14,KGC,-8.890760874728787e-05,Sell
2023-06-14,GOLD,0.03571428571428571,Buy
2023-06-14,WMB,0.00016685052530947264,Buy
2023-06-14,TRP,-9.257601736206711e-05,Sell
2023-06-14,D,-0.0360003045854569,Sell
2023-06-14,HUM,-0.031843713592678305,Sell
2023-06-14,WSM,0.03571428571428571,Buy
2023-06-14,PCG,-0.0007550431594061172,Sell
2023-06-14,DUK,-0.00019830965008733187,Sell
2023-06-14,CME,-0.0009237155163446531,Sell
2023-06-14,CLX,0.0003948016587919101,Buy
2023-06-14,SYK,-0.03738344921380758,Sell
2023-06-14,BSX,-0.03738474867851608,Sell
2023-06-14,XLE,0.00020522043448382293,Buy
2023-06-14,ENB,0.0004589638324261486,Buy
2023-06-14,VZ,-0.0004155267596552964,Sell
2023-06-14,MRK,3.4286651516453326e-05,Buy
2023-06-14,BMY,0.03571428571428571,Buy
2023-06-15,CNC,0.03571428571428571,Buy
2023-06-15,PPG,0.0001912992464428373,Buy
2023-06-15,HP,-0.036615766313901635,Sell
2023-06-15,WEN,0.0001574860778384493,Buy
2023-06-15,CAG,0.03571428571428571,Buy
2023-06-15,JNJ,-0.03585485677030766,Sell
2023-06-15,STI,0.00030099544841193787,Buy
2023-06-15,KMB,2.0416268612225008e-05,Buy
2023-06-15,NDAQ,-0.0005891066658834307,Sell
2023-06-15,TRV,-0.00015871367783115709,Sell
2023-06-15,VTR,0.00047975425588069054,Buy
2023-06-15,BDX,-6.0608521750098177e-05,Sell
2023-06-15,EBAY,-9.711619719535158e-05,Sell
2023-06-15,EOG,5.351480558378474e-06,Buy
2023-06-15,EWI,-0.03583661640921127,Sell
2023-06-15,DLTR,0.03571428571428571,Buy
2023-06-15,MAR,0.03571428571428571,Buy
2023-06-15,KEY,0.03571428571428571,Buy
2023-06-15,ILMN,-0.0005462382162202059,Sell
2023-06-15,KGC,0.00018873244369043557,Buy
2023-06-15,GOLD,0.0010734921400812683,Buy
2023-06-15,WMB,-9.883783051100464e-05,Sell
2023-06-15,TRP,-0.03571759556926266,Sell
2023-06-15,ULTA,0.03571428571428571,Buy
2023-06-15,RL,0.03571428571428571,Buy
2023-06-15,HUM,0.03571428571428571,Buy
2023-06-15,WSM,-0.03584158573661552,Sell
2023-06-15,PCG,0.0003141082827186892,Buy
2023-06-15,DUK,7.504030885542579e-06,Buy
2023-06-15,CME,0.00019623087898502922,Buy
2023-06-15,CLX,0.00010019645133069882,Buy
2023-06-15,XLE,-0.03576835790623665,Sell
2023-06-15,ENB,-3.9699186989289315e-05,Sell
2023-06-15,VZ,-0.036082690444836675,Sell
2023-06-15,MRK,9.368457204469299e-05,Buy
2023-06-15,BMY,-0.0356608843877467,Sell
2023-06-16,CNC,0.0002156472181320951,Buy
2023-06-16,PPG,-0.03620533331216199,Sell
2023-06-16,A,0.03571428571428571,Buy
2023-06-16,WEN,-0.03637873355668094,Sell
2023-06-16,HYG,0.03571428571428571,Buy
2023-06-16,CAG,0.00012107622633740489,Buy
2023-06-16,JNJ,0.03571428571428571,Buy
2023-06-16,STI,-3.304818694720851e-05,Sell
2023-06-16,KMB,-0.03610396613181936,Sell
2023-06-16,NDAQ,0.0006850412846157936,Buy
2023-06-16,TRV,-0.00019149462295658948,Sell
2023-06-16,VTR,-0.035708589582010654,Sell
2023-06-16,EWC,0.03571428571428571,Buy
2023-06-16,BDX,-0.036092029431312136,Sell
2023-06-16,EBAY,0.0004057643719427573,Buy
2023-06-16,EOG,-0.036294587902880066,Sell
2023-06-16,DLTR,0.0005401902087340399,Buy
2023-06-16,MS,0.03571428571428571,Buy
2023-06-16,MAR,-0.035682591693240014,Sell
2023-06-16,XRT,0.03571428571428571,Buy
2023-06-16,KEY,-0.035215382147807846,Sell
2023-06-16,ILMN,0.0006599659786782688,Buy
2023-06-16,KGC,-0.00010644869923257666,Sell
2023-06-16,GOLD,8.578163749230205e-05,Buy
2023-06-16,WMB,-0.03570056578268969,Sell
2023-06-16,ULTA,0.00022289071779148933,Buy
2023-06-16,RL,-0.03625057622586827,Sell
2023-06-16,HUM,0.0013695616558313459,Buy
2023-06-16,WSM,0.03571428571428571,Buy
2023-06-16,BX,0.03571428571428571,Buy
2023-06-16,PCG,-0.00034390084508650887,Sell
2023-06-16,DUK,-0.035938376115594806,Sell
2023-06-16,RF,0.03571428571428571,Buy
2023-06-16,HMC,0.03571428571428571,Buy
2023-06-16,CME,-0.0004038200854711155,Sell
2023-06-16,CP,0.03571428571428571,Buy
2023-06-16,CLX,-0.0003975264375587831,Sell
2023-06-16,SYK,0.03571428571428571,Buy
2023-06-16,ENB,-0.03596806128512702,Sell
2023-06-16,MRK,-6.902548841898615e-06,Sell
2023-06-20,CNC,-0.036148478396533616,Sell
2023-06-20,PPG,0.03571428571428571,Buy
2023-06-20,A,0.0005912024518141962,Buy
2023-06-20,XLP,0.03571428571428571,Buy
2023-06-20,HYG,-0.0001955152149585443,Sell
2023-06-20,CAG,0.000124152026667268,Buy
2023-06-20,QCOM,0.03571428571428571,Buy
2023-06-20,JNJ,-0.00026968887813313275,Sell
2023-06-20,STI,-0.00036000705944140565,Sell
2023-06-20,KMB,0.03571428571428571,Buy
2023-06-20,NDAQ,-0.03628708667469699,Sell
2023-06-20,TRV,-4.920708445988603e-05,Sell
2023-06-20,EWC,-0.03551863324835398,Sell
2023-06-20,EBAY,-0.03583010809065629,Sell
2023-06-20,EOG,0.03571428571428571,Buy
2023-06-20,EWI,0.03571428571428571,Buy
2023-06-20,DLTR,-0.03609048634306762,Sell
2023-06-20,MS,0.00026425987229268533,Buy
2023-06-20,MAR,0.03571428571428571,Buy
2023-06-20,XRT,-0.03584421265859751,Sell
2023-06-20,ILMN,0.0003624934448099165,Buy
2023-06-20,KGC,0.0014791609678989764,Buy
2023-06-20,GOLD,-0.03679647010022571,Sell
2023-06-20,ULTA,-0.0002257022778004783,Sell
2023-06-20,HUM,-0.03609154985693861,Sell
2023-06-20,WSM,0.0005634601311589951,Buy
2023-06-20,NWSA,0.03571428571428571,Buy
2023-06-20,BX,-9.011902919685982e-05,Sell
2023-06-20,PCG,0.0008051156310035501,Buy
2023-06-20,DUK,0.03571428571428571,Buy
2023-06-20,NTES,0.03571428571428571,Buy
2023-06-20,RF,-0.03550912799447179,Sell
2023-06-20,HMC,0.0006855513307536323,Buy
2023-06-20,CME,-1.391434648989609e-05,Sell
2023-06-20,CP,0.0001486013717931986,Buy
2023-06-20,CLX,-4.5512985014498075e-05,Sell
2023-06-20,SYK,-0.03642793061107209,Sell
2023-06-20,VZ,0.03571428571428571,Buy
2023-06-20,MRK,-0.036305631649317216,Sell
2023-06-21,PPG,3.461873784200986e-06,Buy
2023-06-21,BAX,0.03571428571428571,Buy
2023-06-21,A,2.7463478486054738e-05,Buy
2023-06-21,XLP,-0.035761473917219025,Sell
2023-06-21,WEN,0.03571428571428571,Buy
2023-06-21,HYG,0.00016933473024354634,Buy
2023-06-21,ICE,0.03571428571428571,Buy
2023-06-21,CAG,-7.737341215062477e-05,Sell
2023-06-21,QCOM,0.0012862137852758873,Buy
2023-06-21,JNJ,0.00013300567474534147,Buy
2023-06-21,STI,-0.035770662183832354,Sell
2023-06-21,KMB,-0.036095395307346505,Sell
2023-06-21,NDAQ,0.03571428571428571,Buy
2023-06-21,HAS,0.03571428571428571,Buy
2023-06-21,TRV,0.0001335429322483067,Buy
2023-06-21,DPZ,0.03571428571428571,Buy
2023-06-21,EWC,0.03571428571428571,Buy
2023-06-21,EOG,-9.567847220011416e-05,Sell
2023-06-21,QQQ,0.03571428571428571,Buy
2023-06-21,EWI,-9.286835941470228e-05,Sell
2023-06-21,MS,0.00023898331794221933,Buy
2023-06-21,MAR,-0.03611331547530276,Sell
2023-06-21,ILMN,0.0004771724384881812,Buy
2023-06-21,KGC,-7.48689668012073e-05,Sell
2023-06-21,D,0.03571428571428571,Buy
2023-06-21,ULTA,-0.00016835304627289133,Sell
2023-06-21,WSM,0.0002866653411327455,Buy
2023-06-21,NWSA,-0.03597156274415886,Sell
2023-06-21,BX,0.0006646759439095096,Buy
2023-06-21,LOW,0.03571428571428571,Buy
2023-06-21,PCG,-0.0007873360671296487,Sell
2023-06-21,DUK,-0.03590982103883715,Sell
2023-06-21,NTES,-0.035534532992164206,Sell
2023-06-21,HMC,-0.03639574446496881,Sell
2023-06-21,CME,-0.035422941624641636,Sell
2023-06-21,CP,-0.03644879142973495,Sell
2023-06-21,CLX,-0.03581432933671636,Sell
2023-06-21,PRGO,0.03571428571428571,Buy
2023-06-21,ENB,0.03571428571428571,Buy
2023-06-21,VZ,-0.03565545568084521,Sell
2023-06-22,PPG,0.0002974986226236126,Buy
2023-06-22,BAX,-0.0004249451836397383,Sell
2023-06-22,VWO,0.03571428571428571,Buy
2023-06-22,A,-0.00020341105990941827,Sell
2023-06-22,WEN,0.0002708737385013135,Buy
2023-06-22,HYG,8.210414467073324e-06,Buy
2023-06-22,ICE,6.997474093629191e-05,Buy
2023-06-22,CAG,-9.74930742230623e-05,Sell
2023-06-22,GREK,0.03571428571428571,Buy
2023-06-22,QCOM,-0.000295484294478697,Sell
2023-06-22,JNJ,-0.036191993443669974,Sell
2023-06-22,STI,0.03571428571428571,Buy
2023-06-22,KMB,0.03571428571428571,Buy
2023-06-22,NDAQ,-0.03509638897881357,Sell
2023-06-22,HAS,-0.03585342418548836,Sell
2023-06-22,TRV,-4.029270660905332e-05,Sell
2023-06-22,DPZ,-0.03558235682503136,Sell
2023-06-22,VTR,0.03571428571428571,Buy
2023-06-22,EWC,-0.03564497062415275,Sell
2023-06-22,EBAY,0.03571428571428571,Buy
2023-06-22,EOG,0.0007487859504547792,Buy
2023-06-22,QQQ,-0.03623431527442313,Sell
2023-06-22,EWI,-0.03547997743290912,Sell
2023-06-22,MS,0.0006656910222044912,Buy
2023-06-22,ILMN,-0.000506012275506458,Sell
2023-06-22,KGC,0.0002099045109637196,Buy
2023-06-22,WMB,0.03571428571428571,Buy
2023-06-22,D,9.738677766983617e-05,Buy
2023-06-22,ULTA,-0.0005365979508320101,Sell
2023-06-22,WSM,-0.03553646169219963,Sell
2023-06-22,NWSA,0.03571428571428571,Buy
2023-06-22,BX,-0.00010151609177791454,Sell
2023-06-22,LOW,-0.035907059344875314,Sell
2023-06-22,PCG,-0.00011821763176900202,Sell
2023-06-22,DUK,0.03571428571428571,Buy
2023-06-22,HMC,0.03571428571428571,Buy
2023-06-22,PRGO,-0.00029785381130539856,Sell
2023-06-22,ENB,-0.035579046414844044,Sell
2023-06-23,PPG,0.00013005436116906438,Buy
2023-06-23,BAX,-0.00018422997354389237,Sell
2023-06-23,VWO,-0.035561042715529366,Sell
2023-06-23,A,-0.03629077884064016,Sell
2023-06-23,WEN,0.000821797678404082,Buy
2023-06-23,HYG,-0.0002885249937709805,Sell
2023-06-23,ICE,-0.03619949641262883,Sell
2023-06-23,CAG,-3.699427858071258e-05,Sell
2023-06-23,GREK,-0.036046234171440455,Sell
2023-06-23,QCOM,0.0005686256799320166,Buy
2023-06-23,STI,-0.0003856687316973195,Sell
2023-06-23,KMB,-0.00021521106371319432,Sell
2023-06-23,TRV,-8.576942170846619e-05,Sell
2023-06-23,VTR,-0.03604969317361268,Sell
2023-06-23,EBAY,5.944311221928872e-05,Buy
2023-06-23,EOG,0.0001248276625868197,Buy
2023-06-23,MS,4.1062945635161885e-05,Buy
2023-06-23,ILMN,-0.035980261639705066,Sell
2023-06-23,KGC,-0.0002735425457637067,Sell
2023-06-23,GOLD,0.03571428571428571,Buy
2023-06-23,WMB,-0.03608949033255909,Sell
2023-06-23,KO,0.03571428571428571,Buy
2023-06-23,D,0.0004513619631943272,Buy
2023-06-23,ULTA,-0.03588703812281185,Sell
2023-06-23,RL,0.03571428571428571,Buy
2023-06-23,NWSA,-0.00019846667126515588,Sell
2023-06-23,TRIP,0.03571428571428571,Buy
2023-06-23,BX,0.0001743715766099399,Buy
2023-06-23,PCG,0.00048276162367508896,Buy
2023-06-23,DUK,0.00011656759947562684,Buy
2023-06-23,HMC,0.0005919707954486278,Buy
2023-06-23,CLX,0.03571428571428571,Buy
2023-06-23,PRGO,-0.03540055334056111,Sell
2023-06-23,OHI,0.03571428571428571,Buy
2023-06-23,CSIQ,0.03571428571428571,Buy
2023-06-23,BSX,0.03571428571428571,Buy
2023-06-23,XLE,0.03571428571428571,Buy
2023-06-26,MNST,0.03571428571428571,Buy
2023-06-26,PPG,-0.0361591640081303,Sell
2023-06-26,BAX,-0.035337054855398876,Sell
2023-06-26,A,0.03571428571428571,Buy
2023-06-26,NVDA,0.03571428571428571,Buy
2023-06-26,WEN,0.000315937192178678,Buy
2023-06-26,HYG,-0.03561707494638581,Sell
2023-06-26,ICE,0.03571428571428571,Buy
2023-06-26,CAG,-0.035796274341643224,Sell
2023-06-26,GREK,0.03571428571428571,Buy
2023-06-26,QCOM,-0.0366021217497327,Sell
2023-06-26,JNJ,0.03571428571428571,Buy
2023-06-26,STI,0.00018358362681496904,Buy
2023-06-26,KMB,0.0002671625828235824,Buy
2023-06-26,TRV,0.00038895810019358434,Buy
2023-06-26,VTR,0.03571428571428571,Buy
2023-06-26,BDX,0.03571428571428571,Buy
2023-06-26,EBAY,4.255034268175334e-05,Buy
2023-06-26,EOG,-0.03665760323759001,Sell
2023-06-26,QQQ,0.03571428571428571,Buy
2023-06-26,CCL,0.03571428571428571,Buy
2023-06-26,MS,0.00011216303819769347,Buy
2023-06-26,MAR,0.03571428571428571,Buy
2023-06-26,ILMN,0.03571428571428571,Buy
2023-06-26,KGC,-0.00019246539392286932,Sell
2023-06-26,GOLD,-2.1864354139561337e-05,Sell
2023-06-26,KO,0.00010478902212537194,Buy
2023-06-26,D,-0.0362642114637529,Sell
2023-06-26,EW,0.03571428571428571,Buy
2023-06-26,RL,0.00038722627208807175,Buy
2023-06-26,NWSA,-0.03593942861362681,Sell
2023-06-26,TRIP,-0.03535763968700175,Sell
2023-06-26,BX,-0.03597881137884104,Sell
2023-06-26,PCG,0.00017964718246939182,Buy
2023-06-26,DUK,-0.03604224134633893,Sell
2023-06-26,HMC,0.0003407526140616901,Buy
2023-06-26,CLX,-3.632703919181912e-05,Sell
2023-06-26,OHI,-0.035680679849279986,Sell
2023-06-26,CSIQ,-0.034990760138419966,Sell
2023-06-26,BSX,0.00042642415628134367,Buy
2023-06-26,XLE,-0.03623748299458494,Sell
2023-06-26,BMY,0.03571428571428571,Buy
2023-06-27,MNST,7.598923495315268e-05,Buy
2023-06-27,VWO,0.03571428571428571,Buy
2023-06-27,A,0.0007310298739060042,Buy
2023-06-27,HP,0.03571428571428571,Buy
2023-06-27,NVDA,-0.036464023026443984,Sell
2023-06-27,WEN,0.00010082274534948393,Buy
2023-06-27,BUD,0.03571428571428571,Buy
2023-06-27,ICE,9.574458523230189e-05,Buy
2023-06-27,GREK,-0.03583848809206998,Sell
2023-06-27,JNJ,0.0004069998727672386,Buy
2023-06-27,STI,0.0003334837290169465,Buy
2023-06-27,KMB,-0.03586848788058412,Sell
2023-06-27,NDAQ,0.03571428571428571,Buy
2023-06-27,TRV,-0.035421847681548886,Sell
2023-06-27,VTR,-0.03622155038354618,Sell
2023-06-27,BDX,9.07039161247361e-05,Buy
2023-06-27,EBAY,-0.03620304584819874,Sell
2023-06-27,EOG,0.03571428571428571,Buy
2023-06-27,QQQ,-0.03598914599485785,Sell
2023-06-27,CCL,-0.0385069126471108,Sell
2023-06-27,MS,-0.03573635293817851,Sell
2023-06-27,MAR,-0.036577282531986895,Sell
2023-06-27,ILMN,0.0018915821436186198,Buy
2023-06-27,KGC,0.0004856650206441007,Buy
2023-06-27,GOLD,0.0006464179308183354,Buy
2023-06-27,KO,0.0004086107134817704,Buy
2023-06-27,D,0.03571428571428571,Buy
2023-06-27,EW,-0.035657556080043125,Sell
2023-06-27,RL,-0.03621234112839816,Sell
2023-06-27,TRIP,0.03571428571428571,Buy
2023-06-27,PCG,0.00016560615857635907,Buy
2023-06-27,DUK,0.03571428571428571,Buy
2023-06-27,HMC,2.6434543291382895e-05,Buy
2023-06-27,CME,0.03571428571428571,Buy
2023-06-27,CLX,-0.03599225633350455,Sell
2023-06-27,PRGO,0.03571428571428571,Buy
2023-06-27,BSX,0.00034009585302351153,Buy
2023-06-27,XLE,0.03571428571428571,Buy
2023-06-27,MT,0.03571428571428571,Buy
2023-06-27,MRK,0.03571428571428571,Buy
2023-06-27,BMY,0.00035532245973279863,Buy
2023-06-28,MNST,0.0005401377287848896,Buy
2023-06-28,VWO,7.776180026924928e-05,Buy
2023-06-28,A,0.0001417815254137894,Buy
2023-06-28,CF,0.03571428571428571,Buy
2023-06-28,HP,3.085240644341847e-05,Buy
2023-06-28,XLP,0.03571428571428571,Buy
2023-06-28,NVDA,0.03571428571428571,Buy
2023-06-28,WEN,-0.03584409204237987,Sell
2023-06-28,BUD,-0.03537858953734425,Sell
2023-06-28,ICE,-0.03605159981711179,Sell
2023-06-28,CAG,0.03571428571428571,Buy
2023-06-28,JNJ,9.28207910853851e-06,Buy
2023-06-28,STI,-6.302321616687839e-05,Sell
2023-06-28,KMB,0.03571428571428571,Buy
2023-06-28,NDAQ,0.00010932804116626366,Buy
2023-06-28,TRV,0.03571428571428571,Buy
2023-06-28,BDX,-0.0358839866645122,Sell
2023-06-28,EOG,-0.03650283443566953,Sell
2023-06-28,MS,0.03571428571428571,Buy
2023-06-28,ILMN,-0.00027367286474432734,Sell
2023-06-28,KGC,9.152449016865127e-05,Buy
2023-06-28,GOLD,-0.035697499007160335,Sell
2023-06-28,KO,0.00027079331557098435,Buy
2023-06-28,D,0.0005161206683350628,Buy
2023-06-28,TRIP,-0.03577730893045259,Sell
2023-06-28,DUK,0.0004982171441452743,Buy
2023-06-28,HMC,-0.03616799105974697,Sell
2023-06-28,CME,-0.036615015177075785,Sell
2023-06-28,CP,0.03571428571428571,Buy
2023-06-28,CLX,0.03571428571428571,Buy
2023-06-28,PRGO,2.2906461160966674e-05,Buy
2023-06-28,BSX,-3.626821397178376e-05,Sell
2023-06-28,XLE,-0.03613993405566291,Sell
2023-06-28,ZUMZ,0.03571428571428571,Buy
2023-06-28,MT,0.00022774021045800924,Buy
2023-06-28,MRK,0.00021481036318025254,Buy
2023-06-28,BMY,0.0003016626977230333,Buy
2023-06-29,MNST,0.00011062486562105761,Buy
2023-06-29,AMTD,0.03571428571428571,Buy
2023-06-29,VWO,0.00042678200030579067,Buy
2023-06-29,A,-0.03594783014496519,Sell
2023-06-29,CF,-0.03651101461157827,Sell
2023-06-29,HP,-0.03634778588081505,Sell
2023-06-29,XLP,0.00031174256126692557,Buy
2023-06-29,NVDA,0.0005322901570200614,Buy
2023-06-29,JNJ,3.0137650404826744e-05,Buy
2023-06-29,STI,0.0003115317403758894,Buy
2023-06-29,KMB,0.00022629738139662292,Buy
2023-06-29,NDAQ,8.506810163442374e-05,Buy
2023-06-29,TRV,-0.00027338813674492035,Sell
2023-06-29,DHI,0.03571428571428571,Buy
2023-06-29,EBAY,0.03571428571428571,Buy
2023-06-29,DLTR,0.03571428571428571,Buy
2023-06-29,MS,-0.035963633274571756,Sell
2023-06-29,ILMN,8.982312858604735e-05,Buy
2023-06-29,KGC,-0.03674301745964619,Sell
2023-06-29,KO,0.0005708042106253239,Buy
2023-06-29,D,0.0001682823923860044,Buy
2023-06-29,PCG,-5.725298135929313e-05,Sell
2023-06-29,DUK,0.00036554006688779145,Buy
2023-06-29,HMC,0.03571428571428571,Buy
2023-06-29,CP,7.000514524590357e-05,Buy
2023-06-29,CLX,5.902806477536826e-05,Buy
2023-06-29,PRGO,-0.00015918333387234668,Sell
2023-06-29,BSX,0.00038411471993141794,Buy
2023-06-29,ZUMZ,-0.0005768765688233465,Sell
2023-06-29,MT,-0.00017068806410872744,Sell
2023-06-29,MRK,-6.863987543863359e-05,Sell
2023-06-29,BMY,0.0003277988828503109,Buy
2023-06-30,MNST,0.00023925894751448268,Buy
2023-06-30,CNC,0.03571428571428571,Buy
2023-06-30,AMTD,-0.03568854934994743,Sell
2023-06-30,VWO,-5.614309238418519e-05,Sell
2023-06-30,CF,0.03571428571428571,Buy
2023-06-30,XLP,-0.03577134649445281,Sell
2023-06-30,NVDA,-0.036748369829436814,Sell
2023-06-30,WEN,0.03571428571428571,Buy
2023-06-30,RRC,0.03571428571428571,Buy
2023-06-30,CAG,-0.00018488153483873365,Sell
2023-06-30,JNJ,-0.03576953982751135,Sell
2023-06-30,STI,-0.035462674454941896,Sell
2023-06-30,KMB,1.891506378724067e-05,Buy
2023-06-30,NDAQ,0.00025161125934381606,Buy
2023-06-30,TRV,-0.0003021425062437119,Sell
2023-06-30,DHI,-0.035860505043883655,Sell
2023-06-30,MU,0.03571428571428571,Buy
2023-06-30,EBAY,0.00018005050875164602,Buy
2023-06-30,DLTR,0.0002787745196889471,Buy
2023-06-30,MS,0.03571428571428571,Buy
2023-06-30,ILMN,-0.00013075640920465204,Sell
2023-06-30,KGC,0.03571428571428571,Buy
2023-06-30,KO,0.0001334456003934878,Buy
2023-06-30,D,0.00027214466752497474,Buy
2023-06-30,PCG,-0.0001846678928433751,Sell
2023-06-30,DUK,-9.152683811131102e-05,Sell
2023-06-30,HMC,0.00032167633605415663,Buy
2023-06-30,CME,0.03571428571428571,Buy
2023-06-30,CP,-0.036106395245056544,Sell
2023-06-30,CLX,-2.1676220060551366e-06,Sell
2023-06-30,PRGO,-0.0357894666936705,Sell
2023-06-30,OHI,0.03571428571428571,Buy
2023-06-30,BSX,-0.035995046607703744,Sell
2023-06-30,ZUMZ,0.0009199295932168366,Buy
2023-06-30,MT,5.5972378305728376e-05,Buy
2023-06-30,MRK,-0.0003262049280400234,Sell
2023-06-30,BMY,0.0002793124080317094,Buy
2023-07-03,MNST,0.000527198996311852,Buy
2023-07-03,CNC,0.0002665394264025206,Buy
2023-07-03,VWO,-0.035838802970662324,Sell
2023-07-03,A,0.03571428571428571,Buy
2023-07-03,CF,-0.03600618019934083,Sell
2023-07-03,WEN,0.00014286596597273826,Buy
2023-07-03,HYG,0.03571428571428571,Buy
2023-07-03,ICE,0.03571428571428571,Buy
2023-07-03,RRC,-0.03540534319412497,Sell
2023-07-03,CAG,-0.0001649686047432361,Sell
2023-07-03,JNJ,0.03571428571428571,Buy
2023-07-03,KMB,0.00037354340356695465,Buy
2023-07-03,NDAQ,0.0003312354468830575,Buy
2023-07-03,TRV,0.00034094221394824487,Buy
2023-07-03,DPZ,0.03571428571428571,Buy
2023-07-03,DHI,0.03571428571428571,Buy
2023-07-03,BDX,0.03571428571428571,Buy
2023-07-03,MU,-0.035934094735212675,Sell
2023-07-03,EBAY,-0.03591867085931139,Sell
2023-07-03,EOG,0.03571428571428571,Buy
2023-07-03,DLTR,-0.036471681005063004,Sell
2023-07-03,MS,-0.035909558661339054,Sell
2023-07-03,MAR,0.03571428571428571,Buy
2023-07-03,ILMN,0.00010519739247459581,Buy
2023-07-03,KGC,-0.0001475629312174681,Sell
2023-07-03,KO,1.2284354742327086e-05,Buy
2023-07-03,D,-0.03605174959204486,Sell
2023-07-03,EW,0.03571428571428571,Buy
2023-07-03,HUM,0.03571428571428571,Buy
2023-07-03,PCG,0.00022444926684564437,Buy
2023-07-03,DUK,-0.03587739775212266,Sell
2023-07-03,HMC,-0.03591135993305398,Sell
2023-07-03,CME,5.7805663197144086e-05,Buy
2023-07-03,CLX,-6.564892662214855e-05,Sell
2023-07-03,PRGO,0.03571428571428571,Buy
2023-07-03,OHI,-0.03553609476942198,Sell
2023-07-03,SYK,0.03571428571428571,Buy
2023-07-03,BSX,0.03571428571428571,Buy
2023-07-03,ZUMZ,-0.036725376820812464,Sell
2023-07-03,MT,-0.03537301032955801,Sell
2023-07-03,MRK,0.0005504612860689762,Buy
2023-07-03,BMY,-0.03575621520611189,Sell
2023-07-05,MNST,-0.00014112992662817375,Sell
2023-07-05,CNC,-0.035880069782103195,Sell
2023-07-05,PPG,0.03571428571428571,Buy
2023-07-05,A,-0.035896899411498734,Sell
2023-07-05,WEN,0.00029893761680561265,Buy
2023-07-05,HYG,-1.7969673032240674e-05,Sell
2023-07-05,ICE,6.824012817661929e-05,Buy
2023-07-05,CAG,0.00031304933421780895,Buy
2023-07-05,QCOM,0.03571428571428571,Buy
2023-07-05,JNJ,-1.0047293467360663e-05,Sell
2023-07-05,STI,0.03571428571428571,Buy
2023-07-05,KMB,-0.00017025536657264834,Sell
2023-07-05,NDAQ,-0.0002871961034396145,Sell
2023-07-05,TRV,-2.4999997712750466e-05,Sell
2023-07-05,DPZ,5.244926746716949e-05,Buy
2023-07-05,DHI,-0.03558035304427642,Sell
2023-07-05,BDX,9.314503866211105e-05,Buy
2023-07-05,EOG,-0.03571470196801484,Sell
2023-07-05,ANF,0.03571428571428571,Buy
2023-07-05,MAR,-0.03543231252593356,Sell
2023-07-05,ILMN,-0.035635146987538016,Sell
2023-07-05,KGC,0.00039199646947862127,Buy
2023-07-05,GOLD,0.03571428571428571,Buy
2023-07-05,KO,-0.03610906971566981,Sell
2023-07-05,PVH,0.03571428571428571,Buy
2023-07-05,EW,7.90942472378986e-05,Buy
2023-07-05,HUM,-2.573237436053616e-05,Sell
2023-07-05,TRIP,0.03571428571428571,Buy
2023-07-05,PCG,-0.03696291625176599,Sell
2023-07-05,HMC,0.03571428571428571,Buy
2023-07-05,CME,0.0003162277333389335,Buy
2023-07-05,CP,0.03571428571428571,Buy
2023-07-05,CLX,-3.91198864296699e-05,Sell
2023-07-05,PRGO,-0.03544800855041548,Sell
2023-07-05,SYK,-5.2764103013795693e-05,Sell
2023-07-05,BSX,6.560151556889854e-05,Buy
2023-07-05,MRK,6.896840482589067e-05,Buy
2023-07-06,MNST,-0.0001249689862019565,Sell
2023-07-06,PPG,-0.00011848794930430229,Sell
2023-07-06,A,0.03571428571428571,Buy
2023-07-06,XLP,0.03571428571428571,Buy
2023-07-06,WEN,-0.03563181630892042,Sell
2023-07-06,HYG,-9.081571763538965e-05,Sell
2023-07-06,ICE,-0.03596761540189561,Sell
2023-07-06,CAG,-9.57968890875141e-05,Sell
2023-07-06,GREK,0.03571428571428571,Buy
2023-07-06,QCOM,0.00023524913434574274,Buy
2023-07-06,JNJ,-8.483153683148253e-05,Sell
2023-07-06,STI,-0.036067167673948436,Sell
2023-07-06,KMB,-0.036127441912778786,Sell
2023-07-06,NDAQ,0.00031904219299865033,Buy
2023-07-06,TRV,-1.801314493024564e-06,Sell
2023-07-06,DPZ,-0.03595410956708064,Sell
2023-07-06,DHI,0.03571428571428571,Buy
2023-07-06,BDX,-0.00015473889496556148,Sell
2023-07-06,EOG,0.03571428571428571,Buy
2023-07-06,ANF,-0.03546804679326823,Sell
2023-07-06,MS,0.03571428571428571,Buy
2023-07-06,ILMN,0.03571428571428571,Buy
2023-07-06,KGC,-0.03454854846785541,Sell
2023-07-06,GOLD,-0.0356234726365916,Sell
2023-07-06,KO,0.03571428571428571,Buy
2023-07-06,PVH,-0.036011471274820225,Sell
2023-07-06,EW,-0.0001546235601631099,Sell
2023-07-06,HUM,-2.867872042854741e-05,Sell
2023-07-06,TRIP,-0.03544987969489577,Sell
2023-07-06,LOW,0.03571428571428571,Buy
2023-07-06,HMC,6.168287578429965e-05,Buy
2023-07-06,CME,-0.00023517776814927643,Sell
2023-07-06,CP,0.00033449611122041145,Buy
2023-07-06,CLX,-0.00033258528291690154,Sell
2023-07-06,SYK,-0.00014790657910802169,Sell
2023-07-06,BSX,-0.00010227513308112834,Sell
2023-07-06,MRK,0.00026568213706577165,Buy
2023-07-06,BMY,0.03571428571428571,Buy
2023-07-07,MNST,0.00033647886099912733,Buy
2023-07-07,PPG,-0.036226500471035844,Sell
2023-07-07,A,0.0003007360414965382,Buy
2023-07-07,XLP,0.0003350603992107182,Buy
2023-07-07,HYG,-0.00016612168071073602,Sell
2023-07-07,CAG,9.308579187397581e-05,Buy
2023-07-07,GREK,-0.03633263150104787,Sell
2023-07-07,QCOM,-0.03607038497501624,Sell
2023-07-07,JNJ,0.00038916729940098593,Buy
2023-07-07,KMB,0.03571428571428571,Buy
2023-07-07,NDAQ,-0.00011747362265918104,Sell
2023-07-07,TRV,-0.00028731019850027767,Sell
2023-07-07,VTR,0.03571428571428571,Buy
2023-07-07,DHI,-0.00029751058324361396,Sell
2023-07-07,EWC,0.03571428571428571,Buy
2023-07-07,BDX,0.00013791980481534655,Buy
2023-07-07,EOG,-0.03710780011390831,Sell
2023-07-07,MS,-0.00014500895351646226,Sell
2023-07-07,ILMN,-0.00029710958722962283,Sell
2023-07-07,KGC,0.03571428571428571,Buy
2023-07-07,KO,0.0003414338917382617,Buy
2023-07-07,EW,-5.285007598074959e-05,Sell
2023-07-07,HUM,0.0007498488248600943,Buy
2023-07-07,LOW,-0.03593057391783414,Sell
2023-07-07,DUK,0.03571428571428571,Buy
2023-07-07,HMC,-0.00022737466091522773,Sell
2023-07-07,CME,0.00012219549137469643,Buy
2023-07-07,CP,4.5428669787205e-05,Buy
2023-07-07,CLX,0.00028499996920245546,Buy
2023-07-07,PRGO,0.03571428571428571,Buy
2023-07-07,SYK,3.883457828593451e-05,Buy
2023-07-07,BSX,0.00026784790732503616,Buy
2023-07-07,MRK,0.0007500223100879791,Buy
2023-07-07,BMY,-0.03540000701381157,Sell
2023-07-10,MNST,-0.000196708948036535,Sell
2023-07-10,A,-0.03599980619296465,Sell
2023-07-10,XLP,0.00013782311523666962,Buy
2023-07-10,NVDA,0.03571428571428571,Buy
2023-07-10,HYG,-0.035764433086632526,Sell
2023-07-10,CAG,0.00046020789982720994,Buy
2023-07-10,JNJ,7.00487698458499e-05,Buy
2023-07-10,STI,0.03571428571428571,Buy
2023-07-10,KMB,0.00017546557702770305,Buy
2023-07-10,NDAQ,-0.035680619758470845,Sell
2023-07-10,HAS,0.03571428571428571,Buy
2023-07-10,TRV,0.0006630102740766974,Buy
2023-07-10,VTR,-0.03563815925475762,Sell
2023-07-10,DHI,-0.03675806484891949,Sell
2023-07-10,EWC,0.00017996372534923033,Buy
2023-07-10,BDX,3.948862856222035e-05,Buy
2023-07-10,QQQ,0.03571428571428571,Buy
2023-07-10,MS,0.00011106184401803859,Buy
2023-07-10,ILMN,-0.035706506893664725,Sell
2023-07-10,KGC,-0.037291805300756514,Sell
2023-07-10,TRP,0.03571428571428571,Buy
2023-07-10,KO,0.0003960994973197657,Buy
2023-07-10,D,0.03571428571428571,Buy
2023-07-10,EW,-0.036130232462308565,Sell
2023-07-10,HUM,-0.0002491187530195074,Sell
2023-07-10,NWSA,0.03571428571428571,Buy
2023-07-10,PCG,0.03571428571428571,Buy
2023-07-10,DUK,0.00034616346393714914,Buy
2023-07-10,HMC,0.0005172493272704443,Buy
2023-07-10,CME,0.0002552624237407014,Buy
2023-07-10,CP,0.000318868119459248,Buy
2023-07-10,CLX,0.00047500874210238547,Buy
2023-07-10,PRGO,-0.03593513651995258,Sell
2023-07-10,SYK,3.578493599762367e-06,Buy
2023-07-10,BSX,-0.000150892214923308,Sell
2023-07-10,MRK,-0.0001852793661592661,Sell
2023-07-10,BMY,0.03571428571428571,Buy
2023-07-11,MNST,0.0006935526775270137,Buy
2023-07-11,CNC,0.03571428571428571,Buy
2023-07-11,AMTD,0.03571428571428571,Buy
2023-07-11,A,0.03571428571428571,Buy
2023-07-11,XLP,0.00010423245666295322,Buy
2023-07-11,NVDA,-3.2180226399787515e-05,Sell
2023-07-11,CAG,-6.939863388332607e-05,Sell
2023-07-11,JNJ,0.0003536418708689898,Buy
2023-07-11,STI,0.00029053437085899136,Buy
2023-07-11,KMB,0.00014958739401799148,Buy
2023-07-11,NDAQ,0.03571428571428571,Buy
2023-07-11,HAS,-0.035961862133643996,Sell
2023-07-11,TRV,-0.0005344232432632767,Sell
2023-07-11,EWC,-1.8848637884372188e-05,Sell
2023-07-11,BDX,-8.68736710583004e-05,Sell
2023-07-11,QQQ,-0.035732462562029374,Sell
2023-07-11,CCL,0.03571428571428571,Buy
2023-07-11,MS,-0.036221885121042775,Sell
2023-07-11,KGC,0.03571428571428571,Buy
2023-07-11,TRP,-0.035702671737270604,Sell
2023-07-11,KO,3.159083129158913e-05,Buy
2023-07-11,D,-0.035839434049127594,Sell
2023-07-11,EW,0.03571428571428571,Buy
2023-07-11,HUM,-4.863816353006811e-05,Sell
2023-07-11,NWSA,-0.03619271882529672,Sell
2023-07-11,PCG,-0.036233087679157665,Sell
2023-07-11,DUK,-0.03621835282112939,Sell
2023-07-11,HMC,5.028007781193028e-05,Buy
2023-07-11,CME,-4.451428404053659e-05,Sell
2023-07-11,CP,-2.9561692161970965e-05,Sell
2023-07-11,CLX,0.0005211216044739217,Buy
2023-07-11,SYK,2.3834054662073834e-05,Buy
2023-07-11,BSX,0.00032616292875660424,Buy
2023-07-11,ENB,0.03571428571428571,Buy
2023-07-11,MT,0.03571428571428571,Buy
2023-07-11,MRK,0.0005649191082607863,Buy
2023-07-11,BMY,-0.03573321351967912,Sell
2023-07-12,MNST,-0.00038312812904688076,Sell
2023-07-12,CNC,0.0021376300653321717,Buy
2023-07-12,AMTD,-0.03543502668517934,Sell
2023-07-12,A,-0.03611822604706402,Sell
2023-07-12,XLP,-2.8869061637397386e-05,Sell
2023-07-12,NVDA,-0.03691963109926051,Sell
2023-07-12,WEN,0.03571428571428571,Buy
2023-07-12,RRC,0.03571428571428571,Buy
2023-07-12,CAG,0.0002042994957167782,Buy
2023-07-12,JNJ,0.00017719996754343714,Buy
2023-07-12,STI,0.00022098147936740892,Buy
2023-07-12,KMB,0.00019862684213829696,Buy
2023-07-12,NDAQ,-0.00015448662280152098,Sell
2023-07-12,TRV,0.00031011092069582746,Buy
2023-07-12,EWC,-0.03616794068788674,Sell
2023-07-12,BDX,0.00014570334239219496,Buy
2023-07-12,MU,0.03571428571428571,Buy
2023-07-12,HTZ,0.03571428571428571,Buy
2023-07-12,CCL,0.0013365913911474736,Buy
2023-07-12,KGC,-0.037510351078166713,Sell
2023-07-12,KO,-0.00013816229723136175,Sell
2023-07-12,EW,-0.03591533319138943,Sell
2023-07-12,HUM,-0.0346705558418629,Sell
2023-07-12,NTAP,0.03571428571428571,Buy
2023-07-12,HMC,-0.00031567361029172236,Sell
2023-07-12,CME,0.0002530531295797181,Buy
2023-07-12,CP,-0.0004197919065829919,Sell
2023-07-12,CLX,-5.927386817372593e-05,Sell
2023-07-12,PRGO,0.03571428571428571,Buy
2023-07-12,SYK,-0.00014134222789780743,Sell
2023-07-12,BSX,4.676237989176962e-05,Buy
2023-07-12,ENB,-0.03611149581958731,Sell
2023-07-12,ZUMZ,0.03571428571428571,Buy
2023-07-12,MT,-0.03658939101100369,Sell
2023-07-12,VZ,0.03571428571428571,Buy
2023-07-12,MRK,0.0004570826171647127,Buy
2023-07-12,BMY,0.03571428571428571,Buy
2023-07-13,MNST,-0.03601304539636552,Sell
2023-07-13,CNC,0.00012151251308897826,Buy
2023-07-13,A,0.03571428571428571,Buy
2023-07-13,XLP,-0.00011238120611372499,Sell
2023-07-13,WEN,0.0003195898694489732,Buy
2023-07-13,RRC,0.0005685024317798881,Buy
2023-07-13,CAG,-0.00015708379549440876,Sell
2023-07-13,JNJ,-0.00012711286518470727,Sell
2023-07-13,STI,3.763451800965767e-05,Buy
2023-07-13,KMB,5.83969182658961e-06,Buy
2023-07-13,NDAQ,-0.0007971927840756607,Sell
2023-07-13,TRV,0.0006422529694838988,Buy
2023-07-13,BDX,-0.0001402959382042282,Sell
2023-07-13,MU,-0.0003762388331593966,Sell
2023-07-13,ANF,0.03571428571428571,Buy
2023-07-13,HTZ,-0.036135514443402836,Sell
2023-07-13,CCL,0.0009579457374867678,Buy
2023-07-13,ALK,0.03571428571428571,Buy
2023-07-13,ILMN,0.03571428571428571,Buy
2023-07-13,KO,-0.03598070895038475,Sell
2023-07-13,RL,0.03571428571428571,Buy
2023-07-13,HUM,0.03571428571428571,Buy
2023-07-13,NTAP,-0.03631315816877172,Sell
2023-07-13,HMC,-0.00012747897165690802,Sell
2023-07-13,CME,-0.0003381982470533479,Sell
2023-07-13,CP,-0.0004297218958812868,Sell
2023-07-13,CLX,0.00021676877255051574,Buy
2023-07-13,PRGO,-0.03584920679422564,Sell
2023-07-13,SYK,-0.03586937650787659,Sell
2023-07-13,CSIQ,0.03571428571428571,Buy
2023-07-13,BSX,-0.03590107667142165,Sell
2023-07-13,ZUMZ,0.0009146035635004893,Buy
2023-07-13,VZ,0.00026278261266525493,Buy
2023-07-13,MRK,0.0004193977379438746,Buy
2023-07-13,BMY,3.763451800965767e-05,Buy
2023-07-14,CNC,-0.0369327944010509,Sell
2023-07-14,VWO,0.03571428571428571,Buy
2023-07-14,A,-0.03593861523054207,Sell
2023-07-14,XLP,-0.03593953430743925,Sell
2023-07-14,WEN,-0.00013784990599647468,Sell
2023-07-14,DAL,0.03571428571428571,Buy
2023-07-14,HYG,0.03571428571428571,Buy
2023-07-14,RRC,-0.03483488390433557,Sell
2023-07-14,CAG,0.0001765641755812966,Buy
2023-07-14,JNJ,-0.03605764717757534,Sell
2023-07-14,STI,-0.00010428076995157298,Sell
2023-07-14,KMB,-0.00019729803948675267,Sell
2023-07-14,NDAQ,0.00028771298198734807,Buy
2023-07-14,HAS,0.03571428571428571,Buy
2023-07-14,TRV,0.0003790661097724385,Buy
2023-07-14,EWC,0.03571428571428571,Buy
2023-07-14,BDX,-2.711854840839467e-05,Sell
2023-07-14,MU,0.0001454978816810143,Buy
2023-07-14,EOG,0.03571428571428571,Buy
2023-07-14,ANF,-0.036798886619906934,Sell
2023-07-14,HTZ,0.03571428571428571,Buy
2023-07-14,CCL,0.0009450508408868213,Buy
2023-07-14,MS,0.03571428571428571,Buy
2023-07-14,ALK,0.0012008488775126294,Buy
2023-07-14,ILMN,0.00021439124338245436,Buy
2023-07-14,WMB,0.03571428571428571,Buy
2023-07-14,TRP,0.03571428571428571,Buy
2023-07-14,RL,-0.035450997088068925,Sell
2023-07-14,HUM,-0.0010025074640842707,Sell
2023-07-14,PCG,0.03571428571428571,Buy
2023-07-14,HMC,8.429892387502164e-05,Buy
2023-07-14,CME,-0.03638745889954771,Sell
2023-07-14,CP,-0.03588536609169892,Sell
2023-07-14,CLX,-0.035818566484237285,Sell
2023-07-14,CSIQ,-0.03460088228718561,Sell
2023-07-14,ZUMZ,-0.0004940601008815229,Sell
2023-07-14,VZ,0.0005471618205853679,Buy
2023-07-14,MRK,-0.0004479131667149694,Sell
2023-07-14,BMY,9.126003247949405e-05,Buy
2023-07-17,BAX,0.03571428571428571,Buy
2023-07-17,VWO,-0.03584993570481438,Sell
2023-07-17,A,0.03571428571428571,Buy
2023-07-17,WEN,-5.942577332784804e-05,Sell
2023-07-17,DAL,-0.036046002515297645,Sell
2023-07-17,HYG,-0.03587399306033783,Sell
2023-07-17,CAG,0.0005818369836643605,Buy
2023-07-17,JNJ,0.03571428571428571,Buy
2023-07-17,STI,-0.03617882313694612,Sell
2023-07-17,KMB,6.338541751137877e-05,Buy
2023-07-17,NDAQ,-0.00029813394176560204,Sell
2023-07-17,HAS,-3.709145421768034e-05,Sell
2023-07-17,TRV,-0.0006625925060104246,Sell
2023-07-17,VTR,0.03571428571428571,Buy
2023-07-17,EWC,-0.0358580470207861,Sell
2023-07-17,BDX,0.00028666732083849206,Buy
2023-07-17,MU,-0.03641073002682382,Sell
2023-07-17,EOG,-0.03573196639843354,Sell
2023-07-17,HTZ,0.0004895965995613538,Buy
2023-07-17,CCL,-0.036804769151093285,Sell
2023-07-17,MS,-0.036053527974966526,Sell
2023-07-17,ALK,-0.03567046480880261,Sell
2023-07-17,ILMN,0.0004829493748597022,Buy
2023-07-17,WMB,0.00030395836035458645,Buy
2023-07-17,TRP,0.0004202889802783008,Buy
2023-07-17,D,0.03571428571428571,Buy
2023-07-17,PVH,0.03571428571428571,Buy
2023-07-17,HUM,-5.0143613224973294e-05,Sell
2023-07-17,PCG,-0.00011304297596329699,Sell
2023-07-17,DUK,0.03571428571428571,Buy
2023-07-17,HMC,-1.003544305258619e-05,Sell
2023-07-17,CME,0.03571428571428571,Buy
2023-07-17,CP,0.03571428571428571,Buy
2023-07-17,CSIQ,0.03571428571428571,Buy
2023-07-17,BSX,0.03571428571428571,Buy
2023-07-17,ZUMZ,-0.0013101969095482002,Sell
2023-07-17,VZ,-0.0331224928862715,Sell
2023-07-17,MRK,0.0004974957546449513,Buy
2023-07-17,BMY,-4.091938395563155e-05,Sell
2023-07-18,MNST,0.03571428571428571,Buy
2023-07-18,BAX,-0.03605359689516208,Sell
2023-07-18,VWO,0.03571428571428571,Buy
2023-07-18,A,-0.03606561213234729,Sell
2023-07-18,XLP,0.03571428571428571,Buy
2023-07-18,WEN,0.000311280659392163,Buy
2023-07-18,ICE,0.03571428571428571,Buy
2023-07-18,CAG,0.00014328744118028564,Buy
2023-07-18,JNJ,4.607526628318259e-05,Buy
2023-07-18,KMB,0.0002135306917745855,Buy
2023-07-18,NDAQ,-0.00029254279513190456,Sell
2023-07-18,HAS,0.0004897202418842964,Buy
2023-07-18,TRV,-0.00047030584467557673,Sell
2023-07-18,VTR,0.00027463678864533825,Buy
2023-07-18,BDX,8.831602637258268e-05,Buy
2023-07-18,HTZ,-0.03639801629567413,Sell
2023-07-18,ILMN,0.0007818868270600757,Buy
2023-07-18,KGC,0.03571428571428571,Buy
2023-07-18,WMB,-0.036027049536384456,Sell
2023-07-18,TRP,0.00016423973443099177,Buy
2023-07-18,D,0.00022459567368189604,Buy
2023-07-18,ULTA,0.03571428571428571,Buy
2023-07-18,PVH,-0.03607838350750923,Sell
2023-07-18,HUM,-0.0004751155245763389,Sell
2023-07-18,PCG,0.0006840186539717186,Buy
2023-07-18,DUK,0.00038196440486435584,Buy
2023-07-18,HMC,-0.03636824779564796,Sell
2023-07-18,CME,-0.00030276117495750543,Sell
2023-07-18,CP,-0.03595663929667878,Sell
2023-07-18,CLX,0.03571428571428571,Buy
2023-07-18,SYK,0.03571428571428571,Buy
2023-07-18,CSIQ,-0.03505220640738953,Sell
2023-07-18,BSX,-0.035806051421950355,Sell
2023-07-18,ENB,0.03571428571428571,Buy
2023-07-18,ZUMZ,-0.03567044760797543,Sell
2023-07-18,VZ,0.03571428571428571,Buy
2023-07-18,MRK,-8.455367872760994e-05,Sell
2023-07-18,BMY,-4.267796239829785e-05,Sell
2023-07-19,MNST,-0.0001959535069442908,Sell
2023-07-19,PPG,0.03571428571428571,Buy
2023-07-19,VWO,0.00029418848344756054,Buy
2023-07-19,XLP,-0.035830764425417126,Sell
2023-07-19,WEN,-0.0005607519539170339,Sell
2023-07-19,ICE,0.00036842273366445577,Buy
2023-07-19,CAG,-0.03588989537175003,Sell
2023-07-19,JNJ,0.0003144848963894664,Buy
2023-07-19,STI,0.03571428571428571,Buy
2023-07-19,KMB,-0.00014099711114201607,Sell
2023-07-19,NDAQ,0.0008989748462534877,Buy
2023-07-19,HAS,-0.03626252738340438,Sell
2023-07-19,TRV,0.0003385308498182124,Buy
2023-07-19,VTR,-0.03592572186062318,Sell
2023-07-19,BDX,0.0004396338693461385,Buy
2023-07-19,ILMN,-0.0005830214338181927,Sell
2023-07-19,KGC,0.00044855835377451136,Buy
2023-07-19,WMB,0.03571428571428571,Buy
2023-07-19,TRP,4.9047215368157315e-05,Buy
2023-07-19,D,-0.03611041273995649,Sell
2023-07-19,ULTA,0.00033322770041024213,Buy
2023-07-19,EW,0.03571428571428571,Buy
2023-07-19,HUM,-0.03599671045096334,Sell
2023-07-19,NWSA,0.03571428571428571,Buy
2023-07-19,PCG,-0.00022279356915657494,Sell
2023-07-19,DUK,-0.0357598950971619,Sell
2023-07-19,CME,0.0003701767392646077,Buy
2023-07-19,CLX,7.731168732359045e-05,Buy
2023-07-19,SYK,0.0005014172211593032,Buy
2023-07-19,BSX,0.03571428571428571,Buy
2023-07-19,XLE,0.03571428571428571,Buy
2023-07-19,ENB,3.977187801918608e-05,Buy
2023-07-19,MT,0.03571428571428571,Buy
2023-07-19,VZ,-0.037339804945956664,Sell
2023-07-19,MRK,0.00024312413239543224,Buy
2023-07-19,BMY,0.00020879977851787773,Buy
2023-07-20,MNST,-0.03568974751096367,Sell
2023-07-20,PPG,0.0003566020703808237,Buy
2023-07-20,AMTD,0.03571428571428571,Buy
2023-07-20,VWO,0.00045075778112899784,Buy
2023-07-20,NVDA,0.03571428571428571,Buy
2023-07-20,WEN,9.802134045089339e-05,Buy
2023-07-20,HYG,0.03571428571428571,Buy
2023-07-20,ICE,-0.035476000937218456,Sell
2023-07-20,QCOM,0.03571428571428571,Buy
2023-07-20,JNJ,-0.03764015213166019,Sell
2023-07-20,STI,0.00022908286560001379,Buy
2023-07-20,KMB,0.00035492805372912967,Buy
2023-07-20,NDAQ,0.000806073871951668,Buy
2023-07-20,HAS,0.03571428571428571,Buy
2023-07-20,TRV,-0.036123908890490046,Sell
2023-07-20,EWC,0.03571428571428571,Buy
2023-07-20,BDX,-0.036669897216129475,Sell
2023-07-20,MU,0.03571428571428571,Buy
2023-07-20,EWI,0.03571428571428571,Buy
2023-07-20,HTZ,0.03571428571428571,Buy
2023-07-20,CCL,0.03571428571428571,Buy
2023-07-20,TSM,0.03571428571428571,Buy
2023-07-20,ILMN,0.00029830997286555555,Buy
2023-07-20,KGC,0.0010559133775267446,Buy
2023-07-20,WMB,-0.035783394372726395,Sell
2023-07-20,TRP,-0.03623923135221859,Sell
2023-07-20,ULTA,0.0008962978719408779,Buy
2023-07-20,EW,-0.03588413009733842,Sell
2023-07-20,HUM,0.03571428571428571,Buy
2023-07-20,NWSA,0.0007045647748349371,Buy
2023-07-20,MRVL,0.03571428571428571,Buy
2023-07-20,PCG,-0.03546519976966849,Sell
2023-07-20,CME,3.298263093554077e-05,Buy
2023-07-20,CLX,0.0002611903388159975,Buy
2023-07-20,SYK,-0.03567318890746107,Sell
2023-07-20,BSX,-0.036244533937191195,Sell
2023-07-20,XLE,-0.00018768893572316397,Sell
2023-07-20,ENB,-0.0001851048783929679,Sell
2023-07-20,ZUMZ,0.03571428571428571,Buy
2023-07-20,MT,-0.03563815175933511,Sell
2023-07-20,MRK,-0.03632586526821172,Sell
2023-07-20,BMY,-0.03646296137053179,Sell
2023-07-21,PPG,0.00022605376709057545,Buy
2023-07-21,AMTD,-0.03534055406582335,Sell
2023-07-21,VWO,0.000155323049480037,Buy
2023-07-21,NVDA,0.0010845829847079963,Buy
2023-07-21,WEN,0.00033449722596579773,Buy
2023-07-21,HYG,4.822289510902217e-05,Buy
2023-07-21,NSC,0.03571428571428571,Buy
2023-07-21,QCOM,-0.03675496512373986,Sell
2023-07-21,STI,0.0004703033322478595,Buy
2023-07-21,KMB,-0.03617758292837272,Sell
2023-07-21,NDAQ,-0.0006506955124537597,Sell
2023-07-21,HAS,-0.03564302450745206,Sell
2023-07-21,TRV,0.03571428571428571,Buy
2023-07-21,EWC,1.8475057272204776e-05,Buy
2023-07-21,MU,-0.03610412002841393,Sell
2023-07-21,EBAY,0.03571428571428571,Buy
2023-07-21,EWI,8.407386650263055e-05,Buy
2023-07-21,HTZ,7.957944809781903e-05,Buy
2023-07-21,CCL,-0.00032546970021967575,Sell
2023-07-21,TSM,0.0003598860351491581,Buy
2023-07-21,XRT,0.03571428571428571,Buy
2023-07-21,ILMN,-0.001082708999049102,Sell
2023-07-21,KGC,0.00013812630696946604,Buy
2023-07-21,ULTA,0.00031048779565805845,Buy
2023-07-21,PVH,0.03571428571428571,Buy
2023-07-21,HUM,-0.03632996757019867,Sell
2023-07-21,NWSA,0.0005497249614013905,Buy
2023-07-21,MRVL,-0.0356830774566398,Sell
2023-07-21,PCG,0.03571428571428571,Buy
2023-07-21,RF,0.03571428571428571,Buy
2023-07-21,HMC,0.03571428571428571,Buy
2023-07-21,CME,-0.00021305901140170058,Sell
2023-07-21,CLX,-0.00013341470602312722,Sell
2023-07-21,XLE,-0.00017693593928964219,Sell
2023-07-21,ENB,-0.03570024371572328,Sell
2023-07-21,ZUMZ,-0.035223919613982684,Sell
2023-07-21,MT,0.03571428571428571,Buy
2023-07-24,PPG,0.0008948934866720507,Buy
2023-07-24,VWO,-0.03612436241092589,Sell
2023-07-24,XLP,0.03571428571428571,Buy
2023-07-24,NVDA,-0.00017956911386591418,Sell
2023-07-24,WEN,0.00039400716480173653,Buy
2023-07-24,DAL,0.03571428571428571,Buy
2023-07-24,HYG,0.00012570350748176973,Buy
2023-07-24,NSC,-0.03601114846458282,Sell
2023-07-24,STI,6.421450315962501e-05,Buy
2023-07-24,KMB,0.03571428571428571,Buy
2023-07-24,NDAQ,-0.00017481377889596444,Sell
2023-07-24,TRV,-0.00035248564463809945,Sell
2023-07-24,EWC,-0.00014490487894015108,Sell
2023-07-24,BBT,0.03571428571428571,Buy
2023-07-24,EBAY,-0.03609256330717513,Sell
2023-07-24,EWI,3.1767201396019906e-05,Buy
2023-07-24,HTZ,-0.03563054717677251,Sell
2023-07-24,DLTR,0.03571428571428571,Buy
2023-07-24,CCL,-0.03559025933811389,Sell
2023-07-24,TSM,-0.036016654075492184,Sell
2023-07-24,XRT,-0.03587140097576693,Sell
2023-07-24,ILMN,0.0005171177113164963,Buy
2023-07-24,KGC,0.000489469544875068,Buy
2023-07-24,TRP,0.03571428571428571,Buy
2023-07-24,ULTA,0.00048571238985038734,Buy
2023-07-24,PVH,-8.930590979109448e-05,Sell
2023-07-24,EW,0.03571428571428571,Buy
2023-07-24,NTAP,0.03571428571428571,Buy
2023-07-24,NWSA,0.0006266286396966331,Buy
2023-07-24,PCG,0.00022301331114793488,Buy
2023-07-24,RF,-0.0361562661773592,Sell
2023-07-24,HMC,-0.03609597880296649,Sell
2023-07-24,CME,-0.03598536118709079,Sell
2023-07-24,CLX,0.00020610500397109238,Buy
2023-07-24,SYK,0.03571428571428571,Buy
2023-07-24,BSX,0.03571428571428571,Buy
2023-07-24,XLE,-0.036225202609836735,Sell
2023-07-24,MT,-0.03605165154732375,Sell
2023-07-24,MRK,0.03571428571428571,Buy
2023-07-24,BMY,0.03571428571428571,Buy
2023-07-25,MNST,0.03571428571428571,Buy
2023-07-25,PPG,-0.00044896356524164877,Sell
2023-07-25,XLP,-0.0001590724846234834,Sell
2023-07-25,NVDA,-0.036741043625144326,Sell
2023-07-25,WEN,1.574348111296059e-05,Buy
2023-07-25,DAL,0.0006174473284435364,Buy
2023-07-25,HYG,-0.0001446869361625136,Sell
2023-07-25,CAG,0.03571428571428571,Buy
2023-07-25,STI,-0.00016853291312085572,Sell
2023-07-25,KMB,0.0009432399043684259,Buy
2023-07-25,NDAQ,-0.00018258847400874634,Sell
2023-07-25,HAS,0.03571428571428571,Buy
2023-07-25,TRV,0.0003897068300592471,Buy
2023-07-25,EWC,-0.0357732113481272,Sell
2023-07-25,BBT,-0.035386447550480954,Sell
2023-07-25,EWI,-2.713566531598044e-05,Sell
2023-07-25,HTZ,0.03571428571428571,Buy
2023-07-25,DLTR,-0.03614932115287287,Sell
2023-07-25,ALK,0.03571428571428571,Buy
2023-07-25,KEY,0.03571428571428571,Buy
2023-07-25,ILMN,-0.000412752801669157,Sell
2023-07-25,KGC,-0.03617161785461195,Sell
2023-07-25,TRP,0.001512316145039952,Buy
2023-07-25,D,0.03571428571428571,Buy
2023-07-25,ULTA,7.05963310074359e-05,Buy
2023-07-25,PVH,0.00014334873795390085,Buy
2023-07-25,EW,-0.03599274363009445,Sell
2023-07-25,NTAP,-0.03616183656558166,Sell
2023-07-25,NWSA,-7.576440992446143e-05,Sell
2023-07-25,PCG,-0.036043369332959437,Sell
2023-07-25,CLX,0.00032867846984656335,Buy
2023-07-25,OHI,0.03571428571428571,Buy
2023-07-25,SYK,-0.035905029031495374,Sell
2023-07-25,CSIQ,0.03571428571428571,Buy
2023-07-25,BSX,-0.0003336074195605318,Sell
2023-07-25,MRK,0.0002470592127227847,Buy
2023-07-25,BMY,0.0003636402924925286,Buy
2023-07-26,MNST,6.55459792095539e-05,Buy
2023-07-26,PPG,0.00032165641598253664,Buy
2023-07-26,XLP,-0.035635793778785306,Sell
2023-07-26,NVDA,0.03571428571428571,Buy
2023-07-26,WEN,-0.000330273762066631,Sell
2023-07-26,DAL,0.00012836071166792695,Buy
2023-07-26,HYG,-0.035735607903927914,Sell
2023-07-26,CAG,0.00029157139542206056,Buy
2023-07-26,STI,8.715187737376451e-05,Buy
2023-07-26,KMB,0.00039651747702865864,Buy
2023-07-26,NDAQ,0.00022524453551039936,Buy
2023-07-26,HAS,-0.00010295339926015556,Sell
2023-07-26,TRV,-0.0003011649389995999,Sell
2023-07-26,VTR,0.03571428571428571,Buy
2023-07-26,EWI,-0.03596186710192959,Sell
2023-07-26,HTZ,8.097319023485372e-05,Buy
2023-07-26,ORCL,0.03571428571428571,Buy
2023-07-26,TSM,0.03571428571428571,Buy
2023-07-26,MS,0.03571428571428571,Buy
2023-07-26,ALK,0.00035710291972571723,Buy
2023-07-26,KEY,-0.038044091111409994,Sell
2023-07-26,ILMN,-0.00022517763451384426,Sell
2023-07-26,TRP,-0.00011124505563155779,Sell
2023-07-26,D,-9.63388527768505e-05,Sell
2023-07-26,ULTA,-0.00012360887326662295,Sell
2023-07-26,PVH,-0.03625519801607146,Sell
2023-07-26,NWSA,0.0002867636010432592,Buy
2023-07-26,HMC,0.03571428571428571,Buy
2023-07-26,CLX,-3.516353808296485e-05,Sell
2023-07-26,OHI,0.000621401757178057,Buy
2023-07-26,CSIQ,-0.035050972726514376,Sell
2023-07-26,BSX,0.0001274893176274397,Buy
2023-07-26,MRK,0.0002497928399746857,Buy
2023-07-26,BMY,0.0003216370275698488,Buy
2023-07-27,MNST,-9.502461915290167e-05,Sell
2023-07-27,PPG,-0.00013288951776353752,Sell
2023-07-27,BAX,0.03571428571428571,Buy
2023-07-27,XLP,0.03571428571428571,Buy
2023-07-27,NVDA,-0.03654550179639446,Sell
2023-07-27,WEN,-0.0005080594549051395,Sell
2023-07-27,DAL,5.5496540999282196e-05,Buy
2023-07-27,HYG,0.03571428571428571,Buy
2023-07-27,ICE,0.03571428571428571,Buy
2023-07-27,CAG,-0.0004090584610074513,Sell
2023-07-27,GREK,0.03571428571428571,Buy
2023-07-27,STI,-0.00047451669762466064,Sell
2023-07-27,KMB,-4.373249887805464e-05,Sell
2023-07-27,NDAQ,-1.2568775901666829e-05,Sell
2023-07-27,HAS,0.0001920905445178464,Buy
2023-07-27,TRV,-0.0006220500727723427,Sell
2023-07-27,VTR,0.00016973127905182267,Buy
2023-07-27,EWC,0.03571428571428571,Buy
2023-07-27,HTZ,-0.03197282692075698,Sell
2023-07-27,ORCL,-0.036470795560654135,Sell
2023-07-27,TSM,-0.03616695822122486,Sell
2023-07-27,MS,-0.0358831533040009,Sell
2023-07-27,ALK,6.990414608765844e-05,Buy
2023-07-27,ILMN,-0.0001924895059113793,Sell
2023-07-27,TRP,0.0007750552294124094,Buy
2023-07-27,D,-0.03546436150185909,Sell
2023-07-27,ULTA,-0.035688237744418774,Sell
2023-07-27,PVH,0.03571428571428571,Buy
2023-07-27,EW,0.03571428571428571,Buy
2023-07-27,NWSA,-0.0006064522291304789,Sell
2023-07-27,DUK,0.03571428571428571,Buy
2023-07-27,HMC,-0.03617732705577934,Sell
2023-07-27,CLX,0.00019189758695448145,Buy
2023-07-27,OHI,-0.0003847108217829853,Sell
2023-07-27,SYK,0.03571428571428571,Buy
2023-07-27,BSX,-0.036354551171802044,Sell
2023-07-27,MRK,0.000157119191962804,Buy
2023-07-27,BMY,-0.034659297573039045,Sell
2023-07-28,MNST,-0.00019505842713526955,Sell
2023-07-28,CNC,0.03571428571428571,Buy
2023-07-28,PPG,-0.035694737246752574,Sell
2023-07-28,AMTD,0.03571428571428571,Buy
2023-07-28,BAX,-0.036740775763110606,Sell
2023-07-28,A,0.03571428571428571,Buy
2023-07-28,XLP,-0.03591309757772594,Sell
2023-07-28,WEN,0.000416120509250599,Buy
2023-07-28,DAL,-0.03552169886585415,Sell
2023-07-28,HYG,-0.0357491066054077,Sell
2023-07-28,ICE,0.0001074305107662335,Buy
2023-07-28,CAG,-0.03583795060109643,Sell
2023-07-28,GREK,0.00026920937812812545,Buy
2023-07-28,STI,0.00020275396993229416,Buy
2023-07-28,KMB,0.00014200745636308576,Buy
2023-07-28,NDAQ,1.3729636955013558e-05,Buy
2023-07-28,HAS,0.00027103486261815385,Buy
2023-07-28,TRV,0.0004965405688882943,Buy
2023-07-28,VTR,-0.035641274301122704,Sell
2023-07-28,EWC,-0.035774969554699644,Sell
2023-07-28,EBAY,0.03571428571428571,Buy
2023-07-28,HTZ,0.03571428571428571,Buy
2023-07-28,MS,0.03571428571428571,Buy
2023-07-28,ALK,-0.0005696655340750381,Sell
2023-07-28,ILMN,-0.036058406620259456,Sell
2023-07-28,TRP,0.0017781979723890812,Buy
2023-07-28,D,0.03571428571428571,Buy
2023-07-28,PVH,-0.03704405716591035,Sell
2023-07-28,EW,-0.0002907756762450045,Sell
2023-07-28,NTAP,0.03571428571428571,Buy
2023-07-28,NWSA,-0.035747903881291815,Sell
2023-07-28,PCG,0.03571428571428571,Buy
2023-07-28,DUK,0.0005832995746415034,Buy
2023-07-28,CLX,-0.0005470347982261675,Sell
2023-07-28,OHI,0.00015799747159920413,Buy
2023-07-28,SYK,-0.03566978205477399,Sell
2023-07-28,BSX,0.03571428571428571,Buy
2023-07-28,ENB,0.03571428571428571,Buy
2023-07-28,MRK,-0.00019201011799537676,Sell
2023-07-28,BMY,0.03571428571428571,Buy
2023-07-31,MNST,0.0005744386862935394,Buy
2023-07-31,CNC,-0.036569062077579234,Sell
2023-07-31,PPG,0.03571428571428571,Buy
2023-07-31,AMTD,-0.03578021814635199,Sell
2023-07-31,BAX,0.03571428571428571,Buy
2023-07-31,A,0.0013778888937363218,Buy
2023-07-31,XLP,0.03571428571428571,Buy
2023-07-31,NVDA,0.03571428571428571,Buy
2023-07-31,WEN,0.00010473993090542172,Buy
2023-07-31,NSC,0.03571428571428571,Buy
2023-07-31,ICE,0.00027290203147637554,Buy
2023-07-31,CAG,0.03571428571428571,Buy
2023-07-31,GREK,0.00012547580606956515,Buy
2023-07-31,JNJ,0.03571428571428571,Buy
2023-07-31,STI,0.00017102430119279172,Buy
2023-07-31,KMB,0.0005307616499230366,Buy
2023-07-31,NDAQ,-0.03554326141309292,Sell
2023-07-31,HAS,-0.03701084754298705,Sell
2023-07-31,TRV,0.0003043681910844323,Buy
2023-07-31,BBT,0.03571428571428571,Buy
2023-07-31,EBAY,0.000565862741322809,Buy
2023-07-31,HTZ,-0.037548838591295715,Sell
2023-07-31,MS,-0.03553937738917612,Sell
2023-07-31,ALK,-0.0359199683883972,Sell
2023-07-31,KEY,0.03571428571428571,Buy
2023-07-31,TRP,-0.001597296141630046,Sell
2023-07-31,KO,0.03571428571428571,Buy
2023-07-31,D,0.00013780615203880936,Buy
2023-07-31,EW,0.0008798514207584429,Buy
2023-07-31,NTAP,-0.035897588284238204,Sell
2023-07-31,PCG,0.00027165323389363033,Buy
2023-07-31,DUK,6.440488544715017e-05,Buy
2023-07-31,CP,0.03571428571428571,Buy
2023-07-31,CLX,0.0007276449527739426,Buy
2023-07-31,OHI,-0.03599460573896054,Sell
2023-07-31,BSX,6.100463484122465e-05,Buy
2023-07-31,ENB,-0.03591411481316846,Sell
2023-07-31,MRK,6.740659487064482e-05,Buy
2023-07-31,BMY,-0.035994710964292395,Sell
2023-08-01,MNST,-0.00034081276926592463,Sell
2023-08-01,PPG,-0.03632950333639591,Sell
2023-08-01,BAX,-2.0722939052267297e-05,Sell
2023-08-01,A,-0.0004127881512355838,Sell
2023-08-01,XLP,-8.961523086263579e-06,Sell
2023-08-01,NVDA,-3.273132646210847e-05,Sell
2023-08-01,WEN,-3.621981015639042e-05,Sell
2023-08-01,NSC,-0.03597608010675097,Sell
2023-08-01,ICE,-0.03599274250978763,Sell
2023-08-01,CAG,5.936034858749356e-05,Buy
2023-08-01,GREK,0.0003114508966677934,Buy
2023-08-01,JNJ,-0.03620923992517507,Sell
2023-08-01,STI,-0.00020336642954138506,Sell
2023-08-01,KMB,-0.00017554095858233337,Sell
2023-08-01,TRV,-0.00014093832059907524,Sell
2023-08-01,EWC,0.03571428571428571,Buy
2023-08-01,BBT,-0.0356184752191395,Sell
2023-08-01,EBAY,0.0005632401670462445,Buy
2023-08-01,EWI,0.03571428571428571,Buy
2023-08-01,HTZ,0.03571428571428571,Buy
2023-08-01,ALK,0.03571428571428571,Buy
2023-08-01,KEY,-0.034983964092857485,Sell
2023-08-01,WMB,0.03571428571428571,Buy
2023-08-01,TRP,2.6935200533532988e-05,Buy
2023-08-01,KO,-0.03582485632802654,Sell
2023-08-01,D,-0.03507924041520939,Sell
2023-08-01,EW,-0.00019461496771155246,Sell
2023-08-01,LOW,0.03571428571428571,Buy
2023-08-01,PCG,0.00032693767209004965,Buy
2023-08-01,DUK,0.000360599734408433,Buy
2023-08-01,CP,0.00025056900319919695,Buy
2023-08-01,CLX,-0.0002602660069562779,Sell
2023-08-01,OHI,0.03571428571428571,Buy
2023-08-01,BSX,-0.00023107595724875668,Sell
2023-08-01,MRK,0.00025802470943331324,Buy
2023-08-01,BMY,0.03571428571428571,Buy
2023-08-02,MNST,-0.035814338267266904,Sell
2023-08-02,PPG,0.03571428571428571,Buy
2023-08-02,BAX,0.0007189424170744099,Buy
2023-08-02,A,-0.03739547981602359,Sell
2023-08-02,XLP,-0.03599259303860772,Sell
2023-08-02,NVDA,0.0015760643632712068,Buy
2023-08-02,WEN,-0.00030066890344492003,Sell
2023-08-02,DAL,0.03571428571428571,Buy
2023-08-02,NSC,0.03571428571428571,Buy
2023-08-02,CAG,-0.03616135606040581,Sell
2023-08-02,GREK,0.00037175273426436756,Buy
2023-08-02,STI,-0.00042018455175509006,Sell
2023-08-02,KMB,-0.0002804377986561843,Sell
2023-08-02,TRV,0.00010207742535623537,Buy
2023-08-02,EWC,0.0005650952706059073,Buy
2023-08-02,EBAY,-0.00031442843697322004,Sell
2023-08-02,QQQ,0.03571428571428571,Buy
2023-08-02,EWI,-0.03521355341042389,Sell
2023-08-02,ANF,0.03571428571428571,Buy
2023-08-02,HTZ,0.0003728411166728507,Buy
2023-08-02,DLTR,0.03571428571428571,Buy
2023-08-02,MS,0.03571428571428571,Buy
2023-08-02,ALK,-0.035879025314821046,Sell
2023-08-02,XRT,0.03571428571428571,Buy
2023-08-02,GOLD,0.03571428571428571,Buy
2023-08-02,WMB,0.0002919591952249487,Buy
2023-08-02,TRP,-0.000522089588055441,Sell
2023-08-02,EW,0.0005801919102941255,Buy
2023-08-02,LOW,0.0002916807408176042,Buy
2023-08-02,MRVL,0.03571428571428571,Buy
2023-08-02,PCG,-0.036318808852260916,Sell
2023-08-02,DUK,-0.03601194721387059,Sell
2023-08-02,HMC,0.03571428571428571,Buy
2023-08-02,CP,0.00036226245648771777,Buy
2023-08-02,CLX,-0.03604133843944932,Sell
2023-08-02,OHI,-0.03601122435121571,Sell
2023-08-02,BSX,0.0007280001122664387,Buy
2023-08-02,COF,0.03571428571428571,Buy
2023-08-02,MRK,-0.036007124855672305,Sell
2023-08-02,BMY,-0.035992287104619894,Sell
2023-08-03,PPG,0.00029405389456443193,Buy
2023-08-03,BAX,-0.0358208981141536,Sell
2023-08-03,NVDA,-0.0002810717349240391,Sell
2023-08-03,WEN,-9.883697790887686e-05,Sell
2023-08-03,DAL,0.0004052455998647467,Buy
2023-08-03,NSC,0.0001665232938780556,Buy
2023-08-03,ICE,0.03571428571428571,Buy
2023-08-03,GREK,-0.03640012245016642,Sell
2023-08-03,QCOM,0.03571428571428571,Buy
2023-08-03,STI,-0.035997363838976434,Sell
2023-08-03,KMB,0.00014179383696309028,Buy
2023-08-03,TRV,0.00027350431190101276,Buy
2023-08-03,DHI,0.03571428571428571,Buy
2023-08-03,EWC,0.00010240877128341042,Buy
2023-08-03,EBAY,4.053773488673501e-05,Buy
2023-08-03,QQQ,-0.03573907367180959,Sell
2023-08-03,ANF,-0.00015574383749017429,Sell
2023-08-03,HTZ,0.0006897866724410173,Buy
2023-08-03,ORCL,0.03571428571428571,Buy
2023-08-03,DLTR,-0.03560961590889427,Sell
2023-08-03,CCL,0.03571428571428571,Buy
2023-08-03,TSM,0.03571428571428571,Buy
2023-08-03,MS,-0.03572430756552571,Sell
2023-08-03,ALK,0.03571428571428571,Buy
2023-08-03,XRT,-0.03587146304157159,Sell
2023-08-03,GOLD,0.00041740731261711433,Buy
2023-08-03,WMB,-0.03660420546267999,Sell
2023-08-03,TRP,-0.0003803849860175221,Sell
2023-08-03,EW,8.706546741962112e-05,Buy
2023-08-03,LOW,0.00034991181464785054,Buy
2023-08-03,MRVL,-0.00022048356708252725,Sell
2023-08-03,DUK,0.03571428571428571,Buy
2023-08-03,HMC,0.0006913194259052721,Buy
2023-08-03,CP,-0.036158478708482565,Sell
2023-08-03,OHI,0.03571428571428571,Buy
2023-08-03,BSX,-0.00026602576696871383,Sell
2023-08-03,COF,2.2143856690352848e-05,Buy
2023-08-04,PPG,-1.1007032267841554e-05,Sell
2023-08-04,VWO,0.03571428571428571,Buy
2023-08-04,XLP,0.03571428571428571,Buy
2023-08-04,NVDA,-6.94575765020286e-05,Sell
2023-08-04,WEN,-0.00010320314579374823,Sell
2023-08-04,DAL,-0.0359743069839831,Sell
2023-08-04,NSC,0.0004768023861520254,Buy
2023-08-04,ICE,-0.036265564869124814,Sell
2023-08-04,QCOM,-0.0007782928013437829,Sell
2023-08-04,STI,0.03571428571428571,Buy
2023-08-04,KMB,0.00030931097049862605,Buy
2023-08-04,HAS,0.03571428571428571,Buy
2023-08-04,TRV,0.00022052809603295698,Buy
2023-08-04,DHI,-0.036466738987095154,Sell
2023-08-04,EWC,-2.970044820978235e-05,Sell
2023-08-04,EBAY,0.0005204984349552189,Buy
2023-08-04,QQQ,0.03571428571428571,Buy
2023-08-04,EWI,0.03571428571428571,Buy
2023-08-04,ANF,-0.03586184806532339,Sell
2023-08-04,HTZ,-0.036706775540004684,Sell
2023-08-04,ORCL,9.692765296576838e-05,Buy
2023-08-04,CCL,0.0008747976917650863,Buy
2023-08-04,TSM,-0.03609452656561188,Sell
2023-08-04,ALK,-0.03559828207458824,Sell
2023-08-04,GOLD,0.00014525970188705023,Buy
2023-08-04,TRP,0.00036707337841695303,Buy
2023-08-04,KO,0.03571428571428571,Buy
2023-08-04,EW,0.0002632290941148238,Buy
2023-08-04,NTAP,0.03571428571428571,Buy
2023-08-04,LOW,0.0006287906960252068,Buy
2023-08-04,MRVL,-0.03584600876587313,Sell
2023-08-04,DUK,0.00042169246008866984,Buy
2023-08-04,HMC,-6.78247420343725e-06,Sell
2023-08-04,OHI,-0.03600435409256722,Sell
2023-08-04,BSX,-0.03553948365855741,Sell
2023-08-04,COF,-0.03598804449335337,Sell
2023-08-04,MT,0.03571428571428571,Buy
2023-08-04,MRK,0.03571428571428571,Buy
2023-08-04,BMY,0.03571428571428571,Buy
2023-08-07,PPG,-0.03614843821614848,Sell
2023-08-07,VWO,0.0003040406306665522,Buy
2023-08-07,HOG,0.03571428571428571,Buy
2023-08-07,XLP,-0.035759519848200035,Sell
2023-08-07,NVDA,-0.036054751616787756,Sell
2023-08-07,WEN,-0.0001496874044163085,Sell
2023-08-07,NSC,0.0003014543255690505,Buy
2023-08-07,CAG,0.03571428571428571,Buy
2023-08-07,QCOM,0.0008751897658946933,Buy
2023-08-07,STI,0.00044258092308721575,Buy
2023-08-07,KMB,1.974361590414281e-05,Buy
2023-08-07,HAS,-0.0360427533192085,Sell
2023-08-07,TRV,-6.455914554392983e-05,Sell
2023-08-07,VTR,0.03571428571428571,Buy
2023-08-07,EWC,0.000112192061683003,Buy
2023-08-07,EBAY,-0.03612881602472473,Sell
2023-08-07,EOG,0.03571428571428571,Buy
2023-08-07,QQQ,-0.035769989830298575,Sell
2023-08-07,EWI,3.486389708690779e-05,Buy
2023-08-07,ANF,0.03571428571428571,Buy
2023-08-07,ORCL,-0.03598417308074144,Sell
2023-08-07,DLTR,0.03571428571428571,Buy
2023-08-07,CCL,-0.0015743477675589715,Sell
2023-08-07,TSM,0.03571428571428571,Buy
2023-08-07,ALK,0.03571428571428571,Buy
2023-08-07,GOLD,0.00045503169666097354,Buy
2023-08-07,WMB,0.03571428571428571,Buy
2023-08-07,TRP,0.0004515095873627445,Buy
2023-08-07,KO,-0.03575011254051704,Sell
2023-08-07,D,0.03571428571428571,Buy
2023-08-07,EW,0.0001153087298932376,Buy
2023-08-07,NTAP,-0.03570225339732585,Sell
2023-08-07,LOW,0.00021599184549633832,Buy
2023-08-07,DUK,0.00016531249149337457,Buy
2023-08-07,HMC,-0.03586058949551551,Sell
2023-08-07,BSX,0.03571428571428571,Buy
2023-08-07,MT,2.390069610225254e-05,Buy
2023-08-07,MRK,-0.0001235974936948936,Sell
2023-08-07,BMY,-0.03545794510375818,Sell
2023-08-08,AMTD,0.03571428571428571,Buy
2023-08-08,BAX,0.03571428571428571,Buy
2023-08-08,VWO,0.0001598525779181112,Buy
2023-08-08,HOG,-0.00014994431395080887,Sell
2023-08-08,XLP,0.03571428571428571,Buy
2023-08-08,NVDA,0.03571428571428571,Buy
2023-08-08,WEN,-0.0357602213917105,Sell
2023-08-08,BUD,0.03571428571428571,Buy
2023-08-08,NSC,0.00054233231084478,Buy
2023-08-08,CAG,0.0007743488033132989,Buy
2023-08-08,GREK,0.03571428571428571,Buy
2023-08-08,QCOM,0.000295220656001835,Buy
2023-08-08,STI,-0.00021050419159503175,Sell
2023-08-08,KMB,-0.035634215428117864,Sell
2023-08-08,TRV,0.00026253064808219595,Buy
2023-08-08,VTR,-0.00013170495487260098,Sell
2023-08-08,EWC,1.562726900774386e-05,Buy
2023-08-08,EOG,-0.036141525202492863,Sell
2023-08-08,EWI,0.00037860743089583593,Buy
2023-08-08,ANF,-0.03611602369153874,Sell
2023-08-08,DLTR,0.0005089508652944136,Buy
2023-08-08,CCL,2.846782088326838e-05,Buy
2023-08-08,TSM,0.0004830066937210886,Buy
2023-08-08,ALK,-0.036239582769559346,Sell
2023-08-08,GOLD,0.0005538575493907114,Buy
2023-08-08,WMB,-0.03629998461474843,Sell
2023-08-08,TRP,-0.0006220495745881682,Sell
2023-08-08,D,-0.0003055405042268061,Sell
2023-08-08,PVH,0.03571428571428571,Buy
2023-08-08,EW,0.00035194557596638504,Buy
2023-08-08,LOW,0.0001740072381481092,Buy
2023-08-08,MRVL,0.03571428571428571,Buy
2023-08-08,DUK,-0.036914467499106436,Sell
2023-08-08,OHI,0.03571428571428571,Buy
2023-08-08,BSX,-0.00010428230495620333,Sell
2023-08-08,MT,-0.03549353138245937,Sell
2023-08-08,MRK,-0.03603315392236653,Sell
2023-08-09,PPG,0.03571428571428571,Buy
2023-08-09,AMTD,-0.001330931325292134,Sell
2023-08-09,BAX,-0.00030415096503911415,Sell
2023-08-09,VWO,-0.0359032241957796,Sell
2023-08-09,HOG,5.342631232830436e-05,Buy
2023-08-09,XLP,-0.03589522052518114,Sell
2023-08-09,NVDA,0.001565087559700265,Buy
2023-08-09,BUD,-0.0359570018866926,Sell
2023-08-09,NSC,0.00012974562191345185,Buy
2023-08-09,CAG,-0.00019704664954556944,Sell
2023-08-09,GREK,-0.00014677734258008307,Sell
2023-08-09,QCOM,0.00020387868644852758,Buy
2023-08-09,STI,-0.00012816374380085482,Sell
2023-08-09,TRV,-2.1966789282359955e-06,Sell
2023-08-09,VTR,0.0006440049555776692,Buy
2023-08-09,EWC,-0.035925013685071214,Sell
2023-08-09,MU,0.03571428571428571,Buy
2023-08-09,WFC,0.03571428571428571,Buy
2023-08-09,QQQ,0.03571428571428571,Buy
2023-08-09,EWI,-0.00037620475068789877,Sell
2023-08-09,ORCL,0.03571428571428571,Buy
2023-08-09,DLTR,-0.03623798482527364,Sell
2023-08-09,CCL,0.0011719247443757116,Buy
2023-08-09,TSM,6.52921043721097e-05,Buy
2023-08-09,GOLD,0.0002139175936513235,Buy
2023-08-09,TRP,-0.03606027826171176,Sell
2023-08-09,D,-0.03614798180457507,Sell
2023-08-09,PVH,-0.03594412229018249,Sell
2023-08-09,EW,-0.035559688996354116,Sell
2023-08-09,RL,0.03571428571428571,Buy
2023-08-09,NTAP,0.03571428571428571,Buy
2023-08-09,BX,0.03571428571428571,Buy
2023-08-09,LOW,7.788692436865724e-05,Buy
2023-08-09,MRVL,0.0010403587341711457,Buy
2023-08-09,OHI,-0.03588770073315764,Sell
2023-08-09,SYK,0.03571428571428571,Buy
2023-08-09,BSX,-0.036182590990504374,Sell
2023-08-09,COF,0.03571428571428571,Buy
2023-08-09,BMY,0.03571428571428571,Buy
2023-08-10,PPG,-0.00018239687965857648,Sell
2023-08-10,AMTD,5.325497766148907e-05,Buy
2023-08-10,BAX,-0.00018816943646263184,Sell
2023-08-10,HOG,-0.03603627103756207,Sell
2023-08-10,NVDA,-3.979906846528908e-05,Sell
2023-08-10,DAL,0.03571428571428571,Buy
2023-08-10,NSC,-9.58512601782549e-05,Sell
2023-08-10,RRC,0.03571428571428571,Buy
2023-08-10,CAG,7.263226227453151e-05,Buy
2023-08-10,GREK,0.00014615957736677232,Buy
2023-08-10,QCOM,0.00011578087282403116,Buy
2023-08-10,JNJ,0.03571428571428571,Buy
2023-08-10,STI,-0.00017982157223208478,Sell
2023-08-10,KMB,0.03571428571428571,Buy
2023-08-10,TRV,-0.00010472705708720192,Sell
2023-08-10,VTR,0.0005862737607787161,Buy
2023-08-10,DHI,0.03571428571428571,Buy
2023-08-10,MU,0.0004982272593607728,Buy
2023-08-10,WFC,-0.03585305730948385,Sell
2023-08-10,QQQ,-0.0359604467951359,Sell
2023-08-10,EWI,-0.036073520628317736,Sell
2023-08-10,ORCL,-0.0001449118267812799,Sell
2023-08-10,CCL,-0.0003668787992636216,Sell
2023-08-10,TSM,-0.03620729053785782,Sell
2023-08-10,GOLD,0.0006176075482720034,Buy
2023-08-10,TRP,0.03571428571428571,Buy
2023-08-10,RL,0.0015493738467659071,Buy
2023-08-10,NTAP,-0.03586143034837208,Sell
2023-08-10,BX,-0.03593355937514365,Sell
2023-08-10,LOW,-0.03609347987210644,Sell
2023-08-10,MRVL,0.00042499759582088903,Buy
2023-08-10,PCG,0.03571428571428571,Buy
2023-08-10,OHI,0.03571428571428571,Buy
2023-08-10,SYK,-0.0003083810511406507,Sell
2023-08-10,BSX,0.03571428571428571,Buy
2023-08-10,COF,0.00022788620644721702,Buy
2023-08-10,BMY,-0.036290826946141906,Sell
2023-08-11,PPG,0.0004918450921046202,Buy
2023-08-11,AMTD,2.444434253054406e-06,Buy
2023-08-11,BAX,-0.03615583862119774,Sell
2023-08-11,HOG,0.03571428571428571,Buy
2023-08-11,NVDA,0.0010675461578841597,Buy
2023-08-11,DAL,0.00032040066035866205,Buy
2023-08-11,NSC,2.8636904955622877e-05,Buy
2023-08-11,RRC,-0.035847366713747726,Sell
2023-08-11,CAG,-0.0004871186816666831,Sell
2023-08-11,GREK,0.00033225019196563704,Buy
2023-08-11,QCOM,-0.03563585291707256,Sell
2023-08-11,JNJ,-0.03629755287072641,Sell
2023-08-11,STI,-0.00023250353602923685,Sell
2023-08-11,KMB,-0.00028314299740417326,Sell
2023-08-11,TRV,-0.035929565144177396,Sell
2023-08-11,VTR,0.0003864214987223044,Buy
2023-08-11,DHI,-0.035818666635745386,Sell
2023-08-11,MU,-0.03535901960269476,Sell
2023-08-11,EWI,0.03571428571428571,Buy
2023-08-11,ANF,0.03571428571428571,Buy
2023-08-11,ORCL,-0.00025477195395418734,Sell
2023-08-11,DLTR,0.03571428571428571,Buy
2023-08-11,CCL,0.0009477761403508533,Buy
2023-08-11,TSM,0.03571428571428571,Buy
2023-08-11,ALK,0.03571428571428571,Buy
2023-08-11,ILMN,0.03571428571428571,Buy
2023-08-11,GOLD,-0.00021282050144013492,Sell
2023-08-11,TRP,-0.03634290409067651,Sell
2023-08-11,ULTA,0.03571428571428571,Buy
2023-08-11,RL,1.4390933968912167e-05,Buy
2023-08-11,MRVL,0.0008898809146309569,Buy
2023-08-11,PCG,-0.00027381798113645245,Sell
2023-08-11,NTES,0.03571428571428571,Buy
2023-08-11,OHI,-0.036291877400451845,Sell
2023-08-11,SYK,-0.00011819094687568615,Sell
2023-08-11,BSX,-0.00035265470155582124,Sell
2023-08-11,COF,-0.00018047002030719544,Sell
2023-08-14,PPG,-0.03631023750993306,Sell
2023-08-14,AMTD,-0.034363860825116783,Sell
2023-08-14,VWO,0.03571428571428571,Buy
2023-08-14,A,0.03571428571428571,Buy
2023-08-14,HP,0.03571428571428571,Buy
2023-08-14,HOG,-0.03604075441200931,Sell
2023-08-14,XLP,0.03571428571428571,Buy
2023-08-14,NVDA,-0.03805316870143835,Sell
2023-08-14,DAL,0.00013331673517269493,Buy
2023-08-14,NSC,-0.035453701537218156,Sell
2023-08-14,CAG,0.0006132448613558744,Buy
2023-08-14,GREK,0.0004840698780114519,Buy
2023-08-14,STI,0.00018158530202348755,Buy
2023-08-14,KMB,0.00032875918655750347,Buy
2023-08-14,TRV,0.03571428571428571,Buy
2023-08-14,VTR,-0.03552440175099773,Sell
2023-08-14,EWC,0.03571428571428571,Buy
2023-08-14,EWI,0.00014821203744141281,Buy
2023-08-14,ANF,-0.037262488892262836,Sell
2023-08-14,ORCL,-0.03632154642397482,Sell
2023-08-14,DLTR,0.0005796927189510512,Buy
2023-08-14,CCL,9.693302268400095e-05,Buy
2023-08-14,TSM,-0.000235585149020473,Sell
2023-08-14,ALK,5.820799260092269e-05,Buy
2023-08-14,ILMN,-0.034481364741026595,Sell
2023-08-14,GOLD,0.0006779250547055554,Buy
2023-08-14,WMB,0.03571428571428571,Buy
2023-08-14,ULTA,-0.036710318328793984,Sell
2023-08-14,RL,0.00029567827909566385,Buy
2023-08-14,MRVL,-0.037076248685313395,Sell
2023-08-14,PCG,0.0006303328207513809,Buy
2023-08-14,NTES,0.0001953770197862456,Buy
2023-08-14,RF,0.03571428571428571,Buy
2023-08-14,HMC,0.03571428571428571,Buy
2023-08-14,CP,0.03571428571428571,Buy
2023-08-14,CLX,0.03571428571428571,Buy
2023-08-14,PRGO,0.03571428571428571,Buy
2023-08-14,SYK,-0.0001559729124265205,Sell
2023-08-14,BSX,-0.03574159554876769,Sell
2023-08-14,COF,0.00057431459817716,Buy
2023-08-15,MET,0.03571428571428571,Buy
2023-08-15,VWO,-0.035822694725474835,Sell
2023-08-15,A,-0.03591990805320915,Sell
2023-08-15,HP,-0.03563479006104649,Sell
2023-08-15,HOG,0.03571428571428571,Buy
2023-08-15,XLP,-0.00010234241752699741,Sell
2023-08-15,DAL,0.0004989801174917416,Buy
2023-08-15,NSC,0.03571428571428571,Buy
2023-08-15,CAG,0.000223245502692003,Buy
2023-08-15,GREK,-5.4345285671386634e-05,Sell
2023-08-15,STI,-0.0004914972985106403,Sell
2023-08-15,KMB,-0.00022726142222392193,Sell
2023-08-15,HAS,0.03571428571428571,Buy
2023-08-15,TRV,0.00011602942581805803,Buy
2023-08-15,EWC,-0.035424366276155334,Sell
2023-08-15,WFC,0.03571428571428571,Buy
2023-08-15,EWI,-2.717906388066682e-05,Sell
2023-08-15,DLTR,-0.0002130307310887064,Sell
2023-08-15,CCL,-1.8217842254281136e-05,Sell
2023-08-15,TSM,4.9235835836256014e-05,Buy
2023-08-15,ALK,0.00015839165271281513,Buy
2023-08-15,ILMN,0.03571428571428571,Buy
2023-08-15,GOLD,0.000614801160092035,Buy
2023-08-15,WMB,-0.00021243670938640713,Sell
2023-08-15,RL,-6.086482877349503e-05,Sell
2023-08-15,PCG,-0.035658486425449575,Sell
2023-08-15,NTES,-0.03608277540703581,Sell
2023-08-15,RF,0.0004899361071023511,Buy
2023-08-15,HMC,-0.000292177555859946,Sell
2023-08-15,CP,0.00015254038076335102,Buy
2023-08-15,CLX,8.718590591080128e-05,Buy
2023-08-15,PRGO,-0.03612216223067889,Sell
2023-08-15,OHI,0.03571428571428571,Buy
2023-08-15,SYK,-0.03621467592505689,Sell
2023-08-15,XLE,0.03571428571428571,Buy
2023-08-15,COF,0.00025477144534211127,Buy
2023-08-16,MET,-0.0358903956816575,Sell
2023-08-16,A,0.03571428571428571,Buy
2023-08-16,HOG,0.00019101535570283795,Buy
2023-08-16,XLP,-0.00020938654595606399,Sell
2023-08-16,NSC,-0.035798195243403774,Sell
2023-08-16,CAG,1.655694577485517e-05,Buy
2023-08-16,GREK,-0.0002729591597344025,Sell
2023-08-16,STI,-0.0002925173261396491,Sell
2023-08-16,KMB,-0.000249824103684744,Sell
2023-08-16,HAS,-0.03634983382994741,Sell
2023-08-16,TRV,-0.0364230711076371,Sell
2023-08-16,VTR,0.03571428571428571,Buy
2023-08-16,EWC,0.03571428571428571,Buy
2023-08-16,WFC,0.0001372405611662561,Buy
2023-08-16,EWI,-8.715103924646778e-05,Sell
2023-08-16,DLTR,-0.00023022181914929968,Sell
2023-08-16,CCL,0.0006396257938318453,Buy
2023-08-16,TSM,-0.036046073850900355,Sell
2023-08-16,ALK,0.00035768235683671795,Buy
2023-08-16,ILMN,0.0010330361165109617,Buy
2023-08-16,GOLD,-0.00030284437679996973,Sell
2023-08-16,WMB,7.886554727276618e-06,Buy
2023-08-16,TRP,0.03571428571428571,Buy
2023-08-16,RL,-0.03544095708329179,Sell
2023-08-16,NTAP,0.03571428571428571,Buy
2023-08-16,RF,0.00016349867307553084,Buy
2023-08-16,HMC,0.000305445115579811,Buy
2023-08-16,CP,-6.907138137738494e-05,Sell
2023-08-16,CLX,-0.03582175777558509,Sell
2023-08-16,OHI,8.905599826852101e-05,Buy
2023-08-16,SYK,0.03571428571428571,Buy
2023-08-16,XLE,1.9657946157429496e-05,Buy
2023-08-16,COF,0.00037771286526474407,Buy
2023-08-16,ENB,0.03571428571428571,Buy
2023-08-17,A,-0.03569758504320761,Sell
2023-08-17,HOG,0.00021303870586768942,Buy
2023-08-17,XLP,0.00021253808338744795,Buy
2023-08-17,DAL,0.0006137669064019691,Buy
2023-08-17,CAG,-0.03575273589027386,Sell
2023-08-17,GREK,-0.0002605814515531102,Sell
2023-08-17,STI,-0.00013394445150186757,Sell
2023-08-17,KMB,-0.03598725249131819,Sell
2023-08-17,HAS,0.03571428571428571,Buy
2023-08-17,TRV,0.03571428571428571,Buy
2023-08-17,VTR,-0.03619292261635106,Sell
2023-08-17,DHI,0.03571428571428571,Buy
2023-08-17,EWC,3.5312654295675816e-05,Buy
2023-08-17,WFC,-0.00034622178389888403,Sell
2023-08-17,QQQ,0.03571428571428571,Buy
2023-08-17,EWI,0.00023161837449494488,Buy
2023-08-17,ANF,0.03571428571428571,Buy
2023-08-17,DLTR,0.00038048257798485585,Buy
2023-08-17,CCL,0.0007079794432006958,Buy
2023-08-17,ALK,0.0007745224298338557,Buy
2023-08-17,MAR,0.03571428571428571,Buy
2023-08-17,XRT,0.03571428571428571,Buy
2023-08-17,ILMN,-0.00016989105556287215,Sell
2023-08-17,GOLD,-0.03593037484279653,Sell
2023-08-17,WMB,-0.035993826162383766,Sell
2023-08-17,TRP,-5.3659765450797536e-05,Sell
2023-08-17,ULTA,0.03571428571428571,Buy
2023-08-17,NTAP,4.670407560396217e-05,Buy
2023-08-17,LOW,0.03571428571428571,Buy
2023-08-17,RF,-0.03605056783634289,Sell
2023-08-17,HMC,-0.03588384047179929,Sell
2023-08-17,CP,-0.03586650321260172,Sell
2023-08-17,CLX,0.03571428571428571,Buy
2023-08-17,OHI,0.000354740877854344,Buy
2023-08-17,SYK,0.0003345122536323325,Buy
2023-08-17,BSX,0.03571428571428571,Buy
2023-08-17,XLE,-0.036277254762551954,Sell
2023-08-17,COF,-0.00018519996259065696,Sell
2023-08-17,ENB,-0.03610717841867574,Sell
2023-08-18,A,0.03571428571428571,Buy
2023-08-18,HOG,-0.03660237657442205,Sell
2023-08-18,XLP,-6.232286029247275e-05,Sell
2023-08-18,NVDA,0.03571428571428571,Buy
2023-08-18,WEN,0.03571428571428571,Buy
2023-08-18,DAL,0.00031738122598710256,Buy
2023-08-18,GREK,0.00021474645663877023,Buy
2023-08-18,STI,-0.00013009219983194098,Sell
2023-08-18,HAS,2.5191023791684697e-05,Buy
2023-08-18,TRV,0.00027501647575532,Buy
2023-08-18,DHI,-0.00017785453876705687,Sell
2023-08-18,EWC,6.996944433988045e-05,Buy
2023-08-18,WFC,-0.03566948719697444,Sell
2023-08-18,QQQ,-0.03559958589414482,Sell
2023-08-18,EWI,4.701678937055198e-05,Buy
2023-08-18,ANF,-0.03745644532217259,Sell
2023-08-18,DLTR,-8.797185859565904e-05,Sell
2023-08-18,CCL,0.0005437242578665014,Buy
2023-08-18,MS,0.03571428571428571,Buy
2023-08-18,ALK,0.0006358813125946217,Buy
2023-08-18,MAR,0.0001122546253943188,Buy
2023-08-18,XRT,-0.0361065817700282,Sell
2023-08-18,ILMN,0.0005929462143580075,Buy
2023-08-18,GOLD,0.03571428571428571,Buy
2023-08-18,TRP,-0.035744331756876226,Sell
2023-08-18,ULTA,-0.0004295775891588957,Sell
2023-08-18,RL,0.03571428571428571,Buy
2023-08-18,NTAP,-0.03577733606290173,Sell
2023-08-18,LOW,-0.03584038857979421,Sell
2023-08-18,PCG,0.03571428571428571,Buy
2023-08-18,NTES,0.03571428571428571,Buy
2023-08-18,HMC,0.03571428571428571,Buy
2023-08-18,CLX,0.00014396046229731702,Buy
2023-08-18,OHI,4.65055894445926e-05,Buy
2023-08-18,SYK,7.253376426622632e-05,Buy
2023-08-18,BSX,0.0005947679901420061,Buy
2023-08-18,COF,-0.03563413911204574,Sell
2023-08-21,A,-0.035546054343233234,Sell
2023-08-21,XLP,0.0002909130291341086,Buy
2023-08-21,NVDA,-0.03868380013068974,Sell
2023-08-21,WEN,3.431611715338373e-05,Buy
2023-08-21,DAL,-0.0001632902078907983,Sell
2023-08-21,CAG,0.03571428571428571,Buy
2023-08-21,GREK,-0.03618628600773507,Sell
2023-08-21,JNJ,0.03571428571428571,Buy
2023-08-21,STI,1.8421784607709768e-05,Buy
2023-08-21,KMB,0.03571428571428571,Buy
2023-08-21,HAS,0.0003368512016116848,Buy
2023-08-21,TRV,0.00024255153061579493,Buy
2023-08-21,DHI,0.0004680781043926441,Buy
2023-08-21,EWC,0.00010445234539242093,Buy
2023-08-21,EWI,-0.03604134288859392,Sell
2023-08-21,ANF,0.03571428571428571,Buy
2023-08-21,DLTR,0.00030880894925176816,Buy
2023-08-21,CCL,-0.00022290869432266963,Sell
2023-08-21,MS,0.000320471166332964,Buy
2023-08-21,ALK,-9.849234862503026e-05,Sell
2023-08-21,MAR,0.00045394580595122663,Buy
2023-08-21,XRT,0.03571428571428571,Buy
2023-08-21,ILMN,-0.035703207979043396,Sell
2023-08-21,GOLD,0.00021518675662591386,Buy
2023-08-21,ULTA,0.0004468590282117185,Buy
2023-08-21,RL,-0.03554528932054343,Sell
2023-08-21,PCG,0.00013690618552825856,Buy
2023-08-21,NTES,-0.036428268548042285,Sell
2023-08-21,HMC,-0.036026955248403256,Sell
2023-08-21,CLX,-0.03478648031908744,Sell
2023-08-21,PRGO,0.03571428571428571,Buy
2023-08-21,OHI,0.0003095992525685709,Buy
2023-08-21,SYK,0.00026589917962321213,Buy
2023-08-21,CSIQ,0.03571428571428571,Buy
2023-08-21,BSX,-0.00011183064689018751,Sell
2023-08-21,COF,0.03571428571428571,Buy
2023-08-21,ENB,0.03571428571428571,Buy
2023-08-22,PPG,0.03571428571428571,Buy
2023-08-22,BAX,0.03571428571428571,Buy
2023-08-22,A,0.03571428571428571,Buy
2023-08-22,HP,0.03571428571428571,Buy
2023-08-22,XLP,-8.88151949222371e-05,Sell
2023-08-22,WEN,0.00017844132883231,Buy
2023-08-22,DAL,-0.0001802065802935099,Sell
2023-08-22,CAG,-0.03597037396807206,Sell
2023-08-22,JNJ,-6.189789200174156e-06,Sell
2023-08-22,STI,-0.0002923496983149587,Sell
2023-08-22,KMB,-0.03636187263229987,Sell
2023-08-22,HAS,-0.03854559821851419,Sell
2023-08-22,TRV,7.752907497254186e-05,Buy
2023-08-22,DHI,-0.036376196164312063,Sell
2023-08-22,EWC,-7.8531283849749e-05,Sell
2023-08-22,EWI,0.03571428571428571,Buy
2023-08-22,ANF,-0.03549792082348498,Sell
2023-08-22,DLTR,-2.0613102701953767e-05,Sell
2023-08-22,CCL,-0.00017774936544898146,Sell
2023-08-22,MS,0.0002504163655256894,Buy
2023-08-22,ALK,-0.03582219993871309,Sell
2023-08-22,MAR,-0.03675268462871991,Sell
2023-08-22,XRT,-0.035005053626968735,Sell
2023-08-22,ILMN,0.03571428571428571,Buy
2023-08-22,GOLD,-0.0358925586399031,Sell
2023-08-22,WMB,0.03571428571428571,Buy
2023-08-22,KO,0.03571428571428571,Buy
2023-08-22,ULTA,-0.034613508217524964,Sell
2023-08-22,RL,0.03571428571428571,Buy
2023-08-22,HUM,0.03571428571428571,Buy
2023-08-22,WSM,0.03571428571428571,Buy
2023-08-22,PCG,-0.03622249988192541,Sell
2023-08-22,RF,0.03571428571428571,Buy
2023-08-22,CME,0.03571428571428571,Buy
2023-08-22,PRGO,-0.036073476836599165,Sell
2023-08-22,OHI,-0.0004116161076039154,Sell
2023-08-22,SYK,-0.03590757811460609,Sell
2023-08-22,CSIQ,-0.0313594859717495,Sell
2023-08-22,BSX,-0.035999495271163584,Sell
2023-08-22,COF,0.0011183873002241149,Buy
2023-08-22,ENB,0.00015345067719770705,Buy
2023-08-22,MRK,0.03571428571428571,Buy
2023-08-22,BMY,0.03571428571428571,Buy
2023-08-23,PPG,0.0005428706798381172,Buy
2023-08-23,BAX,0.0005824353204088584,Buy
2023-08-23,A,-0.0357486591090514,Sell
2023-08-23,CF,0.03571428571428571,Buy
2023-08-23,HP,-0.035642146114633774,Sell
2023-08-23,XLP,-0.035536490014515684,Sell
2023-08-23,NVDA,0.03571428571428571,Buy
2023-08-23,WEN,0.0008457920831138957,Buy
2023-08-23,DAL,-8.780238471673557e-05,Sell
2023-08-23,RRC,0.03571428571428571,Buy
2023-08-23,CAG,0.03571428571428571,Buy
2023-08-23,GREK,0.03571428571428571,Buy
2023-08-23,JNJ,0.0007295753067953215,Buy
2023-08-23,STI,-0.03546885404571045,Sell
2023-08-23,TRV,0.00019424029109808144,Buy
2023-08-23,EWC,-0.03569166196160694,Sell
2023-08-23,WFC,0.03571428571428571,Buy
2023-08-23,EWI,-0.03561733083342904,Sell
2023-08-23,SIRI,0.03571428571428571,Buy
2023-08-23,DLTR,-0.0356803630949725,Sell
2023-08-23,CCL,-0.0009172580281735301,Sell
2023-08-23,MS,0.00023833433684351119,Buy
2023-08-23,ALK,0.03571428571428571,Buy
2023-08-23,XRT,0.03571428571428571,Buy
2023-08-23,ILMN,-0.03551818371045749,Sell
2023-08-23,WMB,-0.03537288347651412,Sell
2023-08-23,KO,-0.0354249629282944,Sell
2023-08-23,ULTA,0.03571428571428571,Buy
2023-08-23,EW,0.03571428571428571,Buy
2023-08-23,RL,0.00022547975242268037,Buy
2023-08-23,HUM,-0.03510030421535374,Sell
2023-08-23,NTAP,0.03571428571428571,Buy
2023-08-23,WSM,-0.04006011689857451,Sell
2023-08-23,PCG,0.03571428571428571,Buy
2023-08-23,RF,-0.0003155085994161755,Sell
2023-08-23,CME,-0.03552450445544653,Sell
2023-08-23,OHI,-0.035791019576913934,Sell
2023-08-23,BSX,0.03571428571428571,Buy
2023-08-23,XLE,0.03571428571428571,Buy
2023-08-23,COF,-5.183590278511063e-05,Sell
2023-08-23,ENB,0.00026867086570819126,Buy
2023-08-23,MRK,-0.036641429671151436,Sell
2023-08-23,BMY,0.0005839497915915495,Buy
2023-08-24,PPG,-0.00010892649586082687,Sell
2023-08-24,BAX,-0.00030897891082192624,Sell
2023-08-24,CF,-0.03557359418455987,Sell
2023-08-24,NVDA,-0.036015704141091884,Sell
2023-08-24,WEN,-0.0006051366735734809,Sell
2023-08-24,DAL,-9.75126940390425e-06,Sell
2023-08-24,NSC,0.03571428571428571,Buy
2023-08-24,RRC,-0.0362826604089807,Sell
2023-08-24,CAG,-0.03604057329143147,Sell
2023-08-24,GREK,0.0003759425091606067,Buy
2023-08-24,JNJ,-0.00038798686380271674,Sell
2023-08-24,STI,0.03571428571428571,Buy
2023-08-24,TRV,-0.03618327843068025,Sell
2023-08-24,WFC,-0.03582417797977035,Sell
2023-08-24,EOG,0.03571428571428571,Buy
2023-08-24,EWI,0.03571428571428571,Buy
2023-08-24,SIRI,0.000779886402266533,Buy
2023-08-24,ORCL,0.03571428571428571,Buy
2023-08-24,DLTR,0.03571428571428571,Buy
2023-08-24,CCL,0.0009301055377707312,Buy
2023-08-24,MS,-0.03600140163699023,Sell
2023-08-24,ALK,-0.03553270456900751,Sell
2023-08-24,MAR,0.03571428571428571,Buy
2023-08-24,XRT,0.0004874940767333191,Buy
2023-08-24,ILMN,0.03571428571428571,Buy
2023-08-24,WMB,0.03571428571428571,Buy
2023-08-24,ULTA,0.0009848394392966212,Buy
2023-08-24,EW,-0.035557920759781786,Sell
2023-08-24,RL,-0.03559692379623699,Sell
2023-08-24,NTAP,0.00020460310632870737,Buy
2023-08-24,MRVL,0.03571428571428571,Buy
2023-08-24,PCG,-0.00028707326881129147,Sell
2023-08-24,NTES,0.03571428571428571,Buy
2023-08-24,RF,-0.0359224154232405,Sell
2023-08-24,HMC,0.03571428571428571,Buy
2023-08-24,SYK,0.03571428571428571,Buy
2023-08-24,BSX,-0.03603698704497453,Sell
2023-08-24,XLE,-1.83835994151324e-05,Sell
2023-08-24,COF,-0.03593024830656399,Sell
2023-08-24,ENB,6.084306505900472e-06,Buy
2023-08-24,BMY,-0.00010187948902495164,Sell
2023-08-25,PPG,-0.03595664905242802,Sell
2023-08-25,BAX,-1.154275676626404e-05,Sell
2023-08-25,NVDA,0.03571428571428571,Buy
2023-08-25,WEN,0.0002944105238391198,Buy
2023-08-25,DAL,0.0002189199763225208,Buy
2023-08-25,HYG,0.03571428571428571,Buy
2023-08-25,BUD,0.03571428571428571,Buy
2023-08-25,NSC,-0.0003087325959388043,Sell
2023-08-25,GREK,-0.00036682338335614073,Sell
2023-08-25,JNJ,-0.0004627023770091346,Sell
2023-08-25,STI,4.867694446993032e-05,Buy
2023-08-25,TRV,0.03571428571428571,Buy
2023-08-25,EWC,0.03571428571428571,Buy
2023-08-25,WFC,0.03571428571428571,Buy
2023-08-25,EOG,-0.0360628960384904,Sell
2023-08-25,EWI,-0.036066220903872105,Sell
2023-08-25,SIRI,-0.03593243672809318,Sell
2023-08-25,ORCL,-0.03666061574411949,Sell
2023-08-25,DLTR,0.00021278242207119213,Buy
2023-08-25,CCL,-0.00038266709027045404,Sell
2023-08-25,ALK,0.03571428571428571,Buy
2023-08-25,MAR,-0.035845026687670596,Sell
2023-08-25,XRT,-9.571703296896994e-05,Sell
2023-08-25,ILMN,-0.0353259379745501,Sell
2023-08-25,GOLD,0.03571428571428571,Buy
2023-08-25,WMB,-0.035820585945572886,Sell
2023-08-25,ULTA,-0.03435031633722194,Sell
2023-08-25,PVH,0.03571428571428571,Buy
2023-08-25,RL,0.03571428571428571,Buy
2023-08-25,NTAP,0.00043116130347035236,Buy
2023-08-25,MRVL,0.0024081220630629355,Buy
2023-08-25,PCG,7.001683886992405e-05,Buy
2023-08-25,NTES,-0.035727102108334734,Sell
2023-08-25,RF,0.03571428571428571,Buy
2023-08-25,HMC,-0.035942800984011515,Sell
2023-08-25,OHI,0.03571428571428571,Buy
2023-08-25,SYK,-0.03627603639425193,Sell
2023-08-25,XLE,-0.03601096441595574,Sell
2023-08-25,COF,0.03571428571428571,Buy
2023-08-25,ENB,-0.00018088084237113944,Sell
2023-08-25,MT,0.03571428571428571,Buy
2023-08-25,BMY,-0.0361312109616145,Sell
2023-08-28,MNST,0.03571428571428571,Buy
2023-08-28,PPG,0.03571428571428571,Buy
2023-08-28,BAX,0.000166597511879224,Buy
2023-08-28,NVDA,-0.0003602737338700701,Sell
2023-08-28,WEN,5.823717321837285e-05,Buy
2023-08-28,DAL,-0.0003344901629812047,Sell
2023-08-28,HYG,-0.035578279242726836,Sell
2023-08-28,BUD,-0.03581435783898675,Sell
2023-08-28,NSC,0.00017647374257812737,Buy
2023-08-28,GREK,-0.03593888240568359,Sell
2023-08-28,JNJ,0.0006869013034374732,Buy
2023-08-28,STI,0.0002690180983499907,Buy
2023-08-28,TRV,0.00044663516502433526,Buy
2023-08-28,EWC,-5.7905047003974086e-05,Sell
2023-08-28,WFC,-0.03600407695454936,Sell
2023-08-28,QQQ,0.03571428571428571,Buy
2023-08-28,EWI,0.03571428571428571,Buy
2023-08-28,ORCL,0.03571428571428571,Buy
2023-08-28,DLTR,-9.029246362505378e-05,Sell
2023-08-28,CCL,0.0006925747577913519,Buy
2023-08-28,ALK,-0.03558935575198124,Sell
2023-08-28,XRT,-0.03588547710514322,Sell
2023-08-28,GOLD,-0.00022546591516609676,Sell
2023-08-28,PVH,-0.035590572694955726,Sell
2023-08-28,EW,0.03571428571428571,Buy
2023-08-28,RL,-0.03606006008250428,Sell
2023-08-28,NTAP,-0.03605719946717883,Sell
2023-08-28,LOW,0.03571428571428571,Buy
2023-08-28,MRVL,-0.0008373997559472726,Sell
2023-08-28,PCG,0.00031146782067523193,Buy
2023-08-28,RF,-0.03588499159931118,Sell
2023-08-28,CP,0.03571428571428571,Buy
2023-08-28,PRGO,0.03571428571428571,Buy
2023-08-28,OHI,0.00011838268634014465,Buy
2023-08-28,COF,-0.03570535281397137,Sell
2023-08-28,ENB,-2.9789693216271396e-05,Sell
2023-08-28,MT,1.0788565394069527e-05,Buy
2023-08-28,MRK,0.03571428571428571,Buy
2023-08-28,BMY,0.03571428571428571,Buy
2023-08-29,MNST,-0.035727537157048815,Sell
2023-08-29,PPG,-7.764249716168264e-05,Sell
2023-08-29,BAX,-0.03582661169070288,Sell
2023-08-29,NVDA,-0.0010037425889001042,Sell
2023-08-29,WEN,0.00046319873435801684,Buy
2023-08-29,DAL,-0.03638151152028429,Sell
2023-08-29,NSC,0.001042366732269366,Buy
2023-08-29,GREK,0.03571428571428571,Buy
2023-08-29,JNJ,0.00045890579430477724,Buy
2023-08-29,STI,0.00046319873435801684,Buy
2023-08-29,KMB,0.03571428571428571,Buy
2023-08-29,TRV,0.00036456461647273175,Buy
2023-08-29,DHI,0.03571428571428571,Buy
2023-08-29,EWC,-0.00011877636446541023,Sell
2023-08-29,QQQ,-0.00030668787408776044,Sell
2023-08-29,EWI,-0.00021258227443024524,Sell
2023-08-29,ORCL,-0.03640057724195175,Sell
2023-08-29,DLTR,0.0008763855979267154,Buy
2023-08-29,CCL,-0.00027727799358420735,Sell
2023-08-29,GOLD,-0.036045677904097455,Sell
2023-08-29,WMB,0.03571428571428571,Buy
2023-08-29,KO,0.03571428571428571,Buy
2023-08-29,EW,-0.03608565314013298,Sell
2023-08-29,NTAP,0.03571428571428571,Buy
2023-08-29,LOW,-0.00012083406699958665,Sell
2023-08-29,MRVL,-0.00014381231845290304,Sell
2023-08-29,PCG,0.00046319873435801684,Buy
2023-08-29,DUK,0.03571428571428571,Buy
2023-08-29,CP,0.0002349340095265176,Buy
2023-08-29,PRGO,-0.035299639934826765,Sell
2023-08-29,OHI,4.196233106483482e-06,Buy
2023-08-29,ENB,8.720918631727193e-05,Buy
2023-08-29,ZUMZ,0.03571428571428571,Buy
2023-08-29,MT,-0.0005163718426329025,Sell
2023-08-29,MRK,0.00012016806361649784,Buy
2023-08-29,BMY,-0.03594306790179267,Sell
2023-08-30,MNST,0.03571428571428571,Buy
2023-08-30,PPG,-0.03585414112925331,Sell
2023-08-30,BAX,0.03571428571428571,Buy
2023-08-30,NVDA,-0.00021734317731134795,Sell
2023-08-30,WEN,0.00018534448389056352,Buy
2023-08-30,NSC,-0.00015843684408635428,Sell
2023-08-30,ICE,0.03571428571428571,Buy
2023-08-30,CAG,0.03571428571428571,Buy
2023-08-30,GREK,0.00023502724961363408,Buy
2023-08-30,JNJ,0.00025835939623850696,Buy
2023-08-30,STI,0.00023478283880559725,Buy
2023-08-30,KMB,0.00014648838060363906,Buy
2023-08-30,NDAQ,0.03571428571428571,Buy
2023-08-30,TRV,0.00012392812737236497,Buy
2023-08-30,DHI,-0.0004044753349879346,Sell
2023-08-30,EWC,-4.2679767595955875e-05,Sell
2023-08-30,WFC,0.03571428571428571,Buy
2023-08-30,QQQ,-6.567756723568213e-05,Sell
2023-08-30,EWI,7.790145186232361e-05,Buy
2023-08-30,DLTR,-0.03598330373112396,Sell
2023-08-30,CCL,0.000509869482421911,Buy
2023-08-30,GOLD,0.03571428571428571,Buy
2023-08-30,WMB,-0.035703938351823374,Sell
2023-08-30,KO,-0.0355638872911951,Sell
2023-08-30,EW,0.03571428571428571,Buy
2023-08-30,NTAP,0.00012809930684588855,Buy
2023-08-30,LOW,-0.03619443652379184,Sell
2023-08-30,MRVL,-0.03635503952139017,Sell
2023-08-30,PCG,0.0004527313146090034,Buy
2023-08-30,DUK,-0.035447549714702806,Sell
2023-08-30,RF,0.03571428571428571,Buy
2023-08-30,CP,-0.035967558317398896,Sell
2023-08-30,PRGO,0.03571428571428571,Buy
2023-08-30,OHI,-0.036793495484727545,Sell
2023-08-30,COF,0.03571428571428571,Buy
2023-08-30,ENB,-7.021833345445538e-05,Sell
2023-08-30,ZUMZ,-0.03532848673978311,Sell
2023-08-30,MT,0.0004490368313467899,Buy
2023-08-30,MRK,-0.03565269933271701,Sell
2023-08-31,MNST,0.00018748249062116445,Buy
2023-08-31,BAX,-0.035052305665826636,Sell
2023-08-31,HP,0.03571428571428571,Buy
2023-08-31,NVDA,-0.0003369212681055486,Sell
2023-08-31,WEN,-0.035571327588586256,Sell
2023-08-31,DAL,0.03571428571428571,Buy
2023-08-31,NSC,0.0004890073536603506,Buy
2023-08-31,ICE,-0.036012200418221056,Sell
2023-08-31,CAG,4.430027096602451e-06,Buy
2023-08-31,GREK,0.00027648459533687053,Buy
2023-08-31,JNJ,-0.03553418212194615,Sell
2023-08-31,STI,-0.03598473553660561,Sell
2023-08-31,KMB,-9.533306550478515e-05,Sell
2023-08-31,NDAQ,-0.0001474472826773071,Sell
2023-08-31,TRV,-0.00025036570966207455,Sell
2023-08-31,DHI,-0.0359907776227242,Sell
2023-08-31,EWC,-0.03602627096155546,Sell
2023-08-31,WFC,-5.3879605913097206e-05,Sell
2023-08-31,QQQ,-0.00037834747684053344,Sell
2023-08-31,EWI,0.0001505560741270895,Buy
2023-08-31,ORCL,0.03571428571428571,Buy
2023-08-31,DLTR,0.03571428571428571,Buy
2023-08-31,CCL,-0.0001570760614229838,Sell
2023-08-31,TSM,0.03571428571428571,Buy
2023-08-31,GOLD,0.00035141243257165444,Buy
2023-08-31,WMB,0.03571428571428571,Buy
2023-08-31,EW,0.00035380278956104877,Buy
2023-08-31,HUM,0.03571428571428571,Buy
2023-08-31,NTAP,-0.0003975643425122369,Sell
2023-08-31,PCG,-0.0354840243330216,Sell
2023-08-31,DUK,0.03571428571428571,Buy
2023-08-31,RF,-0.03598473553660561,Sell
2023-08-31,PRGO,0.00038268727684807186,Buy
2023-08-31,M,0.03571428571428571,Buy
2023-08-31,COF,-0.03592509582670493,Sell
2023-08-31,ENB,-8.675542213071319e-05,Sell
2023-08-31,MT,-0.03578302392556999,Sell
2023-08-31,MRK,0.03571428571428571,Buy
2023-08-31,BMY,0.03571428571428571,Buy
2023-09-01,MNST,0.000650382222858889,Buy
2023-09-01,PPG,0.03571428571428571,Buy
2023-09-01,BAX,0.03571428571428571,Buy
2023-09-01,HP,-0.0370480995137488,Sell
2023-09-01,NVDA,0.0007273137315718103,Buy
2023-09-01,DAL,0.00013374456550051955,Buy
2023-09-01,NSC,-0.00012074488431266378,Sell
2023-09-01,ICE,0.03571428571428571,Buy
2023-09-01,CAG,0.0007842856909607149,Buy
2023-09-01,GREK,0.0006097015663216673,Buy
2023-09-01,JNJ,0.03571428571428571,Buy
2023-09-01,KMB,0.0004956856621857464,Buy
2023-09-01,NDAQ,0.0004834200955644158,Buy
2023-09-01,TRV,-0.0001191124737552618,Sell
2023-09-01,WFC,-0.00019322234971468066,Sell
2023-09-01,QQQ,0.0001548093042275378,Buy
2023-09-01,EWI,0.00040546369855169045,Buy
2023-09-01,ORCL,-0.03575681067987031,Sell
2023-09-01,DLTR,0.0011702741069073777,Buy
2023-09-01,CCL,0.0003196482756355201,Buy
2023-09-01,TSM,0.000261698707775225,Buy
2023-09-01,ALK,0.03571428571428571,Buy
2023-09-01,GOLD,-0.039488625025316,Sell
2023-09-01,WMB,-4.78004632940357e-05,Sell
2023-09-01,EW,-0.03555525075934517,Sell
2023-09-01,HUM,-0.03551848618009699,Sell
2023-09-01,NTAP,-0.03601484135781678,Sell
2023-09-01,PCG,0.03571428571428571,Buy
2023-09-01,DUK,0.0004658977342362827,Buy
2023-09-01,CLX,0.03571428571428571,Buy
2023-09-01,PRGO,-0.0010524930855659448,Sell
2023-09-01,SYK,0.03571428571428571,Buy
2023-09-01,M,0.0003499951471477164,Buy
2023-09-01,ENB,-0.0003191977252705383,Sell
2023-09-01,MRK,-0.035878061943114874,Sell
2023-09-01,BMY,-0.03581078810464995,Sell
2023-09-05,MNST,-0.035844827573348885,Sell
2023-09-05,PPG,0.000904637731515251,Buy
2023-09-05,BAX,-0.03478633133563807,Sell
2023-09-05,A,0.03571428571428571,Buy
2023-09-05,NVDA,-0.03625187425275272,Sell
2023-09-05,DAL,0.0004211923198491757,Buy
2023-09-05,NSC,0.0004200154674046455,Buy
2023-09-05,ICE,0.00022521684053702917,Buy
2023-09-05,CAG,-0.0002984426756749495,Sell
2023-09-05,GREK,0.0005960139717463425,Buy
2023-09-05,JNJ,-0.03626789355627399,Sell
2023-09-05,KMB,-0.0003834166983032253,Sell
2023-09-05,NDAQ,0.0003493350945866433,Buy
2023-09-05,TRV,-8.217606391067167e-05,Sell
2023-09-05,VTR,0.03571428571428571,Buy
2023-09-05,DHI,0.03571428571428571,Buy
2023-09-05,BDX,0.03571428571428571,Buy
2023-09-05,WFC,-0.00041280497915036074,Sell
2023-09-05,QQQ,-0.0005545107279629619,Sell
2023-09-05,EWI,-0.0002240506404720885,Sell
2023-09-05,DLTR,0.0002450342383775797,Buy
2023-09-05,CCL,0.00032053843309869795,Buy
2023-09-05,TSM,-0.036770807878568595,Sell
2023-09-05,ALK,-0.03497428726687287,Sell
2023-09-05,ILMN,0.03571428571428571,Buy
2023-09-05,WMB,-0.00024742257790152933,Sell
2023-09-05,PCG,-6.833747570109822e-05,Sell
2023-09-05,DUK,1.882464855160193e-05,Buy
2023-09-05,NTES,0.03571428571428571,Buy
2023-09-05,CLX,-9.312809970165453e-05,Sell
2023-09-05,PRGO,0.0004133981601800035,Buy
2023-09-05,SYK,-0.036457066885818346,Sell
2023-09-05,M,-0.0357755642853874,Sell
2023-09-05,COF,0.03571428571428571,Buy
2023-09-05,ENB,-0.00028404665092870984,Sell
2023-09-05,MRK,0.03571428571428571,Buy
2023-09-06,PPG,-0.00033656427721934223,Sell
2023-09-06,BAX,0.03571428571428571,Buy
2023-09-06,A,5.4859933597106725e-05,Buy
2023-09-06,DAL,-0.00014101606741163952,Sell
2023-09-06,HYG,0.03571428571428571,Buy
2023-09-06,NSC,0.0002926496830010922,Buy
2023-09-06,ICE,0.00013854138137422978,Buy
2023-09-06,CAG,-6.084144055241991e-05,Sell
2023-09-06,GREK,-7.408996979799132e-05,Sell
2023-09-06,JNJ,0.03571428571428571,Buy
2023-09-06,KMB,-6.24671754399092e-05,Sell
2023-09-06,NDAQ,-0.03651416074631381,Sell
2023-09-06,TRV,-0.03594751920642137,Sell
2023-09-06,VTR,-0.036229649575683774,Sell
2023-09-06,DHI,-0.0006080641673773743,Sell
2023-09-06,BDX,0.0006369105470092132,Buy
2023-09-06,WFC,0.0002653884680171095,Buy
2023-09-06,QQQ,0.0001321968353617392,Buy
2023-09-06,EWI,-0.03540963458933516,Sell
2023-09-06,DLTR,-0.03623790398930549,Sell
2023-09-06,CCL,-0.00032412896369616445,Sell
2023-09-06,TSM,0.03571428571428571,Buy
2023-09-06,ALK,0.03571428571428571,Buy
2023-09-06,XRT,0.03571428571428571,Buy
2023-09-06,ILMN,-0.00031008343161980506,Sell
2023-09-06,WMB,0.000441414456302483,Buy
2023-09-06,LOW,0.03571428571428571,Buy
2023-09-06,PCG,-0.03631775219055142,Sell
2023-09-06,DUK,-0.036246276701227834,Sell
2023-09-06,NTES,0.00023375950583430505,Buy
2023-09-06,RF,0.03571428571428571,Buy
2023-09-06,CLX,-0.03593102747267991,Sell
2023-09-06,PRGO,0.0006923190941308249,Buy
2023-09-06,OHI,0.03571428571428571,Buy
2023-09-06,COF,-0.03579948225880003,Sell
2023-09-06,ENB,-0.03378242813264142,Sell
2023-09-06,MRK,0.00015659569547925994,Buy
2023-09-06,BMY,0.03571428571428571,Buy
2023-09-07,PPG,8.069058693867259e-05,Buy
2023-09-07,BAX,0.000459165375629976,Buy
2023-09-07,A,0.00036386452621265525,Buy
2023-09-07,XLP,0.03571428571428571,Buy
2023-09-07,NVDA,0.03571428571428571,Buy
2023-09-07,DAL,0.0003517121179637747,Buy
2023-09-07,HYG,-0.03598174383597595,Sell
2023-09-07,NSC,0.0002560767048921525,Buy
2023-09-07,ICE,-0.03637259976549894,Sell
2023-09-07,CAG,6.290039738010567e-05,Buy
2023-09-07,GREK,0.0006239243804586556,Buy
2023-09-07,JNJ,-0.03631970142523257,Sell
2023-09-07,KMB,-0.0363530839115183,Sell
2023-09-07,DHI,-0.0363202544383189,Sell
2023-09-07,BDX,-0.03604074164738065,Sell
2023-09-07,WFC,0.0003688399570593928,Buy
2023-09-07,QQQ,0.00010950135462890753,Buy
2023-09-07,CCL,0.00015517523869412742,Buy
2023-09-07,TSM,0.0007120608716765509,Buy
2023-09-07,ALK,0.000313025002131595,Buy
2023-09-07,XRT,8.178016542229744e-05,Buy
2023-09-07,ILMN,-0.03560572052868079,Sell
2023-09-07,WMB,-0.03623215312993128,Sell
2023-09-07,KO,0.03571428571428571,Buy
2023-09-07,D,0.03571428571428571,Buy
2023-09-07,RL,0.03571428571428571,Buy
2023-09-07,NTAP,0.03571428571428571,Buy
2023-09-07,NWSA,0.03571428571428571,Buy
2023-09-07,LOW,-0.03648598057745514,Sell
2023-09-07,NTES,0.00048432595561166,Buy
2023-09-07,RF,0.000486693072919514,Buy
2023-09-07,PRGO,0.0005416757674154976,Buy
2023-09-07,OHI,-0.03610062735387321,Sell
2023-09-07,SYK,0.03571428571428571,Buy
2023-09-07,COF,0.03571428571428571,Buy
2023-09-07,ENB,0.03571428571428571,Buy
2023-09-07,VZ,0.03571428571428571,Buy
2023-09-07,MRK,-0.03634955203168322,Sell
2023-09-07,BMY,-0.00032726705538473067,Sell
2023-09-08,PPG,0.00016082392112223148,Buy
2023-09-08,AMTD,0.03571428571428571,Buy
2023-09-08,BAX,0.00030973800699923837,Buy
2023-09-08,A,0.0007317114195988586,Buy
2023-09-08,XLP,-9.771827563516411e-06,Sell
2023-09-08,NVDA,0.00055126065525124,Buy
2023-09-08,WEN,0.03571428571428571,Buy
2023-09-08,DAL,0.00030398181692443266,Buy
2023-09-08,NSC,0.00013508847308250221,Buy
2023-09-08,CAG,-0.0002367318344398059,Sell
2023-09-08,GREK,-0.00042300821727343785,Sell
2023-09-08,QCOM,0.03571428571428571,Buy
2023-09-08,TRV,0.03571428571428571,Buy
2023-09-08,WFC,-0.0004679509795440587,Sell
2023-09-08,QQQ,-0.03572907747768102,Sell
2023-09-08,CCL,3.506737979619423e-05,Buy
2023-09-08,TSM,0.00019751624731057654,Buy
2023-09-08,ALK,0.00022228884654380832,Buy
2023-09-08,XRT,-0.03549025865478603,Sell
2023-09-08,ILMN,0.03571428571428571,Buy
2023-09-08,KO,3.506737979619423e-05,Buy
2023-09-08,D,-0.036524121254352476,Sell
2023-09-08,EW,0.03571428571428571,Buy
2023-09-08,RL,-0.035881710477769245,Sell
2023-09-08,NTAP,-6.899029033866078e-05,Sell
2023-09-08,NWSA,-0.03578115442669279,Sell
2023-09-08,LOW,0.03571428571428571,Buy
2023-09-08,NTES,-0.0358467921181018,Sell
2023-09-08,RF,-0.00022565161317539273,Sell
2023-09-08,CP,0.03571428571428571,Buy
2023-09-08,PRGO,-0.00012369866312789135,Sell
2023-09-08,SYK,-0.03574341448067571,Sell
2023-09-08,COF,3.506737979619423e-05,Buy
2023-09-08,ENB,-0.0003086188679757504,Sell
2023-09-08,VZ,0.0004149728812183062,Buy
2023-09-08,BMY,-0.036184922841914414,Sell
2023-09-11,PPG,-2.3148604215227075e-05,Sell
2023-09-11,AMTD,-0.03586100575407639,Sell
2023-09-11,BAX,0.0001196277163657139,Buy
2023-09-11,A,0.00042492055114890653,Buy
2023-09-11,XLP,-0.03587461634266243,Sell
2023-09-11,NVDA,0.0004547248260122552,Buy
2023-09-11,WEN,-0.03580188340174197,Sell
2023-09-11,DAL,0.00012979555666012277,Buy
2023-09-11,NSC,-0.035627053794033185,Sell
2023-09-11,ICE,0.03571428571428571,Buy
2023-09-11,CAG,0.00022056124958730328,Buy
2023-09-11,GREK,0.0006381492580741777,Buy
2023-09-11,QCOM,-0.03695435698377978,Sell
2023-09-11,STI,0.03571428571428571,Buy
2023-09-11,TRV,-0.00012861951792200038,Sell
2023-09-11,BBT,0.03571428571428571,Buy
2023-09-11,WFC,-0.00013905191659935312,Sell
2023-09-11,EOG,0.03571428571428571,Buy
2023-09-11,QQQ,0.03571428571428571,Buy
2023-09-11,CCL,-0.0002712125629519904,Sell
2023-09-11,TSM,-0.03555118871480764,Sell
2023-09-11,MS,0.03571428571428571,Buy
2023-09-11,ALK,-0.0004066972886378195,Sell
2023-09-11,XRT,0.03571428571428571,Buy
2023-09-11,ILMN,0.0009580147960692384,Buy
2023-09-11,WMB,0.03571428571428571,Buy
2023-09-11,KO,-0.03590242761510164,Sell
2023-09-11,PVH,0.03571428571428571,Buy
2023-09-11,EW,-0.03595121025056744,Sell
2023-09-11,NTAP,0.0003990544929010631,Buy
2023-09-11,LOW,-0.03566240616285709,Sell
2023-09-11,PCG,0.03571428571428571,Buy
2023-09-11,RF,4.797975841742269e-05,Buy
2023-09-11,CP,-0.03607901045844876,Sell
2023-09-11,CLX,0.03571428571428571,Buy
2023-09-11,PRGO,-0.035861184134127116,Sell
2023-09-11,M,0.03571428571428571,Buy
2023-09-11,COF,0.00010806592329897641,Buy
2023-09-11,ENB,-3.3049120461890735e-05,Sell
2023-09-11,VZ,-0.036088077711941745,Sell
2023-09-12,PPG,0.0006727982238479077,Buy
2023-09-12,BAX,0.000356928664053513,Buy
2023-09-12,A,0.00011662981619874752,Buy
2023-09-12,XLP,0.03571428571428571,Buy
2023-09-12,NVDA,0.00025900262004572433,Buy
2023-09-12,DAL,0.00014674806096397208,Buy
2023-09-12,ICE,-0.03599658623842962,Sell
2023-09-12,CAG,0.0005196376417834492,Buy
2023-09-12,GREK,9.719881036040351e-05,Buy
2023-09-12,STI,4.859057721301463e-05,Buy
2023-09-12,KMB,0.03571428571428571,Buy
2023-09-12,TRV,-0.03606199734938632,Sell
2023-09-12,DHI,0.03571428571428571,Buy
2023-09-12,BBT,0.0004221028503977181,Buy
2023-09-12,BDX,0.03571428571428571,Buy
2023-09-12,WFC,-0.03674378989387907,Sell
2023-09-12,EOG,-0.03677370416150147,Sell
2023-09-12,QQQ,-0.035302809362953685,Sell
2023-09-12,EWI,0.03571428571428571,Buy
2023-09-12,DLTR,0.03571428571428571,Buy
2023-09-12,CCL,6.175024805870483e-05,Buy
2023-09-12,MS,-0.03657071565890923,Sell
2023-09-12,ALK,0.00029817938686484136,Buy
2023-09-12,XRT,-0.03564683422900492,Sell
2023-09-12,ILMN,0.0010121906018083979,Buy
2023-09-12,WMB,-0.03619668124169434,Sell
2023-09-12,PVH,-0.036025418953843265,Sell
2023-09-12,EW,0.03571428571428571,Buy
2023-09-12,NTAP,0.0001110879201654813,Buy
2023-09-12,NWSA,0.03571428571428571,Buy
2023-09-12,PCG,-6.886664675249954e-05,Sell
2023-09-12,RF,-0.00042141382063310556,Sell
2023-09-12,CLX,0.0010940479659970817,Buy
2023-09-12,PRGO,0.03571428571428571,Buy
2023-09-12,M,-0.0002644873028083902,Sell
2023-09-12,COF,-0.036062678263191074,Sell
2023-09-12,ENB,-0.00043974498972392667,Sell
2023-09-12,BMY,0.03571428571428571,Buy
2023-09-13,PPG,-4.965407353486884e-06,Sell
2023-09-13,AMTD,0.03571428571428571,Buy
2023-09-13,BAX,-0.036676303746675416,Sell
2023-09-13,A,-0.03615200900121237,Sell
2023-09-13,XLP,-0.036055129463835454,Sell
2023-09-13,NVDA,-0.0007232299425400657,Sell
2023-09-13,DAL,0.0007764952108837639,Buy
2023-09-13,CAG,-0.00015523519586734674,Sell
2023-09-13,GREK,0.00041774571545283995,Buy
2023-09-13,STI,-0.03594484418905175,Sell
2023-09-13,KMB,-0.000276629968972833,Sell
2023-09-13,TRV,0.03571428571428571,Buy
2023-09-13,DHI,1.4000097172943426e-05,Buy
2023-09-13,BBT,-0.0355488560964855,Sell
2023-09-13,BDX,-0.03612340603492569,Sell
2023-09-13,EWI,-0.03571662263365641,Sell
2023-09-13,ORCL,0.03571428571428571,Buy
2023-09-13,DLTR,0.00020410730948720868,Buy
2023-09-13,CCL,0.0007924495814237847,Buy
2023-09-13,ALK,0.0006476746420376461,Buy
2023-09-13,XRT,0.03571428571428571,Buy
2023-09-13,ILMN,-0.0003117993198742605,Sell
2023-09-13,D,0.03571428571428571,Buy
2023-09-13,ULTA,0.03571428571428571,Buy
2023-09-13,EW,-0.00013257383375300802,Sell
2023-09-13,RL,0.03571428571428571,Buy
2023-09-13,NTAP,-6.992913629240427e-05,Sell
2023-09-13,NWSA,0.0006844610246233493,Buy
2023-09-13,PCG,-0.0005063981598374886,Sell
2023-09-13,RF,0.0004215426236131026,Buy
2023-09-13,CLX,0.00031005471484223113,Buy
2023-09-13,PRGO,-0.00014575431439088626,Sell
2023-09-13,M,-0.035322953133030806,Sell
2023-09-13,ENB,-0.0004200735459956792,Sell
2023-09-13,MRK,0.03571428571428571,Buy
2023-09-13,BMY,0.00012149264013957412,Buy
2023-09-14,PPG,-2.1945884957588757e-05,Sell
2023-09-14,AMTD,5.539171801943743e-05,Buy
2023-09-14,BAX,0.03571428571428571,Buy
2023-09-14,NVDA,-0.035441258583716675,Sell
2023-09-14,DAL,0.0005444090608639693,Buy
2023-09-14,CAG,-0.0002588814326985184,Sell
2023-09-14,GREK,0.0002239422775100891,Buy
2023-09-14,JNJ,0.03571428571428571,Buy
2023-09-14,KMB,9.584590825579414e-05,Buy
2023-09-14,HAS,0.03571428571428571,Buy
2023-09-14,TRV,-0.035980150433846,Sell
2023-09-14,DHI,-0.03578283009192827,Sell
2023-09-14,BDX,0.03571428571428571,Buy
2023-09-14,EWI,0.03571428571428571,Buy
2023-09-14,ORCL,-0.00022785892846134692,Sell
2023-09-14,DLTR,0.00015945754993334366,Buy
2023-09-14,CCL,-0.0010886487579491594,Sell
2023-09-14,ALK,0.0001397984942849359,Buy
2023-09-14,XRT,-0.03619335852849848,Sell
2023-09-14,ILMN,0.00041335695651091575,Buy
2023-09-14,GOLD,0.03571428571428571,Buy
2023-09-14,KO,0.03571428571428571,Buy
2023-09-14,D,-0.00021522189246835077,Sell
2023-09-14,ULTA,0.0002085015357954148,Buy
2023-09-14,EW,-0.03577745374606653,Sell
2023-09-14,RL,9.06510079861228e-05,Buy
2023-09-14,NTAP,-0.03562968634870297,Sell
2023-09-14,NWSA,-0.035750078443442766,Sell
2023-09-14,PCG,-0.035656670458792956,Sell
2023-09-14,RF,0.00011005522961443637,Buy
2023-09-14,CLX,-0.035870648717371695,Sell
2023-09-14,PRGO,0.0005567558522805993,Buy
2023-09-14,BSX,0.03571428571428571,Buy
2023-09-14,M,0.03571428571428571,Buy
2023-09-14,ENB,-0.0006828181407991588,Sell
2023-09-14,ZUMZ,0.03571428571428571,Buy
2023-09-14,MRK,-0.035749739115341586,Sell
2023-09-14,BMY,0.0004425415376201544,Buy
2023-09-15,MNST,0.03571428571428571,Buy
2023-09-15,PPG,-0.035904792667025245,Sell
2023-09-15,AMTD,-0.03547191962434351,Sell
2023-09-15,BAX,-0.03599863629302299,Sell
2023-09-15,NVDA,0.03571428571428571,Buy
2023-09-15,DAL,-0.03658577802558022,Sell
2023-09-15,ICE,0.03571428571428571,Buy
2023-09-15,CAG,-0.00019992574429245763,Sell
2023-09-15,GREK,-0.0010403411720875458,Sell
2023-09-15,JNJ,0.00015552639027840293,Buy
2023-09-15,KMB,-9.959462805186198e-05,Sell
2023-09-15,HAS,0.0005827829495247405,Buy
2023-09-15,DHI,0.03571428571428571,Buy
2023-09-15,BDX,-0.03594318879993011,Sell
2023-09-15,QQQ,0.03571428571428571,Buy
2023-09-15,EWI,-0.035960664712990344,Sell
2023-09-15,ORCL,-0.00042815826408643815,Sell
2023-09-15,DLTR,-0.03574811732421523,Sell
2023-09-15,CCL,0.00066637869022209,Buy
2023-09-15,ALK,-0.00044962108796711003,Sell
2023-09-15,XRT,0.03571428571428571,Buy
2023-09-15,ILMN,0.0006911936298776428,Buy
2023-09-15,GOLD,0.0019330989222730993,Buy
2023-09-15,KO,-0.03574233667161317,Sell
2023-09-15,D,-0.0003190979179862122,Sell
2023-09-15,ULTA,-0.00015283623371633442,Sell
2023-09-15,RL,2.1080691416056063e-05,Buy
2023-09-15,NTAP,0.03571428571428571,Buy
2023-09-15,NWSA,0.03571428571428571,Buy
2023-09-15,LOW,0.03571428571428571,Buy
2023-09-15,RF,-0.03602300414596884,Sell
2023-09-15,CLX,0.03571428571428571,Buy
2023-09-15,PRGO,-0.00025232028129140716,Sell
2023-09-15,BSX,-0.036049493075888304,Sell
2023-09-15,XLE,0.03571428571428571,Buy
2023-09-15,M,0.00034957217911492366,Buy
2023-09-15,ENB,-0.00011399294444325303,Sell
2023-09-15,ZUMZ,-0.03488486286834294,Sell
2023-09-15,BMY,-6.998090300872756e-05,Sell
2023-09-18,MNST,-0.035995322138833906,Sell
2023-09-18,PPG,0.03571428571428571,Buy
2023-09-18,BAX,0.03571428571428571,Buy
2023-09-18,A,0.03571428571428571,Buy
2023-09-18,XLP,0.03571428571428571,Buy
2023-09-18,NVDA,-0.00025186304858958175,Sell
2023-09-18,DAL,0.03571428571428571,Buy
2023-09-18,ICE,-0.03596491564006652,Sell
2023-09-18,RRC,0.03571428571428571,Buy
2023-09-18,CAG,7.513037757645585e-05,Buy
2023-09-18,GREK,-0.00020810895630828802,Sell
2023-09-18,JNJ,-0.00042475714002802867,Sell
2023-09-18,KMB,-0.00022947161483190953,Sell
2023-09-18,HAS,-0.0357173685013858,Sell
2023-09-18,DHI,-0.03617422027645589,Sell
2023-09-18,QQQ,-0.00023531031838028293,Sell
2023-09-18,ORCL,0.00033808059816014396,Buy
2023-09-18,DLTR,0.03571428571428571,Buy
2023-09-18,CCL,0.00015675218821505077,Buy
2023-09-18,TSM,0.03571428571428571,Buy
2023-09-18,ALK,0.0003389412165160713,Buy
2023-09-18,XRT,-0.035339852837620395,Sell
2023-09-18,ILMN,0.0007211227456418931,Buy
2023-09-18,GOLD,-0.036858708484138934,Sell
2023-09-18,D,-0.0003164217831894134,Sell
2023-09-18,ULTA,0.00029534343706848903,Buy
2023-09-18,RL,-0.03618341346015438,Sell
2023-09-18,NTAP,0.0005183277289241978,Buy
2023-09-18,NWSA,0.00043961966843310274,Buy
2023-09-18,LOW,0.00017753825591419747,Buy
2023-09-18,RF,0.03571428571428571,Buy
2023-09-18,CLX,0.0006618444796104225,Buy
2023-09-18,PRGO,-0.036308330774445924,Sell
2023-09-18,XLE,-0.036216487378156484,Sell
2023-09-18,M,0.0011238488330140434,Buy
2023-09-18,ENB,-0.00012623351318728077,Sell
2023-09-18,BMY,7.589028944737786e-05,Buy
2023-09-19,PPG,8.11368617229663e-06,Buy
2023-09-19,BAX,-0.03599428628775045,Sell
2023-09-19,A,5.3157600008645056e-05,Buy
2023-09-19,HP,0.03571428571428571,Buy
2023-09-19,XLP,-0.035696758027665844,Sell
2023-09-19,NVDA,-0.03541881318680924,Sell
2023-09-19,DAL,-0.036297025650808376,Sell
2023-09-19,HYG,0.03571428571428571,Buy
2023-09-19,ICE,0.03571428571428571,Buy
2023-09-19,RRC,1.2088639147547764e-05,Buy
2023-09-19,CAG,-3.0120140404238382e-05,Sell
2023-09-19,GREK,0.0007788618095900118,Buy
2023-09-19,JNJ,-8.036164822693148e-06,Sell
2023-09-19,KMB,0.0001469822968398482,Buy
2023-09-19,BBT,0.03571428571428571,Buy
2023-09-19,EBAY,0.03571428571428571,Buy
2023-09-19,EOG,0.03571428571428571,Buy
2023-09-19,QQQ,8.764492570430271e-06,Buy
2023-09-19,ORCL,-0.03596035852541601,Sell
2023-09-19,DLTR,-0.03597881555943525,Sell
2023-09-19,CCL,-0.00018645621154626119,Sell
2023-09-19,TSM,0.0001983599630300814,Buy
2023-09-19,ALK,-0.0002515638760197392,Sell
2023-09-19,ILMN,-0.03530941871596806,Sell
2023-09-19,GOLD,0.03571428571428571,Buy
2023-09-19,D,0.0005064234695837042,Buy
2023-09-19,ULTA,-0.00040874586648532996,Sell
2023-09-19,NTAP,-6.4347887388585545e-06,Sell
2023-09-19,NWSA,-0.00012139382531882459,Sell
2023-09-19,LOW,-3.134281001088146e-05,Sell
2023-09-19,RF,-0.03606322468357651,Sell
2023-09-19,CP,0.03571428571428571,Buy
2023-09-19,CLX,0.0010007005394831875,Buy
2023-09-19,PRGO,0.03571428571428571,Buy
2023-09-19,M,-0.03644873738038475,Sell
2023-09-19,ENB,4.017853213418576e-06,Buy
2023-09-19,BMY,-9.804402467827183e-05,Sell
2023-09-20,PPG,9.483535629391249e-05,Buy
2023-09-20,AMTD,0.03571428571428571,Buy
2023-09-20,A,-0.03605471922467154,Sell
2023-09-20,HP,1.672798353634375e-05,Buy
2023-09-20,NVDA,0.03571428571428571,Buy
2023-09-20,DAL,0.03571428571428571,Buy
2023-09-20,HYG,-0.0002601401328992045,Sell
2023-09-20,ICE,-0.03596600712724764,Sell
2023-09-20,RRC,0.0008574692648694662,Buy
2023-09-20,CAG,-0.03629206113819333,Sell
2023-09-20,GREK,0.0009929416989144513,Buy
2023-09-20,JNJ,-0.0361610288396477,Sell
2023-09-20,KMB,-0.0361655392007595,Sell
2023-09-20,BBT,-0.00032612559369402105,Sell
2023-09-20,EBAY,-0.03606120272795401,Sell
2023-09-20,WFC,0.03571428571428571,Buy
2023-09-20,EOG,0.00068769539046519,Buy
2023-09-20,QQQ,0.0002296868567801258,Buy
2023-09-20,CCL,0.0007606638258882276,Buy
2023-09-20,TSM,7.019382168450133e-05,Buy
2023-09-20,MS,0.03571428571428571,Buy
2023-09-20,ALK,0.00014385972705911743,Buy
2023-09-20,GOLD,0.00044516435985522684,Buy
2023-09-20,WMB,0.03571428571428571,Buy
2023-09-20,D,-0.00037944057925906605,Sell
2023-09-20,ULTA,-0.00024804669924378964,Sell
2023-09-20,EW,0.03571428571428571,Buy
2023-09-20,NTAP,-0.00030807612911575716,Sell
2023-09-20,NWSA,0.00021617161217661607,Buy
2023-09-20,LOW,0.00013958849934922468,Buy
2023-09-20,CP,-0.036044777454763734,Sell
2023-09-20,CLX,0.00022578048489462627,Buy
2023-09-20,PRGO,-0.00010665296015286568,Sell
2023-09-20,COF,0.03571428571428571,Buy
2023-09-20,ENB,-0.0002891406192409088,Sell
2023-09-20,BMY,-0.03609553253759724,Sell
2023-09-21,PPG,0.00016011786781385678,Buy
2023-09-21,AMTD,-0.03534354614558382,Sell
2023-09-21,BAX,0.03571428571428571,Buy
2023-09-21,HP,0.0008376471608596975,Buy
2023-09-21,NVDA,-0.035201050142965117,Sell
2023-09-21,DAL,5.255967736747524e-06,Buy
2023-09-21,HYG,-0.035991546661658914,Sell
2023-09-21,ICE,0.03571428571428571,Buy
2023-09-21,RRC,-3.468884075721185e-05,Sell
2023-09-21,GREK,-0.03657893262197862,Sell
2023-09-21,JNJ,0.03571428571428571,Buy
2023-09-21,BBT,-0.036900763931465165,Sell
2023-09-21,WFC,-0.03578472058552536,Sell
2023-09-21,EOG,0.00030502692882679316,Buy
2023-09-21,QQQ,0.00012875664929383468,Buy
2023-09-21,DLTR,0.03571428571428571,Buy
2023-09-21,CCL,-4.0627712640524394e-05,Sell
2023-09-21,TSM,0.0002659892026901506,Buy
2023-09-21,MS,-0.03530963871545787,Sell
2023-09-21,ALK,-0.00010362477823400856,Sell
2023-09-21,MAR,0.03571428571428571,Buy
2023-09-21,GOLD,-0.036075623496454594,Sell
2023-09-21,WMB,0.0003525039563743934,Buy
2023-09-21,D,-9.720848031200685e-05,Sell
2023-09-21,ULTA,8.671109314464798e-05,Buy
2023-09-21,EW,0.00035625395404607213,Buy
2023-09-21,NTAP,-0.0361640211539692,Sell
2023-09-21,NWSA,-0.03671051017720486,Sell
2023-09-21,BX,0.03571428571428571,Buy
2023-09-21,LOW,0.00018979831937205455,Buy
2023-09-21,NTES,0.03571428571428571,Buy
2023-09-21,HMC,0.03571428571428571,Buy
2023-09-21,CME,0.03571428571428571,Buy
2023-09-21,CP,0.03571428571428571,Buy
2023-09-21,CLX,-4.6716233273715047e-05,Sell
2023-09-21,PRGO,0.00021403786917952028,Buy
2023-09-21,COF,5.20778348742576e-05,Buy
2023-09-21,ENB,0.00013866812004709878,Buy
2023-09-22,MET,0.03571428571428571,Buy
2023-09-22,MNST,0.03571428571428571,Buy
2023-09-22,PPG,-0.03632704667414759,Sell
2023-09-22,BAX,0.0002861973520704164,Buy
2023-09-22,HP,-0.03593928140576382,Sell
2023-09-22,XLP,0.03571428571428571,Buy
2023-09-22,DAL,-0.035224282194803454,Sell
2023-09-22,ICE,0.0006176778900241833,Buy
2023-09-22,RRC,-0.03596868280154578,Sell
2023-09-22,JNJ,0.00015788278536708195,Buy
2023-09-22,KMB,0.03571428571428571,Buy
2023-09-22,NDAQ,0.03571428571428571,Buy
2023-09-22,EOG,-0.00010787004083846058,Sell
2023-09-22,QQQ,-0.00010411211362006123,Sell
2023-09-22,DLTR,0.00024036011796238488,Buy
2023-09-22,CCL,0.0008922710613380319,Buy
2023-09-22,TSM,-0.03593086628933667,Sell
2023-09-22,MS,0.03571428571428571,Buy
2023-09-22,ALK,0.0005110869265362375,Buy
2023-09-22,MAR,4.9531446143828706e-05,Buy
2023-09-22,XRT,0.03571428571428571,Buy
2023-09-22,ILMN,0.03571428571428571,Buy
2023-09-22,WMB,-0.00028110966027585643,Sell
2023-09-22,KO,0.03571428571428571,Buy
2023-09-22,D,-0.036085448307333186,Sell
2023-09-22,ULTA,0.00038992457862140756,Buy
2023-09-22,EW,0.00016625496499015485,Buy
2023-09-22,NWSA,0.03571428571428571,Buy
2023-09-22,BX,-0.035829501027124476,Sell
2023-09-22,LOW,-7.869858808443736e-05,Sell
2023-09-22,NTES,-0.037678050791498184,Sell
2023-09-22,RF,0.03571428571428571,Buy
2023-09-22,HMC,-0.03580321661408091,Sell
2023-09-22,CME,-0.035726603810892314,Sell
2023-09-22,CP,-0.035869675535378405,Sell
2023-09-22,CLX,0.0004223164334550486,Buy
2023-09-22,PRGO,0.0003721290542127789,Buy
2023-09-22,COF,0.00013982388888131303,Buy
2023-09-22,ENB,-0.03604309385666002,Sell
2023-09-22,MRK,0.03571428571428571,Buy
2023-09-25,MET,-0.03607255900141388,Sell
2023-09-25,MNST,-0.03580837969352328,Sell
2023-09-25,AMTD,0.03571428571428571,Buy
2023-09-25,BAX,0.00018059858779911203,Buy
2023-09-25,HP,0.03571428571428571,Buy
2023-09-25,XLP,0.00011841473077619374,Buy
2023-09-25,ICE,0.0003120974541277535,Buy
2023-09-25,CAG,0.03571428571428571,Buy
2023-09-25,JNJ,4.449530651132183e-05,Buy
2023-09-25,STI,0.03571428571428571,Buy
2023-09-25,KMB,0.00013227792812745692,Buy
2023-09-25,NDAQ,-0.03570118190060823,Sell
2023-09-25,DHI,0.03571428571428571,Buy
2023-09-25,EOG,-0.03660593277182334,Sell
2023-09-25,QQQ,-0.03589287339098038,Sell
2023-09-25,EWI,0.03571428571428571,Buy
2023-09-25,DLTR,2.527111919407854e-05,Buy
2023-09-25,CCL,0.0003724742476113943,Buy
2023-09-25,MS,0.00010260468690387325,Buy
2023-09-25,ALK,0.00012445278942492533,Buy
2023-09-25,MAR,0.00025391511158603247,Buy
2023-09-25,XRT,-0.0001827610650140324,Sell
2023-09-25,ILMN,-0.035445375839728795,Sell
2023-09-25,GOLD,0.03571428571428571,Buy
2023-09-25,WMB,-0.03608447030167229,Sell
2023-09-25,KO,0.0003632045582266513,Buy
2023-09-25,ULTA,2.154786665994196e-05,Buy
2023-09-25,EW,9.365355647753676e-05,Buy
2023-09-25,NTAP,0.03571428571428571,Buy
2023-09-25,NWSA,-0.03592287728006949,Sell
2023-09-25,BX,0.03571428571428571,Buy
2023-09-25,LOW,-0.03606432765727584,Sell
2023-09-25,RF,-0.036225759238606964,Sell
2023-09-25,CME,0.03571428571428571,Buy
2023-09-25,CLX,-0.035561625660244865,Sell
2023-09-25,PRGO,5.7549535552404996e-05,Buy
2023-09-25,SYK,0.03571428571428571,Buy
2023-09-25,COF,0.00013286366161162355,Buy
2023-09-25,MRK,0.0001590521765589964,Buy
2023-09-26,MET,0.03571428571428571,Buy
2023-09-26,PPG,0.03571428571428571,Buy
2023-09-26,AMTD,-0.0003981913244259852,Sell
2023-09-26,BAX,-0.0359391409385418,Sell
2023-09-26,HP,0.0001635752364186685,Buy
2023-09-26,XLP,-0.00012951188263031488,Sell
2023-09-26,NSC,0.03571428571428571,Buy
2023-09-26,ICE,0.00024678749070131817,Buy
2023-09-26,CAG,-4.0767379391508374e-05,Sell
2023-09-26,JNJ,-0.00011877283848178016,Sell
2023-09-26,STI,-0.03617935199619079,Sell
2023-09-26,KMB,-0.03612709404870787,Sell
2023-09-26,DHI,-0.03587544476458817,Sell
2023-09-26,BDX,0.03571428571428571,Buy
2023-09-26,QQQ,0.03571428571428571,Buy
2023-09-26,EWI,-0.03551373308886445,Sell
2023-09-26,DLTR,-0.036786990630567326,Sell
2023-09-26,CCL,-0.03574875576902899,Sell
2023-09-26,TSM,0.03571428571428571,Buy
2023-09-26,MS,-2.414487032899315e-05,Sell
2023-09-26,ALK,0.00010444529988679063,Buy
2023-09-26,MAR,-0.00017918926594497758,Sell
2023-09-26,XRT,-0.03557573354880837,Sell
2023-09-26,GOLD,0.000665693617087175,Buy
2023-09-26,WMB,0.03571428571428571,Buy
2023-09-26,KO,-0.00010041877240703212,Sell
2023-09-26,ULTA,0.0003877110559604158,Buy
2023-09-26,PVH,0.03571428571428571,Buy
2023-09-26,EW,-0.036585590870934805,Sell
2023-09-26,NTAP,-8.254198851932043e-05,Sell
2023-09-26,BX,0.0010292867755991725,Buy
2023-09-26,LOW,0.03571428571428571,Buy
2023-09-26,RF,0.03571428571428571,Buy
2023-09-26,CME,-0.035929082436778864,Sell
2023-09-26,CP,0.03571428571428571,Buy
2023-09-26,PRGO,0.00040954359017647546,Buy
2023-09-26,SYK,0.0013396916043113966,Buy
2023-09-26,COF,-0.03582470293269676,Sell
2023-09-26,CAT,0.03571428571428571,Buy
2023-09-26,MRK,-0.035958938390377046,Sell
2023-09-27,MET,0.00012992408712145243,Buy
2023-09-27,PPG,0.00014374164902122843,Buy
2023-09-27,AMTD,-0.03588057464825621,Sell
2023-09-27,BAX,0.03571428571428571,Buy
2023-09-27,HP,-0.03759412403851489,Sell
2023-09-27,XLP,0.0002762011054459265,Buy
2023-09-27,HYG,0.03571428571428571,Buy
2023-09-27,NSC,0.0003520434262135469,Buy
2023-09-27,ICE,-0.00036395023560872874,Sell
2023-09-27,CAG,0.0005821552244896361,Buy
2023-09-27,GREK,0.03571428571428571,Buy
2023-09-27,JNJ,0.0004117642816466871,Buy
2023-09-27,HAS,0.03571428571428571,Buy
2023-09-27,BDX,0.0002756315433066481,Buy
2023-09-27,QQQ,-0.03581542016934616,Sell
2023-09-27,HTZ,0.03571428571428571,Buy
2023-09-27,TSM,-0.0362191970343716,Sell
2023-09-27,MS,0.00020871299482792122,Buy
2023-09-27,ALK,0.00039965817154198613,Buy
2023-09-27,MAR,-0.036126722718590146,Sell
2023-09-27,XRT,0.03571428571428571,Buy
2023-09-27,GOLD,-0.035341713871170785,Sell
2023-09-27,WMB,-0.036285004838217026,Sell
2023-09-27,KO,0.0003492017950043891,Buy
2023-09-27,ULTA,-0.03598107635516608,Sell
2023-09-27,PVH,6.986007134160421e-05,Buy
2023-09-27,NTAP,-0.03577942575486039,Sell
2023-09-27,NWSA,0.03571428571428571,Buy
2023-09-27,BX,-0.00022314997292818828,Sell
2023-09-27,LOW,-0.035460970857559816,Sell
2023-09-27,DUK,0.03571428571428571,Buy
2023-09-27,RF,-0.035879956961127266,Sell
2023-09-27,CP,0.00026080832547963756,Buy
2023-09-27,PRGO,-4.0114601343191336e-05,Sell
2023-09-27,SYK,0.0008982593058520852,Buy
2023-09-27,BSX,0.03571428571428571,Buy
2023-09-27,COF,0.03571428571428571,Buy
2023-09-27,CAT,-0.03615460307952985,Sell
2023-09-27,MRK,0.03571428571428571,Buy
2023-09-27,BMY,0.03571428571428571,Buy
2023-09-28,MET,0.00027529113121226717,Buy
2023-09-28,MNST,0.03571428571428571,Buy
2023-09-28,PPG,-0.03608184493979877,Sell
2023-09-28,BAX,-0.03558168640234101,Sell
2023-09-28,HP,0.03571428571428571,Buy
2023-09-28,XLP,0.00022364750920260412,Buy
2023-09-28,NVDA,0.03571428571428571,Buy
2023-09-28,HYG,-0.035551177826651854,Sell
2023-09-28,NSC,0.00012247408745830884,Buy
2023-09-28,ICE,-0.03621598562118284,Sell
2023-09-28,CAG,0.0004601262899058753,Buy
2023-09-28,GREK,0.00045980337819783584,Buy
2023-09-28,JNJ,-0.0353308440608966,Sell
2023-09-28,STI,0.03571428571428571,Buy
2023-09-28,KMB,0.03571428571428571,Buy
2023-09-28,HAS,-0.035703859960528925,Sell
2023-09-28,TRV,0.03571428571428571,Buy
2023-09-28,DPZ,0.03571428571428571,Buy
2023-09-28,BDX,-0.00020702580814765253,Sell
2023-09-28,QQQ,0.03571428571428571,Buy
2023-09-28,HTZ,-0.03603078272089679,Sell
2023-09-28,MS,9.763783041967511e-05,Buy
2023-09-28,ALK,-7.650843692433296e-05,Sell
2023-09-28,XRT,-0.03603853859286317,Sell
2023-09-28,GOLD,0.03571428571428571,Buy
2023-09-28,KO,0.00042017493025262725,Buy
2023-09-28,D,0.03571428571428571,Buy
2023-09-28,PVH,-0.03617672470671699,Sell
2023-09-28,EW,0.03571428571428571,Buy
2023-09-28,NWSA,-0.03597685210342529,Sell
2023-09-28,BX,-0.03594053661313103,Sell
2023-09-28,LOW,0.03571428571428571,Buy
2023-09-28,PCG,0.03571428571428571,Buy
2023-09-28,DUK,0.0008854216411854632,Buy
2023-09-28,NTES,0.03571428571428571,Buy
2023-09-28,CP,-0.035800407110479354,Sell
2023-09-28,PRGO,3.949823448033685e-05,Buy
2023-09-28,SYK,-0.03639702784065004,Sell
2023-09-28,BSX,-0.036245137791265446,Sell
2023-09-28,COF,-0.03594586309903529,Sell
2023-09-28,ZUMZ,0.03571428571428571,Buy
2023-09-28,MRK,0.00020909812190694071,Buy
2023-09-28,BMY,0.00017883651015916657,Buy
2023-09-29,MET,-0.03585802315969198,Sell
2023-09-29,MNST,-0.035710700441917036,Sell
2023-09-29,PPG,0.03571428571428571,Buy
2023-09-29,HP,0.0013924333279466614,Buy
2023-09-29,XLP,-3.414347910744853e-05,Sell
2023-09-29,NVDA,-0.0004791881799290701,Sell
2023-09-29,NSC,-0.035770586867110966,Sell
2023-09-29,CAG,-0.0001119108025107729,Sell
2023-09-29,GREK,-0.0003769845998124674,Sell
2023-09-29,STI,-0.03585232866270318,Sell
2023-09-29,KMB,8.308363749916226e-05,Buy
2023-09-29,TRV,0.0007838294458600223,Buy
2023-09-29,DPZ,0.0001920556603691101,Buy
2023-09-29,BBT,0.03571428571428571,Buy
2023-09-29,BDX,0.00043643315798084364,Buy
2023-09-29,EOG,0.03571428571428571,Buy
2023-09-29,QQQ,-0.00016408392168615338,Sell
2023-09-29,EWI,0.03571428571428571,Buy
2023-09-29,MS,8.878408645007774e-05,Buy
2023-09-29,ALK,-0.036095692271719305,Sell
2023-09-29,MAR,0.03571428571428571,Buy
2023-09-29,GOLD,0.000356222397768495,Buy
2023-09-29,WMB,0.03571428571428571,Buy
2023-09-29,KO,-0.00024724806969533136,Sell
2023-09-29,D,-0.0005685244343274151,Sell
2023-09-29,EW,-0.03550384960680062,Sell
2023-09-29,LOW,-0.03586268121282848,Sell
2023-09-29,PCG,0.00019229839221086842,Buy
2023-09-29,DUK,3.175922223973282e-05,Buy
2023-09-29,NTES,-0.03643065232423178,Sell
2023-09-29,HMC,0.03571428571428571,Buy
2023-09-29,CME,0.03571428571428571,Buy
2023-09-29,PRGO,-0.0003638804404523868,Sell
2023-09-29,SYK,0.03571428571428571,Buy
2023-09-29,ZUMZ,-0.03607526306256029,Sell
2023-09-29,MRK,0.00032600687822182534,Buy
2023-09-29,BMY,-7.637491892970721e-05,Sell
2023-10-02,MET,0.03571428571428571,Buy
2023-10-02,PPG,-0.0003775136495875464,Sell
2023-10-02,AMTD,0.03571428571428571,Buy
2023-10-02,HP,0.001057159069134915,Buy
2023-10-02,XLP,-0.03596441644106609,Sell
2023-10-02,NVDA,-0.03727982213953266,Sell
2023-10-02,WEN,0.03571428571428571,Buy
2023-10-02,DAL,0.03571428571428571,Buy
2023-10-02,CAG,0.0003345260818861037,Buy
2023-10-02,GREK,-0.03554702379898621,Sell
2023-10-02,KMB,5.386544002147081e-05,Buy
2023-10-02,HAS,0.03571428571428571,Buy
2023-10-02,TRV,-0.000266874256801726,Sell
2023-10-02,DPZ,-0.0006647784935912351,Sell
2023-10-02,BBT,-0.0006058394692485744,Sell
2023-10-02,BDX,-0.0003896185099311611,Sell
2023-10-02,WFC,0.03571428571428571,Buy
2023-10-02,EOG,0.00038810385118259044,Buy
2023-10-02,QQQ,-0.036513973496115376,Sell
2023-10-02,EWI,-0.035378485078334056,Sell
2023-10-02,DLTR,0.03571428571428571,Buy
2023-10-02,MS,-0.035653076549755504,Sell
2023-10-02,ALK,0.03571428571428571,Buy
2023-10-02,MAR,-0.0356940795304424,Sell
2023-10-02,GOLD,0.000626040202574514,Buy
2023-10-02,WMB,0.000319412031632646,Buy
2023-10-02,KO,-0.00017403870891206236,Sell
2023-10-02,D,0.0014156555391739711,Buy
2023-10-02,PVH,0.03571428571428571,Buy
2023-10-02,PCG,-0.03416882207378642,Sell
2023-10-02,DUK,0.0006595255030903413,Buy
2023-10-02,RF,0.03571428571428571,Buy
2023-10-02,HMC,-0.036147175571253944,Sell
2023-10-02,CME,-0.00048481458399055044,Sell
2023-10-02,PRGO,0.0001712237299793945,Buy
2023-10-02,OHI,0.03571428571428571,Buy
2023-10-02,SYK,-0.036287296490994145,Sell
2023-10-02,MRK,-0.00035677520977969723,Sell
2023-10-02,BMY,-0.03609322027310261,Sell
2023-10-03,MET,0.0003946535278493493,Buy
2023-10-03,PPG,-0.03595655089447346,Sell
2023-10-03,AMTD,-0.03557459602177014,Sell
2023-10-03,HP,-0.036605836558220535,Sell
2023-10-03,WEN,-0.035003048542693364,Sell
2023-10-03,DAL,0.0007567985853730377,Buy
2023-10-03,ICE,0.03571428571428571,Buy
2023-10-03,CAG,-0.03580687276752285,Sell
2023-10-03,STI,0.03571428571428571,Buy
2023-10-03,KMB,-0.036625668610197656,Sell
2023-10-03,HAS,0.0002821371155331473,Buy
2023-10-03,TRV,-0.00014268110990209998,Sell
2023-10-03,DPZ,0.0011109884555468505,Buy
2023-10-03,DHI,0.03571428571428571,Buy
2023-10-03,BBT,-8.390038695119811e-05,Sell
2023-10-03,BDX,-0.036317703876088396,Sell
2023-10-03,WFC,-0.03529971019553181,Sell
2023-10-03,EOG,-0.03632736955202267,Sell
2023-10-03,DLTR,-0.03580539596097719,Sell
2023-10-03,TSM,0.03571428571428571,Buy
2023-10-03,ALK,0.0005677032876954188,Buy
2023-10-03,GOLD,-0.03567432643055111,Sell
2023-10-03,WMB,-0.0004874254690254501,Sell
2023-10-03,KO,-5.246270451583074e-05,Sell
2023-10-03,D,-0.0005802299320452273,Sell
2023-10-03,PVH,-0.03436479621652805,Sell
2023-10-03,RL,0.03571428571428571,Buy
2023-10-03,NTAP,0.03571428571428571,Buy
2023-10-03,NWSA,0.03571428571428571,Buy
2023-10-03,BX,0.03571428571428571,Buy
2023-10-03,LOW,0.03571428571428571,Buy
2023-10-03,PCG,0.03571428571428571,Buy
2023-10-03,DUK,-0.0005789191944262848,Sell
2023-10-03,RF,-0.00013708259737807427,Sell
2023-10-03,HMC,0.03571428571428571,Buy
2023-10-03,CME,-0.036430570883840815,Sell
2023-10-03,PRGO,0.00021370601428316593,Buy
2023-10-03,OHI,0.00021048489523685376,Buy
2023-10-03,SYK,0.03571428571428571,Buy
2023-10-03,BSX,0.03571428571428571,Buy
2023-10-03,MRK,-0.00016849180192795438,Sell
2023-10-04,MET,0.00028573433277191695,Buy
2023-10-04,BAX,0.03571428571428571,Buy
2023-10-04,CF,0.03571428571428571,Buy
2023-10-04,HOG,0.03571428571428571,Buy
2023-10-04,NVDA,0.03571428571428571,Buy
2023-10-04,WEN,0.03571428571428571,Buy
2023-10-04,DAL,-0.0006957426680478593,Sell
2023-10-04,ICE,-0.036058305581963275,Sell
2023-10-04,CAG,0.03571428571428571,Buy
2023-10-04,STI,0.00013221649623734039,Buy
2023-10-04,HAS,0.0005276375623565338,Buy
2023-10-04,TRV,-0.0002171554952462365,Sell
2023-10-04,DPZ,-0.0005341363492598061,Sell
2023-10-04,DHI,-0.03610793316261265,Sell
2023-10-04,BBT,-0.03577865938618294,Sell
2023-10-04,BDX,0.03571428571428571,Buy
2023-10-04,EOG,0.03571428571428571,Buy
2023-10-04,TSM,-0.036106983284935446,Sell
2023-10-04,ALK,-0.00019577647149755795,Sell
2023-10-04,GOLD,0.03571428571428571,Buy
2023-10-04,WMB,0.0001753902814297867,Buy
2023-10-04,KO,2.8477287549885655e-05,Buy
2023-10-04,D,0.0005511184280591053,Buy
2023-10-04,RL,-0.036016033805657294,Sell
2023-10-04,NTAP,-0.03580546482954369,Sell
2023-10-04,NWSA,-0.036296270790514944,Sell
2023-10-04,BX,-0.035933684938240604,Sell
2023-10-04,LOW,0.00023354595598125416,Buy
2023-10-04,PCG,0.00048037790246602957,Buy
2023-10-04,DUK,-0.03573144054570106,Sell
2023-10-04,RF,4.533167775850472e-05,Buy
2023-10-04,HMC,0.0010577007550519185,Buy
2023-10-04,PRGO,0.0008602677014819954,Buy
2023-10-04,OHI,-0.03648190338804058,Sell
2023-10-04,SYK,8.805360014962904e-05,Buy
2023-10-04,BSX,0.0001253138776393728,Buy
2023-10-04,XLE,0.03571428571428571,Buy
2023-10-04,CAT,0.03571428571428571,Buy
2023-10-04,MRK,-0.03572191333530769,Sell
2023-10-05,MET,-0.036042440033760025,Sell
2023-10-05,BAX,-0.0002130217611564164,Sell
2023-10-05,CF,0.0002694101230818202,Buy
2023-10-05,HP,0.03571428571428571,Buy
2023-10-05,HOG,0.0015516299511069073,Buy
2023-10-05,NVDA,-0.0006817422641244575,Sell
2023-10-05,WEN,-0.0006374911102926192,Sell
2023-10-05,DAL,-0.03624706543100195,Sell
2023-10-05,NSC,0.03571428571428571,Buy
2023-10-05,CAG,0.0005617757320768788,Buy
2023-10-05,STI,-0.0001547927059856874,Sell
2023-10-05,KMB,0.03571428571428571,Buy
2023-10-05,HAS,0.001215702249633216,Buy
2023-10-05,TRV,-0.03617368102430293,Sell
2023-10-05,DPZ,0.0005964313297845275,Buy
2023-10-05,BDX,-0.036052763377638526,Sell
2023-10-05,EOG,0.0001156711718061712,Buy
2023-10-05,EWI,0.03571428571428571,Buy
2023-10-05,ALK,0.0002919582538226592,Buy
2023-10-05,MAR,0.03571428571428571,Buy
2023-10-05,GOLD,-0.03630108244088881,Sell
2023-10-05,WMB,-0.036337460159521884,Sell
2023-10-05,KO,-0.034135576201897375,Sell
2023-10-05,D,0.0006913026039855746,Buy
2023-10-05,RL,0.03571428571428571,Buy
2023-10-05,NWSA,0.03571428571428571,Buy
2023-10-05,LOW,-0.035906819687807214,Sell
2023-10-05,PCG,-0.036247147845850966,Sell
2023-10-05,DUK,0.03571428571428571,Buy
2023-10-05,RF,-0.0004606263089431545,Sell
2023-10-05,HMC,-0.03636491227482189,Sell
2023-10-05,CLX,0.03571428571428571,Buy
2023-10-05,PRGO,-0.0009516221150094803,Sell
2023-10-05,SYK,3.2504082875493834e-05,Buy
2023-10-05,BSX,-0.03595953464870898,Sell
2023-10-05,XLE,6.690329880684048e-05,Buy
2023-10-05,COF,0.03571428571428571,Buy
2023-10-05,CAT,0.000417703747443314,Buy
2023-10-05,BMY,0.03571428571428571,Buy
2023-10-06,MNST,0.03571428571428571,Buy
2023-10-06,BAX,0.0004660021184390989,Buy
2023-10-06,A,0.03571428571428571,Buy
2023-10-06,CF,-0.035571750209488454,Sell
2023-10-06,HP,-0.03594096786682167,Sell
2023-10-06,HOG,-0.03589434908989458,Sell
2023-10-06,XLP,0.03571428571428571,Buy
2023-10-06,NVDA,-0.0007754037515834006,Sell
2023-10-06,WEN,0.0011183118561514799,Buy
2023-10-06,NSC,-0.03578653462158002,Sell
2023-10-06,CAG,-0.0004809194633289271,Sell
2023-10-06,GREK,0.03571428571428571,Buy
2023-10-06,STI,0.00014672794662635297,Buy
2023-10-06,KMB,-1.5245468611431445e-05,Sell
2023-10-06,HAS,0.0007649846502890342,Buy
2023-10-06,TRV,0.03571428571428571,Buy
2023-10-06,DPZ,0.0022068376408216767,Buy
2023-10-06,VTR,0.03571428571428571,Buy
2023-10-06,BBT,0.03571428571428571,Buy
2023-10-06,BDX,0.03571428571428571,Buy
2023-10-06,EBAY,0.03571428571428571,Buy
2023-10-06,EOG,-0.036301096164918764,Sell
2023-10-06,EWI,-0.036137375819706795,Sell
2023-10-06,ALK,0.0006901860810362148,Buy
2023-10-06,MAR,-0.00014038868622212597,Sell
2023-10-06,XRT,0.03571428571428571,Buy
2023-10-06,KO,0.03571428571428571,Buy
2023-10-06,D,-0.0005450806041611134,Sell
2023-10-06,RL,-0.036100200418695376,Sell
2023-10-06,NWSA,-0.03646534517591403,Sell
2023-10-06,DUK,-0.036233586150808246,Sell
2023-10-06,RF,0.00016705958764876017,Buy
2023-10-06,CP,0.03571428571428571,Buy
2023-10-06,CLX,6.102046294777924e-05,Buy
2023-10-06,PRGO,0.0005086323965164674,Buy
2023-10-06,SYK,-0.03577324928327372,Sell
2023-10-06,XLE,-0.03584655157347323,Sell
2023-10-06,COF,-0.036186509221119954,Sell
2023-10-06,MT,0.03571428571428571,Buy
2023-10-06,CAT,-0.036349256096269364,Sell
2023-10-06,BMY,-7.059922633151361e-05,Sell
2023-10-09,MNST,-0.03543547130694913,Sell
2023-10-09,PPG,0.03571428571428571,Buy
2023-10-09,BAX,0.00016986567389604829,Buy
2023-10-09,A,-0.03587738445157806,Sell
2023-10-09,XLP,-0.03570314702941685,Sell
2023-10-09,NVDA,0.0004244175298751679,Buy
2023-10-09,WEN,-0.0004070969684199441,Sell
2023-10-09,DAL,0.03571428571428571,Buy
2023-10-09,CAG,-0.03726483047652963,Sell
2023-10-09,GREK,0.001051530989171337,Buy
2023-10-09,JNJ,0.03571428571428571,Buy
2023-10-09,STI,-0.03567104283312481,Sell
2023-10-09,KMB,0.00011529608402000707,Buy
2023-10-09,HAS,5.538130919621048e-05,Buy
2023-10-09,TRV,-2.4618664499348464e-05,Sell
2023-10-09,DPZ,-0.03656710328954634,Sell
2023-10-09,VTR,-0.036624663774984446,Sell
2023-10-09,BBT,-9.684785016248615e-05,Sell
2023-10-09,BDX,-0.00041620411977692784,Sell
2023-10-09,EBAY,-0.0359530231293095,Sell
2023-10-09,QQQ,0.03571428571428571,Buy
2023-10-09,ORCL,0.03571428571428571,Buy
2023-10-09,ALK,0.0006738675931142676,Buy
2023-10-09,MAR,0.00032536776399737927,Buy
2023-10-09,XRT,-0.03589542779027058,Sell
2023-10-09,ILMN,0.03571428571428571,Buy
2023-10-09,GOLD,0.03571428571428571,Buy
2023-10-09,KO,0.0002177707732895079,Buy
2023-10-09,D,-0.00036736379409943454,Sell
2023-10-09,HUM,0.03571428571428571,Buy
2023-10-09,TRIP,0.03571428571428571,Buy
2023-10-09,BX,0.03571428571428571,Buy
2023-10-09,LOW,0.03571428571428571,Buy
2023-10-09,RF,0.00028076113228477084,Buy
2023-10-09,CP,-0.035847325002114155,Sell
2023-10-09,CLX,0.0005825857848925572,Buy
2023-10-09,PRGO,0.0004648323584222694,Buy
2023-10-09,MT,-0.03537696883880176,Sell
2023-10-09,BMY,7.472684870611646e-05,Buy
2023-10-10,MNST,0.03571428571428571,Buy
2023-10-10,PPG,-1.6516880146782986e-05,Sell
2023-10-10,BAX,-0.036117170569339156,Sell
2023-10-10,NVDA,-9.15223960261391e-06,Sell
2023-10-10,WEN,-0.03571751044278434,Sell
2023-10-10,DAL,-0.035864453213485144,Sell
2023-10-10,ICE,0.03571428571428571,Buy
2023-10-10,GREK,-0.03693466909209559,Sell
2023-10-10,JNJ,0.00044045190977164833,Buy
2023-10-10,STI,0.03571428571428571,Buy
2023-10-10,KMB,6.0833266408641395e-05,Buy
2023-10-10,HAS,-0.03580689872682139,Sell
2023-10-10,TRV,0.0006231496805143913,Buy
2023-10-10,BBT,-0.03593559091145275,Sell
2023-10-10,BDX,0.00021037834765268854,Buy
2023-10-10,QQQ,0.00020479684368496925,Buy
2023-10-10,ORCL,0.000595627484378955,Buy
2023-10-10,ALK,-9.167557365002965e-05,Sell
2023-10-10,MAR,-0.0003316045048381566,Sell
2023-10-10,ILMN,0.00014407310757416636,Buy
2023-10-10,GOLD,-0.0005341331834304575,Sell
2023-10-10,KO,-0.00036762278469006093,Sell
2023-10-10,D,5.7103458291171694e-05,Buy
2023-10-10,RL,0.03571428571428571,Buy
2023-10-10,HUM,0.00048062841590472416,Buy
2023-10-10,NTAP,0.03571428571428571,Buy
2023-10-10,NWSA,0.03571428571428571,Buy
2023-10-10,TRIP,-0.036247432140227444,Sell
2023-10-10,BX,-0.035475648562336724,Sell
2023-10-10,LOW,4.675901499030799e-05,Buy
2023-10-10,RF,5.604138930957736e-05,Buy
2023-10-10,CP,0.03571428571428571,Buy
2023-10-10,CLX,0.00015080200551131212,Buy
2023-10-10,PRGO,-6.892632344768224e-05,Sell
2023-10-10,MRK,0.03571428571428571,Buy
2023-10-10,BMY,0.0005375965050381307,Buy
2023-10-11,MNST,0.0005491130211881454,Buy
2023-10-11,PPG,-0.03634672913661012,Sell
2023-10-11,XLP,0.03571428571428571,Buy
2023-10-11,NVDA,-0.0008045272787754049,Sell
2023-10-11,ICE,8.104720000511739e-05,Buy
2023-10-11,JNJ,0.00047382818702417645,Buy
2023-10-11,STI,-1.806936460863745e-05,Sell
2023-10-11,KMB,8.939115369980405e-05,Buy
2023-10-11,HAS,0.03571428571428571,Buy
2023-10-11,TRV,-5.771426500428278e-05,Sell
2023-10-11,BDX,0.0007748469223513993,Buy
2023-10-11,QQQ,-0.0002730312567757881,Sell
2023-10-11,ORCL,-0.03584023149904862,Sell
2023-10-11,MS,0.03571428571428571,Buy
2023-10-11,ALK,0.0003706604658414575,Buy
2023-10-11,MAR,1.6140426368146943e-05,Buy
2023-10-11,XRT,0.03571428571428571,Buy
2023-10-11,ILMN,0.00020592021383564196,Buy
2023-10-11,GOLD,-0.03614446476452834,Sell
2023-10-11,KO,0.00019356046580484843,Buy
2023-10-11,D,-0.0003284916142682892,Sell
2023-10-11,EW,0.03571428571428571,Buy
2023-10-11,RL,0.00011247153571909002,Buy
2023-10-11,HUM,0.00048035571481381406,Buy
2023-10-11,NTAP,-0.03622602541228182,Sell
2023-10-11,NWSA,-0.03618247529702096,Sell
2023-10-11,LOW,-0.00011323713561618709,Sell
2023-10-11,RF,0.00015444719604346124,Buy
2023-10-11,CP,-0.0359725987496356,Sell
2023-10-11,CLX,0.00044883316917009725,Buy
2023-10-11,PRGO,-0.035638637069818145,Sell
2023-10-11,SYK,0.03571428571428571,Buy
2023-10-11,XLE,0.03571428571428571,Buy
2023-10-11,MRK,3.365951355337876e-05,Buy
2023-10-11,BMY,-0.00018282593959020182,Sell
2023-10-12,MNST,0.0009793882256129635,Buy
2023-10-12,A,0.03571428571428571,Buy
2023-10-12,XLP,-0.00013059623901234135,Sell
2023-10-12,NVDA,-0.03634764458950865,Sell
2023-10-12,HYG,0.03571428571428571,Buy
2023-10-12,ICE,-0.036018912902608655,Sell
2023-10-12,CAG,0.03571428571428571,Buy
2023-10-12,JNJ,-0.0005605439138681514,Sell
2023-10-12,STI,-0.0005257401430593944,Sell
2023-10-12,KMB,-0.03636148753478378,Sell
2023-10-12,HAS,-0.03462216710758593,Sell
2023-10-12,TRV,-0.00015086799664390527,Sell
2023-10-12,DHI,0.03571428571428571,Buy
2023-10-12,BDX,-0.035653356809788345,Sell
2023-10-12,QQQ,-0.0003998025118517462,Sell
2023-10-12,HTZ,0.03571428571428571,Buy
2023-10-12,MS,-2.5090108370151576e-05,Sell
2023-10-12,ALK,0.0004287727000268776,Buy
2023-10-12,MAR,-0.0004398334778572821,Sell
2023-10-12,XRT,0.00010835264855764415,Buy
2023-10-12,ILMN,0.001450222881501248,Buy
2023-10-12,KO,8.152339334725062e-05,Buy
2023-10-12,D,0.0006637015569826779,Buy
2023-10-12,ULTA,0.03571428571428571,Buy
2023-10-12,EW,-0.03561853476704989,Sell
2023-10-12,RL,0.00012568171019933239,Buy
2023-10-12,HUM,-0.036709350813684434,Sell
2023-10-12,NWSA,0.03571428571428571,Buy
2023-10-12,LOW,0.0006133926842700616,Buy
2023-10-12,RF,-8.620138054375032e-05,Sell
2023-10-12,CLX,0.00014658090909250993,Buy
2023-10-12,PRGO,0.03571428571428571,Buy
2023-10-12,SYK,-0.035376011232245645,Sell
2023-10-12,BSX,0.03571428571428571,Buy
2023-10-12,XLE,-0.03628142259885793,Sell
2023-10-12,CAT,0.03571428571428571,Buy
2023-10-12,MRK,-0.036285562155823806,Sell
2023-10-12,BMY,-0.0002762458518343683,Sell
2023-10-13,MNST,-0.0358199669791639,Sell
2023-10-13,PPG,0.03571428571428571,Buy
2023-10-13,BAX,0.03571428571428571,Buy
2023-10-13,A,-0.03619912724837072,Sell
2023-10-13,XLP,-0.03599740952427213,Sell
2023-10-13,NVDA,0.03571428571428571,Buy
2023-10-13,DAL,0.03571428571428571,Buy
2023-10-13,HYG,-0.035655456522979245,Sell
2023-10-13,ICE,0.03571428571428571,Buy
2023-10-13,CAG,-0.03694448396694704,Sell
2023-10-13,QCOM,0.03571428571428571,Buy
2023-10-13,JNJ,-0.03580355152722581,Sell
2023-10-13,STI,-3.6468010581207355e-05,Sell
2023-10-13,TRV,-0.03645747241777809,Sell
2023-10-13,DPZ,0.03571428571428571,Buy
2023-10-13,DHI,-0.036141596922513224,Sell
2023-10-13,EWC,0.03571428571428571,Buy
2023-10-13,QQQ,0.00047798890797652593,Buy
2023-10-13,HTZ,-0.034924253669100465,Sell
2023-10-13,MS,3.8606356245696194e-05,Buy
2023-10-13,ALK,0.0006340799183465889,Buy
2023-10-13,MAR,0.0009080241858595572,Buy
2023-10-13,XRT,0.00022915627750792061,Buy
2023-10-13,ILMN,0.0003824503833388601,Buy
2023-10-13,GOLD,0.03571428571428571,Buy
2023-10-13,KO,-2.462367599063986e-05,Sell
2023-10-13,D,-0.00025398748096912976,Sell
2023-10-13,ULTA,0.0003371180080902203,Buy
2023-10-13,RL,0.00010742914029174266,Buy
2023-10-13,NWSA,-0.035856334848953134,Sell
2023-10-13,LOW,0.00023784780693516389,Buy
2023-10-13,RF,0.0005989886859228827,Buy
2023-10-13,HMC,0.03571428571428571,Buy
2023-10-13,CP,0.03571428571428571,Buy
2023-10-13,CLX,-0.03638613452157192,Sell
2023-10-13,PRGO,-1.923543465094657e-05,Sell
2023-10-13,BSX,-0.0006161829252082779,Sell
2023-10-13,COF,0.03571428571428571,Buy
2023-10-13,CAT,0.00025047088671861784,Buy
2023-10-13,BMY,-0.03581805683290713,Sell
2023-10-16,MNST,0.03571428571428571,Buy
2023-10-16,PPG,-0.03572653120221099,Sell
2023-10-16,BAX,0.00035096191091798373,Buy
2023-10-16,VWO,0.03571428571428571,Buy
2023-10-16,NVDA,1.4757145833765861e-05,Buy
2023-10-16,DAL,0.000175371121751991,Buy
2023-10-16,HYG,0.03571428571428571,Buy
2023-10-16,ICE,-0.035683566534638216,Sell
2023-10-16,QCOM,-0.035807954655615065,Sell
2023-10-16,JNJ,0.03571428571428571,Buy
2023-10-16,STI,0.0005057762600618049,Buy
2023-10-16,DPZ,1.1358009435538663e-05,Buy
2023-10-16,EWC,6.010140680778875e-05,Buy
2023-10-16,BBT,0.03571428571428571,Buy
2023-10-16,BDX,0.03571428571428571,Buy
2023-10-16,MU,0.03571428571428571,Buy
2023-10-16,QQQ,0.00010769285814496432,Buy
2023-10-16,HTZ,0.03571428571428571,Buy
2023-10-16,CCL,0.03571428571428571,Buy
2023-10-16,MS,-0.035633963793869135,Sell
2023-10-16,ALK,-0.0008037626244606771,Sell
2023-10-16,MAR,-0.0002442746485673761,Sell
2023-10-16,XRT,-0.03616333943703634,Sell
2023-10-16,ILMN,-0.03582754344492673,Sell
2023-10-16,GOLD,0.0012428861191339236,Buy
2023-10-16,KO,0.00014629644115780882,Buy
2023-10-16,D,0.00021993655641099064,Buy
2023-10-16,ULTA,-0.00022079579817309986,Sell
2023-10-16,RL,-0.03593472333669418,Sell
2023-10-16,LOW,5.611540236859225e-05,Buy
2023-10-16,RF,-0.0006143995937787985,Sell
2023-10-16,HMC,-0.03559924438468648,Sell
2023-10-16,CP,-0.035649284427637554,Sell
2023-10-16,PRGO,-0.0006330682581334526,Sell
2023-10-16,BSX,9.340014023990345e-05,Buy
2023-10-16,COF,-0.03592969354285912,Sell
2023-10-16,MT,0.03571428571428571,Buy
2023-10-16,CAT,0.0001312682377039298,Buy
2023-10-17,MNST,-0.03648091235800052,Sell
2023-10-17,BAX,0.00021010881056895275,Buy
2023-10-17,VWO,-0.035506077097784944,Sell
2023-10-17,NVDA,0.0017227006970879921,Buy
2023-10-17,DAL,-0.0002153822297093072,Sell
2023-10-17,HYG,0.00022069658604738362,Buy
2023-10-17,RRC,0.03571428571428571,Buy
2023-10-17,CAG,0.03571428571428571,Buy
2023-10-17,JNJ,0.00037997591202375974,Buy
2023-10-17,STI,5.399439037793302e-05,Buy
2023-10-17,DPZ,0.0001746687502450217,Buy
2023-10-17,EWC,3.27643880399936e-05,Buy
2023-10-17,BBT,-0.036478663411046316,Sell
2023-10-17,BDX,0.000115768314154642,Buy
2023-10-17,MU,-0.0356189890506238,Sell
2023-10-17,EBAY,0.03571428571428571,Buy
2023-10-17,QQQ,0.00017079600262675382,Buy
2023-10-17,HTZ,-0.035880999495207816,Sell
2023-10-17,CCL,-0.03606421155234847,Sell
2023-10-17,ALK,-0.0001019559953612248,Sell
2023-10-17,MAR,-3.10628670708718e-05,Sell
2023-10-17,GOLD,-0.0001366362387758835,Sell
2023-10-17,KO,-0.00037315236638273824,Sell
2023-10-17,D,0.0003158317042791098,Buy
2023-10-17,ULTA,-0.03532878984381199,Sell
2023-10-17,EW,0.03571428571428571,Buy
2023-10-17,LOW,7.198409583526744e-05,Buy
2023-10-17,PCG,0.03571428571428571,Buy
2023-10-17,NTES,0.03571428571428571,Buy
2023-10-17,RF,-0.03619929121561504,Sell
2023-10-17,CP,0.03571428571428571,Buy
2023-10-17,CLX,0.03571428571428571,Buy
2023-10-17,PRGO,-0.0005928811764292774,Sell
2023-10-17,BSX,-0.00020224766616729756,Sell
2023-10-17,MT,3.870916698123228e-05,Buy
2023-10-17,CAT,-0.00019094229133907736,Sell
2023-10-18,MNST,0.03571428571428571,Buy
2023-10-18,BAX,-0.0008471945108827553,Sell
2023-10-18,A,0.03571428571428571,Buy
2023-10-18,NVDA,-0.03487098437692747,Sell
2023-10-18,DAL,0.0010161089611154875,Buy
2023-10-18,HYG,-0.0004207489222817287,Sell
2023-10-18,ICE,0.03571428571428571,Buy
2023-10-18,RRC,-0.00024785398526688124,Sell
2023-10-18,CAG,-0.00020275646262054442,Sell
2023-10-18,QCOM,0.03571428571428571,Buy
2023-10-18,JNJ,0.00018531291488899093,Buy
2023-10-18,STI,-0.0005963007999183687,Sell
2023-10-18,DPZ,-0.035754259187007635,Sell
2023-10-18,DHI,0.03571428571428571,Buy
2023-10-18,EWC,-0.03564096422241612,Sell
2023-10-18,BDX,-0.03632458672594195,Sell
2023-10-18,EBAY,-2.4680874794416607e-05,Sell
2023-10-18,QQQ,-0.03583426506605961,Sell
2023-10-18,SIRI,0.03571428571428571,Buy
2023-10-18,TSM,0.03571428571428571,Buy
2023-10-18,ALK,0.0012903750103672867,Buy
2023-10-18,MAR,-2.4546965756953865e-05,Sell
2023-10-18,XRT,0.03571428571428571,Buy
2023-10-18,GOLD,-0.035888229234539,Sell
2023-10-18,KO,-0.0005828703546753994,Sell
2023-10-18,D,0.0004000573710576452,Buy
2023-10-18,EW,-0.0002762003764477383,Sell
2023-10-18,NTAP,0.03571428571428571,Buy
2023-10-18,LOW,0.0002631329071344432,Buy
2023-10-18,PCG,-0.035999667932493394,Sell
2023-10-18,NTES,-0.03640856139691097,Sell
2023-10-18,RF,0.03571428571428571,Buy
2023-10-18,HMC,0.03571428571428571,Buy
2023-10-18,CP,-0.03560766989079548,Sell
2023-10-18,CLX,-0.03649208095689562,Sell
2023-10-18,PRGO,0.00033292782750663635,Buy
2023-10-18,BSX,-0.03649048438961534,Sell
2023-10-18,MT,-0.03486376442810773,Sell
2023-10-18,CAT,0.0011922561373296364,Buy
2023-10-18,MRK,0.03571428571428571,Buy
2023-10-19,MET,0.03571428571428571,Buy
2023-10-19,MNST,-0.0005997831768116899,Sell
2023-10-19,BAX,-0.0365266357589464,Sell
2023-10-19,A,-0.0362081471059255,Sell
2023-10-19,DAL,0.0002696593237513645,Buy
2023-10-19,HYG,-6.669460580417674e-05,Sell
2023-10-19,NSC,0.03571428571428571,Buy
2023-10-19,ICE,-0.035887655862960464,Sell
2023-10-19,RRC,-0.03555239540818288,Sell
2023-10-19,CAG,0.0001053631609751679,Buy
2023-10-19,QCOM,-0.036007645084310785,Sell
2023-10-19,JNJ,-0.03581416811515163,Sell
2023-10-19,STI,-0.03591057825948785,Sell
2023-10-19,TRV,0.03571428571428571,Buy
2023-10-19,DHI,0.00022437069075034732,Buy
2023-10-19,EWC,0.03571428571428571,Buy
2023-10-19,BDX,0.03571428571428571,Buy
2023-10-19,EBAY,0.00044664563766521476,Buy
2023-10-19,SIRI,-0.035598314442009844,Sell
2023-10-19,TSM,-0.03723719659988786,Sell
2023-10-19,MS,0.03571428571428571,Buy
2023-10-19,ALK,0.0003534713621350105,Buy
2023-10-19,MAR,0.00018977600925946386,Buy
2023-10-19,XRT,0.0003909525382486956,Buy
2023-10-19,KO,-0.00039560909548724127,Sell
2023-10-19,D,-9.056640341135319e-05,Sell
2023-10-19,EW,-0.03558603994404886,Sell
2023-10-19,NTAP,-0.0355645901593203,Sell
2023-10-19,NWSA,0.03571428571428571,Buy
2023-10-19,BX,0.03571428571428571,Buy
2023-10-19,LOW,0.00036057117496153535,Buy
2023-10-19,RF,-6.602276960906289e-05,Sell
2023-10-19,HMC,0.0003575112559503213,Buy
2023-10-19,PRGO,0.0003051208698145319,Buy
2023-10-19,OHI,0.03571428571428571,Buy
2023-10-19,COF,0.03571428571428571,Buy
2023-10-19,MT,0.03571428571428571,Buy
2023-10-19,CAT,0.0006806246578886718,Buy
2023-10-19,MRK,0.0003529798662102804,Buy
2023-10-20,MET,0.0006377643421524234,Buy
2023-10-20,MNST,-0.03582565876442584,Sell
2023-10-20,BAX,0.03571428571428571,Buy
2023-10-20,VWO,0.03571428571428571,Buy
2023-10-20,DAL,0.0001177099574819207,Buy
2023-10-20,HYG,-0.0004879044068040253,Sell
2023-10-20,NSC,-0.03641740744865908,Sell
2023-10-20,ICE,0.03571428571428571,Buy
2023-10-20,CAG,-0.0001995322206938821,Sell
2023-10-20,QCOM,0.03571428571428571,Buy
2023-10-20,STI,0.03571428571428571,Buy
2023-10-20,TRV,0.00010543810153914451,Buy
2023-10-20,DHI,-0.00020546044036095362,Sell
2023-10-20,EWC,1.6209809788933494e-05,Buy
2023-10-20,BDX,-0.03628947231635933,Sell
2023-10-20,EBAY,-7.873634378172123e-05,Sell
2023-10-20,QQQ,0.03571428571428571,Buy
2023-10-20,MS,-0.0005164671274814833,Sell
2023-10-20,ALK,-0.0359694487870296,Sell
2023-10-20,MAR,0.0004028669423687542,Buy
2023-10-20,XRT,-0.0002243733481086599,Sell
2023-10-20,KO,-0.0005586681766965168,Sell
2023-10-20,D,-0.03557557778307402,Sell
2023-10-20,NWSA,0.0002726779546782451,Buy
2023-10-20,BX,-0.000489113509376693,Sell
2023-10-20,LOW,-0.0004200173788221698,Sell
2023-10-20,NTES,0.03571428571428571,Buy
2023-10-20,RF,-0.03165471458539684,Sell
2023-10-20,HMC,-0.0002681908592900434,Sell
2023-10-20,PRGO,-0.03633378012376803,Sell
2023-10-20,OHI,-0.00010984741071490278,Sell
2023-10-20,SYK,0.03571428571428571,Buy
2023-10-20,CSIQ,0.03571428571428571,Buy
2023-10-20,COF,0.0005501687895514418,Buy
2023-10-20,MT,-0.03510609855568093,Sell
2023-10-20,CAT,-6.92435243976261e-05,Sell
2023-10-20,MRK,-0.03693248807958564,Sell
2023-10-23,MET,0.0007971056558286269,Buy
2023-10-23,PPG,0.03571428571428571,Buy
2023-10-23,BAX,-0.03606592327223733,Sell
2023-10-23,VWO,-0.00010021026391966031,Sell
2023-10-23,CF,0.03571428571428571,Buy
2023-10-23,DAL,3.5604005887528156e-05,Buy
2023-10-23,HYG,-0.0003206782046556861,Sell
2023-10-23,NSC,0.03571428571428571,Buy
2023-10-23,ICE,-7.296434910764038e-05,Sell
2023-10-23,CAG,-0.03549131840917084,Sell
2023-10-23,QCOM,-0.0001858768592872262,Sell
2023-10-23,STI,-0.00020904437567239448,Sell
2023-10-23,KMB,0.03571428571428571,Buy
2023-10-23,TRV,0.000357090528926976,Buy
2023-10-23,DHI,-0.036410815113758564,Sell
2023-10-23,EWC,-0.03581290299925558,Sell
2023-10-23,EBAY,0.00034354983108215303,Buy
2023-10-23,QQQ,-0.03599854706429537,Sell
2023-10-23,MS,0.0005258359848111585,Buy
2023-10-23,MAR,-0.036018180302087956,Sell
2023-10-23,XRT,0.000284481211211933,Buy
2023-10-23,KO,0.00014630588912672993,Buy
2023-10-23,ULTA,0.03571428571428571,Buy
2023-10-23,NTAP,0.03571428571428571,Buy
2023-10-23,NWSA,1.0165094441023925e-05,Buy
2023-10-23,BX,0.00046262510453364686,Buy
2023-10-23,LOW,0.00022344480121472277,Buy
2023-10-23,NTES,-0.03597941807889059,Sell
2023-10-23,RF,0.03571428571428571,Buy
2023-10-23,HMC,8.964601956518159e-05,Buy
2023-10-23,PRGO,0.03571428571428571,Buy
2023-10-23,OHI,-0.03602016354200315,Sell
2023-10-23,SYK,0.00011041297621330881,Buy
2023-10-23,CSIQ,-0.03615057666012353,Sell
2023-10-23,COF,-0.000235626382899215,Sell
2023-10-23,CAT,9.479416999744888e-05,Buy
2023-10-23,BMY,0.03571428571428571,Buy
2023-10-24,MET,-0.00028959601272062624,Sell
2023-10-24,MNST,0.03571428571428571,Buy
2023-10-24,CNC,0.03571428571428571,Buy
2023-10-24,PPG,0.00038975639735668033,Buy
2023-10-24,BAX,0.03571428571428571,Buy
2023-10-24,VWO,-0.0002937747537244337,Sell
2023-10-24,A,0.03571428571428571,Buy
2023-10-24,CF,-0.03560594850053291,Sell
2023-10-24,DAL,0.00017042823571570415,Buy
2023-10-24,HYG,-0.03574827307493118,Sell
2023-10-24,NSC,-0.0354468512799789,Sell
2023-10-24,ICE,0.00040576829562843225,Buy
2023-10-24,QCOM,-0.03580500563589665,Sell
2023-10-24,JNJ,0.03571428571428571,Buy
2023-10-24,STI,0.00014821885536278612,Buy
2023-10-24,KMB,0.0005307158603315085,Buy
2023-10-24,TRV,0.0004319509612768571,Buy
2023-10-24,EWC,0.03571428571428571,Buy
2023-10-24,EBAY,-0.000577807021071991,Sell
2023-10-24,WFC,0.03571428571428571,Buy
2023-10-24,MS,0.00021766762387940425,Buy
2023-10-24,ALK,0.03571428571428571,Buy
2023-10-24,XRT,0.00010564675389831968,Buy
2023-10-24,WMB,0.03571428571428571,Buy
2023-10-24,TRP,0.03571428571428571,Buy
2023-10-24,KO,-0.036592015432903434,Sell
2023-10-24,D,0.03571428571428571,Buy
2023-10-24,ULTA,-0.03614091232762285,Sell
2023-10-24,NTAP,-0.03584275198941765,Sell
2023-10-24,NWSA,-0.0004585939530736549,Sell
2023-10-24,BX,-0.03649798361990379,Sell
2023-10-24,LOW,0.00034572077956469827,Buy
2023-10-24,RF,0.00019834605283355206,Buy
2023-10-24,HMC,-0.03561026346102116,Sell
2023-10-24,PRGO,-8.40894737772907e-05,Sell
2023-10-24,SYK,-5.284774653666752e-05,Sell
2023-10-24,COF,0.0006125633095387661,Buy
2023-10-24,CAT,-0.03588675141496122,Sell
2023-10-24,BMY,-0.03564228137710937,Sell
2023-10-25,MET,-0.00010536948043288197,Sell
2023-10-25,MNST,-0.0002788161050852264,Sell
2023-10-25,CNC,0.0002485905327677951,Buy
2023-10-25,PPG,0.00014389015367174268,Buy
2023-10-25,BAX,0.0001955697960141639,Buy
2023-10-25,VWO,-0.035586365402814325,Sell
2023-10-25,A,0.0005054911448600721,Buy
2023-10-25,DAL,0.00042802384012942396,Buy
2023-10-25,HYG,0.03571428571428571,Buy
2023-10-25,NSC,0.03571428571428571,Buy
2023-10-25,ICE,-0.035904252952960375,Sell
2023-10-25,QCOM,0.03571428571428571,Buy
2023-10-25,JNJ,-0.036052417782189726,Sell
2023-10-25,STI,-0.00024069139677092288,Sell
2023-10-25,KMB,0.0002561960648053141,Buy
2023-10-25,TRV,-0.03752273347097629,Sell
2023-10-25,DPZ,0.03571428571428571,Buy
2023-10-25,EWC,-3.375534838186145e-05,Sell
2023-10-25,MU,0.03571428571428571,Buy
2023-10-25,EBAY,0.0012258432837666117,Buy
2023-10-25,WFC,-0.03574259180814033,Sell
2023-10-25,QQQ,0.03571428571428571,Buy
2023-10-25,TSM,0.03571428571428571,Buy
2023-10-25,MS,-0.03589111322554159,Sell
2023-10-25,ALK,1.3718899893308545e-05,Buy
2023-10-25,XRT,-0.00015894972311981254,Sell
2023-10-25,WMB,-0.03597153859291342,Sell
2023-10-25,TRP,-0.03629912885197907,Sell
2023-10-25,D,-0.03614092406639947,Sell
2023-10-25,EW,0.03571428571428571,Buy
2023-10-25,RL,0.03571428571428571,Buy
2023-10-25,NWSA,0.0012681011147835583,Buy
2023-10-25,LOW,-0.03594256386265909,Sell
2023-10-25,RF,2.198885093235292e-05,Buy
2023-10-25,PRGO,-0.03588553576843583,Sell
2023-10-25,SYK,0.0005570194579686688,Buy
2023-10-25,CSIQ,0.03571428571428571,Buy
2023-10-25,XLE,0.03571428571428571,Buy
2023-10-25,COF,-0.00016450356833284246,Sell
2023-10-26,MET,-0.03625367293222559,Sell
2023-10-26,MNST,-0.035850051613756616,Sell
2023-10-26,CNC,0.00016309054146376734,Buy
2023-10-26,PPG,-0.03602084115950856,Sell
2023-10-26,BAX,-0.0004735006136414241,Sell
2023-10-26,A,-0.0004657254576339309,Sell
2023-10-26,NVDA,0.03571428571428571,Buy
2023-10-26,DAL,-0.0003670368446227826,Sell
2023-10-26,HYG,-0.03598856637065225,Sell
2023-10-26,NSC,-5.5500314341899726e-05,Sell
2023-10-26,QCOM,-0.00043761286520907494,Sell
2023-10-26,JNJ,0.03571428571428571,Buy
2023-10-26,STI,-0.00013356931128751665,Sell
2023-10-26,KMB,-0.03628407131675287,Sell
2023-10-26,DPZ,0.00025681572812054354,Buy
2023-10-26,EWC,4.04955342949917e-05,Buy
2023-10-26,MU,0.0009123596270767323,Buy
2023-10-26,EBAY,0.0007077368067572448,Buy
2023-10-26,EOG,0.03571428571428571,Buy
2023-10-26,QQQ,0.000533740649326972,Buy
2023-10-26,EWI,0.03571428571428571,Buy
2023-10-26,TSM,-7.232999354740699e-05,Sell
2023-10-26,ALK,-0.00032022322814879295,Sell
2023-10-26,MAR,0.03571428571428571,Buy
2023-10-26,XRT,-0.0002790775145910668,Sell
2023-10-26,TRP,0.03571428571428571,Buy
2023-10-26,EW,-0.032946525098228326,Sell
2023-10-26,RL,0.0001263995556786135,Buy
2023-10-26,WSM,0.03571428571428571,Buy
2023-10-26,NWSA,-6.283199216974844e-05,Sell
2023-10-26,RF,-0.0010938885408422958,Sell
2023-10-26,HMC,0.03571428571428571,Buy
2023-10-26,PRGO,0.03571428571428571,Buy
2023-10-26,SYK,-0.03579792851946036,Sell
2023-10-26,CSIQ,-0.03551293418791365,Sell
2023-10-26,XLE,0.00012898042644395036,Buy
2023-10-26,COF,-0.03608204905104021,Sell
2023-10-27,CNC,-9.207706978126701e-05,Sell
2023-10-27,PPG,0.03571428571428571,Buy
2023-10-27,BAX,-0.03581766275682741,Sell
2023-10-27,VWO,0.03571428571428571,Buy
2023-10-27,A,0.0001072033923601376,Buy
2023-10-27,XLP,0.03571428571428571,Buy
2023-10-27,NVDA,-0.03629659700484701,Sell
2023-10-27,DAL,0.0006601417940147319,Buy
2023-10-27,NSC,-0.035990481075942854,Sell
2023-10-27,ICE,0.03571428571428571,Buy
2023-10-27,QCOM,-0.036428079145718696,Sell
2023-10-27,JNJ,0.0003983123587391474,Buy
2023-10-27,STI,-0.0004263673644857649,Sell
2023-10-27,TRV,0.03571428571428571,Buy
2023-10-27,DPZ,0.00013151258081162825,Buy
2023-10-27,EWC,-4.0200690942543416e-05,Sell
2023-10-27,BDX,0.03571428571428571,Buy
2023-10-27,MU,-0.036767931767115056,Sell
2023-10-27,EBAY,-7.777753237146051e-05,Sell
2023-10-27,EOG,-0.03558981496596287,Sell
2023-10-27,QQQ,-0.03631417444856692,Sell
2023-10-27,EWI,-0.03583260134498195,Sell
2023-10-27,TSM,0.00017700872296639442,Buy
2023-10-27,ALK,0.00016517043450872682,Buy
2023-10-27,MAR,-0.035911935172857484,Sell
2023-10-27,TRP,-4.053230792763762e-06,Sell
2023-10-27,EW,0.03571428571428571,Buy
2023-10-27,RL,0.0006744070013282658,Buy
2023-10-27,WSM,-0.03653908115544628,Sell
2023-10-27,NWSA,6.726543720524808e-05,Buy
2023-10-27,RF,0.0006255434742766103,Buy
2023-10-27,HMC,-0.03591177183305079,Sell
2023-10-27,CME,0.03571428571428571,Buy
2023-10-27,PRGO,0.0015730054897523174,Buy
2023-10-27,OHI,0.03571428571428571,Buy
2023-10-27,XLE,0.0004405776780649698,Buy
2023-10-27,MRK,0.03571428571428571,Buy
2023-10-27,BMY,0.03571428571428571,Buy
2023-10-30,CNC,-0.035652040757894056,Sell
2023-10-30,PPG,-0.035722793454421205,Sell
2023-10-30,BAX,0.03571428571428571,Buy
2023-10-30,VWO,-0.03571881990546084,Sell
2023-10-30,A,0.0008651935809586078,Buy
2023-10-30,XLP,-0.0359531989888077,Sell
2023-10-30,NVDA,0.03571428571428571,Buy
2023-10-30,DAL,-0.03607012616511686,Sell
2023-10-30,HYG,0.03571428571428571,Buy
2023-10-30,ICE,-0.03584307568758038,Sell
2023-10-30,JNJ,-3.3626741645115255e-05,Sell
2023-10-30,STI,0.00028142536266333174,Buy
2023-10-30,TRV,-0.03646436256325359,Sell
2023-10-30,DPZ,0.0005104878098811383,Buy
2023-10-30,EWC,-6.82882547543423e-05,Sell
2023-10-30,BDX,0.0003858046234652482,Buy
2023-10-30,EBAY,-0.0002916378326656213,Sell
2023-10-30,TSM,0.0002852385597157739,Buy
2023-10-30,ALK,-0.00030899093782726234,Sell
2023-10-30,XRT,0.00010621013760208492,Buy
2023-10-30,KGC,0.03571428571428571,Buy
2023-10-30,WMB,0.03571428571428571,Buy
2023-10-30,TRP,-0.03585018498725623,Sell
2023-10-30,D,0.03571428571428571,Buy
2023-10-30,ULTA,0.03571428571428571,Buy
2023-10-30,EW,-5.882414967436217e-05,Sell
2023-10-30,RL,-0.036122290541727,Sell
2023-10-30,NTAP,0.03571428571428571,Buy
2023-10-30,NWSA,-0.0003862494984155848,Sell
2023-10-30,RF,-0.00021656534539052363,Sell
2023-10-30,CME,-7.546614210613561e-05,Sell
2023-10-30,CLX,0.03571428571428571,Buy
2023-10-30,PRGO,0.00014347921855733387,Buy
2023-10-30,OHI,-0.03579502734531045,Sell
2023-10-30,XLE,0.00019692961908206186,Buy
2023-10-30,MT,0.03571428571428571,Buy
2023-10-30,MRK,0.00036224794048937,Buy
2023-10-30,BMY,0.0001544653453324843,Buy
2023-10-31,AMTD,0.03571428571428571,Buy
2023-10-31,BAX,-0.00017045642229451818,Sell
2023-10-31,VWO,0.03571428571428571,Buy
2023-10-31,A,-0.03622415077853494,Sell
2023-10-31,CF,0.03571428571428571,Buy
2023-10-31,NVDA,0.0005892539228616531,Buy
2023-10-31,HYG,0.00016802514981280325,Buy
2023-10-31,JNJ,-0.03576907379586373,Sell
2023-10-31,STI,0.000261090182492027,Buy
2023-10-31,DPZ,-0.0354825059559097,Sell
2023-10-31,EWC,0.0003502264056907123,Buy
2023-10-31,BDX,2.2469995375327956e-05,Buy
2023-10-31,EBAY,-0.0002802480338613064,Sell
2023-10-31,HTZ,0.03571428571428571,Buy
2023-10-31,TSM,0.00015809190050900673,Buy
2023-10-31,ALK,0.0004506199337457606,Buy
2023-10-31,MAR,0.03571428571428571,Buy
2023-10-31,XRT,-6.708879077006735e-06,Sell
2023-10-31,KGC,0.0006647310873141993,Buy
2023-10-31,WMB,8.501340163868942e-05,Buy
2023-10-31,D,-2.252961429571876e-05,Sell
2023-10-31,ULTA,6.757584775000935e-05,Buy
2023-10-31,EW,-0.000512103645125557,Sell
2023-10-31,NTAP,-0.03625012309540454,Sell
2023-10-31,NWSA,0.00015792887384299265,Buy
2023-10-31,TRIP,0.03571428571428571,Buy
2023-10-31,RF,-0.0005118005117344393,Sell
2023-10-31,CME,-0.03581052997165157,Sell
2023-10-31,CLX,-0.03580300939756625,Sell
2023-10-31,PRGO,-0.00043201687899304536,Sell
2023-10-31,XLE,0.0001441825289812959,Buy
2023-10-31,MT,-0.0006301945975741505,Sell
2023-10-31,MRK,0.00025418661163616185,Buy
2023-10-31,BMY,6.739281596936791e-05,Buy
2023-11-01,AMTD,0.000836023558675722,Buy
2023-11-01,BAX,-0.03609957956553173,Sell
2023-11-01,VWO,-0.00024303535607936994,Sell
2023-11-01,A,0.03571428571428571,Buy
2023-11-01,CF,0.0002437621004964738,Buy
2023-11-01,NVDA,-0.0013416131194093142,Sell
2023-11-01,DAL,0.03571428571428571,Buy
2023-11-01,HYG,-0.03604355026338986,Sell
2023-11-01,STI,1.104646564167866e-05,Buy
2023-11-01,EWC,-0.0003601585030947041,Sell
2023-11-01,BDX,-0.0001301906894377175,Sell
2023-11-01,EBAY,0.0004843012263558086,Buy
2023-11-01,EOG,0.03571428571428571,Buy
2023-11-01,HTZ,0.00043457403566764946,Buy
2023-11-01,CCL,0.03571428571428571,Buy
2023-11-01,TSM,-0.03631959805289057,Sell
2023-11-01,ALK,0.0006318733663170858,Buy
2023-11-01,MAR,-0.03574867553537538,Sell
2023-11-01,XRT,0.00010837649115603976,Buy
2023-11-01,KGC,-0.03611440817643165,Sell
2023-11-01,WMB,-0.03603536389750628,Sell
2023-11-01,D,9.959943508258684e-05,Buy
2023-11-01,ULTA,0.000558800704599835,Buy
2023-11-01,EW,-5.0588468972906364e-05,Sell
2023-11-01,RL,0.03571428571428571,Buy
2023-11-01,HUM,0.03571428571428571,Buy
2023-11-01,NWSA,-0.03587588390573732,Sell
2023-11-01,TRIP,0.0011479388586255607,Buy
2023-11-01,RF,-1.3532990501309572e-05,Sell
2023-11-01,CME,0.03571428571428571,Buy
2023-11-01,CLX,0.03571428571428571,Buy
2023-11-01,PRGO,-0.036219928133755616,Sell
2023-11-01,CSIQ,0.03571428571428571,Buy
2023-11-01,XLE,9.486547794280986e-05,Buy
2023-11-01,MT,-2.13784114294277e-05,Sell
2023-11-01,MRK,-0.035755386827167446,Sell
2023-11-01,BMY,0.00018426444430161976,Buy
2023-11-02,MET,0.03571428571428571,Buy
2023-11-02,CNC,0.03571428571428571,Buy
2023-11-02,AMTD,0.0016712729429510798,Buy
2023-11-02,VWO,-0.0353110886856931,Sell
2023-11-02,A,0.00039585133796126576,Buy
2023-11-02,CF,0.00047508500812151744,Buy
2023-11-02,HOG,0.03571428571428571,Buy
2023-11-02,NVDA,-3.015603493738278e-05,Sell
2023-11-02,WEN,0.03571428571428571,Buy
2023-11-02,DAL,-0.035791317907717946,Sell
2023-11-02,ICE,0.03571428571428571,Buy
2023-11-02,STI,0.0009401463204683561,Buy
2023-11-02,HAS,0.03571428571428571,Buy
2023-11-02,TRV,0.03571428571428571,Buy
2023-11-02,EWC,-0.036140385944640155,Sell
2023-11-02,BDX,0.0006469102052611073,Buy
2023-11-02,EBAY,0.0006886152087338601,Buy
2023-11-02,EOG,-0.03601427226598509,Sell
2023-11-02,QQQ,0.03571428571428571,Buy
2023-11-02,HTZ,-0.002482997011088693,Sell
2023-11-02,CCL,-0.03662054985842288,Sell
2023-11-02,ALK,-0.00022346598868913659,Sell
2023-11-02,MAR,0.03571428571428571,Buy
2023-11-02,XRT,-0.03584356194833409,Sell
2023-11-02,KGC,0.03571428571428571,Buy
2023-11-02,D,-0.03551770029871354,Sell
2023-11-02,ULTA,0.0004900241419781848,Buy
2023-11-02,EW,-0.03570028586336793,Sell
2023-11-02,RL,0.0006062868996621201,Buy
2023-11-02,HUM,0.00150578627531444,Buy
2023-11-02,TRIP,3.976650028118117e-05,Buy
2023-11-02,PCG,0.03571428571428571,Buy
2023-11-02,RF,-0.0011883889782393076,Sell
2023-11-02,CME,-0.035046171334211215,Sell
2023-11-02,CLX,-0.03707372604938619,Sell
2023-11-02,PRGO,0.03571428571428571,Buy
2023-11-02,CSIQ,-0.037689870693772845,Sell
2023-11-02,XLE,-0.03582566781638483,Sell
2023-11-02,MT,-0.03644657976568212,Sell
2023-11-02,MRK,0.03571428571428571,Buy
2023-11-02,BMY,0.0010418631205066295,Buy
2023-11-03,MET,-0.03595181777524533,Sell
2023-11-03,CNC,-0.035130750496500905,Sell
2023-11-03,AMTD,0.0004998409880072816,Buy
2023-11-03,BAX,0.03571428571428571,Buy
2023-11-03,A,-0.03645454975546999,Sell
2023-11-03,CF,-0.035468055469225476,Sell
2023-11-03,HOG,-0.03627523036532994,Sell
2023-11-03,XLP,0.03571428571428571,Buy
2023-11-03,NVDA,-0.0004224400150917712,Sell
2023-11-03,WEN,-0.035960535381253246,Sell
2023-11-03,ICE,0.00023874215470493648,Buy
2023-11-03,JNJ,0.03571428571428571,Buy
2023-11-03,STI,0.0007811833902003282,Buy
2023-11-03,KMB,0.03571428571428571,Buy
2023-11-03,HAS,0.0004582151859279446,Buy
2023-11-03,TRV,0.0008928395689824231,Buy
2023-11-03,BDX,0.00037304547680164224,Buy
2023-11-03,EBAY,-0.03632182534648999,Sell
2023-11-03,EOG,0.03571428571428571,Buy
2023-11-03,QQQ,0.00037075560522218526,Buy
2023-11-03,EWI,0.03571428571428571,Buy
2023-11-03,HTZ,-0.03562031208815335,Sell
2023-11-03,ALK,-0.03649922169847434,Sell
2023-11-03,MAR,-0.03598655970441203,Sell
2023-11-03,KGC,-0.03658089004739293,Sell
2023-11-03,KO,0.03571428571428571,Buy
2023-11-03,ULTA,0.0002704872398648986,Buy
2023-11-03,EW,0.03571428571428571,Buy
2023-11-03,RL,-0.0357558209083243,Sell
2023-11-03,HUM,0.0010997487032283967,Buy
2023-11-03,TRIP,-0.03753044797619623,Sell
2023-11-03,LOW,0.03571428571428571,Buy
2023-11-03,PCG,-0.03520406508120191,Sell
2023-11-03,DUK,0.03571428571428571,Buy
2023-11-03,RF,7.935331691306252e-05,Buy
2023-11-03,CME,0.03571428571428571,Buy
2023-11-03,PRGO,-0.03607494985492215,Sell
2023-11-03,OHI,0.03571428571428571,Buy
2023-11-03,SYK,0.03571428571428571,Buy
2023-11-03,BSX,0.03571428571428571,Buy
2023-11-03,XLE,0.03571428571428571,Buy
2023-11-03,CAT,0.03571428571428571,Buy
2023-11-03,MRK,0.0006011714306091501,Buy
2023-11-03,BMY,-0.03608774436336295,Sell
2023-11-06,AMTD,-0.03655086409806977,Sell
2023-11-06,BAX,-0.0004910350596868951,Sell
2023-11-06,A,0.03571428571428571,Buy
2023-11-06,CF,0.03571428571428571,Buy
2023-11-06,HOG,0.03571428571428571,Buy
2023-11-06,XLP,-0.03570599757919112,Sell
2023-11-06,NVDA,-0.03623987191805418,Sell
2023-11-06,ICE,0.0001049687619082279,Buy
2023-11-06,RRC,0.03571428571428571,Buy
2023-11-06,JNJ,-0.03573376160208007,Sell
2023-11-06,STI,6.532483997023081e-05,Buy
2023-11-06,KMB,-0.036066992897857836,Sell
2023-11-06,HAS,0.0009083232619861437,Buy
2023-11-06,TRV,-0.00017599248682470536,Sell
2023-11-06,DPZ,0.03571428571428571,Buy
2023-11-06,EWC,0.03571428571428571,Buy
2023-11-06,BDX,3.91692297549498e-05,Buy
2023-11-06,EOG,0.0005493233773503706,Buy
2023-11-06,QQQ,-8.009323721346745e-05,Sell
2023-11-06,EWI,0.00022457401422636136,Buy
2023-11-06,HTZ,0.03571428571428571,Buy
2023-11-06,ALK,0.03571428571428571,Buy
2023-11-06,MAR,0.03571428571428571,Buy
2023-11-06,KO,-0.03579346250631168,Sell
2023-11-06,ULTA,5.6085922103779606e-05,Buy
2023-11-06,EW,4.93799269793635e-05,Buy
2023-11-06,RL,0.03571428571428571,Buy
2023-11-06,HUM,-0.0007044384070248183,Sell
2023-11-06,LOW,0.0001951671919443107,Buy
2023-11-06,DUK,-0.03542783641272781,Sell
2023-11-06,RF,0.0006541857253629171,Buy
2023-11-06,CME,-0.03640424867736783,Sell
2023-11-06,PRGO,0.03571428571428571,Buy
2023-11-06,OHI,3.139534846652303e-05,Buy
2023-11-06,SYK,-0.03572897826793216,Sell
2023-11-06,BSX,-0.03583898184804408,Sell
2023-11-06,XLE,0.00046836806944868664,Buy
2023-11-06,CAT,0.0004310722441241491,Buy
2023-11-06,MRK,-0.035980002679353314,Sell
2023-11-07,PPG,0.03571428571428571,Buy
2023-11-07,BAX,0.00022949252033783313,Buy
2023-11-07,A,-0.036776656681981226,Sell
2023-11-07,CF,0.000259808982267129,Buy
2023-11-07,HOG,-0.0354273978357097,Sell
2023-11-07,WEN,0.03571428571428571,Buy
2023-11-07,DAL,0.03571428571428571,Buy
2023-11-07,ICE,-0.03591794501899362,Sell
2023-11-07,RRC,0.0012655623346111908,Buy
2023-11-07,JNJ,0.03571428571428571,Buy
2023-11-07,STI,-0.03589052628117399,Sell
2023-11-07,KMB,0.03571428571428571,Buy
2023-11-07,HAS,-0.03547078981610848,Sell
2023-11-07,TRV,-0.00015378147765120198,Sell
2023-11-07,DPZ,-0.03611039712767096,Sell
2023-11-07,EWC,0.00039647840158701236,Buy
2023-11-07,BDX,0.0003519012151941975,Buy
2023-11-07,EOG,0.0010087481859586342,Buy
2023-11-07,QQQ,-0.03611340056565678,Sell
2023-11-07,EWI,0.0002027862307908343,Buy
2023-11-07,HTZ,0.0005736541313300161,Buy
2023-11-07,ALK,-0.0004095440313514609,Sell
2023-11-07,MAR,-0.0006860151763397951,Sell
2023-11-07,XRT,0.03571428571428571,Buy
2023-11-07,ULTA,-0.03666501901583764,Sell
2023-11-07,EW,0.00024295981127856608,Buy
2023-11-07,RL,5.280651235665956e-05,Buy
2023-11-07,HUM,-0.03657323457014988,Sell
2023-11-07,LOW,-0.00012541957103763546,Sell
2023-11-07,PCG,0.03571428571428571,Buy
2023-11-07,RF,0.0002163855452130617,Buy
2023-11-07,HMC,0.03571428571428571,Buy
2023-11-07,CP,0.03571428571428571,Buy
2023-11-07,PRGO,-0.037220313101428044,Sell
2023-11-07,OHI,0.0002225380101681662,Buy
2023-11-07,XLE,-0.03498207856655551,Sell
2023-11-07,MT,0.03571428571428571,Buy
2023-11-07,CAT,0.00044352630829993384,Buy
2023-11-07,BMY,0.03571428571428571,Buy
2023-11-08,CNC,0.03571428571428571,Buy
2023-11-08,PPG,-0.036254211594786825,Sell
2023-11-08,BAX,0.00011428953333537939,Buy
2023-11-08,CF,-0.036428113031081746,Sell
2023-11-08,NVDA,0.03571428571428571,Buy
2023-11-08,WEN,8.012108083226693e-05,Buy
2023-11-08,DAL,-0.03654807718399431,Sell
2023-11-08,RRC,0.0009247667434024304,Buy
2023-11-08,JNJ,7.736760787394048e-05,Buy
2023-11-08,KMB,-0.00012725607350384804,Sell
2023-11-08,TRV,0.00024789828974396133,Buy
2023-11-08,EWC,6.551899731993549e-05,Buy
2023-11-08,BDX,-2.6458923090076636e-05,Sell
2023-11-08,EOG,0.00036406136862245086,Buy
2023-11-08,QQQ,0.03571428571428571,Buy
2023-11-08,EWI,-0.00011073803258265097,Sell
2023-11-08,HTZ,-0.0353232149411636,Sell
2023-11-08,DLTR,0.03571428571428571,Buy
2023-11-08,ALK,-0.036587031668324686,Sell
2023-11-08,MAR,0.0003000821739775131,Buy
2023-11-08,XRT,0.0005923565327438235,Buy
2023-11-08,ILMN,0.03571428571428571,Buy
2023-11-08,KGC,0.03571428571428571,Buy
2023-11-08,GOLD,0.03571428571428571,Buy
2023-11-08,WMB,0.03571428571428571,Buy
2023-11-08,ULTA,0.03571428571428571,Buy
2023-11-08,EW,-0.03561136906958186,Sell
2023-11-08,RL,-0.03691134431510406,Sell
2023-11-08,LOW,-7.136487075490999e-05,Sell
2023-11-08,PCG,-0.03544524847563892,Sell
2023-11-08,DUK,0.03571428571428571,Buy
2023-11-08,RF,-0.03551112935196686,Sell
2023-11-08,HMC,0.00020328111918514052,Buy
2023-11-08,CP,-0.035913280218607055,Sell
2023-11-08,OHI,0.0004155253475218307,Buy
2023-11-08,XLE,0.03571428571428571,Buy
2023-11-08,MT,0.0003208811396735109,Buy
2023-11-08,CAT,-3.7771380632690976e-05,Sell
2023-11-08,BMY,-0.035856190818449984,Sell
2023-11-09,MNST,0.03571428571428571,Buy
2023-11-09,CNC,-0.03666832760908082,Sell
2023-11-09,BAX,0.0009287355124674573,Buy
2023-11-09,A,0.03571428571428571,Buy
2023-11-09,HP,0.03571428571428571,Buy
2023-11-09,NVDA,-0.03636949039721261,Sell
2023-11-09,WEN,-0.00011367086639884477,Sell
2023-11-09,DAL,0.03571428571428571,Buy
2023-11-09,HYG,0.03571428571428571,Buy
2023-11-09,RRC,-0.0003857292152101427,Sell
2023-11-09,JNJ,0.00033914564794782637,Buy
2023-11-09,KMB,-0.03591676313792545,Sell
2023-11-09,TRV,-0.036084651289775414,Sell
2023-11-09,EWC,-0.00046207080477233403,Sell
2023-11-09,BDX,0.002974338377015502,Buy
2023-11-09,EOG,-0.0003907313577913227,Sell
2023-11-09,QQQ,-8.629315025066725e-05,Sell
2023-11-09,EWI,-0.0002941570101884297,Sell
2023-11-09,DLTR,-0.03571357882613162,Sell
2023-11-09,MAR,-0.0007030255819995765,Sell
2023-11-09,XRT,0.00026911875265469426,Buy
2023-11-09,ILMN,0.0008484435945027291,Buy
2023-11-09,KGC,-0.03725094566769648,Sell
2023-11-09,GOLD,-0.0357256658780827,Sell
2023-11-09,WMB,-0.03579058767975265,Sell
2023-11-09,ULTA,-2.957003945168457e-06,Sell
2023-11-09,LOW,0.0004125503505887154,Buy
2023-11-09,DUK,-0.00020062228095305695,Sell
2023-11-09,HMC,-0.035002781583906115,Sell
2023-11-09,CP,0.03571428571428571,Buy
2023-11-09,OHI,-0.0003756156999022431,Sell
2023-11-09,SYK,0.03571428571428571,Buy
2023-11-09,XLE,-0.0002549491387910108,Sell
2023-11-09,M,0.03571428571428571,Buy
2023-11-09,MT,-0.03506193455374247,Sell
2023-11-09,CAT,-0.00026099323314004996,Sell
2023-11-09,MRK,0.03571428571428571,Buy
2023-11-09,BMY,0.03571428571428571,Buy
2023-11-10,MNST,-0.035707618108825785,Sell
2023-11-10,PPG,0.03571428571428571,Buy
2023-11-10,BAX,0.00014669028451276545,Buy
2023-11-10,A,-0.00010521549551349013,Sell
2023-11-10,CF,0.03571428571428571,Buy
2023-11-10,HP,-0.036238525361740125,Sell
2023-11-10,NVDA,0.03571428571428571,Buy
2023-11-10,WEN,-0.03615195773897781,Sell
2023-11-10,DAL,-0.00048051390158887486,Sell
2023-11-10,AA,0.03571428571428571,Buy
2023-11-10,HYG,-3.794605964765885e-05,Sell
2023-11-10,RRC,0.00034000802690570264,Buy
2023-11-10,JNJ,0.00017688121978302884,Buy
2023-11-10,TRV,0.03571428571428571,Buy
2023-11-10,EWC,1.790698735501528e-05,Buy
2023-11-10,BDX,-0.00023334676250759412,Sell
2023-11-10,EBAY,0.03571428571428571,Buy
2023-11-10,EOG,-0.035989066069718925,Sell
2023-11-10,QQQ,-0.03637831481742605,Sell
2023-11-10,EWI,-8.248683366125081e-05,Sell
2023-11-10,HTZ,0.03571428571428571,Buy
2023-11-10,MAR,-0.00045166238228267624,Sell
2023-11-10,XRT,-0.00015789168332586145,Sell
2023-11-10,ILMN,0.0029992897203162602,Buy
2023-11-10,KGC,0.03571428571428571,Buy
2023-11-10,ULTA,5.716814774495149e-05,Buy
2023-11-10,RL,0.03571428571428571,Buy
2023-11-10,NWSA,0.03571428571428571,Buy
2023-11-10,LOW,-0.03634606835681679,Sell
2023-11-10,DUK,-0.03570381936102692,Sell
2023-11-10,CP,0.0011719349401234022,Buy
2023-11-10,OHI,-0.03654561823234681,Sell
2023-11-10,SYK,-0.035943624644513054,Sell
2023-11-10,XLE,-0.00025658276897517346,Sell
2023-11-10,M,-0.03519345525893335,Sell
2023-11-10,CAT,-0.0007044154470365604,Sell
2023-11-10,MRK,0.00047988587482728634,Buy
2023-11-10,BMY,-5.310303979093323e-06,Sell
2023-11-13,PPG,-0.03598115841427352,Sell
2023-11-13,AMTD,0.03571428571428571,Buy
2023-11-13,BAX,-0.036822519970135026,Sell
2023-11-13,A,0.00019776008448369603,Buy
2023-11-13,CF,-0.0002803038524433893,Sell
2023-11-13,NVDA,-0.00034744583268634527,Sell
2023-11-13,WEN,0.03571428571428571,Buy
2023-11-13,DAL,-0.0002518272321831508,Sell
2023-11-13,AA,-0.03579214315725808,Sell
2023-11-13,HYG,-0.00010215306094468746,Sell
2023-11-13,ICE,0.03571428571428571,Buy
2023-11-13,RRC,-0.03626416992050466,Sell
2023-11-13,JNJ,-0.035942864816235084,Sell
2023-11-13,STI,0.03571428571428571,Buy
2023-11-13,TRV,-0.03606971801469965,Sell
2023-11-13,EWC,-0.0360334221323877,Sell
2023-11-13,BDX,-0.0003209282993631782,Sell
2023-11-13,EBAY,0.0008715190852614171,Buy
2023-11-13,QQQ,0.03571428571428571,Buy
2023-11-13,EWI,-0.036115052249077795,Sell
2023-11-13,HTZ,-0.034011867675433204,Sell
2023-11-13,DLTR,0.03571428571428571,Buy
2023-11-13,MS,0.03571428571428571,Buy
2023-11-13,MAR,-0.00015601477171180156,Sell
2023-11-13,XRT,0.0001155678245896713,Buy
2023-11-13,ILMN,0.0018975350411622113,Buy
2023-11-13,KGC,7.156422443762439e-05,Buy
2023-11-13,ULTA,-0.00020873422135848918,Sell
2023-11-13,RL,-5.543969539265753e-05,Sell
2023-11-13,NWSA,0.0006693677646525467,Buy
2023-11-13,BX,0.03571428571428571,Buy
2023-11-13,LOW,0.03571428571428571,Buy
2023-11-13,DUK,0.03571428571428571,Buy
2023-11-13,CP,0.00047767967647920767,Buy
2023-11-13,XLE,-0.03610822657162689,Sell
2023-11-13,MT,0.03571428571428571,Buy
2023-11-13,CAT,-0.036148004619667704,Sell
2023-11-13,MRK,-0.0005179325422247222,Sell
2023-11-13,BMY,0.00018978823978148263,Buy
2023-11-14,AMTD,-0.0005617524598998253,Sell
2023-11-14,A,-0.036104772340115464,Sell
2023-11-14,CF,0.0006894763049175995,Buy
2023-11-14,NVDA,0.00021128172517299176,Buy
2023-11-14,WEN,0.0005046611394634928,Buy
2023-11-14,DAL,-0.03585084112341925,Sell
2023-11-14,HYG,0.0005996133761353162,Buy
2023-11-14,NSC,0.03571428571428571,Buy
2023-11-14,ICE,0.0003793536631199121,Buy
2023-11-14,JNJ,0.03571428571428571,Buy
2023-11-14,STI,-0.03485796014784136,Sell
2023-11-14,KMB,0.03571428571428571,Buy
2023-11-14,TRV,0.03571428571428571,Buy
2023-11-14,BDX,0.0013234136720210801,Buy
2023-11-14,EBAY,-0.036207349057317435,Sell
2023-11-14,EOG,0.03571428571428571,Buy
2023-11-14,QQQ,0.00020369317549374238,Buy
2023-11-14,DLTR,-0.03614026431975857,Sell
2023-11-14,MS,-0.03627710756204006,Sell
2023-11-14,MAR,0.00013442028045730636,Buy
2023-11-14,XRT,-0.036482263874663835,Sell
2023-11-14,ILMN,-0.0008087774892456406,Sell
2023-11-14,KGC,-0.035774779136726144,Sell
2023-11-14,ULTA,0.00029058412193332106,Buy
2023-11-14,EW,0.03571428571428571,Buy
2023-11-14,RL,-0.03629308290073184,Sell
2023-11-14,NWSA,8.507664026303347e-05,Buy
2023-11-14,BX,-0.03649096351590511,Sell
2023-11-14,LOW,-0.036268700232990066,Sell
2023-11-14,DUK,-0.03589280009135321,Sell
2023-11-14,NTES,0.03571428571428571,Buy
2023-11-14,CME,0.03571428571428571,Buy
2023-11-14,CP,0.0002464452379719248,Buy
2023-11-14,OHI,0.03571428571428571,Buy
2023-11-14,SYK,0.03571428571428571,Buy
2023-11-14,CSIQ,0.03571428571428571,Buy
2023-11-14,XLE,0.03571428571428571,Buy
2023-11-14,MT,-0.03688505291771621,Sell
2023-11-14,CAT,0.03571428571428571,Buy
2023-11-14,MRK,0.0010537759776209563,Buy
2023-11-14,BMY,0.0006955351812610727,Buy
2023-11-15,PPG,0.034482758620689655,Buy
2023-11-15,AMTD,-0.0036385067326118042,Sell
2023-11-15,CF,-0.001208346561892143,Sell
2023-11-15,NVDA,-0.0004946726982492447,Sell
2023-11-15,WEN,-0.035752587032276885,Sell
2023-11-15,HYG,-0.0009300429682591316,Sell
2023-11-15,NSC,-0.0015471483349268414,Sell
2023-11-15,ICE,-0.001237142294643112,Sell
2023-11-15,JNJ,-0.0013184246862502774,Sell
2023-11-15,STI,0.034482758620689655,Buy
2023-11-15,KMB,-0.0011643858149745848,Sell
2023-11-15,TRV,-0.001221034926343699,Sell
2023-11-15,EWC,0.034482758620689655,Buy
2023-11-15,BDX,-0.0011080884459166093,Sell
2023-11-15,EBAY,0.034482758620689655,Buy
2023-11-15,EOG,-0.00046205919638647036,Sell
2023-11-15,QQQ,-0.0010708836913196906,Sell
2023-11-15,ORCL,0.034482758620689655,Buy
2023-11-15,MS,0.034482758620689655,Buy
2023-11-15,MAR,-0.000835227859411973,Sell
2023-11-15,ILMN,-0.03650353406528851,Sell
2023-11-15,KGC,0.034482758620689655,Buy
2023-11-15,ULTA,-0.03708035904802137,Sell
2023-11-15,EW,-0.0361857064692993,Sell
2023-11-15,NTAP,0.034482758620689655,Buy
2023-11-15,NWSA,-0.000908542020379266,Sell
2023-11-15,NTES,-0.03577560670763044,Sell
2023-11-15,HMC,0.034482758620689655,Buy
2023-11-15,CME,-0.0009267022856682405,Sell
2023-11-15,CP,-0.03586272533663506,Sell
2023-11-15,OHI,-0.0008868383813484745,Sell
2023-11-15,SYK,-0.0011207149727080618,Sell
2023-11-15,CSIQ,-0.03383122222631209,Sell
2023-11-15,XLE,-0.0009770784126819504,Sell
2023-11-15,CAT,-0.0015071139410312503,Sell
2023-11-15,MRK,-0.0007590048596475898,Sell
2023-11-15,BMY,-0.03626529239965816,Sell
2023-11-16,PPG,-0.034899812101649816,Sell
2023-11-16,AMTD,-0.031626980651705425,Sell
2023-11-16,CF,0.00011359034529992429,Buy
2023-11-16,NVDA,-0.0004371997695311533,Sell
2023-11-16,WEN,0.034482758620689655,Buy
2023-11-16,HYG,-0.03454848617014611,Sell
2023-11-16,NSC,-0.034723832158280885,Sell
2023-11-16,ICE,-0.03488120021748102,Sell
2023-11-16,RRC,0.034482758620689655,Buy
2023-11-16,JNJ,-0.03480358652300904,Sell
2023-11-16,STI,-1.9403128892529764e-05,Sell
2023-11-16,KMB,-0.03454757744350715,Sell
2023-11-16,TRV,-0.0004569415440092428,Sell
2023-11-16,EWC,0.000181832445688139,Buy
2023-11-16,BDX,-0.00021275054759513357,Sell
2023-11-16,EBAY,0.00035432045730745404,Buy
2023-11-16,EOG,0.0006450169207679879,Buy
2023-11-16,QQQ,-4.8934544101611466e-05,Sell
2023-11-16,HTZ,0.034482758620689655,Buy
2023-11-16,ORCL,-0.034686682894952824,Sell
2023-11-16,DLTR,0.034482758620689655,Buy
2023-11-16,MS,-1.0738847374604232e-05,Sell
2023-11-16,ALK,0.034482758620689655,Buy
2023-11-16,MAR,-0.0004498839750057687,Sell
2023-11-16,XRT,0.034482758620689655,Buy
2023-11-16,ILMN,0.034482758620689655,Buy
2023-11-16,KGC,-0.035215560551258115,Sell
2023-11-16,TRP,0.034482758620689655,Buy
2023-11-16,NTAP,0.0009117914202113747,Buy
2023-11-16,NWSA,-0.00033336575131642093,Sell
2023-11-16,LOW,0.034482758620689655,Buy
2023-11-16,NTES,0.034482758620689655,Buy
2023-11-16,HMC,-0.0001500951350245916,Sell
2023-11-16,CME,-0.034686884646997186,Sell
2023-11-16,CP,0.034482758620689655,Buy
2023-11-16,OHI,-0.0002605244929669154,Sell
2023-11-16,SYK,-0.03546433696194879,Sell
2023-11-16,XLE,-0.033829247971627924,Sell
2023-11-16,CAT,0.00037633277490516787,Buy
2023-11-16,MRK,-0.00023728008608330659,Sell
2023-11-16,BMY,0.034482758620689655,Buy
2023-11-17,AMTD,0.034482758620689655,Buy
2023-11-17,A,0.034482758620689655,Buy
2023-11-17,CF,0.0014379697002447137,Buy
2023-11-17,NVDA,0.0004331711537415017,Buy
2023-11-17,WEN,-0.034972588148722505,Sell
2023-11-17,SPWR,0.034482758620689655,Buy
2023-11-17,ICE,0.034482758620689655,Buy
2023-11-17,RRC,5.2204945527364877e-05,Buy
2023-11-17,JNJ,0.034482758620689655,Buy
2023-11-17,STI,0.00037023391709167103,Buy
2023-11-17,KMB,0.034482758620689655,Buy
2023-11-17,TRV,0.0002815944009487009,Buy
2023-11-17,EWC,-7.348016809177044e-05,Sell
2023-11-17,BDX,0.0005691584099209723,Buy
2023-11-17,EBAY,0.00034149985665973825,Buy
2023-11-17,EOG,-0.03510965608883168,Sell
2023-11-17,QQQ,0.00029950247505774324,Buy
2023-11-17,HTZ,-0.036467535096616266,Sell
2023-11-17,DLTR,-8.327803640235248e-05,Sell
2023-11-17,MS,-0.03444127723866941,Sell
2023-11-17,ALK,-0.03470396543003008,Sell
2023-11-17,MAR,-4.3211242356115676e-05,Sell
2023-11-17,XRT,-0.0006421470534094809,Sell
2023-11-17,ILMN,0.0006233734179408937,Buy
2023-11-17,TRP,-0.03472406502206508,Sell
2023-11-17,EW,0.034482758620689655,Buy
2023-11-17,HUM,0.034482758620689655,Buy
2023-11-17,NTAP,-1.7415379531697528e-05,Sell
2023-11-17,NWSA,0.0003723508333630665,Buy
2023-11-17,LOW,-0.03441519196711686,Sell
2023-11-17,NTES,-0.03563233599005965,Sell
2023-11-17,RF,0.034482758620689655,Buy
2023-11-17,HMC,-0.000520044781663051,Sell
2023-11-17,CP,0.00026930964900830773,Buy
2023-11-17,OHI,0.0003937119872342021,Buy
2023-11-17,CAT,-0.00036168615781403957,Sell
2023-11-17,MRK,0.00038788856123435356,Buy
2023-11-17,BMY,-0.034175289238471206,Sell
2023-11-20,CNC,0.034482758620689655,Buy
2023-11-20,PPG,0.034482758620689655,Buy
2023-11-20,AMTD,-0.03296262698187021,Sell
2023-11-20,A,-0.00017322074940357562,Sell
2023-11-20,CF,0.00029233774578702604,Buy
2023-11-20,NVDA,-0.0006961882130335426,Sell
2023-11-20,SPWR,-0.0025470869838632657,Sell
2023-11-20,ICE,-0.00015247706404567657,Sell
2023-11-20,RRC,0.00033420860341767944,Buy
2023-11-20,JNJ,-0.0002241464571781232,Sell
2023-11-20,STI,0.0015666966880480138,Buy
2023-11-20,KMB,0.00026649163063000025,Buy
2023-11-20,TRV,2.3079570815411066e-05,Buy
2023-11-20,EWC,1.9267218793056484e-05,Buy
2023-11-20,BDX,-0.034462616504849594,Sell
2023-11-20,EBAY,0.0006705349332398677,Buy
2023-11-20,QQQ,-0.0003397159188786303,Sell
2023-11-20,HTZ,0.034482758620689655,Buy
2023-11-20,DLTR,-0.034583111395374226,Sell
2023-11-20,MS,0.034482758620689655,Buy
2023-11-20,MAR,-0.00011981704817613098,Sell
2023-11-20,XRT,-0.00013299298365625906,Sell
2023-11-20,ILMN,-0.035603654804016414,Sell
2023-11-20,EW,-0.03455274895486937,Sell
2023-11-20,HUM,-0.00017642231880014153,Sell
2023-11-20,NTAP,-0.00010725826669835681,Sell
2023-11-20,NWSA,-0.03481259676538663,Sell
2023-11-20,DUK,0.034482758620689655,Buy
2023-11-20,RF,-0.034173000179348184,Sell
2023-11-20,HMC,-0.03335787753469123,Sell
2023-11-20,CME,0.034482758620689655,Buy
2023-11-20,CP,0.0001846748055471803,Buy
2023-11-20,OHI,-0.0003995873370845754,Sell
2023-11-20,SYK,0.034482758620689655,Buy
2023-11-20,CAT,0.00043531857283356235,Buy
2023-11-20,MRK,-0.00023530930578478243,Sell
2023-11-20,BMY,0.034482758620689655,Buy
2023-11-21,CNC,-0.03473079967388434,Sell
2023-11-21,PPG,-0.03454583589591318,Sell
2023-11-21,A,-0.037278009357269555,Sell
2023-11-21,CF,0.0004131785426397805,Buy
2023-11-21,NVDA,0.0005112221751762888,Buy
2023-11-21,DAL,0.034482758620689655,Buy
2023-11-21,HYG,0.034482758620689655,Buy
2023-11-21,SPWR,0.0009244550169877491,Buy
2023-11-21,ICE,-0.03468528525869351,Sell
2023-11-21,RRC,0.0007071454874177235,Buy
2023-11-21,QCOM,0.034482758620689655,Buy
2023-11-21,JNJ,-0.03456458027069817,Sell
2023-11-21,STI,-0.03807927412827387,Sell
2023-11-21,KMB,-9.237218687947746e-05,Sell
2023-11-21,HAS,0.034482758620689655,Buy
2023-11-21,TRV,-0.03487755735843217,Sell
2023-11-21,EWC,0.0003240088802414498,Buy
2023-11-21,MU,0.034482758620689655,Buy
2023-11-21,EBAY,-0.03510483357964782,Sell
2023-11-21,EOG,0.034482758620689655,Buy
2023-11-21,QQQ,0.0003941190652213683,Buy
2023-11-21,EWI,0.034482758620689655,Buy
2023-11-21,HTZ,-0.03244893251731286,Sell
2023-11-21,TSM,0.034482758620689655,Buy
2023-11-21,MS,0.000724081409717435,Buy
2023-11-21,ALK,0.034482758620689655,Buy
2023-11-21,MAR,-0.034412399002810096,Sell
2023-11-21,XRT,0.00029190739243196984,Buy
2023-11-21,EW,0.034482758620689655,Buy
2023-11-21,RL,0.034482758620689655,Buy
2023-11-21,HUM,-0.03464861939759018,Sell
2023-11-21,NTAP,0.00041929267539264625,Buy
2023-11-21,LOW,0.034482758620689655,Buy
2023-11-21,DUK,-0.034510533198926836,Sell
2023-11-21,CME,-0.03486361476653137,Sell
2023-11-21,CP,0.00045388679862382736,Buy
2023-11-21,OHI,0.00040882462274451775,Buy
2023-11-21,SYK,-0.03480578280237597,Sell
2023-11-21,CSIQ,0.034482758620689655,Buy
2023-11-21,XLE,0.034482758620689655,Buy
2023-11-21,CAT,0.00033730831131550953,Buy
2023-11-21,MRK,0.0003518767978697504,Buy
2023-11-21,BMY,0.000489425398246944,Buy
2023-11-22,AMTD,0.034482758620689655,Buy
2023-11-22,CF,5.901873973592625e-05,Buy
2023-11-22,NVDA,0.0008702554665751816,Buy
2023-11-22,DAL,-0.034527007715687195,Sell
2023-11-22,HYG,-0.03451957490761439,Sell
2023-11-22,SPWR,-0.03346095001042199,Sell
2023-11-22,RRC,-0.00046826158298884923,Sell
2023-11-22,QCOM,-0.0345900093279543,Sell
2023-11-22,JNJ,0.034482758620689655,Buy
2023-11-22,KMB,-0.00019531870631189774,Sell
2023-11-22,HAS,-0.000389808444124326,Sell
2023-11-22,DPZ,0.034482758620689655,Buy
2023-11-22,EWC,2.9431024021198127e-06,Buy
2023-11-22,MU,-0.034634971958019234,Sell
2023-11-22,EOG,0.0003225032781832074,Buy
2023-11-22,QQQ,-0.00011806110152606797,Sell
2023-11-22,EWI,0.00010787827084399876,Buy
2023-11-22,HTZ,0.034482758620689655,Buy
2023-11-22,DLTR,0.034482758620689655,Buy
2023-11-22,TSM,-0.034543826791313695,Sell
2023-11-22,MS,1.4199008090153009e-05,Buy
2023-11-22,ALK,-0.03471357925146851,Sell
2023-11-22,XRT,3.926537435445382e-05,Buy
2023-11-22,TRP,0.034482758620689655,Buy
2023-11-22,EW,-0.03451124581388583,Sell
2023-11-22,RL,-0.00022316592269001206,Sell
2023-11-22,NTAP,-0.00022624774190246888,Sell
2023-11-22,LOW,-5.0101183859799225e-05,Sell
2023-11-22,DUK,0.034482758620689655,Buy
2023-11-22,HMC,0.034482758620689655,Buy
2023-11-22,CME,0.034482758620689655,Buy
2023-11-22,CP,8.411259442786534e-06,Buy
2023-11-22,OHI,0.00013113495902796618,Buy
2023-11-22,SYK,0.034482758620689655,Buy
2023-11-22,CSIQ,-0.03506140687333856,Sell
2023-11-22,XLE,-0.03444349845947987,Sell
2023-11-22,CAT,0.0004927376235375341,Buy
2023-11-22,MRK,0.00020165730294888218,Buy
2023-11-22,BMY,-0.0006451811461896939,Sell
2023-11-24,CNC,0.034482758620689655,Buy
2023-11-24,PPG,0.034482758620689655,Buy
2023-11-24,AMTD,0.0002056340716470803,Buy
2023-11-24,VWO,0.034482758620689655,Buy
2023-11-24,CF,-0.03515189258902173,Sell
2023-11-24,NVDA,0.0008670299408079993,Buy
2023-11-24,SPWR,0.034482758620689655,Buy
2023-11-24,ICE,0.034482758620689655,Buy
2023-11-24,RRC,-0.03429762075262707,Sell
2023-11-24,JNJ,-0.03465893961445216,Sell
2023-11-24,STI,0.034482758620689655,Buy
2023-11-24,KMB,0.0001748067096268291,Buy
2023-11-24,HAS,-0.03467534443120541,Sell
2023-11-24,DPZ,-0.034354131427562544,Sell
2023-11-24,EWC,-3.4930927472059947e-06,Sell
2023-11-24,MU,0.034482758620689655,Buy
2023-11-24,EOG,0.00011379921613481614,Buy
2023-11-24,QQQ,0.000253962771925971,Buy
2023-11-24,EWI,-0.034711013144368065,Sell
2023-11-24,SIRI,0.034482758620689655,Buy
2023-11-24,HTZ,-0.00048642219149717253,Sell
2023-11-24,ORCL,0.034482758620689655,Buy
2023-11-24,DLTR,-0.03479616035521391,Sell
2023-11-24,TSM,0.034482758620689655,Buy
2023-11-24,MS,-0.03434700203484437,Sell
2023-11-24,MAR,0.034482758620689655,Buy
2023-11-24,XRT,-0.03452570265909502,Sell
2023-11-24,TRP,-0.03425866290065661,Sell
2023-11-24,RL,-0.034799647296331164,Sell
2023-11-24,NTAP,5.1805661058119956e-05,Buy
2023-11-24,LOW,0.00010374132712832884,Buy
2023-11-24,MRVL,0.034482758620689655,Buy
2023-11-24,DUK,-0.0344212777115129,Sell
2023-11-24,HMC,-0.03472727030135219,Sell
2023-11-24,CME,7.255240931259427e-05,Buy
2023-11-24,CP,-0.00037378799408890884,Sell
2023-11-24,OHI,-8.576402967791497e-05,Sell
2023-11-24,SYK,0.00025343353304197597,Buy
2023-11-24,CSIQ,0.034482758620689655,Buy
2023-11-24,CAT,1.7537183969539016e-05,Buy
2023-11-24,MRK,0.0001415840482954095,Buy
2023-11-24,BMY,-3.0181123659267506e-05,Sell
2023-11-27,CNC,-0.00017442216057948073,Sell
2023-11-27,PPG,-0.03498817152576843,Sell
2023-11-27,AMTD,-0.03497167194465676,Sell
2023-11-27,VWO,-0.00012859927778879204,Sell
2023-11-27,CF,0.034482758620689655,Buy
2023-11-27,NVDA,-0.0006305158031674474,Sell
2023-11-27,DAL,0.034482758620689655,Buy
2023-11-27,SPWR,-0.033273053534340326,Sell
2023-11-27,NSC,0.034482758620689655,Buy
2023-11-27,ICE,8.866100827433637e-05,Buy
2023-11-27,RRC,0.034482758620689655,Buy
2023-11-27,JNJ,0.034482758620689655,Buy
2023-11-27,STI,0.0007466991561284886,Buy
2023-11-27,KMB,-0.00028281196897553956,Sell
2023-11-27,EWC,-0.00010054543922766168,Sell
2023-11-27,MU,-0.035063611731855585,Sell
2023-11-27,EOG,-0.00015054795983920205,Sell
2023-11-27,QQQ,-0.0002609761887763101,Sell
2023-11-27,SIRI,-0.03406873682546913,Sell
2023-11-27,HTZ,-0.03323577323588412,Sell
2023-11-27,ORCL,-0.03483990195469612,Sell
2023-11-27,DLTR,0.034482758620689655,Buy
2023-11-27,TSM,-0.034553709369773894,Sell
2023-11-27,MS,0.034482758620689655,Buy
2023-11-27,MAR,-0.03453774462982034,Sell
2023-11-27,XRT,0.034482758620689655,Buy
2023-11-27,TRP,0.034482758620689655,Buy
2023-11-27,D,0.034482758620689655,Buy
2023-11-27,NTAP,-0.00018035791939773754,Sell
2023-11-27,LOW,-0.000422344212245164,Sell
2023-11-27,MRVL,-0.03469341343040374,Sell
2023-11-27,HMC,0.034482758620689655,Buy
2023-11-27,CME,-0.00021768391911074214,Sell
2023-11-27,CP,0.0009370164797525976,Buy
2023-11-27,PRGO,0.034482758620689655,Buy
2023-11-27,OHI,-0.03471980736116927,Sell
2023-11-27,SYK,-0.03481198611784948,Sell
2023-11-27,CSIQ,-0.033758184404974315,Sell
2023-11-27,XLE,0.034482758620689655,Buy
2023-11-27,ENB,0.034482758620689655,Buy
2023-11-27,CAT,-0.03477831128085874,Sell
2023-11-27,MRK,-0.00014112891385224813,Sell
2023-11-27,BMY,0.00022580119953668348,Buy
2023-11-28,CNC,0.0004948578430377243,Buy
2023-11-28,VWO,-0.03480555185280948,Sell
2023-11-28,CF,-0.034387164005618885,Sell
2023-11-28,NVDA,0.00026042212280406873,Buy
2023-11-28,DAL,-0.034716283182241396,Sell
2023-11-28,HYG,0.034482758620689655,Buy
2023-11-28,SPWR,0.034482758620689655,Buy
2023-11-28,NSC,-0.00012558860140634426,Sell
2023-11-28,ICE,6.899578417474128e-05,Buy
2023-11-28,RRC,0.0007087558746032147,Buy
2023-11-28,QCOM,0.034482758620689655,Buy
2023-11-28,JNJ,-0.00012074500092910945,Sell
2023-11-28,STI,-0.00016583463679342714,Sell
2023-11-28,KMB,7.478097217471225e-05,Buy
2023-11-28,EWC,-0.03464391675324826,Sell
2023-11-28,BDX,0.034482758620689655,Buy
2023-11-28,MU,0.034482758620689655,Buy
2023-11-28,EOG,-0.00022050042773690687,Sell
2023-11-28,QQQ,-0.00013134880096696971,Sell
2023-11-28,HTZ,0.034482758620689655,Buy
2023-11-28,DLTR,-0.034431637734346716,Sell
2023-11-28,CCL,0.034482758620689655,Buy
2023-11-28,MS,0.0004330390360862135,Buy
2023-11-28,MAR,0.034482758620689655,Buy
2023-11-28,XRT,-0.03484977403569288,Sell
2023-11-28,TRP,-0.03514515939165263,Sell
2023-11-28,D,-0.034589862742599786,Sell
2023-11-28,NTAP,-4.9716467341504034e-05,Sell
2023-11-28,LOW,-0.03456336025891877,Sell
2023-11-28,PCG,0.034482758620689655,Buy
2023-11-28,HMC,0.00018093876990039892,Buy
2023-11-28,CME,8.497456783922858e-05,Buy
2023-11-28,CP,-0.0003432601120131121,Sell
2023-11-28,PRGO,0.00028472764033484615,Buy
2023-11-28,OHI,0.034482758620689655,Buy
2023-11-28,XLE,-4.902051322367568e-05,Sell
2023-11-28,ENB,-0.034737238232612315,Sell
2023-11-28,MRK,0.0003845951786173307,Buy
2023-11-28,BMY,2.9566264259657526e-05,Buy
2023-11-29,CNC,0.0013077516699980182,Buy
2023-11-29,VWO,0.034482758620689655,Buy
2023-11-29,CF,0.034482758620689655,Buy
2023-11-29,XLP,0.034482758620689655,Buy
2023-11-29,NVDA,-8.867471561178203e-05,Sell
2023-11-29,WEN,0.034482758620689655,Buy
2023-11-29,HYG,-0.0345289749205585,Sell
2023-11-29,SPWR,-0.03460856285071683,Sell
2023-11-29,NSC,-0.03477566647139822,Sell
2023-11-29,ICE,0.00016781616635112157,Buy
2023-11-29,RRC,0.0004897594503235417,Buy
2023-11-29,CAG,0.034482758620689655,Buy
2023-11-29,QCOM,-0.034921125539662555,Sell
2023-11-29,JNJ,-0.034451051780719034,Sell
2023-11-29,STI,0.0008526550036162539,Buy
2023-11-29,KMB,0.00020234956998917142,Buy
2023-11-29,BDX,0.0003705444585058032,Buy
2023-11-29,MU,-0.03459950147601249,Sell
2023-11-29,EBAY,0.034482758620689655,Buy
2023-11-29,EOG,0.00025151882949338983,Buy
2023-11-29,QQQ,-0.034308898820177944,Sell
2023-11-29,HTZ,-0.034591499625825244,Sell
2023-11-29,ORCL,0.034482758620689655,Buy
2023-11-29,CCL,-0.03499961257986889,Sell
2023-11-29,MS,-0.035088343587417116,Sell
2023-11-29,MAR,0.000506226792852213,Buy
2023-11-29,TRP,0.034482758620689655,Buy
2023-11-29,KO,0.034482758620689655,Buy
2023-11-29,D,0.034482758620689655,Buy
2023-11-29,HUM,0.034482758620689655,Buy
2023-11-29,NTAP,-0.03936772357388012,Sell
2023-11-29,PCG,0.0007880220953152481,Buy
2023-11-29,NTES,0.034482758620689655,Buy
2023-11-29,HMC,0.0004957170326111149,Buy
2023-11-29,CME,0.00031535978059348685,Buy
2023-11-29,CP,-0.034865437971224815,Sell
2023-11-29,CLX,0.034482758620689655,Buy
2023-11-29,PRGO,-0.03420704892179855,Sell
2023-11-29,OHI,0.0007136919769646574,Buy
2023-11-29,XLE,0.0003960141487281965,Buy
2023-11-29,MRK,-0.00018525415254089933,Sell
2023-11-29,BMY,0.0002808190852217826,Buy
2023-11-30,CNC,-0.03573656613906476,Sell
2023-11-30,VWO,-0.03428575901919714,Sell
2023-11-30,CF,0.00011534330637287538,Buy
2023-11-30,HP,0.034482758620689655,Buy
2023-11-30,XLP,-0.03452652984301636,Sell
2023-11-30,NVDA,0.0012711084414686047,Buy
2023-11-30,WEN,-8.893182945528266e-05,Sell
2023-11-30,ICE,-5.058068125345094e-05,Sell
2023-11-30,RRC,-0.00011692565712675268,Sell
2023-11-30,CAG,-0.03451389415676041,Sell
2023-11-30,STI,-0.0016218556386902172,Sell
2023-11-30,KMB,-0.0347347245060151,Sell
2023-11-30,DPZ,0.034482758620689655,Buy
2023-11-30,BDX,0.00022719832630889447,Buy
2023-11-30,MU,0.034482758620689655,Buy
2023-11-30,EBAY,-0.034709236577646546,Sell
2023-11-30,EOG,0.0003454234587315433,Buy
2023-11-30,QQQ,0.034482758620689655,Buy
2023-11-30,EWI,0.034482758620689655,Buy
2023-11-30,SIRI,0.034482758620689655,Buy
2023-11-30,ORCL,0.0002982677003003434,Buy
2023-11-30,TSM,0.034482758620689655,Buy
2023-11-30,MAR,0.00026111924819210985,Buy
2023-11-30,TRP,-0.034590134957826583,Sell
2023-11-30,KO,-0.03458095648577041,Sell
2023-11-30,D,0.0008340962435950325,Buy
2023-11-30,HUM,0.00012465938617434863,Buy
2023-11-30,NWSA,0.034482758620689655,Buy
2023-11-30,LOW,0.034482758620689655,Buy
2023-11-30,PCG,-0.03418449092038931,Sell
2023-11-30,NTES,0.0001909914615946945,Buy
2023-11-30,HMC,0.0002424305522434611,Buy
2023-11-30,CME,-0.00026182114774496446,Sell
2023-11-30,CLX,-0.03442705578358097,Sell
2023-11-30,OHI,-0.0002820614397798099,Sell
2023-11-30,XLE,7.041117180259238e-05,Buy
2023-11-30,CAT,0.034482758620689655,Buy
2023-11-30,MRK,-0.00015806671640770237,Sell
2023-11-30,BMY,-0.00016482438842952557,Sell
2023-12-01,MET,0.034482758620689655,Buy
2023-12-01,CF,-0.00021013003034962147,Sell
2023-12-01,HP,2.4905338419679846e-05,Buy
2023-12-01,NVDA,0.0003208983388655051,Buy
2023-12-01,WEN,-0.001122267021287933,Sell
2023-12-01,ICE,0.00019719664223241673,Buy
2023-12-01,RRC,7.545417047426922e-05,Buy
2023-12-01,GREK,0.034482758620689655,Buy
2023-12-01,STI,0.002372536344490861,Buy
2023-12-01,KMB,0.034482758620689655,Buy
2023-12-01,DPZ,-5.5807910231589486e-05,Sell
2023-12-01,BDX,1.7799301852451654e-05,Buy
2023-12-01,MU,0.0004025252768380949,Buy
2023-12-01,EOG,0.00017011305898257528,Buy
2023-12-01,QQQ,0.00021970921153742495,Buy
2023-12-01,EWI,-0.03434163143461087,Sell
2023-12-01,SIRI,-0.035625572954463884,Sell
2023-12-01,ORCL,3.794486415920756e-05,Buy
2023-12-01,TSM,-0.03460088054517965,Sell
2023-12-01,MAR,-0.0007918272848738278,Sell
2023-12-01,D,-0.03516772553622044,Sell
2023-12-01,HUM,-0.00041206773539186753,Sell
2023-12-01,NWSA,0.0001467302532932105,Buy
2023-12-01,LOW,-0.0005573811941829987,Sell
2023-12-01,MRVL,0.034482758620689655,Buy
2023-12-01,NTES,0.0015516399186099872,Buy
2023-12-01,HMC,-0.00025106610599481133,Sell
2023-12-01,CME,0.00013261858278983824,Buy
2023-12-01,CLX,0.034482758620689655,Buy
2023-12-01,OHI,-8.090209204362347e-05,Sell
2023-12-01,XLE,0.0001395121707864072,Buy
2023-12-01,CAT,-0.03498858588993194,Sell
2023-12-01,MRK,-9.471761356398545e-06,Sell
2023-12-01,BMY,-0.000180914792121796,Sell
2023-12-04,MET,-0.035129388732639516,Sell
2023-12-04,AMTD,0.034482758620689655,Buy
2023-12-04,VWO,0.034482758620689655,Buy
2023-12-04,CF,0.0008973638349207003,Buy
2023-12-04,HP,-0.034984344283211385,Sell
2023-12-04,NVDA,0.0007145117441905782,Buy
2023-12-04,WEN,-0.03523220106800978,Sell
2023-12-04,HYG,0.034482758620689655,Buy
2023-12-04,ICE,-0.03493941371449867,Sell
2023-12-04,RRC,0.0008434783019648506,Buy
2023-12-04,GREK,0.00023719150892385216,Buy
2023-12-04,STI,-0.000763904505061988,Sell
2023-12-04,KMB,-0.00025306410535150953,Sell
2023-12-04,DPZ,-0.03493010157960299,Sell
2023-12-04,BDX,-0.00011765857435406396,Sell
2023-12-04,MU,0.0005327727502052668,Buy
2023-12-04,EOG,-4.825199053801188e-05,Sell
2023-12-04,QQQ,0.00010543682698548745,Buy
2023-12-04,EWI,0.034482758620689655,Buy
2023-12-04,ORCL,0.00019201919848781113,Buy
2023-12-04,TSM,0.034482758620689655,Buy
2023-12-04,MAR,-0.000271413816884232,Sell
2023-12-04,RL,0.034482758620689655,Buy
2023-12-04,HUM,-0.03447312764063067,Sell
2023-12-04,NWSA,-0.034558465528298374,Sell
2023-12-04,LOW,-0.0008343894097194784,Sell
2023-12-04,MRVL,0.0003024810497679886,Buy
2023-12-04,NTES,0.0014329342962498617,Buy
2023-12-04,HMC,0.0007963452599538748,Buy
2023-12-04,CME,-0.00025463323515997893,Sell
2023-12-04,CLX,-0.03469222093061355,Sell
2023-12-04,OHI,0.0004206824075319929,Buy
2023-12-04,SYK,0.034482758620689655,Buy
2023-12-04,BSX,0.034482758620689655,Buy
2023-12-04,XLE,-5.752306379810945e-05,Sell
2023-12-04,VZ,0.034482758620689655,Buy
2023-12-04,MRK,-0.0352360728651392,Sell
2023-12-04,BMY,-0.00013358488999817147,Sell
2023-12-05,MNST,0.034482758620689655,Buy
2023-12-05,AMTD,-0.034536375068379484,Sell
2023-12-05,VWO,-0.03460696408920178,Sell
2023-12-05,CF,5.6478671877510656e-05,Buy
2023-12-05,XLP,0.034482758620689655,Buy
2023-12-05,NVDA,-0.001053353643976268,Sell
2023-12-05,WEN,0.034482758620689655,Buy
2023-12-05,HYG,-0.034759264016054836,Sell
2023-12-05,SPWR,0.034482758620689655,Buy
2023-12-05,ICE,0.034482758620689655,Buy
2023-12-05,RRC,0.0001933553279533165,Buy
2023-12-05,GREK,0.00018767170426148977,Buy
2023-12-05,STI,0.00029471627650342475,Buy
2023-12-05,KMB,0.0005162923301449546,Buy
2023-12-05,NDAQ,0.034482758620689655,Buy
2023-12-05,EWC,0.034482758620689655,Buy
2023-12-05,BDX,0.00033589336782362256,Buy
2023-12-05,MU,3.604980478064124e-05,Buy
2023-12-05,EOG,5.202272722935192e-05,Buy
2023-12-05,QQQ,-0.03481438668938499,Sell
2023-12-05,EWI,-0.03468513135106932,Sell
2023-12-05,ORCL,0.0001305022165117367,Buy
2023-12-05,TSM,-0.03461263248764791,Sell
2023-12-05,ALK,0.034482758620689655,Buy
2023-12-05,MAR,0.000898732818658543,Buy
2023-12-05,KGC,0.034482758620689655,Buy
2023-12-05,WMB,0.034482758620689655,Buy
2023-12-05,RL,-0.03470836784003834,Sell
2023-12-05,NWSA,0.034482758620689655,Buy
2023-12-05,LOW,2.8304636116235904e-05,Buy
2023-12-05,MRVL,0.0006302589851275367,Buy
2023-12-05,NTES,0.0002389149238838581,Buy
2023-12-05,HMC,-0.0005313326711101629,Sell
2023-12-05,CME,-1.6890021185843318e-05,Sell
2023-12-05,CLX,0.034482758620689655,Buy
2023-12-05,OHI,0.0003393185298367421,Buy
2023-12-05,SYK,-0.03467466935176506,Sell
2023-12-05,BSX,-0.03479693229249176,Sell
2023-12-05,XLE,-0.034119877567601896,Sell
2023-12-05,VZ,-0.035074100665684976,Sell
2023-12-05,BMY,-0.03490089349560177,Sell
2023-12-06,MET,0.034482758620689655,Buy
2023-12-06,MNST,-0.03459528595294579,Sell
2023-12-06,CF,-0.035079711009857836,Sell
2023-12-06,XLP,-0.0344815153370706,Sell
2023-12-06,NVDA,0.000702114614885764,Buy
2023-12-06,WEN,2.380791972518559e-06,Buy
2023-12-06,BUD,0.034482758620689655,Buy
2023-12-06,SPWR,-0.0013216767523353615,Sell
2023-12-06,ICE,0.00021598583204062577,Buy
2023-12-06,RRC,0.0018439262756777264,Buy
2023-12-06,GREK,-1.1293982322482798e-05,Sell
2023-12-06,JNJ,0.034482758620689655,Buy
2023-12-06,STI,-0.0006322060264356694,Sell
2023-12-06,KMB,-0.0003716785161221245,Sell
2023-12-06,NDAQ,-0.03464424982329064,Sell
2023-12-06,EWC,9.993728140256924e-05,Buy
2023-12-06,BDX,-6.484295796782558e-05,Sell
2023-12-06,MU,0.00017566629254870542,Buy
2023-12-06,EOG,0.0005366003979784886,Buy
2023-12-06,QQQ,0.034482758620689655,Buy
2023-12-06,ORCL,0.0006675583046322209,Buy
2023-12-06,ALK,-0.00018422879171937911,Sell
2023-12-06,MAR,-0.00044005792459324983,Sell
2023-12-06,KGC,-0.035166859249729614,Sell
2023-12-06,WMB,0.0003133880250969501,Buy
2023-12-06,NWSA,-0.00011880225760446672,Sell
2023-12-06,BX,0.034482758620689655,Buy
2023-12-06,LOW,-0.03503650649765007,Sell
2023-12-06,MRVL,-0.03438569847673361,Sell
2023-12-06,NTES,-2.9830331949518007e-05,Sell
2023-12-06,HMC,-0.00039297142954568265,Sell
2023-12-06,CME,0.0005605255213970567,Buy
2023-12-06,CLX,-0.03481421627799999,Sell
2023-12-06,PRGO,0.034482758620689655,Buy
2023-12-06,OHI,0.0005820462712874258,Buy
2023-12-06,SYK,0.034482758620689655,Buy
2023-12-06,MRK,0.034482758620689655,Buy
2023-12-07,MET,0.0003010398371019532,Buy
2023-12-07,HP,0.034482758620689655,Buy
2023-12-07,NVDA,-0.000564147395330776,Sell
2023-12-07,WEN,0.0005064671896249512,Buy
2023-12-07,BUD,-0.034432896925091355,Sell
2023-12-07,SPWR,-0.004462717143798409,Sell
2023-12-07,ICE,0.00042441571913037074,Buy
2023-12-07,RRC,0.0004546411928000177,Buy
2023-12-07,GREK,0.0003894736059359277,Buy
2023-12-07,JNJ,0.0005245446732704481,Buy
2023-12-07,STI,0.00025794893000938984,Buy
2023-12-07,KMB,0.00019585758197335906,Buy
2023-12-07,NDAQ,0.034482758620689655,Buy
2023-12-07,EWC,0.00027753307370784186,Buy
2023-12-07,BDX,0.00010485760034333741,Buy
2023-12-07,MU,-0.034468173096299105,Sell
2023-12-07,EOG,0.0006580705366813697,Buy
2023-12-07,QQQ,-0.03470300051256804,Sell
2023-12-07,ORCL,1.3323989444188888e-06,Buy
2023-12-07,ALK,-0.034512657963180975,Sell
2023-12-07,MAR,-0.03476797617759722,Sell
2023-12-07,KGC,0.034482758620689655,Buy
2023-12-07,WMB,0.0007047133154844329,Buy
2023-12-07,HUM,0.034482758620689655,Buy
2023-12-07,NWSA,6.641006557381313e-06,Buy
2023-12-07,BX,-0.03475904978109967,Sell
2023-12-07,LOW,0.034482758620689655,Buy
2023-12-07,NTES,-0.034958963625978765,Sell
2023-12-07,HMC,0.00045809140717966573,Buy
2023-12-07,CME,0.0006465229613854193,Buy
2023-12-07,CP,0.034482758620689655,Buy
2023-12-07,PRGO,-0.0008166325556718257,Sell
2023-12-07,OHI,0.00011159096728009105,Buy
2023-12-07,SYK,7.84195601204532e-05,Buy
2023-12-07,XLE,0.034482758620689655,Buy
2023-12-07,MRK,0.0008249633240659179,Buy
2023-12-08,MET,-0.03484596132274752,Sell
2023-12-08,VWO,0.034482758620689655,Buy
2023-12-08,HP,-0.03480363173220319,Sell
2023-12-08,XLP,0.034482758620689655,Buy
2023-12-08,NVDA,-0.03517726814789608,Sell
2023-12-08,WEN,-2.649776661596548e-06,Sell
2023-12-08,HYG,0.034482758620689655,Buy
2023-12-08,SPWR,0.0005021102131117991,Buy
2023-12-08,NSC,0.034482758620689655,Buy
2023-12-08,ICE,-0.0002690281154539287,Sell
2023-12-08,RRC,-0.00036089528157784434,Sell
2023-12-08,GREK,-0.0001537785591967794,Sell
2023-12-08,JNJ,0.0001969164511094676,Buy
2023-12-08,STI,-0.033715680701372104,Sell
2023-12-08,KMB,0.00041952466872327565,Buy
2023-12-08,NDAQ,8.131113116501693e-05,Buy
2023-12-08,EWC,-0.03464176203377476,Sell
2023-12-08,BDX,0.000162523943489562,Buy
2023-12-08,EOG,-0.00019850529355027596,Sell
2023-12-08,EWI,0.034482758620689655,Buy
2023-12-08,ORCL,-0.03472964140008305,Sell
2023-12-08,ALK,0.034482758620689655,Buy
2023-12-08,KGC,0.0004527855603918343,Buy
2023-12-08,WMB,-0.0350862361875093,Sell
2023-12-08,HUM,-0.03459825719909394,Sell
2023-12-08,NWSA,-4.955114778090741e-06,Sell
2023-12-08,BX,0.034482758620689655,Buy
2023-12-08,LOW,-0.034425577055525576,Sell
2023-12-08,HMC,0.00011464028929677322,Buy
2023-12-08,CME,-0.0001663930811139358,Sell
2023-12-08,CP,0.00015358208350307878,Buy
2023-12-08,CLX,0.034482758620689655,Buy
2023-12-08,PRGO,0.000995798943490285,Buy
2023-12-08,OHI,-9.369408376300181e-06,Sell
2023-12-08,SYK,-0.034470047189143996,Sell
2023-12-08,XLE,-0.00039391456087032456,Sell
2023-12-08,M,0.034482758620689655,Buy
2023-12-08,VZ,0.034482758620689655,Buy
2023-12-08,MRK,2.2510059170290087e-05,Buy
2023-12-11,VWO,0.00021425994251512287,Buy
2023-12-11,CF,0.034482758620689655,Buy
2023-12-11,HP,0.034482758620689655,Buy
2023-12-11,XLP,-0.03444180772195364,Sell
2023-12-11,NVDA,0.034482758620689655,Buy
2023-12-11,WEN,-0.00023936268221225881,Sell
2023-12-11,HYG,0.0003894724765306293,Buy
2023-12-11,SPWR,-0.00042031060870654363,Sell
2023-12-11,NSC,-0.03423155824870676,Sell
2023-12-11,ICE,-0.03495859774899373,Sell
2023-12-11,RRC,0.00025211134737915253,Buy
2023-12-11,GREK,0.0005355434616076266,Buy
2023-12-11,JNJ,0.0002255861740438972,Buy
2023-12-11,KMB,7.40081200328313e-05,Buy
2023-12-11,NDAQ,0.00020895090247730758,Buy
2023-12-11,EWC,0.034482758620689655,Buy
2023-12-11,BDX,0.00020690546600438814,Buy
2023-12-11,EOG,0.00029815187681069,Buy
2023-12-11,EWI,0.0003465313786046656,Buy
2023-12-11,CCL,0.034482758620689655,Buy
2023-12-11,ALK,-0.03424990451683087,Sell
2023-12-11,KGC,0.0005449778603867431,Buy
2023-12-11,GOLD,0.034482758620689655,Buy
2023-12-11,WMB,0.034482758620689655,Buy
2023-12-11,HUM,0.034482758620689655,Buy
2023-12-11,NWSA,-0.03431791805759394,Sell
2023-12-11,BX,-0.0342430605877929,Sell
2023-12-11,HMC,-4.7159207819919e-05,Sell
2023-12-11,CME,-0.00024724345415941956,Sell
2023-12-11,CP,0.00030145808245269495,Buy
2023-12-11,CLX,0.0007381434836012252,Buy
2023-12-11,PRGO,0.0008962622495716013,Buy
2023-12-11,OHI,-0.03449583679224899,Sell
2023-12-11,XLE,0.00032548281133031737,Buy
2023-12-11,M,-0.040746697342439894,Sell
2023-12-11,VZ,0.0008842954080610782,Buy
2023-12-11,MRK,0.00016310298258394307,Buy
2023-12-12,VWO,-0.00016486869622347328,Sell
2023-12-12,CF,0.0004364613230428485,Buy
2023-12-12,HP,0.0005186503411231322,Buy
2023-12-12,NVDA,-0.03541299976184567,Sell
2023-12-12,WEN,6.647021450953416e-05,Buy
2023-12-12,HYG,-0.00024257538904309123,Sell
2023-12-12,SPWR,0.001398183724604915,Buy
2023-12-12,RRC,0.0006722527478737472,Buy
2023-12-12,GREK,-0.035240217562880156,Sell
2023-12-12,JNJ,-0.00016710823722750068,Sell
2023-12-12,STI,0.034482758620689655,Buy
2023-12-12,KMB,-0.0003939990837317914,Sell
2023-12-12,NDAQ,-0.03461567244034819,Sell
2023-12-12,EWC,4.22505754510763e-05,Buy
2023-12-12,BDX,-0.03513455550667382,Sell
2023-12-12,EBAY,0.034482758620689655,Buy
2023-12-12,EOG,0.00027984982365551053,Buy
2023-12-12,EWI,-0.03473063890080317,Sell
2023-12-12,HTZ,0.034482758620689655,Buy
2023-12-12,CCL,-0.0350210287455687,Sell
2023-12-12,XRT,0.034482758620689655,Buy
2023-12-12,KGC,0.0005014261366523276,Buy
2023-12-12,GOLD,-0.03363496222496606,Sell
2023-12-12,WMB,0.00031180071238569307,Buy
2023-12-12,TRP,0.034482758620689655,Buy
2023-12-12,HUM,-0.0005523441983262753,Sell
2023-12-12,WSM,0.034482758620689655,Buy
2023-12-12,RF,0.034482758620689655,Buy
2023-12-12,HMC,0.00021698835892131757,Buy
2023-12-12,CME,4.4213372665052875e-05,Buy
2023-12-12,CP,-0.03505088725080719,Sell
2023-12-12,CLX,-0.035224223462841917,Sell
2023-12-12,PRGO,0.0002861794580471394,Buy
2023-12-12,OHI,0.034482758620689655,Buy
2023-12-12,XLE,0.0003106901695153,Buy
2023-12-12,ENB,0.034482758620689655,Buy
2023-12-12,VZ,0.00017543334824217383,Buy
2023-12-12,MRK,-0.00016154859511820913,Sell
2023-12-13,VWO,0.0004241511783900226,Buy
2023-12-13,CF,-0.00019553607048694577,Sell
2023-12-13,HP,-0.0001000150496317867,Sell
2023-12-13,NVDA,0.034482758620689655,Buy
2023-12-13,WEN,-0.00032262190802229834,Sell
2023-12-13,AA,0.034482758620689655,Buy
2023-12-13,HYG,-0.03425628816196981,Sell
2023-12-13,SPWR,-0.03772633741889937,Sell
2023-12-13,RRC,5.70289751188266e-05,Buy
2023-12-13,GREK,0.034482758620689655,Buy
2023-12-13,JNJ,0.0005849394783105644,Buy
2023-12-13,STI,-0.031012332973243396,Sell
2023-12-13,KMB,0.00022898230022268956,Buy
2023-12-13,EWC,-0.03458179319848095,Sell
2023-12-13,BDX,0.034482758620689655,Buy
2023-12-13,EBAY,4.395363767081828e-05,Buy
2023-12-13,EOG,0.0005093329157209309,Buy
2023-12-13,HTZ,-0.0016549006637950336,Sell
2023-12-13,ORCL,0.034482758620689655,Buy
2023-12-13,MAR,0.034482758620689655,Buy
2023-12-13,XRT,-0.03485038086307239,Sell
2023-12-13,KGC,-0.03602664952252199,Sell
2023-12-13,WMB,0.0004964519770546058,Buy
2023-12-13,TRP,-0.034334201987910436,Sell
2023-12-13,HUM,0.0003110310243467432,Buy
2023-12-13,WSM,-0.03515764541550342,Sell
2023-12-13,PCG,0.034482758620689655,Buy
2023-12-13,NTES,0.034482758620689655,Buy
2023-12-13,RF,-0.03538325865944878,Sell
2023-12-13,HMC,0.0006199448271706903,Buy
2023-12-13,CME,0.0008944439661868614,Buy
2023-12-13,CP,0.034482758620689655,Buy
2023-12-13,PRGO,-0.0005701021784405708,Sell
2023-12-13,OHI,0.0003927431563661987,Buy
2023-12-13,CSIQ,0.034482758620689655,Buy
2023-12-13,XLE,0.0002720350696418794,Buy
2023-12-13,ENB,-0.03451950906683345,Sell
2023-12-13,VZ,0.0010220240514421317,Buy
2023-12-13,MRK,-0.00014751943199383527,Sell
2023-12-14,MNST,0.034482758620689655,Buy
2023-12-14,CNC,0.034482758620689655,Buy
2023-12-14,VWO,-5.570925522274672e-05,Sell
2023-12-14,CF,0.0001051229135060408,Buy
2023-12-14,HP,-0.0009428218708694008,Sell
2023-12-14,XLP,0.034482758620689655,Buy
2023-12-14,NVDA,0.0002100643779297598,Buy
2023-12-14,WEN,-0.03490712280181557,Sell
2023-12-14,AA,-0.03921511730381073,Sell
2023-12-14,BUD,0.034482758620689655,Buy
2023-12-14,RRC,-0.03502008337584261,Sell
2023-12-14,CAG,0.034482758620689655,Buy
2023-12-14,GREK,-0.034403861191854034,Sell
2023-12-14,JNJ,0.000159462935619685,Buy
2023-12-14,STI,0.034482758620689655,Buy
2023-12-14,KMB,0.0011623353355432534,Buy
2023-12-14,TRV,0.034482758620689655,Buy
2023-12-14,BDX,0.00067360812639055,Buy
2023-12-14,EBAY,-0.03464751604012593,Sell
2023-12-14,EOG,-0.0006590562842417741,Sell
2023-12-14,HTZ,-0.0363116053297294,Sell
2023-12-14,ORCL,0.0012827895255140762,Buy
2023-12-14,MAR,-0.0344027326743226,Sell
2023-12-14,WMB,0.0003957769474312728,Buy
2023-12-14,KO,0.034482758620689655,Buy
2023-12-14,HUM,0.0017254839889104603,Buy
2023-12-14,PCG,0.0008652980051393269,Buy
2023-12-14,NTES,0.0011895367911108762,Buy
2023-12-14,HMC,0.001108244150583873,Buy
2023-12-14,CME,0.0008755120094957117,Buy
2023-12-14,CP,-0.03497443098969038,Sell
2023-12-14,CLX,0.034482758620689655,Buy
2023-12-14,PRGO,0.0005893870767023773,Buy
2023-12-14,OHI,0.0004611814103019987,Buy
2023-12-14,SYK,0.034482758620689655,Buy
2023-12-14,CSIQ,-0.03530384629758851,Sell
2023-12-14,BSX,0.034482758620689655,Buy
2023-12-14,XLE,-0.03508892588486197,Sell
2023-12-14,VZ,-0.03489791632342636,Sell
2023-12-14,MRK,0.0005432292065084138,Buy
2023-12-15,MNST,-0.03465683280876276,Sell
2023-12-15,CNC,0.00012737359884976152,Buy
2023-12-15,AMTD,0.034482758620689655,Buy
2023-12-15,VWO,-0.034749442510346326,Sell
2023-12-15,CF,-0.00017876612398660258,Sell
2023-12-15,HP,-0.00010701186171920007,Sell
2023-12-15,XLP,-0.034952508134242985,Sell
2023-12-15,NVDA,-0.03534288134600723,Sell
2023-12-15,BUD,-0.00031388565981625705,Sell
2023-12-15,CAG,0.0002194902550180372,Buy
2023-12-15,GREK,0.034482758620689655,Buy
2023-12-15,JNJ,-8.873473750125455e-05,Sell
2023-12-15,STI,0.005396651349178907,Buy
2023-12-15,KMB,-6.480467929602385e-05,Sell
2023-12-15,NDAQ,0.034482758620689655,Buy
2023-12-15,TRV,-0.03496015887734901,Sell
2023-12-15,BDX,-0.00024993119617983117,Sell
2023-12-15,EBAY,0.034482758620689655,Buy
2023-12-15,EOG,-0.0003277418399314849,Sell
2023-12-15,EWI,0.034482758620689655,Buy
2023-12-15,ORCL,-0.03600133073202998,Sell
2023-12-15,WMB,-0.0004294054607102485,Sell
2023-12-15,KO,-0.0002092586280317832,Sell
2023-12-15,HUM,9.583725733568194e-05,Buy
2023-12-15,PCG,-0.00019638726719443944,Sell
2023-12-15,NTES,4.8983672525766686e-05,Buy
2023-12-15,HMC,0.00015981191357936075,Buy
2023-12-15,CME,0.00010070518142543672,Buy
2023-12-15,CLX,-0.03488613122490505,Sell
2023-12-15,PRGO,0.0001292338141589966,Buy
2023-12-15,OHI,-3.2990268551996715e-05,Sell
2023-12-15,SYK,0.00034789365221126606,Buy
2023-12-15,BSX,-0.00023955388154704715,Sell
2023-12-15,VZ,0.034482758620689655,Buy
2023-12-15,MRK,-0.00021556733339085643,Sell
2023-12-15,BMY,0.034482758620689655,Buy
2023-12-18,MET,0.034482758620689655,Buy
2023-12-18,CNC,-0.03448026819373123,Sell
2023-12-18,AMTD,-0.033835164615269,Sell
2023-12-18,VWO,0.034482758620689655,Buy
2023-12-18,CF,-0.00016558739409865825,Sell
2023-12-18,HP,0.00027447130596761765,Buy
2023-12-18,DAL,0.034482758620689655,Buy
2023-12-18,BUD,-0.0344035946798351,Sell
2023-12-18,RRC,0.034482758620689655,Buy
2023-12-18,CAG,7.86152673901766e-05,Buy
2023-12-18,GREK,-0.00013099562329191294,Sell
2023-12-18,JNJ,0.00020352485739332654,Buy
2023-12-18,STI,-0.0027928080630276464,Sell
2023-12-18,KMB,-6.418092972736156e-05,Sell
2023-12-18,NDAQ,-0.03461754190787698,Sell
2023-12-18,BDX,0.00016277305601298392,Buy
2023-12-18,EBAY,-0.03484856601736353,Sell
2023-12-18,EOG,-0.0001648941195469683,Sell
2023-12-18,EWI,0.00015328641085316647,Buy
2023-12-18,ORCL,0.034482758620689655,Buy
2023-12-18,GOLD,0.034482758620689655,Buy
2023-12-18,WMB,0.00018620388451850295,Buy
2023-12-18,KO,-0.03446272945412683,Sell
2023-12-18,D,0.034482758620689655,Buy
2023-12-18,HUM,0.00037131447277368584,Buy
2023-12-18,PCG,0.0011130125474989663,Buy
2023-12-18,NTES,0.0002586244310496255,Buy
2023-12-18,HMC,-0.00016476541426459212,Sell
2023-12-18,CME,-0.00047293612418323333,Sell
2023-12-18,CP,0.034482758620689655,Buy
2023-12-18,PRGO,0.00025357850200646154,Buy
2023-12-18,OHI,5.4332633050428736e-05,Buy
2023-12-18,SYK,-0.034373151366799415,Sell
2023-12-18,BSX,0.0004492099851433132,Buy
2023-12-18,XLE,0.034482758620689655,Buy
2023-12-18,VZ,-0.03449216116778537,Sell
2023-12-18,MRK,-3.747263642589482e-05,Sell
2023-12-18,BMY,-0.034520055052260246,Sell
2023-12-19,MET,-0.03474804659896681,Sell
2023-12-19,CNC,0.034482758620689655,Buy
2023-12-19,AMTD,0.034482758620689655,Buy
2023-12-19,VWO,0.00011450148065958454,Buy
2023-12-19,CF,-0.00013851952160456177,Sell
2023-12-19,HP,-0.00020774991086539712,Sell
2023-12-19,NVDA,0.034482758620689655,Buy
2023-12-19,DAL,-0.034105665730942446,Sell
2023-12-19,SPWR,0.034482758620689655,Buy
2023-12-19,RRC,0.00022859955065037546,Buy
2023-12-19,CAG,0.0004563786248995977,Buy
2023-12-19,GREK,-0.03460305015071861,Sell
2023-12-19,JNJ,0.00012826363013847264,Buy
2023-12-19,STI,-0.034054858757747074,Sell
2023-12-19,KMB,0.0003012748691641129,Buy
2023-12-19,BDX,-6.414750423235083e-05,Sell
2023-12-19,EOG,9.684479995770295e-05,Buy
2023-12-19,EWI,-1.2161862266601986e-05,Sell
2023-12-19,ORCL,-5.4094328274037484e-05,Sell
2023-12-19,GOLD,-0.03527758184450627,Sell
2023-12-19,WMB,-1.1708445206773388e-05,Sell
2023-12-19,KO,0.034482758620689655,Buy
2023-12-19,D,0.0004726557083362254,Buy
2023-12-19,HUM,8.883579875621633e-05,Buy
2023-12-19,PCG,-0.0002389612767191296,Sell
2023-12-19,DUK,0.034482758620689655,Buy
2023-12-19,NTES,0.0002494099271878186,Buy
2023-12-19,HMC,-8.28532295126666e-05,Sell
2023-12-19,CME,6.778984108461034e-05,Buy
2023-12-19,CP,-0.0003514490133696424,Sell
2023-12-19,PRGO,-0.035903550699312,Sell
2023-12-19,OHI,0.0002861903129877455,Buy
2023-12-19,BSX,-0.03432114175975075,Sell
2023-12-19,XLE,-5.727974498015431e-05,Sell
2023-12-19,VZ,0.034482758620689655,Buy
2023-12-19,MRK,0.00020738631988434508,Buy
2023-12-20,MET,0.034482758620689655,Buy
2023-12-20,CNC,0.000520478326482901,Buy
2023-12-20,PPG,0.034482758620689655,Buy
2023-12-20,AMTD,-0.03485977254088123,Sell
2023-12-20,VWO,0.00016537348439853855,Buy
2023-12-20,CF,-0.03481171379170655,Sell
2023-12-20,HP,-0.03424642749188548,Sell
2023-12-20,XLP,0.034482758620689655,Buy
2023-12-20,NVDA,-0.03399838746112971,Sell
2023-12-20,WEN,0.034482758620689655,Buy
2023-12-20,BUD,0.034482758620689655,Buy
2023-12-20,SPWR,-0.03337279227253029,Sell
2023-12-20,RRC,-0.03409889739223553,Sell
2023-12-20,CAG,0.0006693117650444641,Buy
2023-12-20,GREK,0.034482758620689655,Buy
2023-12-20,JNJ,0.0001440065149409045,Buy
2023-12-20,KMB,1.1119916538057661e-06,Buy
2023-12-20,EWC,0.034482758620689655,Buy
2023-12-20,BDX,-0.03493689084202886,Sell
2023-12-20,MU,0.034482758620689655,Buy
2023-12-20,EOG,-0.00025598640619092783,Sell
2023-12-20,EWI,-0.00011143239432770402,Sell
2023-12-20,ORCL,-0.03436061766988869,Sell
2023-12-20,TSM,0.034482758620689655,Buy
2023-12-20,WMB,-0.03465361889979996,Sell
2023-12-20,KO,0.00015624840476170798,Buy
2023-12-20,D,-0.03444743632936225,Sell
2023-12-20,HUM,-0.034169500196380896,Sell
2023-12-20,PCG,-5.34207139387885e-05,Sell
2023-12-20,DUK,-0.00016152427831449961,Sell
2023-12-20,NTES,-0.00017674705579229233,Sell
2023-12-20,HMC,-0.0007796757608300176,Sell
2023-12-20,CME,-0.0002579161336425245,Sell
2023-12-20,CP,-0.0348369397237117,Sell
2023-12-20,OHI,-0.00022093988134141984,Sell
2023-12-20,BSX,0.034482758620689655,Buy
2023-12-20,XLE,-0.03472837040916863,Sell
2023-12-20,M,0.034482758620689655,Buy
2023-12-20,ENB,0.034482758620689655,Buy
2023-12-20,VZ,-0.0003187679289999232,Sell
2023-12-20,MRK,-0.0001987148940506972,Sell
2023-12-20,BMY,0.034482758620689655,Buy
2023-12-21,MET,0.0002190069630572805,Buy
2023-12-21,CNC,-0.00015390278722300643,Sell
2023-12-21,PPG,-0.03440344686539712,Sell
2023-12-21,AMTD,0.034482758620689655,Buy
2023-12-21,VWO,-0.034732450734856285,Sell
2023-12-21,CF,0.034482758620689655,Buy
2023-12-21,HP,0.034482758620689655,Buy
2023-12-21,XLP,0.00017443871246082543,Buy
2023-12-21,NVDA,0.034482758620689655,Buy
2023-12-21,WEN,0.0006182603573052989,Buy
2023-12-21,BUD,-0.03447684527518555,Sell
2023-12-21,RRC,0.034482758620689655,Buy
2023-12-21,CAG,0.00028013640621802477,Buy
2023-12-21,GREK,-0.00023909217883832934,Sell
2023-12-21,JNJ,6.329530063851896e-05,Buy
2023-12-21,KMB,0.00023161550975889234,Buy
2023-12-21,EWC,-0.03454818206595902,Sell
2023-12-21,BDX,0.034482758620689655,Buy
2023-12-21,MU,-0.03701035199599016,Sell
2023-12-21,EOG,0.0005104886541941606,Buy
2023-12-21,EWI,-0.034573012303125095,Sell
2023-12-21,TSM,-0.0349252925830689,Sell
2023-12-21,WMB,0.034482758620689655,Buy
2023-12-21,KO,0.00018755811539291484,Buy
2023-12-21,D,0.034482758620689655,Buy
2023-12-21,HUM,0.034482758620689655,Buy
2023-12-21,PCG,0.00021602164712399702,Buy
2023-12-21,DUK,-0.03431260801377209,Sell
2023-12-21,NTES,-0.00037220486768491795,Sell
2023-12-21,HMC,0.0001991417835190551,Buy
2023-12-21,CME,-2.681180301618985e-05,Sell
2023-12-21,OHI,0.0004565944231828198,Buy
2023-12-21,BSX,-0.03448566194567456,Sell
2023-12-21,XLE,0.034482758620689655,Buy
2023-12-21,M,-1.7247260033194378e-05,Sell
2023-12-21,ENB,-0.0345138224883489,Sell
2023-12-21,VZ,0.0002935472121694885,Buy
2023-12-21,MRK,7.921718315705845e-05,Buy
2023-12-21,BMY,0.00021171762582151976,Buy
2023-12-22,MET,-0.00021028114868376635,Sell
2023-12-22,CNC,-3.509510803931942e-05,Sell
2023-12-22,AMTD,-0.03551591067426522,Sell
2023-12-22,BAX,0.034482758620689655,Buy
2023-12-22,VWO,0.034482758620689655,Buy
2023-12-22,CF,-0.03481913706012776,Sell
2023-12-22,HP,0.0002868968026443694,Buy
2023-12-22,XLP,-0.03481477136903338,Sell
2023-12-22,NVDA,4.479319014647626e-05,Buy
2023-12-22,WEN,-0.00017312104121151167,Sell
2023-12-22,HYG,0.034482758620689655,Buy
2023-12-22,RRC,-0.00022663666950668848,Sell
2023-12-22,CAG,-0.03478138196305349,Sell
2023-12-22,GREK,0.00038207503674073107,Buy
2023-12-22,JNJ,-0.0002063971950090268,Sell
2023-12-22,KMB,-0.00029370056332715666,Sell
2023-12-22,EWC,0.034482758620689655,Buy
2023-12-22,BDX,-4.9564202070175034e-05,Sell
2023-12-22,EOG,-0.0004076165553052735,Sell
2023-12-22,EWI,0.034482758620689655,Buy
2023-12-22,KGC,0.034482758620689655,Buy
2023-12-22,WMB,-0.000236004627861143,Sell
2023-12-22,KO,-0.0002646622314126726,Sell
2023-12-22,D,-0.03458775647490257,Sell
2023-12-22,HUM,-1.1716152525320656e-05,Sell
2023-12-22,PCG,-0.0003846634196817203,Sell
2023-12-22,NTES,0.005481394736305777,Buy
2023-12-22,HMC,-0.00010196664524014104,Sell
2023-12-22,CME,-0.00015532740033438047,Sell
2023-12-22,CP,0.034482758620689655,Buy
2023-12-22,OHI,-4.554894088290573e-05,Sell
2023-12-22,CSIQ,0.034482758620689655,Buy
2023-12-22,XLE,-0.03465275092340664,Sell
2023-12-22,M,8.682114576721162e-05,Buy
2023-12-22,VZ,-0.03460618583458252,Sell
2023-12-22,MRK,-0.0004934777412881411,Sell
2023-12-22,BMY,-0.035245059848043006,Sell
2023-12-26,MET,-0.034437308827906486,Sell
2023-12-26,CNC,9.827064335464486e-05,Buy
2023-12-26,BAX,-0.03441818049321064,Sell
2023-12-26,VWO,-0.03446087440926605,Sell
2023-12-26,CF,0.034482758620689655,Buy
2023-12-26,HP,-0.0005332491989099297,Sell
2023-12-26,NVDA,-7.183199776263777e-05,Sell
2023-12-26,WEN,0.00010459231911261885,Buy
2023-12-26,HYG,0.00017671276630405047,Buy
2023-12-26,RRC,-1.4025561231229e-05,Sell
2023-12-26,GREK,0.000143572244303794,Buy
2023-12-26,JNJ,9.323514597660287e-05,Buy
2023-12-26,STI,0.034482758620689655,Buy
2023-12-26,KMB,0.00027718774515813477,Buy
2023-12-26,EWC,-0.03461570983054775,Sell
2023-12-26,BDX,0.00020072355602740455,Buy
2023-12-26,EOG,-0.00032547210504658974,Sell
2023-12-26,EWI,-0.03449338700657015,Sell
2023-12-26,ORCL,0.034482758620689655,Buy
2023-12-26,CCL,0.034482758620689655,Buy
2023-12-26,KGC,0.00013183412921489307,Buy
2023-12-26,WMB,0.0002624873915053755,Buy
2023-12-26,KO,0.00010209989138901254,Buy
2023-12-26,HUM,0.000270958063853001,Buy
2023-12-26,PCG,-0.00024279580630764963,Sell
2023-12-26,DUK,0.034482758620689655,Buy
2023-12-26,NTES,-0.0015385227137130475,Sell
2023-12-26,HMC,0.00023180608911231582,Buy
2023-12-26,CME,0.00016471764670571848,Buy
2023-12-26,CP,0.0002473134115421466,Buy
2023-12-26,OHI,0.0004995215939074121,Buy
2023-12-26,CSIQ,-0.034833355714249475,Sell
2023-12-26,M,-0.03480500193905197,Sell
2023-12-26,VZ,0.034482758620689655,Buy
2023-12-26,MRK,0.00026525137077860333,Buy
2023-12-26,BMY,0.034482758620689655,Buy
2023-12-27,CNC,-4.7134630616348094e-05,Sell
2023-12-27,CF,-9.047332137709224e-05,Sell
2023-12-27,HP,0.0003119205989177906,Buy
2023-12-27,NVDA,-0.0002475786403913424,Sell
2023-12-27,WEN,0.0003723081782136192,Buy
2023-12-27,HYG,-0.03477613521009376,Sell
2023-12-27,NSC,0.034482758620689655,Buy
2023-12-27,RRC,-0.00024034067436314727,Sell
2023-12-27,CAG,0.034482758620689655,Buy
2023-12-27,GREK,-0.0003876144481230262,Sell
2023-12-27,JNJ,-0.00019716515916517324,Sell
2023-12-27,STI,0.0019906292188528393,Buy
2023-12-27,KMB,-0.00021403842369828452,Sell
2023-12-27,BDX,-3.670381633206349e-05,Sell
2023-12-27,EOG,-0.00014222741167051883,Sell
2023-12-27,ORCL,-0.03455181479914067,Sell
2023-12-27,CCL,-2.0317660491035727e-05,Sell
2023-12-27,KGC,-0.034857510989661736,Sell
2023-12-27,WMB,-6.183580834325658e-05,Sell
2023-12-27,KO,-0.03472206039777721,Sell
2023-12-27,D,0.034482758620689655,Buy
2023-12-27,HUM,-4.2753750779729593e-05,Sell
2023-12-27,PCG,-0.0002668774417435779,Sell
2023-12-27,DUK,3.364870763050698e-06,Buy
2023-12-27,NTES,0.0015660461509956133,Buy
2023-12-27,HMC,-4.872130114805251e-05,Sell
2023-12-27,CME,-0.00031420728671890247,Sell
2023-12-27,CP,-0.03475538787887847,Sell
2023-12-27,OHI,-0.0005143156182983305,Sell
2023-12-27,BSX,0.034482758620689655,Buy
2023-12-27,ENB,0.034482758620689655,Buy
2023-12-27,VZ,6.50102380778117e-06,Buy
2023-12-27,MRK,-0.00026321231251624083,Sell
2023-12-27,BMY,1.0969655287677849e-05,Buy
2023-12-28,CNC,1.266888406469685e-05,Buy
2023-12-28,AMTD,0.034482758620689655,Buy
2023-12-28,CF,0.0005889225266882889,Buy
2023-12-28,HP,-0.03371765017430677,Sell
2023-12-28,XLP,0.034482758620689655,Buy
2023-12-28,NVDA,0.00015447650457678375,Buy
2023-12-28,WEN,0.0002972811505683112,Buy
2023-12-28,HYG,0.034482758620689655,Buy
2023-12-28,NSC,-0.034400928167337,Sell
2023-12-28,RRC,0.0003600773179511865,Buy
2023-12-28,CAG,-0.03439998252371778,Sell
2023-12-28,GREK,0.0006374213355215055,Buy
2023-12-28,JNJ,0.00017686609803842235,Buy
2023-12-28,STI,-0.039415321554919,Sell
2023-12-28,KMB,8.204595369738776e-05,Buy
2023-12-28,EWC,0.034482758620689655,Buy
2023-12-28,BDX,0.00015238995942216255,Buy
2023-12-28,EOG,0.0010376796306917485,Buy
2023-12-28,EWI,0.034482758620689655,Buy
2023-12-28,ORCL,0.034482758620689655,Buy
2023-12-28,CCL,-1.2931051200912314e-05,Sell
2023-12-28,KEY,0.034482758620689655,Buy
2023-12-28,KGC,0.034482758620689655,Buy
2023-12-28,WMB,0.00032505549618241925,Buy
2023-12-28,TRP,0.034482758620689655,Buy
2023-12-28,D,-0.03466058439706333,Sell
2023-12-28,HUM,-0.00015860307777756932,Sell
2023-12-28,PCG,-5.946961039719756e-05,Sell
2023-12-28,DUK,-0.03447603936884605,Sell
2023-12-28,NTES,-0.0004255542639789722,Sell
2023-12-28,HMC,7.007137884067899e-05,Buy
2023-12-28,CME,0.00014915825215115058,Buy
2023-12-28,OHI,-7.312253325798129e-05,Sell
2023-12-28,BSX,-0.03441448321559706,Sell
2023-12-28,ENB,0.00044424960706057615,Buy
2023-12-28,VZ,-0.03442076196063634,Sell
2023-12-28,MRK,-0.03450611294436903,Sell
2023-12-28,BMY,0.0002205670703724419,Buy
2023-12-29,CNC,-0.03468515946899725,Sell
2023-12-29,AMTD,-0.03324281695557515,Sell
2023-12-29,VWO,0.034482758620689655,Buy
2023-12-29,CF,1.6535044406407184e-05,Buy
2023-12-29,XLP,-0.03460765680388549,Sell
2023-12-29,NVDA,-5.28355527687277e-05,Sell
2023-12-29,WEN,3.557625063534131e-05,Buy
2023-12-29,HYG,8.051501575589981e-05,Buy
2023-12-29,SPWR,0.034482758620689655,Buy
2023-12-29,RRC,-0.03409871716050987,Sell
2023-12-29,GREK,-5.28355527687277e-05,Sell
2023-12-29,JNJ,-8.812602068804243e-05,Sell
2023-12-29,STI,0.034482758620689655,Buy
2023-12-29,KMB,-0.0002500667323068334,Sell
2023-12-29,EWC,-0.034516772346870575,Sell
2023-12-29,BDX,-0.00016651917564598773,Sell
2023-12-29,EOG,5.533287356678657e-05,Buy
2023-12-29,EWI,-6.301916952539122e-05,Sell
2023-12-29,ORCL,0.0002136961384578695,Buy
2023-12-29,CCL,0.00018763433020508452,Buy
2023-12-29,KEY,0.00027969699685229804,Buy
2023-12-29,KGC,0.00011756810702336085,Buy
2023-12-29,GOLD,0.034482758620689655,Buy
2023-12-29,WMB,4.603260497427347e-05,Buy
2023-12-29,TRP,8.89224194365601e-06,Buy
2023-12-29,HUM,-0.0002195953335739284,Sell
2023-12-29,PCG,2.360041067828167e-05,Buy
2023-12-29,NTES,-0.0015456477458772669,Sell
2023-12-29,HMC,-0.00034579450499892805,Sell
2023-12-29,CME,1.5901940064629028e-05,Buy
2023-12-29,OHI,0.00039192039499515857,Buy
2023-12-29,XLE,0.034482758620689655,Buy
2023-12-29,ENB,4.594814808946135e-06,Buy
2023-12-29,VZ,0.034482758620689655,Buy
2023-12-29,BMY,-0.034596276591612414,Sell
2024-01-02,PPG,0.034482758620689655,Buy
2024-01-02,VWO,0.00021457478540767155,Buy
2024-01-02,CF,-0.03559338658514652,Sell
2024-01-02,NVDA,0.0007576403256207009,Buy
2024-01-02,WEN,-0.03444173879180866,Sell
2024-01-02,HYG,-7.38673766118858e-05,Sell
2024-01-02,BUD,0.034482758620689655,Buy
2024-01-02,SPWR,0.0016459019467837677,Buy
2024-01-02,ICE,0.034482758620689655,Buy
2024-01-02,GREK,-0.034719919922411455,Sell
2024-01-02,QCOM,0.034482758620689655,Buy
2024-01-02,JNJ,-0.0353876483941449,Sell
2024-01-02,STI,0.002961732155815411,Buy
2024-01-02,KMB,-0.034915675857901354,Sell
2024-01-02,NDAQ,0.034482758620689655,Buy
2024-01-02,EWC,0.034482758620689655,Buy
2024-01-02,BDX,-0.00041647018999971946,Sell
2024-01-02,MU,0.034482758620689655,Buy
2024-01-02,EOG,-0.00037670782050146234,Sell
2024-01-02,QQQ,0.034482758620689655,Buy
2024-01-02,EWI,5.4891339256159244e-05,Buy
2024-01-02,ORCL,0.00026018535441993396,Buy
2024-01-02,CCL,0.0021473528302021413,Buy
2024-01-02,TSM,0.034482758620689655,Buy
2024-01-02,ALK,0.034482758620689655,Buy
2024-01-02,MAR,0.034482758620689655,Buy
2024-01-02,KEY,-0.03517877668123335,Sell
2024-01-02,KGC,0.000554673346436628,Buy
2024-01-02,GOLD,-0.03373322727577066,Sell
2024-01-02,WMB,-0.035360029817608656,Sell
2024-01-02,TRP,-0.03484165451216855,Sell
2024-01-02,HUM,-0.03560394391917693,Sell
2024-01-02,NTAP,0.034482758620689655,Buy
2024-01-02,TRIP,0.034482758620689655,Buy
2024-01-02,PCG,-0.00022882578335789439,Sell
2024-01-02,NTES,6.644228250804463e-05,Buy
2024-01-02,HMC,-5.5763637071604144e-05,Sell
2024-01-02,CME,3.519406686732646e-05,Buy
2024-01-02,OHI,-0.00040523844152637323,Sell
2024-01-02,XLE,-0.03504533779910505,Sell
2024-01-02,ENB,-0.03494265794327443,Sell
2024-01-02,VZ,-0.035758381633158746,Sell
2024-01-03,PPG,-0.00015860288230584718,Sell
2024-01-03,VWO,-0.00044998979087946395,Sell
2024-01-03,A,0.034482758620689655,Buy
2024-01-03,NVDA,-0.00011779068686073452,Sell
2024-01-03,DAL,0.034482758620689655,Buy
2024-01-03,HYG,-0.0004581021358529072,Sell
2024-01-03,BUD,-0.00027537854215772123,Sell
2024-01-03,SPWR,-0.03595825420659162,Sell
2024-01-03,ICE,-9.908560314119547e-05,Sell
2024-01-03,QCOM,0.00010360566172888663,Buy
2024-01-03,STI,-0.03003107017195616,Sell
2024-01-03,NDAQ,6.842975130288975e-06,Buy
2024-01-03,DPZ,0.034482758620689655,Buy
2024-01-03,EWC,-0.03492043328056416,Sell
2024-01-03,BDX,0.00015317387738725957,Buy
2024-01-03,MU,-0.03500220692348409,Sell
2024-01-03,EOG,-0.03601012362970435,Sell
2024-01-03,QQQ,-0.034665512832224514,Sell
2024-01-03,EWI,-2.311404686459323e-05,Sell
2024-01-03,ORCL,-1.4779514317581066e-05,Sell
2024-01-03,DLTR,0.034482758620689655,Buy
2024-01-03,CCL,0.001351315785862943,Buy
2024-01-03,TSM,-8.417847612151447e-05,Sell
2024-01-03,ALK,-0.03328169281102626,Sell
2024-01-03,MAR,-0.00011126607633200891,Sell
2024-01-03,XRT,0.034482758620689655,Buy
2024-01-03,KEY,0.034482758620689655,Buy
2024-01-03,KGC,0.0006301718413219623,Buy
2024-01-03,PVH,0.034482758620689655,Buy
2024-01-03,NTAP,-0.03507688661233578,Sell
2024-01-03,TRIP,0.0005278751750271149,Buy
2024-01-03,LOW,0.034482758620689655,Buy
2024-01-03,PCG,-0.000398207500304823,Sell
2024-01-03,NTES,-0.036453304590989236,Sell
2024-01-03,HMC,-0.00033728816931299227,Sell
2024-01-03,CME,0.0007559881209389593,Buy
2024-01-03,OHI,-0.00017871388240704028,Sell
2024-01-03,M,0.034482758620689655,Buy
2024-01-04,PPG,0.00028102491323574175,Buy
2024-01-04,VWO,0.00017285221988534022,Buy
2024-01-04,A,0.00015537249657160412,Buy
2024-01-04,CF,0.034482758620689655,Buy
2024-01-04,NVDA,-0.00019651857177854087,Sell
2024-01-04,DAL,-0.034777419436879814,Sell
2024-01-04,HYG,0.0002474822055670359,Buy
2024-01-04,BUD,-0.03468744711868202,Sell
2024-01-04,ICE,-0.03459236787421059,Sell
2024-01-04,QCOM,0.0004706352880920056,Buy
2024-01-04,KMB,0.034482758620689655,Buy
2024-01-04,NDAQ,8.889170294634069e-05,Buy
2024-01-04,DPZ,4.392606399938187e-05,Buy
2024-01-04,BDX,-0.0002352962417025775,Sell
2024-01-04,EOG,0.034482758620689655,Buy
2024-01-04,QQQ,0.034482758620689655,Buy
2024-01-04,EWI,-0.00026981484668287675,Sell
2024-01-04,HTZ,0.034482758620689655,Buy
2024-01-04,ORCL,6.983763763276918e-05,Buy
2024-01-04,DLTR,0.0002491950901902379,Buy
2024-01-04,CCL,-0.03542036141786134,Sell
2024-01-04,TSM,0.00047027832114317214,Buy
2024-01-04,MAR,-0.03452308402992636,Sell
2024-01-04,XRT,-0.03430516794074436,Sell
2024-01-04,KEY,-0.034732878478190524,Sell
2024-01-04,KGC,-0.0001269082567502966,Sell
2024-01-04,WMB,0.034482758620689655,Buy
2024-01-04,PVH,0.0002244718972004081,Buy
2024-01-04,HUM,0.034482758620689655,Buy
2024-01-04,NWSA,0.034482758620689655,Buy
2024-01-04,TRIP,-0.03559859234801356,Sell
2024-01-04,LOW,0.00028345759005135585,Buy
2024-01-04,PCG,0.0006107269644842345,Buy
2024-01-04,NTES,0.034482758620689655,Buy
2024-01-04,HMC,-0.03481858161787169,Sell
2024-01-04,CME,-0.00011351077894996425,Sell
2024-01-04,OHI,0.0001247046301897578,Buy
2024-01-04,XLE,0.034482758620689655,Buy
2024-01-04,M,-0.03407897271624651,Sell
2024-01-05,MNST,0.034482758620689655,Buy
2024-01-05,PPG,-0.034830873284672756,Sell
2024-01-05,VWO,-0.00015361265871016022,Sell
2024-01-05,A,1.3874812876193965e-05,Buy
2024-01-05,CF,-0.00010228551555694493,Sell
2024-01-05,XLP,0.034482758620689655,Buy
2024-01-05,NVDA,-0.0008941688477500237,Sell
2024-01-05,HYG,-0.00012936838292140762,Sell
2024-01-05,CAG,0.034482758620689655,Buy
2024-01-05,QCOM,-0.0002445202883288797,Sell
2024-01-05,KMB,-2.3257589524150468e-05,Sell
2024-01-05,NDAQ,0.0001199268578312776,Buy
2024-01-05,DPZ,-0.0344781673543691,Sell
2024-01-05,VTR,0.034482758620689655,Buy
2024-01-05,BDX,1.4465851280169584e-05,Buy
2024-01-05,EOG,8.061549931066836e-05,Buy
2024-01-05,QQQ,-0.0001433056554828449,Sell
2024-01-05,EWI,-0.00016414109136124455,Sell
2024-01-05,HTZ,-0.03384013535799772,Sell
2024-01-05,ORCL,-0.00014948159930372462,Sell
2024-01-05,DLTR,-0.03461298051580773,Sell
2024-01-05,TSM,-0.00026975076999872366,Sell
2024-01-05,KGC,0.00019793377646799143,Buy
2024-01-05,WMB,0.0001584093243591489,Buy
2024-01-05,KO,0.034482758620689655,Buy
2024-01-05,PVH,-0.03451130041882203,Sell
2024-01-05,HUM,0.0005107803554934981,Buy
2024-01-05,NWSA,-0.03485612850006399,Sell
2024-01-05,TRIP,0.034482758620689655,Buy
2024-01-05,LOW,-0.034796268588951663,Sell
2024-01-05,PCG,-0.0004538021592799604,Sell
2024-01-05,NTES,0.00158602695379563,Buy
2024-01-05,CME,0.0005033027066606577,Buy
2024-01-05,OHI,4.5082282078307e-05,Buy
2024-01-05,SYK,0.034482758620689655,Buy
2024-01-05,XLE,-0.00013089625131714605,Sell
2024-01-08,MNST,-0.034414506700113236,Sell
2024-01-08,CNC,0.034482758620689655,Buy
2024-01-08,VWO,0.00025856266246005594,Buy
2024-01-08,A,-0.03490306953317529,Sell
2024-01-08,CF,0.0011387068964054392,Buy
2024-01-08,HP,0.034482758620689655,Buy
2024-01-08,XLP,6.617485060904371e-05,Buy
2024-01-08,NVDA,-0.0018785328100868054,Sell
2024-01-08,AA,0.034482758620689655,Buy
2024-01-08,HYG,-0.03435671847170136,Sell
2024-01-08,RRC,0.034482758620689655,Buy
2024-01-08,CAG,-0.03479490203664361,Sell
2024-01-08,QCOM,-0.034739841633750455,Sell
2024-01-08,JNJ,0.034482758620689655,Buy
2024-01-08,KMB,4.93440755824498e-05,Buy
2024-01-08,NDAQ,-0.03480338102316464,Sell
2024-01-08,TRV,0.034482758620689655,Buy
2024-01-08,VTR,0.00029658150425519725,Buy
2024-01-08,BDX,-0.00047831591224168496,Sell
2024-01-08,EOG,0.0010583760763617292,Buy
2024-01-08,QQQ,-0.00038849170366606067,Sell
2024-01-08,EWI,-0.03459206227371369,Sell
2024-01-08,ORCL,-0.03480699349834056,Sell
2024-01-08,TSM,-0.03506718650195294,Sell
2024-01-08,ALK,0.034482758620689655,Buy
2024-01-08,KGC,0.00043729451579722217,Buy
2024-01-08,WMB,0.000221515437477858,Buy
2024-01-08,KO,6.569918557722959e-05,Buy
2024-01-08,HUM,0.00013348236712583395,Buy
2024-01-08,TRIP,-0.00030118589335645374,Sell
2024-01-08,PCG,1.2072308524804787e-05,Buy
2024-01-08,NTES,0.0007222635916377049,Buy
2024-01-08,HMC,0.034482758620689655,Buy
2024-01-08,CME,0.00015983279611549162,Buy
2024-01-08,CLX,0.034482758620689655,Buy
2024-01-08,OHI,-5.348036931039635e-05,Sell
2024-01-08,SYK,-0.034703066684570856,Sell
2024-01-08,BSX,0.034482758620689655,Buy
2024-01-08,XLE,0.0007130210177156635,Buy
2024-01-09,CNC,-0.035319723128763386,Sell
2024-01-09,VWO,0.00013170460988784494,Buy
2024-01-09,CF,8.446677921016693e-05,Buy
2024-01-09,HP,-0.03444846955772932,Sell
2024-01-09,HOG,0.034482758620689655,Buy
2024-01-09,XLP,-0.0003620410441601274,Sell
2024-01-09,NVDA,-0.03534372296052931,Sell
2024-01-09,AA,-0.034983789609005576,Sell
2024-01-09,BUD,0.034482758620689655,Buy
2024-01-09,ICE,0.034482758620689655,Buy
2024-01-09,RRC,-0.03470869966879227,Sell
2024-01-09,JNJ,-0.034775282262988344,Sell
2024-01-09,KMB,-0.0003923108682981902,Sell
2024-01-09,TRV,-0.03473389955185522,Sell
2024-01-09,VTR,7.145173204060884e-05,Buy
2024-01-09,EWC,0.034482758620689655,Buy
2024-01-09,BBT,0.034482758620689655,Buy
2024-01-09,BDX,0.001116442398657637,Buy
2024-01-09,WFC,0.034482758620689655,Buy
2024-01-09,EOG,0.000230653621078325,Buy
2024-01-09,QQQ,-0.034822428718362726,Sell
2024-01-09,EWI,0.034482758620689655,Buy
2024-01-09,ALK,0.0001878404138654366,Buy
2024-01-09,KGC,0.00027869993736724663,Buy
2024-01-09,WMB,-4.6784398941748795e-05,Sell
2024-01-09,TRP,0.034482758620689655,Buy
2024-01-09,KO,-0.03469017056517329,Sell
2024-01-09,D,0.034482758620689655,Buy
2024-01-09,HUM,-0.00016239789097950708,Sell
2024-01-09,NWSA,0.034482758620689655,Buy
2024-01-09,TRIP,0.0020231234177768426,Buy
2024-01-09,PCG,-0.034773029237923865,Sell
2024-01-09,NTES,-0.03449536891290146,Sell
2024-01-09,HMC,-0.03417870446232635,Sell
2024-01-09,CME,0.0002534784291906428,Buy
2024-01-09,CLX,-5.1109865396588294e-05,Sell
2024-01-09,OHI,0.00040798272963575577,Buy
2024-01-09,BSX,-0.035235640399070185,Sell
2024-01-09,XLE,0.00028538012885184066,Buy
2024-01-09,ENB,0.034482758620689655,Buy
2024-01-09,MT,0.034482758620689655,Buy
2024-01-09,VZ,0.034482758620689655,Buy
2024-01-10,AMTD,0.034482758620689655,Buy
2024-01-10,VWO,0.00012250579814711282,Buy
2024-01-10,CF,0.00021983298351287844,Buy
2024-01-10,HOG,-0.03475641578145986,Sell
2024-01-10,XLP,0.00015911753080061902,Buy
2024-01-10,BUD,-0.034986945445652486,Sell
2024-01-10,SPWR,0.034482758620689655,Buy
2024-01-10,ICE,-0.03455972697403578,Sell
2024-01-10,KMB,0.0001911146295516114,Buy
2024-01-10,VTR,-0.03469408617472467,Sell
2024-01-10,EWC,1.2485982523319228e-05,Buy
2024-01-10,BBT,-0.035432906571480766,Sell
2024-01-10,BDX,5.75226933936801e-06,Buy
2024-01-10,WFC,0.00023471832926864888,Buy
2024-01-10,EOG,0.00040821339761976105,Buy
2024-01-10,EWI,-0.0346400279611983,Sell
2024-01-10,TSM,0.034482758620689655,Buy
2024-01-10,MS,0.034482758620689655,Buy
2024-01-10,ALK,0.00037349942101454203,Buy
2024-01-10,KEY,0.034482758620689655,Buy
2024-01-10,KGC,-9.607316289189649e-05,Sell
2024-01-10,WMB,0.00027267459598913357,Buy
2024-01-10,TRP,-0.03448155821269453,Sell
2024-01-10,D,0.00033752503591777394,Buy
2024-01-10,HUM,0.00010466206469789824,Buy
2024-01-10,NWSA,0.0001732810780635946,Buy
2024-01-10,TRIP,-0.0005152268587331199,Sell
2024-01-10,NTES,0.034482758620689655,Buy
2024-01-10,RF,0.034482758620689655,Buy
2024-01-10,CME,-4.0958771868604416e-05,Sell
2024-01-10,CLX,-0.0344042977608084,Sell
2024-01-10,PRGO,0.034482758620689655,Buy
2024-01-10,OHI,-0.00033446233089853145,Sell
2024-01-10,XLE,0.0004264455414712126,Buy
2024-01-10,COF,0.034482758620689655,Buy
2024-01-10,ENB,-0.03458201410760381,Sell
2024-01-10,MT,-0.034623787903291486,Sell
2024-01-10,VZ,5.293528143184012e-05,Buy
2024-01-10,BMY,0.034482758620689655,Buy
2024-01-11,AMTD,0.00014586080192040274,Buy
2024-01-11,VWO,-0.0003917387898150493,Sell
2024-01-11,CF,-0.03503842806942226,Sell
2024-01-11,XLP,-0.034722308865064465,Sell
2024-01-11,BUD,0.034482758620689655,Buy
2024-01-11,SPWR,-0.03295271131183825,Sell
2024-01-11,KMB,-0.034882035703874076,Sell
2024-01-11,NDAQ,0.034482758620689655,Buy
2024-01-11,VTR,0.034482758620689655,Buy
2024-01-11,EWC,-8.227913700711159e-05,Sell
2024-01-11,BDX,-0.03423184333757184,Sell
2024-01-11,WFC,-0.03469878708898779,Sell
2024-01-11,EOG,-0.00024131333965565077,Sell
2024-01-11,SIRI,0.034482758620689655,Buy
2024-01-11,DLTR,0.034482758620689655,Buy
2024-01-11,TSM,-0.03487178064052711,Sell
2024-01-11,MS,0.00012389287121007675,Buy
2024-01-11,ALK,-0.034661496226723036,Sell
2024-01-11,KEY,-7.622153828031747e-05,Sell
2024-01-11,KGC,-0.0002443308487456164,Sell
2024-01-11,WMB,0.00019924243790973156,Buy
2024-01-11,TRP,0.034482758620689655,Buy
2024-01-11,KO,0.034482758620689655,Buy
2024-01-11,D,0.00034979260216528446,Buy
2024-01-11,HUM,6.505793134646554e-05,Buy
2024-01-11,NWSA,-0.03477015307669064,Sell
2024-01-11,TRIP,0.0005425868834076295,Buy
2024-01-11,PCG,0.034482758620689655,Buy
2024-01-11,DUK,0.034482758620689655,Buy
2024-01-11,NTES,-0.035297029764829915,Sell
2024-01-11,RF,0.0003980786503867059,Buy
2024-01-11,CME,-0.034476061880704886,Sell
2024-01-11,CP,0.034482758620689655,Buy
2024-01-11,PRGO,-0.03432086666668253,Sell
2024-01-11,OHI,-0.03476127450416228,Sell
2024-01-11,XLE,-0.0003337529761690411,Sell
2024-01-11,M,0.034482758620689655,Buy
2024-01-11,COF,-8.273265124630891e-05,Sell
2024-01-11,ENB,0.034482758620689655,Buy
2024-01-11,MT,0.034482758620689655,Buy
2024-01-11,VZ,0.0008042373228210262,Buy
2024-01-11,BMY,5.728411937902522e-05,Buy
2024-01-12,MET,0.034482758620689655,Buy
2024-01-12,AMTD,-0.00010161496279242205,Sell
2024-01-12,VWO,-0.034570968671042285,Sell
2024-01-12,CF,0.034482758620689655,Buy
2024-01-12,DAL,0.034482758620689655,Buy
2024-01-12,BUD,-0.03437144149692704,Sell
2024-01-12,CAG,0.034482758620689655,Buy
2024-01-12,STI,0.034482758620689655,Buy
2024-01-12,KMB,0.034482758620689655,Buy
2024-01-12,NDAQ,-0.034645765722168397,Sell
2024-01-12,VTR,-0.03526289428957904,Sell
2024-01-12,EWC,-0.03445586849993753,Sell
2024-01-12,BBT,0.034482758620689655,Buy
2024-01-12,BDX,0.034482758620689655,Buy
2024-01-12,EBAY,0.034482758620689655,Buy
2024-01-12,WFC,0.034482758620689655,Buy
2024-01-12,EOG,-0.0002458671466762652,Sell
2024-01-12,SIRI,-0.03421142478386219,Sell
2024-01-12,DLTR,-0.03454582824735993,Sell
2024-01-12,CCL,0.034482758620689655,Buy
2024-01-12,MS,-0.03410048569214789,Sell
2024-01-12,ALK,0.034482758620689655,Buy
2024-01-12,KEY,0.0005286556460900108,Buy
2024-01-12,KGC,-0.0359974414644702,Sell
2024-01-12,WMB,-6.415706914804364e-05,Sell
2024-01-12,TRP,-1.3063353561888758e-05,Sell
2024-01-12,KO,-0.03474209221434866,Sell
2024-01-12,D,-0.03456911164325315,Sell
2024-01-12,RL,0.034482758620689655,Buy
2024-01-12,HUM,0.0013055086478075614,Buy
2024-01-12,TRIP,0.0005772856596075876,Buy
2024-01-12,PCG,0.00019183984169002244,Buy
2024-01-12,DUK,-0.03487238497549071,Sell
2024-01-12,RF,0.0006116767009114663,Buy
2024-01-12,CP,-0.03456917298443752,Sell
2024-01-12,OHI,0.034482758620689655,Buy
2024-01-12,CSIQ,0.034482758620689655,Buy
2024-01-12,XLE,-0.03479560332347766,Sell
2024-01-12,M,0.0002221696903259504,Buy
2024-01-12,COF,0.0002459248468476907,Buy
2024-01-12,ENB,-0.034615133873064495,Sell
2024-01-12,ZUMZ,0.034482758620689655,Buy
2024-01-12,MT,0.00011303171454796201,Buy
2024-01-12,VZ,-0.035007618219281715,Sell
2024-01-12,BMY,1.2669383097664577e-05,Buy
2024-01-16,MET,-0.0005511439017501507,Sell
2024-01-16,PPG,0.034482758620689655,Buy
2024-01-16,AMTD,-0.035367147433632395,Sell
2024-01-16,BAX,0.034482758620689655,Buy
2024-01-16,VWO,0.034482758620689655,Buy
2024-01-16,CF,-0.00039732657437211577,Sell
2024-01-16,DAL,5.441814049186172e-05,Buy
2024-01-16,HYG,0.034482758620689655,Buy
2024-01-16,BUD,0.034482758620689655,Buy
2024-01-16,CAG,-0.0004126479359650298,Sell
2024-01-16,JNJ,0.034482758620689655,Buy
2024-01-16,STI,-0.022124137107935257,Sell
2024-01-16,KMB,-0.0005512765100225483,Sell
2024-01-16,EWC,0.034482758620689655,Buy
2024-01-16,BBT,-0.03518420731259472,Sell
2024-01-16,BDX,-0.03515716905029085,Sell
2024-01-16,EBAY,-0.0004269691373309445,Sell
2024-01-16,WFC,-0.00043188408672077683,Sell
2024-01-16,EOG,5.657367844653233e-05,Buy
2024-01-16,CCL,-0.03549306229013751,Sell
2024-01-16,MS,0.034482758620689655,Buy
2024-01-16,ALK,-0.03459338930873438,Sell
2024-01-16,KEY,-0.00016742463474390262,Sell
2024-01-16,KGC,0.034482758620689655,Buy
2024-01-16,WMB,-0.0005101317623509086,Sell
2024-01-16,TRP,-0.03535612257357001,Sell
2024-01-16,RL,-0.0007619625602970637,Sell
2024-01-16,HUM,-0.0008708583189154101,Sell
2024-01-16,NWSA,0.034482758620689655,Buy
2024-01-16,TRIP,-0.03527484766264359,Sell
2024-01-16,PCG,-5.694222117257758e-05,Sell
2024-01-16,RF,-0.0002262988442048447,Sell
2024-01-16,OHI,-0.0003568133757755748,Sell
2024-01-16,CSIQ,-0.034271246024175445,Sell
2024-01-16,M,-0.0001589883828612415,Sell
2024-01-16,COF,-0.03529734560108387,Sell
2024-01-16,ENB,0.034482758620689655,Buy
2024-01-16,ZUMZ,-0.03485894690793338,Sell
2024-01-16,MT,-0.00020123321959962526,Sell
2024-01-16,BMY,-0.0006466010370167405,Sell
2024-01-17,MET,0.00012317014672478394,Buy
2024-01-17,MNST,0.034482758620689655,Buy
2024-01-17,PPG,-0.034607971964434214,Sell
2024-01-17,BAX,3.086833957707119e-05,Buy
2024-01-17,VWO,0.0001760441090199183,Buy
2024-01-17,CF,0.0001439920347180712,Buy
2024-01-17,DAL,-0.03446620024102531,Sell
2024-01-17,HYG,-0.00014107152999248002,Sell
2024-01-17,BUD,0.0001968277211505734,Buy
2024-01-17,CAG,-0.0006911911937129908,Sell
2024-01-17,JNJ,-0.034752950860687755,Sell
2024-01-17,KMB,-0.0348430799018724,Sell
2024-01-17,VTR,0.034482758620689655,Buy
2024-01-17,EWC,0.0001646657732955331,Buy
2024-01-17,BBT,0.034482758620689655,Buy
2024-01-17,BDX,0.034482758620689655,Buy
2024-01-17,EBAY,-0.00026405287166269414,Sell
2024-01-17,WFC,-0.0001782839235678832,Sell
2024-01-17,EOG,0.00017853102048401293,Buy
2024-01-17,MS,0.00034128255123887924,Buy
2024-01-17,KEY,-8.984364293606467e-05,Sell
2024-01-17,KGC,0.0009455646070271675,Buy
2024-01-17,WMB,0.000293701477996261,Buy
2024-01-17,TRP,0.034482758620689655,Buy
2024-01-17,RL,-0.03457536446634752,Sell
2024-01-17,HUM,-0.03548328930149205,Sell
2024-01-17,NWSA,0.00010561821190330917,Buy
2024-01-17,PCG,1.5158252870441091e-05,Buy
2024-01-17,DUK,0.034482758620689655,Buy
2024-01-17,RF,-0.034753079772662725,Sell
2024-01-17,CP,0.034482758620689655,Buy
2024-01-17,OHI,-0.0340125237124073,Sell
2024-01-17,XLE,0.034482758620689655,Buy
2024-01-17,M,0.0003035634816714247,Buy
2024-01-17,ENB,0.00023227128023229487,Buy
2024-01-17,MT,-0.0001700176643168183,Sell
2024-01-17,CAT,0.034482758620689655,Buy
2024-01-17,BMY,-0.03475854177155112,Sell
2024-01-18,MET,-0.03467160574458341,Sell
2024-01-18,MNST,-0.00011473528588527154,Sell
2024-01-18,CNC,0.034482758620689655,Buy
2024-01-18,BAX,-0.034646693599087994,Sell
2024-01-18,VWO,-0.00023345569578652609,Sell
2024-01-18,CF,6.163343410410527e-05,Buy
2024-01-18,HYG,-0.00010196094476994794,Sell
2024-01-18,BUD,-1.912317217334092e-05,Sell
2024-01-18,CAG,0.00020863297110886025,Buy
2024-01-18,KMB,0.034482758620689655,Buy
2024-01-18,VTR,0.00027172879307542364,Buy
2024-01-18,EWC,-0.00019540553996650473,Sell
2024-01-18,BBT,-0.03449822073441905,Sell
2024-01-18,BDX,-0.00013323910783367976,Sell
2024-01-18,EBAY,-0.00013197178341169818,Sell
2024-01-18,WFC,0.00013995112941459636,Buy
2024-01-18,EOG,0.00013833545852458273,Buy
2024-01-18,DLTR,0.034482758620689655,Buy
2024-01-18,MS,0.0001783939456681885,Buy
2024-01-18,KEY,0.0015658390435970837,Buy
2024-01-18,KGC,-9.368613662753128e-05,Sell
2024-01-18,WMB,0.00011202911836848822,Buy
2024-01-18,TRP,8.527462339163322e-05,Buy
2024-01-18,D,0.034482758620689655,Buy
2024-01-18,NWSA,-0.00017711469308165362,Sell
2024-01-18,PCG,0.00013267104349059394,Buy
2024-01-18,DUK,0.0003156035873053062,Buy
2024-01-18,CME,0.034482758620689655,Buy
2024-01-18,CP,-0.035085299143233196,Sell
2024-01-18,OHI,0.034482758620689655,Buy
2024-01-18,XLE,2.5922406702461043e-05,Buy
2024-01-18,M,-0.0001653981066542104,Sell
2024-01-18,ENB,0.00025676361875241055,Buy
2024-01-18,MT,-0.03536048222440233,Sell
2024-01-18,CAT,-0.03491792192226292,Sell
2024-01-19,MNST,0.00016804579537001152,Buy
2024-01-19,CNC,0.0012249132561001491,Buy
2024-01-19,PPG,0.034482758620689655,Buy
2024-01-19,VWO,-0.00018891819291413925,Sell
2024-01-19,CF,0.00013977862351655795,Buy
2024-01-19,XLP,0.034482758620689655,Buy
2024-01-19,HYG,-0.03441468343524461,Sell
2024-01-19,BUD,-4.38273384187407e-05,Sell
2024-01-19,CAG,0.0002337327289858443,Buy
2024-01-19,GREK,0.034482758620689655,Buy
2024-01-19,KMB,0.00020143487703459806,Buy
2024-01-19,VTR,-0.03468151961587937,Sell
2024-01-19,EWC,-0.03476125954512629,Sell
2024-01-19,BDX,-4.0803386090332294e-06,Sell
2024-01-19,EBAY,-0.03464309437003312,Sell
2024-01-19,WFC,-0.03559959427876067,Sell
2024-01-19,EOG,0.00010106769250343983,Buy
2024-01-19,DLTR,0.0006523686362514131,Buy
2024-01-19,MS,-0.03494639515855576,Sell
2024-01-19,KEY,-0.036282780329905645,Sell
2024-01-19,KGC,0.0003786574178265903,Buy
2024-01-19,GOLD,0.034482758620689655,Buy
2024-01-19,WMB,0.00011588218624403179,Buy
2024-01-19,TRP,9.056287701817572e-05,Buy
2024-01-19,KO,0.034482758620689655,Buy
2024-01-19,D,0.0002468970353607658,Buy
2024-01-19,NWSA,-0.03501239176232157,Sell
2024-01-19,PCG,8.532953305448454e-05,Buy
2024-01-19,DUK,0.00023356333206294572,Buy
2024-01-19,CME,0.0002699671665037512,Buy
2024-01-19,CLX,0.034482758620689655,Buy
2024-01-19,OHI,-0.00018937519214656806,Sell
2024-01-19,XLE,1.426133994660711e-05,Buy
2024-01-19,M,0.0007008928701914205,Buy
2024-01-19,ENB,-5.635404680606054e-05,Sell
2024-01-19,MT,0.034482758620689655,Buy
2024-01-19,BMY,0.034482758620689655,Buy
2024-01-22,MNST,0.0005753106486827905,Buy
2024-01-22,CNC,-0.00041600080072932977,Sell
2024-01-22,PPG,-0.00012506051164641596,Sell
2024-01-22,VWO,0.00032683887726264044,Buy
2024-01-22,CF,6.672743455016922e-05,Buy
2024-01-22,XLP,0.0002247812673512109,Buy
2024-01-22,DAL,0.034482758620689655,Buy
2024-01-22,HYG,0.034482758620689655,Buy
2024-01-22,BUD,8.486385022354187e-05,Buy
2024-01-22,SPWR,0.034482758620689655,Buy
2024-01-22,CAG,-7.476287478365429e-05,Sell
2024-01-22,GREK,-0.034738731119026534,Sell
2024-01-22,KMB,0.00017811442043595,Buy
2024-01-22,BDX,5.7547401001702136e-05,Buy
2024-01-22,EOG,-0.03457207236278714,Sell
2024-01-22,EWI,0.034482758620689655,Buy
2024-01-22,DLTR,-8.492584262247832e-05,Sell
2024-01-22,CCL,0.034482758620689655,Buy
2024-01-22,KGC,-0.00019745081746416066,Sell
2024-01-22,GOLD,-0.03497843558885304,Sell
2024-01-22,WMB,-5.428548029994679e-05,Sell
2024-01-22,TRP,0.00010192334604163661,Buy
2024-01-22,KO,0.00020714618261405415,Buy
2024-01-22,D,0.000247445244900342,Buy
2024-01-22,PCG,0.0005464249280981229,Buy
2024-01-22,DUK,0.0002376686458829963,Buy
2024-01-22,CME,-0.00015032232182055072,Sell
2024-01-22,CLX,-6.832127720598352e-05,Sell
2024-01-22,OHI,-0.000104835720620651,Sell
2024-01-22,BSX,0.034482758620689655,Buy
2024-01-22,XLE,-0.03455403504636394,Sell
2024-01-22,M,-0.03565538622689855,Sell
2024-01-22,ENB,0.00022977147182345892,Buy
2024-01-22,MT,-0.03477516666786143,Sell
2024-01-22,BMY,0.0004285255780003619,Buy
2024-01-23,MNST,0.0006947330240410568,Buy
2024-01-23,CNC,6.104718921001034e-05,Buy
2024-01-23,PPG,0.00016643707602961855,Buy
2024-01-23,BAX,0.034482758620689655,Buy
2024-01-23,VWO,4.710882644182873e-05,Buy
2024-01-23,CF,-0.03474191983620257,Sell
2024-01-23,XLP,-0.00013382128527218706,Sell
2024-01-23,WEN,0.034482758620689655,Buy
2024-01-23,DAL,-0.03519784360750114,Sell
2024-01-23,HYG,0.0002786192933346768,Buy
2024-01-23,BUD,0.00022783770589336616,Buy
2024-01-23,SPWR,-0.0024181534104799965,Sell
2024-01-23,CAG,-0.03505454883917868,Sell
2024-01-23,JNJ,0.034482758620689655,Buy
2024-01-23,KMB,-0.03497460231800545,Sell
2024-01-23,VTR,0.034482758620689655,Buy
2024-01-23,DHI,0.034482758620689655,Buy
2024-01-23,BDX,-0.0001111451747322148,Sell
2024-01-23,EOG,0.034482758620689655,Buy
2024-01-23,EWI,0.0003831165624446631,Buy
2024-01-23,DLTR,0.00013939724734912673,Buy
2024-01-23,CCL,0.0010413062259400849,Buy
2024-01-23,KGC,-0.03499942812281433,Sell
2024-01-23,WMB,0.0002588715007037154,Buy
2024-01-23,TRP,-0.03446503120547055,Sell
2024-01-23,KO,7.775739857784209e-05,Buy
2024-01-23,D,0.00044386291039852366,Buy
2024-01-23,LOW,0.034482758620689655,Buy
2024-01-23,PCG,0.0005264709794173678,Buy
2024-01-23,DUK,-0.034442173609715826,Sell
2024-01-23,CME,0.0001207944069269995,Buy
2024-01-23,CLX,-0.03471582612035003,Sell
2024-01-23,OHI,0.00044542079190990763,Buy
2024-01-23,BSX,0.00030636848291068497,Buy
2024-01-23,M,0.034482758620689655,Buy
2024-01-23,ENB,0.00021000937386583124,Buy
2024-01-23,ZUMZ,0.034482758620689655,Buy
2024-01-23,BMY,-0.034624004368016,Sell
2024-01-24,MNST,0.00012394517658801535,Buy
2024-01-24,CNC,-0.03463406385305799,Sell
2024-01-24,PPG,0.0001551901116733645,Buy
2024-01-24,BAX,0.0002992877413439815,Buy
2024-01-24,VWO,-0.03511795987283151,Sell
2024-01-24,HOG,0.034482758620689655,Buy
2024-01-24,XLP,0.00023773123981966904,Buy
2024-01-24,WEN,-0.0344890547639659,Sell
2024-01-24,HYG,-0.00017002078380815022,Sell
2024-01-24,BUD,0.00015330079494664528,Buy
2024-01-24,SPWR,-0.03605759870848987,Sell
2024-01-24,JNJ,-3.6113983003516203e-06,Sell
2024-01-24,KMB,0.034482758620689655,Buy
2024-01-24,VTR,-9.34835759595215e-05,Sell
2024-01-24,DHI,0.0007615430285748473,Buy
2024-01-24,EWC,0.034482758620689655,Buy
2024-01-24,BDX,0.0003546792630014575,Buy
2024-01-24,EOG,-0.035211070919605396,Sell
2024-01-24,EWI,-0.03488051268777918,Sell
2024-01-24,DLTR,-0.034343589524739974,Sell
2024-01-24,CCL,0.00017469989285412435,Buy
2024-01-24,KGC,0.034482758620689655,Buy
2024-01-24,WMB,-0.00026970723477800357,Sell
2024-01-24,TRP,0.034482758620689655,Buy
2024-01-24,KO,0.0003565215755073209,Buy
2024-01-24,D,0.0003150246525899514,Buy
2024-01-24,LOW,0.00044568827292257307,Buy
2024-01-24,PCG,-0.00020899840755252141,Sell
2024-01-24,DUK,0.034482758620689655,Buy
2024-01-24,CME,-0.000239008361733746,Sell
2024-01-24,CLX,0.034482758620689655,Buy
2024-01-24,OHI,0.0008179556053325363,Buy
2024-01-24,BSX,0.00021234510668845935,Buy
2024-01-24,M,-9.270631407214125e-05,Sell
2024-01-24,ENB,0.00013131375541645257,Buy
2024-01-24,ZUMZ,-0.034748682888284005,Sell
2024-01-24,MRK,0.034482758620689655,Buy
2024-01-25,MNST,0.0003867620947290151,Buy
2024-01-25,CNC,0.034482758620689655,Buy
2024-01-25,PPG,-0.034477679044127074,Sell
2024-01-25,AMTD,0.034482758620689655,Buy
2024-01-25,BAX,-0.035050559479627895,Sell
2024-01-25,VWO,0.034482758620689655,Buy
2024-01-25,HP,0.034482758620689655,Buy
2024-01-25,HOG,-0.03443164576078574,Sell
2024-01-25,XLP,-0.03438092241037369,Sell
2024-01-25,WEN,0.034482758620689655,Buy
2024-01-25,HYG,-0.03431330314335075,Sell
2024-01-25,BUD,0.0005501820797289697,Buy
2024-01-25,CAG,0.034482758620689655,Buy
2024-01-25,JNJ,0.0003015167647574257,Buy
2024-01-25,STI,0.034482758620689655,Buy
2024-01-25,KMB,-0.0002767345633215082,Sell
2024-01-25,VTR,0.0005088278732297419,Buy
2024-01-25,DHI,-0.03463000306860079,Sell
2024-01-25,EWC,-0.03430746421286354,Sell
2024-01-25,BDX,0.00013969851028242108,Buy
2024-01-25,EWI,0.034482758620689655,Buy
2024-01-25,SIRI,0.034482758620689655,Buy
2024-01-25,HTZ,0.034482758620689655,Buy
2024-01-25,CCL,-0.00039585679195890816,Sell
2024-01-25,KEY,0.034482758620689655,Buy
2024-01-25,KGC,-0.000449541426159189,Sell
2024-01-25,WMB,1.977823942350687e-05,Buy
2024-01-25,TRP,1.3472592369938308e-05,Buy
2024-01-25,KO,0.0002855384595234836,Buy
2024-01-25,D,-0.03485485634913661,Sell
2024-01-25,HUM,0.034482758620689655,Buy
2024-01-25,LOW,-0.03430016348548085,Sell
2024-01-25,PCG,-0.03452652271163582,Sell
2024-01-25,DUK,-0.03448133981659918,Sell
2024-01-25,CME,0.0002066654580656288,Buy
2024-01-25,CLX,-0.03512987646870802,Sell
2024-01-25,OHI,0.00027622498027327774,Buy
2024-01-25,BSX,-0.03456986975853786,Sell
2024-01-25,M,-0.0008464608593713036,Sell
2024-01-25,ENB,0.0002477940913821336,Buy
2024-01-25,ZUMZ,0.034482758620689655,Buy
2024-01-25,MRK,-0.034410773837197206,Sell
2024-01-25,BMY,0.034482758620689655,Buy
2024-01-26,MNST,-0.00019219788075193478,Sell
2024-01-26,CNC,-0.00010771748118670182,Sell
2024-01-26,AMTD,-0.0018856906827390968,Sell
2024-01-26,VWO,-1.315140824027089e-05,Sell
2024-01-26,HP,-0.000372268365513892,Sell
2024-01-26,WEN,-0.0001490126972542652,Sell
2024-01-26,DAL,0.034482758620689655,Buy
2024-01-26,BUD,2.3185565721346724e-05,Buy
2024-01-26,CAG,6.516039204484264e-05,Buy
2024-01-26,JNJ,8.399100230954692e-06,Buy
2024-01-26,STI,0.0029076994333029904,Buy
2024-01-26,KMB,-0.00019920247322343515,Sell
2024-01-26,VTR,2.4513274007854913e-05,Buy
2024-01-26,BDX,-1.6218628864826667e-05,Sell
2024-01-26,EOG,0.034482758620689655,Buy
2024-01-26,EWI,-0.034799329700536986,Sell
2024-01-26,SIRI,0.00018809852652347525,Buy
2024-01-26,HTZ,-0.033976689133694025,Sell
2024-01-26,CCL,0.00133556292036182,Buy
2024-01-26,KEY,-0.00031290774975280267,Sell
2024-01-26,KGC,0.00011948716268727483,Buy
2024-01-26,GOLD,0.034482758620689655,Buy
2024-01-26,WMB,-0.0349179212732942,Sell
2024-01-26,TRP,-0.034930724167420414,Sell
2024-01-26,KO,-0.00012698391167144385,Sell
2024-01-26,HUM,-0.03505700500915103,Sell
2024-01-26,NTAP,0.034482758620689655,Buy
2024-01-26,NTES,0.034482758620689655,Buy
2024-01-26,RF,0.034482758620689655,Buy
2024-01-26,CME,-0.00020081336847157377,Sell
2024-01-26,OHI,-0.00014771220856042017,Sell
2024-01-26,M,-0.00015115897348894763,Sell
2024-01-26,ENB,-0.034699912669382445,Sell
2024-01-26,ZUMZ,0.0005121732338426513,Buy
2024-01-26,VZ,0.034482758620689655,Buy
2024-01-26,BMY,-0.034549886476139886,Sell
2024-01-29,MNST,-0.03427070432054264,Sell
2024-01-29,CNC,0.0001701690636499789,Buy
2024-01-29,PPG,0.034482758620689655,Buy
2024-01-29,AMTD,-0.03358895055291848,Sell
2024-01-29,VWO,0.0002960197973365872,Buy
2024-01-29,HP,-0.034405965286006236,Sell
2024-01-29,WEN,-0.03457026932584834,Sell
2024-01-29,DAL,-9.218731264331453e-05,Sell
2024-01-29,BUD,0.0001393904952322056,Buy
2024-01-29,RRC,0.034482758620689655,Buy
2024-01-29,CAG,0.00038626485060695714,Buy
2024-01-29,GREK,0.034482758620689655,Buy
2024-01-29,JNJ,0.00033454039784434897,Buy
2024-01-29,STI,-0.004714361734153162,Sell
2024-01-29,KMB,0.0002763308090510813,Buy
2024-01-29,NDAQ,0.034482758620689655,Buy
2024-01-29,VTR,-0.03467576102788247,Sell
2024-01-29,BDX,0.00013121521865947644,Buy
2024-01-29,EOG,0.00047609845995231354,Buy
2024-01-29,EWI,0.034482758620689655,Buy
2024-01-29,SIRI,0.0006885524318519312,Buy
2024-01-29,ORCL,0.034482758620689655,Buy
2024-01-29,CCL,-0.001250008494351973,Sell
2024-01-29,KEY,-0.03464418920714178,Sell
2024-01-29,KGC,0.00018114633394787638,Buy
2024-01-29,GOLD,-0.03572315423344679,Sell
2024-01-29,KO,-0.03438547713166916,Sell
2024-01-29,D,0.034482758620689655,Buy
2024-01-29,NTAP,-0.03434512738262786,Sell
2024-01-29,WSM,0.034482758620689655,Buy
2024-01-29,DUK,0.034482758620689655,Buy
2024-01-29,NTES,0.0012971860635872315,Buy
2024-01-29,RF,-0.03462441296711594,Sell
2024-01-29,CME,0.0006351088545874448,Buy
2024-01-29,PRGO,0.034482758620689655,Buy
2024-01-29,OHI,-1.3355456715859193e-05,Sell
2024-01-29,M,0.0007204474803437985,Buy
2024-01-29,ZUMZ,3.495521354037606e-05,Buy
2024-01-29,VZ,0.0005866595116235038,Buy
2024-01-30,CNC,-0.035095713371339335,Sell
2024-01-30,PPG,-0.00028894379344792526,Sell
2024-01-30,VWO,9.054937906555205e-05,Buy
2024-01-30,HOG,0.034482758620689655,Buy
2024-01-30,WEN,0.034482758620689655,Buy
2024-01-30,DAL,-0.034227003645853855,Sell
2024-01-30,HYG,0.034482758620689655,Buy
2024-01-30,BUD,-0.000265723619160059,Sell
2024-01-30,RRC,-0.03530755296509912,Sell
2024-01-30,CAG,-0.0005232780312480895,Sell
2024-01-30,GREK,-0.00026488972800179506,Sell
2024-01-30,QCOM,0.034482758620689655,Buy
2024-01-30,JNJ,-0.00010935342381210994,Sell
2024-01-30,STI,0.00553050659722332,Buy
2024-01-30,KMB,-0.0003610169127018087,Sell
2024-01-30,NDAQ,-0.034839877679113125,Sell
2024-01-30,VTR,0.034482758620689655,Buy
2024-01-30,BDX,1.503415076188619e-06,Buy
2024-01-30,MU,0.034482758620689655,Buy
2024-01-30,EOG,-0.03527033634447854,Sell
2024-01-30,EWI,-0.0005721483872478256,Sell
2024-01-30,SIRI,0.0008800084004638373,Buy
2024-01-30,ORCL,-0.03484580261622313,Sell
2024-01-30,CCL,-7.00645015745821e-05,Sell
2024-01-30,KGC,1.188670856606261e-05,Buy
2024-01-30,D,-0.00047481838056767645,Sell
2024-01-30,WSM,-8.109087182202324e-05,Sell
2024-01-30,NWSA,0.034482758620689655,Buy
2024-01-30,DUK,-0.00015088922201406813,Sell
2024-01-30,NTES,0.00036706575748481074,Buy
2024-01-30,CME,-0.00046340476750802995,Sell
2024-01-30,PRGO,0.0002017352847979853,Buy
2024-01-30,OHI,-0.0002497497728671319,Sell
2024-01-30,M,-0.0001635103629381851,Sell
2024-01-30,ZUMZ,-0.03442954042995031,Sell
2024-01-30,VZ,-0.03506744870435435,Sell
2024-01-30,BMY,0.034482758620689655,Buy
2024-01-31,MET,0.034482758620689655,Buy
2024-01-31,PPG,-0.00012069884650340451,Sell
2024-01-31,VWO,-0.0004864237803524907,Sell
2024-01-31,A,0.034482758620689655,Buy
2024-01-31,HOG,0.00019485752654709726,Buy
2024-01-31,WEN,-0.03484583300837255,Sell
2024-01-31,HYG,-0.0005193803906276065,Sell
2024-01-31,BUD,-0.0002252423198996975,Sell
2024-01-31,SPWR,0.034482758620689655,Buy
2024-01-31,CAG,-0.00027298540164356205,Sell
2024-01-31,GREK,-0.035401367504876026,Sell
2024-01-31,QCOM,-0.03570986064895153,Sell
2024-01-31,JNJ,-0.03513026116492614,Sell
2024-01-31,STI,-0.022896164561387607,Sell
2024-01-31,KMB,-0.03489096397221332,Sell
2024-01-31,NDAQ,0.034482758620689655,Buy
2024-01-31,VTR,-0.00016317722790559763,Sell
2024-01-31,EWC,0.034482758620689655,Buy
2024-01-31,BBT,0.034482758620689655,Buy
2024-01-31,BDX,-0.03548788458302073,Sell
2024-01-31,MU,-0.03493447536934854,Sell
2024-01-31,WFC,0.034482758620689655,Buy
2024-01-31,EOG,0.034482758620689655,Buy
2024-01-31,EWI,-0.03502829944475679,Sell
2024-01-31,SIRI,-0.0004813780246718871,Sell
2024-01-31,ORCL,0.034482758620689655,Buy
2024-01-31,CCL,-0.0008531913300879324,Sell
2024-01-31,XRT,0.034482758620689655,Buy
2024-01-31,KEY,0.034482758620689655,Buy
2024-01-31,KGC,-0.0005551686077117507,Sell
2024-01-31,D,-0.03508617033769011,Sell
2024-01-31,NTAP,0.034482758620689655,Buy
2024-01-31,WSM,0.0006394981653415066,Buy
2024-01-31,NWSA,-0.00039229174795593624,Sell
2024-01-31,DUK,-0.035211742867240894,Sell
2024-01-31,NTES,-0.035130298312129785,Sell
2024-01-31,RF,0.034482758620689655,Buy
2024-01-31,CME,-0.0350555295640272,Sell
2024-01-31,PRGO,9.935122483289982e-05,Buy
2024-01-31,OHI,-0.0002474974655386,Sell
2024-01-31,M,2.1852936565099068e-05,Buy
2024-01-31,ENB,0.034482758620689655,Buy
2024-01-31,BMY,-0.03473195029286891,Sell
2024-02-01,MET,0.002149002616986785,Buy
2024-02-01,CNC,0.034482758620689655,Buy
2024-02-01,PPG,7.286617771039283e-05,Buy
2024-02-01,VWO,-4.888586427382463e-05,Sell
2024-02-01,A,-0.03507572447304247,Sell
2024-02-01,HOG,-0.035280988959862015,Sell
2024-02-01,HYG,-0.034495542512892996,Sell
2024-02-01,BUD,-0.0003207943304528102,Sell
2024-02-01,SPWR,-7.708722448388633e-05,Sell
2024-02-01,RRC,0.034482758620689655,Buy
2024-02-01,CAG,-0.0004035683988532074,Sell
2024-02-01,QCOM,0.034482758620689655,Buy
2024-02-01,JNJ,0.034482758620689655,Buy
2024-02-01,STI,0.034482758620689655,Buy
2024-02-01,NDAQ,0.0005884468133408802,Buy
2024-02-01,VTR,-0.03491907568302093,Sell
2024-02-01,EWC,-5.1154715236152726e-05,Sell
2024-02-01,BBT,0.0012851330988671097,Buy
2024-02-01,WFC,0.0009418692194745476,Buy
2024-02-01,EOG,0.000543413588904397,Buy
2024-02-01,SIRI,-0.03524139135275606,Sell
2024-02-01,HTZ,0.034482758620689655,Buy
2024-02-01,ORCL,-0.03547404941799256,Sell
2024-02-01,CCL,-0.0002703650437148458,Sell
2024-02-01,MS,0.034482758620689655,Buy
2024-02-01,XRT,-0.03519797785118641,Sell
2024-02-01,KEY,0.0010345065277246185,Buy
2024-02-01,KGC,-0.03579194634386661,Sell
2024-02-01,GOLD,0.034482758620689655,Buy
2024-02-01,WMB,0.034482758620689655,Buy
2024-02-01,NTAP,8.640355744150147e-05,Buy
2024-02-01,WSM,-0.034934715669026985,Sell
2024-02-01,NWSA,-0.0344789814489733,Sell
2024-02-01,RF,0.0010114144273260794,Buy
2024-02-01,CME,0.034482758620689655,Buy
2024-02-01,PRGO,-0.03451185107452133,Sell
2024-02-01,OHI,-0.03491302753039696,Sell
2024-02-01,XLE,0.034482758620689655,Buy
2024-02-01,M,-9.655217586821557e-05,Sell
2024-02-01,ENB,-0.03464583524957495,Sell
2024-02-01,ZUMZ,0.034482758620689655,Buy
2024-02-01,BMY,0.034482758620689655,Buy
2024-02-02,MET,-0.00055198190840864,Sell
2024-02-02,CNC,-0.034766713217226325,Sell
2024-02-02,PPG,0.00011269493921379353,Buy
2024-02-02,VWO,1.0318872710281257e-05,Buy
2024-02-02,HYG,0.034482758620689655,Buy
2024-02-02,BUD,6.598767270983574e-05,Buy
2024-02-02,SPWR,-0.03708299657521578,Sell
2024-02-02,RRC,6.179888784714482e-06,Buy
2024-02-02,CAG,-1.0772076096406125e-05,Sell
2024-02-02,QCOM,-0.03485868811751579,Sell
2024-02-02,JNJ,0.00015040634811524373,Buy
2024-02-02,STI,0.007180071910976037,Buy
2024-02-02,NDAQ,3.431615844236291e-05,Buy
2024-02-02,VTR,0.034482758620689655,Buy
2024-02-02,EWC,-3.404918099925158e-05,Sell
2024-02-02,BBT,5.867143112070483e-06,Buy
2024-02-02,BDX,0.034482758620689655,Buy
2024-02-02,WFC,-0.0005395849086812787,Sell
2024-02-02,EOG,0.0003063094800524607,Buy
2024-02-02,SIRI,0.034482758620689655,Buy
2024-02-02,HTZ,-0.035827897236333964,Sell
2024-02-02,CCL,0.0005106679708435646,Buy
2024-02-02,MS,-0.03489594002037832,Sell
2024-02-02,KEY,-0.0007232290856560297,Sell
2024-02-02,KGC,0.034482758620689655,Buy
2024-02-02,GOLD,0.0005648261383760372,Buy
2024-02-02,WMB,-0.0001635445804549357,Sell
2024-02-02,TRP,0.034482758620689655,Buy
2024-02-02,NTAP,-0.03487082013531789,Sell
2024-02-02,RF,-0.00038567967057277774,Sell
2024-02-02,CME,-0.00036145039830763614,Sell
2024-02-02,OHI,0.034482758620689655,Buy
2024-02-02,XLE,-0.03476594645861057,Sell
2024-02-02,M,-0.000590943407559559,Sell
2024-02-02,ENB,0.034482758620689655,Buy
2024-02-02,ZUMZ,-0.0343473018258234,Sell
2024-02-02,BMY,-0.0002617738487744256,Sell
2024-02-05,MET,-0.0011066685503019619,Sell
2024-02-05,PPG,-0.0002646780135884749,Sell
2024-02-05,VWO,-0.03547322146281635,Sell
2024-02-05,HOG,0.034482758620689655,Buy
2024-02-05,HYG,-0.0007361464152136413,Sell
2024-02-05,BUD,-0.0352699926952639,Sell
2024-02-05,SPWR,0.034482758620689655,Buy
2024-02-05,ICE,0.034482758620689655,Buy
2024-02-05,RRC,-0.00012714951136266056,Sell
2024-02-05,CAG,-0.034302960562761116,Sell
2024-02-05,JNJ,-0.000718169296883342,Sell
2024-02-05,STI,-0.023667399182763758,Sell
2024-02-05,NDAQ,-0.0004826872915893246,Sell
2024-02-05,DPZ,0.034482758620689655,Buy
2024-02-05,VTR,0.0002971205881567643,Buy
2024-02-05,EWC,-0.00034694214254525624,Sell
2024-02-05,BBT,-0.00018030927349751286,Sell
2024-02-05,BDX,-0.000584905907677985,Sell
2024-02-05,WFC,-0.0005700797148433037,Sell
2024-02-05,EOG,-0.035000891501550585,Sell
2024-02-05,SIRI,-0.035178613019737535,Sell
2024-02-05,CCL,0.00041173608190121086,Buy
2024-02-05,MS,0.034482758620689655,Buy
2024-02-05,KEY,-0.0005318258222855657,Sell
2024-02-05,KGC,-0.00025782650826936676,Sell
2024-02-05,GOLD,-0.034681453416500856,Sell
2024-02-05,WMB,-0.03500772615546246,Sell
2024-02-05,TRP,0.00012221261903271746,Buy
2024-02-05,NTAP,0.034482758620689655,Buy
2024-02-05,NWSA,0.034482758620689655,Buy
2024-02-05,BX,0.034482758620689655,Buy
2024-02-05,RF,-0.00024376257034190024,Sell
2024-02-05,CME,-0.035087576525292534,Sell
2024-02-05,OHI,-0.0005623869801788806,Sell
2024-02-05,M,-0.00038836702077250235,Sell
2024-02-05,ENB,-0.0346622161520245,Sell
2024-02-05,MT,0.034482758620689655,Buy
2024-02-05,VZ,0.034482758620689655,Buy
2024-02-05,BMY,-0.00037088517802617155,Sell
2024-02-06,MET,0.00021526567092449572,Buy
2024-02-06,PPG,-0.03476613714623723,Sell
2024-02-06,HOG,1.064512999145173e-05,Buy
2024-02-06,WEN,0.034482758620689655,Buy
2024-02-06,HYG,-0.03431417228292195,Sell
2024-02-06,SPWR,-0.03771705665854342,Sell
2024-02-06,ICE,-0.0340762695382281,Sell
2024-02-06,RRC,0.00040242540866814586,Buy
2024-02-06,JNJ,-0.034685504452295395,Sell
2024-02-06,KMB,0.034482758620689655,Buy
2024-02-06,NDAQ,-0.034397213855552264,Sell
2024-02-06,DPZ,-0.03447825832120953,Sell
2024-02-06,VTR,5.6560080889195286e-05,Buy
2024-02-06,EWC,1.639760269394469e-05,Buy
2024-02-06,BBT,0.0007167916533232233,Buy
2024-02-06,BDX,-0.00023186032200857992,Sell
2024-02-06,WFC,0.0005810326466278853,Buy
2024-02-06,EWI,0.034482758620689655,Buy
2024-02-06,SIRI,0.034482758620689655,Buy
2024-02-06,CCL,-9.177880787518411e-06,Sell
2024-02-06,MS,0.00020959922028204736,Buy
2024-02-06,KEY,0.0010625818561962944,Buy
2024-02-06,KGC,0.00010325376261115932,Buy
2024-02-06,GOLD,0.034482758620689655,Buy
2024-02-06,WMB,0.034482758620689655,Buy
2024-02-06,TRP,0.00021209595144282972,Buy
2024-02-06,NTAP,-0.03434639188958628,Sell
2024-02-06,NWSA,-0.03493989532398262,Sell
2024-02-06,TRIP,0.034482758620689655,Buy
2024-02-06,BX,-0.03484092712352717,Sell
2024-02-06,PCG,0.034482758620689655,Buy
2024-02-06,DUK,0.034482758620689655,Buy
2024-02-06,RF,0.00048356052707466263,Buy
2024-02-06,OHI,0.0002442312349209205,Buy
2024-02-06,XLE,0.034482758620689655,Buy
2024-02-06,M,-0.0002282083977652033,Sell
2024-02-06,ENB,0.034482758620689655,Buy
2024-02-06,ZUMZ,0.034482758620689655,Buy
2024-02-06,MT,-0.03467074790285778,Sell
2024-02-06,VZ,0.0005245426011309673,Buy
2024-02-06,BMY,-0.035101661747851697,Sell
2024-02-07,MET,-0.03512727980463845,Sell
2024-02-07,PPG,0.034482758620689655,Buy
2024-02-07,A,0.034482758620689655,Buy
2024-02-07,HOG,-0.03496672347477804,Sell
2024-02-07,WEN,1.0057296768478663e-05,Buy
2024-02-07,RRC,0.00012241506090854282,Buy
2024-02-07,CAG,0.034482758620689655,Buy
2024-02-07,KMB,-2.516081032556683e-05,Sell
2024-02-07,DPZ,0.034482758620689655,Buy
2024-02-07,VTR,-9.160116160396997e-05,Sell
2024-02-07,EWC,-0.0001950338807710575,Sell
2024-02-07,BBT,8.665165159314758e-05,Buy
2024-02-07,BDX,-0.00021518024141568143,Sell
2024-02-07,WFC,-0.00023532575305929004,Sell
2024-02-07,EWI,3.346328251446762e-05,Buy
2024-02-07,SIRI,0.00017142606817862477,Buy
2024-02-07,CCL,0.00044209447778559285,Buy
2024-02-07,MS,-5.9102620525448846e-05,Sell
2024-02-07,KEY,-9.926611222729059e-05,Sell
2024-02-07,KGC,0.00015548464520388772,Buy
2024-02-07,GOLD,-0.033395696815084655,Sell
2024-02-07,WMB,-8.919281288288089e-05,Sell
2024-02-07,TRP,0.0001735361660856541,Buy
2024-02-07,NTAP,0.034482758620689655,Buy
2024-02-07,NWSA,0.034482758620689655,Buy
2024-02-07,TRIP,-0.034806790849427435,Sell
2024-02-07,PCG,-0.03494401878660093,Sell
2024-02-07,DUK,-0.03474209230313272,Sell
2024-02-07,RF,-6.0538157603561016e-05,Sell
2024-02-07,OHI,-0.0002476352629918674,Sell
2024-02-07,XLE,-0.0346523624458605,Sell
2024-02-07,M,8.625701846243922e-05,Buy
2024-02-07,ENB,0.00014019284053933684,Buy
2024-02-07,ZUMZ,0.00046925731296300344,Buy
2024-02-07,VZ,0.0004728935496329939,Buy
2024-02-07,BMY,0.034482758620689655,Buy
2024-02-08,PPG,0.0004459806229317742,Buy
2024-02-08,VWO,0.034482758620689655,Buy
2024-02-08,A,-0.0345483069747795,Sell
2024-02-08,WEN,-2.508720022256078e-05,Sell
2024-02-08,RRC,-0.000422531984245772,Sell
2024-02-08,CAG,0.0005779922989535141,Buy
2024-02-08,JNJ,0.034482758620689655,Buy
2024-02-08,KMB,0.0004904006977392988,Buy
2024-02-08,DPZ,-0.034593942868880845,Sell
2024-02-08,VTR,-6.203051424739231e-05,Sell
2024-02-08,EWC,0.0002737393535651722,Buy
2024-02-08,BBT,-0.034896666148649606,Sell
2024-02-08,BDX,8.853362441461204e-05,Buy
2024-02-08,WFC,0.00035604759277773484,Buy
2024-02-08,EWI,-0.03428946317002494,Sell
2024-02-08,SIRI,0.0006239128006928288,Buy
2024-02-08,CCL,0.00032959314152441327,Buy
2024-02-08,MS,0.00040355639700129925,Buy
2024-02-08,KEY,0.00033814378216130703,Buy
2024-02-08,KGC,0.0007086866415003668,Buy
2024-02-08,WMB,0.0005137652627282344,Buy
2024-02-08,TRP,0.0005091604869314204,Buy
2024-02-08,KO,0.034482758620689655,Buy
2024-02-08,HUM,0.034482758620689655,Buy
2024-02-08,NTAP,-0.034881412540708236,Sell
2024-02-08,NWSA,-0.036432023689159765,Sell
2024-02-08,PCG,0.034482758620689655,Buy
2024-02-08,DUK,0.034482758620689655,Buy
2024-02-08,RF,0.00016838925433056845,Buy
2024-02-08,CME,0.034482758620689655,Buy
2024-02-08,OHI,-0.03643553887134932,Sell
2024-02-08,M,-0.0010276612512826744,Sell
2024-02-08,ENB,0.0003338820040421353,Buy
2024-02-08,ZUMZ,-0.0009584998361504768,Sell
2024-02-08,VZ,0.0006960404763168976,Buy
2024-02-08,BMY,0.00021504073455561046,Buy
2024-02-09,PPG,-0.00029499734578033315,Sell
2024-02-09,VWO,-0.034677610998140214,Sell
2024-02-09,XLP,0.034482758620689655,Buy
2024-02-09,WEN,-0.03497553010391583,Sell
2024-02-09,BUD,0.034482758620689655,Buy
2024-02-09,SPWR,0.034482758620689655,Buy
2024-02-09,RRC,0.0005121363238963783,Buy
2024-02-09,CAG,0.0008021658138002152,Buy
2024-02-09,JNJ,-0.0001377912927574762,Sell
2024-02-09,STI,0.034482758620689655,Buy
2024-02-09,KMB,7.381878367349742e-05,Buy
2024-02-09,VTR,-6.58775561471342e-05,Sell
2024-02-09,EWC,-0.0346746263769798,Sell
2024-02-09,BDX,-0.03497726574749477,Sell
2024-02-09,WFC,0.00014888228737323927,Buy
2024-02-09,EOG,0.034482758620689655,Buy
2024-02-09,SIRI,0.0005646939558887759,Buy
2024-02-09,CCL,0.0007782690616131224,Buy
2024-02-09,MS,-0.03463783448576212,Sell
2024-02-09,KEY,-0.00010809457819777046,Sell
2024-02-09,ILMN,0.034482758620689655,Buy
2024-02-09,KGC,0.0009805415928942837,Buy
2024-02-09,WMB,-4.813615968493612e-05,Sell
2024-02-09,TRP,-0.0001228323882142071,Sell
2024-02-09,KO,-0.034385174787297246,Sell
2024-02-09,HUM,-0.03477395103519319,Sell
2024-02-09,TRIP,0.034482758620689655,Buy
2024-02-09,PCG,-7.955074757756003e-05,Sell
2024-02-09,DUK,0.0002996057779880573,Buy
2024-02-09,RF,-0.0002706797511378284,Sell
2024-02-09,HMC,0.034482758620689655,Buy
2024-02-09,CME,-0.034725601349374226,Sell
2024-02-09,XLE,0.034482758620689655,Buy
2024-02-09,M,0.00022895245693593802,Buy
2024-02-09,ENB,6.237321278991514e-05,Buy
2024-02-09,ZUMZ,-0.03523302329556052,Sell
2024-02-09,MT,0.034482758620689655,Buy
2024-02-09,VZ,0.00010615478396022032,Buy
2024-02-09,BMY,-0.03532106863500579,Sell
2024-02-12,MNST,0.034482758620689655,Buy
2024-02-12,PPG,-7.82719702725615e-05,Sell
2024-02-12,VWO,0.034482758620689655,Buy
2024-02-12,A,0.034482758620689655,Buy
2024-02-12,XLP,-0.03448077221455451,Sell
2024-02-12,HYG,0.034482758620689655,Buy
2024-02-12,BUD,0.0001022031105982063,Buy
2024-02-12,SPWR,-0.032959747519249745,Sell
2024-02-12,RRC,-0.03514242825948637,Sell
2024-02-12,CAG,-0.034712081694191266,Sell
2024-02-12,GREK,0.034482758620689655,Buy
2024-02-12,JNJ,-0.03447532797120851,Sell
2024-02-12,STI,0.0036692255402296266,Buy
2024-02-12,KMB,0.00017119993674660078,Buy
2024-02-12,NDAQ,0.034482758620689655,Buy
2024-02-12,VTR,0.0004334980625705642,Buy
2024-02-12,BBT,0.034482758620689655,Buy
2024-02-12,BDX,0.034482758620689655,Buy
2024-02-12,WFC,-0.03484990820403234,Sell
2024-02-12,EOG,-0.0347922085263251,Sell
2024-02-12,EWI,0.034482758620689655,Buy
2024-02-12,SIRI,-0.0006628255084143858,Sell
2024-02-12,ORCL,0.034482758620689655,Buy
2024-02-12,CCL,-0.00015702745817321173,Sell
2024-02-12,KEY,-0.0003460710036377393,Sell
2024-02-12,ILMN,-0.03476383295033055,Sell
2024-02-12,KGC,-8.626216599581793e-05,Sell
2024-02-12,WMB,-0.00027767149697297683,Sell
2024-02-12,TRP,-0.00046607125057111787,Sell
2024-02-12,D,0.034482758620689655,Buy
2024-02-12,HUM,0.034482758620689655,Buy
2024-02-12,TRIP,-0.03527809969486132,Sell
2024-02-12,PCG,-0.00017588639458374078,Sell
2024-02-12,DUK,-0.00011296185056364899,Sell
2024-02-12,RF,-0.0006294515310252755,Sell
2024-02-12,HMC,-0.03435682603766602,Sell
2024-02-12,CME,0.034482758620689655,Buy
2024-02-12,XLE,-0.03461535167809973,Sell
2024-02-12,M,-0.0006517050259178814,Sell
2024-02-12,ENB,-0.03489739467901374,Sell
2024-02-12,ZUMZ,0.034482758620689655,Buy
2024-02-12,MT,-0.03377523577052401,Sell
2024-02-12,VZ,-0.03456480624723355,Sell
2024-02-13,MNST,-0.03566528141333485,Sell
2024-02-13,PPG,-0.0004919493974590919,Sell
2024-02-13,VWO,-0.03486645235474908,Sell
2024-02-13,A,-0.0003519075024673163,Sell
2024-02-13,HYG,-0.035233922701372995,Sell
2024-02-13,BUD,-0.00043332255533271025,Sell
2024-02-13,SPWR,0.034482758620689655,Buy
2024-02-13,GREK,-0.0005375706793532969,Sell
2024-02-13,JNJ,0.034482758620689655,Buy
2024-02-13,STI,0.006856701244418277,Buy
2024-02-13,KMB,-0.03506956633431484,Sell
2024-02-13,NDAQ,-0.00033019801039696484,Sell
2024-02-13,VTR,-0.00040107237525071476,Sell
2024-02-13,DHI,0.034482758620689655,Buy
2024-02-13,EWC,0.034482758620689655,Buy
2024-02-13,BBT,0.0007810952035806965,Buy
2024-02-13,BDX,-0.00040888002305891624,Sell
2024-02-13,MU,0.034482758620689655,Buy
2024-02-13,WFC,0.034482758620689655,Buy
2024-02-13,EWI,-0.0003590049069008075,Sell
2024-02-13,SIRI,0.0007995169879731548,Buy
2024-02-13,ORCL,-0.0003741537750705376,Sell
2024-02-13,CCL,-0.00018803250044373276,Sell
2024-02-13,MS,0.034482758620689655,Buy
2024-02-13,MAR,0.034482758620689655,Buy
2024-02-13,KEY,0.0004717870134664029,Buy
2024-02-13,ILMN,0.034482758620689655,Buy
2024-02-13,KGC,-0.033814838689190135,Sell
2024-02-13,WMB,-0.03499491164605802,Sell
2024-02-13,TRP,-0.00034109129711858144,Sell
2024-02-13,D,-0.00036095412479122957,Sell
2024-02-13,HUM,-0.03507082414757748,Sell
2024-02-13,BX,0.034482758620689655,Buy
2024-02-13,PCG,-0.035173743255623995,Sell
2024-02-13,DUK,-0.0006377583083451571,Sell
2024-02-13,RF,6.0296593249499486e-05,Buy
2024-02-13,CME,-0.035623976843980956,Sell
2024-02-13,M,8.825609460225842e-05,Buy
2024-02-13,ZUMZ,-0.03340675952246703,Sell
2024-02-14,MNST,0.034482758620689655,Buy
2024-02-14,PPG,-0.03449471941122542,Sell
2024-02-14,A,-0.034812731411629695,Sell
2024-02-14,WEN,0.034482758620689655,Buy
2024-02-14,BUD,0.0010363463704829087,Buy
2024-02-14,SPWR,-0.028423095435101905,Sell
2024-02-14,RRC,0.034482758620689655,Buy
2024-02-14,CAG,0.034482758620689655,Buy
2024-02-14,GREK,-0.034716013418212024,Sell
2024-02-14,JNJ,0.0004822577728874483,Buy
2024-02-14,STI,-0.005045084531666681,Sell
2024-02-14,KMB,0.034482758620689655,Buy
2024-02-14,NDAQ,0.0002554310609999416,Buy
2024-02-14,VTR,-0.03503556224854919,Sell
2024-02-14,DHI,-0.03491086795567504,Sell
2024-02-14,EWC,-0.00028692982709264264,Sell
2024-02-14,BBT,7.309391798381026e-05,Buy
2024-02-14,BDX,0.0003886197359064189,Buy
2024-02-14,MU,0.00019719552809458613,Buy
2024-02-14,WFC,0.00011754175050388699,Buy
2024-02-14,EWI,-0.03467077908352024,Sell
2024-02-14,SIRI,3.6441050577845635e-05,Buy
2024-02-14,ORCL,-0.034334149763002086,Sell
2024-02-14,CCL,-1.599428355644056e-05,Sell
2024-02-14,MS,0.00031069493766411327,Buy
2024-02-14,MAR,0.0002574638663304374,Buy
2024-02-14,KEY,-0.0005102699520009163,Sell
2024-02-14,ILMN,-0.03594780490472058,Sell
2024-02-14,TRP,0.0003410830077255067,Buy
2024-02-14,D,-6.213653248374196e-05,Sell
2024-02-14,HUM,0.034482758620689655,Buy
2024-02-14,NTAP,0.034482758620689655,Buy
2024-02-14,BX,-0.03498002450935164,Sell
2024-02-14,PCG,0.034482758620689655,Buy
2024-02-14,DUK,0.00042357462144749364,Buy
2024-02-14,RF,-0.00044088604799927267,Sell
2024-02-14,HMC,0.034482758620689655,Buy
2024-02-14,M,-0.03471838701944136,Sell
2024-02-14,MT,0.034482758620689655,Buy
2024-02-14,BMY,0.034482758620689655,Buy
2024-02-15,MNST,0.00011260497938709452,Buy
2024-02-15,VWO,0.034482758620689655,Buy
2024-02-15,CF,0.034482758620689655,Buy
2024-02-15,XLP,0.034482758620689655,Buy
2024-02-15,WEN,0.0008103890538027209,Buy
2024-02-15,DAL,0.034482758620689655,Buy
2024-02-15,BUD,3.847035547396849e-05,Buy
2024-02-15,SPWR,0.034482758620689655,Buy
2024-02-15,RRC,-0.03570334803740065,Sell
2024-02-15,CAG,-0.034749326690558774,Sell
2024-02-15,GREK,0.034482758620689655,Buy
2024-02-15,JNJ,-0.03466511445894705,Sell
2024-02-15,STI,0.004938795807667061,Buy
2024-02-15,KMB,0.00018356565416204063,Buy
2024-02-15,NDAQ,0.0004921918282681584,Buy
2024-02-15,HAS,0.034482758620689655,Buy
2024-02-15,VTR,0.034482758620689655,Buy
2024-02-15,EWC,-0.034928944604023925,Sell
2024-02-15,BBT,-0.03525685532671604,Sell
2024-02-15,BDX,0.0001027543914925294,Buy
2024-02-15,MU,0.0003797323990060997,Buy
2024-02-15,WFC,-0.03665917863189526,Sell
2024-02-15,SIRI,0.00036724189189454165,Buy
2024-02-15,ORCL,0.034482758620689655,Buy
2024-02-15,CCL,0.00040811373537784357,Buy
2024-02-15,MS,-0.03486624392473157,Sell
2024-02-15,MAR,-0.03492727665266703,Sell
2024-02-15,KEY,-0.000542462943015673,Sell
2024-02-15,TRP,-0.0006691416454049429,Sell
2024-02-15,KO,0.034482758620689655,Buy
2024-02-15,D,-0.00018393465002495418,Sell
2024-02-15,HUM,0.0001367037640920346,Buy
2024-02-15,NTAP,0.0004870508445344035,Buy
2024-02-15,PCG,-8.020012966632184e-05,Sell
2024-02-15,DUK,-0.03496067652766611,Sell
2024-02-15,RF,-0.00018980044324911488,Sell
2024-02-15,HMC,-0.03518701888165,Sell
2024-02-15,OHI,0.034482758620689655,Buy
2024-02-15,MT,0.00018272524094600784,Buy
2024-02-15,BMY,-0.03457117394543614,Sell
2024-02-16,MET,0.034482758620689655,Buy
2024-02-16,MNST,0.0005133374814546565,Buy
2024-02-16,PPG,0.034482758620689655,Buy
2024-02-16,VWO,-0.034849051798549524,Sell
2024-02-16,CF,-0.035085826836142635,Sell
2024-02-16,HOG,0.034482758620689655,Buy
2024-02-16,XLP,-0.0002488135954755652,Sell
2024-02-16,WEN,0.0008259914210619196,Buy
2024-02-16,DAL,-0.033935094532023674,Sell
2024-02-16,HYG,0.034482758620689655,Buy
2024-02-16,BUD,0.00012351245492225188,Buy
2024-02-16,SPWR,-0.03467943124892727,Sell
2024-02-16,GREK,-0.034705497901575774,Sell
2024-02-16,STI,0.0007941682645888834,Buy
2024-02-16,KMB,-5.070449751264777e-05,Sell
2024-02-16,NDAQ,-0.00015292252241564525,Sell
2024-02-16,HAS,-0.034496019599470025,Sell
2024-02-16,VTR,0.0001563227016378732,Buy
2024-02-16,DHI,0.034482758620689655,Buy
2024-02-16,BBT,0.034482758620689655,Buy
2024-02-16,BDX,-0.000312293189973091,Sell
2024-02-16,MU,0.0007082320850838805,Buy
2024-02-16,SIRI,-0.0001966726282376166,Sell
2024-02-16,ORCL,0.0002553489175673093,Buy
2024-02-16,CCL,0.0007603137719317879,Buy
2024-02-16,KEY,0.00012081345894899426,Buy
2024-02-16,TRP,-0.035505984293595805,Sell
2024-02-16,KO,-0.00019082953025788274,Sell
2024-02-16,D,-0.0004787360693998752,Sell
2024-02-16,HUM,-0.00047679698435653534,Sell
2024-02-16,NTAP,0.0004232450842811611,Buy
2024-02-16,PCG,1.3134536682064823e-05,Buy
2024-02-16,RF,-6.581499686289516e-05,Sell
2024-02-16,OHI,-0.0003995430403312891,Sell
2024-02-16,M,0.034482758620689655,Buy
2024-02-16,ENB,0.034482758620689655,Buy
2024-02-16,MT,-0.03492158533464326,Sell
2024-02-20,MET,-0.03449919909460419,Sell
2024-02-20,MNST,-0.0003306477088309556,Sell
2024-02-20,PPG,9.087759990514949e-05,Buy
2024-02-20,AMTD,0.034482758620689655,Buy
2024-02-20,A,0.034482758620689655,Buy
2024-02-20,CF,0.034482758620689655,Buy
2024-02-20,HOG,0.00016390697515406005,Buy
2024-02-20,XLP,-0.03493791243695323,Sell
2024-02-20,NVDA,0.034482758620689655,Buy
2024-02-20,WEN,0.0007711091049385499,Buy
2024-02-20,HYG,-0.034646542159534686,Sell
2024-02-20,BUD,-0.00043070918735536173,Sell
2024-02-20,JNJ,0.034482758620689655,Buy
2024-02-20,STI,0.002602930925952908,Buy
2024-02-20,KMB,-0.034825975825665045,Sell
2024-02-20,NDAQ,-0.0346494809407828,Sell
2024-02-20,VTR,0.00047700572065342145,Buy
2024-02-20,DHI,-0.035113046978379504,Sell
2024-02-20,BBT,-0.03477554193872039,Sell
2024-02-20,BDX,-7.749701994365366e-05,Sell
2024-02-20,MU,-0.03510085167006029,Sell
2024-02-20,SIRI,0.00041236409076645525,Buy
2024-02-20,ORCL,0.0007965022628675239,Buy
2024-02-20,CCL,1.5904179677811436e-06,Buy
2024-02-20,MS,0.034482758620689655,Buy
2024-02-20,XRT,0.034482758620689655,Buy
2024-02-20,KEY,-0.00038673320728598026,Sell
2024-02-20,TRP,0.034482758620689655,Buy
2024-02-20,KO,-0.03533725269041008,Sell
2024-02-20,D,0.00029264227196165726,Buy
2024-02-20,HUM,-0.00011258048114881625,Sell
2024-02-20,NTAP,8.990491564934977e-06,Buy
2024-02-20,BX,0.034482758620689655,Buy
2024-02-20,PCG,-0.000512726789759832,Sell
2024-02-20,RF,2.040711389540706e-05,Buy
2024-02-20,OHI,-0.03502145767391786,Sell
2024-02-20,XLE,0.034482758620689655,Buy
2024-02-20,M,0.0002634840851216125,Buy
2024-02-20,ENB,-0.034594700913238234,Sell
2024-02-20,MT,0.034482758620689655,Buy
2024-02-21,MNST,-3.2324199741390336e-05,Sell
2024-02-21,PPG,-0.0005611071168540802,Sell
2024-02-21,AMTD,-0.034296755126600895,Sell
2024-02-21,A,-0.03498547850201155,Sell
2024-02-21,CF,-0.03493840161874686,Sell
2024-02-21,HOG,-0.00017660805345989794,Sell
2024-02-21,NVDA,0.0007935529341339398,Buy
2024-02-21,WEN,-2.1037960751188467e-06,Sell
2024-02-21,DAL,0.034482758620689655,Buy
2024-02-21,HYG,0.034482758620689655,Buy
2024-02-21,BUD,-0.03510268446485361,Sell
2024-02-21,GREK,0.034482758620689655,Buy
2024-02-21,JNJ,-0.03485796522109908,Sell
2024-02-21,STI,0.006828985351424923,Buy
2024-02-21,HAS,0.034482758620689655,Buy
2024-02-21,VTR,-0.035515770686408495,Sell
2024-02-21,DHI,0.034482758620689655,Buy
2024-02-21,BDX,-0.035349306431934346,Sell
2024-02-21,SIRI,0.00017149474548300986,Buy
2024-02-21,HTZ,0.034482758620689655,Buy
2024-02-21,ORCL,-0.00010234580250667591,Sell
2024-02-21,CCL,-7.760084308702092e-05,Sell
2024-02-21,MS,-0.00023976568246569796,Sell
2024-02-21,XRT,-3.3652244393792e-05,Sell
2024-02-21,KEY,-0.0003661411197699027,Sell
2024-02-21,ILMN,0.034482758620689655,Buy
2024-02-21,TRP,-0.03480016645290288,Sell
2024-02-21,D,-0.0009138628455782477,Sell
2024-02-21,HUM,-0.03472128379866578,Sell
2024-02-21,NTAP,0.00015389815353504532,Buy
2024-02-21,NWSA,0.034482758620689655,Buy
2024-02-21,BX,-0.00015664003229512447,Sell
2024-02-21,PCG,-0.03499062600466136,Sell
2024-02-21,RF,-2.5639810915301098e-05,Sell
2024-02-21,PRGO,0.034482758620689655,Buy
2024-02-21,XLE,-0.035328122308492006,Sell
2024-02-21,M,0.0002910654857785841,Buy
2024-02-21,COF,0.034482758620689655,Buy
2024-02-21,ENB,0.034482758620689655,Buy
2024-02-21,MT,-0.0001687203843686383,Sell
2024-02-22,MET,0.034482758620689655,Buy
2024-02-22,MNST,0.00017051803504281038,Buy
2024-02-22,CNC,0.034482758620689655,Buy
2024-02-22,PPG,-2.3851062060147032e-05,Sell
2024-02-22,A,0.034482758620689655,Buy
2024-02-22,HOG,0.0002249760701518791,Buy
2024-02-22,NVDA,-0.03996148501862118,Sell
2024-02-22,WEN,-4.0267862666809595e-05,Sell
2024-02-22,DAL,-0.03547640276211391,Sell
2024-02-22,HYG,-0.03449604050473867,Sell
2024-02-22,BUD,0.034482758620689655,Buy
2024-02-22,GREK,5.82467110182075e-05,Buy
2024-02-22,JNJ,0.034482758620689655,Buy
2024-02-22,STI,-0.02787670456008504,Sell
2024-02-22,KMB,0.034482758620689655,Buy
2024-02-22,HAS,0.0001038659661860078,Buy
2024-02-22,DHI,-0.0001199693882255673,Sell
2024-02-22,BBT,0.034482758620689655,Buy
2024-02-22,BDX,0.034482758620689655,Buy
2024-02-22,SIRI,-0.03469769644216302,Sell
2024-02-22,HTZ,-0.034283696685877586,Sell
2024-02-22,ORCL,-0.035235527345418134,Sell
2024-02-22,CCL,-0.035497843526400875,Sell
2024-02-22,MS,-4.830279905491952e-06,Sell
2024-02-22,XRT,-0.0001409460757184483,Sell
2024-02-22,KEY,-6.483307552526685e-05,Sell
2024-02-22,ILMN,0.00036828110256246355,Buy
2024-02-22,KO,0.034482758620689655,Buy
2024-02-22,D,0.0006635762839839673,Buy
2024-02-22,NTAP,-0.034911220407875816,Sell
2024-02-22,NWSA,-0.03489695867143359,Sell
2024-02-22,BX,-0.03463018416323202,Sell
2024-02-22,PCG,0.034482758620689655,Buy
2024-02-22,DUK,0.034482758620689655,Buy
2024-02-22,RF,0.00033912912885582236,Buy
2024-02-22,PRGO,0.0003556824794224145,Buy
2024-02-22,M,-8.317863543394477e-05,Sell
2024-02-22,COF,0.00026626999001017754,Buy
2024-02-22,ENB,-0.034429569751112464,Sell
2024-02-22,MT,0.0003345873746492603,Buy
2024-02-22,VZ,0.034482758620689655,Buy
2024-02-23,MET,-0.03453383023785103,Sell
2024-02-23,MNST,-0.034411750144235836,Sell
2024-02-23,CNC,-0.03436397679015887,Sell
2024-02-23,PPG,-5.378859834336003e-05,Sell
2024-02-23,A,0.00018044087906127215,Buy
2024-02-23,HP,0.034482758620689655,Buy
2024-02-23,HOG,0.0008421174068987888,Buy
2024-02-23,WEN,-0.0004277627174785817,Sell
2024-02-23,BUD,0.0001992700682874951,Buy
2024-02-23,RRC,0.034482758620689655,Buy
2024-02-23,GREK,0.0003864915191918658,Buy
2024-02-23,JNJ,-0.00011410864148059946,Sell
2024-02-23,KMB,-0.03446689646853314,Sell
2024-02-23,HAS,0.00057280613669735,Buy
2024-02-23,VTR,0.034482758620689655,Buy
2024-02-23,DHI,-4.6200922901917796e-05,Sell
2024-02-23,BBT,0.00015189319146391433,Buy
2024-02-23,BDX,-0.00018019574680656208,Sell
2024-02-23,EOG,0.034482758620689655,Buy
2024-02-23,SIRI,0.034482758620689655,Buy
2024-02-23,CCL,0.034482758620689655,Buy
2024-02-23,MS,-0.03457939480588008,Sell
2024-02-23,XRT,-0.0349125398568538,Sell
2024-02-23,KEY,0.00039815711234408857,Buy
2024-02-23,ILMN,0.0008282931317513675,Buy
2024-02-23,KGC,0.034482758620689655,Buy
2024-02-23,GOLD,0.034482758620689655,Buy
2024-02-23,TRP,0.034482758620689655,Buy
2024-02-23,KO,-0.03432776848277552,Sell
2024-02-23,D,-0.03599966786333004,Sell
2024-02-23,BX,0.034482758620689655,Buy
2024-02-23,PCG,-0.035082540182589605,Sell
2024-02-23,DUK,-4.03402792333446e-05,Sell
2024-02-23,RF,8.896176583382542e-05,Buy
2024-02-23,PRGO,-0.00018357776076734222,Sell
2024-02-23,M,-0.034981417442043285,Sell
2024-02-23,COF,-0.034544427743374094,Sell
2024-02-23,ENB,0.034482758620689655,Buy
2024-02-23,MT,-0.00015785783005314857,Sell
2024-02-23,VZ,0.00024198525766624263,Buy
2024-02-26,PPG,0.00022431096376686332,Buy
2024-02-26,A,-0.00012216465841715513,Sell
2024-02-26,HP,-0.0349124554360461,Sell
2024-02-26,HOG,-0.000254811598926534,Sell
2024-02-26,XLP,0.034482758620689655,Buy
2024-02-26,WEN,-9.32916515968274e-05,Sell
2024-02-26,AA,0.034482758620689655,Buy
2024-02-26,HYG,0.034482758620689655,Buy
2024-02-26,BUD,-0.034598985262829604,Sell
2024-02-26,RRC,-0.03502580479964989,Sell
2024-02-26,GREK,-0.00029018559207515116,Sell
2024-02-26,JNJ,-3.883681077446188e-05,Sell
2024-02-26,KMB,0.034482758620689655,Buy
2024-02-26,NDAQ,0.034482758620689655,Buy
2024-02-26,HAS,0.0003803584060466936,Buy
2024-02-26,VTR,0.0006720764968468906,Buy
2024-02-26,DHI,-0.03468996291303874,Sell
2024-02-26,BBT,-0.0003273378093591947,Sell
2024-02-26,BDX,0.00036799885794899095,Buy
2024-02-26,EOG,-0.0003232907635012591,Sell
2024-02-26,SIRI,-4.527966628118524e-05,Sell
2024-02-26,CCL,0.0007623962177215476,Buy
2024-02-26,MS,0.034482758620689655,Buy
2024-02-26,KEY,0.0006628141363003229,Buy
2024-02-26,ILMN,-0.0357842201210401,Sell
2024-02-26,KGC,-0.034328391378587904,Sell
2024-02-26,GOLD,-8.594046193859117e-05,Sell
2024-02-26,TRP,0.000146465333749686,Buy
2024-02-26,BX,-0.034794243783628206,Sell
2024-02-26,DUK,0.0005151292378708927,Buy
2024-02-26,RF,-0.00016923034321483094,Sell
2024-02-26,CLX,0.034482758620689655,Buy
2024-02-26,PRGO,-0.03476864829564883,Sell
2024-02-26,M,0.034482758620689655,Buy
2024-02-26,ENB,0.0001450974389273843,Buy
2024-02-26,MT,0.00015657967135824374,Buy
2024-02-26,VZ,0.0005646646129428556,Buy
2024-02-27,PPG,0.0006562242578054822,Buy
2024-02-27,BAX,0.034482758620689655,Buy
2024-02-27,A,3.749801174642714e-05,Buy
2024-02-27,HOG,0.0008337797581396619,Buy
2024-02-27,XLP,-0.0341743893331844,Sell
2024-02-27,WEN,0.0004819277046057488,Buy
2024-02-27,AA,-0.03600370645734579,Sell
2024-02-27,HYG,-0.034214125606543286,Sell
2024-02-27,BUD,0.034482758620689655,Buy
2024-02-27,GREK,0.00032143737531754174,Buy
2024-02-27,JNJ,0.00027258155926082606,Buy
2024-02-27,KMB,0.00032422830303089484,Buy
2024-02-27,NDAQ,-0.03427926268010226,Sell
2024-02-27,HAS,-0.03530013944715281,Sell
2024-02-27,VTR,0.000575370935349713,Buy
2024-02-27,DHI,0.034482758620689655,Buy
2024-02-27,BBT,0.0007462675089964996,Buy
2024-02-27,BDX,0.00038080548578639517,Buy
2024-02-27,EOG,-0.034746164137702804,Sell
2024-02-27,SIRI,0.000601915867748333,Buy
2024-02-27,HTZ,0.034482758620689655,Buy
2024-02-27,CCL,-0.03678224689031661,Sell
2024-02-27,MS,0.0003847462086044584,Buy
2024-02-27,KEY,-0.03531879518760467,Sell
2024-02-27,GOLD,-0.0003921375683596101,Sell
2024-02-27,TRP,0.0001825055679619894,Buy
2024-02-27,KO,0.034482758620689655,Buy
2024-02-27,DUK,0.0002375656740376958,Buy
2024-02-27,RF,-0.0003430719069284771,Sell
2024-02-27,HMC,0.034482758620689655,Buy
2024-02-27,CP,0.034482758620689655,Buy
2024-02-27,CLX,-0.03436892948717845,Sell
2024-02-27,OHI,0.034482758620689655,Buy
2024-02-27,BSX,0.034482758620689655,Buy
2024-02-27,M,-0.03532061126874959,Sell
2024-02-27,ENB,0.00021360044644105208,Buy
2024-02-27,MT,-7.979899517776556e-05,Sell
2024-02-27,VZ,0.00010633294948785704,Buy
2024-02-27,BMY,0.034482758620689655,Buy
2024-02-28,MNST,0.034482758620689655,Buy
2024-02-28,CNC,0.034482758620689655,Buy
2024-02-28,PPG,5.553809466997406e-05,Buy
2024-02-28,BAX,0.00018943754034023152,Buy
2024-02-28,A,-0.035694545229806605,Sell
2024-02-28,HOG,-0.0002598374602152606,Sell
2024-02-28,WEN,-0.0006981655610006285,Sell
2024-02-28,BUD,0.00028419443914846215,Buy
2024-02-28,SPWR,0.034482758620689655,Buy
2024-02-28,GREK,0.00013894991200780193,Buy
2024-02-28,JNJ,-0.00017212913152381965,Sell
2024-02-28,STI,0.034482758620689655,Buy
2024-02-28,KMB,-6.12504100764577e-05,Sell
2024-02-28,VTR,7.972370115947452e-05,Buy
2024-02-28,DHI,-0.0001780663295258833,Sell
2024-02-28,EWC,0.034482758620689655,Buy
2024-02-28,BBT,0.0005204126537470891,Buy
2024-02-28,BDX,0.0002493253996806097,Buy
2024-02-28,SIRI,-0.03261821924505499,Sell
2024-02-28,HTZ,-0.03484212242214666,Sell
2024-02-28,DLTR,0.034482758620689655,Buy
2024-02-28,MS,-0.0347588209920683,Sell
2024-02-28,KEY,0.034482758620689655,Buy
2024-02-28,GOLD,-0.034223804397307114,Sell
2024-02-28,TRP,2.8954305749569198e-05,Buy
2024-02-28,KO,-8.419247829188209e-05,Sell
2024-02-28,DUK,-8.035335475227445e-06,Sell
2024-02-28,RF,-3.126875244232469e-05,Sell
2024-02-28,HMC,-0.03465016805360772,Sell
2024-02-28,CP,0.0004075838592693809,Buy
2024-02-28,OHI,-0.03484202328142007,Sell
2024-02-28,BSX,-0.03482371651608753,Sell
2024-02-28,M,0.034482758620689655,Buy
2024-02-28,ENB,6.028025199441428e-05,Buy
2024-02-28,MT,0.0004210445107020386,Buy
2024-02-28,VZ,-0.03467962930277749,Sell
2024-02-28,MRK,0.034482758620689655,Buy
2024-02-28,BMY,-0.0003301581983321811,Sell
2024-02-29,MNST,-0.036650511227122505,Sell
2024-02-29,CNC,-0.00016995810816274048,Sell
2024-02-29,PPG,-0.03491118842083178,Sell
2024-02-29,BAX,0.00014145009728912944,Buy
2024-02-29,VWO,0.034482758620689655,Buy
2024-02-29,HOG,-2.8585143265341673e-05,Sell
2024-02-29,WEN,1.897934971620968e-05,Buy
2024-02-29,BUD,0.0010012937977427402,Buy
2024-02-29,SPWR,-0.034964900383619615,Sell
2024-02-29,GREK,-0.0002388260070931153,Sell
2024-02-29,JNJ,-0.00011584186014208103,Sell
2024-02-29,STI,-0.029154075959502885,Sell
2024-02-29,KMB,-0.00013514516675069282,Sell
2024-02-29,NDAQ,0.034482758620689655,Buy
2024-02-29,VTR,2.625334955021208e-06,Buy
2024-02-29,DHI,-0.03545595858043096,Sell
2024-02-29,EWC,-0.034853051039295875,Sell
2024-02-29,BBT,-0.00023305707181006663,Sell
2024-02-29,BDX,0.00036908575167959867,Buy
2024-02-29,SIRI,0.034482758620689655,Buy
2024-02-29,DLTR,-0.03476302103320746,Sell
2024-02-29,CCL,0.034482758620689655,Buy
2024-02-29,ALK,0.034482758620689655,Buy
2024-02-29,KEY,-0.03550589642450419,Sell
2024-02-29,TRP,-0.0003283250918630076,Sell
2024-02-29,KO,6.561769885519292e-05,Buy
2024-02-29,DUK,-0.03505109969012531,Sell
2024-02-29,RF,-0.03520189730524058,Sell
2024-02-29,CP,-0.00018899237109763767,Sell
2024-02-29,PRGO,0.034482758620689655,Buy
2024-02-29,OHI,0.034482758620689655,Buy
2024-02-29,BSX,0.034482758620689655,Buy
2024-02-29,M,0.0016725865909323553,Buy
2024-02-29,ENB,-0.0001925788485873589,Sell
2024-02-29,ZUMZ,0.034482758620689655,Buy
2024-02-29,MT,-0.00020548905977788023,Sell
2024-02-29,VZ,0.034482758620689655,Buy
2024-02-29,MRK,0.00012870797217689328,Buy
2024-02-29,BMY,-3.665896639136468e-05,Sell
2024-03-01,MET,0.034482758620689655,Buy
2024-03-01,CNC,0.0003201358049853553,Buy
2024-03-01,PPG,0.034482758620689655,Buy
2024-03-01,BAX,4.74261054455305e-05,Buy
2024-03-01,VWO,-0.03482045961254036,Sell
2024-03-01,HOG,-0.00010831049242344265,Sell
2024-03-01,WEN,0.0002937477472632205,Buy
2024-03-01,BUD,0.000236826311285257,Buy
2024-03-01,GREK,-0.03471946915974373,Sell
2024-03-01,JNJ,-3.45533029445233e-05,Sell
2024-03-01,KMB,-0.034850331668892676,Sell
2024-03-01,NDAQ,-0.034561521786460124,Sell
2024-03-01,TRV,0.034482758620689655,Buy
2024-03-01,VTR,-0.0012663435623159955,Sell
2024-03-01,BBT,0.0001229945463392182,Buy
2024-03-01,BDX,0.00015800588684340006,Buy
2024-03-01,WFC,0.034482758620689655,Buy
2024-03-01,SIRI,-0.03319370838439345,Sell
2024-03-01,HTZ,0.034482758620689655,Buy
2024-03-01,CCL,-0.034663066712093446,Sell
2024-03-01,ALK,0.0004813868233171925,Buy
2024-03-01,KEY,0.034482758620689655,Buy
2024-03-01,TRP,-0.03453352232180028,Sell
2024-03-01,KO,0.00040350596365728436,Buy
2024-03-01,NWSA,0.034482758620689655,Buy
2024-03-01,PCG,0.034482758620689655,Buy
2024-03-01,DUK,0.034482758620689655,Buy
2024-03-01,RF,0.034482758620689655,Buy
2024-03-01,CP,-0.03487307890665353,Sell
2024-03-01,PRGO,3.140580022677891e-05,Buy
2024-03-01,OHI,0.00025549100274817327,Buy
2024-03-01,BSX,-0.03483719830590004,Sell
2024-03-01,M,-0.000999998874640702,Sell
2024-03-01,ENB,-0.0002563404808834241,Sell
2024-03-01,ZUMZ,0.0003570013754196563,Buy
2024-03-01,MT,0.0003206189974576251,Buy
2024-03-01,VZ,-0.03451431435463874,Sell
2024-03-01,MRK,0.00017433852544344874,Buy
2024-03-01,BMY,2.8214758446963584e-05,Buy
2024-03-04,MET,3.835515272669621e-05,Buy
2024-03-04,CNC,-2.27495924334728e-05,Sell
2024-03-04,PPG,0.0002009108772999743,Buy
2024-03-04,BAX,-0.035603951338848895,Sell
2024-03-04,VWO,0.034482758620689655,Buy
2024-03-04,CF,0.034482758620689655,Buy
2024-03-04,HOG,-0.03466769652159491,Sell
2024-03-04,WEN,-0.00038771866522780557,Sell
2024-03-04,BUD,0.0001670101208768801,Buy
2024-03-04,ICE,0.034482758620689655,Buy
2024-03-04,JNJ,0.0006102111720912365,Buy
2024-03-04,TRV,-0.034394964453023764,Sell
2024-03-04,VTR,4.896577348774411e-05,Buy
2024-03-04,BBT,0.001038286819296283,Buy
2024-03-04,BDX,7.74027182603304e-05,Buy
2024-03-04,WFC,-0.034823692301927486,Sell
2024-03-04,EOG,0.034482758620689655,Buy
2024-03-04,SIRI,0.034482758620689655,Buy
2024-03-04,HTZ,0.0027190987735393954,Buy
2024-03-04,DLTR,0.034482758620689655,Buy
2024-03-04,ALK,-0.034235005476952574,Sell
2024-03-04,KEY,-0.035299950040017646,Sell
2024-03-04,ILMN,0.034482758620689655,Buy
2024-03-04,TRP,0.034482758620689655,Buy
2024-03-04,KO,-3.45486980882978e-05,Sell
2024-03-04,NWSA,0.0006489707664782893,Buy
2024-03-04,BX,0.034482758620689655,Buy
2024-03-04,PCG,-0.034852427632176795,Sell
2024-03-04,DUK,-0.03494558115164602,Sell
2024-03-04,RF,-0.035150390997260215,Sell
2024-03-04,CLX,0.034482758620689655,Buy
2024-03-04,PRGO,0.0002575307542272212,Buy
2024-03-04,OHI,-0.0004159978314004359,Sell
2024-03-04,M,-0.0390102350092815,Sell
2024-03-04,COF,0.034482758620689655,Buy
2024-03-04,ENB,0.00020601472518187725,Buy
2024-03-04,ZUMZ,-0.033197437024308746,Sell
2024-03-04,MT,0.000524526158161516,Buy
2024-03-04,MRK,0.0009144965380992326,Buy
2024-03-04,BMY,0.00010679015724496255,Buy
2024-03-05,MET,-0.03479457242137184,Sell
2024-03-05,CNC,0.0003701624401443518,Buy
2024-03-05,PPG,7.131485978647406e-05,Buy
2024-03-05,AMTD,0.034482758620689655,Buy
2024-03-05,VWO,0.00019815207673078844,Buy
2024-03-05,CF,0.00011165179477766463,Buy
2024-03-05,WEN,-0.03480115908088356,Sell
2024-03-05,BUD,-5.828253873039341e-05,Sell
2024-03-05,SPWR,0.034482758620689655,Buy
2024-03-05,ICE,-0.03485557513056457,Sell
2024-03-05,QCOM,0.034482758620689655,Buy
2024-03-05,JNJ,-6.338989859794308e-05,Sell
2024-03-05,NDAQ,0.034482758620689655,Buy
2024-03-05,VTR,0.0008491646336955747,Buy
2024-03-05,DHI,0.034482758620689655,Buy
2024-03-05,BBT,-0.0008768035931440224,Sell
2024-03-05,BDX,0.0002869447224016011,Buy
2024-03-05,EOG,-0.03462832819462487,Sell
2024-03-05,QQQ,0.034482758620689655,Buy
2024-03-05,SIRI,-3.5309464317810624e-05,Sell
2024-03-05,HTZ,0.00039437675788057264,Buy
2024-03-05,ORCL,0.034482758620689655,Buy
2024-03-05,DLTR,-0.035145155837113,Sell
2024-03-05,ILMN,0.000721731920759125,Buy
2024-03-05,TRP,-0.03463954513223669,Sell
2024-03-05,KO,0.00013205936651142225,Buy
2024-03-05,NWSA,4.45598641943476e-05,Buy
2024-03-05,TRIP,0.034482758620689655,Buy
2024-03-05,BX,0.000450011845142137,Buy
2024-03-05,PCG,0.034482758620689655,Buy
2024-03-05,HMC,0.034482758620689655,Buy
2024-03-05,CLX,0.0002025194310418879,Buy
2024-03-05,PRGO,-0.0013907707167961567,Sell
2024-03-05,OHI,0.0006114258695122179,Buy
2024-03-05,COF,-0.03491657845047455,Sell
2024-03-05,ENB,-0.03457771450219434,Sell
2024-03-05,MT,-0.03385814605183496,Sell
2024-03-05,MRK,0.0003041661540983884,Buy
2024-03-05,BMY,-0.0351281728625483,Sell
2024-03-06,CNC,0.0002779916096925378,Buy
2024-03-06,PPG,3.476488668278932e-05,Buy
2024-03-06,AMTD,-0.03513651744106985,Sell
2024-03-06,VWO,-0.034544205733481784,Sell
2024-03-06,CF,-0.03500493435150239,Sell
2024-03-06,AA,0.034482758620689655,Buy
2024-03-06,BUD,9.50887006135187e-05,Buy
2024-03-06,SPWR,-0.0003345975538615875,Sell
2024-03-06,QCOM,-0.03548205056152057,Sell
2024-03-06,JNJ,0.0004961312201414159,Buy
2024-03-06,NDAQ,-0.03469637928230951,Sell
2024-03-06,VTR,-1.146338339837183e-05,Sell
2024-03-06,DHI,0.00019014404296595344,Buy
2024-03-06,BBT,-0.034917115579673315,Sell
2024-03-06,BDX,4.750616954850295e-05,Buy
2024-03-06,EOG,0.034482758620689655,Buy
2024-03-06,QQQ,-0.034335423323287984,Sell
2024-03-06,SIRI,0.00019810400242564752,Buy
2024-03-06,HTZ,-0.03474226115082856,Sell
2024-03-06,ORCL,-0.03453005891580335,Sell
2024-03-06,MS,0.034482758620689655,Buy
2024-03-06,XRT,0.034482758620689655,Buy
2024-03-06,KEY,0.034482758620689655,Buy
2024-03-06,ILMN,0.0002477417202575022,Buy
2024-03-06,GOLD,0.034482758620689655,Buy
2024-03-06,TRP,0.034482758620689655,Buy
2024-03-06,KO,0.0003445459883754734,Buy
2024-03-06,D,0.034482758620689655,Buy
2024-03-06,PVH,0.034482758620689655,Buy
2024-03-06,NWSA,-0.03433203890041702,Sell
2024-03-06,TRIP,0.0002209637624067881,Buy
2024-03-06,BX,0.0007772620547787726,Buy
2024-03-06,PCG,0.00023714016848323805,Buy
2024-03-06,RF,0.034482758620689655,Buy
2024-03-06,HMC,-0.03455968561132408,Sell
2024-03-06,CME,0.034482758620689655,Buy
2024-03-06,CLX,-0.03426440845842498,Sell
2024-03-06,PRGO,-0.0351599081150373,Sell
2024-03-06,OHI,0.0003286146140891247,Buy
2024-03-06,COF,0.034482758620689655,Buy
2024-03-06,VZ,0.034482758620689655,Buy
2024-03-06,MRK,0.0001061851782698589,Buy
2024-03-07,CNC,-0.0351854761481248,Sell
2024-03-07,PPG,2.0820121825110283e-05,Buy
2024-03-07,AMTD,0.034482758620689655,Buy
2024-03-07,WEN,0.034482758620689655,Buy
2024-03-07,AA,-0.036274970572875306,Sell
2024-03-07,BUD,-0.0003594950038276895,Sell
2024-03-07,SPWR,-0.034613874244780914,Sell
2024-03-07,ICE,0.034482758620689655,Buy
2024-03-07,GREK,0.034482758620689655,Buy
2024-03-07,JNJ,0.0003126825803481531,Buy
2024-03-07,VTR,0.00013270346327741434,Buy
2024-03-07,DHI,-0.03504287179001436,Sell
2024-03-07,BBT,0.034482758620689655,Buy
2024-03-07,BDX,-0.00022217906725332387,Sell
2024-03-07,EOG,-0.03467127304202911,Sell
2024-03-07,SIRI,-0.034189369245266894,Sell
2024-03-07,ANF,0.034482758620689655,Buy
2024-03-07,HTZ,0.034482758620689655,Buy
2024-03-07,MS,1.9560596429941957e-05,Buy
2024-03-07,XRT,0.00011624631804997565,Buy
2024-03-07,KEY,0.0002573155715078629,Buy
2024-03-07,ILMN,-9.049074107730926e-06,Sell
2024-03-07,GOLD,-0.03434439463307591,Sell
2024-03-07,WMB,0.034482758620689655,Buy
2024-03-07,TRP,1.4733226685985368e-05,Buy
2024-03-07,KO,0.0002749038416400493,Buy
2024-03-07,D,-0.00043598871770105657,Sell
2024-03-07,PVH,-0.03429141543641344,Sell
2024-03-07,NWSA,0.034482758620689655,Buy
2024-03-07,TRIP,-0.033695068463034945,Sell
2024-03-07,BX,-0.000205329473008109,Sell
2024-03-07,PCG,3.7595364942577536e-06,Buy
2024-03-07,DUK,0.034482758620689655,Buy
2024-03-07,RF,-0.00019639351579578412,Sell
2024-03-07,HMC,0.034482758620689655,Buy
2024-03-07,CME,0.0009972571574288769,Buy
2024-03-07,OHI,0.0005883286462165307,Buy
2024-03-07,COF,-0.03475337956519928,Sell
2024-03-07,VZ,0.0005549069882592392,Buy
2024-03-07,MRK,-0.034337630467575306,Sell
2024-03-08,CNC,0.034482758620689655,Buy
2024-03-08,PPG,9.119446907818185e-05,Buy
2024-03-08,AMTD,-0.033836003350839874,Sell
2024-03-08,XLP,0.034482758620689655,Buy
2024-03-08,WEN,-6.287587964319552e-05,Sell
2024-03-08,BUD,-0.0002074005334124357,Sell
2024-03-08,SPWR,0.034482758620689655,Buy
2024-03-08,ICE,-0.03438599463700779,Sell
2024-03-08,GREK,5.807946401103353e-05,Buy
2024-03-08,JNJ,-9.123710801178103e-05,Sell
2024-03-08,TRV,0.034482758620689655,Buy
2024-03-08,VTR,-0.03512905107287791,Sell
2024-03-08,DHI,0.034482758620689655,Buy
2024-03-08,BBT,-0.00024359613789172452,Sell
2024-03-08,BDX,-0.0002807355775790235,Sell
2024-03-08,SIRI,0.034482758620689655,Buy
2024-03-08,ANF,0.00251262217597778,Buy
2024-03-08,HTZ,-0.036085898537002156,Sell
2024-03-08,ORCL,0.034482758620689655,Buy
2024-03-08,DLTR,0.034482758620689655,Buy
2024-03-08,MS,-0.034792866216037104,Sell
2024-03-08,XRT,-0.03440125924298654,Sell
2024-03-08,KEY,0.00016465290591292925,Buy
2024-03-08,ILMN,0.0001939649381536776,Buy
2024-03-08,WMB,-7.496543280008372e-05,Sell
2024-03-08,TRP,-0.034407461525317456,Sell
2024-03-08,KO,3.3085094370208235e-06,Buy
2024-03-08,D,-0.034440283671688054,Sell
2024-03-08,WSM,0.034482758620689655,Buy
2024-03-08,NWSA,-0.034696560362545405,Sell
2024-03-08,BX,-0.0347614395450043,Sell
2024-03-08,PCG,0.000111921784215957,Buy
2024-03-08,DUK,-0.03460075662637985,Sell
2024-03-08,RF,-0.00019693131540166747,Sell
2024-03-08,HMC,-2.8079703303110493e-05,Sell
2024-03-08,CME,0.00013834634394236517,Buy
2024-03-08,OHI,-0.00011919861345511401,Sell
2024-03-08,MT,0.034482758620689655,Buy
2024-03-08,VZ,6.70772667773975e-05,Buy
2024-03-08,MRK,0.034482758620689655,Buy
2024-03-11,CNC,0.00012234254130955718,Buy
2024-03-11,PPG,-0.00035886592146747165,Sell
2024-03-11,XLP,-0.0345965488412735,Sell
2024-03-11,WEN,1.7864797762730256e-05,Buy
2024-03-11,BUD,-0.03496866258053472,Sell
2024-03-11,SPWR,-0.034061290861562024,Sell
2024-03-11,ICE,0.034482758620689655,Buy
2024-03-11,GREK,0.0009756323521754109,Buy
2024-03-11,JNJ,-0.00029494467655209744,Sell
2024-03-11,TRV,-0.03449863798351329,Sell
2024-03-11,VTR,0.034482758620689655,Buy
2024-03-11,DHI,0.000268825911795105,Buy
2024-03-11,BBT,0.00022683314889440642,Buy
2024-03-11,BDX,0.00013126656933757502,Buy
2024-03-11,MU,0.034482758620689655,Buy
2024-03-11,EWI,0.034482758620689655,Buy
2024-03-11,SIRI,-8.810634242975568e-06,Sell
2024-03-11,ANF,0.0006829610759217578,Buy
2024-03-11,ORCL,-0.03493224172838328,Sell
2024-03-11,DLTR,-0.03466242462116499,Sell
2024-03-11,MS,0.034482758620689655,Buy
2024-03-11,XRT,0.034482758620689655,Buy
2024-03-11,KEY,7.390390489030174e-05,Buy
2024-03-11,ILMN,-0.0353311328617583,Sell
2024-03-11,WMB,-0.03497199699889804,Sell
2024-03-11,KO,-0.03482509226742995,Sell
2024-03-11,D,0.034482758620689655,Buy
2024-03-11,PVH,0.034482758620689655,Buy
2024-03-11,WSM,-0.03462125753747917,Sell
2024-03-11,BX,0.034482758620689655,Buy
2024-03-11,PCG,0.00030246388095687277,Buy
2024-03-11,RF,0.00028360811673633357,Buy
2024-03-11,HMC,0.0008876293664595442,Buy
2024-03-11,CME,-0.03502116881142609,Sell
2024-03-11,PRGO,0.034482758620689655,Buy
2024-03-11,OHI,-0.034610336223257925,Sell
2024-03-11,BSX,0.034482758620689655,Buy
2024-03-11,M,0.034482758620689655,Buy
2024-03-11,MT,-5.220617201852351e-06,Sell
2024-03-11,VZ,-0.00046605607351854483,Sell
2024-03-11,MRK,0.0002772907524821733,Buy
2024-03-12,CNC,0.0006417512736573219,Buy
2024-03-12,PPG,0.0003646827422302684,Buy
2024-03-12,BAX,0.034482758620689655,Buy
2024-03-12,WEN,0.00018924821424496502,Buy
2024-03-12,BUD,0.034482758620689655,Buy
2024-03-12,ICE,7.234812391326145e-05,Buy
2024-03-12,RRC,0.034482758620689655,Buy
2024-03-12,GREK,-9.569923856678209e-05,Sell
2024-03-12,JNJ,-0.00024485323316970203,Sell
2024-03-12,KMB,0.034482758620689655,Buy
2024-03-12,NDAQ,0.034482758620689655,Buy
2024-03-12,VTR,0.0007727273392196948,Buy
2024-03-12,DHI,-0.034835712184225445,Sell
2024-03-12,BBT,0.0006303156415605263,Buy
2024-03-12,BDX,0.0003187109017732531,Buy
2024-03-12,MU,-0.03546475086631301,Sell
2024-03-12,EWI,-0.034818780050986486,Sell
2024-03-12,SIRI,0.0005724148314027316,Buy
2024-03-12,ANF,-0.03559219003487012,Sell
2024-03-12,MS,-0.03444892118600877,Sell
2024-03-12,XRT,-0.0344739694569589,Sell
2024-03-12,KEY,0.00033103279688974363,Buy
2024-03-12,ILMN,0.034482758620689655,Buy
2024-03-12,WMB,0.034482758620689655,Buy
2024-03-12,D,0.0005540104028185777,Buy
2024-03-12,PVH,-0.03488235619251302,Sell
2024-03-12,NWSA,0.034482758620689655,Buy
2024-03-12,BX,0.00032318213583056726,Buy
2024-03-12,PCG,0.00034926830279657234,Buy
2024-03-12,DUK,0.034482758620689655,Buy
2024-03-12,RF,0.0004641395100633966,Buy
2024-03-12,HMC,-0.03492127802423963,Sell
2024-03-12,PRGO,0.00012236001021985465,Buy
2024-03-12,BSX,-0.03511826483721716,Sell
2024-03-12,M,-0.00044164463420905825,Sell
2024-03-12,ENB,0.034482758620689655,Buy
2024-03-12,MT,-0.03558952115026681,Sell
2024-03-12,VZ,7.736758513122305e-05,Buy
2024-03-12,MRK,0.00010819454822033614,Buy
2024-03-13,CNC,0.0001593886341725581,Buy
2024-03-13,PPG,7.464780911202451e-06,Buy
2024-03-13,AMTD,0.034482758620689655,Buy
2024-03-13,BAX,0.0003140931975989941,Buy
2024-03-13,VWO,0.034482758620689655,Buy
2024-03-13,WEN,-0.034579513813114617,Sell
2024-03-13,HYG,0.034482758620689655,Buy
2024-03-13,BUD,-0.03502037930983491,Sell
2024-03-13,ICE,-0.034457102461420974,Sell
2024-03-13,RRC,-0.03423129357363321,Sell
2024-03-13,GREK,0.0001545622740283248,Buy
2024-03-13,JNJ,0.0004919905438320674,Buy
2024-03-13,STI,0.034482758620689655,Buy
2024-03-13,KMB,-0.034659265103568405,Sell
2024-03-13,NDAQ,0.00013442821168176827,Buy
2024-03-13,VTR,0.00032698286954457173,Buy
2024-03-13,BBT,-5.656664353164559e-05,Sell
2024-03-13,BDX,4.472189506013469e-06,Buy
2024-03-13,MU,0.034482758620689655,Buy
2024-03-13,SIRI,-0.00010467229696391189,Sell
2024-03-13,DLTR,0.034482758620689655,Buy
2024-03-13,KEY,-0.0001322493517769488,Sell
2024-03-13,ILMN,0.000127858453356125,Buy
2024-03-13,WMB,-0.03453310543112097,Sell
2024-03-13,D,-0.03513345011744745,Sell
2024-03-13,NWSA,0.00011988752296863969,Buy
2024-03-13,TRIP,0.034482758620689655,Buy
2024-03-13,BX,-0.035008648774515885,Sell
2024-03-13,MRVL,0.034482758620689655,Buy
2024-03-13,PCG,-0.03450510952768252,Sell
2024-03-13,DUK,-3.1112009045188016e-05,Sell
2024-03-13,RF,5.724210404793595e-05,Buy
2024-03-13,PRGO,-0.0003822912419517224,Sell
2024-03-13,BSX,0.034482758620689655,Buy
2024-03-13,M,-0.03448493547784503,Sell
2024-03-13,ENB,9.83958179392036e-05,Buy
2024-03-13,VZ,3.47409885951e-05,Buy
2024-03-13,MRK,0.0002859320469605492,Buy
2024-03-13,BMY,0.034482758620689655,Buy
2024-03-14,CNC,-0.00010849613434608246,Sell
2024-03-14,PPG,0.0003049421317029913,Buy
2024-03-14,AMTD,-0.0338989749409925,Sell
2024-03-14,BAX,0.00012638167645624004,Buy
2024-03-14,VWO,-0.00022209811755145165,Sell
2024-03-14,CF,0.034482758620689655,Buy
2024-03-14,XLP,0.034482758620689655,Buy
2024-03-14,WEN,0.034482758620689655,Buy
2024-03-14,HYG,-0.0002465996945160212,Sell
2024-03-14,ICE,0.034482758620689655,Buy
2024-03-14,GREK,-0.0352279287928213,Sell
2024-03-14,JNJ,-3.846502486921921e-06,Sell
2024-03-14,STI,-0.0018090841217082362,Sell
2024-03-14,KMB,0.034482758620689655,Buy
2024-03-14,NDAQ,8.49342999860378e-05,Buy
2024-03-14,VTR,0.0002380404284368573,Buy
2024-03-14,DHI,0.034482758620689655,Buy
2024-03-14,BBT,-0.03377844433262689,Sell
2024-03-14,BDX,-0.00017505294926259407,Sell
2024-03-14,MU,0.0005985043745529439,Buy
2024-03-14,EWI,0.034482758620689655,Buy
2024-03-14,SIRI,-0.03439025770719021,Sell
2024-03-14,DLTR,0.0004535841176958322,Buy
2024-03-14,MAR,0.034482758620689655,Buy
2024-03-14,KEY,0.0007787810614992216,Buy
2024-03-14,ILMN,0.0008167097926278302,Buy
2024-03-14,NWSA,-6.891935733492616e-05,Sell
2024-03-14,TRIP,-0.035197055325529705,Sell
2024-03-14,MRVL,-0.034096224318696265,Sell
2024-03-14,PCG,0.034482758620689655,Buy
2024-03-14,DUK,-0.03473157774193083,Sell
2024-03-14,RF,0.0005041308585518461,Buy
2024-03-14,CP,0.034482758620689655,Buy
2024-03-14,PRGO,-0.03472725985670119,Sell
2024-03-14,BSX,-0.035329296263755826,Sell
2024-03-14,ENB,-0.03444217817132916,Sell
2024-03-14,VZ,1.1470789870758613e-05,Buy
2024-03-14,MRK,-0.0001602689166990412,Sell
2024-03-14,BMY,-0.000307199302622449,Sell
2024-03-15,CNC,0.000645930679053483,Buy
2024-03-15,PPG,0.0006557983727043942,Buy
2024-03-15,BAX,0.0007185808850294698,Buy
2024-03-15,VWO,0.0004847763525890683,Buy
2024-03-15,CF,-0.0339139258335497,Sell
2024-03-15,XLP,0.0003994214849754735,Buy
2024-03-15,WEN,0.0002364259231299598,Buy
2024-03-15,HYG,0.000407971870567736,Buy
2024-03-15,BUD,0.034482758620689655,Buy
2024-03-15,NSC,0.034482758620689655,Buy
2024-03-15,ICE,0.0005897867761517697,Buy
2024-03-15,JNJ,0.0006064822521389124,Buy
2024-03-15,STI,-0.011154591302212725,Sell
2024-03-15,KMB,0.000478774754254202,Buy
2024-03-15,NDAQ,-0.034672020209858864,Sell
2024-03-15,VTR,0.0004739515635384106,Buy
2024-03-15,DHI,-0.03440762307873352,Sell
2024-03-15,BDX,0.00045202340267649216,Buy
2024-03-15,MU,-0.034775598070584675,Sell
2024-03-15,EWI,-0.034336665897936304,Sell
2024-03-15,DLTR,-0.0002103906010657089,Sell
2024-03-15,MAR,0.0009262116402806234,Buy
2024-03-15,KEY,0.00024401672903734406,Buy
2024-03-15,ILMN,0.00048437081301317547,Buy
2024-03-15,ULTA,0.034482758620689655,Buy
2024-03-15,NWSA,0.0011438859513590513,Buy
2024-03-15,PCG,-0.03426556152936291,Sell
2024-03-15,DUK,0.034482758620689655,Buy
2024-03-15,RF,9.708220136861456e-05,Buy
2024-03-15,CP,-0.03407027859510331,Sell
2024-03-15,CLX,0.034482758620689655,Buy
2024-03-15,BSX,0.034482758620689655,Buy
2024-03-15,COF,0.034482758620689655,Buy
2024-03-15,MT,0.034482758620689655,Buy
2024-03-15,VZ,0.0006259395981185259,Buy
2024-03-15,MRK,-0.034382637646076054,Sell
2024-03-15,BMY,0.0004833279431665158,Buy
2024-03-18,CNC,-0.03445234790517215,Sell
2024-03-18,PPG,0.00042744410189621274,Buy
2024-03-18,BAX,0.0007805404639252556,Buy
2024-03-18,VWO,0.0006507125756354745,Buy
2024-03-18,XLP,-0.033976026748193104,Sell
2024-03-18,WEN,0.0009447547548812746,Buy
2024-03-18,HYG,-0.03383784642176502,Sell
2024-03-18,BUD,0.0011346336770606258,Buy
2024-03-18,NSC,-0.03381047238491339,Sell
2024-03-18,ICE,0.0007839323820618763,Buy
2024-03-18,GREK,0.034482758620689655,Buy
2024-03-18,JNJ,0.001026799240300115,Buy
2024-03-18,STI,-0.01828994466923365,Sell
2024-03-18,KMB,0.0007888419920251341,Buy
2024-03-18,VTR,0.0004932855227973362,Buy
2024-03-18,DHI,0.034482758620689655,Buy
2024-03-18,BDX,0.0005797069511752767,Buy
2024-03-18,EWI,0.034482758620689655,Buy
2024-03-18,DLTR,0.0007687896861744078,Buy
2024-03-18,MS,0.034482758620689655,Buy
2024-03-18,MAR,-0.03437451981538641,Sell
2024-03-18,KEY,0.0008170079940198888,Buy
2024-03-18,ILMN,-0.03439596970382749,Sell
2024-03-18,ULTA,0.0009536449505777728,Buy
2024-03-18,PVH,0.034482758620689655,Buy
2024-03-18,HUM,0.034482758620689655,Buy
2024-03-18,NWSA,0.0008031489085634294,Buy
2024-03-18,BX,0.034482758620689655,Buy
2024-03-18,PCG,0.034482758620689655,Buy
2024-03-18,DUK,0.0006417621119505432,Buy
2024-03-18,RF,-0.033989388079649456,Sell
2024-03-18,CLX,0.001018272892641725,Buy
2024-03-18,BSX,-0.034273826956225044,Sell
2024-03-18,COF,0.0005444329203133022,Buy
2024-03-18,MT,0.0006854107473784968,Buy
2024-03-18,VZ,0.0003476092454147983,Buy
2024-03-18,BMY,0.0012074935422085806,Buy
2024-03-19,PPG,-0.0347513231197549,Sell
2024-03-19,BAX,-0.0344672759982237,Sell
2024-03-19,VWO,0.000491526134182449,Buy
2024-03-19,WEN,1.4978677105530191e-05,Buy
2024-03-19,BUD,0.00039212868108632476,Buy
2024-03-19,SPWR,0.034482758620689655,Buy
2024-03-19,ICE,-0.03440976127689538,Sell
2024-03-19,GREK,0.0005394149556545227,Buy
2024-03-19,JNJ,0.0004721010517235724,Buy
2024-03-19,STI,-0.03676547603747844,Sell
2024-03-19,KMB,0.00012706793807123334,Buy
2024-03-19,VTR,-0.00013442653806392674,Sell
2024-03-19,DHI,-0.03516214032157814,Sell
2024-03-19,BBT,0.034482758620689655,Buy
2024-03-19,BDX,-9.456902195961736e-06,Sell
2024-03-19,WFC,0.034482758620689655,Buy
2024-03-19,QQQ,0.034482758620689655,Buy
2024-03-19,EWI,-0.03445239628163157,Sell
2024-03-19,SIRI,0.034482758620689655,Buy
2024-03-19,DLTR,0.00010022771455528434,Buy
2024-03-19,MS,0.000173860312728015,Buy
2024-03-19,KEY,0.00023416739247808516,Buy
2024-03-19,KO,0.034482758620689655,Buy
2024-03-19,ULTA,0.0005607250013254586,Buy
2024-03-19,PVH,-0.03509488765581165,Sell
2024-03-19,HUM,-8.01878647255852e-05,Sell
2024-03-19,NWSA,-0.03451931710413905,Sell
2024-03-19,BX,0.0002002665618637267,Buy
2024-03-19,MRVL,0.034482758620689655,Buy
2024-03-19,PCG,-0.03453419394943734,Sell
2024-03-19,DUK,0.00028045580188525154,Buy
2024-03-19,RF,0.034482758620689655,Buy
2024-03-19,CME,0.034482758620689655,Buy
2024-03-19,CP,0.034482758620689655,Buy
2024-03-19,CLX,-0.03521725520256865,Sell
2024-03-19,COF,0.0002070839342342562,Buy
2024-03-19,MT,0.0003007393064650976,Buy
2024-03-19,VZ,0.0003181637221654071,Buy
2024-03-19,BMY,0.00021342813296410662,Buy
2024-03-20,MNST,0.034482758620689655,Buy
2024-03-20,CNC,0.034482758620689655,Buy
2024-03-20,PPG,0.034482758620689655,Buy
2024-03-20,AMTD,0.034482758620689655,Buy
2024-03-20,BAX,0.034482758620689655,Buy
2024-03-20,VWO,-0.034404104158504305,Sell
2024-03-20,A,0.034482758620689655,Buy
2024-03-20,WEN,3.4414174563755784e-05,Buy
2024-03-20,AA,0.034482758620689655,Buy
2024-03-20,BUD,0.0003044228520822298,Buy
2024-03-20,SPWR,-0.0017662965103460437,Sell
2024-03-20,GREK,-0.03482539803380498,Sell
2024-03-20,JNJ,0.00044827082589855155,Buy
2024-03-20,KMB,0.0005219015310863884,Buy
2024-03-20,VTR,0.00012175757756827804,Buy
2024-03-20,BBT,-0.035264734981041775,Sell
2024-03-20,BDX,0.0006866604341280308,Buy
2024-03-20,WFC,-0.034306446453996046,Sell
2024-03-20,EOG,0.034482758620689655,Buy
2024-03-20,QQQ,-5.476221548278426e-05,Sell
2024-03-20,SIRI,0.0013764949579330374,Buy
2024-03-20,DLTR,0.000373902602608861,Buy
2024-03-20,MS,-0.03526388686787221,Sell
2024-03-20,KEY,-0.03542840753128161,Sell
2024-03-20,ILMN,0.034482758620689655,Buy
2024-03-20,KGC,0.034482758620689655,Buy
2024-03-20,TRP,0.034482758620689655,Buy
2024-03-20,KO,-0.034427508294541255,Sell
2024-03-20,ULTA,-0.033802510155018534,Sell
2024-03-20,HUM,0.0006800126886741115,Buy
2024-03-20,BX,-0.035173492407747635,Sell
2024-03-20,MRVL,9.810836315872484e-05,Buy
2024-03-20,PCG,0.034482758620689655,Buy
2024-03-20,DUK,0.00025307171952621,Buy
2024-03-20,RF,-0.034927837998236254,Sell
2024-03-20,CME,0.0007822004531184701,Buy
2024-03-20,CP,-0.034828062457389196,Sell
2024-03-20,CLX,0.034482758620689655,Buy
2024-03-20,M,0.034482758620689655,Buy
2024-03-20,COF,-0.035359952271498706,Sell
2024-03-20,MT,-0.03481573290910317,Sell
2024-03-20,VZ,0.00022184200236140955,Buy
2024-03-20,BMY,-0.03418553709350696,Sell
2024-03-21,MNST,0.00046051004488469743,Buy
2024-03-21,CNC,0.0006199105827042126,Buy
2024-03-21,PPG,-1.1482483486681405e-05,Sell
2024-03-21,AMTD,-0.0002902131212996831,Sell
2024-03-21,BAX,-0.034317008352046964,Sell
2024-03-21,A,-0.034508707197870664,Sell
2024-03-21,CF,0.034482758620689655,Buy
2024-03-21,WEN,-0.035090501697823684,Sell
2024-03-21,AA,-0.034169972813725934,Sell
2024-03-21,BUD,0.0007564782874674852,Buy
2024-03-21,SPWR,-0.005414383723032545,Sell
2024-03-21,NSC,0.034482758620689655,Buy
2024-03-21,JNJ,0.0003149786935329954,Buy
2024-03-21,KMB,0.0002056758897759428,Buy
2024-03-21,VTR,0.00012499334008161944,Buy
2024-03-21,BDX,-0.00022589786285401314,Sell
2024-03-21,EOG,0.0002094863848410497,Buy
2024-03-21,QQQ,0.00015108558460882882,Buy
2024-03-21,EWI,0.034482758620689655,Buy
2024-03-21,SIRI,0.00022448656737703715,Buy
2024-03-21,DLTR,0.0005501902893659122,Buy
2024-03-21,ILMN,-0.0007801191264973986,Sell
2024-03-21,KGC,0.0007258982787976334,Buy
2024-03-21,TRP,-0.03445138324839345,Sell
2024-03-21,KO,0.034482758620689655,Buy
2024-03-21,HUM,0.0003912981721887962,Buy
2024-03-21,MRVL,-0.03471739280078673,Sell
2024-03-21,PCG,-0.03465509188724243,Sell
2024-03-21,DUK,0.00047395344570137776,Buy
2024-03-21,CME,-0.034565067507836625,Sell
2024-03-21,CLX,0.0009553581732716504,Buy
2024-03-21,M,0.0009736185647985368,Buy
2024-03-21,ENB,0.034482758620689655,Buy
2024-03-21,MT,0.034482758620689655,Buy
2024-03-21,VZ,-4.492686417970765e-05,Sell
2024-03-21,MRK,0.034482758620689655,Buy
2024-03-21,BMY,0.034482758620689655,Buy
2024-03-22,MET,0.034482758620689655,Buy
2024-03-22,MNST,-0.03436560328926372,Sell
2024-03-22,CNC,9.704255772166603e-06,Buy
2024-03-22,PPG,0.00015054028987611379,Buy
2024-03-22,AMTD,-0.03438516813445248,Sell
2024-03-22,VWO,0.034482758620689655,Buy
2024-03-22,CF,0.0007012273214329554,Buy
2024-03-22,XLP,0.034482758620689655,Buy
2024-03-22,WEN,0.034482758620689655,Buy
2024-03-22,BUD,-0.00022482145524618108,Sell
2024-03-22,SPWR,-0.03519868674220055,Sell
2024-03-22,NSC,0.0003900439635736719,Buy
2024-03-22,ICE,0.034482758620689655,Buy
2024-03-22,GREK,0.034482758620689655,Buy
2024-03-22,JNJ,1.3139464942031609e-05,Buy
2024-03-22,KMB,-0.03461833099795085,Sell
2024-03-22,VTR,0.00033088290175686125,Buy
2024-03-22,EWC,0.034482758620689655,Buy
2024-03-22,BDX,-0.03524780733220694,Sell
2024-03-22,WFC,0.034482758620689655,Buy
2024-03-22,EOG,0.0002378241499452899,Buy
2024-03-22,QQQ,-0.034624640870369254,Sell
2024-03-22,EWI,-2.8474600648233095e-05,Sell
2024-03-22,SIRI,-0.00010232308800842832,Sell
2024-03-22,DLTR,0.0003054877990005256,Buy
2024-03-22,KEY,0.034482758620689655,Buy
2024-03-22,ILMN,-0.03453224442055122,Sell
2024-03-22,KGC,-0.034161842376219824,Sell
2024-03-22,KO,-0.034596517659111925,Sell
2024-03-22,HUM,-0.00021681798863162904,Sell
2024-03-22,NWSA,0.034482758620689655,Buy
2024-03-22,BX,0.034482758620689655,Buy
2024-03-22,DUK,2.5149256194512137e-05,Buy
2024-03-22,CME,0.034482758620689655,Buy
2024-03-22,CLX,-0.03530882207968147,Sell
2024-03-22,OHI,0.034482758620689655,Buy
2024-03-22,M,0.0007959878812525689,Buy
2024-03-22,ENB,0.00022623476717745228,Buy
2024-03-22,MT,-0.03457223107668836,Sell
2024-03-22,VZ,4.2711173010155645e-05,Buy
2024-03-22,MRK,-0.03464943213581431,Sell
2024-03-22,BMY,-0.03481301164326379,Sell
2024-03-25,MET,-0.03473159009548089,Sell
2024-03-25,CNC,-0.03457108937267488,Sell
2024-03-25,PPG,0.00031578081271053937,Buy
2024-03-25,VWO,-0.034508290210474024,Sell
2024-03-25,A,0.034482758620689655,Buy
2024-03-25,CF,0.00024257894181548,Buy
2024-03-25,XLP,7.027490200517406e-05,Buy
2024-03-25,WEN,0.0005505277608252937,Buy
2024-03-25,BUD,-0.00018792335827905876,Sell
2024-03-25,NSC,0.0008014560148542627,Buy
2024-03-25,ICE,8.086584133366187e-05,Buy
2024-03-25,GREK,-0.03463606647049382,Sell
2024-03-25,JNJ,-2.3302192281901557e-05,Sell
2024-03-25,STI,0.034482758620689655,Buy
2024-03-25,NDAQ,0.034482758620689655,Buy
2024-03-25,VTR,0.000539523062110199,Buy
2024-03-25,EWC,-1.6402369420902285e-05,Sell
2024-03-25,BDX,0.034482758620689655,Buy
2024-03-25,WFC,0.0002160830874843936,Buy
2024-03-25,EOG,-0.03517446234897022,Sell
2024-03-25,EWI,-0.034859012306937776,Sell
2024-03-25,SIRI,-0.00011446775054894942,Sell
2024-03-25,ANF,0.034482758620689655,Buy
2024-03-25,DLTR,-0.03462907401488055,Sell
2024-03-25,MS,0.034482758620689655,Buy
2024-03-25,XRT,0.034482758620689655,Buy
2024-03-25,KEY,-0.03487564607376526,Sell
2024-03-25,ILMN,0.034482758620689655,Buy
2024-03-25,HUM,0.0001180343693150468,Buy
2024-03-25,NWSA,-0.03468150161800869,Sell
2024-03-25,BX,-0.03477278119820452,Sell
2024-03-25,DUK,-0.00010942466564175385,Sell
2024-03-25,NTES,0.034482758620689655,Buy
2024-03-25,HMC,0.034482758620689655,Buy
2024-03-25,CME,-0.034619295067725604,Sell
2024-03-25,CP,0.034482758620689655,Buy
2024-03-25,PRGO,0.034482758620689655,Buy
2024-03-25,OHI,-3.6671216398172224e-05,Sell
2024-03-25,BSX,0.034482758620689655,Buy
2024-03-25,M,0.0010310295926138288,Buy
2024-03-25,ENB,-0.03498527836917325,Sell
2024-03-25,VZ,-0.034935692824460796,Sell
2024-03-26,PPG,-0.00020770132878589892,Sell
2024-03-26,BAX,0.034482758620689655,Buy
2024-03-26,VWO,0.034482758620689655,Buy
2024-03-26,A,0.00022896991298884672,Buy
2024-03-26,CF,0.00045530719880797904,Buy
2024-03-26,XLP,-6.212141708458047e-05,Sell
2024-03-26,WEN,6.964691741655898e-05,Buy
2024-03-26,HYG,0.034482758620689655,Buy
2024-03-26,BUD,-0.0003730194532550121,Sell
2024-03-26,SPWR,0.034482758620689655,Buy
2024-03-26,NSC,6.894474097347836e-05,Buy
2024-03-26,ICE,-0.034859614755735485,Sell
2024-03-26,GREK,0.034482758620689655,Buy
2024-03-26,JNJ,-0.0001661525778066525,Sell
2024-03-26,STI,0.0001934855233186178,Buy
2024-03-26,NDAQ,-0.03518814546774702,Sell
2024-03-26,VTR,0.00019904661299492699,Buy
2024-03-26,EWC,2.925958181503041e-05,Buy
2024-03-26,BDX,-7.381281932233169e-05,Sell
2024-03-26,WFC,-1.3382640103989929e-05,Sell
2024-03-26,SIRI,0.00022246431210326545,Buy
2024-03-26,ANF,-0.03475452454829366,Sell
2024-03-26,MS,-0.034579596591361755,Sell
2024-03-26,XRT,-0.03466189624181077,Sell
2024-03-26,ILMN,2.315036474476867e-05,Buy
2024-03-26,HUM,-0.00017213658185555314,Sell
2024-03-26,TRIP,0.034482758620689655,Buy
2024-03-26,BX,0.034482758620689655,Buy
2024-03-26,DUK,0.0003821323475824562,Buy
2024-03-26,NTES,-0.03474002674472268,Sell
2024-03-26,HMC,-0.0345265691049653,Sell
2024-03-26,CME,0.034482758620689655,Buy
2024-03-26,CP,7.550629242979168e-06,Buy
2024-03-26,PRGO,-0.03429275340593863,Sell
2024-03-26,OHI,0.00015672938895161526,Buy
2024-03-26,BSX,-0.03486008556054931,Sell
2024-03-26,XLE,0.034482758620689655,Buy
2024-03-26,M,-0.03355919935491746,Sell
2024-03-26,VZ,0.034482758620689655,Buy
2024-03-27,MNST,0.034482758620689655,Buy
2024-03-27,PPG,-0.00018880160798892542,Sell
2024-03-27,AMTD,0.034482758620689655,Buy
2024-03-27,BAX,-0.03496088303111956,Sell
2024-03-27,VWO,0.000373532241715574,Buy
2024-03-27,A,-0.034716394589085486,Sell
2024-03-27,CF,0.0001310036594484032,Buy
2024-03-27,XLP,-0.03437519728019234,Sell
2024-03-27,NVDA,0.034482758620689655,Buy
2024-03-27,WEN,-0.03532752355725617,Sell
2024-03-27,HYG,-0.03419909150076336,Sell
2024-03-27,BUD,0.00018745041902692994,Buy
2024-03-27,SPWR,-0.033592523407094725,Sell
2024-03-27,NSC,-0.03463832417221214,Sell
2024-03-27,ICE,0.034482758620689655,Buy
2024-03-27,GREK,0.0006742290070495538,Buy
2024-03-27,JNJ,-1.4620303159774972e-05,Sell
2024-03-27,STI,0.000110523215239057,Buy
2024-03-27,NDAQ,0.034482758620689655,Buy
2024-03-27,VTR,-0.0005645456569724691,Sell
2024-03-27,EWC,-0.034334751339035664,Sell
2024-03-27,BDX,-0.0001903338510153077,Sell
2024-03-27,WFC,-0.034577277425395056,Sell
2024-03-27,SIRI,0.00011113276252023435,Buy
2024-03-27,HTZ,0.034482758620689655,Buy
2024-03-27,ORCL,0.034482758620689655,Buy
2024-03-27,TSM,0.034482758620689655,Buy
2024-03-27,ILMN,-0.035259853298623814,Sell
2024-03-27,TRP,0.034482758620689655,Buy
2024-03-27,HUM,0.0002673751974091518,Buy
2024-03-27,NWSA,0.034482758620689655,Buy
2024-03-27,TRIP,0.0006338181297509266,Buy
2024-03-27,BX,-0.00033706933570956665,Sell
2024-03-27,DUK,-0.034897994773490336,Sell
2024-03-27,NTES,0.034482758620689655,Buy
2024-03-27,CME,-0.034453766924662135,Sell
2024-03-27,CP,-0.03454234787394555,Sell
2024-03-27,CLX,0.034482758620689655,Buy
2024-03-27,PRGO,0.034482758620689655,Buy
2024-03-27,OHI,0.00019866701366666462,Buy
2024-03-27,CSIQ,0.034482758620689655,Buy
2024-03-27,XLE,-0.0343352496442899,Sell
2024-03-27,VZ,-0.00011095874930799193,Sell
2024-03-28,MNST,-0.034521446163376594,Sell
2024-03-28,CNC,0.034482758620689655,Buy
2024-03-28,PPG,-7.796075937680641e-05,Sell
2024-03-28,AMTD,-0.00018798074899863126,Sell
2024-03-28,VWO,-0.034590789129778685,Sell
2024-03-28,A,0.034482758620689655,Buy
2024-03-28,CF,-0.034725256376711304,Sell
2024-03-28,NVDA,-3.259337950570207e-05,Sell
2024-03-28,HYG,0.034482758620689655,Buy
2024-03-28,BUD,4.1899080361999796e-05,Buy
2024-03-28,SPWR,0.034482758620689655,Buy
2024-03-28,ICE,-0.00010535419013062153,Sell
2024-03-28,GREK,0.00011955419126861294,Buy
2024-03-28,JNJ,-4.230360858305943e-05,Sell
2024-03-28,STI,0.002014996944292066,Buy
2024-03-28,NDAQ,-4.681952162689795e-05,Sell
2024-03-28,HAS,0.034482758620689655,Buy
2024-03-28,VTR,-0.0002795175989054807,Sell
2024-03-28,BDX,-0.00012075777863500281,Sell
2024-03-28,EWI,0.034482758620689655,Buy
2024-03-28,SIRI,0.0001846876999740399,Buy
2024-03-28,HTZ,-0.03336689042049965,Sell
2024-03-28,ORCL,-0.03456843320455403,Sell
2024-03-28,CCL,0.034482758620689655,Buy
2024-03-28,TSM,0.00016930734892625643,Buy
2024-03-28,ILMN,0.034482758620689655,Buy
2024-03-28,TRP,-0.034961893156159544,Sell
2024-03-28,HUM,0.00028212517547279714,Buy
2024-03-28,NWSA,0.0001521430784258912,Buy
2024-03-28,TRIP,8.217087579644872e-05,Buy
2024-03-28,BX,-0.00011852606771861618,Sell
2024-03-28,NTES,-0.034401714880689944,Sell
2024-03-28,CLX,-7.5605271994586e-05,Sell
2024-03-28,PRGO,-0.000792057724252275,Sell
2024-03-28,OHI,-0.03516324989948444,Sell
2024-03-28,CSIQ,-0.035114600432142866,Sell
2024-03-28,MT,0.034482758620689655,Buy
2024-03-28,VZ,-0.00034067202247580614,Sell
2024-04-01,MNST,0.034482758620689655,Buy
2024-04-01,CNC,-0.00012213412411452018,Sell
2024-04-01,PPG,-8.063108525768053e-05,Sell
2024-04-01,AMTD,-0.034337771930867574,Sell
2024-04-01,A,-0.034998574020014946,Sell
2024-04-01,XLP,0.034482758620689655,Buy
2024-04-01,NVDA,-0.0349325082113731,Sell
2024-04-01,WEN,0.034482758620689655,Buy
2024-04-01,HYG,-0.0003047482542097371,Sell
2024-04-01,BUD,-0.03511370490695464,Sell
2024-04-01,SPWR,-0.030047766959489304,Sell
2024-04-01,NSC,0.034482758620689655,Buy
2024-04-01,ICE,-0.03482813928575626,Sell
2024-04-01,GREK,-0.0003422827848273899,Sell
2024-04-01,JNJ,-0.00035650797467638023,Sell
2024-04-01,STI,-0.03099226060693216,Sell
2024-04-01,NDAQ,1.3364064846560497e-06,Buy
2024-04-01,HAS,-0.034769120929264596,Sell
2024-04-01,VTR,9.848248317598923e-05,Buy
2024-04-01,BDX,3.2902564446816995e-05,Buy
2024-04-01,EWI,-0.0003822190755006505,Sell
2024-04-01,SIRI,3.0843589410162187e-06,Buy
2024-04-01,CCL,-0.03475878652759687,Sell
2024-04-01,TSM,-0.03632647560322661,Sell
2024-04-01,KEY,0.034482758620689655,Buy
2024-04-01,ILMN,0.0007230511500607509,Buy
2024-04-01,KO,0.034482758620689655,Buy
2024-04-01,HUM,-0.0009235586832839343,Sell
2024-04-01,NWSA,4.661973284573323e-05,Buy
2024-04-01,TRIP,-0.0003213508351084318,Sell
2024-04-01,BX,-0.034839399723605134,Sell
2024-04-01,LOW,0.034482758620689655,Buy
2024-04-01,PCG,0.034482758620689655,Buy
2024-04-01,NTES,0.034482758620689655,Buy
2024-04-01,HMC,0.034482758620689655,Buy
2024-04-01,CME,0.034482758620689655,Buy
2024-04-01,CLX,-0.00011396490611038923,Sell
2024-04-01,PRGO,-0.00036023928626362917,Sell
2024-04-01,BSX,0.034482758620689655,Buy
2024-04-01,MT,-0.03489180409309619,Sell
2024-04-01,VZ,-0.0351961777227209,Sell
2024-04-01,BMY,0.034482758620689655,Buy
2024-04-02,MNST,-9.988142153606605e-05,Sell
2024-04-02,CNC,0.0017817888450743918,Buy
2024-04-02,PPG,-0.00018944066529072434,Sell
2024-04-02,XLP,-0.0004297426685615849,Sell
2024-04-02,WEN,-0.034942150571608856,Sell
2024-04-02,DAL,0.034482758620689655,Buy
2024-04-02,HYG,-0.000551196766634475,Sell
2024-04-02,NSC,-0.03492049353234638,Sell
2024-04-02,GREK,8.458586034981036e-05,Buy
2024-04-02,JNJ,-0.03508204733794776,Sell
2024-04-02,NDAQ,-6.95649537196738e-05,Sell
2024-04-02,HAS,0.034482758620689655,Buy
2024-04-02,VTR,-0.03500310801919714,Sell
2024-04-02,DHI,0.034482758620689655,Buy
2024-04-02,EWC,0.034482758620689655,Buy
2024-04-02,BDX,-0.0001747166505065706,Sell
2024-04-02,EWI,-0.00020962127531503477,Sell
2024-04-02,SIRI,0.0006723623851550911,Buy
2024-04-02,MAR,0.034482758620689655,Buy
2024-04-02,XRT,0.034482758620689655,Buy
2024-04-02,KEY,-8.933785530759047e-05,Sell
2024-04-02,ILMN,0.0005001270807901276,Buy
2024-04-02,KO,-0.00030389591548064115,Sell
2024-04-02,RL,0.034482758620689655,Buy
2024-04-02,HUM,0.004094633943856986,Buy
2024-04-02,NWSA,-0.00020251528688907533,Sell
2024-04-02,TRIP,-0.03513119392838508,Sell
2024-04-02,BX,0.034482758620689655,Buy
2024-04-02,LOW,6.954216186306345e-05,Buy
2024-04-02,PCG,-0.035368659153720124,Sell
2024-04-02,NTES,-0.03443191536341057,Sell
2024-04-02,HMC,-0.00014352061134545457,Sell
2024-04-02,CME,-0.03555331378384271,Sell
2024-04-02,CP,0.034482758620689655,Buy
2024-04-02,CLX,6.992410911604158e-05,Buy
2024-04-02,PRGO,0.00025298203110557527,Buy
2024-04-02,BSX,-0.00027545840694034873,Sell
2024-04-02,BMY,-0.03492760662376011,Sell
2024-04-03,MNST,0.0005198528915087569,Buy
2024-04-03,CNC,-0.00033809547077711527,Sell
2024-04-03,PPG,-7.388260143351838e-05,Sell
2024-04-03,XLP,0.00032360053215558376,Buy
2024-04-03,DAL,0.00018620844893929567,Buy
2024-04-03,HYG,-8.377835883827123e-05,Sell
2024-04-03,BUD,0.034482758620689655,Buy
2024-04-03,GREK,-0.00017165551234307047,Sell
2024-04-03,JNJ,0.034482758620689655,Buy
2024-04-03,KMB,0.034482758620689655,Buy
2024-04-03,NDAQ,-0.00019761152495612055,Sell
2024-04-03,HAS,-0.03434751930957676,Sell
2024-04-03,DHI,-0.03502112064576232,Sell
2024-04-03,EWC,-0.034684853925186436,Sell
2024-04-03,BDX,-0.0349078795561164,Sell
2024-04-03,EWI,-0.03482724455845272,Sell
2024-04-03,SIRI,0.001066424342302412,Buy
2024-04-03,MAR,-0.03493691783868367,Sell
2024-04-03,XRT,0.00029650716350948514,Buy
2024-04-03,KEY,-0.034494307622459516,Sell
2024-04-03,ILMN,0.00015280608527397377,Buy
2024-04-03,TRP,0.034482758620689655,Buy
2024-04-03,KO,0.00012692954811228951,Buy
2024-04-03,ULTA,0.034482758620689655,Buy
2024-04-03,PVH,0.034482758620689655,Buy
2024-04-03,RL,0.000541090742734264,Buy
2024-04-03,HUM,-0.0004801545204787469,Sell
2024-04-03,NWSA,-0.03486452480132744,Sell
2024-04-03,BX,-0.00012791783521055172,Sell
2024-04-03,LOW,0.0004730394250142614,Buy
2024-04-03,NTES,0.034482758620689655,Buy
2024-04-03,HMC,-0.00013285546099651296,Sell
2024-04-03,CP,-0.03473801339504876,Sell
2024-04-03,CLX,0.00037983226077383664,Buy
2024-04-03,PRGO,0.0002629906474389751,Buy
2024-04-03,BSX,-0.03488778987529649,Sell
2024-04-03,M,0.034482758620689655,Buy
2024-04-03,MRK,0.034482758620689655,Buy
2024-04-03,BMY,0.034482758620689655,Buy
2024-04-04,MNST,-9.680388386674316e-05,Sell
2024-04-04,CNC,0.00024952270663238657,Buy
2024-04-04,PPG,0.0002590620959860082,Buy
2024-04-04,BAX,0.034482758620689655,Buy
2024-04-04,A,0.034482758620689655,Buy
2024-04-04,HOG,0.034482758620689655,Buy
2024-04-04,XLP,-7.185120468423262e-05,Sell
2024-04-04,DAL,0.0002933276997708692,Buy
2024-04-04,HYG,-0.034676548835033974,Sell
2024-04-04,BUD,-0.03430035550852675,Sell
2024-04-04,NSC,0.034482758620689655,Buy
2024-04-04,GREK,4.452415346187233e-05,Buy
2024-04-04,JNJ,0.0001750842090152624,Buy
2024-04-04,KMB,-0.03482474560296788,Sell
2024-04-04,NDAQ,7.218775782888431e-05,Buy
2024-04-04,EWC,0.034482758620689655,Buy
2024-04-04,EWI,0.034482758620689655,Buy
2024-04-04,SIRI,-2.644043278728775e-05,Sell
2024-04-04,DLTR,0.034482758620689655,Buy
2024-04-04,XRT,0.0002527667484815907,Buy
2024-04-04,ILMN,-0.03423090355901197,Sell
2024-04-04,TRP,0.00022134085507710677,Buy
2024-04-04,KO,8.65650029618914e-05,Buy
2024-04-04,ULTA,-0.035386676784992716,Sell
2024-04-04,PVH,-0.0005169408980347234,Sell
2024-04-04,EW,0.034482758620689655,Buy
2024-04-04,RL,0.00018001711327597647,Buy
2024-04-04,HUM,-0.03492666444145667,Sell
2024-04-04,NWSA,0.034482758620689655,Buy
2024-04-04,TRIP,0.034482758620689655,Buy
2024-04-04,BX,-0.0345500700503095,Sell
2024-04-04,LOW,0.00016698439479968796,Buy
2024-04-04,NTES,-0.0344597015419373,Sell
2024-04-04,HMC,-1.1225383515854614e-05,Sell
2024-04-04,CLX,-0.00015467854084061372,Sell
2024-04-04,PRGO,-0.03517333679471294,Sell
2024-04-04,CSIQ,0.034482758620689655,Buy
2024-04-04,M,-0.033875584306177126,Sell
2024-04-04,MRK,0.0003775726395176468,Buy
2024-04-04,BMY,-0.034582509085494796,Sell
2024-04-05,MNST,-0.034523523980995806,Sell
2024-04-05,CNC,-0.00029697186206826404,Sell
2024-04-05,PPG,0.00023170842639074624,Buy
2024-04-05,BAX,5.9955736376321456e-05,Buy
2024-04-05,A,-0.03510810472402971,Sell
2024-04-05,HOG,-0.03438188040903595,Sell
2024-04-05,XLP,-3.806417395071926e-06,Sell
2024-04-05,DAL,-0.034565963021086894,Sell
2024-04-05,HYG,0.034482758620689655,Buy
2024-04-05,BUD,0.034482758620689655,Buy
2024-04-05,SPWR,0.034482758620689655,Buy
2024-04-05,NSC,-0.0001587145999224493,Sell
2024-04-05,GREK,-0.0002842080831451932,Sell
2024-04-05,JNJ,7.671128206594019e-05,Buy
2024-04-05,KMB,0.034482758620689655,Buy
2024-04-05,NDAQ,-0.03498348981302416,Sell
2024-04-05,EWC,-0.034666276585538905,Sell
2024-04-05,BDX,0.034482758620689655,Buy
2024-04-05,QQQ,0.034482758620689655,Buy
2024-04-05,EWI,4.258600645880989e-05,Buy
2024-04-05,SIRI,0.0006338016489844112,Buy
2024-04-05,DLTR,-0.00020554779033125914,Sell
2024-04-05,XRT,-5.4505008751516704e-05,Sell
2024-04-05,TRP,0.000522925132545364,Buy
2024-04-05,KO,-7.005884792926631e-05,Sell
2024-04-05,PVH,-0.035165522069936644,Sell
2024-04-05,EW,-0.03499718134048096,Sell
2024-04-05,RL,-0.03459384477334899,Sell
2024-04-05,NWSA,-9.636039906689431e-05,Sell
2024-04-05,TRIP,-0.0001771559310499507,Sell
2024-04-05,LOW,-0.03462039367947591,Sell
2024-04-05,PCG,0.034482758620689655,Buy
2024-04-05,NTES,0.034482758620689655,Buy
2024-04-05,HMC,-0.03490645003097649,Sell
2024-04-05,CME,0.034482758620689655,Buy
2024-04-05,CLX,0.0001951886088709595,Buy
2024-04-05,CSIQ,-0.031849493872998895,Sell
2024-04-05,M,0.034482758620689655,Buy
2024-04-05,ENB,0.034482758620689655,Buy
2024-04-05,VZ,0.034482758620689655,Buy
2024-04-05,MRK,-3.712846711597523e-05,Sell
2024-04-08,CNC,-8.251586226351582e-05,Sell
2024-04-08,PPG,-0.00020347954029679288,Sell
2024-04-08,BAX,0.00031145968475393415,Buy
2024-04-08,CF,0.034482758620689655,Buy
2024-04-08,XLP,6.322245343323707e-05,Buy
2024-04-08,WEN,0.034482758620689655,Buy
2024-04-08,HYG,-0.03455131007513755,Sell
2024-04-08,BUD,-0.034608521658405854,Sell
2024-04-08,SPWR,-0.03594693924879537,Sell
2024-04-08,NSC,-0.034502257682886506,Sell
2024-04-08,ICE,0.034482758620689655,Buy
2024-04-08,GREK,-0.035058059211991115,Sell
2024-04-08,JNJ,0.00019316933479595483,Buy
2024-04-08,STI,0.034482758620689655,Buy
2024-04-08,KMB,8.316621517594908e-05,Buy
2024-04-08,VTR,0.034482758620689655,Buy
2024-04-08,BDX,0.0006353348313793902,Buy
2024-04-08,QQQ,-0.034480716818475275,Sell
2024-04-08,EWI,-0.03474021462119521,Sell
2024-04-08,SIRI,0.0010986820164086489,Buy
2024-04-08,DLTR,0.0006688702459376403,Buy
2024-04-08,XRT,-0.034539787132800495,Sell
2024-04-08,WMB,0.034482758620689655,Buy
2024-04-08,TRP,0.00012948595638851562,Buy
2024-04-08,KO,0.00015123484010100968,Buy
2024-04-08,RL,0.034482758620689655,Buy
2024-04-08,NWSA,-9.525747324571482e-05,Sell
2024-04-08,TRIP,0.00025264564425730995,Buy
2024-04-08,PCG,1.2211635761510964e-05,Buy
2024-04-08,NTES,-0.03453107883308741,Sell
2024-04-08,CME,-0.0002605049622081343,Sell
2024-04-08,CLX,0.000387768822465738,Buy
2024-04-08,OHI,0.034482758620689655,Buy
2024-04-08,CSIQ,0.034482758620689655,Buy
2024-04-08,M,-0.03627014424320203,Sell
2024-04-08,ENB,0.00011947127529509521,Buy
2024-04-08,VZ,0.00033138306589829136,Buy
2024-04-08,MRK,0.00039734309338253226,Buy
2024-04-08,BMY,0.034482758620689655,Buy
2024-04-09,MET,0.034482758620689655,Buy
2024-04-09,CNC,0.00011361172283187032,Buy
2024-04-09,PPG,-0.0005786411088093413,Sell
2024-04-09,BAX,-0.03497033730830772,Sell
2024-04-09,CF,-0.0005890356293906801,Sell
2024-04-09,HP,0.034482758620689655,Buy
2024-04-09,XLP,-0.03466409653005074,Sell
2024-04-09,WEN,-6.97526910310095e-05,Sell
2024-04-09,ICE,0.00044466278306157236,Buy
2024-04-09,GREK,0.034482758620689655,Buy
2024-04-09,JNJ,-0.00017330845212636115,Sell
2024-04-09,STI,0.00635461925971776,Buy
2024-04-09,KMB,-0.03501402294443073,Sell
2024-04-09,TRV,0.034482758620689655,Buy
2024-04-09,VTR,-0.00042648503696365164,Sell
2024-04-09,BDX,-0.0005977169244205244,Sell
2024-04-09,EWI,0.034482758620689655,Buy
2024-04-09,SIRI,-0.000728448143223405,Sell
2024-04-09,ANF,0.034482758620689655,Buy
2024-04-09,DLTR,0.00022543260003367316,Buy
2024-04-09,MAR,0.034482758620689655,Buy
2024-04-09,WMB,-0.03475362021203821,Sell
2024-04-09,TRP,-0.0002495519477113059,Sell
2024-04-09,KO,-0.03475869112977211,Sell
2024-04-09,RL,0.0001840783096133669,Buy
2024-04-09,NTAP,0.034482758620689655,Buy
2024-04-09,NWSA,0.00029423006229060966,Buy
2024-04-09,TRIP,0.0001517714330778394,Buy
2024-04-09,PCG,-0.034866161330389944,Sell
2024-04-09,CME,0.0004675613969231038,Buy
2024-04-09,CLX,6.484268182282982e-05,Buy
2024-04-09,OHI,0.0001261729144418841,Buy
2024-04-09,CSIQ,-0.03721758886142194,Sell
2024-04-09,BSX,0.034482758620689655,Buy
2024-04-09,ENB,-0.034575091234334235,Sell
2024-04-09,VZ,0.00017500076381589402,Buy
2024-04-09,MRK,-5.490299687752748e-05,Sell
2024-04-09,BMY,-0.03483431357237962,Sell
2024-04-10,MET,8.960469649443165e-05,Buy
2024-04-10,MNST,0.034482758620689655,Buy
2024-04-10,CNC,-0.03463656299868521,Sell
2024-04-10,PPG,0.0007213891307602527,Buy
2024-04-10,BAX,0.034482758620689655,Buy
2024-04-10,CF,-0.03475825083138859,Sell
2024-04-10,HP,-0.03478427759807109,Sell
2024-04-10,HOG,0.034482758620689655,Buy
2024-04-10,WEN,-0.035325587799623324,Sell
2024-04-10,BUD,0.034482758620689655,Buy
2024-04-10,ICE,-0.0343099424414806,Sell
2024-04-10,GREK,-0.03462556273166871,Sell
2024-04-10,JNJ,0.00010404114576654383,Buy
2024-04-10,STI,-0.03529553991788753,Sell
2024-04-10,TRV,-0.0004584154002051574,Sell
2024-04-10,VTR,-0.033581927353368936,Sell
2024-04-10,DHI,0.034482758620689655,Buy
2024-04-10,BDX,0.0003091729048956618,Buy
2024-04-10,WFC,0.034482758620689655,Buy
2024-04-10,EWI,4.8239834438579265e-05,Buy
2024-04-10,SIRI,0.0007370495125588947,Buy
2024-04-10,ANF,-0.03431976070111637,Sell
2024-04-10,DLTR,-0.035240339810589466,Sell
2024-04-10,MS,0.034482758620689655,Buy
2024-04-10,MAR,-0.03477641569818182,Sell
2024-04-10,XRT,0.034482758620689655,Buy
2024-04-10,KEY,0.034482758620689655,Buy
2024-04-10,WMB,0.034482758620689655,Buy
2024-04-10,TRP,0.0006984805295052327,Buy
2024-04-10,RL,0.00028509803073759055,Buy
2024-04-10,NTAP,0.00014442775773190752,Buy
2024-04-10,NWSA,0.0005548311217799876,Buy
2024-04-10,TRIP,0.000221300181291198,Buy
2024-04-10,BX,0.034482758620689655,Buy
2024-04-10,LOW,0.034482758620689655,Buy
2024-04-10,RF,0.034482758620689655,Buy
2024-04-10,HMC,0.034482758620689655,Buy
2024-04-10,CME,-0.035225963351007465,Sell
2024-04-10,CLX,-0.0349417955527212,Sell
2024-04-10,OHI,-0.03369737280376699,Sell
2024-04-10,BSX,-0.03485200815406927,Sell
2024-04-10,COF,0.034482758620689655,Buy
2024-04-10,ENB,0.034482758620689655,Buy
2024-04-10,VZ,-0.00010120973263803845,Sell
2024-04-10,MRK,-0.03486808868234788,Sell
2024-04-11,MET,0.0003122195333724945,Buy
2024-04-11,MNST,-0.03456771927359387,Sell
2024-04-11,CNC,0.034482758620689655,Buy
2024-04-11,PPG,-0.00010282366629559697,Sell
2024-04-11,BAX,-0.03471716196195427,Sell
2024-04-11,HP,0.034482758620689655,Buy
2024-04-11,HOG,0.000484192146011031,Buy
2024-04-11,HYG,0.034482758620689655,Buy
2024-04-11,BUD,-0.034711230055807805,Sell
2024-04-11,ICE,0.034482758620689655,Buy
2024-04-11,GREK,0.034482758620689655,Buy
2024-04-11,JNJ,0.00018948650189683225,Buy
2024-04-11,HAS,0.034482758620689655,Buy
2024-04-11,TRV,0.00047855939786438373,Buy
2024-04-11,DHI,-0.03518802270580184,Sell
2024-04-11,EWC,0.034482758620689655,Buy
2024-04-11,BDX,-0.03456366652957857,Sell
2024-04-11,WFC,1.6500207841392556e-05,Buy
2024-04-11,EWI,4.3877947535103656e-05,Buy
2024-04-11,SIRI,-0.00013549017712132655,Sell
2024-04-11,MS,0.0016813563445064322,Buy
2024-04-11,XRT,-0.03471734616571173,Sell
2024-04-11,KEY,0.00014443782155635493,Buy
2024-04-11,WMB,0.00011382585909472387,Buy
2024-04-11,TRP,0.00021851864873607962,Buy
2024-04-11,RL,0.00016604019886373028,Buy
2024-04-11,NTAP,-0.03538079458353341,Sell
2024-04-11,NWSA,-0.0002609660353102075,Sell
2024-04-11,TRIP,-0.03533782843178803,Sell
2024-04-11,BX,-0.00035240301402197916,Sell
2024-04-11,LOW,0.0001155783117156306,Buy
2024-04-11,RF,0.00033945226969353537,Buy
2024-04-11,HMC,-0.03468449625024191,Sell
2024-04-11,CP,0.034482758620689655,Buy
2024-04-11,OHI,0.034482758620689655,Buy
2024-04-11,COF,-0.0347171958782206,Sell
2024-04-11,ENB,-0.00014551169719482365,Sell
2024-04-11,VZ,0.0001720740634387971,Buy
2024-04-11,BMY,0.034482758620689655,Buy
2024-04-12,MET,-8.544208622605909e-05,Sell
2024-04-12,CNC,-0.034537835679570764,Sell
2024-04-12,PPG,-0.03417627429475624,Sell
2024-04-12,BAX,0.034482758620689655,Buy
2024-04-12,HP,2.0099473848844696e-05,Buy
2024-04-12,HOG,0.0002674173569582883,Buy
2024-04-12,XLP,0.034482758620689655,Buy
2024-04-12,HYG,-0.034963875239234006,Sell
2024-04-12,NSC,0.034482758620689655,Buy
2024-04-12,ICE,-0.03500054108673758,Sell
2024-04-12,CAG,0.034482758620689655,Buy
2024-04-12,GREK,-0.03369492315756218,Sell
2024-04-12,JNJ,-0.00020083410451909173,Sell
2024-04-12,KMB,0.034482758620689655,Buy
2024-04-12,HAS,-0.03471467656753455,Sell
2024-04-12,TRV,-0.0006105399815650933,Sell
2024-04-12,EWC,6.569416223658336e-05,Buy
2024-04-12,WFC,-0.03484643370959551,Sell
2024-04-12,EWI,-1.0372251423591827e-05,Sell
2024-04-12,SIRI,0.0008621581074950493,Buy
2024-04-12,DLTR,0.034482758620689655,Buy
2024-04-12,MS,-0.00023759313022645584,Sell
2024-04-12,MAR,0.034482758620689655,Buy
2024-04-12,XRT,0.034482758620689655,Buy
2024-04-12,KEY,-0.034720769376791284,Sell
2024-04-12,WMB,-2.817545928769649e-05,Sell
2024-04-12,TRP,0.00013781069087245856,Buy
2024-04-12,RL,0.0005032709258000201,Buy
2024-04-12,NWSA,0.0002866795028431679,Buy
2024-04-12,BX,0.0004380579443021629,Buy
2024-04-12,LOW,-0.03447849764066139,Sell
2024-04-12,NTES,0.034482758620689655,Buy
2024-04-12,RF,-0.03458569004022728,Sell
2024-04-12,HMC,0.034482758620689655,Buy
2024-04-12,CME,0.034482758620689655,Buy
2024-04-12,CP,-0.03473995813507569,Sell
2024-04-12,OHI,-0.03477694973243076,Sell
2024-04-12,XLE,0.034482758620689655,Buy
2024-04-12,ENB,-0.0001248033768956533,Sell
2024-04-12,VZ,-0.00011615978190760573,Sell
2024-04-12,BMY,9.880103927933925e-05,Buy
2024-04-15,MET,0.00021448364498669742,Buy
2024-04-15,BAX,0.00011793212573175949,Buy
2024-04-15,VWO,0.034482758620689655,Buy
2024-04-15,HP,-0.034481201328852025,Sell
2024-04-15,HOG,0.0004007444768949417,Buy
2024-04-15,XLP,1.0536738618574515e-05,Buy
2024-04-15,HYG,0.034482758620689655,Buy
2024-04-15,NSC,-0.00010702205232076406,Sell
2024-04-15,ICE,0.034482758620689655,Buy
2024-04-15,RRC,0.034482758620689655,Buy
2024-04-15,CAG,-0.035145158521648574,Sell
2024-04-15,GREK,0.034482758620689655,Buy
2024-04-15,JNJ,-0.034630155530983,Sell
2024-04-15,KMB,-0.03503561305930859,Sell
2024-04-15,NDAQ,0.034482758620689655,Buy
2024-04-15,TRV,-0.03460747026822704,Sell
2024-04-15,DHI,0.034482758620689655,Buy
2024-04-15,EWC,0.00012059324974629526,Buy
2024-04-15,QQQ,0.034482758620689655,Buy
2024-04-15,EWI,-0.00015983817369517178,Sell
2024-04-15,SIRI,0.00019252082925094727,Buy
2024-04-15,DLTR,-0.03466073250734998,Sell
2024-04-15,MS,-0.03493500630172919,Sell
2024-04-15,MAR,0.0002343866109929399,Buy
2024-04-15,XRT,0.0003264994946493016,Buy
2024-04-15,WMB,8.718448549404484e-05,Buy
2024-04-15,TRP,-2.5522579727828287e-05,Sell
2024-04-15,EW,0.034482758620689655,Buy
2024-04-15,RL,-0.034585655606631,Sell
2024-04-15,NWSA,-1.7296621088472297e-05,Sell
2024-04-15,TRIP,0.034482758620689655,Buy
2024-04-15,BX,0.0005138154803661713,Buy
2024-04-15,LOW,0.034482758620689655,Buy
2024-04-15,NTES,-0.03462124714399515,Sell
2024-04-15,HMC,9.914806102457457e-05,Buy
2024-04-15,CME,0.0004093014741006415,Buy
2024-04-15,BSX,0.034482758620689655,Buy
2024-04-15,XLE,0.00019309215318488726,Buy
2024-04-15,ENB,-0.03417827241208586,Sell
2024-04-15,VZ,-0.034953592460983465,Sell
2024-04-15,BMY,-0.0347786296488872,Sell
2024-04-16,MET,2.845260079376022e-05,Buy
2024-04-16,PPG,0.034482758620689655,Buy
2024-04-16,BAX,0.00018096628348144433,Buy
2024-04-16,VWO,-0.03428102810335989,Sell
2024-04-16,HP,0.034482758620689655,Buy
2024-04-16,HOG,3.09778034084246e-05,Buy
2024-04-16,XLP,-0.03472345919787448,Sell
2024-04-16,HYG,-0.00011219227422788053,Sell
2024-04-16,NSC,0.00014950757169207574,Buy
2024-04-16,ICE,-5.629128470964473e-05,Sell
2024-04-16,RRC,-0.0001274327378747997,Sell
2024-04-16,GREK,0.00010030569183164945,Buy
2024-04-16,NDAQ,-0.034616947244990114,Sell
2024-04-16,DHI,-0.034006054955087586,Sell
2024-04-16,EWC,1.824122900877939e-05,Buy
2024-04-16,BDX,0.034482758620689655,Buy
2024-04-16,WFC,0.034482758620689655,Buy
2024-04-16,QQQ,-0.00022968206488124115,Sell
2024-04-16,EWI,6.278350274146333e-05,Buy
2024-04-16,SIRI,-0.03438177377540148,Sell
2024-04-16,MAR,0.00016337606749641798,Buy
2024-04-16,XRT,-0.00024603476698268484,Sell
2024-04-16,WMB,-5.218315785261024e-05,Sell
2024-04-16,TRP,0.0005545026279476922,Buy
2024-04-16,EW,-0.03503996773114951,Sell
2024-04-16,NWSA,3.0858806243649894e-05,Buy
2024-04-16,TRIP,0.00014134097815744068,Buy
2024-04-16,BX,-0.00042983645417946775,Sell
2024-04-16,LOW,-0.03445872439337134,Sell
2024-04-16,DUK,0.034482758620689655,Buy
2024-04-16,HMC,0.00048011540706469763,Buy
2024-04-16,CME,-0.00026853304843095505,Sell
2024-04-16,OHI,0.034482758620689655,Buy
2024-04-16,BSX,-0.035059190534996565,Sell
2024-04-16,XLE,7.605657380534842e-05,Buy
2024-04-16,COF,0.034482758620689655,Buy
2024-04-16,CAT,0.034482758620689655,Buy
2024-04-17,MET,-2.631301906620004e-05,Sell
2024-04-17,PPG,-0.03488893005641878,Sell
2024-04-17,BAX,1.2289190385483817e-05,Buy
2024-04-17,VWO,0.034482758620689655,Buy
2024-04-17,A,0.034482758620689655,Buy
2024-04-17,HP,0.0002618833518848798,Buy
2024-04-17,HOG,0.0007423740362919248,Buy
2024-04-17,HYG,-7.692878832192551e-05,Sell
2024-04-17,NSC,0.0004759217282721412,Buy
2024-04-17,ICE,-0.0002545099832109085,Sell
2024-04-17,RRC,0.00019580693448870146,Buy
2024-04-17,GREK,-8.599006446698143e-05,Sell
2024-04-17,TRV,0.034482758620689655,Buy
2024-04-17,EWC,-0.0001726994464101156,Sell
2024-04-17,BDX,-0.00021061222430152765,Sell
2024-04-17,EBAY,0.034482758620689655,Buy
2024-04-17,WFC,-0.03498520225561793,Sell
2024-04-17,QQQ,0.0003897975813349844,Buy
2024-04-17,EWI,-0.03485245648661921,Sell
2024-04-17,SIRI,0.034482758620689655,Buy
2024-04-17,MAR,0.0009747835374234529,Buy
2024-04-17,XRT,0.00011943460859182436,Buy
2024-04-17,WMB,-5.882299403684593e-05,Sell
2024-04-17,TRP,5.6943224705827133e-05,Buy
2024-04-17,EW,0.034482758620689655,Buy
2024-04-17,NWSA,-0.0001029259412282102,Sell
2024-04-17,TRIP,-0.00029144755883021845,Sell
2024-04-17,BX,-0.03488505357789606,Sell
2024-04-17,DUK,-0.03511985660879968,Sell
2024-04-17,HMC,0.0003813129627042028,Buy
2024-04-17,CME,-0.0348383639147162,Sell
2024-04-17,CP,0.034482758620689655,Buy
2024-04-17,OHI,0.0001406188060766589,Buy
2024-04-17,XLE,6.739350899897384e-05,Buy
2024-04-17,COF,-0.034605165390186245,Sell
2024-04-17,MT,0.034482758620689655,Buy
2024-04-17,CAT,-0.034364468611246916,Sell
2024-04-18,MET,-0.034984619865002564,Sell
2024-04-18,MNST,0.034482758620689655,Buy
2024-04-18,BAX,-0.00010010789944264048,Sell
2024-04-18,VWO,-0.03456217934952167,Sell
2024-04-18,A,0.0005538304204557448,Buy
2024-04-18,HP,-0.0002567352177482024,Sell
2024-04-18,HOG,0.00011321428458760385,Buy
2024-04-18,HYG,-0.0344967618003071,Sell
2024-04-18,NSC,-0.00012065232368035916,Sell
2024-04-18,ICE,-4.998793794242645e-05,Sell
2024-04-18,RRC,-0.034529043137412195,Sell
2024-04-18,GREK,-0.0349691702384013,Sell
2024-04-18,TRV,-0.0006274506058604121,Sell
2024-04-18,VTR,0.034482758620689655,Buy
2024-04-18,EWC,-0.034544471180964494,Sell
2024-04-18,BDX,-0.034609005302017735,Sell
2024-04-18,EBAY,-0.034818004366265344,Sell
2024-04-18,QQQ,0.0002099787572057074,Buy
2024-04-18,SIRI,0.00045804933963545374,Buy
2024-04-18,ANF,0.034482758620689655,Buy
2024-04-18,ORCL,0.034482758620689655,Buy
2024-04-18,TSM,0.034482758620689655,Buy
2024-04-18,MAR,0.00032551239018453054,Buy
2024-04-18,XRT,-1.3534324021721722e-06,Sell
2024-04-18,WMB,0.00010476318667492629,Buy
2024-04-18,TRP,-0.03465606418037309,Sell
2024-04-18,EW,0.0003254218203830664,Buy
2024-04-18,RL,0.034482758620689655,Buy
2024-04-18,NWSA,0.0001845546851602306,Buy
2024-04-18,TRIP,0.0002168432170489079,Buy
2024-04-18,BX,0.034482758620689655,Buy
2024-04-18,HMC,0.00027147946715014304,Buy
2024-04-18,CP,9.174221749085054e-06,Buy
2024-04-18,OHI,-0.03449248406375043,Sell
2024-04-18,SYK,0.034482758620689655,Buy
2024-04-18,CSIQ,0.034482758620689655,Buy
2024-04-18,BSX,0.034482758620689655,Buy
2024-04-18,XLE,0.00011948100359947256,Buy
2024-04-18,MT,-4.161930920119211e-05,Sell
2024-04-19,MNST,0.00022185932330927305,Buy
2024-04-19,PPG,0.034482758620689655,Buy
2024-04-19,BAX,0.00017202220113288202,Buy
2024-04-19,VWO,0.034482758620689655,Buy
2024-04-19,A,-5.992773902751408e-05,Sell
2024-04-19,HP,-0.03512859674238668,Sell
2024-04-19,HOG,-0.03465853417367877,Sell
2024-04-19,NVDA,0.034482758620689655,Buy
2024-04-19,SPWR,0.034482758620689655,Buy
2024-04-19,NSC,-0.00012933909613241368,Sell
2024-04-19,ICE,-4.4984853587899665e-05,Sell
2024-04-19,QCOM,0.034482758620689655,Buy
2024-04-19,TRV,-0.03506508749323104,Sell
2024-04-19,VTR,-0.03486329764896946,Sell
2024-04-19,DHI,0.034482758620689655,Buy
2024-04-19,BDX,0.034482758620689655,Buy
2024-04-19,MU,0.034482758620689655,Buy
2024-04-19,QQQ,0.0007286455596427835,Buy
2024-04-19,SIRI,-0.00032236909861028257,Sell
2024-04-19,ANF,-0.03479511151116681,Sell
2024-04-19,ORCL,0.00034833276637499105,Buy
2024-04-19,TSM,0.0012064104551336788,Buy
2024-04-19,MAR,5.930742637679648e-05,Buy
2024-04-19,XRT,-0.03470125204792425,Sell
2024-04-19,WMB,-0.03532017892100268,Sell
2024-04-19,EW,0.00021887867816895723,Buy
2024-04-19,RL,-0.03471476628392382,Sell
2024-04-19,HUM,0.034482758620689655,Buy
2024-04-19,NTAP,0.034482758620689655,Buy
2024-04-19,NWSA,2.989422824756921e-05,Buy
2024-04-19,TRIP,0.0003022029905253784,Buy
2024-04-19,BX,0.0005655519306029116,Buy
2024-04-19,HMC,0.00032570293919798043,Buy
2024-04-19,CP,-0.034771064795288534,Sell
2024-04-19,CLX,0.034482758620689655,Buy
2024-04-19,SYK,0.0002281660976233557,Buy
2024-04-19,CSIQ,-0.03418255570048143,Sell
2024-04-19,BSX,6.15551798455044e-05,Buy
2024-04-19,XLE,-0.034882259698704,Sell
2024-04-19,MT,-0.00031336530053072825,Sell
2024-04-22,MNST,-0.03456126835009417,Sell
2024-04-22,CNC,0.034482758620689655,Buy
2024-04-22,PPG,0.00015003248835959715,Buy
2024-04-22,AMTD,0.034482758620689655,Buy
2024-04-22,BAX,-0.0350720132522977,Sell
2024-04-22,VWO,-0.03455795443196305,Sell
2024-04-22,A,-8.65257035515335e-05,Sell
2024-04-22,HP,0.034482758620689655,Buy
2024-04-22,NVDA,-0.0012739002047876535,Sell
2024-04-22,SPWR,0.004862862075102541,Buy
2024-04-22,NSC,-0.00025480186680135186,Sell
2024-04-22,ICE,0.00010319584795542847,Buy
2024-04-22,QCOM,-0.03481896099356939,Sell
2024-04-22,TRV,0.034482758620689655,Buy
2024-04-22,VTR,0.034482758620689655,Buy
2024-04-22,DHI,6.033668751966037e-06,Buy
2024-04-22,BDX,0.00025322960511400816,Buy
2024-04-22,MU,-0.035018824582218,Sell
2024-04-22,QQQ,-0.00012649303085165986,Sell
2024-04-22,SIRI,-0.00022545126777671204,Sell
2024-04-22,ORCL,0.00032248827261759094,Buy
2024-04-22,TSM,-0.0003319659338837516,Sell
2024-04-22,MAR,1.3382787180216127e-05,Buy
2024-04-22,KGC,0.034482758620689655,Buy
2024-04-22,TRP,0.034482758620689655,Buy
2024-04-22,D,0.034482758620689655,Buy
2024-04-22,EW,-0.03467133822809431,Sell
2024-04-22,HUM,0.0005343070708075034,Buy
2024-04-22,NTAP,0.00023208781778683019,Buy
2024-04-22,NWSA,-0.03484952738193819,Sell
2024-04-22,TRIP,-0.034976225465494164,Sell
2024-04-22,BX,-0.035332536387730686,Sell
2024-04-22,HMC,-0.00019339845488963725,Sell
2024-04-22,CME,0.034482758620689655,Buy
2024-04-22,CLX,-0.00016142396684208637,Sell
2024-04-22,OHI,0.034482758620689655,Buy
2024-04-22,SYK,-1.8804042552569844e-05,Sell
2024-04-22,BSX,-0.03461580372770659,Sell
2024-04-22,M,0.034482758620689655,Buy
2024-04-22,MT,-0.03483146613672204,Sell
2024-04-23,CNC,0.00039898654867111943,Buy
2024-04-23,PPG,0.0007048869261477436,Buy
2024-04-23,AMTD,-0.03416213819245094,Sell
2024-04-23,A,-0.03530876006067434,Sell
2024-04-23,HP,-0.034864914333141823,Sell
2024-04-23,NVDA,-0.03520781858479649,Sell
2024-04-23,SPWR,-0.037546988549161955,Sell
2024-04-23,NSC,0.0004575096960381664,Buy
2024-04-23,ICE,0.00034038543931921156,Buy
2024-04-23,JNJ,0.034482758620689655,Buy
2024-04-23,STI,0.034482758620689655,Buy
2024-04-23,TRV,0.0005079070127956761,Buy
2024-04-23,VTR,0.0001771847878695651,Buy
2024-04-23,DHI,-0.03514450451126207,Sell
2024-04-23,BDX,0.0004461193055014939,Buy
2024-04-23,QQQ,8.946209915469683e-06,Buy
2024-04-23,SIRI,0.00019026938590823578,Buy
2024-04-23,ORCL,-0.03413300775569655,Sell
2024-04-23,TSM,-0.03493029651192754,Sell
2024-04-23,MAR,0.00018962415877907257,Buy
2024-04-23,KGC,-0.03443942571730492,Sell
2024-04-23,TRP,0.0004023220276416842,Buy
2024-04-23,KO,0.034482758620689655,Buy
2024-04-23,D,-0.03399375270868277,Sell
2024-04-23,ULTA,0.034482758620689655,Buy
2024-04-23,PVH,0.034482758620689655,Buy
2024-04-23,HUM,0.00023599337984132884,Buy
2024-04-23,NTAP,-0.03449077077381431,Sell
2024-04-23,NWSA,0.034482758620689655,Buy
2024-04-23,BX,0.034482758620689655,Buy
2024-04-23,DUK,0.034482758620689655,Buy
2024-04-23,NTES,0.034482758620689655,Buy
2024-04-23,HMC,0.0004863352809432245,Buy
2024-04-23,CME,0.00031248262669086174,Buy
2024-04-23,CLX,3.678930887252713e-05,Buy
2024-04-23,OHI,-0.03444960906781461,Sell
2024-04-23,SYK,-0.03471638504459045,Sell
2024-04-23,CSIQ,0.034482758620689655,Buy
2024-04-23,M,2.6712227043500236e-05,Buy
2024-04-23,MT,0.034482758620689655,Buy
2024-04-23,MRK,0.034482758620689655,Buy
2024-04-23,BMY,0.034482758620689655,Buy
2024-04-24,CNC,-0.03437829044252108,Sell
2024-04-24,PPG,0.0002387794227059828,Buy
2024-04-24,A,0.034482758620689655,Buy
2024-04-24,NVDA,0.034482758620689655,Buy
2024-04-24,DAL,0.034482758620689655,Buy
2024-04-24,SPWR,0.034482758620689655,Buy
2024-04-24,NSC,0.001492780723792643,Buy
2024-04-24,ICE,0.0002003273233942629,Buy
2024-04-24,GREK,0.034482758620689655,Buy
2024-04-24,JNJ,0.0004980640930657074,Buy
2024-04-24,STI,-0.04457652344797209,Sell
2024-04-24,TRV,0.00040450778780297403,Buy
2024-04-24,VTR,0.00022312156903568636,Buy
2024-04-24,EWC,0.034482758620689655,Buy
2024-04-24,BDX,0.0003397832866684977,Buy
2024-04-24,QQQ,0.00014647295868835952,Buy
2024-04-24,EWI,0.034482758620689655,Buy
2024-04-24,SIRI,0.00026239718588279975,Buy
2024-04-24,ANF,0.034482758620689655,Buy
2024-04-24,MAR,-0.03484426165067583,Sell
2024-04-24,TRP,0.0003763736609789514,Buy
2024-04-24,KO,-0.03473388985976099,Sell
2024-04-24,ULTA,-0.033508644399713544,Sell
2024-04-24,PVH,-0.034290238090489485,Sell
2024-04-24,HUM,0.0015144402291290687,Buy
2024-04-24,NWSA,0.0003319231842230583,Buy
2024-04-24,TRIP,0.034482758620689655,Buy
2024-04-24,BX,-0.034074463816402,Sell
2024-04-24,LOW,0.034482758620689655,Buy
2024-04-24,DUK,-0.03448520932827718,Sell
2024-04-24,NTES,-0.03456966404800384,Sell
2024-04-24,HMC,0.00043062784230094714,Buy
2024-04-24,CME,0.0009222734996597454,Buy
2024-04-24,CLX,-0.03464468584805841,Sell
2024-04-24,SYK,0.034482758620689655,Buy
2024-04-24,CSIQ,5.527964893269066e-05,Buy
2024-04-24,M,0.0007841646572625954,Buy
2024-04-24,MT,0.0002488111742457444,Buy
2024-04-24,MRK,-0.03425272748981738,Sell
2024-04-24,BMY,0.0003532033463043774,Buy
2024-04-25,MET,0.034482758620689655,Buy
2024-04-25,MNST,0.034482758620689655,Buy
2024-04-25,PPG,0.00011896601322879119,Buy
2024-04-25,BAX,0.034482758620689655,Buy
2024-04-25,A,5.8660844977381776e-05,Buy
2024-04-25,HP,0.034482758620689655,Buy
2024-04-25,HOG,0.034482758620689655,Buy
2024-04-25,NVDA,-0.03599400307602202,Sell
2024-04-25,DAL,-0.03611131490216304,Sell
2024-04-25,HYG,0.034482758620689655,Buy
2024-04-25,SPWR,-0.0003905264265131811,Sell
2024-04-25,NSC,-0.000901394606654185,Sell
2024-04-25,ICE,-2.7703620593233502e-05,Sell
2024-04-25,GREK,-0.00018145839846046147,Sell
2024-04-25,JNJ,0.00017550434105258195,Buy
2024-04-25,TRV,-0.034797893032530496,Sell
2024-04-25,VTR,-0.034507861211198476,Sell
2024-04-25,EWC,-0.0003541224028269091,Sell
2024-04-25,BDX,0.0002731695495217165,Buy
2024-04-25,WFC,0.034482758620689655,Buy
2024-04-25,QQQ,-5.644306206439853e-05,Sell
2024-04-25,EWI,8.2415666251133e-05,Buy
2024-04-25,SIRI,0.001313576880426777,Buy
2024-04-25,ANF,-0.034815387793369866,Sell
2024-04-25,TRP,-0.00039803704125340733,Sell
2024-04-25,HUM,0.0002778908370439648,Buy
2024-04-25,NWSA,0.00027053340450433616,Buy
2024-04-25,TRIP,-0.00034351657495514804,Sell
2024-04-25,LOW,-0.03465709080075799,Sell
2024-04-25,HMC,0.0005424921214304823,Buy
2024-04-25,CME,-0.00021590586898515007,Sell
2024-04-25,OHI,0.034482758620689655,Buy
2024-04-25,SYK,-0.00025497886756482846,Sell
2024-04-25,CSIQ,-0.033639636556696204,Sell
2024-04-25,M,-0.034002692809912256,Sell
2024-04-25,MT,-0.03473436700108383,Sell
2024-04-25,VZ,0.034482758620689655,Buy
2024-04-25,CAT,0.034482758620689655,Buy
2024-04-25,BMY,-0.031751846278229676,Sell
2024-04-26,MET,0.0007490237510143702,Buy
2024-04-26,MNST,-0.03458527842883671,Sell
2024-04-26,CNC,0.034482758620689655,Buy
2024-04-26,PPG,-0.03469058566613332,Sell
2024-04-26,BAX,0.00012565413063492237,Buy
2024-04-26,A,-0.0347887338462866,Sell
2024-04-26,HP,8.263213051586116e-05,Buy
2024-04-26,HOG,-0.001535431348714908,Sell
2024-04-26,HYG,-0.034550943894491475,Sell
2024-04-26,SPWR,0.003163726634387437,Buy
2024-04-26,NSC,0.00016733733249068433,Buy
2024-04-26,ICE,7.13920122158776e-05,Buy
2024-04-26,GREK,-0.00021395620883699756,Sell
2024-04-26,JNJ,0.00019956847584931547,Buy
2024-04-26,EWC,-0.034562121940618674,Sell
2024-04-26,BDX,-0.00011985514589226559,Sell
2024-04-26,WFC,5.1543118520812337e-05,Buy
2024-04-26,QQQ,-0.000491463884138725,Sell
2024-04-26,EWI,-0.00014593192769166152,Sell
2024-04-26,SIRI,4.0044772939881734e-05,Buy
2024-04-26,TRP,3.0504190780447638e-05,Buy
2024-04-26,EW,0.034482758620689655,Buy
2024-04-26,RL,0.034482758620689655,Buy
2024-04-26,HUM,-0.03383328958922266,Sell
2024-04-26,NWSA,2.58190879734721e-05,Buy
2024-04-26,TRIP,-0.03603096530660328,Sell
2024-04-26,DUK,0.034482758620689655,Buy
2024-04-26,HMC,-0.00016466492344975603,Sell
2024-04-26,CME,0.00029932872691312146,Buy
2024-04-26,CP,0.034482758620689655,Buy
2024-04-26,CLX,0.034482758620689655,Buy
2024-04-26,OHI,-0.034654501558909014,Sell
2024-04-26,SYK,0.00019737298226982225,Buy
2024-04-26,XLE,0.034482758620689655,Buy
2024-04-26,M,0.034482758620689655,Buy
2024-04-26,VZ,-0.03484668174784734,Sell
2024-04-26,CAT,-0.0005081866708163824,Sell
2024-04-26,BMY,0.034482758620689655,Buy
2024-04-29,MET,-0.03385382562278197,Sell
2024-04-29,CNC,0.0013096780374301162,Buy
2024-04-29,PPG,0.034482758620689655,Buy
2024-04-29,BAX,-0.03367202024628281,Sell
2024-04-29,HP,-0.0336034468816198,Sell
2024-04-29,HOG,-0.033718306914177744,Sell
2024-04-29,SPWR,-0.029223562465779243,Sell
2024-04-29,NSC,0.0010254305753654228,Buy
2024-04-29,ICE,0.0014655662523677185,Buy
2024-04-29,GREK,0.0013631100448195169,Buy
2024-04-29,JNJ,0.0010785813047396245,Buy
2024-04-29,TRV,0.034482758620689655,Buy
2024-04-29,BDX,-0.03352085879495287,Sell
2024-04-29,WFC,0.0012943396712892866,Buy
2024-04-29,QQQ,0.0010982914986694264,Buy
2024-04-29,EWI,0.001161870835926504,Buy
2024-04-29,SIRI,-0.0349009321793269,Sell
2024-04-29,DLTR,0.034482758620689655,Buy
2024-04-29,KEY,0.034482758620689655,Buy
2024-04-29,WMB,0.034482758620689655,Buy
2024-04-29,TRP,0.0013346040806869325,Buy
2024-04-29,ULTA,0.034482758620689655,Buy
2024-04-29,EW,0.0014179513741096328,Buy
2024-04-29,RL,0.0011234412467511987,Buy
2024-04-29,HUM,0.034482758620689655,Buy
2024-04-29,NWSA,0.001288203652087816,Buy
2024-04-29,TRIP,0.034482758620689655,Buy
2024-04-29,BX,0.034482758620689655,Buy
2024-04-29,LOW,0.034482758620689655,Buy
2024-04-29,DUK,-0.033596559155987825,Sell
2024-04-29,HMC,0.0009877314316613789,Buy
2024-04-29,CME,0.001441361193775241,Buy
2024-04-29,CP,0.0015711637256213898,Buy
2024-04-29,CLX,-0.03380331906192463,Sell
2024-04-29,SYK,0.0009103170695341431,Buy
2024-04-29,XLE,-0.033475197848642516,Sell
2024-04-29,M,0.000998760132065131,Buy
2024-04-29,CAT,-0.03387110709622194,Sell
2024-04-29,BMY,0.001388974534649097,Buy
2024-04-30,CNC,-0.03480048658735108,Sell
2024-04-30,PPG,-0.0002164696852592421,Sell
2024-04-30,HP,0.034482758620689655,Buy
2024-04-30,HOG,0.034482758620689655,Buy
2024-04-30,AA,0.034482758620689655,Buy
2024-04-30,SPWR,-0.02986808396758668,Sell
2024-04-30,NSC,0.0009351934121125324,Buy
2024-04-30,ICE,-0.00014131484575249237,Sell
2024-04-30,RRC,0.034482758620689655,Buy
2024-04-30,GREK,-0.034822649729239076,Sell
2024-04-30,JNJ,-0.00015034449350786322,Sell
2024-04-30,TRV,-0.035045026648369615,Sell
2024-04-30,DHI,0.034482758620689655,Buy
2024-04-30,EBAY,0.034482758620689655,Buy
2024-04-30,WFC,-0.00040222334664302,Sell
2024-04-30,EOG,0.034482758620689655,Buy
2024-04-30,QQQ,-2.138104578977562e-05,Sell
2024-04-30,EWI,4.1079585284604925e-05,Buy
2024-04-30,SIRI,0.034482758620689655,Buy
2024-04-30,ORCL,0.034482758620689655,Buy
2024-04-30,DLTR,-0.03500150387592344,Sell
2024-04-30,KEY,-0.03459426877347321,Sell
2024-04-30,KGC,0.034482758620689655,Buy
2024-04-30,WMB,7.786490816046043e-05,Buy
2024-04-30,TRP,-0.0005477010021389603,Sell
2024-04-30,ULTA,-0.034721279480832326,Sell
2024-04-30,EW,-0.00016077847745519375,Sell
2024-04-30,RL,2.924841951800622e-05,Buy
2024-04-30,HUM,-0.03504429429400508,Sell
2024-04-30,NWSA,-0.00013183026025699596,Sell
2024-04-30,TRIP,0.0001881669806835795,Buy
2024-04-30,BX,0.0004846277436606622,Buy
2024-04-30,LOW,-0.00023527581533091396,Sell
2024-04-30,RF,0.034482758620689655,Buy
2024-04-30,HMC,-0.035053822528405734,Sell
2024-04-30,CME,-0.03517061801720507,Sell
2024-04-30,CP,0.0003681194570644211,Buy
2024-04-30,SYK,-0.03492130189361495,Sell
2024-04-30,XLE,0.034482758620689655,Buy
2024-04-30,M,-0.03492093576096006,Sell
2024-04-30,BMY,-0.00013303914712353704,Sell
2024-05-01,PPG,-0.03504127864097121,Sell
2024-05-01,HP,0.0009463025084712542,Buy
2024-05-01,HOG,-2.6666990303604587e-05,Sell
2024-05-01,XLP,0.034482758620689655,Buy
2024-05-01,AA,-0.03364518531360352,Sell
2024-05-01,NSC,-7.567433189245576e-05,Sell
2024-05-01,ICE,-1.526375450584816e-05,Sell
2024-05-01,RRC,0.001270629737052699,Buy
2024-05-01,JNJ,-0.03609276699416783,Sell
2024-05-01,DHI,-0.03458986434624127,Sell
2024-05-01,EWC,0.034482758620689655,Buy
2024-05-01,EBAY,0.00028478215045769223,Buy
2024-05-01,WFC,-0.034635847280722304,Sell
2024-05-01,EOG,0.0005328301176197245,Buy
2024-05-01,QQQ,0.00021288996604376664,Buy
2024-05-01,EWI,-8.376770191859118e-06,Sell
2024-05-01,SIRI,-0.03581100656456248,Sell
2024-05-01,ORCL,-0.03478651547196708,Sell
2024-05-01,ALK,0.034482758620689655,Buy
2024-05-01,MAR,0.034482758620689655,Buy
2024-05-01,XRT,0.034482758620689655,Buy
2024-05-01,KGC,-0.0003042981153498839,Sell
2024-05-01,WMB,0.00038623105809387076,Buy
2024-05-01,TRP,7.884163626390578e-05,Buy
2024-05-01,EW,0.00011413653030227511,Buy
2024-05-01,RL,-0.034515254152893776,Sell
2024-05-01,NWSA,-9.472312423772916e-05,Sell
2024-05-01,TRIP,-2.359771408528416e-05,Sell
2024-05-01,BX,-0.034779967198925156,Sell
2024-05-01,LOW,3.4452642850124615e-05,Buy
2024-05-01,RF,-0.035056874197615356,Sell
2024-05-01,HMC,0.034482758620689655,Buy
2024-05-01,CME,0.034482758620689655,Buy
2024-05-01,CP,0.00034180692544208413,Buy
2024-05-01,CLX,0.034482758620689655,Buy
2024-05-01,SYK,0.034482758620689655,Buy
2024-05-01,CSIQ,0.034482758620689655,Buy
2024-05-01,XLE,0.0005132712258534636,Buy
2024-05-01,VZ,0.034482758620689655,Buy
2024-05-01,BMY,-0.034731585302731176,Sell
2024-05-02,MET,0.034482758620689655,Buy
2024-05-02,MNST,0.034482758620689655,Buy
2024-05-02,A,0.034482758620689655,Buy
2024-05-02,CF,0.034482758620689655,Buy
2024-05-02,HP,0.0005799638917828656,Buy
2024-05-02,HOG,-0.034890763144368626,Sell
2024-05-02,XLP,-0.03453091654095847,Sell
2024-05-02,NSC,-0.034926036173610835,Sell
2024-05-02,ICE,0.0008088928662531442,Buy
2024-05-02,RRC,-0.00019668581940512908,Sell
2024-05-02,TRV,0.034482758620689655,Buy
2024-05-02,EWC,-0.03461414327927558,Sell
2024-05-02,EBAY,0.001359393335161864,Buy
2024-05-02,EOG,-0.034730844669318334,Sell
2024-05-02,QQQ,-0.00019765293661395955,Sell
2024-05-02,EWI,-8.876493361160975e-05,Sell
2024-05-02,ORCL,0.034482758620689655,Buy
2024-05-02,ALK,-0.0346655030285663,Sell
2024-05-02,MAR,-9.510492309239282e-06,Sell
2024-05-02,XRT,-0.03482464093286584,Sell
2024-05-02,ILMN,0.034482758620689655,Buy
2024-05-02,KGC,-2.4003159602645208e-05,Sell
2024-05-02,WMB,-0.03483079139881659,Sell
2024-05-02,TRP,-0.00041230068534259257,Sell
2024-05-02,ULTA,0.034482758620689655,Buy
2024-05-02,EW,-6.930398295697943e-05,Sell
2024-05-02,RL,0.034482758620689655,Buy
2024-05-02,NWSA,9.586926483159952e-06,Buy
2024-05-02,TRIP,-5.9826414447142207e-05,Sell
2024-05-02,BX,0.034482758620689655,Buy
2024-05-02,LOW,-7.063519781722039e-05,Sell
2024-05-02,HMC,-0.03479010166305908,Sell
2024-05-02,CME,0.0003365127559316408,Buy
2024-05-02,CP,-0.035121835477312714,Sell
2024-05-02,CLX,0.0002296106996122274,Buy
2024-05-02,SYK,0.0003949091805307281,Buy
2024-05-02,CSIQ,-0.03468316752904567,Sell
2024-05-02,XLE,4.220782761144015e-05,Buy
2024-05-02,VZ,0.00047527333126281407,Buy
2024-05-02,MRK,0.034482758620689655,Buy
2024-05-03,MET,1.609842380638493e-05,Buy
2024-05-03,MNST,-0.03536504163195492,Sell
2024-05-03,BAX,0.034482758620689655,Buy
2024-05-03,A,-0.03481160928575181,Sell
2024-05-03,CF,5.07051354962651e-05,Buy
2024-05-03,HP,-0.03491059692032788,Sell
2024-05-03,HOG,0.034482758620689655,Buy
2024-05-03,NSC,0.034482758620689655,Buy
2024-05-03,ICE,-0.03540414168415038,Sell
2024-05-03,RRC,-0.03503622512339311,Sell
2024-05-03,CAG,0.034482758620689655,Buy
2024-05-03,JNJ,0.034482758620689655,Buy
2024-05-03,STI,0.034482758620689655,Buy
2024-05-03,TRV,0.00023621904182267311,Buy
2024-05-03,BDX,0.034482758620689655,Buy
2024-05-03,EBAY,-2.7772150159297015e-05,Sell
2024-05-03,EOG,0.034482758620689655,Buy
2024-05-03,QQQ,-0.0005370219045039148,Sell
2024-05-03,EWI,6.914689975165422e-05,Buy
2024-05-03,ORCL,-0.03458065678677692,Sell
2024-05-03,CCL,0.034482758620689655,Buy
2024-05-03,MAR,0.0002943133082912511,Buy
2024-05-03,KEY,0.034482758620689655,Buy
2024-05-03,ILMN,0.0018308154300180485,Buy
2024-05-03,KGC,-0.03453946046087374,Sell
2024-05-03,TRP,-0.03547068130870845,Sell
2024-05-03,ULTA,-0.034334996522014376,Sell
2024-05-03,EW,7.626451917395333e-05,Buy
2024-05-03,RL,-0.034687852829401504,Sell
2024-05-03,NWSA,-0.03500209811755147,Sell
2024-05-03,TRIP,0.0011356453510628153,Buy
2024-05-03,BX,0.0004414637849008904,Buy
2024-05-03,LOW,-0.00022836138213196827,Sell
2024-05-03,CME,0.00012481967297457708,Buy
2024-05-03,CP,0.034482758620689655,Buy
2024-05-03,CLX,0.0005068875435467954,Buy
2024-05-03,SYK,-3.833309335854462e-05,Sell
2024-05-03,XLE,0.000149238251310857,Buy
2024-05-03,VZ,0.00018822391402164435,Buy
2024-05-03,MRK,0.00035369289050332653,Buy
2024-05-06,MET,-0.034947370225685455,Sell
2024-05-06,PPG,0.034482758620689655,Buy
2024-05-06,BAX,0.00048567785818950243,Buy
2024-05-06,A,0.034482758620689655,Buy
2024-05-06,CF,-0.03454564994355566,Sell
2024-05-06,HP,0.034482758620689655,Buy
2024-05-06,HOG,-0.034899749393636555,Sell
2024-05-06,NSC,0.0008726676720905782,Buy
2024-05-06,CAG,0.0005810146634850841,Buy
2024-05-06,JNJ,0.00029061928704413736,Buy
2024-05-06,STI,0.00041809309907653996,Buy
2024-05-06,TRV,-0.00019906302349809168,Sell
2024-05-06,BDX,-0.00014627357040304656,Sell
2024-05-06,EBAY,0.00031863667950435964,Buy
2024-05-06,EOG,-0.034472449861867586,Sell
2024-05-06,QQQ,-0.00024442406086314095,Sell
2024-05-06,EWI,-0.0002585141374902705,Sell
2024-05-06,HTZ,0.034482758620689655,Buy
2024-05-06,DLTR,0.034482758620689655,Buy
2024-05-06,CCL,-0.03473154617234083,Sell
2024-05-06,MAR,-0.00019470595625488418,Sell
2024-05-06,KEY,-0.03481108868494855,Sell
2024-05-06,ILMN,-0.00017401321903026679,Sell
2024-05-06,EW,0.00019630782217185117,Buy
2024-05-06,RL,0.034482758620689655,Buy
2024-05-06,NWSA,0.034482758620689655,Buy
2024-05-06,TRIP,0.000518101354742978,Buy
2024-05-06,BX,-0.03528837760045933,Sell
2024-05-06,LOW,0.00019546732790954452,Buy
2024-05-06,CME,7.393797730983337e-05,Buy
2024-05-06,CP,-0.03512212293307892,Sell
2024-05-06,CLX,-0.00012910548147344186,Sell
2024-05-06,OHI,0.034482758620689655,Buy
2024-05-06,SYK,0.0004403582383041768,Buy
2024-05-06,XLE,-0.0346218133357664,Sell
2024-05-06,VZ,-0.0002568157070094654,Sell
2024-05-06,MRK,0.00011566979982022968,Buy
2024-05-06,BMY,0.034482758620689655,Buy
2024-05-07,MET,0.034482758620689655,Buy
2024-05-07,PPG,-0.0347799795582576,Sell
2024-05-07,BAX,0.00037426276733802666,Buy
2024-05-07,A,-0.00015584606885387514,Sell
2024-05-07,HP,-0.0346023044068894,Sell
2024-05-07,SPWR,0.034482758620689655,Buy
2024-05-07,NSC,-0.0002707726024789858,Sell
2024-05-07,CAG,-0.035082034494401476,Sell
2024-05-07,JNJ,-2.6508625376217565e-05,Sell
2024-05-07,STI,0.0008751419389191398,Buy
2024-05-07,TRV,-0.00016328135505258579,Sell
2024-05-07,BDX,-7.70837571603053e-05,Sell
2024-05-07,EBAY,-0.00047576979399994307,Sell
2024-05-07,EWI,-0.03456901287042832,Sell
2024-05-07,SIRI,0.034482758620689655,Buy
2024-05-07,HTZ,-0.033271763520151855,Sell
2024-05-07,DLTR,-0.03490422407482737,Sell
2024-05-07,MAR,0.000126814603652603,Buy
2024-05-07,KEY,0.034482758620689655,Buy
2024-05-07,ILMN,0.00179095974338047,Buy
2024-05-07,EW,-0.034780664309667086,Sell
2024-05-07,RL,-6.427577077812441e-06,Sell
2024-05-07,NWSA,0.00020250588849220208,Buy
2024-05-07,TRIP,3.302066856225583e-05,Buy
2024-05-07,LOW,4.169230268430413e-05,Buy
2024-05-07,NTES,0.034482758620689655,Buy
2024-05-07,RF,0.034482758620689655,Buy
2024-05-07,HMC,0.034482758620689655,Buy
2024-05-07,CME,-0.03453313387495474,Sell
2024-05-07,CP,0.034482758620689655,Buy
2024-05-07,CLX,-0.03494461516805723,Sell
2024-05-07,OHI,0.0002274776249279395,Buy
2024-05-07,SYK,-0.0006973246686803186,Sell
2024-05-07,XLE,0.034482758620689655,Buy
2024-05-07,ENB,0.034482758620689655,Buy
2024-05-07,VZ,2.3516262730373383e-05,Buy
2024-05-07,MRK,-0.03523620010373961,Sell
2024-05-07,BMY,-0.00010397230079463998,Sell
2024-05-08,MET,-0.03513497354847144,Sell
2024-05-08,BAX,-9.819596387791035e-05,Sell
2024-05-08,A,-0.03531725752177333,Sell
2024-05-08,CF,0.034482758620689655,Buy
2024-05-08,HYG,0.034482758620689655,Buy
2024-05-08,SPWR,0.0013343953192765379,Buy
2024-05-08,NSC,-0.03491178160136003,Sell
2024-05-08,CAG,0.034482758620689655,Buy
2024-05-08,JNJ,-0.0005101280679414011,Sell
2024-05-08,STI,-0.0019620855289968556,Sell
2024-05-08,NDAQ,0.034482758620689655,Buy
2024-05-08,TRV,-0.0005156826408579118,Sell
2024-05-08,DHI,0.034482758620689655,Buy
2024-05-08,BDX,6.986125665763704e-05,Buy
2024-05-08,EBAY,-0.00019094065808798744,Sell
2024-05-08,QQQ,-0.00043546986550264954,Sell
2024-05-08,SIRI,-0.034380733061862775,Sell
2024-05-08,ORCL,0.034482758620689655,Buy
2024-05-08,DLTR,0.034482758620689655,Buy
2024-05-08,MAR,-0.0003613484497273292,Sell
2024-05-08,KEY,-0.0006667232260925277,Sell
2024-05-08,ILMN,0.00022521233542636965,Buy
2024-05-08,GOLD,0.034482758620689655,Buy
2024-05-08,ULTA,0.034482758620689655,Buy
2024-05-08,EW,0.034482758620689655,Buy
2024-05-08,RL,-0.00012917717897759085,Sell
2024-05-08,NWSA,-5.548753056930367e-05,Sell
2024-05-08,TRIP,-0.024901478919184983,Sell
2024-05-08,BX,0.034482758620689655,Buy
2024-05-08,LOW,-0.0005481779862056627,Sell
2024-05-08,NTES,-0.034830727927461134,Sell
2024-05-08,RF,-0.0006161269974406108,Sell
2024-05-08,HMC,1.8816838883717324e-06,Buy
2024-05-08,CP,-0.03510219203332488,Sell
2024-05-08,OHI,-0.03482589479933262,Sell
2024-05-08,SYK,-0.00015525321876547898,Sell
2024-05-08,XLE,-0.00041486723075304793,Sell
2024-05-08,ENB,-0.03531831759896191,Sell
2024-05-08,VZ,-0.03508995987656836,Sell
2024-05-08,BMY,-0.03464532055309903,Sell
2024-05-09,BAX,8.787347390690897e-05,Buy
2024-05-09,CF,-0.00020638879992041642,Sell
2024-05-09,NVDA,0.034482758620689655,Buy
2024-05-09,HYG,0.0002703577394394113,Buy
2024-05-09,SPWR,0.0015275321904257774,Buy
2024-05-09,NSC,0.034482758620689655,Buy
2024-05-09,ICE,0.034482758620689655,Buy
2024-05-09,CAG,-0.03414806157219746,Sell
2024-05-09,JNJ,7.255765221999416e-05,Buy
2024-05-09,STI,0.0016925983751555768,Buy
2024-05-09,NDAQ,0.00012508439809855165,Buy
2024-05-09,TRV,-4.810469072753787e-05,Sell
2024-05-09,DHI,-0.00012822787515705258,Sell
2024-05-09,BDX,7.129556981437524e-05,Buy
2024-05-09,EBAY,-0.0001681873762176267,Sell
2024-05-09,QQQ,0.00020461502412215393,Buy
2024-05-09,SIRI,0.034482758620689655,Buy
2024-05-09,ORCL,0.0004977508287228594,Buy
2024-05-09,DLTR,0.00011331730047077493,Buy
2024-05-09,MAR,-3.903852749610748e-05,Sell
2024-05-09,KEY,0.00014260180260926986,Buy
2024-05-09,ILMN,5.351314305992311e-05,Buy
2024-05-09,GOLD,-0.03663318492951007,Sell
2024-05-09,TRP,0.034482758620689655,Buy
2024-05-09,ULTA,-0.000441855289752241,Sell
2024-05-09,EW,-0.035140117412313134,Sell
2024-05-09,RL,-0.03479995233386608,Sell
2024-05-09,NWSA,-0.03511033816969517,Sell
2024-05-09,BX,-0.03512571156122553,Sell
2024-05-09,LOW,-0.034801908631613504,Sell
2024-05-09,RF,0.00020991990117784354,Buy
2024-05-09,HMC,0.0002186573896636318,Buy
2024-05-09,CME,0.034482758620689655,Buy
2024-05-09,OHI,0.034482758620689655,Buy
2024-05-09,SYK,0.00011511535103354148,Buy
2024-05-09,XLE,-0.03466275421082336,Sell
2024-05-09,COF,0.034482758620689655,Buy
2024-05-10,BAX,0.00011552236080480949,Buy
2024-05-10,CF,-0.03445917607672303,Sell
2024-05-10,HP,0.034482758620689655,Buy
2024-05-10,NVDA,-0.000576014329144163,Sell
2024-05-10,WEN,0.034482758620689655,Buy
2024-05-10,HYG,-8.091529290202293e-05,Sell
2024-05-10,SPWR,0.0035891714789049664,Buy
2024-05-10,NSC,-0.0007405327718128518,Sell
2024-05-10,ICE,0.00011141989874907665,Buy
2024-05-10,RRC,0.034482758620689655,Buy
2024-05-10,JNJ,-0.00014870834763233004,Sell
2024-05-10,STI,0.0012080788648525936,Buy
2024-05-10,NDAQ,-0.034893712296860384,Sell
2024-05-10,TRV,1.029954023853974e-05,Buy
2024-05-10,DHI,-0.03472643440655717,Sell
2024-05-10,BDX,-0.000233549154137154,Sell
2024-05-10,EBAY,-0.03507147024188996,Sell
2024-05-10,QQQ,-0.00021648320618155442,Sell
2024-05-10,SIRI,0.00020454629357815474,Buy
2024-05-10,ANF,0.034482758620689655,Buy
2024-05-10,ORCL,-0.00014374658446219407,Sell
2024-05-10,DLTR,-0.034874030568478154,Sell
2024-05-10,MAR,-0.0005603932399783768,Sell
2024-05-10,KEY,-0.034617604050915685,Sell
2024-05-10,ILMN,0.00012008536870318498,Buy
2024-05-10,GOLD,0.034482758620689655,Buy
2024-05-10,TRP,-0.03500728031862715,Sell
2024-05-10,ULTA,-0.0350469735887068,Sell
2024-05-10,EW,0.034482758620689655,Buy
2024-05-10,NWSA,0.034482758620689655,Buy
2024-05-10,RF,-0.0002223519868053414,Sell
2024-05-10,HMC,2.834909975926725e-05,Buy
2024-05-10,CME,0.0006997643215588822,Buy
2024-05-10,OHI,-6.729905792111218e-05,Sell
2024-05-10,SYK,-0.03458830827893112,Sell
2024-05-10,CSIQ,0.034482758620689655,Buy
2024-05-10,XLE,0.034482758620689655,Buy
2024-05-10,COF,-0.00029831081762971,Sell
2024-05-13,MET,0.034482758620689655,Buy
2024-05-13,MNST,0.034482758620689655,Buy
2024-05-13,BAX,0.0003308989992262812,Buy
2024-05-13,HP,9.804296070357182e-05,Buy
2024-05-13,NVDA,-0.03460189732475691,Sell
2024-05-13,WEN,0.001239099855836187,Buy
2024-05-13,HYG,8.922471823415157e-05,Buy
2024-05-13,SPWR,-0.032241370073351955,Sell
2024-05-13,NSC,-2.2795317440822693e-05,Sell
2024-05-13,ICE,0.00014446418656154786,Buy
2024-05-13,RRC,0.00011900857307201029,Buy
2024-05-13,GREK,0.034482758620689655,Buy
2024-05-13,JNJ,-0.03470310151389635,Sell
2024-05-13,STI,-0.0025423281768587255,Sell
2024-05-13,NDAQ,0.034482758620689655,Buy
2024-05-13,TRV,0.0003825784400479995,Buy
2024-05-13,DHI,0.034482758620689655,Buy
2024-05-13,BDX,-0.03458932494439145,Sell
2024-05-13,SIRI,-0.03565141461169051,Sell
2024-05-13,ANF,-0.03512123689037019,Sell
2024-05-13,ORCL,0.00016873846654226476,Buy
2024-05-13,DLTR,0.034482758620689655,Buy
2024-05-13,MAR,0.0005037704676074881,Buy
2024-05-13,ILMN,-0.035099675894149536,Sell
2024-05-13,GOLD,-0.03436544827141589,Sell
2024-05-13,KO,0.034482758620689655,Buy
2024-05-13,EW,0.0008816330201184969,Buy
2024-05-13,NWSA,-0.0005107312021380706,Sell
2024-05-13,BX,0.034482758620689655,Buy
2024-05-13,RF,-0.03457596345349421,Sell
2024-05-13,HMC,7.009937812586103e-05,Buy
2024-05-13,CME,-0.00016066410959339472,Sell
2024-05-13,CP,0.034482758620689655,Buy
2024-05-13,OHI,-0.034458523874761074,Sell
2024-05-13,CSIQ,-0.03519132233451104,Sell
2024-05-13,BSX,0.034482758620689655,Buy
2024-05-13,XLE,0.00017194323879589357,Buy
2024-05-13,COF,0.00016716230225565648,Buy
2024-05-13,MRK,0.034482758620689655,Buy
2024-05-14,MET,-0.03477034841603176,Sell
2024-05-14,MNST,0.0002899033940201509,Buy
2024-05-14,BAX,0.00032344876217618723,Buy
2024-05-14,HP,-0.034609511870233596,Sell
2024-05-14,XLP,0.034482758620689655,Buy
2024-05-14,WEN,-0.0003657720010299195,Sell
2024-05-14,HYG,-0.034397093808410655,Sell
2024-05-14,SPWR,0.034482758620689655,Buy
2024-05-14,NSC,0.00029390385218710374,Buy
2024-05-14,ICE,-0.034510395385487586,Sell
2024-05-14,RRC,-0.035349884791032085,Sell
2024-05-14,GREK,0.00014747862925166416,Buy
2024-05-14,STI,0.0007116644477916656,Buy
2024-05-14,KMB,0.034482758620689655,Buy
2024-05-14,NDAQ,0.0002582481786998561,Buy
2024-05-14,TRV,-2.0883927301935945e-05,Sell
2024-05-14,DHI,-0.034610077771077614,Sell
2024-05-14,EWC,0.034482758620689655,Buy
2024-05-14,BDX,0.034482758620689655,Buy
2024-05-14,QQQ,-8.163681885194063e-05,Sell
2024-05-14,HTZ,0.034482758620689655,Buy
2024-05-14,ORCL,-0.03567153427856382,Sell
2024-05-14,DLTR,0.00051642270217718,Buy
2024-05-14,MAR,0.0003749737280435081,Buy
2024-05-14,KO,0.00039855258096593155,Buy
2024-05-14,EW,-0.03505711736105259,Sell
2024-05-14,NWSA,-9.1085183210049e-06,Sell
2024-05-14,BX,-0.035423314757075754,Sell
2024-05-14,LOW,0.034482758620689655,Buy
2024-05-14,DUK,0.034482758620689655,Buy
2024-05-14,HMC,0.00041369545297337273,Buy
2024-05-14,CME,-4.701677045484964e-06,Sell
2024-05-14,CP,0.00047003142733595404,Buy
2024-05-14,CLX,0.034482758620689655,Buy
2024-05-14,BSX,-0.03466423249519761,Sell
2024-05-14,XLE,9.52404852404623e-05,Buy
2024-05-14,COF,-0.034556020561746136,Sell
2024-05-14,VZ,0.034482758620689655,Buy
2024-05-14,CAT,0.034482758620689655,Buy
2024-05-14,MRK,0.0003066225229027275,Buy
2024-05-15,MET,0.034482758620689655,Buy
2024-05-15,MNST,0.0005149319102650055,Buy
2024-05-15,PPG,0.034482758620689655,Buy
2024-05-15,BAX,0.00018067944606276615,Buy
2024-05-15,VWO,0.034482758620689655,Buy
2024-05-15,HP,0.034482758620689655,Buy
2024-05-15,XLP,0.0003425490004677137,Buy
2024-05-15,WEN,0.0007492121309571123,Buy
2024-05-15,SPWR,-0.012510130531581863,Sell
2024-05-15,NSC,0.00015394221700073402,Buy
2024-05-15,CAG,0.034482758620689655,Buy
2024-05-15,GREK,-0.03485964807720125,Sell
2024-05-15,STI,0.0032559997011662282,Buy
2024-05-15,KMB,0.0006146429327559613,Buy
2024-05-15,NDAQ,-0.03464901856210817,Sell
2024-05-15,TRV,0.0008726674206474896,Buy
2024-05-15,EWC,0.00022150563086617558,Buy
2024-05-15,BDX,3.216617148155826e-05,Buy
2024-05-15,EBAY,0.034482758620689655,Buy
2024-05-15,QQQ,-0.03465139598777566,Sell
2024-05-15,EWI,0.034482758620689655,Buy
2024-05-15,HTZ,-0.031161221385805248,Sell
2024-05-15,DLTR,0.0003875911785667513,Buy
2024-05-15,MAR,0.00034583215221986596,Buy
2024-05-15,GOLD,0.034482758620689655,Buy
2024-05-15,WMB,0.034482758620689655,Buy
2024-05-15,TRP,0.034482758620689655,Buy
2024-05-15,KO,-0.03413434685850912,Sell
2024-05-15,NWSA,-0.03467853356747681,Sell
2024-05-15,LOW,-0.03478109823938664,Sell
2024-05-15,DUK,-0.03446494046979428,Sell
2024-05-15,HMC,-0.034443835863711136,Sell
2024-05-15,CME,0.0007757348191448424,Buy
2024-05-15,CP,0.0005620169844181983,Buy
2024-05-15,CLX,0.0003991110038790921,Buy
2024-05-15,XLE,0.00028816209383730057,Buy
2024-05-15,VZ,0.0003646331345436918,Buy
2024-05-15,CAT,0.00018745786572200301,Buy
2024-05-15,MRK,-0.034932225189452694,Sell
2024-05-16,MET,-0.03437391788178766,Sell
2024-05-16,MNST,0.00036253601550773756,Buy
2024-05-16,PPG,0.00033378865069675495,Buy
2024-05-16,BAX,0.0005189972559505596,Buy
2024-05-16,VWO,0.00013691356906627566,Buy
2024-05-16,HP,-0.03433164627564181,Sell
2024-05-16,HOG,0.034482758620689655,Buy
2024-05-16,XLP,-0.03470173241734594,Sell
2024-05-16,WEN,-0.03454919529060267,Sell
2024-05-16,DAL,0.034482758620689655,Buy
2024-05-16,HYG,0.034482758620689655,Buy
2024-05-16,SPWR,-0.03785625374914746,Sell
2024-05-16,NSC,9.192725675265245e-05,Buy
2024-05-16,CAG,-0.03485594678856457,Sell
2024-05-16,GREK,0.034482758620689655,Buy
2024-05-16,STI,-0.00036569386880578453,Sell
2024-05-16,KMB,-0.03435771245731625,Sell
2024-05-16,TRV,-0.03499219667025603,Sell
2024-05-16,DHI,0.034482758620689655,Buy
2024-05-16,EWC,0.0002679143582759516,Buy
2024-05-16,BDX,0.0003645135729165236,Buy
2024-05-16,EBAY,8.515751477073535e-05,Buy
2024-05-16,WFC,0.034482758620689655,Buy
2024-05-16,EOG,0.034482758620689655,Buy
2024-05-16,QQQ,0.034482758620689655,Buy
2024-05-16,EWI,-0.034127805298076144,Sell
2024-05-16,DLTR,-0.034934853592874474,Sell
2024-05-16,MAR,-0.00016122157946329985,Sell
2024-05-16,XRT,0.034482758620689655,Buy
2024-05-16,GOLD,-0.03402220909247776,Sell
2024-05-16,WMB,-0.034620650639006205,Sell
2024-05-16,TRP,-0.03436417782664236,Sell
2024-05-16,LOW,0.034482758620689655,Buy
2024-05-16,RF,0.034482758620689655,Buy
2024-05-16,HMC,0.034482758620689655,Buy
2024-05-16,CME,-0.00046645428597050925,Sell
2024-05-16,CP,-0.03462575128165664,Sell
2024-05-16,CLX,0.0006238751887931437,Buy
2024-05-16,XLE,0.00036264264315716277,Buy
2024-05-16,COF,0.034482758620689655,Buy
2024-05-16,VZ,0.0004707191723022572,Buy
2024-05-16,CAT,0.0011536071586464441,Buy
2024-05-16,BMY,0.034482758620689655,Buy
2024-05-17,MNST,-1.7770148288978604e-05,Sell
2024-05-17,PPG,8.19766395259297e-05,Buy
2024-05-17,BAX,-0.03456621602783024,Sell
2024-05-17,VWO,-0.0002526310135629248,Sell
2024-05-17,HOG,-0.03446829809021663,Sell
2024-05-17,NVDA,0.034482758620689655,Buy
2024-05-17,WEN,0.034482758620689655,Buy
2024-05-17,DAL,-0.03461256681345807,Sell
2024-05-17,HYG,-0.034492239316345215,Sell
2024-05-17,SPWR,0.034482758620689655,Buy
2024-05-17,NSC,0.0001551494858506794,Buy
2024-05-17,GREK,-0.03473059323267084,Sell
2024-05-17,STI,0.001092320483307603,Buy
2024-05-17,DHI,-0.0346088510072339,Sell
2024-05-17,EWC,-0.03474891361144425,Sell
2024-05-17,BDX,4.162578011984719e-05,Buy
2024-05-17,EBAY,0.0007933719756040916,Buy
2024-05-17,WFC,-0.03449907308386933,Sell
2024-05-17,EOG,-0.035032376219262626,Sell
2024-05-17,QQQ,1.176979833740488e-05,Buy
2024-05-17,DLTR,0.034482758620689655,Buy
2024-05-17,MAR,0.00017250580060006182,Buy
2024-05-17,XRT,0.00026536765088550074,Buy
2024-05-17,KO,0.034482758620689655,Buy
2024-05-17,EW,0.034482758620689655,Buy
2024-05-17,BX,0.034482758620689655,Buy
2024-05-17,LOW,0.00016573914598930206,Buy
2024-05-17,RF,-0.00014228187926138003,Sell
2024-05-17,HMC,-0.0004463620380673397,Sell
2024-05-17,CME,-7.14877925769436e-05,Sell
2024-05-17,CLX,0.0003349026059463536,Buy
2024-05-17,OHI,0.034482758620689655,Buy
2024-05-17,SYK,0.034482758620689655,Buy
2024-05-17,XLE,-0.034970193672957,Sell
2024-05-17,COF,-0.00019084703712460988,Sell
2024-05-17,VZ,0.00015778306472059855,Buy
2024-05-17,CAT,-0.0005507776512717957,Sell
2024-05-17,MRK,0.034482758620689655,Buy
2024-05-17,BMY,5.7534860973852686e-05,Buy
2024-05-20,MNST,0.00016989707963371153,Buy
2024-05-20,PPG,3.1804579868274785e-06,Buy
2024-05-20,VWO,-0.03457508574625439,Sell
2024-05-20,NVDA,-0.03551447919373744,Sell
2024-05-20,WEN,0.00039578026987445447,Buy
2024-05-20,SPWR,-0.03217711158026477,Sell
2024-05-20,NSC,1.1456206761711885e-06,Buy
2024-05-20,ICE,0.034482758620689655,Buy
2024-05-20,JNJ,0.034482758620689655,Buy
2024-05-20,STI,-0.0001695163975864722,Sell
2024-05-20,NDAQ,0.034482758620689655,Buy
2024-05-20,TRV,0.034482758620689655,Buy
2024-05-20,BDX,-0.0002912372213972961,Sell
2024-05-20,EBAY,-7.969939986932073e-06,Sell
2024-05-20,WFC,0.034482758620689655,Buy
2024-05-20,QQQ,-0.0348938985149746,Sell
2024-05-20,DLTR,0.0009618280330366755,Buy
2024-05-20,MAR,-0.0005485031746322311,Sell
2024-05-20,XRT,-2.8037316754513097e-05,Sell
2024-05-20,KEY,0.034482758620689655,Buy
2024-05-20,ILMN,0.034482758620689655,Buy
2024-05-20,KO,8.338000764347014e-05,Buy
2024-05-20,EW,-0.03490106832109729,Sell
2024-05-20,BX,-0.0001695163975864722,Sell
2024-05-20,LOW,0.00012136643849454398,Buy
2024-05-20,RF,0.0003456276496559135,Buy
2024-05-20,HMC,-0.035298616710871505,Sell
2024-05-20,CME,0.0001345034897754782,Buy
2024-05-20,CLX,3.23390100404955e-05,Buy
2024-05-20,OHI,-0.0349124791882182,Sell
2024-05-20,SYK,0.000342992905120805,Buy
2024-05-20,XLE,0.034482758620689655,Buy
2024-05-20,COF,0.0001212744781957445,Buy
2024-05-20,VZ,-0.00022141228948022867,Sell
2024-05-20,CAT,-0.0007997861134188614,Sell
2024-05-20,MRK,-0.0345994481864445,Sell
2024-05-20,BMY,0.0003577860421330459,Buy
2024-05-21,MNST,6.0504377709172386e-05,Buy
2024-05-21,PPG,-5.81330228269783e-05,Sell
2024-05-21,BAX,0.034482758620689655,Buy
2024-05-21,VWO,0.034482758620689655,Buy
2024-05-21,WEN,0.00040902274047272674,Buy
2024-05-21,NSC,0.0007745783148071506,Buy
2024-05-21,ICE,-0.03463196381552243,Sell
2024-05-21,RRC,0.034482758620689655,Buy
2024-05-21,JNJ,-0.034544371733636385,Sell
2024-05-21,STI,-0.0008795283434442774,Sell
2024-05-21,NDAQ,-0.03454569633093247,Sell
2024-05-21,TRV,-0.0346553870439272,Sell
2024-05-21,BDX,0.00026228680251894065,Buy
2024-05-21,EBAY,-0.03517832217911439,Sell
2024-05-21,WFC,-0.034983825281878905,Sell
2024-05-21,EOG,0.034482758620689655,Buy
2024-05-21,QQQ,0.034482758620689655,Buy
2024-05-21,SIRI,0.034482758620689655,Buy
2024-05-21,DLTR,-0.0004399178282293581,Sell
2024-05-21,MAR,0.0002262517110845283,Buy
2024-05-21,XRT,-0.0344050213525557,Sell
2024-05-21,KEY,-0.0002726428943177414,Sell
2024-05-21,ILMN,0.00022442174439564477,Buy
2024-05-21,KO,-0.0347389723362784,Sell
2024-05-21,BX,-0.03511209592210314,Sell
2024-05-21,LOW,0.0005813330676093381,Buy
2024-05-21,NTES,0.034482758620689655,Buy
2024-05-21,RF,-8.584878593548978e-05,Sell
2024-05-21,CME,8.199313135248687e-05,Buy
2024-05-21,CP,0.034482758620689655,Buy
2024-05-21,CLX,5.1971708017316265e-05,Buy
2024-05-21,SYK,-0.00015019714701421105,Sell
2024-05-21,CSIQ,0.034482758620689655,Buy
2024-05-21,XLE,0.00010000351484316244,Buy
2024-05-21,COF,-1.9326342931696994e-05,Sell
2024-05-21,VZ,0.0003621330442470372,Buy
2024-05-21,CAT,0.00028204215591099563,Buy
2024-05-21,BMY,0.0008000931246705048,Buy
2024-05-22,MNST,0.0001607305353838323,Buy
2024-05-22,PPG,-0.03475327206270361,Sell
2024-05-22,BAX,7.990222365489297e-05,Buy
2024-05-22,VWO,8.047486553634103e-05,Buy
2024-05-22,WEN,-7.827928610169843e-05,Sell
2024-05-22,DAL,0.034482758620689655,Buy
2024-05-22,NSC,-0.03541045902429685,Sell
2024-05-22,RRC,-0.034190682625626224,Sell
2024-05-22,GREK,0.034482758620689655,Buy
2024-05-22,STI,-0.03386992941992759,Sell
2024-05-22,DHI,0.034482758620689655,Buy
2024-05-22,BDX,3.998357634168309e-05,Buy
2024-05-22,EOG,0.000742609876070964,Buy
2024-05-22,QQQ,-1.344332890724359e-05,Sell
2024-05-22,EWI,0.034482758620689655,Buy
2024-05-22,SIRI,0.001054233160140805,Buy
2024-05-22,DLTR,-0.03422325796050302,Sell
2024-05-22,MAR,0.00028672054874788466,Buy
2024-05-22,XRT,0.034482758620689655,Buy
2024-05-22,KEY,0.0006328716875808951,Buy
2024-05-22,ILMN,-0.03443247465069592,Sell
2024-05-22,KGC,0.034482758620689655,Buy
2024-05-22,WMB,0.034482758620689655,Buy
2024-05-22,PVH,0.034482758620689655,Buy
2024-05-22,RL,0.034482758620689655,Buy
2024-05-22,WSM,0.034482758620689655,Buy
2024-05-22,LOW,-0.03393066773897635,Sell
2024-05-22,NTES,0.00016813332380317264,Buy
2024-05-22,RF,-0.033791786882095554,Sell
2024-05-22,CME,-0.00020559956479659913,Sell
2024-05-22,CP,0.00037061871938072477,Buy
2024-05-22,CLX,6.192183946180513e-05,Buy
2024-05-22,SYK,-0.035015584010813706,Sell
2024-05-22,CSIQ,-0.03964686125095833,Sell
2024-05-22,XLE,0.0006412837323884757,Buy
2024-05-22,COF,0.000223001455640498,Buy
2024-05-22,ENB,0.034482758620689655,Buy
2024-05-22,ZUMZ,0.034482758620689655,Buy
2024-05-22,VZ,-0.03465106080242429,Sell
2024-05-22,CAT,0.00028051129998046126,Buy
2024-05-22,BMY,-0.03456014976192745,Sell
2024-05-23,MNST,-0.034516986554713455,Sell
2024-05-23,PPG,0.034482758620689655,Buy
2024-05-23,BAX,-0.034463844516353044,Sell
2024-05-23,VWO,-0.0345519911729628,Sell
2024-05-23,XLP,0.034482758620689655,Buy
2024-05-23,WEN,-0.03464325237741954,Sell
2024-05-23,DAL,-0.03456209810219849,Sell
2024-05-23,NSC,0.034482758620689655,Buy
2024-05-23,RRC,0.034482758620689655,Buy
2024-05-23,GREK,-0.03488503621731474,Sell
2024-05-23,JNJ,0.034482758620689655,Buy
2024-05-23,KMB,0.034482758620689655,Buy
2024-05-23,TRV,0.034482758620689655,Buy
2024-05-23,VTR,0.034482758620689655,Buy
2024-05-23,DHI,-0.0343923805148924,Sell
2024-05-23,BDX,0.00027304190852574933,Buy
2024-05-23,WFC,0.034482758620689655,Buy
2024-05-23,EOG,0.00022212786975726873,Buy
2024-05-23,QQQ,-0.03466198473087829,Sell
2024-05-23,EWI,-0.00019089990198636886,Sell
2024-05-23,SIRI,-0.03394814712236801,Sell
2024-05-23,ALK,0.034482758620689655,Buy
2024-05-23,MAR,0.00017711702818944824,Buy
2024-05-23,XRT,-0.03453778400031568,Sell
2024-05-23,KEY,-0.03349815101912606,Sell
2024-05-23,KGC,-0.03459908555955434,Sell
2024-05-23,WMB,0.00018574169906730026,Buy
2024-05-23,KO,0.034482758620689655,Buy
2024-05-23,D,0.034482758620689655,Buy
2024-05-23,PVH,-0.035097117708774425,Sell
2024-05-23,EW,0.034482758620689655,Buy
2024-05-23,RL,-0.03595732587842286,Sell
2024-05-23,WSM,-0.0009117476385368944,Sell
2024-05-23,BX,0.034482758620689655,Buy
2024-05-23,LOW,0.034482758620689655,Buy
2024-05-23,PCG,0.034482758620689655,Buy
2024-05-23,DUK,0.034482758620689655,Buy
2024-05-23,NTES,0.0009455923682611597,Buy
2024-05-23,CME,-0.034915756197276215,Sell
2024-05-23,CP,-0.03438062054014416,Sell
2024-05-23,CLX,0.0003784939367756854,Buy
2024-05-23,XLE,-1.821655458328353e-05,Sell
2024-05-23,COF,0.00014859925921086037,Buy
2024-05-23,ENB,0.0002728251152903857,Buy
2024-05-23,ZUMZ,-0.03446612114871368,Sell
2024-05-23,CAT,0.00017672530137253367,Buy
2024-05-24,MNST,0.034482758620689655,Buy
2024-05-24,CNC,0.034482758620689655,Buy
2024-05-24,PPG,-9.629437863750007e-05,Sell
2024-05-24,BAX,0.034482758620689655,Buy
2024-05-24,VWO,0.034482758620689655,Buy
2024-05-24,HP,0.034482758620689655,Buy
2024-05-24,XLP,-0.03456346679292617,Sell
2024-05-24,WEN,0.034482758620689655,Buy
2024-05-24,NSC,-7.635487373384986e-05,Sell
2024-05-24,RRC,0.00016241924642100558,Buy
2024-05-24,CAG,0.034482758620689655,Buy
2024-05-24,JNJ,0.0006376394831075355,Buy
2024-05-24,KMB,-1.7206041828310426e-05,Sell
2024-05-24,TRV,-0.03465084773776747,Sell
2024-05-24,VTR,-0.034700280799316925,Sell
2024-05-24,BBT,0.034482758620689655,Buy
2024-05-24,BDX,0.00024241691334966897,Buy
2024-05-24,WFC,-0.034779960256350835,Sell
2024-05-24,EOG,0.00022018826410766246,Buy
2024-05-24,EWI,-0.034807104340117793,Sell
2024-05-24,SIRI,0.034482758620689655,Buy
2024-05-24,ORCL,0.034482758620689655,Buy
2024-05-24,ALK,-0.0002759574638667092,Sell
2024-05-24,MAR,-0.03514676147027191,Sell
2024-05-24,WMB,-8.244090141620863e-06,Sell
2024-05-24,KO,5.8925441255255895e-05,Buy
2024-05-24,D,-0.00015508472404378998,Sell
2024-05-24,EW,-0.00019601639064085324,Sell
2024-05-24,WSM,-0.0348675392932962,Sell
2024-05-24,BX,-0.03462221699030588,Sell
2024-05-24,LOW,-0.034113977876897066,Sell
2024-05-24,PCG,-0.0346238552207215,Sell
2024-05-24,DUK,-0.03460250376844924,Sell
2024-05-24,NTES,0.0015590740090447516,Buy
2024-05-24,RF,0.034482758620689655,Buy
2024-05-24,CLX,-0.03453682930782887,Sell
2024-05-24,XLE,-4.01764873327326e-05,Sell
2024-05-24,COF,-2.3637973378794197e-05,Sell
2024-05-24,ENB,-0.0002498179269098885,Sell
2024-05-24,CAT,-0.034296861182830124,Sell
2024-05-24,MRK,0.034482758620689655,Buy
2024-05-24,BMY,0.034482758620689655,Buy
2024-05-28,MNST,0.00047833340804925156,Buy
2024-05-28,CNC,0.0006750160400029875,Buy
2024-05-28,PPG,0.00026754047793955266,Buy
2024-05-28,BAX,-0.03464452873473345,Sell
2024-05-28,VWO,-0.03460151497622003,Sell
2024-05-28,A,0.034482758620689655,Buy
2024-05-28,HP,-0.035153329125114686,Sell
2024-05-28,XLP,0.034482758620689655,Buy
2024-05-28,WEN,-0.033680410966396485,Sell
2024-05-28,DAL,0.034482758620689655,Buy
2024-05-28,HYG,0.034482758620689655,Buy
2024-05-28,BUD,0.034482758620689655,Buy
2024-05-28,SPWR,0.034482758620689655,Buy
2024-05-28,NSC,-0.03407630174920143,Sell
2024-05-28,ICE,0.034482758620689655,Buy
2024-05-28,RRC,-0.035752674406121385,Sell
2024-05-28,CAG,0.000417261630644504,Buy
2024-05-28,JNJ,0.0003984826740566702,Buy
2024-05-28,KMB,0.0005207339658125712,Buy
2024-05-28,NDAQ,0.034482758620689655,Buy
2024-05-28,TRV,0.034482758620689655,Buy
2024-05-28,BBT,-0.03416836284044811,Sell
2024-05-28,BDX,8.883195081797746e-05,Buy
2024-05-28,WFC,0.034482758620689655,Buy
2024-05-28,EOG,-0.03542187141844359,Sell
2024-05-28,SIRI,-0.03482187286079893,Sell
2024-05-28,ORCL,-0.035141714004897066,Sell
2024-05-28,DLTR,0.034482758620689655,Buy
2024-05-28,ALK,0.0005670964666731476,Buy
2024-05-28,KEY,0.034482758620689655,Buy
2024-05-28,ILMN,0.034482758620689655,Buy
2024-05-28,WMB,-0.03516257778253185,Sell
2024-05-28,KO,-0.00011221708633644273,Sell
2024-05-28,D,-0.034761425725946954,Sell
2024-05-28,EW,-0.03432500694297965,Sell
2024-05-28,PCG,0.034482758620689655,Buy
2024-05-28,DUK,0.034482758620689655,Buy
2024-05-28,NTES,-0.03496796571999687,Sell
2024-05-28,RF,-0.034586825377669266,Sell
2024-05-28,CME,0.034482758620689655,Buy
2024-05-28,XLE,-0.035052647208738824,Sell
2024-05-28,COF,3.915710670026468e-05,Buy
2024-05-28,ENB,-8.848072407602325e-05,Sell
2024-05-28,MRK,0.0006980571544851558,Buy
2024-05-28,BMY,0.0004180334611171496,Buy
2024-05-29,MNST,-0.03519499711621579,Sell
2024-05-29,CNC,0.00067637009974722,Buy
2024-05-29,PPG,0.00027104169938639566,Buy
2024-05-29,VWO,0.034482758620689655,Buy
2024-05-29,A,0.00025415129816400844,Buy
2024-05-29,XLP,-0.00013747072199731675,Sell
2024-05-29,DAL,-0.0001246317092809951,Sell
2024-05-29,HYG,-0.03476647101957237,Sell
2024-05-29,BUD,0.00028717582140408426,Buy
2024-05-29,SPWR,0.0006749650449658778,Buy
2024-05-29,ICE,6.310491308668398e-05,Buy
2024-05-29,CAG,0.00021001777154987245,Buy
2024-05-29,GREK,0.034482758620689655,Buy
2024-05-29,JNJ,-0.00040266630086101957,Sell
2024-05-29,KMB,-0.00012087143861711641,Sell
2024-05-29,NDAQ,-0.00018543011713319235,Sell
2024-05-29,TRV,-0.034821207404746084,Sell
2024-05-29,BDX,-0.00012217329874805727,Sell
2024-05-29,WFC,3.980003108282337e-05,Buy
2024-05-29,EOG,0.034482758620689655,Buy
2024-05-29,DLTR,-0.03512084784630222,Sell
2024-05-29,MS,0.034482758620689655,Buy
2024-05-29,ALK,0.000522448863739304,Buy
2024-05-29,KEY,-0.03420742696260239,Sell
2024-05-29,ILMN,0.000697497225378027,Buy
2024-05-29,WMB,0.034482758620689655,Buy
2024-05-29,TRP,0.034482758620689655,Buy
2024-05-29,KO,-0.03480324269960405,Sell
2024-05-29,PCG,-0.00015850733353171137,Sell
2024-05-29,DUK,-0.00012624042489566,Sell
2024-05-29,RF,0.034482758620689655,Buy
2024-05-29,CME,-0.03443442180205817,Sell
2024-05-29,XLE,0.034482758620689655,Buy
2024-05-29,COF,-0.00014058612580980512,Sell
2024-05-29,ENB,2.7075454791435083e-05,Buy
2024-05-29,MRK,-0.0003356287078937481,Sell
2024-05-29,BMY,-0.0346642309910672,Sell
2024-05-30,MNST,0.034482758620689655,Buy
2024-05-30,CNC,0.0008523888251190312,Buy
2024-05-30,PPG,-0.03491408649054575,Sell
2024-05-30,BAX,0.034482758620689655,Buy
2024-05-30,VWO,0.0001645456787149266,Buy
2024-05-30,A,0.003424169769270874,Buy
2024-05-30,XLP,1.083485277106333e-05,Buy
2024-05-30,WEN,0.034482758620689655,Buy
2024-05-30,DAL,-0.03452608913261219,Sell
2024-05-30,BUD,7.375814190388463e-05,Buy
2024-05-30,SPWR,-0.037408688891631625,Sell
2024-05-30,NSC,0.034482758620689655,Buy
2024-05-30,ICE,-0.00023476665356932797,Sell
2024-05-30,CAG,0.00017195598679024815,Buy
2024-05-30,GREK,-9.174452740802475e-05,Sell
2024-05-30,JNJ,-9.858285843726555e-05,Sell
2024-05-30,KMB,-0.03478648167159649,Sell
2024-05-30,NDAQ,0.0005609271717223682,Buy
2024-05-30,BDX,-0.0001598587455214212,Sell
2024-05-30,MU,0.034482758620689655,Buy
2024-05-30,WFC,-0.03465059441067912,Sell
2024-05-30,EOG,8.302667825900445e-06,Buy
2024-05-30,QQQ,0.034482758620689655,Buy
2024-05-30,ORCL,0.034482758620689655,Buy
2024-05-30,MS,0.00011548983420269637,Buy
2024-05-30,ALK,-0.0348296645725229,Sell
2024-05-30,KEY,0.034482758620689655,Buy
2024-05-30,ILMN,-0.034141511579710446,Sell
2024-05-30,GOLD,0.034482758620689655,Buy
2024-05-30,WMB,-0.03484439281562867,Sell
2024-05-30,TRP,-0.0001638842441760366,Sell
2024-05-30,PCG,-0.0347233092889636,Sell
2024-05-30,DUK,-0.03468269063667008,Sell
2024-05-30,RF,-0.03504540534923652,Sell
2024-05-30,CME,0.034482758620689655,Buy
2024-05-30,XLE,2.785178918704445e-06,Buy
2024-05-30,COF,-3.29700291041915e-05,Sell
2024-05-30,ENB,2.4274946841852663e-05,Buy
2024-05-30,MRK,0.00047549195214083295,Buy
2024-05-30,BMY,0.034482758620689655,Buy
2024-05-31,MNST,-7.825908955717831e-05,Sell
2024-05-31,CNC,-0.035409197365116094,Sell
2024-05-31,BAX,-0.0006033692131423435,Sell
2024-05-31,VWO,0.0006648361478476875,Buy
2024-05-31,A,0.0006365130623848941,Buy
2024-05-31,XLP,-0.03464138618112032,Sell
2024-05-31,WEN,-0.0002020445447666261,Sell
2024-05-31,BUD,-0.03451331823993096,Sell
2024-05-31,SPWR,0.034482758620689655,Buy
2024-05-31,NSC,-0.00026240263538347686,Sell
2024-05-31,ICE,0.00020543419395246953,Buy
2024-05-31,CAG,-0.0349505487004572,Sell
2024-05-31,GREK,0.00038267470389283936,Buy
2024-05-31,JNJ,4.804350351338832e-05,Buy
2024-05-31,NDAQ,0.00038593836760261735,Buy
2024-05-31,DHI,0.034482758620689655,Buy
2024-05-31,BDX,-0.0004062095617268849,Sell
2024-05-31,MU,0.0007227934826480112,Buy
2024-05-31,EBAY,0.034482758620689655,Buy
2024-05-31,EOG,-0.034750082542296466,Sell
2024-05-31,QQQ,0.0004378392244795831,Buy
2024-05-31,ORCL,0.00034525595742106174,Buy
2024-05-31,TSM,0.034482758620689655,Buy
2024-05-31,MS,-0.03432235122940443,Sell
2024-05-31,KEY,-0.035034834072022354,Sell
2024-05-31,KGC,0.034482758620689655,Buy
2024-05-31,GOLD,0.00042823875159672675,Buy
2024-05-31,TRP,-0.03472066397727091,Sell
2024-05-31,EW,0.034482758620689655,Buy
2024-05-31,BX,0.034482758620689655,Buy
2024-05-31,NTES,0.034482758620689655,Buy
2024-05-31,CME,0.000693989855442452,Buy
2024-05-31,SYK,0.034482758620689655,Buy
2024-05-31,XLE,-0.034956019750099286,Sell
2024-05-31,COF,1.120978460552452e-05,Buy
2024-05-31,ENB,-0.03489051454040847,Sell
2024-05-31,CAT,0.034482758620689655,Buy
2024-05-31,MRK,9.77491330811861e-05,Buy
2024-05-31,BMY,-0.00033744177804853615,Sell
2024-06-03,MET,0.034482758620689655,Buy
2024-06-03,MNST,0.00011867177926572214,Buy
2024-06-03,BAX,0.00010889261341396478,Buy
2024-06-03,VWO,-0.03472715457970065,Sell
2024-06-03,A,-0.00016221415550921048,Sell
2024-06-03,WEN,-0.00016106905953521683,Sell
2024-06-03,SPWR,-0.0002941539683608413,Sell
2024-06-03,NSC,0.00025329167372094286,Buy
2024-06-03,ICE,0.0001630037539712484,Buy
2024-06-03,GREK,-0.034459121185957266,Sell
2024-06-03,JNJ,-0.03463479667649157,Sell
2024-06-03,NDAQ,0.00026771994037538827,Buy
2024-06-03,HAS,0.034482758620689655,Buy
2024-06-03,TRV,0.034482758620689655,Buy
2024-06-03,DHI,0.00030120528871461355,Buy
2024-06-03,BDX,-0.03540226099736924,Sell
2024-06-03,MU,-0.035255930438933686,Sell
2024-06-03,EBAY,0.0004856402335867427,Buy
2024-06-03,WFC,0.034482758620689655,Buy
2024-06-03,EOG,0.034482758620689655,Buy
2024-06-03,QQQ,-0.03456857588780147,Sell
2024-06-03,ORCL,-0.0005144085711729918,Sell
2024-06-03,TSM,-0.03527405191231457,Sell
2024-06-03,MAR,0.034482758620689655,Buy
2024-06-03,KEY,0.034482758620689655,Buy
2024-06-03,KGC,-0.034214784638683854,Sell
2024-06-03,GOLD,0.0009053876896346555,Buy
2024-06-03,EW,-0.03476780062496154,Sell
2024-06-03,BX,0.00046690401225694955,Buy
2024-06-03,LOW,0.034482758620689655,Buy
2024-06-03,PCG,0.034482758620689655,Buy
2024-06-03,NTES,-0.034105882097427785,Sell
2024-06-03,RF,0.034482758620689655,Buy
2024-06-03,CME,-0.034175594345640874,Sell
2024-06-03,CP,0.034482758620689655,Buy
2024-06-03,SYK,0.00027017587201440263,Buy
2024-06-03,CSIQ,0.034482758620689655,Buy
2024-06-03,XLE,0.034482758620689655,Buy
2024-06-03,M,0.034482758620689655,Buy
2024-06-03,COF,0.00022622160901309557,Buy
2024-06-03,CAT,-0.0336567016625053,Sell
2024-06-03,MRK,-0.0351727498195108,Sell
2024-06-03,BMY,-0.03495297480800485,Sell
2024-06-04,MET,8.498252953573204e-05,Buy
2024-06-04,MNST,-0.0006600689320289538,Sell
2024-06-04,BAX,0.0003416403324464079,Buy
2024-06-04,VWO,0.034482758620689655,Buy
2024-06-04,A,-0.00031181420357627443,Sell
2024-06-04,WEN,-0.0003572538443659262,Sell
2024-06-04,DAL,0.034482758620689655,Buy
2024-06-04,AA,0.034482758620689655,Buy
2024-06-04,SPWR,0.0034900533137462823,Buy
2024-06-04,NSC,-0.034616067058155134,Sell
2024-06-04,ICE,-0.03523100796199118,Sell
2024-06-04,RRC,0.034482758620689655,Buy
2024-06-04,GREK,0.034482758620689655,Buy
2024-06-04,NDAQ,-0.035351253403057135,Sell
2024-06-04,HAS,0.0002446874063015761,Buy
2024-06-04,TRV,-0.0003417798022467,Sell
2024-06-04,DHI,0.00026962271329798726,Buy
2024-06-04,EBAY,-0.03503206568162699,Sell
2024-06-04,WFC,-8.12165648696947e-05,Sell
2024-06-04,EOG,-0.0005047856050877444,Sell
2024-06-04,ORCL,-0.03517223455998955,Sell
2024-06-04,MS,0.034482758620689655,Buy
2024-06-04,ALK,0.034482758620689655,Buy
2024-06-04,MAR,-0.03526669178865146,Sell
2024-06-04,KEY,0.00016058555550028247,Buy
2024-06-04,KGC,0.034482758620689655,Buy
2024-06-04,GOLD,0.0012536092264136545,Buy
2024-06-04,WSM,0.034482758620689655,Buy
2024-06-04,BX,-0.03490272009619129,Sell
2024-06-04,LOW,-0.034908573645781704,Sell
2024-06-04,PCG,-0.035094067564609206,Sell
2024-06-04,RF,-0.03446065900504384,Sell
2024-06-04,CME,0.034482758620689655,Buy
2024-06-04,CP,-0.00017522862702708947,Sell
2024-06-04,SYK,-0.03520952566531969,Sell
2024-06-04,CSIQ,0.0015641837981329315,Buy
2024-06-04,XLE,-0.00012312423409487072,Sell
2024-06-04,M,-0.03386343019380669,Sell
2024-06-04,COF,0.00021466292864101566,Buy
2024-06-04,ENB,0.034482758620689655,Buy
2024-06-04,CAT,0.034482758620689655,Buy
2024-06-05,MET,0.00011830776815219268,Buy
2024-06-05,MNST,0.0002531456996371223,Buy
2024-06-05,CNC,0.034482758620689655,Buy
2024-06-05,BAX,0.0002415627813621632,Buy
2024-06-05,VWO,-0.03479584656772324,Sell
2024-06-05,A,-0.0350661823107529,Sell
2024-06-05,HP,0.034482758620689655,Buy
2024-06-05,WEN,0.0009630884575879198,Buy
2024-06-05,DAL,-0.03501614203944661,Sell
2024-06-05,AA,-0.0348289954021615,Sell
2024-06-05,SPWR,0.003629192689643679,Buy
2024-06-05,RRC,-0.035221255408613955,Sell
2024-06-05,CAG,0.034482758620689655,Buy
2024-06-05,GREK,-0.034913154657899785,Sell
2024-06-05,JNJ,0.034482758620689655,Buy
2024-06-05,HAS,-0.03500006556882887,Sell
2024-06-05,TRV,0.00032964024143000703,Buy
2024-06-05,DHI,-0.03488479173059514,Sell
2024-06-05,BDX,0.034482758620689655,Buy
2024-06-05,EBAY,0.034482758620689655,Buy
2024-06-05,WFC,0.00013978696512105537,Buy
2024-06-05,EOG,-1.8176609737040328e-05,Sell
2024-06-05,SIRI,0.034482758620689655,Buy
2024-06-05,DLTR,0.034482758620689655,Buy
2024-06-05,MS,-0.034383139867319515,Sell
2024-06-05,ALK,0.00038310243639357727,Buy
2024-06-05,MAR,0.034482758620689655,Buy
2024-06-05,KEY,-0.0343299102034929,Sell
2024-06-05,KGC,-0.03529529979443549,Sell
2024-06-05,GOLD,-0.00011079540094127704,Sell
2024-06-05,D,0.034482758620689655,Buy
2024-06-05,EW,0.034482758620689655,Buy
2024-06-05,WSM,-0.03621366884455614,Sell
2024-06-05,PCG,0.034482758620689655,Buy
2024-06-05,DUK,0.034482758620689655,Buy
2024-06-05,CME,0.0006827313960164894,Buy
2024-06-05,CP,-0.03466173234308657,Sell
2024-06-05,CSIQ,-0.0003123673699167301,Sell
2024-06-05,XLE,0.0001318939725641205,Buy
2024-06-05,COF,-0.00012738561242223861,Sell
2024-06-05,ENB,-0.03459305518941702,Sell
2024-06-05,CAT,-6.909550243050511e-05,Sell
2024-06-05,BMY,0.034482758620689655,Buy
2024-06-06,MET,0.00018775835525614015,Buy
2024-06-06,MNST,-0.00025224908787637584,Sell
2024-06-06,CNC,-0.03480261263107599,Sell
2024-06-06,PPG,0.034482758620689655,Buy
2024-06-06,BAX,-8.911683293031519e-05,Sell
2024-06-06,CF,0.034482758620689655,Buy
2024-06-06,HP,-0.0344565115167198,Sell
2024-06-06,WEN,-0.0003218914491139105,Sell
2024-06-06,SPWR,-0.001175407930421056,Sell
2024-06-06,ICE,0.034482758620689655,Buy
2024-06-06,CAG,0.00031182130289916093,Buy
2024-06-06,JNJ,-6.039778364758108e-05,Sell
2024-06-06,NDAQ,0.034482758620689655,Buy
2024-06-06,TRV,-0.00016904454195466184,Sell
2024-06-06,DHI,0.034482758620689655,Buy
2024-06-06,BDX,-0.0005182294538657733,Sell
2024-06-06,EBAY,-0.034683855338079474,Sell
2024-06-06,WFC,0.0006032798747664311,Buy
2024-06-06,EOG,-0.03469460873184609,Sell
2024-06-06,SIRI,-0.034704981256838394,Sell
2024-06-06,DLTR,0.0006509236196115889,Buy
2024-06-06,ALK,0.00043624467462303335,Buy
2024-06-06,MAR,0.00015523884261282178,Buy
2024-06-06,KEY,0.034482758620689655,Buy
2024-06-06,GOLD,-0.0005754214603594585,Sell
2024-06-06,D,0.00020968616082130132,Buy
2024-06-06,ULTA,0.034482758620689655,Buy
2024-06-06,EW,-0.03467825566398252,Sell
2024-06-06,BX,0.034482758620689655,Buy
2024-06-06,PCG,6.467174342763421e-05,Buy
2024-06-06,DUK,-0.03432354289459804,Sell
2024-06-06,RF,0.034482758620689655,Buy
2024-06-06,CME,-0.00012599628768901472,Sell
2024-06-06,CSIQ,-0.03329272898722104,Sell
2024-06-06,XLE,-0.0001343144225723139,Sell
2024-06-06,COF,-0.034663221130771533,Sell
2024-06-06,CAT,0.00016701773421680388,Buy
2024-06-06,BMY,0.0003463744509115338,Buy
2024-06-07,MET,-0.034628402578723516,Sell
2024-06-07,MNST,-0.00029913438498841566,Sell
2024-06-07,PPG,0.0004450924091630448,Buy
2024-06-07,BAX,2.5545065135586242e-05,Buy
2024-06-07,VWO,0.034482758620689655,Buy
2024-06-07,CF,-0.0348742871936234,Sell
2024-06-07,WEN,0.0006110978449283683,Buy
2024-06-07,AA,0.034482758620689655,Buy
2024-06-07,SPWR,-0.0003778530028277355,Sell
2024-06-07,ICE,0.00013399982452295955,Buy
2024-06-07,CAG,-0.00035168130473785947,Sell
2024-06-07,JNJ,-0.0347795374632856,Sell
2024-06-07,NDAQ,0.00013973832136181946,Buy
2024-06-07,TRV,-0.035158391126181965,Sell
2024-06-07,DHI,0.0006977716570711057,Buy
2024-06-07,BBT,0.034482758620689655,Buy
2024-06-07,BDX,-0.034689773986429966,Sell
2024-06-07,WFC,-0.0005185510895336087,Sell
2024-06-07,EOG,0.034482758620689655,Buy
2024-06-07,EWI,0.034482758620689655,Buy
2024-06-07,HTZ,0.034482758620689655,Buy
2024-06-07,DLTR,0.00019206413671085665,Buy
2024-06-07,ALK,6.206483572808452e-05,Buy
2024-06-07,MAR,-1.9310896519006415e-06,Sell
2024-06-07,KEY,-0.034623464836446884,Sell
2024-06-07,KGC,0.034482758620689655,Buy
2024-06-07,GOLD,0.0008945485611112358,Buy
2024-06-07,D,0.00040908419862656364,Buy
2024-06-07,ULTA,6.35027335806615e-05,Buy
2024-06-07,NWSA,0.034482758620689655,Buy
2024-06-07,BX,0.000309629527388576,Buy
2024-06-07,PCG,0.00016350367844514269,Buy
2024-06-07,RF,-0.034549163048100344,Sell
2024-06-07,CME,2.8656031985707653e-05,Buy
2024-06-07,XLE,-2.7457842969313973e-06,Sell
2024-06-07,ENB,0.034482758620689655,Buy
2024-06-07,CAT,-0.03469201333386752,Sell
2024-06-07,BMY,-0.03513163606674842,Sell
2024-06-10,MNST,0.001087767869867369,Buy
2024-06-10,PPG,-3.2284905980436984e-05,Sell
2024-06-10,BAX,0.00026207451423304606,Buy
2024-06-10,VWO,-0.03468521195332087,Sell
2024-06-10,WEN,0.0005399623049380867,Buy
2024-06-10,AA,-0.03471244671098045,Sell
2024-06-10,BUD,0.034482758620689655,Buy
2024-06-10,SPWR,0.00021585503724519395,Buy
2024-06-10,ICE,-4.206146213149575e-05,Sell
2024-06-10,CAG,0.00048033111636040793,Buy
2024-06-10,NDAQ,-0.034806826993264046,Sell
2024-06-10,TRV,0.034482758620689655,Buy
2024-06-10,DHI,-0.034993718253015546,Sell
2024-06-10,BBT,0.0008257618898962274,Buy
2024-06-10,BDX,0.034482758620689655,Buy
2024-06-10,WFC,0.00023536592528123484,Buy
2024-06-10,EOG,-0.03490348987858373,Sell
2024-06-10,EWI,0.0002229207732335689,Buy
2024-06-10,HTZ,-0.03380787566721671,Sell
2024-06-10,DLTR,0.0003221668560189836,Buy
2024-06-10,CCL,0.034482758620689655,Buy
2024-06-10,MS,0.034482758620689655,Buy
2024-06-10,ALK,-0.035018197999817605,Sell
2024-06-10,MAR,-0.00026667559527780715,Sell
2024-06-10,KGC,-0.0006249548857879816,Sell
2024-06-10,GOLD,-0.0002748560143941564,Sell
2024-06-10,TRP,0.034482758620689655,Buy
2024-06-10,KO,0.034482758620689655,Buy
2024-06-10,D,-3.226423317820304e-05,Sell
2024-06-10,ULTA,-0.03449169031454421,Sell
2024-06-10,EW,0.034482758620689655,Buy
2024-06-10,NWSA,-4.422599283740447e-05,Sell
2024-06-10,BX,-0.035111732954983745,Sell
2024-06-10,PCG,-0.035247068770488596,Sell
2024-06-10,CME,0.00012998541221155568,Buy
2024-06-10,CP,0.034482758620689655,Buy
2024-06-10,CLX,0.034482758620689655,Buy
2024-06-10,PRGO,0.034482758620689655,Buy
2024-06-10,XLE,-0.034762319362507385,Sell
2024-06-10,ENB,-0.034414779108385224,Sell
2024-06-10,ZUMZ,0.034482758620689655,Buy
2024-06-11,MET,0.034482758620689655,Buy
2024-06-11,MNST,-0.00014997449284861325,Sell
2024-06-11,PPG,-0.034822742216590014,Sell
2024-06-11,BAX,-2.0666194744341226e-05,Sell
2024-06-11,VWO,0.034482758620689655,Buy
2024-06-11,CF,0.034482758620689655,Buy
2024-06-11,WEN,-0.00023112286277238853,Sell
2024-06-11,DAL,0.034482758620689655,Buy
2024-06-11,BUD,0.00026098576791347416,Buy
2024-06-11,SPWR,-0.002406346760115474,Sell
2024-06-11,ICE,-0.0347075080692498,Sell
2024-06-11,CAG,1.727420890536291e-05,Buy
2024-06-11,GREK,0.034482758620689655,Buy
2024-06-11,HAS,0.034482758620689655,Buy
2024-06-11,TRV,0.0005402247695567158,Buy
2024-06-11,DHI,0.034482758620689655,Buy
2024-06-11,BBT,0.00036700153724701645,Buy
2024-06-11,BDX,0.0006170794110484101,Buy
2024-06-11,WFC,0.00043510785169800087,Buy
2024-06-11,EWI,0.0006552213898758513,Buy
2024-06-11,DLTR,0.0001306627213920053,Buy
2024-06-11,CCL,-0.03412759184013233,Sell
2024-06-11,MS,0.00030218677921087234,Buy
2024-06-11,ALK,0.034482758620689655,Buy
2024-06-11,MAR,-2.386016673665281e-05,Sell
2024-06-11,KGC,9.588272207878418e-05,Buy
2024-06-11,GOLD,0.0008972422535846528,Buy
2024-06-11,TRP,0.00026777337945861623,Buy
2024-06-11,KO,-0.0345027009667634,Sell
2024-06-11,D,-0.03457138267503727,Sell
2024-06-11,EW,-0.034885304377778446,Sell
2024-06-11,NWSA,-0.03470205549032885,Sell
2024-06-11,CME,-0.034559208979758595,Sell
2024-06-11,CP,-0.034492928767091535,Sell
2024-06-11,CLX,-0.03465547485982704,Sell
2024-06-11,PRGO,-0.03575291230985267,Sell
2024-06-11,OHI,0.034482758620689655,Buy
2024-06-11,COF,0.034482758620689655,Buy
2024-06-11,ENB,0.034482758620689655,Buy
2024-06-11,ZUMZ,0.0005054437812896384,Buy
2024-06-12,MET,0.00012818460464848747,Buy
2024-06-12,MNST,0.0010422199679690908,Buy
2024-06-12,BAX,-0.000351867804477414,Sell
2024-06-12,VWO,-0.034644084178237694,Sell
2024-06-12,CF,0.0008332691747776691,Buy
2024-06-12,XLP,0.034482758620689655,Buy
2024-06-12,WEN,-0.00024610378745441863,Sell
2024-06-12,DAL,-0.035302011578512746,Sell
2024-06-12,AA,0.034482758620689655,Buy
2024-06-12,BUD,-0.03460529644590679,Sell
2024-06-12,SPWR,0.001871069572543592,Buy
2024-06-12,CAG,0.0007195902442839117,Buy
2024-06-12,GREK,-0.03461637928545348,Sell
2024-06-12,JNJ,0.034482758620689655,Buy
2024-06-12,HAS,0.00015537356259362478,Buy
2024-06-12,TRV,0.0004612022508212049,Buy
2024-06-12,DHI,-0.0354015829446798,Sell
2024-06-12,BBT,-0.03549448692062527,Sell
2024-06-12,BDX,0.00024727760594371595,Buy
2024-06-12,WFC,5.9927440050761005e-06,Buy
2024-06-12,EWI,-0.034956782422866615,Sell
2024-06-12,DLTR,0.0003496876659065118,Buy
2024-06-12,MS,2.903019480998692e-05,Buy
2024-06-12,ALK,-0.03545935893379733,Sell
2024-06-12,MAR,-0.03495369616585392,Sell
2024-06-12,KGC,0.00019994264021944846,Buy
2024-06-12,GOLD,0.0004185942029994519,Buy
2024-06-12,TRP,-0.034720892617956724,Sell
2024-06-12,KO,0.034482758620689655,Buy
2024-06-12,D,0.034482758620689655,Buy
2024-06-12,PVH,0.034482758620689655,Buy
2024-06-12,PCG,0.034482758620689655,Buy
2024-06-12,DUK,0.034482758620689655,Buy
2024-06-12,CME,0.034482758620689655,Buy
2024-06-12,CLX,0.034482758620689655,Buy
2024-06-12,OHI,-0.03469094802046291,Sell
2024-06-12,XLE,0.034482758620689655,Buy
2024-06-12,COF,-0.00039027841288648973,Sell
2024-06-12,ENB,-0.034548918239363666,Sell
2024-06-12,ZUMZ,-0.03454625861103213,Sell
2024-06-12,MT,0.034482758620689655,Buy
2024-06-12,MRK,0.034482758620689655,Buy
2024-06-13,MET,-1.7277153689765345e-05,Sell
2024-06-13,MNST,0.0005335030930381304,Buy
2024-06-13,BAX,-0.0006458488415780547,Sell
2024-06-13,CF,0.0008350274392414578,Buy
2024-06-13,XLP,-0.03472613286261535,Sell
2024-06-13,WEN,-0.0006144975563293215,Sell
2024-06-13,AA,0.0008236591649120051,Buy
2024-06-13,BUD,0.034482758620689655,Buy
2024-06-13,SPWR,-0.0006668219744674353,Sell
2024-06-13,NSC,0.034482758620689655,Buy
2024-06-13,RRC,0.034482758620689655,Buy
2024-06-13,CAG,-1.7032036336468714e-05,Sell
2024-06-13,GREK,0.034482758620689655,Buy
2024-06-13,JNJ,-0.03469046077075724,Sell
2024-06-13,HAS,-2.568147562286016e-05,Sell
2024-06-13,TRV,-0.00016636951636402053,Sell
2024-06-13,BDX,0.00010123404636658978,Buy
2024-06-13,WFC,-0.0001800033986064098,Sell
2024-06-13,EOG,0.034482758620689655,Buy
2024-06-13,EWI,0.034482758620689655,Buy
2024-06-13,DLTR,0.0005472550972529105,Buy
2024-06-13,MS,-3.862498512804263e-05,Sell
2024-06-13,KGC,0.0002654854913463761,Buy
2024-06-13,GOLD,0.0003827385290327001,Buy
2024-06-13,KO,-0.034741592476678254,Sell
2024-06-13,D,-0.00012306280495019,Sell
2024-06-13,PVH,0.0005920850258549631,Buy
2024-06-13,PCG,-0.035120642864327645,Sell
2024-06-13,DUK,-0.03466038114138509,Sell
2024-06-13,CME,-0.00018221881443244992,Sell
2024-06-13,CLX,-0.03517352184498434,Sell
2024-06-13,XLE,0.00011951681980585521,Buy
2024-06-13,COF,0.0003102886320824061,Buy
2024-06-13,ENB,0.034482758620689655,Buy
2024-06-13,MT,0.00013118036179789877,Buy
2024-06-13,MRK,-0.034459836978010326,Sell
2024-06-14,MET,-0.0002139049107049637,Sell
2024-06-14,MNST,0.00022259638086758599,Buy
2024-06-14,PPG,0.034482758620689655,Buy
2024-06-14,BAX,-0.0003107888586111676,Sell
2024-06-14,CF,-0.034900025556831187,Sell
2024-06-14,WEN,0.00010143670171881836,Buy
2024-06-14,DAL,0.034482758620689655,Buy
2024-06-14,AA,0.0003075195795507815,Buy
2024-06-14,BUD,0.00028230819028708665,Buy
2024-06-14,SPWR,-0.03313056884032821,Sell
2024-06-14,NSC,3.431881091416067e-05,Buy
2024-06-14,RRC,0.0006984100413818181,Buy
2024-06-14,CAG,1.0180867285762563e-05,Buy
2024-06-14,GREK,0.0006959886462354001,Buy
2024-06-14,NDAQ,0.034482758620689655,Buy
2024-06-14,HAS,-0.03683676826963479,Sell
2024-06-14,TRV,-6.483703026299859e-05,Sell
2024-06-14,BDX,-0.03501601882030717,Sell
2024-06-14,EBAY,0.034482758620689655,Buy
2024-06-14,WFC,-0.03483123643287293,Sell
2024-06-14,EOG,-0.034501405270656385,Sell
2024-06-14,EWI,0.0007159531534636707,Buy
2024-06-14,DLTR,-0.00010647698122074473,Sell
2024-06-14,MS,-0.03485820181247062,Sell
2024-06-14,ALK,0.034482758620689655,Buy
2024-06-14,XRT,0.034482758620689655,Buy
2024-06-14,KGC,-0.034893616032638054,Sell
2024-06-14,GOLD,0.0006755545198957394,Buy
2024-06-14,D,-9.133609424279848e-05,Sell
2024-06-14,ULTA,0.034482758620689655,Buy
2024-06-14,PVH,-0.034764624138472304,Sell
2024-06-14,RL,0.034482758620689655,Buy
2024-06-14,LOW,0.034482758620689655,Buy
2024-06-14,HMC,0.034482758620689655,Buy
2024-06-14,CME,-0.03501701888921768,Sell
2024-06-14,XLE,-1.1004643640004363e-05,Sell
2024-06-14,COF,8.799580662124246e-05,Buy
2024-06-14,ENB,-2.394505135131647e-05,Sell
2024-06-14,MT,0.0007878987562786183,Buy
2024-06-17,MET,-0.03467985388856276,Sell
2024-06-17,MNST,-0.0005669673394889246,Sell
2024-06-17,PPG,-0.03452064335550026,Sell
2024-06-17,BAX,8.59119819513407e-05,Buy
2024-06-17,WEN,0.00036157961337521943,Buy
2024-06-17,DAL,-0.03496124801106886,Sell
2024-06-17,AA,-0.03381293813110809,Sell
2024-06-17,BUD,-0.03438592923486514,Sell
2024-06-17,SPWR,0.034482758620689655,Buy
2024-06-17,NSC,6.196560869500128e-05,Buy
2024-06-17,RRC,0.0011509607905723987,Buy
2024-06-17,CAG,-0.00021747742367316664,Sell
2024-06-17,GREK,9.803051892763592e-06,Buy
2024-06-17,NDAQ,-0.034282517362602176,Sell
2024-06-17,TRV,-0.03464449447422523,Sell
2024-06-17,EWC,0.034482758620689655,Buy
2024-06-17,BDX,0.034482758620689655,Buy
2024-06-17,EBAY,-0.03492885167462324,Sell
2024-06-17,EWI,-0.00022885656765111312,Sell
2024-06-17,SIRI,0.034482758620689655,Buy
2024-06-17,DLTR,-0.035111663775626537,Sell
2024-06-17,ALK,-0.03496165981364232,Sell
2024-06-17,XRT,-0.034837661053481295,Sell
2024-06-17,KGC,0.034482758620689655,Buy
2024-06-17,GOLD,0.0001546255277776673,Buy
2024-06-17,TRP,0.034482758620689655,Buy
2024-06-17,D,0.0008836483853739141,Buy
2024-06-17,ULTA,-0.03411855803996201,Sell
2024-06-17,EW,0.034482758620689655,Buy
2024-06-17,RL,-0.00040198727871672973,Sell
2024-06-17,WSM,0.034482758620689655,Buy
2024-06-17,LOW,-0.03478964944654682,Sell
2024-06-17,PCG,0.034482758620689655,Buy
2024-06-17,DUK,0.034482758620689655,Buy
2024-06-17,HMC,-0.03384789066717081,Sell
2024-06-17,CME,0.034482758620689655,Buy
2024-06-17,PRGO,0.034482758620689655,Buy
2024-06-17,SYK,0.034482758620689655,Buy
2024-06-17,BSX,0.034482758620689655,Buy
2024-06-17,XLE,0.00012826784339316222,Buy
2024-06-17,COF,-0.03513633657104919,Sell
2024-06-17,ENB,0.000481201952684647,Buy
2024-06-17,MT,-0.034780569758525906,Sell
2024-06-17,VZ,0.034482758620689655,Buy
2024-06-17,MRK,0.034482758620689655,Buy
2024-06-18,MNST,0.0007019732709373783,Buy
2024-06-18,CNC,0.034482758620689655,Buy
2024-06-18,PPG,0.034482758620689655,Buy
2024-06-18,BAX,0.00038857363337043566,Buy
2024-06-18,WEN,0.00037171484257376985,Buy
2024-06-18,DAL,0.034482758620689655,Buy
2024-06-18,SPWR,-0.035434103437537334,Sell
2024-06-18,NSC,4.525663496320054e-05,Buy
2024-06-18,RRC,0.00025661818070206455,Buy
2024-06-18,CAG,0.00024246297107959752,Buy
2024-06-18,GREK,-0.03465525309067927,Sell
2024-06-18,JNJ,0.034482758620689655,Buy
2024-06-18,DHI,0.034482758620689655,Buy
2024-06-18,EWC,0.00016904426005266704,Buy
2024-06-18,BDX,6.231160564616756e-05,Buy
2024-06-18,EWI,-0.03458293590238688,Sell
2024-06-18,SIRI,-0.03582825877299461,Sell
2024-06-18,KEY,0.034482758620689655,Buy
2024-06-18,KGC,-0.03483270905850476,Sell
2024-06-18,GOLD,-0.0006342450264217314,Sell
2024-06-18,TRP,0.0002873873004249003,Buy
2024-06-18,D,0.00022743211102266986,Buy
2024-06-18,PVH,0.034482758620689655,Buy
2024-06-18,EW,-0.03492716215217887,Sell
2024-06-18,RL,0.0004014972020613197,Buy
2024-06-18,WSM,-0.035928487535416574,Sell
2024-06-18,PCG,0.00020663133699356379,Buy
2024-06-18,DUK,0.00046846222827098827,Buy
2024-06-18,RF,0.034482758620689655,Buy
2024-06-18,HMC,0.034482758620689655,Buy
2024-06-18,CME,0.00021708776135517804,Buy
2024-06-18,PRGO,0.0010952264888857421,Buy
2024-06-18,SYK,-0.034670892597927654,Sell
2024-06-18,BSX,-0.03433011032318088,Sell
2024-06-18,XLE,6.295517435744163e-05,Buy
2024-06-18,COF,0.034482758620689655,Buy
2024-06-18,ENB,0.00025580880142565127,Buy
2024-06-18,VZ,-0.034814677084304926,Sell
2024-06-18,MRK,7.490375834903751e-05,Buy
2024-06-20,MNST,-1.0189776734607914e-05,Sell
2024-06-20,CNC,-0.03487200722286402,Sell
2024-06-20,PPG,-0.03446971959224158,Sell
2024-06-20,BAX,-0.00010059207274461246,Sell
2024-06-20,A,0.034482758620689655,Buy
2024-06-20,WEN,0.00040235006415823005,Buy
2024-06-20,DAL,0.0001532788459197229,Buy
2024-06-20,SPWR,0.034482758620689655,Buy
2024-06-20,NSC,-0.00022169664058277472,Sell
2024-06-20,RRC,0.00035439663170543784,Buy
2024-06-20,CAG,0.000377468580091217,Buy
2024-06-20,JNJ,-0.03481044814218948,Sell
2024-06-20,KMB,0.034482758620689655,Buy
2024-06-20,TRV,0.034482758620689655,Buy
2024-06-20,DHI,-0.00025667156205706754,Sell
2024-06-20,EWC,-0.03432750523287968,Sell
2024-06-20,BDX,-0.03499421879406354,Sell
2024-06-20,EBAY,0.034482758620689655,Buy
2024-06-20,ALK,0.034482758620689655,Buy
2024-06-20,MAR,0.034482758620689655,Buy
2024-06-20,KEY,2.245428664133381e-05,Buy
2024-06-20,GOLD,-0.0349864670176292,Sell
2024-06-20,TRP,-0.03435373722566424,Sell
2024-06-20,KO,0.034482758620689655,Buy
2024-06-20,D,-0.03457947614341763,Sell
2024-06-20,PVH,0.0005948738154999966,Buy
2024-06-20,RL,-0.034816118390928685,Sell
2024-06-20,LOW,0.034482758620689655,Buy
2024-06-20,PCG,-0.0344051969758512,Sell
2024-06-20,DUK,-0.03433273187085609,Sell
2024-06-20,RF,0.0003005710645591353,Buy
2024-06-20,HMC,0.0004544633925298719,Buy
2024-06-20,CME,-0.03465087794519627,Sell
2024-06-20,CLX,0.034482758620689655,Buy
2024-06-20,PRGO,9.346818779806115e-05,Buy
2024-06-20,SYK,0.034482758620689655,Buy
2024-06-20,XLE,-0.00045686371549306937,Sell
2024-06-20,M,0.034482758620689655,Buy
2024-06-20,COF,-2.3314197544553605e-05,Sell
2024-06-20,ENB,0.00022333361039816868,Buy
2024-06-20,MRK,-0.034759053961313846,Sell
2024-06-20,BMY,0.034482758620689655,Buy
2024-06-21,MNST,-0.00016201041947316863,Sell
2024-06-21,BAX,-0.00016568945367547577,Sell
2024-06-21,A,-7.249916030890868e-06,Sell
2024-06-21,WEN,-0.0003957270831255674,Sell
2024-06-21,DAL,0.0002866162040587941,Buy
2024-06-21,SPWR,-0.03587109445982965,Sell
2024-06-21,NSC,7.07151661502245e-05,Buy
2024-06-21,RRC,0.0007224533473539352,Buy
2024-06-21,CAG,-0.03474115464159435,Sell
2024-06-21,KMB,0.0002867089879717913,Buy
2024-06-21,TRV,0.00047905162541218155,Buy
2024-06-21,DHI,-0.034657222427143995,Sell
2024-06-21,EWC,0.034482758620689655,Buy
2024-06-21,BDX,0.034482758620689655,Buy
2024-06-21,EBAY,-0.03455323025170997,Sell
2024-06-21,WFC,0.034482758620689655,Buy
2024-06-21,EWI,0.034482758620689655,Buy
2024-06-21,MS,0.034482758620689655,Buy
2024-06-21,ALK,0.0002603099415383406,Buy
2024-06-21,MAR,0.0001907116307796608,Buy
2024-06-21,KEY,0.00022809146662910312,Buy
2024-06-21,GOLD,0.034482758620689655,Buy
2024-06-21,KO,-0.03468139728269047,Sell
2024-06-21,D,0.034482758620689655,Buy
2024-06-21,PVH,-0.03512275744884261,Sell
2024-06-21,WSM,0.034482758620689655,Buy
2024-06-21,LOW,-3.27112059030632e-05,Sell
2024-06-21,PCG,0.034482758620689655,Buy
2024-06-21,NTES,0.034482758620689655,Buy
2024-06-21,RF,9.100586997275173e-05,Buy
2024-06-21,HMC,-0.03415941331589611,Sell
2024-06-21,CME,0.034482758620689655,Buy
2024-06-21,CLX,-0.03458320673143419,Sell
2024-06-21,PRGO,-0.034583471116387245,Sell
2024-06-21,SYK,-2.492437417123128e-06,Sell
2024-06-21,XLE,-0.03415750991381408,Sell
2024-06-21,M,-0.034299189646838896,Sell
2024-06-21,COF,0.0004656000491651893,Buy
2024-06-21,ENB,0.00017677587955742396,Buy
2024-06-21,CAT,0.034482758620689655,Buy
2024-06-21,BMY,-0.03510045233126487,Sell
2024-06-24,MNST,-3.964672729103724e-06,Sell
2024-06-24,PPG,0.034482758620689655,Buy
2024-06-24,BAX,0.00037453870026859376,Buy
2024-06-24,A,-0.03467778418143107,Sell
2024-06-24,NVDA,0.034482758620689655,Buy
2024-06-24,WEN,0.00015164822058659488,Buy
2024-06-24,DAL,0.00026092086234048156,Buy
2024-06-24,HYG,0.034482758620689655,Buy
2024-06-24,SPWR,0.034482758620689655,Buy
2024-06-24,NSC,0.001216420207975702,Buy
2024-06-24,RRC,-0.035587748007438136,Sell
2024-06-24,CAG,0.034482758620689655,Buy
2024-06-24,GREK,0.034482758620689655,Buy
2024-06-24,QCOM,0.034482758620689655,Buy
2024-06-24,KMB,-0.03426439731785759,Sell
2024-06-24,HAS,0.034482758620689655,Buy
2024-06-24,TRV,6.443823270809584e-05,Buy
2024-06-24,EWC,-0.0002783242570271599,Sell
2024-06-24,BBT,0.034482758620689655,Buy
2024-06-24,BDX,0.0006164307877211325,Buy
2024-06-24,WFC,-0.03474376596226853,Sell
2024-06-24,EWI,-0.03473996602630331,Sell
2024-06-24,MS,-0.034542381611188534,Sell
2024-06-24,ALK,-0.03473132353838756,Sell
2024-06-24,MAR,-2.4421770352549277e-05,Sell
2024-06-24,KEY,-0.0005301202109350908,Sell
2024-06-24,GOLD,-0.00029809283033596645,Sell
2024-06-24,D,-0.0346876326972484,Sell
2024-06-24,WSM,-0.03468046800116319,Sell
2024-06-24,LOW,0.0003047021402049835,Buy
2024-06-24,PCG,0.00017792963716114357,Buy
2024-06-24,NTES,-0.03475695324064357,Sell
2024-06-24,RF,-0.03489467941326432,Sell
2024-06-24,CME,0.00016923809706975712,Buy
2024-06-24,SYK,0.0006311910325562664,Buy
2024-06-24,BSX,0.034482758620689655,Buy
2024-06-24,COF,4.718014812291754e-05,Buy
2024-06-24,ENB,-0.00013926627019621857,Sell
2024-06-24,MT,0.034482758620689655,Buy
2024-06-24,CAT,4.938740186945234e-05,Buy
2024-06-25,MNST,-0.03510857854803919,Sell
2024-06-25,PPG,0.0006216276368590096,Buy
2024-06-25,BAX,6.243443919089209e-05,Buy
2024-06-25,NVDA,-0.03699477417723544,Sell
2024-06-25,WEN,-0.03492271867410341,Sell
2024-06-25,DAL,0.00024319672599993486,Buy
2024-06-25,HYG,-0.03469826988249583,Sell
2024-06-25,BUD,0.034482758620689655,Buy
2024-06-25,SPWR,-0.0012128921720386474,Sell
2024-06-25,NSC,0.0006707715873528544,Buy
2024-06-25,ICE,0.034482758620689655,Buy
2024-06-25,CAG,0.00014821006620556465,Buy
2024-06-25,GREK,-0.0346274732998426,Sell
2024-06-25,QCOM,-0.034882921780015286,Sell
2024-06-25,JNJ,0.034482758620689655,Buy
2024-06-25,HAS,0.0011642993100740018,Buy
2024-06-25,TRV,0.00021838531068486822,Buy
2024-06-25,VTR,0.034482758620689655,Buy
2024-06-25,DHI,0.034482758620689655,Buy
2024-06-25,EWC,-0.00011461097963209183,Sell
2024-06-25,BBT,3.826272624613686e-05,Buy
2024-06-25,BDX,0.00012897848559697417,Buy
2024-06-25,WFC,0.034482758620689655,Buy
2024-06-25,SIRI,0.034482758620689655,Buy
2024-06-25,MAR,-0.03453636226721001,Sell
2024-06-25,KEY,-0.033981282932210394,Sell
2024-06-25,GOLD,0.00021662081216140827,Buy
2024-06-25,D,0.034482758620689655,Buy
2024-06-25,PVH,0.034482758620689655,Buy
2024-06-25,WSM,0.034482758620689655,Buy
2024-06-25,LOW,0.0015195827386581054,Buy
2024-06-25,PCG,-0.03443821278174018,Sell
2024-06-25,CME,3.3979419643698217e-06,Buy
2024-06-25,CLX,0.034482758620689655,Buy
2024-06-25,SYK,-0.00021973905358162876,Sell
2024-06-25,BSX,-0.03501484126757864,Sell
2024-06-25,COF,-0.03394366616649334,Sell
2024-06-25,ENB,-5.228240544272872e-05,Sell
2024-06-25,MT,0.00010748104514269469,Buy
2024-06-25,CAT,0.00010234474052206455,Buy
2024-06-26,PPG,-0.00021874459698404541,Sell
2024-06-26,AMTD,0.034482758620689655,Buy
2024-06-26,BAX,-0.0001491469321260458,Sell
2024-06-26,DAL,0.00023735655417687906,Buy
2024-06-26,BUD,-0.03430105077407056,Sell
2024-06-26,SPWR,0.0023219165172436093,Buy
2024-06-26,NSC,-6.734727459827006e-05,Sell
2024-06-26,ICE,-0.034708351625390134,Sell
2024-06-26,RRC,0.034482758620689655,Buy
2024-06-26,CAG,-0.034001001923478165,Sell
2024-06-26,JNJ,-0.00012322644153327234,Sell
2024-06-26,HAS,0.000589727186593475,Buy
2024-06-26,TRV,0.0002848967949882833,Buy
2024-06-26,VTR,-0.03466537619506339,Sell
2024-06-26,DHI,-0.00018079053775289788,Sell
2024-06-26,EWC,-0.00012609082860486065,Sell
2024-06-26,BBT,-0.03527600246968022,Sell
2024-06-26,BDX,0.00012334252707973947,Buy
2024-06-26,WFC,-9.519658011063886e-05,Sell
2024-06-26,EWI,0.034482758620689655,Buy
2024-06-26,SIRI,-0.035214889011873515,Sell
2024-06-26,DLTR,0.034482758620689655,Buy
2024-06-26,MAR,0.034482758620689655,Buy
2024-06-26,ILMN,0.034482758620689655,Buy
2024-06-26,GOLD,0.00021265189662954959,Buy
2024-06-26,WMB,0.034482758620689655,Buy
2024-06-26,D,-0.00025275243276703246,Sell
2024-06-26,PVH,0.0007393082011460661,Buy
2024-06-26,WSM,-0.00047198920090466,Sell
2024-06-26,LOW,-0.0004547642942721655,Sell
2024-06-26,PCG,0.034482758620689655,Buy
2024-06-26,CME,-0.03488980219509553,Sell
2024-06-26,CLX,-0.03493073412393075,Sell
2024-06-26,SYK,-0.0003085232764529003,Sell
2024-06-26,XLE,0.034482758620689655,Buy
2024-06-26,ENB,-0.03503020806116692,Sell
2024-06-26,MT,0.0005579029233887187,Buy
2024-06-26,CAT,-0.0001394412390320482,Sell
2024-06-27,PPG,-1.7650444780310803e-05,Sell
2024-06-27,AMTD,-0.03544091562843613,Sell
2024-06-27,BAX,0.00027348762789313613,Buy
2024-06-27,A,0.034482758620689655,Buy
2024-06-27,XLP,0.034482758620689655,Buy
2024-06-27,DAL,-0.0004159172801988312,Sell
2024-06-27,AA,0.034482758620689655,Buy
2024-06-27,SPWR,0.0017925976978188443,Buy
2024-06-27,NSC,0.0003073706989689881,Buy
2024-06-27,RRC,-8.338739917532201e-05,Sell
2024-06-27,CAG,0.034482758620689655,Buy
2024-06-27,GREK,0.034482758620689655,Buy
2024-06-27,JNJ,0.00012603173557980407,Buy
2024-06-27,HAS,-0.000191833842030531,Sell
2024-06-27,TRV,-0.00031779673611361664,Sell
2024-06-27,DHI,-0.03481404905359029,Sell
2024-06-27,EWC,-0.00038600618745746745,Sell
2024-06-27,BDX,-1.2756211828328368e-05,Sell
2024-06-27,EBAY,0.034482758620689655,Buy
2024-06-27,WFC,-0.0348458958425039,Sell
2024-06-27,EWI,0.00018202557476316994,Buy
2024-06-27,SIRI,0.034482758620689655,Buy
2024-06-27,DLTR,-0.03519249037125552,Sell
2024-06-27,MS,0.034482758620689655,Buy
2024-06-27,MAR,-0.034703093221270985,Sell
2024-06-27,ILMN,-0.03485243788375912,Sell
2024-06-27,GOLD,0.0007711822619596923,Buy
2024-06-27,WMB,-0.034556175450752166,Sell
2024-06-27,D,-0.0003672199405915441,Sell
2024-06-27,PVH,0.0006760642720228457,Buy
2024-06-27,WSM,0.0009806505580807479,Buy
2024-06-27,LOW,-0.03475838648437221,Sell
2024-06-27,PCG,8.247437107401778e-05,Buy
2024-06-27,SYK,-0.00011737543491761177,Sell
2024-06-27,XLE,-0.00019453513452132032,Sell
2024-06-27,MT,-0.034235446050656974,Sell
2024-06-27,CAT,-0.00019162115557628395,Sell
2024-06-27,MRK,0.034482758620689655,Buy
2024-06-28,MET,0.034482758620689655,Buy
2024-06-28,MNST,0.034482758620689655,Buy
2024-06-28,PPG,-0.03480999276288732,Sell
2024-06-28,AMTD,0.034482758620689655,Buy
2024-06-28,BAX,-0.03446411823251259,Sell
2024-06-28,A,0.00025544805369020346,Buy
2024-06-28,XLP,9.916380411101322e-05,Buy
2024-06-28,DAL,0.0007708320370828151,Buy
2024-06-28,AA,-0.035390307814469536,Sell
2024-06-28,HYG,0.034482758620689655,Buy
2024-06-28,SPWR,0.00224893072081217,Buy
2024-06-28,NSC,-0.03532437524591013,Sell
2024-06-28,ICE,0.034482758620689655,Buy
2024-06-28,RRC,-6.378420229265908e-05,Sell
2024-06-28,CAG,-0.00015097438455086848,Sell
2024-06-28,GREK,-0.03480756736067313,Sell
2024-06-28,JNJ,-0.034621518043530426,Sell
2024-06-28,STI,0.034482758620689655,Buy
2024-06-28,HAS,-0.00025538565153698095,Sell
2024-06-28,TRV,0.0005489576341159083,Buy
2024-06-28,EWC,6.713927703840689e-05,Buy
2024-06-28,BDX,-0.03495048909016502,Sell
2024-06-28,EBAY,-0.034972428542791895,Sell
2024-06-28,EWI,-2.4611878811371668e-05,Sell
2024-06-28,SIRI,-0.0013185504754974486,Sell
2024-06-28,MS,-0.03504832242749334,Sell
2024-06-28,ILMN,0.034482758620689655,Buy
2024-06-28,GOLD,-6.41572085318537e-05,Sell
2024-06-28,D,0.00037117355412837755,Buy
2024-06-28,PVH,0.0002888726469423425,Buy
2024-06-28,WSM,0.0005391415265528499,Buy
2024-06-28,PCG,-3.3717843706967954e-05,Sell
2024-06-28,DUK,0.034482758620689655,Buy
2024-06-28,HMC,0.034482758620689655,Buy
2024-06-28,SYK,-0.03458808946777594,Sell
2024-06-28,XLE,-0.00018661086409002547,Sell
2024-06-28,MT,0.034482758620689655,Buy
2024-06-28,CAT,-0.0006483199322424998,Sell
2024-06-28,MRK,0.0015480232640548014,Buy
2024-07-01,MET,-0.034153900020896445,Sell
2024-07-01,MNST,0.00021168015038797172,Buy
2024-07-01,PPG,0.034482758620689655,Buy
2024-07-01,AMTD,-0.03368915328645301,Sell
2024-07-01,BAX,0.034482758620689655,Buy
2024-07-01,A,0.0007674893684680578,Buy
2024-07-01,XLP,0.0004192475599233761,Buy
2024-07-01,DAL,0.0005533707457978029,Buy
2024-07-01,HYG,-0.0342987137188323,Sell
2024-07-01,SPWR,-0.04533215949908965,Sell
2024-07-01,ICE,-0.03431544554140583,Sell
2024-07-01,RRC,0.0002898816305148613,Buy
2024-07-01,CAG,-0.03416056593638162,Sell
2024-07-01,STI,-0.031186743366595254,Sell
2024-07-01,HAS,0.000752035833744856,Buy
2024-07-01,TRV,-0.034242996052204634,Sell
2024-07-01,DPZ,0.034482758620689655,Buy
2024-07-01,EWC,0.00032532837041314433,Buy
2024-07-01,BDX,0.034482758620689655,Buy
2024-07-01,EBAY,0.034482758620689655,Buy
2024-07-01,EWI,-0.03488913266140553,Sell
2024-07-01,SIRI,-0.00042876302199042204,Sell
2024-07-01,XRT,0.034482758620689655,Buy
2024-07-01,ILMN,-0.034673516602098456,Sell
2024-07-01,GOLD,6.075907248807855e-05,Buy
2024-07-01,D,0.0008704461270362118,Buy
2024-07-01,PVH,0.00041388998174652497,Buy
2024-07-01,RL,0.034482758620689655,Buy
2024-07-01,WSM,-0.03363964385503795,Sell
2024-07-01,NWSA,0.034482758620689655,Buy
2024-07-01,BX,0.034482758620689655,Buy
2024-07-01,PCG,0.000747138386746303,Buy
2024-07-01,DUK,0.0004785334889162718,Buy
2024-07-01,HMC,-0.03496513903049549,Sell
2024-07-01,CME,0.034482758620689655,Buy
2024-07-01,CP,0.034482758620689655,Buy
2024-07-01,CLX,0.034482758620689655,Buy
2024-07-01,SYK,0.034482758620689655,Buy
2024-07-01,BSX,0.034482758620689655,Buy
2024-07-01,XLE,-0.03432423274836832,Sell
2024-07-01,ZUMZ,0.034482758620689655,Buy
2024-07-01,MT,-0.03415580450166925,Sell
2024-07-01,CAT,0.000591354202741777,Buy
2024-07-01,MRK,-0.03544154230051708,Sell
2024-07-02,MNST,0.00046578966495751384,Buy
2024-07-02,PPG,-0.03465279392406207,Sell
2024-07-02,AMTD,0.034482758620689655,Buy
2024-07-02,BAX,0.0002982321317605771,Buy
2024-07-02,A,0.0004541303907258376,Buy
2024-07-02,XLP,-0.034642848183883766,Sell
2024-07-02,DAL,0.00023368168714044124,Buy
2024-07-02,RRC,-0.035154534100254695,Sell
2024-07-02,HAS,0.0003548280072569604,Buy
2024-07-02,TRV,0.034482758620689655,Buy
2024-07-02,DPZ,0.0009470130345782812,Buy
2024-07-02,EWC,-0.00028361102290482,Sell
2024-07-02,BDX,8.421102214294096e-05,Buy
2024-07-02,EBAY,-0.034775303449638084,Sell
2024-07-02,SIRI,-0.03703106696741348,Sell
2024-07-02,HTZ,0.034482758620689655,Buy
2024-07-02,XRT,-0.034445132411123076,Sell
2024-07-02,ILMN,0.034482758620689655,Buy
2024-07-02,KGC,0.034482758620689655,Buy
2024-07-02,GOLD,0.00027035854510577134,Buy
2024-07-02,KO,0.034482758620689655,Buy
2024-07-02,D,-0.000300084100136426,Sell
2024-07-02,PVH,0.0007243057498420788,Buy
2024-07-02,RL,0.0007454859575634562,Buy
2024-07-02,NWSA,-0.03483167163639633,Sell
2024-07-02,BX,-0.034678883464793815,Sell
2024-07-02,PCG,0.00026002561536685176,Buy
2024-07-02,DUK,-7.958353513210642e-05,Sell
2024-07-02,CME,-0.0001983399625126933,Sell
2024-07-02,CP,-0.035006784851610406,Sell
2024-07-02,CLX,0.00025653702385905475,Buy
2024-07-02,PRGO,0.034482758620689655,Buy
2024-07-02,SYK,0.00030462808238108235,Buy
2024-07-02,BSX,1.6668605259555214e-05,Buy
2024-07-02,ZUMZ,-0.00015908219944355678,Sell
2024-07-02,CAT,0.0002176970672550932,Buy
2024-07-02,MRK,0.034482758620689655,Buy
2024-07-02,BMY,0.034482758620689655,Buy
2024-07-03,MNST,0.00019887064298207413,Buy
2024-07-03,AMTD,-0.00024234293122976647,Sell
2024-07-03,BAX,-0.03473413435948024,Sell
2024-07-03,A,-2.2410565173290597e-05,Sell
2024-07-03,WEN,0.034482758620689655,Buy
2024-07-03,DAL,-0.03491035321062239,Sell
2024-07-03,SPWR,0.034482758620689655,Buy
2024-07-03,CAG,0.034482758620689655,Buy
2024-07-03,JNJ,0.034482758620689655,Buy
2024-07-03,KMB,0.034482758620689655,Buy
2024-07-03,HAS,9.143561444105441e-05,Buy
2024-07-03,TRV,6.827129162224194e-05,Buy
2024-07-03,DPZ,-0.0002563574686208839,Sell
2024-07-03,EWC,-0.03487964686888354,Sell
2024-07-03,BDX,0.0001333770682583127,Buy
2024-07-03,EBAY,0.034482758620689655,Buy
2024-07-03,WFC,0.034482758620689655,Buy
2024-07-03,HTZ,-0.03326877643147324,Sell
2024-07-03,DLTR,0.034482758620689655,Buy
2024-07-03,XRT,0.034482758620689655,Buy
2024-07-03,ILMN,0.00014834929229625565,Buy
2024-07-03,KGC,-0.03556783562505604,Sell
2024-07-03,GOLD,-0.03528296698277623,Sell
2024-07-03,KO,-0.034507497318355104,Sell
2024-07-03,D,-0.03488437228040167,Sell
2024-07-03,PVH,-0.034909698423434866,Sell
2024-07-03,RL,0.0002813400177097414,Buy
2024-07-03,PCG,-0.0002087017474326977,Sell
2024-07-03,DUK,6.299493492847169e-05,Buy
2024-07-03,CME,0.0002514330541010801,Buy
2024-07-03,CLX,0.00035418162351452676,Buy
2024-07-03,PRGO,-0.034674212720586066,Sell
2024-07-03,SYK,0.0003080164440978292,Buy
2024-07-03,BSX,0.00027112171889116105,Buy
2024-07-03,COF,0.034482758620689655,Buy
2024-07-03,ZUMZ,0.00043823399143776837,Buy
2024-07-03,CAT,-0.00022585994809180832,Sell
2024-07-03,MRK,0.0005771415326676979,Buy
2024-07-03,BMY,0.0004050950704168957,Buy
2024-07-05,MET,0.034482758620689655,Buy
2024-07-05,MNST,-0.00011739416476570091,Sell
2024-07-05,AMTD,0.0002929394115756684,Buy
2024-07-05,A,-0.03425487724971309,Sell
2024-07-05,WEN,0.0003349396995620535,Buy
2024-07-05,DAL,0.034482758620689655,Buy
2024-07-05,SPWR,-0.004945821459701773,Sell
2024-07-05,RRC,0.034482758620689655,Buy
2024-07-05,CAG,0.00015923824100234213,Buy
2024-07-05,JNJ,-0.034375210538734484,Sell
2024-07-05,KMB,-0.03438125770304589,Sell
2024-07-05,HAS,0.0005567214188161237,Buy
2024-07-05,TRV,0.0005984316185360175,Buy
2024-07-05,DPZ,0.0005404231028774686,Buy
2024-07-05,DHI,0.034482758620689655,Buy
2024-07-05,BBT,0.034482758620689655,Buy
2024-07-05,BDX,0.00045430113151266605,Buy
2024-07-05,EBAY,-0.03435878270623097,Sell
2024-07-05,WFC,0.000879114397172448,Buy
2024-07-05,EOG,0.034482758620689655,Buy
2024-07-05,DLTR,-0.03442538960566433,Sell
2024-07-05,XRT,0.00031154698671349845,Buy
2024-07-05,KEY,0.034482758620689655,Buy
2024-07-05,ILMN,-0.03524201281174138,Sell
2024-07-05,D,0.034482758620689655,Buy
2024-07-05,RL,-0.03438347338155071,Sell
2024-07-05,BX,0.034482758620689655,Buy
2024-07-05,PCG,-0.03420967397755396,Sell
2024-07-05,DUK,-0.03443637438868128,Sell
2024-07-05,NTES,0.034482758620689655,Buy
2024-07-05,CME,0.0002336507311242672,Buy
2024-07-05,CLX,9.677615281504515e-05,Buy
2024-07-05,PRGO,0.034482758620689655,Buy
2024-07-05,SYK,-0.03472837890508696,Sell
2024-07-05,BSX,-0.03432009221913691,Sell
2024-07-05,XLE,0.034482758620689655,Buy
2024-07-05,COF,0.0008906741400998147,Buy
2024-07-05,ENB,0.034482758620689655,Buy
2024-07-05,ZUMZ,-0.035912136925014604,Sell
2024-07-05,CAT,0.000526650261112746,Buy
2024-07-05,MRK,0.00012993893562138203,Buy
2024-07-05,BMY,-0.034363100134333406,Sell
2024-07-08,MET,7.286051456030507e-05,Buy
2024-07-08,MNST,-0.0002695520435812837,Sell
2024-07-08,AMTD,0.0004458760297686576,Buy
2024-07-08,WEN,0.0009394069856929615,Buy
2024-07-08,DAL,-0.0002188168126642659,Sell
2024-07-08,BUD,0.034482758620689655,Buy
2024-07-08,SPWR,-0.0011764590416267762,Sell
2024-07-08,RRC,-0.0002891595219025461,Sell
2024-07-08,CAG,-0.03464972056337526,Sell
2024-07-08,JNJ,0.034482758620689655,Buy
2024-07-08,HAS,-0.03460063753292368,Sell
2024-07-08,TRV,-0.0003745551897678806,Sell
2024-07-08,DPZ,-0.03491508688652567,Sell
2024-07-08,DHI,-0.034612097874790415,Sell
2024-07-08,EWC,0.034482758620689655,Buy
2024-07-08,BBT,-0.0001903134889727487,Sell
2024-07-08,BDX,0.0003640732316241707,Buy
2024-07-08,WFC,0.0003807692668513288,Buy
2024-07-08,EOG,-0.034644786522818494,Sell
2024-07-08,MAR,0.034482758620689655,Buy
2024-07-08,XRT,-0.03456239690676405,Sell
2024-07-08,KEY,-0.03465209797238647,Sell
2024-07-08,GOLD,0.034482758620689655,Buy
2024-07-08,KO,0.034482758620689655,Buy
2024-07-08,D,-0.0001261055358972793,Sell
2024-07-08,NWSA,0.034482758620689655,Buy
2024-07-08,BX,0.0005757227713789198,Buy
2024-07-08,PCG,0.034482758620689655,Buy
2024-07-08,NTES,-0.03436834330262836,Sell
2024-07-08,CME,0.00027910816409807554,Buy
2024-07-08,CLX,0.00012393901539838048,Buy
2024-07-08,PRGO,-0.03483372715301198,Sell
2024-07-08,OHI,0.034482758620689655,Buy
2024-07-08,BSX,0.034482758620689655,Buy
2024-07-08,XLE,0.00023856422440344388,Buy
2024-07-08,COF,7.63838359352717e-05,Buy
2024-07-08,ENB,0.00025078202617003637,Buy
2024-07-08,CAT,-0.03452901362135477,Sell
2024-07-08,MRK,0.00021079999584160125,Buy
2024-07-09,MET,-0.03472157129819402,Sell
2024-07-09,MNST,0.0002754685505901716,Buy
2024-07-09,CNC,0.034482758620689655,Buy
2024-07-09,PPG,0.034482758620689655,Buy
2024-07-09,AMTD,-0.03425684846496901,Sell
2024-07-09,WEN,-7.325879005953828e-06,Sell
2024-07-09,DAL,-0.03486988672934463,Sell
2024-07-09,AA,0.034482758620689655,Buy
2024-07-09,BUD,-0.0342766270008514,Sell
2024-07-09,SPWR,-0.0002184454328937116,Sell
2024-07-09,RRC,0.0005726729057065755,Buy
2024-07-09,CAG,0.034482758620689655,Buy
2024-07-09,JNJ,-0.034840288132030245,Sell
2024-07-09,HAS,0.034482758620689655,Buy
2024-07-09,TRV,0.00019841445239802968,Buy
2024-07-09,DPZ,0.034482758620689655,Buy
2024-07-09,EWC,0.00012427448155243742,Buy
2024-07-09,BBT,-0.034654541553127256,Sell
2024-07-09,BDX,0.0006364474655434216,Buy
2024-07-09,WFC,-0.0004937266110833921,Sell
2024-07-09,EWI,0.034482758620689655,Buy
2024-07-09,DLTR,0.034482758620689655,Buy
2024-07-09,MAR,0.0003507116031455232,Buy
2024-07-09,GOLD,-0.00035751172566726025,Sell
2024-07-09,KO,0.0001622665745204463,Buy
2024-07-09,D,-9.035809423574986e-05,Sell
2024-07-09,NWSA,-0.035062808558744496,Sell
2024-07-09,TRIP,0.034482758620689655,Buy
2024-07-09,BX,-0.034613865101472165,Sell
2024-07-09,PCG,-0.034789315955442816,Sell
2024-07-09,CME,7.632312343976155e-05,Buy
2024-07-09,CP,0.034482758620689655,Buy
2024-07-09,CLX,0.0002738950886698663,Buy
2024-07-09,OHI,0.00023899333380088955,Buy
2024-07-09,BSX,-0.03464946094849999,Sell
2024-07-09,XLE,0.00031852773093990483,Buy
2024-07-09,COF,-0.0002850274387890747,Sell
2024-07-09,ENB,1.4448330447440483e-05,Buy
2024-07-09,CAT,0.034482758620689655,Buy
2024-07-09,MRK,-0.03453955613485504,Sell
2024-07-10,MNST,0.0001576854115629342,Buy
2024-07-10,CNC,-0.03477052967082026,Sell
2024-07-10,PPG,-0.03466842942928209,Sell
2024-07-10,AMTD,0.034482758620689655,Buy
2024-07-10,CF,0.034482758620689655,Buy
2024-07-10,WEN,0.00014881430858535577,Buy
2024-07-10,DAL,0.034482758620689655,Buy
2024-07-10,AA,0.0017820878990621666,Buy
2024-07-10,SPWR,0.0006523899227943789,Buy
2024-07-10,RRC,0.00011001050082005276,Buy
2024-07-10,CAG,0.00010859403527391231,Buy
2024-07-10,GREK,0.034482758620689655,Buy
2024-07-10,HAS,-0.03466060018482402,Sell
2024-07-10,TRV,-0.03497430025477239,Sell
2024-07-10,DPZ,0.00018063088579996223,Buy
2024-07-10,EWC,-0.03482043743491822,Sell
2024-07-10,BDX,-0.00017948502054750126,Sell
2024-07-10,WFC,0.00028373566621305024,Buy
2024-07-10,EWI,-0.0003966857689285258,Sell
2024-07-10,SIRI,0.034482758620689655,Buy
2024-07-10,HTZ,0.034482758620689655,Buy
2024-07-10,DLTR,0.0007030268664923109,Buy
2024-07-10,ALK,0.034482758620689655,Buy
2024-07-10,MAR,-0.03501249789319299,Sell
2024-07-10,GOLD,-0.00043837826781797234,Sell
2024-07-10,KO,0.00011553104713352136,Buy
2024-07-10,D,5.0012771813240375e-06,Buy
2024-07-10,TRIP,-0.0344080110527474,Sell
2024-07-10,NTES,0.034482758620689655,Buy
2024-07-10,RF,0.034482758620689655,Buy
2024-07-10,CME,0.0003753556998630503,Buy
2024-07-10,CP,-0.03549251814479489,Sell
2024-07-10,CLX,-0.0350266464466064,Sell
2024-07-10,OHI,-0.03479145978842446,Sell
2024-07-10,XLE,-3.968748505622788e-05,Sell
2024-07-10,COF,0.00028723080190039274,Buy
2024-07-10,ENB,-0.034668638159693566,Sell
2024-07-10,ZUMZ,0.034482758620689655,Buy
2024-07-10,MT,0.034482758620689655,Buy
2024-07-10,CAT,-0.034545146858899915,Sell
2024-07-10,MRK,0.034482758620689655,Buy
2024-07-11,MNST,0.00042515501342187123,Buy
2024-07-11,AMTD,-0.03335455484875937,Sell
2024-07-11,CF,-0.034056799156092915,Sell
2024-07-11,WEN,-0.035703750530131174,Sell
2024-07-11,DAL,0.0020638958795596574,Buy
2024-07-11,AA,-0.03439847033691834,Sell
2024-07-11,SPWR,-0.002499421888120447,Sell
2024-07-11,RRC,0.00011146931959758744,Buy
2024-07-11,CAG,0.0012203933739632494,Buy
2024-07-11,GREK,0.0007001925605463477,Buy
2024-07-11,QCOM,0.034482758620689655,Buy
2024-07-11,JNJ,0.034482758620689655,Buy
2024-07-11,STI,0.034482758620689655,Buy
2024-07-11,TRV,0.034482758620689655,Buy
2024-07-11,DPZ,0.0010625678110363357,Buy
2024-07-11,EWC,0.034482758620689655,Buy
2024-07-11,BDX,0.0005550322827955895,Buy
2024-07-11,MU,0.034482758620689655,Buy
2024-07-11,WFC,0.0004676377841010895,Buy
2024-07-11,QQQ,0.034482758620689655,Buy
2024-07-11,EWI,-0.03388396239340704,Sell
2024-07-11,SIRI,-0.0347283448525032,Sell
2024-07-11,HTZ,-0.03811054456403727,Sell
2024-07-11,DLTR,-0.03516667999204908,Sell
2024-07-11,ALK,-0.03453147882404245,Sell
2024-07-11,MAR,0.034482758620689655,Buy
2024-07-11,GOLD,-0.0351134480276574,Sell
2024-07-11,KO,-0.033911442207663886,Sell
2024-07-11,D,-0.0005595817839605596,Sell
2024-07-11,EW,0.034482758620689655,Buy
2024-07-11,NTAP,0.034482758620689655,Buy
2024-07-11,MRVL,0.034482758620689655,Buy
2024-07-11,NTES,-0.03439948404204399,Sell
2024-07-11,RF,-0.03463600369426178,Sell
2024-07-11,CME,0.0003291776693167617,Buy
2024-07-11,SYK,0.034482758620689655,Buy
2024-07-11,XLE,0.0003649968004300827,Buy
2024-07-11,COF,0.00012814279739856854,Buy
2024-07-11,ENB,0.034482758620689655,Buy
2024-07-11,ZUMZ,-0.03552107304306581,Sell
2024-07-11,MT,-9.074387571349901e-05,Sell
2024-07-11,VZ,0.034482758620689655,Buy
2024-07-11,MRK,0.0002734534280828746,Buy
2024-07-12,MNST,-0.03458324259018471,Sell
2024-07-12,PPG,0.034482758620689655,Buy
2024-07-12,AMTD,0.034482758620689655,Buy
2024-07-12,XLP,0.034482758620689655,Buy
2024-07-12,DAL,0.0013154384420207069,Buy
2024-07-12,SPWR,-0.0027009765307972125,Sell
2024-07-12,NSC,0.034482758620689655,Buy
2024-07-12,RRC,-0.000458831664473143,Sell
2024-07-12,CAG,0.0003098788167522279,Buy
2024-07-12,GREK,-3.0319340599049838e-05,Sell
2024-07-12,QCOM,-0.0346506595378077,Sell
2024-07-12,JNJ,0.0002325953887310217,Buy
2024-07-12,STI,-0.0017995516802121123,Sell
2024-07-12,TRV,-0.0001601308474016086,Sell
2024-07-12,DPZ,-0.0355388130069212,Sell
2024-07-12,VTR,0.034482758620689655,Buy
2024-07-12,EWC,-0.034414040830931455,Sell
2024-07-12,BDX,-0.03484320778579885,Sell
2024-07-12,MU,-0.03508114826644971,Sell
2024-07-12,WFC,0.002332177784283511,Buy
2024-07-12,QQQ,-0.0344100114227036,Sell
2024-07-12,EWI,0.034482758620689655,Buy
2024-07-12,MS,0.034482758620689655,Buy
2024-07-12,MAR,-0.00015571289819048262,Sell
2024-07-12,KEY,0.034482758620689655,Buy
2024-07-12,D,4.8449443567362416e-05,Buy
2024-07-12,PVH,0.034482758620689655,Buy
2024-07-12,EW,0.0009590082464240729,Buy
2024-07-12,NTAP,0.0006094141315556231,Buy
2024-07-12,MRVL,-0.03490631203807708,Sell
2024-07-12,RF,0.034482758620689655,Buy
2024-07-12,CME,0.000687802243629014,Buy
2024-07-12,SYK,0.00014420625207799131,Buy
2024-07-12,XLE,0.00018658349500146054,Buy
2024-07-12,COF,0.00041647970441335835,Buy
2024-07-12,ENB,-0.034495705281544345,Sell
2024-07-12,MT,-0.00036224459953655,Sell
2024-07-12,VZ,-0.03431671690852706,Sell
2024-07-12,MRK,0.000594670475144915,Buy
2024-07-15,CNC,0.034482758620689655,Buy
2024-07-15,PPG,-0.03460344528055841,Sell
2024-07-15,AMTD,0.0010139485960319813,Buy
2024-07-15,VWO,0.034482758620689655,Buy
2024-07-15,XLP,0.00014871286243096915,Buy
2024-07-15,DAL,0.00043892401923641827,Buy
2024-07-15,SPWR,0.0025134983436037595,Buy
2024-07-15,NSC,-0.03553477455183829,Sell
2024-07-15,RRC,-0.0345545312597094,Sell
2024-07-15,CAG,-0.000356473949701723,Sell
2024-07-15,GREK,-0.03475670562648715,Sell
2024-07-15,JNJ,9.552110060042501e-05,Buy
2024-07-15,STI,-0.033396188225341836,Sell
2024-07-15,TRV,-0.0003457099828738999,Sell
2024-07-15,VTR,-0.03465319078669721,Sell
2024-07-15,BDX,0.034482758620689655,Buy
2024-07-15,EBAY,0.034482758620689655,Buy
2024-07-15,WFC,-0.000778790670314132,Sell
2024-07-15,EWI,0.00017665293227673434,Buy
2024-07-15,DLTR,0.034482758620689655,Buy
2024-07-15,MS,-0.03492287274578725,Sell
2024-07-15,MAR,-0.03508658726851801,Sell
2024-07-15,XRT,0.034482758620689655,Buy
2024-07-15,KEY,-0.035193147046272716,Sell
2024-07-15,WMB,0.034482758620689655,Buy
2024-07-15,D,0.0005727032085956485,Buy
2024-07-15,ULTA,0.034482758620689655,Buy
2024-07-15,PVH,0.0010829273544788118,Buy
2024-07-15,EW,0.0005135835131474392,Buy
2024-07-15,RL,0.034482758620689655,Buy
2024-07-15,NTAP,-0.03459041251363274,Sell
2024-07-15,NWSA,0.034482758620689655,Buy
2024-07-15,PCG,0.034482758620689655,Buy
2024-07-15,RF,-0.03542885183782381,Sell
2024-07-15,CME,-0.03517386527625215,Sell
2024-07-15,CLX,0.034482758620689655,Buy
2024-07-15,SYK,0.0010481026173851868,Buy
2024-07-15,XLE,-0.03505736315024057,Sell
2024-07-15,COF,-0.03608166041665501,Sell
2024-07-15,ENB,0.034482758620689655,Buy
2024-07-15,MT,0.00012396223392215078,Buy
2024-07-15,VZ,0.034482758620689655,Buy
2024-07-15,MRK,-0.00014924553496212245,Sell
2024-07-16,CNC,-0.03557700851879199,Sell
2024-07-16,AMTD,7.392644753045213e-05,Buy
2024-07-16,VWO,-0.034194392015760716,Sell
2024-07-16,XLP,-0.03430253874225225,Sell
2024-07-16,DAL,-0.036362241064441775,Sell
2024-07-16,AA,0.034482758620689655,Buy
2024-07-16,BUD,0.034482758620689655,Buy
2024-07-16,SPWR,0.0005067415247128684,Buy
2024-07-16,RRC,0.034482758620689655,Buy
2024-07-16,CAG,4.3438422746719385e-05,Buy
2024-07-16,GREK,0.034482758620689655,Buy
2024-07-16,JNJ,0.0001037867296345904,Buy
2024-07-16,TRV,-0.034674960926733236,Sell
2024-07-16,EWC,0.034482758620689655,Buy
2024-07-16,BDX,-0.00018756980079535218,Sell
2024-07-16,MU,0.034482758620689655,Buy
2024-07-16,EBAY,-0.03505120486664843,Sell
2024-07-16,WFC,-0.035453230020856596,Sell
2024-07-16,EWI,0.00027129947892623463,Buy
2024-07-16,HTZ,0.034482758620689655,Buy
2024-07-16,DLTR,0.00018278714013002934,Buy
2024-07-16,CCL,0.034482758620689655,Buy
2024-07-16,XRT,-0.03518087158255492,Sell
2024-07-16,WMB,0.0006743940373345053,Buy
2024-07-16,D,0.00033363307280295795,Buy
2024-07-16,ULTA,-0.035226172917213014,Sell
2024-07-16,PVH,-0.03482631720021972,Sell
2024-07-16,EW,0.0011786681862172924,Buy
2024-07-16,RL,8.36811460366571e-05,Buy
2024-07-16,NWSA,-0.034883677540713934,Sell
2024-07-16,TRIP,0.034482758620689655,Buy
2024-07-16,PCG,0.00041060086271620805,Buy
2024-07-16,DUK,0.034482758620689655,Buy
2024-07-16,NTES,0.034482758620689655,Buy
2024-07-16,CME,0.034482758620689655,Buy
2024-07-16,CLX,7.364817684681751e-05,Buy
2024-07-16,SYK,3.1376366815966117e-06,Buy
2024-07-16,ENB,0.00029789417760679726,Buy
2024-07-16,MT,0.0009560839473526997,Buy
2024-07-16,VZ,-0.0345257680233849,Sell
2024-07-16,MRK,0.0012174456684831483,Buy
2024-07-17,PPG,0.034482758620689655,Buy
2024-07-17,AMTD,-0.03455203119891701,Sell
2024-07-17,VWO,0.034482758620689655,Buy
2024-07-17,AA,-0.03289861016077,Sell
2024-07-17,HYG,0.034482758620689655,Buy
2024-07-17,BUD,-0.035395742910504034,Sell
2024-07-17,SPWR,0.0018502854168638908,Buy
2024-07-17,RRC,-0.033512264815427836,Sell
2024-07-17,CAG,-0.03589883614517474,Sell
2024-07-17,GREK,0.0001601447515724927,Buy
2024-07-17,QCOM,0.034482758620689655,Buy
2024-07-17,JNJ,-0.03582647993236998,Sell
2024-07-17,DPZ,0.034482758620689655,Buy
2024-07-17,EWC,0.0001786020650020731,Buy
2024-07-17,BDX,-0.035053761631683084,Sell
2024-07-17,MU,0.00209615560603324,Buy
2024-07-17,EBAY,0.034482758620689655,Buy
2024-07-17,QQQ,0.034482758620689655,Buy
2024-07-17,EWI,-3.269098226656858e-05,Sell
2024-07-17,HTZ,-0.035013754244846707,Sell
2024-07-17,ORCL,0.034482758620689655,Buy
2024-07-17,DLTR,-0.034723438757463775,Sell
2024-07-17,CCL,0.0013358710489060968,Buy
2024-07-17,TSM,0.034482758620689655,Buy
2024-07-17,KGC,0.034482758620689655,Buy
2024-07-17,WMB,-0.03479679542308383,Sell
2024-07-17,D,-0.0005745204137165699,Sell
2024-07-17,ULTA,0.034482758620689655,Buy
2024-07-17,PVH,0.034482758620689655,Buy
2024-07-17,EW,9.614464384798821e-05,Buy
2024-07-17,RL,0.0006230002676793842,Buy
2024-07-17,NTAP,0.034482758620689655,Buy
2024-07-17,WSM,0.034482758620689655,Buy
2024-07-17,TRIP,-3.096568213135226e-05,Sell
2024-07-17,PCG,-0.0004982568368315024,Sell
2024-07-17,DUK,-0.03487313013767109,Sell
2024-07-17,NTES,-0.0345408898869099,Sell
2024-07-17,CME,-0.03526803835137334,Sell
2024-07-17,CLX,-0.03489282219089598,Sell
2024-07-17,SYK,-0.00019465914969776094,Sell
2024-07-17,BSX,0.034482758620689655,Buy
2024-07-17,ENB,-0.03477272225026968,Sell
2024-07-17,MT,-0.00024853376794300996,Sell
2024-07-17,MRK,-0.00019322299269397547,Sell
2024-07-18,PPG,-7.280056593052253e-05,Sell
2024-07-18,AMTD,0.034482758620689655,Buy
2024-07-18,VWO,-0.000304788984378232,Sell
2024-07-18,DAL,0.034482758620689655,Buy
2024-07-18,HYG,-0.0005388226090297377,Sell
2024-07-18,SPWR,0.002141793368454485,Buy
2024-07-18,NSC,0.034482758620689655,Buy
2024-07-18,GREK,-0.035068254836561674,Sell
2024-07-18,QCOM,-0.0005849824314337684,Sell
2024-07-18,DPZ,0.004152080155730344,Buy
2024-07-18,EWC,-0.0003389392405292735,Sell
2024-07-18,BDX,0.034482758620689655,Buy
2024-07-18,MU,-0.03449136160221821,Sell
2024-07-18,EBAY,-0.03497121940973991,Sell
2024-07-18,WFC,0.034482758620689655,Buy
2024-07-18,QQQ,-0.00044455022350231577,Sell
2024-07-18,EWI,-0.03503759123696073,Sell
2024-07-18,ORCL,-0.0003006664440600715,Sell
2024-07-18,CCL,-0.03480730349686461,Sell
2024-07-18,TSM,-0.0007479620186716107,Sell
2024-07-18,KGC,-6.774771764268134e-05,Sell
2024-07-18,D,-0.0002936798568165949,Sell
2024-07-18,ULTA,3.3455357742705194e-05,Buy
2024-07-18,PVH,0.0005206598583153282,Buy
2024-07-18,EW,-7.719250460350158e-06,Sell
2024-07-18,RL,-0.00020742540172759283,Sell
2024-07-18,NTAP,-0.0002443284449386643,Sell
2024-07-18,WSM,-0.0003043100587691028,Sell
2024-07-18,TRIP,-0.00012376218997327965,Sell
2024-07-18,MRVL,0.034482758620689655,Buy
2024-07-18,PCG,-0.0004345676016749081,Sell
2024-07-18,SYK,-0.00025302435614570074,Sell
2024-07-18,BSX,0.00023259139195790784,Buy
2024-07-18,MT,-0.03444434811816806,Sell
2024-07-18,MRK,-0.00015345598747522338,Sell
2024-07-19,PPG,0.000829337427087691,Buy
2024-07-19,AMTD,-0.03395654089181265,Sell
2024-07-19,VWO,0.00020029006112276537,Buy
2024-07-19,DAL,-0.03501877786679406,Sell
2024-07-19,HYG,-0.00010865619025712814,Sell
2024-07-19,SPWR,-0.0011173492404518287,Sell
2024-07-19,NSC,0.0002298725504258567,Buy
2024-07-19,QCOM,-0.03366877391979876,Sell
2024-07-19,STI,0.034482758620689655,Buy
2024-07-19,TRV,0.034482758620689655,Buy
2024-07-19,DPZ,0.0002768880560687498,Buy
2024-07-19,EWC,-7.225175417460011e-05,Sell
2024-07-19,BDX,1.4108570871404491e-05,Buy
2024-07-19,MU,0.034482758620689655,Buy
2024-07-19,EBAY,0.034482758620689655,Buy
2024-07-19,WFC,-0.00012943152071547698,Sell
2024-07-19,EOG,0.034482758620689655,Buy
2024-07-19,QQQ,-0.03431119654884954,Sell
2024-07-19,EWI,0.034482758620689655,Buy
2024-07-19,ORCL,-0.03475096126851138,Sell
2024-07-19,TSM,0.0010933813221605665,Buy
2024-07-19,MS,0.034482758620689655,Buy
2024-07-19,XRT,0.034482758620689655,Buy
2024-07-19,KEY,0.034482758620689655,Buy
2024-07-19,ILMN,0.034482758620689655,Buy
2024-07-19,KGC,0.0002144021111966793,Buy
2024-07-19,D,-2.7869993169227225e-05,Sell
2024-07-19,ULTA,-0.03442430420593744,Sell
2024-07-19,PVH,0.00016836190224061437,Buy
2024-07-19,EW,-0.00041364066759669305,Sell
2024-07-19,RL,0.00037233060253276384,Buy
2024-07-19,NTAP,-0.0001709671002126517,Sell
2024-07-19,WSM,-0.034309686789896945,Sell
2024-07-19,TRIP,5.953706774770168e-05,Buy
2024-07-19,MRVL,-0.03375525264353274,Sell
2024-07-19,PCG,-0.03490894634381404,Sell
2024-07-19,CME,0.034482758620689655,Buy
2024-07-19,CLX,0.034482758620689655,Buy
2024-07-19,SYK,-0.03563391036921622,Sell
2024-07-19,BSX,-0.035539040650379036,Sell
2024-07-19,MRK,-0.03504153031647372,Sell
2024-07-22,PPG,0.00024136928076536057,Buy
2024-07-22,AMTD,0.034482758620689655,Buy
2024-07-22,VWO,6.506803321371102e-05,Buy
2024-07-22,HP,0.034482758620689655,Buy
2024-07-22,WEN,0.034482758620689655,Buy
2024-07-22,DAL,0.034482758620689655,Buy
2024-07-22,HYG,-0.03428037184565755,Sell
2024-07-22,SPWR,-0.03533106217246927,Sell
2024-07-22,NSC,-0.03416534655573968,Sell
2024-07-22,JNJ,0.034482758620689655,Buy
2024-07-22,STI,-0.0004742111018775502,Sell
2024-07-22,TRV,3.7708635574201788e-06,Buy
2024-07-22,DPZ,-0.03511500220555811,Sell
2024-07-22,EWC,8.913197860002664e-05,Buy
2024-07-22,BBT,0.034482758620689655,Buy
2024-07-22,BDX,0.0002775914295243889,Buy
2024-07-22,MU,-0.03445824554913633,Sell
2024-07-22,EBAY,0.00013186585086157054,Buy
2024-07-22,WFC,0.00038129227686333617,Buy
2024-07-22,EOG,0.00094508242299738,Buy
2024-07-22,EWI,-0.034764220578241134,Sell
2024-07-22,TSM,-0.0348909485385109,Sell
2024-07-22,MS,0.0002123105604969408,Buy
2024-07-22,XRT,-0.03442445591998622,Sell
2024-07-22,KEY,-6.493579523778048e-05,Sell
2024-07-22,ILMN,-0.0350840851537562,Sell
2024-07-22,KGC,-1.9106632781769328e-05,Sell
2024-07-22,KO,0.034482758620689655,Buy
2024-07-22,D,7.030590781900714e-05,Buy
2024-07-22,ULTA,0.034482758620689655,Buy
2024-07-22,PVH,-0.00011882623046981927,Sell
2024-07-22,EW,-0.03474166683317604,Sell
2024-07-22,RL,-0.0002697520054795177,Sell
2024-07-22,NTAP,-0.034727004764456754,Sell
2024-07-22,TRIP,-0.03467523010404765,Sell
2024-07-22,CME,0.00032427005842769474,Buy
2024-07-22,CLX,0.000862650359628167,Buy
2024-07-22,SYK,0.034482758620689655,Buy
2024-07-22,XLE,0.034482758620689655,Buy
2024-07-22,COF,0.034482758620689655,Buy
2024-07-22,MRK,0.034482758620689655,Buy
2024-07-23,CNC,0.034482758620689655,Buy
2024-07-23,PPG,0.00038584513065019477,Buy
2024-07-23,AMTD,-0.035904341774566244,Sell
2024-07-23,VWO,0.0003007800797726404,Buy
2024-07-23,A,0.034482758620689655,Buy
2024-07-23,HP,-2.1555817020763035e-05,Sell
2024-07-23,WEN,-0.03359813231464887,Sell
2024-07-23,DAL,0.00011525018037656515,Buy
2024-07-23,SPWR,0.034482758620689655,Buy
2024-07-23,JNJ,0.0003651199418531273,Buy
2024-07-23,STI,-0.03525552458510804,Sell
2024-07-23,TRV,-0.0005810606594347442,Sell
2024-07-23,EWC,0.00017423154032499,Buy
2024-07-23,BBT,-0.03504698125713727,Sell
2024-07-23,BDX,-0.03502516639896807,Sell
2024-07-23,EBAY,0.0003711567388901965,Buy
2024-07-23,WFC,-0.00036767123015600534,Sell
2024-07-23,EOG,0.0004916100313226701,Buy
2024-07-23,SIRI,0.034482758620689655,Buy
2024-07-23,MS,-0.03489829620541869,Sell
2024-07-23,KEY,-0.0002552466418265925,Sell
2024-07-23,KGC,-0.03500608193727728,Sell
2024-07-23,KO,-0.034642210295215296,Sell
2024-07-23,D,0.0006620320329266682,Buy
2024-07-23,ULTA,0.0001517638626970519,Buy
2024-07-23,PVH,0.0002469434851631244,Buy
2024-07-23,EW,0.034482758620689655,Buy
2024-07-23,RL,0.00018828661794476065,Buy
2024-07-23,DUK,0.034482758620689655,Buy
2024-07-23,CME,0.00036352429801477654,Buy
2024-07-23,CP,0.034482758620689655,Buy
2024-07-23,CLX,6.390574488908396e-05,Buy
2024-07-23,SYK,8.453097466012971e-06,Buy
2024-07-23,XLE,0.0004912750689773371,Buy
2024-07-23,COF,-0.00015096025634147442,Sell
2024-07-23,VZ,0.034482758620689655,Buy
2024-07-23,MRK,0.00030188010540290605,Buy
2024-07-24,CNC,-0.035103224431445874,Sell
2024-07-24,PPG,0.000434900603907086,Buy
2024-07-24,VWO,0.0003942673840151012,Buy
2024-07-24,A,-0.0353757390775449,Sell
2024-07-24,HP,2.3421668627870984e-05,Buy
2024-07-24,DAL,0.0005618150626444524,Buy
2024-07-24,HYG,0.034482758620689655,Buy
2024-07-24,SPWR,0.00025770969390333937,Buy
2024-07-24,NSC,0.034482758620689655,Buy
2024-07-24,QCOM,0.034482758620689655,Buy
2024-07-24,JNJ,-0.035338889345543446,Sell
2024-07-24,KMB,0.034482758620689655,Buy
2024-07-24,TRV,0.00016470913265878573,Buy
2024-07-24,EWC,0.00033765533418757265,Buy
2024-07-24,EBAY,-0.03472198542126053,Sell
2024-07-24,WFC,0.00016533291744297296,Buy
2024-07-24,EOG,-2.2620327470378176e-05,Sell
2024-07-24,QQQ,0.034482758620689655,Buy
2024-07-24,SIRI,-0.03617272664553131,Sell
2024-07-24,DLTR,0.034482758620689655,Buy
2024-07-24,MS,0.034482758620689655,Buy
2024-07-24,MAR,0.034482758620689655,Buy
2024-07-24,XRT,0.034482758620689655,Buy
2024-07-24,KEY,-0.034298168449716164,Sell
2024-07-24,KGC,0.034482758620689655,Buy
2024-07-24,WMB,0.034482758620689655,Buy
2024-07-24,D,-0.03540792230194302,Sell
2024-07-24,ULTA,-0.032708630150947895,Sell
2024-07-24,PVH,0.0010899298457446999,Buy
2024-07-24,EW,-0.03441063589416303,Sell
2024-07-24,RL,-0.033810751983885216,Sell
2024-07-24,NTAP,0.034482758620689655,Buy
2024-07-24,NWSA,0.034482758620689655,Buy
2024-07-24,DUK,-0.034926187423700975,Sell
2024-07-24,CME,6.569839689366669e-05,Buy
2024-07-24,CP,0.00042330755016520977,Buy
2024-07-24,CLX,-0.03451258315729104,Sell
2024-07-24,SYK,0.00016460896482099752,Buy
2024-07-24,XLE,2.8735606801492952e-05,Buy
2024-07-24,COF,-0.03466567712470087,Sell
2024-07-24,MT,0.034482758620689655,Buy
2024-07-24,VZ,-0.035141162243518605,Sell
2024-07-24,CAT,0.034482758620689655,Buy
2024-07-24,MRK,-0.034876759393307095,Sell
2024-07-25,PPG,-0.0001748185538762992,Sell
2024-07-25,VWO,0.0001052650105101624,Buy
2024-07-25,HP,-0.037486908933641094,Sell
2024-07-25,NVDA,0.034482758620689655,Buy
2024-07-25,DAL,-0.03489033033086263,Sell
2024-07-25,HYG,1.3395093845826322e-05,Buy
2024-07-25,SPWR,0.0016050167307237878,Buy
2024-07-25,NSC,-0.03470785454398496,Sell
2024-07-25,CAG,0.034482758620689655,Buy
2024-07-25,GREK,0.034482758620689655,Buy
2024-07-25,QCOM,0.0010989471890334238,Buy
2024-07-25,KMB,-0.00011955186558156028,Sell
2024-07-25,TRV,-0.03471381479757058,Sell
2024-07-25,VTR,0.034482758620689655,Buy
2024-07-25,EWC,6.310232621344752e-05,Buy
2024-07-25,BDX,0.034482758620689655,Buy
2024-07-25,MU,0.034482758620689655,Buy
2024-07-25,WFC,-0.00013293916054822608,Sell
2024-07-25,EOG,-0.03499940682813193,Sell
2024-07-25,QQQ,0.0003978876688939814,Buy
2024-07-25,EWI,0.034482758620689655,Buy
2024-07-25,DLTR,0.0003701461770089856,Buy
2024-07-25,CCL,0.034482758620689655,Buy
2024-07-25,MS,-0.03500234760174491,Sell
2024-07-25,MAR,0.00020697689469242192,Buy
2024-07-25,XRT,-0.0348657576520501,Sell
2024-07-25,KGC,0.0012250645645205185,Buy
2024-07-25,WMB,0.0005612821004166851,Buy
2024-07-25,PVH,-0.034186833734100225,Sell
2024-07-25,NTAP,-0.03442655679380168,Sell
2024-07-25,NWSA,0.0002197387665433953,Buy
2024-07-25,TRIP,0.034482758620689655,Buy
2024-07-25,PCG,0.034482758620689655,Buy
2024-07-25,DUK,0.034482758620689655,Buy
2024-07-25,CME,-0.03483711430750954,Sell
2024-07-25,CP,-0.034418174586095605,Sell
2024-07-25,OHI,0.034482758620689655,Buy
2024-07-25,SYK,0.0013319458669952683,Buy
2024-07-25,BSX,0.034482758620689655,Buy
2024-07-25,XLE,-0.03506009278838186,Sell
2024-07-25,MT,-0.03488335900062701,Sell
2024-07-25,VZ,0.034482758620689655,Buy
2024-07-25,CAT,-0.03531210467657471,Sell
2024-07-26,PPG,-0.03458600450066424,Sell
2024-07-26,AMTD,0.034482758620689655,Buy
2024-07-26,VWO,-0.03452852646860817,Sell
2024-07-26,HP,0.034482758620689655,Buy
2024-07-26,NVDA,9.608066080044747e-05,Buy
2024-07-26,WEN,0.034482758620689655,Buy
2024-07-26,DAL,0.034482758620689655,Buy
2024-07-26,HYG,-0.034258832075229444,Sell
2024-07-26,SPWR,0.0010398588536982556,Buy
2024-07-26,RRC,0.034482758620689655,Buy
2024-07-26,CAG,-0.00014082326716017418,Sell
2024-07-26,GREK,-0.034416610802835354,Sell
2024-07-26,QCOM,-0.03505677371480243,Sell
2024-07-26,KMB,0.00015418770000631687,Buy
2024-07-26,TRV,0.034482758620689655,Buy
2024-07-26,VTR,-0.034508976466523955,Sell
2024-07-26,EWC,-0.03444600232808575,Sell
2024-07-26,BDX,-0.0003297832691299893,Sell
2024-07-26,MU,-0.0002896127295098777,Sell
2024-07-26,WFC,-6.137728737979492e-05,Sell
2024-07-26,QQQ,-0.034499678160890904,Sell
2024-07-26,EWI,-0.034480454912648215,Sell
2024-07-26,SIRI,0.034482758620689655,Buy
2024-07-26,DLTR,-0.03458200933929096,Sell
2024-07-26,CCL,-6.181733112335663e-06,Sell
2024-07-26,MAR,-0.034565815709918735,Sell
2024-07-26,KGC,5.340672108829908e-05,Buy
2024-07-26,WMB,-0.03472105330725477,Sell
2024-07-26,EW,0.034482758620689655,Buy
2024-07-26,NWSA,-9.433790417391619e-05,Sell
2024-07-26,TRIP,-0.034711810256941644,Sell
2024-07-26,PCG,0.0003143656581918314,Buy
2024-07-26,DUK,0.00018408925578489166,Buy
2024-07-26,NTES,0.034482758620689655,Buy
2024-07-26,CME,0.034482758620689655,Buy
2024-07-26,CLX,0.034482758620689655,Buy
2024-07-26,OHI,-0.03469422400544678,Sell
2024-07-26,SYK,-0.00010784321932891944,Sell
2024-07-26,BSX,2.980867649193808e-05,Buy
2024-07-26,MT,0.034482758620689655,Buy
2024-07-26,VZ,0.0002136380423424719,Buy
2024-07-26,CAT,0.034482758620689655,Buy
2024-07-26,MRK,0.034482758620689655,Buy
2024-07-29,MET,0.034482758620689655,Buy
2024-07-29,AMTD,-0.03481576189956751,Sell
2024-07-29,VWO,0.034482758620689655,Buy
2024-07-29,HP,0.0006753912561507994,Buy
2024-07-29,NVDA,-0.03414281506852112,Sell
2024-07-29,WEN,-0.035210677013554285,Sell
2024-07-29,DAL,0.0006348606716764169,Buy
2024-07-29,SPWR,0.0003773935224162944,Buy
2024-07-29,RRC,0.0003146901044935313,Buy
2024-07-29,CAG,-0.03484677040386502,Sell
2024-07-29,GREK,0.034482758620689655,Buy
2024-07-29,JNJ,0.034482758620689655,Buy
2024-07-29,STI,0.034482758620689655,Buy
2024-07-29,KMB,0.0001243467144194238,Buy
2024-07-29,TRV,-0.034605519662338526,Sell
2024-07-29,BDX,-0.00018853770867140185,Sell
2024-07-29,MU,0.0003834113565165387,Buy
2024-07-29,WFC,0.00034843572348405155,Buy
2024-07-29,EOG,0.034482758620689655,Buy
2024-07-29,EWI,0.034482758620689655,Buy
2024-07-29,SIRI,0.00156400687772415,Buy
2024-07-29,DLTR,0.034482758620689655,Buy
2024-07-29,CCL,-0.034552527001150746,Sell
2024-07-29,MS,0.034482758620689655,Buy
2024-07-29,KGC,-0.03519524690374269,Sell
2024-07-29,ULTA,0.034482758620689655,Buy
2024-07-29,EW,-0.0008696769912803146,Sell
2024-07-29,NTAP,0.034482758620689655,Buy
2024-07-29,NWSA,-0.03484426056601978,Sell
2024-07-29,PCG,-0.000589476185540054,Sell
2024-07-29,DUK,-0.034800716610012376,Sell
2024-07-29,NTES,0.00041696067857956154,Buy
2024-07-29,CME,0.00016961802322659064,Buy
2024-07-29,CLX,7.520597614307095e-05,Buy
2024-07-29,SYK,-0.03476050225643932,Sell
2024-07-29,BSX,-0.000419181750633546,Sell
2024-07-29,XLE,0.034482758620689655,Buy
2024-07-29,MT,-0.03440987984702751,Sell
2024-07-29,VZ,-5.804638144996793e-05,Sell
2024-07-29,CAT,0.0004774429859834839,Buy
2024-07-29,MRK,-0.03528852607908354,Sell
2024-07-30,MET,-0.03524564855068689,Sell
2024-07-30,VWO,-9.337292404606318e-05,Sell
2024-07-30,HP,-0.0003570004457472062,Sell
2024-07-30,XLP,0.034482758620689655,Buy
2024-07-30,DAL,-0.0003500120863272685,Sell
2024-07-30,HYG,0.034482758620689655,Buy
2024-07-30,BUD,0.034482758620689655,Buy
2024-07-30,SPWR,0.0025353408553457565,Buy
2024-07-30,RRC,-0.00018885799358389632,Sell
2024-07-30,GREK,4.005056874235857e-05,Buy
2024-07-30,JNJ,-0.035277320373645,Sell
2024-07-30,STI,-0.03374366705741342,Sell
2024-07-30,KMB,-0.03357127979856438,Sell
2024-07-30,BDX,-0.0007573926877592133,Sell
2024-07-30,MU,0.001511770193908489,Buy
2024-07-30,WFC,-0.03491599086369377,Sell
2024-07-30,EOG,-0.00045752579405572424,Sell
2024-07-30,EWI,-0.0003102780578007752,Sell
2024-07-30,SIRI,-0.03418190363756094,Sell
2024-07-30,ANF,0.034482758620689655,Buy
2024-07-30,ORCL,0.034482758620689655,Buy
2024-07-30,DLTR,-0.03520302213870087,Sell
2024-07-30,TSM,0.034482758620689655,Buy
2024-07-30,MS,-0.0351046743693906,Sell
2024-07-30,ALK,0.034482758620689655,Buy
2024-07-30,KGC,0.034482758620689655,Buy
2024-07-30,ULTA,-0.03475862557235143,Sell
2024-07-30,EW,-0.00013446136780483758,Sell
2024-07-30,NTAP,0.00048243542564040814,Buy
2024-07-30,NWSA,0.034482758620689655,Buy
2024-07-30,PCG,-0.00028369308167738166,Sell
2024-07-30,NTES,-0.0003675771627501545,Sell
2024-07-30,CME,0.0001109375095950868,Buy
2024-07-30,CP,0.034482758620689655,Buy
2024-07-30,CLX,-0.034112272658463845,Sell
2024-07-30,BSX,0.0005266816266191673,Buy
2024-07-30,XLE,-0.03521028135608455,Sell
2024-07-30,VZ,-0.00019751744662242776,Sell
2024-07-30,CAT,9.392745828325222e-05,Buy
2024-07-30,MRK,0.034482758620689655,Buy
2024-07-31,PPG,0.034482758620689655,Buy
2024-07-31,VWO,-0.034773224350545605,Sell
2024-07-31,HP,-0.0005407779827955525,Sell
2024-07-31,XLP,0.00043027544608580104,Buy
2024-07-31,DAL,0.0005347541438724054,Buy
2024-07-31,HYG,-0.034235783687258776,Sell
2024-07-31,BUD,0.0004148422885458733,Buy
2024-07-31,SPWR,-0.0006887568434553251,Sell
2024-07-31,RRC,0.0005429143366859623,Buy
2024-07-31,GREK,-0.0347696007096957,Sell
2024-07-31,JNJ,0.034482758620689655,Buy
2024-07-31,STI,0.034482758620689655,Buy
2024-07-31,KMB,0.034482758620689655,Buy
2024-07-31,VTR,0.034482758620689655,Buy
2024-07-31,BDX,0.00046499947617383713,Buy
2024-07-31,MU,-0.03652856010849649,Sell
2024-07-31,EOG,-0.03428949635683686,Sell
2024-07-31,EWI,0.00046977072721899465,Buy
2024-07-31,ANF,-0.03445953276450352,Sell
2024-07-31,ORCL,-0.03506418941883328,Sell
2024-07-31,DLTR,0.034482758620689655,Buy
2024-07-31,CCL,0.034482758620689655,Buy
2024-07-31,TSM,-0.0365992979094171,Sell
2024-07-31,ALK,-0.03322834255684995,Sell
2024-07-31,KEY,0.034482758620689655,Buy
2024-07-31,KGC,-0.035362735650176086,Sell
2024-07-31,KO,0.034482758620689655,Buy
2024-07-31,ULTA,0.034482758620689655,Buy
2024-07-31,EW,0.0006853001673599521,Buy
2024-07-31,NTAP,-0.03534111874086197,Sell
2024-07-31,NWSA,0.00016998012365841003,Buy
2024-07-31,TRIP,0.034482758620689655,Buy
2024-07-31,PCG,0.0005179261463764198,Buy
2024-07-31,DUK,0.034482758620689655,Buy
2024-07-31,NTES,-0.03428494064148021,Sell
2024-07-31,RF,0.034482758620689655,Buy
2024-07-31,CME,0.0009727704166577963,Buy
2024-07-31,CP,-0.03481992331049522,Sell
2024-07-31,SYK,0.034482758620689655,Buy
2024-07-31,BSX,-0.03404460129439362,Sell
2024-07-31,VZ,-3.991931568725349e-05,Sell
2024-07-31,CAT,-7.820233250441233e-05,Sell
2024-07-31,MRK,0.00099655017035475,Buy
2024-08-01,PPG,-0.03463208058662316,Sell
2024-08-01,VWO,0.034482758620689655,Buy
2024-08-01,HP,0.0011901960025018435,Buy
2024-08-01,XLP,-0.035257816902570085,Sell
2024-08-01,DAL,0.0007823657576462792,Buy
2024-08-01,BUD,-0.03596807679119747,Sell
2024-08-01,SPWR,0.002437381191089147,Buy
2024-08-01,RRC,-0.03472217287468255,Sell
2024-08-01,GREK,0.034482758620689655,Buy
2024-08-01,JNJ,-0.03557874106767575,Sell
2024-08-01,STI,-0.00087489487276389,Sell
2024-08-01,KMB,-0.03582197862140643,Sell
2024-08-01,VTR,-0.035486585248131655,Sell
2024-08-01,EWC,0.034482758620689655,Buy
2024-08-01,BBT,0.034482758620689655,Buy
2024-08-01,BDX,0.0002798908090109603,Buy
2024-08-01,EOG,0.034482758620689655,Buy
2024-08-01,EWI,0.0005733242185601978,Buy
2024-08-01,HTZ,0.034482758620689655,Buy
2024-08-01,DLTR,0.001084848440252556,Buy
2024-08-01,CCL,0.0014352720372055594,Buy
2024-08-01,MS,0.034482758620689655,Buy
2024-08-01,XRT,0.034482758620689655,Buy
2024-08-01,KEY,0.0015189395785062676,Buy
2024-08-01,KO,-0.03557331654008087,Sell
2024-08-01,ULTA,0.0009784053462881179,Buy
2024-08-01,PVH,0.034482758620689655,Buy
2024-08-01,EW,-0.03427536114621078,Sell
2024-08-01,NTAP,0.034482758620689655,Buy
2024-08-01,NWSA,6.737685182884451e-05,Buy
2024-08-01,TRIP,-0.03338910889884627,Sell
2024-08-01,BX,0.034482758620689655,Buy
2024-08-01,PCG,-0.03529841993037499,Sell
2024-08-01,DUK,-0.03599934842055219,Sell
2024-08-01,RF,0.0008442355825443448,Buy
2024-08-01,CME,-0.0009208535099118828,Sell
2024-08-01,CP,0.034482758620689655,Buy
2024-08-01,SYK,-0.0010622021217877448,Sell
2024-08-01,COF,0.034482758620689655,Buy
2024-08-01,VZ,-0.03521922626094597,Sell
2024-08-01,CAT,0.0010293873393231595,Buy
2024-08-01,MRK,-0.0006650333069527017,Sell
2024-08-02,AMTD,0.034482758620689655,Buy
2024-08-02,VWO,-0.03496550918688567,Sell
2024-08-02,HP,0.0010904090740660732,Buy
2024-08-02,DAL,-0.03392449458366371,Sell
2024-08-02,HYG,0.034482758620689655,Buy
2024-08-02,SPWR,-0.0002846748290252152,Sell
2024-08-02,ICE,0.034482758620689655,Buy
2024-08-02,GREK,-0.0004451306821404849,Sell
2024-08-02,STI,0.0005734221404257445,Buy
2024-08-02,EWC,-7.45180352374683e-05,Sell
2024-08-02,BBT,0.00023138333060773036,Buy
2024-08-02,BDX,-0.03622453975009279,Sell
2024-08-02,EOG,-0.0008095798118192277,Sell
2024-08-02,QQQ,0.034482758620689655,Buy
2024-08-02,EWI,-0.000687639919712546,Sell
2024-08-02,ANF,0.034482758620689655,Buy
2024-08-02,HTZ,-0.03469058241661039,Sell
2024-08-02,ORCL,0.034482758620689655,Buy
2024-08-02,DLTR,-0.0007861729916366217,Sell
2024-08-02,CCL,-0.033193780864577783,Sell
2024-08-02,MS,0.0011887377261595444,Buy
2024-08-02,XRT,0.00028978655501202266,Buy
2024-08-02,KEY,0.0009241154995315581,Buy
2024-08-02,KGC,0.034482758620689655,Buy
2024-08-02,WMB,0.034482758620689655,Buy
2024-08-02,ULTA,3.885830028168419e-05,Buy
2024-08-02,PVH,0.0006627660798712784,Buy
2024-08-02,RL,0.034482758620689655,Buy
2024-08-02,NTAP,0.00013415761921622277,Buy
2024-08-02,NWSA,0.00026769656291231875,Buy
2024-08-02,BX,0.00016249903530425602,Buy
2024-08-02,RF,0.00021892003288630224,Buy
2024-08-02,CME,-0.035980690799524616,Sell
2024-08-02,CP,-0.00017803236178522142,Sell
2024-08-02,SYK,-0.03517608293127213,Sell
2024-08-02,COF,0.001044588755635019,Buy
2024-08-02,CAT,-0.03421137606740552,Sell
2024-08-02,MRK,-0.03577544528473547,Sell
2024-08-05,MET,0.034482758620689655,Buy
2024-08-05,PPG,0.034482758620689655,Buy
2024-08-05,AMTD,-0.0346611749183587,Sell
2024-08-05,A,0.034482758620689655,Buy
2024-08-05,HP,-0.03344337846107,Sell
2024-08-05,NVDA,0.034482758620689655,Buy
2024-08-05,HYG,-0.0006869681660414198,Sell
2024-08-05,SPWR,-0.0009055760361037848,Sell
2024-08-05,ICE,-0.03513563702924362,Sell
2024-08-05,GREK,-0.033333638363397096,Sell
2024-08-05,STI,-0.03450583251207062,Sell
2024-08-05,NDAQ,0.034482758620689655,Buy
2024-08-05,EWC,-0.034741456288774814,Sell
2024-08-05,BBT,0.00029449413467066976,Buy
2024-08-05,WFC,0.034482758620689655,Buy
2024-08-05,EOG,-0.03544591512525234,Sell
2024-08-05,QQQ,0.00014956963273308338,Buy
2024-08-05,EWI,-0.00012618941670361483,Sell
2024-08-05,ANF,-0.001518583529487763,Sell
2024-08-05,ORCL,0.0005335410182992079,Buy
2024-08-05,DLTR,-0.034311005086547955,Sell
2024-08-05,MS,0.0004900241664389723,Buy
2024-08-05,XRT,-0.03457623550767786,Sell
2024-08-05,KEY,-0.03458016356963686,Sell
2024-08-05,KGC,0.0005099586032693351,Buy
2024-08-05,GOLD,0.034482758620689655,Buy
2024-08-05,WMB,-0.00010053302424722216,Sell
2024-08-05,ULTA,-0.03396350192546225,Sell
2024-08-05,PVH,-3.206690052452721e-05,Sell
2024-08-05,RL,8.460337043837696e-05,Buy
2024-08-05,NTAP,0.00011698164131233174,Buy
2024-08-05,WSM,0.034482758620689655,Buy
2024-08-05,NWSA,0.00029197832011337854,Buy
2024-08-05,BX,3.599782605989699e-05,Buy
2024-08-05,LOW,0.034482758620689655,Buy
2024-08-05,RF,-0.00010900250738241773,Sell
2024-08-05,CME,0.034482758620689655,Buy
2024-08-05,CP,-0.03460253235550588,Sell
2024-08-05,BSX,0.034482758620689655,Buy
2024-08-05,COF,0.00031632716622721074,Buy
2024-08-05,ZUMZ,0.034482758620689655,Buy
2024-08-06,MET,3.411986733607014e-05,Buy
2024-08-06,MNST,0.034482758620689655,Buy
2024-08-06,PPG,0.0007227594215070757,Buy
2024-08-06,VWO,0.034482758620689655,Buy
2024-08-06,A,-0.03424563755818405,Sell
2024-08-06,HP,0.034482758620689655,Buy
2024-08-06,NVDA,-0.03513424972152399,Sell
2024-08-06,HYG,-0.03398071093038481,Sell
2024-08-06,SPWR,-0.0027561704409139326,Sell
2024-08-06,GREK,0.034482758620689655,Buy
2024-08-06,JNJ,0.034482758620689655,Buy
2024-08-06,NDAQ,-0.03479453135008773,Sell
2024-08-06,TRV,0.034482758620689655,Buy
2024-08-06,BBT,0.0006426940338986747,Buy
2024-08-06,BDX,0.034482758620689655,Buy
2024-08-06,WFC,0.0004732983982999872,Buy
2024-08-06,EOG,0.034482758620689655,Buy
2024-08-06,QQQ,-0.03417704732204948,Sell
2024-08-06,EWI,0.0007449967462218945,Buy
2024-08-06,ANF,-0.03476730605234057,Sell
2024-08-06,ORCL,0.0005365122718426277,Buy
2024-08-06,MS,0.0002982536302720759,Buy
2024-08-06,XRT,0.034482758620689655,Buy
2024-08-06,KGC,-0.034619308134594275,Sell
2024-08-06,GOLD,-0.034098817112856644,Sell
2024-08-06,WMB,-0.03515879025490468,Sell
2024-08-06,PVH,-0.034662744025440596,Sell
2024-08-06,RL,-0.034944592753304735,Sell
2024-08-06,NTAP,0.00019873755483132416,Buy
2024-08-06,WSM,-0.0005471344469371378,Sell
2024-08-06,NWSA,-0.03471956329673369,Sell
2024-08-06,BX,0.0004200687974640141,Buy
2024-08-06,LOW,-0.03437203779971984,Sell
2024-08-06,PCG,0.034482758620689655,Buy
2024-08-06,NTES,0.034482758620689655,Buy
2024-08-06,RF,0.00016476252372397276,Buy
2024-08-06,HMC,0.034482758620689655,Buy
2024-08-06,CME,-0.034739307856559404,Sell
2024-08-06,BSX,-0.03422477474085307,Sell
2024-08-06,COF,4.443363843167902e-05,Buy
2024-08-06,ZUMZ,-0.03426659838767077,Sell
2024-08-06,MT,0.034482758620689655,Buy
2024-08-06,VZ,0.034482758620689655,Buy
2024-08-06,CAT,0.034482758620689655,Buy
2024-08-06,MRK,0.034482758620689655,Buy
2024-08-07,MET,-2.1132513782072537e-05,Sell
2024-08-07,MNST,0.00022717331847597194,Buy
2024-08-07,PPG,0.000258178552376892,Buy
2024-08-07,AMTD,0.034482758620689655,Buy
2024-08-07,VWO,-0.03470799667915093,Sell
2024-08-07,A,0.034482758620689655,Buy
2024-08-07,HP,-0.00010847384204476507,Sell
2024-08-07,DAL,0.034482758620689655,Buy
2024-08-07,SPWR,-0.037830308114820306,Sell
2024-08-07,CAG,0.034482758620689655,Buy
2024-08-07,GREK,-0.0001887958467722342,Sell
2024-08-07,JNJ,-0.03442345916221334,Sell
2024-08-07,TRV,-0.03461884867969351,Sell
2024-08-07,DPZ,0.034482758620689655,Buy
2024-08-07,BBT,-0.03431494615548952,Sell
2024-08-07,BDX,0.00046673577815051215,Buy
2024-08-07,WFC,-0.03439258622575355,Sell
2024-08-07,EOG,-0.034678041178296946,Sell
2024-08-07,EWI,-0.03463564667872379,Sell
2024-08-07,ANF,0.034482758620689655,Buy
2024-08-07,ORCL,0.0006646330289232227,Buy
2024-08-07,MS,0.0003627074798167179,Buy
2024-08-07,XRT,0.0007055854149784074,Buy
2024-08-07,KEY,0.034482758620689655,Buy
2024-08-07,KGC,0.034482758620689655,Buy
2024-08-07,PVH,0.034482758620689655,Buy
2024-08-07,RL,0.034482758620689655,Buy
2024-08-07,NTAP,0.0002941548012410644,Buy
2024-08-07,WSM,-0.034121649060914326,Sell
2024-08-07,NWSA,0.034482758620689655,Buy
2024-08-07,BX,0.0007629764225897812,Buy
2024-08-07,LOW,0.034482758620689655,Buy
2024-08-07,PCG,-0.03488337033221571,Sell
2024-08-07,NTES,-0.03485585011061634,Sell
2024-08-07,RF,0.00037702824673355173,Buy
2024-08-07,HMC,-0.034496797225613524,Sell
2024-08-07,SYK,0.034482758620689655,Buy
2024-08-07,BSX,0.034482758620689655,Buy
2024-08-07,COF,0.00040477538308163197,Buy
2024-08-07,MT,-0.034567243633954164,Sell
2024-08-07,VZ,2.702881958152603e-05,Buy
2024-08-07,CAT,0.00011165973153297315,Buy
2024-08-07,MRK,-0.03485380988204744,Sell
2024-08-08,MET,0.00018573402996713284,Buy
2024-08-08,MNST,0.0043359462729610915,Buy
2024-08-08,PPG,0.0003784674446793701,Buy
2024-08-08,AMTD,-0.03372269563022267,Sell
2024-08-08,A,-6.863373887345398e-05,Sell
2024-08-08,HP,-0.03456069303439134,Sell
2024-08-08,NVDA,0.034482758620689655,Buy
2024-08-08,DAL,-0.035920708907960425,Sell
2024-08-08,AA,0.034482758620689655,Buy
2024-08-08,BUD,0.034482758620689655,Buy
2024-08-08,CAG,-0.034434963554680495,Sell
2024-08-08,GREK,-0.034281889353966706,Sell
2024-08-08,KMB,0.034482758620689655,Buy
2024-08-08,TRV,0.034482758620689655,Buy
2024-08-08,DPZ,-0.00015594141709960457,Sell
2024-08-08,BDX,0.00038123796113009173,Buy
2024-08-08,EWI,0.034482758620689655,Buy
2024-08-08,ANF,-0.03629303508248991,Sell
2024-08-08,ORCL,-0.034666582433665896,Sell
2024-08-08,DLTR,0.034482758620689655,Buy
2024-08-08,CCL,0.034482758620689655,Buy
2024-08-08,MS,-0.03476992216023076,Sell
2024-08-08,MAR,0.034482758620689655,Buy
2024-08-08,XRT,-0.03475766754077602,Sell
2024-08-08,KEY,-0.03470322410064745,Sell
2024-08-08,KGC,-0.0006533268526220659,Sell
2024-08-08,D,0.034482758620689655,Buy
2024-08-08,PVH,-0.03519761646720564,Sell
2024-08-08,RL,0.00016525492583650825,Buy
2024-08-08,NTAP,-0.03471463331502273,Sell
2024-08-08,WSM,0.034482758620689655,Buy
2024-08-08,NWSA,-0.034805773190578815,Sell
2024-08-08,BX,-0.03465568073790839,Sell
2024-08-08,LOW,-0.034536694451692405,Sell
2024-08-08,PCG,0.034482758620689655,Buy
2024-08-08,DUK,0.034482758620689655,Buy
2024-08-08,RF,-0.0344055875972693,Sell
2024-08-08,HMC,0.034482758620689655,Buy
2024-08-08,CME,0.034482758620689655,Buy
2024-08-08,CLX,0.034482758620689655,Buy
2024-08-08,SYK,-0.03452066243264646,Sell
2024-08-08,CSIQ,0.034482758620689655,Buy
2024-08-08,BSX,-0.03465592787896102,Sell
2024-08-08,COF,0.00010662823599581761,Buy
2024-08-08,MT,0.034482758620689655,Buy
2024-08-08,VZ,0.00043710840801398226,Buy
2024-08-08,CAT,-0.03492019546556335,Sell
2024-08-08,MRK,0.034482758620689655,Buy
2024-08-09,MET,-0.03462385496026386,Sell
2024-08-09,MNST,-0.0007063023082007416,Sell
2024-08-09,PPG,9.299697873482032e-05,Buy
2024-08-09,A,6.067637447279561e-05,Buy
2024-08-09,HOG,0.034482758620689655,Buy
2024-08-09,NVDA,0.00016795304959966312,Buy
2024-08-09,WEN,0.034482758620689655,Buy
2024-08-09,AA,-0.03430829166073781,Sell
2024-08-09,BUD,0.0002426173855522365,Buy
2024-08-09,CAG,0.034482758620689655,Buy
2024-08-09,GREK,0.034482758620689655,Buy
2024-08-09,KMB,0.0003222900317574537,Buy
2024-08-09,TRV,-3.407567864963795e-05,Sell
2024-08-09,DPZ,3.3799527470138035e-05,Buy
2024-08-09,BBT,0.034482758620689655,Buy
2024-08-09,BDX,-0.00012564284498876865,Sell
2024-08-09,EWI,-0.03448385002026371,Sell
2024-08-09,DLTR,5.241316113730604e-05,Buy
2024-08-09,CCL,-0.03505135889671101,Sell
2024-08-09,MAR,-0.0002498963879862398,Sell
2024-08-09,XRT,0.034482758620689655,Buy
2024-08-09,KGC,-0.034590823998647796,Sell
2024-08-09,GOLD,0.034482758620689655,Buy
2024-08-09,TRP,0.034482758620689655,Buy
2024-08-09,D,-0.03456455314488776,Sell
2024-08-09,RL,-1.901209304962931e-05,Sell
2024-08-09,WSM,-0.00025895004653933573,Sell
2024-08-09,TRIP,0.034482758620689655,Buy
2024-08-09,PCG,-0.03453869520848465,Sell
2024-08-09,DUK,-0.03446028311091934,Sell
2024-08-09,RF,0.034482758620689655,Buy
2024-08-09,HMC,-0.0344452763166782,Sell
2024-08-09,CME,-0.00015722694282213623,Sell
2024-08-09,CP,0.034482758620689655,Buy
2024-08-09,CLX,0.00040561674207025694,Buy
2024-08-09,PRGO,0.034482758620689655,Buy
2024-08-09,SYK,0.034482758620689655,Buy
2024-08-09,CSIQ,-0.033472200575014106,Sell
2024-08-09,COF,-0.034499480356587474,Sell
2024-08-09,MT,-0.03471782244786739,Sell
2024-08-09,VZ,-9.930800378186305e-05,Sell
2024-08-09,MRK,-0.0345770421523085,Sell
2024-08-12,MET,0.034482758620689655,Buy
2024-08-12,MNST,-4.0093712789873726e-05,Sell
2024-08-12,PPG,-0.00012122405516089285,Sell
2024-08-12,A,0.00016105468152614183,Buy
2024-08-12,HOG,-0.03411253322087662,Sell
2024-08-12,XLP,0.034482758620689655,Buy
2024-08-12,NVDA,-0.03606324132587525,Sell
2024-08-12,WEN,0.0006213751569746837,Buy
2024-08-12,DAL,0.034482758620689655,Buy
2024-08-12,BUD,0.0001461378131356328,Buy
2024-08-12,CAG,0.00019978169756198344,Buy
2024-08-12,GREK,-0.03506172381482067,Sell
2024-08-12,KMB,0.00033084046076359286,Buy
2024-08-12,TRV,-0.034202276954772425,Sell
2024-08-12,DPZ,-0.000681735657859471,Sell
2024-08-12,EWC,0.034482758620689655,Buy
2024-08-12,BBT,0.0003794204325301351,Buy
2024-08-12,BDX,9.200163627925972e-05,Buy
2024-08-12,EBAY,0.034482758620689655,Buy
2024-08-12,QQQ,0.034482758620689655,Buy
2024-08-12,EWI,0.034482758620689655,Buy
2024-08-12,DLTR,0.0002512507828125038,Buy
2024-08-12,MAR,-0.034127735989033646,Sell
2024-08-12,XRT,0.00014363563003738644,Buy
2024-08-12,GOLD,-0.03551239552666472,Sell
2024-08-12,TRP,-0.03480279147548139,Sell
2024-08-12,KO,0.034482758620689655,Buy
2024-08-12,RL,0.000500841248428599,Buy
2024-08-12,WSM,-0.03411989119364387,Sell
2024-08-12,NWSA,0.034482758620689655,Buy
2024-08-12,TRIP,-0.03500849358092631,Sell
2024-08-12,RF,-0.03468417922478984,Sell
2024-08-12,HMC,0.034482758620689655,Buy
2024-08-12,CME,-0.0346390023616441,Sell
2024-08-12,CP,9.039530494640846e-05,Buy
2024-08-12,CLX,0.00013241948459319364,Buy
2024-08-12,PRGO,0.0004627298112430747,Buy
2024-08-12,SYK,0.00010999649382236604,Buy
2024-08-12,COF,0.034482758620689655,Buy
2024-08-12,VZ,1.908742435319244e-05,Buy
2024-08-13,MET,-0.034411623407110785,Sell
2024-08-13,MNST,-0.00010895823868047744,Sell
2024-08-13,PPG,-0.03438589534242106,Sell
2024-08-13,AMTD,0.034482758620689655,Buy
2024-08-13,VWO,0.034482758620689655,Buy
2024-08-13,A,-0.0345961199628253,Sell
2024-08-13,XLP,-0.03429398950604993,Sell
2024-08-13,WEN,-0.034872521690397985,Sell
2024-08-13,DAL,-0.03452248152544378,Sell
2024-08-13,BUD,0.00016879950282912976,Buy
2024-08-13,SPWR,0.034482758620689655,Buy
2024-08-13,RRC,0.034482758620689655,Buy
2024-08-13,CAG,-0.03474447141606438,Sell
2024-08-13,JNJ,0.034482758620689655,Buy
2024-08-13,KMB,0.0003102630244230381,Buy
2024-08-13,DPZ,0.0006210574208185549,Buy
2024-08-13,EWC,-0.03461532211885874,Sell
2024-08-13,BBT,-0.034740690757864866,Sell
2024-08-13,BDX,3.134815699689514e-05,Buy
2024-08-13,EBAY,0.0004121115235289907,Buy
2024-08-13,EOG,0.034482758620689655,Buy
2024-08-13,QQQ,-0.0005022248903850876,Sell
2024-08-13,EWI,-0.034549465643415336,Sell
2024-08-13,ORCL,0.034482758620689655,Buy
2024-08-13,DLTR,0.000871984257174413,Buy
2024-08-13,XRT,-0.034724662392599616,Sell
2024-08-13,WMB,0.034482758620689655,Buy
2024-08-13,KO,-0.03428315535766508,Sell
2024-08-13,RL,-0.00037858922763605446,Sell
2024-08-13,WSM,0.034482758620689655,Buy
2024-08-13,NWSA,-0.00019664359396014824,Sell
2024-08-13,NTES,0.034482758620689655,Buy
2024-08-13,HMC,-0.0003661371039196254,Sell
2024-08-13,CME,0.034482758620689655,Buy
2024-08-13,CP,0.0001856391161752513,Buy
2024-08-13,CLX,-0.03458094059521427,Sell
2024-08-13,PRGO,-0.03461583900850367,Sell
2024-08-13,OHI,0.034482758620689655,Buy
2024-08-13,SYK,-5.302924552472166e-05,Sell
2024-08-13,CSIQ,0.034482758620689655,Buy
2024-08-13,BSX,0.034482758620689655,Buy
2024-08-13,XLE,0.034482758620689655,Buy
2024-08-13,COF,-0.03462368925750206,Sell
2024-08-13,VZ,0.00013425112492872204,Buy
2024-08-14,MNST,0.00010586716455768946,Buy
2024-08-14,AMTD,0.0017631103440335152,Buy
2024-08-14,VWO,0.000132210674769713,Buy
2024-08-14,A,0.034482758620689655,Buy
2024-08-14,NVDA,0.034482758620689655,Buy
2024-08-14,DAL,0.034482758620689655,Buy
2024-08-14,BUD,-5.882423686181387e-05,Sell
2024-08-14,SPWR,-0.0005195541553729907,Sell
2024-08-14,RRC,-0.03463955020055029,Sell
2024-08-14,JNJ,-0.00010706752903499872,Sell
2024-08-14,KMB,-0.0006817410641547575,Sell
2024-08-14,DPZ,-0.00016106415372102445,Sell
2024-08-14,VTR,0.034482758620689655,Buy
2024-08-14,BDX,0.00023445241595385774,Buy
2024-08-14,EBAY,-0.00012466564994605134,Sell
2024-08-14,EOG,-0.0001366751647271236,Sell
2024-08-14,QQQ,-9.864064118875887e-05,Sell
2024-08-14,ANF,0.034482758620689655,Buy
2024-08-14,ORCL,-0.034915216658895264,Sell
2024-08-14,DLTR,-5.751470849391094e-05,Sell
2024-08-14,TSM,0.034482758620689655,Buy
2024-08-14,XRT,0.034482758620689655,Buy
2024-08-14,WMB,-0.03478665101550708,Sell
2024-08-14,PVH,0.034482758620689655,Buy
2024-08-14,RL,-0.033746379572897056,Sell
2024-08-14,WSM,0.0008868532091665868,Buy
2024-08-14,NWSA,0.00018873572677544775,Buy
2024-08-14,TRIP,0.034482758620689655,Buy
2024-08-14,NTES,0.0005964835121200357,Buy
2024-08-14,HMC,-0.035379523371444795,Sell
2024-08-14,CME,-0.00013406305640098481,Sell
2024-08-14,CP,-0.03477967727181241,Sell
2024-08-14,OHI,-0.034836747534209955,Sell
2024-08-14,SYK,-0.0004751686337598829,Sell
2024-08-14,CSIQ,-0.03359804794211354,Sell
2024-08-14,BSX,-0.00031510234737597287,Sell
2024-08-14,XLE,-0.03477221154549663,Sell
2024-08-14,VZ,-0.00018914929283733728,Sell
2024-08-15,MNST,-0.0344713786798125,Sell
2024-08-15,AMTD,6.109547990026942e-05,Buy
2024-08-15,VWO,0.00018975096734116792,Buy
2024-08-15,A,-0.03488374360919142,Sell
2024-08-15,NVDA,-0.000811589574992333,Sell
2024-08-15,DAL,-0.035227536986013844,Sell
2024-08-15,AA,0.034482758620689655,Buy
2024-08-15,BUD,0.0004267436356858237,Buy
2024-08-15,SPWR,0.0007709620145866236,Buy
2024-08-15,CAG,0.034482758620689655,Buy
2024-08-15,JNJ,-0.03405175216615952,Sell
2024-08-15,KMB,0.00033032660927929947,Buy
2024-08-15,TRV,0.034482758620689655,Buy
2024-08-15,DPZ,0.00038209010794769405,Buy
2024-08-15,VTR,0.0008398036429805855,Buy
2024-08-15,BDX,0.0005702629377188628,Buy
2024-08-15,EBAY,0.0005189904461365899,Buy
2024-08-15,EOG,0.00013803032915608165,Buy
2024-08-15,QQQ,-0.0002953826545867705,Sell
2024-08-15,ANF,-0.03590886008149403,Sell
2024-08-15,ORCL,0.034482758620689655,Buy
2024-08-15,DLTR,-0.03569124277831347,Sell
2024-08-15,TSM,-0.0002347262032552852,Sell
2024-08-15,XRT,-0.03535382683964486,Sell
2024-08-15,KGC,0.034482758620689655,Buy
2024-08-15,PVH,-0.03524417816015786,Sell
2024-08-15,WSM,-2.8161513166695407e-05,Sell
2024-08-15,NWSA,0.0002387499466012452,Buy
2024-08-15,TRIP,-0.03511928459004194,Sell
2024-08-15,DUK,0.034482758620689655,Buy
2024-08-15,NTES,-0.03483787301991501,Sell
2024-08-15,HMC,0.034482758620689655,Buy
2024-08-15,CME,0.000979367892351278,Buy
2024-08-15,OHI,0.034482758620689655,Buy
2024-08-15,SYK,0.00040964548275934654,Buy
2024-08-15,BSX,4.667160663127806e-05,Buy
2024-08-15,MT,0.034482758620689655,Buy
2024-08-15,VZ,0.0012748280625716063,Buy
2024-08-15,MRK,0.034482758620689655,Buy
2024-08-16,MNST,0.034482758620689655,Buy
2024-08-16,AMTD,0.001153816589105995,Buy
2024-08-16,VWO,-0.03474163756250623,Sell
2024-08-16,NVDA,-0.0003829674643772707,Sell
2024-08-16,AA,6.626064555016742e-05,Buy
2024-08-16,BUD,8.138218657373353e-05,Buy
2024-08-16,SPWR,-0.00011516675859579717,Sell
2024-08-16,CAG,-0.03466927709127611,Sell
2024-08-16,KMB,-6.651147907053845e-05,Sell
2024-08-16,TRV,7.615215427481115e-05,Buy
2024-08-16,DPZ,0.00022755615393782458,Buy
2024-08-16,VTR,-0.03460947773612281,Sell
2024-08-16,EWC,0.034482758620689655,Buy
2024-08-16,BDX,-0.00024100437282900677,Sell
2024-08-16,EBAY,0.00030163641555815135,Buy
2024-08-16,EOG,0.00011450029391633226,Buy
2024-08-16,QQQ,5.4193688470795254e-05,Buy
2024-08-16,EWI,0.034482758620689655,Buy
2024-08-16,ORCL,-3.7203257302678705e-05,Sell
2024-08-16,TSM,-1.6228424186970347e-05,Sell
2024-08-16,ALK,0.034482758620689655,Buy
2024-08-16,MAR,0.034482758620689655,Buy
2024-08-16,KGC,-0.03538771862116043,Sell
2024-08-16,WSM,0.0008737090849635504,Buy
2024-08-16,NWSA,0.00032280821850846214,Buy
2024-08-16,DUK,-0.034456461357047954,Sell
2024-08-16,NTES,0.034482758620689655,Buy
2024-08-16,HMC,4.4114499461053724e-05,Buy
2024-08-16,CME,-0.03481815664997985,Sell
2024-08-16,OHI,0.00023565279688678165,Buy
2024-08-16,SYK,-0.00028436540845777625,Sell
2024-08-16,BSX,-0.034681309115550646,Sell
2024-08-16,MT,-0.0001972126268519267,Sell
2024-08-16,VZ,-0.0003910905159916281,Sell
2024-08-16,CAT,0.034482758620689655,Buy
2024-08-16,MRK,-1.0843387931953885e-05,Sell
2024-08-19,MNST,-0.03382377767920795,Sell
2024-08-19,AMTD,-0.034490819221250676,Sell
2024-08-19,A,0.034482758620689655,Buy
2024-08-19,CF,0.034482758620689655,Buy
2024-08-19,NVDA,-0.0009185997410269472,Sell
2024-08-19,WEN,0.034482758620689655,Buy
2024-08-19,AA,-0.03591107014914646,Sell
2024-08-19,BUD,0.00042870847611346796,Buy
2024-08-19,SPWR,-0.03832313387807895,Sell
2024-08-19,GREK,0.034482758620689655,Buy
2024-08-19,QCOM,0.034482758620689655,Buy
2024-08-19,KMB,0.0003192214687568473,Buy
2024-08-19,TRV,0.00018454152902595833,Buy
2024-08-19,DPZ,0.0013286904717297807,Buy
2024-08-19,EWC,0.0003154703588915189,Buy
2024-08-19,BDX,0.0006190896897530079,Buy
2024-08-19,EBAY,-0.03464669239936278,Sell
2024-08-19,EOG,0.0005096743268726833,Buy
2024-08-19,QQQ,0.00011171892028840474,Buy
2024-08-19,EWI,0.00017443153848428067,Buy
2024-08-19,ORCL,0.0004463142933012823,Buy
2024-08-19,TSM,0.0003804805653495752,Buy
2024-08-19,ALK,-0.03410097390686749,Sell
2024-08-19,MAR,-0.00014864621939067457,Sell
2024-08-19,KGC,0.034482758620689655,Buy
2024-08-19,RL,0.034482758620689655,Buy
2024-08-19,HUM,0.034482758620689655,Buy
2024-08-19,NTAP,0.034482758620689655,Buy
2024-08-19,WSM,-0.034545575620218635,Sell
2024-08-19,NWSA,3.733699408922653e-05,Buy
2024-08-19,NTES,-0.03492153855520831,Sell
2024-08-19,HMC,-0.0002447855975410765,Sell
2024-08-19,OHI,-0.03417011905497928,Sell
2024-08-19,SYK,0.00023908108575472486,Buy
2024-08-19,BSX,0.034482758620689655,Buy
2024-08-19,MT,-0.03502123684774394,Sell
2024-08-19,VZ,0.00044876382917908436,Buy
2024-08-19,CAT,0.00044180725903724544,Buy
2024-08-19,MRK,0.0003335226066218458,Buy
2024-08-20,PPG,0.034482758620689655,Buy
2024-08-20,VWO,0.034482758620689655,Buy
2024-08-20,A,1.3595813650423005e-05,Buy
2024-08-20,CF,0.0002874283018196519,Buy
2024-08-20,NVDA,-0.033923502759105266,Sell
2024-08-20,WEN,-0.035069686779572555,Sell
2024-08-20,BUD,1.3994074182351046e-05,Buy
2024-08-20,SPWR,0.034482758620689655,Buy
2024-08-20,GREK,6.465710280519066e-06,Buy
2024-08-20,QCOM,0.00025372672884688835,Buy
2024-08-20,KMB,-0.00036229621691610814,Sell
2024-08-20,TRV,0.00013163034572789833,Buy
2024-08-20,DPZ,-0.03419382841139569,Sell
2024-08-20,EWC,-0.03456898920388245,Sell
2024-08-20,BDX,-3.4439354733087346e-06,Sell
2024-08-20,EOG,0.000634184760610175,Buy
2024-08-20,QQQ,-0.00010113515963471736,Sell
2024-08-20,EWI,-2.6503158759891288e-05,Sell
2024-08-20,ORCL,-0.03497072863354717,Sell
2024-08-20,TSM,0.0004997167268678895,Buy
2024-08-20,MS,0.034482758620689655,Buy
2024-08-20,MAR,0.00013706937113222573,Buy
2024-08-20,KGC,-0.0348047251368804,Sell
2024-08-20,WMB,0.034482758620689655,Buy
2024-08-20,TRP,0.034482758620689655,Buy
2024-08-20,ULTA,0.034482758620689655,Buy
2024-08-20,RL,-0.0001178287094137434,Sell
2024-08-20,HUM,-0.0005398019566278806,Sell
2024-08-20,NTAP,-9.228613712397582e-05,Sell
2024-08-20,WSM,0.034482758620689655,Buy
2024-08-20,NWSA,-0.034120952015177335,Sell
2024-08-20,NTES,0.034482758620689655,Buy
2024-08-20,HMC,-0.033973519745249085,Sell
2024-08-20,SYK,-0.00036388563330775475,Sell
2024-08-20,BSX,-8.576740639811703e-05,Sell
2024-08-20,VZ,-0.00026743282691425035,Sell
2024-08-20,CAT,-0.03452086929037113,Sell
2024-08-20,MRK,-0.0003919450432750757,Sell
2024-08-21,PPG,-0.034713240750264954,Sell
2024-08-21,VWO,0.0001509016992447751,Buy
2024-08-21,A,-0.034230188903456624,Sell
2024-08-21,CF,-0.034201376833252674,Sell
2024-08-21,NVDA,0.034482758620689655,Buy
2024-08-21,BUD,-0.034385953245547426,Sell
2024-08-21,SPWR,-0.03513137598017558,Sell
2024-08-21,GREK,-0.034723961776959945,Sell
2024-08-21,QCOM,-0.00010767018320925748,Sell
2024-08-21,KMB,0.00023071559664072927,Buy
2024-08-21,TRV,-0.03415575239748774,Sell
2024-08-21,BDX,0.0002952462390460736,Buy
2024-08-21,EOG,0.00038491588286242856,Buy
2024-08-21,QQQ,0.00015187996702250434,Buy
2024-08-21,EWI,-0.03458188332514385,Sell
2024-08-21,ORCL,0.034482758620689655,Buy
2024-08-21,DLTR,0.034482758620689655,Buy
2024-08-21,TSM,0.0004304306063174501,Buy
2024-08-21,MS,0.00034177341715931064,Buy
2024-08-21,MAR,9.991578344149127e-05,Buy
2024-08-21,KEY,0.034482758620689655,Buy
2024-08-21,KGC,0.034482758620689655,Buy
2024-08-21,WMB,-0.03431029505152019,Sell
2024-08-21,TRP,0.0005724039553914109,Buy
2024-08-21,ULTA,-0.0007878254152783246,Sell
2024-08-21,RL,-0.00038553601692094264,Sell
2024-08-21,HUM,0.00015905780926352836,Buy
2024-08-21,NTAP,-0.00021409539107520442,Sell
2024-08-21,WSM,-0.035715826217917954,Sell
2024-08-21,NWSA,0.034482758620689655,Buy
2024-08-21,TRIP,0.034482758620689655,Buy
2024-08-21,NTES,-0.035069152284762824,Sell
2024-08-21,CP,0.034482758620689655,Buy
2024-08-21,SYK,7.310626680877286e-05,Buy
2024-08-21,BSX,0.0001675726785405965,Buy
2024-08-21,XLE,0.034482758620689655,Buy
2024-08-21,COF,0.034482758620689655,Buy
2024-08-21,ENB,0.034482758620689655,Buy
2024-08-21,VZ,0.00014395013751941632,Buy
2024-08-21,MRK,4.7123448266267465e-05,Buy
2024-08-22,VWO,0.00015183605175825982,Buy
2024-08-22,NVDA,0.0010291888033216248,Buy
2024-08-22,WEN,0.034482758620689655,Buy
2024-08-22,HYG,0.034482758620689655,Buy
2024-08-22,SPWR,0.034482758620689655,Buy
2024-08-22,CAG,0.034482758620689655,Buy
2024-08-22,QCOM,0.0007832056306572646,Buy
2024-08-22,KMB,-0.0002625059822580489,Sell
2024-08-22,DPZ,0.034482758620689655,Buy
2024-08-22,EWC,0.034482758620689655,Buy
2024-08-22,BDX,-0.0003242617723109506,Sell
2024-08-22,MU,0.034482758620689655,Buy
2024-08-22,EOG,-0.00032440034555864666,Sell
2024-08-22,QQQ,0.00029311407830544256,Buy
2024-08-22,ANF,0.034482758620689655,Buy
2024-08-22,ORCL,0.0002676378002442262,Buy
2024-08-22,DLTR,0.00044420626865891016,Buy
2024-08-22,TSM,0.0007555017845145076,Buy
2024-08-22,MS,-0.03469559719165734,Sell
2024-08-22,MAR,-0.0001973460992767892,Sell
2024-08-22,XRT,0.034482758620689655,Buy
2024-08-22,KEY,-0.03469818373291332,Sell
2024-08-22,KGC,0.0006407633660253792,Buy
2024-08-22,TRP,-0.034984377304219466,Sell
2024-08-22,ULTA,0.0003497091934370686,Buy
2024-08-22,RL,-0.03451380373960557,Sell
2024-08-22,HUM,0.00011241140937932187,Buy
2024-08-22,NTAP,0.00020581891153989562,Buy
2024-08-22,WSM,0.034482758620689655,Buy
2024-08-22,NWSA,-0.00034526206103590446,Sell
2024-08-22,TRIP,-0.03406494315984158,Sell
2024-08-22,CP,-0.03497109359093618,Sell
2024-08-22,SYK,-0.03528370840112845,Sell
2024-08-22,BSX,-0.03507987900550691,Sell
2024-08-22,XLE,-0.00034764242990601574,Sell
2024-08-22,COF,-0.034665891381284335,Sell
2024-08-22,ENB,-0.00029333038249380883,Sell
2024-08-22,VZ,-0.00010535760408223599,Sell
2024-08-22,MRK,-0.034896143427737586,Sell
2024-08-23,AMTD,0.034482758620689655,Buy
2024-08-23,VWO,-0.034463042196319585,Sell
2024-08-23,NVDA,-0.0010366548392931677,Sell
2024-08-23,WEN,0.00018437928983621593,Buy
2024-08-23,HYG,-0.03415432786861602,Sell
2024-08-23,BUD,0.034482758620689655,Buy
2024-08-23,SPWR,-0.001199077880613228,Sell
2024-08-23,CAG,-0.034140858293711114,Sell
2024-08-23,QCOM,-0.00039553300813415654,Sell
2024-08-23,KMB,0.0007417004119402992,Buy
2024-08-23,DPZ,-0.03471234684126159,Sell
2024-08-23,EWC,-0.03461938487074389,Sell
2024-08-23,BDX,0.0003531621541409402,Buy
2024-08-23,MU,0.0009685547921668286,Buy
2024-08-23,EOG,5.328659860313195e-05,Buy
2024-08-23,QQQ,0.00014063404926423911,Buy
2024-08-23,ANF,-0.00044307266755257146,Sell
2024-08-23,HTZ,0.034482758620689655,Buy
2024-08-23,ORCL,0.00023598001454241263,Buy
2024-08-23,DLTR,0.0008420345881638355,Buy
2024-08-23,TSM,-0.00047884134975020864,Sell
2024-08-23,MAR,0.0003362887917537083,Buy
2024-08-23,XRT,-0.03480315767650434,Sell
2024-08-23,KGC,9.570369836982284e-05,Buy
2024-08-23,ULTA,0.00011059250318972563,Buy
2024-08-23,HUM,0.00068626342263782,Buy
2024-08-23,NTAP,0.00012453135673867743,Buy
2024-08-23,WSM,-0.03631927670170298,Sell
2024-08-23,NWSA,0.00014299669640064488,Buy
2024-08-23,NTES,0.034482758620689655,Buy
2024-08-23,CME,0.034482758620689655,Buy
2024-08-23,SYK,0.034482758620689655,Buy
2024-08-23,CSIQ,0.034482758620689655,Buy
2024-08-23,BSX,0.034482758620689655,Buy
2024-08-23,XLE,-0.03448102188984631,Sell
2024-08-23,ENB,-0.034513198274324974,Sell
2024-08-23,VZ,0.00022646307391826354,Buy
2024-08-23,MRK,0.034482758620689655,Buy
2024-08-26,AMTD,-0.03812763043257952,Sell
2024-08-26,VWO,0.034482758620689655,Buy
2024-08-26,NVDA,0.0008284992107784814,Buy
2024-08-26,WEN,-4.7785803014913086e-05,Sell
2024-08-26,AA,0.034482758620689655,Buy
2024-08-26,HYG,0.034482758620689655,Buy
2024-08-26,BUD,0.00027173370017480325,Buy
2024-08-26,SPWR,-0.0006784472589084073,Sell
2024-08-26,QCOM,0.000849802850407963,Buy
2024-08-26,KMB,-7.298942407676229e-05,Sell
2024-08-26,BDX,7.010012910337732e-05,Buy
2024-08-26,MU,0.0013729759584950457,Buy
2024-08-26,EOG,-0.03528600144574912,Sell
2024-08-26,QQQ,0.0003883197501609245,Buy
2024-08-26,ANF,0.001012962621847871,Buy
2024-08-26,HTZ,-0.03589373282810935,Sell
2024-08-26,ORCL,0.0001258150124702831,Buy
2024-08-26,DLTR,0.00021379678528043317,Buy
2024-08-26,TSM,0.0004983076372161513,Buy
2024-08-26,MAR,0.00014425136982119252,Buy
2024-08-26,KGC,0.00039271122220103233,Buy
2024-08-26,ULTA,0.00038776970622599743,Buy
2024-08-26,RL,0.034482758620689655,Buy
2024-08-26,HUM,4.432199243544627e-05,Buy
2024-08-26,NTAP,0.00021442532869307002,Buy
2024-08-26,WSM,0.034482758620689655,Buy
2024-08-26,NWSA,0.00020089884956710907,Buy
2024-08-26,NTES,-0.00011789596523488488,Sell
2024-08-26,CME,-0.03465815044556292,Sell
2024-08-26,SYK,-4.4344001303972536e-05,Sell
2024-08-26,CSIQ,-0.034556384755137726,Sell
2024-08-26,BSX,-7.638523796805324e-05,Sell
2024-08-26,COF,0.034482758620689655,Buy
2024-08-26,VZ,-0.034662603188112116,Sell
2024-08-26,MRK,0.00015151766410009815,Buy
2024-08-27,VWO,4.251417833994742e-05,Buy
2024-08-27,NVDA,-0.000419622062063002,Sell
2024-08-27,WEN,-0.03438153322956192,Sell
2024-08-27,AA,0.0003397480824533644,Buy
2024-08-27,HYG,5.922419573581306e-05,Buy
2024-08-27,BUD,-0.03472171498678021,Sell
2024-08-27,SPWR,8.093136512647703e-05,Buy
2024-08-27,RRC,0.034482758620689655,Buy
2024-08-27,QCOM,-0.035303014519728206,Sell
2024-08-27,KMB,0.00022413751866536685,Buy
2024-08-27,EWC,0.034482758620689655,Buy
2024-08-27,BDX,-0.034649354952103556,Sell
2024-08-27,MU,0.00044612990341134223,Buy
2024-08-27,EOG,0.034482758620689655,Buy
2024-08-27,QQQ,-2.1837879055866538e-05,Sell
2024-08-27,EWI,0.034482758620689655,Buy
2024-08-27,ANF,-0.03471646425290192,Sell
2024-08-27,HTZ,0.034482758620689655,Buy
2024-08-27,ORCL,0.00018495105324644462,Buy
2024-08-27,DLTR,0.0004906895483107049,Buy
2024-08-27,TSM,-0.034702977919187895,Sell
2024-08-27,MS,0.034482758620689655,Buy
2024-08-27,MAR,-0.0003707757281458529,Sell
2024-08-27,XRT,0.034482758620689655,Buy
2024-08-27,KGC,0.0004986202321748401,Buy
2024-08-27,GOLD,0.034482758620689655,Buy
2024-08-27,ULTA,0.000413959252631442,Buy
2024-08-27,RL,-0.03466515520430154,Sell
2024-08-27,HUM,3.70781555500202e-05,Buy
2024-08-27,NTAP,-0.03456280004691814,Sell
2024-08-27,WSM,0.00022629216631527005,Buy
2024-08-27,NWSA,0.0001300431859801235,Buy
2024-08-27,TRIP,0.034482758620689655,Buy
2024-08-27,MRVL,0.034482758620689655,Buy
2024-08-27,DUK,0.034482758620689655,Buy
2024-08-27,NTES,-0.034835555752920404,Sell
2024-08-27,SYK,-0.034810606318208454,Sell
2024-08-27,BSX,-0.034557668184454285,Sell
2024-08-27,XLE,0.034482758620689655,Buy
2024-08-27,COF,0.00011472366337789835,Buy
2024-08-27,MRK,-0.03446988539284854,Sell
2024-08-28,VWO,-0.00014012939124213863,Sell
2024-08-28,XLP,0.034482758620689655,Buy
2024-08-28,NVDA,0.0003650869184198824,Buy
2024-08-28,WEN,0.034482758620689655,Buy
2024-08-28,AA,-0.03260299914463103,Sell
2024-08-28,HYG,-0.00034799854715612116,Sell
2024-08-28,SPWR,-0.00018406139815453637,Sell
2024-08-28,RRC,-0.03470775793076282,Sell
2024-08-28,GREK,0.034482758620689655,Buy
2024-08-28,KMB,-0.00044325366795293364,Sell
2024-08-28,EWC,-0.00010647152189120768,Sell
2024-08-28,MU,-0.03378000885757274,Sell
2024-08-28,EBAY,0.034482758620689655,Buy
2024-08-28,EOG,-0.0004089356368364369,Sell
2024-08-28,QQQ,2.9876321602416434e-05,Buy
2024-08-28,EWI,-0.00030230312123928627,Sell
2024-08-28,ANF,0.034482758620689655,Buy
2024-08-28,HTZ,-0.032945682717693894,Sell
2024-08-28,ORCL,-0.0002145725918312677,Sell
2024-08-28,DLTR,-2.2192811607708862e-05,Sell
2024-08-28,MS,-0.034889286668112654,Sell
2024-08-28,MAR,-0.00031963635599235873,Sell
2024-08-28,XRT,0.00014572844792941353,Buy
2024-08-28,KGC,0.0002574311387850761,Buy
2024-08-28,GOLD,-0.03422993075052722,Sell
2024-08-28,WMB,0.034482758620689655,Buy
2024-08-28,ULTA,5.954239147301643e-05,Buy
2024-08-28,PVH,0.034482758620689655,Buy
2024-08-28,RL,0.034482758620689655,Buy
2024-08-28,HUM,-0.00026500079719044695,Sell
2024-08-28,WSM,-0.03504029249946268,Sell
2024-08-28,NWSA,-0.03497287000355766,Sell
2024-08-28,TRIP,-0.03420386518756138,Sell
2024-08-28,MRVL,-0.03421344315660984,Sell
2024-08-28,DUK,-0.03509746078726328,Sell
2024-08-28,NTES,0.034482758620689655,Buy
2024-08-28,BSX,0.034482758620689655,Buy
2024-08-28,XLE,-0.00014185576962788549,Sell
2024-08-28,COF,-0.03528153822473777,Sell
2024-08-28,ENB,0.034482758620689655,Buy
2024-08-28,CAT,0.034482758620689655,Buy
2024-08-29,VWO,-7.567340318953564e-05,Sell
2024-08-29,XLP,0.00014280850283715507,Buy
2024-08-29,NVDA,0.002174353640340382,Buy
2024-08-29,WEN,0.00021777038461255616,Buy
2024-08-29,HYG,-0.03454676471897661,Sell
2024-08-29,BUD,0.034482758620689655,Buy
2024-08-29,SPWR,-2.9184137288827683e-05,Sell
2024-08-29,CAG,0.034482758620689655,Buy
2024-08-29,GREK,-2.9184137288827683e-05,Sell
2024-08-29,STI,0.034482758620689655,Buy
2024-08-29,KMB,0.00012435126869184132,Buy
2024-08-29,EWC,-0.00018429364264933856,Sell
2024-08-29,EBAY,-0.035001725911825064,Sell
2024-08-29,EOG,-0.0003670071753604717,Sell
2024-08-29,QQQ,-0.03446142106954743,Sell
2024-08-29,EWI,-0.00015471031908494137,Sell
2024-08-29,ANF,-0.001004831776303776,Sell
2024-08-29,ORCL,-0.0004146514053591302,Sell
2024-08-29,DLTR,0.0035038502318725864,Buy
2024-08-29,MAR,-0.035126816727133865,Sell
2024-08-29,XRT,0.00014210513081854004,Buy
2024-08-29,KGC,-0.0008929707755068877,Sell
2024-08-29,WMB,-0.0349420969348117,Sell
2024-08-29,ULTA,-0.00010068612677181094,Sell
2024-08-29,PVH,0.00027445315288913974,Buy
2024-08-29,RL,-0.00027356592298605903,Sell
2024-08-29,HUM,7.559907397378107e-05,Buy
2024-08-29,NTAP,0.034482758620689655,Buy
2024-08-29,WSM,0.034482758620689655,Buy
2024-08-29,NWSA,0.034482758620689655,Buy
2024-08-29,NTES,-9.788748769790079e-05,Sell
2024-08-29,CME,0.034482758620689655,Buy
2024-08-29,CP,0.034482758620689655,Buy
2024-08-29,BSX,-0.035011047241230255,Sell
2024-08-29,XLE,-0.03496175054178337,Sell
2024-08-29,ENB,-0.03467850517556893,Sell
2024-08-29,VZ,0.034482758620689655,Buy
2024-08-29,CAT,-0.03485289793328914,Sell
2024-08-30,AMTD,0.034482758620689655,Buy
2024-08-30,VWO,4.858213438382192e-05,Buy
2024-08-30,XLP,-0.03461445942225829,Sell
2024-08-30,NVDA,-0.00037886317310154016,Sell
2024-08-30,WEN,-0.0004159072233654443,Sell
2024-08-30,HYG,0.034482758620689655,Buy
2024-08-30,BUD,0.0001856431124773253,Buy
2024-08-30,SPWR,0.0013995818572081903,Buy
2024-08-30,CAG,-0.034518794371690725,Sell
2024-08-30,GREK,0.00018193631264981636,Buy
2024-08-30,STI,-0.03402671331214289,Sell
2024-08-30,KMB,-0.00020430048448440846,Sell
2024-08-30,EWC,-8.096423851387813e-05,Sell
2024-08-30,BBT,0.034482758620689655,Buy
2024-08-30,BDX,0.034482758620689655,Buy
2024-08-30,EOG,0.00044746354756142886,Buy
2024-08-30,EWI,-5.4595639927788875e-05,Sell
2024-08-30,ANF,-0.03563363728074359,Sell
2024-08-30,ORCL,-0.03480238457871427,Sell
2024-08-30,DLTR,0.0002624916549605963,Buy
2024-08-30,XRT,7.787791626838458e-05,Buy
2024-08-30,KGC,2.6635252251321073e-05,Buy
2024-08-30,WMB,0.034482758620689655,Buy
2024-08-30,ULTA,0.0015180921899075953,Buy
2024-08-30,PVH,-0.0349797741488564,Sell
2024-08-30,RL,2.227386008065574e-05,Buy
2024-08-30,HUM,-0.0001629859119763183,Sell
2024-08-30,NTAP,-0.0002969345179744953,Sell
2024-08-30,WSM,-0.0002389842595993119,Sell
2024-08-30,NWSA,-0.034933659737019264,Sell
2024-08-30,NTES,0.00017936371896858788,Buy
2024-08-30,CME,-0.03460482665559528,Sell
2024-08-30,CP,-0.034604628465639345,Sell
2024-08-30,SYK,0.034482758620689655,Buy
2024-08-30,XLE,0.034482758620689655,Buy
2024-08-30,COF,0.034482758620689655,Buy
2024-08-30,ZUMZ,0.034482758620689655,Buy
2024-08-30,VZ,-0.034783018044712184,Sell
2024-08-30,CAT,0.034482758620689655,Buy
2024-09-03,PPG,0.034482758620689655,Buy
2024-09-03,AMTD,0.0004695069626175011,Buy
2024-09-03,VWO,-0.034567925846752424,Sell
2024-09-03,A,0.034482758620689655,Buy
2024-09-03,CF,0.034482758620689655,Buy
2024-09-03,NVDA,0.002724522089934872,Buy
2024-09-03,WEN,-0.00021883710998847616,Sell
2024-09-03,HYG,-0.0004944473168987384,Sell
2024-09-03,BUD,-0.035124526940635115,Sell
2024-09-03,SPWR,0.0016703236495947404,Buy
2024-09-03,GREK,-0.03526930521629947,Sell
2024-09-03,QCOM,0.034482758620689655,Buy
2024-09-03,KMB,-0.035754406271158355,Sell
2024-09-03,EWC,-1.2068610980964234e-05,Sell
2024-09-03,BBT,-0.0002365424109866815,Sell
2024-09-03,BDX,-0.03506837360201988,Sell
2024-09-03,EOG,0.0007952867006964445,Buy
2024-09-03,EWI,0.00011293012317777767,Buy
2024-09-03,ANF,0.034482758620689655,Buy
2024-09-03,ORCL,0.034482758620689655,Buy
2024-09-03,DLTR,0.0005609706802636241,Buy
2024-09-03,TSM,0.034482758620689655,Buy
2024-09-03,MS,0.034482758620689655,Buy
2024-09-03,XRT,-3.02111363288185e-05,Sell
2024-09-03,KGC,0.0010895699344933701,Buy
2024-09-03,WMB,-0.034932951390098305,Sell
2024-09-03,ULTA,-0.03569459407932417,Sell
2024-09-03,RL,-0.03563867768056577,Sell
2024-09-03,HUM,-0.035998848344551304,Sell
2024-09-03,NTAP,-0.00010425398079261933,Sell
2024-09-03,WSM,-0.034262864359256545,Sell
2024-09-03,NWSA,0.034482758620689655,Buy
2024-09-03,BX,0.034482758620689655,Buy
2024-09-03,NTES,-0.03403692606900754,Sell
2024-09-03,RF,0.034482758620689655,Buy
2024-09-03,CME,0.034482758620689655,Buy
2024-09-03,SYK,-0.000540999120170152,Sell
2024-09-03,XLE,-0.03422875125541869,Sell
2024-09-03,COF,-0.034783942831962206,Sell
2024-09-03,ZUMZ,0.00017827305239309643,Buy
2024-09-03,CAT,0.0009444457448478175,Buy
2024-09-03,MRK,0.034482758620689655,Buy
2024-09-04,PPG,2.0449878007096356e-05,Buy
2024-09-04,AMTD,-4.930660261451281e-05,Sell
2024-09-04,VWO,0.034482758620689655,Buy
2024-09-04,A,-0.00012738324137507445,Sell
2024-09-04,CF,-0.03525936853049771,Sell
2024-09-04,NVDA,0.00024915991248299074,Buy
2024-09-04,WEN,-0.0009192350980972083,Sell
2024-09-04,HYG,-0.034938851296981766,Sell
2024-09-04,SPWR,-0.03531651614869778,Sell
2024-09-04,QCOM,-0.03525623931514485,Sell
2024-09-04,EWC,-0.0004152727716270829,Sell
2024-09-04,BBT,0.00031117357720987504,Buy
2024-09-04,BDX,0.034482758620689655,Buy
2024-09-04,EOG,-8.845168692597771e-05,Sell
2024-09-04,QQQ,0.034482758620689655,Buy
2024-09-04,EWI,-0.0003735422320499185,Sell
2024-09-04,ANF,-0.03401176274674266,Sell
2024-09-04,ORCL,-0.03512246821011143,Sell
2024-09-04,DLTR,-0.02709808356771747,Sell
2024-09-04,TSM,-0.00041020898359055147,Sell
2024-09-04,MS,-0.0006363752469911929,Sell
2024-09-04,ALK,0.034482758620689655,Buy
2024-09-04,XRT,9.435053137164112e-05,Buy
2024-09-04,KEY,0.034482758620689655,Buy
2024-09-04,KGC,-0.00020635131946583618,Sell
2024-09-04,WMB,0.034482758620689655,Buy
2024-09-04,KO,0.034482758620689655,Buy
2024-09-04,RL,0.034482758620689655,Buy
2024-09-04,NTAP,-0.00036583529556128563,Sell
2024-09-04,NWSA,-0.0005472122219781078,Sell
2024-09-04,BX,-0.00025471320099435674,Sell
2024-09-04,RF,-7.04926497381575e-05,Sell
2024-09-04,CME,-0.03536060694492641,Sell
2024-09-04,SYK,-0.03487637917481252,Sell
2024-09-04,COF,0.034482758620689655,Buy
2024-09-04,ZUMZ,0.0005196809296665883,Buy
2024-09-04,CAT,2.9271258526905597e-05,Buy
2024-09-04,MRK,-9.488415321291105e-05,Sell
2024-09-05,MET,0.034482758620689655,Buy
2024-09-05,CNC,0.034482758620689655,Buy
2024-09-05,PPG,0.0003334901787587774,Buy
2024-09-05,AMTD,-0.034528158470543004,Sell
2024-09-05,VWO,-0.00013951775181503256,Sell
2024-09-05,A,-9.538110970472302e-05,Sell
2024-09-05,NVDA,-0.00037049482461490313,Sell
2024-09-05,WEN,-4.193930940185608e-06,Sell
2024-09-05,SPWR,0.034482758620689655,Buy
2024-09-05,JNJ,0.034482758620689655,Buy
2024-09-05,EWC,4.9814219024495177e-05,Buy
2024-09-05,BBT,0.00010955072154369971,Buy
2024-09-05,BDX,0.0004060339449067224,Buy
2024-09-05,EOG,0.00030049697643041995,Buy
2024-09-05,QQQ,-7.76372890041524e-05,Sell
2024-09-05,EWI,-0.00019043505960699564,Sell
2024-09-05,DLTR,0.034482758620689655,Buy
2024-09-05,TSM,-0.03513557647573023,Sell
2024-09-05,MS,0.00015801111440048865,Buy
2024-09-05,ALK,-0.036153238688665656,Sell
2024-09-05,XRT,0.00012228716944283347,Buy
2024-09-05,KEY,-0.034066665534887255,Sell
2024-09-05,KGC,-0.03501163118112115,Sell
2024-09-05,WMB,-0.0348233421605076,Sell
2024-09-05,KO,0.0006160461205907547,Buy
2024-09-05,RL,-0.000255755568123274,Sell
2024-09-05,NTAP,0.0006099071409063281,Buy
2024-09-05,NWSA,0.00022176389379145733,Buy
2024-09-05,BX,-0.03463335786605201,Sell
2024-09-05,RF,0.00028733032733073427,Buy
2024-09-05,CP,0.034482758620689655,Buy
2024-09-05,BSX,0.034482758620689655,Buy
2024-09-05,XLE,0.034482758620689655,Buy
2024-09-05,COF,0.00035807700982154467,Buy
2024-09-05,ZUMZ,0.0009728227035979281,Buy
2024-09-05,CAT,0.00028168770945360966,Buy
2024-09-05,MRK,-0.0353600495788274,Sell
2024-09-06,MET,-0.0337817713285169,Sell
2024-09-06,CNC,0.00044047702589769533,Buy
2024-09-06,PPG,-0.0002996829580793822,Sell
2024-09-06,VWO,-0.03441547722991503,Sell
2024-09-06,A,-0.0001462748536253805,Sell
2024-09-06,NVDA,0.0009876553830562296,Buy
2024-09-06,WEN,-0.0009605897857259127,Sell
2024-09-06,SPWR,0.00016304212312525518,Buy
2024-09-06,ICE,0.034482758620689655,Buy
2024-09-06,GREK,0.034482758620689655,Buy
2024-09-06,QCOM,0.034482758620689655,Buy
2024-09-06,JNJ,-0.0003099464108415467,Sell
2024-09-06,EWC,-2.6461277368688974e-05,Sell
2024-09-06,BBT,0.0001906342907430289,Buy
2024-09-06,BDX,-0.00035222448697429243,Sell
2024-09-06,EOG,-9.428889785557254e-05,Sell
2024-09-06,QQQ,0.0004964025022213825,Buy
2024-09-06,EWI,2.6563429765494306e-05,Buy
2024-09-06,DLTR,-0.0339170547079673,Sell
2024-09-06,TSM,0.034482758620689655,Buy
2024-09-06,MS,0.000602707445410397,Buy
2024-09-06,XRT,-0.03433008265191725,Sell
2024-09-06,KEY,0.034482758620689655,Buy
2024-09-06,ILMN,0.034482758620689655,Buy
2024-09-06,WMB,0.034482758620689655,Buy
2024-09-06,KO,-0.0004243418523122225,Sell
2024-09-06,RL,-0.034811045613958425,Sell
2024-09-06,HUM,0.034482758620689655,Buy
2024-09-06,NTAP,0.0003501337541561289,Buy
2024-09-06,NWSA,2.7780482910057247e-05,Buy
2024-09-06,RF,0.00024053549014489,Buy
2024-09-06,CP,-0.03464997035617379,Sell
2024-09-06,OHI,0.034482758620689655,Buy
2024-09-06,BSX,-0.03502052417837344,Sell
2024-09-06,XLE,-0.03448479171693122,Sell
2024-09-06,COF,0.0003203793118870604,Buy
2024-09-06,ZUMZ,-0.036309438653715775,Sell
2024-09-09,MET,0.034482758620689655,Buy
2024-09-09,CNC,0.0003541535557849487,Buy
2024-09-09,PPG,-0.03449571014858574,Sell
2024-09-09,A,0.00013760949446544463,Buy
2024-09-09,NVDA,-0.0008489531804861186,Sell
2024-09-09,WEN,3.761347944771648e-05,Buy
2024-09-09,SPWR,-0.0010379103172466417,Sell
2024-09-09,ICE,-0.03438106148311069,Sell
2024-09-09,GREK,0.0002857115271795996,Buy
2024-09-09,QCOM,-0.03468032804550491,Sell
2024-09-09,JNJ,-0.03458671187793782,Sell
2024-09-09,STI,0.034482758620689655,Buy
2024-09-09,EWC,-2.2980843766458314e-05,Sell
2024-09-09,BBT,0.0006331076342920294,Buy
2024-09-09,BDX,-0.0349337361913971,Sell
2024-09-09,WFC,0.034482758620689655,Buy
2024-09-09,EOG,0.0003164348774806966,Buy
2024-09-09,QQQ,-7.98499768669067e-05,Sell
2024-09-09,EWI,3.346658303544914e-05,Buy
2024-09-09,ORCL,0.034482758620689655,Buy
2024-09-09,TSM,-0.03542067507461391,Sell
2024-09-09,MS,-0.00020275828014375968,Sell
2024-09-09,XRT,0.034482758620689655,Buy
2024-09-09,KEY,-0.03516706345637564,Sell
2024-09-09,ILMN,0.0008664769308181428,Buy
2024-09-09,KGC,0.034482758620689655,Buy
2024-09-09,WMB,0.00015851922789374834,Buy
2024-09-09,KO,-0.03446435862460072,Sell
2024-09-09,RL,0.034482758620689655,Buy
2024-09-09,HUM,-0.03277928338188458,Sell
2024-09-09,NTAP,0.00023344821179735464,Buy
2024-09-09,NWSA,0.0003204397999014494,Buy
2024-09-09,TRIP,0.034482758620689655,Buy
2024-09-09,PCG,0.034482758620689655,Buy
2024-09-09,RF,-0.034708677737479106,Sell
2024-09-09,OHI,-0.034382038775757004,Sell
2024-09-09,XLE,0.034482758620689655,Buy
2024-09-09,COF,-0.03500757808518552,Sell
2024-09-09,ZUMZ,0.034482758620689655,Buy
2024-09-09,CAT,-0.00012590497771805542,Sell
2024-09-09,MRK,0.034482758620689655,Buy
2024-09-10,MET,0.0004538533891829538,Buy
2024-09-10,CNC,-0.0344942260718334,Sell
2024-09-10,PPG,0.034482758620689655,Buy
2024-09-10,A,-0.03440153505112703,Sell
2024-09-10,CF,0.034482758620689655,Buy
2024-09-10,NVDA,-0.03494338485925464,Sell
2024-09-10,WEN,0.0011097978187842167,Buy
2024-09-10,HYG,0.034482758620689655,Buy
2024-09-10,SPWR,-0.034803192606985216,Sell
2024-09-10,RRC,0.034482758620689655,Buy
2024-09-10,GREK,-0.034056023943775354,Sell
2024-09-10,STI,-0.034893173544013334,Sell
2024-09-10,KMB,0.034482758620689655,Buy
2024-09-10,DPZ,0.034482758620689655,Buy
2024-09-10,EWC,0.0002394321355640161,Buy
2024-09-10,BBT,-6.646424334912082e-05,Sell
2024-09-10,BDX,0.034482758620689655,Buy
2024-09-10,WFC,-0.03401299819894512,Sell
2024-09-10,EOG,0.0005032529361850349,Buy
2024-09-10,QQQ,-0.00025179820940780806,Sell
2024-09-10,EWI,0.00040952772516895247,Buy
2024-09-10,ORCL,-0.03835289413485244,Sell
2024-09-10,MS,0.0006131188962980386,Buy
2024-09-10,MAR,0.034482758620689655,Buy
2024-09-10,XRT,-0.03432161529769176,Sell
2024-09-10,ILMN,-0.03486305597941478,Sell
2024-09-10,KGC,-0.036436238113502606,Sell
2024-09-10,WMB,-0.03462521678442858,Sell
2024-09-10,TRP,0.034482758620689655,Buy
2024-09-10,ULTA,0.034482758620689655,Buy
2024-09-10,PVH,0.034482758620689655,Buy
2024-09-10,RL,0.0002624323383581262,Buy
2024-09-10,NTAP,-0.03452760717723879,Sell
2024-09-10,NWSA,0.0003509137514126001,Buy
2024-09-10,TRIP,-0.03345555983483893,Sell
2024-09-10,PCG,0.00034423786523243155,Buy
2024-09-10,RF,0.034482758620689655,Buy
2024-09-10,XLE,0.0006582174912574679,Buy
2024-09-10,COF,0.034482758620689655,Buy
2024-09-10,ENB,0.034482758620689655,Buy
2024-09-10,ZUMZ,0.00044932837991827623,Buy
2024-09-10,CAT,5.390235973153773e-05,Buy
2024-09-10,MRK,9.012528396484809e-05,Buy
2024-09-11,MET,-6.93278465236924e-05,Sell
2024-09-11,PPG,8.840719936316355e-05,Buy
2024-09-11,CF,-0.03480230194867003,Sell
2024-09-11,XLP,0.034482758620689655,Buy
2024-09-11,WEN,-0.00043339879236588275,Sell
2024-09-11,HYG,-0.034553513177980846,Sell
2024-09-11,ICE,0.034482758620689655,Buy
2024-09-11,RRC,-0.035753136911970164,Sell
2024-09-11,CAG,0.034482758620689655,Buy
2024-09-11,JNJ,0.034482758620689655,Buy
2024-09-11,KMB,0.0007010401610083317,Buy
2024-09-11,TRV,0.034482758620689655,Buy
2024-09-11,DPZ,0.0007100141312578259,Buy
2024-09-11,EWC,-0.034937403163903084,Sell
2024-09-11,BBT,0.0002731300396880479,Buy
2024-09-11,BDX,0.00027430095494204026,Buy
2024-09-11,EOG,0.00029182972521230033,Buy
2024-09-11,QQQ,-0.03525044101279419,Sell
2024-09-11,EWI,-0.0001465257379227175,Sell
2024-09-11,MS,-0.00016487781555279274,Sell
2024-09-11,MAR,-0.03475502059139362,Sell
2024-09-11,WMB,0.034482758620689655,Buy
2024-09-11,TRP,-8.628625018781283e-05,Sell
2024-09-11,KO,0.034482758620689655,Buy
2024-09-11,D,0.034482758620689655,Buy
2024-09-11,ULTA,-0.03439038336445594,Sell
2024-09-11,PVH,-0.034538333873245175,Sell
2024-09-11,RL,-0.00045797796946104447,Sell
2024-09-11,HUM,0.034482758620689655,Buy
2024-09-11,NWSA,0.00041476138005849816,Buy
2024-09-11,PCG,-0.03450123182321222,Sell
2024-09-11,DUK,0.034482758620689655,Buy
2024-09-11,RF,0.0004761672632334693,Buy
2024-09-11,XLE,0.00030165557076809735,Buy
2024-09-11,COF,-0.03411870141076311,Sell
2024-09-11,ENB,-1.3362259199539706e-06,Sell
2024-09-11,ZUMZ,0.0002951758356715198,Buy
2024-09-11,CAT,-0.0001052067642858534,Sell
2024-09-11,MRK,0.0001670049524710518,Buy
2024-09-12,MET,-0.00022016506985293033,Sell
2024-09-12,PPG,0.00011825640015242223,Buy
2024-09-12,A,0.034482758620689655,Buy
2024-09-12,HOG,0.034482758620689655,Buy
2024-09-12,XLP,-0.034578847902926334,Sell
2024-09-12,WEN,-2.7424585513156907e-05,Sell
2024-09-12,ICE,-0.03461427049906305,Sell
2024-09-12,CAG,-0.00019026150496582322,Sell
2024-09-12,GREK,0.034482758620689655,Buy
2024-09-12,JNJ,0.0001530563037554708,Buy
2024-09-12,STI,0.034482758620689655,Buy
2024-09-12,KMB,0.0003123035620396855,Buy
2024-09-12,TRV,-0.03478475786784602,Sell
2024-09-12,DPZ,0.00029494533386924954,Buy
2024-09-12,BBT,4.893583676104235e-05,Buy
2024-09-12,BDX,-0.00015067529135294466,Sell
2024-09-12,MU,0.034482758620689655,Buy
2024-09-12,EOG,2.2236908674630462e-05,Buy
2024-09-12,EWI,-0.034576027102523825,Sell
2024-09-12,MS,0.0002536501673745875,Buy
2024-09-12,WMB,-0.034760413189741164,Sell
2024-09-12,TRP,-4.1785662951140945e-05,Sell
2024-09-12,KO,-0.03443976484614555,Sell
2024-09-12,D,0.00014554075756362944,Buy
2024-09-12,RL,2.512033337312425e-05,Buy
2024-09-12,HUM,0.0005019244195635028,Buy
2024-09-12,NWSA,0.00010227393238623067,Buy
2024-09-12,DUK,0.00018354118188624452,Buy
2024-09-12,NTES,0.034482758620689655,Buy
2024-09-12,RF,0.00022486424513058073,Buy
2024-09-12,XLE,-0.034676893300581865,Sell
2024-09-12,COF,0.034482758620689655,Buy
2024-09-12,ENB,-0.034580758337447746,Sell
2024-09-12,ZUMZ,-0.000379949732644172,Sell
2024-09-12,CAT,-0.0003543403163124015,Sell
2024-09-12,MRK,-4.627028904497649e-05,Sell
2024-09-12,BMY,0.034482758620689655,Buy
2024-09-13,MET,-0.03424509041374823,Sell
2024-09-13,PPG,0.00015851430294475805,Buy
2024-09-13,AMTD,0.034482758620689655,Buy
2024-09-13,A,0.0003324717573357089,Buy
2024-09-13,HP,0.034482758620689655,Buy
2024-09-13,HOG,-0.03609236901708731,Sell
2024-09-13,NVDA,0.034482758620689655,Buy
2024-09-13,WEN,-0.035266291528111955,Sell
2024-09-13,BUD,0.034482758620689655,Buy
2024-09-13,ICE,0.034482758620689655,Buy
2024-09-13,CAG,-0.034241994410828674,Sell
2024-09-13,GREK,0.00026559746028518433,Buy
2024-09-13,QCOM,0.034482758620689655,Buy
2024-09-13,JNJ,0.0003799649752962084,Buy
2024-09-13,STI,-0.0017916546813117329,Sell
2024-09-13,KMB,0.0002896878360907837,Buy
2024-09-13,DPZ,0.000713130887512764,Buy
2024-09-13,BBT,-0.03476098554947989,Sell
2024-09-13,BDX,0.000751420903657006,Buy
2024-09-13,MU,-0.03548121866037863,Sell
2024-09-13,EOG,0.00023130279876783233,Buy
2024-09-13,QQQ,0.034482758620689655,Buy
2024-09-13,EWI,0.034482758620689655,Buy
2024-09-13,TSM,0.034482758620689655,Buy
2024-09-13,MS,-0.03448659982290184,Sell
2024-09-13,MAR,0.034482758620689655,Buy
2024-09-13,KEY,0.034482758620689655,Buy
2024-09-13,TRP,-0.03426003260570843,Sell
2024-09-13,D,-0.03450285019980148,Sell
2024-09-13,ULTA,0.034482758620689655,Buy
2024-09-13,PVH,0.034482758620689655,Buy
2024-09-13,RL,-0.03455595005587783,Sell
2024-09-13,HUM,-0.03361414235683821,Sell
2024-09-13,NWSA,-0.03415667971605968,Sell
2024-09-13,DUK,-0.03431343207249418,Sell
2024-09-13,NTES,0.0004997441875270667,Buy
2024-09-13,RF,0.0004994186670855896,Buy
2024-09-13,CP,0.034482758620689655,Buy
2024-09-13,XLE,0.034482758620689655,Buy
2024-09-13,COF,0.0002085998841830708,Buy
2024-09-13,ZUMZ,-0.0357621775742693,Sell
2024-09-13,CAT,-1.1103077083525481e-05,Sell
2024-09-13,MRK,0.0003817400814781352,Buy
2024-09-13,BMY,-0.03454730388301686,Sell
2024-09-16,PPG,9.303342275969462e-05,Buy
2024-09-16,AMTD,-0.0005950714765131926,Sell
2024-09-16,A,-5.9489471030807484e-05,Sell
2024-09-16,HP,-0.0010045210794533271,Sell
2024-09-16,NVDA,0.000858254660810312,Buy
2024-09-16,WEN,0.034482758620689655,Buy
2024-09-16,BUD,0.0002695146510587887,Buy
2024-09-16,ICE,-0.03450562087026528,Sell
2024-09-16,GREK,-0.03457237167706927,Sell
2024-09-16,QCOM,0.0004192340739628958,Buy
2024-09-16,JNJ,-0.03459705959480909,Sell
2024-09-16,STI,0.0019512232242798189,Buy
2024-09-16,KMB,2.7776954419418687e-05,Buy
2024-09-16,DPZ,-0.0003592497004109435,Sell
2024-09-16,VTR,0.034482758620689655,Buy
2024-09-16,BDX,0.00021075509291445388,Buy
2024-09-16,MU,0.034482758620689655,Buy
2024-09-16,EOG,-0.00047048404299607216,Sell
2024-09-16,QQQ,0.0003417593613761205,Buy
2024-09-16,EWI,-0.0345984406874705,Sell
2024-09-16,ANF,0.034482758620689655,Buy
2024-09-16,TSM,0.0008701473488531841,Buy
2024-09-16,MAR,8.371352775339569e-05,Buy
2024-09-16,KEY,-0.034676135836960616,Sell
2024-09-16,GOLD,0.034482758620689655,Buy
2024-09-16,ULTA,-0.035285005522412934,Sell
2024-09-16,PVH,-0.00023333045838316163,Sell
2024-09-16,HUM,0.034482758620689655,Buy
2024-09-16,NTAP,0.034482758620689655,Buy
2024-09-16,WSM,0.034482758620689655,Buy
2024-09-16,NWSA,0.034482758620689655,Buy
2024-09-16,NTES,0.0004297498627627294,Buy
2024-09-16,RF,-0.03480760364287247,Sell
2024-09-16,CP,-0.03467388524287673,Sell
2024-09-16,XLE,-0.00020239350702784542,Sell
2024-09-16,COF,-0.034781090895685686,Sell
2024-09-16,ZUMZ,0.034482758620689655,Buy
2024-09-16,CAT,-7.290618324912179e-05,Sell
2024-09-16,MRK,-0.03514765910807668,Sell
2024-09-17,PPG,0.00016196219922480493,Buy
2024-09-17,AMTD,-0.03531202181136752,Sell
2024-09-17,A,0.00018435123175616908,Buy
2024-09-17,HP,-0.0354429085423946,Sell
2024-09-17,XLP,0.034482758620689655,Buy
2024-09-17,NVDA,0.0005436728562390053,Buy
2024-09-17,WEN,0.00011691238210685684,Buy
2024-09-17,BUD,0.0004590504335199169,Buy
2024-09-17,QCOM,-0.00023584584614845527,Sell
2024-09-17,STI,-0.0002941672907663187,Sell
2024-09-17,KMB,0.0007982450971086852,Buy
2024-09-17,DPZ,-9.665513817470883e-05,Sell
2024-09-17,VTR,0.00033736259288259796,Buy
2024-09-17,EWC,0.034482758620689655,Buy
2024-09-17,BDX,0.0006000938069392892,Buy
2024-09-17,MU,-0.034898117734436886,Sell
2024-09-17,EOG,-0.03471684653499127,Sell
2024-09-17,QQQ,0.00017615429917843678,Buy
2024-09-17,ANF,0.00024775873048868413,Buy
2024-09-17,TSM,0.0005451019655782693,Buy
2024-09-17,MS,0.034482758620689655,Buy
2024-09-17,MAR,-0.03475311833966378,Sell
2024-09-17,GOLD,-0.03399770826691291,Sell
2024-09-17,TRP,0.034482758620689655,Buy
2024-09-17,PVH,-0.034385034185405616,Sell
2024-09-17,HUM,-0.0339153909112092,Sell
2024-09-17,NTAP,-0.03463177677878037,Sell
2024-09-17,WSM,-0.03480865769215523,Sell
2024-09-17,NWSA,-0.03461704296989926,Sell
2024-09-17,DUK,0.034482758620689655,Buy
2024-09-17,NTES,8.70966655547381e-05,Buy
2024-09-17,CP,0.034482758620689655,Buy
2024-09-17,OHI,0.034482758620689655,Buy
2024-09-17,SYK,0.034482758620689655,Buy
2024-09-17,CSIQ,0.034482758620689655,Buy
2024-09-17,BSX,0.034482758620689655,Buy
2024-09-17,XLE,-0.03475189725803422,Sell
2024-09-17,ENB,0.034482758620689655,Buy
2024-09-17,ZUMZ,-0.0009975711728235429,Sell
2024-09-17,CAT,-0.00037037412479520165,Sell
2024-09-17,BMY,0.034482758620689655,Buy
2024-09-18,PPG,-0.00011872011999837506,Sell
2024-09-18,A,-0.03476654633807653,Sell
2024-09-18,XLP,1.3949347392627764e-05,Buy
2024-09-18,NVDA,0.0005458319896959815,Buy
2024-09-18,WEN,0.00015389231572023043,Buy
2024-09-18,BUD,0.0003336559268794989,Buy
2024-09-18,ICE,0.034482758620689655,Buy
2024-09-18,GREK,0.034482758620689655,Buy
2024-09-18,QCOM,-0.03451943944368003,Sell
2024-09-18,JNJ,0.034482758620689655,Buy
2024-09-18,STI,0.0021167680293227853,Buy
2024-09-18,KMB,8.301484191022834e-06,Buy
2024-09-18,DPZ,0.00016820218504076667,Buy
2024-09-18,EWC,4.28825176201561e-05,Buy
2024-09-18,BDX,-0.00016659398512724327,Sell
2024-09-18,EBAY,0.034482758620689655,Buy
2024-09-18,QQQ,3.109041241275423e-05,Buy
2024-09-18,ANF,-0.03486920662254306,Sell
2024-09-18,TSM,-0.03458700871197017,Sell
2024-09-18,MS,6.84238857410549e-05,Buy
2024-09-18,ALK,0.034482758620689655,Buy
2024-09-18,WMB,0.034482758620689655,Buy
2024-09-18,TRP,0.00015731512705380313,Buy
2024-09-18,D,0.034482758620689655,Buy
2024-09-18,PCG,0.034482758620689655,Buy
2024-09-18,DUK,0.00013323980712665745,Buy
2024-09-18,NTES,-0.03445771867625562,Sell
2024-09-18,CME,0.034482758620689655,Buy
2024-09-18,CP,0.0001209022320944747,Buy
2024-09-18,OHI,-0.035232931493296635,Sell
2024-09-18,SYK,0.00012751874443077404,Buy
2024-09-18,CSIQ,-0.036053459119703375,Sell
2024-09-18,BSX,-0.0001396869111126714,Sell
2024-09-18,ENB,0.00013557992442891215,Buy
2024-09-18,ZUMZ,-0.03476539708233731,Sell
2024-09-18,CAT,-0.0002586189900570385,Sell
2024-09-18,BMY,-0.034776267169355335,Sell
2024-09-19,PPG,-0.03473085418781773,Sell
2024-09-19,BAX,0.034482758620689655,Buy
2024-09-19,XLP,0.0004294748389550643,Buy
2024-09-19,NVDA,-0.0011321006269106246,Sell
2024-09-19,WEN,-0.0002387390065215489,Sell
2024-09-19,BUD,1.6910625277075098e-05,Buy
2024-09-19,ICE,0.0007269050957058459,Buy
2024-09-19,CAG,0.034482758620689655,Buy
2024-09-19,GREK,-0.03462384802043611,Sell
2024-09-19,JNJ,0.000501797091176967,Buy
2024-09-19,STI,-0.03641540278758242,Sell
2024-09-19,KMB,0.0004799931498760471,Buy
2024-09-19,DPZ,2.3062697459552695e-06,Buy
2024-09-19,VTR,0.0012999012775448057,Buy
2024-09-19,EWC,-0.03481353365211628,Sell
2024-09-19,BDX,-0.00022206518045487372,Sell
2024-09-19,EBAY,-0.03428228163340832,Sell
2024-09-19,QQQ,-0.0006385227719781783,Sell
2024-09-19,HTZ,0.034482758620689655,Buy
2024-09-19,MS,-0.034748466875306874,Sell
2024-09-19,ALK,0.0003999009130146586,Buy
2024-09-19,WMB,0.00044746817361842467,Buy
2024-09-19,TRP,0.000986996649620528,Buy
2024-09-19,KO,0.034482758620689655,Buy
2024-09-19,D,0.00018583267541960602,Buy
2024-09-19,NTAP,0.034482758620689655,Buy
2024-09-19,PCG,-0.0344131916977673,Sell
2024-09-19,DUK,0.00044634178401187913,Buy
2024-09-19,CME,0.00047148660760733957,Buy
2024-09-19,CP,-0.034597556232895316,Sell
2024-09-19,CLX,0.034482758620689655,Buy
2024-09-19,OHI,0.034482758620689655,Buy
2024-09-19,SYK,-0.034604962073816206,Sell
2024-09-19,BSX,-0.034728107326340296,Sell
2024-09-19,ENB,0.00033749415791413384,Buy
2024-09-19,ZUMZ,0.034482758620689655,Buy
2024-09-19,VZ,0.034482758620689655,Buy
2024-09-19,CAT,-0.03600978746278942,Sell
2024-09-19,MRK,0.034482758620689655,Buy
2024-09-19,BMY,0.034482758620689655,Buy
2024-09-20,PPG,0.034482758620689655,Buy
2024-09-20,BAX,0.00020741971204583237,Buy
2024-09-20,A,0.034482758620689655,Buy
2024-09-20,XLP,-0.0002000496006000288,Sell
2024-09-20,NVDA,0.0005145777984521746,Buy
2024-09-20,WEN,0.0007975411985969294,Buy
2024-09-20,BUD,0.0003294600990096097,Buy
2024-09-20,NSC,0.034482758620689655,Buy
2024-09-20,ICE,-0.00024374224949414575,Sell
2024-09-20,CAG,6.289630860362855e-05,Buy
2024-09-20,GREK,0.034482758620689655,Buy
2024-09-20,QCOM,0.034482758620689655,Buy
2024-09-20,JNJ,0.0001052006243605283,Buy
2024-09-20,KMB,-0.00019313990327496366,Sell
2024-09-20,DPZ,-0.00026020556318036986,Sell
2024-09-20,VTR,-1.6355912434241893e-05,Sell
2024-09-20,BDX,0.00013322078051804936,Buy
2024-09-20,EOG,0.034482758620689655,Buy
2024-09-20,QQQ,-0.03445007195447201,Sell
2024-09-20,EWI,0.034482758620689655,Buy
2024-09-20,HTZ,-0.03330821849879336,Sell
2024-09-20,DLTR,0.034482758620689655,Buy
2024-09-20,ALK,-0.03491711380647484,Sell
2024-09-20,XRT,0.034482758620689655,Buy
2024-09-20,WMB,-0.0348925305849107,Sell
2024-09-20,TRP,-0.03542871934518491,Sell
2024-09-20,KO,-0.03501429155418236,Sell
2024-09-20,D,-0.034785990099078214,Sell
2024-09-20,NTAP,-0.035130886223080755,Sell
2024-09-20,WSM,0.034482758620689655,Buy
2024-09-20,NWSA,0.034482758620689655,Buy
2024-09-20,DUK,-0.03488448756973847,Sell
2024-09-20,CME,0.0002241419874459763,Buy
2024-09-20,CP,0.034482758620689655,Buy
2024-09-20,CLX,-0.0347905485450832,Sell
2024-09-20,OHI,2.6676937650869925e-05,Buy
2024-09-20,ENB,-0.00014410266640646485,Sell
2024-09-20,ZUMZ,0.0019008103878511012,Buy
2024-09-20,VZ,-0.03482212620906552,Sell
2024-09-20,MRK,-1.534159946751934e-05,Sell
2024-09-20,BMY,-0.03479037285550962,Sell
2024-09-23,CNC,0.034482758620689655,Buy
2024-09-23,PPG,-6.040087574615133e-05,Sell
2024-09-23,BAX,-0.034780902188549644,Sell
2024-09-23,A,0.00023018783354131211,Buy
2024-09-23,XLP,-0.03452511431620548,Sell
2024-09-23,NVDA,7.974350458354873e-05,Buy
2024-09-23,WEN,-0.00033538580909328597,Sell
2024-09-23,HYG,0.034482758620689655,Buy
2024-09-23,BUD,0.0002164877519091543,Buy
2024-09-23,NSC,0.0004142689816083317,Buy
2024-09-23,ICE,0.0001330506617981883,Buy
2024-09-23,CAG,0.00014605003669072164,Buy
2024-09-23,GREK,-0.03468500607939215,Sell
2024-09-23,QCOM,0.0007581747351317475,Buy
2024-09-23,JNJ,0.00035323482236064574,Buy
2024-09-23,KMB,4.44958267157361e-05,Buy
2024-09-23,DPZ,-0.00036348955504179187,Sell
2024-09-23,VTR,-0.03545243756427342,Sell
2024-09-23,BDX,-2.413857593868557e-05,Sell
2024-09-23,EOG,-0.03478910182751944,Sell
2024-09-23,EWI,0.0003346251725734953,Buy
2024-09-23,ANF,0.034482758620689655,Buy
2024-09-23,DLTR,0.00014232196677170517,Buy
2024-09-23,MAR,0.034482758620689655,Buy
2024-09-23,XRT,0.0001234474513065395,Buy
2024-09-23,KEY,0.034482758620689655,Buy
2024-09-23,PVH,0.034482758620689655,Buy
2024-09-23,NTAP,0.034482758620689655,Buy
2024-09-23,WSM,-0.03539177708374017,Sell
2024-09-23,NWSA,-3.879852591068267e-05,Sell
2024-09-23,RF,0.034482758620689655,Buy
2024-09-23,CME,-0.034760879315519834,Sell
2024-09-23,CP,0.0002726185408344975,Buy
2024-09-23,OHI,-0.0348357511747355,Sell
2024-09-23,COF,0.034482758620689655,Buy
2024-09-23,ENB,-0.034631049956284236,Sell
2024-09-23,ZUMZ,0.00026471800427106673,Buy
2024-09-23,MRK,0.000607834194941842,Buy
2024-09-24,MET,0.034482758620689655,Buy
2024-09-24,CNC,0.0005384130933134348,Buy
2024-09-24,PPG,-0.034653230366650314,Sell
2024-09-24,A,-0.03488930183858971,Sell
2024-09-24,XLP,0.034482758620689655,Buy
2024-09-24,NVDA,-0.035740939761551245,Sell
2024-09-24,WEN,0.00031875679873805823,Buy
2024-09-24,HYG,0.00010069939395877109,Buy
2024-09-24,BUD,-0.03500510290666254,Sell
2024-09-24,NSC,-0.034507734814619405,Sell
2024-09-24,ICE,0.00036289990826945256,Buy
2024-09-24,CAG,9.43472211024296e-05,Buy
2024-09-24,QCOM,-0.00010008715825587933,Sell
2024-09-24,JNJ,0.00019766927832627623,Buy
2024-09-24,KMB,0.0001439298256965052,Buy
2024-09-24,NDAQ,0.034482758620689655,Buy
2024-09-24,DPZ,-0.000372232195902579,Sell
2024-09-24,BBT,0.034482758620689655,Buy
2024-09-24,BDX,-0.00022014739560221458,Sell
2024-09-24,EWI,-0.03463753147551202,Sell
2024-09-24,ANF,-0.034732186302043305,Sell
2024-09-24,DLTR,0.00033014693054316674,Buy
2024-09-24,MAR,-0.035190024709354485,Sell
2024-09-24,XRT,-0.0346518210045684,Sell
2024-09-24,KEY,0.0004935493865017571,Buy
2024-09-24,KO,0.034482758620689655,Buy
2024-09-24,D,0.034482758620689655,Buy
2024-09-24,PVH,0.00042060382920787454,Buy
2024-09-24,EW,0.034482758620689655,Buy
2024-09-24,NTAP,9.659637558936951e-05,Buy
2024-09-24,NWSA,-0.03466328136928913,Sell
2024-09-24,PCG,0.034482758620689655,Buy
2024-09-24,DUK,0.034482758620689655,Buy
2024-09-24,RF,8.997509608688059e-05,Buy
2024-09-24,CP,-0.03470721300634776,Sell
2024-09-24,SYK,0.034482758620689655,Buy
2024-09-24,BSX,0.034482758620689655,Buy
2024-09-24,COF,0.000991421882599583,Buy
2024-09-24,ZUMZ,0.00012049214434318306,Buy
2024-09-24,MRK,0.0003041820993586325,Buy
2024-09-25,MET,-0.03478863653148847,Sell
2024-09-25,MNST,0.034482758620689655,Buy
2024-09-25,CNC,-0.0345332252391007,Sell
2024-09-25,BAX,0.034482758620689655,Buy
2024-09-25,A,0.034482758620689655,Buy
2024-09-25,XLP,-9.309659215410437e-05,Sell
2024-09-25,WEN,0.00029230293623660336,Buy
2024-09-25,HYG,-0.00014197634889506067,Sell
2024-09-25,BUD,0.034482758620689655,Buy
2024-09-25,NSC,0.034482758620689655,Buy
2024-09-25,ICE,-0.03481652861883402,Sell
2024-09-25,CAG,-0.034631504892833086,Sell
2024-09-25,QCOM,-0.0349377485004264,Sell
2024-09-25,JNJ,0.00028330195870127084,Buy
2024-09-25,KMB,-0.00021778038241677955,Sell
2024-09-25,NDAQ,0.00011551090417204202,Buy
2024-09-25,DPZ,-0.00013053515451317416,Sell
2024-09-25,DHI,0.034482758620689655,Buy
2024-09-25,BBT,9.11999862492005e-05,Buy
2024-09-25,BDX,7.508977660611316e-05,Buy
2024-09-25,EOG,0.034482758620689655,Buy
2024-09-25,DLTR,-0.03430386666132981,Sell
2024-09-25,XRT,0.034482758620689655,Buy
2024-09-25,KEY,0.000319641230118628,Buy
2024-09-25,WMB,0.034482758620689655,Buy
2024-09-25,KO,-0.03472199739192552,Sell
2024-09-25,D,-0.03478526694663903,Sell
2024-09-25,PVH,0.0002016271470417566,Buy
2024-09-25,EW,0.00029986502396048276,Buy
2024-09-25,NTAP,-0.03430562279113502,Sell
2024-09-25,WSM,0.034482758620689655,Buy
2024-09-25,NWSA,0.034482758620689655,Buy
2024-09-25,PCG,-0.034786101019005124,Sell
2024-09-25,DUK,-0.034732424877921504,Sell
2024-09-25,RF,0.00039378205449944886,Buy
2024-09-25,CP,0.034482758620689655,Buy
2024-09-25,CLX,0.034482758620689655,Buy
2024-09-25,SYK,-0.0345196443470237,Sell
2024-09-25,BSX,-0.03465952764666336,Sell
2024-09-25,COF,-0.03442373286776361,Sell
2024-09-25,ZUMZ,0.0006168447933693338,Buy
2024-09-25,MRK,-0.0001115732530451094,Sell
2024-09-25,BMY,0.034482758620689655,Buy
2024-09-26,MNST,1.1502304845111e-05,Buy
2024-09-26,CNC,0.034482758620689655,Buy
2024-09-26,BAX,-0.03457640107643558,Sell
2024-09-26,A,-0.036038761211846425,Sell
2024-09-26,XLP,0.00015814479560136152,Buy
2024-09-26,NVDA,0.034482758620689655,Buy
2024-09-26,WEN,-0.034937151622679304,Sell
2024-09-26,HYG,-0.03430155295398902,Sell
2024-09-26,BUD,-0.035531146508010314,Sell
2024-09-26,SPWR,0.034482758620689655,Buy
2024-09-26,NSC,9.046299762271309e-05,Buy
2024-09-26,ICE,0.034482758620689655,Buy
2024-09-26,JNJ,6.83831363327142e-05,Buy
2024-09-26,NDAQ,0.0004619063169046603,Buy
2024-09-26,DPZ,-0.0002801555177710663,Sell
2024-09-26,VTR,0.034482758620689655,Buy
2024-09-26,DHI,-0.03439960029767498,Sell
2024-09-26,BBT,9.491303122257516e-05,Buy
2024-09-26,BDX,-6.455498558039646e-05,Sell
2024-09-26,EOG,0.0013888248241198525,Buy
2024-09-26,ANF,0.034482758620689655,Buy
2024-09-26,XRT,-0.034685073707016775,Sell
2024-09-26,KEY,-0.034601328559278936,Sell
2024-09-26,WMB,0.000808867322673136,Buy
2024-09-26,KO,0.034482758620689655,Buy
2024-09-26,D,0.034482758620689655,Buy
2024-09-26,PVH,-0.03515442311546644,Sell
2024-09-26,EW,-0.034434387653830514,Sell
2024-09-26,NTAP,0.034482758620689655,Buy
2024-09-26,WSM,-0.034786394104707526,Sell
2024-09-26,NWSA,6.725180752722298e-05,Buy
2024-09-26,PCG,0.034482758620689655,Buy
2024-09-26,DUK,0.034482758620689655,Buy
2024-09-26,RF,-0.03479287217441566,Sell
2024-09-26,CP,-0.03448333941589723,Sell
2024-09-26,CLX,0.00045959662406581253,Buy
2024-09-26,OHI,0.034482758620689655,Buy
2024-09-26,BSX,0.034482758620689655,Buy
2024-09-26,ENB,0.034482758620689655,Buy
2024-09-26,ZUMZ,-0.0343882725563126,Sell
2024-09-26,MRK,0.0007263775176669304,Buy
2024-09-26,BMY,0.00012029651025375482,Buy
2024-09-27,MNST,-0.0001426220599823197,Sell
2024-09-27,CNC,-0.0347382581127688,Sell
2024-09-27,AMTD,0.034482758620689655,Buy
2024-09-27,XLP,-0.03439049943802208,Sell
2024-09-27,NVDA,0.0008850195183537704,Buy
2024-09-27,SPWR,-0.00020072694244888806,Sell
2024-09-27,NSC,-0.03462762174258239,Sell
2024-09-27,ICE,4.58395757450894e-05,Buy
2024-09-27,CAG,0.034482758620689655,Buy
2024-09-27,QCOM,0.034482758620689655,Buy
2024-09-27,JNJ,0.00015227659746492456,Buy
2024-09-27,KMB,6.747467894922116e-05,Buy
2024-09-27,NDAQ,0.0001354696521155621,Buy
2024-09-27,TRV,0.034482758620689655,Buy
2024-09-27,DPZ,0.00041799948563436135,Buy
2024-09-27,VTR,-0.03433374436053739,Sell
2024-09-27,EWC,0.034482758620689655,Buy
2024-09-27,BBT,5.133987095810172e-05,Buy
2024-09-27,BDX,-0.03494180847093194,Sell
2024-09-27,EOG,-0.00043595192355229406,Sell
2024-09-27,ANF,-0.0359635249116629,Sell
2024-09-27,TSM,0.034482758620689655,Buy
2024-09-27,MS,0.034482758620689655,Buy
2024-09-27,KGC,0.034482758620689655,Buy
2024-09-27,WMB,-0.0001678673223616603,Sell
2024-09-27,TRP,0.034482758620689655,Buy
2024-09-27,KO,-0.03451587718667957,Sell
2024-09-27,D,0.00013636815242110134,Buy
2024-09-27,NTAP,0.001039839581175414,Buy
2024-09-27,NWSA,-1.767608161451495e-06,Sell
2024-09-27,PCG,5.016088839950028e-05,Buy
2024-09-27,DUK,-0.03456681620949219,Sell
2024-09-27,HMC,0.034482758620689655,Buy
2024-09-27,CLX,-0.034648513906024664,Sell
2024-09-27,OHI,0.00026468704377295704,Buy
2024-09-27,BSX,-0.034439926561726855,Sell
2024-09-27,ENB,0.0002133186352618055,Buy
2024-09-27,ZUMZ,0.034482758620689655,Buy
2024-09-27,MRK,-2.7735560036136475e-05,Sell
2024-09-27,BMY,-0.03486945303815326,Sell
2024-09-30,MNST,0.00016311596983203946,Buy
2024-09-30,AMTD,-0.034756920333474994,Sell
2024-09-30,BAX,0.034482758620689655,Buy
2024-09-30,A,0.034482758620689655,Buy
2024-09-30,NVDA,-3.9030424572983335e-05,Sell
2024-09-30,HYG,0.034482758620689655,Buy
2024-09-30,SPWR,0.001385738409008068,Buy
2024-09-30,ICE,-0.03494990505522611,Sell
2024-09-30,CAG,-0.03456355493560554,Sell
2024-09-30,QCOM,-1.1428623571625718e-05,Sell
2024-09-30,JNJ,-0.00016878649200610663,Sell
2024-09-30,KMB,3.5291644126404786e-05,Buy
2024-09-30,NDAQ,-0.03470531704669253,Sell
2024-09-30,TRV,0.00026319896106239554,Buy
2024-09-30,DPZ,-0.034599702284965846,Sell
2024-09-30,EWC,-0.03456870128397333,Sell
2024-09-30,BBT,-0.035004350093216195,Sell
2024-09-30,BDX,0.034482758620689655,Buy
2024-09-30,EOG,-0.00016576476346542163,Sell
2024-09-30,QQQ,0.034482758620689655,Buy
2024-09-30,ANF,0.034482758620689655,Buy
2024-09-30,TSM,0.0008061620353698798,Buy
2024-09-30,MS,-7.075238091452246e-05,Sell
2024-09-30,XRT,0.034482758620689655,Buy
2024-09-30,KGC,0.00033713839964506775,Buy
2024-09-30,WMB,-0.0004021073286759186,Sell
2024-09-30,TRP,-0.035093463566949874,Sell
2024-09-30,D,-0.03489078226807386,Sell
2024-09-30,EW,0.034482758620689655,Buy
2024-09-30,HUM,0.034482758620689655,Buy
2024-09-30,NTAP,-0.035156564268286436,Sell
2024-09-30,NWSA,-0.00019695279999714516,Sell
2024-09-30,PCG,4.202588309996924e-05,Buy
2024-09-30,DUK,0.034482758620689655,Buy
2024-09-30,HMC,-0.03398558362534434,Sell
2024-09-30,CP,0.034482758620689655,Buy
2024-09-30,OHI,-0.03482701972937099,Sell
2024-09-30,CSIQ,0.034482758620689655,Buy
2024-09-30,ENB,5.711191815228195e-05,Buy
2024-09-30,ZUMZ,0.0010704009770778622,Buy
2024-09-30,MRK,1.1800384772317485e-05,Buy
2024-10-01,MNST,-0.00013861226650125485,Sell
2024-10-01,CNC,0.034482758620689655,Buy
2024-10-01,PPG,0.034482758620689655,Buy
2024-10-01,BAX,0.00044954203002789406,Buy
2024-10-01,A,-0.0001301314495940828,Sell
2024-10-01,XLP,0.034482758620689655,Buy
2024-10-01,NVDA,0.0007521910210971372,Buy
2024-10-01,HYG,-0.0005103090010298919,Sell
2024-10-01,SPWR,0.003895206339496325,Buy
2024-10-01,QCOM,0.0003512848570235705,Buy
2024-10-01,JNJ,-0.03499547529349317,Sell
2024-10-01,KMB,-0.0005598311582521651,Sell
2024-10-01,TRV,-0.0351601382324681,Sell
2024-10-01,BBT,0.034482758620689655,Buy
2024-10-01,BDX,-0.0006106085614315665,Sell
2024-10-01,EOG,-0.0361583473728865,Sell
2024-10-01,QQQ,-4.005948581812385e-05,Sell
2024-10-01,ANF,0.0005157194041471094,Buy
2024-10-01,TSM,-0.00020529588347874966,Sell
2024-10-01,MS,-0.03507105457775664,Sell
2024-10-01,XRT,0.00010756762420859045,Buy
2024-10-01,KEY,0.034482758620689655,Buy
2024-10-01,ILMN,0.034482758620689655,Buy
2024-10-01,KGC,-0.03564647827151507,Sell
2024-10-01,WMB,-0.03555512024082985,Sell
2024-10-01,PVH,0.034482758620689655,Buy
2024-10-01,EW,-0.034538416061207555,Sell
2024-10-01,HUM,0.003593965814123728,Buy
2024-10-01,NTAP,0.034482758620689655,Buy
2024-10-01,WSM,0.034482758620689655,Buy
2024-10-01,NWSA,-0.0002386062046205381,Sell
2024-10-01,PCG,-0.03511685160977561,Sell
2024-10-01,DUK,-0.035289957197780275,Sell
2024-10-01,RF,0.034482758620689655,Buy
2024-10-01,CP,2.8797138200510608e-05,Buy
2024-10-01,OHI,0.034482758620689655,Buy
2024-10-01,CSIQ,-0.03377812624265371,Sell
2024-10-01,COF,0.034482758620689655,Buy
2024-10-01,ENB,-0.03546752727998607,Sell
2024-10-01,ZUMZ,0.0008857301266408102,Buy
2024-10-01,MRK,-0.03537439156819498,Sell
2024-10-02,MNST,0.0002799249495779241,Buy
2024-10-02,CNC,-0.03402087576945968,Sell
2024-10-02,PPG,-0.03462337158402599,Sell
2024-10-02,BAX,0.000725657470336559,Buy
2024-10-02,A,-0.034634535633324436,Sell
2024-10-02,XLP,0.00013662204439309628,Buy
2024-10-02,NVDA,-0.03518698175383436,Sell
2024-10-02,DAL,0.034482758620689655,Buy
2024-10-02,HYG,-0.00016084403110738776,Sell
2024-10-02,SPWR,-0.0005092513836114712,Sell
2024-10-02,CAG,0.034482758620689655,Buy
2024-10-02,GREK,0.034482758620689655,Buy
2024-10-02,QCOM,-0.03516999570546746,Sell
2024-10-02,JNJ,0.034482758620689655,Buy
2024-10-02,STI,0.034482758620689655,Buy
2024-10-02,KMB,1.5962963793511586e-06,Buy
2024-10-02,DPZ,0.034482758620689655,Buy
2024-10-02,VTR,0.034482758620689655,Buy
2024-10-02,BBT,0.0003212779869904564,Buy
2024-10-02,BDX,0.00011725318997403422,Buy
2024-10-02,WFC,0.034482758620689655,Buy
2024-10-02,QQQ,-0.034688211111850636,Sell
2024-10-02,EWI,0.034482758620689655,Buy
2024-10-02,ANF,-0.034126301637020205,Sell
2024-10-02,TSM,-0.03539015278713298,Sell
2024-10-02,XRT,0.0002930551606993223,Buy
2024-10-02,KEY,-9.25173935473686e-05,Sell
2024-10-02,ILMN,-0.03733564237655522,Sell
2024-10-02,TRP,0.034482758620689655,Buy
2024-10-02,KO,0.034482758620689655,Buy
2024-10-02,PVH,0.0008119957217764123,Buy
2024-10-02,HUM,-0.03055369702632089,Sell
2024-10-02,NTAP,-0.0351275465778433,Sell
2024-10-02,WSM,-0.034978687130088185,Sell
2024-10-02,NWSA,0.00013204320895222194,Buy
2024-10-02,RF,-0.00018724396453313058,Sell
2024-10-02,CP,0.0001397684469509261,Buy
2024-10-02,OHI,0.00013508586993227212,Buy
2024-10-02,CSIQ,0.034482758620689655,Buy
2024-10-02,COF,-0.03457319592306315,Sell
2024-10-02,ZUMZ,-0.034707052157015604,Sell
2024-10-02,VZ,0.034482758620689655,Buy
2024-10-02,MRK,0.034482758620689655,Buy
2024-10-03,MNST,8.376137228886804e-05,Buy
2024-10-03,BAX,0.0005147984260653743,Buy
2024-10-03,A,0.034482758620689655,Buy
2024-10-03,XLP,1.2150083492507013e-06,Buy
2024-10-03,WEN,0.034482758620689655,Buy
2024-10-03,DAL,-0.03415330789846848,Sell
2024-10-03,HYG,-0.00026415156465659645,Sell
2024-10-03,SPWR,0.001478761311984829,Buy
2024-10-03,CAG,0.0004982720586140521,Buy
2024-10-03,GREK,-0.03439251976119224,Sell
2024-10-03,JNJ,-0.00020220229580385912,Sell
2024-10-03,STI,-0.03591203091508738,Sell
2024-10-03,KMB,7.560609349328146e-05,Buy
2024-10-03,DPZ,-0.03463963745599414,Sell
2024-10-03,VTR,2.201182674960861e-05,Buy
2024-10-03,BBT,-0.0005093699996968765,Sell
2024-10-03,BDX,1.6531949672202173e-06,Buy
2024-10-03,WFC,-0.03462820703976725,Sell
2024-10-03,EWI,0.00018378231986659888,Buy
2024-10-03,XRT,-0.034686340624139736,Sell
2024-10-03,KEY,-0.035173536821267344,Sell
2024-10-03,TRP,-0.0006001236109784217,Sell
2024-10-03,KO,-0.00010665412476412728,Sell
2024-10-03,PVH,-0.0003359799126285562,Sell
2024-10-03,HUM,0.034482758620689655,Buy
2024-10-03,NWSA,-0.00012091258059407362,Sell
2024-10-03,PCG,0.034482758620689655,Buy
2024-10-03,DUK,0.034482758620689655,Buy
2024-10-03,RF,-0.00014629070509907666,Sell
2024-10-03,CP,0.00031237371838741673,Buy
2024-10-03,CLX,0.034482758620689655,Buy
2024-10-03,OHI,-0.0002861207241053598,Sell
2024-10-03,CSIQ,-0.03342855484360689,Sell
2024-10-03,ENB,0.034482758620689655,Buy
2024-10-03,ZUMZ,0.034482758620689655,Buy
2024-10-03,VZ,6.276518727226649e-05,Buy
2024-10-03,MRK,0.0002434465842343428,Buy
2024-10-04,MNST,-0.03444905598881887,Sell
2024-10-04,CNC,0.034482758620689655,Buy
2024-10-04,PPG,0.034482758620689655,Buy
2024-10-04,BAX,-0.03521872702022657,Sell
2024-10-04,A,0.00036758748977110817,Buy
2024-10-04,XLP,0.00035332547402849857,Buy
2024-10-04,WEN,-0.034685240183831206,Sell
2024-10-04,HYG,0.0005048552849248669,Buy
2024-10-04,SPWR,-0.005178836738832446,Sell
2024-10-04,CAG,0.0002809923077356502,Buy
2024-10-04,GREK,0.034482758620689655,Buy
2024-10-04,QCOM,0.034482758620689655,Buy
2024-10-04,JNJ,-0.03397182324878777,Sell
2024-10-04,KMB,0.000259959489013549,Buy
2024-10-04,NDAQ,0.034482758620689655,Buy
2024-10-04,VTR,0.00048817438874690366,Buy
2024-10-04,DHI,0.034482758620689655,Buy
2024-10-04,BBT,-0.0001518141376080917,Sell
2024-10-04,BDX,0.00034318494288296947,Buy
2024-10-04,EWI,0.00015784997112767984,Buy
2024-10-04,KGC,0.034482758620689655,Buy
2024-10-04,TRP,-0.00011649160951549692,Sell
2024-10-04,KO,0.0006352593763687131,Buy
2024-10-04,PVH,-0.03509905530207396,Sell
2024-10-04,HUM,-0.033770116384313514,Sell
2024-10-04,NWSA,0.0003095531058957199,Buy
2024-10-04,LOW,0.034482758620689655,Buy
2024-10-04,PCG,8.245810090735245e-05,Buy
2024-10-04,DUK,0.0009689165175760239,Buy
2024-10-04,RF,-0.03463811918118452,Sell
2024-10-04,CP,0.00024208913431439383,Buy
2024-10-04,CLX,-0.034058491465369635,Sell
2024-10-04,OHI,0.0010024573500818715,Buy
2024-10-04,ENB,0.0001909564077116968,Buy
2024-10-04,ZUMZ,-0.002168984580151731,Sell
2024-10-04,VZ,0.0007262150686847268,Buy
2024-10-04,MRK,0.0005930109199217132,Buy
2024-10-07,MNST,0.034482758620689655,Buy
2024-10-07,CNC,-0.034598558960053954,Sell
2024-10-07,PPG,-0.03493293209566712,Sell
2024-10-07,BAX,0.034482758620689655,Buy
2024-10-07,A,-0.03462422138735719,Sell
2024-10-07,XLP,-5.451926912095756e-05,Sell
2024-10-07,HYG,-0.0002523481462566174,Sell
2024-10-07,BUD,0.034482758620689655,Buy
2024-10-07,SPWR,0.0032907714122929754,Buy
2024-10-07,ICE,0.034482758620689655,Buy
2024-10-07,CAG,8.332469723637548e-05,Buy
2024-10-07,GREK,0.0001525066023148683,Buy
2024-10-07,QCOM,-0.034479296778266104,Sell
2024-10-07,KMB,-0.03485687032063457,Sell
2024-10-07,NDAQ,0.00020327545218910836,Buy
2024-10-07,DPZ,0.034482758620689655,Buy
2024-10-07,VTR,-0.034934303894541066,Sell
2024-10-07,DHI,-0.03498234542654332,Sell
2024-10-07,BBT,-5.686855434722249e-05,Sell
2024-10-07,BDX,-0.00029005483129726506,Sell
2024-10-07,QQQ,0.034482758620689655,Buy
2024-10-07,EWI,-0.03490254831789573,Sell
2024-10-07,KGC,-6.804754792959916e-05,Sell
2024-10-07,GOLD,0.034482758620689655,Buy
2024-10-07,TRP,-0.00020801470263860644,Sell
2024-10-07,KO,0.00017533956387352084,Buy
2024-10-07,D,0.034482758620689655,Buy
2024-10-07,NWSA,-0.00020116427052573743,Sell
2024-10-07,BX,0.034482758620689655,Buy
2024-10-07,LOW,-0.03498571435903653,Sell
2024-10-07,PCG,-0.034884099422478936,Sell
2024-10-07,DUK,0.0007670671770785842,Buy
2024-10-07,CP,0.00012348823870601822,Buy
2024-10-07,OHI,-0.0005343207060870686,Sell
2024-10-07,SYK,0.034482758620689655,Buy
2024-10-07,ENB,-0.0001805559207837884,Sell
2024-10-07,ZUMZ,-0.034063478202618826,Sell
2024-10-07,VZ,-0.00013287989368523934,Sell
2024-10-07,MRK,-2.6343330981955237e-05,Sell
2024-10-07,BMY,0.034482758620689655,Buy
2024-10-08,MNST,-0.03462893617876422,Sell
2024-10-08,CNC,0.034482758620689655,Buy
2024-10-08,PPG,0.034482758620689655,Buy
2024-10-08,AMTD,0.034482758620689655,Buy
2024-10-08,BAX,-0.035754341309211665,Sell
2024-10-08,VWO,0.034482758620689655,Buy
2024-10-08,A,0.034482758620689655,Buy
2024-10-08,CF,0.034482758620689655,Buy
2024-10-08,XLP,-0.000142102421325091,Sell
2024-10-08,HYG,-5.384508485091477e-05,Sell
2024-10-08,BUD,0.00044736841403168054,Buy
2024-10-08,SPWR,0.0014350393859027394,Buy
2024-10-08,ICE,-0.03500469923279803,Sell
2024-10-08,CAG,-8.964967160687148e-05,Sell
2024-10-08,GREK,3.704777466505965e-05,Buy
2024-10-08,QCOM,0.034482758620689655,Buy
2024-10-08,NDAQ,-0.03509573360292468,Sell
2024-10-08,DPZ,-0.03455064868856101,Sell
2024-10-08,VTR,0.034482758620689655,Buy
2024-10-08,EWC,0.034482758620689655,Buy
2024-10-08,BBT,0.00031949960521922977,Buy
2024-10-08,BDX,7.08279545799384e-05,Buy
2024-10-08,EOG,0.034482758620689655,Buy
2024-10-08,QQQ,-0.03496856824969339,Sell
2024-10-08,KGC,-0.034823297130192395,Sell
2024-10-08,GOLD,-0.034077369725024655,Sell
2024-10-08,TRP,0.00015931947162611815,Buy
2024-10-08,KO,-5.612671571918887e-05,Sell
2024-10-08,D,0.0001977299384437678,Buy
2024-10-08,NWSA,-0.03434795667394778,Sell
2024-10-08,BX,-0.0345395169672823,Sell
2024-10-08,PCG,0.034482758620689655,Buy
2024-10-08,DUK,-0.00010877922258582806,Sell
2024-10-08,CP,0.00027066655780260546,Buy
2024-10-08,PRGO,0.034482758620689655,Buy
2024-10-08,OHI,2.003359501374924e-05,Buy
2024-10-08,SYK,-0.03501803311343994,Sell
2024-10-08,ENB,0.00020600625217177815,Buy
2024-10-08,ZUMZ,0.034482758620689655,Buy
2024-10-08,VZ,-0.03458761427903799,Sell
2024-10-08,MRK,-0.034431799530754814,Sell
2024-10-08,BMY,0.0006476880400980364,Buy
2024-10-09,CNC,-0.0350339130901329,Sell
2024-10-09,PPG,-0.00011910206593999245,Sell
2024-10-09,AMTD,-0.03256456331615936,Sell
2024-10-09,VWO,0.00017521550142922393,Buy
2024-10-09,A,-0.03459023093767512,Sell
2024-10-09,CF,-0.0003167644020694721,Sell
2024-10-09,XLP,-0.034753663484277615,Sell
2024-10-09,HYG,-4.0340264372003276e-05,Sell
2024-10-09,BUD,-8.359363385217894e-05,Sell
2024-10-09,SPWR,-0.03175185688723294,Sell
2024-10-09,CAG,-0.000192212823338693,Sell
2024-10-09,GREK,8.767831739236315e-05,Buy
2024-10-09,QCOM,-0.03535062157303723,Sell
2024-10-09,KMB,0.034482758620689655,Buy
2024-10-09,VTR,-0.03472205101650742,Sell
2024-10-09,DHI,0.034482758620689655,Buy
2024-10-09,EWC,-0.03472957618816946,Sell
2024-10-09,BBT,-0.03506601927165495,Sell
2024-10-09,BDX,-0.00021356360819418246,Sell
2024-10-09,EOG,-0.0002184219929680306,Sell
2024-10-09,EWI,0.034482758620689655,Buy
2024-10-09,HTZ,0.034482758620689655,Buy
2024-10-09,XRT,0.034482758620689655,Buy
2024-10-09,TRP,-0.000456307633588067,Sell
2024-10-09,KO,-0.00025682093179273807,Sell
2024-10-09,D,0.00019939328196246636,Buy
2024-10-09,ULTA,0.034482758620689655,Buy
2024-10-09,PVH,0.034482758620689655,Buy
2024-10-09,HUM,0.034482758620689655,Buy
2024-10-09,WSM,0.034482758620689655,Buy
2024-10-09,BX,0.034482758620689655,Buy
2024-10-09,PCG,9.613300867226254e-05,Buy
2024-10-09,DUK,-0.00026497333441975746,Sell
2024-10-09,CP,6.483625124689696e-06,Buy
2024-10-09,PRGO,-0.034389491496862865,Sell
2024-10-09,OHI,-0.00022820550687680657,Sell
2024-10-09,XLE,0.034482758620689655,Buy
2024-10-09,COF,0.034482758620689655,Buy
2024-10-09,ENB,-0.0347830274678407,Sell
2024-10-09,ZUMZ,0.0002962976879944193,Buy
2024-10-09,BMY,-0.03475548252673647,Sell
2024-10-10,PPG,-0.034567485575512646,Sell
2024-10-10,VWO,-0.03466442055591943,Sell
2024-10-10,A,0.034482758620689655,Buy
2024-10-10,CF,-0.03491626995122838,Sell
2024-10-10,XLP,0.034482758620689655,Buy
2024-10-10,HYG,-9.172063888387982e-05,Sell
2024-10-10,BUD,-1.510765396790792e-06,Sell
2024-10-10,ICE,0.034482758620689655,Buy
2024-10-10,CAG,-0.034745341640727276,Sell
2024-10-10,GREK,0.00010003881941214599,Buy
2024-10-10,QCOM,0.034482758620689655,Buy
2024-10-10,KMB,0.00016333941545107478,Buy
2024-10-10,NDAQ,0.034482758620689655,Buy
2024-10-10,DPZ,0.034482758620689655,Buy
2024-10-10,VTR,0.034482758620689655,Buy
2024-10-10,DHI,0.00024001056865941006,Buy
2024-10-10,BDX,0.0002785764133958757,Buy
2024-10-10,EOG,-0.00043404476714570955,Sell
2024-10-10,EWI,-0.034683112456715515,Sell
2024-10-10,HTZ,0.0010580561342521597,Buy
2024-10-10,XRT,0.00016124238838398364,Buy
2024-10-10,TRP,-2.0133529216662116e-06,Sell
2024-10-10,KO,4.995242335934652e-05,Buy
2024-10-10,D,0.0004369023476904557,Buy
2024-10-10,ULTA,-0.03451115418980245,Sell
2024-10-10,PVH,0.00023361940107708562,Buy
2024-10-10,HUM,-0.03543610155998231,Sell
2024-10-10,WSM,0.0005984647313108521,Buy
2024-10-10,BX,-0.03473408892747592,Sell
2024-10-10,PCG,-9.146132917722122e-05,Sell
2024-10-10,DUK,-0.03515125108297331,Sell
2024-10-10,CP,-0.034914396190317824,Sell
2024-10-10,CLX,0.034482758620689655,Buy
2024-10-10,OHI,4.116875719190061e-06,Buy
2024-10-10,XLE,-0.00034324231457344423,Sell
2024-10-10,COF,-0.03443923199639114,Sell
2024-10-10,ENB,0.034482758620689655,Buy
2024-10-10,ZUMZ,0.000884142702162187,Buy
2024-10-10,VZ,0.034482758620689655,Buy
2024-10-10,BMY,0.034482758620689655,Buy
2024-10-11,CNC,0.034482758620689655,Buy
2024-10-11,PPG,0.034482758620689655,Buy
2024-10-11,BAX,0.034482758620689655,Buy
2024-10-11,A,5.166610258904719e-05,Buy
2024-10-11,HP,0.034482758620689655,Buy
2024-10-11,XLP,-0.034361942013060504,Sell
2024-10-11,HYG,-0.03426297054433118,Sell
2024-10-11,BUD,-0.034588558192432374,Sell
2024-10-11,ICE,-9.819593530447507e-05,Sell
2024-10-11,CAG,0.034482758620689655,Buy
2024-10-11,GREK,-5.811548870866823e-06,Sell
2024-10-11,QCOM,1.4168385350198098e-05,Buy
2024-10-11,JNJ,0.034482758620689655,Buy
2024-10-11,KMB,2.1932416633466123e-05,Buy
2024-10-11,NDAQ,0.0004148594536837677,Buy
2024-10-11,DPZ,-0.03592150237943008,Sell
2024-10-11,VTR,-0.034938465644352185,Sell
2024-10-11,DHI,0.0004164333507618648,Buy
2024-10-11,BDX,0.00017094178652195952,Buy
2024-10-11,EOG,0.00024300305420615204,Buy
2024-10-11,QQQ,0.034482758620689655,Buy
2024-10-11,SIRI,0.034482758620689655,Buy
2024-10-11,HTZ,-0.033304662519480395,Sell
2024-10-11,XRT,-0.034692728325916515,Sell
2024-10-11,TRP,-0.0001523868807011483,Sell
2024-10-11,KO,0.00015231605331882114,Buy
2024-10-11,D,-0.034622095193655444,Sell
2024-10-11,PVH,-0.00012441464592545526,Sell
2024-10-11,EW,0.034482758620689655,Buy
2024-10-11,HUM,0.034482758620689655,Buy
2024-10-11,WSM,-0.034801786790903184,Sell
2024-10-11,PCG,0.0001703832054947077,Buy
2024-10-11,CLX,-0.034659020219205756,Sell
2024-10-11,OHI,-0.03435389863558815,Sell
2024-10-11,XLE,9.90510765864483e-05,Buy
2024-10-11,ENB,0.0001513913654467916,Buy
2024-10-11,ZUMZ,-0.0012292292393896523,Sell
2024-10-11,VZ,0.00027043917969781645,Buy
2024-10-11,MRK,0.034482758620689655,Buy
2024-10-11,BMY,0.00044065264757219,Buy
2024-10-14,CNC,-0.03431082858586294,Sell
2024-10-14,PPG,0.00032197517410023635,Buy
2024-10-14,BAX,4.318813577230268e-05,Buy
2024-10-14,VWO,0.034482758620689655,Buy
2024-10-14,A,0.00028649576682115985,Buy
2024-10-14,CF,0.034482758620689655,Buy
2024-10-14,HP,0.0008002184387099348,Buy
2024-10-14,XLP,0.034482758620689655,Buy
2024-10-14,ICE,-0.034473919518983695,Sell
2024-10-14,RRC,0.034482758620689655,Buy
2024-10-14,CAG,0.0002955665728080481,Buy
2024-10-14,GREK,0.0009803800696128254,Buy
2024-10-14,QCOM,-0.03571099551520244,Sell
2024-10-14,JNJ,0.0003588744737482233,Buy
2024-10-14,STI,0.034482758620689655,Buy
2024-10-14,KMB,7.924386201877548e-05,Buy
2024-10-14,NDAQ,-0.034546561863834105,Sell
2024-10-14,HAS,0.034482758620689655,Buy
2024-10-14,DPZ,0.034482758620689655,Buy
2024-10-14,DHI,-0.034894373752477406,Sell
2024-10-14,BDX,-0.00011901972478821354,Sell
2024-10-14,EOG,0.0006406999455505838,Buy
2024-10-14,QQQ,-0.03438042558305658,Sell
2024-10-14,SIRI,-0.002305745033946302,Sell
2024-10-14,XRT,0.034482758620689655,Buy
2024-10-14,TRP,-0.00044022604432174955,Sell
2024-10-14,KO,-0.03447168774533476,Sell
2024-10-14,PVH,0.00027260632302672505,Buy
2024-10-14,EW,-0.034844972942135434,Sell
2024-10-14,HUM,-0.03535335177718299,Sell
2024-10-14,NTAP,0.034482758620689655,Buy
2024-10-14,PCG,-0.035153809414894314,Sell
2024-10-14,DUK,0.034482758620689655,Buy
2024-10-14,NTES,0.034482758620689655,Buy
2024-10-14,CP,0.034482758620689655,Buy
2024-10-14,XLE,0.00040312697063764336,Buy
2024-10-14,ENB,0.0003220210307862889,Buy
2024-10-14,ZUMZ,0.0004649808076765405,Buy
2024-10-14,VZ,-0.03424497777461286,Sell
2024-10-14,MRK,0.00040086249427268017,Buy
2024-10-14,BMY,-0.034401307901137414,Sell
2024-10-15,CNC,0.034482758620689655,Buy
2024-10-15,PPG,-0.03499940848318094,Sell
2024-10-15,BAX,9.650378315904928e-05,Buy
2024-10-15,VWO,0.0005463245985045315,Buy
2024-10-15,A,-0.00022666669008906265,Sell
2024-10-15,CF,0.0006207931172608691,Buy
2024-10-15,HP,-0.0327731140311195,Sell
2024-10-15,XLP,-0.03484988409487998,Sell
2024-10-15,NVDA,0.034482758620689655,Buy
2024-10-15,HYG,0.034482758620689655,Buy
2024-10-15,NSC,0.034482758620689655,Buy
2024-10-15,RRC,0.0006226226741499127,Buy
2024-10-15,CAG,-0.00030030462512115746,Sell
2024-10-15,GREK,-8.795710858523764e-05,Sell
2024-10-15,QCOM,0.034482758620689655,Buy
2024-10-15,JNJ,-0.03516593618416218,Sell
2024-10-15,STI,-0.034054627968233234,Sell
2024-10-15,KMB,-0.03503792036386217,Sell
2024-10-15,HAS,-0.034664064974172494,Sell
2024-10-15,DPZ,-0.03456386106907249,Sell
2024-10-15,EWC,0.034482758620689655,Buy
2024-10-15,BDX,-0.0004071471531897908,Sell
2024-10-15,MU,0.034482758620689655,Buy
2024-10-15,EOG,0.0009562377525087068,Buy
2024-10-15,QQQ,0.034482758620689655,Buy
2024-10-15,EWI,0.034482758620689655,Buy
2024-10-15,SIRI,-0.03486192702844296,Sell
2024-10-15,XRT,-0.03512127177381942,Sell
2024-10-15,TRP,-0.00016224435555348832,Sell
2024-10-15,KO,0.034482758620689655,Buy
2024-10-15,PVH,-0.00013323016067742083,Sell
2024-10-15,NTAP,0.0002565725936852295,Buy
2024-10-15,DUK,-0.03524101991158681,Sell
2024-10-15,NTES,0.001058365723937936,Buy
2024-10-15,CP,6.40061479605103e-05,Buy
2024-10-15,PRGO,0.034482758620689655,Buy
2024-10-15,BSX,0.034482758620689655,Buy
2024-10-15,XLE,-0.03351405949045037,Sell
2024-10-15,ENB,-0.0002652526042196679,Sell
2024-10-15,ZUMZ,-0.0010669630277554618,Sell
2024-10-15,MT,0.034482758620689655,Buy
2024-10-15,MRK,-0.035211103207089575,Sell
2024-10-16,CNC,-0.00022639207562590025,Sell
2024-10-16,PPG,0.034482758620689655,Buy
2024-10-16,BAX,8.136713829214048e-05,Buy
2024-10-16,VWO,-0.00013706216222193757,Sell
2024-10-16,A,0.0014819530397959108,Buy
2024-10-16,CF,0.0003818663932664834,Buy
2024-10-16,XLP,0.034482758620689655,Buy
2024-10-16,NVDA,-0.03537223584833387,Sell
2024-10-16,HYG,-0.03435878400970172,Sell
2024-10-16,SPWR,0.034482758620689655,Buy
2024-10-16,NSC,6.297972965869925e-06,Buy
2024-10-16,ICE,0.034482758620689655,Buy
2024-10-16,RRC,0.00033343518201032346,Buy
2024-10-16,CAG,2.197374550018394e-05,Buy
2024-10-16,GREK,-0.034753737670531255,Sell
2024-10-16,QCOM,0.0006985216910487535,Buy
2024-10-16,JNJ,0.034482758620689655,Buy
2024-10-16,KMB,0.034482758620689655,Buy
2024-10-16,DPZ,0.034482758620689655,Buy
2024-10-16,EWC,-0.034620925184369565,Sell
2024-10-16,BDX,0.0004084109480415529,Buy
2024-10-16,MU,-0.035916056508835954,Sell
2024-10-16,EOG,0.0001627455647003201,Buy
2024-10-16,QQQ,0.00018011630622392222,Buy
2024-10-16,EWI,-7.586802692594041e-05,Sell
2024-10-16,SIRI,0.034482758620689655,Buy
2024-10-16,TRP,-0.00021144548960880943,Sell
2024-10-16,KO,7.216421952081081e-05,Buy
2024-10-16,PVH,-0.00026276811415057444,Sell
2024-10-16,EW,0.034482758620689655,Buy
2024-10-16,NTAP,4.752751155529672e-05,Buy
2024-10-16,NWSA,0.034482758620689655,Buy
2024-10-16,NTES,-0.034219027789970116,Sell
2024-10-16,HMC,0.034482758620689655,Buy
2024-10-16,CP,-0.034547083512791406,Sell
2024-10-16,PRGO,-0.034425482041529676,Sell
2024-10-16,BSX,-0.034389366704674726,Sell
2024-10-16,ENB,-0.034730402880130844,Sell
2024-10-16,ZUMZ,-0.03496006152964356,Sell
2024-10-16,MT,-0.03468787536243937,Sell
2024-10-16,MRK,0.034482758620689655,Buy
2024-10-17,CNC,0.0031151704847621822,Buy
2024-10-17,PPG,-0.034769034812612995,Sell
2024-10-17,BAX,-0.03440109986471025,Sell
2024-10-17,VWO,8.760102600844505e-05,Buy
2024-10-17,A,0.0003975879346614711,Buy
2024-10-17,CF,-0.03499388597470838,Sell
2024-10-17,XLP,0.0001332935650911818,Buy
2024-10-17,HYG,0.034482758620689655,Buy
2024-10-17,SPWR,-0.03650683106010219,Sell
2024-10-17,NSC,0.00097851733380757,Buy
2024-10-17,ICE,4.527148039136508e-05,Buy
2024-10-17,RRC,-0.03462025384556943,Sell
2024-10-17,CAG,-0.03518932335208709,Sell
2024-10-17,QCOM,5.4867150704233925e-05,Buy
2024-10-17,JNJ,-6.150208228668241e-05,Sell
2024-10-17,KMB,-5.7058459285039276e-05,Sell
2024-10-17,DPZ,-0.00010375362937384974,Sell
2024-10-17,VTR,0.034482758620689655,Buy
2024-10-17,BDX,-3.4518245182760254e-05,Sell
2024-10-17,EBAY,0.034482758620689655,Buy
2024-10-17,EOG,-0.0001825800306326092,Sell
2024-10-17,QQQ,-4.548484143213766e-05,Sell
2024-10-17,EWI,-0.03482681951675182,Sell
2024-10-17,SIRI,-5.982850969464548e-05,Sell
2024-10-17,KEY,0.034482758620689655,Buy
2024-10-17,TRP,-0.00016007271442825682,Sell
2024-10-17,KO,0.0003059973946439448,Buy
2024-10-17,PVH,-0.03499027953166223,Sell
2024-10-17,EW,-0.0345902295202045,Sell
2024-10-17,NTAP,-0.03472637676526225,Sell
2024-10-17,WSM,0.034482758620689655,Buy
2024-10-17,NWSA,-0.00011318272047820127,Sell
2024-10-17,PCG,0.034482758620689655,Buy
2024-10-17,NTES,0.034482758620689655,Buy
2024-10-17,HMC,8.942737378935667e-05,Buy
2024-10-17,CP,0.034482758620689655,Buy
2024-10-17,OHI,0.034482758620689655,Buy
2024-10-17,BSX,0.034482758620689655,Buy
2024-10-17,MRK,0.00018777372335672393,Buy
2024-10-18,CNC,0.0007381106694354586,Buy
2024-10-18,PPG,0.034482758620689655,Buy
2024-10-18,VWO,-0.0346986242805419,Sell
2024-10-18,A,-0.0001468109840717935,Sell
2024-10-18,CF,0.034482758620689655,Buy
2024-10-18,XLP,0.00012971112692727882,Buy
2024-10-18,HYG,-0.03435966815094671,Sell
2024-10-18,SPWR,0.034482758620689655,Buy
2024-10-18,NSC,-0.00036538307559427774,Sell
2024-10-18,ICE,-0.03469798295605358,Sell
2024-10-18,CAG,0.034482758620689655,Buy
2024-10-18,QCOM,0.0002409639390954718,Buy
2024-10-18,JNJ,6.943764854195483e-05,Buy
2024-10-18,KMB,0.0003644517887229845,Buy
2024-10-18,DPZ,0.00024721231728701276,Buy
2024-10-18,VTR,-0.03491707820122949,Sell
2024-10-18,BBT,0.034482758620689655,Buy
2024-10-18,BDX,-0.000282888182920292,Sell
2024-10-18,EBAY,0.00041992982199738627,Buy
2024-10-18,EOG,0.0003182248226881734,Buy
2024-10-18,QQQ,-0.03450254547775303,Sell
2024-10-18,SIRI,-0.0004401860072928421,Sell
2024-10-18,ANF,0.034482758620689655,Buy
2024-10-18,KEY,-0.03447657330266277,Sell
2024-10-18,TRP,-0.00020617194329040217,Sell
2024-10-18,KO,-5.991545698164069e-05,Sell
2024-10-18,NTAP,0.034482758620689655,Buy
2024-10-18,WSM,-0.0348120142707636,Sell
2024-10-18,NWSA,0.0003475080987780099,Buy
2024-10-18,PCG,-0.03444688182514962,Sell
2024-10-18,DUK,0.034482758620689655,Buy
2024-10-18,NTES,-0.03543435078556985,Sell
2024-10-18,RF,0.034482758620689655,Buy
2024-10-18,HMC,0.00022703041056803402,Buy
2024-10-18,CP,0.0006693643333591306,Buy
2024-10-18,OHI,-0.03500986246224448,Sell
2024-10-18,BSX,-0.03493231985089232,Sell
2024-10-18,XLE,0.034482758620689655,Buy
2024-10-18,ZUMZ,0.034482758620689655,Buy
2024-10-18,MRK,0.0005328444464009832,Buy
2024-10-21,CNC,0.0002154411137918269,Buy
2024-10-21,PPG,0.0002039128980958066,Buy
2024-10-21,A,0.0001619301289173189,Buy
2024-10-21,CF,-0.034919131791331486,Sell
2024-10-21,XLP,-6.524397410222899e-05,Sell
2024-10-21,HYG,0.034482758620689655,Buy
2024-10-21,SPWR,-0.0008042238931430107,Sell
2024-10-21,NSC,0.00022364286767967423,Buy
2024-10-21,CAG,-0.03390955011050153,Sell
2024-10-21,QCOM,3.1781649179336846e-05,Buy
2024-10-21,JNJ,0.00012562892368781636,Buy
2024-10-21,KMB,-7.00370667119643e-05,Sell
2024-10-21,DPZ,-0.03503854207919106,Sell
2024-10-21,DHI,0.034482758620689655,Buy
2024-10-21,EWC,0.034482758620689655,Buy
2024-10-21,BBT,-0.03388356623003532,Sell
2024-10-21,BDX,0.00010412649548795228,Buy
2024-10-21,EBAY,6.620787484409169e-05,Buy
2024-10-21,EOG,-0.034589920110658784,Sell
2024-10-21,EWI,0.034482758620689655,Buy
2024-10-21,SIRI,-0.03429770429610525,Sell
2024-10-21,ANF,-0.03553822969664399,Sell
2024-10-21,KEY,0.034482758620689655,Buy
2024-10-21,GOLD,0.034482758620689655,Buy
2024-10-21,TRP,0.00017844751532794523,Buy
2024-10-21,KO,0.0001321117708555225,Buy
2024-10-21,PVH,0.034482758620689655,Buy
2024-10-21,NTAP,-2.438034881755563e-05,Sell
2024-10-21,WSM,0.034482758620689655,Buy
2024-10-21,NWSA,-0.03484031225351044,Sell
2024-10-21,LOW,0.034482758620689655,Buy
2024-10-21,DUK,-0.03458931084512901,Sell
2024-10-21,RF,-0.03456240899888533,Sell
2024-10-21,HMC,-0.03432266107832901,Sell
2024-10-21,CP,0.0002210923835410175,Buy
2024-10-21,CLX,0.034482758620689655,Buy
2024-10-21,XLE,-0.03473618840023506,Sell
2024-10-21,ENB,0.034482758620689655,Buy
2024-10-21,ZUMZ,-0.034341480526512015,Sell
2024-10-21,VZ,0.034482758620689655,Buy
2024-10-21,MRK,0.00039886559694982116,Buy
2024-10-21,BMY,0.034482758620689655,Buy
2024-10-22,CNC,-0.00020945007450351438,Sell
2024-10-22,PPG,0.00042191612745468704,Buy
2024-10-22,A,0.0006609308053667842,Buy
2024-10-22,XLP,-0.03485361106557767,Sell
2024-10-22,HYG,-0.0001273919225995429,Sell
2024-10-22,BUD,0.034482758620689655,Buy
2024-10-22,SPWR,-0.03597425131967033,Sell
2024-10-22,NSC,-0.03637174989483887,Sell
2024-10-22,ICE,0.034482758620689655,Buy
2024-10-22,CAG,0.034482758620689655,Buy
2024-10-22,QCOM,-0.03551324444825344,Sell
2024-10-22,JNJ,-0.00030731731946764124,Sell
2024-10-22,STI,0.034482758620689655,Buy
2024-10-22,KMB,0.0013771825800088927,Buy
2024-10-22,HAS,0.034482758620689655,Buy
2024-10-22,DHI,0.0009186962711850502,Buy
2024-10-22,EWC,-0.00021684284112398478,Sell
2024-10-22,BDX,-5.863874462710972e-05,Sell
2024-10-22,EBAY,0.00027839747656176195,Buy
2024-10-22,EOG,0.034482758620689655,Buy
2024-10-22,EWI,0.0002705759682726447,Buy
2024-10-22,XRT,0.034482758620689655,Buy
2024-10-22,KEY,-0.03482035790545892,Sell
2024-10-22,GOLD,0.0002983833495743479,Buy
2024-10-22,TRP,-0.00020463380970348055,Sell
2024-10-22,KO,-0.00017535934215183457,Sell
2024-10-22,PVH,0.00029669028432769556,Buy
2024-10-22,HUM,0.034482758620689655,Buy
2024-10-22,NTAP,0.0013650639801619305,Buy
2024-10-22,WSM,-0.034692833622987924,Sell
2024-10-22,LOW,0.00040302403248587,Buy
2024-10-22,CP,-0.03505421349172379,Sell
2024-10-22,CLX,8.826484045545285e-05,Buy
2024-10-22,ENB,-0.00010027238810558087,Sell
2024-10-22,VZ,0.0015694415979105245,Buy
2024-10-22,MRK,-0.00027313333567048625,Sell
2024-10-22,BMY,-0.03508369806682239,Sell
2024-10-23,CNC,0.0005160897918181154,Buy
2024-10-23,PPG,-0.00010036281243158696,Sell
2024-10-23,VWO,0.034482758620689655,Buy
2024-10-23,A,-7.62915357144095e-05,Sell
2024-10-23,HYG,-8.316012583534788e-05,Sell
2024-10-23,BUD,-0.034627857883135216,Sell
2024-10-23,SPWR,0.034482758620689655,Buy
2024-10-23,ICE,8.404235108033786e-06,Buy
2024-10-23,CAG,-0.00015271745558879946,Sell
2024-10-23,QCOM,0.034482758620689655,Buy
2024-10-23,JNJ,-0.03518197187661748,Sell
2024-10-23,STI,9.464009371541043e-05,Buy
2024-10-23,KMB,2.845280113672466e-05,Buy
2024-10-23,HAS,0.00015850814840463745,Buy
2024-10-23,DHI,-0.00016878231338424837,Sell
2024-10-23,EWC,6.071238488394859e-05,Buy
2024-10-23,BDX,-0.03478791761125301,Sell
2024-10-23,EBAY,-0.034862400034452644,Sell
2024-10-23,EOG,-0.03457650682147241,Sell
2024-10-23,EWI,-0.0001247320516367459,Sell
2024-10-23,ANF,0.034482758620689655,Buy
2024-10-23,MAR,0.034482758620689655,Buy
2024-10-23,XRT,2.583893050060737e-05,Buy
2024-10-23,GOLD,0.001160729600277792,Buy
2024-10-23,WMB,0.034482758620689655,Buy
2024-10-23,TRP,0.00013384006711789076,Buy
2024-10-23,KO,0.000530877771068819,Buy
2024-10-23,PVH,0.001057438057076969,Buy
2024-10-23,HUM,-0.0341870029580807,Sell
2024-10-23,NTAP,2.624791836466911e-05,Buy
2024-10-23,LOW,-6.521409076445939e-05,Sell
2024-10-23,CLX,-0.03490562271465435,Sell
2024-10-23,XLE,0.034482758620689655,Buy
2024-10-23,M,0.034482758620689655,Buy
2024-10-23,ENB,4.384443075079736e-06,Buy
2024-10-23,VZ,-0.0013242011030013892,Sell
2024-10-23,MRK,-0.03458622771051632,Sell
2024-10-24,CNC,-0.03558677941276616,Sell
2024-10-24,PPG,-0.03480987996069044,Sell
2024-10-24,AMTD,0.034482758620689655,Buy
2024-10-24,BAX,0.034482758620689655,Buy
2024-10-24,VWO,-2.783726849948237e-05,Sell
2024-10-24,A,0.000543200349009787,Buy
2024-10-24,CF,0.034482758620689655,Buy
2024-10-24,XLP,0.034482758620689655,Buy
2024-10-24,HYG,-0.03464765979139203,Sell
2024-10-24,SPWR,0.000955896506119415,Buy
2024-10-24,ICE,-0.034945066053475415,Sell
2024-10-24,CAG,-0.03442994098369845,Sell
2024-10-24,GREK,0.034482758620689655,Buy
2024-10-24,QCOM,-0.0003755337261643482,Sell
2024-10-24,JNJ,0.034482758620689655,Buy
2024-10-24,STI,-0.035115142378474413,Sell
2024-10-24,KMB,-9.4764982719861e-05,Sell
2024-10-24,HAS,0.002013362153793552,Buy
2024-10-24,DHI,-0.0350090493419535,Sell
2024-10-24,EWC,2.0860978477074688e-06,Buy
2024-10-24,BDX,0.034482758620689655,Buy
2024-10-24,EWI,-0.034646495937402606,Sell
2024-10-24,ANF,0.0011461424126529979,Buy
2024-10-24,MAR,-0.03492377685435941,Sell
2024-10-24,XRT,-0.03455180156864372,Sell
2024-10-24,GOLD,-7.322642269296659e-05,Sell
2024-10-24,WMB,-0.03479187992416366,Sell
2024-10-24,TRP,-0.034569315218595895,Sell
2024-10-24,KO,0.00029617518547471466,Buy
2024-10-24,PVH,-0.00023189982029699768,Sell
2024-10-24,HUM,0.034482758620689655,Buy
2024-10-24,NTAP,-0.0003054239846347617,Sell
2024-10-24,NWSA,0.034482758620689655,Buy
2024-10-24,LOW,-0.03470711904553557,Sell
2024-10-24,DUK,0.034482758620689655,Buy
2024-10-24,NTES,0.034482758620689655,Buy
2024-10-24,CP,0.034482758620689655,Buy
2024-10-24,BSX,0.034482758620689655,Buy
2024-10-24,XLE,-0.034543405336884346,Sell
2024-10-24,M,-0.0002221315337365276,Sell
2024-10-24,ENB,1.094597764415145e-05,Buy
2024-10-24,VZ,0.0007415688071630913,Buy
2024-10-24,MRK,0.034482758620689655,Buy
2024-10-25,MET,0.034482758620689655,Buy
2024-10-25,AMTD,-0.034071511497701684,Sell
2024-10-25,BAX,-0.03398214483339896,Sell
2024-10-25,VWO,-0.034670652963959055,Sell
2024-10-25,A,-8.462251653937325e-05,Sell
2024-10-25,CF,-0.034687625889012946,Sell
2024-10-25,XLP,7.129524941579951e-05,Buy
2024-10-25,BUD,0.034482758620689655,Buy
2024-10-25,SPWR,0.0003861021308126586,Buy
2024-10-25,GREK,-7.784851114006619e-05,Sell
2024-10-25,QCOM,-0.03514808057263655,Sell
2024-10-25,JNJ,0.00037413563981555237,Buy
2024-10-25,KMB,0.00015998923463870357,Buy
2024-10-25,HAS,-0.0003853687906023931,Sell
2024-10-25,VTR,0.034482758620689655,Buy
2024-10-25,EWC,1.7078663812182537e-05,Buy
2024-10-25,BDX,-0.0001461198131746111,Sell
2024-10-25,EBAY,0.034482758620689655,Buy
2024-10-25,EOG,0.034482758620689655,Buy
2024-10-25,ANF,-0.03443010590563816,Sell
2024-10-25,GOLD,0.00021264346594153383,Buy
2024-10-25,KO,-2.144810391227492e-05,Sell
2024-10-25,PVH,-0.03468154684247635,Sell
2024-10-25,HUM,-0.03498865788293635,Sell
2024-10-25,NTAP,-9.287333237963102e-05,Sell
2024-10-25,NWSA,-0.00027086304105310155,Sell
2024-10-25,DUK,0.000310321626593002,Buy
2024-10-25,NTES,-0.03507400962398626,Sell
2024-10-25,CME,0.034482758620689655,Buy
2024-10-25,CP,0.00040139699746154917,Buy
2024-10-25,CLX,0.034482758620689655,Buy
2024-10-25,PRGO,0.034482758620689655,Buy
2024-10-25,BSX,-6.650977137677427e-05,Sell
2024-10-25,M,-0.00017234397476629387,Sell
2024-10-25,ENB,-5.708405358340052e-05,Sell
2024-10-25,VZ,0.0001805157751574582,Buy
2024-10-25,MRK,0.00040530265620278283,Buy
2024-10-25,BMY,0.034482758620689655,Buy
2024-10-28,MET,-0.034654914007048815,Sell
2024-10-28,CNC,0.034482758620689655,Buy
2024-10-28,AMTD,0.034482758620689655,Buy
2024-10-28,A,-0.03471927601295393,Sell
2024-10-28,CF,0.034482758620689655,Buy
2024-10-28,XLP,5.620751618634623e-05,Buy
2024-10-28,BUD,-0.034626462575461155,Sell
2024-10-28,SPWR,0.0013361837346961072,Buy
2024-10-28,GREK,7.078868620259693e-06,Buy
2024-10-28,JNJ,-3.398906942437413e-05,Sell
2024-10-28,KMB,9.444292769319323e-05,Buy
2024-10-28,HAS,0.0004405556776521935,Buy
2024-10-28,VTR,0.00024144900339514302,Buy
2024-10-28,DHI,0.034482758620689655,Buy
2024-10-28,EWC,-0.00010561893495623226,Sell
2024-10-28,BDX,7.238621354280217e-06,Buy
2024-10-28,EBAY,0.00017969360165563664,Buy
2024-10-28,EOG,0.00042668519395680504,Buy
2024-10-28,EWI,0.034482758620689655,Buy
2024-10-28,GOLD,-0.0003377901824572205,Sell
2024-10-28,TRP,0.034482758620689655,Buy
2024-10-28,KO,0.00024817374552740107,Buy
2024-10-28,ULTA,0.034482758620689655,Buy
2024-10-28,EW,0.034482758620689655,Buy
2024-10-28,NTAP,-0.03465073235027461,Sell
2024-10-28,NWSA,-0.035050487924691044,Sell
2024-10-28,DUK,0.00016377304938933884,Buy
2024-10-28,CME,-0.03466383349085652,Sell
2024-10-28,CP,-0.00023225545575805695,Sell
2024-10-28,CLX,-0.034588849196569,Sell
2024-10-28,PRGO,-0.03529428510945434,Sell
2024-10-28,BSX,0.00010763060684261527,Buy
2024-10-28,XLE,0.034482758620689655,Buy
2024-10-28,M,-0.00014814054539068894,Sell
2024-10-28,ENB,0.00017855760484930538,Buy
2024-10-28,VZ,-7.950565111045083e-05,Sell
2024-10-28,MRK,3.717932926099177e-05,Buy
2024-10-28,BMY,-0.03483948614298188,Sell
2024-10-29,CNC,-0.034145763759293714,Sell
2024-10-29,PPG,0.034482758620689655,Buy
2024-10-29,AMTD,-0.03571810837706645,Sell
2024-10-29,CF,-1.0005716224066596e-05,Sell
2024-10-29,XLP,9.890529831484834e-05,Buy
2024-10-29,SPWR,0.0002346989996776308,Buy
2024-10-29,GREK,-0.0004964659878434752,Sell
2024-10-29,JNJ,-0.034401462194873736,Sell
2024-10-29,KMB,-0.03444172204288354,Sell
2024-10-29,HAS,-0.00015345771491569876,Sell
2024-10-29,DPZ,0.034482758620689655,Buy
2024-10-29,VTR,-0.03541788405164076,Sell
2024-10-29,DHI,0.0022710739508934735,Buy
2024-10-29,EWC,-0.00010907138306297942,Sell
2024-10-29,BDX,-3.9687982817539214e-05,Sell
2024-10-29,EBAY,-0.00012189076709204216,Sell
2024-10-29,EOG,0.00020628970051530388,Buy
2024-10-29,EWI,1.6971684366220985e-05,Buy
2024-10-29,GOLD,2.5463532696140545e-06,Buy
2024-10-29,WMB,0.034482758620689655,Buy
2024-10-29,TRP,0.00012790184306389618,Buy
2024-10-29,KO,0.00033497396287669734,Buy
2024-10-29,D,0.034482758620689655,Buy
2024-10-29,ULTA,-0.00022125376083034776,Sell
2024-10-29,EW,-0.03515672219791153,Sell
2024-10-29,LOW,0.034482758620689655,Buy
2024-10-29,PCG,0.034482758620689655,Buy
2024-10-29,DUK,0.0005429424029434818,Buy
2024-10-29,CP,-0.00028329640281687246,Sell
2024-10-29,CLX,0.034482758620689655,Buy
2024-10-29,BSX,-0.00016123910137150893,Sell
2024-10-29,XLE,0.0002862713396088179,Buy
2024-10-29,M,-0.034860271976836436,Sell
2024-10-29,ENB,0.00015615751224808128,Buy
2024-10-29,VZ,-1.2203415689707175e-06,Sell
2024-10-29,MRK,-7.660047537488834e-05,Sell
2024-10-30,PPG,0.0002462810563209211,Buy
2024-10-30,VWO,0.034482758620689655,Buy
2024-10-30,CF,-0.03464597677591977,Sell
2024-10-30,XLP,7.043774835395478e-05,Buy
2024-10-30,HYG,0.034482758620689655,Buy
2024-10-30,BUD,0.034482758620689655,Buy
2024-10-30,SPWR,-0.0006265516726564543,Sell
2024-10-30,GREK,0.0004622394611948355,Buy
2024-10-30,QCOM,0.034482758620689655,Buy
2024-10-30,KMB,0.034482758620689655,Buy
2024-10-30,HAS,-0.03500373961465701,Sell
2024-10-30,DPZ,0.00027501668622657155,Buy
2024-10-30,DHI,-0.00039110996991976316,Sell
2024-10-30,EWC,4.812420452642713e-05,Buy
2024-10-30,BDX,0.00014531966992775702,Buy
2024-10-30,EBAY,9.15862450642374e-05,Buy
2024-10-30,EOG,-0.034476627343856446,Sell
2024-10-30,EWI,0.000283854885053475,Buy
2024-10-30,HTZ,0.034482758620689655,Buy
2024-10-30,GOLD,0.00018139846978682678,Buy
2024-10-30,WMB,-0.03490022652176418,Sell
2024-10-30,TRP,-0.00011931694500102313,Sell
2024-10-30,KO,-0.00017455561041272716,Sell
2024-10-30,D,0.00011466890983987538,Buy
2024-10-30,ULTA,0.0003531882289532634,Buy
2024-10-30,NTAP,0.034482758620689655,Buy
2024-10-30,LOW,-0.034260946720483854,Sell
2024-10-30,PCG,-0.00010520434590946537,Sell
2024-10-30,DUK,0.0001382364623901608,Buy
2024-10-30,CP,-0.03455201361942984,Sell
2024-10-30,CLX,8.503777443396449e-05,Buy
2024-10-30,CSIQ,0.034482758620689655,Buy
2024-10-30,BSX,0.00024705488557839883,Buy
2024-10-30,XLE,-0.03454652808058207,Sell
2024-10-30,ENB,-0.00014739222670944602,Sell
2024-10-30,VZ,5.641864279868486e-05,Buy
2024-10-30,MRK,-0.034833558963108274,Sell
2024-10-31,MET,0.034482758620689655,Buy
2024-10-31,PPG,-0.034561138504088595,Sell
2024-10-31,VWO,-0.0003256229539966571,Sell
2024-10-31,XLP,-0.0003308533211235781,Sell
2024-10-31,NVDA,0.034482758620689655,Buy
2024-10-31,HYG,-0.03478643612998649,Sell
2024-10-31,BUD,-0.03292022526868259,Sell
2024-10-31,SPWR,0.001033185516772353,Buy
2024-10-31,NSC,0.034482758620689655,Buy
2024-10-31,ICE,0.034482758620689655,Buy
2024-10-31,GREK,-0.000523912167533655,Sell
2024-10-31,QCOM,-0.03387380526245115,Sell
2024-10-31,JNJ,0.034482758620689655,Buy
2024-10-31,KMB,-0.0003406695394591805,Sell
2024-10-31,NDAQ,0.034482758620689655,Buy
2024-10-31,HAS,0.034482758620689655,Buy
2024-10-31,DPZ,-0.03519876529257361,Sell
2024-10-31,VTR,0.034482758620689655,Buy
2024-10-31,DHI,-0.03482336501023953,Sell
2024-10-31,EWC,0.0001072658667964771,Buy
2024-10-31,BBT,0.034482758620689655,Buy
2024-10-31,BDX,4.486689868753169e-05,Buy
2024-10-31,EBAY,0.0024513283036281114,Buy
2024-10-31,EWI,-0.00030886144092012735,Sell
2024-10-31,HTZ,-0.0317951142277056,Sell
2024-10-31,ORCL,0.034482758620689655,Buy
2024-10-31,KGC,0.034482758620689655,Buy
2024-10-31,GOLD,-0.0001773369255360438,Sell
2024-10-31,TRP,-0.0004303929391401007,Sell
2024-10-31,KO,-7.757685247115204e-05,Sell
2024-10-31,D,-0.03552767403545013,Sell
2024-10-31,ULTA,0.0002609146807266635,Buy
2024-10-31,EW,0.034482758620689655,Buy
2024-10-31,HUM,0.034482758620689655,Buy
2024-10-31,NTAP,0.0006129925530060781,Buy
2024-10-31,PCG,-0.03493495835234639,Sell
2024-10-31,DUK,-0.035271740379699164,Sell
2024-10-31,CLX,-0.03533780091326169,Sell
2024-10-31,CSIQ,-0.035129825537914425,Sell
2024-10-31,BSX,-0.0004128293487239629,Sell
2024-10-31,ENB,-0.00023708003961293161,Sell
2024-10-31,VZ,-0.03560141070121398,Sell
2024-11-01,MET,5.2990937431461604e-05,Buy
2024-11-01,VWO,-0.034432768530918506,Sell
2024-11-01,XLP,4.449802215279047e-05,Buy
2024-11-01,NVDA,-0.03510993769976591,Sell
2024-11-01,BUD,0.034482758620689655,Buy
2024-11-01,SPWR,-0.0005983382664500325,Sell
2024-11-01,NSC,-8.220387544388003e-05,Sell
2024-11-01,ICE,0.0003290436432106317,Buy
2024-11-01,RRC,0.034482758620689655,Buy
2024-11-01,GREK,4.87046877560085e-05,Buy
2024-11-01,KMB,-5.294113332260375e-05,Sell
2024-11-01,NDAQ,-0.03461165611072553,Sell
2024-11-01,HAS,-0.034525036947042176,Sell
2024-11-01,VTR,0.0007407411260625038,Buy
2024-11-01,EWC,2.3494917117054814e-05,Buy
2024-11-01,BBT,-5.639501023893545e-05,Sell
2024-11-01,BDX,-0.0001857762675038857,Sell
2024-11-01,EBAY,-0.00030177279800759627,Sell
2024-11-01,QQQ,0.034482758620689655,Buy
2024-11-01,EWI,-0.00011465267024201448,Sell
2024-11-01,ORCL,-0.034872509969228985,Sell
2024-11-01,KGC,0.0003989152566327356,Buy
2024-11-01,GOLD,0.0014485798660303917,Buy
2024-11-01,WMB,0.034482758620689655,Buy
2024-11-01,TRP,0.00021281818911682987,Buy
2024-11-01,KO,0.00021551922177853733,Buy
2024-11-01,ULTA,-0.035234270729502935,Sell
2024-11-01,EW,-0.034697651032997184,Sell
2024-11-01,HUM,-0.03480991697786296,Sell
2024-11-01,NTAP,-0.00017846823465821754,Sell
2024-11-01,PCG,0.034482758620689655,Buy
2024-11-01,RF,0.034482758620689655,Buy
2024-11-01,CME,0.034482758620689655,Buy
2024-11-01,OHI,0.034482758620689655,Buy
2024-11-01,BSX,0.00022127524943506283,Buy
2024-11-01,ENB,4.034992216302852e-05,Buy
2024-11-04,MET,4.461729686593141e-06,Buy
2024-11-04,BAX,0.034482758620689655,Buy
2024-11-04,XLP,-0.03451572203219402,Sell
2024-11-04,BUD,0.0004968624841327346,Buy
2024-11-04,SPWR,-9.932830709785678e-05,Sell
2024-11-04,NSC,0.0004056069481447114,Buy
2024-11-04,ICE,9.490350413740578e-05,Buy
2024-11-04,RRC,-0.03527541967821018,Sell
2024-11-04,GREK,-8.595171428937842e-05,Sell
2024-11-04,JNJ,0.0004677898496740149,Buy
2024-11-04,KMB,0.00028399070591696857,Buy
2024-11-04,VTR,-2.4275507315610345e-05,Sell
2024-11-04,EWC,-0.00013314266949399772,Sell
2024-11-04,BBT,-0.0340936606994787,Sell
2024-11-04,BDX,0.00019466824411407818,Buy
2024-11-04,EBAY,-0.03567701453352103,Sell
2024-11-04,WFC,0.034482758620689655,Buy
2024-11-04,QQQ,-0.03432096293363618,Sell
2024-11-04,EWI,6.151844831510378e-05,Buy
2024-11-04,MAR,0.034482758620689655,Buy
2024-11-04,KGC,9.600408608866767e-05,Buy
2024-11-04,GOLD,-0.0004647741338965686,Sell
2024-11-04,WMB,-0.03480844269447635,Sell
2024-11-04,TRP,-0.03488217029007401,Sell
2024-11-04,KO,8.570626145718019e-06,Buy
2024-11-04,D,0.034482758620689655,Buy
2024-11-04,EW,0.034482758620689655,Buy
2024-11-04,NTAP,0.00025423039930275865,Buy
2024-11-04,PCG,0.00021610021963885256,Buy
2024-11-04,DUK,0.034482758620689655,Buy
2024-11-04,RF,0.00030988869671934316,Buy
2024-11-04,HMC,0.034482758620689655,Buy
2024-11-04,CME,0.00014310360760557556,Buy
2024-11-04,PRGO,0.034482758620689655,Buy
2024-11-04,OHI,0.0005031497024949871,Buy
2024-11-04,BSX,-0.034874042258278753,Sell
2024-11-04,ENB,-0.03477039585556842,Sell
2024-11-04,VZ,0.034482758620689655,Buy
2024-11-05,MET,0.00026861410873596503,Buy
2024-11-05,PPG,0.034482758620689655,Buy
2024-11-05,BAX,4.1497686851389715e-05,Buy
2024-11-05,BUD,0.00016437775261216037,Buy
2024-11-05,SPWR,-0.00173746938862792,Sell
2024-11-05,NSC,-0.000295819598009249,Sell
2024-11-05,ICE,-0.0004151207139011029,Sell
2024-11-05,GREK,-0.0001351090616288561,Sell
2024-11-05,QCOM,0.034482758620689655,Buy
2024-11-05,JNJ,0.000303970887261959,Buy
2024-11-05,STI,0.034482758620689655,Buy
2024-11-05,KMB,4.934395172052908e-05,Buy
2024-11-05,DPZ,0.034482758620689655,Buy
2024-11-05,VTR,0.0002640269472176937,Buy
2024-11-05,EWC,-5.642515487554178e-05,Sell
2024-11-05,BDX,-0.03458794009201866,Sell
2024-11-05,WFC,-0.03435343241290098,Sell
2024-11-05,EWI,0.00026514790269920735,Buy
2024-11-05,HTZ,0.034482758620689655,Buy
2024-11-05,MAR,-0.034585261781945535,Sell
2024-11-05,KGC,0.00012217110589975155,Buy
2024-11-05,GOLD,0.0005172195199671034,Buy
2024-11-05,KO,0.0001913259495750566,Buy
2024-11-05,D,-0.03473001958459029,Sell
2024-11-05,EW,0.00021467136162572203,Buy
2024-11-05,NTAP,4.666748810030347e-05,Buy
2024-11-05,PCG,-0.03465152616353714,Sell
2024-11-05,DUK,-0.0346285748292422,Sell
2024-11-05,RF,-0.03449090005579688,Sell
2024-11-05,HMC,0.0002938675740236235,Buy
2024-11-05,CME,-0.03447809859531075,Sell
2024-11-05,CLX,0.034482758620689655,Buy
2024-11-05,PRGO,0.0004083701481051444,Buy
2024-11-05,OHI,-0.00018448276087024845,Sell
2024-11-05,SYK,0.034482758620689655,Buy
2024-11-05,VZ,0.00016135298278711907,Buy
2024-11-05,MRK,0.034482758620689655,Buy
2024-11-06,MET,-0.03675989883481864,Sell
2024-11-06,CNC,0.034482758620689655,Buy
2024-11-06,PPG,-0.034815236728187135,Sell
2024-11-06,BAX,-0.034517499398904715,Sell
2024-11-06,VWO,0.034482758620689655,Buy
2024-11-06,A,0.034482758620689655,Buy
2024-11-06,CF,0.034482758620689655,Buy
2024-11-06,XLP,0.034482758620689655,Buy
2024-11-06,BUD,-0.03359289161800565,Sell
2024-11-06,SPWR,0.0031531779226109252,Buy
2024-11-06,NSC,-0.03791480062565874,Sell
2024-11-06,ICE,0.00042516065281205523,Buy
2024-11-06,GREK,0.00036782636869374385,Buy
2024-11-06,QCOM,-0.03598052373249078,Sell
2024-11-06,JNJ,7.724174088848124e-05,Buy
2024-11-06,STI,-0.033127628168049844,Sell
2024-11-06,KMB,0.0007912512380681691,Buy
2024-11-06,HAS,0.034482758620689655,Buy
2024-11-06,DPZ,-0.03563267742095092,Sell
2024-11-06,VTR,0.000643878381732764,Buy
2024-11-06,DHI,0.034482758620689655,Buy
2024-11-06,EWC,-0.034691497115990115,Sell
2024-11-06,EBAY,0.034482758620689655,Buy
2024-11-06,EWI,-0.03352535304337104,Sell
2024-11-06,HTZ,-0.03602349479486653,Sell
2024-11-06,KGC,0.0005940964698722545,Buy
2024-11-06,GOLD,-1.6023713467157308e-05,Sell
2024-11-06,KO,0.0008563853185232298,Buy
2024-11-06,D,0.034482758620689655,Buy
2024-11-06,EW,0.00046120701125763885,Buy
2024-11-06,NTAP,-0.03591019997646835,Sell
2024-11-06,WSM,0.034482758620689655,Buy
2024-11-06,LOW,0.034482758620689655,Buy
2024-11-06,DUK,0.034482758620689655,Buy
2024-11-06,HMC,-0.03174047660594043,Sell
2024-11-06,CME,0.034482758620689655,Buy
2024-11-06,CP,0.034482758620689655,Buy
2024-11-06,CLX,-8.46727590911936e-05,Sell
2024-11-06,PRGO,-0.03717601235628324,Sell
2024-11-06,OHI,0.0008415473253858136,Buy
2024-11-06,SYK,5.318245614301803e-05,Buy
2024-11-06,VZ,5.844814532339482e-05,Buy
2024-11-06,MRK,0.00028713497072728467,Buy
2024-11-07,CNC,-0.034370196192622826,Sell
2024-11-07,PPG,0.034482758620689655,Buy
2024-11-07,AMTD,0.034482758620689655,Buy
2024-11-07,BAX,0.034482758620689655,Buy
2024-11-07,VWO,-0.03513921066775121,Sell
2024-11-07,A,-0.03485398055191273,Sell
2024-11-07,CF,-0.035037965999484104,Sell
2024-11-07,XLP,-3.47924436137001e-05,Sell
2024-11-07,WEN,0.034482758620689655,Buy
2024-11-07,SPWR,0.00042286338776061777,Buy
2024-11-07,ICE,1.9922279029083168e-05,Buy
2024-11-07,CAG,0.034482758620689655,Buy
2024-11-07,GREK,-0.00012475785049308186,Sell
2024-11-07,JNJ,0.00034108675641126435,Buy
2024-11-07,KMB,-6.880016833082231e-05,Sell
2024-11-07,HAS,-0.0002615294864931339,Sell
2024-11-07,VTR,-0.03506131084976943,Sell
2024-11-07,DHI,-0.00019824582525722334,Sell
2024-11-07,BDX,0.034482758620689655,Buy
2024-11-07,EBAY,-0.03492146999359966,Sell
2024-11-07,EWI,0.034482758620689655,Buy
2024-11-07,HTZ,0.034482758620689655,Buy
2024-11-07,DLTR,0.034482758620689655,Buy
2024-11-07,KGC,-0.0373251215971191,Sell
2024-11-07,GOLD,0.005610869983197788,Buy
2024-11-07,KO,0.000112171483649455,Buy
2024-11-07,D,0.0003557311502818128,Buy
2024-11-07,EW,4.3497194376448944e-05,Buy
2024-11-07,WSM,-0.03557162271274216,Sell
2024-11-07,LOW,-0.034992701339019064,Sell
2024-11-07,DUK,0.0008623765527024582,Buy
2024-11-07,CME,-4.471574641568693e-05,Sell
2024-11-07,CP,-4.9635832941714864e-05,Sell
2024-11-07,CLX,7.57740315856445e-05,Buy
2024-11-07,PRGO,0.034482758620689655,Buy
2024-11-07,OHI,-0.035399888470933144,Sell
2024-11-07,SYK,1.5084194944940676e-05,Buy
2024-11-07,VZ,0.0005835671962228575,Buy
2024-11-07,MRK,-5.965879577892602e-05,Sell
2024-11-08,CNC,0.034482758620689655,Buy
2024-11-08,PPG,5.464032810365699e-05,Buy
2024-11-08,AMTD,-0.03320451403111724,Sell
2024-11-08,BAX,-0.03321200461341511,Sell
2024-11-08,A,0.034482758620689655,Buy
2024-11-08,CF,0.034482758620689655,Buy
2024-11-08,XLP,-0.034974041170431236,Sell
2024-11-08,WEN,0.0005365084507055334,Buy
2024-11-08,BUD,0.034482758620689655,Buy
2024-11-08,SPWR,0.0017825997984163983,Buy
2024-11-08,ICE,-0.0001401482268644852,Sell
2024-11-08,CAG,-0.03471296931907169,Sell
2024-11-08,GREK,-0.00021772553471599565,Sell
2024-11-08,QCOM,0.034482758620689655,Buy
2024-11-08,JNJ,0.00020625232890691264,Buy
2024-11-08,KMB,-0.00042686778412140414,Sell
2024-11-08,HAS,-0.03468358282621383,Sell
2024-11-08,DHI,-0.0002112972046259265,Sell
2024-11-08,EWC,0.034482758620689655,Buy
2024-11-08,BDX,-0.000760760883482127,Sell
2024-11-08,EBAY,0.034482758620689655,Buy
2024-11-08,EWI,0.0002703210643656903,Buy
2024-11-08,HTZ,-0.0005159614990844774,Sell
2024-11-08,DLTR,-0.033395953660947504,Sell
2024-11-08,GOLD,-6.059287935192975e-05,Sell
2024-11-08,TRP,0.034482758620689655,Buy
2024-11-08,KO,-0.00021265950730563893,Sell
2024-11-08,D,-0.035262096888414626,Sell
2024-11-08,ULTA,0.034482758620689655,Buy
2024-11-08,EW,-0.034758974045917,Sell
2024-11-08,WSM,0.034482758620689655,Buy
2024-11-08,TRIP,0.034482758620689655,Buy
2024-11-08,DUK,-0.035223100521507976,Sell
2024-11-08,HMC,0.034482758620689655,Buy
2024-11-08,CME,-0.035117640933442204,Sell
2024-11-08,CP,0.00046337398516884537,Buy
2024-11-08,CLX,-0.035061661109110534,Sell
2024-11-08,PRGO,0.0006598450455011992,Buy
2024-11-08,SYK,-0.03512703673460267,Sell
2024-11-08,VZ,5.119065156745928e-06,Buy
2024-11-08,MRK,-0.035151995834883897,Sell
2024-11-08,BMY,0.034482758620689655,Buy
2024-11-11,CNC,-0.0347596269949831,Sell
2024-11-11,PPG,-5.420713052450149e-05,Sell
2024-11-11,BAX,0.034482758620689655,Buy
2024-11-11,VWO,0.034482758620689655,Buy
2024-11-11,A,0.0007765186357882731,Buy
2024-11-11,CF,-0.034979587696626194,Sell
2024-11-11,XLP,0.034482758620689655,Buy
2024-11-11,WEN,0.0013874297957133797,Buy
2024-11-11,BUD,0.0001926131129746933,Buy
2024-11-11,SPWR,0.0014856662408107707,Buy
2024-11-11,ICE,-7.877983274892641e-05,Sell
2024-11-11,GREK,0.00018584749263237527,Buy
2024-11-11,QCOM,0.0005940302566902408,Buy
2024-11-11,JNJ,0.0001616313647271675,Buy
2024-11-11,KMB,0.00015659338658490646,Buy
2024-11-11,HAS,0.034482758620689655,Buy
2024-11-11,DHI,-0.034145135904257336,Sell
2024-11-11,EWC,-0.03456491788981719,Sell
2024-11-11,BDX,-0.00037483716053506033,Sell
2024-11-11,EBAY,-0.03471660647104325,Sell
2024-11-11,EWI,-7.29805119386931e-05,Sell
2024-11-11,HTZ,-0.002337241619595136,Sell
2024-11-11,KGC,0.034482758620689655,Buy
2024-11-11,GOLD,0.0003606901645350699,Buy
2024-11-11,TRP,-0.035002165021731875,Sell
2024-11-11,KO,0.00036795794073261195,Buy
2024-11-11,ULTA,0.00048808623760679404,Buy
2024-11-11,PVH,0.034482758620689655,Buy
2024-11-11,NTAP,0.034482758620689655,Buy
2024-11-11,WSM,5.582710755090009e-05,Buy
2024-11-11,TRIP,-0.03288325327049198,Sell
2024-11-11,DUK,0.034482758620689655,Buy
2024-11-11,HMC,-0.03463463744444576,Sell
2024-11-11,CP,0.0001507105844481063,Buy
2024-11-11,PRGO,-0.00040358914516024774,Sell
2024-11-11,VZ,0.00010044703351912848,Buy
2024-11-11,MRK,0.034482758620689655,Buy
2024-11-11,BMY,-0.03802704662334103,Sell
2024-11-12,PPG,0.0006411582992529863,Buy
2024-11-12,BAX,5.682825543296133e-05,Buy
2024-11-12,VWO,0.00025132177954934054,Buy
2024-11-12,A,-0.00029061622602052917,Sell
2024-11-12,XLP,-0.034861707535074504,Sell
2024-11-12,WEN,0.0004198007786975766,Buy
2024-11-12,HYG,0.034482758620689655,Buy
2024-11-12,BUD,0.000312846686002434,Buy
2024-11-12,SPWR,0.0020938102038566553,Buy
2024-11-12,ICE,-0.03459667658684564,Sell
2024-11-12,CAG,0.034482758620689655,Buy
2024-11-12,GREK,-0.00023612300026692318,Sell
2024-11-12,QCOM,0.0006697268054772845,Buy
2024-11-12,JNJ,0.00019900705526448154,Buy
2024-11-12,KMB,-4.7366914275294436e-05,Sell
2024-11-12,HAS,5.623259108707146e-05,Buy
2024-11-12,VTR,0.034482758620689655,Buy
2024-11-12,DHI,0.034482758620689655,Buy
2024-11-12,BDX,0.00015570594355564932,Buy
2024-11-12,EBAY,0.034482758620689655,Buy
2024-11-12,EWI,-0.03396112299677047,Sell
2024-11-12,HTZ,-0.037819422851340295,Sell
2024-11-12,KGC,-0.03500704792962549,Sell
2024-11-12,GOLD,0.0006275635883356417,Buy
2024-11-12,TRP,0.034482758620689655,Buy
2024-11-12,KO,-0.00025210982550265965,Sell
2024-11-12,D,0.034482758620689655,Buy
2024-11-12,ULTA,-0.03475416823627597,Sell
2024-11-12,PVH,-0.03493844236487426,Sell
2024-11-12,NTAP,-5.1586295869078536e-05,Sell
2024-11-12,WSM,-0.03463237955257687,Sell
2024-11-12,DUK,-0.00016044739926526774,Sell
2024-11-12,CP,-0.00011058531194356458,Sell
2024-11-12,PRGO,0.00011608795994553361,Buy
2024-11-12,ENB,0.034482758620689655,Buy
2024-11-12,VZ,-0.0003055978624775038,Sell
2024-11-12,MRK,0.0004032184906466521,Buy
2024-11-13,PPG,-0.00045540245635145027,Sell
2024-11-13,BAX,0.0012398853270392737,Buy
2024-11-13,VWO,0.00019822418781442752,Buy
2024-11-13,A,-0.00013993704055197814,Sell
2024-11-13,WEN,-5.7660224029885965e-05,Sell
2024-11-13,HYG,8.662755283030121e-06,Buy
2024-11-13,BUD,0.00014043844525711557,Buy
2024-11-13,SPWR,-0.002373317090204108,Sell
2024-11-13,ICE,0.034482758620689655,Buy
2024-11-13,CAG,6.715178585257886e-05,Buy
2024-11-13,GREK,9.471883502996242e-05,Buy
2024-11-13,QCOM,0.0006479878355279342,Buy
2024-11-13,JNJ,-0.00011812790386186295,Sell
2024-11-13,STI,0.034482758620689655,Buy
2024-11-13,KMB,4.30306199695335e-06,Buy
2024-11-13,HAS,0.0003597150802456123,Buy
2024-11-13,VTR,3.3389088245759646e-05,Buy
2024-11-13,DHI,0.00016642882375247914,Buy
2024-11-13,EWC,0.034482758620689655,Buy
2024-11-13,BDX,2.4797938110200646e-05,Buy
2024-11-13,EBAY,-0.03468397737923636,Sell
2024-11-13,GOLD,-0.034250283908717365,Sell
2024-11-13,WMB,0.034482758620689655,Buy
2024-11-13,TRP,-0.03452956927103403,Sell
2024-11-13,KO,0.00012641553479919576,Buy
2024-11-13,D,0.0002892938426196437,Buy
2024-11-13,NTAP,0.00037078006461234436,Buy
2024-11-13,DUK,0.00019293846191272696,Buy
2024-11-13,CP,0.0004162815628025521,Buy
2024-11-13,CLX,0.034482758620689655,Buy
2024-11-13,PRGO,-0.03504048295528402,Sell
2024-11-13,OHI,0.034482758620689655,Buy
2024-11-13,ENB,-0.03471871759092512,Sell
2024-11-13,VZ,-0.035096710307293985,Sell
2024-11-13,MRK,4.531999743234011e-05,Buy
2024-11-14,PPG,-1.3085240177526658e-05,Sell
2024-11-14,BAX,0.0009972232968773476,Buy
2024-11-14,VWO,0.00022700040022231166,Buy
2024-11-14,A,0.0010569935044609235,Buy
2024-11-14,XLP,0.034482758620689655,Buy
2024-11-14,WEN,-9.74280884332851e-05,Sell
2024-11-14,HYG,8.862891281222196e-05,Buy
2024-11-14,BUD,-0.03480765216109382,Sell
2024-11-14,SPWR,-0.041734124363137046,Sell
2024-11-14,ICE,-0.03460726231357346,Sell
2024-11-14,CAG,0.0002517751055242448,Buy
2024-11-14,GREK,0.0005060126036059015,Buy
2024-11-14,QCOM,-0.0352306706417377,Sell
2024-11-14,JNJ,0.00032299922343011905,Buy
2024-11-14,STI,0.0027359943369269363,Buy
2024-11-14,KMB,0.00014782538878956725,Buy
2024-11-14,NDAQ,0.034482758620689655,Buy
2024-11-14,HAS,-0.00013337397659519273,Sell
2024-11-14,VTR,0.000522900925532345,Buy
2024-11-14,DHI,-0.03502623038873386,Sell
2024-11-14,EWC,6.391608772489399e-05,Buy
2024-11-14,BDX,0.0006185757506847744,Buy
2024-11-14,ILMN,0.034482758620689655,Buy
2024-11-14,WMB,-0.03445552087198622,Sell
2024-11-14,KO,0.0002610467597314106,Buy
2024-11-14,D,0.00025243034315552276,Buy
2024-11-14,NTAP,0.00047852381280098083,Buy
2024-11-14,PCG,0.034482758620689655,Buy
2024-11-14,DUK,0.00020992866959615442,Buy
2024-11-14,HMC,0.034482758620689655,Buy
2024-11-14,CME,0.034482758620689655,Buy
2024-11-14,CP,7.380350510219347e-05,Buy
2024-11-14,CLX,-0.03454920377748542,Sell
2024-11-14,OHI,0.0002901806387468134,Buy
2024-11-14,BSX,0.034482758620689655,Buy
2024-11-14,MRK,6.383084202612327e-05,Buy
2024-11-15,PPG,0.00045082345337430635,Buy
2024-11-15,BAX,-0.00010551632941182415,Sell
2024-11-15,VWO,0.00024415698735802405,Buy
2024-11-15,A,0.001005732614228233,Buy
2024-11-15,XLP,0.0004778009523883908,Buy
2024-11-15,WEN,0.000844168545633274,Buy
2024-11-15,HYG,0.00018018939371287207,Buy
2024-11-15,SPWR,0.034482758620689655,Buy
2024-11-15,ICE,0.034482758620689655,Buy
2024-11-15,CAG,-0.03336955472521819,Sell
2024-11-15,GREK,0.0004716815147479056,Buy
2024-11-15,QCOM,0.034482758620689655,Buy
2024-11-15,JNJ,-0.034788069666215976,Sell
2024-11-15,STI,-0.044108873413168326,Sell
2024-11-15,KMB,-0.03493218327527373,Sell
2024-11-15,NDAQ,-0.03461454814975228,Sell
2024-11-15,HAS,0.0006382923962805279,Buy
2024-11-15,VTR,0.0001218284096285438,Buy
2024-11-15,DHI,0.034482758620689655,Buy
2024-11-15,EWC,0.0004693597290797158,Buy
2024-11-15,BDX,0.0004809135657948063,Buy
2024-11-15,MU,0.034482758620689655,Buy
2024-11-15,EBAY,0.034482758620689655,Buy
2024-11-15,XRT,0.034482758620689655,Buy
2024-11-15,ILMN,0.0019100155158753504,Buy
2024-11-15,KO,0.000620114599516941,Buy
2024-11-15,D,-0.03518609611796229,Sell
2024-11-15,ULTA,0.034482758620689655,Buy
2024-11-15,PVH,0.034482758620689655,Buy
2024-11-15,NTAP,0.0004257418903235652,Buy
2024-11-15,NWSA,0.034482758620689655,Buy
2024-11-15,PCG,-0.03438862672379114,Sell
2024-11-15,DUK,-0.035100150896964034,Sell
2024-11-15,HMC,0.00012262816343081018,Buy
2024-11-15,CME,-0.03459251623213782,Sell
2024-11-15,CP,0.001025952385323485,Buy
2024-11-15,OHI,-0.03455725285956773,Sell
2024-11-15,BSX,0.00041086209410917673,Buy
2024-11-15,MRK,0.0008908781249547248,Buy
2024-11-18,MNST,0.034482758620689655,Buy
2024-11-18,PPG,-0.00013554063377324566,Sell
2024-11-18,BAX,-0.0355085476459762,Sell
2024-11-18,VWO,-0.00017535659393309866,Sell
2024-11-18,A,0.00015467196317251602,Buy
2024-11-18,XLP,-0.000126605761314999,Sell
2024-11-18,WEN,0.00024686911672963663,Buy
2024-11-18,HYG,-0.034433728849499474,Sell
2024-11-18,SPWR,0.00046479647500125704,Buy
2024-11-18,ICE,-0.0003587321412835201,Sell
2024-11-18,CAG,0.034482758620689655,Buy
2024-11-18,GREK,0.00019322423947787382,Buy
2024-11-18,QCOM,-0.0007424461358541759,Sell
2024-11-18,JNJ,0.034482758620689655,Buy
2024-11-18,KMB,0.034482758620689655,Buy
2024-11-18,HAS,0.00040137471065651575,Buy
2024-11-18,VTR,-0.03450916084974057,Sell
2024-11-18,DHI,0.0001481260359100997,Buy
2024-11-18,EWC,-0.034624041090498936,Sell
2024-11-18,BDX,0.0002743789263511473,Buy
2024-11-18,MU,-0.03478605265355968,Sell
2024-11-18,EBAY,0.00012528580115230004,Buy
2024-11-18,EWI,0.034482758620689655,Buy
2024-11-18,ANF,0.034482758620689655,Buy
2024-11-18,XRT,7.473703936035359e-05,Buy
2024-11-18,ILMN,-0.03327181795531804,Sell
2024-11-18,KO,4.729756653185785e-05,Buy
2024-11-18,ULTA,0.001226558393556787,Buy
2024-11-18,PVH,0.000538278052092063,Buy
2024-11-18,NTAP,-0.03499322505012164,Sell
2024-11-18,NWSA,0.0001261047947087035,Buy
2024-11-18,HMC,-0.0008176671458677148,Sell
2024-11-18,CP,0.00013267893910230005,Buy
2024-11-18,PRGO,0.034482758620689655,Buy
2024-11-18,OHI,0.034482758620689655,Buy
2024-11-18,BSX,-0.03573566489590251,Sell
2024-11-18,MRK,2.4884291409857373e-05,Buy
2024-11-19,MET,0.034482758620689655,Buy
2024-11-19,MNST,-0.03487210412451379,Sell
2024-11-19,CNC,0.034482758620689655,Buy
2024-11-19,PPG,0.0005647050617854088,Buy
2024-11-19,AMTD,0.034482758620689655,Buy
2024-11-19,VWO,-0.03462674577765872,Sell
2024-11-19,A,0.00024425921408242207,Buy
2024-11-19,XLP,-0.034620781821937126,Sell
2024-11-19,WEN,-3.3334837398986406e-05,Sell
2024-11-19,BUD,0.034482758620689655,Buy
2024-11-19,SPWR,-0.0002690086906307135,Sell
2024-11-19,ICE,-0.0001434093946854273,Sell
2024-11-19,CAG,-0.034404647777471604,Sell
2024-11-19,GREK,-0.0339884586353886,Sell
2024-11-19,QCOM,-0.00013493182165847523,Sell
2024-11-19,JNJ,0.000304596458806157,Buy
2024-11-19,KMB,1.0874991005105361e-05,Buy
2024-11-19,HAS,-0.00013002173574833825,Sell
2024-11-19,DHI,-0.00027282069714123364,Sell
2024-11-19,BDX,0.00013445210376609312,Buy
2024-11-19,EBAY,8.373415702055131e-05,Buy
2024-11-19,EWI,-0.03425290106826039,Sell
2024-11-19,ANF,0.00011169911056452958,Buy
2024-11-19,XRT,7.179622045157263e-05,Buy
2024-11-19,GOLD,0.034482758620689655,Buy
2024-11-19,KO,-0.03498154591338072,Sell
2024-11-19,D,0.034482758620689655,Buy
2024-11-19,ULTA,0.001003112404161094,Buy
2024-11-19,PVH,0.000653281391419562,Buy
2024-11-19,NWSA,-0.00032039880643092156,Sell
2024-11-19,LOW,0.034482758620689655,Buy
2024-11-19,HMC,-0.00035152887368287977,Sell
2024-11-19,CP,-1.1314047998367549e-05,Sell
2024-11-19,CLX,0.034482758620689655,Buy
2024-11-19,PRGO,-0.03503658846497737,Sell
2024-11-19,OHI,-0.035133590699132244,Sell
2024-11-19,VZ,0.034482758620689655,Buy
2024-11-19,MRK,-8.363928932374892e-05,Sell
2024-11-20,MET,-3.163179165791702e-05,Sell
2024-11-20,CNC,-0.035297373339222525,Sell
2024-11-20,PPG,-0.00010404810804697656,Sell
2024-11-20,AMTD,-0.03420506599222738,Sell
2024-11-20,BAX,0.034482758620689655,Buy
2024-11-20,VWO,0.034482758620689655,Buy
2024-11-20,A,-0.03531805798162007,Sell
2024-11-20,HOG,0.034482758620689655,Buy
2024-11-20,XLP,0.034482758620689655,Buy
2024-11-20,WEN,0.00014744032830935755,Buy
2024-11-20,BUD,0.0004855020008651678,Buy
2024-11-20,SPWR,-0.001106532026021817,Sell
2024-11-20,ICE,0.0004280498657285789,Buy
2024-11-20,GREK,0.034482758620689655,Buy
2024-11-20,QCOM,0.0021442932908790555,Buy
2024-11-20,JNJ,-6.898942603907054e-05,Sell
2024-11-20,KMB,-0.00023766369826287714,Sell
2024-11-20,HAS,-0.0004908793706065867,Sell
2024-11-20,DHI,-0.00021860798407206256,Sell
2024-11-20,BDX,-5.396976302057821e-06,Sell
2024-11-20,EBAY,0.00011405770528091774,Buy
2024-11-20,EWI,0.034482758620689655,Buy
2024-11-20,ANF,0.001353088030100473,Buy
2024-11-20,XRT,0.0002600527312103876,Buy
2024-11-20,GOLD,-0.03537603930048199,Sell
2024-11-20,TRP,0.034482758620689655,Buy
2024-11-20,D,-0.034652824857639125,Sell
2024-11-20,ULTA,-0.00015415305648616012,Sell
2024-11-20,PVH,0.0007222386597556599,Buy
2024-11-20,NWSA,-0.034946520445116314,Sell
2024-11-20,LOW,-0.03502899802800291,Sell
2024-11-20,HMC,0.0006536085980671374,Buy
2024-11-20,CP,7.282950398661975e-05,Buy
2024-11-20,CLX,-2.568358474484833e-05,Sell
2024-11-20,OHI,0.034482758620689655,Buy
2024-11-20,VZ,-0.0002829609599020247,Sell
2024-11-20,MRK,-0.03484880236179007,Sell
2024-11-21,MET,-0.03527786492420651,Sell
2024-11-21,PPG,-0.00011455339960531052,Sell
2024-11-21,BAX,-9.993748168233424e-05,Sell
2024-11-21,VWO,0.00039756685437514205,Buy
2024-11-21,HOG,-0.03456326172289865,Sell
2024-11-21,XLP,-0.034576279201409835,Sell
2024-11-21,WEN,-0.0345679867521232,Sell
2024-11-21,HYG,0.034482758620689655,Buy
2024-11-21,BUD,0.0005934710916116331,Buy
2024-11-21,SPWR,0.0014686705407506995,Buy
2024-11-21,ICE,-0.0002891010350452236,Sell
2024-11-21,GREK,-0.00011196157946304769,Sell
2024-11-21,QCOM,1.3589861330660924e-05,Buy
2024-11-21,JNJ,-0.0002564917173274381,Sell
2024-11-21,KMB,0.0001119034327615176,Buy
2024-11-21,HAS,0.00024426047074227464,Buy
2024-11-21,VTR,0.034482758620689655,Buy
2024-11-21,DHI,0.000541654531489251,Buy
2024-11-21,BDX,-0.00019321232490051438,Sell
2024-11-21,EBAY,-5.437493273267868e-05,Sell
2024-11-21,EWI,0.0004854318659434642,Buy
2024-11-21,ANF,-0.035395417361333815,Sell
2024-11-21,HTZ,0.034482758620689655,Buy
2024-11-21,XRT,-0.034778200248104095,Sell
2024-11-21,KGC,0.034482758620689655,Buy
2024-11-21,TRP,-0.034914308773277655,Sell
2024-11-21,ULTA,0.0007238677364913987,Buy
2024-11-21,PVH,-0.03526547711756009,Sell
2024-11-21,LOW,0.034482758620689655,Buy
2024-11-21,DUK,0.034482758620689655,Buy
2024-11-21,HMC,0.00021211618877774174,Buy
2024-11-21,CME,0.034482758620689655,Buy
2024-11-21,CP,-0.034977535721217715,Sell
2024-11-21,CLX,5.354452475347243e-05,Buy
2024-11-21,OHI,5.444018685478447e-05,Buy
2024-11-21,XLE,0.034482758620689655,Buy
2024-11-21,MT,0.034482758620689655,Buy
2024-11-21,VZ,5.059430957705946e-05,Buy
2024-11-22,PPG,0.000173605513408219,Buy
2024-11-22,AMTD,0.034482758620689655,Buy
2024-11-22,BAX,-6.363501987149967e-05,Sell
2024-11-22,VWO,0.0001576572497095502,Buy
2024-11-22,CF,0.034482758620689655,Buy
2024-11-22,NVDA,0.034482758620689655,Buy
2024-11-22,WEN,0.034482758620689655,Buy
2024-11-22,HYG,0.00017384862684571845,Buy
2024-11-22,BUD,0.0001401150882880814,Buy
2024-11-22,SPWR,0.0001652143502878442,Buy
2024-11-22,ICE,-3.849491332148097e-05,Sell
2024-11-22,GREK,0.0005953943869329292,Buy
2024-11-22,QCOM,-0.03461113026641684,Sell
2024-11-22,JNJ,0.0002380461117486507,Buy
2024-11-22,STI,0.034482758620689655,Buy
2024-11-22,KMB,-0.034665658986938325,Sell
2024-11-22,HAS,-0.03465567891110922,Sell
2024-11-22,VTR,0.0005654981285457827,Buy
2024-11-22,DHI,-0.00018885483222600558,Sell
2024-11-22,BDX,-0.03409682868173069,Sell
2024-11-22,EBAY,-0.03534019935109282,Sell
2024-11-22,EWI,0.00012704211934973925,Buy
2024-11-22,HTZ,-0.0014689560290901543,Sell
2024-11-22,KGC,-0.03479417911150268,Sell
2024-11-22,KO,0.034482758620689655,Buy
2024-11-22,D,0.034482758620689655,Buy
2024-11-22,ULTA,-0.03427702591542232,Sell
2024-11-22,NTAP,0.034482758620689655,Buy
2024-11-22,LOW,0.00023508971434457737,Buy
2024-11-22,DUK,0.00021301956519990256,Buy
2024-11-22,HMC,-0.034880128137876394,Sell
2024-11-22,CME,-0.0346931957413714,Sell
2024-11-22,CLX,0.00013478298711722125,Buy
2024-11-22,OHI,0.0001908601546278879,Buy
2024-11-22,BSX,0.034482758620689655,Buy
2024-11-22,XLE,0.00011221879740006685,Buy
2024-11-22,ENB,0.034482758620689655,Buy
2024-11-22,MT,-0.034073292160543646,Sell
2024-11-22,VZ,-0.03484240704552566,Sell
2024-11-22,MRK,0.034482758620689655,Buy
2024-11-25,PPG,-0.03495348092350808,Sell
2024-11-25,AMTD,-0.03435144639631803,Sell
2024-11-25,BAX,0.0001862953773797138,Buy
2024-11-25,VWO,0.00038678306547233754,Buy
2024-11-25,CF,0.0013127455631332385,Buy
2024-11-25,NVDA,0.0018255403084149122,Buy
2024-11-25,WEN,-0.03521825698404177,Sell
2024-11-25,HYG,-0.034209580609658945,Sell
2024-11-25,BUD,0.00020875379375589337,Buy
2024-11-25,SPWR,0.0019828719348744736,Buy
2024-11-25,ICE,0.00032904500007380905,Buy
2024-11-25,GREK,0.00031349727400055427,Buy
2024-11-25,JNJ,0.0002678122191129076,Buy
2024-11-25,STI,-0.038772627156575916,Sell
2024-11-25,KMB,0.034482758620689655,Buy
2024-11-25,VTR,0.0005894933577409653,Buy
2024-11-25,DHI,-0.03604208445496153,Sell
2024-11-25,EWC,0.034482758620689655,Buy
2024-11-25,BDX,0.034482758620689655,Buy
2024-11-25,EOG,0.034482758620689655,Buy
2024-11-25,EWI,0.00037339652872576956,Buy
2024-11-25,HTZ,-0.0383515480426047,Sell
2024-11-25,ORCL,0.034482758620689655,Buy
2024-11-25,KGC,0.034482758620689655,Buy
2024-11-25,WMB,0.034482758620689655,Buy
2024-11-25,TRP,0.034482758620689655,Buy
2024-11-25,KO,-0.03432622646087507,Sell
2024-11-25,D,0.00017318153483461551,Buy
2024-11-25,NTAP,-0.03515069540244703,Sell
2024-11-25,LOW,-0.03545101083432314,Sell
2024-11-25,PCG,0.034482758620689655,Buy
2024-11-25,DUK,0.00031265448051521344,Buy
2024-11-25,HMC,0.034482758620689655,Buy
2024-11-25,CME,0.034482758620689655,Buy
2024-11-25,CLX,0.001001684912727653,Buy
2024-11-25,OHI,0.0004187902194684526,Buy
2024-11-25,BSX,0.0006858038238753139,Buy
2024-11-25,XLE,0.0010745145777177056,Buy
2024-11-25,ENB,0.0006460172519162852,Buy
2024-11-25,MRK,-0.03476134527887187,Sell
2024-11-26,PPG,0.034482758620689655,Buy
2024-11-26,BAX,0.000624171008962067,Buy
2024-11-26,VWO,0.0002394997459696721,Buy
2024-11-26,A,0.034482758620689655,Buy
2024-11-26,CF,-0.00023780762395953642,Sell
2024-11-26,NVDA,-0.00017014392111174004,Sell
2024-11-26,HYG,0.034482758620689655,Buy
2024-11-26,BUD,0.0007518954854056001,Buy
2024-11-26,SPWR,0.0008019667122355634,Buy
2024-11-26,ICE,-0.00012782696727818565,Sell
2024-11-26,GREK,-0.00010247157319918931,Sell
2024-11-26,JNJ,6.209760206988407e-05,Buy
2024-11-26,KMB,-0.034571088382549395,Sell
2024-11-26,HAS,0.034482758620689655,Buy
2024-11-26,VTR,-0.03499705558815864,Sell
2024-11-26,DHI,0.034482758620689655,Buy
2024-11-26,EWC,0.00029040263709569775,Buy
2024-11-26,BDX,0.00024542628332784033,Buy
2024-11-26,EOG,-8.843097230040037e-05,Sell
2024-11-26,EWI,0.0003442752479131117,Buy
2024-11-26,ANF,0.034482758620689655,Buy
2024-11-26,ORCL,-0.034860949997991095,Sell
2024-11-26,KGC,-0.0005389185907856905,Sell
2024-11-26,WMB,-0.03453161047072065,Sell
2024-11-26,TRP,0.0002821792838980097,Buy
2024-11-26,KO,0.034482758620689655,Buy
2024-11-26,D,-0.034772137648444126,Sell
2024-11-26,ULTA,0.034482758620689655,Buy
2024-11-26,LOW,0.034482758620689655,Buy
2024-11-26,PCG,-0.03494498626794102,Sell
2024-11-26,DUK,-0.0350357940980153,Sell
2024-11-26,HMC,-0.03339249660604104,Sell
2024-11-26,CME,-0.035178553890487796,Sell
2024-11-26,CP,0.034482758620689655,Buy
2024-11-26,CLX,-0.00015555511672959987,Sell
2024-11-26,OHI,-0.03500903493918419,Sell
2024-11-26,BSX,-0.03479540698890607,Sell
2024-11-26,XLE,0.00010457549636038593,Buy
2024-11-26,M,0.034482758620689655,Buy
2024-11-26,ENB,-0.03422474299692323,Sell
2024-11-26,MRK,0.034482758620689655,Buy
2024-11-27,PPG,0.00024492933990730853,Buy
2024-11-27,BAX,-0.03466803585559378,Sell
2024-11-27,VWO,0.00014396828719458188,Buy
2024-11-27,A,-0.03516992600076947,Sell
2024-11-27,CF,7.083191408346207e-05,Buy
2024-11-27,NVDA,0.0006674351760298236,Buy
2024-11-27,WEN,0.034482758620689655,Buy
2024-11-27,HYG,-0.0343131894747196,Sell
2024-11-27,BUD,0.00017751003805506482,Buy
2024-11-27,SPWR,-0.03817922434128438,Sell
2024-11-27,ICE,0.0001234486488435188,Buy
2024-11-27,GREK,0.0002726623208887599,Buy
2024-11-27,JNJ,7.783581756819896e-05,Buy
2024-11-27,KMB,0.034482758620689655,Buy
2024-11-27,HAS,0.00033145961285788866,Buy
2024-11-27,DHI,0.00012666972380378366,Buy
2024-11-27,EWC,-0.034394801442047915,Sell
2024-11-27,BDX,0.0006189535868645069,Buy
2024-11-27,EOG,-0.034352061407331234,Sell
2024-11-27,EWI,2.371792217434332e-05,Buy
2024-11-27,ANF,-0.03466274718339499,Sell
2024-11-27,ORCL,0.034482758620689655,Buy
2024-11-27,CCL,0.034482758620689655,Buy
2024-11-27,KGC,0.0007883882596914082,Buy
2024-11-27,GOLD,0.034482758620689655,Buy
2024-11-27,TRP,0.0005042831672648421,Buy
2024-11-27,KO,0.0003362624984388912,Buy
2024-11-27,ULTA,-0.035612779407517,Sell
2024-11-27,NTAP,0.034482758620689655,Buy
2024-11-27,NWSA,0.034482758620689655,Buy
2024-11-27,LOW,0.00043220218157736384,Buy
2024-11-27,HMC,0.034482758620689655,Buy
2024-11-27,CP,-0.00016881902973577695,Sell
2024-11-27,CLX,0.0003135499026987315,Buy
2024-11-27,XLE,0.0003085886799673518,Buy
2024-11-27,M,0.0001219601137585069,Buy
2024-11-27,ENB,0.034482758620689655,Buy
2024-11-27,MRK,-0.03471506811451325,Sell
2024-11-29,PPG,-9.126129001992694e-05,Sell
2024-11-29,VWO,5.6141253357289145e-06,Buy
2024-11-29,CF,-0.034705343418380545,Sell
2024-11-29,NVDA,-0.035056159525157796,Sell
2024-11-29,WEN,0.0004793328362644178,Buy
2024-11-29,BUD,0.0003421758383917381,Buy
2024-11-29,SPWR,0.034482758620689655,Buy
2024-11-29,ICE,0.00021346297707484224,Buy
2024-11-29,GREK,0.00015566243522789625,Buy
2024-11-29,JNJ,0.0002506175038937547,Buy
2024-11-29,KMB,0.00012749946202332552,Buy
2024-11-29,HAS,-0.03499506993996007,Sell
2024-11-29,VTR,0.034482758620689655,Buy
2024-11-29,DHI,0.0002961497131579102,Buy
2024-11-29,BDX,0.0001768610853495889,Buy
2024-11-29,MU,0.034482758620689655,Buy
2024-11-29,EBAY,0.034482758620689655,Buy
2024-11-29,QQQ,0.034482758620689655,Buy
2024-11-29,EWI,-0.03465200786634967,Sell
2024-11-29,ORCL,-0.03472024294661503,Sell
2024-11-29,CCL,-0.034714141651020186,Sell
2024-11-29,KGC,0.00047965548432853805,Buy
2024-11-29,GOLD,-0.034115594693147545,Sell
2024-11-29,WMB,0.034482758620689655,Buy
2024-11-29,TRP,-0.03468689435334772,Sell
2024-11-29,KO,9.203748901818326e-05,Buy
2024-11-29,D,0.034482758620689655,Buy
2024-11-29,ULTA,0.034482758620689655,Buy
2024-11-29,EW,0.034482758620689655,Buy
2024-11-29,NTAP,0.00010562877444568464,Buy
2024-11-29,NWSA,-0.034672673335908295,Sell
2024-11-29,LOW,0.00025996307789678125,Buy
2024-11-29,DUK,0.034482758620689655,Buy
2024-11-29,HMC,-0.00019703515118338344,Sell
2024-11-29,CP,-0.034883023516554895,Sell
2024-11-29,CLX,0.00016038974659698252,Buy
2024-11-29,OHI,0.034482758620689655,Buy
2024-11-29,XLE,1.6569815602780757e-05,Buy
2024-11-29,M,-0.03492034364246202,Sell
2024-11-29,ENB,-0.034702244992660156,Sell
2024-11-29,MRK,0.034482758620689655,Buy
2024-12-02,MET,0.034482758620689655,Buy
2024-12-02,PPG,-0.0350825007773926,Sell
2024-12-02,VWO,-0.03481171571085333,Sell
2024-12-02,WEN,-5.850413410322247e-05,Sell
2024-12-02,BUD,-0.034855793372381774,Sell
2024-12-02,SPWR,-0.03446457691342153,Sell
2024-12-02,ICE,0.00042042365381787794,Buy
2024-12-02,RRC,0.034482758620689655,Buy
2024-12-02,GREK,-0.03536722260375154,Sell
2024-12-02,JNJ,-0.0001072209620029338,Sell
2024-12-02,KMB,-0.00020634184530578248,Sell
2024-12-02,NDAQ,0.034482758620689655,Buy
2024-12-02,VTR,0.000824363954084438,Buy
2024-12-02,DHI,-0.034353697125111986,Sell
2024-12-02,EWC,0.034482758620689655,Buy
2024-12-02,BDX,-0.0002977430292963948,Sell
2024-12-02,MU,-0.03484907128232361,Sell
2024-12-02,EBAY,-0.03457122701416951,Sell
2024-12-02,EOG,0.034482758620689655,Buy
2024-12-02,QQQ,-0.03501401675011825,Sell
2024-12-02,EWI,0.034482758620689655,Buy
2024-12-02,ORCL,0.034482758620689655,Buy
2024-12-02,KGC,0.0004879465197120958,Buy
2024-12-02,WMB,0.001071051145069564,Buy
2024-12-02,TRP,0.034482758620689655,Buy
2024-12-02,KO,7.82875900342539e-05,Buy
2024-12-02,D,0.0006771449245965844,Buy
2024-12-02,ULTA,-0.03530161408017636,Sell
2024-12-02,EW,-0.03423883028905652,Sell
2024-12-02,NTAP,-0.00033771927135207297,Sell
2024-12-02,LOW,-0.00010582238337927818,Sell
2024-12-02,DUK,0.0003992232718356137,Buy
2024-12-02,HMC,-0.00036811397249520567,Sell
2024-12-02,CP,0.034482758620689655,Buy
2024-12-02,CLX,-2.3611278981323924e-05,Sell
2024-12-02,OHI,0.0005281896352226367,Buy
2024-12-02,XLE,0.00021205696621043324,Buy
2024-12-02,ENB,0.034482758620689655,Buy
2024-12-02,VZ,0.034482758620689655,Buy
2024-12-02,MRK,0.00019686152922876454,Buy
2024-12-03,MET,0.0004517822480977207,Buy
2024-12-03,MNST,0.034482758620689655,Buy
2024-12-03,BAX,0.034482758620689655,Buy
2024-12-03,XLP,0.034482758620689655,Buy
2024-12-03,WEN,0.0003923172028880498,Buy
2024-12-03,BUD,0.034482758620689655,Buy
2024-12-03,SPWR,0.034482758620689655,Buy
2024-12-03,ICE,0.0004335888735570101,Buy
2024-12-03,RRC,-0.034728634499333486,Sell
2024-12-03,GREK,0.034482758620689655,Buy
2024-12-03,JNJ,0.0005349246896050042,Buy
2024-12-03,KMB,0.0006709150306262041,Buy
2024-12-03,NDAQ,0.0002700631930485642,Buy
2024-12-03,TRV,0.034482758620689655,Buy
2024-12-03,VTR,-0.00029127942750551555,Sell
2024-12-03,EWC,-0.03441147740013697,Sell
2024-12-03,BDX,0.00023273579744834821,Buy
2024-12-03,EOG,-0.03463867686715191,Sell
2024-12-03,EWI,-0.00038933776544657073,Sell
2024-12-03,ORCL,-0.00029013326585014543,Sell
2024-12-03,ILMN,0.034482758620689655,Buy
2024-12-03,KGC,-0.03590301322058871,Sell
2024-12-03,WMB,-0.00010038949375369699,Sell
2024-12-03,TRP,-0.034548299263964306,Sell
2024-12-03,KO,6.170387210480133e-05,Buy
2024-12-03,D,0.0003942798182306473,Buy
2024-12-03,NTAP,-0.034877566195946355,Sell
2024-12-03,LOW,-0.00030542060437033225,Sell
2024-12-03,DUK,0.0004524194772738063,Buy
2024-12-03,HMC,-0.00036609979045753444,Sell
2024-12-03,CP,0.0003166921894864061,Buy
2024-12-03,CLX,-0.03461369608488196,Sell
2024-12-03,OHI,0.00022518493076526674,Buy
2024-12-03,XLE,-5.091965388337449e-06,Sell
2024-12-03,ENB,-0.03459491022786884,Sell
2024-12-03,ZUMZ,0.034482758620689655,Buy
2024-12-03,VZ,6.989216837990919e-06,Buy
2024-12-03,MRK,-0.034916602078380835,Sell
2024-12-04,MET,-2.703668507497009e-05,Sell
2024-12-04,MNST,0.00011685484969161525,Buy
2024-12-04,BAX,-4.941887215716839e-05,Sell
2024-12-04,VWO,0.034482758620689655,Buy
2024-12-04,CF,0.034482758620689655,Buy
2024-12-04,XLP,-6.809814150052218e-05,Sell
2024-12-04,WEN,-0.00039738437929789233,Sell
2024-12-04,BUD,0.00028574686504762026,Buy
2024-12-04,SPWR,0.0012214245356778272,Buy
2024-12-04,ICE,-0.00012899225725884061,Sell
2024-12-04,GREK,-0.0005042270174182434,Sell
2024-12-04,JNJ,0.00026532783793728476,Buy
2024-12-04,STI,0.034482758620689655,Buy
2024-12-04,KMB,-0.000159394386255389,Sell
2024-12-04,NDAQ,-9.601795407566255e-05,Sell
2024-12-04,TRV,-0.03480544380161033,Sell
2024-12-04,VTR,0.0001887956737485902,Buy
2024-12-04,DHI,0.034482758620689655,Buy
2024-12-04,BDX,-0.00019107847007599627,Sell
2024-12-04,EOG,0.034482758620689655,Buy
2024-12-04,EWI,-0.00029681765056469023,Sell
2024-12-04,ORCL,-0.03565127300449017,Sell
2024-12-04,ILMN,-0.03511542798202032,Sell
2024-12-04,WMB,1.9174089230418467e-05,Buy
2024-12-04,KO,0.0005500806474004472,Buy
2024-12-04,D,2.506547372242013e-05,Buy
2024-12-04,LOW,0.00010322860111086629,Buy
2024-12-04,DUK,-5.4707340731173504e-05,Sell
2024-12-04,HMC,0.0005592707375864786,Buy
2024-12-04,CP,-0.03499557802619889,Sell
2024-12-04,OHI,-7.683226404076038e-05,Sell
2024-12-04,XLE,0.0006713785257137367,Buy
2024-12-04,ZUMZ,-0.034831679399764275,Sell
2024-12-04,VZ,0.0008710735099125913,Buy
2024-12-05,MET,-0.0348127301455406,Sell
2024-12-05,MNST,0.0002912561619870871,Buy
2024-12-05,PPG,0.034482758620689655,Buy
2024-12-05,BAX,0.0010466475425193536,Buy
2024-12-05,VWO,-0.000352705280756406,Sell
2024-12-05,A,0.034482758620689655,Buy
2024-12-05,CF,0.0006783907027569994,Buy
2024-12-05,XLP,-0.03474855172865522,Sell
2024-12-05,WEN,0.0004119928788985719,Buy
2024-12-05,BUD,-0.00010124804946106541,Sell
2024-12-05,SPWR,0.002216103447056042,Buy
2024-12-05,ICE,-0.0001871424502285432,Sell
2024-12-05,GREK,-0.0008339641380037885,Sell
2024-12-05,QCOM,0.034482758620689655,Buy
2024-12-05,JNJ,-0.03439153104973407,Sell
2024-12-05,STI,0.0017435294059227405,Buy
2024-12-05,KMB,-0.034954149464975395,Sell
2024-12-05,NDAQ,-0.0347984435173469,Sell
2024-12-05,VTR,-0.00012728488149487543,Sell
2024-12-05,DHI,0.00023094085230987438,Buy
2024-12-05,BDX,-0.00025389238558432004,Sell
2024-12-05,EOG,-0.0002582146558641474,Sell
2024-12-05,EWI,-0.035390860562237184,Sell
2024-12-05,SIRI,0.034482758620689655,Buy
2024-12-05,HTZ,0.034482758620689655,Buy
2024-12-05,CCL,0.034482758620689655,Buy
2024-12-05,XRT,0.034482758620689655,Buy
2024-12-05,ILMN,0.034482758620689655,Buy
2024-12-05,WMB,-0.03513872542939545,Sell
2024-12-05,KO,-0.035005046909536076,Sell
2024-12-05,D,-0.0004650346057143498,Sell
2024-12-05,LOW,0.00015236808907643368,Buy
2024-12-05,DUK,-0.03483307928428788,Sell
2024-12-05,HMC,-1.9883747975152355e-05,Sell
2024-12-05,OHI,-0.00011850916806079026,Sell
2024-12-05,SYK,0.034482758620689655,Buy
2024-12-05,XLE,-0.00026237492101967297,Sell
2024-12-05,VZ,-0.00015169680648857015,Sell
2024-12-06,MET,0.034482758620689655,Buy
2024-12-06,MNST,-0.03394669664622606,Sell
2024-12-06,PPG,-0.03450497048873949,Sell
2024-12-06,BAX,0.0001051281260831885,Buy
2024-12-06,VWO,-0.03450061772857912,Sell
2024-12-06,A,-0.03516360084324961,Sell
2024-12-06,CF,0.0003558867779814706,Buy
2024-12-06,XLP,0.034482758620689655,Buy
2024-12-06,WEN,0.0004064041235154678,Buy
2024-12-06,AA,0.034482758620689655,Buy
2024-12-06,BUD,0.00013981886827436896,Buy
2024-12-06,SPWR,-0.033715107684348655,Sell
2024-12-06,ICE,9.405500146186102e-05,Buy
2024-12-06,RRC,0.034482758620689655,Buy
2024-12-06,GREK,-0.03435951282533557,Sell
2024-12-06,QCOM,-0.03429652713407989,Sell
2024-12-06,JNJ,0.034482758620689655,Buy
2024-12-06,STI,-0.03497839012906611,Sell
2024-12-06,KMB,0.034482758620689655,Buy
2024-12-06,VTR,-0.034219310757061805,Sell
2024-12-06,DHI,-0.034233058132421425,Sell
2024-12-06,EWC,0.034482758620689655,Buy
2024-12-06,BDX,0.0003415045049911386,Buy
2024-12-06,EOG,0.0005831880330933806,Buy
2024-12-06,SIRI,-0.03606543015924969,Sell
2024-12-06,HTZ,-0.0008276393313023794,Sell
2024-12-06,CCL,-0.034694347908689485,Sell
2024-12-06,XRT,-0.03493273884500845,Sell
2024-12-06,ILMN,-0.034776588651724456,Sell
2024-12-06,TRP,0.034482758620689655,Buy
2024-12-06,KO,0.034482758620689655,Buy
2024-12-06,D,0.0005181565704060337,Buy
2024-12-06,NWSA,0.034482758620689655,Buy
2024-12-06,LOW,-0.03491478037920947,Sell
2024-12-06,PCG,0.034482758620689655,Buy
2024-12-06,RF,0.034482758620689655,Buy
2024-12-06,HMC,-0.00045921250961020177,Sell
2024-12-06,CP,0.034482758620689655,Buy
2024-12-06,CLX,0.034482758620689655,Buy
2024-12-06,PRGO,0.034482758620689655,Buy
2024-12-06,OHI,0.0001544486975410611,Buy
2024-12-06,SYK,-0.03471747372132704,Sell
2024-12-06,XLE,0.0005817770561345331,Buy
2024-12-06,ENB,0.034482758620689655,Buy
2024-12-06,VZ,0.00014290420167802076,Buy
2024-12-09,MET,0.001062540632111364,Buy
2024-12-09,BAX,-0.00018605410002547895,Sell
2024-12-09,CF,-4.551768540145967e-05,Sell
2024-12-09,XLP,-0.03455975668477927,Sell
2024-12-09,WEN,-0.034792599450705196,Sell
2024-12-09,DAL,0.034482758620689655,Buy
2024-12-09,AA,0.00027570134156042897,Buy
2024-12-09,BUD,-0.0002297566579334276,Sell
2024-12-09,ICE,-0.034645457481469646,Sell
2024-12-09,RRC,-0.03500411126910848,Sell
2024-12-09,JNJ,-0.00019885964411475027,Sell
2024-12-09,KMB,0.00032568260963748014,Buy
2024-12-09,NDAQ,0.034482758620689655,Buy
2024-12-09,HAS,0.034482758620689655,Buy
2024-12-09,TRV,0.034482758620689655,Buy
2024-12-09,VTR,0.034482758620689655,Buy
2024-12-09,EWC,1.368188131382897e-05,Buy
2024-12-09,BDX,-0.0007686487146165988,Sell
2024-12-09,EOG,-0.034625215336763125,Sell
2024-12-09,HTZ,-0.034246924799257825,Sell
2024-12-09,CCL,0.034482758620689655,Buy
2024-12-09,KEY,0.034482758620689655,Buy
2024-12-09,WMB,0.034482758620689655,Buy
2024-12-09,TRP,0.0004996853824071751,Buy
2024-12-09,KO,-0.00017037231144205467,Sell
2024-12-09,D,0.0001524505515093158,Buy
2024-12-09,NWSA,-0.03464976117588267,Sell
2024-12-09,PCG,7.269387410337169e-05,Buy
2024-12-09,DUK,0.034482758620689655,Buy
2024-12-09,RF,0.0005669923838144339,Buy
2024-12-09,HMC,-0.00023796596405789572,Sell
2024-12-09,CP,-0.03473848360634654,Sell
2024-12-09,CLX,-0.0347035321129427,Sell
2024-12-09,PRGO,-0.034454074591862484,Sell
2024-12-09,OHI,-0.0001228082789201737,Sell
2024-12-09,BSX,0.034482758620689655,Buy
2024-12-09,XLE,-7.458142890511693e-05,Sell
2024-12-09,ENB,0.0005022512742402854,Buy
2024-12-09,VZ,-0.00012345787225143123,Sell
2024-12-10,MET,0.0001357101377355771,Buy
2024-12-10,BAX,-0.034128892942641494,Sell
2024-12-10,CF,-0.034816935034118895,Sell
2024-12-10,WEN,0.034482758620689655,Buy
2024-12-10,DAL,-0.03485716965194466,Sell
2024-12-10,AA,-0.033832906606813234,Sell
2024-12-10,BUD,-2.6032581421059353e-05,Sell
2024-12-10,GREK,0.034482758620689655,Buy
2024-12-10,QCOM,0.034482758620689655,Buy
2024-12-10,JNJ,-5.6821063513165515e-06,Sell
2024-12-10,KMB,-0.00012240421389043965,Sell
2024-12-10,NDAQ,-0.034890634353763314,Sell
2024-12-10,HAS,-0.03477614217961464,Sell
2024-12-10,TRV,0.000352575704254926,Buy
2024-12-10,VTR,-0.034624911368233674,Sell
2024-12-10,EWC,4.645103885718427e-05,Buy
2024-12-10,BDX,0.00015220721453966524,Buy
2024-12-10,EOG,0.034482758620689655,Buy
2024-12-10,ORCL,0.034482758620689655,Buy
2024-12-10,CCL,-0.0006903504894064175,Sell
2024-12-10,TSM,0.034482758620689655,Buy
2024-12-10,KEY,0.00015123512165928638,Buy
2024-12-10,WMB,-1.531325627686375e-05,Sell
2024-12-10,TRP,5.477767078696655e-05,Buy
2024-12-10,KO,-0.034745166644855545,Sell
2024-12-10,D,0.00026953605600080893,Buy
2024-12-10,NTAP,0.034482758620689655,Buy
2024-12-10,NWSA,0.034482758620689655,Buy
2024-12-10,PCG,0.00047334658992396333,Buy
2024-12-10,DUK,0.00014061382854668042,Buy
2024-12-10,RF,0.00044628784576545427,Buy
2024-12-10,HMC,1.4695851337592769e-05,Buy
2024-12-10,OHI,-0.0001176267456473451,Sell
2024-12-10,BSX,-0.03515070585657436,Sell
2024-12-10,XLE,0.00014469752978499284,Buy
2024-12-10,ENB,-5.8545829283933315e-05,Sell
2024-12-10,VZ,-4.2222374541288354e-05,Sell
2024-12-10,MRK,0.034482758620689655,Buy
2024-12-11,MET,0.0005568516902593745,Buy
2024-12-11,PPG,0.034482758620689655,Buy
2024-12-11,XLP,0.034482758620689655,Buy
2024-12-11,WEN,0.0001193600259117647,Buy
2024-12-11,BUD,0.0003394303436458912,Buy
2024-12-11,NSC,0.034482758620689655,Buy
2024-12-11,GREK,-3.8632463649317106e-05,Sell
2024-12-11,QCOM,-0.03526494995328383,Sell
2024-12-11,JNJ,0.0005605086562577299,Buy
2024-12-11,STI,0.034482758620689655,Buy
2024-12-11,KMB,0.0005995491307886971,Buy
2024-12-11,HAS,0.034482758620689655,Buy
2024-12-11,TRV,0.0003112487081262938,Buy
2024-12-11,VTR,0.034482758620689655,Buy
2024-12-11,EWC,-0.03470808053550122,Sell
2024-12-11,BDX,2.3719101446474655e-05,Buy
2024-12-11,EOG,-0.034780414733577535,Sell
2024-12-11,ORCL,-0.00020177719623619417,Sell
2024-12-11,CCL,-0.035563851688172186,Sell
2024-12-11,TSM,-0.03499980756632892,Sell
2024-12-11,KEY,0.00014887785735566428,Buy
2024-12-11,WMB,-0.03505297530812838,Sell
2024-12-11,TRP,-0.034616534367047765,Sell
2024-12-11,KO,0.034482758620689655,Buy
2024-12-11,D,0.00042574848282036365,Buy
2024-12-11,NTAP,-0.03493147740660588,Sell
2024-12-11,NWSA,-0.034533270432756474,Sell
2024-12-11,LOW,0.034482758620689655,Buy
2024-12-11,PCG,8.292108104743234e-05,Buy
2024-12-11,DUK,0.000433627185506158,Buy
2024-12-11,RF,-0.034616789440820216,Sell
2024-12-11,HMC,-5.188659798445461e-05,Sell
2024-12-11,CME,0.034482758620689655,Buy
2024-12-11,CLX,0.034482758620689655,Buy
2024-12-11,OHI,0.0003305800773612949,Buy
2024-12-11,XLE,-0.0345787687040908,Sell
2024-12-11,ENB,-6.310651641048409e-05,Sell
2024-12-11,VZ,0.00021436104287277796,Buy
2024-12-11,MRK,0.00038861231909107646,Buy
2024-12-11,BMY,0.034482758620689655,Buy
2024-12-12,MET,-0.035730449540511,Sell
2024-12-12,PPG,-0.034891948038982504,Sell
2024-12-12,XLP,-0.03459056550698574,Sell
2024-12-12,WEN,0.0002111667991040317,Buy
2024-12-12,HYG,0.034482758620689655,Buy
2024-12-12,BUD,-0.0007443334445235289,Sell
2024-12-12,NSC,-0.0001547353758203293,Sell
2024-12-12,GREK,6.903990827365758e-05,Buy
2024-12-12,JNJ,8.721003625439955e-05,Buy
2024-12-12,STI,0.000980899271900225,Buy
2024-12-12,KMB,-8.081243547539141e-05,Sell
2024-12-12,HAS,0.00016991240076811437,Buy
2024-12-12,TRV,0.0001704017054762197,Buy
2024-12-12,VTR,0.00037937564580802635,Buy
2024-12-12,EWC,0.034482758620689655,Buy
2024-12-12,BDX,-0.03544611249628637,Sell
2024-12-12,ORCL,0.0006227346788217417,Buy
2024-12-12,KEY,0.0004640465300286348,Buy
2024-12-12,ILMN,0.034482758620689655,Buy
2024-12-12,TRP,0.034482758620689655,Buy
2024-12-12,KO,-0.035150350276814596,Sell
2024-12-12,D,0.0002727564847816999,Buy
2024-12-12,LOW,0.0005595846845179719,Buy
2024-12-12,PCG,-0.0001983882129523995,Sell
2024-12-12,DUK,0.00012845580604661788,Buy
2024-12-12,RF,0.034482758620689655,Buy
2024-12-12,HMC,0.0006418772985337801,Buy
2024-12-12,CME,-0.034732512205440234,Sell
2024-12-12,CP,0.034482758620689655,Buy
2024-12-12,CLX,-4.776391112223943e-06,Sell
2024-12-12,OHI,3.751880675269964e-05,Buy
2024-12-12,XLE,0.034482758620689655,Buy
2024-12-12,ENB,0.0002293629165731753,Buy
2024-12-12,VZ,-0.03456355613073878,Sell
2024-12-12,CAT,0.034482758620689655,Buy
2024-12-12,MRK,-0.03500826895627862,Sell
2024-12-12,BMY,0.00021839680592895122,Buy
2024-12-13,BAX,0.034482758620689655,Buy
2024-12-13,VWO,0.034482758620689655,Buy
2024-12-13,XLP,0.034482758620689655,Buy
2024-12-13,NVDA,0.034482758620689655,Buy
2024-12-13,WEN,0.0002502488973688821,Buy
2024-12-13,HYG,-9.984277380033213e-06,Sell
2024-12-13,BUD,-6.462120146789874e-05,Sell
2024-12-13,NSC,0.00018128474886255908,Buy
2024-12-13,GREK,-0.00036424241841385985,Sell
2024-12-13,JNJ,-0.00019976301903031762,Sell
2024-12-13,STI,-0.03484762241242436,Sell
2024-12-13,KMB,-0.00022880738020033403,Sell
2024-12-13,HAS,0.0011269212524000066,Buy
2024-12-13,TRV,-0.034935900879593036,Sell
2024-12-13,VTR,-0.03451773980967029,Sell
2024-12-13,EWC,5.016355887239865e-06,Buy
2024-12-13,BDX,0.034482758620689655,Buy
2024-12-13,HTZ,0.034482758620689655,Buy
2024-12-13,ORCL,0.00027093258340791376,Buy
2024-12-13,KEY,-0.034726723835411755,Sell
2024-12-13,ILMN,-0.0339878663026541,Sell
2024-12-13,TRP,0.000119352833559426,Buy
2024-12-13,KO,0.034482758620689655,Buy
2024-12-13,D,-0.00024482981582781005,Sell
2024-12-13,NWSA,0.034482758620689655,Buy
2024-12-13,LOW,-0.03444692115726052,Sell
2024-12-13,PCG,0.0001853391678931643,Buy
2024-12-13,DUK,-2.139807242021452e-06,Sell
2024-12-13,RF,-0.03467549954080044,Sell
2024-12-13,HMC,2.545900819087704e-05,Buy
2024-12-13,CP,2.4483731584257207e-05,Buy
2024-12-13,CLX,-0.00016240350982671403,Sell
2024-12-13,OHI,-0.0004754258412675294,Sell
2024-12-13,XLE,6.371581323789954e-05,Buy
2024-12-13,ENB,5.287270550366485e-06,Buy
2024-12-13,CAT,-0.034568108646669586,Sell
2024-12-13,BMY,0.00019744078874982945,Buy
2024-12-16,PPG,0.034482758620689655,Buy
2024-12-16,BAX,-0.0338529038672964,Sell
2024-12-16,VWO,-0.03470824900951828,Sell
2024-12-16,CF,0.034482758620689655,Buy
2024-12-16,XLP,-0.00022288806642669495,Sell
2024-12-16,NVDA,-0.034303783982489296,Sell
2024-12-16,WEN,4.2845338979767555e-05,Buy
2024-12-16,HYG,-0.034954403936765736,Sell
2024-12-16,BUD,0.00018192621870353337,Buy
2024-12-16,NSC,7.601293089341127e-05,Buy
2024-12-16,GREK,-0.00032086358138560395,Sell
2024-12-16,JNJ,0.00025336477329986756,Buy
2024-12-16,KMB,-0.03489382630181255,Sell
2024-12-16,HAS,0.0001252593616972164,Buy
2024-12-16,DHI,0.034482758620689655,Buy
2024-12-16,EWC,-0.00023135196693587629,Sell
2024-12-16,BBT,0.034482758620689655,Buy
2024-12-16,BDX,-0.035197863660697666,Sell
2024-12-16,EOG,0.034482758620689655,Buy
2024-12-16,HTZ,0.0025705177729082387,Buy
2024-12-16,ORCL,2.887117809909079e-05,Buy
2024-12-16,ILMN,0.034482758620689655,Buy
2024-12-16,WMB,0.034482758620689655,Buy
2024-12-16,TRP,-8.29176160599826e-05,Sell
2024-12-16,KO,-9.069215813112264e-05,Sell
2024-12-16,D,-7.649336101435422e-05,Sell
2024-12-16,HUM,0.034482758620689655,Buy
2024-12-16,NWSA,-0.034937289287286066,Sell
2024-12-16,LOW,0.034482758620689655,Buy
2024-12-16,PCG,-0.00014077995780131802,Sell
2024-12-16,DUK,3.668957337002454e-05,Buy
2024-12-16,HMC,0.00019718923531127086,Buy
2024-12-16,CP,-0.0002978479085643179,Sell
2024-12-16,CLX,-0.0347848459521103,Sell
2024-12-16,OHI,-0.0347105507328016,Sell
2024-12-16,XLE,0.00036068123731389234,Buy
2024-12-16,ENB,-8.942001566576707e-05,Sell
2024-12-16,CAT,0.034482758620689655,Buy
2024-12-16,BMY,-0.03494480437449943,Sell
2024-12-17,PPG,-0.00013067650172940426,Sell
2024-12-17,A,0.034482758620689655,Buy
2024-12-17,CF,-0.03477791141562616,Sell
2024-12-17,XLP,-0.0002354901947531282,Sell
2024-12-17,NVDA,0.034482758620689655,Buy
2024-12-17,WEN,-0.03512795385832865,Sell
2024-12-17,HYG,0.034482758620689655,Buy
2024-12-17,BUD,0.00020801068705778025,Buy
2024-12-17,NSC,-0.03472778125433998,Sell
2024-12-17,ICE,0.034482758620689655,Buy
2024-12-17,GREK,-4.068434199869242e-05,Sell
2024-12-17,JNJ,-0.03539683270163016,Sell
2024-12-17,HAS,8.79602701729168e-05,Buy
2024-12-17,TRV,0.034482758620689655,Buy
2024-12-17,DHI,-0.03456586267185247,Sell
2024-12-17,EWC,-8.437804937902471e-05,Sell
2024-12-17,BBT,0.0005664383903150327,Buy
2024-12-17,BDX,0.034482758620689655,Buy
2024-12-17,EOG,0.00011508129044483784,Buy
2024-12-17,EWI,0.034482758620689655,Buy
2024-12-17,HTZ,-0.03293089862271978,Sell
2024-12-17,ORCL,-0.034469196742372386,Sell
2024-12-17,KEY,0.034482758620689655,Buy
2024-12-17,ILMN,-0.03446963104138731,Sell
2024-12-17,WMB,-0.00011471900693818537,Sell
2024-12-17,TRP,-0.03480057406583867,Sell
2024-12-17,KO,-0.035250515709951566,Sell
2024-12-17,D,-0.03481689210655501,Sell
2024-12-17,HUM,0.003252604935545779,Buy
2024-12-17,NWSA,0.034482758620689655,Buy
2024-12-17,BX,0.034482758620689655,Buy
2024-12-17,LOW,-0.034463689786783235,Sell
2024-12-17,PCG,-0.0004903328954116576,Sell
2024-12-17,DUK,-0.034923573898190154,Sell
2024-12-17,RF,0.034482758620689655,Buy
2024-12-17,HMC,-0.0006287535963849025,Sell
2024-12-17,CP,-4.32144453934441e-06,Sell
2024-12-17,CLX,0.034482758620689655,Buy
2024-12-17,XLE,-3.6087026193828975e-05,Sell
2024-12-17,ENB,-0.00018629011906454856,Sell
2024-12-17,VZ,0.034482758620689655,Buy
2024-12-17,CAT,-8.788912628440726e-06,Sell
2024-12-18,PPG,-0.03511862765535436,Sell
2024-12-18,A,2.3334374323932816e-05,Buy
2024-12-18,XLP,-0.03481514684047094,Sell
2024-12-18,NVDA,-0.03495195217400861,Sell
2024-12-18,HYG,-0.03499020730655202,Sell
2024-12-18,BUD,0.00026312347399625596,Buy
2024-12-18,ICE,-0.00013236031401336196,Sell
2024-12-18,GREK,-8.001551774437093e-05,Sell
2024-12-18,NDAQ,0.034482758620689655,Buy
2024-12-18,HAS,-0.03415421905820935,Sell
2024-12-18,TRV,0.0002337721958658931,Buy
2024-12-18,DHI,0.034482758620689655,Buy
2024-12-18,EWC,0.0001211439941528128,Buy
2024-12-18,BBT,0.00035529554019275017,Buy
2024-12-18,BDX,-0.03511037663676827,Sell
2024-12-18,WFC,0.034482758620689655,Buy
2024-12-18,EOG,0.00014003025455020662,Buy
2024-12-18,EWI,-0.03451057058718359,Sell
2024-12-18,CCL,0.034482758620689655,Buy
2024-12-18,MS,0.034482758620689655,Buy
2024-12-18,MAR,0.034482758620689655,Buy
2024-12-18,KEY,0.0007978781074762728,Buy
2024-12-18,ILMN,0.034482758620689655,Buy
2024-12-18,WMB,0.00023575608555693323,Buy
2024-12-18,HUM,-0.036254111723539206,Sell
2024-12-18,NTAP,0.034482758620689655,Buy
2024-12-18,NWSA,-0.00015715240061403568,Sell
2024-12-18,BX,0.0013324685690221175,Buy
2024-12-18,PCG,4.429543234882316e-05,Buy
2024-12-18,DUK,0.034482758620689655,Buy
2024-12-18,RF,0.001025749873592531,Buy
2024-12-18,HMC,0.0008370037607443731,Buy
2024-12-18,CP,-0.035107995092975144,Sell
2024-12-18,CLX,-0.000524130320806053,Sell
2024-12-18,SYK,0.034482758620689655,Buy
2024-12-18,XLE,0.0001744887611659432,Buy
2024-12-18,COF,0.034482758620689655,Buy
2024-12-18,ENB,-0.00010192806071995797,Sell
2024-12-18,VZ,-0.03488508859438587,Sell
2024-12-18,CAT,-0.03423281249942234,Sell
2024-12-19,PPG,0.034482758620689655,Buy
2024-12-19,A,-0.034598149417523934,Sell
2024-12-19,XLP,0.034482758620689655,Buy
2024-12-19,HYG,0.034482758620689655,Buy
2024-12-19,BUD,-6.173169287156804e-05,Sell
2024-12-19,ICE,0.00023392881495926804,Buy
2024-12-19,CAG,0.034482758620689655,Buy
2024-12-19,GREK,-0.03483794146193317,Sell
2024-12-19,QCOM,0.034482758620689655,Buy
2024-12-19,JNJ,0.034482758620689655,Buy
2024-12-19,NDAQ,-2.8487813443098253e-05,Sell
2024-12-19,HAS,0.034482758620689655,Buy
2024-12-19,TRV,-0.03479731734215737,Sell
2024-12-19,DPZ,0.034482758620689655,Buy
2024-12-19,DHI,0.0010353932757764459,Buy
2024-12-19,EWC,0.00011344724363176323,Buy
2024-12-19,BBT,0.00032456051022410753,Buy
2024-12-19,BDX,0.034482758620689655,Buy
2024-12-19,WFC,-0.0345966130918898,Sell
2024-12-19,EOG,0.0003386029454914771,Buy
2024-12-19,CCL,-0.035052534915705195,Sell
2024-12-19,MS,8.551480819550539e-05,Buy
2024-12-19,MAR,-0.03472186995663658,Sell
2024-12-19,KEY,0.00023695239475925167,Buy
2024-12-19,ILMN,-0.03454365468169399,Sell
2024-12-19,WMB,-0.03492340792360859,Sell
2024-12-19,PVH,0.034482758620689655,Buy
2024-12-19,NTAP,-0.03403753030188689,Sell
2024-12-19,NWSA,1.874765254918781e-05,Buy
2024-12-19,BX,0.0004928080765856102,Buy
2024-12-19,LOW,0.034482758620689655,Buy
2024-12-19,PCG,-0.034947285172951446,Sell
2024-12-19,DUK,-0.03498262887180371,Sell
2024-12-19,RF,0.00010940532439540629,Buy
2024-12-19,HMC,0.0004200358480924912,Buy
2024-12-19,CP,0.034482758620689655,Buy
2024-12-19,CLX,-0.035066287564759845,Sell
2024-12-19,OHI,0.034482758620689655,Buy
2024-12-19,SYK,-0.0343561099792512,Sell
2024-12-19,XLE,0.00023145828428994264,Buy
2024-12-19,COF,-0.034793036976693816,Sell
2024-12-19,ENB,-0.00024777718306919633,Sell
2024-12-19,CAT,0.034482758620689655,Buy
2024-12-20,PPG,0.0002245904835343343,Buy
2024-12-20,A,0.034482758620689655,Buy
2024-12-20,XLP,0.00030150547605063693,Buy
2024-12-20,WEN,0.034482758620689655,Buy
2024-12-20,HYG,-0.03427525890069373,Sell
2024-12-20,BUD,0.0003464429024430879,Buy
2024-12-20,ICE,-4.275268558934231e-05,Sell
2024-12-20,CAG,4.0083928720624495e-05,Buy
2024-12-20,QCOM,-0.03462545001397618,Sell
2024-12-20,JNJ,0.00021009308249673314,Buy
2024-12-20,KMB,0.034482758620689655,Buy
2024-12-20,NDAQ,0.00028036966066060515,Buy
2024-12-20,HAS,-0.00022371629592106423,Sell
2024-12-20,DPZ,-0.03394523792163136,Sell
2024-12-20,DHI,-0.00016697862072333203,Sell
2024-12-20,EWC,0.00017204134920580094,Buy
2024-12-20,BBT,-0.03501721180755967,Sell
2024-12-20,BDX,-0.00016464841141225484,Sell
2024-12-20,EOG,-0.03429778763285768,Sell
2024-12-20,TSM,0.034482758620689655,Buy
2024-12-20,MS,-0.034892572230936135,Sell
2024-12-20,KEY,-0.00014612406332260158,Sell
2024-12-20,ILMN,0.034482758620689655,Buy
2024-12-20,GOLD,0.034482758620689655,Buy
2024-12-20,KO,0.034482758620689655,Buy
2024-12-20,PVH,-0.03531369663788837,Sell
2024-12-20,NWSA,0.00011281356342188187,Buy
2024-12-20,BX,-0.03445072559530129,Sell
2024-12-20,LOW,-2.4528315477632956e-05,Sell
2024-12-20,RF,-0.00046081742624479866,Sell
2024-12-20,HMC,0.0001481642806879513,Buy
2024-12-20,CP,-0.00013448917424158102,Sell
2024-12-20,OHI,0.00040320840316668966,Buy
2024-12-20,BSX,0.034482758620689655,Buy
2024-12-20,XLE,-0.034396743465255813,Sell
2024-12-20,M,0.034482758620689655,Buy
2024-12-20,ENB,-0.03461374369839549,Sell
2024-12-20,VZ,0.034482758620689655,Buy
2024-12-20,CAT,-0.0345974515829943,Sell
2024-12-20,MRK,0.034482758620689655,Buy
2024-12-23,PPG,0.00028939445115896967,Buy
2024-12-23,BAX,0.034482758620689655,Buy
2024-12-23,A,0.00024942921858955164,Buy
2024-12-23,XLP,0.0004525679842925026,Buy
2024-12-23,WEN,0.0006216192559013317,Buy
2024-12-23,HYG,0.034482758620689655,Buy
2024-12-23,BUD,4.747689978442521e-05,Buy
2024-12-23,SPWR,0.034482758620689655,Buy
2024-12-23,ICE,0.00030645936244873967,Buy
2024-12-23,CAG,-0.03474043261884792,Sell
2024-12-23,GREK,0.034482758620689655,Buy
2024-12-23,JNJ,8.288417357347339e-05,Buy
2024-12-23,KMB,0.00024106459692838783,Buy
2024-12-23,NDAQ,-0.0343161075236948,Sell
2024-12-23,HAS,0.0007476330308891152,Buy
2024-12-23,DHI,-0.03432805337120859,Sell
2024-12-23,EWC,8.383324863570768e-05,Buy
2024-12-23,BBT,0.034482758620689655,Buy
2024-12-23,BDX,0.0004586455426877842,Buy
2024-12-23,EBAY,0.034482758620689655,Buy
2024-12-23,CCL,0.034482758620689655,Buy
2024-12-23,TSM,-0.03597117970247034,Sell
2024-12-23,XRT,0.034482758620689655,Buy
2024-12-23,KEY,1.2093422539355414e-05,Buy
2024-12-23,ILMN,0.0005313783316382367,Buy
2024-12-23,GOLD,-0.03362677552446738,Sell
2024-12-23,KO,0.00036529938963999337,Buy
2024-12-23,D,0.034482758620689655,Buy
2024-12-23,NTAP,0.034482758620689655,Buy
2024-12-23,NWSA,-0.0344437420024166,Sell
2024-12-23,LOW,-0.03416209952850182,Sell
2024-12-23,RF,0.00017157653491005342,Buy
2024-12-23,HMC,-0.03856371223038797,Sell
2024-12-23,CP,-0.03463179438171427,Sell
2024-12-23,OHI,0.00018189883330524403,Buy
2024-12-23,BSX,-0.03456042575567761,Sell
2024-12-23,M,-0.0005913674148052411,Sell
2024-12-23,VZ,0.00026375913088879516,Buy
2024-12-23,MRK,-0.0001882373653826,Sell
