Date,Ticker,Weight
2023-05-31,MNST,-0.05555555555555555
2023-05-31,DLTR,0.05555555555555555
2023-05-31,PPG,0.05555555555555555
2023-05-31,AMTD,-0.05555555555555555
2023-05-31,KEY,-0.05555555555555555
2023-05-31,ILMN,-0.05555555555555555
2023-05-31,GOLD,0.05555555555555555
2023-05-31,RL,0.05555555555555555
2023-05-31,HUM,-0.05555555555555555
2023-05-31,MRVL,-0.05555555555555555
2023-05-31,PCG,-0.05555555555555555
2023-05-31,NSC,0.05555555555555555
2023-05-31,RRC,-0.05555555555555555
2023-05-31,HMC,0.05555555555555555
2023-05-31,OHI,-0.05555555555555555
2023-05-31,ENB,0.05555555555555555
2023-05-31,TRV,0.05555555555555555
2023-05-31,CAT,0.05555555555555555
2023-06-01,MNST,-0.05555555555555555
2023-06-01,CNC,-0.05555555555555555
2023-06-01,JNJ,0.05555555555555555
2023-06-01,STI,-0.05555555555555555
2023-06-01,KMB,0.05555555555555555
2023-06-01,HAS,-0.05555555555555555
2023-06-01,VTR,-0.05555555555555555
2023-06-01,QQQ,-0.05555555555555555
2023-06-01,DLTR,0.05555555555555555
2023-06-01,XRT,0.05555555555555555
2023-06-01,D,0.05555555555555555
2023-06-01,RL,0.05555555555555555
2023-06-01,HUM,-0.05555555555555555
2023-06-01,WSM,0.05555555555555555
2023-06-01,MRVL,-0.05555555555555555
2023-06-01,PRGO,0.05555555555555555
2023-06-01,XLE,0.05555555555555555
2023-06-01,VZ,-0.05555555555555555
2023-06-02,HAS,-0.05555555555555555
2023-06-02,VTR,-0.05555555555555555
2023-06-02,DHI,-0.05555555555555555
2023-06-02,BDX,0.05555555555555555
2023-06-02,QQQ,-0.05555555555555555
2023-06-02,SIRI,0.05555555555555555
2023-06-02,CCL,-0.05555555555555555
2023-06-02,KGC,0.05555555555555555
2023-06-02,KO,-0.05555555555555555
2023-06-02,PVH,0.05555555555555555
2023-06-02,HUM,0.05555555555555555
2023-06-02,WSM,0.05555555555555555
2023-06-02,MRVL,-0.05555555555555555
2023-06-02,PCG,0.05555555555555555
2023-06-02,NTES,0.05555555555555555
2023-06-02,HMC,-0.05555555555555555
2023-06-02,SYK,0.05555555555555555
2023-06-02,CAT,-0.05555555555555555
2023-06-05,BAX,0.05555555555555555
2023-06-05,QCOM,0.05555555555555555
2023-06-05,STI,-0.05555555555555555
2023-06-05,HAS,-0.05555555555555555
2023-06-05,DPZ,0.05555555555555555
2023-06-05,QQQ,-0.05555555555555555
2023-06-05,EWI,0.05555555555555555
2023-06-05,DLTR,0.05555555555555555
2023-06-05,CCL,-0.05555555555555555
2023-06-05,XRT,0.05555555555555555
2023-06-05,GOLD,-0.05555555555555555
2023-06-05,ULTA,-0.05555555555555555
2023-06-05,WSM,0.05555555555555555
2023-06-05,MRVL,-0.05555555555555555
2023-06-05,HMC,-0.05555555555555555
2023-06-05,SYK,0.05555555555555555
2023-06-05,BSX,0.05555555555555555
2023-06-05,ZUMZ,-0.05555555555555555
2023-06-06,MNST,0.05555555555555555
2023-06-06,BAX,0.05555555555555555
2023-06-06,CAG,0.05555555555555555
2023-06-06,GREK,-0.05555555555555555
2023-06-06,STI,-0.05555555555555555
2023-06-06,HAS,-0.05555555555555555
2023-06-06,DPZ,0.05555555555555555
2023-06-06,DHI,-0.05555555555555555
2023-06-06,BDX,0.05555555555555555
2023-06-06,CCL,-0.05555555555555555
2023-06-06,KO,0.05555555555555555
2023-06-06,ULTA,-0.05555555555555555
2023-06-06,MRVL,-0.05555555555555555
2023-06-06,HMC,-0.05555555555555555
2023-06-06,CLX,0.05555555555555555
2023-06-06,OHI,-0.05555555555555555
2023-06-06,BSX,0.05555555555555555
2023-06-06,MRK,0.05555555555555555
2023-06-07,MNST,0.05555555555555555
2023-06-07,BAX,0.05555555555555555
2023-06-07,HOG,-0.05555555555555555
2023-06-07,GREK,-0.05555555555555555
2023-06-07,HAS,-0.05555555555555555
2023-06-07,DPZ,0.05555555555555555
2023-06-07,VTR,-0.05555555555555555
2023-06-07,KGC,0.05555555555555555
2023-06-07,EW,0.05555555555555555
2023-06-07,MRVL,-0.05555555555555555
2023-06-07,CME,0.05555555555555555
2023-06-07,CLX,0.05555555555555555
2023-06-07,OHI,-0.05555555555555555
2023-06-07,BSX,0.05555555555555555
2023-06-07,M,-0.05555555555555555
2023-06-07,ZUMZ,-0.05555555555555555
2023-06-07,VZ,-0.05555555555555555
2023-06-07,MRK,0.05555555555555555
2023-06-08,BAX,0.05555555555555555
2023-06-08,CAG,0.05555555555555555
2023-06-08,GREK,-0.05555555555555555
2023-06-08,STI,0.05555555555555555
2023-06-08,HAS,-0.05555555555555555
2023-06-08,DPZ,-0.05555555555555555
2023-06-08,BBT,-0.05555555555555555
2023-06-08,BDX,0.05555555555555555
2023-06-08,QQQ,-0.05555555555555555
2023-06-08,ANF,-0.05555555555555555
2023-06-08,KEY,-0.05555555555555555
2023-06-08,EW,0.05555555555555555
2023-06-08,NTAP,0.05555555555555555
2023-06-08,LOW,0.05555555555555555
2023-06-08,MRVL,-0.05555555555555555
2023-06-08,OHI,-0.05555555555555555
2023-06-08,SYK,0.05555555555555555
2023-06-08,BMY,0.05555555555555555
2023-06-09,MNST,0.05555555555555555
2023-06-09,PPG,0.05555555555555555
2023-06-09,CAG,0.05555555555555555
2023-06-09,STI,0.05555555555555555
2023-06-09,DPZ,-0.05555555555555555
2023-06-09,BBT,-0.05555555555555555
2023-06-09,ANF,-0.05555555555555555
2023-06-09,ORCL,-0.05555555555555555
2023-06-09,KEY,-0.05555555555555555
2023-06-09,WMB,0.05555555555555555
2023-06-09,HUM,-0.05555555555555555
2023-06-09,LOW,0.05555555555555555
2023-06-09,MRVL,-0.05555555555555555
2023-06-09,PCG,0.05555555555555555
2023-06-09,HMC,-0.05555555555555555
2023-06-09,CSIQ,-0.05555555555555555
2023-06-09,ENB,0.05555555555555555
2023-06-09,BMY,0.05555555555555555
2023-06-12,ICE,0.05555555555555555
2023-06-12,RRC,-0.05555555555555555
2023-06-12,CAG,0.05555555555555555
2023-06-12,NDAQ,-0.05555555555555555
2023-06-12,HAS,-0.05555555555555555
2023-06-12,EOG,0.05555555555555555
2023-06-12,QQQ,-0.05555555555555555
2023-06-12,ANF,-0.05555555555555555
2023-06-12,ORCL,-0.05555555555555555
2023-06-12,CCL,-0.05555555555555555
2023-06-12,TSM,-0.05555555555555555
2023-06-12,WMB,0.05555555555555555
2023-06-12,MRVL,-0.05555555555555555
2023-06-12,PCG,0.05555555555555555
2023-06-12,CME,0.05555555555555555
2023-06-12,BSX,0.05555555555555555
2023-06-12,XLE,0.05555555555555555
2023-06-12,ENB,0.05555555555555555
2023-06-13,DAL,-0.05555555555555555
2023-06-13,STI,0.05555555555555555
2023-06-13,KMB,0.05555555555555555
2023-06-13,HAS,-0.05555555555555555
2023-06-13,EOG,0.05555555555555555
2023-06-13,QQQ,-0.05555555555555555
2023-06-13,ANF,-0.05555555555555555
2023-06-13,ORCL,-0.05555555555555555
2023-06-13,CCL,-0.05555555555555555
2023-06-13,WMB,0.05555555555555555
2023-06-13,HUM,0.05555555555555555
2023-06-13,NWSA,-0.05555555555555555
2023-06-13,MRVL,-0.05555555555555555
2023-06-13,PCG,0.05555555555555555
2023-06-13,HMC,-0.05555555555555555
2023-06-13,CME,0.05555555555555555
2023-06-13,CLX,0.05555555555555555
2023-06-13,SYK,0.05555555555555555
2023-06-14,DAL,-0.05555555555555555
2023-06-14,STI,0.05555555555555555
2023-06-14,NDAQ,0.05555555555555555
2023-06-14,TRV,0.05555555555555555
2023-06-14,EOG,0.05555555555555555
2023-06-14,QQQ,-0.05555555555555555
2023-06-14,ANF,-0.05555555555555555
2023-06-14,ORCL,-0.05555555555555555
2023-06-14,CCL,-0.05555555555555555
2023-06-14,TSM,-0.05555555555555555
2023-06-14,KEY,-0.05555555555555555
2023-06-14,KGC,0.05555555555555555
2023-06-14,WMB,0.05555555555555555
2023-06-14,MRVL,-0.05555555555555555
2023-06-14,PCG,0.05555555555555555
2023-06-14,HMC,-0.05555555555555555
2023-06-14,CLX,0.05555555555555555
2023-06-14,MRK,0.05555555555555555
2023-06-15,DAL,-0.05555555555555555
2023-06-15,AA,-0.05555555555555555
2023-06-15,RRC,-0.05555555555555555
2023-06-15,CAG,0.05555555555555555
2023-06-15,STI,0.05555555555555555
2023-06-15,NDAQ,0.05555555555555555
2023-06-15,DPZ,-0.05555555555555555
2023-06-15,QQQ,-0.05555555555555555
2023-06-15,ANF,-0.05555555555555555
2023-06-15,ORCL,-0.05555555555555555
2023-06-15,CCL,-0.05555555555555555
2023-06-15,MAR,0.05555555555555555
2023-06-15,KGC,0.05555555555555555
2023-06-15,GOLD,0.05555555555555555
2023-06-15,HUM,0.05555555555555555
2023-06-15,MRVL,-0.05555555555555555
2023-06-15,PCG,0.05555555555555555
2023-06-15,CLX,0.05555555555555555
2023-06-16,DAL,-0.05555555555555555
2023-06-16,CAG,0.05555555555555555
2023-06-16,STI,0.05555555555555555
2023-06-16,NDAQ,0.05555555555555555
2023-06-16,DHI,-0.05555555555555555
2023-06-16,ANF,-0.05555555555555555
2023-06-16,ORCL,-0.05555555555555555
2023-06-16,CCL,-0.05555555555555555
2023-06-16,KGC,0.05555555555555555
2023-06-16,ULTA,0.05555555555555555
2023-06-16,HUM,0.05555555555555555
2023-06-16,MRVL,-0.05555555555555555
2023-06-16,PCG,0.05555555555555555
2023-06-16,HMC,0.05555555555555555
2023-06-16,CLX,0.05555555555555555
2023-06-16,CSIQ,-0.05555555555555555
2023-06-16,ZUMZ,-0.05555555555555555
2023-06-16,MT,-0.05555555555555555
2023-06-20,AMTD,-0.05555555555555555
2023-06-20,A,0.05555555555555555
2023-06-20,CAG,0.05555555555555555
2023-06-20,STI,0.05555555555555555
2023-06-20,DHI,-0.05555555555555555
2023-06-20,EOG,0.05555555555555555
2023-06-20,CCL,-0.05555555555555555
2023-06-20,KGC,0.05555555555555555
2023-06-20,HUM,-0.05555555555555555
2023-06-20,WSM,0.05555555555555555
2023-06-20,MRVL,-0.05555555555555555
2023-06-20,DUK,0.05555555555555555
2023-06-20,NTES,0.05555555555555555
2023-06-20,HMC,0.05555555555555555
2023-06-20,XLE,-0.05555555555555555
2023-06-20,M,-0.05555555555555555
2023-06-20,ZUMZ,-0.05555555555555555
2023-06-20,MT,-0.05555555555555555
2023-06-21,MET,-0.05555555555555555
2023-06-21,BAX,0.05555555555555555
2023-06-21,HOG,-0.05555555555555555
2023-06-21,DAL,-0.05555555555555555
2023-06-21,QCOM,0.05555555555555555
2023-06-21,JNJ,0.05555555555555555
2023-06-21,STI,-0.05555555555555555
2023-06-21,HAS,0.05555555555555555
2023-06-21,TRV,0.05555555555555555
2023-06-21,ANF,-0.05555555555555555
2023-06-21,CCL,-0.05555555555555555
2023-06-21,ILMN,0.05555555555555555
2023-06-21,KGC,0.05555555555555555
2023-06-21,HUM,-0.05555555555555555
2023-06-21,BX,0.05555555555555555
2023-06-21,CME,-0.05555555555555555
2023-06-21,PRGO,0.05555555555555555
2023-06-21,XLE,-0.05555555555555555
2023-06-22,MET,-0.05555555555555555
2023-06-22,AMTD,-0.05555555555555555
2023-06-22,BAX,0.05555555555555555
2023-06-22,WEN,0.05555555555555555
2023-06-22,DAL,-0.05555555555555555
2023-06-22,STI,0.05555555555555555
2023-06-22,TRV,0.05555555555555555
2023-06-22,EOG,0.05555555555555555
2023-06-22,QQQ,-0.05555555555555555
2023-06-22,ANF,-0.05555555555555555
2023-06-22,CCL,-0.05555555555555555
2023-06-22,MS,0.05555555555555555
2023-06-22,KEY,-0.05555555555555555
2023-06-22,HUM,-0.05555555555555555
2023-06-22,NWSA,0.05555555555555555
2023-06-22,MRVL,-0.05555555555555555
2023-06-22,HMC,0.05555555555555555
2023-06-22,PRGO,0.05555555555555555
2023-06-23,BAX,0.05555555555555555
2023-06-23,DAL,-0.05555555555555555
2023-06-23,AA,-0.05555555555555555
2023-06-23,QCOM,0.05555555555555555
2023-06-23,STI,0.05555555555555555
2023-06-23,EOG,0.05555555555555555
2023-06-23,ANF,-0.05555555555555555
2023-06-23,CCL,-0.05555555555555555
2023-06-23,TSM,-0.05555555555555555
2023-06-23,MS,0.05555555555555555
2023-06-23,MAR,-0.05555555555555555
2023-06-23,KEY,-0.05555555555555555
2023-06-23,D,0.05555555555555555
2023-06-23,NTAP,-0.05555555555555555
2023-06-23,MRVL,-0.05555555555555555
2023-06-23,PCG,0.05555555555555555
2023-06-23,HMC,0.05555555555555555
2023-06-23,CSIQ,0.05555555555555555
2023-06-26,MNST,0.05555555555555555
2023-06-26,WEN,0.05555555555555555
2023-06-26,DAL,-0.05555555555555555
2023-06-26,GREK,0.05555555555555555
2023-06-26,JNJ,0.05555555555555555
2023-06-26,STI,0.05555555555555555
2023-06-26,HAS,-0.05555555555555555
2023-06-26,TRV,0.05555555555555555
2023-06-26,BBT,-0.05555555555555555
2023-06-26,ANF,-0.05555555555555555
2023-06-26,CCL,0.05555555555555555
2023-06-26,ALK,-0.05555555555555555
2023-06-26,ILMN,0.05555555555555555
2023-06-26,HUM,-0.05555555555555555
2023-06-26,NTAP,-0.05555555555555555
2023-06-26,MRVL,-0.05555555555555555
2023-06-26,RF,-0.05555555555555555
2023-06-26,HMC,0.05555555555555555
2023-06-27,A,0.05555555555555555
2023-06-27,WEN,0.05555555555555555
2023-06-27,DAL,-0.05555555555555555
2023-06-27,JNJ,0.05555555555555555
2023-06-27,STI,0.05555555555555555
2023-06-27,HAS,-0.05555555555555555
2023-06-27,MU,-0.05555555555555555
2023-06-27,ANF,-0.05555555555555555
2023-06-27,TSM,-0.05555555555555555
2023-06-27,ALK,-0.05555555555555555
2023-06-27,ILMN,0.05555555555555555
2023-06-27,KO,0.05555555555555555
2023-06-27,NTAP,-0.05555555555555555
2023-06-27,MRVL,-0.05555555555555555
2023-06-27,PCG,0.05555555555555555
2023-06-27,PRGO,0.05555555555555555
2023-06-27,COF,-0.05555555555555555
2023-06-27,MT,0.05555555555555555
2023-06-28,MNST,0.05555555555555555
2023-06-28,DAL,-0.05555555555555555
2023-06-28,CAG,0.05555555555555555
2023-06-28,STI,0.05555555555555555
2023-06-28,NDAQ,0.05555555555555555
2023-06-28,HAS,-0.05555555555555555
2023-06-28,MU,-0.05555555555555555
2023-06-28,QQQ,-0.05555555555555555
2023-06-28,ALK,-0.05555555555555555
2023-06-28,KEY,-0.05555555555555555
2023-06-28,ILMN,0.05555555555555555
2023-06-28,TRP,-0.05555555555555555
2023-06-28,KO,0.05555555555555555
2023-06-28,MRVL,-0.05555555555555555
2023-06-28,DUK,0.05555555555555555
2023-06-28,PRGO,0.05555555555555555
2023-06-28,COF,-0.05555555555555555
2023-06-28,ZUMZ,0.05555555555555555
2023-06-29,MNST,0.05555555555555555
2023-06-29,VWO,0.05555555555555555
2023-06-29,XLP,0.05555555555555555
2023-06-29,DAL,-0.05555555555555555
2023-06-29,CAG,0.05555555555555555
2023-06-29,GREK,-0.05555555555555555
2023-06-29,STI,0.05555555555555555
2023-06-29,WFC,-0.05555555555555555
2023-06-29,SIRI,-0.05555555555555555
2023-06-29,ANF,-0.05555555555555555
2023-06-29,ORCL,-0.05555555555555555
2023-06-29,ALK,-0.05555555555555555
2023-06-29,KO,0.05555555555555555
2023-06-29,MRVL,-0.05555555555555555
2023-06-29,DUK,0.05555555555555555
2023-06-29,COF,-0.05555555555555555
2023-06-29,ZUMZ,0.05555555555555555
2023-06-29,BMY,0.05555555555555555
2023-06-30,MNST,0.05555555555555555
2023-06-30,CF,0.05555555555555555
2023-06-30,DAL,-0.05555555555555555
2023-06-30,STI,-0.05555555555555555
2023-06-30,MU,0.05555555555555555
2023-06-30,QQQ,-0.05555555555555555
2023-06-30,ORCL,-0.05555555555555555
2023-06-30,CCL,-0.05555555555555555
2023-06-30,ALK,-0.05555555555555555
2023-06-30,KO,0.05555555555555555
2023-06-30,NTAP,-0.05555555555555555
2023-06-30,MRVL,-0.05555555555555555
2023-06-30,HMC,0.05555555555555555
2023-06-30,OHI,0.05555555555555555
2023-06-30,COF,-0.05555555555555555
2023-06-30,ZUMZ,0.05555555555555555
2023-06-30,MT,0.05555555555555555
2023-06-30,BMY,0.05555555555555555
2023-07-03,MET,-0.05555555555555555
2023-07-03,MNST,0.05555555555555555
2023-07-03,HOG,-0.05555555555555555
2023-07-03,WEN,0.05555555555555555
2023-07-03,DAL,-0.05555555555555555
2023-07-03,JNJ,0.05555555555555555
2023-07-03,KMB,0.05555555555555555
2023-07-03,SIRI,-0.05555555555555555
2023-07-03,ANF,-0.05555555555555555
2023-07-03,TSM,-0.05555555555555555
2023-07-03,KO,0.05555555555555555
2023-07-03,ULTA,-0.05555555555555555
2023-07-03,EW,0.05555555555555555
2023-07-03,MRVL,-0.05555555555555555
2023-07-03,SYK,0.05555555555555555
2023-07-03,BSX,0.05555555555555555
2023-07-03,COF,-0.05555555555555555
2023-07-03,MRK,0.05555555555555555
2023-07-05,MNST,0.05555555555555555
2023-07-05,WEN,0.05555555555555555
2023-07-05,DAL,-0.05555555555555555
2023-07-05,JNJ,0.05555555555555555
2023-07-05,TRV,0.05555555555555555
2023-07-05,BDX,0.05555555555555555
2023-07-05,SIRI,-0.05555555555555555
2023-07-05,HTZ,-0.05555555555555555
2023-07-05,CCL,-0.05555555555555555
2023-07-05,ALK,-0.05555555555555555
2023-07-05,D,-0.05555555555555555
2023-07-05,ULTA,-0.05555555555555555
2023-07-05,WSM,-0.05555555555555555
2023-07-05,MRVL,-0.05555555555555555
2023-07-05,CME,0.05555555555555555
2023-07-05,SYK,0.05555555555555555
2023-07-05,BSX,0.05555555555555555
2023-07-05,MRK,0.05555555555555555
2023-07-06,MNST,0.05555555555555555
2023-07-06,AA,-0.05555555555555555
2023-07-06,JNJ,0.05555555555555555
2023-07-06,TRV,0.05555555555555555
2023-07-06,DHI,0.05555555555555555
2023-07-06,BDX,0.05555555555555555
2023-07-06,HTZ,-0.05555555555555555
2023-07-06,CCL,-0.05555555555555555
2023-07-06,ULTA,-0.05555555555555555
2023-07-06,HUM,0.05555555555555555
2023-07-06,NTAP,-0.05555555555555555
2023-07-06,MRVL,-0.05555555555555555
2023-07-06,HMC,0.05555555555555555
2023-07-06,SYK,0.05555555555555555
2023-07-06,CSIQ,-0.05555555555555555
2023-07-06,M,-0.05555555555555555
2023-07-06,ZUMZ,-0.05555555555555555
2023-07-06,MRK,0.05555555555555555
2023-07-07,MNST,0.05555555555555555
2023-07-07,DAL,-0.05555555555555555
2023-07-07,GREK,-0.05555555555555555
2023-07-07,JNJ,0.05555555555555555
2023-07-07,KMB,0.05555555555555555
2023-07-07,BBT,-0.05555555555555555
2023-07-07,BDX,0.05555555555555555
2023-07-07,ALK,-0.05555555555555555
2023-07-07,ULTA,-0.05555555555555555
2023-07-07,MRVL,-0.05555555555555555
2023-07-07,RF,-0.05555555555555555
2023-07-07,CME,0.05555555555555555
2023-07-07,CLX,0.05555555555555555
2023-07-07,SYK,0.05555555555555555
2023-07-07,BSX,0.05555555555555555
2023-07-07,COF,-0.05555555555555555
2023-07-07,VZ,-0.05555555555555555
2023-07-07,MRK,0.05555555555555555
2023-07-10,CAG,0.05555555555555555
2023-07-10,JNJ,0.05555555555555555
2023-07-10,KMB,0.05555555555555555
2023-07-10,TRV,0.05555555555555555
2023-07-10,SIRI,-0.05555555555555555
2023-07-10,ALK,-0.05555555555555555
2023-07-10,XRT,-0.05555555555555555
2023-07-10,TRP,0.05555555555555555
2023-07-10,KO,0.05555555555555555
2023-07-10,ULTA,-0.05555555555555555
2023-07-10,RL,-0.05555555555555555
2023-07-10,NTAP,-0.05555555555555555
2023-07-10,LOW,-0.05555555555555555
2023-07-10,MRVL,-0.05555555555555555
2023-07-10,HMC,0.05555555555555555
2023-07-10,CME,0.05555555555555555
2023-07-10,CLX,0.05555555555555555
2023-07-10,COF,-0.05555555555555555
2023-07-11,MNST,0.05555555555555555
2023-07-11,XLP,0.05555555555555555
2023-07-11,GREK,-0.05555555555555555
2023-07-11,JNJ,0.05555555555555555
2023-07-11,STI,0.05555555555555555
2023-07-11,KMB,0.05555555555555555
2023-07-11,SIRI,-0.05555555555555555
2023-07-11,ANF,-0.05555555555555555
2023-07-11,ALK,-0.05555555555555555
2023-07-11,KGC,0.05555555555555555
2023-07-11,ULTA,-0.05555555555555555
2023-07-11,NTAP,-0.05555555555555555
2023-07-11,MRVL,-0.05555555555555555
2023-07-11,HMC,0.05555555555555555
2023-07-11,CLX,0.05555555555555555
2023-07-11,COF,-0.05555555555555555
2023-07-11,CAT,-0.05555555555555555
2023-07-11,MRK,0.05555555555555555
2023-07-12,CNC,0.05555555555555555
2023-07-12,JNJ,0.05555555555555555
2023-07-12,STI,0.05555555555555555
2023-07-12,KMB,0.05555555555555555
2023-07-12,NDAQ,0.05555555555555555
2023-07-12,DPZ,-0.05555555555555555
2023-07-12,SIRI,-0.05555555555555555
2023-07-12,HTZ,0.05555555555555555
2023-07-12,CCL,0.05555555555555555
2023-07-12,TSM,-0.05555555555555555
2023-07-12,WMB,-0.05555555555555555
2023-07-12,ULTA,-0.05555555555555555
2023-07-12,LOW,-0.05555555555555555
2023-07-12,MRVL,-0.05555555555555555
2023-07-12,NTES,-0.05555555555555555
2023-07-12,CME,0.05555555555555555
2023-07-12,CLX,0.05555555555555555
2023-07-12,COF,-0.05555555555555555
2023-07-13,CNC,0.05555555555555555
2023-07-13,NVDA,-0.05555555555555555
2023-07-13,QCOM,-0.05555555555555555
2023-07-13,KMB,0.05555555555555555
2023-07-13,NDAQ,0.05555555555555555
2023-07-13,TRV,0.05555555555555555
2023-07-13,DPZ,-0.05555555555555555
2023-07-13,QQQ,-0.05555555555555555
2023-07-13,SIRI,-0.05555555555555555
2023-07-13,CCL,0.05555555555555555
2023-07-13,HUM,0.05555555555555555
2023-07-13,NTAP,-0.05555555555555555
2023-07-13,MRVL,-0.05555555555555555
2023-07-13,CLX,0.05555555555555555
2023-07-13,COF,-0.05555555555555555
2023-07-13,VZ,0.05555555555555555
2023-07-13,CAT,-0.05555555555555555
2023-07-13,MRK,0.05555555555555555
2023-07-14,STI,0.05555555555555555
2023-07-14,NDAQ,0.05555555555555555
2023-07-14,HAS,0.05555555555555555
2023-07-14,TRV,0.05555555555555555
2023-07-14,DPZ,-0.05555555555555555
2023-07-14,DHI,-0.05555555555555555
2023-07-14,QQQ,-0.05555555555555555
2023-07-14,ANF,-0.05555555555555555
2023-07-14,ORCL,-0.05555555555555555
2023-07-14,CCL,0.05555555555555555
2023-07-14,ALK,0.05555555555555555
2023-07-14,WMB,0.05555555555555555
2023-07-14,HUM,0.05555555555555555
2023-07-14,BX,-0.05555555555555555
2023-07-14,MRVL,-0.05555555555555555
2023-07-14,HMC,0.05555555555555555
2023-07-14,PRGO,-0.05555555555555555
2023-07-14,CAT,-0.05555555555555555
2023-07-17,CAG,0.05555555555555555
2023-07-17,NDAQ,0.05555555555555555
2023-07-17,DPZ,-0.05555555555555555
2023-07-17,BDX,0.05555555555555555
2023-07-17,QQQ,-0.05555555555555555
2023-07-17,SIRI,-0.05555555555555555
2023-07-17,ANF,-0.05555555555555555
2023-07-17,HTZ,0.05555555555555555
2023-07-17,ORCL,-0.05555555555555555
2023-07-17,ILMN,0.05555555555555555
2023-07-17,WMB,0.05555555555555555
2023-07-17,D,0.05555555555555555
2023-07-17,HUM,0.05555555555555555
2023-07-17,BX,-0.05555555555555555
2023-07-17,MRVL,-0.05555555555555555
2023-07-17,NTES,-0.05555555555555555
2023-07-17,CAT,-0.05555555555555555
2023-07-17,MRK,0.05555555555555555
2023-07-18,WEN,0.05555555555555555
2023-07-18,CAG,0.05555555555555555
2023-07-18,KMB,0.05555555555555555
2023-07-18,NDAQ,0.05555555555555555
2023-07-18,HAS,0.05555555555555555
2023-07-18,DPZ,-0.05555555555555555
2023-07-18,QQQ,-0.05555555555555555
2023-07-18,SIRI,-0.05555555555555555
2023-07-18,ANF,-0.05555555555555555
2023-07-18,ORCL,-0.05555555555555555
2023-07-18,ILMN,0.05555555555555555
2023-07-18,HUM,0.05555555555555555
2023-07-18,BX,-0.05555555555555555
2023-07-18,MRVL,-0.05555555555555555
2023-07-18,PCG,0.05555555555555555
2023-07-18,COF,-0.05555555555555555
2023-07-18,VZ,0.05555555555555555
2023-07-18,CAT,-0.05555555555555555
2023-07-19,BAX,-0.05555555555555555
2023-07-19,WEN,0.05555555555555555
2023-07-19,DAL,-0.05555555555555555
2023-07-19,NDAQ,0.05555555555555555
2023-07-19,TRV,0.05555555555555555
2023-07-19,DPZ,-0.05555555555555555
2023-07-19,BDX,0.05555555555555555
2023-07-19,QQQ,-0.05555555555555555
2023-07-19,SIRI,-0.05555555555555555
2023-07-19,XRT,-0.05555555555555555
2023-07-19,ILMN,0.05555555555555555
2023-07-19,KGC,0.05555555555555555
2023-07-19,NWSA,0.05555555555555555
2023-07-19,BX,-0.05555555555555555
2023-07-19,SYK,0.05555555555555555
2023-07-19,BSX,0.05555555555555555
2023-07-19,COF,-0.05555555555555555
2023-07-19,CAT,-0.05555555555555555
2023-07-20,BAX,-0.05555555555555555
2023-07-20,CF,-0.05555555555555555
2023-07-20,NVDA,0.05555555555555555
2023-07-20,WEN,0.05555555555555555
2023-07-20,DAL,-0.05555555555555555
2023-07-20,JNJ,-0.05555555555555555
2023-07-20,NDAQ,0.05555555555555555
2023-07-20,HAS,0.05555555555555555
2023-07-20,DPZ,-0.05555555555555555
2023-07-20,BDX,-0.05555555555555555
2023-07-20,SIRI,-0.05555555555555555
2023-07-20,HTZ,0.05555555555555555
2023-07-20,CCL,0.05555555555555555
2023-07-20,TSM,0.05555555555555555
2023-07-20,ULTA,0.05555555555555555
2023-07-20,NWSA,0.05555555555555555
2023-07-20,PRGO,-0.05555555555555555
2023-07-20,CAT,-0.05555555555555555
2023-07-21,MET,-0.05555555555555555
2023-07-21,BAX,-0.05555555555555555
2023-07-21,CF,-0.05555555555555555
2023-07-21,HP,-0.05555555555555555
2023-07-21,NVDA,0.05555555555555555
2023-07-21,WEN,0.05555555555555555
2023-07-21,NSC,0.05555555555555555
2023-07-21,STI,0.05555555555555555
2023-07-21,DPZ,-0.05555555555555555
2023-07-21,DHI,-0.05555555555555555
2023-07-21,SIRI,-0.05555555555555555
2023-07-21,ORCL,-0.05555555555555555
2023-07-21,TSM,0.05555555555555555
2023-07-21,ULTA,0.05555555555555555
2023-07-21,PVH,0.05555555555555555
2023-07-21,NWSA,0.05555555555555555
2023-07-21,MT,0.05555555555555555
2023-07-21,CAT,-0.05555555555555555
2023-07-24,PPG,0.05555555555555555
2023-07-24,CF,-0.05555555555555555
2023-07-24,HP,-0.05555555555555555
2023-07-24,NVDA,0.05555555555555555
2023-07-24,STI,0.05555555555555555
2023-07-24,DPZ,-0.05555555555555555
2023-07-24,DHI,-0.05555555555555555
2023-07-24,EWC,0.05555555555555555
2023-07-24,BDX,-0.05555555555555555
2023-07-24,SIRI,-0.05555555555555555
2023-07-24,TRP,0.05555555555555555
2023-07-24,ULTA,0.05555555555555555
2023-07-24,NTAP,0.05555555555555555
2023-07-24,NWSA,0.05555555555555555
2023-07-24,NTES,-0.05555555555555555
2023-07-24,SYK,0.05555555555555555
2023-07-24,ZUMZ,-0.05555555555555555
2023-07-24,CAT,-0.05555555555555555
2023-07-25,CF,-0.05555555555555555
2023-07-25,HP,-0.05555555555555555
2023-07-25,DAL,0.05555555555555555
2023-07-25,STI,0.05555555555555555
2023-07-25,KMB,0.05555555555555555
2023-07-25,HAS,0.05555555555555555
2023-07-25,TRV,0.05555555555555555
2023-07-25,DPZ,-0.05555555555555555
2023-07-25,DHI,-0.05555555555555555
2023-07-25,SIRI,-0.05555555555555555
2023-07-25,ALK,0.05555555555555555
2023-07-25,TRP,0.05555555555555555
2023-07-25,WSM,-0.05555555555555555
2023-07-25,NWSA,0.05555555555555555
2023-07-25,NTES,-0.05555555555555555
2023-07-25,CLX,0.05555555555555555
2023-07-25,ZUMZ,-0.05555555555555555
2023-07-25,CAT,-0.05555555555555555
2023-07-26,MET,-0.05555555555555555
2023-07-26,CF,-0.05555555555555555
2023-07-26,HP,-0.05555555555555555
2023-07-26,RRC,-0.05555555555555555
2023-07-26,CAG,0.05555555555555555
2023-07-26,STI,0.05555555555555555
2023-07-26,KMB,0.05555555555555555
2023-07-26,NDAQ,0.05555555555555555
2023-07-26,DPZ,-0.05555555555555555
2023-07-26,SIRI,-0.05555555555555555
2023-07-26,ALK,0.05555555555555555
2023-07-26,XRT,-0.05555555555555555
2023-07-26,TRP,0.05555555555555555
2023-07-26,NWSA,0.05555555555555555
2023-07-26,BX,-0.05555555555555555
2023-07-26,NTES,-0.05555555555555555
2023-07-26,CLX,0.05555555555555555
2023-07-26,OHI,0.05555555555555555
2023-07-27,CF,-0.05555555555555555
2023-07-27,HP,-0.05555555555555555
2023-07-27,HOG,-0.05555555555555555
2023-07-27,ICE,0.05555555555555555
2023-07-27,GREK,0.05555555555555555
2023-07-27,STI,0.05555555555555555
2023-07-27,KMB,0.05555555555555555
2023-07-27,HAS,0.05555555555555555
2023-07-27,DPZ,-0.05555555555555555
2023-07-27,BDX,-0.05555555555555555
2023-07-27,SIRI,-0.05555555555555555
2023-07-27,CCL,-0.05555555555555555
2023-07-27,ALK,0.05555555555555555
2023-07-27,TRP,0.05555555555555555
2023-07-27,ULTA,-0.05555555555555555
2023-07-27,WSM,-0.05555555555555555
2023-07-27,CLX,0.05555555555555555
2023-07-27,SYK,0.05555555555555555
2023-07-28,HOG,-0.05555555555555555
2023-07-28,WEN,0.05555555555555555
2023-07-28,GREK,0.05555555555555555
2023-07-28,STI,0.05555555555555555
2023-07-28,KMB,0.05555555555555555
2023-07-28,DPZ,-0.05555555555555555
2023-07-28,EBAY,0.05555555555555555
2023-07-28,QQQ,-0.05555555555555555
2023-07-28,SIRI,-0.05555555555555555
2023-07-28,HTZ,0.05555555555555555
2023-07-28,CCL,-0.05555555555555555
2023-07-28,TRP,0.05555555555555555
2023-07-28,EW,0.05555555555555555
2023-07-28,HUM,-0.05555555555555555
2023-07-28,BX,-0.05555555555555555
2023-07-28,NTES,-0.05555555555555555
2023-07-28,ENB,0.05555555555555555
2023-07-28,ZUMZ,-0.05555555555555555
2023-07-31,BAX,0.05555555555555555
2023-07-31,A,0.05555555555555555
2023-07-31,HP,-0.05555555555555555
2023-07-31,WEN,0.05555555555555555
2023-07-31,STI,0.05555555555555555
2023-07-31,HAS,-0.05555555555555555
2023-07-31,DPZ,-0.05555555555555555
2023-07-31,EBAY,0.05555555555555555
2023-07-31,CCL,-0.05555555555555555
2023-07-31,TRP,0.05555555555555555
2023-07-31,EW,0.05555555555555555
2023-07-31,HUM,-0.05555555555555555
2023-07-31,CLX,0.05555555555555555
2023-07-31,SYK,-0.05555555555555555
2023-07-31,BSX,0.05555555555555555
2023-07-31,ENB,-0.05555555555555555
2023-07-31,ZUMZ,-0.05555555555555555
2023-07-31,CAT,-0.05555555555555555
2023-08-01,A,0.05555555555555555
2023-08-01,XLP,0.05555555555555555
2023-08-01,GREK,0.05555555555555555
2023-08-01,STI,0.05555555555555555
2023-08-01,KMB,0.05555555555555555
2023-08-01,DPZ,-0.05555555555555555
2023-08-01,MAR,-0.05555555555555555
2023-08-01,TRP,0.05555555555555555
2023-08-01,HUM,-0.05555555555555555
2023-08-01,NTAP,-0.05555555555555555
2023-08-01,BX,-0.05555555555555555
2023-08-01,DUK,0.05555555555555555
2023-08-01,NTES,-0.05555555555555555
2023-08-01,CP,0.05555555555555555
2023-08-01,SYK,-0.05555555555555555
2023-08-01,BSX,0.05555555555555555
2023-08-01,ZUMZ,-0.05555555555555555
2023-08-01,CAT,-0.05555555555555555
2023-08-02,CF,-0.05555555555555555
2023-08-02,HP,-0.05555555555555555
2023-08-02,NVDA,0.05555555555555555
2023-08-02,NSC,0.05555555555555555
2023-08-02,GREK,0.05555555555555555
2023-08-02,DPZ,-0.05555555555555555
2023-08-02,EWC,0.05555555555555555
2023-08-02,EWI,-0.05555555555555555
2023-08-02,SIRI,-0.05555555555555555
2023-08-02,WMB,0.05555555555555555
2023-08-02,TRP,0.05555555555555555
2023-08-02,HUM,-0.05555555555555555
2023-08-02,MRVL,0.05555555555555555
2023-08-02,HMC,0.05555555555555555
2023-08-02,SYK,-0.05555555555555555
2023-08-02,CSIQ,-0.05555555555555555
2023-08-02,BSX,0.05555555555555555
2023-08-02,CAT,-0.05555555555555555
2023-08-03,MET,-0.05555555555555555
2023-08-03,PPG,0.05555555555555555
2023-08-03,CF,-0.05555555555555555
2023-08-03,HP,-0.05555555555555555
2023-08-03,ICE,0.05555555555555555
2023-08-03,TRV,0.05555555555555555
2023-08-03,DPZ,-0.05555555555555555
2023-08-03,EWC,0.05555555555555555
2023-08-03,TRP,0.05555555555555555
2023-08-03,HUM,-0.05555555555555555
2023-08-03,NTAP,-0.05555555555555555
2023-08-03,WSM,-0.05555555555555555
2023-08-03,LOW,0.05555555555555555
2023-08-03,DUK,0.05555555555555555
2023-08-03,CLX,-0.05555555555555555
2023-08-03,OHI,0.05555555555555555
2023-08-03,BSX,0.05555555555555555
2023-08-03,CAT,-0.05555555555555555
2023-08-04,CF,-0.05555555555555555
2023-08-04,HP,-0.05555555555555555
2023-08-04,NSC,0.05555555555555555
2023-08-04,KMB,0.05555555555555555
2023-08-04,TRV,0.05555555555555555
2023-08-04,DPZ,-0.05555555555555555
2023-08-04,EWI,0.05555555555555555
2023-08-04,CCL,0.05555555555555555
2023-08-04,MAR,-0.05555555555555555
2023-08-04,KEY,-0.05555555555555555
2023-08-04,KGC,-0.05555555555555555
2023-08-04,GOLD,0.05555555555555555
2023-08-04,TRP,0.05555555555555555
2023-08-04,ULTA,-0.05555555555555555
2023-08-04,HUM,-0.05555555555555555
2023-08-04,LOW,0.05555555555555555
2023-08-04,DUK,0.05555555555555555
2023-08-04,CAT,-0.05555555555555555
2023-08-07,MET,-0.05555555555555555
2023-08-07,HOG,0.05555555555555555
2023-08-07,NSC,0.05555555555555555
2023-08-07,RRC,-0.05555555555555555
2023-08-07,QCOM,0.05555555555555555
2023-08-07,STI,0.05555555555555555
2023-08-07,DPZ,-0.05555555555555555
2023-08-07,VTR,0.05555555555555555
2023-08-07,EWI,0.05555555555555555
2023-08-07,MAR,-0.05555555555555555
2023-08-07,TRP,0.05555555555555555
2023-08-07,D,0.05555555555555555
2023-08-07,ULTA,-0.05555555555555555
2023-08-07,BX,-0.05555555555555555
2023-08-07,PRGO,-0.05555555555555555
2023-08-07,OHI,-0.05555555555555555
2023-08-07,BSX,0.05555555555555555
2023-08-07,CAT,-0.05555555555555555
2023-08-08,HP,-0.05555555555555555
2023-08-08,HOG,0.05555555555555555
2023-08-08,DAL,-0.05555555555555555
2023-08-08,NSC,0.05555555555555555
2023-08-08,RRC,-0.05555555555555555
2023-08-08,GREK,0.05555555555555555
2023-08-08,KMB,-0.05555555555555555
2023-08-08,DPZ,-0.05555555555555555
2023-08-08,EWI,0.05555555555555555
2023-08-08,DLTR,0.05555555555555555
2023-08-08,CCL,0.05555555555555555
2023-08-08,MAR,-0.05555555555555555
2023-08-08,ILMN,-0.05555555555555555
2023-08-08,TRP,0.05555555555555555
2023-08-08,LOW,0.05555555555555555
2023-08-08,PRGO,-0.05555555555555555
2023-08-08,BSX,0.05555555555555555
2023-08-08,CAT,-0.05555555555555555
2023-08-09,AMTD,0.05555555555555555
2023-08-09,CF,-0.05555555555555555
2023-08-09,NVDA,0.05555555555555555
2023-08-09,NSC,0.05555555555555555
2023-08-09,CAG,0.05555555555555555
2023-08-09,NDAQ,-0.05555555555555555
2023-08-09,DPZ,-0.05555555555555555
2023-08-09,VTR,0.05555555555555555
2023-08-09,EOG,-0.05555555555555555
2023-08-09,SIRI,-0.05555555555555555
2023-08-09,ORCL,0.05555555555555555
2023-08-09,CCL,0.05555555555555555
2023-08-09,ILMN,-0.05555555555555555
2023-08-09,MRVL,0.05555555555555555
2023-08-09,NTES,-0.05555555555555555
2023-08-09,XLE,-0.05555555555555555
2023-08-09,COF,0.05555555555555555
2023-08-09,CAT,-0.05555555555555555
2023-08-10,AMTD,0.05555555555555555
2023-08-10,CAG,0.05555555555555555
2023-08-10,GREK,0.05555555555555555
2023-08-10,NDAQ,-0.05555555555555555
2023-08-10,DPZ,-0.05555555555555555
2023-08-10,VTR,0.05555555555555555
2023-08-10,EOG,-0.05555555555555555
2023-08-10,SIRI,-0.05555555555555555
2023-08-10,CCL,0.05555555555555555
2023-08-10,MAR,-0.05555555555555555
2023-08-10,KEY,-0.05555555555555555
2023-08-10,GOLD,0.05555555555555555
2023-08-10,RL,0.05555555555555555
2023-08-10,MRVL,0.05555555555555555
2023-08-10,NTES,-0.05555555555555555
2023-08-10,OHI,0.05555555555555555
2023-08-10,ZUMZ,-0.05555555555555555
2023-08-10,CAT,-0.05555555555555555
2023-08-11,MET,-0.05555555555555555
2023-08-11,PPG,0.05555555555555555
2023-08-11,DAL,0.05555555555555555
2023-08-11,GREK,0.05555555555555555
2023-08-11,DPZ,-0.05555555555555555
2023-08-11,VTR,0.05555555555555555
2023-08-11,EOG,-0.05555555555555555
2023-08-11,HTZ,-0.05555555555555555
2023-08-11,CCL,0.05555555555555555
2023-08-11,ILMN,0.05555555555555555
2023-08-11,WMB,-0.05555555555555555
2023-08-11,RL,0.05555555555555555
2023-08-11,NWSA,-0.05555555555555555
2023-08-11,MRVL,0.05555555555555555
2023-08-11,NTES,0.05555555555555555
2023-08-11,ENB,-0.05555555555555555
2023-08-11,ZUMZ,-0.05555555555555555
2023-08-11,CAT,-0.05555555555555555
2023-08-14,MET,-0.05555555555555555
2023-08-14,DAL,0.05555555555555555
2023-08-14,CAG,0.05555555555555555
2023-08-14,GREK,0.05555555555555555
2023-08-14,DPZ,-0.05555555555555555
2023-08-14,MU,-0.05555555555555555
2023-08-14,QQQ,-0.05555555555555555
2023-08-14,ANF,-0.05555555555555555
2023-08-14,DLTR,0.05555555555555555
2023-08-14,CCL,0.05555555555555555
2023-08-14,GOLD,0.05555555555555555
2023-08-14,RL,0.05555555555555555
2023-08-14,NWSA,-0.05555555555555555
2023-08-14,TRIP,-0.05555555555555555
2023-08-14,LOW,-0.05555555555555555
2023-08-14,MRVL,-0.05555555555555555
2023-08-14,RF,0.05555555555555555
2023-08-14,HMC,0.05555555555555555
2023-08-15,DAL,0.05555555555555555
2023-08-15,AA,-0.05555555555555555
2023-08-15,GREK,0.05555555555555555
2023-08-15,TRV,0.05555555555555555
2023-08-15,DPZ,-0.05555555555555555
2023-08-15,DHI,-0.05555555555555555
2023-08-15,WFC,0.05555555555555555
2023-08-15,EWI,0.05555555555555555
2023-08-15,SIRI,-0.05555555555555555
2023-08-15,CCL,0.05555555555555555
2023-08-15,KGC,-0.05555555555555555
2023-08-15,GOLD,0.05555555555555555
2023-08-15,TRIP,-0.05555555555555555
2023-08-15,RF,0.05555555555555555
2023-08-15,OHI,0.05555555555555555
2023-08-15,CSIQ,-0.05555555555555555
2023-08-15,MT,-0.05555555555555555
2023-08-15,CAT,-0.05555555555555555
2023-08-16,MNST,-0.05555555555555555
2023-08-16,CF,-0.05555555555555555
2023-08-16,DAL,0.05555555555555555
2023-08-16,AA,-0.05555555555555555
2023-08-16,NSC,-0.05555555555555555
2023-08-16,GREK,0.05555555555555555
2023-08-16,DPZ,-0.05555555555555555
2023-08-16,EWI,0.05555555555555555
2023-08-16,SIRI,-0.05555555555555555
2023-08-16,ANF,-0.05555555555555555
2023-08-16,CCL,0.05555555555555555
2023-08-16,MAR,-0.05555555555555555
2023-08-16,ILMN,0.05555555555555555
2023-08-16,GOLD,0.05555555555555555
2023-08-16,HMC,0.05555555555555555
2023-08-16,OHI,0.05555555555555555
2023-08-16,COF,0.05555555555555555
2023-08-16,CAT,-0.05555555555555555
2023-08-17,CF,-0.05555555555555555
2023-08-17,HP,-0.05555555555555555
2023-08-17,DAL,0.05555555555555555
2023-08-17,JNJ,-0.05555555555555555
2023-08-17,DPZ,-0.05555555555555555
2023-08-17,DHI,0.05555555555555555
2023-08-17,EWC,0.05555555555555555
2023-08-17,EOG,-0.05555555555555555
2023-08-17,EWI,0.05555555555555555
2023-08-17,SIRI,-0.05555555555555555
2023-08-17,CCL,0.05555555555555555
2023-08-17,ULTA,0.05555555555555555
2023-08-17,TRIP,-0.05555555555555555
2023-08-17,LOW,0.05555555555555555
2023-08-17,OHI,0.05555555555555555
2023-08-17,SYK,0.05555555555555555
2023-08-17,MT,-0.05555555555555555
2023-08-17,CAT,-0.05555555555555555
2023-08-18,MET,-0.05555555555555555
2023-08-18,CF,-0.05555555555555555
2023-08-18,HP,-0.05555555555555555
2023-08-18,DAL,0.05555555555555555
2023-08-18,GREK,0.05555555555555555
2023-08-18,TRV,0.05555555555555555
2023-08-18,DPZ,-0.05555555555555555
2023-08-18,EWC,0.05555555555555555
2023-08-18,EOG,-0.05555555555555555
2023-08-18,EWI,0.05555555555555555
2023-08-18,SIRI,-0.05555555555555555
2023-08-18,ANF,-0.05555555555555555
2023-08-18,CCL,0.05555555555555555
2023-08-18,ALK,0.05555555555555555
2023-08-18,WSM,-0.05555555555555555
2023-08-18,BX,-0.05555555555555555
2023-08-18,NTES,0.05555555555555555
2023-08-18,OHI,0.05555555555555555
2023-08-21,CF,-0.05555555555555555
2023-08-21,WEN,0.05555555555555555
2023-08-21,DAL,0.05555555555555555
2023-08-21,AA,-0.05555555555555555
2023-08-21,RRC,-0.05555555555555555
2023-08-21,JNJ,0.05555555555555555
2023-08-21,TRV,0.05555555555555555
2023-08-21,DPZ,-0.05555555555555555
2023-08-21,QQQ,-0.05555555555555555
2023-08-21,SIRI,-0.05555555555555555
2023-08-21,CCL,0.05555555555555555
2023-08-21,MS,0.05555555555555555
2023-08-21,MAR,0.05555555555555555
2023-08-21,KEY,-0.05555555555555555
2023-08-21,NTAP,-0.05555555555555555
2023-08-21,BX,-0.05555555555555555
2023-08-21,OHI,0.05555555555555555
2023-08-21,ENB,0.05555555555555555
2023-08-22,XLP,0.05555555555555555
2023-08-22,DAL,0.05555555555555555
2023-08-22,NDAQ,-0.05555555555555555
2023-08-22,HAS,-0.05555555555555555
2023-08-22,TRV,0.05555555555555555
2023-08-22,DPZ,-0.05555555555555555
2023-08-22,CCL,0.05555555555555555
2023-08-22,MS,0.05555555555555555
2023-08-22,MAR,-0.05555555555555555
2023-08-22,ILMN,0.05555555555555555
2023-08-22,PVH,-0.05555555555555555
2023-08-22,WSM,0.05555555555555555
2023-08-22,LOW,-0.05555555555555555
2023-08-22,NTES,-0.05555555555555555
2023-08-22,RF,0.05555555555555555
2023-08-22,SYK,-0.05555555555555555
2023-08-22,M,-0.05555555555555555
2023-08-22,COF,0.05555555555555555
2023-08-23,MET,-0.05555555555555555
2023-08-23,AMTD,-0.05555555555555555
2023-08-23,DAL,0.05555555555555555
2023-08-23,RRC,0.05555555555555555
2023-08-23,JNJ,0.05555555555555555
2023-08-23,NDAQ,-0.05555555555555555
2023-08-23,DPZ,-0.05555555555555555
2023-08-23,BDX,-0.05555555555555555
2023-08-23,MU,-0.05555555555555555
2023-08-23,ANF,-0.05555555555555555
2023-08-23,CCL,0.05555555555555555
2023-08-23,XRT,0.05555555555555555
2023-08-23,ULTA,0.05555555555555555
2023-08-23,WSM,-0.05555555555555555
2023-08-23,BX,-0.05555555555555555
2023-08-23,PCG,0.05555555555555555
2023-08-23,ENB,0.05555555555555555
2023-08-23,BMY,0.05555555555555555
2023-08-24,MET,-0.05555555555555555
2023-08-24,AMTD,-0.05555555555555555
2023-08-24,DAL,0.05555555555555555
2023-08-24,GREK,0.05555555555555555
2023-08-24,JNJ,0.05555555555555555
2023-08-24,DPZ,-0.05555555555555555
2023-08-24,BDX,-0.05555555555555555
2023-08-24,ANF,-0.05555555555555555
2023-08-24,ORCL,0.05555555555555555
2023-08-24,CCL,0.05555555555555555
2023-08-24,MAR,0.05555555555555555
2023-08-24,KEY,-0.05555555555555555
2023-08-24,WSM,-0.05555555555555555
2023-08-24,MRVL,0.05555555555555555
2023-08-24,PCG,0.05555555555555555
2023-08-24,CSIQ,-0.05555555555555555
2023-08-24,ENB,0.05555555555555555
2023-08-24,VZ,-0.05555555555555555
2023-08-25,MET,-0.05555555555555555
2023-08-25,DAL,0.05555555555555555
2023-08-25,AA,-0.05555555555555555
2023-08-25,GREK,0.05555555555555555
2023-08-25,DPZ,-0.05555555555555555
2023-08-25,BDX,-0.05555555555555555
2023-08-25,WFC,0.05555555555555555
2023-08-25,ANF,-0.05555555555555555
2023-08-25,DLTR,0.05555555555555555
2023-08-25,CCL,0.05555555555555555
2023-08-25,ULTA,-0.05555555555555555
2023-08-25,NTAP,0.05555555555555555
2023-08-25,WSM,-0.05555555555555555
2023-08-25,MRVL,0.05555555555555555
2023-08-25,PCG,0.05555555555555555
2023-08-25,CME,-0.05555555555555555
2023-08-25,ENB,0.05555555555555555
2023-08-25,VZ,-0.05555555555555555
2023-08-28,BAX,0.05555555555555555
2023-08-28,CF,-0.05555555555555555
2023-08-28,WEN,0.05555555555555555
2023-08-28,JNJ,0.05555555555555555
2023-08-28,TRV,0.05555555555555555
2023-08-28,DPZ,-0.05555555555555555
2023-08-28,EWC,0.05555555555555555
2023-08-28,ANF,-0.05555555555555555
2023-08-28,CCL,0.05555555555555555
2023-08-28,ILMN,-0.05555555555555555
2023-08-28,ULTA,-0.05555555555555555
2023-08-28,PCG,0.05555555555555555
2023-08-28,NTES,-0.05555555555555555
2023-08-28,BSX,-0.05555555555555555
2023-08-28,ENB,0.05555555555555555
2023-08-28,MT,0.05555555555555555
2023-08-28,VZ,-0.05555555555555555
2023-08-28,CAT,-0.05555555555555555
2023-08-29,MET,-0.05555555555555555
2023-08-29,CF,-0.05555555555555555
2023-08-29,HOG,-0.05555555555555555
2023-08-29,WEN,0.05555555555555555
2023-08-29,AA,-0.05555555555555555
2023-08-29,NSC,0.05555555555555555
2023-08-29,DPZ,-0.05555555555555555
2023-08-29,EWC,0.05555555555555555
2023-08-29,EWI,0.05555555555555555
2023-08-29,ANF,-0.05555555555555555
2023-08-29,DLTR,0.05555555555555555
2023-08-29,CCL,0.05555555555555555
2023-08-29,ULTA,-0.05555555555555555
2023-08-29,PCG,0.05555555555555555
2023-08-29,ENB,0.05555555555555555
2023-08-29,MT,0.05555555555555555
2023-08-29,VZ,-0.05555555555555555
2023-08-29,CAT,-0.05555555555555555
2023-08-30,MET,-0.05555555555555555
2023-08-30,CF,-0.05555555555555555
2023-08-30,GREK,0.05555555555555555
2023-08-30,STI,0.05555555555555555
2023-08-30,NDAQ,0.05555555555555555
2023-08-30,DPZ,-0.05555555555555555
2023-08-30,WFC,0.05555555555555555
2023-08-30,EWI,0.05555555555555555
2023-08-30,SIRI,-0.05555555555555555
2023-08-30,ANF,-0.05555555555555555
2023-08-30,CCL,0.05555555555555555
2023-08-30,TRP,-0.05555555555555555
2023-08-30,ULTA,-0.05555555555555555
2023-08-30,WSM,-0.05555555555555555
2023-08-30,PCG,0.05555555555555555
2023-08-30,ENB,0.05555555555555555
2023-08-30,MT,0.05555555555555555
2023-08-30,CAT,-0.05555555555555555
2023-08-31,MET,-0.05555555555555555
2023-08-31,CF,-0.05555555555555555
2023-08-31,HP,0.05555555555555555
2023-08-31,DAL,0.05555555555555555
2023-08-31,NSC,0.05555555555555555
2023-08-31,RRC,-0.05555555555555555
2023-08-31,GREK,0.05555555555555555
2023-08-31,DPZ,-0.05555555555555555
2023-08-31,EOG,-0.05555555555555555
2023-08-31,EWI,0.05555555555555555
2023-08-31,ANF,-0.05555555555555555
2023-08-31,CCL,0.05555555555555555
2023-08-31,GOLD,0.05555555555555555
2023-08-31,HUM,0.05555555555555555
2023-08-31,WSM,-0.05555555555555555
2023-08-31,PRGO,0.05555555555555555
2023-08-31,VZ,-0.05555555555555555
2023-08-31,CAT,-0.05555555555555555
2023-09-01,MET,-0.05555555555555555
2023-09-01,HOG,-0.05555555555555555
2023-09-01,DAL,0.05555555555555555
2023-09-01,AA,-0.05555555555555555
2023-09-01,CAG,0.05555555555555555
2023-09-01,GREK,0.05555555555555555
2023-09-01,KMB,0.05555555555555555
2023-09-01,NDAQ,0.05555555555555555
2023-09-01,DPZ,-0.05555555555555555
2023-09-01,EOG,-0.05555555555555555
2023-09-01,EWI,0.05555555555555555
2023-09-01,ANF,-0.05555555555555555
2023-09-01,DLTR,0.05555555555555555
2023-09-01,CCL,0.05555555555555555
2023-09-01,GOLD,-0.05555555555555555
2023-09-01,ULTA,-0.05555555555555555
2023-09-01,DUK,0.05555555555555555
2023-09-01,CAT,-0.05555555555555555
2023-09-05,PPG,0.05555555555555555
2023-09-05,CF,-0.05555555555555555
2023-09-05,DAL,0.05555555555555555
2023-09-05,AA,-0.05555555555555555
2023-09-05,NSC,0.05555555555555555
2023-09-05,CAG,0.05555555555555555
2023-09-05,GREK,0.05555555555555555
2023-09-05,DPZ,-0.05555555555555555
2023-09-05,VTR,0.05555555555555555
2023-09-05,DHI,0.05555555555555555
2023-09-05,EOG,-0.05555555555555555
2023-09-05,ANF,-0.05555555555555555
2023-09-05,CCL,0.05555555555555555
2023-09-05,ILMN,0.05555555555555555
2023-09-05,ULTA,-0.05555555555555555
2023-09-05,HUM,-0.05555555555555555
2023-09-05,WSM,-0.05555555555555555
2023-09-05,CAT,-0.05555555555555555
2023-09-06,CNC,-0.05555555555555555
2023-09-06,DAL,0.05555555555555555
2023-09-06,ICE,0.05555555555555555
2023-09-06,GREK,0.05555555555555555
2023-09-06,JNJ,0.05555555555555555
2023-09-06,HAS,-0.05555555555555555
2023-09-06,DPZ,-0.05555555555555555
2023-09-06,BDX,0.05555555555555555
2023-09-06,WFC,0.05555555555555555
2023-09-06,EOG,-0.05555555555555555
2023-09-06,ANF,-0.05555555555555555
2023-09-06,CCL,0.05555555555555555
2023-09-06,WMB,0.05555555555555555
2023-09-06,ULTA,-0.05555555555555555
2023-09-06,HUM,-0.05555555555555555
2023-09-06,CME,-0.05555555555555555
2023-09-06,PRGO,0.05555555555555555
2023-09-06,CAT,-0.05555555555555555
2023-09-07,CNC,-0.05555555555555555
2023-09-07,A,0.05555555555555555
2023-09-07,DAL,0.05555555555555555
2023-09-07,AA,-0.05555555555555555
2023-09-07,NSC,0.05555555555555555
2023-09-07,GREK,0.05555555555555555
2023-09-07,DPZ,-0.05555555555555555
2023-09-07,WFC,0.05555555555555555
2023-09-07,ANF,-0.05555555555555555
2023-09-07,CCL,0.05555555555555555
2023-09-07,ALK,0.05555555555555555
2023-09-07,KGC,-0.05555555555555555
2023-09-07,HUM,-0.05555555555555555
2023-09-07,WSM,-0.05555555555555555
2023-09-07,CME,-0.05555555555555555
2023-09-07,PRGO,0.05555555555555555
2023-09-07,ENB,0.05555555555555555
2023-09-07,CAT,-0.05555555555555555
2023-09-08,MET,-0.05555555555555555
2023-09-08,A,0.05555555555555555
2023-09-08,DAL,0.05555555555555555
2023-09-08,NSC,0.05555555555555555
2023-09-08,GREK,0.05555555555555555
2023-09-08,QCOM,0.05555555555555555
2023-09-08,STI,-0.05555555555555555
2023-09-08,DPZ,-0.05555555555555555
2023-09-08,QQQ,-0.05555555555555555
2023-09-08,ANF,-0.05555555555555555
2023-09-08,CCL,0.05555555555555555
2023-09-08,ALK,0.05555555555555555
2023-09-08,MAR,-0.05555555555555555
2023-09-08,TRP,-0.05555555555555555
2023-09-08,CME,-0.05555555555555555
2023-09-08,CP,0.05555555555555555
2023-09-08,ENB,0.05555555555555555
2023-09-08,CAT,-0.05555555555555555
2023-09-11,A,0.05555555555555555
2023-09-11,DAL,0.05555555555555555
2023-09-11,AA,-0.05555555555555555
2023-09-11,GREK,0.05555555555555555
2023-09-11,STI,0.05555555555555555
2023-09-11,DPZ,-0.05555555555555555
2023-09-11,BBT,0.05555555555555555
2023-09-11,WFC,0.05555555555555555
2023-09-11,ANF,-0.05555555555555555
2023-09-11,CCL,0.05555555555555555
2023-09-11,MAR,-0.05555555555555555
2023-09-11,TRP,-0.05555555555555555
2023-09-11,HUM,-0.05555555555555555
2023-09-11,RF,0.05555555555555555
2023-09-11,CME,-0.05555555555555555
2023-09-11,ENB,0.05555555555555555
2023-09-11,VZ,-0.05555555555555555
2023-09-11,CAT,-0.05555555555555555
2023-09-12,PPG,0.05555555555555555
2023-09-12,AMTD,-0.05555555555555555
2023-09-12,DAL,0.05555555555555555
2023-09-12,AA,-0.05555555555555555
2023-09-12,GREK,0.05555555555555555
2023-09-12,DPZ,-0.05555555555555555
2023-09-12,BDX,0.05555555555555555
2023-09-12,EOG,-0.05555555555555555
2023-09-12,QQQ,-0.05555555555555555
2023-09-12,CCL,0.05555555555555555
2023-09-12,ILMN,0.05555555555555555
2023-09-12,HUM,-0.05555555555555555
2023-09-12,CME,-0.05555555555555555
2023-09-12,CLX,0.05555555555555555
2023-09-12,PRGO,0.05555555555555555
2023-09-12,XLE,-0.05555555555555555
2023-09-12,ENB,0.05555555555555555
2023-09-12,CAT,-0.05555555555555555
2023-09-13,PPG,0.05555555555555555
2023-09-13,HOG,-0.05555555555555555
2023-09-13,DAL,0.05555555555555555
2023-09-13,AA,-0.05555555555555555
2023-09-13,DPZ,-0.05555555555555555
2023-09-13,ORCL,0.05555555555555555
2023-09-13,CCL,0.05555555555555555
2023-09-13,MS,-0.05555555555555555
2023-09-13,ALK,0.05555555555555555
2023-09-13,WMB,-0.05555555555555555
2023-09-13,RL,0.05555555555555555
2023-09-13,HUM,-0.05555555555555555
2023-09-13,NWSA,0.05555555555555555
2023-09-13,CME,-0.05555555555555555
2023-09-13,CLX,0.05555555555555555
2023-09-13,CSIQ,-0.05555555555555555
2023-09-13,ENB,0.05555555555555555
2023-09-13,CAT,-0.05555555555555555
2023-09-14,MET,-0.05555555555555555
2023-09-14,CF,-0.05555555555555555
2023-09-14,DAL,0.05555555555555555
2023-09-14,GREK,0.05555555555555555
2023-09-14,DPZ,-0.05555555555555555
2023-09-14,HTZ,-0.05555555555555555
2023-09-14,ORCL,0.05555555555555555
2023-09-14,CCL,0.05555555555555555
2023-09-14,ALK,0.05555555555555555
2023-09-14,GOLD,0.05555555555555555
2023-09-14,TRP,-0.05555555555555555
2023-09-14,ULTA,0.05555555555555555
2023-09-14,HUM,-0.05555555555555555
2023-09-14,CME,-0.05555555555555555
2023-09-14,PRGO,0.05555555555555555
2023-09-14,CSIQ,-0.05555555555555555
2023-09-14,ENB,0.05555555555555555
2023-09-14,CAT,-0.05555555555555555
2023-09-15,MET,-0.05555555555555555
2023-09-15,JNJ,0.05555555555555555
2023-09-15,BBT,-0.05555555555555555
2023-09-15,EBAY,-0.05555555555555555
2023-09-15,ANF,-0.05555555555555555
2023-09-15,CCL,0.05555555555555555
2023-09-15,ULTA,0.05555555555555555
2023-09-15,HUM,-0.05555555555555555
2023-09-15,NTAP,0.05555555555555555
2023-09-15,NWSA,0.05555555555555555
2023-09-15,BX,-0.05555555555555555
2023-09-15,LOW,0.05555555555555555
2023-09-15,PCG,-0.05555555555555555
2023-09-15,CLX,0.05555555555555555
2023-09-15,PRGO,0.05555555555555555
2023-09-15,OHI,-0.05555555555555555
2023-09-15,ENB,0.05555555555555555
2023-09-15,CAT,-0.05555555555555555
2023-09-18,PPG,0.05555555555555555
2023-09-18,AMTD,-0.05555555555555555
2023-09-18,A,0.05555555555555555
2023-09-18,AA,-0.05555555555555555
2023-09-18,BBT,-0.05555555555555555
2023-09-18,CCL,0.05555555555555555
2023-09-18,ALK,0.05555555555555555
2023-09-18,KEY,-0.05555555555555555
2023-09-18,HUM,-0.05555555555555555
2023-09-18,NTAP,0.05555555555555555
2023-09-18,NWSA,0.05555555555555555
2023-09-18,TRIP,-0.05555555555555555
2023-09-18,BX,-0.05555555555555555
2023-09-18,LOW,0.05555555555555555
2023-09-18,PCG,-0.05555555555555555
2023-09-18,CLX,0.05555555555555555
2023-09-18,ENB,0.05555555555555555
2023-09-18,CAT,-0.05555555555555555
2023-09-19,MET,-0.05555555555555555
2023-09-19,CF,-0.05555555555555555
2023-09-19,AA,-0.05555555555555555
2023-09-19,KMB,0.05555555555555555
2023-09-19,DPZ,-0.05555555555555555
2023-09-19,EOG,0.05555555555555555
2023-09-19,ANF,-0.05555555555555555
2023-09-19,D,0.05555555555555555
2023-09-19,ULTA,0.05555555555555555
2023-09-19,NTAP,0.05555555555555555
2023-09-19,NWSA,0.05555555555555555
2023-09-19,TRIP,-0.05555555555555555
2023-09-19,LOW,0.05555555555555555
2023-09-19,HMC,-0.05555555555555555
2023-09-19,CLX,0.05555555555555555
2023-09-19,SYK,-0.05555555555555555
2023-09-19,ENB,0.05555555555555555
2023-09-19,CAT,-0.05555555555555555
2023-09-20,CF,-0.05555555555555555
2023-09-20,RRC,0.05555555555555555
2023-09-20,CAG,-0.05555555555555555
2023-09-20,BBT,0.05555555555555555
2023-09-20,EOG,0.05555555555555555
2023-09-20,QQQ,0.05555555555555555
2023-09-20,SIRI,-0.05555555555555555
2023-09-20,ANF,-0.05555555555555555
2023-09-20,CCL,0.05555555555555555
2023-09-20,ALK,0.05555555555555555
2023-09-20,MAR,-0.05555555555555555
2023-09-20,KEY,-0.05555555555555555
2023-09-20,NWSA,0.05555555555555555
2023-09-20,TRIP,-0.05555555555555555
2023-09-20,LOW,0.05555555555555555
2023-09-20,CLX,0.05555555555555555
2023-09-20,BSX,-0.05555555555555555
2023-09-20,CAT,-0.05555555555555555
2023-09-21,PPG,0.05555555555555555
2023-09-21,HP,0.05555555555555555
2023-09-21,AA,-0.05555555555555555
2023-09-21,ICE,0.05555555555555555
2023-09-21,CAG,-0.05555555555555555
2023-09-21,DPZ,-0.05555555555555555
2023-09-21,EBAY,-0.05555555555555555
2023-09-21,QQQ,0.05555555555555555
2023-09-21,ANF,-0.05555555555555555
2023-09-21,HTZ,-0.05555555555555555
2023-09-21,CCL,0.05555555555555555
2023-09-21,ALK,0.05555555555555555
2023-09-21,EW,0.05555555555555555
2023-09-21,TRIP,-0.05555555555555555
2023-09-21,LOW,0.05555555555555555
2023-09-21,PRGO,0.05555555555555555
2023-09-21,SYK,-0.05555555555555555
2023-09-21,BSX,-0.05555555555555555
2023-09-22,MNST,0.05555555555555555
2023-09-22,BAX,0.05555555555555555
2023-09-22,AA,-0.05555555555555555
2023-09-22,ICE,0.05555555555555555
2023-09-22,VTR,-0.05555555555555555
2023-09-22,QQQ,0.05555555555555555
2023-09-22,SIRI,-0.05555555555555555
2023-09-22,ANF,-0.05555555555555555
2023-09-22,CCL,0.05555555555555555
2023-09-22,ALK,0.05555555555555555
2023-09-22,KEY,-0.05555555555555555
2023-09-22,D,-0.05555555555555555
2023-09-22,ULTA,0.05555555555555555
2023-09-22,EW,0.05555555555555555
2023-09-22,MRVL,-0.05555555555555555
2023-09-22,NTES,-0.05555555555555555
2023-09-22,PRGO,0.05555555555555555
2023-09-22,CSIQ,-0.05555555555555555
2023-09-25,HP,0.05555555555555555
2023-09-25,WEN,-0.05555555555555555
2023-09-25,AA,-0.05555555555555555
2023-09-25,ICE,0.05555555555555555
2023-09-25,STI,0.05555555555555555
2023-09-25,HAS,-0.05555555555555555
2023-09-25,VTR,-0.05555555555555555
2023-09-25,ANF,-0.05555555555555555
2023-09-25,CCL,0.05555555555555555
2023-09-25,ALK,0.05555555555555555
2023-09-25,MAR,0.05555555555555555
2023-09-25,GOLD,0.05555555555555555
2023-09-25,D,-0.05555555555555555
2023-09-25,WSM,-0.05555555555555555
2023-09-25,MRVL,-0.05555555555555555
2023-09-25,CME,0.05555555555555555
2023-09-25,PRGO,0.05555555555555555
2023-09-25,XLE,-0.05555555555555555
2023-09-26,HP,0.05555555555555555
2023-09-26,XLP,0.05555555555555555
2023-09-26,ICE,0.05555555555555555
2023-09-26,STI,-0.05555555555555555
2023-09-26,BDX,0.05555555555555555
2023-09-26,SIRI,-0.05555555555555555
2023-09-26,ANF,-0.05555555555555555
2023-09-26,ALK,0.05555555555555555
2023-09-26,D,-0.05555555555555555
2023-09-26,ULTA,0.05555555555555555
2023-09-26,WSM,-0.05555555555555555
2023-09-26,TRIP,-0.05555555555555555
2023-09-26,BX,0.05555555555555555
2023-09-26,MRVL,-0.05555555555555555
2023-09-26,PRGO,0.05555555555555555
2023-09-26,SYK,0.05555555555555555
2023-09-26,CSIQ,-0.05555555555555555
2023-09-26,ENB,-0.05555555555555555
2023-09-27,XLP,0.05555555555555555
2023-09-27,RRC,-0.05555555555555555
2023-09-27,CAG,0.05555555555555555
2023-09-27,JNJ,0.05555555555555555
2023-09-27,STI,-0.05555555555555555
2023-09-27,BDX,0.05555555555555555
2023-09-27,ANF,-0.05555555555555555
2023-09-27,ALK,0.05555555555555555
2023-09-27,KEY,-0.05555555555555555
2023-09-27,ILMN,-0.05555555555555555
2023-09-27,TRP,-0.05555555555555555
2023-09-27,WSM,-0.05555555555555555
2023-09-27,TRIP,-0.05555555555555555
2023-09-27,PRGO,0.05555555555555555
2023-09-27,SYK,0.05555555555555555
2023-09-27,XLE,-0.05555555555555555
2023-09-27,COF,0.05555555555555555
2023-09-27,MRK,0.05555555555555555
2023-09-28,XLP,0.05555555555555555
2023-09-28,CAG,0.05555555555555555
2023-09-28,GREK,0.05555555555555555
2023-09-28,KMB,0.05555555555555555
2023-09-28,SIRI,-0.05555555555555555
2023-09-28,ANF,-0.05555555555555555
2023-09-28,GOLD,0.05555555555555555
2023-09-28,TRP,-0.05555555555555555
2023-09-28,D,0.05555555555555555
2023-09-28,ULTA,-0.05555555555555555
2023-09-28,TRIP,-0.05555555555555555
2023-09-28,PCG,0.05555555555555555
2023-09-28,DUK,0.05555555555555555
2023-09-28,RF,-0.05555555555555555
2023-09-28,OHI,-0.05555555555555555
2023-09-28,BSX,-0.05555555555555555
2023-09-28,M,-0.05555555555555555
2023-09-28,BMY,0.05555555555555555
2023-09-29,HP,0.05555555555555555
2023-09-29,BUD,-0.05555555555555555
2023-09-29,GREK,0.05555555555555555
2023-09-29,STI,-0.05555555555555555
2023-09-29,TRV,0.05555555555555555
2023-09-29,DPZ,0.05555555555555555
2023-09-29,BDX,0.05555555555555555
2023-09-29,MU,-0.05555555555555555
2023-09-29,ANF,-0.05555555555555555
2023-09-29,ILMN,-0.05555555555555555
2023-09-29,TRP,-0.05555555555555555
2023-09-29,ULTA,-0.05555555555555555
2023-09-29,WSM,-0.05555555555555555
2023-09-29,TRIP,-0.05555555555555555
2023-09-29,PCG,0.05555555555555555
2023-09-29,HMC,0.05555555555555555
2023-09-29,CME,0.05555555555555555
2023-09-29,MRK,0.05555555555555555
2023-10-02,MET,0.05555555555555555
2023-10-02,HP,0.05555555555555555
2023-10-02,NSC,-0.05555555555555555
2023-10-02,STI,-0.05555555555555555
2023-10-02,KMB,0.05555555555555555
2023-10-02,TRV,0.05555555555555555
2023-10-02,BBT,0.05555555555555555
2023-10-02,EOG,0.05555555555555555
2023-10-02,SIRI,-0.05555555555555555
2023-10-02,ANF,-0.05555555555555555
2023-10-02,MAR,-0.05555555555555555
2023-10-02,KGC,-0.05555555555555555
2023-10-02,GOLD,0.05555555555555555
2023-10-02,WMB,0.05555555555555555
2023-10-02,TRP,-0.05555555555555555
2023-10-02,WSM,-0.05555555555555555
2023-10-02,DUK,0.05555555555555555
2023-10-02,ENB,-0.05555555555555555
2023-10-03,MET,0.05555555555555555
2023-10-03,A,-0.05555555555555555
2023-10-03,AA,-0.05555555555555555
2023-10-03,TRV,0.05555555555555555
2023-10-03,DPZ,0.05555555555555555
2023-10-03,SIRI,-0.05555555555555555
2023-10-03,ANF,-0.05555555555555555
2023-10-03,CCL,-0.05555555555555555
2023-10-03,ALK,0.05555555555555555
2023-10-03,TRP,-0.05555555555555555
2023-10-03,NWSA,0.05555555555555555
2023-10-03,BX,0.05555555555555555
2023-10-03,MRVL,-0.05555555555555555
2023-10-03,RF,0.05555555555555555
2023-10-03,HMC,0.05555555555555555
2023-10-03,SYK,0.05555555555555555
2023-10-03,COF,-0.05555555555555555
2023-10-03,MT,-0.05555555555555555
2023-10-04,MET,0.05555555555555555
2023-10-04,AA,-0.05555555555555555
2023-10-04,STI,0.05555555555555555
2023-10-04,DPZ,0.05555555555555555
2023-10-04,EOG,0.05555555555555555
2023-10-04,SIRI,-0.05555555555555555
2023-10-04,ANF,-0.05555555555555555
2023-10-04,KEY,-0.05555555555555555
2023-10-04,KGC,-0.05555555555555555
2023-10-04,KO,0.05555555555555555
2023-10-04,ULTA,-0.05555555555555555
2023-10-04,WSM,-0.05555555555555555
2023-10-04,MRVL,-0.05555555555555555
2023-10-04,HMC,0.05555555555555555
2023-10-04,PRGO,0.05555555555555555
2023-10-04,OHI,-0.05555555555555555
2023-10-04,XLE,0.05555555555555555
2023-10-04,CAT,0.05555555555555555
2023-10-05,AA,-0.05555555555555555
2023-10-05,CAG,0.05555555555555555
2023-10-05,STI,0.05555555555555555
2023-10-05,KMB,0.05555555555555555
2023-10-05,DPZ,0.05555555555555555
2023-10-05,EWC,-0.05555555555555555
2023-10-05,EOG,0.05555555555555555
2023-10-05,ANF,-0.05555555555555555
2023-10-05,KEY,-0.05555555555555555
2023-10-05,D,0.05555555555555555
2023-10-05,WSM,-0.05555555555555555
2023-10-05,TRIP,-0.05555555555555555
2023-10-05,MRVL,-0.05555555555555555
2023-10-05,PCG,-0.05555555555555555
2023-10-05,CLX,0.05555555555555555
2023-10-05,OHI,-0.05555555555555555
2023-10-05,XLE,0.05555555555555555
2023-10-05,CAT,0.05555555555555555
2023-10-06,CNC,-0.05555555555555555
2023-10-06,BAX,0.05555555555555555
2023-10-06,VWO,-0.05555555555555555
2023-10-06,WEN,0.05555555555555555
2023-10-06,RRC,-0.05555555555555555
2023-10-06,STI,0.05555555555555555
2023-10-06,NDAQ,-0.05555555555555555
2023-10-06,HAS,0.05555555555555555
2023-10-06,DPZ,0.05555555555555555
2023-10-06,WFC,-0.05555555555555555
2023-10-06,ANF,-0.05555555555555555
2023-10-06,ALK,0.05555555555555555
2023-10-06,KGC,-0.05555555555555555
2023-10-06,KO,0.05555555555555555
2023-10-06,D,0.05555555555555555
2023-10-06,ULTA,-0.05555555555555555
2023-10-06,WSM,-0.05555555555555555
2023-10-06,MT,0.05555555555555555
2023-10-09,CNC,-0.05555555555555555
2023-10-09,PPG,0.05555555555555555
2023-10-09,CF,-0.05555555555555555
2023-10-09,CAG,-0.05555555555555555
2023-10-09,STI,-0.05555555555555555
2023-10-09,EWC,-0.05555555555555555
2023-10-09,ANF,-0.05555555555555555
2023-10-09,HTZ,-0.05555555555555555
2023-10-09,ALK,0.05555555555555555
2023-10-09,MAR,0.05555555555555555
2023-10-09,KO,0.05555555555555555
2023-10-09,D,0.05555555555555555
2023-10-09,ULTA,-0.05555555555555555
2023-10-09,WSM,-0.05555555555555555
2023-10-09,RF,0.05555555555555555
2023-10-09,CLX,0.05555555555555555
2023-10-09,PRGO,0.05555555555555555
2023-10-09,BMY,0.05555555555555555
2023-10-10,AMTD,-0.05555555555555555
2023-10-10,BAX,-0.05555555555555555
2023-10-10,NVDA,0.05555555555555555
2023-10-10,STI,0.05555555555555555
2023-10-10,TRV,0.05555555555555555
2023-10-10,VTR,-0.05555555555555555
2023-10-10,ANF,-0.05555555555555555
2023-10-10,HTZ,-0.05555555555555555
2023-10-10,DLTR,-0.05555555555555555
2023-10-10,ALK,0.05555555555555555
2023-10-10,KO,0.05555555555555555
2023-10-10,D,0.05555555555555555
2023-10-10,RL,0.05555555555555555
2023-10-10,HUM,0.05555555555555555
2023-10-10,WSM,-0.05555555555555555
2023-10-10,SYK,-0.05555555555555555
2023-10-10,CSIQ,-0.05555555555555555
2023-10-10,BMY,0.05555555555555555
2023-10-11,AMTD,-0.05555555555555555
2023-10-11,BAX,-0.05555555555555555
2023-10-11,HOG,-0.05555555555555555
2023-10-11,AA,-0.05555555555555555
2023-10-11,JNJ,0.05555555555555555
2023-10-11,STI,0.05555555555555555
2023-10-11,BDX,0.05555555555555555
2023-10-11,EWI,-0.05555555555555555
2023-10-11,ANF,-0.05555555555555555
2023-10-11,ALK,0.05555555555555555
2023-10-11,KO,0.05555555555555555
2023-10-11,D,0.05555555555555555
2023-10-11,HUM,0.05555555555555555
2023-10-11,WSM,-0.05555555555555555
2023-10-11,BX,-0.05555555555555555
2023-10-11,RF,0.05555555555555555
2023-10-11,OHI,-0.05555555555555555
2023-10-11,BMY,0.05555555555555555
2023-10-12,MNST,0.05555555555555555
2023-10-12,CNC,-0.05555555555555555
2023-10-12,AMTD,-0.05555555555555555
2023-10-12,A,0.05555555555555555
2023-10-12,CF,-0.05555555555555555
2023-10-12,CAG,0.05555555555555555
2023-10-12,EWI,-0.05555555555555555
2023-10-12,ANF,-0.05555555555555555
2023-10-12,MS,0.05555555555555555
2023-10-12,ALK,0.05555555555555555
2023-10-12,ILMN,0.05555555555555555
2023-10-12,KO,0.05555555555555555
2023-10-12,WSM,-0.05555555555555555
2023-10-12,RF,0.05555555555555555
2023-10-12,CME,-0.05555555555555555
2023-10-12,PRGO,0.05555555555555555
2023-10-12,ZUMZ,-0.05555555555555555
2023-10-12,MT,-0.05555555555555555
2023-10-13,CNC,-0.05555555555555555
2023-10-13,AMTD,-0.05555555555555555
2023-10-13,DPZ,0.05555555555555555
2023-10-13,WFC,-0.05555555555555555
2023-10-13,QQQ,0.05555555555555555
2023-10-13,EWI,-0.05555555555555555
2023-10-13,SIRI,-0.05555555555555555
2023-10-13,ANF,-0.05555555555555555
2023-10-13,ALK,0.05555555555555555
2023-10-13,MAR,0.05555555555555555
2023-10-13,KO,0.05555555555555555
2023-10-13,ULTA,0.05555555555555555
2023-10-13,WSM,-0.05555555555555555
2023-10-13,MRVL,-0.05555555555555555
2023-10-13,RF,0.05555555555555555
2023-10-13,PRGO,0.05555555555555555
2023-10-13,ZUMZ,-0.05555555555555555
2023-10-13,CAT,0.05555555555555555
2023-10-16,MNST,0.05555555555555555
2023-10-16,AMTD,-0.05555555555555555
2023-10-16,BAX,0.05555555555555555
2023-10-16,DAL,0.05555555555555555
2023-10-16,AA,-0.05555555555555555
2023-10-16,TRV,-0.05555555555555555
2023-10-16,QQQ,0.05555555555555555
2023-10-16,EWI,-0.05555555555555555
2023-10-16,ANF,-0.05555555555555555
2023-10-16,HTZ,0.05555555555555555
2023-10-16,GOLD,0.05555555555555555
2023-10-16,KO,0.05555555555555555
2023-10-16,ULTA,0.05555555555555555
2023-10-16,HUM,-0.05555555555555555
2023-10-16,WSM,-0.05555555555555555
2023-10-16,NWSA,-0.05555555555555555
2023-10-16,OHI,-0.05555555555555555
2023-10-16,MT,0.05555555555555555
2023-10-17,CNC,-0.05555555555555555
2023-10-17,BAX,0.05555555555555555
2023-10-17,CF,-0.05555555555555555
2023-10-17,GREK,-0.05555555555555555
2023-10-17,JNJ,0.05555555555555555
2023-10-17,EBAY,0.05555555555555555
2023-10-17,QQQ,0.05555555555555555
2023-10-17,ANF,-0.05555555555555555
2023-10-17,DLTR,-0.05555555555555555
2023-10-17,ALK,0.05555555555555555
2023-10-17,GOLD,0.05555555555555555
2023-10-17,KO,0.05555555555555555
2023-10-17,RL,-0.05555555555555555
2023-10-17,WSM,-0.05555555555555555
2023-10-17,NTES,0.05555555555555555
2023-10-17,OHI,-0.05555555555555555
2023-10-17,BSX,0.05555555555555555
2023-10-17,M,-0.05555555555555555
2023-10-18,CNC,-0.05555555555555555
2023-10-18,A,0.05555555555555555
2023-10-18,WEN,-0.05555555555555555
2023-10-18,DAL,0.05555555555555555
2023-10-18,AA,-0.05555555555555555
2023-10-18,ICE,0.05555555555555555
2023-10-18,JNJ,0.05555555555555555
2023-10-18,NDAQ,-0.05555555555555555
2023-10-18,HAS,-0.05555555555555555
2023-10-18,ANF,-0.05555555555555555
2023-10-18,ALK,0.05555555555555555
2023-10-18,KEY,-0.05555555555555555
2023-10-18,KO,0.05555555555555555
2023-10-18,ULTA,-0.05555555555555555
2023-10-18,HUM,-0.05555555555555555
2023-10-18,RF,0.05555555555555555
2023-10-18,CAT,0.05555555555555555
2023-10-18,MRK,0.05555555555555555
2023-10-19,AMTD,-0.05555555555555555
2023-10-19,CF,-0.05555555555555555
2023-10-19,WEN,-0.05555555555555555
2023-10-19,DAL,0.05555555555555555
2023-10-19,AA,-0.05555555555555555
2023-10-19,HYG,0.05555555555555555
2023-10-19,EBAY,0.05555555555555555
2023-10-19,QQQ,-0.05555555555555555
2023-10-19,SIRI,-0.05555555555555555
2023-10-19,MAR,0.05555555555555555
2023-10-19,ULTA,-0.05555555555555555
2023-10-19,HUM,-0.05555555555555555
2023-10-19,NWSA,0.05555555555555555
2023-10-19,BX,0.05555555555555555
2023-10-19,LOW,0.05555555555555555
2023-10-19,M,-0.05555555555555555
2023-10-19,CAT,0.05555555555555555
2023-10-19,MRK,0.05555555555555555
2023-10-20,CNC,-0.05555555555555555
2023-10-20,AMTD,-0.05555555555555555
2023-10-20,HOG,-0.05555555555555555
2023-10-20,DAL,0.05555555555555555
2023-10-20,AA,-0.05555555555555555
2023-10-20,GREK,-0.05555555555555555
2023-10-20,QCOM,0.05555555555555555
2023-10-20,TRV,0.05555555555555555
2023-10-20,EBAY,0.05555555555555555
2023-10-20,MAR,0.05555555555555555
2023-10-20,KGC,-0.05555555555555555
2023-10-20,HUM,-0.05555555555555555
2023-10-20,WSM,-0.05555555555555555
2023-10-20,NWSA,0.05555555555555555
2023-10-20,BX,0.05555555555555555
2023-10-20,SYK,0.05555555555555555
2023-10-20,M,-0.05555555555555555
2023-10-20,COF,0.05555555555555555
2023-10-23,MET,0.05555555555555555
2023-10-23,AA,-0.05555555555555555
2023-10-23,NSC,0.05555555555555555
2023-10-23,GREK,-0.05555555555555555
2023-10-23,TRV,0.05555555555555555
2023-10-23,EBAY,0.05555555555555555
2023-10-23,QQQ,-0.05555555555555555
2023-10-23,KEY,-0.05555555555555555
2023-10-23,HUM,-0.05555555555555555
2023-10-23,WSM,-0.05555555555555555
2023-10-23,NWSA,0.05555555555555555
2023-10-23,BX,0.05555555555555555
2023-10-23,LOW,0.05555555555555555
2023-10-23,MRVL,-0.05555555555555555
2023-10-23,HMC,0.05555555555555555
2023-10-23,M,-0.05555555555555555
2023-10-23,COF,0.05555555555555555
2023-10-23,ZUMZ,-0.05555555555555555
2023-10-24,MET,0.05555555555555555
2023-10-24,CNC,0.05555555555555555
2023-10-24,A,0.05555555555555555
2023-10-24,AA,-0.05555555555555555
2023-10-24,BUD,-0.05555555555555555
2023-10-24,KMB,0.05555555555555555
2023-10-24,TRV,0.05555555555555555
2023-10-24,BDX,-0.05555555555555555
2023-10-24,SIRI,-0.05555555555555555
2023-10-24,ANF,-0.05555555555555555
2023-10-24,WMB,0.05555555555555555
2023-10-24,HUM,-0.05555555555555555
2023-10-24,WSM,-0.05555555555555555
2023-10-24,NWSA,0.05555555555555555
2023-10-24,RF,0.05555555555555555
2023-10-24,M,-0.05555555555555555
2023-10-24,COF,0.05555555555555555
2023-10-24,VZ,-0.05555555555555555
2023-10-25,CNC,0.05555555555555555
2023-10-25,A,0.05555555555555555
2023-10-25,AA,-0.05555555555555555
2023-10-25,HYG,0.05555555555555555
2023-10-25,NSC,0.05555555555555555
2023-10-25,GREK,-0.05555555555555555
2023-10-25,QCOM,0.05555555555555555
2023-10-25,KMB,0.05555555555555555
2023-10-25,TRV,-0.05555555555555555
2023-10-25,QQQ,0.05555555555555555
2023-10-25,SIRI,-0.05555555555555555
2023-10-25,ANF,-0.05555555555555555
2023-10-25,HUM,-0.05555555555555555
2023-10-25,NWSA,0.05555555555555555
2023-10-25,RF,0.05555555555555555
2023-10-25,M,-0.05555555555555555
2023-10-25,VZ,-0.05555555555555555
2023-10-25,BMY,-0.05555555555555555
2023-10-26,AMTD,-0.05555555555555555
2023-10-26,NSC,0.05555555555555555
2023-10-26,QCOM,0.05555555555555555
2023-10-26,JNJ,0.05555555555555555
2023-10-26,STI,0.05555555555555555
2023-10-26,DPZ,0.05555555555555555
2023-10-26,BBT,-0.05555555555555555
2023-10-26,MU,0.05555555555555555
2023-10-26,QQQ,0.05555555555555555
2023-10-26,SIRI,-0.05555555555555555
2023-10-26,HUM,-0.05555555555555555
2023-10-26,WSM,0.05555555555555555
2023-10-26,NWSA,0.05555555555555555
2023-10-26,M,-0.05555555555555555
2023-10-26,ZUMZ,-0.05555555555555555
2023-10-26,VZ,-0.05555555555555555
2023-10-26,CAT,-0.05555555555555555
2023-10-26,BMY,-0.05555555555555555
2023-10-27,AA,-0.05555555555555555
2023-10-27,NSC,-0.05555555555555555
2023-10-27,JNJ,0.05555555555555555
2023-10-27,HAS,-0.05555555555555555
2023-10-27,EWC,0.05555555555555555
2023-10-27,BDX,0.05555555555555555
2023-10-27,SIRI,-0.05555555555555555
2023-10-27,ALK,0.05555555555555555
2023-10-27,EW,0.05555555555555555
2023-10-27,RL,0.05555555555555555
2023-10-27,HUM,-0.05555555555555555
2023-10-27,NWSA,0.05555555555555555
2023-10-27,CME,0.05555555555555555
2023-10-27,M,-0.05555555555555555
2023-10-27,COF,-0.05555555555555555
2023-10-27,ZUMZ,-0.05555555555555555
2023-10-27,CAT,-0.05555555555555555
2023-10-27,BMY,0.05555555555555555
2023-10-30,A,0.05555555555555555
2023-10-30,NDAQ,-0.05555555555555555
2023-10-30,BDX,0.05555555555555555
2023-10-30,SIRI,-0.05555555555555555
2023-10-30,ALK,0.05555555555555555
2023-10-30,EW,0.05555555555555555
2023-10-30,HUM,-0.05555555555555555
2023-10-30,NTAP,0.05555555555555555
2023-10-30,WSM,-0.05555555555555555
2023-10-30,LOW,-0.05555555555555555
2023-10-30,RF,0.05555555555555555
2023-10-30,CP,-0.05555555555555555
2023-10-30,XLE,0.05555555555555555
2023-10-30,M,-0.05555555555555555
2023-10-30,COF,-0.05555555555555555
2023-10-30,MT,0.05555555555555555
2023-10-30,CAT,-0.05555555555555555
2023-10-30,BMY,0.05555555555555555
2023-10-31,MET,-0.05555555555555555
2023-10-31,VWO,0.05555555555555555
2023-10-31,HYG,0.05555555555555555
2023-10-31,BUD,-0.05555555555555555
2023-10-31,STI,0.05555555555555555
2023-10-31,DPZ,-0.05555555555555555
2023-10-31,EWC,0.05555555555555555
2023-10-31,WFC,-0.05555555555555555
2023-10-31,ANF,-0.05555555555555555
2023-10-31,ALK,0.05555555555555555
2023-10-31,XRT,0.05555555555555555
2023-10-31,HUM,-0.05555555555555555
2023-10-31,WSM,-0.05555555555555555
2023-10-31,RF,0.05555555555555555
2023-10-31,PRGO,0.05555555555555555
2023-10-31,M,-0.05555555555555555
2023-10-31,CAT,-0.05555555555555555
2023-10-31,BMY,0.05555555555555555
2023-11-01,AA,-0.05555555555555555
2023-11-01,STI,0.05555555555555555
2023-11-01,DHI,-0.05555555555555555
2023-11-01,EWC,0.05555555555555555
2023-11-01,MU,-0.05555555555555555
2023-11-01,EBAY,0.05555555555555555
2023-11-01,WFC,-0.05555555555555555
2023-11-01,ANF,-0.05555555555555555
2023-11-01,ORCL,-0.05555555555555555
2023-11-01,ALK,0.05555555555555555
2023-11-01,ULTA,0.05555555555555555
2023-11-01,HUM,0.05555555555555555
2023-11-01,PCG,-0.05555555555555555
2023-11-01,RF,0.05555555555555555
2023-11-01,XLE,0.05555555555555555
2023-11-01,M,-0.05555555555555555
2023-11-01,ENB,-0.05555555555555555
2023-11-01,BMY,0.05555555555555555
2023-11-02,AMTD,0.05555555555555555
2023-11-02,WEN,0.05555555555555555
2023-11-02,ICE,0.05555555555555555
2023-11-02,RRC,-0.05555555555555555
2023-11-02,QCOM,-0.05555555555555555
2023-11-02,STI,0.05555555555555555
2023-11-02,DPZ,-0.05555555555555555
2023-11-02,SIRI,-0.05555555555555555
2023-11-02,ANF,-0.05555555555555555
2023-11-02,MS,-0.05555555555555555
2023-11-02,MAR,0.05555555555555555
2023-11-02,ILMN,-0.05555555555555555
2023-11-02,HUM,0.05555555555555555
2023-11-02,WSM,-0.05555555555555555
2023-11-02,TRIP,0.05555555555555555
2023-11-02,PRGO,0.05555555555555555
2023-11-02,M,-0.05555555555555555
2023-11-02,BMY,0.05555555555555555
2023-11-03,MNST,-0.05555555555555555
2023-11-03,AMTD,0.05555555555555555
2023-11-03,BAX,0.05555555555555555
2023-11-03,DAL,-0.05555555555555555
2023-11-03,STI,0.05555555555555555
2023-11-03,KMB,0.05555555555555555
2023-11-03,HAS,0.05555555555555555
2023-11-03,TRV,0.05555555555555555
2023-11-03,SIRI,-0.05555555555555555
2023-11-03,ANF,-0.05555555555555555
2023-11-03,MS,-0.05555555555555555
2023-11-03,ALK,-0.05555555555555555
2023-11-03,ILMN,-0.05555555555555555
2023-11-03,D,-0.05555555555555555
2023-11-03,HUM,0.05555555555555555
2023-11-03,TRIP,-0.05555555555555555
2023-11-03,CME,0.05555555555555555
2023-11-03,XLE,0.05555555555555555
2023-11-06,MNST,-0.05555555555555555
2023-11-06,CNC,-0.05555555555555555
2023-11-06,AMTD,-0.05555555555555555
2023-11-06,CF,0.05555555555555555
2023-11-06,RRC,0.05555555555555555
2023-11-06,GREK,-0.05555555555555555
2023-11-06,STI,0.05555555555555555
2023-11-06,SIRI,-0.05555555555555555
2023-11-06,ANF,-0.05555555555555555
2023-11-06,ALK,0.05555555555555555
2023-11-06,D,-0.05555555555555555
2023-11-06,HUM,0.05555555555555555
2023-11-06,RF,0.05555555555555555
2023-11-06,PRGO,0.05555555555555555
2023-11-06,OHI,0.05555555555555555
2023-11-06,CSIQ,-0.05555555555555555
2023-11-06,XLE,0.05555555555555555
2023-11-06,ENB,-0.05555555555555555
2023-11-07,CF,0.05555555555555555
2023-11-07,HYG,-0.05555555555555555
2023-11-07,RRC,0.05555555555555555
2023-11-07,GREK,-0.05555555555555555
2023-11-07,EWC,0.05555555555555555
2023-11-07,BDX,0.05555555555555555
2023-11-07,EOG,0.05555555555555555
2023-11-07,EWI,0.05555555555555555
2023-11-07,ANF,-0.05555555555555555
2023-11-07,KO,-0.05555555555555555
2023-11-07,D,-0.05555555555555555
2023-11-07,TRIP,-0.05555555555555555
2023-11-07,OHI,0.05555555555555555
2023-11-07,CSIQ,-0.05555555555555555
2023-11-07,ENB,-0.05555555555555555
2023-11-07,MT,0.05555555555555555
2023-11-07,VZ,-0.05555555555555555
2023-11-07,CAT,0.05555555555555555
2023-11-08,AMTD,-0.05555555555555555
2023-11-08,BUD,-0.05555555555555555
2023-11-08,RRC,0.05555555555555555
2023-11-08,CAG,-0.05555555555555555
2023-11-08,GREK,-0.05555555555555555
2023-11-08,EWC,0.05555555555555555
2023-11-08,EOG,0.05555555555555555
2023-11-08,EWI,0.05555555555555555
2023-11-08,ANF,-0.05555555555555555
2023-11-08,ALK,-0.05555555555555555
2023-11-08,XRT,0.05555555555555555
2023-11-08,KGC,0.05555555555555555
2023-11-08,TRP,-0.05555555555555555
2023-11-08,D,-0.05555555555555555
2023-11-08,OHI,0.05555555555555555
2023-11-08,XLE,0.05555555555555555
2023-11-08,ENB,-0.05555555555555555
2023-11-08,MT,0.05555555555555555
2023-11-09,BAX,0.05555555555555555
2023-11-09,BUD,-0.05555555555555555
2023-11-09,RRC,0.05555555555555555
2023-11-09,CAG,-0.05555555555555555
2023-11-09,GREK,-0.05555555555555555
2023-11-09,JNJ,0.05555555555555555
2023-11-09,ANF,-0.05555555555555555
2023-11-09,XRT,0.05555555555555555
2023-11-09,ULTA,0.05555555555555555
2023-11-09,EW,-0.05555555555555555
2023-11-09,HUM,-0.05555555555555555
2023-11-09,LOW,0.05555555555555555
2023-11-09,NTES,-0.05555555555555555
2023-11-09,CME,-0.05555555555555555
2023-11-09,OHI,0.05555555555555555
2023-11-09,XLE,0.05555555555555555
2023-11-09,ENB,-0.05555555555555555
2023-11-09,BMY,0.05555555555555555
2023-11-10,BAX,0.05555555555555555
2023-11-10,XLP,-0.05555555555555555
2023-11-10,CAG,-0.05555555555555555
2023-11-10,DPZ,-0.05555555555555555
2023-11-10,BDX,0.05555555555555555
2023-11-10,ANF,-0.05555555555555555
2023-11-10,TSM,-0.05555555555555555
2023-11-10,XRT,0.05555555555555555
2023-11-10,ILMN,0.05555555555555555
2023-11-10,KGC,0.05555555555555555
2023-11-10,KO,-0.05555555555555555
2023-11-10,NWSA,0.05555555555555555
2023-11-10,PCG,-0.05555555555555555
2023-11-10,CP,0.05555555555555555
2023-11-10,M,-0.05555555555555555
2023-11-10,VZ,-0.05555555555555555
2023-11-10,MRK,0.05555555555555555
2023-11-10,BMY,0.05555555555555555
2023-11-13,HP,-0.05555555555555555
2023-11-13,HOG,-0.05555555555555555
2023-11-13,AA,-0.05555555555555555
2023-11-13,STI,0.05555555555555555
2023-11-13,BDX,0.05555555555555555
2023-11-13,EBAY,0.05555555555555555
2023-11-13,ANF,-0.05555555555555555
2023-11-13,XRT,0.05555555555555555
2023-11-13,ILMN,0.05555555555555555
2023-11-13,KGC,0.05555555555555555
2023-11-13,KO,-0.05555555555555555
2023-11-13,HUM,-0.05555555555555555
2023-11-13,NWSA,0.05555555555555555
2023-11-13,DUK,0.05555555555555555
2023-11-13,NTES,-0.05555555555555555
2023-11-13,CP,0.05555555555555555
2023-11-13,BSX,-0.05555555555555555
2023-11-13,ENB,-0.05555555555555555
2023-11-14,AMTD,0.05555555555555555
2023-11-14,HOG,-0.05555555555555555
2023-11-14,XLP,-0.05555555555555555
2023-11-14,NVDA,0.05555555555555555
2023-11-14,GREK,-0.05555555555555555
2023-11-14,JNJ,0.05555555555555555
2023-11-14,TRV,0.05555555555555555
2023-11-14,DPZ,-0.05555555555555555
2023-11-14,DHI,-0.05555555555555555
2023-11-14,BDX,0.05555555555555555
2023-11-14,QQQ,0.05555555555555555
2023-11-14,ANF,-0.05555555555555555
2023-11-14,PVH,-0.05555555555555555
2023-11-14,WSM,-0.05555555555555555
2023-11-14,PCG,-0.05555555555555555
2023-11-14,CME,0.05555555555555555
2023-11-14,OHI,0.05555555555555555
2023-11-14,MRK,0.05555555555555555
2023-11-15,AMTD,0.05555555555555555
2023-11-15,XLP,-0.05555555555555555
2023-11-15,SPWR,-0.05555555555555555
2023-11-15,STI,0.05555555555555555
2023-11-15,TRV,0.05555555555555555
2023-11-15,BDX,0.05555555555555555
2023-11-15,EOG,0.05555555555555555
2023-11-15,QQQ,0.05555555555555555
2023-11-15,SIRI,-0.05555555555555555
2023-11-15,ANF,-0.05555555555555555
2023-11-15,KO,-0.05555555555555555
2023-11-15,ULTA,-0.05555555555555555
2023-11-15,NWSA,0.05555555555555555
2023-11-15,PCG,-0.05555555555555555
2023-11-15,PRGO,-0.05555555555555555
2023-11-15,OHI,0.05555555555555555
2023-11-15,VZ,-0.05555555555555555
2023-11-15,MRK,0.05555555555555555
2023-11-16,AMTD,-0.05555555555555555
2023-11-16,HP,-0.05555555555555555
2023-11-16,WEN,0.05555555555555555
2023-11-16,AA,-0.05555555555555555
2023-11-16,STI,0.05555555555555555
2023-11-16,BBT,-0.05555555555555555
2023-11-16,BDX,0.05555555555555555
2023-11-16,EOG,0.05555555555555555
2023-11-16,ANF,-0.05555555555555555
2023-11-16,DLTR,0.05555555555555555
2023-11-16,XRT,0.05555555555555555
2023-11-16,TRP,0.05555555555555555
2023-11-16,KO,-0.05555555555555555
2023-11-16,MRVL,-0.05555555555555555
2023-11-16,PCG,-0.05555555555555555
2023-11-16,NTES,0.05555555555555555
2023-11-16,M,-0.05555555555555555
2023-11-16,CAT,0.05555555555555555
2023-11-17,CF,0.05555555555555555
2023-11-17,SPWR,0.05555555555555555
2023-11-17,CAG,-0.05555555555555555
2023-11-17,GREK,-0.05555555555555555
2023-11-17,JNJ,0.05555555555555555
2023-11-17,STI,0.05555555555555555
2023-11-17,KMB,0.05555555555555555
2023-11-17,BDX,0.05555555555555555
2023-11-17,ANF,-0.05555555555555555
2023-11-17,KO,-0.05555555555555555
2023-11-17,TRIP,-0.05555555555555555
2023-11-17,PCG,-0.05555555555555555
2023-11-17,NTES,-0.05555555555555555
2023-11-17,OHI,0.05555555555555555
2023-11-17,M,-0.05555555555555555
2023-11-17,ENB,-0.05555555555555555
2023-11-17,CAT,0.05555555555555555
2023-11-17,MRK,0.05555555555555555
2023-11-20,CNC,0.05555555555555555
2023-11-20,CF,0.05555555555555555
2023-11-20,SPWR,0.05555555555555555
2023-11-20,RRC,0.05555555555555555
2023-11-20,CAG,-0.05555555555555555
2023-11-20,GREK,-0.05555555555555555
2023-11-20,STI,0.05555555555555555
2023-11-20,KMB,0.05555555555555555
2023-11-20,BBT,-0.05555555555555555
2023-11-20,ANF,-0.05555555555555555
2023-11-20,HTZ,0.05555555555555555
2023-11-20,KO,-0.05555555555555555
2023-11-20,PVH,-0.05555555555555555
2023-11-20,NTES,-0.05555555555555555
2023-11-20,M,-0.05555555555555555
2023-11-20,VZ,-0.05555555555555555
2023-11-20,CAT,0.05555555555555555
2023-11-20,BMY,0.05555555555555555
2023-11-21,A,-0.05555555555555555
2023-11-21,DAL,0.05555555555555555
2023-11-21,BUD,-0.05555555555555555
2023-11-21,SPWR,0.05555555555555555
2023-11-21,RRC,0.05555555555555555
2023-11-21,CAG,-0.05555555555555555
2023-11-21,STI,-0.05555555555555555
2023-11-21,BBT,-0.05555555555555555
2023-11-21,EWI,0.05555555555555555
2023-11-21,SIRI,-0.05555555555555555
2023-11-21,ANF,-0.05555555555555555
2023-11-21,MS,0.05555555555555555
2023-11-21,ALK,0.05555555555555555
2023-11-21,KO,-0.05555555555555555
2023-11-21,LOW,0.05555555555555555
2023-11-21,CP,0.05555555555555555
2023-11-21,VZ,-0.05555555555555555
2023-11-21,BMY,0.05555555555555555
2023-11-22,CF,0.05555555555555555
2023-11-22,NVDA,0.05555555555555555
2023-11-22,BUD,-0.05555555555555555
2023-11-22,RRC,0.05555555555555555
2023-11-22,BBT,-0.05555555555555555
2023-11-22,BDX,-0.05555555555555555
2023-11-22,CCL,-0.05555555555555555
2023-11-22,KO,-0.05555555555555555
2023-11-22,D,-0.05555555555555555
2023-11-22,TRIP,-0.05555555555555555
2023-11-22,LOW,0.05555555555555555
2023-11-22,PCG,-0.05555555555555555
2023-11-22,HMC,0.05555555555555555
2023-11-22,CP,0.05555555555555555
2023-11-22,OHI,0.05555555555555555
2023-11-22,VZ,-0.05555555555555555
2023-11-22,CAT,0.05555555555555555
2023-11-22,MRK,0.05555555555555555
2023-11-24,MNST,-0.05555555555555555
2023-11-24,CNC,0.05555555555555555
2023-11-24,VWO,0.05555555555555555
2023-11-24,NVDA,0.05555555555555555
2023-11-24,SPWR,0.05555555555555555
2023-11-24,CAG,-0.05555555555555555
2023-11-24,DPZ,-0.05555555555555555
2023-11-24,MU,0.05555555555555555
2023-11-24,QQQ,0.05555555555555555
2023-11-24,ANF,-0.05555555555555555
2023-11-24,CCL,-0.05555555555555555
2023-11-24,KEY,-0.05555555555555555
2023-11-24,KO,-0.05555555555555555
2023-11-24,NTAP,0.05555555555555555
2023-11-24,ENB,-0.05555555555555555
2023-11-24,VZ,-0.05555555555555555
2023-11-24,CAT,0.05555555555555555
2023-11-24,MRK,0.05555555555555555
2023-11-27,VWO,0.05555555555555555
2023-11-27,HP,-0.05555555555555555
2023-11-27,SPWR,-0.05555555555555555
2023-11-27,NSC,0.05555555555555555
2023-11-27,ICE,0.05555555555555555
2023-11-27,STI,0.05555555555555555
2023-11-27,DPZ,-0.05555555555555555
2023-11-27,EWC,0.05555555555555555
2023-11-27,ANF,-0.05555555555555555
2023-11-27,CCL,-0.05555555555555555
2023-11-27,KGC,-0.05555555555555555
2023-11-27,GOLD,-0.05555555555555555
2023-11-27,TRP,0.05555555555555555
2023-11-27,PVH,-0.05555555555555555
2023-11-27,TRIP,-0.05555555555555555
2023-11-27,HMC,0.05555555555555555
2023-11-27,CP,0.05555555555555555
2023-11-27,MRK,0.05555555555555555
2023-11-28,MNST,-0.05555555555555555
2023-11-28,CNC,0.05555555555555555
2023-11-28,AMTD,-0.05555555555555555
2023-11-28,ICE,0.05555555555555555
2023-11-28,RRC,0.05555555555555555
2023-11-28,ANF,-0.05555555555555555
2023-11-28,CCL,0.05555555555555555
2023-11-28,MAR,0.05555555555555555
2023-11-28,KGC,-0.05555555555555555
2023-11-28,GOLD,-0.05555555555555555
2023-11-28,TRP,-0.05555555555555555
2023-11-28,KO,-0.05555555555555555
2023-11-28,PVH,-0.05555555555555555
2023-11-28,HMC,0.05555555555555555
2023-11-28,CP,0.05555555555555555
2023-11-28,COF,-0.05555555555555555
2023-11-28,MRK,0.05555555555555555
2023-11-28,BMY,0.05555555555555555
2023-11-29,CNC,0.05555555555555555
2023-11-29,RRC,0.05555555555555555
2023-11-29,CAG,0.05555555555555555
2023-11-29,STI,0.05555555555555555
2023-11-29,KMB,0.05555555555555555
2023-11-29,BDX,0.05555555555555555
2023-11-29,ANF,-0.05555555555555555
2023-11-29,MAR,0.05555555555555555
2023-11-29,KEY,-0.05555555555555555
2023-11-29,PVH,-0.05555555555555555
2023-11-29,NTAP,-0.05555555555555555
2023-11-29,BX,-0.05555555555555555
2023-11-29,CME,0.05555555555555555
2023-11-29,OHI,0.05555555555555555
2023-11-29,BSX,-0.05555555555555555
2023-11-29,M,-0.05555555555555555
2023-11-29,MT,-0.05555555555555555
2023-11-29,VZ,-0.05555555555555555
2023-11-30,AMTD,-0.05555555555555555
2023-11-30,HP,0.05555555555555555
2023-11-30,NVDA,0.05555555555555555
2023-11-30,WEN,0.05555555555555555
2023-11-30,BDX,0.05555555555555555
2023-11-30,WFC,-0.05555555555555555
2023-11-30,EOG,0.05555555555555555
2023-11-30,ANF,-0.05555555555555555
2023-11-30,MAR,0.05555555555555555
2023-11-30,KO,-0.05555555555555555
2023-11-30,PVH,-0.05555555555555555
2023-11-30,HUM,0.05555555555555555
2023-11-30,HMC,0.05555555555555555
2023-11-30,XLE,0.05555555555555555
2023-11-30,M,-0.05555555555555555
2023-11-30,ENB,-0.05555555555555555
2023-11-30,MT,-0.05555555555555555
2023-11-30,VZ,-0.05555555555555555
2023-12-01,HP,0.05555555555555555
2023-12-01,NVDA,0.05555555555555555
2023-12-01,SPWR,-0.05555555555555555
2023-12-01,STI,0.05555555555555555
2023-12-01,VTR,-0.05555555555555555
2023-12-01,BDX,0.05555555555555555
2023-12-01,EOG,0.05555555555555555
2023-12-01,ANF,-0.05555555555555555
2023-12-01,KEY,-0.05555555555555555
2023-12-01,ULTA,-0.05555555555555555
2023-12-01,MRVL,0.05555555555555555
2023-12-01,NTES,0.05555555555555555
2023-12-01,RF,-0.05555555555555555
2023-12-01,HMC,0.05555555555555555
2023-12-01,XLE,0.05555555555555555
2023-12-01,ZUMZ,-0.05555555555555555
2023-12-01,MT,-0.05555555555555555
2023-12-01,VZ,-0.05555555555555555
2023-12-04,AMTD,0.05555555555555555
2023-12-04,BAX,-0.05555555555555555
2023-12-04,SPWR,-0.05555555555555555
2023-12-04,VTR,-0.05555555555555555
2023-12-04,BDX,0.05555555555555555
2023-12-04,MU,0.05555555555555555
2023-12-04,EOG,0.05555555555555555
2023-12-04,QQQ,0.05555555555555555
2023-12-04,ANF,-0.05555555555555555
2023-12-04,ORCL,0.05555555555555555
2023-12-04,CCL,-0.05555555555555555
2023-12-04,KEY,-0.05555555555555555
2023-12-04,ULTA,-0.05555555555555555
2023-12-04,PVH,-0.05555555555555555
2023-12-04,HUM,-0.05555555555555555
2023-12-04,NTES,0.05555555555555555
2023-12-04,OHI,0.05555555555555555
2023-12-04,SYK,0.05555555555555555
2023-12-05,MNST,0.05555555555555555
2023-12-05,RRC,0.05555555555555555
2023-12-05,GREK,0.05555555555555555
2023-12-05,KMB,0.05555555555555555
2023-12-05,EOG,0.05555555555555555
2023-12-05,ANF,-0.05555555555555555
2023-12-05,HTZ,-0.05555555555555555
2023-12-05,ORCL,0.05555555555555555
2023-12-05,CCL,-0.05555555555555555
2023-12-05,MAR,0.05555555555555555
2023-12-05,KO,-0.05555555555555555
2023-12-05,ULTA,-0.05555555555555555
2023-12-05,PVH,-0.05555555555555555
2023-12-05,HUM,-0.05555555555555555
2023-12-05,NTES,0.05555555555555555
2023-12-05,OHI,0.05555555555555555
2023-12-05,COF,-0.05555555555555555
2023-12-05,VZ,-0.05555555555555555
2023-12-06,DAL,-0.05555555555555555
2023-12-06,BUD,0.05555555555555555
2023-12-06,SPWR,0.05555555555555555
2023-12-06,CAG,-0.05555555555555555
2023-12-06,GREK,0.05555555555555555
2023-12-06,DHI,-0.05555555555555555
2023-12-06,EWC,0.05555555555555555
2023-12-06,EOG,0.05555555555555555
2023-12-06,SIRI,-0.05555555555555555
2023-12-06,ANF,-0.05555555555555555
2023-12-06,ORCL,0.05555555555555555
2023-12-06,ULTA,-0.05555555555555555
2023-12-06,PVH,-0.05555555555555555
2023-12-06,HUM,-0.05555555555555555
2023-12-06,NTES,0.05555555555555555
2023-12-06,CME,0.05555555555555555
2023-12-06,OHI,0.05555555555555555
2023-12-06,VZ,-0.05555555555555555
2023-12-07,AMTD,-0.05555555555555555
2023-12-07,ICE,0.05555555555555555
2023-12-07,CAG,-0.05555555555555555
2023-12-07,GREK,0.05555555555555555
2023-12-07,QCOM,-0.05555555555555555
2023-12-07,JNJ,0.05555555555555555
2023-12-07,NDAQ,0.05555555555555555
2023-12-07,DPZ,-0.05555555555555555
2023-12-07,DHI,-0.05555555555555555
2023-12-07,ANF,-0.05555555555555555
2023-12-07,WMB,0.05555555555555555
2023-12-07,ULTA,-0.05555555555555555
2023-12-07,PVH,-0.05555555555555555
2023-12-07,CME,0.05555555555555555
2023-12-07,OHI,0.05555555555555555
2023-12-07,XLE,0.05555555555555555
2023-12-07,VZ,-0.05555555555555555
2023-12-07,MRK,0.05555555555555555
2023-12-08,VWO,0.05555555555555555
2023-12-08,SPWR,0.05555555555555555
2023-12-08,NSC,0.05555555555555555
2023-12-08,QCOM,-0.05555555555555555
2023-12-08,JNJ,0.05555555555555555
2023-12-08,KMB,0.05555555555555555
2023-12-08,NDAQ,0.05555555555555555
2023-12-08,DHI,-0.05555555555555555
2023-12-08,ANF,-0.05555555555555555
2023-12-08,D,-0.05555555555555555
2023-12-08,ULTA,-0.05555555555555555
2023-12-08,PVH,-0.05555555555555555
2023-12-08,HUM,-0.05555555555555555
2023-12-08,PCG,-0.05555555555555555
2023-12-08,CME,0.05555555555555555
2023-12-08,PRGO,0.05555555555555555
2023-12-08,COF,-0.05555555555555555
2023-12-08,MRK,0.05555555555555555
2023-12-11,MNST,-0.05555555555555555
2023-12-11,AMTD,-0.05555555555555555
2023-12-11,HYG,0.05555555555555555
2023-12-11,SPWR,0.05555555555555555
2023-12-11,GREK,0.05555555555555555
2023-12-11,QCOM,-0.05555555555555555
2023-12-11,STI,-0.05555555555555555
2023-12-11,DHI,-0.05555555555555555
2023-12-11,ANF,-0.05555555555555555
2023-12-11,CCL,0.05555555555555555
2023-12-11,KGC,0.05555555555555555
2023-12-11,WMB,0.05555555555555555
2023-12-11,KO,-0.05555555555555555
2023-12-11,ULTA,-0.05555555555555555
2023-12-11,PVH,-0.05555555555555555
2023-12-11,CLX,0.05555555555555555
2023-12-11,PRGO,0.05555555555555555
2023-12-11,VZ,0.05555555555555555
2023-12-12,DAL,-0.05555555555555555
2023-12-12,QCOM,-0.05555555555555555
2023-12-12,STI,0.05555555555555555
2023-12-12,DPZ,-0.05555555555555555
2023-12-12,DHI,-0.05555555555555555
2023-12-12,EWC,0.05555555555555555
2023-12-12,WFC,-0.05555555555555555
2023-12-12,EOG,0.05555555555555555
2023-12-12,ANF,-0.05555555555555555
2023-12-12,KGC,0.05555555555555555
2023-12-12,TRP,0.05555555555555555
2023-12-12,ULTA,-0.05555555555555555
2023-12-12,PVH,-0.05555555555555555
2023-12-12,CME,0.05555555555555555
2023-12-12,PRGO,0.05555555555555555
2023-12-12,COF,-0.05555555555555555
2023-12-12,ENB,0.05555555555555555
2023-12-12,VZ,0.05555555555555555
2023-12-13,HP,0.05555555555555555
2023-12-13,NVDA,0.05555555555555555
2023-12-13,JNJ,0.05555555555555555
2023-12-13,STI,-0.05555555555555555
2023-12-13,DPZ,-0.05555555555555555
2023-12-13,DHI,-0.05555555555555555
2023-12-13,WFC,-0.05555555555555555
2023-12-13,EOG,0.05555555555555555
2023-12-13,ORCL,0.05555555555555555
2023-12-13,D,-0.05555555555555555
2023-12-13,ULTA,-0.05555555555555555
2023-12-13,PVH,-0.05555555555555555
2023-12-13,HUM,0.05555555555555555
2023-12-13,BX,-0.05555555555555555
2023-12-13,HMC,0.05555555555555555
2023-12-13,CME,0.05555555555555555
2023-12-13,COF,-0.05555555555555555
2023-12-13,VZ,0.05555555555555555
2023-12-14,BUD,0.05555555555555555
2023-12-14,SPWR,-0.05555555555555555
2023-12-14,QCOM,-0.05555555555555555
2023-12-14,STI,0.05555555555555555
2023-12-14,KMB,0.05555555555555555
2023-12-14,TRV,0.05555555555555555
2023-12-14,DHI,-0.05555555555555555
2023-12-14,WFC,-0.05555555555555555
2023-12-14,ORCL,0.05555555555555555
2023-12-14,KO,0.05555555555555555
2023-12-14,ULTA,-0.05555555555555555
2023-12-14,PVH,-0.05555555555555555
2023-12-14,HUM,0.05555555555555555
2023-12-14,NTES,0.05555555555555555
2023-12-14,RF,-0.05555555555555555
2023-12-14,CME,0.05555555555555555
2023-12-14,COF,-0.05555555555555555
2023-12-14,MT,-0.05555555555555555
2023-12-15,BUD,0.05555555555555555
2023-12-15,GREK,0.05555555555555555
2023-12-15,QCOM,-0.05555555555555555
2023-12-15,STI,0.05555555555555555
2023-12-15,KMB,0.05555555555555555
2023-12-15,DHI,-0.05555555555555555
2023-12-15,EBAY,0.05555555555555555
2023-12-15,WFC,-0.05555555555555555
2023-12-15,EWI,0.05555555555555555
2023-12-15,ULTA,-0.05555555555555555
2023-12-15,PVH,-0.05555555555555555
2023-12-15,HUM,0.05555555555555555
2023-12-15,WSM,-0.05555555555555555
2023-12-15,BX,-0.05555555555555555
2023-12-15,RF,-0.05555555555555555
2023-12-15,CME,0.05555555555555555
2023-12-15,OHI,0.05555555555555555
2023-12-15,COF,-0.05555555555555555
2023-12-18,MET,0.05555555555555555
2023-12-18,SPWR,-0.05555555555555555
2023-12-18,DPZ,-0.05555555555555555
2023-12-18,DHI,-0.05555555555555555
2023-12-18,BDX,0.05555555555555555
2023-12-18,EWI,0.05555555555555555
2023-12-18,ANF,-0.05555555555555555
2023-12-18,WMB,0.05555555555555555
2023-12-18,ULTA,-0.05555555555555555
2023-12-18,PVH,-0.05555555555555555
2023-12-18,HUM,0.05555555555555555
2023-12-18,PCG,0.05555555555555555
2023-12-18,HMC,0.05555555555555555
2023-12-18,CME,0.05555555555555555
2023-12-18,OHI,0.05555555555555555
2023-12-18,M,-0.05555555555555555
2023-12-18,COF,-0.05555555555555555
2023-12-18,MT,-0.05555555555555555
2023-12-19,AMTD,0.05555555555555555
2023-12-19,BUD,-0.05555555555555555
2023-12-19,SPWR,0.05555555555555555
2023-12-19,QCOM,-0.05555555555555555
2023-12-19,KMB,0.05555555555555555
2023-12-19,DHI,-0.05555555555555555
2023-12-19,BDX,0.05555555555555555
2023-12-19,ANF,-0.05555555555555555
2023-12-19,WMB,0.05555555555555555
2023-12-19,ULTA,-0.05555555555555555
2023-12-19,PVH,-0.05555555555555555
2023-12-19,BX,-0.05555555555555555
2023-12-19,NTES,0.05555555555555555
2023-12-19,HMC,0.05555555555555555
2023-12-19,CME,0.05555555555555555
2023-12-19,OHI,0.05555555555555555
2023-12-19,COF,-0.05555555555555555
2023-12-19,MT,-0.05555555555555555
2023-12-20,CNC,0.05555555555555555
2023-12-20,PPG,0.05555555555555555
2023-12-20,VWO,0.05555555555555555
2023-12-20,A,-0.05555555555555555
2023-12-20,HOG,-0.05555555555555555
2023-12-20,CAG,0.05555555555555555
2023-12-20,JNJ,0.05555555555555555
2023-12-20,KMB,0.05555555555555555
2023-12-20,DHI,-0.05555555555555555
2023-12-20,EWI,0.05555555555555555
2023-12-20,ANF,-0.05555555555555555
2023-12-20,GOLD,-0.05555555555555555
2023-12-20,KO,0.05555555555555555
2023-12-20,ULTA,-0.05555555555555555
2023-12-20,PVH,-0.05555555555555555
2023-12-20,WSM,-0.05555555555555555
2023-12-20,BX,-0.05555555555555555
2023-12-20,BSX,0.05555555555555555
2023-12-21,HOG,-0.05555555555555555
2023-12-21,WEN,0.05555555555555555
2023-12-21,SPWR,-0.05555555555555555
2023-12-21,CAG,0.05555555555555555
2023-12-21,JNJ,0.05555555555555555
2023-12-21,KMB,0.05555555555555555
2023-12-21,DHI,-0.05555555555555555
2023-12-21,MU,-0.05555555555555555
2023-12-21,EOG,0.05555555555555555
2023-12-21,ANF,-0.05555555555555555
2023-12-21,CCL,-0.05555555555555555
2023-12-21,KO,0.05555555555555555
2023-12-21,ULTA,-0.05555555555555555
2023-12-21,PVH,-0.05555555555555555
2023-12-21,BX,-0.05555555555555555
2023-12-21,PCG,0.05555555555555555
2023-12-21,HMC,0.05555555555555555
2023-12-21,OHI,0.05555555555555555
2023-12-22,NVDA,0.05555555555555555
2023-12-22,WEN,0.05555555555555555
2023-12-22,DAL,-0.05555555555555555
2023-12-22,HYG,0.05555555555555555
2023-12-22,SPWR,-0.05555555555555555
2023-12-22,GREK,0.05555555555555555
2023-12-22,QCOM,-0.05555555555555555
2023-12-22,STI,-0.05555555555555555
2023-12-22,DHI,-0.05555555555555555
2023-12-22,MU,-0.05555555555555555
2023-12-22,ANF,-0.05555555555555555
2023-12-22,ULTA,-0.05555555555555555
2023-12-22,PVH,-0.05555555555555555
2023-12-22,HUM,0.05555555555555555
2023-12-22,NTES,0.05555555555555555
2023-12-22,HMC,0.05555555555555555
2023-12-22,OHI,0.05555555555555555
2023-12-22,M,0.05555555555555555
2023-12-26,NVDA,0.05555555555555555
2023-12-26,WEN,0.05555555555555555
2023-12-26,QCOM,-0.05555555555555555
2023-12-26,KMB,0.05555555555555555
2023-12-26,DHI,-0.05555555555555555
2023-12-26,QQQ,-0.05555555555555555
2023-12-26,ANF,-0.05555555555555555
2023-12-26,DLTR,-0.05555555555555555
2023-12-26,ULTA,-0.05555555555555555
2023-12-26,PVH,-0.05555555555555555
2023-12-26,HUM,0.05555555555555555
2023-12-26,NTES,0.05555555555555555
2023-12-26,HMC,0.05555555555555555
2023-12-26,CME,0.05555555555555555
2023-12-26,OHI,0.05555555555555555
2023-12-26,COF,-0.05555555555555555
2023-12-26,CAT,-0.05555555555555555
2023-12-26,BMY,0.05555555555555555
2023-12-27,WEN,0.05555555555555555
2023-12-27,QCOM,-0.05555555555555555
2023-12-27,STI,0.05555555555555555
2023-12-27,DHI,-0.05555555555555555
2023-12-27,QQQ,-0.05555555555555555
2023-12-27,ANF,-0.05555555555555555
2023-12-27,DLTR,-0.05555555555555555
2023-12-27,CCL,0.05555555555555555
2023-12-27,ULTA,-0.05555555555555555
2023-12-27,PVH,-0.05555555555555555
2023-12-27,HUM,0.05555555555555555
2023-12-27,PCG,0.05555555555555555
2023-12-27,NTES,0.05555555555555555
2023-12-27,HMC,0.05555555555555555
2023-12-27,OHI,0.05555555555555555
2023-12-27,COF,-0.05555555555555555
2023-12-27,VZ,0.05555555555555555
2023-12-27,CAT,-0.05555555555555555
2023-12-28,ICE,-0.05555555555555555
2023-12-28,GREK,0.05555555555555555
2023-12-28,EOG,0.05555555555555555
2023-12-28,QQQ,-0.05555555555555555
2023-12-28,ANF,-0.05555555555555555
2023-12-28,DLTR,-0.05555555555555555
2023-12-28,KGC,0.05555555555555555
2023-12-28,WMB,0.05555555555555555
2023-12-28,ULTA,-0.05555555555555555
2023-12-28,RL,-0.05555555555555555
2023-12-28,HUM,0.05555555555555555
2023-12-28,BX,-0.05555555555555555
2023-12-28,PCG,0.05555555555555555
2023-12-28,NTES,0.05555555555555555
2023-12-28,HMC,0.05555555555555555
2023-12-28,OHI,0.05555555555555555
2023-12-28,COF,-0.05555555555555555
2023-12-28,CAT,-0.05555555555555555
2023-12-29,A,-0.05555555555555555
2023-12-29,HYG,0.05555555555555555
2023-12-29,STI,0.05555555555555555
2023-12-29,DHI,-0.05555555555555555
2023-12-29,EOG,0.05555555555555555
2023-12-29,DLTR,-0.05555555555555555
2023-12-29,MS,-0.05555555555555555
2023-12-29,WMB,0.05555555555555555
2023-12-29,ULTA,-0.05555555555555555
2023-12-29,HUM,0.05555555555555555
2023-12-29,BX,-0.05555555555555555
2023-12-29,PCG,0.05555555555555555
2023-12-29,HMC,0.05555555555555555
2023-12-29,CME,0.05555555555555555
2023-12-29,OHI,0.05555555555555555
2023-12-29,SYK,-0.05555555555555555
2023-12-29,BSX,-0.05555555555555555
2023-12-29,CAT,-0.05555555555555555
2024-01-02,MET,-0.05555555555555555
2024-01-02,PPG,0.05555555555555555
2024-01-02,HYG,0.05555555555555555
2024-01-02,SPWR,0.05555555555555555
2024-01-02,QCOM,0.05555555555555555
2024-01-02,NDAQ,0.05555555555555555
2024-01-02,EWI,0.05555555555555555
2024-01-02,ANF,-0.05555555555555555
2024-01-02,DLTR,-0.05555555555555555
2024-01-02,CCL,0.05555555555555555
2024-01-02,MS,-0.05555555555555555
2024-01-02,ULTA,-0.05555555555555555
2024-01-02,RL,-0.05555555555555555
2024-01-02,NTAP,0.05555555555555555
2024-01-02,WSM,-0.05555555555555555
2024-01-02,OHI,0.05555555555555555
2024-01-02,COF,-0.05555555555555555
2024-01-02,MRK,-0.05555555555555555
2024-01-03,A,0.05555555555555555
2024-01-03,HYG,0.05555555555555555
2024-01-03,QCOM,0.05555555555555555
2024-01-03,BDX,0.05555555555555555
2024-01-03,EBAY,-0.05555555555555555
2024-01-03,EWI,0.05555555555555555
2024-01-03,HTZ,-0.05555555555555555
2024-01-03,CCL,0.05555555555555555
2024-01-03,KGC,0.05555555555555555
2024-01-03,TRP,-0.05555555555555555
2024-01-03,D,-0.05555555555555555
2024-01-03,ULTA,-0.05555555555555555
2024-01-03,LOW,0.05555555555555555
2024-01-03,DUK,-0.05555555555555555
2024-01-03,CME,0.05555555555555555
2024-01-03,ENB,-0.05555555555555555
2024-01-03,VZ,-0.05555555555555555
2024-01-03,MRK,-0.05555555555555555
2024-01-04,AMTD,-0.05555555555555555
2024-01-04,A,0.05555555555555555
2024-01-04,HYG,0.05555555555555555
2024-01-04,SPWR,-0.05555555555555555
2024-01-04,QCOM,0.05555555555555555
2024-01-04,STI,-0.05555555555555555
2024-01-04,TRV,-0.05555555555555555
2024-01-04,EOG,0.05555555555555555
2024-01-04,ANF,-0.05555555555555555
2024-01-04,CCL,-0.05555555555555555
2024-01-04,TSM,0.05555555555555555
2024-01-04,KGC,0.05555555555555555
2024-01-04,ULTA,-0.05555555555555555
2024-01-04,NTAP,-0.05555555555555555
2024-01-04,LOW,0.05555555555555555
2024-01-04,PCG,0.05555555555555555
2024-01-04,OHI,0.05555555555555555
2024-01-04,M,-0.05555555555555555
2024-01-05,AMTD,-0.05555555555555555
2024-01-05,BAX,-0.05555555555555555
2024-01-05,DAL,-0.05555555555555555
2024-01-05,HYG,0.05555555555555555
2024-01-05,SPWR,-0.05555555555555555
2024-01-05,CAG,0.05555555555555555
2024-01-05,QCOM,0.05555555555555555
2024-01-05,STI,-0.05555555555555555
2024-01-05,NDAQ,0.05555555555555555
2024-01-05,EOG,0.05555555555555555
2024-01-05,KEY,-0.05555555555555555
2024-01-05,KGC,0.05555555555555555
2024-01-05,ULTA,-0.05555555555555555
2024-01-05,HUM,0.05555555555555555
2024-01-05,CME,0.05555555555555555
2024-01-05,OHI,0.05555555555555555
2024-01-05,M,-0.05555555555555555
2024-01-05,COF,-0.05555555555555555
2024-01-08,BAX,-0.05555555555555555
2024-01-08,VWO,0.05555555555555555
2024-01-08,CF,0.05555555555555555
2024-01-08,DAL,-0.05555555555555555
2024-01-08,STI,-0.05555555555555555
2024-01-08,EOG,0.05555555555555555
2024-01-08,ANF,-0.05555555555555555
2024-01-08,KGC,0.05555555555555555
2024-01-08,ULTA,-0.05555555555555555
2024-01-08,PVH,-0.05555555555555555
2024-01-08,HUM,0.05555555555555555
2024-01-08,WSM,-0.05555555555555555
2024-01-08,PCG,0.05555555555555555
2024-01-08,CME,0.05555555555555555
2024-01-08,OHI,0.05555555555555555
2024-01-08,XLE,0.05555555555555555
2024-01-08,M,-0.05555555555555555
2024-01-08,ENB,-0.05555555555555555
2024-01-09,VWO,0.05555555555555555
2024-01-09,DAL,-0.05555555555555555
2024-01-09,STI,-0.05555555555555555
2024-01-09,DPZ,-0.05555555555555555
2024-01-09,VTR,0.05555555555555555
2024-01-09,BDX,0.05555555555555555
2024-01-09,EOG,0.05555555555555555
2024-01-09,ILMN,-0.05555555555555555
2024-01-09,KGC,0.05555555555555555
2024-01-09,TRP,0.05555555555555555
2024-01-09,ULTA,-0.05555555555555555
2024-01-09,PVH,-0.05555555555555555
2024-01-09,NTAP,-0.05555555555555555
2024-01-09,WSM,-0.05555555555555555
2024-01-09,TRIP,0.05555555555555555
2024-01-09,CME,0.05555555555555555
2024-01-09,M,-0.05555555555555555
2024-01-09,MT,0.05555555555555555
2024-01-10,VWO,0.05555555555555555
2024-01-10,BUD,-0.05555555555555555
2024-01-10,STI,-0.05555555555555555
2024-01-10,HAS,-0.05555555555555555
2024-01-10,DPZ,-0.05555555555555555
2024-01-10,DHI,-0.05555555555555555
2024-01-10,BDX,0.05555555555555555
2024-01-10,EOG,0.05555555555555555
2024-01-10,ANF,-0.05555555555555555
2024-01-10,WMB,0.05555555555555555
2024-01-10,ULTA,-0.05555555555555555
2024-01-10,PVH,-0.05555555555555555
2024-01-10,HUM,0.05555555555555555
2024-01-10,NTAP,-0.05555555555555555
2024-01-10,NWSA,0.05555555555555555
2024-01-10,TRIP,0.05555555555555555
2024-01-10,CME,0.05555555555555555
2024-01-10,COF,0.05555555555555555
2024-01-11,TRV,-0.05555555555555555
2024-01-11,DPZ,-0.05555555555555555
2024-01-11,DHI,-0.05555555555555555
2024-01-11,ANF,-0.05555555555555555
2024-01-11,ILMN,-0.05555555555555555
2024-01-11,WMB,0.05555555555555555
2024-01-11,TRP,0.05555555555555555
2024-01-11,D,0.05555555555555555
2024-01-11,ULTA,-0.05555555555555555
2024-01-11,PVH,-0.05555555555555555
2024-01-11,WSM,-0.05555555555555555
2024-01-11,TRIP,0.05555555555555555
2024-01-11,MRVL,-0.05555555555555555
2024-01-11,PCG,0.05555555555555555
2024-01-11,DUK,0.05555555555555555
2024-01-11,ENB,0.05555555555555555
2024-01-11,MT,0.05555555555555555
2024-01-11,VZ,0.05555555555555555
2024-01-12,CF,0.05555555555555555
2024-01-12,SPWR,-0.05555555555555555
2024-01-12,DPZ,-0.05555555555555555
2024-01-12,VTR,-0.05555555555555555
2024-01-12,WFC,0.05555555555555555
2024-01-12,EWI,-0.05555555555555555
2024-01-12,ANF,-0.05555555555555555
2024-01-12,CCL,0.05555555555555555
2024-01-12,KEY,0.05555555555555555
2024-01-12,ULTA,-0.05555555555555555
2024-01-12,RL,0.05555555555555555
2024-01-12,HUM,0.05555555555555555
2024-01-12,WSM,-0.05555555555555555
2024-01-12,MRVL,-0.05555555555555555
2024-01-12,PCG,0.05555555555555555
2024-01-12,OHI,0.05555555555555555
2024-01-12,SYK,-0.05555555555555555
2024-01-12,M,0.05555555555555555
2024-01-16,BAX,0.05555555555555555
2024-01-16,HYG,0.05555555555555555
2024-01-16,BUD,0.05555555555555555
2024-01-16,SPWR,-0.05555555555555555
2024-01-16,QCOM,-0.05555555555555555
2024-01-16,STI,-0.05555555555555555
2024-01-16,DPZ,-0.05555555555555555
2024-01-16,EWC,0.05555555555555555
2024-01-16,WFC,0.05555555555555555
2024-01-16,EWI,-0.05555555555555555
2024-01-16,ANF,-0.05555555555555555
2024-01-16,MS,0.05555555555555555
2024-01-16,KEY,0.05555555555555555
2024-01-16,ULTA,-0.05555555555555555
2024-01-16,WSM,-0.05555555555555555
2024-01-16,NWSA,0.05555555555555555
2024-01-16,MRVL,-0.05555555555555555
2024-01-16,M,0.05555555555555555
2024-01-17,HYG,0.05555555555555555
2024-01-17,BUD,0.05555555555555555
2024-01-17,SPWR,-0.05555555555555555
2024-01-17,TRV,-0.05555555555555555
2024-01-17,DPZ,-0.05555555555555555
2024-01-17,EWC,0.05555555555555555
2024-01-17,ANF,-0.05555555555555555
2024-01-17,HTZ,-0.05555555555555555
2024-01-17,KGC,0.05555555555555555
2024-01-17,TRP,0.05555555555555555
2024-01-17,ULTA,-0.05555555555555555
2024-01-17,WSM,-0.05555555555555555
2024-01-17,NWSA,0.05555555555555555
2024-01-17,MRVL,-0.05555555555555555
2024-01-17,BSX,-0.05555555555555555
2024-01-17,M,0.05555555555555555
2024-01-17,ENB,0.05555555555555555
2024-01-17,CAT,0.05555555555555555
2024-01-18,BUD,0.05555555555555555
2024-01-18,NSC,-0.05555555555555555
2024-01-18,CAG,0.05555555555555555
2024-01-18,QCOM,-0.05555555555555555
2024-01-18,DPZ,-0.05555555555555555
2024-01-18,EBAY,0.05555555555555555
2024-01-18,TSM,-0.05555555555555555
2024-01-18,KEY,0.05555555555555555
2024-01-18,ILMN,-0.05555555555555555
2024-01-18,KGC,0.05555555555555555
2024-01-18,WMB,0.05555555555555555
2024-01-18,TRP,0.05555555555555555
2024-01-18,ULTA,-0.05555555555555555
2024-01-18,PVH,-0.05555555555555555
2024-01-18,WSM,-0.05555555555555555
2024-01-18,MRVL,-0.05555555555555555
2024-01-18,DUK,0.05555555555555555
2024-01-18,ENB,0.05555555555555555
2024-01-19,CNC,0.05555555555555555
2024-01-19,PPG,0.05555555555555555
2024-01-19,CAG,0.05555555555555555
2024-01-19,TRV,-0.05555555555555555
2024-01-19,WFC,-0.05555555555555555
2024-01-19,ANF,-0.05555555555555555
2024-01-19,DLTR,0.05555555555555555
2024-01-19,ILMN,-0.05555555555555555
2024-01-19,KGC,0.05555555555555555
2024-01-19,WMB,0.05555555555555555
2024-01-19,ULTA,-0.05555555555555555
2024-01-19,PVH,-0.05555555555555555
2024-01-19,HUM,-0.05555555555555555
2024-01-19,MRVL,-0.05555555555555555
2024-01-19,DUK,0.05555555555555555
2024-01-19,RF,-0.05555555555555555
2024-01-19,M,0.05555555555555555
2024-01-19,MT,0.05555555555555555
2024-01-22,MNST,0.05555555555555555
2024-01-22,VWO,0.05555555555555555
2024-01-22,XLP,0.05555555555555555
2024-01-22,BUD,0.05555555555555555
2024-01-22,SPWR,0.05555555555555555
2024-01-22,NSC,-0.05555555555555555
2024-01-22,CAG,0.05555555555555555
2024-01-22,KMB,0.05555555555555555
2024-01-22,TRV,-0.05555555555555555
2024-01-22,DHI,-0.05555555555555555
2024-01-22,ANF,-0.05555555555555555
2024-01-22,CCL,0.05555555555555555
2024-01-22,ILMN,-0.05555555555555555
2024-01-22,ULTA,-0.05555555555555555
2024-01-22,PVH,-0.05555555555555555
2024-01-22,HUM,-0.05555555555555555
2024-01-22,PCG,0.05555555555555555
2024-01-22,CAT,-0.05555555555555555
2024-01-23,MNST,0.05555555555555555
2024-01-23,AA,-0.05555555555555555
2024-01-23,HYG,0.05555555555555555
2024-01-23,BUD,0.05555555555555555
2024-01-23,JNJ,0.05555555555555555
2024-01-23,DHI,0.05555555555555555
2024-01-23,EWI,0.05555555555555555
2024-01-23,ANF,-0.05555555555555555
2024-01-23,CCL,0.05555555555555555
2024-01-23,ILMN,-0.05555555555555555
2024-01-23,D,0.05555555555555555
2024-01-23,ULTA,-0.05555555555555555
2024-01-23,PVH,-0.05555555555555555
2024-01-23,HUM,-0.05555555555555555
2024-01-23,MRVL,-0.05555555555555555
2024-01-23,PCG,0.05555555555555555
2024-01-23,CSIQ,-0.05555555555555555
2024-01-23,CAT,-0.05555555555555555
2024-01-24,MNST,0.05555555555555555
2024-01-24,BUD,0.05555555555555555
2024-01-24,QCOM,-0.05555555555555555
2024-01-24,JNJ,0.05555555555555555
2024-01-24,DHI,0.05555555555555555
2024-01-24,QQQ,-0.05555555555555555
2024-01-24,ANF,-0.05555555555555555
2024-01-24,CCL,0.05555555555555555
2024-01-24,MAR,-0.05555555555555555
2024-01-24,ILMN,-0.05555555555555555
2024-01-24,TRP,0.05555555555555555
2024-01-24,D,0.05555555555555555
2024-01-24,ULTA,-0.05555555555555555
2024-01-24,MRVL,-0.05555555555555555
2024-01-24,BSX,0.05555555555555555
2024-01-24,M,0.05555555555555555
2024-01-24,COF,-0.05555555555555555
2024-01-24,CAT,-0.05555555555555555
2024-01-25,MNST,0.05555555555555555
2024-01-25,CNC,0.05555555555555555
2024-01-25,BUD,0.05555555555555555
2024-01-25,JNJ,0.05555555555555555
2024-01-25,STI,0.05555555555555555
2024-01-25,KMB,0.05555555555555555
2024-01-25,DPZ,-0.05555555555555555
2024-01-25,QQQ,-0.05555555555555555
2024-01-25,ANF,-0.05555555555555555
2024-01-25,CCL,0.05555555555555555
2024-01-25,MAR,-0.05555555555555555
2024-01-25,ILMN,-0.05555555555555555
2024-01-25,TRP,0.05555555555555555
2024-01-25,ULTA,-0.05555555555555555
2024-01-25,PVH,-0.05555555555555555
2024-01-25,RL,-0.05555555555555555
2024-01-25,OHI,0.05555555555555555
2024-01-25,CAT,-0.05555555555555555
2024-01-26,CNC,0.05555555555555555
2024-01-26,BUD,0.05555555555555555
2024-01-26,SPWR,-0.05555555555555555
2024-01-26,STI,0.05555555555555555
2024-01-26,KMB,0.05555555555555555
2024-01-26,DPZ,-0.05555555555555555
2024-01-26,QQQ,-0.05555555555555555
2024-01-26,ANF,-0.05555555555555555
2024-01-26,CCL,0.05555555555555555
2024-01-26,ILMN,-0.05555555555555555
2024-01-26,KGC,0.05555555555555555
2024-01-26,ULTA,-0.05555555555555555
2024-01-26,PVH,-0.05555555555555555
2024-01-26,NTAP,0.05555555555555555
2024-01-26,OHI,0.05555555555555555
2024-01-26,M,0.05555555555555555
2024-01-26,COF,-0.05555555555555555
2024-01-26,CAT,-0.05555555555555555
2024-01-29,SPWR,-0.05555555555555555
2024-01-29,NSC,-0.05555555555555555
2024-01-29,JNJ,0.05555555555555555
2024-01-29,STI,0.05555555555555555
2024-01-29,KMB,0.05555555555555555
2024-01-29,DPZ,-0.05555555555555555
2024-01-29,QQQ,-0.05555555555555555
2024-01-29,ANF,-0.05555555555555555
2024-01-29,CCL,0.05555555555555555
2024-01-29,ILMN,-0.05555555555555555
2024-01-29,D,0.05555555555555555
2024-01-29,ULTA,-0.05555555555555555
2024-01-29,PVH,-0.05555555555555555
2024-01-29,WSM,0.05555555555555555
2024-01-29,CME,0.05555555555555555
2024-01-29,OHI,0.05555555555555555
2024-01-29,M,0.05555555555555555
2024-01-29,CAT,-0.05555555555555555
2024-01-30,HOG,0.05555555555555555
2024-01-30,JNJ,0.05555555555555555
2024-01-30,TRV,-0.05555555555555555
2024-01-30,DPZ,-0.05555555555555555
2024-01-30,VTR,0.05555555555555555
2024-01-30,BDX,0.05555555555555555
2024-01-30,SIRI,0.05555555555555555
2024-01-30,ANF,-0.05555555555555555
2024-01-30,ILMN,-0.05555555555555555
2024-01-30,ULTA,-0.05555555555555555
2024-01-30,PVH,-0.05555555555555555
2024-01-30,HUM,-0.05555555555555555
2024-01-30,WSM,0.05555555555555555
2024-01-30,PRGO,0.05555555555555555
2024-01-30,OHI,0.05555555555555555
2024-01-30,M,0.05555555555555555
2024-01-30,COF,-0.05555555555555555
2024-01-30,CAT,-0.05555555555555555
2024-01-31,MET,0.05555555555555555
2024-01-31,HOG,0.05555555555555555
2024-01-31,VTR,0.05555555555555555
2024-01-31,BBT,0.05555555555555555
2024-01-31,SIRI,0.05555555555555555
2024-01-31,ALK,-0.05555555555555555
2024-01-31,ULTA,-0.05555555555555555
2024-01-31,EW,-0.05555555555555555
2024-01-31,WSM,0.05555555555555555
2024-01-31,LOW,-0.05555555555555555
2024-01-31,MRVL,-0.05555555555555555
2024-01-31,CP,-0.05555555555555555
2024-01-31,PRGO,0.05555555555555555
2024-01-31,SYK,-0.05555555555555555
2024-01-31,BSX,-0.05555555555555555
2024-01-31,M,0.05555555555555555
2024-01-31,ENB,0.05555555555555555
2024-01-31,CAT,-0.05555555555555555
2024-02-01,NSC,-0.05555555555555555
2024-02-01,QCOM,0.05555555555555555
2024-02-01,STI,0.05555555555555555
2024-02-01,NDAQ,0.05555555555555555
2024-02-01,BBT,0.05555555555555555
2024-02-01,WFC,0.05555555555555555
2024-02-01,ANF,-0.05555555555555555
2024-02-01,HTZ,0.05555555555555555
2024-02-01,DLTR,-0.05555555555555555
2024-02-01,KEY,0.05555555555555555
2024-02-01,ULTA,-0.05555555555555555
2024-02-01,PVH,-0.05555555555555555
2024-02-01,RF,0.05555555555555555
2024-02-01,SYK,-0.05555555555555555
2024-02-01,BSX,-0.05555555555555555
2024-02-01,M,0.05555555555555555
2024-02-01,CAT,-0.05555555555555555
2024-02-01,MRK,-0.05555555555555555
2024-02-02,MET,0.05555555555555555
2024-02-02,NVDA,-0.05555555555555555
2024-02-02,NSC,-0.05555555555555555
2024-02-02,JNJ,0.05555555555555555
2024-02-02,STI,0.05555555555555555
2024-02-02,NDAQ,0.05555555555555555
2024-02-02,TRV,-0.05555555555555555
2024-02-02,BBT,0.05555555555555555
2024-02-02,BDX,0.05555555555555555
2024-02-02,ANF,-0.05555555555555555
2024-02-02,CCL,0.05555555555555555
2024-02-02,ULTA,-0.05555555555555555
2024-02-02,EW,-0.05555555555555555
2024-02-02,CLX,-0.05555555555555555
2024-02-02,BSX,-0.05555555555555555
2024-02-02,M,0.05555555555555555
2024-02-02,ENB,0.05555555555555555
2024-02-02,CAT,-0.05555555555555555
2024-02-05,HP,-0.05555555555555555
2024-02-05,NVDA,-0.05555555555555555
2024-02-05,SPWR,0.05555555555555555
2024-02-05,NSC,-0.05555555555555555
2024-02-05,JNJ,0.05555555555555555
2024-02-05,VTR,0.05555555555555555
2024-02-05,EWC,0.05555555555555555
2024-02-05,BBT,0.05555555555555555
2024-02-05,ANF,-0.05555555555555555
2024-02-05,CCL,0.05555555555555555
2024-02-05,TSM,-0.05555555555555555
2024-02-05,ULTA,-0.05555555555555555
2024-02-05,NWSA,0.05555555555555555
2024-02-05,SYK,-0.05555555555555555
2024-02-05,BSX,-0.05555555555555555
2024-02-05,M,0.05555555555555555
2024-02-05,MT,0.05555555555555555
2024-02-05,CAT,-0.05555555555555555
2024-02-06,BAX,-0.05555555555555555
2024-02-06,NSC,-0.05555555555555555
2024-02-06,RRC,0.05555555555555555
2024-02-06,VTR,0.05555555555555555
2024-02-06,BBT,0.05555555555555555
2024-02-06,WFC,0.05555555555555555
2024-02-06,CCL,0.05555555555555555
2024-02-06,KEY,0.05555555555555555
2024-02-06,ILMN,-0.05555555555555555
2024-02-06,TRP,0.05555555555555555
2024-02-06,ULTA,-0.05555555555555555
2024-02-06,NTES,-0.05555555555555555
2024-02-06,RF,0.05555555555555555
2024-02-06,SYK,-0.05555555555555555
2024-02-06,BSX,-0.05555555555555555
2024-02-06,M,0.05555555555555555
2024-02-06,CAT,-0.05555555555555555
2024-02-06,MRK,-0.05555555555555555
2024-02-07,NVDA,-0.05555555555555555
2024-02-07,SPWR,-0.05555555555555555
2024-02-07,VTR,0.05555555555555555
2024-02-07,BBT,0.05555555555555555
2024-02-07,CCL,0.05555555555555555
2024-02-07,TSM,-0.05555555555555555
2024-02-07,MAR,-0.05555555555555555
2024-02-07,KEY,0.05555555555555555
2024-02-07,TRP,0.05555555555555555
2024-02-07,ULTA,-0.05555555555555555
2024-02-07,NWSA,0.05555555555555555
2024-02-07,RF,0.05555555555555555
2024-02-07,SYK,-0.05555555555555555
2024-02-07,BSX,-0.05555555555555555
2024-02-07,M,0.05555555555555555
2024-02-07,ENB,0.05555555555555555
2024-02-07,CAT,-0.05555555555555555
2024-02-07,MRK,-0.05555555555555555
2024-02-08,ICE,-0.05555555555555555
2024-02-08,CAG,0.05555555555555555
2024-02-08,JNJ,0.05555555555555555
2024-02-08,SIRI,0.05555555555555555
2024-02-08,ANF,-0.05555555555555555
2024-02-08,CCL,0.05555555555555555
2024-02-08,TSM,-0.05555555555555555
2024-02-08,KEY,0.05555555555555555
2024-02-08,TRP,0.05555555555555555
2024-02-08,ULTA,-0.05555555555555555
2024-02-08,PVH,-0.05555555555555555
2024-02-08,RL,-0.05555555555555555
2024-02-08,NWSA,-0.05555555555555555
2024-02-08,DUK,0.05555555555555555
2024-02-08,RF,0.05555555555555555
2024-02-08,OHI,-0.05555555555555555
2024-02-08,VZ,0.05555555555555555
2024-02-08,CAT,-0.05555555555555555
2024-02-09,NVDA,-0.05555555555555555
2024-02-09,SPWR,0.05555555555555555
2024-02-09,CAG,0.05555555555555555
2024-02-09,STI,0.05555555555555555
2024-02-09,VTR,0.05555555555555555
2024-02-09,SIRI,0.05555555555555555
2024-02-09,ANF,-0.05555555555555555
2024-02-09,CCL,0.05555555555555555
2024-02-09,TSM,-0.05555555555555555
2024-02-09,KEY,0.05555555555555555
2024-02-09,TRP,0.05555555555555555
2024-02-09,ULTA,-0.05555555555555555
2024-02-09,PVH,-0.05555555555555555
2024-02-09,RL,-0.05555555555555555
2024-02-09,NWSA,-0.05555555555555555
2024-02-09,BSX,-0.05555555555555555
2024-02-09,ENB,0.05555555555555555
2024-02-09,CAT,-0.05555555555555555
2024-02-12,BUD,0.05555555555555555
2024-02-12,GREK,0.05555555555555555
2024-02-12,STI,0.05555555555555555
2024-02-12,VTR,0.05555555555555555
2024-02-12,BBT,0.05555555555555555
2024-02-12,SIRI,0.05555555555555555
2024-02-12,ANF,-0.05555555555555555
2024-02-12,CCL,0.05555555555555555
2024-02-12,KGC,0.05555555555555555
2024-02-12,ULTA,-0.05555555555555555
2024-02-12,PVH,-0.05555555555555555
2024-02-12,EW,-0.05555555555555555
2024-02-12,RL,-0.05555555555555555
2024-02-12,MRVL,-0.05555555555555555
2024-02-12,SYK,-0.05555555555555555
2024-02-12,CSIQ,-0.05555555555555555
2024-02-12,M,0.05555555555555555
2024-02-12,CAT,-0.05555555555555555
2024-02-13,HP,-0.05555555555555555
2024-02-13,VTR,0.05555555555555555
2024-02-13,BBT,0.05555555555555555
2024-02-13,MU,0.05555555555555555
2024-02-13,EWI,0.05555555555555555
2024-02-13,SIRI,0.05555555555555555
2024-02-13,ANF,-0.05555555555555555
2024-02-13,ALK,-0.05555555555555555
2024-02-13,MAR,0.05555555555555555
2024-02-13,KEY,0.05555555555555555
2024-02-13,TRP,0.05555555555555555
2024-02-13,ULTA,-0.05555555555555555
2024-02-13,EW,-0.05555555555555555
2024-02-13,RL,-0.05555555555555555
2024-02-13,TRIP,-0.05555555555555555
2024-02-13,SYK,-0.05555555555555555
2024-02-13,M,0.05555555555555555
2024-02-13,CAT,-0.05555555555555555
2024-02-14,AMTD,-0.05555555555555555
2024-02-14,NVDA,-0.05555555555555555
2024-02-14,BUD,0.05555555555555555
2024-02-14,STI,0.05555555555555555
2024-02-14,NDAQ,0.05555555555555555
2024-02-14,DPZ,-0.05555555555555555
2024-02-14,BBT,0.05555555555555555
2024-02-14,SIRI,0.05555555555555555
2024-02-14,ANF,-0.05555555555555555
2024-02-14,TSM,-0.05555555555555555
2024-02-14,MAR,0.05555555555555555
2024-02-14,TRP,0.05555555555555555
2024-02-14,RL,-0.05555555555555555
2024-02-14,PCG,0.05555555555555555
2024-02-14,DUK,0.05555555555555555
2024-02-14,SYK,-0.05555555555555555
2024-02-14,BSX,-0.05555555555555555
2024-02-14,CAT,-0.05555555555555555
2024-02-15,AMTD,-0.05555555555555555
2024-02-15,BUD,0.05555555555555555
2024-02-15,SPWR,0.05555555555555555
2024-02-15,STI,0.05555555555555555
2024-02-15,NDAQ,0.05555555555555555
2024-02-15,VTR,0.05555555555555555
2024-02-15,ANF,-0.05555555555555555
2024-02-15,ORCL,0.05555555555555555
2024-02-15,CCL,0.05555555555555555
2024-02-15,TSM,-0.05555555555555555
2024-02-15,RL,-0.05555555555555555
2024-02-15,NTAP,0.05555555555555555
2024-02-15,TRIP,-0.05555555555555555
2024-02-15,PRGO,-0.05555555555555555
2024-02-15,OHI,0.05555555555555555
2024-02-15,SYK,-0.05555555555555555
2024-02-15,BSX,-0.05555555555555555
2024-02-15,CAT,-0.05555555555555555
2024-02-16,BUD,0.05555555555555555
2024-02-16,SPWR,-0.05555555555555555
2024-02-16,STI,0.05555555555555555
2024-02-16,NDAQ,0.05555555555555555
2024-02-16,VTR,0.05555555555555555
2024-02-16,MU,0.05555555555555555
2024-02-16,ANF,-0.05555555555555555
2024-02-16,ORCL,0.05555555555555555
2024-02-16,CCL,0.05555555555555555
2024-02-16,ULTA,-0.05555555555555555
2024-02-16,EW,-0.05555555555555555
2024-02-16,RL,-0.05555555555555555
2024-02-16,NTAP,0.05555555555555555
2024-02-16,WSM,-0.05555555555555555
2024-02-16,PCG,0.05555555555555555
2024-02-16,SYK,-0.05555555555555555
2024-02-16,CAT,-0.05555555555555555
2024-02-16,MRK,-0.05555555555555555
2024-02-20,WEN,0.05555555555555555
2024-02-20,SPWR,-0.05555555555555555
2024-02-20,STI,0.05555555555555555
2024-02-20,TRV,-0.05555555555555555
2024-02-20,DPZ,-0.05555555555555555
2024-02-20,VTR,0.05555555555555555
2024-02-20,SIRI,0.05555555555555555
2024-02-20,ORCL,0.05555555555555555
2024-02-20,CCL,0.05555555555555555
2024-02-20,ULTA,-0.05555555555555555
2024-02-20,EW,-0.05555555555555555
2024-02-20,RL,-0.05555555555555555
2024-02-20,NTAP,0.05555555555555555
2024-02-20,SYK,-0.05555555555555555
2024-02-20,CSIQ,-0.05555555555555555
2024-02-20,BSX,-0.05555555555555555
2024-02-20,M,0.05555555555555555
2024-02-20,MT,0.05555555555555555
2024-02-21,NVDA,0.05555555555555555
2024-02-21,WEN,0.05555555555555555
2024-02-21,RRC,-0.05555555555555555
2024-02-21,STI,0.05555555555555555
2024-02-21,ANF,-0.05555555555555555
2024-02-21,ORCL,0.05555555555555555
2024-02-21,CCL,0.05555555555555555
2024-02-21,ALK,-0.05555555555555555
2024-02-21,ILMN,0.05555555555555555
2024-02-21,KGC,-0.05555555555555555
2024-02-21,ULTA,-0.05555555555555555
2024-02-21,RL,-0.05555555555555555
2024-02-21,NTAP,0.05555555555555555
2024-02-21,MRVL,-0.05555555555555555
2024-02-21,SYK,-0.05555555555555555
2024-02-21,M,0.05555555555555555
2024-02-21,MT,0.05555555555555555
2024-02-21,VZ,-0.05555555555555555
2024-02-22,AMTD,-0.05555555555555555
2024-02-22,A,0.05555555555555555
2024-02-22,HOG,0.05555555555555555
2024-02-22,NVDA,-0.05555555555555555
2024-02-22,WEN,0.05555555555555555
2024-02-22,BUD,0.05555555555555555
2024-02-22,HAS,0.05555555555555555
2024-02-22,TRV,-0.05555555555555555
2024-02-22,BBT,0.05555555555555555
2024-02-22,QQQ,-0.05555555555555555
2024-02-22,TSM,-0.05555555555555555
2024-02-22,D,0.05555555555555555
2024-02-22,ULTA,-0.05555555555555555
2024-02-22,RL,-0.05555555555555555
2024-02-22,MRVL,-0.05555555555555555
2024-02-22,RF,0.05555555555555555
2024-02-22,SYK,-0.05555555555555555
2024-02-22,MT,0.05555555555555555
2024-02-23,A,0.05555555555555555
2024-02-23,HP,0.05555555555555555
2024-02-23,HOG,0.05555555555555555
2024-02-23,NVDA,-0.05555555555555555
2024-02-23,GREK,0.05555555555555555
2024-02-23,QCOM,-0.05555555555555555
2024-02-23,VTR,0.05555555555555555
2024-02-23,BBT,0.05555555555555555
2024-02-23,EOG,0.05555555555555555
2024-02-23,SIRI,0.05555555555555555
2024-02-23,ANF,-0.05555555555555555
2024-02-23,TSM,-0.05555555555555555
2024-02-23,ULTA,-0.05555555555555555
2024-02-23,PVH,-0.05555555555555555
2024-02-23,RL,-0.05555555555555555
2024-02-23,WSM,-0.05555555555555555
2024-02-23,SYK,-0.05555555555555555
2024-02-23,ENB,0.05555555555555555
2024-02-26,PPG,0.05555555555555555
2024-02-26,AMTD,-0.05555555555555555
2024-02-26,WEN,0.05555555555555555
2024-02-26,QCOM,-0.05555555555555555
2024-02-26,STI,-0.05555555555555555
2024-02-26,DPZ,-0.05555555555555555
2024-02-26,VTR,0.05555555555555555
2024-02-26,BBT,0.05555555555555555
2024-02-26,BDX,0.05555555555555555
2024-02-26,ANF,-0.05555555555555555
2024-02-26,TSM,-0.05555555555555555
2024-02-26,ALK,-0.05555555555555555
2024-02-26,KEY,0.05555555555555555
2024-02-26,ULTA,-0.05555555555555555
2024-02-26,RL,-0.05555555555555555
2024-02-26,DUK,0.05555555555555555
2024-02-26,ENB,0.05555555555555555
2024-02-26,VZ,0.05555555555555555
2024-02-27,PPG,0.05555555555555555
2024-02-27,HOG,0.05555555555555555
2024-02-27,NVDA,-0.05555555555555555
2024-02-27,WEN,0.05555555555555555
2024-02-27,DPZ,-0.05555555555555555
2024-02-27,VTR,0.05555555555555555
2024-02-27,BBT,0.05555555555555555
2024-02-27,BDX,0.05555555555555555
2024-02-27,ANF,-0.05555555555555555
2024-02-27,CCL,-0.05555555555555555
2024-02-27,ULTA,-0.05555555555555555
2024-02-27,PVH,-0.05555555555555555
2024-02-27,HUM,-0.05555555555555555
2024-02-27,DUK,0.05555555555555555
2024-02-27,NTES,-0.05555555555555555
2024-02-27,PRGO,-0.05555555555555555
2024-02-27,ENB,0.05555555555555555
2024-02-27,VZ,0.05555555555555555
2024-02-28,CNC,0.05555555555555555
2024-02-28,PPG,0.05555555555555555
2024-02-28,AA,-0.05555555555555555
2024-02-28,GREK,0.05555555555555555
2024-02-28,DPZ,-0.05555555555555555
2024-02-28,VTR,0.05555555555555555
2024-02-28,BBT,0.05555555555555555
2024-02-28,BDX,0.05555555555555555
2024-02-28,EBAY,-0.05555555555555555
2024-02-28,ANF,-0.05555555555555555
2024-02-28,ULTA,-0.05555555555555555
2024-02-28,RL,-0.05555555555555555
2024-02-28,HUM,-0.05555555555555555
2024-02-28,CP,0.05555555555555555
2024-02-28,CSIQ,-0.05555555555555555
2024-02-28,M,0.05555555555555555
2024-02-28,ENB,0.05555555555555555
2024-02-28,CAT,-0.05555555555555555
2024-02-29,MNST,-0.05555555555555555
2024-02-29,CNC,0.05555555555555555
2024-02-29,HOG,0.05555555555555555
2024-02-29,NVDA,-0.05555555555555555
2024-02-29,WEN,0.05555555555555555
2024-02-29,BUD,0.05555555555555555
2024-02-29,SPWR,-0.05555555555555555
2024-02-29,DPZ,-0.05555555555555555
2024-02-29,VTR,0.05555555555555555
2024-02-29,BBT,0.05555555555555555
2024-02-29,BDX,0.05555555555555555
2024-02-29,ANF,-0.05555555555555555
2024-02-29,D,-0.05555555555555555
2024-02-29,NWSA,-0.05555555555555555
2024-02-29,MRVL,-0.05555555555555555
2024-02-29,M,0.05555555555555555
2024-02-29,ENB,0.05555555555555555
2024-02-29,CAT,-0.05555555555555555
2024-03-01,CNC,0.05555555555555555
2024-03-01,PPG,0.05555555555555555
2024-03-01,WEN,0.05555555555555555
2024-03-01,BUD,0.05555555555555555
2024-03-01,STI,-0.05555555555555555
2024-03-01,DPZ,-0.05555555555555555
2024-03-01,BBT,0.05555555555555555
2024-03-01,BDX,0.05555555555555555
2024-03-01,ANF,-0.05555555555555555
2024-03-01,TSM,-0.05555555555555555
2024-03-01,KO,0.05555555555555555
2024-03-01,ULTA,-0.05555555555555555
2024-03-01,NTAP,-0.05555555555555555
2024-03-01,PRGO,0.05555555555555555
2024-03-01,SYK,-0.05555555555555555
2024-03-01,BSX,-0.05555555555555555
2024-03-01,M,0.05555555555555555
2024-03-01,CAT,-0.05555555555555555
2024-03-04,PPG,0.05555555555555555
2024-03-04,CF,0.05555555555555555
2024-03-04,NVDA,-0.05555555555555555
2024-03-04,BUD,0.05555555555555555
2024-03-04,SPWR,-0.05555555555555555
2024-03-04,JNJ,0.05555555555555555
2024-03-04,DPZ,-0.05555555555555555
2024-03-04,BBT,0.05555555555555555
2024-03-04,BDX,0.05555555555555555
2024-03-04,ANF,-0.05555555555555555
2024-03-04,TSM,-0.05555555555555555
2024-03-04,ULTA,-0.05555555555555555
2024-03-04,EW,-0.05555555555555555
2024-03-04,NWSA,0.05555555555555555
2024-03-04,PRGO,0.05555555555555555
2024-03-04,SYK,-0.05555555555555555
2024-03-04,CAT,-0.05555555555555555
2024-03-04,MRK,0.05555555555555555
2024-03-05,CNC,0.05555555555555555
2024-03-05,HOG,-0.05555555555555555
2024-03-05,BUD,0.05555555555555555
2024-03-05,SPWR,0.05555555555555555
2024-03-05,JNJ,0.05555555555555555
2024-03-05,DPZ,-0.05555555555555555
2024-03-05,VTR,0.05555555555555555
2024-03-05,BBT,0.05555555555555555
2024-03-05,BDX,0.05555555555555555
2024-03-05,EBAY,-0.05555555555555555
2024-03-05,EWI,-0.05555555555555555
2024-03-05,ANF,-0.05555555555555555
2024-03-05,ULTA,-0.05555555555555555
2024-03-05,RL,-0.05555555555555555
2024-03-05,BX,0.05555555555555555
2024-03-05,CSIQ,-0.05555555555555555
2024-03-05,CAT,-0.05555555555555555
2024-03-05,MRK,0.05555555555555555
2024-03-06,CNC,0.05555555555555555
2024-03-06,AMTD,-0.05555555555555555
2024-03-06,NVDA,-0.05555555555555555
2024-03-06,BUD,0.05555555555555555
2024-03-06,SPWR,0.05555555555555555
2024-03-06,JNJ,0.05555555555555555
2024-03-06,STI,-0.05555555555555555
2024-03-06,DPZ,-0.05555555555555555
2024-03-06,BDX,0.05555555555555555
2024-03-06,TSM,-0.05555555555555555
2024-03-06,XRT,0.05555555555555555
2024-03-06,EW,-0.05555555555555555
2024-03-06,BX,0.05555555555555555
2024-03-06,MRVL,-0.05555555555555555
2024-03-06,CP,-0.05555555555555555
2024-03-06,OHI,0.05555555555555555
2024-03-06,VZ,0.05555555555555555
2024-03-06,CAT,-0.05555555555555555
2024-03-07,NVDA,-0.05555555555555555
2024-03-07,SPWR,-0.05555555555555555
2024-03-07,JNJ,0.05555555555555555
2024-03-07,STI,-0.05555555555555555
2024-03-07,DPZ,-0.05555555555555555
2024-03-07,ANF,0.05555555555555555
2024-03-07,TSM,-0.05555555555555555
2024-03-07,MS,0.05555555555555555
2024-03-07,KO,0.05555555555555555
2024-03-07,D,0.05555555555555555
2024-03-07,EW,-0.05555555555555555
2024-03-07,HUM,-0.05555555555555555
2024-03-07,WSM,-0.05555555555555555
2024-03-07,HMC,0.05555555555555555
2024-03-07,CME,0.05555555555555555
2024-03-07,OHI,0.05555555555555555
2024-03-07,VZ,0.05555555555555555
2024-03-07,CAT,-0.05555555555555555
2024-03-08,PPG,0.05555555555555555
2024-03-08,XLP,0.05555555555555555
2024-03-08,SPWR,0.05555555555555555
2024-03-08,NSC,-0.05555555555555555
2024-03-08,STI,-0.05555555555555555
2024-03-08,DPZ,-0.05555555555555555
2024-03-08,ANF,0.05555555555555555
2024-03-08,DLTR,0.05555555555555555
2024-03-08,TSM,-0.05555555555555555
2024-03-08,MAR,-0.05555555555555555
2024-03-08,KEY,0.05555555555555555
2024-03-08,EW,-0.05555555555555555
2024-03-08,HUM,-0.05555555555555555
2024-03-08,WSM,0.05555555555555555
2024-03-08,CME,0.05555555555555555
2024-03-08,VZ,0.05555555555555555
2024-03-08,CAT,-0.05555555555555555
2024-03-08,BMY,-0.05555555555555555
2024-03-11,AMTD,-0.05555555555555555
2024-03-11,SPWR,-0.05555555555555555
2024-03-11,ICE,0.05555555555555555
2024-03-11,GREK,0.05555555555555555
2024-03-11,QCOM,-0.05555555555555555
2024-03-11,STI,-0.05555555555555555
2024-03-11,DPZ,-0.05555555555555555
2024-03-11,EBAY,-0.05555555555555555
2024-03-11,ANF,0.05555555555555555
2024-03-11,ULTA,-0.05555555555555555
2024-03-11,PVH,0.05555555555555555
2024-03-11,HUM,-0.05555555555555555
2024-03-11,TRIP,-0.05555555555555555
2024-03-11,PCG,0.05555555555555555
2024-03-11,HMC,0.05555555555555555
2024-03-11,PRGO,0.05555555555555555
2024-03-11,BSX,0.05555555555555555
2024-03-11,MRK,0.05555555555555555
2024-03-12,CNC,0.05555555555555555
2024-03-12,NVDA,-0.05555555555555555
2024-03-12,WEN,0.05555555555555555
2024-03-12,GREK,0.05555555555555555
2024-03-12,QCOM,-0.05555555555555555
2024-03-12,VTR,0.05555555555555555
2024-03-12,BDX,0.05555555555555555
2024-03-12,ORCL,-0.05555555555555555
2024-03-12,TSM,-0.05555555555555555
2024-03-12,KEY,0.05555555555555555
2024-03-12,ILMN,0.05555555555555555
2024-03-12,ULTA,-0.05555555555555555
2024-03-12,HUM,-0.05555555555555555
2024-03-12,WSM,-0.05555555555555555
2024-03-12,PCG,0.05555555555555555
2024-03-12,RF,0.05555555555555555
2024-03-12,SYK,-0.05555555555555555
2024-03-12,CAT,-0.05555555555555555
2024-03-13,BAX,0.05555555555555555
2024-03-13,SPWR,-0.05555555555555555
2024-03-13,GREK,0.05555555555555555
2024-03-13,JNJ,0.05555555555555555
2024-03-13,STI,0.05555555555555555
2024-03-13,VTR,0.05555555555555555
2024-03-13,EBAY,-0.05555555555555555
2024-03-13,ANF,-0.05555555555555555
2024-03-13,DLTR,0.05555555555555555
2024-03-13,ULTA,-0.05555555555555555
2024-03-13,EW,-0.05555555555555555
2024-03-13,RL,-0.05555555555555555
2024-03-13,WSM,-0.05555555555555555
2024-03-13,LOW,-0.05555555555555555
2024-03-13,BSX,0.05555555555555555
2024-03-13,CAT,-0.05555555555555555
2024-03-13,MRK,0.05555555555555555
2024-03-13,BMY,0.05555555555555555
2024-03-14,PPG,0.05555555555555555
2024-03-14,BAX,0.05555555555555555
2024-03-14,HP,-0.05555555555555555
2024-03-14,HOG,-0.05555555555555555
2024-03-14,JNJ,0.05555555555555555
2024-03-14,STI,0.05555555555555555
2024-03-14,VTR,0.05555555555555555
2024-03-14,DHI,0.05555555555555555
2024-03-14,ANF,-0.05555555555555555
2024-03-14,DLTR,0.05555555555555555
2024-03-14,CCL,-0.05555555555555555
2024-03-14,KEY,0.05555555555555555
2024-03-14,ULTA,-0.05555555555555555
2024-03-14,EW,-0.05555555555555555
2024-03-14,RL,-0.05555555555555555
2024-03-14,WSM,-0.05555555555555555
2024-03-14,CAT,-0.05555555555555555
2024-03-14,MRK,0.05555555555555555
2024-03-15,PPG,0.05555555555555555
2024-03-15,BAX,0.05555555555555555
2024-03-15,HOG,-0.05555555555555555
2024-03-15,STI,0.05555555555555555
2024-03-15,VTR,0.05555555555555555
2024-03-15,EBAY,-0.05555555555555555
2024-03-15,ANF,-0.05555555555555555
2024-03-15,DLTR,0.05555555555555555
2024-03-15,MAR,0.05555555555555555
2024-03-15,ULTA,0.05555555555555555
2024-03-15,RL,-0.05555555555555555
2024-03-15,WSM,-0.05555555555555555
2024-03-15,NWSA,0.05555555555555555
2024-03-15,TRIP,-0.05555555555555555
2024-03-15,HMC,-0.05555555555555555
2024-03-15,COF,0.05555555555555555
2024-03-15,ZUMZ,-0.05555555555555555
2024-03-15,CAT,-0.05555555555555555
2024-03-18,BAX,0.05555555555555555
2024-03-18,BUD,0.05555555555555555
2024-03-18,SPWR,-0.05555555555555555
2024-03-18,JNJ,0.05555555555555555
2024-03-18,STI,0.05555555555555555
2024-03-18,VTR,0.05555555555555555
2024-03-18,ANF,-0.05555555555555555
2024-03-18,CCL,-0.05555555555555555
2024-03-18,ULTA,0.05555555555555555
2024-03-18,PVH,0.05555555555555555
2024-03-18,EW,-0.05555555555555555
2024-03-18,RL,-0.05555555555555555
2024-03-18,WSM,-0.05555555555555555
2024-03-18,NWSA,0.05555555555555555
2024-03-18,TRIP,-0.05555555555555555
2024-03-18,SYK,-0.05555555555555555
2024-03-18,CAT,-0.05555555555555555
2024-03-18,BMY,0.05555555555555555
2024-03-19,VWO,0.05555555555555555
2024-03-19,HOG,-0.05555555555555555
2024-03-19,BUD,0.05555555555555555
2024-03-19,GREK,0.05555555555555555
2024-03-19,JNJ,0.05555555555555555
2024-03-19,VTR,0.05555555555555555
2024-03-19,EBAY,-0.05555555555555555
2024-03-19,WFC,0.05555555555555555
2024-03-19,SIRI,0.05555555555555555
2024-03-19,ANF,-0.05555555555555555
2024-03-19,WMB,-0.05555555555555555
2024-03-19,EW,-0.05555555555555555
2024-03-19,RL,-0.05555555555555555
2024-03-19,WSM,-0.05555555555555555
2024-03-19,CP,0.05555555555555555
2024-03-19,SYK,-0.05555555555555555
2024-03-19,XLE,-0.05555555555555555
2024-03-19,VZ,0.05555555555555555
2024-03-20,HOG,-0.05555555555555555
2024-03-20,BUD,0.05555555555555555
2024-03-20,JNJ,0.05555555555555555
2024-03-20,STI,-0.05555555555555555
2024-03-20,KMB,0.05555555555555555
2024-03-20,VTR,0.05555555555555555
2024-03-20,BDX,0.05555555555555555
2024-03-20,EWI,-0.05555555555555555
2024-03-20,SIRI,0.05555555555555555
2024-03-20,ANF,-0.05555555555555555
2024-03-20,PVH,-0.05555555555555555
2024-03-20,RL,-0.05555555555555555
2024-03-20,WSM,-0.05555555555555555
2024-03-20,TRIP,-0.05555555555555555
2024-03-20,CME,0.05555555555555555
2024-03-20,CLX,0.05555555555555555
2024-03-20,ZUMZ,-0.05555555555555555
2024-03-20,VZ,0.05555555555555555
2024-03-21,BUD,0.05555555555555555
2024-03-21,SPWR,0.05555555555555555
2024-03-21,JNJ,0.05555555555555555
2024-03-21,STI,-0.05555555555555555
2024-03-21,VTR,0.05555555555555555
2024-03-21,MU,-0.05555555555555555
2024-03-21,WFC,-0.05555555555555555
2024-03-21,EWI,0.05555555555555555
2024-03-21,SIRI,0.05555555555555555
2024-03-21,EW,-0.05555555555555555
2024-03-21,RL,-0.05555555555555555
2024-03-21,HUM,0.05555555555555555
2024-03-21,WSM,-0.05555555555555555
2024-03-21,TRIP,-0.05555555555555555
2024-03-21,LOW,-0.05555555555555555
2024-03-21,CLX,0.05555555555555555
2024-03-21,M,0.05555555555555555
2024-03-21,CAT,-0.05555555555555555
2024-03-22,HOG,-0.05555555555555555
2024-03-22,BUD,0.05555555555555555
2024-03-22,NSC,0.05555555555555555
2024-03-22,RRC,-0.05555555555555555
2024-03-22,JNJ,0.05555555555555555
2024-03-22,VTR,0.05555555555555555
2024-03-22,MU,-0.05555555555555555
2024-03-22,EWI,0.05555555555555555
2024-03-22,SIRI,0.05555555555555555
2024-03-22,ULTA,-0.05555555555555555
2024-03-22,EW,-0.05555555555555555
2024-03-22,RL,-0.05555555555555555
2024-03-22,WSM,-0.05555555555555555
2024-03-22,NWSA,0.05555555555555555
2024-03-22,TRIP,-0.05555555555555555
2024-03-22,LOW,-0.05555555555555555
2024-03-22,M,0.05555555555555555
2024-03-22,VZ,0.05555555555555555
2024-03-25,PPG,0.05555555555555555
2024-03-25,BUD,0.05555555555555555
2024-03-25,SPWR,-0.05555555555555555
2024-03-25,NSC,0.05555555555555555
2024-03-25,CAG,-0.05555555555555555
2024-03-25,STI,0.05555555555555555
2024-03-25,DPZ,-0.05555555555555555
2024-03-25,VTR,0.05555555555555555
2024-03-25,BDX,0.05555555555555555
2024-03-25,MU,-0.05555555555555555
2024-03-25,WFC,0.05555555555555555
2024-03-25,ANF,0.05555555555555555
2024-03-25,ULTA,-0.05555555555555555
2024-03-25,RL,-0.05555555555555555
2024-03-25,WSM,-0.05555555555555555
2024-03-25,CP,0.05555555555555555
2024-03-25,SYK,-0.05555555555555555
2024-03-25,XLE,-0.05555555555555555
2024-03-26,CF,0.05555555555555555
2024-03-26,WEN,0.05555555555555555
2024-03-26,DAL,-0.05555555555555555
2024-03-26,BUD,0.05555555555555555
2024-03-26,SPWR,0.05555555555555555
2024-03-26,NSC,0.05555555555555555
2024-03-26,CAG,-0.05555555555555555
2024-03-26,STI,0.05555555555555555
2024-03-26,DPZ,-0.05555555555555555
2024-03-26,VTR,0.05555555555555555
2024-03-26,EWC,0.05555555555555555
2024-03-26,MU,-0.05555555555555555
2024-03-26,ULTA,-0.05555555555555555
2024-03-26,PVH,-0.05555555555555555
2024-03-26,RL,-0.05555555555555555
2024-03-26,WSM,-0.05555555555555555
2024-03-26,DUK,0.05555555555555555
2024-03-26,BMY,-0.05555555555555555
2024-03-27,CF,0.05555555555555555
2024-03-27,BUD,0.05555555555555555
2024-03-27,RRC,-0.05555555555555555
2024-03-27,GREK,0.05555555555555555
2024-03-27,STI,0.05555555555555555
2024-03-27,DPZ,-0.05555555555555555
2024-03-27,WFC,-0.05555555555555555
2024-03-27,WMB,-0.05555555555555555
2024-03-27,TRP,0.05555555555555555
2024-03-27,ULTA,-0.05555555555555555
2024-03-27,RL,-0.05555555555555555
2024-03-27,HUM,0.05555555555555555
2024-03-27,WSM,-0.05555555555555555
2024-03-27,TRIP,0.05555555555555555
2024-03-27,PRGO,0.05555555555555555
2024-03-27,OHI,0.05555555555555555
2024-03-27,SYK,-0.05555555555555555
2024-03-27,CAT,-0.05555555555555555
2024-03-28,A,0.05555555555555555
2024-03-28,BUD,0.05555555555555555
2024-03-28,SPWR,0.05555555555555555
2024-03-28,GREK,0.05555555555555555
2024-03-28,STI,0.05555555555555555
2024-03-28,DPZ,-0.05555555555555555
2024-03-28,EBAY,-0.05555555555555555
2024-03-28,WFC,-0.05555555555555555
2024-03-28,EWI,0.05555555555555555
2024-03-28,SIRI,0.05555555555555555
2024-03-28,ANF,-0.05555555555555555
2024-03-28,WMB,-0.05555555555555555
2024-03-28,ULTA,-0.05555555555555555
2024-03-28,RL,-0.05555555555555555
2024-03-28,HUM,0.05555555555555555
2024-03-28,WSM,-0.05555555555555555
2024-03-28,NWSA,0.05555555555555555
2024-03-28,CAT,-0.05555555555555555
2024-04-01,XLP,0.05555555555555555
2024-04-01,HYG,0.05555555555555555
2024-04-01,RRC,-0.05555555555555555
2024-04-01,GREK,0.05555555555555555
2024-04-01,NDAQ,0.05555555555555555
2024-04-01,DPZ,-0.05555555555555555
2024-04-01,MU,-0.05555555555555555
2024-04-01,SIRI,0.05555555555555555
2024-04-01,ANF,-0.05555555555555555
2024-04-01,ULTA,-0.05555555555555555
2024-04-01,RL,-0.05555555555555555
2024-04-01,WSM,-0.05555555555555555
2024-04-01,NWSA,0.05555555555555555
2024-04-01,HMC,0.05555555555555555
2024-04-01,CME,0.05555555555555555
2024-04-01,PRGO,0.05555555555555555
2024-04-01,XLE,-0.05555555555555555
2024-04-01,CAT,-0.05555555555555555
2024-04-02,XLP,0.05555555555555555
2024-04-02,AA,-0.05555555555555555
2024-04-02,GREK,0.05555555555555555
2024-04-02,NDAQ,0.05555555555555555
2024-04-02,DPZ,-0.05555555555555555
2024-04-02,MU,-0.05555555555555555
2024-04-02,EWI,0.05555555555555555
2024-04-02,ANF,-0.05555555555555555
2024-04-02,ILMN,0.05555555555555555
2024-04-02,KGC,-0.05555555555555555
2024-04-02,WMB,-0.05555555555555555
2024-04-02,HUM,0.05555555555555555
2024-04-02,WSM,-0.05555555555555555
2024-04-02,NWSA,0.05555555555555555
2024-04-02,BX,0.05555555555555555
2024-04-02,HMC,0.05555555555555555
2024-04-02,XLE,-0.05555555555555555
2024-04-02,CAT,-0.05555555555555555
2024-04-03,CNC,0.05555555555555555
2024-04-03,XLP,0.05555555555555555
2024-04-03,AA,-0.05555555555555555
2024-04-03,GREK,0.05555555555555555
2024-04-03,JNJ,0.05555555555555555
2024-04-03,DPZ,-0.05555555555555555
2024-04-03,MU,-0.05555555555555555
2024-04-03,EOG,-0.05555555555555555
2024-04-03,ANF,-0.05555555555555555
2024-04-03,GOLD,-0.05555555555555555
2024-04-03,TRP,0.05555555555555555
2024-04-03,ULTA,0.05555555555555555
2024-04-03,PVH,0.05555555555555555
2024-04-03,HUM,0.05555555555555555
2024-04-03,NTAP,-0.05555555555555555
2024-04-03,LOW,0.05555555555555555
2024-04-03,XLE,-0.05555555555555555
2024-04-03,CAT,-0.05555555555555555
2024-04-04,CNC,0.05555555555555555
2024-04-04,PPG,0.05555555555555555
2024-04-04,CF,-0.05555555555555555
2024-04-04,XLP,0.05555555555555555
2024-04-04,RRC,-0.05555555555555555
2024-04-04,CAG,-0.05555555555555555
2024-04-04,GREK,0.05555555555555555
2024-04-04,JNJ,0.05555555555555555
2024-04-04,MU,-0.05555555555555555
2024-04-04,EOG,-0.05555555555555555
2024-04-04,EWI,0.05555555555555555
2024-04-04,HTZ,-0.05555555555555555
2024-04-04,XRT,0.05555555555555555
2024-04-04,HUM,-0.05555555555555555
2024-04-04,WSM,-0.05555555555555555
2024-04-04,TRIP,0.05555555555555555
2024-04-04,CSIQ,0.05555555555555555
2024-04-04,XLE,-0.05555555555555555
2024-04-05,PPG,0.05555555555555555
2024-04-05,SPWR,0.05555555555555555
2024-04-05,GREK,0.05555555555555555
2024-04-05,JNJ,0.05555555555555555
2024-04-05,DPZ,-0.05555555555555555
2024-04-05,MU,-0.05555555555555555
2024-04-05,WFC,-0.05555555555555555
2024-04-05,EOG,-0.05555555555555555
2024-04-05,EWI,0.05555555555555555
2024-04-05,SIRI,0.05555555555555555
2024-04-05,GOLD,-0.05555555555555555
2024-04-05,TRP,0.05555555555555555
2024-04-05,HUM,-0.05555555555555555
2024-04-05,WSM,-0.05555555555555555
2024-04-05,TRIP,0.05555555555555555
2024-04-05,CLX,0.05555555555555555
2024-04-05,XLE,-0.05555555555555555
2024-04-05,CAT,-0.05555555555555555
2024-04-08,BAX,0.05555555555555555
2024-04-08,RRC,-0.05555555555555555
2024-04-08,QCOM,-0.05555555555555555
2024-04-08,JNJ,0.05555555555555555
2024-04-08,DPZ,-0.05555555555555555
2024-04-08,BDX,0.05555555555555555
2024-04-08,MU,-0.05555555555555555
2024-04-08,WFC,-0.05555555555555555
2024-04-08,SIRI,0.05555555555555555
2024-04-08,TSM,-0.05555555555555555
2024-04-08,GOLD,-0.05555555555555555
2024-04-08,TRP,0.05555555555555555
2024-04-08,ULTA,-0.05555555555555555
2024-04-08,NWSA,0.05555555555555555
2024-04-08,TRIP,0.05555555555555555
2024-04-08,CLX,0.05555555555555555
2024-04-08,M,-0.05555555555555555
2024-04-08,VZ,0.05555555555555555
2024-04-09,MET,0.05555555555555555
2024-04-09,AA,-0.05555555555555555
2024-04-09,NSC,-0.05555555555555555
2024-04-09,ICE,0.05555555555555555
2024-04-09,RRC,-0.05555555555555555
2024-04-09,QCOM,-0.05555555555555555
2024-04-09,STI,0.05555555555555555
2024-04-09,TRV,0.05555555555555555
2024-04-09,DPZ,-0.05555555555555555
2024-04-09,MU,-0.05555555555555555
2024-04-09,EOG,-0.05555555555555555
2024-04-09,TSM,-0.05555555555555555
2024-04-09,TRP,0.05555555555555555
2024-04-09,WSM,-0.05555555555555555
2024-04-09,NWSA,0.05555555555555555
2024-04-09,TRIP,0.05555555555555555
2024-04-09,CME,0.05555555555555555
2024-04-09,VZ,0.05555555555555555
2024-04-10,HOG,0.05555555555555555
2024-04-10,RRC,-0.05555555555555555
2024-04-10,JNJ,0.05555555555555555
2024-04-10,TRV,0.05555555555555555
2024-04-10,DPZ,-0.05555555555555555
2024-04-10,DHI,0.05555555555555555
2024-04-10,MU,-0.05555555555555555
2024-04-10,EBAY,-0.05555555555555555
2024-04-10,EOG,-0.05555555555555555
2024-04-10,EWI,0.05555555555555555
2024-04-10,SIRI,0.05555555555555555
2024-04-10,HTZ,-0.05555555555555555
2024-04-10,TSM,-0.05555555555555555
2024-04-10,ILMN,-0.05555555555555555
2024-04-10,GOLD,-0.05555555555555555
2024-04-10,TRP,0.05555555555555555
2024-04-10,NWSA,0.05555555555555555
2024-04-10,TRIP,0.05555555555555555
2024-04-11,MET,0.05555555555555555
2024-04-11,HOG,0.05555555555555555
2024-04-11,DAL,-0.05555555555555555
2024-04-11,QCOM,-0.05555555555555555
2024-04-11,JNJ,0.05555555555555555
2024-04-11,STI,-0.05555555555555555
2024-04-11,TRV,0.05555555555555555
2024-04-11,DPZ,-0.05555555555555555
2024-04-11,MU,-0.05555555555555555
2024-04-11,EWI,0.05555555555555555
2024-04-11,SIRI,0.05555555555555555
2024-04-11,TSM,-0.05555555555555555
2024-04-11,KGC,-0.05555555555555555
2024-04-11,GOLD,-0.05555555555555555
2024-04-11,WMB,0.05555555555555555
2024-04-11,TRP,0.05555555555555555
2024-04-11,NTAP,-0.05555555555555555
2024-04-11,NWSA,0.05555555555555555
2024-04-12,MET,0.05555555555555555
2024-04-12,HOG,0.05555555555555555
2024-04-12,STI,-0.05555555555555555
2024-04-12,DPZ,-0.05555555555555555
2024-04-12,MU,-0.05555555555555555
2024-04-12,EWI,0.05555555555555555
2024-04-12,SIRI,0.05555555555555555
2024-04-12,HTZ,-0.05555555555555555
2024-04-12,CCL,-0.05555555555555555
2024-04-12,GOLD,-0.05555555555555555
2024-04-12,WMB,0.05555555555555555
2024-04-12,TRP,0.05555555555555555
2024-04-12,D,-0.05555555555555555
2024-04-12,RL,0.05555555555555555
2024-04-12,HUM,-0.05555555555555555
2024-04-12,NWSA,0.05555555555555555
2024-04-12,SYK,-0.05555555555555555
2024-04-12,XLE,0.05555555555555555
2024-04-15,MET,0.05555555555555555
2024-04-15,AMTD,-0.05555555555555555
2024-04-15,BAX,0.05555555555555555
2024-04-15,AA,-0.05555555555555555
2024-04-15,ICE,0.05555555555555555
2024-04-15,RRC,0.05555555555555555
2024-04-15,STI,-0.05555555555555555
2024-04-15,DPZ,-0.05555555555555555
2024-04-15,EWC,0.05555555555555555
2024-04-15,HTZ,-0.05555555555555555
2024-04-15,GOLD,-0.05555555555555555
2024-04-15,WMB,0.05555555555555555
2024-04-15,HUM,-0.05555555555555555
2024-04-15,NTAP,-0.05555555555555555
2024-04-15,NWSA,0.05555555555555555
2024-04-15,TRIP,0.05555555555555555
2024-04-15,SYK,-0.05555555555555555
2024-04-15,XLE,0.05555555555555555
2024-04-16,BAX,0.05555555555555555
2024-04-16,ICE,0.05555555555555555
2024-04-16,GREK,0.05555555555555555
2024-04-16,JNJ,-0.05555555555555555
2024-04-16,STI,-0.05555555555555555
2024-04-16,DPZ,-0.05555555555555555
2024-04-16,EWC,0.05555555555555555
2024-04-16,MU,-0.05555555555555555
2024-04-16,HTZ,-0.05555555555555555
2024-04-16,GOLD,-0.05555555555555555
2024-04-16,WMB,0.05555555555555555
2024-04-16,TRP,0.05555555555555555
2024-04-16,HUM,-0.05555555555555555
2024-04-16,NTAP,-0.05555555555555555
2024-04-16,TRIP,0.05555555555555555
2024-04-16,HMC,0.05555555555555555
2024-04-16,SYK,-0.05555555555555555
2024-04-16,XLE,0.05555555555555555
2024-04-17,DAL,-0.05555555555555555
2024-04-17,SPWR,-0.05555555555555555
2024-04-17,NSC,0.05555555555555555
2024-04-17,STI,-0.05555555555555555
2024-04-17,TRV,0.05555555555555555
2024-04-17,DPZ,-0.05555555555555555
2024-04-17,EBAY,0.05555555555555555
2024-04-17,HTZ,-0.05555555555555555
2024-04-17,ALK,-0.05555555555555555
2024-04-17,MAR,0.05555555555555555
2024-04-17,KGC,-0.05555555555555555
2024-04-17,GOLD,-0.05555555555555555
2024-04-17,EW,0.05555555555555555
2024-04-17,WSM,-0.05555555555555555
2024-04-17,NWSA,0.05555555555555555
2024-04-17,TRIP,0.05555555555555555
2024-04-17,HMC,0.05555555555555555
2024-04-17,XLE,0.05555555555555555
2024-04-18,STI,-0.05555555555555555
2024-04-18,TRV,0.05555555555555555
2024-04-18,DPZ,-0.05555555555555555
2024-04-18,WFC,-0.05555555555555555
2024-04-18,ORCL,0.05555555555555555
2024-04-18,TSM,0.05555555555555555
2024-04-18,ALK,-0.05555555555555555
2024-04-18,MAR,0.05555555555555555
2024-04-18,KGC,-0.05555555555555555
2024-04-18,KO,-0.05555555555555555
2024-04-18,EW,0.05555555555555555
2024-04-18,WSM,-0.05555555555555555
2024-04-18,TRIP,0.05555555555555555
2024-04-18,HMC,0.05555555555555555
2024-04-18,SYK,0.05555555555555555
2024-04-18,XLE,0.05555555555555555
2024-04-18,ENB,-0.05555555555555555
2024-04-18,BMY,-0.05555555555555555
2024-04-19,MET,-0.05555555555555555
2024-04-19,PPG,0.05555555555555555
2024-04-19,HP,-0.05555555555555555
2024-04-19,NVDA,0.05555555555555555
2024-04-19,SPWR,0.05555555555555555
2024-04-19,QQQ,0.05555555555555555
2024-04-19,TSM,0.05555555555555555
2024-04-19,ALK,-0.05555555555555555
2024-04-19,KGC,-0.05555555555555555
2024-04-19,WMB,-0.05555555555555555
2024-04-19,NTAP,0.05555555555555555
2024-04-19,WSM,-0.05555555555555555
2024-04-19,TRIP,0.05555555555555555
2024-04-19,HMC,0.05555555555555555
2024-04-19,PRGO,-0.05555555555555555
2024-04-19,SYK,0.05555555555555555
2024-04-19,ENB,-0.05555555555555555
2024-04-19,BMY,-0.05555555555555555
2024-04-22,PPG,0.05555555555555555
2024-04-22,CF,-0.05555555555555555
2024-04-22,HOG,-0.05555555555555555
2024-04-22,DAL,-0.05555555555555555
2024-04-22,SPWR,0.05555555555555555
2024-04-22,NSC,0.05555555555555555
2024-04-22,ICE,0.05555555555555555
2024-04-22,RRC,-0.05555555555555555
2024-04-22,CAG,-0.05555555555555555
2024-04-22,HAS,-0.05555555555555555
2024-04-22,WMB,-0.05555555555555555
2024-04-22,TRP,0.05555555555555555
2024-04-22,HUM,0.05555555555555555
2024-04-22,NTAP,0.05555555555555555
2024-04-22,WSM,-0.05555555555555555
2024-04-22,HMC,0.05555555555555555
2024-04-22,SYK,0.05555555555555555
2024-04-22,ENB,-0.05555555555555555
2024-04-23,PPG,0.05555555555555555
2024-04-23,BAX,-0.05555555555555555
2024-04-23,HOG,-0.05555555555555555
2024-04-23,NSC,0.05555555555555555
2024-04-23,ICE,0.05555555555555555
2024-04-23,RRC,-0.05555555555555555
2024-04-23,KMB,-0.05555555555555555
2024-04-23,HAS,-0.05555555555555555
2024-04-23,MU,-0.05555555555555555
2024-04-23,TRP,0.05555555555555555
2024-04-23,WSM,-0.05555555555555555
2024-04-23,TRIP,-0.05555555555555555
2024-04-23,NTES,0.05555555555555555
2024-04-23,HMC,0.05555555555555555
2024-04-23,CME,0.05555555555555555
2024-04-23,CSIQ,0.05555555555555555
2024-04-23,ENB,-0.05555555555555555
2024-04-23,MT,0.05555555555555555
2024-04-24,PPG,0.05555555555555555
2024-04-24,DAL,0.05555555555555555
2024-04-24,SPWR,0.05555555555555555
2024-04-24,NSC,0.05555555555555555
2024-04-24,RRC,-0.05555555555555555
2024-04-24,CAG,-0.05555555555555555
2024-04-24,STI,-0.05555555555555555
2024-04-24,HAS,-0.05555555555555555
2024-04-24,DPZ,-0.05555555555555555
2024-04-24,WMB,-0.05555555555555555
2024-04-24,TRP,0.05555555555555555
2024-04-24,HUM,0.05555555555555555
2024-04-24,WSM,-0.05555555555555555
2024-04-24,NWSA,0.05555555555555555
2024-04-24,HMC,0.05555555555555555
2024-04-24,CME,0.05555555555555555
2024-04-24,PRGO,-0.05555555555555555
2024-04-24,BSX,-0.05555555555555555
2024-04-25,HP,0.05555555555555555
2024-04-25,DAL,-0.05555555555555555
2024-04-25,SPWR,0.05555555555555555
2024-04-25,JNJ,0.05555555555555555
2024-04-25,HAS,-0.05555555555555555
2024-04-25,DPZ,-0.05555555555555555
2024-04-25,BDX,0.05555555555555555
2024-04-25,MU,-0.05555555555555555
2024-04-25,HTZ,-0.05555555555555555
2024-04-25,MAR,-0.05555555555555555
2024-04-25,KGC,-0.05555555555555555
2024-04-25,TRP,0.05555555555555555
2024-04-25,HUM,0.05555555555555555
2024-04-25,WSM,-0.05555555555555555
2024-04-25,NWSA,0.05555555555555555
2024-04-25,MRVL,-0.05555555555555555
2024-04-25,HMC,0.05555555555555555
2024-04-25,CAT,0.05555555555555555
2024-04-26,HP,0.05555555555555555
2024-04-26,HOG,0.05555555555555555
2024-04-26,DAL,-0.05555555555555555
2024-04-26,AA,-0.05555555555555555
2024-04-26,SPWR,0.05555555555555555
2024-04-26,HAS,-0.05555555555555555
2024-04-26,DPZ,-0.05555555555555555
2024-04-26,MU,-0.05555555555555555
2024-04-26,MAR,-0.05555555555555555
2024-04-26,GOLD,-0.05555555555555555
2024-04-26,TRP,0.05555555555555555
2024-04-26,EW,0.05555555555555555
2024-04-26,WSM,-0.05555555555555555
2024-04-26,HMC,0.05555555555555555
2024-04-26,CP,0.05555555555555555
2024-04-26,ZUMZ,-0.05555555555555555
2024-04-26,CAT,0.05555555555555555
2024-04-26,BMY,0.05555555555555555
2024-04-29,DAL,-0.05555555555555555
2024-04-29,AA,-0.05555555555555555
2024-04-29,ICE,0.05555555555555555
2024-04-29,DPZ,-0.05555555555555555
2024-04-29,MU,-0.05555555555555555
2024-04-29,EWI,0.05555555555555555
2024-04-29,HTZ,-0.05555555555555555
2024-04-29,KGC,-0.05555555555555555
2024-04-29,TRP,0.05555555555555555
2024-04-29,EW,0.05555555555555555
2024-04-29,WSM,-0.05555555555555555
2024-04-29,NWSA,0.05555555555555555
2024-04-29,BX,0.05555555555555555
2024-04-29,HMC,0.05555555555555555
2024-04-29,CME,0.05555555555555555
2024-04-29,CP,0.05555555555555555
2024-04-29,CSIQ,-0.05555555555555555
2024-04-29,CAT,-0.05555555555555555
2024-04-30,AMTD,-0.05555555555555555
2024-04-30,DAL,-0.05555555555555555
2024-04-30,SPWR,-0.05555555555555555
2024-04-30,NSC,0.05555555555555555
2024-04-30,ICE,0.05555555555555555
2024-04-30,RRC,0.05555555555555555
2024-04-30,DPZ,-0.05555555555555555
2024-04-30,BBT,-0.05555555555555555
2024-04-30,MU,-0.05555555555555555
2024-04-30,EWI,0.05555555555555555
2024-04-30,CCL,-0.05555555555555555
2024-04-30,KGC,0.05555555555555555
2024-04-30,WMB,0.05555555555555555
2024-04-30,TRP,0.05555555555555555
2024-04-30,WSM,-0.05555555555555555
2024-04-30,TRIP,0.05555555555555555
2024-04-30,XLE,0.05555555555555555
2024-04-30,ENB,-0.05555555555555555
2024-05-01,HP,0.05555555555555555
2024-05-01,DAL,-0.05555555555555555
2024-05-01,SPWR,-0.05555555555555555
2024-05-01,RRC,0.05555555555555555
2024-05-01,JNJ,-0.05555555555555555
2024-05-01,DPZ,-0.05555555555555555
2024-05-01,MU,-0.05555555555555555
2024-05-01,EOG,0.05555555555555555
2024-05-01,EWI,0.05555555555555555
2024-05-01,CCL,-0.05555555555555555
2024-05-01,WMB,0.05555555555555555
2024-05-01,TRP,0.05555555555555555
2024-05-01,WSM,-0.05555555555555555
2024-05-01,TRIP,0.05555555555555555
2024-05-01,PCG,-0.05555555555555555
2024-05-01,SYK,0.05555555555555555
2024-05-01,XLE,0.05555555555555555
2024-05-01,CAT,-0.05555555555555555
2024-05-02,HP,0.05555555555555555
2024-05-02,DAL,-0.05555555555555555
2024-05-02,AA,-0.05555555555555555
2024-05-02,ICE,0.05555555555555555
2024-05-02,RRC,0.05555555555555555
2024-05-02,QCOM,-0.05555555555555555
2024-05-02,STI,-0.05555555555555555
2024-05-02,DPZ,-0.05555555555555555
2024-05-02,VTR,-0.05555555555555555
2024-05-02,MU,-0.05555555555555555
2024-05-02,EBAY,0.05555555555555555
2024-05-02,QQQ,0.05555555555555555
2024-05-02,WSM,-0.05555555555555555
2024-05-02,TRIP,0.05555555555555555
2024-05-02,CLX,0.05555555555555555
2024-05-02,SYK,0.05555555555555555
2024-05-02,XLE,0.05555555555555555
2024-05-02,CAT,-0.05555555555555555
2024-05-03,MNST,-0.05555555555555555
2024-05-03,BAX,0.05555555555555555
2024-05-03,AA,-0.05555555555555555
2024-05-03,NSC,0.05555555555555555
2024-05-03,HAS,-0.05555555555555555
2024-05-03,DPZ,-0.05555555555555555
2024-05-03,VTR,-0.05555555555555555
2024-05-03,BDX,0.05555555555555555
2024-05-03,MU,-0.05555555555555555
2024-05-03,EBAY,0.05555555555555555
2024-05-03,ILMN,0.05555555555555555
2024-05-03,WSM,-0.05555555555555555
2024-05-03,TRIP,0.05555555555555555
2024-05-03,PCG,-0.05555555555555555
2024-05-03,CME,0.05555555555555555
2024-05-03,CLX,0.05555555555555555
2024-05-03,SYK,0.05555555555555555
2024-05-03,CAT,-0.05555555555555555
2024-05-06,BAX,0.05555555555555555
2024-05-06,AA,-0.05555555555555555
2024-05-06,NSC,0.05555555555555555
2024-05-06,RRC,-0.05555555555555555
2024-05-06,CAG,0.05555555555555555
2024-05-06,STI,0.05555555555555555
2024-05-06,DPZ,-0.05555555555555555
2024-05-06,MU,-0.05555555555555555
2024-05-06,EBAY,0.05555555555555555
2024-05-06,HTZ,0.05555555555555555
2024-05-06,ALK,-0.05555555555555555
2024-05-06,ILMN,0.05555555555555555
2024-05-06,KGC,-0.05555555555555555
2024-05-06,WSM,-0.05555555555555555
2024-05-06,TRIP,0.05555555555555555
2024-05-06,SYK,0.05555555555555555
2024-05-06,ZUMZ,-0.05555555555555555
2024-05-06,CAT,-0.05555555555555555
2024-05-07,SPWR,0.05555555555555555
2024-05-07,NSC,0.05555555555555555
2024-05-07,RRC,-0.05555555555555555
2024-05-07,STI,0.05555555555555555
2024-05-07,HAS,-0.05555555555555555
2024-05-07,DPZ,-0.05555555555555555
2024-05-07,MU,-0.05555555555555555
2024-05-07,QQQ,0.05555555555555555
2024-05-07,CCL,-0.05555555555555555
2024-05-07,MAR,0.05555555555555555
2024-05-07,ILMN,0.05555555555555555
2024-05-07,WSM,-0.05555555555555555
2024-05-07,TRIP,0.05555555555555555
2024-05-07,LOW,0.05555555555555555
2024-05-07,HMC,0.05555555555555555
2024-05-07,CME,-0.05555555555555555
2024-05-07,ZUMZ,-0.05555555555555555
2024-05-07,CAT,-0.05555555555555555
2024-05-08,AMTD,-0.05555555555555555
2024-05-08,BAX,0.05555555555555555
2024-05-08,BUD,-0.05555555555555555
2024-05-08,SPWR,0.05555555555555555
2024-05-08,STI,0.05555555555555555
2024-05-08,NDAQ,0.05555555555555555
2024-05-08,HAS,-0.05555555555555555
2024-05-08,DPZ,-0.05555555555555555
2024-05-08,MU,-0.05555555555555555
2024-05-08,EBAY,0.05555555555555555
2024-05-08,ILMN,0.05555555555555555
2024-05-08,KGC,-0.05555555555555555
2024-05-08,GOLD,0.05555555555555555
2024-05-08,WSM,-0.05555555555555555
2024-05-08,TRIP,-0.05555555555555555
2024-05-08,HMC,0.05555555555555555
2024-05-08,SYK,0.05555555555555555
2024-05-08,ZUMZ,-0.05555555555555555
2024-05-09,BAX,0.05555555555555555
2024-05-09,DAL,-0.05555555555555555
2024-05-09,SPWR,0.05555555555555555
2024-05-09,STI,0.05555555555555555
2024-05-09,NDAQ,0.05555555555555555
2024-05-09,DPZ,-0.05555555555555555
2024-05-09,MU,-0.05555555555555555
2024-05-09,QQQ,0.05555555555555555
2024-05-09,ORCL,0.05555555555555555
2024-05-09,KEY,0.05555555555555555
2024-05-09,KGC,-0.05555555555555555
2024-05-09,GOLD,-0.05555555555555555
2024-05-09,HUM,-0.05555555555555555
2024-05-09,WSM,-0.05555555555555555
2024-05-09,HMC,0.05555555555555555
2024-05-09,SYK,0.05555555555555555
2024-05-09,ZUMZ,-0.05555555555555555
2024-05-09,CAT,-0.05555555555555555
2024-05-10,SPWR,0.05555555555555555
2024-05-10,RRC,0.05555555555555555
2024-05-10,STI,0.05555555555555555
2024-05-10,DPZ,-0.05555555555555555
2024-05-10,MU,-0.05555555555555555
2024-05-10,QQQ,0.05555555555555555
2024-05-10,KGC,-0.05555555555555555
2024-05-10,GOLD,0.05555555555555555
2024-05-10,HUM,-0.05555555555555555
2024-05-10,WSM,-0.05555555555555555
2024-05-10,TRIP,-0.05555555555555555
2024-05-10,HMC,0.05555555555555555
2024-05-10,CME,0.05555555555555555
2024-05-10,OHI,0.05555555555555555
2024-05-10,SYK,-0.05555555555555555
2024-05-10,CSIQ,0.05555555555555555
2024-05-10,ZUMZ,-0.05555555555555555
2024-05-10,BMY,-0.05555555555555555
2024-05-13,BAX,0.05555555555555555
2024-05-13,WEN,0.05555555555555555
2024-05-13,DAL,-0.05555555555555555
2024-05-13,SPWR,-0.05555555555555555
2024-05-13,RRC,0.05555555555555555
2024-05-13,STI,0.05555555555555555
2024-05-13,DPZ,-0.05555555555555555
2024-05-13,DHI,0.05555555555555555
2024-05-13,MU,-0.05555555555555555
2024-05-13,MAR,0.05555555555555555
2024-05-13,KGC,-0.05555555555555555
2024-05-13,ULTA,-0.05555555555555555
2024-05-13,EW,0.05555555555555555
2024-05-13,WSM,-0.05555555555555555
2024-05-13,HMC,0.05555555555555555
2024-05-13,SYK,-0.05555555555555555
2024-05-13,XLE,0.05555555555555555
2024-05-13,ENB,-0.05555555555555555
2024-05-14,BAX,0.05555555555555555
2024-05-14,SPWR,0.05555555555555555
2024-05-14,NSC,0.05555555555555555
2024-05-14,STI,0.05555555555555555
2024-05-14,HAS,-0.05555555555555555
2024-05-14,DPZ,-0.05555555555555555
2024-05-14,MU,-0.05555555555555555
2024-05-14,DLTR,0.05555555555555555
2024-05-14,MAR,0.05555555555555555
2024-05-14,KGC,-0.05555555555555555
2024-05-14,GOLD,-0.05555555555555555
2024-05-14,KO,0.05555555555555555
2024-05-14,PVH,-0.05555555555555555
2024-05-14,HUM,-0.05555555555555555
2024-05-14,WSM,-0.05555555555555555
2024-05-14,HMC,0.05555555555555555
2024-05-14,SYK,-0.05555555555555555
2024-05-14,XLE,0.05555555555555555
2024-05-15,MNST,0.05555555555555555
2024-05-15,BAX,0.05555555555555555
2024-05-15,VWO,0.05555555555555555
2024-05-15,HP,0.05555555555555555
2024-05-15,WEN,0.05555555555555555
2024-05-15,STI,0.05555555555555555
2024-05-15,TRV,0.05555555555555555
2024-05-15,DHI,-0.05555555555555555
2024-05-15,MU,-0.05555555555555555
2024-05-15,WFC,-0.05555555555555555
2024-05-15,KGC,-0.05555555555555555
2024-05-15,ULTA,-0.05555555555555555
2024-05-15,WSM,-0.05555555555555555
2024-05-15,BX,-0.05555555555555555
2024-05-15,PCG,-0.05555555555555555
2024-05-15,CME,0.05555555555555555
2024-05-15,SYK,-0.05555555555555555
2024-05-15,XLE,0.05555555555555555
2024-05-16,MNST,0.05555555555555555
2024-05-16,PPG,0.05555555555555555
2024-05-16,SPWR,-0.05555555555555555
2024-05-16,STI,0.05555555555555555
2024-05-16,DPZ,-0.05555555555555555
2024-05-16,BBT,-0.05555555555555555
2024-05-16,WFC,0.05555555555555555
2024-05-16,KGC,-0.05555555555555555
2024-05-16,ULTA,-0.05555555555555555
2024-05-16,HUM,-0.05555555555555555
2024-05-16,MRVL,-0.05555555555555555
2024-05-16,PCG,-0.05555555555555555
2024-05-16,HMC,0.05555555555555555
2024-05-16,CLX,0.05555555555555555
2024-05-16,XLE,0.05555555555555555
2024-05-16,COF,0.05555555555555555
2024-05-16,ZUMZ,-0.05555555555555555
2024-05-16,CAT,0.05555555555555555
2024-05-17,MNST,0.05555555555555555
2024-05-17,AA,-0.05555555555555555
2024-05-17,BUD,-0.05555555555555555
2024-05-17,SPWR,0.05555555555555555
2024-05-17,NSC,0.05555555555555555
2024-05-17,STI,0.05555555555555555
2024-05-17,VTR,-0.05555555555555555
2024-05-17,BBT,-0.05555555555555555
2024-05-17,EBAY,0.05555555555555555
2024-05-17,DLTR,0.05555555555555555
2024-05-17,KGC,-0.05555555555555555
2024-05-17,D,-0.05555555555555555
2024-05-17,ULTA,-0.05555555555555555
2024-05-17,LOW,0.05555555555555555
2024-05-17,PCG,-0.05555555555555555
2024-05-17,DUK,-0.05555555555555555
2024-05-17,CLX,0.05555555555555555
2024-05-17,CAT,0.05555555555555555
2024-05-20,MNST,0.05555555555555555
2024-05-20,AA,-0.05555555555555555
2024-05-20,NSC,0.05555555555555555
2024-05-20,GREK,-0.05555555555555555
2024-05-20,STI,0.05555555555555555
2024-05-20,VTR,-0.05555555555555555
2024-05-20,BBT,-0.05555555555555555
2024-05-20,MU,-0.05555555555555555
2024-05-20,EBAY,0.05555555555555555
2024-05-20,DLTR,0.05555555555555555
2024-05-20,KGC,-0.05555555555555555
2024-05-20,TRP,-0.05555555555555555
2024-05-20,KO,0.05555555555555555
2024-05-20,D,-0.05555555555555555
2024-05-20,LOW,0.05555555555555555
2024-05-20,PCG,-0.05555555555555555
2024-05-20,SYK,0.05555555555555555
2024-05-20,CAT,0.05555555555555555
2024-05-21,MNST,0.05555555555555555
2024-05-21,NSC,0.05555555555555555
2024-05-21,STI,0.05555555555555555
2024-05-21,HAS,-0.05555555555555555
2024-05-21,BBT,-0.05555555555555555
2024-05-21,WFC,-0.05555555555555555
2024-05-21,DLTR,0.05555555555555555
2024-05-21,CCL,-0.05555555555555555
2024-05-21,MS,-0.05555555555555555
2024-05-21,KEY,0.05555555555555555
2024-05-21,D,-0.05555555555555555
2024-05-21,LOW,0.05555555555555555
2024-05-21,PCG,-0.05555555555555555
2024-05-21,CME,0.05555555555555555
2024-05-21,OHI,-0.05555555555555555
2024-05-21,XLE,0.05555555555555555
2024-05-21,ZUMZ,-0.05555555555555555
2024-05-21,CAT,0.05555555555555555
2024-05-22,STI,-0.05555555555555555
2024-05-22,VTR,-0.05555555555555555
2024-05-22,EOG,0.05555555555555555
2024-05-22,CCL,-0.05555555555555555
2024-05-22,MAR,0.05555555555555555
2024-05-22,KEY,0.05555555555555555
2024-05-22,KGC,0.05555555555555555
2024-05-22,WMB,0.05555555555555555
2024-05-22,RL,0.05555555555555555
2024-05-22,WSM,0.05555555555555555
2024-05-22,LOW,-0.05555555555555555
2024-05-22,MRVL,-0.05555555555555555
2024-05-22,PRGO,-0.05555555555555555
2024-05-22,OHI,-0.05555555555555555
2024-05-22,BSX,-0.05555555555555555
2024-05-22,XLE,0.05555555555555555
2024-05-22,COF,0.05555555555555555
2024-05-22,MT,-0.05555555555555555
2024-05-23,PPG,0.05555555555555555
2024-05-23,AMTD,-0.05555555555555555
2024-05-23,NVDA,-0.05555555555555555
2024-05-23,SPWR,-0.05555555555555555
2024-05-23,KMB,0.05555555555555555
2024-05-23,HAS,-0.05555555555555555
2024-05-23,MU,-0.05555555555555555
2024-05-23,EOG,0.05555555555555555
2024-05-23,ANF,-0.05555555555555555
2024-05-23,CCL,-0.05555555555555555
2024-05-23,MAR,0.05555555555555555
2024-05-23,KO,0.05555555555555555
2024-05-23,D,0.05555555555555555
2024-05-23,MRVL,-0.05555555555555555
2024-05-23,XLE,0.05555555555555555
2024-05-23,COF,0.05555555555555555
2024-05-23,ENB,0.05555555555555555
2024-05-23,MT,-0.05555555555555555
2024-05-24,PPG,0.05555555555555555
2024-05-24,SPWR,-0.05555555555555555
2024-05-24,QCOM,-0.05555555555555555
2024-05-24,JNJ,0.05555555555555555
2024-05-24,STI,-0.05555555555555555
2024-05-24,HAS,-0.05555555555555555
2024-05-24,DPZ,-0.05555555555555555
2024-05-24,BDX,0.05555555555555555
2024-05-24,MU,-0.05555555555555555
2024-05-24,EOG,0.05555555555555555
2024-05-24,ANF,-0.05555555555555555
2024-05-24,WMB,0.05555555555555555
2024-05-24,KO,0.05555555555555555
2024-05-24,NTES,0.05555555555555555
2024-05-24,BSX,-0.05555555555555555
2024-05-24,XLE,0.05555555555555555
2024-05-24,ENB,0.05555555555555555
2024-05-24,ZUMZ,-0.05555555555555555
2024-05-28,PPG,0.05555555555555555
2024-05-28,DAL,0.05555555555555555
2024-05-28,QCOM,-0.05555555555555555
2024-05-28,JNJ,0.05555555555555555
2024-05-28,STI,-0.05555555555555555
2024-05-28,KMB,0.05555555555555555
2024-05-28,HAS,-0.05555555555555555
2024-05-28,DPZ,-0.05555555555555555
2024-05-28,BDX,0.05555555555555555
2024-05-28,MU,-0.05555555555555555
2024-05-28,ANF,-0.05555555555555555
2024-05-28,ALK,0.05555555555555555
2024-05-28,ULTA,-0.05555555555555555
2024-05-28,RL,-0.05555555555555555
2024-05-28,PCG,0.05555555555555555
2024-05-28,CME,0.05555555555555555
2024-05-28,ZUMZ,-0.05555555555555555
2024-05-28,MRK,0.05555555555555555
2024-05-29,PPG,0.05555555555555555
2024-05-29,NVDA,-0.05555555555555555
2024-05-29,SPWR,0.05555555555555555
2024-05-29,CAG,0.05555555555555555
2024-05-29,GREK,0.05555555555555555
2024-05-29,STI,-0.05555555555555555
2024-05-29,KMB,0.05555555555555555
2024-05-29,DPZ,-0.05555555555555555
2024-05-29,EOG,0.05555555555555555
2024-05-29,ANF,-0.05555555555555555
2024-05-29,HTZ,-0.05555555555555555
2024-05-29,ALK,0.05555555555555555
2024-05-29,MAR,-0.05555555555555555
2024-05-29,ULTA,-0.05555555555555555
2024-05-29,PCG,0.05555555555555555
2024-05-29,ENB,0.05555555555555555
2024-05-29,ZUMZ,-0.05555555555555555
2024-05-29,CAT,-0.05555555555555555
2024-05-30,CNC,0.05555555555555555
2024-05-30,VWO,0.05555555555555555
2024-05-30,A,0.05555555555555555
2024-05-30,CAG,0.05555555555555555
2024-05-30,GREK,0.05555555555555555
2024-05-30,QCOM,-0.05555555555555555
2024-05-30,NDAQ,0.05555555555555555
2024-05-30,DPZ,-0.05555555555555555
2024-05-30,VTR,-0.05555555555555555
2024-05-30,EOG,0.05555555555555555
2024-05-30,ANF,-0.05555555555555555
2024-05-30,ORCL,0.05555555555555555
2024-05-30,D,-0.05555555555555555
2024-05-30,ULTA,-0.05555555555555555
2024-05-30,PRGO,-0.05555555555555555
2024-05-30,ZUMZ,-0.05555555555555555
2024-05-30,CAT,-0.05555555555555555
2024-05-30,MRK,0.05555555555555555
2024-05-31,VWO,0.05555555555555555
2024-05-31,A,0.05555555555555555
2024-05-31,DAL,-0.05555555555555555
2024-05-31,GREK,0.05555555555555555
2024-05-31,KMB,-0.05555555555555555
2024-05-31,NDAQ,0.05555555555555555
2024-05-31,VTR,-0.05555555555555555
2024-05-31,MU,0.05555555555555555
2024-05-31,QQQ,0.05555555555555555
2024-05-31,ANF,-0.05555555555555555
2024-05-31,ORCL,0.05555555555555555
2024-05-31,GOLD,0.05555555555555555
2024-05-31,KO,-0.05555555555555555
2024-05-31,D,-0.05555555555555555
2024-05-31,ULTA,-0.05555555555555555
2024-05-31,NTAP,-0.05555555555555555
2024-05-31,CME,0.05555555555555555
2024-05-31,ENB,-0.05555555555555555
2024-06-03,BAX,0.05555555555555555
2024-06-03,A,0.05555555555555555
2024-06-03,HOG,-0.05555555555555555
2024-06-03,NVDA,-0.05555555555555555
2024-06-03,WEN,0.05555555555555555
2024-06-03,SPWR,0.05555555555555555
2024-06-03,QCOM,-0.05555555555555555
2024-06-03,NDAQ,0.05555555555555555
2024-06-03,TRV,0.05555555555555555
2024-06-03,DPZ,-0.05555555555555555
2024-06-03,VTR,-0.05555555555555555
2024-06-03,EOG,0.05555555555555555
2024-06-03,ANF,-0.05555555555555555
2024-06-03,GOLD,0.05555555555555555
2024-06-03,ULTA,-0.05555555555555555
2024-06-03,NWSA,-0.05555555555555555
2024-06-03,PCG,0.05555555555555555
2024-06-03,PRGO,-0.05555555555555555
2024-06-04,AMTD,-0.05555555555555555
2024-06-04,BAX,0.05555555555555555
2024-06-04,NVDA,-0.05555555555555555
2024-06-04,WEN,0.05555555555555555
2024-06-04,DAL,0.05555555555555555
2024-06-04,SPWR,0.05555555555555555
2024-06-04,NSC,-0.05555555555555555
2024-06-04,DPZ,-0.05555555555555555
2024-06-04,VTR,-0.05555555555555555
2024-06-04,ANF,-0.05555555555555555
2024-06-04,HTZ,-0.05555555555555555
2024-06-04,KGC,0.05555555555555555
2024-06-04,GOLD,0.05555555555555555
2024-06-04,KO,-0.05555555555555555
2024-06-04,CSIQ,0.05555555555555555
2024-06-04,BSX,-0.05555555555555555
2024-06-04,XLE,0.05555555555555555
2024-06-04,COF,0.05555555555555555
2024-06-05,MNST,0.05555555555555555
2024-06-05,BAX,0.05555555555555555
2024-06-05,NVDA,-0.05555555555555555
2024-06-05,WEN,0.05555555555555555
2024-06-05,SPWR,0.05555555555555555
2024-06-05,QCOM,-0.05555555555555555
2024-06-05,DPZ,-0.05555555555555555
2024-06-05,MU,-0.05555555555555555
2024-06-05,EBAY,0.05555555555555555
2024-06-05,ANF,-0.05555555555555555
2024-06-05,HTZ,-0.05555555555555555
2024-06-05,TSM,-0.05555555555555555
2024-06-05,ALK,0.05555555555555555
2024-06-05,TRP,-0.05555555555555555
2024-06-05,D,0.05555555555555555
2024-06-05,NTAP,-0.05555555555555555
2024-06-05,CME,0.05555555555555555
2024-06-05,XLE,0.05555555555555555
2024-06-06,MNST,0.05555555555555555
2024-06-06,BAX,0.05555555555555555
2024-06-06,NVDA,-0.05555555555555555
2024-06-06,WEN,0.05555555555555555
2024-06-06,BUD,-0.05555555555555555
2024-06-06,SPWR,0.05555555555555555
2024-06-06,CAG,0.05555555555555555
2024-06-06,QCOM,-0.05555555555555555
2024-06-06,DPZ,-0.05555555555555555
2024-06-06,WFC,0.05555555555555555
2024-06-06,ANF,-0.05555555555555555
2024-06-06,DLTR,0.05555555555555555
2024-06-06,ALK,0.05555555555555555
2024-06-06,ILMN,-0.05555555555555555
2024-06-06,TRP,-0.05555555555555555
2024-06-06,NTAP,-0.05555555555555555
2024-06-06,XLE,0.05555555555555555
2024-06-06,ZUMZ,-0.05555555555555555
2024-06-07,PPG,0.05555555555555555
2024-06-07,BAX,0.05555555555555555
2024-06-07,NVDA,-0.05555555555555555
2024-06-07,WEN,0.05555555555555555
2024-06-07,SPWR,0.05555555555555555
2024-06-07,NSC,-0.05555555555555555
2024-06-07,QCOM,-0.05555555555555555
2024-06-07,STI,-0.05555555555555555
2024-06-07,DPZ,-0.05555555555555555
2024-06-07,BBT,0.05555555555555555
2024-06-07,ANF,-0.05555555555555555
2024-06-07,DLTR,0.05555555555555555
2024-06-07,TSM,-0.05555555555555555
2024-06-07,ALK,0.05555555555555555
2024-06-07,KGC,0.05555555555555555
2024-06-07,D,0.05555555555555555
2024-06-07,NTAP,-0.05555555555555555
2024-06-07,BSX,-0.05555555555555555
2024-06-10,MNST,0.05555555555555555
2024-06-10,BAX,0.05555555555555555
2024-06-10,NVDA,-0.05555555555555555
2024-06-10,WEN,0.05555555555555555
2024-06-10,BUD,0.05555555555555555
2024-06-10,SPWR,0.05555555555555555
2024-06-10,CAG,0.05555555555555555
2024-06-10,QCOM,-0.05555555555555555
2024-06-10,DPZ,-0.05555555555555555
2024-06-10,BBT,0.05555555555555555
2024-06-10,MU,-0.05555555555555555
2024-06-10,ANF,-0.05555555555555555
2024-06-10,TSM,-0.05555555555555555
2024-06-10,KGC,0.05555555555555555
2024-06-10,D,0.05555555555555555
2024-06-10,NTAP,-0.05555555555555555
2024-06-10,PCG,-0.05555555555555555
2024-06-10,BMY,-0.05555555555555555
2024-06-11,MNST,0.05555555555555555
2024-06-11,BAX,0.05555555555555555
2024-06-11,NVDA,-0.05555555555555555
2024-06-11,WEN,0.05555555555555555
2024-06-11,DAL,0.05555555555555555
2024-06-11,BUD,0.05555555555555555
2024-06-11,SPWR,0.05555555555555555
2024-06-11,QCOM,-0.05555555555555555
2024-06-11,STI,-0.05555555555555555
2024-06-11,DPZ,-0.05555555555555555
2024-06-11,MU,-0.05555555555555555
2024-06-11,EWI,0.05555555555555555
2024-06-11,ANF,-0.05555555555555555
2024-06-11,TSM,-0.05555555555555555
2024-06-11,MS,0.05555555555555555
2024-06-11,NTAP,-0.05555555555555555
2024-06-11,PRGO,-0.05555555555555555
2024-06-11,COF,0.05555555555555555
2024-06-12,MNST,0.05555555555555555
2024-06-12,NVDA,-0.05555555555555555
2024-06-12,SPWR,0.05555555555555555
2024-06-12,CAG,0.05555555555555555
2024-06-12,QCOM,-0.05555555555555555
2024-06-12,TRV,0.05555555555555555
2024-06-12,DPZ,-0.05555555555555555
2024-06-12,MU,-0.05555555555555555
2024-06-12,QQQ,-0.05555555555555555
2024-06-12,ANF,-0.05555555555555555
2024-06-12,ORCL,-0.05555555555555555
2024-06-12,TSM,-0.05555555555555555
2024-06-12,GOLD,0.05555555555555555
2024-06-12,KO,0.05555555555555555
2024-06-12,D,0.05555555555555555
2024-06-12,NTAP,-0.05555555555555555
2024-06-12,PCG,0.05555555555555555
2024-06-12,CME,0.05555555555555555
2024-06-13,MNST,0.05555555555555555
2024-06-13,NVDA,-0.05555555555555555
2024-06-13,AA,0.05555555555555555
2024-06-13,BUD,0.05555555555555555
2024-06-13,SPWR,0.05555555555555555
2024-06-13,QCOM,-0.05555555555555555
2024-06-13,DPZ,-0.05555555555555555
2024-06-13,VTR,-0.05555555555555555
2024-06-13,MU,-0.05555555555555555
2024-06-13,EWI,0.05555555555555555
2024-06-13,ANF,-0.05555555555555555
2024-06-13,DLTR,0.05555555555555555
2024-06-13,TSM,-0.05555555555555555
2024-06-13,KGC,0.05555555555555555
2024-06-13,D,0.05555555555555555
2024-06-13,PVH,0.05555555555555555
2024-06-13,HUM,-0.05555555555555555
2024-06-13,NTAP,-0.05555555555555555
2024-06-14,MNST,0.05555555555555555
2024-06-14,PPG,0.05555555555555555
2024-06-14,NVDA,-0.05555555555555555
2024-06-14,DAL,0.05555555555555555
2024-06-14,BUD,0.05555555555555555
2024-06-14,GREK,0.05555555555555555
2024-06-14,STI,-0.05555555555555555
2024-06-14,HAS,-0.05555555555555555
2024-06-14,DPZ,-0.05555555555555555
2024-06-14,VTR,-0.05555555555555555
2024-06-14,EWI,0.05555555555555555
2024-06-14,ANF,-0.05555555555555555
2024-06-14,HTZ,-0.05555555555555555
2024-06-14,TSM,-0.05555555555555555
2024-06-14,D,0.05555555555555555
2024-06-14,RL,0.05555555555555555
2024-06-14,HUM,-0.05555555555555555
2024-06-14,MT,0.05555555555555555
2024-06-17,MNST,0.05555555555555555
2024-06-17,SPWR,0.05555555555555555
2024-06-17,NSC,0.05555555555555555
2024-06-17,RRC,0.05555555555555555
2024-06-17,QCOM,-0.05555555555555555
2024-06-17,DPZ,-0.05555555555555555
2024-06-17,MU,-0.05555555555555555
2024-06-17,ANF,-0.05555555555555555
2024-06-17,ORCL,-0.05555555555555555
2024-06-17,TSM,-0.05555555555555555
2024-06-17,MS,-0.05555555555555555
2024-06-17,TRP,0.05555555555555555
2024-06-17,D,0.05555555555555555
2024-06-17,ULTA,-0.05555555555555555
2024-06-17,HUM,-0.05555555555555555
2024-06-17,PCG,0.05555555555555555
2024-06-17,BSX,0.05555555555555555
2024-06-17,ENB,0.05555555555555555
2024-06-18,MNST,0.05555555555555555
2024-06-18,CNC,0.05555555555555555
2024-06-18,NVDA,-0.05555555555555555
2024-06-18,QCOM,-0.05555555555555555
2024-06-18,STI,-0.05555555555555555
2024-06-18,DPZ,-0.05555555555555555
2024-06-18,EWC,0.05555555555555555
2024-06-18,MU,-0.05555555555555555
2024-06-18,TSM,-0.05555555555555555
2024-06-18,TRP,0.05555555555555555
2024-06-18,D,0.05555555555555555
2024-06-18,ULTA,-0.05555555555555555
2024-06-18,HUM,-0.05555555555555555
2024-06-18,NTAP,-0.05555555555555555
2024-06-18,PCG,0.05555555555555555
2024-06-18,DUK,0.05555555555555555
2024-06-18,HMC,0.05555555555555555
2024-06-18,ENB,0.05555555555555555
2024-06-20,MNST,0.05555555555555555
2024-06-20,DAL,0.05555555555555555
2024-06-20,AA,-0.05555555555555555
2024-06-20,CAG,0.05555555555555555
2024-06-20,STI,-0.05555555555555555
2024-06-20,ANF,-0.05555555555555555
2024-06-20,ORCL,-0.05555555555555555
2024-06-20,TSM,-0.05555555555555555
2024-06-20,KEY,0.05555555555555555
2024-06-20,KGC,-0.05555555555555555
2024-06-20,ULTA,-0.05555555555555555
2024-06-20,PVH,0.05555555555555555
2024-06-20,HUM,-0.05555555555555555
2024-06-20,RF,0.05555555555555555
2024-06-20,PRGO,0.05555555555555555
2024-06-20,SYK,0.05555555555555555
2024-06-20,CSIQ,-0.05555555555555555
2024-06-20,ENB,0.05555555555555555
2024-06-21,MNST,0.05555555555555555
2024-06-21,DAL,0.05555555555555555
2024-06-21,AA,-0.05555555555555555
2024-06-21,RRC,0.05555555555555555
2024-06-21,QQQ,-0.05555555555555555
2024-06-21,ANF,-0.05555555555555555
2024-06-21,ORCL,-0.05555555555555555
2024-06-21,TSM,-0.05555555555555555
2024-06-21,ALK,0.05555555555555555
2024-06-21,D,0.05555555555555555
2024-06-21,ULTA,-0.05555555555555555
2024-06-21,HUM,-0.05555555555555555
2024-06-21,PCG,0.05555555555555555
2024-06-21,CME,0.05555555555555555
2024-06-21,SYK,0.05555555555555555
2024-06-21,CSIQ,-0.05555555555555555
2024-06-21,BSX,-0.05555555555555555
2024-06-21,ENB,0.05555555555555555
2024-06-24,MNST,0.05555555555555555
2024-06-24,DAL,0.05555555555555555
2024-06-24,SPWR,0.05555555555555555
2024-06-24,NSC,0.05555555555555555
2024-06-24,CAG,0.05555555555555555
2024-06-24,QCOM,0.05555555555555555
2024-06-24,DPZ,-0.05555555555555555
2024-06-24,VTR,-0.05555555555555555
2024-06-24,MU,-0.05555555555555555
2024-06-24,HTZ,-0.05555555555555555
2024-06-24,WMB,-0.05555555555555555
2024-06-24,KO,-0.05555555555555555
2024-06-24,ULTA,-0.05555555555555555
2024-06-24,HUM,-0.05555555555555555
2024-06-24,NWSA,-0.05555555555555555
2024-06-24,CME,0.05555555555555555
2024-06-24,SYK,0.05555555555555555
2024-06-24,ENB,0.05555555555555555
2024-06-25,PPG,0.05555555555555555
2024-06-25,NVDA,-0.05555555555555555
2024-06-25,DAL,0.05555555555555555
2024-06-25,SPWR,0.05555555555555555
2024-06-25,NSC,0.05555555555555555
2024-06-25,CAG,0.05555555555555555
2024-06-25,MU,-0.05555555555555555
2024-06-25,QQQ,-0.05555555555555555
2024-06-25,ANF,-0.05555555555555555
2024-06-25,HTZ,-0.05555555555555555
2024-06-25,ORCL,-0.05555555555555555
2024-06-25,TSM,-0.05555555555555555
2024-06-25,TRP,-0.05555555555555555
2024-06-25,NTAP,-0.05555555555555555
2024-06-25,LOW,0.05555555555555555
2024-06-25,SYK,0.05555555555555555
2024-06-25,ENB,0.05555555555555555
2024-06-25,CAT,0.05555555555555555
2024-06-26,DAL,0.05555555555555555
2024-06-26,SPWR,0.05555555555555555
2024-06-26,NSC,0.05555555555555555
2024-06-26,HAS,0.05555555555555555
2024-06-26,DPZ,-0.05555555555555555
2024-06-26,BDX,0.05555555555555555
2024-06-26,MU,-0.05555555555555555
2024-06-26,QQQ,-0.05555555555555555
2024-06-26,ANF,-0.05555555555555555
2024-06-26,HTZ,-0.05555555555555555
2024-06-26,DLTR,0.05555555555555555
2024-06-26,CCL,-0.05555555555555555
2024-06-26,TSM,-0.05555555555555555
2024-06-26,MAR,0.05555555555555555
2024-06-26,PVH,0.05555555555555555
2024-06-26,HUM,-0.05555555555555555
2024-06-26,NTAP,-0.05555555555555555
2024-06-26,MT,0.05555555555555555
2024-06-27,MNST,-0.05555555555555555
2024-06-27,PPG,0.05555555555555555
2024-06-27,SPWR,0.05555555555555555
2024-06-27,NSC,0.05555555555555555
2024-06-27,BDX,0.05555555555555555
2024-06-27,QQQ,-0.05555555555555555
2024-06-27,SIRI,0.05555555555555555
2024-06-27,ANF,-0.05555555555555555
2024-06-27,ORCL,-0.05555555555555555
2024-06-27,CCL,-0.05555555555555555
2024-06-27,TSM,-0.05555555555555555
2024-06-27,TRP,-0.05555555555555555
2024-06-27,PVH,0.05555555555555555
2024-06-27,HUM,-0.05555555555555555
2024-06-27,NTAP,-0.05555555555555555
2024-06-27,PCG,0.05555555555555555
2024-06-27,CAT,0.05555555555555555
2024-06-27,MRK,0.05555555555555555
2024-06-28,DAL,0.05555555555555555
2024-06-28,SPWR,0.05555555555555555
2024-06-28,RRC,0.05555555555555555
2024-06-28,QCOM,-0.05555555555555555
2024-06-28,STI,0.05555555555555555
2024-06-28,TRV,0.05555555555555555
2024-06-28,VTR,-0.05555555555555555
2024-06-28,EWI,0.05555555555555555
2024-06-28,SIRI,0.05555555555555555
2024-06-28,ANF,-0.05555555555555555
2024-06-28,HTZ,-0.05555555555555555
2024-06-28,TSM,-0.05555555555555555
2024-06-28,TRP,-0.05555555555555555
2024-06-28,D,0.05555555555555555
2024-06-28,HUM,-0.05555555555555555
2024-06-28,OHI,-0.05555555555555555
2024-06-28,CSIQ,-0.05555555555555555
2024-06-28,MT,0.05555555555555555
2024-07-01,PPG,0.05555555555555555
2024-07-01,BAX,0.05555555555555555
2024-07-01,A,0.05555555555555555
2024-07-01,DAL,0.05555555555555555
2024-07-01,SPWR,-0.05555555555555555
2024-07-01,NSC,-0.05555555555555555
2024-07-01,RRC,0.05555555555555555
2024-07-01,QCOM,-0.05555555555555555
2024-07-01,HAS,0.05555555555555555
2024-07-01,DHI,-0.05555555555555555
2024-07-01,BDX,0.05555555555555555
2024-07-01,QQQ,-0.05555555555555555
2024-07-01,ANF,-0.05555555555555555
2024-07-01,D,0.05555555555555555
2024-07-01,HUM,-0.05555555555555555
2024-07-01,NTAP,-0.05555555555555555
2024-07-01,PCG,0.05555555555555555
2024-07-01,CSIQ,-0.05555555555555555
2024-07-02,MNST,0.05555555555555555
2024-07-02,AMTD,0.05555555555555555
2024-07-02,A,0.05555555555555555
2024-07-02,DAL,0.05555555555555555
2024-07-02,SPWR,-0.05555555555555555
2024-07-02,QCOM,-0.05555555555555555
2024-07-02,HAS,0.05555555555555555
2024-07-02,DPZ,0.05555555555555555
2024-07-02,VTR,-0.05555555555555555
2024-07-02,ANF,-0.05555555555555555
2024-07-02,TSM,-0.05555555555555555
2024-07-02,TRP,-0.05555555555555555
2024-07-02,D,0.05555555555555555
2024-07-02,HUM,-0.05555555555555555
2024-07-02,LOW,-0.05555555555555555
2024-07-02,PCG,0.05555555555555555
2024-07-02,CSIQ,-0.05555555555555555
2024-07-02,CAT,0.05555555555555555
2024-07-03,MNST,0.05555555555555555
2024-07-03,AMTD,0.05555555555555555
2024-07-03,NVDA,-0.05555555555555555
2024-07-03,SPWR,0.05555555555555555
2024-07-03,QCOM,-0.05555555555555555
2024-07-03,HAS,0.05555555555555555
2024-07-03,VTR,-0.05555555555555555
2024-07-03,ANF,-0.05555555555555555
2024-07-03,TSM,-0.05555555555555555
2024-07-03,WMB,-0.05555555555555555
2024-07-03,TRP,-0.05555555555555555
2024-07-03,HUM,-0.05555555555555555
2024-07-03,CME,0.05555555555555555
2024-07-03,CSIQ,-0.05555555555555555
2024-07-03,BSX,0.05555555555555555
2024-07-03,ZUMZ,0.05555555555555555
2024-07-03,MRK,0.05555555555555555
2024-07-03,BMY,0.05555555555555555
2024-07-05,AMTD,0.05555555555555555
2024-07-05,BAX,-0.05555555555555555
2024-07-05,DAL,0.05555555555555555
2024-07-05,SPWR,0.05555555555555555
2024-07-05,CAG,0.05555555555555555
2024-07-05,QCOM,-0.05555555555555555
2024-07-05,STI,-0.05555555555555555
2024-07-05,TRV,0.05555555555555555
2024-07-05,VTR,-0.05555555555555555
2024-07-05,BBT,0.05555555555555555
2024-07-05,QQQ,-0.05555555555555555
2024-07-05,ANF,-0.05555555555555555
2024-07-05,HTZ,-0.05555555555555555
2024-07-05,TSM,-0.05555555555555555
2024-07-05,D,0.05555555555555555
2024-07-05,HUM,-0.05555555555555555
2024-07-05,COF,0.05555555555555555
2024-07-05,CAT,0.05555555555555555
2024-07-08,AMTD,0.05555555555555555
2024-07-08,WEN,0.05555555555555555
2024-07-08,DAL,0.05555555555555555
2024-07-08,SPWR,0.05555555555555555
2024-07-08,QCOM,-0.05555555555555555
2024-07-08,STI,-0.05555555555555555
2024-07-08,BDX,0.05555555555555555
2024-07-08,WFC,0.05555555555555555
2024-07-08,ANF,-0.05555555555555555
2024-07-08,TSM,-0.05555555555555555
2024-07-08,RL,-0.05555555555555555
2024-07-08,HUM,-0.05555555555555555
2024-07-08,NTAP,-0.05555555555555555
2024-07-08,TRIP,-0.05555555555555555
2024-07-08,BX,0.05555555555555555
2024-07-08,MRVL,-0.05555555555555555
2024-07-08,CME,0.05555555555555555
2024-07-08,COF,0.05555555555555555
2024-07-09,A,-0.05555555555555555
2024-07-09,NVDA,-0.05555555555555555
2024-07-09,SPWR,0.05555555555555555
2024-07-09,CAG,0.05555555555555555
2024-07-09,DPZ,0.05555555555555555
2024-07-09,BDX,0.05555555555555555
2024-07-09,ANF,-0.05555555555555555
2024-07-09,DLTR,0.05555555555555555
2024-07-09,CCL,-0.05555555555555555
2024-07-09,MAR,0.05555555555555555
2024-07-09,KO,0.05555555555555555
2024-07-09,RL,-0.05555555555555555
2024-07-09,HUM,-0.05555555555555555
2024-07-09,NTAP,-0.05555555555555555
2024-07-09,NWSA,-0.05555555555555555
2024-07-09,CME,0.05555555555555555
2024-07-09,CLX,0.05555555555555555
2024-07-09,BMY,-0.05555555555555555
2024-07-10,NVDA,-0.05555555555555555
2024-07-10,AA,0.05555555555555555
2024-07-10,SPWR,0.05555555555555555
2024-07-10,RRC,0.05555555555555555
2024-07-10,CAG,0.05555555555555555
2024-07-10,MU,-0.05555555555555555
2024-07-10,WFC,0.05555555555555555
2024-07-10,QQQ,-0.05555555555555555
2024-07-10,ANF,-0.05555555555555555
2024-07-10,DLTR,0.05555555555555555
2024-07-10,TSM,-0.05555555555555555
2024-07-10,ILMN,-0.05555555555555555
2024-07-10,D,0.05555555555555555
2024-07-10,HUM,-0.05555555555555555
2024-07-10,NTAP,-0.05555555555555555
2024-07-10,CME,0.05555555555555555
2024-07-10,MT,0.05555555555555555
2024-07-10,BMY,-0.05555555555555555
2024-07-11,A,-0.05555555555555555
2024-07-11,WEN,-0.05555555555555555
2024-07-11,DAL,0.05555555555555555
2024-07-11,SPWR,0.05555555555555555
2024-07-11,NSC,-0.05555555555555555
2024-07-11,CAG,0.05555555555555555
2024-07-11,VTR,-0.05555555555555555
2024-07-11,DHI,-0.05555555555555555
2024-07-11,MU,0.05555555555555555
2024-07-11,WFC,0.05555555555555555
2024-07-11,QQQ,0.05555555555555555
2024-07-11,ANF,-0.05555555555555555
2024-07-11,MAR,0.05555555555555555
2024-07-11,EW,0.05555555555555555
2024-07-11,RL,-0.05555555555555555
2024-07-11,HUM,-0.05555555555555555
2024-07-11,PRGO,-0.05555555555555555
2024-07-11,MT,0.05555555555555555
2024-07-12,HP,-0.05555555555555555
2024-07-12,NVDA,-0.05555555555555555
2024-07-12,DAL,0.05555555555555555
2024-07-12,SPWR,0.05555555555555555
2024-07-12,CAG,0.05555555555555555
2024-07-12,STI,0.05555555555555555
2024-07-12,HAS,-0.05555555555555555
2024-07-12,DPZ,-0.05555555555555555
2024-07-12,VTR,0.05555555555555555
2024-07-12,WFC,0.05555555555555555
2024-07-12,ANF,-0.05555555555555555
2024-07-12,HTZ,-0.05555555555555555
2024-07-12,TSM,-0.05555555555555555
2024-07-12,EW,0.05555555555555555
2024-07-12,HUM,-0.05555555555555555
2024-07-12,CME,0.05555555555555555
2024-07-12,CSIQ,-0.05555555555555555
2024-07-12,MT,0.05555555555555555
2024-07-15,NVDA,-0.05555555555555555
2024-07-15,DAL,0.05555555555555555
2024-07-15,SPWR,0.05555555555555555
2024-07-15,QCOM,-0.05555555555555555
2024-07-15,STI,-0.05555555555555555
2024-07-15,WFC,0.05555555555555555
2024-07-15,ANF,-0.05555555555555555
2024-07-15,DLTR,0.05555555555555555
2024-07-15,D,0.05555555555555555
2024-07-15,ULTA,0.05555555555555555
2024-07-15,EW,0.05555555555555555
2024-07-15,RL,0.05555555555555555
2024-07-15,HUM,-0.05555555555555555
2024-07-15,PCG,0.05555555555555555
2024-07-15,RF,-0.05555555555555555
2024-07-15,CSIQ,-0.05555555555555555
2024-07-15,M,-0.05555555555555555
2024-07-15,CAT,-0.05555555555555555
2024-07-16,AMTD,0.05555555555555555
2024-07-16,NVDA,-0.05555555555555555
2024-07-16,SPWR,0.05555555555555555
2024-07-16,BBT,-0.05555555555555555
2024-07-16,EWI,0.05555555555555555
2024-07-16,ANF,-0.05555555555555555
2024-07-16,TSM,-0.05555555555555555
2024-07-16,KEY,-0.05555555555555555
2024-07-16,WMB,0.05555555555555555
2024-07-16,D,0.05555555555555555
2024-07-16,EW,0.05555555555555555
2024-07-16,HUM,-0.05555555555555555
2024-07-16,PCG,0.05555555555555555
2024-07-16,RF,-0.05555555555555555
2024-07-16,OHI,-0.05555555555555555
2024-07-16,SYK,0.05555555555555555
2024-07-16,CAT,-0.05555555555555555
2024-07-16,MRK,0.05555555555555555
2024-07-17,VWO,0.05555555555555555
2024-07-17,SPWR,0.05555555555555555
2024-07-17,QCOM,0.05555555555555555
2024-07-17,VTR,-0.05555555555555555
2024-07-17,BBT,-0.05555555555555555
2024-07-17,MU,0.05555555555555555
2024-07-17,QQQ,0.05555555555555555
2024-07-17,ANF,-0.05555555555555555
2024-07-17,TSM,0.05555555555555555
2024-07-17,KGC,0.05555555555555555
2024-07-17,EW,0.05555555555555555
2024-07-17,HUM,-0.05555555555555555
2024-07-17,NTAP,0.05555555555555555
2024-07-17,RF,-0.05555555555555555
2024-07-17,OHI,-0.05555555555555555
2024-07-17,CSIQ,-0.05555555555555555
2024-07-17,M,-0.05555555555555555
2024-07-17,BMY,-0.05555555555555555
2024-07-18,BAX,-0.05555555555555555
2024-07-18,VWO,0.05555555555555555
2024-07-18,NVDA,-0.05555555555555555
2024-07-18,SPWR,0.05555555555555555
2024-07-18,STI,-0.05555555555555555
2024-07-18,DPZ,0.05555555555555555
2024-07-18,DHI,-0.05555555555555555
2024-07-18,BBT,-0.05555555555555555
2024-07-18,QQQ,0.05555555555555555
2024-07-18,ANF,-0.05555555555555555
2024-07-18,HTZ,-0.05555555555555555
2024-07-18,KGC,0.05555555555555555
2024-07-18,PVH,0.05555555555555555
2024-07-18,EW,0.05555555555555555
2024-07-18,NTAP,0.05555555555555555
2024-07-18,RF,-0.05555555555555555
2024-07-18,BSX,0.05555555555555555
2024-07-18,M,-0.05555555555555555
2024-07-19,BAX,-0.05555555555555555
2024-07-19,VWO,0.05555555555555555
2024-07-19,SPWR,0.05555555555555555
2024-07-19,STI,0.05555555555555555
2024-07-19,TRV,0.05555555555555555
2024-07-19,DPZ,0.05555555555555555
2024-07-19,DHI,-0.05555555555555555
2024-07-19,EOG,0.05555555555555555
2024-07-19,ANF,-0.05555555555555555
2024-07-19,HTZ,-0.05555555555555555
2024-07-19,KGC,0.05555555555555555
2024-07-19,GOLD,-0.05555555555555555
2024-07-19,WMB,-0.05555555555555555
2024-07-19,RL,0.05555555555555555
2024-07-19,HUM,-0.05555555555555555
2024-07-19,TRIP,0.05555555555555555
2024-07-19,BX,-0.05555555555555555
2024-07-19,CP,-0.05555555555555555
2024-07-22,BAX,-0.05555555555555555
2024-07-22,NVDA,-0.05555555555555555
2024-07-22,SPWR,-0.05555555555555555
2024-07-22,STI,0.05555555555555555
2024-07-22,NDAQ,-0.05555555555555555
2024-07-22,TRV,0.05555555555555555
2024-07-22,BBT,0.05555555555555555
2024-07-22,WFC,0.05555555555555555
2024-07-22,EOG,0.05555555555555555
2024-07-22,HTZ,-0.05555555555555555
2024-07-22,ORCL,-0.05555555555555555
2024-07-22,MS,0.05555555555555555
2024-07-22,KEY,0.05555555555555555
2024-07-22,WMB,-0.05555555555555555
2024-07-22,CLX,0.05555555555555555
2024-07-22,OHI,-0.05555555555555555
2024-07-22,COF,0.05555555555555555
2024-07-22,ZUMZ,-0.05555555555555555
2024-07-23,MNST,-0.05555555555555555
2024-07-23,PPG,0.05555555555555555
2024-07-23,VWO,0.05555555555555555
2024-07-23,SPWR,0.05555555555555555
2024-07-23,EWC,0.05555555555555555
2024-07-23,EOG,0.05555555555555555
2024-07-23,ANF,-0.05555555555555555
2024-07-23,HTZ,-0.05555555555555555
2024-07-23,ORCL,-0.05555555555555555
2024-07-23,CCL,-0.05555555555555555
2024-07-23,D,0.05555555555555555
2024-07-23,NWSA,-0.05555555555555555
2024-07-23,CME,0.05555555555555555
2024-07-23,CLX,0.05555555555555555
2024-07-23,OHI,-0.05555555555555555
2024-07-23,ZUMZ,-0.05555555555555555
2024-07-23,VZ,0.05555555555555555
2024-07-23,BMY,-0.05555555555555555
2024-07-24,MNST,-0.05555555555555555
2024-07-24,VWO,0.05555555555555555
2024-07-24,SPWR,0.05555555555555555
2024-07-24,QCOM,0.05555555555555555
2024-07-24,KMB,0.05555555555555555
2024-07-24,EWC,0.05555555555555555
2024-07-24,QQQ,0.05555555555555555
2024-07-24,TSM,-0.05555555555555555
2024-07-24,MAR,0.05555555555555555
2024-07-24,KGC,0.05555555555555555
2024-07-24,KO,-0.05555555555555555
2024-07-24,ULTA,-0.05555555555555555
2024-07-24,NTAP,0.05555555555555555
2024-07-24,MRVL,-0.05555555555555555
2024-07-24,PRGO,-0.05555555555555555
2024-07-24,M,-0.05555555555555555
2024-07-24,ZUMZ,-0.05555555555555555
2024-07-24,BMY,-0.05555555555555555
2024-07-25,VWO,0.05555555555555555
2024-07-25,HP,-0.05555555555555555
2024-07-25,HOG,-0.05555555555555555
2024-07-25,SPWR,0.05555555555555555
2024-07-25,QCOM,0.05555555555555555
2024-07-25,STI,-0.05555555555555555
2024-07-25,NDAQ,-0.05555555555555555
2024-07-25,HAS,-0.05555555555555555
2024-07-25,DPZ,-0.05555555555555555
2024-07-25,VTR,0.05555555555555555
2024-07-25,BBT,-0.05555555555555555
2024-07-25,SIRI,-0.05555555555555555
2024-07-25,KGC,0.05555555555555555
2024-07-25,WMB,0.05555555555555555
2024-07-25,ULTA,-0.05555555555555555
2024-07-25,PCG,0.05555555555555555
2024-07-25,OHI,0.05555555555555555
2024-07-25,SYK,0.05555555555555555
2024-07-26,MNST,-0.05555555555555555
2024-07-26,CNC,-0.05555555555555555
2024-07-26,AMTD,0.05555555555555555
2024-07-26,SPWR,0.05555555555555555
2024-07-26,NSC,-0.05555555555555555
2024-07-26,NDAQ,-0.05555555555555555
2024-07-26,BBT,-0.05555555555555555
2024-07-26,QQQ,-0.05555555555555555
2024-07-26,KGC,0.05555555555555555
2024-07-26,ULTA,-0.05555555555555555
2024-07-26,EW,0.05555555555555555
2024-07-26,PCG,0.05555555555555555
2024-07-26,NTES,0.05555555555555555
2024-07-26,SYK,0.05555555555555555
2024-07-26,BSX,0.05555555555555555
2024-07-26,ENB,-0.05555555555555555
2024-07-26,VZ,0.05555555555555555
2024-07-26,BMY,-0.05555555555555555
2024-07-29,DAL,0.05555555555555555
2024-07-29,SPWR,0.05555555555555555
2024-07-29,NSC,-0.05555555555555555
2024-07-29,RRC,0.05555555555555555
2024-07-29,QCOM,-0.05555555555555555
2024-07-29,NDAQ,-0.05555555555555555
2024-07-29,VTR,-0.05555555555555555
2024-07-29,EOG,0.05555555555555555
2024-07-29,SIRI,0.05555555555555555
2024-07-29,HTZ,-0.05555555555555555
2024-07-29,MS,0.05555555555555555
2024-07-29,EW,0.05555555555555555
2024-07-29,HUM,-0.05555555555555555
2024-07-29,NTAP,0.05555555555555555
2024-07-29,NTES,0.05555555555555555
2024-07-29,OHI,-0.05555555555555555
2024-07-29,ENB,-0.05555555555555555
2024-07-29,ZUMZ,-0.05555555555555555
2024-07-30,SPWR,0.05555555555555555
2024-07-30,RRC,0.05555555555555555
2024-07-30,GREK,0.05555555555555555
2024-07-30,QCOM,-0.05555555555555555
2024-07-30,NDAQ,-0.05555555555555555
2024-07-30,VTR,-0.05555555555555555
2024-07-30,BBT,-0.05555555555555555
2024-07-30,MU,0.05555555555555555
2024-07-30,TSM,0.05555555555555555
2024-07-30,MAR,-0.05555555555555555
2024-07-30,ULTA,-0.05555555555555555
2024-07-30,HUM,-0.05555555555555555
2024-07-30,NTAP,0.05555555555555555
2024-07-30,RF,-0.05555555555555555
2024-07-30,CME,0.05555555555555555
2024-07-30,SYK,-0.05555555555555555
2024-07-30,CAT,0.05555555555555555
2024-07-30,MRK,0.05555555555555555
2024-07-31,NVDA,-0.05555555555555555
2024-07-31,SPWR,0.05555555555555555
2024-07-31,JNJ,0.05555555555555555
2024-07-31,KMB,0.05555555555555555
2024-07-31,QQQ,-0.05555555555555555
2024-07-31,ORCL,-0.05555555555555555
2024-07-31,TSM,-0.05555555555555555
2024-07-31,MAR,-0.05555555555555555
2024-07-31,KO,0.05555555555555555
2024-07-31,EW,0.05555555555555555
2024-07-31,HUM,-0.05555555555555555
2024-07-31,MRVL,-0.05555555555555555
2024-07-31,PCG,0.05555555555555555
2024-07-31,CME,0.05555555555555555
2024-07-31,SYK,0.05555555555555555
2024-07-31,CSIQ,-0.05555555555555555
2024-07-31,ENB,-0.05555555555555555
2024-07-31,MRK,0.05555555555555555
2024-08-01,SPWR,0.05555555555555555
2024-08-01,STI,0.05555555555555555
2024-08-01,TRV,-0.05555555555555555
2024-08-01,VTR,-0.05555555555555555
2024-08-01,EOG,0.05555555555555555
2024-08-01,DLTR,0.05555555555555555
2024-08-01,MAR,-0.05555555555555555
2024-08-01,KEY,0.05555555555555555
2024-08-01,TRP,-0.05555555555555555
2024-08-01,D,-0.05555555555555555
2024-08-01,HUM,-0.05555555555555555
2024-08-01,NTAP,0.05555555555555555
2024-08-01,DUK,-0.05555555555555555
2024-08-01,RF,0.05555555555555555
2024-08-01,CSIQ,-0.05555555555555555
2024-08-01,COF,0.05555555555555555
2024-08-01,ENB,-0.05555555555555555
2024-08-01,CAT,0.05555555555555555
2024-08-02,MNST,-0.05555555555555555
2024-08-02,SPWR,0.05555555555555555
2024-08-02,STI,0.05555555555555555
2024-08-02,VTR,-0.05555555555555555
2024-08-02,ANF,0.05555555555555555
2024-08-02,MS,0.05555555555555555
2024-08-02,MAR,-0.05555555555555555
2024-08-02,KGC,0.05555555555555555
2024-08-02,D,-0.05555555555555555
2024-08-02,ULTA,0.05555555555555555
2024-08-02,NTAP,0.05555555555555555
2024-08-02,RF,0.05555555555555555
2024-08-02,CLX,-0.05555555555555555
2024-08-02,OHI,-0.05555555555555555
2024-08-02,CSIQ,-0.05555555555555555
2024-08-02,COF,0.05555555555555555
2024-08-02,ENB,-0.05555555555555555
2024-08-02,CAT,-0.05555555555555555
2024-08-05,PPG,0.05555555555555555
2024-08-05,BBT,0.05555555555555555
2024-08-05,QQQ,0.05555555555555555
2024-08-05,SIRI,-0.05555555555555555
2024-08-05,HTZ,-0.05555555555555555
2024-08-05,ORCL,0.05555555555555555
2024-08-05,MS,0.05555555555555555
2024-08-05,KGC,0.05555555555555555
2024-08-05,HUM,-0.05555555555555555
2024-08-05,NTAP,0.05555555555555555
2024-08-05,WSM,0.05555555555555555
2024-08-05,HMC,-0.05555555555555555
2024-08-05,PRGO,-0.05555555555555555
2024-08-05,SYK,-0.05555555555555555
2024-08-05,CSIQ,-0.05555555555555555
2024-08-05,M,-0.05555555555555555
2024-08-05,COF,0.05555555555555555
2024-08-05,CAT,-0.05555555555555555
2024-08-06,MET,0.05555555555555555
2024-08-06,PPG,0.05555555555555555
2024-08-06,BAX,-0.05555555555555555
2024-08-06,VWO,0.05555555555555555
2024-08-06,GREK,0.05555555555555555
2024-08-06,NDAQ,-0.05555555555555555
2024-08-06,VTR,-0.05555555555555555
2024-08-06,EWC,-0.05555555555555555
2024-08-06,HTZ,-0.05555555555555555
2024-08-06,ORCL,0.05555555555555555
2024-08-06,MS,0.05555555555555555
2024-08-06,TRP,-0.05555555555555555
2024-08-06,PCG,0.05555555555555555
2024-08-06,CSIQ,-0.05555555555555555
2024-08-06,M,-0.05555555555555555
2024-08-06,COF,0.05555555555555555
2024-08-06,ENB,-0.05555555555555555
2024-08-06,CAT,0.05555555555555555
2024-08-07,PPG,0.05555555555555555
2024-08-07,AMTD,0.05555555555555555
2024-08-07,NDAQ,-0.05555555555555555
2024-08-07,DPZ,0.05555555555555555
2024-08-07,VTR,-0.05555555555555555
2024-08-07,SIRI,-0.05555555555555555
2024-08-07,HTZ,-0.05555555555555555
2024-08-07,ORCL,0.05555555555555555
2024-08-07,MS,0.05555555555555555
2024-08-07,ILMN,-0.05555555555555555
2024-08-07,KGC,0.05555555555555555
2024-08-07,ULTA,-0.05555555555555555
2024-08-07,RL,0.05555555555555555
2024-08-07,TRIP,-0.05555555555555555
2024-08-07,BX,0.05555555555555555
2024-08-07,LOW,0.05555555555555555
2024-08-07,CSIQ,-0.05555555555555555
2024-08-07,ENB,-0.05555555555555555
2024-08-08,PPG,0.05555555555555555
2024-08-08,CF,-0.05555555555555555
2024-08-08,ICE,-0.05555555555555555
2024-08-08,RRC,-0.05555555555555555
2024-08-08,NDAQ,-0.05555555555555555
2024-08-08,TRV,0.05555555555555555
2024-08-08,DPZ,0.05555555555555555
2024-08-08,VTR,-0.05555555555555555
2024-08-08,BDX,0.05555555555555555
2024-08-08,HTZ,-0.05555555555555555
2024-08-08,DLTR,0.05555555555555555
2024-08-08,ILMN,-0.05555555555555555
2024-08-08,D,0.05555555555555555
2024-08-08,RL,0.05555555555555555
2024-08-08,HUM,-0.05555555555555555
2024-08-08,HMC,0.05555555555555555
2024-08-08,SYK,-0.05555555555555555
2024-08-08,CSIQ,0.05555555555555555
2024-08-09,MNST,0.05555555555555555
2024-08-09,ICE,-0.05555555555555555
2024-08-09,CAG,0.05555555555555555
2024-08-09,GREK,0.05555555555555555
2024-08-09,KMB,0.05555555555555555
2024-08-09,NDAQ,-0.05555555555555555
2024-08-09,DPZ,0.05555555555555555
2024-08-09,VTR,-0.05555555555555555
2024-08-09,BDX,0.05555555555555555
2024-08-09,HTZ,-0.05555555555555555
2024-08-09,ILMN,-0.05555555555555555
2024-08-09,HUM,-0.05555555555555555
2024-08-09,NWSA,-0.05555555555555555
2024-08-09,TRIP,0.05555555555555555
2024-08-09,MRVL,-0.05555555555555555
2024-08-09,PRGO,0.05555555555555555
2024-08-09,SYK,0.05555555555555555
2024-08-09,CSIQ,-0.05555555555555555
2024-08-12,MNST,0.05555555555555555
2024-08-12,KMB,0.05555555555555555
2024-08-12,NDAQ,-0.05555555555555555
2024-08-12,BBT,0.05555555555555555
2024-08-12,BDX,0.05555555555555555
2024-08-12,EWI,0.05555555555555555
2024-08-12,DLTR,0.05555555555555555
2024-08-12,KEY,-0.05555555555555555
2024-08-12,ILMN,-0.05555555555555555
2024-08-12,TRP,-0.05555555555555555
2024-08-12,RL,0.05555555555555555
2024-08-12,HUM,-0.05555555555555555
2024-08-12,TRIP,-0.05555555555555555
2024-08-12,PRGO,0.05555555555555555
2024-08-12,SYK,0.05555555555555555
2024-08-12,ENB,-0.05555555555555555
2024-08-12,ZUMZ,-0.05555555555555555
2024-08-12,BMY,-0.05555555555555555
2024-08-13,MNST,0.05555555555555555
2024-08-13,AMTD,0.05555555555555555
2024-08-13,HOG,-0.05555555555555555
2024-08-13,SPWR,0.05555555555555555
2024-08-13,KMB,0.05555555555555555
2024-08-13,NDAQ,-0.05555555555555555
2024-08-13,DHI,-0.05555555555555555
2024-08-13,BBT,-0.05555555555555555
2024-08-13,EOG,0.05555555555555555
2024-08-13,DLTR,0.05555555555555555
2024-08-13,TRP,-0.05555555555555555
2024-08-13,HUM,-0.05555555555555555
2024-08-13,NWSA,0.05555555555555555
2024-08-13,SYK,0.05555555555555555
2024-08-13,BSX,0.05555555555555555
2024-08-13,ENB,-0.05555555555555555
2024-08-13,ZUMZ,-0.05555555555555555
2024-08-13,BMY,-0.05555555555555555
2024-08-14,AMTD,0.05555555555555555
2024-08-14,A,0.05555555555555555
2024-08-14,ICE,-0.05555555555555555
2024-08-14,CAG,-0.05555555555555555
2024-08-14,NDAQ,-0.05555555555555555
2024-08-14,DPZ,0.05555555555555555
2024-08-14,VTR,0.05555555555555555
2024-08-14,DHI,-0.05555555555555555
2024-08-14,BDX,0.05555555555555555
2024-08-14,QQQ,0.05555555555555555
2024-08-14,DLTR,0.05555555555555555
2024-08-14,D,-0.05555555555555555
2024-08-14,RL,-0.05555555555555555
2024-08-14,NWSA,0.05555555555555555
2024-08-14,BX,-0.05555555555555555
2024-08-14,NTES,0.05555555555555555
2024-08-14,ENB,-0.05555555555555555
2024-08-14,BMY,-0.05555555555555555
2024-08-15,SPWR,0.05555555555555555
2024-08-15,CAG,0.05555555555555555
2024-08-15,NDAQ,-0.05555555555555555
2024-08-15,DPZ,0.05555555555555555
2024-08-15,VTR,0.05555555555555555
2024-08-15,DHI,-0.05555555555555555
2024-08-15,BBT,-0.05555555555555555
2024-08-15,BDX,0.05555555555555555
2024-08-15,HTZ,-0.05555555555555555
2024-08-15,DLTR,-0.05555555555555555
2024-08-15,ILMN,-0.05555555555555555
2024-08-15,ULTA,-0.05555555555555555
2024-08-15,CME,0.05555555555555555
2024-08-15,OHI,0.05555555555555555
2024-08-15,SYK,0.05555555555555555
2024-08-15,CSIQ,-0.05555555555555555
2024-08-15,ZUMZ,-0.05555555555555555
2024-08-15,VZ,0.05555555555555555
2024-08-16,MNST,0.05555555555555555
2024-08-16,AMTD,0.05555555555555555
2024-08-16,AA,0.05555555555555555
2024-08-16,NDAQ,-0.05555555555555555
2024-08-16,DPZ,0.05555555555555555
2024-08-16,DHI,-0.05555555555555555
2024-08-16,BBT,-0.05555555555555555
2024-08-16,BDX,0.05555555555555555
2024-08-16,ILMN,-0.05555555555555555
2024-08-16,TRP,-0.05555555555555555
2024-08-16,D,-0.05555555555555555
2024-08-16,ULTA,-0.05555555555555555
2024-08-16,NWSA,0.05555555555555555
2024-08-16,HMC,0.05555555555555555
2024-08-16,OHI,0.05555555555555555
2024-08-16,SYK,0.05555555555555555
2024-08-16,CSIQ,-0.05555555555555555
2024-08-16,BMY,-0.05555555555555555
2024-08-19,CF,0.05555555555555555
2024-08-19,HP,-0.05555555555555555
2024-08-19,BUD,0.05555555555555555
2024-08-19,DPZ,0.05555555555555555
2024-08-19,DHI,-0.05555555555555555
2024-08-19,BBT,-0.05555555555555555
2024-08-19,BDX,0.05555555555555555
2024-08-19,QQQ,0.05555555555555555
2024-08-19,TSM,0.05555555555555555
2024-08-19,MAR,0.05555555555555555
2024-08-19,ILMN,-0.05555555555555555
2024-08-19,TRP,-0.05555555555555555
2024-08-19,RF,-0.05555555555555555
2024-08-19,SYK,0.05555555555555555
2024-08-19,CSIQ,-0.05555555555555555
2024-08-19,COF,-0.05555555555555555
2024-08-19,ENB,-0.05555555555555555
2024-08-19,VZ,0.05555555555555555
2024-08-20,AMTD,-0.05555555555555555
2024-08-20,HOG,-0.05555555555555555
2024-08-20,AA,-0.05555555555555555
2024-08-20,BUD,0.05555555555555555
2024-08-20,STI,-0.05555555555555555
2024-08-20,VTR,-0.05555555555555555
2024-08-20,DHI,-0.05555555555555555
2024-08-20,BDX,0.05555555555555555
2024-08-20,EOG,0.05555555555555555
2024-08-20,QQQ,0.05555555555555555
2024-08-20,TSM,0.05555555555555555
2024-08-20,MAR,0.05555555555555555
2024-08-20,ILMN,-0.05555555555555555
2024-08-20,MRVL,-0.05555555555555555
2024-08-20,NTES,0.05555555555555555
2024-08-20,SYK,0.05555555555555555
2024-08-20,CSIQ,-0.05555555555555555
2024-08-20,VZ,0.05555555555555555
2024-08-21,ICE,-0.05555555555555555
2024-08-21,NDAQ,-0.05555555555555555
2024-08-21,HAS,-0.05555555555555555
2024-08-21,DHI,-0.05555555555555555
2024-08-21,BDX,0.05555555555555555
2024-08-21,EBAY,-0.05555555555555555
2024-08-21,EOG,0.05555555555555555
2024-08-21,QQQ,0.05555555555555555
2024-08-21,TSM,0.05555555555555555
2024-08-21,MAR,0.05555555555555555
2024-08-21,ILMN,-0.05555555555555555
2024-08-21,TRP,0.05555555555555555
2024-08-21,BX,-0.05555555555555555
2024-08-21,MRVL,-0.05555555555555555
2024-08-21,SYK,0.05555555555555555
2024-08-21,XLE,0.05555555555555555
2024-08-21,M,-0.05555555555555555
2024-08-21,VZ,0.05555555555555555
2024-08-22,BAX,-0.05555555555555555
2024-08-22,VWO,0.05555555555555555
2024-08-22,ICE,-0.05555555555555555
2024-08-22,QCOM,0.05555555555555555
2024-08-22,HAS,-0.05555555555555555
2024-08-22,VTR,-0.05555555555555555
2024-08-22,DHI,-0.05555555555555555
2024-08-22,QQQ,0.05555555555555555
2024-08-22,HTZ,-0.05555555555555555
2024-08-22,ORCL,0.05555555555555555
2024-08-22,TSM,0.05555555555555555
2024-08-22,ILMN,-0.05555555555555555
2024-08-22,KGC,0.05555555555555555
2024-08-22,WSM,0.05555555555555555
2024-08-22,BX,-0.05555555555555555
2024-08-22,XLE,0.05555555555555555
2024-08-22,ZUMZ,-0.05555555555555555
2024-08-22,VZ,0.05555555555555555
2024-08-23,CF,-0.05555555555555555
2024-08-23,SPWR,0.05555555555555555
2024-08-23,ICE,-0.05555555555555555
2024-08-23,KMB,0.05555555555555555
2024-08-23,HAS,-0.05555555555555555
2024-08-23,DHI,-0.05555555555555555
2024-08-23,MU,0.05555555555555555
2024-08-23,QQQ,0.05555555555555555
2024-08-23,DLTR,0.05555555555555555
2024-08-23,MAR,0.05555555555555555
2024-08-23,ILMN,-0.05555555555555555
2024-08-23,TRP,-0.05555555555555555
2024-08-23,ULTA,0.05555555555555555
2024-08-23,HUM,0.05555555555555555
2024-08-23,BX,-0.05555555555555555
2024-08-23,LOW,-0.05555555555555555
2024-08-23,CME,0.05555555555555555
2024-08-23,ZUMZ,-0.05555555555555555
2024-08-26,AMTD,-0.05555555555555555
2024-08-26,CF,-0.05555555555555555
2024-08-26,AA,0.05555555555555555
2024-08-26,HYG,0.05555555555555555
2024-08-26,BUD,0.05555555555555555
2024-08-26,NSC,-0.05555555555555555
2024-08-26,QCOM,0.05555555555555555
2024-08-26,HAS,-0.05555555555555555
2024-08-26,DHI,-0.05555555555555555
2024-08-26,MU,0.05555555555555555
2024-08-26,QQQ,0.05555555555555555
2024-08-26,MAR,0.05555555555555555
2024-08-26,ILMN,-0.05555555555555555
2024-08-26,WSM,0.05555555555555555
2024-08-26,BX,-0.05555555555555555
2024-08-26,LOW,-0.05555555555555555
2024-08-26,PCG,-0.05555555555555555
2024-08-26,NTES,0.05555555555555555
2024-08-27,CNC,-0.05555555555555555
2024-08-27,SPWR,0.05555555555555555
2024-08-27,NSC,-0.05555555555555555
2024-08-27,KMB,0.05555555555555555
2024-08-27,NDAQ,-0.05555555555555555
2024-08-27,VTR,-0.05555555555555555
2024-08-27,DHI,-0.05555555555555555
2024-08-27,EBAY,-0.05555555555555555
2024-08-27,QQQ,0.05555555555555555
2024-08-27,HTZ,0.05555555555555555
2024-08-27,KGC,0.05555555555555555
2024-08-27,TRP,-0.05555555555555555
2024-08-27,HUM,0.05555555555555555
2024-08-27,WSM,0.05555555555555555
2024-08-27,BX,-0.05555555555555555
2024-08-27,LOW,-0.05555555555555555
2024-08-27,MRVL,0.05555555555555555
2024-08-27,XLE,0.05555555555555555
2024-08-28,CNC,-0.05555555555555555
2024-08-28,AMTD,-0.05555555555555555
2024-08-28,SPWR,0.05555555555555555
2024-08-28,NSC,-0.05555555555555555
2024-08-28,VTR,-0.05555555555555555
2024-08-28,DHI,-0.05555555555555555
2024-08-28,EWC,0.05555555555555555
2024-08-28,EWI,0.05555555555555555
2024-08-28,ANF,0.05555555555555555
2024-08-28,ILMN,-0.05555555555555555
2024-08-28,KGC,0.05555555555555555
2024-08-28,PVH,0.05555555555555555
2024-08-28,HUM,0.05555555555555555
2024-08-28,LOW,-0.05555555555555555
2024-08-28,NTES,0.05555555555555555
2024-08-28,CSIQ,-0.05555555555555555
2024-08-28,ENB,0.05555555555555555
2024-08-28,BMY,-0.05555555555555555
2024-08-29,CNC,-0.05555555555555555
2024-08-29,AMTD,-0.05555555555555555
2024-08-29,XLP,0.05555555555555555
2024-08-29,NSC,-0.05555555555555555
2024-08-29,STI,0.05555555555555555
2024-08-29,KMB,0.05555555555555555
2024-08-29,DHI,-0.05555555555555555
2024-08-29,EWC,0.05555555555555555
2024-08-29,EWI,0.05555555555555555
2024-08-29,ANF,0.05555555555555555
2024-08-29,DLTR,0.05555555555555555
2024-08-29,ILMN,-0.05555555555555555
2024-08-29,HUM,0.05555555555555555
2024-08-29,NTAP,0.05555555555555555
2024-08-29,LOW,-0.05555555555555555
2024-08-29,CLX,-0.05555555555555555
2024-08-29,CSIQ,-0.05555555555555555
2024-08-29,BMY,-0.05555555555555555
2024-08-30,CNC,-0.05555555555555555
2024-08-30,AMTD,0.05555555555555555
2024-08-30,SPWR,0.05555555555555555
2024-08-30,NSC,-0.05555555555555555
2024-08-30,STI,-0.05555555555555555
2024-08-30,DPZ,-0.05555555555555555
2024-08-30,VTR,-0.05555555555555555
2024-08-30,DHI,-0.05555555555555555
2024-08-30,EWC,0.05555555555555555
2024-08-30,EOG,0.05555555555555555
2024-08-30,EWI,0.05555555555555555
2024-08-30,DLTR,0.05555555555555555
2024-08-30,KEY,-0.05555555555555555
2024-08-30,KGC,0.05555555555555555
2024-08-30,TRP,-0.05555555555555555
2024-08-30,HUM,0.05555555555555555
2024-08-30,NTAP,0.05555555555555555
2024-08-30,LOW,-0.05555555555555555
2024-09-03,CNC,-0.05555555555555555
2024-09-03,A,0.05555555555555555
2024-09-03,AA,-0.05555555555555555
2024-09-03,HYG,0.05555555555555555
2024-09-03,NSC,-0.05555555555555555
2024-09-03,DPZ,-0.05555555555555555
2024-09-03,VTR,-0.05555555555555555
2024-09-03,EWC,0.05555555555555555
2024-09-03,BBT,0.05555555555555555
2024-09-03,EOG,0.05555555555555555
2024-09-03,QQQ,-0.05555555555555555
2024-09-03,EWI,0.05555555555555555
2024-09-03,TSM,0.05555555555555555
2024-09-03,D,-0.05555555555555555
2024-09-03,CLX,-0.05555555555555555
2024-09-03,ZUMZ,0.05555555555555555
2024-09-03,CAT,0.05555555555555555
2024-09-03,BMY,-0.05555555555555555
2024-09-04,A,0.05555555555555555
2024-09-04,NSC,-0.05555555555555555
2024-09-04,NDAQ,-0.05555555555555555
2024-09-04,HAS,-0.05555555555555555
2024-09-04,DPZ,-0.05555555555555555
2024-09-04,EWC,0.05555555555555555
2024-09-04,BBT,0.05555555555555555
2024-09-04,BDX,0.05555555555555555
2024-09-04,EOG,0.05555555555555555
2024-09-04,EWI,0.05555555555555555
2024-09-04,SIRI,-0.05555555555555555
2024-09-04,TSM,0.05555555555555555
2024-09-04,TRP,-0.05555555555555555
2024-09-04,D,-0.05555555555555555
2024-09-04,CLX,-0.05555555555555555
2024-09-04,OHI,-0.05555555555555555
2024-09-04,ZUMZ,0.05555555555555555
2024-09-04,CAT,0.05555555555555555
2024-09-05,CNC,0.05555555555555555
2024-09-05,PPG,0.05555555555555555
2024-09-05,BAX,-0.05555555555555555
2024-09-05,AA,-0.05555555555555555
2024-09-05,JNJ,0.05555555555555555
2024-09-05,NDAQ,-0.05555555555555555
2024-09-05,DPZ,-0.05555555555555555
2024-09-05,VTR,-0.05555555555555555
2024-09-05,EWC,0.05555555555555555
2024-09-05,BDX,0.05555555555555555
2024-09-05,EOG,0.05555555555555555
2024-09-05,SIRI,-0.05555555555555555
2024-09-05,TRP,-0.05555555555555555
2024-09-05,KO,0.05555555555555555
2024-09-05,ULTA,-0.05555555555555555
2024-09-05,NTAP,0.05555555555555555
2024-09-05,CLX,-0.05555555555555555
2024-09-05,ZUMZ,0.05555555555555555
2024-09-06,HP,-0.05555555555555555
2024-09-06,AA,-0.05555555555555555
2024-09-06,ICE,0.05555555555555555
2024-09-06,TRV,-0.05555555555555555
2024-09-06,DHI,-0.05555555555555555
2024-09-06,EWC,0.05555555555555555
2024-09-06,BBT,0.05555555555555555
2024-09-06,BDX,0.05555555555555555
2024-09-06,EBAY,-0.05555555555555555
2024-09-06,QQQ,0.05555555555555555
2024-09-06,SIRI,-0.05555555555555555
2024-09-06,HTZ,-0.05555555555555555
2024-09-06,CCL,-0.05555555555555555
2024-09-06,TSM,0.05555555555555555
2024-09-06,KO,0.05555555555555555
2024-09-06,CLX,-0.05555555555555555
2024-09-06,COF,0.05555555555555555
2024-09-06,CAT,0.05555555555555555
2024-09-09,MET,0.05555555555555555
2024-09-09,DAL,-0.05555555555555555
2024-09-09,SPWR,0.05555555555555555
2024-09-09,NSC,-0.05555555555555555
2024-09-09,HAS,-0.05555555555555555
2024-09-09,TRV,-0.05555555555555555
2024-09-09,VTR,-0.05555555555555555
2024-09-09,DHI,-0.05555555555555555
2024-09-09,BBT,0.05555555555555555
2024-09-09,EOG,0.05555555555555555
2024-09-09,QQQ,0.05555555555555555
2024-09-09,EWI,0.05555555555555555
2024-09-09,SIRI,-0.05555555555555555
2024-09-09,ORCL,0.05555555555555555
2024-09-09,ALK,-0.05555555555555555
2024-09-09,ILMN,0.05555555555555555
2024-09-09,TRP,-0.05555555555555555
2024-09-09,ZUMZ,0.05555555555555555
2024-09-10,MET,0.05555555555555555
2024-09-10,AA,-0.05555555555555555
2024-09-10,NSC,-0.05555555555555555
2024-09-10,TRV,-0.05555555555555555
2024-09-10,VTR,-0.05555555555555555
2024-09-10,EBAY,-0.05555555555555555
2024-09-10,EOG,0.05555555555555555
2024-09-10,EWI,0.05555555555555555
2024-09-10,HTZ,-0.05555555555555555
2024-09-10,ORCL,-0.05555555555555555
2024-09-10,MS,0.05555555555555555
2024-09-10,TRP,0.05555555555555555
2024-09-10,D,-0.05555555555555555
2024-09-10,PCG,0.05555555555555555
2024-09-10,RF,0.05555555555555555
2024-09-10,CLX,-0.05555555555555555
2024-09-10,COF,0.05555555555555555
2024-09-10,ENB,0.05555555555555555
2024-09-11,CNC,-0.05555555555555555
2024-09-11,XLP,0.05555555555555555
2024-09-11,WEN,0.05555555555555555
2024-09-11,DAL,-0.05555555555555555
2024-09-11,NSC,-0.05555555555555555
2024-09-11,ICE,0.05555555555555555
2024-09-11,RRC,-0.05555555555555555
2024-09-11,CAG,0.05555555555555555
2024-09-11,KMB,0.05555555555555555
2024-09-11,VTR,-0.05555555555555555
2024-09-11,MU,-0.05555555555555555
2024-09-11,EOG,0.05555555555555555
2024-09-11,SIRI,-0.05555555555555555
2024-09-11,TRP,0.05555555555555555
2024-09-11,EW,-0.05555555555555555
2024-09-11,MRVL,-0.05555555555555555
2024-09-11,RF,0.05555555555555555
2024-09-11,ZUMZ,0.05555555555555555
2024-09-12,CNC,-0.05555555555555555
2024-09-12,A,0.05555555555555555
2024-09-12,WEN,0.05555555555555555
2024-09-12,NSC,-0.05555555555555555
2024-09-12,STI,0.05555555555555555
2024-09-12,KMB,0.05555555555555555
2024-09-12,NDAQ,-0.05555555555555555
2024-09-12,DPZ,0.05555555555555555
2024-09-12,BBT,0.05555555555555555
2024-09-12,EBAY,-0.05555555555555555
2024-09-12,EOG,0.05555555555555555
2024-09-12,SIRI,-0.05555555555555555
2024-09-12,ALK,-0.05555555555555555
2024-09-12,DUK,0.05555555555555555
2024-09-12,RF,0.05555555555555555
2024-09-12,CLX,-0.05555555555555555
2024-09-12,OHI,-0.05555555555555555
2024-09-12,BSX,-0.05555555555555555
2024-09-13,AMTD,0.05555555555555555
2024-09-13,CF,-0.05555555555555555
2024-09-13,DAL,-0.05555555555555555
2024-09-13,NSC,-0.05555555555555555
2024-09-13,STI,0.05555555555555555
2024-09-13,KMB,0.05555555555555555
2024-09-13,NDAQ,-0.05555555555555555
2024-09-13,HAS,-0.05555555555555555
2024-09-13,TRV,-0.05555555555555555
2024-09-13,DPZ,0.05555555555555555
2024-09-13,BDX,0.05555555555555555
2024-09-13,EOG,0.05555555555555555
2024-09-13,QQQ,0.05555555555555555
2024-09-13,ALK,-0.05555555555555555
2024-09-13,ILMN,-0.05555555555555555
2024-09-13,D,-0.05555555555555555
2024-09-13,RF,0.05555555555555555
2024-09-13,CAT,0.05555555555555555
2024-09-16,BAX,-0.05555555555555555
2024-09-16,HP,0.05555555555555555
2024-09-16,DAL,-0.05555555555555555
2024-09-16,STI,0.05555555555555555
2024-09-16,HAS,-0.05555555555555555
2024-09-16,TRV,-0.05555555555555555
2024-09-16,DPZ,0.05555555555555555
2024-09-16,BDX,0.05555555555555555
2024-09-16,EBAY,-0.05555555555555555
2024-09-16,QQQ,0.05555555555555555
2024-09-16,SIRI,-0.05555555555555555
2024-09-16,ANF,0.05555555555555555
2024-09-16,HTZ,-0.05555555555555555
2024-09-16,ORCL,-0.05555555555555555
2024-09-16,HUM,0.05555555555555555
2024-09-16,ENB,-0.05555555555555555
2024-09-16,ZUMZ,0.05555555555555555
2024-09-16,CAT,0.05555555555555555
2024-09-17,CF,-0.05555555555555555
2024-09-17,XLP,0.05555555555555555
2024-09-17,DAL,-0.05555555555555555
2024-09-17,SPWR,-0.05555555555555555
2024-09-17,KMB,0.05555555555555555
2024-09-17,HAS,-0.05555555555555555
2024-09-17,DPZ,0.05555555555555555
2024-09-17,BDX,0.05555555555555555
2024-09-17,EBAY,-0.05555555555555555
2024-09-17,QQQ,0.05555555555555555
2024-09-17,SIRI,-0.05555555555555555
2024-09-17,ORCL,-0.05555555555555555
2024-09-17,ULTA,-0.05555555555555555
2024-09-17,HUM,-0.05555555555555555
2024-09-17,OHI,0.05555555555555555
2024-09-17,SYK,0.05555555555555555
2024-09-17,BSX,0.05555555555555555
2024-09-17,ENB,0.05555555555555555
2024-09-18,MNST,-0.05555555555555555
2024-09-18,XLP,0.05555555555555555
2024-09-18,SPWR,-0.05555555555555555
2024-09-18,STI,0.05555555555555555
2024-09-18,KMB,0.05555555555555555
2024-09-18,NDAQ,-0.05555555555555555
2024-09-18,HAS,-0.05555555555555555
2024-09-18,SIRI,-0.05555555555555555
2024-09-18,ILMN,-0.05555555555555555
2024-09-18,TRP,0.05555555555555555
2024-09-18,D,0.05555555555555555
2024-09-18,ULTA,-0.05555555555555555
2024-09-18,HUM,-0.05555555555555555
2024-09-18,PCG,0.05555555555555555
2024-09-18,DUK,0.05555555555555555
2024-09-18,OHI,-0.05555555555555555
2024-09-18,SYK,0.05555555555555555
2024-09-18,ENB,0.05555555555555555
2024-09-19,AMTD,-0.05555555555555555
2024-09-19,XLP,0.05555555555555555
2024-09-19,SPWR,-0.05555555555555555
2024-09-19,ICE,0.05555555555555555
2024-09-19,KMB,0.05555555555555555
2024-09-19,NDAQ,-0.05555555555555555
2024-09-19,HAS,-0.05555555555555555
2024-09-19,VTR,0.05555555555555555
2024-09-19,DHI,-0.05555555555555555
2024-09-19,SIRI,-0.05555555555555555
2024-09-19,TRP,0.05555555555555555
2024-09-19,KO,0.05555555555555555
2024-09-19,HUM,-0.05555555555555555
2024-09-19,BX,-0.05555555555555555
2024-09-19,LOW,-0.05555555555555555
2024-09-19,DUK,0.05555555555555555
2024-09-19,OHI,0.05555555555555555
2024-09-19,ENB,0.05555555555555555
2024-09-20,PPG,0.05555555555555555
2024-09-20,BAX,0.05555555555555555
2024-09-20,BUD,0.05555555555555555
2024-09-20,SPWR,-0.05555555555555555
2024-09-20,JNJ,0.05555555555555555
2024-09-20,DPZ,0.05555555555555555
2024-09-20,VTR,0.05555555555555555
2024-09-20,SIRI,-0.05555555555555555
2024-09-20,ORCL,-0.05555555555555555
2024-09-20,CCL,-0.05555555555555555
2024-09-20,TRP,-0.05555555555555555
2024-09-20,ULTA,-0.05555555555555555
2024-09-20,HUM,-0.05555555555555555
2024-09-20,BX,-0.05555555555555555
2024-09-20,PCG,-0.05555555555555555
2024-09-20,CME,0.05555555555555555
2024-09-20,OHI,0.05555555555555555
2024-09-20,ZUMZ,0.05555555555555555
2024-09-23,BUD,0.05555555555555555
2024-09-23,SPWR,-0.05555555555555555
2024-09-23,QCOM,0.05555555555555555
2024-09-23,JNJ,0.05555555555555555
2024-09-23,HAS,-0.05555555555555555
2024-09-23,DPZ,0.05555555555555555
2024-09-23,VTR,-0.05555555555555555
2024-09-23,EBAY,-0.05555555555555555
2024-09-23,EWI,0.05555555555555555
2024-09-23,SIRI,-0.05555555555555555
2024-09-23,ALK,-0.05555555555555555
2024-09-23,TRP,-0.05555555555555555
2024-09-23,ULTA,-0.05555555555555555
2024-09-23,NWSA,0.05555555555555555
2024-09-23,RF,0.05555555555555555
2024-09-23,ZUMZ,0.05555555555555555
2024-09-23,CAT,-0.05555555555555555
2024-09-23,MRK,0.05555555555555555
2024-09-24,DAL,-0.05555555555555555
2024-09-24,SPWR,-0.05555555555555555
2024-09-24,ICE,0.05555555555555555
2024-09-24,JNJ,0.05555555555555555
2024-09-24,STI,-0.05555555555555555
2024-09-24,DPZ,0.05555555555555555
2024-09-24,BBT,0.05555555555555555
2024-09-24,EBAY,-0.05555555555555555
2024-09-24,ORCL,-0.05555555555555555
2024-09-24,KO,0.05555555555555555
2024-09-24,D,0.05555555555555555
2024-09-24,ULTA,-0.05555555555555555
2024-09-24,LOW,-0.05555555555555555
2024-09-24,DUK,0.05555555555555555
2024-09-24,NTES,-0.05555555555555555
2024-09-24,COF,0.05555555555555555
2024-09-24,CAT,-0.05555555555555555
2024-09-24,MRK,0.05555555555555555
2024-09-25,BAX,0.05555555555555555
2024-09-25,DAL,-0.05555555555555555
2024-09-25,HYG,0.05555555555555555
2024-09-25,SPWR,-0.05555555555555555
2024-09-25,JNJ,0.05555555555555555
2024-09-25,VTR,-0.05555555555555555
2024-09-25,DHI,0.05555555555555555
2024-09-25,BBT,0.05555555555555555
2024-09-25,EOG,0.05555555555555555
2024-09-25,QQQ,-0.05555555555555555
2024-09-25,HTZ,-0.05555555555555555
2024-09-25,ORCL,-0.05555555555555555
2024-09-25,ALK,-0.05555555555555555
2024-09-25,ULTA,-0.05555555555555555
2024-09-25,RF,0.05555555555555555
2024-09-25,ZUMZ,0.05555555555555555
2024-09-25,CAT,-0.05555555555555555
2024-09-25,MRK,0.05555555555555555
2024-09-26,PPG,-0.05555555555555555
2024-09-26,DAL,-0.05555555555555555
2024-09-26,ICE,0.05555555555555555
2024-09-26,MU,-0.05555555555555555
2024-09-26,EOG,0.05555555555555555
2024-09-26,QQQ,-0.05555555555555555
2024-09-26,CCL,-0.05555555555555555
2024-09-26,ALK,-0.05555555555555555
2024-09-26,WMB,0.05555555555555555
2024-09-26,D,0.05555555555555555
2024-09-26,ULTA,-0.05555555555555555
2024-09-26,RL,-0.05555555555555555
2024-09-26,PCG,0.05555555555555555
2024-09-26,DUK,0.05555555555555555
2024-09-26,OHI,0.05555555555555555
2024-09-26,ENB,0.05555555555555555
2024-09-26,CAT,-0.05555555555555555
2024-09-26,MRK,0.05555555555555555
2024-09-27,MET,-0.05555555555555555
2024-09-27,DAL,-0.05555555555555555
2024-09-27,SPWR,0.05555555555555555
2024-09-27,EWC,0.05555555555555555
2024-09-27,ALK,-0.05555555555555555
2024-09-27,GOLD,-0.05555555555555555
2024-09-27,WMB,0.05555555555555555
2024-09-27,D,0.05555555555555555
2024-09-27,ULTA,-0.05555555555555555
2024-09-27,RL,-0.05555555555555555
2024-09-27,NTAP,0.05555555555555555
2024-09-27,BX,-0.05555555555555555
2024-09-27,LOW,-0.05555555555555555
2024-09-27,PCG,0.05555555555555555
2024-09-27,OHI,0.05555555555555555
2024-09-27,ENB,0.05555555555555555
2024-09-27,ZUMZ,0.05555555555555555
2024-09-27,CAT,-0.05555555555555555
2024-09-30,BAX,0.05555555555555555
2024-09-30,SPWR,0.05555555555555555
2024-09-30,STI,-0.05555555555555555
2024-09-30,EBAY,-0.05555555555555555
2024-09-30,SIRI,-0.05555555555555555
2024-09-30,TSM,0.05555555555555555
2024-09-30,ALK,-0.05555555555555555
2024-09-30,TRP,-0.05555555555555555
2024-09-30,ULTA,-0.05555555555555555
2024-09-30,HUM,0.05555555555555555
2024-09-30,LOW,-0.05555555555555555
2024-09-30,PCG,0.05555555555555555
2024-09-30,DUK,0.05555555555555555
2024-09-30,SYK,-0.05555555555555555
2024-09-30,ENB,0.05555555555555555
2024-09-30,ZUMZ,0.05555555555555555
2024-09-30,CAT,-0.05555555555555555
2024-09-30,MRK,0.05555555555555555
2024-10-01,SPWR,0.05555555555555555
2024-10-01,QCOM,0.05555555555555555
2024-10-01,HAS,-0.05555555555555555
2024-10-01,BBT,0.05555555555555555
2024-10-01,EBAY,-0.05555555555555555
2024-10-01,SIRI,-0.05555555555555555
2024-10-01,KEY,0.05555555555555555
2024-10-01,TRP,-0.05555555555555555
2024-10-01,ULTA,-0.05555555555555555
2024-10-01,HUM,0.05555555555555555
2024-10-01,LOW,-0.05555555555555555
2024-10-01,RF,0.05555555555555555
2024-10-01,CP,0.05555555555555555
2024-10-01,CLX,-0.05555555555555555
2024-10-01,OHI,0.05555555555555555
2024-10-01,SYK,-0.05555555555555555
2024-10-01,ZUMZ,0.05555555555555555
2024-10-01,CAT,-0.05555555555555555
2024-10-02,MNST,0.05555555555555555
2024-10-02,XLP,0.05555555555555555
2024-10-02,SPWR,0.05555555555555555
2024-10-02,DHI,-0.05555555555555555
2024-10-02,BBT,0.05555555555555555
2024-10-02,MAR,-0.05555555555555555
2024-10-02,ILMN,-0.05555555555555555
2024-10-02,GOLD,-0.05555555555555555
2024-10-02,TRP,0.05555555555555555
2024-10-02,KO,0.05555555555555555
2024-10-02,ULTA,-0.05555555555555555
2024-10-02,RL,-0.05555555555555555
2024-10-02,TRIP,-0.05555555555555555
2024-10-02,NTES,-0.05555555555555555
2024-10-02,CP,0.05555555555555555
2024-10-02,OHI,0.05555555555555555
2024-10-02,CAT,-0.05555555555555555
2024-10-02,MRK,0.05555555555555555
2024-10-03,AMTD,-0.05555555555555555
2024-10-03,CF,-0.05555555555555555
2024-10-03,XLP,0.05555555555555555
2024-10-03,HYG,0.05555555555555555
2024-10-03,SPWR,0.05555555555555555
2024-10-03,ICE,-0.05555555555555555
2024-10-03,RRC,-0.05555555555555555
2024-10-03,CAG,0.05555555555555555
2024-10-03,KMB,0.05555555555555555
2024-10-03,VTR,0.05555555555555555
2024-10-03,ORCL,-0.05555555555555555
2024-10-03,GOLD,-0.05555555555555555
2024-10-03,TRP,0.05555555555555555
2024-10-03,PCG,0.05555555555555555
2024-10-03,NTES,-0.05555555555555555
2024-10-03,CSIQ,-0.05555555555555555
2024-10-03,ENB,0.05555555555555555
2024-10-03,CAT,-0.05555555555555555
2024-10-04,MET,-0.05555555555555555
2024-10-04,BAX,-0.05555555555555555
2024-10-04,DAL,-0.05555555555555555
2024-10-04,HYG,0.05555555555555555
2024-10-04,SPWR,0.05555555555555555
2024-10-04,CAG,0.05555555555555555
2024-10-04,JNJ,-0.05555555555555555
2024-10-04,NDAQ,0.05555555555555555
2024-10-04,DHI,0.05555555555555555
2024-10-04,QQQ,-0.05555555555555555
2024-10-04,ANF,-0.05555555555555555
2024-10-04,ORCL,-0.05555555555555555
2024-10-04,KO,0.05555555555555555
2024-10-04,RL,-0.05555555555555555
2024-10-04,DUK,0.05555555555555555
2024-10-04,OHI,0.05555555555555555
2024-10-04,VZ,0.05555555555555555
2024-10-04,CAT,-0.05555555555555555
2024-10-07,AMTD,-0.05555555555555555
2024-10-07,DAL,-0.05555555555555555
2024-10-07,HYG,0.05555555555555555
2024-10-07,SPWR,0.05555555555555555
2024-10-07,ICE,0.05555555555555555
2024-10-07,CAG,0.05555555555555555
2024-10-07,JNJ,-0.05555555555555555
2024-10-07,NDAQ,0.05555555555555555
2024-10-07,HAS,-0.05555555555555555
2024-10-07,DPZ,0.05555555555555555
2024-10-07,ORCL,-0.05555555555555555
2024-10-07,D,0.05555555555555555
2024-10-07,ULTA,-0.05555555555555555
2024-10-07,MRVL,-0.05555555555555555
2024-10-07,DUK,0.05555555555555555
2024-10-07,NTES,-0.05555555555555555
2024-10-07,VZ,0.05555555555555555
2024-10-07,CAT,-0.05555555555555555
2024-10-08,AMTD,0.05555555555555555
2024-10-08,DAL,-0.05555555555555555
2024-10-08,BUD,0.05555555555555555
2024-10-08,SPWR,0.05555555555555555
2024-10-08,STI,-0.05555555555555555
2024-10-08,EWC,0.05555555555555555
2024-10-08,EBAY,-0.05555555555555555
2024-10-08,ORCL,-0.05555555555555555
2024-10-08,CCL,-0.05555555555555555
2024-10-08,TRP,0.05555555555555555
2024-10-08,KO,0.05555555555555555
2024-10-08,D,0.05555555555555555
2024-10-08,ULTA,-0.05555555555555555
2024-10-08,LOW,-0.05555555555555555
2024-10-08,DUK,0.05555555555555555
2024-10-08,SYK,-0.05555555555555555
2024-10-08,BSX,-0.05555555555555555
2024-10-08,ENB,0.05555555555555555
2024-10-09,DAL,-0.05555555555555555
2024-10-09,HYG,0.05555555555555555
2024-10-09,BUD,0.05555555555555555
2024-10-09,GREK,0.05555555555555555
2024-10-09,ORCL,-0.05555555555555555
2024-10-09,CCL,-0.05555555555555555
2024-10-09,ALK,-0.05555555555555555
2024-10-09,MAR,-0.05555555555555555
2024-10-09,TRP,0.05555555555555555
2024-10-09,D,0.05555555555555555
2024-10-09,ULTA,0.05555555555555555
2024-10-09,WSM,0.05555555555555555
2024-10-09,LOW,-0.05555555555555555
2024-10-09,PCG,0.05555555555555555
2024-10-09,DUK,0.05555555555555555
2024-10-09,SYK,-0.05555555555555555
2024-10-09,CSIQ,-0.05555555555555555
2024-10-09,CAT,-0.05555555555555555
2024-10-10,MNST,-0.05555555555555555
2024-10-10,WEN,-0.05555555555555555
2024-10-10,DAL,-0.05555555555555555
2024-10-10,AA,-0.05555555555555555
2024-10-10,HYG,0.05555555555555555
2024-10-10,GREK,0.05555555555555555
2024-10-10,KMB,0.05555555555555555
2024-10-10,VTR,0.05555555555555555
2024-10-10,BDX,0.05555555555555555
2024-10-10,ORCL,-0.05555555555555555
2024-10-10,CCL,-0.05555555555555555
2024-10-10,ALK,-0.05555555555555555
2024-10-10,TRP,0.05555555555555555
2024-10-10,D,0.05555555555555555
2024-10-10,RL,-0.05555555555555555
2024-10-10,WSM,0.05555555555555555
2024-10-10,VZ,0.05555555555555555
2024-10-10,CAT,-0.05555555555555555
2024-10-11,CNC,0.05555555555555555
2024-10-11,BAX,0.05555555555555555
2024-10-11,DAL,-0.05555555555555555
2024-10-11,AA,-0.05555555555555555
2024-10-11,SPWR,-0.05555555555555555
2024-10-11,CAG,0.05555555555555555
2024-10-11,GREK,0.05555555555555555
2024-10-11,KMB,0.05555555555555555
2024-10-11,NDAQ,0.05555555555555555
2024-10-11,TRV,-0.05555555555555555
2024-10-11,DPZ,-0.05555555555555555
2024-10-11,ORCL,-0.05555555555555555
2024-10-11,CCL,-0.05555555555555555
2024-10-11,ALK,-0.05555555555555555
2024-10-11,TRP,0.05555555555555555
2024-10-11,RL,-0.05555555555555555
2024-10-11,VZ,0.05555555555555555
2024-10-11,MRK,0.05555555555555555
2024-10-14,WEN,-0.05555555555555555
2024-10-14,DAL,-0.05555555555555555
2024-10-14,SPWR,-0.05555555555555555
2024-10-14,RRC,0.05555555555555555
2024-10-14,GREK,0.05555555555555555
2024-10-14,JNJ,0.05555555555555555
2024-10-14,STI,0.05555555555555555
2024-10-14,HAS,0.05555555555555555
2024-10-14,TRV,-0.05555555555555555
2024-10-14,BDX,0.05555555555555555
2024-10-14,ORCL,-0.05555555555555555
2024-10-14,ALK,-0.05555555555555555
2024-10-14,ILMN,-0.05555555555555555
2024-10-14,RL,-0.05555555555555555
2024-10-14,LOW,-0.05555555555555555
2024-10-14,NTES,0.05555555555555555
2024-10-14,ZUMZ,0.05555555555555555
2024-10-14,MRK,0.05555555555555555
2024-10-15,CNC,0.05555555555555555
2024-10-15,BAX,0.05555555555555555
2024-10-15,VWO,0.05555555555555555
2024-10-15,CF,0.05555555555555555
2024-10-15,WEN,-0.05555555555555555
2024-10-15,DAL,-0.05555555555555555
2024-10-15,RRC,0.05555555555555555
2024-10-15,GREK,0.05555555555555555
2024-10-15,DPZ,-0.05555555555555555
2024-10-15,EOG,0.05555555555555555
2024-10-15,EWI,0.05555555555555555
2024-10-15,CCL,-0.05555555555555555
2024-10-15,ALK,-0.05555555555555555
2024-10-15,BX,-0.05555555555555555
2024-10-15,LOW,-0.05555555555555555
2024-10-15,NTES,0.05555555555555555
2024-10-15,CLX,-0.05555555555555555
2024-10-15,M,-0.05555555555555555
2024-10-16,CNC,0.05555555555555555
2024-10-16,A,0.05555555555555555
2024-10-16,CF,0.05555555555555555
2024-10-16,HP,-0.05555555555555555
2024-10-16,WEN,-0.05555555555555555
2024-10-16,DAL,-0.05555555555555555
2024-10-16,RRC,0.05555555555555555
2024-10-16,QCOM,0.05555555555555555
2024-10-16,BDX,0.05555555555555555
2024-10-16,SIRI,0.05555555555555555
2024-10-16,MS,-0.05555555555555555
2024-10-16,ALK,-0.05555555555555555
2024-10-16,D,-0.05555555555555555
2024-10-16,NWSA,0.05555555555555555
2024-10-16,BX,-0.05555555555555555
2024-10-16,LOW,-0.05555555555555555
2024-10-16,M,-0.05555555555555555
2024-10-16,MRK,0.05555555555555555
2024-10-17,CNC,0.05555555555555555
2024-10-17,A,0.05555555555555555
2024-10-17,SPWR,-0.05555555555555555
2024-10-17,NSC,0.05555555555555555
2024-10-17,TRV,-0.05555555555555555
2024-10-17,BDX,0.05555555555555555
2024-10-17,EBAY,0.05555555555555555
2024-10-17,TSM,-0.05555555555555555
2024-10-17,MS,-0.05555555555555555
2024-10-17,TRP,0.05555555555555555
2024-10-17,KO,0.05555555555555555
2024-10-17,HUM,-0.05555555555555555
2024-10-17,WSM,0.05555555555555555
2024-10-17,TRIP,-0.05555555555555555
2024-10-17,BX,-0.05555555555555555
2024-10-17,BSX,0.05555555555555555
2024-10-17,M,-0.05555555555555555
2024-10-17,COF,-0.05555555555555555
2024-10-18,CNC,0.05555555555555555
2024-10-18,A,0.05555555555555555
2024-10-18,CF,0.05555555555555555
2024-10-18,DAL,-0.05555555555555555
2024-10-18,SPWR,0.05555555555555555
2024-10-18,KMB,0.05555555555555555
2024-10-18,HAS,-0.05555555555555555
2024-10-18,TRV,-0.05555555555555555
2024-10-18,EBAY,0.05555555555555555
2024-10-18,TSM,-0.05555555555555555
2024-10-18,MS,-0.05555555555555555
2024-10-18,WMB,-0.05555555555555555
2024-10-18,TRP,0.05555555555555555
2024-10-18,TRIP,-0.05555555555555555
2024-10-18,BX,-0.05555555555555555
2024-10-18,CP,0.05555555555555555
2024-10-18,SYK,-0.05555555555555555
2024-10-18,MRK,0.05555555555555555
2024-10-21,CNC,0.05555555555555555
2024-10-21,A,0.05555555555555555
2024-10-21,NVDA,-0.05555555555555555
2024-10-21,AA,-0.05555555555555555
2024-10-21,HYG,0.05555555555555555
2024-10-21,JNJ,0.05555555555555555
2024-10-21,TRV,-0.05555555555555555
2024-10-21,DHI,0.05555555555555555
2024-10-21,EBAY,0.05555555555555555
2024-10-21,TSM,-0.05555555555555555
2024-10-21,ALK,-0.05555555555555555
2024-10-21,TRIP,-0.05555555555555555
2024-10-21,BX,-0.05555555555555555
2024-10-21,MRVL,-0.05555555555555555
2024-10-21,ENB,0.05555555555555555
2024-10-21,CAT,-0.05555555555555555
2024-10-21,MRK,0.05555555555555555
2024-10-21,BMY,0.05555555555555555
2024-10-22,PPG,0.05555555555555555
2024-10-22,A,0.05555555555555555
2024-10-22,DAL,-0.05555555555555555
2024-10-22,AA,-0.05555555555555555
2024-10-22,HYG,0.05555555555555555
2024-10-22,KMB,0.05555555555555555
2024-10-22,HAS,0.05555555555555555
2024-10-22,TRV,-0.05555555555555555
2024-10-22,EBAY,0.05555555555555555
2024-10-22,HTZ,-0.05555555555555555
2024-10-22,ORCL,-0.05555555555555555
2024-10-22,TSM,-0.05555555555555555
2024-10-22,MAR,-0.05555555555555555
2024-10-22,GOLD,0.05555555555555555
2024-10-22,NTAP,0.05555555555555555
2024-10-22,BX,-0.05555555555555555
2024-10-22,CLX,0.05555555555555555
2024-10-22,CAT,-0.05555555555555555
2024-10-23,DAL,-0.05555555555555555
2024-10-23,AA,-0.05555555555555555
2024-10-23,HYG,0.05555555555555555
2024-10-23,SPWR,0.05555555555555555
2024-10-23,RRC,-0.05555555555555555
2024-10-23,QCOM,0.05555555555555555
2024-10-23,KMB,0.05555555555555555
2024-10-23,HAS,0.05555555555555555
2024-10-23,TRV,-0.05555555555555555
2024-10-23,TSM,-0.05555555555555555
2024-10-23,ALK,-0.05555555555555555
2024-10-23,GOLD,0.05555555555555555
2024-10-23,PVH,0.05555555555555555
2024-10-23,NTAP,0.05555555555555555
2024-10-23,TRIP,-0.05555555555555555
2024-10-23,BX,-0.05555555555555555
2024-10-23,CSIQ,-0.05555555555555555
2024-10-23,ENB,0.05555555555555555
2024-10-24,DAL,-0.05555555555555555
2024-10-24,AA,-0.05555555555555555
2024-10-24,SPWR,0.05555555555555555
2024-10-24,KMB,0.05555555555555555
2024-10-24,TRV,-0.05555555555555555
2024-10-24,QQQ,-0.05555555555555555
2024-10-24,ANF,0.05555555555555555
2024-10-24,ORCL,-0.05555555555555555
2024-10-24,TSM,-0.05555555555555555
2024-10-24,MS,-0.05555555555555555
2024-10-24,GOLD,0.05555555555555555
2024-10-24,KO,0.05555555555555555
2024-10-24,HUM,0.05555555555555555
2024-10-24,BX,-0.05555555555555555
2024-10-24,CSIQ,-0.05555555555555555
2024-10-24,BSX,0.05555555555555555
2024-10-24,ENB,0.05555555555555555
2024-10-24,VZ,0.05555555555555555
2024-10-25,DAL,-0.05555555555555555
2024-10-25,SPWR,0.05555555555555555
2024-10-25,JNJ,0.05555555555555555
2024-10-25,KMB,0.05555555555555555
2024-10-25,HAS,0.05555555555555555
2024-10-25,TRV,-0.05555555555555555
2024-10-25,EWC,0.05555555555555555
2024-10-25,QQQ,-0.05555555555555555
2024-10-25,ORCL,-0.05555555555555555
2024-10-25,TSM,-0.05555555555555555
2024-10-25,GOLD,0.05555555555555555
2024-10-25,BX,-0.05555555555555555
2024-10-25,CSIQ,-0.05555555555555555
2024-10-25,BSX,0.05555555555555555
2024-10-25,COF,-0.05555555555555555
2024-10-25,ENB,0.05555555555555555
2024-10-25,VZ,0.05555555555555555
2024-10-25,CAT,-0.05555555555555555
2024-10-28,CNC,0.05555555555555555
2024-10-28,DAL,-0.05555555555555555
2024-10-28,AA,-0.05555555555555555
2024-10-28,SPWR,0.05555555555555555
2024-10-28,KMB,0.05555555555555555
2024-10-28,HAS,0.05555555555555555
2024-10-28,TRV,-0.05555555555555555
2024-10-28,EWI,0.05555555555555555
2024-10-28,ALK,-0.05555555555555555
2024-10-28,KO,0.05555555555555555
2024-10-28,RL,-0.05555555555555555
2024-10-28,BX,-0.05555555555555555
2024-10-28,SYK,-0.05555555555555555
2024-10-28,BSX,0.05555555555555555
2024-10-28,COF,-0.05555555555555555
2024-10-28,ENB,0.05555555555555555
2024-10-28,VZ,0.05555555555555555
2024-10-28,CAT,-0.05555555555555555
2024-10-29,XLP,0.05555555555555555
2024-10-29,DAL,-0.05555555555555555
2024-10-29,AA,-0.05555555555555555
2024-10-29,SPWR,0.05555555555555555
2024-10-29,HAS,0.05555555555555555
2024-10-29,TRV,-0.05555555555555555
2024-10-29,DHI,0.05555555555555555
2024-10-29,EWC,0.05555555555555555
2024-10-29,EWI,0.05555555555555555
2024-10-29,ALK,-0.05555555555555555
2024-10-29,KO,0.05555555555555555
2024-10-29,RL,-0.05555555555555555
2024-10-29,TRIP,-0.05555555555555555
2024-10-29,BX,-0.05555555555555555
2024-10-29,MRVL,-0.05555555555555555
2024-10-29,DUK,0.05555555555555555
2024-10-29,ENB,0.05555555555555555
2024-10-29,CAT,-0.05555555555555555
2024-10-30,XLP,0.05555555555555555
2024-10-30,DAL,-0.05555555555555555
2024-10-30,AA,-0.05555555555555555
2024-10-30,SPWR,0.05555555555555555
2024-10-30,NSC,-0.05555555555555555
2024-10-30,GREK,0.05555555555555555
2024-10-30,STI,-0.05555555555555555
2024-10-30,TRV,-0.05555555555555555
2024-10-30,DHI,0.05555555555555555
2024-10-30,EWI,0.05555555555555555
2024-10-30,ALK,-0.05555555555555555
2024-10-30,GOLD,0.05555555555555555
2024-10-30,ULTA,0.05555555555555555
2024-10-30,TRIP,-0.05555555555555555
2024-10-30,BX,-0.05555555555555555
2024-10-30,DUK,0.05555555555555555
2024-10-30,COF,-0.05555555555555555
2024-10-30,ENB,0.05555555555555555
2024-10-31,MET,0.05555555555555555
2024-10-31,DAL,-0.05555555555555555
2024-10-31,AA,-0.05555555555555555
2024-10-31,SPWR,0.05555555555555555
2024-10-31,ICE,0.05555555555555555
2024-10-31,GREK,0.05555555555555555
2024-10-31,STI,-0.05555555555555555
2024-10-31,EWC,0.05555555555555555
2024-10-31,BDX,0.05555555555555555
2024-10-31,QQQ,-0.05555555555555555
2024-10-31,EWI,0.05555555555555555
2024-10-31,SIRI,-0.05555555555555555
2024-10-31,HTZ,-0.05555555555555555
2024-10-31,ORCL,0.05555555555555555
2024-10-31,ALK,-0.05555555555555555
2024-10-31,NTAP,0.05555555555555555
2024-10-31,CAT,-0.05555555555555555
2024-10-31,BMY,-0.05555555555555555
2024-11-01,MET,0.05555555555555555
2024-11-01,A,-0.05555555555555555
2024-11-01,DAL,-0.05555555555555555
2024-11-01,AA,-0.05555555555555555
2024-11-01,SPWR,0.05555555555555555
2024-11-01,ICE,0.05555555555555555
2024-11-01,GREK,0.05555555555555555
2024-11-01,VTR,0.05555555555555555
2024-11-01,DHI,-0.05555555555555555
2024-11-01,EBAY,0.05555555555555555
2024-11-01,EWI,0.05555555555555555
2024-11-01,ALK,-0.05555555555555555
2024-11-01,ILMN,-0.05555555555555555
2024-11-01,GOLD,0.05555555555555555
2024-11-01,MRVL,-0.05555555555555555
2024-11-01,OHI,0.05555555555555555
2024-11-01,ZUMZ,-0.05555555555555555
2024-11-01,CAT,-0.05555555555555555
2024-11-04,AMTD,-0.05555555555555555
2024-11-04,CF,-0.05555555555555555
2024-11-04,SPWR,0.05555555555555555
2024-11-04,ICE,0.05555555555555555
2024-11-04,GREK,0.05555555555555555
2024-11-04,JNJ,0.05555555555555555
2024-11-04,STI,-0.05555555555555555
2024-11-04,KMB,0.05555555555555555
2024-11-04,VTR,0.05555555555555555
2024-11-04,EWI,0.05555555555555555
2024-11-04,ILMN,-0.05555555555555555
2024-11-04,WMB,-0.05555555555555555
2024-11-04,TRIP,-0.05555555555555555
2024-11-04,MRVL,-0.05555555555555555
2024-11-04,RF,0.05555555555555555
2024-11-04,OHI,0.05555555555555555
2024-11-04,CAT,-0.05555555555555555
2024-11-04,BMY,-0.05555555555555555
2024-11-05,MET,0.05555555555555555
2024-11-05,DAL,-0.05555555555555555
2024-11-05,AA,-0.05555555555555555
2024-11-05,SPWR,0.05555555555555555
2024-11-05,ICE,0.05555555555555555
2024-11-05,JNJ,0.05555555555555555
2024-11-05,EWI,0.05555555555555555
2024-11-05,CCL,-0.05555555555555555
2024-11-05,ALK,-0.05555555555555555
2024-11-05,ILMN,-0.05555555555555555
2024-11-05,GOLD,0.05555555555555555
2024-11-05,WMB,-0.05555555555555555
2024-11-05,KO,0.05555555555555555
2024-11-05,MRVL,-0.05555555555555555
2024-11-05,HMC,0.05555555555555555
2024-11-05,ZUMZ,-0.05555555555555555
2024-11-05,VZ,0.05555555555555555
2024-11-05,CAT,-0.05555555555555555
2024-11-06,SPWR,0.05555555555555555
2024-11-06,ICE,0.05555555555555555
2024-11-06,KMB,0.05555555555555555
2024-11-06,HAS,0.05555555555555555
2024-11-06,VTR,0.05555555555555555
2024-11-06,WFC,-0.05555555555555555
2024-11-06,ORCL,-0.05555555555555555
2024-11-06,MS,-0.05555555555555555
2024-11-06,MAR,-0.05555555555555555
2024-11-06,KEY,-0.05555555555555555
2024-11-06,GOLD,0.05555555555555555
2024-11-06,WMB,-0.05555555555555555
2024-11-06,RF,-0.05555555555555555
2024-11-06,CME,0.05555555555555555
2024-11-06,OHI,0.05555555555555555
2024-11-06,SYK,0.05555555555555555
2024-11-06,COF,-0.05555555555555555
2024-11-06,CAT,-0.05555555555555555
2024-11-07,SPWR,0.05555555555555555
2024-11-07,JNJ,0.05555555555555555
2024-11-07,HAS,0.05555555555555555
2024-11-07,BDX,0.05555555555555555
2024-11-07,EWI,0.05555555555555555
2024-11-07,ORCL,-0.05555555555555555
2024-11-07,MS,-0.05555555555555555
2024-11-07,MAR,-0.05555555555555555
2024-11-07,KO,0.05555555555555555
2024-11-07,D,0.05555555555555555
2024-11-07,RL,-0.05555555555555555
2024-11-07,HUM,-0.05555555555555555
2024-11-07,MRVL,-0.05555555555555555
2024-11-07,DUK,0.05555555555555555
2024-11-07,CSIQ,-0.05555555555555555
2024-11-07,COF,-0.05555555555555555
2024-11-07,VZ,0.05555555555555555
2024-11-07,CAT,-0.05555555555555555
2024-11-08,WEN,0.05555555555555555
2024-11-08,DAL,-0.05555555555555555
2024-11-08,SPWR,0.05555555555555555
2024-11-08,JNJ,0.05555555555555555
2024-11-08,BDX,0.05555555555555555
2024-11-08,WFC,-0.05555555555555555
2024-11-08,EWI,0.05555555555555555
2024-11-08,HTZ,0.05555555555555555
2024-11-08,ORCL,-0.05555555555555555
2024-11-08,WMB,-0.05555555555555555
2024-11-08,RL,-0.05555555555555555
2024-11-08,WSM,0.05555555555555555
2024-11-08,MRVL,-0.05555555555555555
2024-11-08,CP,0.05555555555555555
2024-11-08,CSIQ,-0.05555555555555555
2024-11-08,COF,-0.05555555555555555
2024-11-08,VZ,0.05555555555555555
2024-11-08,CAT,-0.05555555555555555
2024-11-11,A,0.05555555555555555
2024-11-11,WEN,0.05555555555555555
2024-11-11,DAL,-0.05555555555555555
2024-11-11,SPWR,0.05555555555555555
2024-11-11,GREK,0.05555555555555555
2024-11-11,JNJ,0.05555555555555555
2024-11-11,STI,-0.05555555555555555
2024-11-11,HAS,0.05555555555555555
2024-11-11,WFC,-0.05555555555555555
2024-11-11,MS,-0.05555555555555555
2024-11-11,MAR,-0.05555555555555555
2024-11-11,GOLD,0.05555555555555555
2024-11-11,WMB,-0.05555555555555555
2024-11-11,ULTA,0.05555555555555555
2024-11-11,COF,-0.05555555555555555
2024-11-11,CAT,-0.05555555555555555
2024-11-11,MRK,0.05555555555555555
2024-11-11,BMY,-0.05555555555555555
2024-11-12,PPG,0.05555555555555555
2024-11-12,BAX,0.05555555555555555
2024-11-12,WEN,0.05555555555555555
2024-11-12,DAL,-0.05555555555555555
2024-11-12,GREK,0.05555555555555555
2024-11-12,QCOM,0.05555555555555555
2024-11-12,JNJ,0.05555555555555555
2024-11-12,WFC,-0.05555555555555555
2024-11-12,ORCL,-0.05555555555555555
2024-11-12,MS,-0.05555555555555555
2024-11-12,MAR,-0.05555555555555555
2024-11-12,GOLD,0.05555555555555555
2024-11-12,TRP,0.05555555555555555
2024-11-12,NWSA,-0.05555555555555555
2024-11-12,MRVL,-0.05555555555555555
2024-11-12,COF,-0.05555555555555555
2024-11-12,CAT,-0.05555555555555555
2024-11-12,MRK,0.05555555555555555
2024-11-13,BAX,0.05555555555555555
2024-11-13,WEN,0.05555555555555555
2024-11-13,DAL,-0.05555555555555555
2024-11-13,SPWR,0.05555555555555555
2024-11-13,JNJ,0.05555555555555555
2024-11-13,STI,0.05555555555555555
2024-11-13,HAS,0.05555555555555555
2024-11-13,DPZ,-0.05555555555555555
2024-11-13,WFC,-0.05555555555555555
2024-11-13,QQQ,-0.05555555555555555
2024-11-13,MS,-0.05555555555555555
2024-11-13,D,0.05555555555555555
2024-11-13,RL,-0.05555555555555555
2024-11-13,HUM,-0.05555555555555555
2024-11-13,BX,-0.05555555555555555
2024-11-13,CP,0.05555555555555555
2024-11-13,OHI,0.05555555555555555
2024-11-13,COF,-0.05555555555555555
2024-11-14,BAX,0.05555555555555555
2024-11-14,WEN,0.05555555555555555
2024-11-14,DAL,-0.05555555555555555
2024-11-14,SPWR,-0.05555555555555555
2024-11-14,JNJ,0.05555555555555555
2024-11-14,VTR,0.05555555555555555
2024-11-14,BDX,0.05555555555555555
2024-11-14,WFC,-0.05555555555555555
2024-11-14,MS,-0.05555555555555555
2024-11-14,ALK,-0.05555555555555555
2024-11-14,MAR,-0.05555555555555555
2024-11-14,D,0.05555555555555555
2024-11-14,RL,-0.05555555555555555
2024-11-14,HUM,-0.05555555555555555
2024-11-14,CME,0.05555555555555555
2024-11-14,CP,0.05555555555555555
2024-11-14,OHI,0.05555555555555555
2024-11-14,COF,-0.05555555555555555
2024-11-15,BAX,0.05555555555555555
2024-11-15,A,0.05555555555555555
2024-11-15,XLP,0.05555555555555555
2024-11-15,AA,-0.05555555555555555
2024-11-15,SPWR,0.05555555555555555
2024-11-15,HAS,0.05555555555555555
2024-11-15,TRV,-0.05555555555555555
2024-11-15,BDX,0.05555555555555555
2024-11-15,EBAY,0.05555555555555555
2024-11-15,WFC,-0.05555555555555555
2024-11-15,MS,-0.05555555555555555
2024-11-15,ALK,-0.05555555555555555
2024-11-15,MAR,-0.05555555555555555
2024-11-15,WMB,-0.05555555555555555
2024-11-15,ULTA,0.05555555555555555
2024-11-15,CP,0.05555555555555555
2024-11-15,SYK,-0.05555555555555555
2024-11-15,COF,-0.05555555555555555
2024-11-18,BAX,-0.05555555555555555
2024-11-18,WEN,0.05555555555555555
2024-11-18,SPWR,0.05555555555555555
2024-11-18,GREK,0.05555555555555555
2024-11-18,HAS,0.05555555555555555
2024-11-18,TRV,-0.05555555555555555
2024-11-18,DPZ,-0.05555555555555555
2024-11-18,BDX,0.05555555555555555
2024-11-18,MAR,-0.05555555555555555
2024-11-18,WMB,-0.05555555555555555
2024-11-18,ULTA,0.05555555555555555
2024-11-18,HUM,-0.05555555555555555
2024-11-18,MRVL,-0.05555555555555555
2024-11-18,HMC,0.05555555555555555
2024-11-18,CP,0.05555555555555555
2024-11-18,OHI,0.05555555555555555
2024-11-18,SYK,-0.05555555555555555
2024-11-18,COF,-0.05555555555555555
2024-11-19,PPG,0.05555555555555555
2024-11-19,NVDA,-0.05555555555555555
2024-11-19,DAL,-0.05555555555555555
2024-11-19,JNJ,0.05555555555555555
2024-11-19,STI,-0.05555555555555555
2024-11-19,DPZ,-0.05555555555555555
2024-11-19,BDX,0.05555555555555555
2024-11-19,EBAY,0.05555555555555555
2024-11-19,ORCL,-0.05555555555555555
2024-11-19,CCL,-0.05555555555555555
2024-11-19,TSM,-0.05555555555555555
2024-11-19,WMB,-0.05555555555555555
2024-11-19,ULTA,0.05555555555555555
2024-11-19,PVH,0.05555555555555555
2024-11-19,LOW,0.05555555555555555
2024-11-19,MRVL,-0.05555555555555555
2024-11-19,CP,0.05555555555555555
2024-11-19,VZ,0.05555555555555555
2024-11-20,ICE,0.05555555555555555
2024-11-20,QCOM,0.05555555555555555
2024-11-20,DPZ,-0.05555555555555555
2024-11-20,BDX,0.05555555555555555
2024-11-20,WFC,-0.05555555555555555
2024-11-20,EWI,0.05555555555555555
2024-11-20,ANF,0.05555555555555555
2024-11-20,ORCL,-0.05555555555555555
2024-11-20,TSM,-0.05555555555555555
2024-11-20,MS,-0.05555555555555555
2024-11-20,MAR,-0.05555555555555555
2024-11-20,XRT,0.05555555555555555
2024-11-20,WMB,-0.05555555555555555
2024-11-20,ULTA,0.05555555555555555
2024-11-20,PVH,0.05555555555555555
2024-11-20,WSM,-0.05555555555555555
2024-11-20,MRVL,-0.05555555555555555
2024-11-20,CP,0.05555555555555555
2024-11-21,BAX,0.05555555555555555
2024-11-21,VWO,0.05555555555555555
2024-11-21,BUD,0.05555555555555555
2024-11-21,SPWR,0.05555555555555555
2024-11-21,HAS,0.05555555555555555
2024-11-21,TRV,-0.05555555555555555
2024-11-21,DHI,0.05555555555555555
2024-11-21,WFC,-0.05555555555555555
2024-11-21,EWI,0.05555555555555555
2024-11-21,HTZ,0.05555555555555555
2024-11-21,ORCL,-0.05555555555555555
2024-11-21,TSM,-0.05555555555555555
2024-11-21,MS,-0.05555555555555555
2024-11-21,MAR,-0.05555555555555555
2024-11-21,WMB,-0.05555555555555555
2024-11-21,BX,-0.05555555555555555
2024-11-21,MRVL,-0.05555555555555555
2024-11-21,VZ,0.05555555555555555
2024-11-22,BAX,0.05555555555555555
2024-11-22,VWO,0.05555555555555555
2024-11-22,BUD,0.05555555555555555
2024-11-22,SPWR,0.05555555555555555
2024-11-22,GREK,0.05555555555555555
2024-11-22,STI,0.05555555555555555
2024-11-22,TRV,-0.05555555555555555
2024-11-22,DPZ,-0.05555555555555555
2024-11-22,VTR,0.05555555555555555
2024-11-22,WFC,-0.05555555555555555
2024-11-22,MS,-0.05555555555555555
2024-11-22,MAR,-0.05555555555555555
2024-11-22,WMB,-0.05555555555555555
2024-11-22,RL,-0.05555555555555555
2024-11-22,NTAP,0.05555555555555555
2024-11-22,BX,-0.05555555555555555
2024-11-22,BSX,0.05555555555555555
2024-11-22,CAT,-0.05555555555555555
2024-11-25,VWO,0.05555555555555555
2024-11-25,CF,0.05555555555555555
2024-11-25,DAL,-0.05555555555555555
2024-11-25,BUD,0.05555555555555555
2024-11-25,SPWR,0.05555555555555555
2024-11-25,VTR,0.05555555555555555
2024-11-25,WFC,-0.05555555555555555
2024-11-25,EOG,0.05555555555555555
2024-11-25,QQQ,-0.05555555555555555
2024-11-25,MAR,-0.05555555555555555
2024-11-25,TRP,0.05555555555555555
2024-11-25,ULTA,-0.05555555555555555
2024-11-25,BX,-0.05555555555555555
2024-11-25,CLX,0.05555555555555555
2024-11-25,CSIQ,-0.05555555555555555
2024-11-25,BSX,0.05555555555555555
2024-11-25,COF,-0.05555555555555555
2024-11-25,CAT,-0.05555555555555555
2024-11-26,PPG,0.05555555555555555
2024-11-26,VWO,0.05555555555555555
2024-11-26,DAL,-0.05555555555555555
2024-11-26,BUD,0.05555555555555555
2024-11-26,SPWR,0.05555555555555555
2024-11-26,GREK,0.05555555555555555
2024-11-26,NDAQ,-0.05555555555555555
2024-11-26,TRV,-0.05555555555555555
2024-11-26,BDX,0.05555555555555555
2024-11-26,WFC,-0.05555555555555555
2024-11-26,QQQ,-0.05555555555555555
2024-11-26,EWI,0.05555555555555555
2024-11-26,TSM,-0.05555555555555555
2024-11-26,TRP,0.05555555555555555
2024-11-26,MRVL,-0.05555555555555555
2024-11-26,PCG,-0.05555555555555555
2024-11-26,CP,0.05555555555555555
2024-11-26,CAT,-0.05555555555555555
2024-11-27,AMTD,-0.05555555555555555
2024-11-27,BUD,0.05555555555555555
2024-11-27,SPWR,-0.05555555555555555
2024-11-27,GREK,0.05555555555555555
2024-11-27,TRV,-0.05555555555555555
2024-11-27,BDX,0.05555555555555555
2024-11-27,WFC,-0.05555555555555555
2024-11-27,QQQ,-0.05555555555555555
2024-11-27,EWI,0.05555555555555555
2024-11-27,ORCL,0.05555555555555555
2024-11-27,TSM,-0.05555555555555555
2024-11-27,TRP,0.05555555555555555
2024-11-27,NTAP,0.05555555555555555
2024-11-27,PCG,-0.05555555555555555
2024-11-27,CP,0.05555555555555555
2024-11-27,CLX,0.05555555555555555
2024-11-27,PRGO,-0.05555555555555555
2024-11-27,BMY,-0.05555555555555555
2024-11-29,WEN,0.05555555555555555
2024-11-29,DAL,-0.05555555555555555
2024-11-29,BUD,0.05555555555555555
2024-11-29,SPWR,0.05555555555555555
2024-11-29,GREK,0.05555555555555555
2024-11-29,JNJ,0.05555555555555555
2024-11-29,DPZ,-0.05555555555555555
2024-11-29,BDX,0.05555555555555555
2024-11-29,WFC,-0.05555555555555555
2024-11-29,HTZ,-0.05555555555555555
2024-11-29,KGC,0.05555555555555555
2024-11-29,RL,-0.05555555555555555
2024-11-29,BX,-0.05555555555555555
2024-11-29,LOW,0.05555555555555555
2024-11-29,MRVL,-0.05555555555555555
2024-11-29,HMC,0.05555555555555555
2024-11-29,CSIQ,-0.05555555555555555
2024-11-29,BMY,-0.05555555555555555
2024-12-02,ICE,0.05555555555555555
2024-12-02,RRC,0.05555555555555555
2024-12-02,NDAQ,0.05555555555555555
2024-12-02,DPZ,-0.05555555555555555
2024-12-02,BBT,-0.05555555555555555
2024-12-02,WFC,-0.05555555555555555
2024-12-02,HTZ,-0.05555555555555555
2024-12-02,ORCL,0.05555555555555555
2024-12-02,TSM,-0.05555555555555555
2024-12-02,ALK,-0.05555555555555555
2024-12-02,KGC,0.05555555555555555
2024-12-02,WMB,0.05555555555555555
2024-12-02,D,0.05555555555555555
2024-12-02,RL,-0.05555555555555555
2024-12-02,MRVL,-0.05555555555555555
2024-12-02,DUK,0.05555555555555555
2024-12-02,OHI,0.05555555555555555
2024-12-02,BMY,-0.05555555555555555
2024-12-03,BAX,0.05555555555555555
2024-12-03,WEN,0.05555555555555555
2024-12-03,ICE,0.05555555555555555
2024-12-03,GREK,0.05555555555555555
2024-12-03,JNJ,0.05555555555555555
2024-12-03,KMB,0.05555555555555555
2024-12-03,DPZ,-0.05555555555555555
2024-12-03,BDX,0.05555555555555555
2024-12-03,WFC,-0.05555555555555555
2024-12-03,RL,-0.05555555555555555
2024-12-03,WSM,-0.05555555555555555
2024-12-03,NWSA,-0.05555555555555555
2024-12-03,MRVL,-0.05555555555555555
2024-12-03,PCG,-0.05555555555555555
2024-12-03,DUK,0.05555555555555555
2024-12-03,OHI,0.05555555555555555
2024-12-03,CSIQ,-0.05555555555555555
2024-12-03,CAT,-0.05555555555555555
2024-12-04,BAX,0.05555555555555555
2024-12-04,DAL,-0.05555555555555555
2024-12-04,BUD,0.05555555555555555
2024-12-04,ICE,0.05555555555555555
2024-12-04,GREK,0.05555555555555555
2024-12-04,JNJ,0.05555555555555555
2024-12-04,CCL,-0.05555555555555555
2024-12-04,ALK,-0.05555555555555555
2024-12-04,KO,0.05555555555555555
2024-12-04,D,0.05555555555555555
2024-12-04,EW,-0.05555555555555555
2024-12-04,RL,-0.05555555555555555
2024-12-04,WSM,-0.05555555555555555
2024-12-04,MRVL,-0.05555555555555555
2024-12-04,PRGO,-0.05555555555555555
2024-12-04,OHI,0.05555555555555555
2024-12-04,CSIQ,-0.05555555555555555
2024-12-04,VZ,0.05555555555555555
2024-12-05,AMTD,-0.05555555555555555
2024-12-05,BAX,0.05555555555555555
2024-12-05,CF,0.05555555555555555
2024-12-05,WEN,0.05555555555555555
2024-12-05,DAL,-0.05555555555555555
2024-12-05,BUD,0.05555555555555555
2024-12-05,SPWR,0.05555555555555555
2024-12-05,DPZ,-0.05555555555555555
2024-12-05,WFC,-0.05555555555555555
2024-12-05,ALK,-0.05555555555555555
2024-12-05,D,0.05555555555555555
2024-12-05,RL,-0.05555555555555555
2024-12-05,WSM,-0.05555555555555555
2024-12-05,MRVL,-0.05555555555555555
2024-12-05,OHI,0.05555555555555555
2024-12-05,SYK,0.05555555555555555
2024-12-05,CSIQ,-0.05555555555555555
2024-12-05,VZ,0.05555555555555555
2024-12-06,BAX,0.05555555555555555
2024-12-06,AA,0.05555555555555555
2024-12-06,BUD,0.05555555555555555
2024-12-06,KMB,0.05555555555555555
2024-12-06,BDX,0.05555555555555555
2024-12-06,WFC,-0.05555555555555555
2024-12-06,QQQ,-0.05555555555555555
2024-12-06,ORCL,-0.05555555555555555
2024-12-06,MAR,-0.05555555555555555
2024-12-06,D,0.05555555555555555
2024-12-06,ULTA,-0.05555555555555555
2024-12-06,RL,-0.05555555555555555
2024-12-06,MRVL,-0.05555555555555555
2024-12-06,OHI,0.05555555555555555
2024-12-06,XLE,0.05555555555555555
2024-12-06,COF,-0.05555555555555555
2024-12-06,ENB,0.05555555555555555
2024-12-06,CAT,-0.05555555555555555
2024-12-09,AMTD,-0.05555555555555555
2024-12-09,BUD,0.05555555555555555
2024-12-09,RRC,-0.05555555555555555
2024-12-09,KMB,0.05555555555555555
2024-12-09,TRV,0.05555555555555555
2024-12-09,EBAY,-0.05555555555555555
2024-12-09,QQQ,-0.05555555555555555
2024-12-09,CCL,0.05555555555555555
2024-12-09,KEY,0.05555555555555555
2024-12-09,WMB,0.05555555555555555
2024-12-09,RL,-0.05555555555555555
2024-12-09,TRIP,-0.05555555555555555
2024-12-09,MRVL,-0.05555555555555555
2024-12-09,PCG,0.05555555555555555
2024-12-09,NTES,-0.05555555555555555
2024-12-09,RF,0.05555555555555555
2024-12-09,ENB,0.05555555555555555
2024-12-09,CAT,-0.05555555555555555
2024-12-10,MET,0.05555555555555555
2024-12-10,BUD,0.05555555555555555
2024-12-10,TRV,0.05555555555555555
2024-12-10,DHI,-0.05555555555555555
2024-12-10,QQQ,-0.05555555555555555
2024-12-10,SIRI,-0.05555555555555555
2024-12-10,ORCL,0.05555555555555555
2024-12-10,TSM,0.05555555555555555
2024-12-10,ALK,-0.05555555555555555
2024-12-10,PVH,-0.05555555555555555
2024-12-10,RL,-0.05555555555555555
2024-12-10,BX,-0.05555555555555555
2024-12-10,MRVL,-0.05555555555555555
2024-12-10,PCG,0.05555555555555555
2024-12-10,RF,0.05555555555555555
2024-12-10,HMC,0.05555555555555555
2024-12-10,COF,-0.05555555555555555
2024-12-10,ENB,0.05555555555555555
2024-12-11,MET,0.05555555555555555
2024-12-11,DAL,-0.05555555555555555
2024-12-11,BUD,0.05555555555555555
2024-12-11,NSC,0.05555555555555555
2024-12-11,RRC,-0.05555555555555555
2024-12-11,STI,0.05555555555555555
2024-12-11,KMB,0.05555555555555555
2024-12-11,TRV,0.05555555555555555
2024-12-11,QQQ,-0.05555555555555555
2024-12-11,CCL,-0.05555555555555555
2024-12-11,ALK,-0.05555555555555555
2024-12-11,MAR,-0.05555555555555555
2024-12-11,ULTA,-0.05555555555555555
2024-12-11,MRVL,-0.05555555555555555
2024-12-11,PCG,0.05555555555555555
2024-12-11,CLX,0.05555555555555555
2024-12-11,OHI,0.05555555555555555
2024-12-11,COF,-0.05555555555555555
2024-12-12,AMTD,-0.05555555555555555
2024-12-12,RRC,-0.05555555555555555
2024-12-12,JNJ,0.05555555555555555
2024-12-12,STI,0.05555555555555555
2024-12-12,DPZ,-0.05555555555555555
2024-12-12,MS,-0.05555555555555555
2024-12-12,ALK,-0.05555555555555555
2024-12-12,KEY,0.05555555555555555
2024-12-12,ULTA,-0.05555555555555555
2024-12-12,LOW,0.05555555555555555
2024-12-12,MRVL,-0.05555555555555555
2024-12-12,RF,0.05555555555555555
2024-12-12,HMC,0.05555555555555555
2024-12-12,OHI,0.05555555555555555
2024-12-12,CSIQ,-0.05555555555555555
2024-12-12,COF,-0.05555555555555555
2024-12-12,ENB,0.05555555555555555
2024-12-12,CAT,0.05555555555555555
2024-12-13,HYG,0.05555555555555555
2024-12-13,RRC,-0.05555555555555555
2024-12-13,GREK,0.05555555555555555
2024-12-13,DPZ,-0.05555555555555555
2024-12-13,EWC,0.05555555555555555
2024-12-13,QQQ,-0.05555555555555555
2024-12-13,SIRI,-0.05555555555555555
2024-12-13,ALK,-0.05555555555555555
2024-12-13,TRP,0.05555555555555555
2024-12-13,RL,-0.05555555555555555
2024-12-13,WSM,-0.05555555555555555
2024-12-13,NWSA,0.05555555555555555
2024-12-13,MRVL,-0.05555555555555555
2024-12-13,PCG,0.05555555555555555
2024-12-13,HMC,0.05555555555555555
2024-12-13,XLE,0.05555555555555555
2024-12-13,COF,-0.05555555555555555
2024-12-13,ENB,0.05555555555555555
2024-12-16,BUD,0.05555555555555555
2024-12-16,NSC,0.05555555555555555
2024-12-16,JNJ,0.05555555555555555
2024-12-16,STI,-0.05555555555555555
2024-12-16,DPZ,-0.05555555555555555
2024-12-16,WFC,-0.05555555555555555
2024-12-16,QQQ,-0.05555555555555555
2024-12-16,MS,-0.05555555555555555
2024-12-16,ALK,-0.05555555555555555
2024-12-16,TRP,0.05555555555555555
2024-12-16,RL,-0.05555555555555555
2024-12-16,HUM,0.05555555555555555
2024-12-16,WSM,-0.05555555555555555
2024-12-16,MRVL,-0.05555555555555555
2024-12-16,PCG,0.05555555555555555
2024-12-16,HMC,0.05555555555555555
2024-12-16,XLE,0.05555555555555555
2024-12-16,ENB,0.05555555555555555
2024-12-17,BUD,0.05555555555555555
2024-12-17,GREK,0.05555555555555555
2024-12-17,STI,-0.05555555555555555
2024-12-17,EWC,0.05555555555555555
2024-12-17,QQQ,-0.05555555555555555
2024-12-17,ALK,-0.05555555555555555
2024-12-17,KEY,0.05555555555555555
2024-12-17,HUM,0.05555555555555555
2024-12-17,WSM,-0.05555555555555555
2024-12-17,NWSA,0.05555555555555555
2024-12-17,TRIP,-0.05555555555555555
2024-12-17,LOW,-0.05555555555555555
2024-12-17,MRVL,-0.05555555555555555
2024-12-17,RF,0.05555555555555555
2024-12-17,XLE,0.05555555555555555
2024-12-17,COF,-0.05555555555555555
2024-12-17,ENB,0.05555555555555555
2024-12-17,BMY,-0.05555555555555555
2024-12-18,BUD,0.05555555555555555
2024-12-18,TRV,0.05555555555555555
2024-12-18,DPZ,-0.05555555555555555
2024-12-18,QQQ,-0.05555555555555555
2024-12-18,SIRI,-0.05555555555555555
2024-12-18,HTZ,-0.05555555555555555
2024-12-18,CCL,0.05555555555555555
2024-12-18,ALK,-0.05555555555555555
2024-12-18,MAR,0.05555555555555555
2024-12-18,KEY,0.05555555555555555
2024-12-18,ILMN,0.05555555555555555
2024-12-18,WSM,-0.05555555555555555
2024-12-18,TRIP,-0.05555555555555555
2024-12-18,BX,0.05555555555555555
2024-12-18,MRVL,-0.05555555555555555
2024-12-18,RF,0.05555555555555555
2024-12-18,CSIQ,-0.05555555555555555
2024-12-18,ENB,0.05555555555555555
2024-12-19,DAL,-0.05555555555555555
2024-12-19,BUD,0.05555555555555555
2024-12-19,SPWR,-0.05555555555555555
2024-12-19,DHI,0.05555555555555555
2024-12-19,EWC,0.05555555555555555
2024-12-19,BBT,0.05555555555555555
2024-12-19,QQQ,-0.05555555555555555
2024-12-19,ANF,-0.05555555555555555
2024-12-19,ORCL,-0.05555555555555555
2024-12-19,ALK,-0.05555555555555555
2024-12-19,KEY,0.05555555555555555
2024-12-19,WSM,-0.05555555555555555
2024-12-19,TRIP,-0.05555555555555555
2024-12-19,LOW,0.05555555555555555
2024-12-19,MRVL,-0.05555555555555555
2024-12-19,RF,0.05555555555555555
2024-12-19,HMC,0.05555555555555555
2024-12-19,CAT,0.05555555555555555
2024-12-20,PPG,0.05555555555555555
2024-12-20,XLP,0.05555555555555555
2024-12-20,BUD,0.05555555555555555
2024-12-20,SPWR,-0.05555555555555555
2024-12-20,GREK,-0.05555555555555555
2024-12-20,NDAQ,0.05555555555555555
2024-12-20,EWC,0.05555555555555555
2024-12-20,DLTR,-0.05555555555555555
2024-12-20,ALK,-0.05555555555555555
2024-12-20,KEY,0.05555555555555555
2024-12-20,HUM,-0.05555555555555555
2024-12-20,WSM,-0.05555555555555555
2024-12-20,HMC,0.05555555555555555
2024-12-20,OHI,0.05555555555555555
2024-12-20,SYK,-0.05555555555555555
2024-12-20,COF,-0.05555555555555555
2024-12-20,ZUMZ,-0.05555555555555555
2024-12-20,MRK,0.05555555555555555
2024-12-23,BAX,0.05555555555555555
2024-12-23,XLP,0.05555555555555555
2024-12-23,WEN,0.05555555555555555
2024-12-23,HYG,0.05555555555555555
2024-12-23,BUD,0.05555555555555555
2024-12-23,RRC,-0.05555555555555555
2024-12-23,GREK,0.05555555555555555
2024-12-23,QCOM,-0.05555555555555555
2024-12-23,EWC,0.05555555555555555
2024-12-23,BDX,0.05555555555555555
2024-12-23,QQQ,-0.05555555555555555
2024-12-23,ALK,-0.05555555555555555
2024-12-23,HUM,-0.05555555555555555
2024-12-23,WSM,-0.05555555555555555
2024-12-23,BX,-0.05555555555555555
2024-12-23,OHI,0.05555555555555555
2024-12-23,SYK,-0.05555555555555555
2024-12-23,COF,-0.05555555555555555
