Date,Ticker,Weight
2023-05-31,EOG,0.03571428571428571
2023-05-31,EWI,0.03571428571428571
2023-05-31,DLTR,0.03571428571428571
2023-05-31,MS,0.03571428571428571
2023-05-31,PPG,0.03571428571428571
2023-05-31,MAR,0.03571428571428571
2023-05-31,KGC,0.03571428571428571
2023-05-31,GOLD,0.03571428571428571
2023-05-31,A,0.03571428571428571
2023-05-31,TRP,0.03571428571428571
2023-05-31,KO,0.03571428571428571
2023-05-31,PVH,0.03571428571428571
2023-05-31,RL,0.03571428571428571
2023-05-31,HYG,0.03571428571428571
2023-05-31,WSM,0.03571428571428571
2023-05-31,BUD,0.03571428571428571
2023-05-31,LOW,0.03571428571428571
2023-05-31,NSC,0.03571428571428571
2023-05-31,HMC,0.03571428571428571
2023-05-31,CME,0.03571428571428571
2023-05-31,CP,0.03571428571428571
2023-05-31,SYK,0.03571428571428571
2023-05-31,KMB,0.03571428571428571
2023-05-31,ENB,0.03571428571428571
2023-05-31,TRV,0.03571428571428571
2023-05-31,DPZ,0.03571428571428571
2023-05-31,ZUMZ,0.03571428571428571
2023-05-31,CAT,0.03571428571428571
2023-06-01,A,0.03571428571428571
2023-06-01,XLP,0.03571428571428571
2023-06-01,BUD,0.03571428571428571
2023-06-01,CAG,0.03571428571428571
2023-06-01,JNJ,0.03571428571428571
2023-06-01,KMB,0.03571428571428571
2023-06-01,NDAQ,0.03571428571428571
2023-06-01,TRV,0.03571428571428571
2023-06-01,SIRI,0.03571428571428571
2023-06-01,HTZ,0.03571428571428571
2023-06-01,DLTR,0.03571428571428571
2023-06-01,MS,0.03571428571428571
2023-06-01,XRT,0.03571428571428571
2023-06-01,WMB,0.03571428571428571
2023-06-01,D,0.03571428571428571
2023-06-01,PVH,0.03571428571428571
2023-06-01,RL,0.03571428571428571
2023-06-01,WSM,0.03571428571428571
2023-06-01,LOW,0.03571428571428571
2023-06-01,PCG,0.03571428571428571
2023-06-01,DUK,0.03571428571428571
2023-06-01,NTES,0.03571428571428571
2023-06-01,CME,0.03571428571428571
2023-06-01,CP,0.03571428571428571
2023-06-01,PRGO,0.03571428571428571
2023-06-01,SYK,0.03571428571428571
2023-06-01,XLE,0.03571428571428571
2023-06-01,CAT,0.03571428571428571
2023-06-02,BAX,0.03571428571428571
2023-06-02,A,0.03571428571428571
2023-06-02,HYG,0.03571428571428571
2023-06-02,BUD,0.03571428571428571
2023-06-02,ICE,0.03571428571428571
2023-06-02,GREK,0.03571428571428571
2023-06-02,QCOM,0.03571428571428571
2023-06-02,JNJ,0.03571428571428571
2023-06-02,DPZ,0.03571428571428571
2023-06-02,BDX,0.03571428571428571
2023-06-02,EWI,0.03571428571428571
2023-06-02,SIRI,0.03571428571428571
2023-06-02,DLTR,0.03571428571428571
2023-06-02,XRT,0.03571428571428571
2023-06-02,KEY,0.03571428571428571
2023-06-02,KGC,0.03571428571428571
2023-06-02,D,0.03571428571428571
2023-06-02,PVH,0.03571428571428571
2023-06-02,EW,0.03571428571428571
2023-06-02,HUM,0.03571428571428571
2023-06-02,WSM,0.03571428571428571
2023-06-02,LOW,0.03571428571428571
2023-06-02,PCG,0.03571428571428571
2023-06-02,DUK,0.03571428571428571
2023-06-02,NTES,0.03571428571428571
2023-06-02,SYK,0.03571428571428571
2023-06-02,BSX,0.03571428571428571
2023-06-02,XLE,0.03571428571428571
2023-06-05,PPG,0.03571428571428571
2023-06-05,BAX,0.03571428571428571
2023-06-05,A,0.03571428571428571
2023-06-05,XLP,0.03571428571428571
2023-06-05,HYG,0.03571428571428571
2023-06-05,BUD,0.03571428571428571
2023-06-05,NSC,0.03571428571428571
2023-06-05,GREK,0.03571428571428571
2023-06-05,QCOM,0.03571428571428571
2023-06-05,DPZ,0.03571428571428571
2023-06-05,EWC,0.03571428571428571
2023-06-05,BDX,0.03571428571428571
2023-06-05,EWI,0.03571428571428571
2023-06-05,DLTR,0.03571428571428571
2023-06-05,MS,0.03571428571428571
2023-06-05,XRT,0.03571428571428571
2023-06-05,KO,0.03571428571428571
2023-06-05,PVH,0.03571428571428571
2023-06-05,RL,0.03571428571428571
2023-06-05,HUM,0.03571428571428571
2023-06-05,WSM,0.03571428571428571
2023-06-05,LOW,0.03571428571428571
2023-06-05,PCG,0.03571428571428571
2023-06-05,CME,0.03571428571428571
2023-06-05,PRGO,0.03571428571428571
2023-06-05,SYK,0.03571428571428571
2023-06-05,BSX,0.03571428571428571
2023-06-05,XLE,0.03571428571428571
2023-06-06,MNST,0.03571428571428571
2023-06-06,BAX,0.03571428571428571
2023-06-06,XLP,0.03571428571428571
2023-06-06,DAL,0.03571428571428571
2023-06-06,HYG,0.03571428571428571
2023-06-06,BUD,0.03571428571428571
2023-06-06,NSC,0.03571428571428571
2023-06-06,CAG,0.03571428571428571
2023-06-06,JNJ,0.03571428571428571
2023-06-06,DPZ,0.03571428571428571
2023-06-06,BDX,0.03571428571428571
2023-06-06,EWI,0.03571428571428571
2023-06-06,KGC,0.03571428571428571
2023-06-06,WMB,0.03571428571428571
2023-06-06,KO,0.03571428571428571
2023-06-06,EW,0.03571428571428571
2023-06-06,HUM,0.03571428571428571
2023-06-06,LOW,0.03571428571428571
2023-06-06,DUK,0.03571428571428571
2023-06-06,CME,0.03571428571428571
2023-06-06,CP,0.03571428571428571
2023-06-06,CLX,0.03571428571428571
2023-06-06,PRGO,0.03571428571428571
2023-06-06,SYK,0.03571428571428571
2023-06-06,BSX,0.03571428571428571
2023-06-06,XLE,0.03571428571428571
2023-06-06,ENB,0.03571428571428571
2023-06-06,MRK,0.03571428571428571
2023-06-07,MNST,0.03571428571428571
2023-06-07,BAX,0.03571428571428571
2023-06-07,XLP,0.03571428571428571
2023-06-07,WEN,0.03571428571428571
2023-06-07,HYG,0.03571428571428571
2023-06-07,ICE,0.03571428571428571
2023-06-07,CAG,0.03571428571428571
2023-06-07,JNJ,0.03571428571428571
2023-06-07,STI,0.03571428571428571
2023-06-07,KMB,0.03571428571428571
2023-06-07,DPZ,0.03571428571428571
2023-06-07,EWC,0.03571428571428571
2023-06-07,BDX,0.03571428571428571
2023-06-07,EBAY,0.03571428571428571
2023-06-07,ANF,0.03571428571428571
2023-06-07,ORCL,0.03571428571428571
2023-06-07,KGC,0.03571428571428571
2023-06-07,KO,0.03571428571428571
2023-06-07,EW,0.03571428571428571
2023-06-07,HUM,0.03571428571428571
2023-06-07,HMC,0.03571428571428571
2023-06-07,CME,0.03571428571428571
2023-06-07,CLX,0.03571428571428571
2023-06-07,PRGO,0.03571428571428571
2023-06-07,SYK,0.03571428571428571
2023-06-07,BSX,0.03571428571428571
2023-06-07,MRK,0.03571428571428571
2023-06-07,BMY,0.03571428571428571
2023-06-08,MNST,0.03571428571428571
2023-06-08,PPG,0.03571428571428571
2023-06-08,BAX,0.03571428571428571
2023-06-08,VWO,0.03571428571428571
2023-06-08,BUD,0.03571428571428571
2023-06-08,CAG,0.03571428571428571
2023-06-08,JNJ,0.03571428571428571
2023-06-08,STI,0.03571428571428571
2023-06-08,KMB,0.03571428571428571
2023-06-08,TRV,0.03571428571428571
2023-06-08,EWC,0.03571428571428571
2023-06-08,BDX,0.03571428571428571
2023-06-08,MU,0.03571428571428571
2023-06-08,KO,0.03571428571428571
2023-06-08,D,0.03571428571428571
2023-06-08,EW,0.03571428571428571
2023-06-08,NTAP,0.03571428571428571
2023-06-08,WSM,0.03571428571428571
2023-06-08,LOW,0.03571428571428571
2023-06-08,PCG,0.03571428571428571
2023-06-08,CME,0.03571428571428571
2023-06-08,CLX,0.03571428571428571
2023-06-08,PRGO,0.03571428571428571
2023-06-08,SYK,0.03571428571428571
2023-06-08,XLE,0.03571428571428571
2023-06-08,ENB,0.03571428571428571
2023-06-08,MRK,0.03571428571428571
2023-06-08,BMY,0.03571428571428571
2023-06-09,MNST,0.03571428571428571
2023-06-09,PPG,0.03571428571428571
2023-06-09,HYG,0.03571428571428571
2023-06-09,NSC,0.03571428571428571
2023-06-09,CAG,0.03571428571428571
2023-06-09,JNJ,0.03571428571428571
2023-06-09,STI,0.03571428571428571
2023-06-09,KMB,0.03571428571428571
2023-06-09,TRV,0.03571428571428571
2023-06-09,BDX,0.03571428571428571
2023-06-09,EBAY,0.03571428571428571
2023-06-09,EWI,0.03571428571428571
2023-06-09,WMB,0.03571428571428571
2023-06-09,TRP,0.03571428571428571
2023-06-09,D,0.03571428571428571
2023-06-09,PVH,0.03571428571428571
2023-06-09,RL,0.03571428571428571
2023-06-09,LOW,0.03571428571428571
2023-06-09,PCG,0.03571428571428571
2023-06-09,DUK,0.03571428571428571
2023-06-09,CME,0.03571428571428571
2023-06-09,CP,0.03571428571428571
2023-06-09,CLX,0.03571428571428571
2023-06-09,PRGO,0.03571428571428571
2023-06-09,SYK,0.03571428571428571
2023-06-09,XLE,0.03571428571428571
2023-06-09,ENB,0.03571428571428571
2023-06-09,BMY,0.03571428571428571
2023-06-12,PPG,0.03571428571428571
2023-06-12,VWO,0.03571428571428571
2023-06-12,WEN,0.03571428571428571
2023-06-12,HYG,0.03571428571428571
2023-06-12,ICE,0.03571428571428571
2023-06-12,CAG,0.03571428571428571
2023-06-12,JNJ,0.03571428571428571
2023-06-12,KMB,0.03571428571428571
2023-06-12,TRV,0.03571428571428571
2023-06-12,BDX,0.03571428571428571
2023-06-12,EBAY,0.03571428571428571
2023-06-12,EOG,0.03571428571428571
2023-06-12,KGC,0.03571428571428571
2023-06-12,WMB,0.03571428571428571
2023-06-12,KO,0.03571428571428571
2023-06-12,D,0.03571428571428571
2023-06-12,PCG,0.03571428571428571
2023-06-12,DUK,0.03571428571428571
2023-06-12,CME,0.03571428571428571
2023-06-12,CP,0.03571428571428571
2023-06-12,CLX,0.03571428571428571
2023-06-12,SYK,0.03571428571428571
2023-06-12,BSX,0.03571428571428571
2023-06-12,XLE,0.03571428571428571
2023-06-12,ENB,0.03571428571428571
2023-06-12,VZ,0.03571428571428571
2023-06-12,MRK,0.03571428571428571
2023-06-12,BMY,0.03571428571428571
2023-06-13,PPG,0.03571428571428571
2023-06-13,WEN,0.03571428571428571
2023-06-13,HYG,0.03571428571428571
2023-06-13,ICE,0.03571428571428571
2023-06-13,JNJ,0.03571428571428571
2023-06-13,STI,0.03571428571428571
2023-06-13,KMB,0.03571428571428571
2023-06-13,TRV,0.03571428571428571
2023-06-13,BDX,0.03571428571428571
2023-06-13,EBAY,0.03571428571428571
2023-06-13,EOG,0.03571428571428571
2023-06-13,KEY,0.03571428571428571
2023-06-13,ILMN,0.03571428571428571
2023-06-13,KGC,0.03571428571428571
2023-06-13,WMB,0.03571428571428571
2023-06-13,TRP,0.03571428571428571
2023-06-13,D,0.03571428571428571
2023-06-13,HUM,0.03571428571428571
2023-06-13,PCG,0.03571428571428571
2023-06-13,DUK,0.03571428571428571
2023-06-13,CME,0.03571428571428571
2023-06-13,CLX,0.03571428571428571
2023-06-13,SYK,0.03571428571428571
2023-06-13,BSX,0.03571428571428571
2023-06-13,XLE,0.03571428571428571
2023-06-13,ENB,0.03571428571428571
2023-06-13,VZ,0.03571428571428571
2023-06-13,MRK,0.03571428571428571
2023-06-14,PPG,0.03571428571428571
2023-06-14,HP,0.03571428571428571
2023-06-14,WEN,0.03571428571428571
2023-06-14,JNJ,0.03571428571428571
2023-06-14,STI,0.03571428571428571
2023-06-14,KMB,0.03571428571428571
2023-06-14,NDAQ,0.03571428571428571
2023-06-14,TRV,0.03571428571428571
2023-06-14,VTR,0.03571428571428571
2023-06-14,BDX,0.03571428571428571
2023-06-14,EBAY,0.03571428571428571
2023-06-14,EOG,0.03571428571428571
2023-06-14,EWI,0.03571428571428571
2023-06-14,ILMN,0.03571428571428571
2023-06-14,KGC,0.03571428571428571
2023-06-14,GOLD,0.03571428571428571
2023-06-14,WMB,0.03571428571428571
2023-06-14,TRP,0.03571428571428571
2023-06-14,WSM,0.03571428571428571
2023-06-14,PCG,0.03571428571428571
2023-06-14,DUK,0.03571428571428571
2023-06-14,CME,0.03571428571428571
2023-06-14,CLX,0.03571428571428571
2023-06-14,XLE,0.03571428571428571
2023-06-14,ENB,0.03571428571428571
2023-06-14,VZ,0.03571428571428571
2023-06-14,MRK,0.03571428571428571
2023-06-14,BMY,0.03571428571428571
2023-06-15,CNC,0.03571428571428571
2023-06-15,PPG,0.03571428571428571
2023-06-15,WEN,0.03571428571428571
2023-06-15,CAG,0.03571428571428571
2023-06-15,STI,0.03571428571428571
2023-06-15,KMB,0.03571428571428571
2023-06-15,NDAQ,0.03571428571428571
2023-06-15,TRV,0.03571428571428571
2023-06-15,VTR,0.03571428571428571
2023-06-15,BDX,0.03571428571428571
2023-06-15,EBAY,0.03571428571428571
2023-06-15,EOG,0.03571428571428571
2023-06-15,DLTR,0.03571428571428571
2023-06-15,MAR,0.03571428571428571
2023-06-15,KEY,0.03571428571428571
2023-06-15,ILMN,0.03571428571428571
2023-06-15,KGC,0.03571428571428571
2023-06-15,GOLD,0.03571428571428571
2023-06-15,WMB,0.03571428571428571
2023-06-15,ULTA,0.03571428571428571
2023-06-15,RL,0.03571428571428571
2023-06-15,HUM,0.03571428571428571
2023-06-15,PCG,0.03571428571428571
2023-06-15,DUK,0.03571428571428571
2023-06-15,CME,0.03571428571428571
2023-06-15,CLX,0.03571428571428571
2023-06-15,ENB,0.03571428571428571
2023-06-15,MRK,0.03571428571428571
2023-06-16,CNC,0.03571428571428571
2023-06-16,A,0.03571428571428571
2023-06-16,HYG,0.03571428571428571
2023-06-16,CAG,0.03571428571428571
2023-06-16,JNJ,0.03571428571428571
2023-06-16,STI,0.03571428571428571
2023-06-16,NDAQ,0.03571428571428571
2023-06-16,TRV,0.03571428571428571
2023-06-16,EWC,0.03571428571428571
2023-06-16,EBAY,0.03571428571428571
2023-06-16,DLTR,0.03571428571428571
2023-06-16,MS,0.03571428571428571
2023-06-16,XRT,0.03571428571428571
2023-06-16,ILMN,0.03571428571428571
2023-06-16,KGC,0.03571428571428571
2023-06-16,GOLD,0.03571428571428571
2023-06-16,ULTA,0.03571428571428571
2023-06-16,HUM,0.03571428571428571
2023-06-16,WSM,0.03571428571428571
2023-06-16,BX,0.03571428571428571
2023-06-16,PCG,0.03571428571428571
2023-06-16,RF,0.03571428571428571
2023-06-16,HMC,0.03571428571428571
2023-06-16,CME,0.03571428571428571
2023-06-16,CP,0.03571428571428571
2023-06-16,CLX,0.03571428571428571
2023-06-16,SYK,0.03571428571428571
2023-06-16,MRK,0.03571428571428571
2023-06-20,PPG,0.03571428571428571
2023-06-20,A,0.03571428571428571
2023-06-20,XLP,0.03571428571428571
2023-06-20,HYG,0.03571428571428571
2023-06-20,CAG,0.03571428571428571
2023-06-20,QCOM,0.03571428571428571
2023-06-20,JNJ,0.03571428571428571
2023-06-20,STI,0.03571428571428571
2023-06-20,KMB,0.03571428571428571
2023-06-20,TRV,0.03571428571428571
2023-06-20,EOG,0.03571428571428571
2023-06-20,EWI,0.03571428571428571
2023-06-20,MS,0.03571428571428571
2023-06-20,MAR,0.03571428571428571
2023-06-20,ILMN,0.03571428571428571
2023-06-20,KGC,0.03571428571428571
2023-06-20,ULTA,0.03571428571428571
2023-06-20,WSM,0.03571428571428571
2023-06-20,NWSA,0.03571428571428571
2023-06-20,BX,0.03571428571428571
2023-06-20,PCG,0.03571428571428571
2023-06-20,DUK,0.03571428571428571
2023-06-20,NTES,0.03571428571428571
2023-06-20,HMC,0.03571428571428571
2023-06-20,CME,0.03571428571428571
2023-06-20,CP,0.03571428571428571
2023-06-20,CLX,0.03571428571428571
2023-06-20,VZ,0.03571428571428571
2023-06-21,PPG,0.03571428571428571
2023-06-21,BAX,0.03571428571428571
2023-06-21,A,0.03571428571428571
2023-06-21,WEN,0.03571428571428571
2023-06-21,HYG,0.03571428571428571
2023-06-21,ICE,0.03571428571428571
2023-06-21,CAG,0.03571428571428571
2023-06-21,QCOM,0.03571428571428571
2023-06-21,JNJ,0.03571428571428571
2023-06-21,NDAQ,0.03571428571428571
2023-06-21,HAS,0.03571428571428571
2023-06-21,TRV,0.03571428571428571
2023-06-21,DPZ,0.03571428571428571
2023-06-21,EWC,0.03571428571428571
2023-06-21,EOG,0.03571428571428571
2023-06-21,QQQ,0.03571428571428571
2023-06-21,EWI,0.03571428571428571
2023-06-21,MS,0.03571428571428571
2023-06-21,ILMN,0.03571428571428571
2023-06-21,KGC,0.03571428571428571
2023-06-21,D,0.03571428571428571
2023-06-21,ULTA,0.03571428571428571
2023-06-21,WSM,0.03571428571428571
2023-06-21,BX,0.03571428571428571
2023-06-21,LOW,0.03571428571428571
2023-06-21,PCG,0.03571428571428571
2023-06-21,PRGO,0.03571428571428571
2023-06-21,ENB,0.03571428571428571
2023-06-22,PPG,0.03571428571428571
2023-06-22,BAX,0.03571428571428571
2023-06-22,VWO,0.03571428571428571
2023-06-22,A,0.03571428571428571
2023-06-22,WEN,0.03571428571428571
2023-06-22,HYG,0.03571428571428571
2023-06-22,ICE,0.03571428571428571
2023-06-22,CAG,0.03571428571428571
2023-06-22,GREK,0.03571428571428571
2023-06-22,QCOM,0.03571428571428571
2023-06-22,STI,0.03571428571428571
2023-06-22,KMB,0.03571428571428571
2023-06-22,TRV,0.03571428571428571
2023-06-22,VTR,0.03571428571428571
2023-06-22,EBAY,0.03571428571428571
2023-06-22,EOG,0.03571428571428571
2023-06-22,MS,0.03571428571428571
2023-06-22,ILMN,0.03571428571428571
2023-06-22,KGC,0.03571428571428571
2023-06-22,WMB,0.03571428571428571
2023-06-22,D,0.03571428571428571
2023-06-22,ULTA,0.03571428571428571
2023-06-22,NWSA,0.03571428571428571
2023-06-22,BX,0.03571428571428571
2023-06-22,PCG,0.03571428571428571
2023-06-22,DUK,0.03571428571428571
2023-06-22,HMC,0.03571428571428571
2023-06-22,PRGO,0.03571428571428571
2023-06-23,PPG,0.03571428571428571
2023-06-23,BAX,0.03571428571428571
2023-06-23,WEN,0.03571428571428571
2023-06-23,HYG,0.03571428571428571
2023-06-23,CAG,0.03571428571428571
2023-06-23,QCOM,0.03571428571428571
2023-06-23,STI,0.03571428571428571
2023-06-23,KMB,0.03571428571428571
2023-06-23,TRV,0.03571428571428571
2023-06-23,EBAY,0.03571428571428571
2023-06-23,EOG,0.03571428571428571
2023-06-23,MS,0.03571428571428571
2023-06-23,KGC,0.03571428571428571
2023-06-23,GOLD,0.03571428571428571
2023-06-23,KO,0.03571428571428571
2023-06-23,D,0.03571428571428571
2023-06-23,RL,0.03571428571428571
2023-06-23,NWSA,0.03571428571428571
2023-06-23,TRIP,0.03571428571428571
2023-06-23,BX,0.03571428571428571
2023-06-23,PCG,0.03571428571428571
2023-06-23,DUK,0.03571428571428571
2023-06-23,HMC,0.03571428571428571
2023-06-23,CLX,0.03571428571428571
2023-06-23,OHI,0.03571428571428571
2023-06-23,CSIQ,0.03571428571428571
2023-06-23,BSX,0.03571428571428571
2023-06-23,XLE,0.03571428571428571
2023-06-26,MNST,0.03571428571428571
2023-06-26,A,0.03571428571428571
2023-06-26,NVDA,0.03571428571428571
2023-06-26,WEN,0.03571428571428571
2023-06-26,ICE,0.03571428571428571
2023-06-26,GREK,0.03571428571428571
2023-06-26,JNJ,0.03571428571428571
2023-06-26,STI,0.03571428571428571
2023-06-26,KMB,0.03571428571428571
2023-06-26,TRV,0.03571428571428571
2023-06-26,VTR,0.03571428571428571
2023-06-26,BDX,0.03571428571428571
2023-06-26,EBAY,0.03571428571428571
2023-06-26,QQQ,0.03571428571428571
2023-06-26,CCL,0.03571428571428571
2023-06-26,MS,0.03571428571428571
2023-06-26,MAR,0.03571428571428571
2023-06-26,ILMN,0.03571428571428571
2023-06-26,KGC,0.03571428571428571
2023-06-26,GOLD,0.03571428571428571
2023-06-26,KO,0.03571428571428571
2023-06-26,EW,0.03571428571428571
2023-06-26,RL,0.03571428571428571
2023-06-26,PCG,0.03571428571428571
2023-06-26,HMC,0.03571428571428571
2023-06-26,CLX,0.03571428571428571
2023-06-26,BSX,0.03571428571428571
2023-06-26,BMY,0.03571428571428571
2023-06-27,MNST,0.03571428571428571
2023-06-27,VWO,0.03571428571428571
2023-06-27,A,0.03571428571428571
2023-06-27,HP,0.03571428571428571
2023-06-27,WEN,0.03571428571428571
2023-06-27,BUD,0.03571428571428571
2023-06-27,ICE,0.03571428571428571
2023-06-27,JNJ,0.03571428571428571
2023-06-27,STI,0.03571428571428571
2023-06-27,NDAQ,0.03571428571428571
2023-06-27,BDX,0.03571428571428571
2023-06-27,EOG,0.03571428571428571
2023-06-27,ILMN,0.03571428571428571
2023-06-27,KGC,0.03571428571428571
2023-06-27,GOLD,0.03571428571428571
2023-06-27,KO,0.03571428571428571
2023-06-27,D,0.03571428571428571
2023-06-27,TRIP,0.03571428571428571
2023-06-27,PCG,0.03571428571428571
2023-06-27,DUK,0.03571428571428571
2023-06-27,HMC,0.03571428571428571
2023-06-27,CME,0.03571428571428571
2023-06-27,PRGO,0.03571428571428571
2023-06-27,BSX,0.03571428571428571
2023-06-27,XLE,0.03571428571428571
2023-06-27,MT,0.03571428571428571
2023-06-27,MRK,0.03571428571428571
2023-06-27,BMY,0.03571428571428571
2023-06-28,MNST,0.03571428571428571
2023-06-28,VWO,0.03571428571428571
2023-06-28,A,0.03571428571428571
2023-06-28,CF,0.03571428571428571
2023-06-28,HP,0.03571428571428571
2023-06-28,XLP,0.03571428571428571
2023-06-28,NVDA,0.03571428571428571
2023-06-28,CAG,0.03571428571428571
2023-06-28,JNJ,0.03571428571428571
2023-06-28,STI,0.03571428571428571
2023-06-28,KMB,0.03571428571428571
2023-06-28,NDAQ,0.03571428571428571
2023-06-28,TRV,0.03571428571428571
2023-06-28,MS,0.03571428571428571
2023-06-28,ILMN,0.03571428571428571
2023-06-28,KGC,0.03571428571428571
2023-06-28,KO,0.03571428571428571
2023-06-28,D,0.03571428571428571
2023-06-28,PCG,0.03571428571428571
2023-06-28,DUK,0.03571428571428571
2023-06-28,CP,0.03571428571428571
2023-06-28,CLX,0.03571428571428571
2023-06-28,PRGO,0.03571428571428571
2023-06-28,BSX,0.03571428571428571
2023-06-28,ZUMZ,0.03571428571428571
2023-06-28,MT,0.03571428571428571
2023-06-28,MRK,0.03571428571428571
2023-06-28,BMY,0.03571428571428571
2023-06-29,MNST,0.03571428571428571
2023-06-29,AMTD,0.03571428571428571
2023-06-29,VWO,0.03571428571428571
2023-06-29,XLP,0.03571428571428571
2023-06-29,NVDA,0.03571428571428571
2023-06-29,CAG,0.03571428571428571
2023-06-29,JNJ,0.03571428571428571
2023-06-29,STI,0.03571428571428571
2023-06-29,KMB,0.03571428571428571
2023-06-29,NDAQ,0.03571428571428571
2023-06-29,TRV,0.03571428571428571
2023-06-29,DHI,0.03571428571428571
2023-06-29,EBAY,0.03571428571428571
2023-06-29,DLTR,0.03571428571428571
2023-06-29,ILMN,0.03571428571428571
2023-06-29,KO,0.03571428571428571
2023-06-29,D,0.03571428571428571
2023-06-29,PCG,0.03571428571428571
2023-06-29,DUK,0.03571428571428571
2023-06-29,HMC,0.03571428571428571
2023-06-29,CP,0.03571428571428571
2023-06-29,CLX,0.03571428571428571
2023-06-29,PRGO,0.03571428571428571
2023-06-29,BSX,0.03571428571428571
2023-06-29,ZUMZ,0.03571428571428571
2023-06-29,MT,0.03571428571428571
2023-06-29,MRK,0.03571428571428571
2023-06-29,BMY,0.03571428571428571
2023-06-30,MNST,0.03571428571428571
2023-06-30,CNC,0.03571428571428571
2023-06-30,VWO,0.03571428571428571
2023-06-30,CF,0.03571428571428571
2023-06-30,WEN,0.03571428571428571
2023-06-30,RRC,0.03571428571428571
2023-06-30,CAG,0.03571428571428571
2023-06-30,KMB,0.03571428571428571
2023-06-30,NDAQ,0.03571428571428571
2023-06-30,TRV,0.03571428571428571
2023-06-30,MU,0.03571428571428571
2023-06-30,EBAY,0.03571428571428571
2023-06-30,DLTR,0.03571428571428571
2023-06-30,MS,0.03571428571428571
2023-06-30,ILMN,0.03571428571428571
2023-06-30,KGC,0.03571428571428571
2023-06-30,KO,0.03571428571428571
2023-06-30,D,0.03571428571428571
2023-06-30,PCG,0.03571428571428571
2023-06-30,DUK,0.03571428571428571
2023-06-30,HMC,0.03571428571428571
2023-06-30,CME,0.03571428571428571
2023-06-30,CLX,0.03571428571428571
2023-06-30,OHI,0.03571428571428571
2023-06-30,ZUMZ,0.03571428571428571
2023-06-30,MT,0.03571428571428571
2023-06-30,MRK,0.03571428571428571
2023-06-30,BMY,0.03571428571428571
2023-07-03,MNST,0.03571428571428571
2023-07-03,CNC,0.03571428571428571
2023-07-03,A,0.03571428571428571
2023-07-03,WEN,0.03571428571428571
2023-07-03,HYG,0.03571428571428571
2023-07-03,ICE,0.03571428571428571
2023-07-03,CAG,0.03571428571428571
2023-07-03,JNJ,0.03571428571428571
2023-07-03,KMB,0.03571428571428571
2023-07-03,NDAQ,0.03571428571428571
2023-07-03,TRV,0.03571428571428571
2023-07-03,DPZ,0.03571428571428571
2023-07-03,DHI,0.03571428571428571
2023-07-03,BDX,0.03571428571428571
2023-07-03,EOG,0.03571428571428571
2023-07-03,MAR,0.03571428571428571
2023-07-03,ILMN,0.03571428571428571
2023-07-03,KGC,0.03571428571428571
2023-07-03,KO,0.03571428571428571
2023-07-03,EW,0.03571428571428571
2023-07-03,HUM,0.03571428571428571
2023-07-03,PCG,0.03571428571428571
2023-07-03,CME,0.03571428571428571
2023-07-03,CLX,0.03571428571428571
2023-07-03,PRGO,0.03571428571428571
2023-07-03,SYK,0.03571428571428571
2023-07-03,BSX,0.03571428571428571
2023-07-03,MRK,0.03571428571428571
2023-07-05,MNST,0.03571428571428571
2023-07-05,PPG,0.03571428571428571
2023-07-05,WEN,0.03571428571428571
2023-07-05,HYG,0.03571428571428571
2023-07-05,ICE,0.03571428571428571
2023-07-05,CAG,0.03571428571428571
2023-07-05,QCOM,0.03571428571428571
2023-07-05,JNJ,0.03571428571428571
2023-07-05,STI,0.03571428571428571
2023-07-05,KMB,0.03571428571428571
2023-07-05,NDAQ,0.03571428571428571
2023-07-05,TRV,0.03571428571428571
2023-07-05,DPZ,0.03571428571428571
2023-07-05,BDX,0.03571428571428571
2023-07-05,ANF,0.03571428571428571
2023-07-05,KGC,0.03571428571428571
2023-07-05,GOLD,0.03571428571428571
2023-07-05,PVH,0.03571428571428571
2023-07-05,EW,0.03571428571428571
2023-07-05,HUM,0.03571428571428571
2023-07-05,TRIP,0.03571428571428571
2023-07-05,HMC,0.03571428571428571
2023-07-05,CME,0.03571428571428571
2023-07-05,CP,0.03571428571428571
2023-07-05,CLX,0.03571428571428571
2023-07-05,SYK,0.03571428571428571
2023-07-05,BSX,0.03571428571428571
2023-07-05,MRK,0.03571428571428571
2023-07-06,MNST,0.03571428571428571
2023-07-06,PPG,0.03571428571428571
2023-07-06,A,0.03571428571428571
2023-07-06,XLP,0.03571428571428571
2023-07-06,HYG,0.03571428571428571
2023-07-06,CAG,0.03571428571428571
2023-07-06,GREK,0.03571428571428571
2023-07-06,QCOM,0.03571428571428571
2023-07-06,JNJ,0.03571428571428571
2023-07-06,NDAQ,0.03571428571428571
2023-07-06,TRV,0.03571428571428571
2023-07-06,DHI,0.03571428571428571
2023-07-06,BDX,0.03571428571428571
2023-07-06,EOG,0.03571428571428571
2023-07-06,MS,0.03571428571428571
2023-07-06,ILMN,0.03571428571428571
2023-07-06,KO,0.03571428571428571
2023-07-06,EW,0.03571428571428571
2023-07-06,HUM,0.03571428571428571
2023-07-06,LOW,0.03571428571428571
2023-07-06,HMC,0.03571428571428571
2023-07-06,CME,0.03571428571428571
2023-07-06,CP,0.03571428571428571
2023-07-06,CLX,0.03571428571428571
2023-07-06,SYK,0.03571428571428571
2023-07-06,BSX,0.03571428571428571
2023-07-06,MRK,0.03571428571428571
2023-07-06,BMY,0.03571428571428571
2023-07-07,MNST,0.03571428571428571
2023-07-07,A,0.03571428571428571
2023-07-07,XLP,0.03571428571428571
2023-07-07,HYG,0.03571428571428571
2023-07-07,CAG,0.03571428571428571
2023-07-07,JNJ,0.03571428571428571
2023-07-07,KMB,0.03571428571428571
2023-07-07,NDAQ,0.03571428571428571
2023-07-07,TRV,0.03571428571428571
2023-07-07,VTR,0.03571428571428571
2023-07-07,DHI,0.03571428571428571
2023-07-07,EWC,0.03571428571428571
2023-07-07,BDX,0.03571428571428571
2023-07-07,MS,0.03571428571428571
2023-07-07,ILMN,0.03571428571428571
2023-07-07,KGC,0.03571428571428571
2023-07-07,KO,0.03571428571428571
2023-07-07,EW,0.03571428571428571
2023-07-07,HUM,0.03571428571428571
2023-07-07,DUK,0.03571428571428571
2023-07-07,HMC,0.03571428571428571
2023-07-07,CME,0.03571428571428571
2023-07-07,CP,0.03571428571428571
2023-07-07,CLX,0.03571428571428571
2023-07-07,PRGO,0.03571428571428571
2023-07-07,SYK,0.03571428571428571
2023-07-07,BSX,0.03571428571428571
2023-07-07,MRK,0.03571428571428571
2023-07-10,MNST,0.03571428571428571
2023-07-10,XLP,0.03571428571428571
2023-07-10,NVDA,0.03571428571428571
2023-07-10,CAG,0.03571428571428571
2023-07-10,JNJ,0.03571428571428571
2023-07-10,STI,0.03571428571428571
2023-07-10,KMB,0.03571428571428571
2023-07-10,HAS,0.03571428571428571
2023-07-10,TRV,0.03571428571428571
2023-07-10,EWC,0.03571428571428571
2023-07-10,BDX,0.03571428571428571
2023-07-10,QQQ,0.03571428571428571
2023-07-10,MS,0.03571428571428571
2023-07-10,TRP,0.03571428571428571
2023-07-10,KO,0.03571428571428571
2023-07-10,D,0.03571428571428571
2023-07-10,HUM,0.03571428571428571
2023-07-10,NWSA,0.03571428571428571
2023-07-10,PCG,0.03571428571428571
2023-07-10,DUK,0.03571428571428571
2023-07-10,HMC,0.03571428571428571
2023-07-10,CME,0.03571428571428571
2023-07-10,CP,0.03571428571428571
2023-07-10,CLX,0.03571428571428571
2023-07-10,SYK,0.03571428571428571
2023-07-10,BSX,0.03571428571428571
2023-07-10,MRK,0.03571428571428571
2023-07-10,BMY,0.03571428571428571
2023-07-11,MNST,0.03571428571428571
2023-07-11,CNC,0.03571428571428571
2023-07-11,AMTD,0.03571428571428571
2023-07-11,A,0.03571428571428571
2023-07-11,XLP,0.03571428571428571
2023-07-11,NVDA,0.03571428571428571
2023-07-11,CAG,0.03571428571428571
2023-07-11,JNJ,0.03571428571428571
2023-07-11,STI,0.03571428571428571
2023-07-11,KMB,0.03571428571428571
2023-07-11,NDAQ,0.03571428571428571
2023-07-11,TRV,0.03571428571428571
2023-07-11,EWC,0.03571428571428571
2023-07-11,BDX,0.03571428571428571
2023-07-11,CCL,0.03571428571428571
2023-07-11,KGC,0.03571428571428571
2023-07-11,KO,0.03571428571428571
2023-07-11,EW,0.03571428571428571
2023-07-11,HUM,0.03571428571428571
2023-07-11,HMC,0.03571428571428571
2023-07-11,CME,0.03571428571428571
2023-07-11,CP,0.03571428571428571
2023-07-11,CLX,0.03571428571428571
2023-07-11,SYK,0.03571428571428571
2023-07-11,BSX,0.03571428571428571
2023-07-11,ENB,0.03571428571428571
2023-07-11,MT,0.03571428571428571
2023-07-11,MRK,0.03571428571428571
2023-07-12,MNST,0.03571428571428571
2023-07-12,CNC,0.03571428571428571
2023-07-12,XLP,0.03571428571428571
2023-07-12,WEN,0.03571428571428571
2023-07-12,RRC,0.03571428571428571
2023-07-12,CAG,0.03571428571428571
2023-07-12,JNJ,0.03571428571428571
2023-07-12,STI,0.03571428571428571
2023-07-12,KMB,0.03571428571428571
2023-07-12,NDAQ,0.03571428571428571
2023-07-12,TRV,0.03571428571428571
2023-07-12,BDX,0.03571428571428571
2023-07-12,MU,0.03571428571428571
2023-07-12,HTZ,0.03571428571428571
2023-07-12,CCL,0.03571428571428571
2023-07-12,KO,0.03571428571428571
2023-07-12,NTAP,0.03571428571428571
2023-07-12,HMC,0.03571428571428571
2023-07-12,CME,0.03571428571428571
2023-07-12,CP,0.03571428571428571
2023-07-12,CLX,0.03571428571428571
2023-07-12,PRGO,0.03571428571428571
2023-07-12,SYK,0.03571428571428571
2023-07-12,BSX,0.03571428571428571
2023-07-12,ZUMZ,0.03571428571428571
2023-07-12,VZ,0.03571428571428571
2023-07-12,MRK,0.03571428571428571
2023-07-12,BMY,0.03571428571428571
2023-07-13,CNC,0.03571428571428571
2023-07-13,A,0.03571428571428571
2023-07-13,XLP,0.03571428571428571
2023-07-13,WEN,0.03571428571428571
2023-07-13,RRC,0.03571428571428571
2023-07-13,CAG,0.03571428571428571
2023-07-13,JNJ,0.03571428571428571
2023-07-13,STI,0.03571428571428571
2023-07-13,KMB,0.03571428571428571
2023-07-13,NDAQ,0.03571428571428571
2023-07-13,TRV,0.03571428571428571
2023-07-13,BDX,0.03571428571428571
2023-07-13,MU,0.03571428571428571
2023-07-13,ANF,0.03571428571428571
2023-07-13,CCL,0.03571428571428571
2023-07-13,ALK,0.03571428571428571
2023-07-13,ILMN,0.03571428571428571
2023-07-13,RL,0.03571428571428571
2023-07-13,HUM,0.03571428571428571
2023-07-13,HMC,0.03571428571428571
2023-07-13,CME,0.03571428571428571
2023-07-13,CP,0.03571428571428571
2023-07-13,CLX,0.03571428571428571
2023-07-13,CSIQ,0.03571428571428571
2023-07-13,ZUMZ,0.03571428571428571
2023-07-13,VZ,0.03571428571428571
2023-07-13,MRK,0.03571428571428571
2023-07-13,BMY,0.03571428571428571
2023-07-14,VWO,0.03571428571428571
2023-07-14,WEN,0.03571428571428571
2023-07-14,DAL,0.03571428571428571
2023-07-14,HYG,0.03571428571428571
2023-07-14,CAG,0.03571428571428571
2023-07-14,STI,0.03571428571428571
2023-07-14,KMB,0.03571428571428571
2023-07-14,NDAQ,0.03571428571428571
2023-07-14,HAS,0.03571428571428571
2023-07-14,TRV,0.03571428571428571
2023-07-14,EWC,0.03571428571428571
2023-07-14,BDX,0.03571428571428571
2023-07-14,MU,0.03571428571428571
2023-07-14,EOG,0.03571428571428571
2023-07-14,HTZ,0.03571428571428571
2023-07-14,CCL,0.03571428571428571
2023-07-14,MS,0.03571428571428571
2023-07-14,ALK,0.03571428571428571
2023-07-14,ILMN,0.03571428571428571
2023-07-14,WMB,0.03571428571428571
2023-07-14,TRP,0.03571428571428571
2023-07-14,HUM,0.03571428571428571
2023-07-14,PCG,0.03571428571428571
2023-07-14,HMC,0.03571428571428571
2023-07-14,ZUMZ,0.03571428571428571
2023-07-14,VZ,0.03571428571428571
2023-07-14,MRK,0.03571428571428571
2023-07-14,BMY,0.03571428571428571
2023-07-17,BAX,0.03571428571428571
2023-07-17,A,0.03571428571428571
2023-07-17,WEN,0.03571428571428571
2023-07-17,CAG,0.03571428571428571
2023-07-17,JNJ,0.03571428571428571
2023-07-17,KMB,0.03571428571428571
2023-07-17,NDAQ,0.03571428571428571
2023-07-17,HAS,0.03571428571428571
2023-07-17,TRV,0.03571428571428571
2023-07-17,VTR,0.03571428571428571
2023-07-17,BDX,0.03571428571428571
2023-07-17,HTZ,0.03571428571428571
2023-07-17,ILMN,0.03571428571428571
2023-07-17,WMB,0.03571428571428571
2023-07-17,TRP,0.03571428571428571
2023-07-17,D,0.03571428571428571
2023-07-17,PVH,0.03571428571428571
2023-07-17,HUM,0.03571428571428571
2023-07-17,PCG,0.03571428571428571
2023-07-17,DUK,0.03571428571428571
2023-07-17,HMC,0.03571428571428571
2023-07-17,CME,0.03571428571428571
2023-07-17,CP,0.03571428571428571
2023-07-17,CSIQ,0.03571428571428571
2023-07-17,BSX,0.03571428571428571
2023-07-17,ZUMZ,0.03571428571428571
2023-07-17,MRK,0.03571428571428571
2023-07-17,BMY,0.03571428571428571
2023-07-18,MNST,0.03571428571428571
2023-07-18,VWO,0.03571428571428571
2023-07-18,XLP,0.03571428571428571
2023-07-18,WEN,0.03571428571428571
2023-07-18,ICE,0.03571428571428571
2023-07-18,CAG,0.03571428571428571
2023-07-18,JNJ,0.03571428571428571
2023-07-18,KMB,0.03571428571428571
2023-07-18,NDAQ,0.03571428571428571
2023-07-18,HAS,0.03571428571428571
2023-07-18,TRV,0.03571428571428571
2023-07-18,VTR,0.03571428571428571
2023-07-18,BDX,0.03571428571428571
2023-07-18,ILMN,0.03571428571428571
2023-07-18,KGC,0.03571428571428571
2023-07-18,TRP,0.03571428571428571
2023-07-18,D,0.03571428571428571
2023-07-18,ULTA,0.03571428571428571
2023-07-18,HUM,0.03571428571428571
2023-07-18,PCG,0.03571428571428571
2023-07-18,DUK,0.03571428571428571
2023-07-18,CME,0.03571428571428571
2023-07-18,CLX,0.03571428571428571
2023-07-18,SYK,0.03571428571428571
2023-07-18,ENB,0.03571428571428571
2023-07-18,VZ,0.03571428571428571
2023-07-18,MRK,0.03571428571428571
2023-07-18,BMY,0.03571428571428571
2023-07-19,MNST,0.03571428571428571
2023-07-19,PPG,0.03571428571428571
2023-07-19,VWO,0.03571428571428571
2023-07-19,WEN,0.03571428571428571
2023-07-19,ICE,0.03571428571428571
2023-07-19,JNJ,0.03571428571428571
2023-07-19,STI,0.03571428571428571
2023-07-19,KMB,0.03571428571428571
2023-07-19,NDAQ,0.03571428571428571
2023-07-19,TRV,0.03571428571428571
2023-07-19,BDX,0.03571428571428571
2023-07-19,ILMN,0.03571428571428571
2023-07-19,KGC,0.03571428571428571
2023-07-19,WMB,0.03571428571428571
2023-07-19,TRP,0.03571428571428571
2023-07-19,ULTA,0.03571428571428571
2023-07-19,EW,0.03571428571428571
2023-07-19,NWSA,0.03571428571428571
2023-07-19,PCG,0.03571428571428571
2023-07-19,CME,0.03571428571428571
2023-07-19,CLX,0.03571428571428571
2023-07-19,SYK,0.03571428571428571
2023-07-19,BSX,0.03571428571428571
2023-07-19,XLE,0.03571428571428571
2023-07-19,ENB,0.03571428571428571
2023-07-19,MT,0.03571428571428571
2023-07-19,MRK,0.03571428571428571
2023-07-19,BMY,0.03571428571428571
2023-07-20,PPG,0.03571428571428571
2023-07-20,AMTD,0.03571428571428571
2023-07-20,VWO,0.03571428571428571
2023-07-20,NVDA,0.03571428571428571
2023-07-20,WEN,0.03571428571428571
2023-07-20,HYG,0.03571428571428571
2023-07-20,QCOM,0.03571428571428571
2023-07-20,STI,0.03571428571428571
2023-07-20,KMB,0.03571428571428571
2023-07-20,NDAQ,0.03571428571428571
2023-07-20,HAS,0.03571428571428571
2023-07-20,EWC,0.03571428571428571
2023-07-20,MU,0.03571428571428571
2023-07-20,EWI,0.03571428571428571
2023-07-20,HTZ,0.03571428571428571
2023-07-20,CCL,0.03571428571428571
2023-07-20,TSM,0.03571428571428571
2023-07-20,ILMN,0.03571428571428571
2023-07-20,KGC,0.03571428571428571
2023-07-20,ULTA,0.03571428571428571
2023-07-20,HUM,0.03571428571428571
2023-07-20,NWSA,0.03571428571428571
2023-07-20,MRVL,0.03571428571428571
2023-07-20,CME,0.03571428571428571
2023-07-20,CLX,0.03571428571428571
2023-07-20,XLE,0.03571428571428571
2023-07-20,ENB,0.03571428571428571
2023-07-20,ZUMZ,0.03571428571428571
2023-07-21,PPG,0.03571428571428571
2023-07-21,VWO,0.03571428571428571
2023-07-21,NVDA,0.03571428571428571
2023-07-21,WEN,0.03571428571428571
2023-07-21,HYG,0.03571428571428571
2023-07-21,NSC,0.03571428571428571
2023-07-21,STI,0.03571428571428571
2023-07-21,NDAQ,0.03571428571428571
2023-07-21,TRV,0.03571428571428571
2023-07-21,EWC,0.03571428571428571
2023-07-21,EBAY,0.03571428571428571
2023-07-21,EWI,0.03571428571428571
2023-07-21,HTZ,0.03571428571428571
2023-07-21,CCL,0.03571428571428571
2023-07-21,TSM,0.03571428571428571
2023-07-21,XRT,0.03571428571428571
2023-07-21,ILMN,0.03571428571428571
2023-07-21,KGC,0.03571428571428571
2023-07-21,ULTA,0.03571428571428571
2023-07-21,PVH,0.03571428571428571
2023-07-21,NWSA,0.03571428571428571
2023-07-21,PCG,0.03571428571428571
2023-07-21,RF,0.03571428571428571
2023-07-21,HMC,0.03571428571428571
2023-07-21,CME,0.03571428571428571
2023-07-21,CLX,0.03571428571428571
2023-07-21,XLE,0.03571428571428571
2023-07-21,MT,0.03571428571428571
2023-07-24,PPG,0.03571428571428571
2023-07-24,XLP,0.03571428571428571
2023-07-24,NVDA,0.03571428571428571
2023-07-24,WEN,0.03571428571428571
2023-07-24,DAL,0.03571428571428571
2023-07-24,HYG,0.03571428571428571
2023-07-24,STI,0.03571428571428571
2023-07-24,KMB,0.03571428571428571
2023-07-24,NDAQ,0.03571428571428571
2023-07-24,TRV,0.03571428571428571
2023-07-24,EWC,0.03571428571428571
2023-07-24,BBT,0.03571428571428571
2023-07-24,EWI,0.03571428571428571
2023-07-24,DLTR,0.03571428571428571
2023-07-24,ILMN,0.03571428571428571
2023-07-24,KGC,0.03571428571428571
2023-07-24,TRP,0.03571428571428571
2023-07-24,ULTA,0.03571428571428571
2023-07-24,PVH,0.03571428571428571
2023-07-24,EW,0.03571428571428571
2023-07-24,NTAP,0.03571428571428571
2023-07-24,NWSA,0.03571428571428571
2023-07-24,PCG,0.03571428571428571
2023-07-24,CLX,0.03571428571428571
2023-07-24,SYK,0.03571428571428571
2023-07-24,BSX,0.03571428571428571
2023-07-24,MRK,0.03571428571428571
2023-07-24,BMY,0.03571428571428571
2023-07-25,MNST,0.03571428571428571
2023-07-25,PPG,0.03571428571428571
2023-07-25,XLP,0.03571428571428571
2023-07-25,WEN,0.03571428571428571
2023-07-25,DAL,0.03571428571428571
2023-07-25,HYG,0.03571428571428571
2023-07-25,CAG,0.03571428571428571
2023-07-25,STI,0.03571428571428571
2023-07-25,KMB,0.03571428571428571
2023-07-25,NDAQ,0.03571428571428571
2023-07-25,HAS,0.03571428571428571
2023-07-25,TRV,0.03571428571428571
2023-07-25,EWI,0.03571428571428571
2023-07-25,HTZ,0.03571428571428571
2023-07-25,ALK,0.03571428571428571
2023-07-25,KEY,0.03571428571428571
2023-07-25,ILMN,0.03571428571428571
2023-07-25,TRP,0.03571428571428571
2023-07-25,D,0.03571428571428571
2023-07-25,ULTA,0.03571428571428571
2023-07-25,PVH,0.03571428571428571
2023-07-25,NWSA,0.03571428571428571
2023-07-25,CLX,0.03571428571428571
2023-07-25,OHI,0.03571428571428571
2023-07-25,CSIQ,0.03571428571428571
2023-07-25,BSX,0.03571428571428571
2023-07-25,MRK,0.03571428571428571
2023-07-25,BMY,0.03571428571428571
2023-07-26,MNST,0.03571428571428571
2023-07-26,PPG,0.03571428571428571
2023-07-26,NVDA,0.03571428571428571
2023-07-26,WEN,0.03571428571428571
2023-07-26,DAL,0.03571428571428571
2023-07-26,CAG,0.03571428571428571
2023-07-26,STI,0.03571428571428571
2023-07-26,KMB,0.03571428571428571
2023-07-26,NDAQ,0.03571428571428571
2023-07-26,HAS,0.03571428571428571
2023-07-26,TRV,0.03571428571428571
2023-07-26,VTR,0.03571428571428571
2023-07-26,HTZ,0.03571428571428571
2023-07-26,ORCL,0.03571428571428571
2023-07-26,TSM,0.03571428571428571
2023-07-26,MS,0.03571428571428571
2023-07-26,ALK,0.03571428571428571
2023-07-26,ILMN,0.03571428571428571
2023-07-26,TRP,0.03571428571428571
2023-07-26,D,0.03571428571428571
2023-07-26,ULTA,0.03571428571428571
2023-07-26,NWSA,0.03571428571428571
2023-07-26,HMC,0.03571428571428571
2023-07-26,CLX,0.03571428571428571
2023-07-26,OHI,0.03571428571428571
2023-07-26,BSX,0.03571428571428571
2023-07-26,MRK,0.03571428571428571
2023-07-26,BMY,0.03571428571428571
2023-07-27,MNST,0.03571428571428571
2023-07-27,PPG,0.03571428571428571
2023-07-27,BAX,0.03571428571428571
2023-07-27,XLP,0.03571428571428571
2023-07-27,WEN,0.03571428571428571
2023-07-27,DAL,0.03571428571428571
2023-07-27,HYG,0.03571428571428571
2023-07-27,ICE,0.03571428571428571
2023-07-27,CAG,0.03571428571428571
2023-07-27,GREK,0.03571428571428571
2023-07-27,STI,0.03571428571428571
2023-07-27,KMB,0.03571428571428571
2023-07-27,NDAQ,0.03571428571428571
2023-07-27,HAS,0.03571428571428571
2023-07-27,TRV,0.03571428571428571
2023-07-27,VTR,0.03571428571428571
2023-07-27,EWC,0.03571428571428571
2023-07-27,ALK,0.03571428571428571
2023-07-27,ILMN,0.03571428571428571
2023-07-27,TRP,0.03571428571428571
2023-07-27,PVH,0.03571428571428571
2023-07-27,EW,0.03571428571428571
2023-07-27,NWSA,0.03571428571428571
2023-07-27,DUK,0.03571428571428571
2023-07-27,CLX,0.03571428571428571
2023-07-27,OHI,0.03571428571428571
2023-07-27,SYK,0.03571428571428571
2023-07-27,MRK,0.03571428571428571
2023-07-28,MNST,0.03571428571428571
2023-07-28,CNC,0.03571428571428571
2023-07-28,AMTD,0.03571428571428571
2023-07-28,A,0.03571428571428571
2023-07-28,WEN,0.03571428571428571
2023-07-28,ICE,0.03571428571428571
2023-07-28,GREK,0.03571428571428571
2023-07-28,STI,0.03571428571428571
2023-07-28,KMB,0.03571428571428571
2023-07-28,NDAQ,0.03571428571428571
2023-07-28,HAS,0.03571428571428571
2023-07-28,TRV,0.03571428571428571
2023-07-28,EBAY,0.03571428571428571
2023-07-28,HTZ,0.03571428571428571
2023-07-28,MS,0.03571428571428571
2023-07-28,ALK,0.03571428571428571
2023-07-28,TRP,0.03571428571428571
2023-07-28,D,0.03571428571428571
2023-07-28,EW,0.03571428571428571
2023-07-28,NTAP,0.03571428571428571
2023-07-28,PCG,0.03571428571428571
2023-07-28,DUK,0.03571428571428571
2023-07-28,CLX,0.03571428571428571
2023-07-28,OHI,0.03571428571428571
2023-07-28,BSX,0.03571428571428571
2023-07-28,ENB,0.03571428571428571
2023-07-28,MRK,0.03571428571428571
2023-07-28,BMY,0.03571428571428571
2023-07-31,MNST,0.03571428571428571
2023-07-31,PPG,0.03571428571428571
2023-07-31,BAX,0.03571428571428571
2023-07-31,A,0.03571428571428571
2023-07-31,XLP,0.03571428571428571
2023-07-31,NVDA,0.03571428571428571
2023-07-31,WEN,0.03571428571428571
2023-07-31,NSC,0.03571428571428571
2023-07-31,ICE,0.03571428571428571
2023-07-31,CAG,0.03571428571428571
2023-07-31,GREK,0.03571428571428571
2023-07-31,JNJ,0.03571428571428571
2023-07-31,STI,0.03571428571428571
2023-07-31,KMB,0.03571428571428571
2023-07-31,TRV,0.03571428571428571
2023-07-31,BBT,0.03571428571428571
2023-07-31,EBAY,0.03571428571428571
2023-07-31,KEY,0.03571428571428571
2023-07-31,TRP,0.03571428571428571
2023-07-31,KO,0.03571428571428571
2023-07-31,D,0.03571428571428571
2023-07-31,EW,0.03571428571428571
2023-07-31,PCG,0.03571428571428571
2023-07-31,DUK,0.03571428571428571
2023-07-31,CP,0.03571428571428571
2023-07-31,CLX,0.03571428571428571
2023-07-31,BSX,0.03571428571428571
2023-07-31,MRK,0.03571428571428571
2023-08-01,MNST,0.03571428571428571
2023-08-01,BAX,0.03571428571428571
2023-08-01,A,0.03571428571428571
2023-08-01,XLP,0.03571428571428571
2023-08-01,NVDA,0.03571428571428571
2023-08-01,WEN,0.03571428571428571
2023-08-01,CAG,0.03571428571428571
2023-08-01,GREK,0.03571428571428571
2023-08-01,STI,0.03571428571428571
2023-08-01,KMB,0.03571428571428571
2023-08-01,TRV,0.03571428571428571
2023-08-01,EWC,0.03571428571428571
2023-08-01,EBAY,0.03571428571428571
2023-08-01,EWI,0.03571428571428571
2023-08-01,HTZ,0.03571428571428571
2023-08-01,ALK,0.03571428571428571
2023-08-01,WMB,0.03571428571428571
2023-08-01,TRP,0.03571428571428571
2023-08-01,EW,0.03571428571428571
2023-08-01,LOW,0.03571428571428571
2023-08-01,PCG,0.03571428571428571
2023-08-01,DUK,0.03571428571428571
2023-08-01,CP,0.03571428571428571
2023-08-01,CLX,0.03571428571428571
2023-08-01,OHI,0.03571428571428571
2023-08-01,BSX,0.03571428571428571
2023-08-01,MRK,0.03571428571428571
2023-08-01,BMY,0.03571428571428571
2023-08-02,PPG,0.03571428571428571
2023-08-02,BAX,0.03571428571428571
2023-08-02,NVDA,0.03571428571428571
2023-08-02,WEN,0.03571428571428571
2023-08-02,DAL,0.03571428571428571
2023-08-02,NSC,0.03571428571428571
2023-08-02,GREK,0.03571428571428571
2023-08-02,STI,0.03571428571428571
2023-08-02,KMB,0.03571428571428571
2023-08-02,TRV,0.03571428571428571
2023-08-02,EWC,0.03571428571428571
2023-08-02,EBAY,0.03571428571428571
2023-08-02,QQQ,0.03571428571428571
2023-08-02,ANF,0.03571428571428571
2023-08-02,HTZ,0.03571428571428571
2023-08-02,DLTR,0.03571428571428571
2023-08-02,MS,0.03571428571428571
2023-08-02,XRT,0.03571428571428571
2023-08-02,GOLD,0.03571428571428571
2023-08-02,WMB,0.03571428571428571
2023-08-02,TRP,0.03571428571428571
2023-08-02,EW,0.03571428571428571
2023-08-02,LOW,0.03571428571428571
2023-08-02,MRVL,0.03571428571428571
2023-08-02,HMC,0.03571428571428571
2023-08-02,CP,0.03571428571428571
2023-08-02,BSX,0.03571428571428571
2023-08-02,COF,0.03571428571428571
2023-08-03,PPG,0.03571428571428571
2023-08-03,NVDA,0.03571428571428571
2023-08-03,WEN,0.03571428571428571
2023-08-03,DAL,0.03571428571428571
2023-08-03,NSC,0.03571428571428571
2023-08-03,ICE,0.03571428571428571
2023-08-03,QCOM,0.03571428571428571
2023-08-03,KMB,0.03571428571428571
2023-08-03,TRV,0.03571428571428571
2023-08-03,DHI,0.03571428571428571
2023-08-03,EWC,0.03571428571428571
2023-08-03,EBAY,0.03571428571428571
2023-08-03,ANF,0.03571428571428571
2023-08-03,HTZ,0.03571428571428571
2023-08-03,ORCL,0.03571428571428571
2023-08-03,CCL,0.03571428571428571
2023-08-03,TSM,0.03571428571428571
2023-08-03,ALK,0.03571428571428571
2023-08-03,GOLD,0.03571428571428571
2023-08-03,TRP,0.03571428571428571
2023-08-03,EW,0.03571428571428571
2023-08-03,LOW,0.03571428571428571
2023-08-03,MRVL,0.03571428571428571
2023-08-03,DUK,0.03571428571428571
2023-08-03,HMC,0.03571428571428571
2023-08-03,OHI,0.03571428571428571
2023-08-03,BSX,0.03571428571428571
2023-08-03,COF,0.03571428571428571
2023-08-04,PPG,0.03571428571428571
2023-08-04,VWO,0.03571428571428571
2023-08-04,XLP,0.03571428571428571
2023-08-04,NVDA,0.03571428571428571
2023-08-04,WEN,0.03571428571428571
2023-08-04,NSC,0.03571428571428571
2023-08-04,QCOM,0.03571428571428571
2023-08-04,STI,0.03571428571428571
2023-08-04,KMB,0.03571428571428571
2023-08-04,HAS,0.03571428571428571
2023-08-04,TRV,0.03571428571428571
2023-08-04,EWC,0.03571428571428571
2023-08-04,EBAY,0.03571428571428571
2023-08-04,QQQ,0.03571428571428571
2023-08-04,EWI,0.03571428571428571
2023-08-04,ORCL,0.03571428571428571
2023-08-04,CCL,0.03571428571428571
2023-08-04,GOLD,0.03571428571428571
2023-08-04,TRP,0.03571428571428571
2023-08-04,KO,0.03571428571428571
2023-08-04,EW,0.03571428571428571
2023-08-04,NTAP,0.03571428571428571
2023-08-04,LOW,0.03571428571428571
2023-08-04,DUK,0.03571428571428571
2023-08-04,HMC,0.03571428571428571
2023-08-04,MT,0.03571428571428571
2023-08-04,MRK,0.03571428571428571
2023-08-04,BMY,0.03571428571428571
2023-08-07,VWO,0.03571428571428571
2023-08-07,HOG,0.03571428571428571
2023-08-07,WEN,0.03571428571428571
2023-08-07,NSC,0.03571428571428571
2023-08-07,CAG,0.03571428571428571
2023-08-07,QCOM,0.03571428571428571
2023-08-07,STI,0.03571428571428571
2023-08-07,KMB,0.03571428571428571
2023-08-07,TRV,0.03571428571428571
2023-08-07,VTR,0.03571428571428571
2023-08-07,EWC,0.03571428571428571
2023-08-07,EOG,0.03571428571428571
2023-08-07,EWI,0.03571428571428571
2023-08-07,ANF,0.03571428571428571
2023-08-07,DLTR,0.03571428571428571
2023-08-07,CCL,0.03571428571428571
2023-08-07,TSM,0.03571428571428571
2023-08-07,ALK,0.03571428571428571
2023-08-07,GOLD,0.03571428571428571
2023-08-07,WMB,0.03571428571428571
2023-08-07,TRP,0.03571428571428571
2023-08-07,D,0.03571428571428571
2023-08-07,EW,0.03571428571428571
2023-08-07,LOW,0.03571428571428571
2023-08-07,DUK,0.03571428571428571
2023-08-07,BSX,0.03571428571428571
2023-08-07,MT,0.03571428571428571
2023-08-07,MRK,0.03571428571428571
2023-08-08,AMTD,0.03571428571428571
2023-08-08,BAX,0.03571428571428571
2023-08-08,VWO,0.03571428571428571
2023-08-08,HOG,0.03571428571428571
2023-08-08,XLP,0.03571428571428571
2023-08-08,NVDA,0.03571428571428571
2023-08-08,BUD,0.03571428571428571
2023-08-08,NSC,0.03571428571428571
2023-08-08,CAG,0.03571428571428571
2023-08-08,GREK,0.03571428571428571
2023-08-08,QCOM,0.03571428571428571
2023-08-08,STI,0.03571428571428571
2023-08-08,TRV,0.03571428571428571
2023-08-08,VTR,0.03571428571428571
2023-08-08,EWC,0.03571428571428571
2023-08-08,EWI,0.03571428571428571
2023-08-08,DLTR,0.03571428571428571
2023-08-08,CCL,0.03571428571428571
2023-08-08,TSM,0.03571428571428571
2023-08-08,GOLD,0.03571428571428571
2023-08-08,TRP,0.03571428571428571
2023-08-08,D,0.03571428571428571
2023-08-08,PVH,0.03571428571428571
2023-08-08,EW,0.03571428571428571
2023-08-08,LOW,0.03571428571428571
2023-08-08,MRVL,0.03571428571428571
2023-08-08,OHI,0.03571428571428571
2023-08-08,BSX,0.03571428571428571
2023-08-09,PPG,0.03571428571428571
2023-08-09,AMTD,0.03571428571428571
2023-08-09,BAX,0.03571428571428571
2023-08-09,HOG,0.03571428571428571
2023-08-09,NVDA,0.03571428571428571
2023-08-09,NSC,0.03571428571428571
2023-08-09,CAG,0.03571428571428571
2023-08-09,GREK,0.03571428571428571
2023-08-09,QCOM,0.03571428571428571
2023-08-09,STI,0.03571428571428571
2023-08-09,TRV,0.03571428571428571
2023-08-09,VTR,0.03571428571428571
2023-08-09,MU,0.03571428571428571
2023-08-09,WFC,0.03571428571428571
2023-08-09,QQQ,0.03571428571428571
2023-08-09,EWI,0.03571428571428571
2023-08-09,ORCL,0.03571428571428571
2023-08-09,CCL,0.03571428571428571
2023-08-09,TSM,0.03571428571428571
2023-08-09,GOLD,0.03571428571428571
2023-08-09,RL,0.03571428571428571
2023-08-09,NTAP,0.03571428571428571
2023-08-09,BX,0.03571428571428571
2023-08-09,LOW,0.03571428571428571
2023-08-09,MRVL,0.03571428571428571
2023-08-09,SYK,0.03571428571428571
2023-08-09,COF,0.03571428571428571
2023-08-09,BMY,0.03571428571428571
2023-08-10,PPG,0.03571428571428571
2023-08-10,AMTD,0.03571428571428571
2023-08-10,BAX,0.03571428571428571
2023-08-10,NVDA,0.03571428571428571
2023-08-10,DAL,0.03571428571428571
2023-08-10,NSC,0.03571428571428571
2023-08-10,RRC,0.03571428571428571
2023-08-10,CAG,0.03571428571428571
2023-08-10,GREK,0.03571428571428571
2023-08-10,QCOM,0.03571428571428571
2023-08-10,JNJ,0.03571428571428571
2023-08-10,STI,0.03571428571428571
2023-08-10,KMB,0.03571428571428571
2023-08-10,TRV,0.03571428571428571
2023-08-10,VTR,0.03571428571428571
2023-08-10,DHI,0.03571428571428571
2023-08-10,MU,0.03571428571428571
2023-08-10,ORCL,0.03571428571428571
2023-08-10,CCL,0.03571428571428571
2023-08-10,GOLD,0.03571428571428571
2023-08-10,TRP,0.03571428571428571
2023-08-10,RL,0.03571428571428571
2023-08-10,MRVL,0.03571428571428571
2023-08-10,PCG,0.03571428571428571
2023-08-10,OHI,0.03571428571428571
2023-08-10,SYK,0.03571428571428571
2023-08-10,BSX,0.03571428571428571
2023-08-10,COF,0.03571428571428571
2023-08-11,PPG,0.03571428571428571
2023-08-11,AMTD,0.03571428571428571
2023-08-11,HOG,0.03571428571428571
2023-08-11,NVDA,0.03571428571428571
2023-08-11,DAL,0.03571428571428571
2023-08-11,NSC,0.03571428571428571
2023-08-11,CAG,0.03571428571428571
2023-08-11,GREK,0.03571428571428571
2023-08-11,STI,0.03571428571428571
2023-08-11,KMB,0.03571428571428571
2023-08-11,VTR,0.03571428571428571
2023-08-11,EWI,0.03571428571428571
2023-08-11,ANF,0.03571428571428571
2023-08-11,ORCL,0.03571428571428571
2023-08-11,DLTR,0.03571428571428571
2023-08-11,CCL,0.03571428571428571
2023-08-11,TSM,0.03571428571428571
2023-08-11,ALK,0.03571428571428571
2023-08-11,ILMN,0.03571428571428571
2023-08-11,GOLD,0.03571428571428571
2023-08-11,ULTA,0.03571428571428571
2023-08-11,RL,0.03571428571428571
2023-08-11,MRVL,0.03571428571428571
2023-08-11,PCG,0.03571428571428571
2023-08-11,NTES,0.03571428571428571
2023-08-11,SYK,0.03571428571428571
2023-08-11,BSX,0.03571428571428571
2023-08-11,COF,0.03571428571428571
2023-08-14,VWO,0.03571428571428571
2023-08-14,A,0.03571428571428571
2023-08-14,HP,0.03571428571428571
2023-08-14,XLP,0.03571428571428571
2023-08-14,DAL,0.03571428571428571
2023-08-14,CAG,0.03571428571428571
2023-08-14,GREK,0.03571428571428571
2023-08-14,STI,0.03571428571428571
2023-08-14,KMB,0.03571428571428571
2023-08-14,TRV,0.03571428571428571
2023-08-14,EWC,0.03571428571428571
2023-08-14,EWI,0.03571428571428571
2023-08-14,DLTR,0.03571428571428571
2023-08-14,CCL,0.03571428571428571
2023-08-14,TSM,0.03571428571428571
2023-08-14,ALK,0.03571428571428571
2023-08-14,GOLD,0.03571428571428571
2023-08-14,WMB,0.03571428571428571
2023-08-14,RL,0.03571428571428571
2023-08-14,PCG,0.03571428571428571
2023-08-14,NTES,0.03571428571428571
2023-08-14,RF,0.03571428571428571
2023-08-14,HMC,0.03571428571428571
2023-08-14,CP,0.03571428571428571
2023-08-14,CLX,0.03571428571428571
2023-08-14,PRGO,0.03571428571428571
2023-08-14,SYK,0.03571428571428571
2023-08-14,COF,0.03571428571428571
2023-08-15,MET,0.03571428571428571
2023-08-15,HOG,0.03571428571428571
2023-08-15,XLP,0.03571428571428571
2023-08-15,DAL,0.03571428571428571
2023-08-15,NSC,0.03571428571428571
2023-08-15,CAG,0.03571428571428571
2023-08-15,GREK,0.03571428571428571
2023-08-15,STI,0.03571428571428571
2023-08-15,KMB,0.03571428571428571
2023-08-15,HAS,0.03571428571428571
2023-08-15,TRV,0.03571428571428571
2023-08-15,WFC,0.03571428571428571
2023-08-15,EWI,0.03571428571428571
2023-08-15,DLTR,0.03571428571428571
2023-08-15,CCL,0.03571428571428571
2023-08-15,TSM,0.03571428571428571
2023-08-15,ALK,0.03571428571428571
2023-08-15,ILMN,0.03571428571428571
2023-08-15,GOLD,0.03571428571428571
2023-08-15,WMB,0.03571428571428571
2023-08-15,RL,0.03571428571428571
2023-08-15,RF,0.03571428571428571
2023-08-15,HMC,0.03571428571428571
2023-08-15,CP,0.03571428571428571
2023-08-15,CLX,0.03571428571428571
2023-08-15,OHI,0.03571428571428571
2023-08-15,XLE,0.03571428571428571
2023-08-15,COF,0.03571428571428571
2023-08-16,A,0.03571428571428571
2023-08-16,HOG,0.03571428571428571
2023-08-16,XLP,0.03571428571428571
2023-08-16,DAL,0.03571428571428571
2023-08-16,CAG,0.03571428571428571
2023-08-16,GREK,0.03571428571428571
2023-08-16,STI,0.03571428571428571
2023-08-16,KMB,0.03571428571428571
2023-08-16,VTR,0.03571428571428571
2023-08-16,EWC,0.03571428571428571
2023-08-16,WFC,0.03571428571428571
2023-08-16,EWI,0.03571428571428571
2023-08-16,DLTR,0.03571428571428571
2023-08-16,CCL,0.03571428571428571
2023-08-16,ALK,0.03571428571428571
2023-08-16,ILMN,0.03571428571428571
2023-08-16,GOLD,0.03571428571428571
2023-08-16,WMB,0.03571428571428571
2023-08-16,TRP,0.03571428571428571
2023-08-16,NTAP,0.03571428571428571
2023-08-16,RF,0.03571428571428571
2023-08-16,HMC,0.03571428571428571
2023-08-16,CP,0.03571428571428571
2023-08-16,OHI,0.03571428571428571
2023-08-16,SYK,0.03571428571428571
2023-08-16,XLE,0.03571428571428571
2023-08-16,COF,0.03571428571428571
2023-08-16,ENB,0.03571428571428571
2023-08-17,HOG,0.03571428571428571
2023-08-17,XLP,0.03571428571428571
2023-08-17,DAL,0.03571428571428571
2023-08-17,GREK,0.03571428571428571
2023-08-17,STI,0.03571428571428571
2023-08-17,HAS,0.03571428571428571
2023-08-17,TRV,0.03571428571428571
2023-08-17,DHI,0.03571428571428571
2023-08-17,EWC,0.03571428571428571
2023-08-17,WFC,0.03571428571428571
2023-08-17,QQQ,0.03571428571428571
2023-08-17,EWI,0.03571428571428571
2023-08-17,ANF,0.03571428571428571
2023-08-17,DLTR,0.03571428571428571
2023-08-17,CCL,0.03571428571428571
2023-08-17,ALK,0.03571428571428571
2023-08-17,MAR,0.03571428571428571
2023-08-17,XRT,0.03571428571428571
2023-08-17,ILMN,0.03571428571428571
2023-08-17,TRP,0.03571428571428571
2023-08-17,ULTA,0.03571428571428571
2023-08-17,NTAP,0.03571428571428571
2023-08-17,LOW,0.03571428571428571
2023-08-17,CLX,0.03571428571428571
2023-08-17,OHI,0.03571428571428571
2023-08-17,SYK,0.03571428571428571
2023-08-17,BSX,0.03571428571428571
2023-08-17,COF,0.03571428571428571
2023-08-18,A,0.03571428571428571
2023-08-18,XLP,0.03571428571428571
2023-08-18,NVDA,0.03571428571428571
2023-08-18,WEN,0.03571428571428571
2023-08-18,DAL,0.03571428571428571
2023-08-18,GREK,0.03571428571428571
2023-08-18,STI,0.03571428571428571
2023-08-18,HAS,0.03571428571428571
2023-08-18,TRV,0.03571428571428571
2023-08-18,DHI,0.03571428571428571
2023-08-18,EWC,0.03571428571428571
2023-08-18,EWI,0.03571428571428571
2023-08-18,DLTR,0.03571428571428571
2023-08-18,CCL,0.03571428571428571
2023-08-18,MS,0.03571428571428571
2023-08-18,ALK,0.03571428571428571
2023-08-18,MAR,0.03571428571428571
2023-08-18,ILMN,0.03571428571428571
2023-08-18,GOLD,0.03571428571428571
2023-08-18,ULTA,0.03571428571428571
2023-08-18,RL,0.03571428571428571
2023-08-18,PCG,0.03571428571428571
2023-08-18,NTES,0.03571428571428571
2023-08-18,HMC,0.03571428571428571
2023-08-18,CLX,0.03571428571428571
2023-08-18,OHI,0.03571428571428571
2023-08-18,SYK,0.03571428571428571
2023-08-18,BSX,0.03571428571428571
2023-08-21,XLP,0.03571428571428571
2023-08-21,WEN,0.03571428571428571
2023-08-21,DAL,0.03571428571428571
2023-08-21,CAG,0.03571428571428571
2023-08-21,JNJ,0.03571428571428571
2023-08-21,STI,0.03571428571428571
2023-08-21,KMB,0.03571428571428571
2023-08-21,HAS,0.03571428571428571
2023-08-21,TRV,0.03571428571428571
2023-08-21,DHI,0.03571428571428571
2023-08-21,EWC,0.03571428571428571
2023-08-21,ANF,0.03571428571428571
2023-08-21,DLTR,0.03571428571428571
2023-08-21,CCL,0.03571428571428571
2023-08-21,MS,0.03571428571428571
2023-08-21,ALK,0.03571428571428571
2023-08-21,MAR,0.03571428571428571
2023-08-21,XRT,0.03571428571428571
2023-08-21,GOLD,0.03571428571428571
2023-08-21,ULTA,0.03571428571428571
2023-08-21,PCG,0.03571428571428571
2023-08-21,PRGO,0.03571428571428571
2023-08-21,OHI,0.03571428571428571
2023-08-21,SYK,0.03571428571428571
2023-08-21,CSIQ,0.03571428571428571
2023-08-21,BSX,0.03571428571428571
2023-08-21,COF,0.03571428571428571
2023-08-21,ENB,0.03571428571428571
2023-08-22,PPG,0.03571428571428571
2023-08-22,BAX,0.03571428571428571
2023-08-22,A,0.03571428571428571
2023-08-22,HP,0.03571428571428571
2023-08-22,XLP,0.03571428571428571
2023-08-22,WEN,0.03571428571428571
2023-08-22,DAL,0.03571428571428571
2023-08-22,JNJ,0.03571428571428571
2023-08-22,STI,0.03571428571428571
2023-08-22,TRV,0.03571428571428571
2023-08-22,EWC,0.03571428571428571
2023-08-22,EWI,0.03571428571428571
2023-08-22,DLTR,0.03571428571428571
2023-08-22,CCL,0.03571428571428571
2023-08-22,MS,0.03571428571428571
2023-08-22,ILMN,0.03571428571428571
2023-08-22,WMB,0.03571428571428571
2023-08-22,KO,0.03571428571428571
2023-08-22,RL,0.03571428571428571
2023-08-22,HUM,0.03571428571428571
2023-08-22,WSM,0.03571428571428571
2023-08-22,RF,0.03571428571428571
2023-08-22,CME,0.03571428571428571
2023-08-22,OHI,0.03571428571428571
2023-08-22,COF,0.03571428571428571
2023-08-22,ENB,0.03571428571428571
2023-08-22,MRK,0.03571428571428571
2023-08-22,BMY,0.03571428571428571
2023-08-23,PPG,0.03571428571428571
2023-08-23,BAX,0.03571428571428571
2023-08-23,CF,0.03571428571428571
2023-08-23,NVDA,0.03571428571428571
2023-08-23,WEN,0.03571428571428571
2023-08-23,DAL,0.03571428571428571
2023-08-23,RRC,0.03571428571428571
2023-08-23,CAG,0.03571428571428571
2023-08-23,GREK,0.03571428571428571
2023-08-23,JNJ,0.03571428571428571
2023-08-23,TRV,0.03571428571428571
2023-08-23,WFC,0.03571428571428571
2023-08-23,SIRI,0.03571428571428571
2023-08-23,CCL,0.03571428571428571
2023-08-23,MS,0.03571428571428571
2023-08-23,ALK,0.03571428571428571
2023-08-23,XRT,0.03571428571428571
2023-08-23,ULTA,0.03571428571428571
2023-08-23,EW,0.03571428571428571
2023-08-23,RL,0.03571428571428571
2023-08-23,NTAP,0.03571428571428571
2023-08-23,PCG,0.03571428571428571
2023-08-23,RF,0.03571428571428571
2023-08-23,BSX,0.03571428571428571
2023-08-23,XLE,0.03571428571428571
2023-08-23,COF,0.03571428571428571
2023-08-23,ENB,0.03571428571428571
2023-08-23,BMY,0.03571428571428571
2023-08-24,PPG,0.03571428571428571
2023-08-24,BAX,0.03571428571428571
2023-08-24,WEN,0.03571428571428571
2023-08-24,DAL,0.03571428571428571
2023-08-24,NSC,0.03571428571428571
2023-08-24,GREK,0.03571428571428571
2023-08-24,JNJ,0.03571428571428571
2023-08-24,STI,0.03571428571428571
2023-08-24,EOG,0.03571428571428571
2023-08-24,EWI,0.03571428571428571
2023-08-24,SIRI,0.03571428571428571
2023-08-24,ORCL,0.03571428571428571
2023-08-24,DLTR,0.03571428571428571
2023-08-24,CCL,0.03571428571428571
2023-08-24,MAR,0.03571428571428571
2023-08-24,XRT,0.03571428571428571
2023-08-24,ILMN,0.03571428571428571
2023-08-24,WMB,0.03571428571428571
2023-08-24,ULTA,0.03571428571428571
2023-08-24,NTAP,0.03571428571428571
2023-08-24,MRVL,0.03571428571428571
2023-08-24,PCG,0.03571428571428571
2023-08-24,NTES,0.03571428571428571
2023-08-24,HMC,0.03571428571428571
2023-08-24,SYK,0.03571428571428571
2023-08-24,XLE,0.03571428571428571
2023-08-24,ENB,0.03571428571428571
2023-08-24,BMY,0.03571428571428571
2023-08-25,BAX,0.03571428571428571
2023-08-25,NVDA,0.03571428571428571
2023-08-25,WEN,0.03571428571428571
2023-08-25,DAL,0.03571428571428571
2023-08-25,HYG,0.03571428571428571
2023-08-25,BUD,0.03571428571428571
2023-08-25,NSC,0.03571428571428571
2023-08-25,GREK,0.03571428571428571
2023-08-25,JNJ,0.03571428571428571
2023-08-25,STI,0.03571428571428571
2023-08-25,TRV,0.03571428571428571
2023-08-25,EWC,0.03571428571428571
2023-08-25,WFC,0.03571428571428571
2023-08-25,DLTR,0.03571428571428571
2023-08-25,CCL,0.03571428571428571
2023-08-25,ALK,0.03571428571428571
2023-08-25,XRT,0.03571428571428571
2023-08-25,GOLD,0.03571428571428571
2023-08-25,PVH,0.03571428571428571
2023-08-25,RL,0.03571428571428571
2023-08-25,NTAP,0.03571428571428571
2023-08-25,MRVL,0.03571428571428571
2023-08-25,PCG,0.03571428571428571
2023-08-25,RF,0.03571428571428571
2023-08-25,OHI,0.03571428571428571
2023-08-25,COF,0.03571428571428571
2023-08-25,ENB,0.03571428571428571
2023-08-25,MT,0.03571428571428571
2023-08-28,MNST,0.03571428571428571
2023-08-28,PPG,0.03571428571428571
2023-08-28,BAX,0.03571428571428571
2023-08-28,NVDA,0.03571428571428571
2023-08-28,WEN,0.03571428571428571
2023-08-28,DAL,0.03571428571428571
2023-08-28,NSC,0.03571428571428571
2023-08-28,JNJ,0.03571428571428571
2023-08-28,STI,0.03571428571428571
2023-08-28,TRV,0.03571428571428571
2023-08-28,EWC,0.03571428571428571
2023-08-28,QQQ,0.03571428571428571
2023-08-28,EWI,0.03571428571428571
2023-08-28,ORCL,0.03571428571428571
2023-08-28,DLTR,0.03571428571428571
2023-08-28,CCL,0.03571428571428571
2023-08-28,GOLD,0.03571428571428571
2023-08-28,EW,0.03571428571428571
2023-08-28,LOW,0.03571428571428571
2023-08-28,MRVL,0.03571428571428571
2023-08-28,PCG,0.03571428571428571
2023-08-28,CP,0.03571428571428571
2023-08-28,PRGO,0.03571428571428571
2023-08-28,OHI,0.03571428571428571
2023-08-28,ENB,0.03571428571428571
2023-08-28,MT,0.03571428571428571
2023-08-28,MRK,0.03571428571428571
2023-08-28,BMY,0.03571428571428571
2023-08-29,PPG,0.03571428571428571
2023-08-29,NVDA,0.03571428571428571
2023-08-29,WEN,0.03571428571428571
2023-08-29,NSC,0.03571428571428571
2023-08-29,GREK,0.03571428571428571
2023-08-29,JNJ,0.03571428571428571
2023-08-29,STI,0.03571428571428571
2023-08-29,KMB,0.03571428571428571
2023-08-29,TRV,0.03571428571428571
2023-08-29,DHI,0.03571428571428571
2023-08-29,EWC,0.03571428571428571
2023-08-29,QQQ,0.03571428571428571
2023-08-29,EWI,0.03571428571428571
2023-08-29,DLTR,0.03571428571428571
2023-08-29,CCL,0.03571428571428571
2023-08-29,WMB,0.03571428571428571
2023-08-29,KO,0.03571428571428571
2023-08-29,NTAP,0.03571428571428571
2023-08-29,LOW,0.03571428571428571
2023-08-29,MRVL,0.03571428571428571
2023-08-29,PCG,0.03571428571428571
2023-08-29,DUK,0.03571428571428571
2023-08-29,CP,0.03571428571428571
2023-08-29,OHI,0.03571428571428571
2023-08-29,ENB,0.03571428571428571
2023-08-29,ZUMZ,0.03571428571428571
2023-08-29,MT,0.03571428571428571
2023-08-29,MRK,0.03571428571428571
2023-08-30,MNST,0.03571428571428571
2023-08-30,BAX,0.03571428571428571
2023-08-30,NVDA,0.03571428571428571
2023-08-30,WEN,0.03571428571428571
2023-08-30,NSC,0.03571428571428571
2023-08-30,ICE,0.03571428571428571
2023-08-30,CAG,0.03571428571428571
2023-08-30,GREK,0.03571428571428571
2023-08-30,JNJ,0.03571428571428571
2023-08-30,STI,0.03571428571428571
2023-08-30,KMB,0.03571428571428571
2023-08-30,NDAQ,0.03571428571428571
2023-08-30,TRV,0.03571428571428571
2023-08-30,DHI,0.03571428571428571
2023-08-30,EWC,0.03571428571428571
2023-08-30,WFC,0.03571428571428571
2023-08-30,QQQ,0.03571428571428571
2023-08-30,EWI,0.03571428571428571
2023-08-30,CCL,0.03571428571428571
2023-08-30,GOLD,0.03571428571428571
2023-08-30,EW,0.03571428571428571
2023-08-30,NTAP,0.03571428571428571
2023-08-30,PCG,0.03571428571428571
2023-08-30,RF,0.03571428571428571
2023-08-30,PRGO,0.03571428571428571
2023-08-30,COF,0.03571428571428571
2023-08-30,ENB,0.03571428571428571
2023-08-30,MT,0.03571428571428571
2023-08-31,MNST,0.03571428571428571
2023-08-31,HP,0.03571428571428571
2023-08-31,NVDA,0.03571428571428571
2023-08-31,DAL,0.03571428571428571
2023-08-31,NSC,0.03571428571428571
2023-08-31,CAG,0.03571428571428571
2023-08-31,GREK,0.03571428571428571
2023-08-31,KMB,0.03571428571428571
2023-08-31,NDAQ,0.03571428571428571
2023-08-31,TRV,0.03571428571428571
2023-08-31,WFC,0.03571428571428571
2023-08-31,QQQ,0.03571428571428571
2023-08-31,EWI,0.03571428571428571
2023-08-31,ORCL,0.03571428571428571
2023-08-31,DLTR,0.03571428571428571
2023-08-31,CCL,0.03571428571428571
2023-08-31,TSM,0.03571428571428571
2023-08-31,GOLD,0.03571428571428571
2023-08-31,WMB,0.03571428571428571
2023-08-31,EW,0.03571428571428571
2023-08-31,HUM,0.03571428571428571
2023-08-31,NTAP,0.03571428571428571
2023-08-31,DUK,0.03571428571428571
2023-08-31,PRGO,0.03571428571428571
2023-08-31,M,0.03571428571428571
2023-08-31,ENB,0.03571428571428571
2023-08-31,MRK,0.03571428571428571
2023-08-31,BMY,0.03571428571428571
2023-09-01,MNST,0.03571428571428571
2023-09-01,PPG,0.03571428571428571
2023-09-01,BAX,0.03571428571428571
2023-09-01,NVDA,0.03571428571428571
2023-09-01,DAL,0.03571428571428571
2023-09-01,NSC,0.03571428571428571
2023-09-01,ICE,0.03571428571428571
2023-09-01,CAG,0.03571428571428571
2023-09-01,GREK,0.03571428571428571
2023-09-01,JNJ,0.03571428571428571
2023-09-01,KMB,0.03571428571428571
2023-09-01,NDAQ,0.03571428571428571
2023-09-01,TRV,0.03571428571428571
2023-09-01,WFC,0.03571428571428571
2023-09-01,QQQ,0.03571428571428571
2023-09-01,EWI,0.03571428571428571
2023-09-01,DLTR,0.03571428571428571
2023-09-01,CCL,0.03571428571428571
2023-09-01,TSM,0.03571428571428571
2023-09-01,ALK,0.03571428571428571
2023-09-01,WMB,0.03571428571428571
2023-09-01,PCG,0.03571428571428571
2023-09-01,DUK,0.03571428571428571
2023-09-01,CLX,0.03571428571428571
2023-09-01,PRGO,0.03571428571428571
2023-09-01,SYK,0.03571428571428571
2023-09-01,M,0.03571428571428571
2023-09-01,ENB,0.03571428571428571
2023-09-05,PPG,0.03571428571428571
2023-09-05,A,0.03571428571428571
2023-09-05,DAL,0.03571428571428571
2023-09-05,NSC,0.03571428571428571
2023-09-05,ICE,0.03571428571428571
2023-09-05,CAG,0.03571428571428571
2023-09-05,GREK,0.03571428571428571
2023-09-05,KMB,0.03571428571428571
2023-09-05,NDAQ,0.03571428571428571
2023-09-05,TRV,0.03571428571428571
2023-09-05,VTR,0.03571428571428571
2023-09-05,DHI,0.03571428571428571
2023-09-05,BDX,0.03571428571428571
2023-09-05,WFC,0.03571428571428571
2023-09-05,QQQ,0.03571428571428571
2023-09-05,EWI,0.03571428571428571
2023-09-05,DLTR,0.03571428571428571
2023-09-05,CCL,0.03571428571428571
2023-09-05,ILMN,0.03571428571428571
2023-09-05,WMB,0.03571428571428571
2023-09-05,PCG,0.03571428571428571
2023-09-05,DUK,0.03571428571428571
2023-09-05,NTES,0.03571428571428571
2023-09-05,CLX,0.03571428571428571
2023-09-05,PRGO,0.03571428571428571
2023-09-05,COF,0.03571428571428571
2023-09-05,ENB,0.03571428571428571
2023-09-05,MRK,0.03571428571428571
2023-09-06,PPG,0.03571428571428571
2023-09-06,BAX,0.03571428571428571
2023-09-06,A,0.03571428571428571
2023-09-06,DAL,0.03571428571428571
2023-09-06,HYG,0.03571428571428571
2023-09-06,NSC,0.03571428571428571
2023-09-06,ICE,0.03571428571428571
2023-09-06,CAG,0.03571428571428571
2023-09-06,GREK,0.03571428571428571
2023-09-06,JNJ,0.03571428571428571
2023-09-06,KMB,0.03571428571428571
2023-09-06,DHI,0.03571428571428571
2023-09-06,BDX,0.03571428571428571
2023-09-06,WFC,0.03571428571428571
2023-09-06,QQQ,0.03571428571428571
2023-09-06,CCL,0.03571428571428571
2023-09-06,TSM,0.03571428571428571
2023-09-06,ALK,0.03571428571428571
2023-09-06,XRT,0.03571428571428571
2023-09-06,ILMN,0.03571428571428571
2023-09-06,WMB,0.03571428571428571
2023-09-06,LOW,0.03571428571428571
2023-09-06,NTES,0.03571428571428571
2023-09-06,RF,0.03571428571428571
2023-09-06,PRGO,0.03571428571428571
2023-09-06,OHI,0.03571428571428571
2023-09-06,MRK,0.03571428571428571
2023-09-06,BMY,0.03571428571428571
2023-09-07,PPG,0.03571428571428571
2023-09-07,BAX,0.03571428571428571
2023-09-07,A,0.03571428571428571
2023-09-07,XLP,0.03571428571428571
2023-09-07,NVDA,0.03571428571428571
2023-09-07,DAL,0.03571428571428571
2023-09-07,NSC,0.03571428571428571
2023-09-07,CAG,0.03571428571428571
2023-09-07,GREK,0.03571428571428571
2023-09-07,WFC,0.03571428571428571
2023-09-07,QQQ,0.03571428571428571
2023-09-07,CCL,0.03571428571428571
2023-09-07,TSM,0.03571428571428571
2023-09-07,ALK,0.03571428571428571
2023-09-07,XRT,0.03571428571428571
2023-09-07,KO,0.03571428571428571
2023-09-07,D,0.03571428571428571
2023-09-07,RL,0.03571428571428571
2023-09-07,NTAP,0.03571428571428571
2023-09-07,NWSA,0.03571428571428571
2023-09-07,NTES,0.03571428571428571
2023-09-07,RF,0.03571428571428571
2023-09-07,PRGO,0.03571428571428571
2023-09-07,SYK,0.03571428571428571
2023-09-07,COF,0.03571428571428571
2023-09-07,ENB,0.03571428571428571
2023-09-07,VZ,0.03571428571428571
2023-09-07,BMY,0.03571428571428571
2023-09-08,PPG,0.03571428571428571
2023-09-08,AMTD,0.03571428571428571
2023-09-08,BAX,0.03571428571428571
2023-09-08,A,0.03571428571428571
2023-09-08,XLP,0.03571428571428571
2023-09-08,NVDA,0.03571428571428571
2023-09-08,WEN,0.03571428571428571
2023-09-08,DAL,0.03571428571428571
2023-09-08,NSC,0.03571428571428571
2023-09-08,CAG,0.03571428571428571
2023-09-08,GREK,0.03571428571428571
2023-09-08,QCOM,0.03571428571428571
2023-09-08,TRV,0.03571428571428571
2023-09-08,WFC,0.03571428571428571
2023-09-08,CCL,0.03571428571428571
2023-09-08,TSM,0.03571428571428571
2023-09-08,ALK,0.03571428571428571
2023-09-08,ILMN,0.03571428571428571
2023-09-08,KO,0.03571428571428571
2023-09-08,EW,0.03571428571428571
2023-09-08,NTAP,0.03571428571428571
2023-09-08,LOW,0.03571428571428571
2023-09-08,RF,0.03571428571428571
2023-09-08,CP,0.03571428571428571
2023-09-08,PRGO,0.03571428571428571
2023-09-08,COF,0.03571428571428571
2023-09-08,ENB,0.03571428571428571
2023-09-08,VZ,0.03571428571428571
2023-09-11,PPG,0.03571428571428571
2023-09-11,BAX,0.03571428571428571
2023-09-11,A,0.03571428571428571
2023-09-11,NVDA,0.03571428571428571
2023-09-11,DAL,0.03571428571428571
2023-09-11,ICE,0.03571428571428571
2023-09-11,CAG,0.03571428571428571
2023-09-11,GREK,0.03571428571428571
2023-09-11,STI,0.03571428571428571
2023-09-11,TRV,0.03571428571428571
2023-09-11,BBT,0.03571428571428571
2023-09-11,WFC,0.03571428571428571
2023-09-11,EOG,0.03571428571428571
2023-09-11,QQQ,0.03571428571428571
2023-09-11,CCL,0.03571428571428571
2023-09-11,MS,0.03571428571428571
2023-09-11,ALK,0.03571428571428571
2023-09-11,XRT,0.03571428571428571
2023-09-11,ILMN,0.03571428571428571
2023-09-11,WMB,0.03571428571428571
2023-09-11,PVH,0.03571428571428571
2023-09-11,NTAP,0.03571428571428571
2023-09-11,PCG,0.03571428571428571
2023-09-11,RF,0.03571428571428571
2023-09-11,CLX,0.03571428571428571
2023-09-11,M,0.03571428571428571
2023-09-11,COF,0.03571428571428571
2023-09-11,ENB,0.03571428571428571
2023-09-12,PPG,0.03571428571428571
2023-09-12,BAX,0.03571428571428571
2023-09-12,A,0.03571428571428571
2023-09-12,XLP,0.03571428571428571
2023-09-12,NVDA,0.03571428571428571
2023-09-12,DAL,0.03571428571428571
2023-09-12,CAG,0.03571428571428571
2023-09-12,GREK,0.03571428571428571
2023-09-12,STI,0.03571428571428571
2023-09-12,KMB,0.03571428571428571
2023-09-12,DHI,0.03571428571428571
2023-09-12,BBT,0.03571428571428571
2023-09-12,BDX,0.03571428571428571
2023-09-12,EWI,0.03571428571428571
2023-09-12,DLTR,0.03571428571428571
2023-09-12,CCL,0.03571428571428571
2023-09-12,ALK,0.03571428571428571
2023-09-12,ILMN,0.03571428571428571
2023-09-12,EW,0.03571428571428571
2023-09-12,NTAP,0.03571428571428571
2023-09-12,NWSA,0.03571428571428571
2023-09-12,PCG,0.03571428571428571
2023-09-12,RF,0.03571428571428571
2023-09-12,CLX,0.03571428571428571
2023-09-12,PRGO,0.03571428571428571
2023-09-12,M,0.03571428571428571
2023-09-12,ENB,0.03571428571428571
2023-09-12,BMY,0.03571428571428571
2023-09-13,PPG,0.03571428571428571
2023-09-13,AMTD,0.03571428571428571
2023-09-13,NVDA,0.03571428571428571
2023-09-13,DAL,0.03571428571428571
2023-09-13,CAG,0.03571428571428571
2023-09-13,GREK,0.03571428571428571
2023-09-13,KMB,0.03571428571428571
2023-09-13,TRV,0.03571428571428571
2023-09-13,DHI,0.03571428571428571
2023-09-13,ORCL,0.03571428571428571
2023-09-13,DLTR,0.03571428571428571
2023-09-13,CCL,0.03571428571428571
2023-09-13,ALK,0.03571428571428571
2023-09-13,XRT,0.03571428571428571
2023-09-13,ILMN,0.03571428571428571
2023-09-13,D,0.03571428571428571
2023-09-13,ULTA,0.03571428571428571
2023-09-13,EW,0.03571428571428571
2023-09-13,RL,0.03571428571428571
2023-09-13,NTAP,0.03571428571428571
2023-09-13,NWSA,0.03571428571428571
2023-09-13,PCG,0.03571428571428571
2023-09-13,RF,0.03571428571428571
2023-09-13,CLX,0.03571428571428571
2023-09-13,PRGO,0.03571428571428571
2023-09-13,ENB,0.03571428571428571
2023-09-13,MRK,0.03571428571428571
2023-09-13,BMY,0.03571428571428571
2023-09-14,PPG,0.03571428571428571
2023-09-14,AMTD,0.03571428571428571
2023-09-14,BAX,0.03571428571428571
2023-09-14,DAL,0.03571428571428571
2023-09-14,CAG,0.03571428571428571
2023-09-14,GREK,0.03571428571428571
2023-09-14,JNJ,0.03571428571428571
2023-09-14,KMB,0.03571428571428571
2023-09-14,HAS,0.03571428571428571
2023-09-14,BDX,0.03571428571428571
2023-09-14,EWI,0.03571428571428571
2023-09-14,ORCL,0.03571428571428571
2023-09-14,DLTR,0.03571428571428571
2023-09-14,CCL,0.03571428571428571
2023-09-14,ALK,0.03571428571428571
2023-09-14,ILMN,0.03571428571428571
2023-09-14,GOLD,0.03571428571428571
2023-09-14,KO,0.03571428571428571
2023-09-14,D,0.03571428571428571
2023-09-14,ULTA,0.03571428571428571
2023-09-14,RL,0.03571428571428571
2023-09-14,RF,0.03571428571428571
2023-09-14,PRGO,0.03571428571428571
2023-09-14,BSX,0.03571428571428571
2023-09-14,M,0.03571428571428571
2023-09-14,ENB,0.03571428571428571
2023-09-14,ZUMZ,0.03571428571428571
2023-09-14,BMY,0.03571428571428571
2023-09-15,MNST,0.03571428571428571
2023-09-15,NVDA,0.03571428571428571
2023-09-15,ICE,0.03571428571428571
2023-09-15,CAG,0.03571428571428571
2023-09-15,GREK,0.03571428571428571
2023-09-15,JNJ,0.03571428571428571
2023-09-15,KMB,0.03571428571428571
2023-09-15,HAS,0.03571428571428571
2023-09-15,DHI,0.03571428571428571
2023-09-15,QQQ,0.03571428571428571
2023-09-15,ORCL,0.03571428571428571
2023-09-15,CCL,0.03571428571428571
2023-09-15,ALK,0.03571428571428571
2023-09-15,XRT,0.03571428571428571
2023-09-15,ILMN,0.03571428571428571
2023-09-15,GOLD,0.03571428571428571
2023-09-15,D,0.03571428571428571
2023-09-15,ULTA,0.03571428571428571
2023-09-15,RL,0.03571428571428571
2023-09-15,NTAP,0.03571428571428571
2023-09-15,NWSA,0.03571428571428571
2023-09-15,LOW,0.03571428571428571
2023-09-15,CLX,0.03571428571428571
2023-09-15,PRGO,0.03571428571428571
2023-09-15,XLE,0.03571428571428571
2023-09-15,M,0.03571428571428571
2023-09-15,ENB,0.03571428571428571
2023-09-15,BMY,0.03571428571428571
2023-09-18,PPG,0.03571428571428571
2023-09-18,BAX,0.03571428571428571
2023-09-18,A,0.03571428571428571
2023-09-18,XLP,0.03571428571428571
2023-09-18,NVDA,0.03571428571428571
2023-09-18,DAL,0.03571428571428571
2023-09-18,RRC,0.03571428571428571
2023-09-18,CAG,0.03571428571428571
2023-09-18,GREK,0.03571428571428571
2023-09-18,JNJ,0.03571428571428571
2023-09-18,KMB,0.03571428571428571
2023-09-18,QQQ,0.03571428571428571
2023-09-18,ORCL,0.03571428571428571
2023-09-18,DLTR,0.03571428571428571
2023-09-18,CCL,0.03571428571428571
2023-09-18,TSM,0.03571428571428571
2023-09-18,ALK,0.03571428571428571
2023-09-18,ILMN,0.03571428571428571
2023-09-18,D,0.03571428571428571
2023-09-18,ULTA,0.03571428571428571
2023-09-18,NTAP,0.03571428571428571
2023-09-18,NWSA,0.03571428571428571
2023-09-18,LOW,0.03571428571428571
2023-09-18,RF,0.03571428571428571
2023-09-18,CLX,0.03571428571428571
2023-09-18,M,0.03571428571428571
2023-09-18,ENB,0.03571428571428571
2023-09-18,BMY,0.03571428571428571
2023-09-19,PPG,0.03571428571428571
2023-09-19,A,0.03571428571428571
2023-09-19,HP,0.03571428571428571
2023-09-19,HYG,0.03571428571428571
2023-09-19,ICE,0.03571428571428571
2023-09-19,RRC,0.03571428571428571
2023-09-19,CAG,0.03571428571428571
2023-09-19,GREK,0.03571428571428571
2023-09-19,JNJ,0.03571428571428571
2023-09-19,KMB,0.03571428571428571
2023-09-19,BBT,0.03571428571428571
2023-09-19,EBAY,0.03571428571428571
2023-09-19,EOG,0.03571428571428571
2023-09-19,QQQ,0.03571428571428571
2023-09-19,CCL,0.03571428571428571
2023-09-19,TSM,0.03571428571428571
2023-09-19,ALK,0.03571428571428571
2023-09-19,GOLD,0.03571428571428571
2023-09-19,D,0.03571428571428571
2023-09-19,ULTA,0.03571428571428571
2023-09-19,NTAP,0.03571428571428571
2023-09-19,NWSA,0.03571428571428571
2023-09-19,LOW,0.03571428571428571
2023-09-19,CP,0.03571428571428571
2023-09-19,CLX,0.03571428571428571
2023-09-19,PRGO,0.03571428571428571
2023-09-19,ENB,0.03571428571428571
2023-09-19,BMY,0.03571428571428571
2023-09-20,PPG,0.03571428571428571
2023-09-20,AMTD,0.03571428571428571
2023-09-20,HP,0.03571428571428571
2023-09-20,NVDA,0.03571428571428571
2023-09-20,DAL,0.03571428571428571
2023-09-20,HYG,0.03571428571428571
2023-09-20,RRC,0.03571428571428571
2023-09-20,GREK,0.03571428571428571
2023-09-20,BBT,0.03571428571428571
2023-09-20,WFC,0.03571428571428571
2023-09-20,EOG,0.03571428571428571
2023-09-20,QQQ,0.03571428571428571
2023-09-20,CCL,0.03571428571428571
2023-09-20,TSM,0.03571428571428571
2023-09-20,MS,0.03571428571428571
2023-09-20,ALK,0.03571428571428571
2023-09-20,GOLD,0.03571428571428571
2023-09-20,WMB,0.03571428571428571
2023-09-20,D,0.03571428571428571
2023-09-20,ULTA,0.03571428571428571
2023-09-20,EW,0.03571428571428571
2023-09-20,NTAP,0.03571428571428571
2023-09-20,NWSA,0.03571428571428571
2023-09-20,LOW,0.03571428571428571
2023-09-20,CLX,0.03571428571428571
2023-09-20,PRGO,0.03571428571428571
2023-09-20,COF,0.03571428571428571
2023-09-20,ENB,0.03571428571428571
2023-09-21,PPG,0.03571428571428571
2023-09-21,BAX,0.03571428571428571
2023-09-21,HP,0.03571428571428571
2023-09-21,DAL,0.03571428571428571
2023-09-21,ICE,0.03571428571428571
2023-09-21,RRC,0.03571428571428571
2023-09-21,JNJ,0.03571428571428571
2023-09-21,EOG,0.03571428571428571
2023-09-21,QQQ,0.03571428571428571
2023-09-21,DLTR,0.03571428571428571
2023-09-21,CCL,0.03571428571428571
2023-09-21,TSM,0.03571428571428571
2023-09-21,ALK,0.03571428571428571
2023-09-21,MAR,0.03571428571428571
2023-09-21,WMB,0.03571428571428571
2023-09-21,D,0.03571428571428571
2023-09-21,ULTA,0.03571428571428571
2023-09-21,EW,0.03571428571428571
2023-09-21,BX,0.03571428571428571
2023-09-21,LOW,0.03571428571428571
2023-09-21,NTES,0.03571428571428571
2023-09-21,HMC,0.03571428571428571
2023-09-21,CME,0.03571428571428571
2023-09-21,CP,0.03571428571428571
2023-09-21,CLX,0.03571428571428571
2023-09-21,PRGO,0.03571428571428571
2023-09-21,COF,0.03571428571428571
2023-09-21,ENB,0.03571428571428571
2023-09-22,MET,0.03571428571428571
2023-09-22,MNST,0.03571428571428571
2023-09-22,BAX,0.03571428571428571
2023-09-22,XLP,0.03571428571428571
2023-09-22,ICE,0.03571428571428571
2023-09-22,JNJ,0.03571428571428571
2023-09-22,KMB,0.03571428571428571
2023-09-22,NDAQ,0.03571428571428571
2023-09-22,EOG,0.03571428571428571
2023-09-22,QQQ,0.03571428571428571
2023-09-22,DLTR,0.03571428571428571
2023-09-22,CCL,0.03571428571428571
2023-09-22,MS,0.03571428571428571
2023-09-22,ALK,0.03571428571428571
2023-09-22,MAR,0.03571428571428571
2023-09-22,XRT,0.03571428571428571
2023-09-22,ILMN,0.03571428571428571
2023-09-22,WMB,0.03571428571428571
2023-09-22,KO,0.03571428571428571
2023-09-22,ULTA,0.03571428571428571
2023-09-22,EW,0.03571428571428571
2023-09-22,NWSA,0.03571428571428571
2023-09-22,LOW,0.03571428571428571
2023-09-22,RF,0.03571428571428571
2023-09-22,CLX,0.03571428571428571
2023-09-22,PRGO,0.03571428571428571
2023-09-22,COF,0.03571428571428571
2023-09-22,MRK,0.03571428571428571
2023-09-25,AMTD,0.03571428571428571
2023-09-25,BAX,0.03571428571428571
2023-09-25,HP,0.03571428571428571
2023-09-25,XLP,0.03571428571428571
2023-09-25,ICE,0.03571428571428571
2023-09-25,CAG,0.03571428571428571
2023-09-25,JNJ,0.03571428571428571
2023-09-25,STI,0.03571428571428571
2023-09-25,KMB,0.03571428571428571
2023-09-25,DHI,0.03571428571428571
2023-09-25,EWI,0.03571428571428571
2023-09-25,DLTR,0.03571428571428571
2023-09-25,CCL,0.03571428571428571
2023-09-25,MS,0.03571428571428571
2023-09-25,ALK,0.03571428571428571
2023-09-25,MAR,0.03571428571428571
2023-09-25,XRT,0.03571428571428571
2023-09-25,GOLD,0.03571428571428571
2023-09-25,KO,0.03571428571428571
2023-09-25,ULTA,0.03571428571428571
2023-09-25,EW,0.03571428571428571
2023-09-25,NTAP,0.03571428571428571
2023-09-25,BX,0.03571428571428571
2023-09-25,CME,0.03571428571428571
2023-09-25,PRGO,0.03571428571428571
2023-09-25,SYK,0.03571428571428571
2023-09-25,COF,0.03571428571428571
2023-09-25,MRK,0.03571428571428571
2023-09-26,MET,0.03571428571428571
2023-09-26,PPG,0.03571428571428571
2023-09-26,AMTD,0.03571428571428571
2023-09-26,HP,0.03571428571428571
2023-09-26,XLP,0.03571428571428571
2023-09-26,NSC,0.03571428571428571
2023-09-26,ICE,0.03571428571428571
2023-09-26,CAG,0.03571428571428571
2023-09-26,JNJ,0.03571428571428571
2023-09-26,BDX,0.03571428571428571
2023-09-26,QQQ,0.03571428571428571
2023-09-26,TSM,0.03571428571428571
2023-09-26,MS,0.03571428571428571
2023-09-26,ALK,0.03571428571428571
2023-09-26,MAR,0.03571428571428571
2023-09-26,GOLD,0.03571428571428571
2023-09-26,WMB,0.03571428571428571
2023-09-26,KO,0.03571428571428571
2023-09-26,ULTA,0.03571428571428571
2023-09-26,PVH,0.03571428571428571
2023-09-26,NTAP,0.03571428571428571
2023-09-26,BX,0.03571428571428571
2023-09-26,LOW,0.03571428571428571
2023-09-26,RF,0.03571428571428571
2023-09-26,CP,0.03571428571428571
2023-09-26,PRGO,0.03571428571428571
2023-09-26,SYK,0.03571428571428571
2023-09-26,CAT,0.03571428571428571
2023-09-27,MET,0.03571428571428571
2023-09-27,PPG,0.03571428571428571
2023-09-27,BAX,0.03571428571428571
2023-09-27,XLP,0.03571428571428571
2023-09-27,HYG,0.03571428571428571
2023-09-27,NSC,0.03571428571428571
2023-09-27,ICE,0.03571428571428571
2023-09-27,CAG,0.03571428571428571
2023-09-27,GREK,0.03571428571428571
2023-09-27,JNJ,0.03571428571428571
2023-09-27,HAS,0.03571428571428571
2023-09-27,BDX,0.03571428571428571
2023-09-27,HTZ,0.03571428571428571
2023-09-27,MS,0.03571428571428571
2023-09-27,ALK,0.03571428571428571
2023-09-27,XRT,0.03571428571428571
2023-09-27,KO,0.03571428571428571
2023-09-27,PVH,0.03571428571428571
2023-09-27,NWSA,0.03571428571428571
2023-09-27,BX,0.03571428571428571
2023-09-27,DUK,0.03571428571428571
2023-09-27,CP,0.03571428571428571
2023-09-27,PRGO,0.03571428571428571
2023-09-27,SYK,0.03571428571428571
2023-09-27,BSX,0.03571428571428571
2023-09-27,COF,0.03571428571428571
2023-09-27,MRK,0.03571428571428571
2023-09-27,BMY,0.03571428571428571
2023-09-28,MET,0.03571428571428571
2023-09-28,MNST,0.03571428571428571
2023-09-28,HP,0.03571428571428571
2023-09-28,XLP,0.03571428571428571
2023-09-28,NVDA,0.03571428571428571
2023-09-28,NSC,0.03571428571428571
2023-09-28,CAG,0.03571428571428571
2023-09-28,GREK,0.03571428571428571
2023-09-28,STI,0.03571428571428571
2023-09-28,KMB,0.03571428571428571
2023-09-28,TRV,0.03571428571428571
2023-09-28,DPZ,0.03571428571428571
2023-09-28,BDX,0.03571428571428571
2023-09-28,QQQ,0.03571428571428571
2023-09-28,MS,0.03571428571428571
2023-09-28,ALK,0.03571428571428571
2023-09-28,GOLD,0.03571428571428571
2023-09-28,KO,0.03571428571428571
2023-09-28,D,0.03571428571428571
2023-09-28,EW,0.03571428571428571
2023-09-28,LOW,0.03571428571428571
2023-09-28,PCG,0.03571428571428571
2023-09-28,DUK,0.03571428571428571
2023-09-28,NTES,0.03571428571428571
2023-09-28,PRGO,0.03571428571428571
2023-09-28,ZUMZ,0.03571428571428571
2023-09-28,MRK,0.03571428571428571
2023-09-28,BMY,0.03571428571428571
2023-09-29,PPG,0.03571428571428571
2023-09-29,HP,0.03571428571428571
2023-09-29,XLP,0.03571428571428571
2023-09-29,NVDA,0.03571428571428571
2023-09-29,CAG,0.03571428571428571
2023-09-29,GREK,0.03571428571428571
2023-09-29,KMB,0.03571428571428571
2023-09-29,TRV,0.03571428571428571
2023-09-29,DPZ,0.03571428571428571
2023-09-29,BBT,0.03571428571428571
2023-09-29,BDX,0.03571428571428571
2023-09-29,EOG,0.03571428571428571
2023-09-29,QQQ,0.03571428571428571
2023-09-29,EWI,0.03571428571428571
2023-09-29,MS,0.03571428571428571
2023-09-29,MAR,0.03571428571428571
2023-09-29,GOLD,0.03571428571428571
2023-09-29,WMB,0.03571428571428571
2023-09-29,KO,0.03571428571428571
2023-09-29,D,0.03571428571428571
2023-09-29,PCG,0.03571428571428571
2023-09-29,DUK,0.03571428571428571
2023-09-29,HMC,0.03571428571428571
2023-09-29,CME,0.03571428571428571
2023-09-29,PRGO,0.03571428571428571
2023-09-29,SYK,0.03571428571428571
2023-09-29,MRK,0.03571428571428571
2023-09-29,BMY,0.03571428571428571
2023-10-02,MET,0.03571428571428571
2023-10-02,PPG,0.03571428571428571
2023-10-02,AMTD,0.03571428571428571
2023-10-02,HP,0.03571428571428571
2023-10-02,WEN,0.03571428571428571
2023-10-02,DAL,0.03571428571428571
2023-10-02,CAG,0.03571428571428571
2023-10-02,KMB,0.03571428571428571
2023-10-02,HAS,0.03571428571428571
2023-10-02,TRV,0.03571428571428571
2023-10-02,DPZ,0.03571428571428571
2023-10-02,BBT,0.03571428571428571
2023-10-02,BDX,0.03571428571428571
2023-10-02,WFC,0.03571428571428571
2023-10-02,EOG,0.03571428571428571
2023-10-02,DLTR,0.03571428571428571
2023-10-02,ALK,0.03571428571428571
2023-10-02,GOLD,0.03571428571428571
2023-10-02,WMB,0.03571428571428571
2023-10-02,KO,0.03571428571428571
2023-10-02,D,0.03571428571428571
2023-10-02,PVH,0.03571428571428571
2023-10-02,DUK,0.03571428571428571
2023-10-02,RF,0.03571428571428571
2023-10-02,CME,0.03571428571428571
2023-10-02,PRGO,0.03571428571428571
2023-10-02,OHI,0.03571428571428571
2023-10-02,MRK,0.03571428571428571
2023-10-03,MET,0.03571428571428571
2023-10-03,DAL,0.03571428571428571
2023-10-03,ICE,0.03571428571428571
2023-10-03,STI,0.03571428571428571
2023-10-03,HAS,0.03571428571428571
2023-10-03,TRV,0.03571428571428571
2023-10-03,DPZ,0.03571428571428571
2023-10-03,DHI,0.03571428571428571
2023-10-03,BBT,0.03571428571428571
2023-10-03,TSM,0.03571428571428571
2023-10-03,ALK,0.03571428571428571
2023-10-03,WMB,0.03571428571428571
2023-10-03,KO,0.03571428571428571
2023-10-03,D,0.03571428571428571
2023-10-03,RL,0.03571428571428571
2023-10-03,NTAP,0.03571428571428571
2023-10-03,NWSA,0.03571428571428571
2023-10-03,BX,0.03571428571428571
2023-10-03,LOW,0.03571428571428571
2023-10-03,PCG,0.03571428571428571
2023-10-03,DUK,0.03571428571428571
2023-10-03,RF,0.03571428571428571
2023-10-03,HMC,0.03571428571428571
2023-10-03,PRGO,0.03571428571428571
2023-10-03,OHI,0.03571428571428571
2023-10-03,SYK,0.03571428571428571
2023-10-03,BSX,0.03571428571428571
2023-10-03,MRK,0.03571428571428571
2023-10-04,MET,0.03571428571428571
2023-10-04,BAX,0.03571428571428571
2023-10-04,CF,0.03571428571428571
2023-10-04,HOG,0.03571428571428571
2023-10-04,NVDA,0.03571428571428571
2023-10-04,WEN,0.03571428571428571
2023-10-04,DAL,0.03571428571428571
2023-10-04,CAG,0.03571428571428571
2023-10-04,STI,0.03571428571428571
2023-10-04,HAS,0.03571428571428571
2023-10-04,TRV,0.03571428571428571
2023-10-04,DPZ,0.03571428571428571
2023-10-04,BDX,0.03571428571428571
2023-10-04,EOG,0.03571428571428571
2023-10-04,ALK,0.03571428571428571
2023-10-04,GOLD,0.03571428571428571
2023-10-04,WMB,0.03571428571428571
2023-10-04,KO,0.03571428571428571
2023-10-04,D,0.03571428571428571
2023-10-04,LOW,0.03571428571428571
2023-10-04,PCG,0.03571428571428571
2023-10-04,RF,0.03571428571428571
2023-10-04,HMC,0.03571428571428571
2023-10-04,PRGO,0.03571428571428571
2023-10-04,SYK,0.03571428571428571
2023-10-04,BSX,0.03571428571428571
2023-10-04,XLE,0.03571428571428571
2023-10-04,CAT,0.03571428571428571
2023-10-05,BAX,0.03571428571428571
2023-10-05,CF,0.03571428571428571
2023-10-05,HP,0.03571428571428571
2023-10-05,HOG,0.03571428571428571
2023-10-05,NVDA,0.03571428571428571
2023-10-05,WEN,0.03571428571428571
2023-10-05,NSC,0.03571428571428571
2023-10-05,CAG,0.03571428571428571
2023-10-05,STI,0.03571428571428571
2023-10-05,KMB,0.03571428571428571
2023-10-05,HAS,0.03571428571428571
2023-10-05,DPZ,0.03571428571428571
2023-10-05,EOG,0.03571428571428571
2023-10-05,EWI,0.03571428571428571
2023-10-05,ALK,0.03571428571428571
2023-10-05,MAR,0.03571428571428571
2023-10-05,D,0.03571428571428571
2023-10-05,RL,0.03571428571428571
2023-10-05,NWSA,0.03571428571428571
2023-10-05,DUK,0.03571428571428571
2023-10-05,RF,0.03571428571428571
2023-10-05,CLX,0.03571428571428571
2023-10-05,PRGO,0.03571428571428571
2023-10-05,SYK,0.03571428571428571
2023-10-05,XLE,0.03571428571428571
2023-10-05,COF,0.03571428571428571
2023-10-05,CAT,0.03571428571428571
2023-10-05,BMY,0.03571428571428571
2023-10-06,MNST,0.03571428571428571
2023-10-06,BAX,0.03571428571428571
2023-10-06,A,0.03571428571428571
2023-10-06,XLP,0.03571428571428571
2023-10-06,NVDA,0.03571428571428571
2023-10-06,WEN,0.03571428571428571
2023-10-06,CAG,0.03571428571428571
2023-10-06,GREK,0.03571428571428571
2023-10-06,STI,0.03571428571428571
2023-10-06,KMB,0.03571428571428571
2023-10-06,HAS,0.03571428571428571
2023-10-06,TRV,0.03571428571428571
2023-10-06,DPZ,0.03571428571428571
2023-10-06,VTR,0.03571428571428571
2023-10-06,BBT,0.03571428571428571
2023-10-06,BDX,0.03571428571428571
2023-10-06,EBAY,0.03571428571428571
2023-10-06,ALK,0.03571428571428571
2023-10-06,MAR,0.03571428571428571
2023-10-06,XRT,0.03571428571428571
2023-10-06,KO,0.03571428571428571
2023-10-06,D,0.03571428571428571
2023-10-06,RF,0.03571428571428571
2023-10-06,CP,0.03571428571428571
2023-10-06,CLX,0.03571428571428571
2023-10-06,PRGO,0.03571428571428571
2023-10-06,MT,0.03571428571428571
2023-10-06,BMY,0.03571428571428571
2023-10-09,PPG,0.03571428571428571
2023-10-09,BAX,0.03571428571428571
2023-10-09,NVDA,0.03571428571428571
2023-10-09,WEN,0.03571428571428571
2023-10-09,DAL,0.03571428571428571
2023-10-09,GREK,0.03571428571428571
2023-10-09,JNJ,0.03571428571428571
2023-10-09,KMB,0.03571428571428571
2023-10-09,HAS,0.03571428571428571
2023-10-09,TRV,0.03571428571428571
2023-10-09,BBT,0.03571428571428571
2023-10-09,BDX,0.03571428571428571
2023-10-09,QQQ,0.03571428571428571
2023-10-09,ORCL,0.03571428571428571
2023-10-09,ALK,0.03571428571428571
2023-10-09,MAR,0.03571428571428571
2023-10-09,ILMN,0.03571428571428571
2023-10-09,GOLD,0.03571428571428571
2023-10-09,KO,0.03571428571428571
2023-10-09,D,0.03571428571428571
2023-10-09,HUM,0.03571428571428571
2023-10-09,TRIP,0.03571428571428571
2023-10-09,BX,0.03571428571428571
2023-10-09,LOW,0.03571428571428571
2023-10-09,RF,0.03571428571428571
2023-10-09,CLX,0.03571428571428571
2023-10-09,PRGO,0.03571428571428571
2023-10-09,BMY,0.03571428571428571
2023-10-10,MNST,0.03571428571428571
2023-10-10,PPG,0.03571428571428571
2023-10-10,NVDA,0.03571428571428571
2023-10-10,ICE,0.03571428571428571
2023-10-10,JNJ,0.03571428571428571
2023-10-10,STI,0.03571428571428571
2023-10-10,KMB,0.03571428571428571
2023-10-10,TRV,0.03571428571428571
2023-10-10,BDX,0.03571428571428571
2023-10-10,QQQ,0.03571428571428571
2023-10-10,ORCL,0.03571428571428571
2023-10-10,ALK,0.03571428571428571
2023-10-10,MAR,0.03571428571428571
2023-10-10,ILMN,0.03571428571428571
2023-10-10,GOLD,0.03571428571428571
2023-10-10,KO,0.03571428571428571
2023-10-10,D,0.03571428571428571
2023-10-10,RL,0.03571428571428571
2023-10-10,HUM,0.03571428571428571
2023-10-10,NTAP,0.03571428571428571
2023-10-10,NWSA,0.03571428571428571
2023-10-10,LOW,0.03571428571428571
2023-10-10,RF,0.03571428571428571
2023-10-10,CP,0.03571428571428571
2023-10-10,CLX,0.03571428571428571
2023-10-10,PRGO,0.03571428571428571
2023-10-10,MRK,0.03571428571428571
2023-10-10,BMY,0.03571428571428571
2023-10-11,MNST,0.03571428571428571
2023-10-11,XLP,0.03571428571428571
2023-10-11,NVDA,0.03571428571428571
2023-10-11,ICE,0.03571428571428571
2023-10-11,JNJ,0.03571428571428571
2023-10-11,STI,0.03571428571428571
2023-10-11,KMB,0.03571428571428571
2023-10-11,HAS,0.03571428571428571
2023-10-11,TRV,0.03571428571428571
2023-10-11,BDX,0.03571428571428571
2023-10-11,QQQ,0.03571428571428571
2023-10-11,MS,0.03571428571428571
2023-10-11,ALK,0.03571428571428571
2023-10-11,MAR,0.03571428571428571
2023-10-11,XRT,0.03571428571428571
2023-10-11,ILMN,0.03571428571428571
2023-10-11,KO,0.03571428571428571
2023-10-11,D,0.03571428571428571
2023-10-11,EW,0.03571428571428571
2023-10-11,RL,0.03571428571428571
2023-10-11,HUM,0.03571428571428571
2023-10-11,LOW,0.03571428571428571
2023-10-11,RF,0.03571428571428571
2023-10-11,CLX,0.03571428571428571
2023-10-11,SYK,0.03571428571428571
2023-10-11,XLE,0.03571428571428571
2023-10-11,MRK,0.03571428571428571
2023-10-11,BMY,0.03571428571428571
2023-10-12,MNST,0.03571428571428571
2023-10-12,A,0.03571428571428571
2023-10-12,XLP,0.03571428571428571
2023-10-12,HYG,0.03571428571428571
2023-10-12,CAG,0.03571428571428571
2023-10-12,JNJ,0.03571428571428571
2023-10-12,STI,0.03571428571428571
2023-10-12,TRV,0.03571428571428571
2023-10-12,DHI,0.03571428571428571
2023-10-12,QQQ,0.03571428571428571
2023-10-12,HTZ,0.03571428571428571
2023-10-12,MS,0.03571428571428571
2023-10-12,ALK,0.03571428571428571
2023-10-12,MAR,0.03571428571428571
2023-10-12,XRT,0.03571428571428571
2023-10-12,ILMN,0.03571428571428571
2023-10-12,KO,0.03571428571428571
2023-10-12,D,0.03571428571428571
2023-10-12,ULTA,0.03571428571428571
2023-10-12,RL,0.03571428571428571
2023-10-12,NWSA,0.03571428571428571
2023-10-12,LOW,0.03571428571428571
2023-10-12,RF,0.03571428571428571
2023-10-12,CLX,0.03571428571428571
2023-10-12,PRGO,0.03571428571428571
2023-10-12,BSX,0.03571428571428571
2023-10-12,CAT,0.03571428571428571
2023-10-12,BMY,0.03571428571428571
2023-10-13,PPG,0.03571428571428571
2023-10-13,BAX,0.03571428571428571
2023-10-13,NVDA,0.03571428571428571
2023-10-13,DAL,0.03571428571428571
2023-10-13,ICE,0.03571428571428571
2023-10-13,QCOM,0.03571428571428571
2023-10-13,STI,0.03571428571428571
2023-10-13,DPZ,0.03571428571428571
2023-10-13,EWC,0.03571428571428571
2023-10-13,QQQ,0.03571428571428571
2023-10-13,MS,0.03571428571428571
2023-10-13,ALK,0.03571428571428571
2023-10-13,MAR,0.03571428571428571
2023-10-13,XRT,0.03571428571428571
2023-10-13,ILMN,0.03571428571428571
2023-10-13,GOLD,0.03571428571428571
2023-10-13,KO,0.03571428571428571
2023-10-13,D,0.03571428571428571
2023-10-13,ULTA,0.03571428571428571
2023-10-13,RL,0.03571428571428571
2023-10-13,LOW,0.03571428571428571
2023-10-13,RF,0.03571428571428571
2023-10-13,HMC,0.03571428571428571
2023-10-13,CP,0.03571428571428571
2023-10-13,PRGO,0.03571428571428571
2023-10-13,BSX,0.03571428571428571
2023-10-13,COF,0.03571428571428571
2023-10-13,CAT,0.03571428571428571
2023-10-16,MNST,0.03571428571428571
2023-10-16,BAX,0.03571428571428571
2023-10-16,VWO,0.03571428571428571
2023-10-16,NVDA,0.03571428571428571
2023-10-16,DAL,0.03571428571428571
2023-10-16,HYG,0.03571428571428571
2023-10-16,JNJ,0.03571428571428571
2023-10-16,STI,0.03571428571428571
2023-10-16,DPZ,0.03571428571428571
2023-10-16,EWC,0.03571428571428571
2023-10-16,BBT,0.03571428571428571
2023-10-16,BDX,0.03571428571428571
2023-10-16,MU,0.03571428571428571
2023-10-16,QQQ,0.03571428571428571
2023-10-16,HTZ,0.03571428571428571
2023-10-16,CCL,0.03571428571428571
2023-10-16,ALK,0.03571428571428571
2023-10-16,MAR,0.03571428571428571
2023-10-16,GOLD,0.03571428571428571
2023-10-16,KO,0.03571428571428571
2023-10-16,D,0.03571428571428571
2023-10-16,ULTA,0.03571428571428571
2023-10-16,LOW,0.03571428571428571
2023-10-16,RF,0.03571428571428571
2023-10-16,PRGO,0.03571428571428571
2023-10-16,BSX,0.03571428571428571
2023-10-16,MT,0.03571428571428571
2023-10-16,CAT,0.03571428571428571
2023-10-17,BAX,0.03571428571428571
2023-10-17,NVDA,0.03571428571428571
2023-10-17,DAL,0.03571428571428571
2023-10-17,HYG,0.03571428571428571
2023-10-17,RRC,0.03571428571428571
2023-10-17,CAG,0.03571428571428571
2023-10-17,JNJ,0.03571428571428571
2023-10-17,STI,0.03571428571428571
2023-10-17,DPZ,0.03571428571428571
2023-10-17,EWC,0.03571428571428571
2023-10-17,BDX,0.03571428571428571
2023-10-17,EBAY,0.03571428571428571
2023-10-17,QQQ,0.03571428571428571
2023-10-17,ALK,0.03571428571428571
2023-10-17,MAR,0.03571428571428571
2023-10-17,GOLD,0.03571428571428571
2023-10-17,KO,0.03571428571428571
2023-10-17,D,0.03571428571428571
2023-10-17,EW,0.03571428571428571
2023-10-17,LOW,0.03571428571428571
2023-10-17,PCG,0.03571428571428571
2023-10-17,NTES,0.03571428571428571
2023-10-17,CP,0.03571428571428571
2023-10-17,CLX,0.03571428571428571
2023-10-17,PRGO,0.03571428571428571
2023-10-17,BSX,0.03571428571428571
2023-10-17,MT,0.03571428571428571
2023-10-17,CAT,0.03571428571428571
2023-10-18,MNST,0.03571428571428571
2023-10-18,BAX,0.03571428571428571
2023-10-18,A,0.03571428571428571
2023-10-18,DAL,0.03571428571428571
2023-10-18,HYG,0.03571428571428571
2023-10-18,ICE,0.03571428571428571
2023-10-18,RRC,0.03571428571428571
2023-10-18,CAG,0.03571428571428571
2023-10-18,QCOM,0.03571428571428571
2023-10-18,JNJ,0.03571428571428571
2023-10-18,STI,0.03571428571428571
2023-10-18,DHI,0.03571428571428571
2023-10-18,EBAY,0.03571428571428571
2023-10-18,SIRI,0.03571428571428571
2023-10-18,TSM,0.03571428571428571
2023-10-18,ALK,0.03571428571428571
2023-10-18,MAR,0.03571428571428571
2023-10-18,XRT,0.03571428571428571
2023-10-18,KO,0.03571428571428571
2023-10-18,D,0.03571428571428571
2023-10-18,EW,0.03571428571428571
2023-10-18,NTAP,0.03571428571428571
2023-10-18,LOW,0.03571428571428571
2023-10-18,RF,0.03571428571428571
2023-10-18,HMC,0.03571428571428571
2023-10-18,PRGO,0.03571428571428571
2023-10-18,CAT,0.03571428571428571
2023-10-18,MRK,0.03571428571428571
2023-10-19,MET,0.03571428571428571
2023-10-19,MNST,0.03571428571428571
2023-10-19,DAL,0.03571428571428571
2023-10-19,HYG,0.03571428571428571
2023-10-19,NSC,0.03571428571428571
2023-10-19,CAG,0.03571428571428571
2023-10-19,TRV,0.03571428571428571
2023-10-19,DHI,0.03571428571428571
2023-10-19,EWC,0.03571428571428571
2023-10-19,BDX,0.03571428571428571
2023-10-19,EBAY,0.03571428571428571
2023-10-19,MS,0.03571428571428571
2023-10-19,ALK,0.03571428571428571
2023-10-19,MAR,0.03571428571428571
2023-10-19,XRT,0.03571428571428571
2023-10-19,KO,0.03571428571428571
2023-10-19,D,0.03571428571428571
2023-10-19,NWSA,0.03571428571428571
2023-10-19,BX,0.03571428571428571
2023-10-19,LOW,0.03571428571428571
2023-10-19,RF,0.03571428571428571
2023-10-19,HMC,0.03571428571428571
2023-10-19,PRGO,0.03571428571428571
2023-10-19,OHI,0.03571428571428571
2023-10-19,COF,0.03571428571428571
2023-10-19,MT,0.03571428571428571
2023-10-19,CAT,0.03571428571428571
2023-10-19,MRK,0.03571428571428571
2023-10-20,MET,0.03571428571428571
2023-10-20,BAX,0.03571428571428571
2023-10-20,VWO,0.03571428571428571
2023-10-20,DAL,0.03571428571428571
2023-10-20,HYG,0.03571428571428571
2023-10-20,ICE,0.03571428571428571
2023-10-20,CAG,0.03571428571428571
2023-10-20,QCOM,0.03571428571428571
2023-10-20,STI,0.03571428571428571
2023-10-20,TRV,0.03571428571428571
2023-10-20,DHI,0.03571428571428571
2023-10-20,EWC,0.03571428571428571
2023-10-20,EBAY,0.03571428571428571
2023-10-20,QQQ,0.03571428571428571
2023-10-20,MS,0.03571428571428571
2023-10-20,MAR,0.03571428571428571
2023-10-20,XRT,0.03571428571428571
2023-10-20,KO,0.03571428571428571
2023-10-20,NWSA,0.03571428571428571
2023-10-20,BX,0.03571428571428571
2023-10-20,LOW,0.03571428571428571
2023-10-20,NTES,0.03571428571428571
2023-10-20,HMC,0.03571428571428571
2023-10-20,OHI,0.03571428571428571
2023-10-20,SYK,0.03571428571428571
2023-10-20,CSIQ,0.03571428571428571
2023-10-20,COF,0.03571428571428571
2023-10-20,CAT,0.03571428571428571
2023-10-23,MET,0.03571428571428571
2023-10-23,PPG,0.03571428571428571
2023-10-23,VWO,0.03571428571428571
2023-10-23,CF,0.03571428571428571
2023-10-23,DAL,0.03571428571428571
2023-10-23,HYG,0.03571428571428571
2023-10-23,NSC,0.03571428571428571
2023-10-23,ICE,0.03571428571428571
2023-10-23,QCOM,0.03571428571428571
2023-10-23,STI,0.03571428571428571
2023-10-23,KMB,0.03571428571428571
2023-10-23,TRV,0.03571428571428571
2023-10-23,EBAY,0.03571428571428571
2023-10-23,MS,0.03571428571428571
2023-10-23,XRT,0.03571428571428571
2023-10-23,KO,0.03571428571428571
2023-10-23,ULTA,0.03571428571428571
2023-10-23,NTAP,0.03571428571428571
2023-10-23,NWSA,0.03571428571428571
2023-10-23,BX,0.03571428571428571
2023-10-23,LOW,0.03571428571428571
2023-10-23,RF,0.03571428571428571
2023-10-23,HMC,0.03571428571428571
2023-10-23,PRGO,0.03571428571428571
2023-10-23,SYK,0.03571428571428571
2023-10-23,COF,0.03571428571428571
2023-10-23,CAT,0.03571428571428571
2023-10-23,BMY,0.03571428571428571
2023-10-24,MET,0.03571428571428571
2023-10-24,MNST,0.03571428571428571
2023-10-24,CNC,0.03571428571428571
2023-10-24,PPG,0.03571428571428571
2023-10-24,BAX,0.03571428571428571
2023-10-24,VWO,0.03571428571428571
2023-10-24,A,0.03571428571428571
2023-10-24,DAL,0.03571428571428571
2023-10-24,ICE,0.03571428571428571
2023-10-24,JNJ,0.03571428571428571
2023-10-24,STI,0.03571428571428571
2023-10-24,KMB,0.03571428571428571
2023-10-24,TRV,0.03571428571428571
2023-10-24,EWC,0.03571428571428571
2023-10-24,EBAY,0.03571428571428571
2023-10-24,WFC,0.03571428571428571
2023-10-24,MS,0.03571428571428571
2023-10-24,ALK,0.03571428571428571
2023-10-24,XRT,0.03571428571428571
2023-10-24,WMB,0.03571428571428571
2023-10-24,TRP,0.03571428571428571
2023-10-24,D,0.03571428571428571
2023-10-24,NWSA,0.03571428571428571
2023-10-24,LOW,0.03571428571428571
2023-10-24,RF,0.03571428571428571
2023-10-24,PRGO,0.03571428571428571
2023-10-24,SYK,0.03571428571428571
2023-10-24,COF,0.03571428571428571
2023-10-25,MET,0.03571428571428571
2023-10-25,MNST,0.03571428571428571
2023-10-25,CNC,0.03571428571428571
2023-10-25,PPG,0.03571428571428571
2023-10-25,BAX,0.03571428571428571
2023-10-25,A,0.03571428571428571
2023-10-25,DAL,0.03571428571428571
2023-10-25,HYG,0.03571428571428571
2023-10-25,NSC,0.03571428571428571
2023-10-25,QCOM,0.03571428571428571
2023-10-25,STI,0.03571428571428571
2023-10-25,KMB,0.03571428571428571
2023-10-25,DPZ,0.03571428571428571
2023-10-25,EWC,0.03571428571428571
2023-10-25,MU,0.03571428571428571
2023-10-25,EBAY,0.03571428571428571
2023-10-25,QQQ,0.03571428571428571
2023-10-25,TSM,0.03571428571428571
2023-10-25,ALK,0.03571428571428571
2023-10-25,XRT,0.03571428571428571
2023-10-25,EW,0.03571428571428571
2023-10-25,RL,0.03571428571428571
2023-10-25,NWSA,0.03571428571428571
2023-10-25,RF,0.03571428571428571
2023-10-25,SYK,0.03571428571428571
2023-10-25,CSIQ,0.03571428571428571
2023-10-25,XLE,0.03571428571428571
2023-10-25,COF,0.03571428571428571
2023-10-26,CNC,0.03571428571428571
2023-10-26,BAX,0.03571428571428571
2023-10-26,A,0.03571428571428571
2023-10-26,NVDA,0.03571428571428571
2023-10-26,DAL,0.03571428571428571
2023-10-26,NSC,0.03571428571428571
2023-10-26,QCOM,0.03571428571428571
2023-10-26,JNJ,0.03571428571428571
2023-10-26,STI,0.03571428571428571
2023-10-26,DPZ,0.03571428571428571
2023-10-26,EWC,0.03571428571428571
2023-10-26,MU,0.03571428571428571
2023-10-26,EBAY,0.03571428571428571
2023-10-26,EOG,0.03571428571428571
2023-10-26,QQQ,0.03571428571428571
2023-10-26,EWI,0.03571428571428571
2023-10-26,TSM,0.03571428571428571
2023-10-26,ALK,0.03571428571428571
2023-10-26,MAR,0.03571428571428571
2023-10-26,XRT,0.03571428571428571
2023-10-26,TRP,0.03571428571428571
2023-10-26,RL,0.03571428571428571
2023-10-26,WSM,0.03571428571428571
2023-10-26,NWSA,0.03571428571428571
2023-10-26,RF,0.03571428571428571
2023-10-26,HMC,0.03571428571428571
2023-10-26,PRGO,0.03571428571428571
2023-10-26,XLE,0.03571428571428571
2023-10-27,CNC,0.03571428571428571
2023-10-27,PPG,0.03571428571428571
2023-10-27,VWO,0.03571428571428571
2023-10-27,A,0.03571428571428571
2023-10-27,XLP,0.03571428571428571
2023-10-27,DAL,0.03571428571428571
2023-10-27,ICE,0.03571428571428571
2023-10-27,JNJ,0.03571428571428571
2023-10-27,STI,0.03571428571428571
2023-10-27,TRV,0.03571428571428571
2023-10-27,DPZ,0.03571428571428571
2023-10-27,EWC,0.03571428571428571
2023-10-27,BDX,0.03571428571428571
2023-10-27,EBAY,0.03571428571428571
2023-10-27,TSM,0.03571428571428571
2023-10-27,ALK,0.03571428571428571
2023-10-27,XRT,0.03571428571428571
2023-10-27,TRP,0.03571428571428571
2023-10-27,EW,0.03571428571428571
2023-10-27,RL,0.03571428571428571
2023-10-27,NWSA,0.03571428571428571
2023-10-27,RF,0.03571428571428571
2023-10-27,CME,0.03571428571428571
2023-10-27,PRGO,0.03571428571428571
2023-10-27,OHI,0.03571428571428571
2023-10-27,XLE,0.03571428571428571
2023-10-27,MRK,0.03571428571428571
2023-10-27,BMY,0.03571428571428571
2023-10-30,BAX,0.03571428571428571
2023-10-30,A,0.03571428571428571
2023-10-30,NVDA,0.03571428571428571
2023-10-30,HYG,0.03571428571428571
2023-10-30,JNJ,0.03571428571428571
2023-10-30,STI,0.03571428571428571
2023-10-30,DPZ,0.03571428571428571
2023-10-30,EWC,0.03571428571428571
2023-10-30,BDX,0.03571428571428571
2023-10-30,EBAY,0.03571428571428571
2023-10-30,TSM,0.03571428571428571
2023-10-30,ALK,0.03571428571428571
2023-10-30,XRT,0.03571428571428571
2023-10-30,KGC,0.03571428571428571
2023-10-30,WMB,0.03571428571428571
2023-10-30,D,0.03571428571428571
2023-10-30,ULTA,0.03571428571428571
2023-10-30,EW,0.03571428571428571
2023-10-30,NTAP,0.03571428571428571
2023-10-30,NWSA,0.03571428571428571
2023-10-30,RF,0.03571428571428571
2023-10-30,CME,0.03571428571428571
2023-10-30,CLX,0.03571428571428571
2023-10-30,PRGO,0.03571428571428571
2023-10-30,XLE,0.03571428571428571
2023-10-30,MT,0.03571428571428571
2023-10-30,MRK,0.03571428571428571
2023-10-30,BMY,0.03571428571428571
2023-10-31,AMTD,0.03571428571428571
2023-10-31,BAX,0.03571428571428571
2023-10-31,VWO,0.03571428571428571
2023-10-31,CF,0.03571428571428571
2023-10-31,NVDA,0.03571428571428571
2023-10-31,HYG,0.03571428571428571
2023-10-31,STI,0.03571428571428571
2023-10-31,EWC,0.03571428571428571
2023-10-31,BDX,0.03571428571428571
2023-10-31,EBAY,0.03571428571428571
2023-10-31,HTZ,0.03571428571428571
2023-10-31,TSM,0.03571428571428571
2023-10-31,ALK,0.03571428571428571
2023-10-31,MAR,0.03571428571428571
2023-10-31,XRT,0.03571428571428571
2023-10-31,KGC,0.03571428571428571
2023-10-31,WMB,0.03571428571428571
2023-10-31,D,0.03571428571428571
2023-10-31,ULTA,0.03571428571428571
2023-10-31,EW,0.03571428571428571
2023-10-31,NWSA,0.03571428571428571
2023-10-31,TRIP,0.03571428571428571
2023-10-31,RF,0.03571428571428571
2023-10-31,PRGO,0.03571428571428571
2023-10-31,XLE,0.03571428571428571
2023-10-31,MT,0.03571428571428571
2023-10-31,MRK,0.03571428571428571
2023-10-31,BMY,0.03571428571428571
2023-11-01,AMTD,0.03571428571428571
2023-11-01,VWO,0.03571428571428571
2023-11-01,A,0.03571428571428571
2023-11-01,CF,0.03571428571428571
2023-11-01,NVDA,0.03571428571428571
2023-11-01,DAL,0.03571428571428571
2023-11-01,STI,0.03571428571428571
2023-11-01,EWC,0.03571428571428571
2023-11-01,BDX,0.03571428571428571
2023-11-01,EBAY,0.03571428571428571
2023-11-01,EOG,0.03571428571428571
2023-11-01,HTZ,0.03571428571428571
2023-11-01,CCL,0.03571428571428571
2023-11-01,ALK,0.03571428571428571
2023-11-01,XRT,0.03571428571428571
2023-11-01,D,0.03571428571428571
2023-11-01,ULTA,0.03571428571428571
2023-11-01,EW,0.03571428571428571
2023-11-01,RL,0.03571428571428571
2023-11-01,HUM,0.03571428571428571
2023-11-01,TRIP,0.03571428571428571
2023-11-01,RF,0.03571428571428571
2023-11-01,CME,0.03571428571428571
2023-11-01,CLX,0.03571428571428571
2023-11-01,CSIQ,0.03571428571428571
2023-11-01,XLE,0.03571428571428571
2023-11-01,MT,0.03571428571428571
2023-11-01,BMY,0.03571428571428571
2023-11-02,MET,0.03571428571428571
2023-11-02,CNC,0.03571428571428571
2023-11-02,AMTD,0.03571428571428571
2023-11-02,A,0.03571428571428571
2023-11-02,CF,0.03571428571428571
2023-11-02,HOG,0.03571428571428571
2023-11-02,NVDA,0.03571428571428571
2023-11-02,WEN,0.03571428571428571
2023-11-02,ICE,0.03571428571428571
2023-11-02,STI,0.03571428571428571
2023-11-02,HAS,0.03571428571428571
2023-11-02,TRV,0.03571428571428571
2023-11-02,BDX,0.03571428571428571
2023-11-02,EBAY,0.03571428571428571
2023-11-02,QQQ,0.03571428571428571
2023-11-02,HTZ,0.03571428571428571
2023-11-02,ALK,0.03571428571428571
2023-11-02,MAR,0.03571428571428571
2023-11-02,KGC,0.03571428571428571
2023-11-02,ULTA,0.03571428571428571
2023-11-02,RL,0.03571428571428571
2023-11-02,HUM,0.03571428571428571
2023-11-02,TRIP,0.03571428571428571
2023-11-02,PCG,0.03571428571428571
2023-11-02,RF,0.03571428571428571
2023-11-02,PRGO,0.03571428571428571
2023-11-02,MRK,0.03571428571428571
2023-11-02,BMY,0.03571428571428571
2023-11-03,AMTD,0.03571428571428571
2023-11-03,BAX,0.03571428571428571
2023-11-03,XLP,0.03571428571428571
2023-11-03,NVDA,0.03571428571428571
2023-11-03,ICE,0.03571428571428571
2023-11-03,JNJ,0.03571428571428571
2023-11-03,STI,0.03571428571428571
2023-11-03,KMB,0.03571428571428571
2023-11-03,HAS,0.03571428571428571
2023-11-03,TRV,0.03571428571428571
2023-11-03,BDX,0.03571428571428571
2023-11-03,EOG,0.03571428571428571
2023-11-03,QQQ,0.03571428571428571
2023-11-03,EWI,0.03571428571428571
2023-11-03,KO,0.03571428571428571
2023-11-03,ULTA,0.03571428571428571
2023-11-03,EW,0.03571428571428571
2023-11-03,HUM,0.03571428571428571
2023-11-03,LOW,0.03571428571428571
2023-11-03,DUK,0.03571428571428571
2023-11-03,RF,0.03571428571428571
2023-11-03,CME,0.03571428571428571
2023-11-03,OHI,0.03571428571428571
2023-11-03,SYK,0.03571428571428571
2023-11-03,BSX,0.03571428571428571
2023-11-03,XLE,0.03571428571428571
2023-11-03,CAT,0.03571428571428571
2023-11-03,MRK,0.03571428571428571
2023-11-06,BAX,0.03571428571428571
2023-11-06,A,0.03571428571428571
2023-11-06,CF,0.03571428571428571
2023-11-06,HOG,0.03571428571428571
2023-11-06,ICE,0.03571428571428571
2023-11-06,RRC,0.03571428571428571
2023-11-06,STI,0.03571428571428571
2023-11-06,HAS,0.03571428571428571
2023-11-06,TRV,0.03571428571428571
2023-11-06,DPZ,0.03571428571428571
2023-11-06,EWC,0.03571428571428571
2023-11-06,BDX,0.03571428571428571
2023-11-06,EOG,0.03571428571428571
2023-11-06,QQQ,0.03571428571428571
2023-11-06,EWI,0.03571428571428571
2023-11-06,HTZ,0.03571428571428571
2023-11-06,ALK,0.03571428571428571
2023-11-06,MAR,0.03571428571428571
2023-11-06,ULTA,0.03571428571428571
2023-11-06,EW,0.03571428571428571
2023-11-06,RL,0.03571428571428571
2023-11-06,HUM,0.03571428571428571
2023-11-06,LOW,0.03571428571428571
2023-11-06,RF,0.03571428571428571
2023-11-06,PRGO,0.03571428571428571
2023-11-06,OHI,0.03571428571428571
2023-11-06,XLE,0.03571428571428571
2023-11-06,CAT,0.03571428571428571
2023-11-07,PPG,0.03571428571428571
2023-11-07,BAX,0.03571428571428571
2023-11-07,CF,0.03571428571428571
2023-11-07,WEN,0.03571428571428571
2023-11-07,DAL,0.03571428571428571
2023-11-07,RRC,0.03571428571428571
2023-11-07,JNJ,0.03571428571428571
2023-11-07,KMB,0.03571428571428571
2023-11-07,TRV,0.03571428571428571
2023-11-07,EWC,0.03571428571428571
2023-11-07,BDX,0.03571428571428571
2023-11-07,EOG,0.03571428571428571
2023-11-07,EWI,0.03571428571428571
2023-11-07,HTZ,0.03571428571428571
2023-11-07,ALK,0.03571428571428571
2023-11-07,MAR,0.03571428571428571
2023-11-07,XRT,0.03571428571428571
2023-11-07,EW,0.03571428571428571
2023-11-07,RL,0.03571428571428571
2023-11-07,LOW,0.03571428571428571
2023-11-07,PCG,0.03571428571428571
2023-11-07,RF,0.03571428571428571
2023-11-07,HMC,0.03571428571428571
2023-11-07,CP,0.03571428571428571
2023-11-07,OHI,0.03571428571428571
2023-11-07,MT,0.03571428571428571
2023-11-07,CAT,0.03571428571428571
2023-11-07,BMY,0.03571428571428571
2023-11-08,CNC,0.03571428571428571
2023-11-08,BAX,0.03571428571428571
2023-11-08,NVDA,0.03571428571428571
2023-11-08,WEN,0.03571428571428571
2023-11-08,RRC,0.03571428571428571
2023-11-08,JNJ,0.03571428571428571
2023-11-08,KMB,0.03571428571428571
2023-11-08,TRV,0.03571428571428571
2023-11-08,EWC,0.03571428571428571
2023-11-08,BDX,0.03571428571428571
2023-11-08,EOG,0.03571428571428571
2023-11-08,QQQ,0.03571428571428571
2023-11-08,EWI,0.03571428571428571
2023-11-08,DLTR,0.03571428571428571
2023-11-08,MAR,0.03571428571428571
2023-11-08,XRT,0.03571428571428571
2023-11-08,ILMN,0.03571428571428571
2023-11-08,KGC,0.03571428571428571
2023-11-08,GOLD,0.03571428571428571
2023-11-08,WMB,0.03571428571428571
2023-11-08,ULTA,0.03571428571428571
2023-11-08,LOW,0.03571428571428571
2023-11-08,DUK,0.03571428571428571
2023-11-08,HMC,0.03571428571428571
2023-11-08,OHI,0.03571428571428571
2023-11-08,XLE,0.03571428571428571
2023-11-08,MT,0.03571428571428571
2023-11-08,CAT,0.03571428571428571
2023-11-09,MNST,0.03571428571428571
2023-11-09,BAX,0.03571428571428571
2023-11-09,A,0.03571428571428571
2023-11-09,HP,0.03571428571428571
2023-11-09,WEN,0.03571428571428571
2023-11-09,DAL,0.03571428571428571
2023-11-09,HYG,0.03571428571428571
2023-11-09,RRC,0.03571428571428571
2023-11-09,JNJ,0.03571428571428571
2023-11-09,EWC,0.03571428571428571
2023-11-09,BDX,0.03571428571428571
2023-11-09,EOG,0.03571428571428571
2023-11-09,QQQ,0.03571428571428571
2023-11-09,EWI,0.03571428571428571
2023-11-09,MAR,0.03571428571428571
2023-11-09,XRT,0.03571428571428571
2023-11-09,ILMN,0.03571428571428571
2023-11-09,ULTA,0.03571428571428571
2023-11-09,LOW,0.03571428571428571
2023-11-09,DUK,0.03571428571428571
2023-11-09,CP,0.03571428571428571
2023-11-09,OHI,0.03571428571428571
2023-11-09,SYK,0.03571428571428571
2023-11-09,XLE,0.03571428571428571
2023-11-09,M,0.03571428571428571
2023-11-09,CAT,0.03571428571428571
2023-11-09,MRK,0.03571428571428571
2023-11-09,BMY,0.03571428571428571
2023-11-10,PPG,0.03571428571428571
2023-11-10,BAX,0.03571428571428571
2023-11-10,A,0.03571428571428571
2023-11-10,CF,0.03571428571428571
2023-11-10,NVDA,0.03571428571428571
2023-11-10,DAL,0.03571428571428571
2023-11-10,AA,0.03571428571428571
2023-11-10,HYG,0.03571428571428571
2023-11-10,RRC,0.03571428571428571
2023-11-10,JNJ,0.03571428571428571
2023-11-10,TRV,0.03571428571428571
2023-11-10,EWC,0.03571428571428571
2023-11-10,BDX,0.03571428571428571
2023-11-10,EBAY,0.03571428571428571
2023-11-10,EWI,0.03571428571428571
2023-11-10,HTZ,0.03571428571428571
2023-11-10,MAR,0.03571428571428571
2023-11-10,XRT,0.03571428571428571
2023-11-10,ILMN,0.03571428571428571
2023-11-10,KGC,0.03571428571428571
2023-11-10,ULTA,0.03571428571428571
2023-11-10,RL,0.03571428571428571
2023-11-10,NWSA,0.03571428571428571
2023-11-10,CP,0.03571428571428571
2023-11-10,XLE,0.03571428571428571
2023-11-10,CAT,0.03571428571428571
2023-11-10,MRK,0.03571428571428571
2023-11-10,BMY,0.03571428571428571
2023-11-13,AMTD,0.03571428571428571
2023-11-13,A,0.03571428571428571
2023-11-13,CF,0.03571428571428571
2023-11-13,NVDA,0.03571428571428571
2023-11-13,WEN,0.03571428571428571
2023-11-13,DAL,0.03571428571428571
2023-11-13,HYG,0.03571428571428571
2023-11-13,ICE,0.03571428571428571
2023-11-13,STI,0.03571428571428571
2023-11-13,BDX,0.03571428571428571
2023-11-13,EBAY,0.03571428571428571
2023-11-13,QQQ,0.03571428571428571
2023-11-13,DLTR,0.03571428571428571
2023-11-13,MS,0.03571428571428571
2023-11-13,MAR,0.03571428571428571
2023-11-13,XRT,0.03571428571428571
2023-11-13,ILMN,0.03571428571428571
2023-11-13,KGC,0.03571428571428571
2023-11-13,ULTA,0.03571428571428571
2023-11-13,RL,0.03571428571428571
2023-11-13,NWSA,0.03571428571428571
2023-11-13,BX,0.03571428571428571
2023-11-13,LOW,0.03571428571428571
2023-11-13,DUK,0.03571428571428571
2023-11-13,CP,0.03571428571428571
2023-11-13,MT,0.03571428571428571
2023-11-13,MRK,0.03571428571428571
2023-11-13,BMY,0.03571428571428571
2023-11-14,AMTD,0.03571428571428571
2023-11-14,CF,0.03571428571428571
2023-11-14,NVDA,0.03571428571428571
2023-11-14,WEN,0.03571428571428571
2023-11-14,HYG,0.03571428571428571
2023-11-14,NSC,0.03571428571428571
2023-11-14,ICE,0.03571428571428571
2023-11-14,JNJ,0.03571428571428571
2023-11-14,KMB,0.03571428571428571
2023-11-14,TRV,0.03571428571428571
2023-11-14,BDX,0.03571428571428571
2023-11-14,EOG,0.03571428571428571
2023-11-14,QQQ,0.03571428571428571
2023-11-14,MAR,0.03571428571428571
2023-11-14,ILMN,0.03571428571428571
2023-11-14,ULTA,0.03571428571428571
2023-11-14,EW,0.03571428571428571
2023-11-14,NWSA,0.03571428571428571
2023-11-14,NTES,0.03571428571428571
2023-11-14,CME,0.03571428571428571
2023-11-14,CP,0.03571428571428571
2023-11-14,OHI,0.03571428571428571
2023-11-14,SYK,0.03571428571428571
2023-11-14,CSIQ,0.03571428571428571
2023-11-14,XLE,0.03571428571428571
2023-11-14,CAT,0.03571428571428571
2023-11-14,MRK,0.03571428571428571
2023-11-14,BMY,0.03571428571428571
2023-11-15,PPG,0.034482758620689655
2023-11-15,AMTD,0.034482758620689655
2023-11-15,CF,0.034482758620689655
2023-11-15,NVDA,0.034482758620689655
2023-11-15,HYG,0.034482758620689655
2023-11-15,NSC,0.034482758620689655
2023-11-15,ICE,0.034482758620689655
2023-11-15,JNJ,0.034482758620689655
2023-11-15,STI,0.034482758620689655
2023-11-15,KMB,0.034482758620689655
2023-11-15,TRV,0.034482758620689655
2023-11-15,EWC,0.034482758620689655
2023-11-15,BDX,0.034482758620689655
2023-11-15,EBAY,0.034482758620689655
2023-11-15,EOG,0.034482758620689655
2023-11-15,QQQ,0.034482758620689655
2023-11-15,ORCL,0.034482758620689655
2023-11-15,MS,0.034482758620689655
2023-11-15,MAR,0.034482758620689655
2023-11-15,KGC,0.034482758620689655
2023-11-15,NTAP,0.034482758620689655
2023-11-15,NWSA,0.034482758620689655
2023-11-15,HMC,0.034482758620689655
2023-11-15,CME,0.034482758620689655
2023-11-15,OHI,0.034482758620689655
2023-11-15,SYK,0.034482758620689655
2023-11-15,XLE,0.034482758620689655
2023-11-15,CAT,0.034482758620689655
2023-11-15,MRK,0.034482758620689655
2023-11-16,CF,0.034482758620689655
2023-11-16,NVDA,0.034482758620689655
2023-11-16,WEN,0.034482758620689655
2023-11-16,RRC,0.034482758620689655
2023-11-16,STI,0.034482758620689655
2023-11-16,TRV,0.034482758620689655
2023-11-16,EWC,0.034482758620689655
2023-11-16,BDX,0.034482758620689655
2023-11-16,EBAY,0.034482758620689655
2023-11-16,EOG,0.034482758620689655
2023-11-16,QQQ,0.034482758620689655
2023-11-16,HTZ,0.034482758620689655
2023-11-16,DLTR,0.034482758620689655
2023-11-16,MS,0.034482758620689655
2023-11-16,ALK,0.034482758620689655
2023-11-16,MAR,0.034482758620689655
2023-11-16,XRT,0.034482758620689655
2023-11-16,ILMN,0.034482758620689655
2023-11-16,TRP,0.034482758620689655
2023-11-16,NTAP,0.034482758620689655
2023-11-16,NWSA,0.034482758620689655
2023-11-16,LOW,0.034482758620689655
2023-11-16,NTES,0.034482758620689655
2023-11-16,HMC,0.034482758620689655
2023-11-16,CP,0.034482758620689655
2023-11-16,OHI,0.034482758620689655
2023-11-16,CAT,0.034482758620689655
2023-11-16,MRK,0.034482758620689655
2023-11-16,BMY,0.034482758620689655
2023-11-17,AMTD,0.034482758620689655
2023-11-17,A,0.034482758620689655
2023-11-17,CF,0.034482758620689655
2023-11-17,NVDA,0.034482758620689655
2023-11-17,SPWR,0.034482758620689655
2023-11-17,ICE,0.034482758620689655
2023-11-17,RRC,0.034482758620689655
2023-11-17,JNJ,0.034482758620689655
2023-11-17,STI,0.034482758620689655
2023-11-17,KMB,0.034482758620689655
2023-11-17,TRV,0.034482758620689655
2023-11-17,EWC,0.034482758620689655
2023-11-17,BDX,0.034482758620689655
2023-11-17,EBAY,0.034482758620689655
2023-11-17,QQQ,0.034482758620689655
2023-11-17,DLTR,0.034482758620689655
2023-11-17,MAR,0.034482758620689655
2023-11-17,XRT,0.034482758620689655
2023-11-17,ILMN,0.034482758620689655
2023-11-17,EW,0.034482758620689655
2023-11-17,HUM,0.034482758620689655
2023-11-17,NTAP,0.034482758620689655
2023-11-17,NWSA,0.034482758620689655
2023-11-17,RF,0.034482758620689655
2023-11-17,HMC,0.034482758620689655
2023-11-17,CP,0.034482758620689655
2023-11-17,OHI,0.034482758620689655
2023-11-17,CAT,0.034482758620689655
2023-11-17,MRK,0.034482758620689655
2023-11-20,CNC,0.034482758620689655
2023-11-20,PPG,0.034482758620689655
2023-11-20,A,0.034482758620689655
2023-11-20,CF,0.034482758620689655
2023-11-20,NVDA,0.034482758620689655
2023-11-20,SPWR,0.034482758620689655
2023-11-20,ICE,0.034482758620689655
2023-11-20,RRC,0.034482758620689655
2023-11-20,JNJ,0.034482758620689655
2023-11-20,STI,0.034482758620689655
2023-11-20,KMB,0.034482758620689655
2023-11-20,TRV,0.034482758620689655
2023-11-20,EWC,0.034482758620689655
2023-11-20,EBAY,0.034482758620689655
2023-11-20,QQQ,0.034482758620689655
2023-11-20,HTZ,0.034482758620689655
2023-11-20,MS,0.034482758620689655
2023-11-20,MAR,0.034482758620689655
2023-11-20,XRT,0.034482758620689655
2023-11-20,HUM,0.034482758620689655
2023-11-20,NTAP,0.034482758620689655
2023-11-20,DUK,0.034482758620689655
2023-11-20,CME,0.034482758620689655
2023-11-20,CP,0.034482758620689655
2023-11-20,OHI,0.034482758620689655
2023-11-20,SYK,0.034482758620689655
2023-11-20,CAT,0.034482758620689655
2023-11-20,MRK,0.034482758620689655
2023-11-20,BMY,0.034482758620689655
2023-11-21,CF,0.034482758620689655
2023-11-21,NVDA,0.034482758620689655
2023-11-21,DAL,0.034482758620689655
2023-11-21,HYG,0.034482758620689655
2023-11-21,SPWR,0.034482758620689655
2023-11-21,RRC,0.034482758620689655
2023-11-21,QCOM,0.034482758620689655
2023-11-21,KMB,0.034482758620689655
2023-11-21,HAS,0.034482758620689655
2023-11-21,EWC,0.034482758620689655
2023-11-21,MU,0.034482758620689655
2023-11-21,EOG,0.034482758620689655
2023-11-21,QQQ,0.034482758620689655
2023-11-21,EWI,0.034482758620689655
2023-11-21,TSM,0.034482758620689655
2023-11-21,MS,0.034482758620689655
2023-11-21,ALK,0.034482758620689655
2023-11-21,XRT,0.034482758620689655
2023-11-21,EW,0.034482758620689655
2023-11-21,RL,0.034482758620689655
2023-11-21,NTAP,0.034482758620689655
2023-11-21,LOW,0.034482758620689655
2023-11-21,CP,0.034482758620689655
2023-11-21,OHI,0.034482758620689655
2023-11-21,CSIQ,0.034482758620689655
2023-11-21,XLE,0.034482758620689655
2023-11-21,CAT,0.034482758620689655
2023-11-21,MRK,0.034482758620689655
2023-11-21,BMY,0.034482758620689655
2023-11-22,AMTD,0.034482758620689655
2023-11-22,CF,0.034482758620689655
2023-11-22,NVDA,0.034482758620689655
2023-11-22,RRC,0.034482758620689655
2023-11-22,JNJ,0.034482758620689655
2023-11-22,KMB,0.034482758620689655
2023-11-22,HAS,0.034482758620689655
2023-11-22,DPZ,0.034482758620689655
2023-11-22,EWC,0.034482758620689655
2023-11-22,EOG,0.034482758620689655
2023-11-22,QQQ,0.034482758620689655
2023-11-22,EWI,0.034482758620689655
2023-11-22,HTZ,0.034482758620689655
2023-11-22,DLTR,0.034482758620689655
2023-11-22,MS,0.034482758620689655
2023-11-22,XRT,0.034482758620689655
2023-11-22,TRP,0.034482758620689655
2023-11-22,RL,0.034482758620689655
2023-11-22,NTAP,0.034482758620689655
2023-11-22,LOW,0.034482758620689655
2023-11-22,DUK,0.034482758620689655
2023-11-22,HMC,0.034482758620689655
2023-11-22,CME,0.034482758620689655
2023-11-22,CP,0.034482758620689655
2023-11-22,OHI,0.034482758620689655
2023-11-22,SYK,0.034482758620689655
2023-11-22,CAT,0.034482758620689655
2023-11-22,MRK,0.034482758620689655
2023-11-22,BMY,0.034482758620689655
2023-11-24,CNC,0.034482758620689655
2023-11-24,PPG,0.034482758620689655
2023-11-24,AMTD,0.034482758620689655
2023-11-24,VWO,0.034482758620689655
2023-11-24,NVDA,0.034482758620689655
2023-11-24,SPWR,0.034482758620689655
2023-11-24,ICE,0.034482758620689655
2023-11-24,STI,0.034482758620689655
2023-11-24,KMB,0.034482758620689655
2023-11-24,EWC,0.034482758620689655
2023-11-24,MU,0.034482758620689655
2023-11-24,EOG,0.034482758620689655
2023-11-24,QQQ,0.034482758620689655
2023-11-24,SIRI,0.034482758620689655
2023-11-24,HTZ,0.034482758620689655
2023-11-24,ORCL,0.034482758620689655
2023-11-24,TSM,0.034482758620689655
2023-11-24,MAR,0.034482758620689655
2023-11-24,NTAP,0.034482758620689655
2023-11-24,LOW,0.034482758620689655
2023-11-24,MRVL,0.034482758620689655
2023-11-24,CME,0.034482758620689655
2023-11-24,CP,0.034482758620689655
2023-11-24,OHI,0.034482758620689655
2023-11-24,SYK,0.034482758620689655
2023-11-24,CSIQ,0.034482758620689655
2023-11-24,CAT,0.034482758620689655
2023-11-24,MRK,0.034482758620689655
2023-11-24,BMY,0.034482758620689655
2023-11-27,CNC,0.034482758620689655
2023-11-27,VWO,0.034482758620689655
2023-11-27,CF,0.034482758620689655
2023-11-27,NVDA,0.034482758620689655
2023-11-27,DAL,0.034482758620689655
2023-11-27,NSC,0.034482758620689655
2023-11-27,ICE,0.034482758620689655
2023-11-27,RRC,0.034482758620689655
2023-11-27,JNJ,0.034482758620689655
2023-11-27,STI,0.034482758620689655
2023-11-27,KMB,0.034482758620689655
2023-11-27,EWC,0.034482758620689655
2023-11-27,EOG,0.034482758620689655
2023-11-27,QQQ,0.034482758620689655
2023-11-27,DLTR,0.034482758620689655
2023-11-27,MS,0.034482758620689655
2023-11-27,XRT,0.034482758620689655
2023-11-27,TRP,0.034482758620689655
2023-11-27,D,0.034482758620689655
2023-11-27,NTAP,0.034482758620689655
2023-11-27,LOW,0.034482758620689655
2023-11-27,HMC,0.034482758620689655
2023-11-27,CME,0.034482758620689655
2023-11-27,CP,0.034482758620689655
2023-11-27,PRGO,0.034482758620689655
2023-11-27,XLE,0.034482758620689655
2023-11-27,ENB,0.034482758620689655
2023-11-27,MRK,0.034482758620689655
2023-11-27,BMY,0.034482758620689655
2023-11-28,CNC,0.034482758620689655
2023-11-28,NVDA,0.034482758620689655
2023-11-28,HYG,0.034482758620689655
2023-11-28,SPWR,0.034482758620689655
2023-11-28,NSC,0.034482758620689655
2023-11-28,ICE,0.034482758620689655
2023-11-28,RRC,0.034482758620689655
2023-11-28,QCOM,0.034482758620689655
2023-11-28,JNJ,0.034482758620689655
2023-11-28,STI,0.034482758620689655
2023-11-28,KMB,0.034482758620689655
2023-11-28,BDX,0.034482758620689655
2023-11-28,MU,0.034482758620689655
2023-11-28,EOG,0.034482758620689655
2023-11-28,QQQ,0.034482758620689655
2023-11-28,HTZ,0.034482758620689655
2023-11-28,CCL,0.034482758620689655
2023-11-28,MS,0.034482758620689655
2023-11-28,MAR,0.034482758620689655
2023-11-28,NTAP,0.034482758620689655
2023-11-28,PCG,0.034482758620689655
2023-11-28,HMC,0.034482758620689655
2023-11-28,CME,0.034482758620689655
2023-11-28,CP,0.034482758620689655
2023-11-28,PRGO,0.034482758620689655
2023-11-28,OHI,0.034482758620689655
2023-11-28,XLE,0.034482758620689655
2023-11-28,MRK,0.034482758620689655
2023-11-28,BMY,0.034482758620689655
2023-11-29,CNC,0.034482758620689655
2023-11-29,VWO,0.034482758620689655
2023-11-29,CF,0.034482758620689655
2023-11-29,XLP,0.034482758620689655
2023-11-29,NVDA,0.034482758620689655
2023-11-29,WEN,0.034482758620689655
2023-11-29,ICE,0.034482758620689655
2023-11-29,RRC,0.034482758620689655
2023-11-29,CAG,0.034482758620689655
2023-11-29,STI,0.034482758620689655
2023-11-29,KMB,0.034482758620689655
2023-11-29,BDX,0.034482758620689655
2023-11-29,EBAY,0.034482758620689655
2023-11-29,EOG,0.034482758620689655
2023-11-29,ORCL,0.034482758620689655
2023-11-29,MAR,0.034482758620689655
2023-11-29,TRP,0.034482758620689655
2023-11-29,KO,0.034482758620689655
2023-11-29,D,0.034482758620689655
2023-11-29,HUM,0.034482758620689655
2023-11-29,PCG,0.034482758620689655
2023-11-29,NTES,0.034482758620689655
2023-11-29,HMC,0.034482758620689655
2023-11-29,CME,0.034482758620689655
2023-11-29,CLX,0.034482758620689655
2023-11-29,OHI,0.034482758620689655
2023-11-29,XLE,0.034482758620689655
2023-11-29,MRK,0.034482758620689655
2023-11-29,BMY,0.034482758620689655
2023-11-30,CF,0.034482758620689655
2023-11-30,HP,0.034482758620689655
2023-11-30,NVDA,0.034482758620689655
2023-11-30,WEN,0.034482758620689655
2023-11-30,ICE,0.034482758620689655
2023-11-30,RRC,0.034482758620689655
2023-11-30,STI,0.034482758620689655
2023-11-30,DPZ,0.034482758620689655
2023-11-30,BDX,0.034482758620689655
2023-11-30,MU,0.034482758620689655
2023-11-30,EOG,0.034482758620689655
2023-11-30,QQQ,0.034482758620689655
2023-11-30,EWI,0.034482758620689655
2023-11-30,SIRI,0.034482758620689655
2023-11-30,ORCL,0.034482758620689655
2023-11-30,TSM,0.034482758620689655
2023-11-30,MAR,0.034482758620689655
2023-11-30,D,0.034482758620689655
2023-11-30,HUM,0.034482758620689655
2023-11-30,NWSA,0.034482758620689655
2023-11-30,LOW,0.034482758620689655
2023-11-30,NTES,0.034482758620689655
2023-11-30,HMC,0.034482758620689655
2023-11-30,CME,0.034482758620689655
2023-11-30,OHI,0.034482758620689655
2023-11-30,XLE,0.034482758620689655
2023-11-30,CAT,0.034482758620689655
2023-11-30,MRK,0.034482758620689655
2023-11-30,BMY,0.034482758620689655
2023-12-01,MET,0.034482758620689655
2023-12-01,CF,0.034482758620689655
2023-12-01,HP,0.034482758620689655
2023-12-01,NVDA,0.034482758620689655
2023-12-01,WEN,0.034482758620689655
2023-12-01,ICE,0.034482758620689655
2023-12-01,RRC,0.034482758620689655
2023-12-01,GREK,0.034482758620689655
2023-12-01,STI,0.034482758620689655
2023-12-01,KMB,0.034482758620689655
2023-12-01,DPZ,0.034482758620689655
2023-12-01,BDX,0.034482758620689655
2023-12-01,MU,0.034482758620689655
2023-12-01,EOG,0.034482758620689655
2023-12-01,QQQ,0.034482758620689655
2023-12-01,ORCL,0.034482758620689655
2023-12-01,MAR,0.034482758620689655
2023-12-01,HUM,0.034482758620689655
2023-12-01,NWSA,0.034482758620689655
2023-12-01,LOW,0.034482758620689655
2023-12-01,MRVL,0.034482758620689655
2023-12-01,NTES,0.034482758620689655
2023-12-01,HMC,0.034482758620689655
2023-12-01,CME,0.034482758620689655
2023-12-01,CLX,0.034482758620689655
2023-12-01,OHI,0.034482758620689655
2023-12-01,XLE,0.034482758620689655
2023-12-01,MRK,0.034482758620689655
2023-12-01,BMY,0.034482758620689655
2023-12-04,AMTD,0.034482758620689655
2023-12-04,VWO,0.034482758620689655
2023-12-04,CF,0.034482758620689655
2023-12-04,NVDA,0.034482758620689655
2023-12-04,HYG,0.034482758620689655
2023-12-04,RRC,0.034482758620689655
2023-12-04,GREK,0.034482758620689655
2023-12-04,STI,0.034482758620689655
2023-12-04,KMB,0.034482758620689655
2023-12-04,BDX,0.034482758620689655
2023-12-04,MU,0.034482758620689655
2023-12-04,EOG,0.034482758620689655
2023-12-04,QQQ,0.034482758620689655
2023-12-04,EWI,0.034482758620689655
2023-12-04,ORCL,0.034482758620689655
2023-12-04,TSM,0.034482758620689655
2023-12-04,MAR,0.034482758620689655
2023-12-04,RL,0.034482758620689655
2023-12-04,LOW,0.034482758620689655
2023-12-04,MRVL,0.034482758620689655
2023-12-04,NTES,0.034482758620689655
2023-12-04,HMC,0.034482758620689655
2023-12-04,CME,0.034482758620689655
2023-12-04,OHI,0.034482758620689655
2023-12-04,SYK,0.034482758620689655
2023-12-04,BSX,0.034482758620689655
2023-12-04,XLE,0.034482758620689655
2023-12-04,VZ,0.034482758620689655
2023-12-04,BMY,0.034482758620689655
2023-12-05,MNST,0.034482758620689655
2023-12-05,CF,0.034482758620689655
2023-12-05,XLP,0.034482758620689655
2023-12-05,NVDA,0.034482758620689655
2023-12-05,WEN,0.034482758620689655
2023-12-05,SPWR,0.034482758620689655
2023-12-05,ICE,0.034482758620689655
2023-12-05,RRC,0.034482758620689655
2023-12-05,GREK,0.034482758620689655
2023-12-05,STI,0.034482758620689655
2023-12-05,KMB,0.034482758620689655
2023-12-05,NDAQ,0.034482758620689655
2023-12-05,EWC,0.034482758620689655
2023-12-05,BDX,0.034482758620689655
2023-12-05,MU,0.034482758620689655
2023-12-05,EOG,0.034482758620689655
2023-12-05,ORCL,0.034482758620689655
2023-12-05,ALK,0.034482758620689655
2023-12-05,MAR,0.034482758620689655
2023-12-05,KGC,0.034482758620689655
2023-12-05,WMB,0.034482758620689655
2023-12-05,NWSA,0.034482758620689655
2023-12-05,LOW,0.034482758620689655
2023-12-05,MRVL,0.034482758620689655
2023-12-05,NTES,0.034482758620689655
2023-12-05,HMC,0.034482758620689655
2023-12-05,CME,0.034482758620689655
2023-12-05,CLX,0.034482758620689655
2023-12-05,OHI,0.034482758620689655
2023-12-06,MET,0.034482758620689655
2023-12-06,NVDA,0.034482758620689655
2023-12-06,WEN,0.034482758620689655
2023-12-06,BUD,0.034482758620689655
2023-12-06,SPWR,0.034482758620689655
2023-12-06,ICE,0.034482758620689655
2023-12-06,RRC,0.034482758620689655
2023-12-06,GREK,0.034482758620689655
2023-12-06,JNJ,0.034482758620689655
2023-12-06,STI,0.034482758620689655
2023-12-06,KMB,0.034482758620689655
2023-12-06,EWC,0.034482758620689655
2023-12-06,BDX,0.034482758620689655
2023-12-06,MU,0.034482758620689655
2023-12-06,EOG,0.034482758620689655
2023-12-06,QQQ,0.034482758620689655
2023-12-06,ORCL,0.034482758620689655
2023-12-06,ALK,0.034482758620689655
2023-12-06,MAR,0.034482758620689655
2023-12-06,WMB,0.034482758620689655
2023-12-06,NWSA,0.034482758620689655
2023-12-06,BX,0.034482758620689655
2023-12-06,NTES,0.034482758620689655
2023-12-06,HMC,0.034482758620689655
2023-12-06,CME,0.034482758620689655
2023-12-06,PRGO,0.034482758620689655
2023-12-06,OHI,0.034482758620689655
2023-12-06,SYK,0.034482758620689655
2023-12-06,MRK,0.034482758620689655
2023-12-07,MET,0.034482758620689655
2023-12-07,HP,0.034482758620689655
2023-12-07,NVDA,0.034482758620689655
2023-12-07,WEN,0.034482758620689655
2023-12-07,SPWR,0.034482758620689655
2023-12-07,ICE,0.034482758620689655
2023-12-07,RRC,0.034482758620689655
2023-12-07,GREK,0.034482758620689655
2023-12-07,JNJ,0.034482758620689655
2023-12-07,STI,0.034482758620689655
2023-12-07,KMB,0.034482758620689655
2023-12-07,NDAQ,0.034482758620689655
2023-12-07,EWC,0.034482758620689655
2023-12-07,BDX,0.034482758620689655
2023-12-07,EOG,0.034482758620689655
2023-12-07,ORCL,0.034482758620689655
2023-12-07,KGC,0.034482758620689655
2023-12-07,WMB,0.034482758620689655
2023-12-07,HUM,0.034482758620689655
2023-12-07,NWSA,0.034482758620689655
2023-12-07,LOW,0.034482758620689655
2023-12-07,HMC,0.034482758620689655
2023-12-07,CME,0.034482758620689655
2023-12-07,CP,0.034482758620689655
2023-12-07,PRGO,0.034482758620689655
2023-12-07,OHI,0.034482758620689655
2023-12-07,SYK,0.034482758620689655
2023-12-07,XLE,0.034482758620689655
2023-12-07,MRK,0.034482758620689655
2023-12-08,VWO,0.034482758620689655
2023-12-08,XLP,0.034482758620689655
2023-12-08,WEN,0.034482758620689655
2023-12-08,HYG,0.034482758620689655
2023-12-08,SPWR,0.034482758620689655
2023-12-08,NSC,0.034482758620689655
2023-12-08,ICE,0.034482758620689655
2023-12-08,RRC,0.034482758620689655
2023-12-08,GREK,0.034482758620689655
2023-12-08,JNJ,0.034482758620689655
2023-12-08,KMB,0.034482758620689655
2023-12-08,NDAQ,0.034482758620689655
2023-12-08,BDX,0.034482758620689655
2023-12-08,EOG,0.034482758620689655
2023-12-08,EWI,0.034482758620689655
2023-12-08,ALK,0.034482758620689655
2023-12-08,KGC,0.034482758620689655
2023-12-08,NWSA,0.034482758620689655
2023-12-08,BX,0.034482758620689655
2023-12-08,HMC,0.034482758620689655
2023-12-08,CME,0.034482758620689655
2023-12-08,CP,0.034482758620689655
2023-12-08,CLX,0.034482758620689655
2023-12-08,PRGO,0.034482758620689655
2023-12-08,OHI,0.034482758620689655
2023-12-08,XLE,0.034482758620689655
2023-12-08,M,0.034482758620689655
2023-12-08,VZ,0.034482758620689655
2023-12-08,MRK,0.034482758620689655
2023-12-11,VWO,0.034482758620689655
2023-12-11,CF,0.034482758620689655
2023-12-11,HP,0.034482758620689655
2023-12-11,NVDA,0.034482758620689655
2023-12-11,WEN,0.034482758620689655
2023-12-11,HYG,0.034482758620689655
2023-12-11,SPWR,0.034482758620689655
2023-12-11,RRC,0.034482758620689655
2023-12-11,GREK,0.034482758620689655
2023-12-11,JNJ,0.034482758620689655
2023-12-11,KMB,0.034482758620689655
2023-12-11,NDAQ,0.034482758620689655
2023-12-11,EWC,0.034482758620689655
2023-12-11,BDX,0.034482758620689655
2023-12-11,EOG,0.034482758620689655
2023-12-11,EWI,0.034482758620689655
2023-12-11,CCL,0.034482758620689655
2023-12-11,KGC,0.034482758620689655
2023-12-11,GOLD,0.034482758620689655
2023-12-11,WMB,0.034482758620689655
2023-12-11,HUM,0.034482758620689655
2023-12-11,HMC,0.034482758620689655
2023-12-11,CME,0.034482758620689655
2023-12-11,CP,0.034482758620689655
2023-12-11,CLX,0.034482758620689655
2023-12-11,PRGO,0.034482758620689655
2023-12-11,XLE,0.034482758620689655
2023-12-11,VZ,0.034482758620689655
2023-12-11,MRK,0.034482758620689655
2023-12-12,VWO,0.034482758620689655
2023-12-12,CF,0.034482758620689655
2023-12-12,HP,0.034482758620689655
2023-12-12,WEN,0.034482758620689655
2023-12-12,HYG,0.034482758620689655
2023-12-12,SPWR,0.034482758620689655
2023-12-12,RRC,0.034482758620689655
2023-12-12,JNJ,0.034482758620689655
2023-12-12,STI,0.034482758620689655
2023-12-12,KMB,0.034482758620689655
2023-12-12,EWC,0.034482758620689655
2023-12-12,EBAY,0.034482758620689655
2023-12-12,EOG,0.034482758620689655
2023-12-12,HTZ,0.034482758620689655
2023-12-12,XRT,0.034482758620689655
2023-12-12,KGC,0.034482758620689655
2023-12-12,WMB,0.034482758620689655
2023-12-12,TRP,0.034482758620689655
2023-12-12,HUM,0.034482758620689655
2023-12-12,WSM,0.034482758620689655
2023-12-12,RF,0.034482758620689655
2023-12-12,HMC,0.034482758620689655
2023-12-12,CME,0.034482758620689655
2023-12-12,PRGO,0.034482758620689655
2023-12-12,OHI,0.034482758620689655
2023-12-12,XLE,0.034482758620689655
2023-12-12,ENB,0.034482758620689655
2023-12-12,VZ,0.034482758620689655
2023-12-12,MRK,0.034482758620689655
2023-12-13,VWO,0.034482758620689655
2023-12-13,CF,0.034482758620689655
2023-12-13,HP,0.034482758620689655
2023-12-13,NVDA,0.034482758620689655
2023-12-13,WEN,0.034482758620689655
2023-12-13,AA,0.034482758620689655
2023-12-13,RRC,0.034482758620689655
2023-12-13,GREK,0.034482758620689655
2023-12-13,JNJ,0.034482758620689655
2023-12-13,KMB,0.034482758620689655
2023-12-13,BDX,0.034482758620689655
2023-12-13,EBAY,0.034482758620689655
2023-12-13,EOG,0.034482758620689655
2023-12-13,HTZ,0.034482758620689655
2023-12-13,ORCL,0.034482758620689655
2023-12-13,MAR,0.034482758620689655
2023-12-13,WMB,0.034482758620689655
2023-12-13,HUM,0.034482758620689655
2023-12-13,PCG,0.034482758620689655
2023-12-13,NTES,0.034482758620689655
2023-12-13,HMC,0.034482758620689655
2023-12-13,CME,0.034482758620689655
2023-12-13,CP,0.034482758620689655
2023-12-13,PRGO,0.034482758620689655
2023-12-13,OHI,0.034482758620689655
2023-12-13,CSIQ,0.034482758620689655
2023-12-13,XLE,0.034482758620689655
2023-12-13,VZ,0.034482758620689655
2023-12-13,MRK,0.034482758620689655
2023-12-14,MNST,0.034482758620689655
2023-12-14,CNC,0.034482758620689655
2023-12-14,VWO,0.034482758620689655
2023-12-14,CF,0.034482758620689655
2023-12-14,HP,0.034482758620689655
2023-12-14,XLP,0.034482758620689655
2023-12-14,NVDA,0.034482758620689655
2023-12-14,BUD,0.034482758620689655
2023-12-14,CAG,0.034482758620689655
2023-12-14,JNJ,0.034482758620689655
2023-12-14,STI,0.034482758620689655
2023-12-14,KMB,0.034482758620689655
2023-12-14,TRV,0.034482758620689655
2023-12-14,BDX,0.034482758620689655
2023-12-14,EOG,0.034482758620689655
2023-12-14,ORCL,0.034482758620689655
2023-12-14,WMB,0.034482758620689655
2023-12-14,KO,0.034482758620689655
2023-12-14,HUM,0.034482758620689655
2023-12-14,PCG,0.034482758620689655
2023-12-14,NTES,0.034482758620689655
2023-12-14,HMC,0.034482758620689655
2023-12-14,CME,0.034482758620689655
2023-12-14,CLX,0.034482758620689655
2023-12-14,PRGO,0.034482758620689655
2023-12-14,OHI,0.034482758620689655
2023-12-14,SYK,0.034482758620689655
2023-12-14,BSX,0.034482758620689655
2023-12-14,MRK,0.034482758620689655
2023-12-15,CNC,0.034482758620689655
2023-12-15,AMTD,0.034482758620689655
2023-12-15,CF,0.034482758620689655
2023-12-15,HP,0.034482758620689655
2023-12-15,BUD,0.034482758620689655
2023-12-15,CAG,0.034482758620689655
2023-12-15,GREK,0.034482758620689655
2023-12-15,JNJ,0.034482758620689655
2023-12-15,STI,0.034482758620689655
2023-12-15,KMB,0.034482758620689655
2023-12-15,NDAQ,0.034482758620689655
2023-12-15,BDX,0.034482758620689655
2023-12-15,EBAY,0.034482758620689655
2023-12-15,EOG,0.034482758620689655
2023-12-15,EWI,0.034482758620689655
2023-12-15,WMB,0.034482758620689655
2023-12-15,KO,0.034482758620689655
2023-12-15,HUM,0.034482758620689655
2023-12-15,PCG,0.034482758620689655
2023-12-15,NTES,0.034482758620689655
2023-12-15,HMC,0.034482758620689655
2023-12-15,CME,0.034482758620689655
2023-12-15,PRGO,0.034482758620689655
2023-12-15,OHI,0.034482758620689655
2023-12-15,SYK,0.034482758620689655
2023-12-15,BSX,0.034482758620689655
2023-12-15,VZ,0.034482758620689655
2023-12-15,MRK,0.034482758620689655
2023-12-15,BMY,0.034482758620689655
2023-12-18,MET,0.034482758620689655
2023-12-18,VWO,0.034482758620689655
2023-12-18,CF,0.034482758620689655
2023-12-18,HP,0.034482758620689655
2023-12-18,DAL,0.034482758620689655
2023-12-18,RRC,0.034482758620689655
2023-12-18,CAG,0.034482758620689655
2023-12-18,GREK,0.034482758620689655
2023-12-18,JNJ,0.034482758620689655
2023-12-18,STI,0.034482758620689655
2023-12-18,KMB,0.034482758620689655
2023-12-18,BDX,0.034482758620689655
2023-12-18,EOG,0.034482758620689655
2023-12-18,EWI,0.034482758620689655
2023-12-18,ORCL,0.034482758620689655
2023-12-18,GOLD,0.034482758620689655
2023-12-18,WMB,0.034482758620689655
2023-12-18,D,0.034482758620689655
2023-12-18,HUM,0.034482758620689655
2023-12-18,PCG,0.034482758620689655
2023-12-18,NTES,0.034482758620689655
2023-12-18,HMC,0.034482758620689655
2023-12-18,CME,0.034482758620689655
2023-12-18,CP,0.034482758620689655
2023-12-18,PRGO,0.034482758620689655
2023-12-18,OHI,0.034482758620689655
2023-12-18,BSX,0.034482758620689655
2023-12-18,XLE,0.034482758620689655
2023-12-18,MRK,0.034482758620689655
2023-12-19,CNC,0.034482758620689655
2023-12-19,AMTD,0.034482758620689655
2023-12-19,VWO,0.034482758620689655
2023-12-19,CF,0.034482758620689655
2023-12-19,HP,0.034482758620689655
2023-12-19,NVDA,0.034482758620689655
2023-12-19,SPWR,0.034482758620689655
2023-12-19,RRC,0.034482758620689655
2023-12-19,CAG,0.034482758620689655
2023-12-19,JNJ,0.034482758620689655
2023-12-19,KMB,0.034482758620689655
2023-12-19,BDX,0.034482758620689655
2023-12-19,EOG,0.034482758620689655
2023-12-19,EWI,0.034482758620689655
2023-12-19,ORCL,0.034482758620689655
2023-12-19,WMB,0.034482758620689655
2023-12-19,KO,0.034482758620689655
2023-12-19,D,0.034482758620689655
2023-12-19,HUM,0.034482758620689655
2023-12-19,PCG,0.034482758620689655
2023-12-19,DUK,0.034482758620689655
2023-12-19,NTES,0.034482758620689655
2023-12-19,HMC,0.034482758620689655
2023-12-19,CME,0.034482758620689655
2023-12-19,CP,0.034482758620689655
2023-12-19,OHI,0.034482758620689655
2023-12-19,XLE,0.034482758620689655
2023-12-19,VZ,0.034482758620689655
2023-12-19,MRK,0.034482758620689655
2023-12-20,MET,0.034482758620689655
2023-12-20,CNC,0.034482758620689655
2023-12-20,PPG,0.034482758620689655
2023-12-20,VWO,0.034482758620689655
2023-12-20,XLP,0.034482758620689655
2023-12-20,WEN,0.034482758620689655
2023-12-20,BUD,0.034482758620689655
2023-12-20,CAG,0.034482758620689655
2023-12-20,GREK,0.034482758620689655
2023-12-20,JNJ,0.034482758620689655
2023-12-20,KMB,0.034482758620689655
2023-12-20,EWC,0.034482758620689655
2023-12-20,MU,0.034482758620689655
2023-12-20,EOG,0.034482758620689655
2023-12-20,EWI,0.034482758620689655
2023-12-20,TSM,0.034482758620689655
2023-12-20,KO,0.034482758620689655
2023-12-20,PCG,0.034482758620689655
2023-12-20,DUK,0.034482758620689655
2023-12-20,NTES,0.034482758620689655
2023-12-20,HMC,0.034482758620689655
2023-12-20,CME,0.034482758620689655
2023-12-20,OHI,0.034482758620689655
2023-12-20,BSX,0.034482758620689655
2023-12-20,M,0.034482758620689655
2023-12-20,ENB,0.034482758620689655
2023-12-20,VZ,0.034482758620689655
2023-12-20,MRK,0.034482758620689655
2023-12-20,BMY,0.034482758620689655
2023-12-21,MET,0.034482758620689655
2023-12-21,CNC,0.034482758620689655
2023-12-21,AMTD,0.034482758620689655
2023-12-21,CF,0.034482758620689655
2023-12-21,HP,0.034482758620689655
2023-12-21,XLP,0.034482758620689655
2023-12-21,NVDA,0.034482758620689655
2023-12-21,WEN,0.034482758620689655
2023-12-21,RRC,0.034482758620689655
2023-12-21,CAG,0.034482758620689655
2023-12-21,GREK,0.034482758620689655
2023-12-21,JNJ,0.034482758620689655
2023-12-21,KMB,0.034482758620689655
2023-12-21,BDX,0.034482758620689655
2023-12-21,EOG,0.034482758620689655
2023-12-21,WMB,0.034482758620689655
2023-12-21,KO,0.034482758620689655
2023-12-21,D,0.034482758620689655
2023-12-21,HUM,0.034482758620689655
2023-12-21,PCG,0.034482758620689655
2023-12-21,NTES,0.034482758620689655
2023-12-21,HMC,0.034482758620689655
2023-12-21,CME,0.034482758620689655
2023-12-21,OHI,0.034482758620689655
2023-12-21,XLE,0.034482758620689655
2023-12-21,M,0.034482758620689655
2023-12-21,VZ,0.034482758620689655
2023-12-21,MRK,0.034482758620689655
2023-12-21,BMY,0.034482758620689655
2023-12-22,MET,0.034482758620689655
2023-12-22,CNC,0.034482758620689655
2023-12-22,BAX,0.034482758620689655
2023-12-22,VWO,0.034482758620689655
2023-12-22,HP,0.034482758620689655
2023-12-22,NVDA,0.034482758620689655
2023-12-22,WEN,0.034482758620689655
2023-12-22,HYG,0.034482758620689655
2023-12-22,RRC,0.034482758620689655
2023-12-22,GREK,0.034482758620689655
2023-12-22,JNJ,0.034482758620689655
2023-12-22,KMB,0.034482758620689655
2023-12-22,EWC,0.034482758620689655
2023-12-22,BDX,0.034482758620689655
2023-12-22,EOG,0.034482758620689655
2023-12-22,EWI,0.034482758620689655
2023-12-22,KGC,0.034482758620689655
2023-12-22,WMB,0.034482758620689655
2023-12-22,KO,0.034482758620689655
2023-12-22,HUM,0.034482758620689655
2023-12-22,PCG,0.034482758620689655
2023-12-22,NTES,0.034482758620689655
2023-12-22,HMC,0.034482758620689655
2023-12-22,CME,0.034482758620689655
2023-12-22,CP,0.034482758620689655
2023-12-22,OHI,0.034482758620689655
2023-12-22,CSIQ,0.034482758620689655
2023-12-22,M,0.034482758620689655
2023-12-22,MRK,0.034482758620689655
2023-12-26,CNC,0.034482758620689655
2023-12-26,CF,0.034482758620689655
2023-12-26,HP,0.034482758620689655
2023-12-26,NVDA,0.034482758620689655
2023-12-26,WEN,0.034482758620689655
2023-12-26,HYG,0.034482758620689655
2023-12-26,RRC,0.034482758620689655
2023-12-26,GREK,0.034482758620689655
2023-12-26,JNJ,0.034482758620689655
2023-12-26,STI,0.034482758620689655
2023-12-26,KMB,0.034482758620689655
2023-12-26,BDX,0.034482758620689655
2023-12-26,EOG,0.034482758620689655
2023-12-26,ORCL,0.034482758620689655
2023-12-26,CCL,0.034482758620689655
2023-12-26,KGC,0.034482758620689655
2023-12-26,WMB,0.034482758620689655
2023-12-26,KO,0.034482758620689655
2023-12-26,HUM,0.034482758620689655
2023-12-26,PCG,0.034482758620689655
2023-12-26,DUK,0.034482758620689655
2023-12-26,NTES,0.034482758620689655
2023-12-26,HMC,0.034482758620689655
2023-12-26,CME,0.034482758620689655
2023-12-26,CP,0.034482758620689655
2023-12-26,OHI,0.034482758620689655
2023-12-26,VZ,0.034482758620689655
2023-12-26,MRK,0.034482758620689655
2023-12-26,BMY,0.034482758620689655
2023-12-27,CNC,0.034482758620689655
2023-12-27,CF,0.034482758620689655
2023-12-27,HP,0.034482758620689655
2023-12-27,NVDA,0.034482758620689655
2023-12-27,WEN,0.034482758620689655
2023-12-27,NSC,0.034482758620689655
2023-12-27,RRC,0.034482758620689655
2023-12-27,CAG,0.034482758620689655
2023-12-27,GREK,0.034482758620689655
2023-12-27,JNJ,0.034482758620689655
2023-12-27,STI,0.034482758620689655
2023-12-27,KMB,0.034482758620689655
2023-12-27,BDX,0.034482758620689655
2023-12-27,EOG,0.034482758620689655
2023-12-27,CCL,0.034482758620689655
2023-12-27,WMB,0.034482758620689655
2023-12-27,D,0.034482758620689655
2023-12-27,HUM,0.034482758620689655
2023-12-27,PCG,0.034482758620689655
2023-12-27,DUK,0.034482758620689655
2023-12-27,NTES,0.034482758620689655
2023-12-27,HMC,0.034482758620689655
2023-12-27,CME,0.034482758620689655
2023-12-27,OHI,0.034482758620689655
2023-12-27,BSX,0.034482758620689655
2023-12-27,ENB,0.034482758620689655
2023-12-27,VZ,0.034482758620689655
2023-12-27,MRK,0.034482758620689655
2023-12-27,BMY,0.034482758620689655
2023-12-28,CNC,0.034482758620689655
2023-12-28,AMTD,0.034482758620689655
2023-12-28,CF,0.034482758620689655
2023-12-28,XLP,0.034482758620689655
2023-12-28,NVDA,0.034482758620689655
2023-12-28,WEN,0.034482758620689655
2023-12-28,HYG,0.034482758620689655
2023-12-28,RRC,0.034482758620689655
2023-12-28,GREK,0.034482758620689655
2023-12-28,JNJ,0.034482758620689655
2023-12-28,KMB,0.034482758620689655
2023-12-28,EWC,0.034482758620689655
2023-12-28,BDX,0.034482758620689655
2023-12-28,EOG,0.034482758620689655
2023-12-28,EWI,0.034482758620689655
2023-12-28,ORCL,0.034482758620689655
2023-12-28,CCL,0.034482758620689655
2023-12-28,KEY,0.034482758620689655
2023-12-28,KGC,0.034482758620689655
2023-12-28,WMB,0.034482758620689655
2023-12-28,TRP,0.034482758620689655
2023-12-28,HUM,0.034482758620689655
2023-12-28,PCG,0.034482758620689655
2023-12-28,NTES,0.034482758620689655
2023-12-28,HMC,0.034482758620689655
2023-12-28,CME,0.034482758620689655
2023-12-28,OHI,0.034482758620689655
2023-12-28,ENB,0.034482758620689655
2023-12-28,BMY,0.034482758620689655
2023-12-29,VWO,0.034482758620689655
2023-12-29,CF,0.034482758620689655
2023-12-29,NVDA,0.034482758620689655
2023-12-29,WEN,0.034482758620689655
2023-12-29,HYG,0.034482758620689655
2023-12-29,SPWR,0.034482758620689655
2023-12-29,GREK,0.034482758620689655
2023-12-29,JNJ,0.034482758620689655
2023-12-29,STI,0.034482758620689655
2023-12-29,KMB,0.034482758620689655
2023-12-29,BDX,0.034482758620689655
2023-12-29,EOG,0.034482758620689655
2023-12-29,EWI,0.034482758620689655
2023-12-29,ORCL,0.034482758620689655
2023-12-29,CCL,0.034482758620689655
2023-12-29,KEY,0.034482758620689655
2023-12-29,KGC,0.034482758620689655
2023-12-29,GOLD,0.034482758620689655
2023-12-29,WMB,0.034482758620689655
2023-12-29,TRP,0.034482758620689655
2023-12-29,HUM,0.034482758620689655
2023-12-29,PCG,0.034482758620689655
2023-12-29,NTES,0.034482758620689655
2023-12-29,HMC,0.034482758620689655
2023-12-29,CME,0.034482758620689655
2023-12-29,OHI,0.034482758620689655
2023-12-29,XLE,0.034482758620689655
2023-12-29,ENB,0.034482758620689655
2023-12-29,VZ,0.034482758620689655
2024-01-02,PPG,0.034482758620689655
2024-01-02,VWO,0.034482758620689655
2024-01-02,NVDA,0.034482758620689655
2024-01-02,HYG,0.034482758620689655
2024-01-02,BUD,0.034482758620689655
2024-01-02,SPWR,0.034482758620689655
2024-01-02,ICE,0.034482758620689655
2024-01-02,QCOM,0.034482758620689655
2024-01-02,STI,0.034482758620689655
2024-01-02,NDAQ,0.034482758620689655
2024-01-02,EWC,0.034482758620689655
2024-01-02,BDX,0.034482758620689655
2024-01-02,MU,0.034482758620689655
2024-01-02,EOG,0.034482758620689655
2024-01-02,QQQ,0.034482758620689655
2024-01-02,EWI,0.034482758620689655
2024-01-02,ORCL,0.034482758620689655
2024-01-02,CCL,0.034482758620689655
2024-01-02,TSM,0.034482758620689655
2024-01-02,ALK,0.034482758620689655
2024-01-02,MAR,0.034482758620689655
2024-01-02,KGC,0.034482758620689655
2024-01-02,NTAP,0.034482758620689655
2024-01-02,TRIP,0.034482758620689655
2024-01-02,PCG,0.034482758620689655
2024-01-02,NTES,0.034482758620689655
2024-01-02,HMC,0.034482758620689655
2024-01-02,CME,0.034482758620689655
2024-01-02,OHI,0.034482758620689655
2024-01-03,PPG,0.034482758620689655
2024-01-03,VWO,0.034482758620689655
2024-01-03,A,0.034482758620689655
2024-01-03,NVDA,0.034482758620689655
2024-01-03,DAL,0.034482758620689655
2024-01-03,HYG,0.034482758620689655
2024-01-03,BUD,0.034482758620689655
2024-01-03,ICE,0.034482758620689655
2024-01-03,QCOM,0.034482758620689655
2024-01-03,NDAQ,0.034482758620689655
2024-01-03,DPZ,0.034482758620689655
2024-01-03,BDX,0.034482758620689655
2024-01-03,EWI,0.034482758620689655
2024-01-03,ORCL,0.034482758620689655
2024-01-03,DLTR,0.034482758620689655
2024-01-03,CCL,0.034482758620689655
2024-01-03,TSM,0.034482758620689655
2024-01-03,MAR,0.034482758620689655
2024-01-03,XRT,0.034482758620689655
2024-01-03,KEY,0.034482758620689655
2024-01-03,KGC,0.034482758620689655
2024-01-03,PVH,0.034482758620689655
2024-01-03,TRIP,0.034482758620689655
2024-01-03,LOW,0.034482758620689655
2024-01-03,PCG,0.034482758620689655
2024-01-03,HMC,0.034482758620689655
2024-01-03,CME,0.034482758620689655
2024-01-03,OHI,0.034482758620689655
2024-01-03,M,0.034482758620689655
2024-01-04,PPG,0.034482758620689655
2024-01-04,VWO,0.034482758620689655
2024-01-04,A,0.034482758620689655
2024-01-04,CF,0.034482758620689655
2024-01-04,NVDA,0.034482758620689655
2024-01-04,HYG,0.034482758620689655
2024-01-04,QCOM,0.034482758620689655
2024-01-04,KMB,0.034482758620689655
2024-01-04,NDAQ,0.034482758620689655
2024-01-04,DPZ,0.034482758620689655
2024-01-04,BDX,0.034482758620689655
2024-01-04,EOG,0.034482758620689655
2024-01-04,QQQ,0.034482758620689655
2024-01-04,EWI,0.034482758620689655
2024-01-04,HTZ,0.034482758620689655
2024-01-04,ORCL,0.034482758620689655
2024-01-04,DLTR,0.034482758620689655
2024-01-04,TSM,0.034482758620689655
2024-01-04,KGC,0.034482758620689655
2024-01-04,WMB,0.034482758620689655
2024-01-04,PVH,0.034482758620689655
2024-01-04,HUM,0.034482758620689655
2024-01-04,NWSA,0.034482758620689655
2024-01-04,LOW,0.034482758620689655
2024-01-04,PCG,0.034482758620689655
2024-01-04,NTES,0.034482758620689655
2024-01-04,CME,0.034482758620689655
2024-01-04,OHI,0.034482758620689655
2024-01-04,XLE,0.034482758620689655
2024-01-05,MNST,0.034482758620689655
2024-01-05,VWO,0.034482758620689655
2024-01-05,A,0.034482758620689655
2024-01-05,CF,0.034482758620689655
2024-01-05,XLP,0.034482758620689655
2024-01-05,NVDA,0.034482758620689655
2024-01-05,HYG,0.034482758620689655
2024-01-05,CAG,0.034482758620689655
2024-01-05,QCOM,0.034482758620689655
2024-01-05,KMB,0.034482758620689655
2024-01-05,NDAQ,0.034482758620689655
2024-01-05,VTR,0.034482758620689655
2024-01-05,BDX,0.034482758620689655
2024-01-05,EOG,0.034482758620689655
2024-01-05,QQQ,0.034482758620689655
2024-01-05,EWI,0.034482758620689655
2024-01-05,ORCL,0.034482758620689655
2024-01-05,TSM,0.034482758620689655
2024-01-05,KGC,0.034482758620689655
2024-01-05,WMB,0.034482758620689655
2024-01-05,KO,0.034482758620689655
2024-01-05,HUM,0.034482758620689655
2024-01-05,TRIP,0.034482758620689655
2024-01-05,PCG,0.034482758620689655
2024-01-05,NTES,0.034482758620689655
2024-01-05,CME,0.034482758620689655
2024-01-05,OHI,0.034482758620689655
2024-01-05,SYK,0.034482758620689655
2024-01-05,XLE,0.034482758620689655
2024-01-08,CNC,0.034482758620689655
2024-01-08,VWO,0.034482758620689655
2024-01-08,CF,0.034482758620689655
2024-01-08,HP,0.034482758620689655
2024-01-08,XLP,0.034482758620689655
2024-01-08,NVDA,0.034482758620689655
2024-01-08,AA,0.034482758620689655
2024-01-08,RRC,0.034482758620689655
2024-01-08,JNJ,0.034482758620689655
2024-01-08,KMB,0.034482758620689655
2024-01-08,TRV,0.034482758620689655
2024-01-08,VTR,0.034482758620689655
2024-01-08,BDX,0.034482758620689655
2024-01-08,EOG,0.034482758620689655
2024-01-08,QQQ,0.034482758620689655
2024-01-08,ALK,0.034482758620689655
2024-01-08,KGC,0.034482758620689655
2024-01-08,WMB,0.034482758620689655
2024-01-08,KO,0.034482758620689655
2024-01-08,HUM,0.034482758620689655
2024-01-08,TRIP,0.034482758620689655
2024-01-08,PCG,0.034482758620689655
2024-01-08,NTES,0.034482758620689655
2024-01-08,HMC,0.034482758620689655
2024-01-08,CME,0.034482758620689655
2024-01-08,CLX,0.034482758620689655
2024-01-08,OHI,0.034482758620689655
2024-01-08,BSX,0.034482758620689655
2024-01-08,XLE,0.034482758620689655
2024-01-09,VWO,0.034482758620689655
2024-01-09,CF,0.034482758620689655
2024-01-09,HOG,0.034482758620689655
2024-01-09,XLP,0.034482758620689655
2024-01-09,BUD,0.034482758620689655
2024-01-09,ICE,0.034482758620689655
2024-01-09,KMB,0.034482758620689655
2024-01-09,VTR,0.034482758620689655
2024-01-09,EWC,0.034482758620689655
2024-01-09,BBT,0.034482758620689655
2024-01-09,BDX,0.034482758620689655
2024-01-09,WFC,0.034482758620689655
2024-01-09,EOG,0.034482758620689655
2024-01-09,EWI,0.034482758620689655
2024-01-09,ALK,0.034482758620689655
2024-01-09,KGC,0.034482758620689655
2024-01-09,WMB,0.034482758620689655
2024-01-09,TRP,0.034482758620689655
2024-01-09,D,0.034482758620689655
2024-01-09,HUM,0.034482758620689655
2024-01-09,NWSA,0.034482758620689655
2024-01-09,TRIP,0.034482758620689655
2024-01-09,CME,0.034482758620689655
2024-01-09,CLX,0.034482758620689655
2024-01-09,OHI,0.034482758620689655
2024-01-09,XLE,0.034482758620689655
2024-01-09,ENB,0.034482758620689655
2024-01-09,MT,0.034482758620689655
2024-01-09,VZ,0.034482758620689655
2024-01-10,AMTD,0.034482758620689655
2024-01-10,VWO,0.034482758620689655
2024-01-10,CF,0.034482758620689655
2024-01-10,XLP,0.034482758620689655
2024-01-10,SPWR,0.034482758620689655
2024-01-10,KMB,0.034482758620689655
2024-01-10,EWC,0.034482758620689655
2024-01-10,BDX,0.034482758620689655
2024-01-10,WFC,0.034482758620689655
2024-01-10,EOG,0.034482758620689655
2024-01-10,TSM,0.034482758620689655
2024-01-10,MS,0.034482758620689655
2024-01-10,ALK,0.034482758620689655
2024-01-10,KEY,0.034482758620689655
2024-01-10,KGC,0.034482758620689655
2024-01-10,WMB,0.034482758620689655
2024-01-10,D,0.034482758620689655
2024-01-10,HUM,0.034482758620689655
2024-01-10,NWSA,0.034482758620689655
2024-01-10,TRIP,0.034482758620689655
2024-01-10,NTES,0.034482758620689655
2024-01-10,RF,0.034482758620689655
2024-01-10,CME,0.034482758620689655
2024-01-10,PRGO,0.034482758620689655
2024-01-10,OHI,0.034482758620689655
2024-01-10,XLE,0.034482758620689655
2024-01-10,COF,0.034482758620689655
2024-01-10,VZ,0.034482758620689655
2024-01-10,BMY,0.034482758620689655
2024-01-11,AMTD,0.034482758620689655
2024-01-11,VWO,0.034482758620689655
2024-01-11,BUD,0.034482758620689655
2024-01-11,NDAQ,0.034482758620689655
2024-01-11,VTR,0.034482758620689655
2024-01-11,EWC,0.034482758620689655
2024-01-11,EOG,0.034482758620689655
2024-01-11,SIRI,0.034482758620689655
2024-01-11,DLTR,0.034482758620689655
2024-01-11,MS,0.034482758620689655
2024-01-11,KEY,0.034482758620689655
2024-01-11,KGC,0.034482758620689655
2024-01-11,WMB,0.034482758620689655
2024-01-11,TRP,0.034482758620689655
2024-01-11,KO,0.034482758620689655
2024-01-11,D,0.034482758620689655
2024-01-11,HUM,0.034482758620689655
2024-01-11,TRIP,0.034482758620689655
2024-01-11,PCG,0.034482758620689655
2024-01-11,DUK,0.034482758620689655
2024-01-11,RF,0.034482758620689655
2024-01-11,CP,0.034482758620689655
2024-01-11,XLE,0.034482758620689655
2024-01-11,M,0.034482758620689655
2024-01-11,COF,0.034482758620689655
2024-01-11,ENB,0.034482758620689655
2024-01-11,MT,0.034482758620689655
2024-01-11,VZ,0.034482758620689655
2024-01-11,BMY,0.034482758620689655
2024-01-12,MET,0.034482758620689655
2024-01-12,AMTD,0.034482758620689655
2024-01-12,CF,0.034482758620689655
2024-01-12,DAL,0.034482758620689655
2024-01-12,CAG,0.034482758620689655
2024-01-12,STI,0.034482758620689655
2024-01-12,KMB,0.034482758620689655
2024-01-12,BBT,0.034482758620689655
2024-01-12,BDX,0.034482758620689655
2024-01-12,EBAY,0.034482758620689655
2024-01-12,WFC,0.034482758620689655
2024-01-12,EOG,0.034482758620689655
2024-01-12,CCL,0.034482758620689655
2024-01-12,ALK,0.034482758620689655
2024-01-12,KEY,0.034482758620689655
2024-01-12,WMB,0.034482758620689655
2024-01-12,TRP,0.034482758620689655
2024-01-12,RL,0.034482758620689655
2024-01-12,HUM,0.034482758620689655
2024-01-12,TRIP,0.034482758620689655
2024-01-12,PCG,0.034482758620689655
2024-01-12,RF,0.034482758620689655
2024-01-12,OHI,0.034482758620689655
2024-01-12,CSIQ,0.034482758620689655
2024-01-12,M,0.034482758620689655
2024-01-12,COF,0.034482758620689655
2024-01-12,ZUMZ,0.034482758620689655
2024-01-12,MT,0.034482758620689655
2024-01-12,BMY,0.034482758620689655
2024-01-16,MET,0.034482758620689655
2024-01-16,PPG,0.034482758620689655
2024-01-16,BAX,0.034482758620689655
2024-01-16,VWO,0.034482758620689655
2024-01-16,CF,0.034482758620689655
2024-01-16,DAL,0.034482758620689655
2024-01-16,HYG,0.034482758620689655
2024-01-16,BUD,0.034482758620689655
2024-01-16,CAG,0.034482758620689655
2024-01-16,JNJ,0.034482758620689655
2024-01-16,KMB,0.034482758620689655
2024-01-16,EWC,0.034482758620689655
2024-01-16,EBAY,0.034482758620689655
2024-01-16,WFC,0.034482758620689655
2024-01-16,EOG,0.034482758620689655
2024-01-16,MS,0.034482758620689655
2024-01-16,KEY,0.034482758620689655
2024-01-16,KGC,0.034482758620689655
2024-01-16,WMB,0.034482758620689655
2024-01-16,RL,0.034482758620689655
2024-01-16,HUM,0.034482758620689655
2024-01-16,NWSA,0.034482758620689655
2024-01-16,PCG,0.034482758620689655
2024-01-16,RF,0.034482758620689655
2024-01-16,OHI,0.034482758620689655
2024-01-16,M,0.034482758620689655
2024-01-16,ENB,0.034482758620689655
2024-01-16,MT,0.034482758620689655
2024-01-16,BMY,0.034482758620689655
2024-01-17,MET,0.034482758620689655
2024-01-17,MNST,0.034482758620689655
2024-01-17,BAX,0.034482758620689655
2024-01-17,VWO,0.034482758620689655
2024-01-17,CF,0.034482758620689655
2024-01-17,HYG,0.034482758620689655
2024-01-17,BUD,0.034482758620689655
2024-01-17,CAG,0.034482758620689655
2024-01-17,VTR,0.034482758620689655
2024-01-17,EWC,0.034482758620689655
2024-01-17,BBT,0.034482758620689655
2024-01-17,BDX,0.034482758620689655
2024-01-17,EBAY,0.034482758620689655
2024-01-17,WFC,0.034482758620689655
2024-01-17,EOG,0.034482758620689655
2024-01-17,MS,0.034482758620689655
2024-01-17,KEY,0.034482758620689655
2024-01-17,KGC,0.034482758620689655
2024-01-17,WMB,0.034482758620689655
2024-01-17,TRP,0.034482758620689655
2024-01-17,NWSA,0.034482758620689655
2024-01-17,PCG,0.034482758620689655
2024-01-17,DUK,0.034482758620689655
2024-01-17,CP,0.034482758620689655
2024-01-17,XLE,0.034482758620689655
2024-01-17,M,0.034482758620689655
2024-01-17,ENB,0.034482758620689655
2024-01-17,MT,0.034482758620689655
2024-01-17,CAT,0.034482758620689655
2024-01-18,MNST,0.034482758620689655
2024-01-18,CNC,0.034482758620689655
2024-01-18,VWO,0.034482758620689655
2024-01-18,CF,0.034482758620689655
2024-01-18,HYG,0.034482758620689655
2024-01-18,BUD,0.034482758620689655
2024-01-18,CAG,0.034482758620689655
2024-01-18,KMB,0.034482758620689655
2024-01-18,VTR,0.034482758620689655
2024-01-18,EWC,0.034482758620689655
2024-01-18,BDX,0.034482758620689655
2024-01-18,EBAY,0.034482758620689655
2024-01-18,WFC,0.034482758620689655
2024-01-18,EOG,0.034482758620689655
2024-01-18,DLTR,0.034482758620689655
2024-01-18,MS,0.034482758620689655
2024-01-18,KEY,0.034482758620689655
2024-01-18,KGC,0.034482758620689655
2024-01-18,WMB,0.034482758620689655
2024-01-18,TRP,0.034482758620689655
2024-01-18,D,0.034482758620689655
2024-01-18,NWSA,0.034482758620689655
2024-01-18,PCG,0.034482758620689655
2024-01-18,DUK,0.034482758620689655
2024-01-18,CME,0.034482758620689655
2024-01-18,OHI,0.034482758620689655
2024-01-18,XLE,0.034482758620689655
2024-01-18,M,0.034482758620689655
2024-01-18,ENB,0.034482758620689655
2024-01-19,MNST,0.034482758620689655
2024-01-19,CNC,0.034482758620689655
2024-01-19,PPG,0.034482758620689655
2024-01-19,VWO,0.034482758620689655
2024-01-19,CF,0.034482758620689655
2024-01-19,XLP,0.034482758620689655
2024-01-19,BUD,0.034482758620689655
2024-01-19,CAG,0.034482758620689655
2024-01-19,GREK,0.034482758620689655
2024-01-19,KMB,0.034482758620689655
2024-01-19,BDX,0.034482758620689655
2024-01-19,EOG,0.034482758620689655
2024-01-19,DLTR,0.034482758620689655
2024-01-19,KGC,0.034482758620689655
2024-01-19,GOLD,0.034482758620689655
2024-01-19,WMB,0.034482758620689655
2024-01-19,TRP,0.034482758620689655
2024-01-19,KO,0.034482758620689655
2024-01-19,D,0.034482758620689655
2024-01-19,PCG,0.034482758620689655
2024-01-19,DUK,0.034482758620689655
2024-01-19,CME,0.034482758620689655
2024-01-19,CLX,0.034482758620689655
2024-01-19,OHI,0.034482758620689655
2024-01-19,XLE,0.034482758620689655
2024-01-19,M,0.034482758620689655
2024-01-19,ENB,0.034482758620689655
2024-01-19,MT,0.034482758620689655
2024-01-19,BMY,0.034482758620689655
2024-01-22,MNST,0.034482758620689655
2024-01-22,CNC,0.034482758620689655
2024-01-22,PPG,0.034482758620689655
2024-01-22,VWO,0.034482758620689655
2024-01-22,CF,0.034482758620689655
2024-01-22,XLP,0.034482758620689655
2024-01-22,DAL,0.034482758620689655
2024-01-22,HYG,0.034482758620689655
2024-01-22,BUD,0.034482758620689655
2024-01-22,SPWR,0.034482758620689655
2024-01-22,CAG,0.034482758620689655
2024-01-22,KMB,0.034482758620689655
2024-01-22,BDX,0.034482758620689655
2024-01-22,EWI,0.034482758620689655
2024-01-22,DLTR,0.034482758620689655
2024-01-22,CCL,0.034482758620689655
2024-01-22,KGC,0.034482758620689655
2024-01-22,WMB,0.034482758620689655
2024-01-22,TRP,0.034482758620689655
2024-01-22,KO,0.034482758620689655
2024-01-22,D,0.034482758620689655
2024-01-22,PCG,0.034482758620689655
2024-01-22,DUK,0.034482758620689655
2024-01-22,CME,0.034482758620689655
2024-01-22,CLX,0.034482758620689655
2024-01-22,OHI,0.034482758620689655
2024-01-22,BSX,0.034482758620689655
2024-01-22,ENB,0.034482758620689655
2024-01-22,BMY,0.034482758620689655
2024-01-23,MNST,0.034482758620689655
2024-01-23,CNC,0.034482758620689655
2024-01-23,PPG,0.034482758620689655
2024-01-23,BAX,0.034482758620689655
2024-01-23,VWO,0.034482758620689655
2024-01-23,XLP,0.034482758620689655
2024-01-23,WEN,0.034482758620689655
2024-01-23,HYG,0.034482758620689655
2024-01-23,BUD,0.034482758620689655
2024-01-23,SPWR,0.034482758620689655
2024-01-23,JNJ,0.034482758620689655
2024-01-23,VTR,0.034482758620689655
2024-01-23,DHI,0.034482758620689655
2024-01-23,BDX,0.034482758620689655
2024-01-23,EOG,0.034482758620689655
2024-01-23,EWI,0.034482758620689655
2024-01-23,DLTR,0.034482758620689655
2024-01-23,CCL,0.034482758620689655
2024-01-23,WMB,0.034482758620689655
2024-01-23,KO,0.034482758620689655
2024-01-23,D,0.034482758620689655
2024-01-23,LOW,0.034482758620689655
2024-01-23,PCG,0.034482758620689655
2024-01-23,CME,0.034482758620689655
2024-01-23,OHI,0.034482758620689655
2024-01-23,BSX,0.034482758620689655
2024-01-23,M,0.034482758620689655
2024-01-23,ENB,0.034482758620689655
2024-01-23,ZUMZ,0.034482758620689655
2024-01-24,MNST,0.034482758620689655
2024-01-24,PPG,0.034482758620689655
2024-01-24,BAX,0.034482758620689655
2024-01-24,HOG,0.034482758620689655
2024-01-24,XLP,0.034482758620689655
2024-01-24,HYG,0.034482758620689655
2024-01-24,BUD,0.034482758620689655
2024-01-24,JNJ,0.034482758620689655
2024-01-24,KMB,0.034482758620689655
2024-01-24,VTR,0.034482758620689655
2024-01-24,DHI,0.034482758620689655
2024-01-24,EWC,0.034482758620689655
2024-01-24,BDX,0.034482758620689655
2024-01-24,CCL,0.034482758620689655
2024-01-24,KGC,0.034482758620689655
2024-01-24,WMB,0.034482758620689655
2024-01-24,TRP,0.034482758620689655
2024-01-24,KO,0.034482758620689655
2024-01-24,D,0.034482758620689655
2024-01-24,LOW,0.034482758620689655
2024-01-24,PCG,0.034482758620689655
2024-01-24,DUK,0.034482758620689655
2024-01-24,CME,0.034482758620689655
2024-01-24,CLX,0.034482758620689655
2024-01-24,OHI,0.034482758620689655
2024-01-24,BSX,0.034482758620689655
2024-01-24,M,0.034482758620689655
2024-01-24,ENB,0.034482758620689655
2024-01-24,MRK,0.034482758620689655
2024-01-25,MNST,0.034482758620689655
2024-01-25,CNC,0.034482758620689655
2024-01-25,AMTD,0.034482758620689655
2024-01-25,VWO,0.034482758620689655
2024-01-25,HP,0.034482758620689655
2024-01-25,WEN,0.034482758620689655
2024-01-25,BUD,0.034482758620689655
2024-01-25,CAG,0.034482758620689655
2024-01-25,JNJ,0.034482758620689655
2024-01-25,STI,0.034482758620689655
2024-01-25,KMB,0.034482758620689655
2024-01-25,VTR,0.034482758620689655
2024-01-25,BDX,0.034482758620689655
2024-01-25,EWI,0.034482758620689655
2024-01-25,SIRI,0.034482758620689655
2024-01-25,HTZ,0.034482758620689655
2024-01-25,CCL,0.034482758620689655
2024-01-25,KEY,0.034482758620689655
2024-01-25,KGC,0.034482758620689655
2024-01-25,WMB,0.034482758620689655
2024-01-25,TRP,0.034482758620689655
2024-01-25,KO,0.034482758620689655
2024-01-25,HUM,0.034482758620689655
2024-01-25,CME,0.034482758620689655
2024-01-25,OHI,0.034482758620689655
2024-01-25,M,0.034482758620689655
2024-01-25,ENB,0.034482758620689655
2024-01-25,ZUMZ,0.034482758620689655
2024-01-25,BMY,0.034482758620689655
2024-01-26,MNST,0.034482758620689655
2024-01-26,CNC,0.034482758620689655
2024-01-26,AMTD,0.034482758620689655
2024-01-26,VWO,0.034482758620689655
2024-01-26,HP,0.034482758620689655
2024-01-26,WEN,0.034482758620689655
2024-01-26,DAL,0.034482758620689655
2024-01-26,BUD,0.034482758620689655
2024-01-26,CAG,0.034482758620689655
2024-01-26,JNJ,0.034482758620689655
2024-01-26,STI,0.034482758620689655
2024-01-26,KMB,0.034482758620689655
2024-01-26,VTR,0.034482758620689655
2024-01-26,BDX,0.034482758620689655
2024-01-26,EOG,0.034482758620689655
2024-01-26,SIRI,0.034482758620689655
2024-01-26,CCL,0.034482758620689655
2024-01-26,KEY,0.034482758620689655
2024-01-26,KGC,0.034482758620689655
2024-01-26,GOLD,0.034482758620689655
2024-01-26,KO,0.034482758620689655
2024-01-26,NTAP,0.034482758620689655
2024-01-26,NTES,0.034482758620689655
2024-01-26,RF,0.034482758620689655
2024-01-26,CME,0.034482758620689655
2024-01-26,OHI,0.034482758620689655
2024-01-26,M,0.034482758620689655
2024-01-26,ZUMZ,0.034482758620689655
2024-01-26,VZ,0.034482758620689655
2024-01-29,CNC,0.034482758620689655
2024-01-29,PPG,0.034482758620689655
2024-01-29,VWO,0.034482758620689655
2024-01-29,DAL,0.034482758620689655
2024-01-29,BUD,0.034482758620689655
2024-01-29,RRC,0.034482758620689655
2024-01-29,CAG,0.034482758620689655
2024-01-29,GREK,0.034482758620689655
2024-01-29,JNJ,0.034482758620689655
2024-01-29,STI,0.034482758620689655
2024-01-29,KMB,0.034482758620689655
2024-01-29,NDAQ,0.034482758620689655
2024-01-29,BDX,0.034482758620689655
2024-01-29,EOG,0.034482758620689655
2024-01-29,EWI,0.034482758620689655
2024-01-29,SIRI,0.034482758620689655
2024-01-29,ORCL,0.034482758620689655
2024-01-29,CCL,0.034482758620689655
2024-01-29,KGC,0.034482758620689655
2024-01-29,D,0.034482758620689655
2024-01-29,WSM,0.034482758620689655
2024-01-29,DUK,0.034482758620689655
2024-01-29,NTES,0.034482758620689655
2024-01-29,CME,0.034482758620689655
2024-01-29,PRGO,0.034482758620689655
2024-01-29,OHI,0.034482758620689655
2024-01-29,M,0.034482758620689655
2024-01-29,ZUMZ,0.034482758620689655
2024-01-29,VZ,0.034482758620689655
2024-01-30,PPG,0.034482758620689655
2024-01-30,VWO,0.034482758620689655
2024-01-30,HOG,0.034482758620689655
2024-01-30,WEN,0.034482758620689655
2024-01-30,HYG,0.034482758620689655
2024-01-30,BUD,0.034482758620689655
2024-01-30,CAG,0.034482758620689655
2024-01-30,GREK,0.034482758620689655
2024-01-30,QCOM,0.034482758620689655
2024-01-30,JNJ,0.034482758620689655
2024-01-30,STI,0.034482758620689655
2024-01-30,KMB,0.034482758620689655
2024-01-30,VTR,0.034482758620689655
2024-01-30,BDX,0.034482758620689655
2024-01-30,MU,0.034482758620689655
2024-01-30,EWI,0.034482758620689655
2024-01-30,SIRI,0.034482758620689655
2024-01-30,CCL,0.034482758620689655
2024-01-30,KGC,0.034482758620689655
2024-01-30,D,0.034482758620689655
2024-01-30,WSM,0.034482758620689655
2024-01-30,NWSA,0.034482758620689655
2024-01-30,DUK,0.034482758620689655
2024-01-30,NTES,0.034482758620689655
2024-01-30,CME,0.034482758620689655
2024-01-30,PRGO,0.034482758620689655
2024-01-30,OHI,0.034482758620689655
2024-01-30,M,0.034482758620689655
2024-01-30,BMY,0.034482758620689655
2024-01-31,MET,0.034482758620689655
2024-01-31,PPG,0.034482758620689655
2024-01-31,VWO,0.034482758620689655
2024-01-31,A,0.034482758620689655
2024-01-31,HOG,0.034482758620689655
2024-01-31,HYG,0.034482758620689655
2024-01-31,BUD,0.034482758620689655
2024-01-31,SPWR,0.034482758620689655
2024-01-31,CAG,0.034482758620689655
2024-01-31,NDAQ,0.034482758620689655
2024-01-31,VTR,0.034482758620689655
2024-01-31,EWC,0.034482758620689655
2024-01-31,BBT,0.034482758620689655
2024-01-31,WFC,0.034482758620689655
2024-01-31,EOG,0.034482758620689655
2024-01-31,SIRI,0.034482758620689655
2024-01-31,ORCL,0.034482758620689655
2024-01-31,CCL,0.034482758620689655
2024-01-31,XRT,0.034482758620689655
2024-01-31,KEY,0.034482758620689655
2024-01-31,KGC,0.034482758620689655
2024-01-31,NTAP,0.034482758620689655
2024-01-31,WSM,0.034482758620689655
2024-01-31,NWSA,0.034482758620689655
2024-01-31,RF,0.034482758620689655
2024-01-31,PRGO,0.034482758620689655
2024-01-31,OHI,0.034482758620689655
2024-01-31,M,0.034482758620689655
2024-01-31,ENB,0.034482758620689655
2024-02-01,MET,0.034482758620689655
2024-02-01,CNC,0.034482758620689655
2024-02-01,PPG,0.034482758620689655
2024-02-01,VWO,0.034482758620689655
2024-02-01,BUD,0.034482758620689655
2024-02-01,SPWR,0.034482758620689655
2024-02-01,RRC,0.034482758620689655
2024-02-01,CAG,0.034482758620689655
2024-02-01,QCOM,0.034482758620689655
2024-02-01,JNJ,0.034482758620689655
2024-02-01,STI,0.034482758620689655
2024-02-01,NDAQ,0.034482758620689655
2024-02-01,EWC,0.034482758620689655
2024-02-01,BBT,0.034482758620689655
2024-02-01,WFC,0.034482758620689655
2024-02-01,EOG,0.034482758620689655
2024-02-01,HTZ,0.034482758620689655
2024-02-01,CCL,0.034482758620689655
2024-02-01,MS,0.034482758620689655
2024-02-01,KEY,0.034482758620689655
2024-02-01,GOLD,0.034482758620689655
2024-02-01,WMB,0.034482758620689655
2024-02-01,NTAP,0.034482758620689655
2024-02-01,RF,0.034482758620689655
2024-02-01,CME,0.034482758620689655
2024-02-01,XLE,0.034482758620689655
2024-02-01,M,0.034482758620689655
2024-02-01,ZUMZ,0.034482758620689655
2024-02-01,BMY,0.034482758620689655
2024-02-02,MET,0.034482758620689655
2024-02-02,PPG,0.034482758620689655
2024-02-02,VWO,0.034482758620689655
2024-02-02,HYG,0.034482758620689655
2024-02-02,BUD,0.034482758620689655
2024-02-02,RRC,0.034482758620689655
2024-02-02,CAG,0.034482758620689655
2024-02-02,JNJ,0.034482758620689655
2024-02-02,STI,0.034482758620689655
2024-02-02,NDAQ,0.034482758620689655
2024-02-02,VTR,0.034482758620689655
2024-02-02,EWC,0.034482758620689655
2024-02-02,BBT,0.034482758620689655
2024-02-02,BDX,0.034482758620689655
2024-02-02,WFC,0.034482758620689655
2024-02-02,EOG,0.034482758620689655
2024-02-02,SIRI,0.034482758620689655
2024-02-02,CCL,0.034482758620689655
2024-02-02,KEY,0.034482758620689655
2024-02-02,KGC,0.034482758620689655
2024-02-02,GOLD,0.034482758620689655
2024-02-02,WMB,0.034482758620689655
2024-02-02,TRP,0.034482758620689655
2024-02-02,RF,0.034482758620689655
2024-02-02,CME,0.034482758620689655
2024-02-02,OHI,0.034482758620689655
2024-02-02,M,0.034482758620689655
2024-02-02,ENB,0.034482758620689655
2024-02-02,BMY,0.034482758620689655
2024-02-05,MET,0.034482758620689655
2024-02-05,PPG,0.034482758620689655
2024-02-05,HOG,0.034482758620689655
2024-02-05,HYG,0.034482758620689655
2024-02-05,SPWR,0.034482758620689655
2024-02-05,ICE,0.034482758620689655
2024-02-05,RRC,0.034482758620689655
2024-02-05,JNJ,0.034482758620689655
2024-02-05,NDAQ,0.034482758620689655
2024-02-05,DPZ,0.034482758620689655
2024-02-05,VTR,0.034482758620689655
2024-02-05,EWC,0.034482758620689655
2024-02-05,BBT,0.034482758620689655
2024-02-05,BDX,0.034482758620689655
2024-02-05,WFC,0.034482758620689655
2024-02-05,CCL,0.034482758620689655
2024-02-05,MS,0.034482758620689655
2024-02-05,KEY,0.034482758620689655
2024-02-05,KGC,0.034482758620689655
2024-02-05,TRP,0.034482758620689655
2024-02-05,NTAP,0.034482758620689655
2024-02-05,NWSA,0.034482758620689655
2024-02-05,BX,0.034482758620689655
2024-02-05,RF,0.034482758620689655
2024-02-05,OHI,0.034482758620689655
2024-02-05,M,0.034482758620689655
2024-02-05,MT,0.034482758620689655
2024-02-05,VZ,0.034482758620689655
2024-02-05,BMY,0.034482758620689655
2024-02-06,MET,0.034482758620689655
2024-02-06,HOG,0.034482758620689655
2024-02-06,WEN,0.034482758620689655
2024-02-06,RRC,0.034482758620689655
2024-02-06,KMB,0.034482758620689655
2024-02-06,VTR,0.034482758620689655
2024-02-06,EWC,0.034482758620689655
2024-02-06,BBT,0.034482758620689655
2024-02-06,BDX,0.034482758620689655
2024-02-06,WFC,0.034482758620689655
2024-02-06,EWI,0.034482758620689655
2024-02-06,SIRI,0.034482758620689655
2024-02-06,CCL,0.034482758620689655
2024-02-06,MS,0.034482758620689655
2024-02-06,KEY,0.034482758620689655
2024-02-06,KGC,0.034482758620689655
2024-02-06,GOLD,0.034482758620689655
2024-02-06,WMB,0.034482758620689655
2024-02-06,TRP,0.034482758620689655
2024-02-06,TRIP,0.034482758620689655
2024-02-06,PCG,0.034482758620689655
2024-02-06,DUK,0.034482758620689655
2024-02-06,RF,0.034482758620689655
2024-02-06,OHI,0.034482758620689655
2024-02-06,XLE,0.034482758620689655
2024-02-06,M,0.034482758620689655
2024-02-06,ENB,0.034482758620689655
2024-02-06,ZUMZ,0.034482758620689655
2024-02-06,VZ,0.034482758620689655
2024-02-07,PPG,0.034482758620689655
2024-02-07,A,0.034482758620689655
2024-02-07,WEN,0.034482758620689655
2024-02-07,RRC,0.034482758620689655
2024-02-07,CAG,0.034482758620689655
2024-02-07,KMB,0.034482758620689655
2024-02-07,DPZ,0.034482758620689655
2024-02-07,VTR,0.034482758620689655
2024-02-07,EWC,0.034482758620689655
2024-02-07,BBT,0.034482758620689655
2024-02-07,BDX,0.034482758620689655
2024-02-07,WFC,0.034482758620689655
2024-02-07,EWI,0.034482758620689655
2024-02-07,SIRI,0.034482758620689655
2024-02-07,CCL,0.034482758620689655
2024-02-07,MS,0.034482758620689655
2024-02-07,KEY,0.034482758620689655
2024-02-07,KGC,0.034482758620689655
2024-02-07,WMB,0.034482758620689655
2024-02-07,TRP,0.034482758620689655
2024-02-07,NTAP,0.034482758620689655
2024-02-07,NWSA,0.034482758620689655
2024-02-07,RF,0.034482758620689655
2024-02-07,OHI,0.034482758620689655
2024-02-07,M,0.034482758620689655
2024-02-07,ENB,0.034482758620689655
2024-02-07,ZUMZ,0.034482758620689655
2024-02-07,VZ,0.034482758620689655
2024-02-07,BMY,0.034482758620689655
2024-02-08,PPG,0.034482758620689655
2024-02-08,VWO,0.034482758620689655
2024-02-08,WEN,0.034482758620689655
2024-02-08,RRC,0.034482758620689655
2024-02-08,CAG,0.034482758620689655
2024-02-08,JNJ,0.034482758620689655
2024-02-08,KMB,0.034482758620689655
2024-02-08,VTR,0.034482758620689655
2024-02-08,EWC,0.034482758620689655
2024-02-08,BDX,0.034482758620689655
2024-02-08,WFC,0.034482758620689655
2024-02-08,SIRI,0.034482758620689655
2024-02-08,CCL,0.034482758620689655
2024-02-08,MS,0.034482758620689655
2024-02-08,KEY,0.034482758620689655
2024-02-08,KGC,0.034482758620689655
2024-02-08,WMB,0.034482758620689655
2024-02-08,TRP,0.034482758620689655
2024-02-08,KO,0.034482758620689655
2024-02-08,HUM,0.034482758620689655
2024-02-08,PCG,0.034482758620689655
2024-02-08,DUK,0.034482758620689655
2024-02-08,RF,0.034482758620689655
2024-02-08,CME,0.034482758620689655
2024-02-08,M,0.034482758620689655
2024-02-08,ENB,0.034482758620689655
2024-02-08,ZUMZ,0.034482758620689655
2024-02-08,VZ,0.034482758620689655
2024-02-08,BMY,0.034482758620689655
2024-02-09,PPG,0.034482758620689655
2024-02-09,XLP,0.034482758620689655
2024-02-09,BUD,0.034482758620689655
2024-02-09,SPWR,0.034482758620689655
2024-02-09,RRC,0.034482758620689655
2024-02-09,CAG,0.034482758620689655
2024-02-09,JNJ,0.034482758620689655
2024-02-09,STI,0.034482758620689655
2024-02-09,KMB,0.034482758620689655
2024-02-09,VTR,0.034482758620689655
2024-02-09,WFC,0.034482758620689655
2024-02-09,EOG,0.034482758620689655
2024-02-09,SIRI,0.034482758620689655
2024-02-09,CCL,0.034482758620689655
2024-02-09,KEY,0.034482758620689655
2024-02-09,ILMN,0.034482758620689655
2024-02-09,KGC,0.034482758620689655
2024-02-09,WMB,0.034482758620689655
2024-02-09,TRP,0.034482758620689655
2024-02-09,TRIP,0.034482758620689655
2024-02-09,PCG,0.034482758620689655
2024-02-09,DUK,0.034482758620689655
2024-02-09,RF,0.034482758620689655
2024-02-09,HMC,0.034482758620689655
2024-02-09,XLE,0.034482758620689655
2024-02-09,M,0.034482758620689655
2024-02-09,ENB,0.034482758620689655
2024-02-09,MT,0.034482758620689655
2024-02-09,VZ,0.034482758620689655
2024-02-12,MNST,0.034482758620689655
2024-02-12,PPG,0.034482758620689655
2024-02-12,VWO,0.034482758620689655
2024-02-12,A,0.034482758620689655
2024-02-12,HYG,0.034482758620689655
2024-02-12,BUD,0.034482758620689655
2024-02-12,GREK,0.034482758620689655
2024-02-12,STI,0.034482758620689655
2024-02-12,KMB,0.034482758620689655
2024-02-12,NDAQ,0.034482758620689655
2024-02-12,VTR,0.034482758620689655
2024-02-12,BBT,0.034482758620689655
2024-02-12,BDX,0.034482758620689655
2024-02-12,EWI,0.034482758620689655
2024-02-12,SIRI,0.034482758620689655
2024-02-12,ORCL,0.034482758620689655
2024-02-12,CCL,0.034482758620689655
2024-02-12,KEY,0.034482758620689655
2024-02-12,KGC,0.034482758620689655
2024-02-12,WMB,0.034482758620689655
2024-02-12,TRP,0.034482758620689655
2024-02-12,D,0.034482758620689655
2024-02-12,HUM,0.034482758620689655
2024-02-12,PCG,0.034482758620689655
2024-02-12,DUK,0.034482758620689655
2024-02-12,RF,0.034482758620689655
2024-02-12,CME,0.034482758620689655
2024-02-12,M,0.034482758620689655
2024-02-12,ZUMZ,0.034482758620689655
2024-02-13,PPG,0.034482758620689655
2024-02-13,A,0.034482758620689655
2024-02-13,BUD,0.034482758620689655
2024-02-13,SPWR,0.034482758620689655
2024-02-13,GREK,0.034482758620689655
2024-02-13,JNJ,0.034482758620689655
2024-02-13,STI,0.034482758620689655
2024-02-13,NDAQ,0.034482758620689655
2024-02-13,VTR,0.034482758620689655
2024-02-13,DHI,0.034482758620689655
2024-02-13,EWC,0.034482758620689655
2024-02-13,BBT,0.034482758620689655
2024-02-13,BDX,0.034482758620689655
2024-02-13,MU,0.034482758620689655
2024-02-13,WFC,0.034482758620689655
2024-02-13,EWI,0.034482758620689655
2024-02-13,SIRI,0.034482758620689655
2024-02-13,ORCL,0.034482758620689655
2024-02-13,CCL,0.034482758620689655
2024-02-13,MS,0.034482758620689655
2024-02-13,MAR,0.034482758620689655
2024-02-13,KEY,0.034482758620689655
2024-02-13,ILMN,0.034482758620689655
2024-02-13,TRP,0.034482758620689655
2024-02-13,D,0.034482758620689655
2024-02-13,BX,0.034482758620689655
2024-02-13,DUK,0.034482758620689655
2024-02-13,RF,0.034482758620689655
2024-02-13,M,0.034482758620689655
2024-02-14,MNST,0.034482758620689655
2024-02-14,WEN,0.034482758620689655
2024-02-14,BUD,0.034482758620689655
2024-02-14,RRC,0.034482758620689655
2024-02-14,CAG,0.034482758620689655
2024-02-14,JNJ,0.034482758620689655
2024-02-14,STI,0.034482758620689655
2024-02-14,KMB,0.034482758620689655
2024-02-14,NDAQ,0.034482758620689655
2024-02-14,EWC,0.034482758620689655
2024-02-14,BBT,0.034482758620689655
2024-02-14,BDX,0.034482758620689655
2024-02-14,MU,0.034482758620689655
2024-02-14,WFC,0.034482758620689655
2024-02-14,SIRI,0.034482758620689655
2024-02-14,CCL,0.034482758620689655
2024-02-14,MS,0.034482758620689655
2024-02-14,MAR,0.034482758620689655
2024-02-14,KEY,0.034482758620689655
2024-02-14,TRP,0.034482758620689655
2024-02-14,D,0.034482758620689655
2024-02-14,HUM,0.034482758620689655
2024-02-14,NTAP,0.034482758620689655
2024-02-14,PCG,0.034482758620689655
2024-02-14,DUK,0.034482758620689655
2024-02-14,RF,0.034482758620689655
2024-02-14,HMC,0.034482758620689655
2024-02-14,MT,0.034482758620689655
2024-02-14,BMY,0.034482758620689655
2024-02-15,MNST,0.034482758620689655
2024-02-15,VWO,0.034482758620689655
2024-02-15,CF,0.034482758620689655
2024-02-15,XLP,0.034482758620689655
2024-02-15,WEN,0.034482758620689655
2024-02-15,DAL,0.034482758620689655
2024-02-15,BUD,0.034482758620689655
2024-02-15,SPWR,0.034482758620689655
2024-02-15,GREK,0.034482758620689655
2024-02-15,STI,0.034482758620689655
2024-02-15,KMB,0.034482758620689655
2024-02-15,NDAQ,0.034482758620689655
2024-02-15,HAS,0.034482758620689655
2024-02-15,VTR,0.034482758620689655
2024-02-15,BDX,0.034482758620689655
2024-02-15,MU,0.034482758620689655
2024-02-15,SIRI,0.034482758620689655
2024-02-15,ORCL,0.034482758620689655
2024-02-15,CCL,0.034482758620689655
2024-02-15,KEY,0.034482758620689655
2024-02-15,TRP,0.034482758620689655
2024-02-15,KO,0.034482758620689655
2024-02-15,D,0.034482758620689655
2024-02-15,HUM,0.034482758620689655
2024-02-15,NTAP,0.034482758620689655
2024-02-15,PCG,0.034482758620689655
2024-02-15,RF,0.034482758620689655
2024-02-15,OHI,0.034482758620689655
2024-02-15,MT,0.034482758620689655
2024-02-16,MET,0.034482758620689655
2024-02-16,MNST,0.034482758620689655
2024-02-16,PPG,0.034482758620689655
2024-02-16,HOG,0.034482758620689655
2024-02-16,XLP,0.034482758620689655
2024-02-16,WEN,0.034482758620689655
2024-02-16,HYG,0.034482758620689655
2024-02-16,BUD,0.034482758620689655
2024-02-16,STI,0.034482758620689655
2024-02-16,KMB,0.034482758620689655
2024-02-16,NDAQ,0.034482758620689655
2024-02-16,VTR,0.034482758620689655
2024-02-16,DHI,0.034482758620689655
2024-02-16,BBT,0.034482758620689655
2024-02-16,BDX,0.034482758620689655
2024-02-16,MU,0.034482758620689655
2024-02-16,SIRI,0.034482758620689655
2024-02-16,ORCL,0.034482758620689655
2024-02-16,CCL,0.034482758620689655
2024-02-16,KEY,0.034482758620689655
2024-02-16,KO,0.034482758620689655
2024-02-16,D,0.034482758620689655
2024-02-16,HUM,0.034482758620689655
2024-02-16,NTAP,0.034482758620689655
2024-02-16,PCG,0.034482758620689655
2024-02-16,RF,0.034482758620689655
2024-02-16,OHI,0.034482758620689655
2024-02-16,M,0.034482758620689655
2024-02-16,ENB,0.034482758620689655
2024-02-20,MNST,0.034482758620689655
2024-02-20,PPG,0.034482758620689655
2024-02-20,AMTD,0.034482758620689655
2024-02-20,A,0.034482758620689655
2024-02-20,CF,0.034482758620689655
2024-02-20,HOG,0.034482758620689655
2024-02-20,NVDA,0.034482758620689655
2024-02-20,WEN,0.034482758620689655
2024-02-20,BUD,0.034482758620689655
2024-02-20,JNJ,0.034482758620689655
2024-02-20,STI,0.034482758620689655
2024-02-20,VTR,0.034482758620689655
2024-02-20,BDX,0.034482758620689655
2024-02-20,SIRI,0.034482758620689655
2024-02-20,ORCL,0.034482758620689655
2024-02-20,CCL,0.034482758620689655
2024-02-20,MS,0.034482758620689655
2024-02-20,XRT,0.034482758620689655
2024-02-20,KEY,0.034482758620689655
2024-02-20,TRP,0.034482758620689655
2024-02-20,D,0.034482758620689655
2024-02-20,HUM,0.034482758620689655
2024-02-20,NTAP,0.034482758620689655
2024-02-20,BX,0.034482758620689655
2024-02-20,PCG,0.034482758620689655
2024-02-20,RF,0.034482758620689655
2024-02-20,XLE,0.034482758620689655
2024-02-20,M,0.034482758620689655
2024-02-20,MT,0.034482758620689655
2024-02-21,MNST,0.034482758620689655
2024-02-21,PPG,0.034482758620689655
2024-02-21,HOG,0.034482758620689655
2024-02-21,NVDA,0.034482758620689655
2024-02-21,WEN,0.034482758620689655
2024-02-21,DAL,0.034482758620689655
2024-02-21,HYG,0.034482758620689655
2024-02-21,GREK,0.034482758620689655
2024-02-21,STI,0.034482758620689655
2024-02-21,HAS,0.034482758620689655
2024-02-21,DHI,0.034482758620689655
2024-02-21,SIRI,0.034482758620689655
2024-02-21,HTZ,0.034482758620689655
2024-02-21,ORCL,0.034482758620689655
2024-02-21,CCL,0.034482758620689655
2024-02-21,MS,0.034482758620689655
2024-02-21,XRT,0.034482758620689655
2024-02-21,KEY,0.034482758620689655
2024-02-21,ILMN,0.034482758620689655
2024-02-21,D,0.034482758620689655
2024-02-21,NTAP,0.034482758620689655
2024-02-21,NWSA,0.034482758620689655
2024-02-21,BX,0.034482758620689655
2024-02-21,RF,0.034482758620689655
2024-02-21,PRGO,0.034482758620689655
2024-02-21,M,0.034482758620689655
2024-02-21,COF,0.034482758620689655
2024-02-21,ENB,0.034482758620689655
2024-02-21,MT,0.034482758620689655
2024-02-22,MET,0.034482758620689655
2024-02-22,MNST,0.034482758620689655
2024-02-22,CNC,0.034482758620689655
2024-02-22,PPG,0.034482758620689655
2024-02-22,A,0.034482758620689655
2024-02-22,HOG,0.034482758620689655
2024-02-22,WEN,0.034482758620689655
2024-02-22,BUD,0.034482758620689655
2024-02-22,GREK,0.034482758620689655
2024-02-22,JNJ,0.034482758620689655
2024-02-22,KMB,0.034482758620689655
2024-02-22,HAS,0.034482758620689655
2024-02-22,DHI,0.034482758620689655
2024-02-22,BBT,0.034482758620689655
2024-02-22,BDX,0.034482758620689655
2024-02-22,MS,0.034482758620689655
2024-02-22,XRT,0.034482758620689655
2024-02-22,KEY,0.034482758620689655
2024-02-22,ILMN,0.034482758620689655
2024-02-22,KO,0.034482758620689655
2024-02-22,D,0.034482758620689655
2024-02-22,PCG,0.034482758620689655
2024-02-22,DUK,0.034482758620689655
2024-02-22,RF,0.034482758620689655
2024-02-22,PRGO,0.034482758620689655
2024-02-22,M,0.034482758620689655
2024-02-22,COF,0.034482758620689655
2024-02-22,MT,0.034482758620689655
2024-02-22,VZ,0.034482758620689655
2024-02-23,PPG,0.034482758620689655
2024-02-23,A,0.034482758620689655
2024-02-23,HP,0.034482758620689655
2024-02-23,HOG,0.034482758620689655
2024-02-23,WEN,0.034482758620689655
2024-02-23,BUD,0.034482758620689655
2024-02-23,RRC,0.034482758620689655
2024-02-23,GREK,0.034482758620689655
2024-02-23,JNJ,0.034482758620689655
2024-02-23,HAS,0.034482758620689655
2024-02-23,VTR,0.034482758620689655
2024-02-23,DHI,0.034482758620689655
2024-02-23,BBT,0.034482758620689655
2024-02-23,BDX,0.034482758620689655
2024-02-23,EOG,0.034482758620689655
2024-02-23,SIRI,0.034482758620689655
2024-02-23,CCL,0.034482758620689655
2024-02-23,KEY,0.034482758620689655
2024-02-23,ILMN,0.034482758620689655
2024-02-23,KGC,0.034482758620689655
2024-02-23,GOLD,0.034482758620689655
2024-02-23,TRP,0.034482758620689655
2024-02-23,BX,0.034482758620689655
2024-02-23,DUK,0.034482758620689655
2024-02-23,RF,0.034482758620689655
2024-02-23,PRGO,0.034482758620689655
2024-02-23,ENB,0.034482758620689655
2024-02-23,MT,0.034482758620689655
2024-02-23,VZ,0.034482758620689655
2024-02-26,PPG,0.034482758620689655
2024-02-26,A,0.034482758620689655
2024-02-26,HOG,0.034482758620689655
2024-02-26,XLP,0.034482758620689655
2024-02-26,WEN,0.034482758620689655
2024-02-26,AA,0.034482758620689655
2024-02-26,HYG,0.034482758620689655
2024-02-26,GREK,0.034482758620689655
2024-02-26,JNJ,0.034482758620689655
2024-02-26,KMB,0.034482758620689655
2024-02-26,NDAQ,0.034482758620689655
2024-02-26,HAS,0.034482758620689655
2024-02-26,VTR,0.034482758620689655
2024-02-26,BBT,0.034482758620689655
2024-02-26,BDX,0.034482758620689655
2024-02-26,EOG,0.034482758620689655
2024-02-26,SIRI,0.034482758620689655
2024-02-26,CCL,0.034482758620689655
2024-02-26,MS,0.034482758620689655
2024-02-26,KEY,0.034482758620689655
2024-02-26,GOLD,0.034482758620689655
2024-02-26,TRP,0.034482758620689655
2024-02-26,DUK,0.034482758620689655
2024-02-26,RF,0.034482758620689655
2024-02-26,CLX,0.034482758620689655
2024-02-26,M,0.034482758620689655
2024-02-26,ENB,0.034482758620689655
2024-02-26,MT,0.034482758620689655
2024-02-26,VZ,0.034482758620689655
2024-02-27,PPG,0.034482758620689655
2024-02-27,BAX,0.034482758620689655
2024-02-27,A,0.034482758620689655
2024-02-27,HOG,0.034482758620689655
2024-02-27,WEN,0.034482758620689655
2024-02-27,BUD,0.034482758620689655
2024-02-27,GREK,0.034482758620689655
2024-02-27,JNJ,0.034482758620689655
2024-02-27,KMB,0.034482758620689655
2024-02-27,VTR,0.034482758620689655
2024-02-27,DHI,0.034482758620689655
2024-02-27,BBT,0.034482758620689655
2024-02-27,BDX,0.034482758620689655
2024-02-27,SIRI,0.034482758620689655
2024-02-27,HTZ,0.034482758620689655
2024-02-27,MS,0.034482758620689655
2024-02-27,GOLD,0.034482758620689655
2024-02-27,TRP,0.034482758620689655
2024-02-27,KO,0.034482758620689655
2024-02-27,DUK,0.034482758620689655
2024-02-27,RF,0.034482758620689655
2024-02-27,HMC,0.034482758620689655
2024-02-27,CP,0.034482758620689655
2024-02-27,OHI,0.034482758620689655
2024-02-27,BSX,0.034482758620689655
2024-02-27,ENB,0.034482758620689655
2024-02-27,MT,0.034482758620689655
2024-02-27,VZ,0.034482758620689655
2024-02-27,BMY,0.034482758620689655
2024-02-28,MNST,0.034482758620689655
2024-02-28,CNC,0.034482758620689655
2024-02-28,PPG,0.034482758620689655
2024-02-28,BAX,0.034482758620689655
2024-02-28,HOG,0.034482758620689655
2024-02-28,WEN,0.034482758620689655
2024-02-28,BUD,0.034482758620689655
2024-02-28,SPWR,0.034482758620689655
2024-02-28,GREK,0.034482758620689655
2024-02-28,JNJ,0.034482758620689655
2024-02-28,STI,0.034482758620689655
2024-02-28,KMB,0.034482758620689655
2024-02-28,VTR,0.034482758620689655
2024-02-28,DHI,0.034482758620689655
2024-02-28,EWC,0.034482758620689655
2024-02-28,BBT,0.034482758620689655
2024-02-28,BDX,0.034482758620689655
2024-02-28,DLTR,0.034482758620689655
2024-02-28,KEY,0.034482758620689655
2024-02-28,TRP,0.034482758620689655
2024-02-28,KO,0.034482758620689655
2024-02-28,DUK,0.034482758620689655
2024-02-28,RF,0.034482758620689655
2024-02-28,CP,0.034482758620689655
2024-02-28,M,0.034482758620689655
2024-02-28,ENB,0.034482758620689655
2024-02-28,MT,0.034482758620689655
2024-02-28,MRK,0.034482758620689655
2024-02-28,BMY,0.034482758620689655
2024-02-29,CNC,0.034482758620689655
2024-02-29,BAX,0.034482758620689655
2024-02-29,VWO,0.034482758620689655
2024-02-29,HOG,0.034482758620689655
2024-02-29,WEN,0.034482758620689655
2024-02-29,BUD,0.034482758620689655
2024-02-29,GREK,0.034482758620689655
2024-02-29,JNJ,0.034482758620689655
2024-02-29,KMB,0.034482758620689655
2024-02-29,NDAQ,0.034482758620689655
2024-02-29,VTR,0.034482758620689655
2024-02-29,BBT,0.034482758620689655
2024-02-29,BDX,0.034482758620689655
2024-02-29,SIRI,0.034482758620689655
2024-02-29,CCL,0.034482758620689655
2024-02-29,ALK,0.034482758620689655
2024-02-29,TRP,0.034482758620689655
2024-02-29,KO,0.034482758620689655
2024-02-29,CP,0.034482758620689655
2024-02-29,PRGO,0.034482758620689655
2024-02-29,OHI,0.034482758620689655
2024-02-29,BSX,0.034482758620689655
2024-02-29,M,0.034482758620689655
2024-02-29,ENB,0.034482758620689655
2024-02-29,ZUMZ,0.034482758620689655
2024-02-29,MT,0.034482758620689655
2024-02-29,VZ,0.034482758620689655
2024-02-29,MRK,0.034482758620689655
2024-02-29,BMY,0.034482758620689655
2024-03-01,MET,0.034482758620689655
2024-03-01,CNC,0.034482758620689655
2024-03-01,PPG,0.034482758620689655
2024-03-01,BAX,0.034482758620689655
2024-03-01,HOG,0.034482758620689655
2024-03-01,WEN,0.034482758620689655
2024-03-01,BUD,0.034482758620689655
2024-03-01,JNJ,0.034482758620689655
2024-03-01,TRV,0.034482758620689655
2024-03-01,VTR,0.034482758620689655
2024-03-01,BBT,0.034482758620689655
2024-03-01,BDX,0.034482758620689655
2024-03-01,WFC,0.034482758620689655
2024-03-01,HTZ,0.034482758620689655
2024-03-01,ALK,0.034482758620689655
2024-03-01,KEY,0.034482758620689655
2024-03-01,KO,0.034482758620689655
2024-03-01,NWSA,0.034482758620689655
2024-03-01,PCG,0.034482758620689655
2024-03-01,DUK,0.034482758620689655
2024-03-01,RF,0.034482758620689655
2024-03-01,PRGO,0.034482758620689655
2024-03-01,OHI,0.034482758620689655
2024-03-01,M,0.034482758620689655
2024-03-01,ENB,0.034482758620689655
2024-03-01,ZUMZ,0.034482758620689655
2024-03-01,MT,0.034482758620689655
2024-03-01,MRK,0.034482758620689655
2024-03-01,BMY,0.034482758620689655
2024-03-04,MET,0.034482758620689655
2024-03-04,CNC,0.034482758620689655
2024-03-04,PPG,0.034482758620689655
2024-03-04,VWO,0.034482758620689655
2024-03-04,CF,0.034482758620689655
2024-03-04,WEN,0.034482758620689655
2024-03-04,BUD,0.034482758620689655
2024-03-04,ICE,0.034482758620689655
2024-03-04,JNJ,0.034482758620689655
2024-03-04,VTR,0.034482758620689655
2024-03-04,BBT,0.034482758620689655
2024-03-04,BDX,0.034482758620689655
2024-03-04,EOG,0.034482758620689655
2024-03-04,SIRI,0.034482758620689655
2024-03-04,HTZ,0.034482758620689655
2024-03-04,DLTR,0.034482758620689655
2024-03-04,ILMN,0.034482758620689655
2024-03-04,TRP,0.034482758620689655
2024-03-04,KO,0.034482758620689655
2024-03-04,NWSA,0.034482758620689655
2024-03-04,BX,0.034482758620689655
2024-03-04,CLX,0.034482758620689655
2024-03-04,PRGO,0.034482758620689655
2024-03-04,OHI,0.034482758620689655
2024-03-04,COF,0.034482758620689655
2024-03-04,ENB,0.034482758620689655
2024-03-04,MT,0.034482758620689655
2024-03-04,MRK,0.034482758620689655
2024-03-04,BMY,0.034482758620689655
2024-03-05,CNC,0.034482758620689655
2024-03-05,PPG,0.034482758620689655
2024-03-05,AMTD,0.034482758620689655
2024-03-05,VWO,0.034482758620689655
2024-03-05,CF,0.034482758620689655
2024-03-05,BUD,0.034482758620689655
2024-03-05,SPWR,0.034482758620689655
2024-03-05,QCOM,0.034482758620689655
2024-03-05,JNJ,0.034482758620689655
2024-03-05,NDAQ,0.034482758620689655
2024-03-05,VTR,0.034482758620689655
2024-03-05,DHI,0.034482758620689655
2024-03-05,BBT,0.034482758620689655
2024-03-05,BDX,0.034482758620689655
2024-03-05,QQQ,0.034482758620689655
2024-03-05,SIRI,0.034482758620689655
2024-03-05,HTZ,0.034482758620689655
2024-03-05,ORCL,0.034482758620689655
2024-03-05,ILMN,0.034482758620689655
2024-03-05,KO,0.034482758620689655
2024-03-05,NWSA,0.034482758620689655
2024-03-05,TRIP,0.034482758620689655
2024-03-05,BX,0.034482758620689655
2024-03-05,PCG,0.034482758620689655
2024-03-05,HMC,0.034482758620689655
2024-03-05,CLX,0.034482758620689655
2024-03-05,PRGO,0.034482758620689655
2024-03-05,OHI,0.034482758620689655
2024-03-05,MRK,0.034482758620689655
2024-03-06,CNC,0.034482758620689655
2024-03-06,PPG,0.034482758620689655
2024-03-06,AA,0.034482758620689655
2024-03-06,BUD,0.034482758620689655
2024-03-06,SPWR,0.034482758620689655
2024-03-06,JNJ,0.034482758620689655
2024-03-06,VTR,0.034482758620689655
2024-03-06,DHI,0.034482758620689655
2024-03-06,BDX,0.034482758620689655
2024-03-06,EOG,0.034482758620689655
2024-03-06,SIRI,0.034482758620689655
2024-03-06,MS,0.034482758620689655
2024-03-06,XRT,0.034482758620689655
2024-03-06,KEY,0.034482758620689655
2024-03-06,ILMN,0.034482758620689655
2024-03-06,GOLD,0.034482758620689655
2024-03-06,TRP,0.034482758620689655
2024-03-06,KO,0.034482758620689655
2024-03-06,D,0.034482758620689655
2024-03-06,PVH,0.034482758620689655
2024-03-06,TRIP,0.034482758620689655
2024-03-06,BX,0.034482758620689655
2024-03-06,PCG,0.034482758620689655
2024-03-06,RF,0.034482758620689655
2024-03-06,CME,0.034482758620689655
2024-03-06,OHI,0.034482758620689655
2024-03-06,COF,0.034482758620689655
2024-03-06,VZ,0.034482758620689655
2024-03-06,MRK,0.034482758620689655
2024-03-07,PPG,0.034482758620689655
2024-03-07,AMTD,0.034482758620689655
2024-03-07,WEN,0.034482758620689655
2024-03-07,BUD,0.034482758620689655
2024-03-07,ICE,0.034482758620689655
2024-03-07,GREK,0.034482758620689655
2024-03-07,JNJ,0.034482758620689655
2024-03-07,VTR,0.034482758620689655
2024-03-07,BBT,0.034482758620689655
2024-03-07,BDX,0.034482758620689655
2024-03-07,ANF,0.034482758620689655
2024-03-07,HTZ,0.034482758620689655
2024-03-07,MS,0.034482758620689655
2024-03-07,XRT,0.034482758620689655
2024-03-07,KEY,0.034482758620689655
2024-03-07,ILMN,0.034482758620689655
2024-03-07,WMB,0.034482758620689655
2024-03-07,TRP,0.034482758620689655
2024-03-07,KO,0.034482758620689655
2024-03-07,D,0.034482758620689655
2024-03-07,NWSA,0.034482758620689655
2024-03-07,BX,0.034482758620689655
2024-03-07,PCG,0.034482758620689655
2024-03-07,DUK,0.034482758620689655
2024-03-07,RF,0.034482758620689655
2024-03-07,HMC,0.034482758620689655
2024-03-07,CME,0.034482758620689655
2024-03-07,OHI,0.034482758620689655
2024-03-07,VZ,0.034482758620689655
2024-03-08,CNC,0.034482758620689655
2024-03-08,PPG,0.034482758620689655
2024-03-08,XLP,0.034482758620689655
2024-03-08,WEN,0.034482758620689655
2024-03-08,BUD,0.034482758620689655
2024-03-08,SPWR,0.034482758620689655
2024-03-08,GREK,0.034482758620689655
2024-03-08,JNJ,0.034482758620689655
2024-03-08,TRV,0.034482758620689655
2024-03-08,DHI,0.034482758620689655
2024-03-08,BBT,0.034482758620689655
2024-03-08,BDX,0.034482758620689655
2024-03-08,SIRI,0.034482758620689655
2024-03-08,ANF,0.034482758620689655
2024-03-08,ORCL,0.034482758620689655
2024-03-08,DLTR,0.034482758620689655
2024-03-08,KEY,0.034482758620689655
2024-03-08,ILMN,0.034482758620689655
2024-03-08,WMB,0.034482758620689655
2024-03-08,KO,0.034482758620689655
2024-03-08,WSM,0.034482758620689655
2024-03-08,PCG,0.034482758620689655
2024-03-08,RF,0.034482758620689655
2024-03-08,HMC,0.034482758620689655
2024-03-08,CME,0.034482758620689655
2024-03-08,OHI,0.034482758620689655
2024-03-08,MT,0.034482758620689655
2024-03-08,VZ,0.034482758620689655
2024-03-08,MRK,0.034482758620689655
2024-03-11,CNC,0.034482758620689655
2024-03-11,PPG,0.034482758620689655
2024-03-11,WEN,0.034482758620689655
2024-03-11,ICE,0.034482758620689655
2024-03-11,GREK,0.034482758620689655
2024-03-11,JNJ,0.034482758620689655
2024-03-11,VTR,0.034482758620689655
2024-03-11,DHI,0.034482758620689655
2024-03-11,BBT,0.034482758620689655
2024-03-11,BDX,0.034482758620689655
2024-03-11,MU,0.034482758620689655
2024-03-11,EWI,0.034482758620689655
2024-03-11,SIRI,0.034482758620689655
2024-03-11,ANF,0.034482758620689655
2024-03-11,MS,0.034482758620689655
2024-03-11,XRT,0.034482758620689655
2024-03-11,KEY,0.034482758620689655
2024-03-11,D,0.034482758620689655
2024-03-11,PVH,0.034482758620689655
2024-03-11,BX,0.034482758620689655
2024-03-11,PCG,0.034482758620689655
2024-03-11,RF,0.034482758620689655
2024-03-11,HMC,0.034482758620689655
2024-03-11,PRGO,0.034482758620689655
2024-03-11,BSX,0.034482758620689655
2024-03-11,M,0.034482758620689655
2024-03-11,MT,0.034482758620689655
2024-03-11,VZ,0.034482758620689655
2024-03-11,MRK,0.034482758620689655
2024-03-12,CNC,0.034482758620689655
2024-03-12,PPG,0.034482758620689655
2024-03-12,BAX,0.034482758620689655
2024-03-12,WEN,0.034482758620689655
2024-03-12,BUD,0.034482758620689655
2024-03-12,ICE,0.034482758620689655
2024-03-12,RRC,0.034482758620689655
2024-03-12,GREK,0.034482758620689655
2024-03-12,JNJ,0.034482758620689655
2024-03-12,KMB,0.034482758620689655
2024-03-12,NDAQ,0.034482758620689655
2024-03-12,VTR,0.034482758620689655
2024-03-12,BBT,0.034482758620689655
2024-03-12,BDX,0.034482758620689655
2024-03-12,SIRI,0.034482758620689655
2024-03-12,KEY,0.034482758620689655
2024-03-12,ILMN,0.034482758620689655
2024-03-12,WMB,0.034482758620689655
2024-03-12,D,0.034482758620689655
2024-03-12,NWSA,0.034482758620689655
2024-03-12,BX,0.034482758620689655
2024-03-12,PCG,0.034482758620689655
2024-03-12,DUK,0.034482758620689655
2024-03-12,RF,0.034482758620689655
2024-03-12,PRGO,0.034482758620689655
2024-03-12,M,0.034482758620689655
2024-03-12,ENB,0.034482758620689655
2024-03-12,VZ,0.034482758620689655
2024-03-12,MRK,0.034482758620689655
2024-03-13,CNC,0.034482758620689655
2024-03-13,PPG,0.034482758620689655
2024-03-13,AMTD,0.034482758620689655
2024-03-13,BAX,0.034482758620689655
2024-03-13,VWO,0.034482758620689655
2024-03-13,HYG,0.034482758620689655
2024-03-13,GREK,0.034482758620689655
2024-03-13,JNJ,0.034482758620689655
2024-03-13,STI,0.034482758620689655
2024-03-13,NDAQ,0.034482758620689655
2024-03-13,VTR,0.034482758620689655
2024-03-13,BBT,0.034482758620689655
2024-03-13,BDX,0.034482758620689655
2024-03-13,MU,0.034482758620689655
2024-03-13,SIRI,0.034482758620689655
2024-03-13,DLTR,0.034482758620689655
2024-03-13,KEY,0.034482758620689655
2024-03-13,ILMN,0.034482758620689655
2024-03-13,NWSA,0.034482758620689655
2024-03-13,TRIP,0.034482758620689655
2024-03-13,MRVL,0.034482758620689655
2024-03-13,DUK,0.034482758620689655
2024-03-13,RF,0.034482758620689655
2024-03-13,PRGO,0.034482758620689655
2024-03-13,BSX,0.034482758620689655
2024-03-13,ENB,0.034482758620689655
2024-03-13,VZ,0.034482758620689655
2024-03-13,MRK,0.034482758620689655
2024-03-13,BMY,0.034482758620689655
2024-03-14,CNC,0.034482758620689655
2024-03-14,PPG,0.034482758620689655
2024-03-14,BAX,0.034482758620689655
2024-03-14,VWO,0.034482758620689655
2024-03-14,CF,0.034482758620689655
2024-03-14,XLP,0.034482758620689655
2024-03-14,WEN,0.034482758620689655
2024-03-14,HYG,0.034482758620689655
2024-03-14,ICE,0.034482758620689655
2024-03-14,JNJ,0.034482758620689655
2024-03-14,STI,0.034482758620689655
2024-03-14,KMB,0.034482758620689655
2024-03-14,NDAQ,0.034482758620689655
2024-03-14,VTR,0.034482758620689655
2024-03-14,DHI,0.034482758620689655
2024-03-14,BDX,0.034482758620689655
2024-03-14,MU,0.034482758620689655
2024-03-14,EWI,0.034482758620689655
2024-03-14,DLTR,0.034482758620689655
2024-03-14,MAR,0.034482758620689655
2024-03-14,KEY,0.034482758620689655
2024-03-14,ILMN,0.034482758620689655
2024-03-14,NWSA,0.034482758620689655
2024-03-14,PCG,0.034482758620689655
2024-03-14,RF,0.034482758620689655
2024-03-14,CP,0.034482758620689655
2024-03-14,VZ,0.034482758620689655
2024-03-14,MRK,0.034482758620689655
2024-03-14,BMY,0.034482758620689655
2024-03-15,CNC,0.034482758620689655
2024-03-15,PPG,0.034482758620689655
2024-03-15,BAX,0.034482758620689655
2024-03-15,VWO,0.034482758620689655
2024-03-15,XLP,0.034482758620689655
2024-03-15,WEN,0.034482758620689655
2024-03-15,HYG,0.034482758620689655
2024-03-15,BUD,0.034482758620689655
2024-03-15,NSC,0.034482758620689655
2024-03-15,ICE,0.034482758620689655
2024-03-15,JNJ,0.034482758620689655
2024-03-15,STI,0.034482758620689655
2024-03-15,KMB,0.034482758620689655
2024-03-15,VTR,0.034482758620689655
2024-03-15,BDX,0.034482758620689655
2024-03-15,DLTR,0.034482758620689655
2024-03-15,MAR,0.034482758620689655
2024-03-15,KEY,0.034482758620689655
2024-03-15,ILMN,0.034482758620689655
2024-03-15,ULTA,0.034482758620689655
2024-03-15,NWSA,0.034482758620689655
2024-03-15,DUK,0.034482758620689655
2024-03-15,RF,0.034482758620689655
2024-03-15,CLX,0.034482758620689655
2024-03-15,BSX,0.034482758620689655
2024-03-15,COF,0.034482758620689655
2024-03-15,MT,0.034482758620689655
2024-03-15,VZ,0.034482758620689655
2024-03-15,BMY,0.034482758620689655
2024-03-18,PPG,0.034482758620689655
2024-03-18,BAX,0.034482758620689655
2024-03-18,VWO,0.034482758620689655
2024-03-18,WEN,0.034482758620689655
2024-03-18,BUD,0.034482758620689655
2024-03-18,ICE,0.034482758620689655
2024-03-18,GREK,0.034482758620689655
2024-03-18,JNJ,0.034482758620689655
2024-03-18,STI,0.034482758620689655
2024-03-18,KMB,0.034482758620689655
2024-03-18,VTR,0.034482758620689655
2024-03-18,DHI,0.034482758620689655
2024-03-18,BDX,0.034482758620689655
2024-03-18,EWI,0.034482758620689655
2024-03-18,DLTR,0.034482758620689655
2024-03-18,MS,0.034482758620689655
2024-03-18,KEY,0.034482758620689655
2024-03-18,ULTA,0.034482758620689655
2024-03-18,PVH,0.034482758620689655
2024-03-18,HUM,0.034482758620689655
2024-03-18,NWSA,0.034482758620689655
2024-03-18,BX,0.034482758620689655
2024-03-18,PCG,0.034482758620689655
2024-03-18,DUK,0.034482758620689655
2024-03-18,CLX,0.034482758620689655
2024-03-18,COF,0.034482758620689655
2024-03-18,MT,0.034482758620689655
2024-03-18,VZ,0.034482758620689655
2024-03-18,BMY,0.034482758620689655
2024-03-19,VWO,0.034482758620689655
2024-03-19,WEN,0.034482758620689655
2024-03-19,BUD,0.034482758620689655
2024-03-19,SPWR,0.034482758620689655
2024-03-19,GREK,0.034482758620689655
2024-03-19,JNJ,0.034482758620689655
2024-03-19,KMB,0.034482758620689655
2024-03-19,VTR,0.034482758620689655
2024-03-19,BBT,0.034482758620689655
2024-03-19,BDX,0.034482758620689655
2024-03-19,WFC,0.034482758620689655
2024-03-19,QQQ,0.034482758620689655
2024-03-19,SIRI,0.034482758620689655
2024-03-19,DLTR,0.034482758620689655
2024-03-19,MS,0.034482758620689655
2024-03-19,KEY,0.034482758620689655
2024-03-19,KO,0.034482758620689655
2024-03-19,ULTA,0.034482758620689655
2024-03-19,HUM,0.034482758620689655
2024-03-19,BX,0.034482758620689655
2024-03-19,MRVL,0.034482758620689655
2024-03-19,DUK,0.034482758620689655
2024-03-19,RF,0.034482758620689655
2024-03-19,CME,0.034482758620689655
2024-03-19,CP,0.034482758620689655
2024-03-19,COF,0.034482758620689655
2024-03-19,MT,0.034482758620689655
2024-03-19,VZ,0.034482758620689655
2024-03-19,BMY,0.034482758620689655
2024-03-20,MNST,0.034482758620689655
2024-03-20,CNC,0.034482758620689655
2024-03-20,PPG,0.034482758620689655
2024-03-20,AMTD,0.034482758620689655
2024-03-20,BAX,0.034482758620689655
2024-03-20,A,0.034482758620689655
2024-03-20,WEN,0.034482758620689655
2024-03-20,AA,0.034482758620689655
2024-03-20,BUD,0.034482758620689655
2024-03-20,SPWR,0.034482758620689655
2024-03-20,JNJ,0.034482758620689655
2024-03-20,KMB,0.034482758620689655
2024-03-20,VTR,0.034482758620689655
2024-03-20,BDX,0.034482758620689655
2024-03-20,EOG,0.034482758620689655
2024-03-20,QQQ,0.034482758620689655
2024-03-20,SIRI,0.034482758620689655
2024-03-20,DLTR,0.034482758620689655
2024-03-20,ILMN,0.034482758620689655
2024-03-20,KGC,0.034482758620689655
2024-03-20,TRP,0.034482758620689655
2024-03-20,HUM,0.034482758620689655
2024-03-20,MRVL,0.034482758620689655
2024-03-20,PCG,0.034482758620689655
2024-03-20,DUK,0.034482758620689655
2024-03-20,CME,0.034482758620689655
2024-03-20,CLX,0.034482758620689655
2024-03-20,M,0.034482758620689655
2024-03-20,VZ,0.034482758620689655
2024-03-21,MNST,0.034482758620689655
2024-03-21,CNC,0.034482758620689655
2024-03-21,PPG,0.034482758620689655
2024-03-21,AMTD,0.034482758620689655
2024-03-21,CF,0.034482758620689655
2024-03-21,BUD,0.034482758620689655
2024-03-21,SPWR,0.034482758620689655
2024-03-21,NSC,0.034482758620689655
2024-03-21,JNJ,0.034482758620689655
2024-03-21,KMB,0.034482758620689655
2024-03-21,VTR,0.034482758620689655
2024-03-21,BDX,0.034482758620689655
2024-03-21,EOG,0.034482758620689655
2024-03-21,QQQ,0.034482758620689655
2024-03-21,EWI,0.034482758620689655
2024-03-21,SIRI,0.034482758620689655
2024-03-21,DLTR,0.034482758620689655
2024-03-21,ILMN,0.034482758620689655
2024-03-21,KGC,0.034482758620689655
2024-03-21,KO,0.034482758620689655
2024-03-21,HUM,0.034482758620689655
2024-03-21,DUK,0.034482758620689655
2024-03-21,CLX,0.034482758620689655
2024-03-21,M,0.034482758620689655
2024-03-21,ENB,0.034482758620689655
2024-03-21,MT,0.034482758620689655
2024-03-21,VZ,0.034482758620689655
2024-03-21,MRK,0.034482758620689655
2024-03-21,BMY,0.034482758620689655
2024-03-22,MET,0.034482758620689655
2024-03-22,CNC,0.034482758620689655
2024-03-22,PPG,0.034482758620689655
2024-03-22,VWO,0.034482758620689655
2024-03-22,CF,0.034482758620689655
2024-03-22,XLP,0.034482758620689655
2024-03-22,WEN,0.034482758620689655
2024-03-22,BUD,0.034482758620689655
2024-03-22,NSC,0.034482758620689655
2024-03-22,ICE,0.034482758620689655
2024-03-22,GREK,0.034482758620689655
2024-03-22,JNJ,0.034482758620689655
2024-03-22,VTR,0.034482758620689655
2024-03-22,EWC,0.034482758620689655
2024-03-22,WFC,0.034482758620689655
2024-03-22,EOG,0.034482758620689655
2024-03-22,EWI,0.034482758620689655
2024-03-22,SIRI,0.034482758620689655
2024-03-22,DLTR,0.034482758620689655
2024-03-22,KEY,0.034482758620689655
2024-03-22,HUM,0.034482758620689655
2024-03-22,NWSA,0.034482758620689655
2024-03-22,BX,0.034482758620689655
2024-03-22,DUK,0.034482758620689655
2024-03-22,CME,0.034482758620689655
2024-03-22,OHI,0.034482758620689655
2024-03-22,M,0.034482758620689655
2024-03-22,ENB,0.034482758620689655
2024-03-22,VZ,0.034482758620689655
2024-03-25,PPG,0.034482758620689655
2024-03-25,A,0.034482758620689655
2024-03-25,CF,0.034482758620689655
2024-03-25,XLP,0.034482758620689655
2024-03-25,WEN,0.034482758620689655
2024-03-25,BUD,0.034482758620689655
2024-03-25,NSC,0.034482758620689655
2024-03-25,ICE,0.034482758620689655
2024-03-25,JNJ,0.034482758620689655
2024-03-25,STI,0.034482758620689655
2024-03-25,NDAQ,0.034482758620689655
2024-03-25,VTR,0.034482758620689655
2024-03-25,EWC,0.034482758620689655
2024-03-25,BDX,0.034482758620689655
2024-03-25,WFC,0.034482758620689655
2024-03-25,SIRI,0.034482758620689655
2024-03-25,ANF,0.034482758620689655
2024-03-25,MS,0.034482758620689655
2024-03-25,XRT,0.034482758620689655
2024-03-25,ILMN,0.034482758620689655
2024-03-25,HUM,0.034482758620689655
2024-03-25,DUK,0.034482758620689655
2024-03-25,NTES,0.034482758620689655
2024-03-25,HMC,0.034482758620689655
2024-03-25,CP,0.034482758620689655
2024-03-25,PRGO,0.034482758620689655
2024-03-25,OHI,0.034482758620689655
2024-03-25,BSX,0.034482758620689655
2024-03-25,M,0.034482758620689655
2024-03-26,PPG,0.034482758620689655
2024-03-26,BAX,0.034482758620689655
2024-03-26,VWO,0.034482758620689655
2024-03-26,A,0.034482758620689655
2024-03-26,CF,0.034482758620689655
2024-03-26,XLP,0.034482758620689655
2024-03-26,WEN,0.034482758620689655
2024-03-26,HYG,0.034482758620689655
2024-03-26,BUD,0.034482758620689655
2024-03-26,SPWR,0.034482758620689655
2024-03-26,NSC,0.034482758620689655
2024-03-26,GREK,0.034482758620689655
2024-03-26,JNJ,0.034482758620689655
2024-03-26,STI,0.034482758620689655
2024-03-26,VTR,0.034482758620689655
2024-03-26,EWC,0.034482758620689655
2024-03-26,BDX,0.034482758620689655
2024-03-26,WFC,0.034482758620689655
2024-03-26,SIRI,0.034482758620689655
2024-03-26,ILMN,0.034482758620689655
2024-03-26,HUM,0.034482758620689655
2024-03-26,TRIP,0.034482758620689655
2024-03-26,BX,0.034482758620689655
2024-03-26,DUK,0.034482758620689655
2024-03-26,CME,0.034482758620689655
2024-03-26,CP,0.034482758620689655
2024-03-26,OHI,0.034482758620689655
2024-03-26,XLE,0.034482758620689655
2024-03-26,VZ,0.034482758620689655
2024-03-27,MNST,0.034482758620689655
2024-03-27,PPG,0.034482758620689655
2024-03-27,AMTD,0.034482758620689655
2024-03-27,VWO,0.034482758620689655
2024-03-27,CF,0.034482758620689655
2024-03-27,NVDA,0.034482758620689655
2024-03-27,BUD,0.034482758620689655
2024-03-27,ICE,0.034482758620689655
2024-03-27,GREK,0.034482758620689655
2024-03-27,JNJ,0.034482758620689655
2024-03-27,STI,0.034482758620689655
2024-03-27,NDAQ,0.034482758620689655
2024-03-27,VTR,0.034482758620689655
2024-03-27,BDX,0.034482758620689655
2024-03-27,SIRI,0.034482758620689655
2024-03-27,HTZ,0.034482758620689655
2024-03-27,ORCL,0.034482758620689655
2024-03-27,TSM,0.034482758620689655
2024-03-27,TRP,0.034482758620689655
2024-03-27,HUM,0.034482758620689655
2024-03-27,NWSA,0.034482758620689655
2024-03-27,TRIP,0.034482758620689655
2024-03-27,BX,0.034482758620689655
2024-03-27,NTES,0.034482758620689655
2024-03-27,CLX,0.034482758620689655
2024-03-27,PRGO,0.034482758620689655
2024-03-27,OHI,0.034482758620689655
2024-03-27,CSIQ,0.034482758620689655
2024-03-27,VZ,0.034482758620689655
2024-03-28,CNC,0.034482758620689655
2024-03-28,PPG,0.034482758620689655
2024-03-28,AMTD,0.034482758620689655
2024-03-28,A,0.034482758620689655
2024-03-28,NVDA,0.034482758620689655
2024-03-28,HYG,0.034482758620689655
2024-03-28,BUD,0.034482758620689655
2024-03-28,SPWR,0.034482758620689655
2024-03-28,ICE,0.034482758620689655
2024-03-28,GREK,0.034482758620689655
2024-03-28,JNJ,0.034482758620689655
2024-03-28,STI,0.034482758620689655
2024-03-28,NDAQ,0.034482758620689655
2024-03-28,HAS,0.034482758620689655
2024-03-28,VTR,0.034482758620689655
2024-03-28,BDX,0.034482758620689655
2024-03-28,EWI,0.034482758620689655
2024-03-28,SIRI,0.034482758620689655
2024-03-28,CCL,0.034482758620689655
2024-03-28,TSM,0.034482758620689655
2024-03-28,ILMN,0.034482758620689655
2024-03-28,HUM,0.034482758620689655
2024-03-28,NWSA,0.034482758620689655
2024-03-28,TRIP,0.034482758620689655
2024-03-28,BX,0.034482758620689655
2024-03-28,CLX,0.034482758620689655
2024-03-28,PRGO,0.034482758620689655
2024-03-28,MT,0.034482758620689655
2024-03-28,VZ,0.034482758620689655
2024-04-01,MNST,0.034482758620689655
2024-04-01,CNC,0.034482758620689655
2024-04-01,PPG,0.034482758620689655
2024-04-01,XLP,0.034482758620689655
2024-04-01,WEN,0.034482758620689655
2024-04-01,HYG,0.034482758620689655
2024-04-01,NSC,0.034482758620689655
2024-04-01,GREK,0.034482758620689655
2024-04-01,JNJ,0.034482758620689655
2024-04-01,NDAQ,0.034482758620689655
2024-04-01,VTR,0.034482758620689655
2024-04-01,BDX,0.034482758620689655
2024-04-01,EWI,0.034482758620689655
2024-04-01,SIRI,0.034482758620689655
2024-04-01,KEY,0.034482758620689655
2024-04-01,ILMN,0.034482758620689655
2024-04-01,KO,0.034482758620689655
2024-04-01,HUM,0.034482758620689655
2024-04-01,NWSA,0.034482758620689655
2024-04-01,TRIP,0.034482758620689655
2024-04-01,LOW,0.034482758620689655
2024-04-01,PCG,0.034482758620689655
2024-04-01,NTES,0.034482758620689655
2024-04-01,HMC,0.034482758620689655
2024-04-01,CME,0.034482758620689655
2024-04-01,CLX,0.034482758620689655
2024-04-01,PRGO,0.034482758620689655
2024-04-01,BSX,0.034482758620689655
2024-04-01,BMY,0.034482758620689655
2024-04-02,MNST,0.034482758620689655
2024-04-02,CNC,0.034482758620689655
2024-04-02,PPG,0.034482758620689655
2024-04-02,XLP,0.034482758620689655
2024-04-02,DAL,0.034482758620689655
2024-04-02,HYG,0.034482758620689655
2024-04-02,GREK,0.034482758620689655
2024-04-02,NDAQ,0.034482758620689655
2024-04-02,HAS,0.034482758620689655
2024-04-02,DHI,0.034482758620689655
2024-04-02,EWC,0.034482758620689655
2024-04-02,BDX,0.034482758620689655
2024-04-02,EWI,0.034482758620689655
2024-04-02,SIRI,0.034482758620689655
2024-04-02,MAR,0.034482758620689655
2024-04-02,XRT,0.034482758620689655
2024-04-02,KEY,0.034482758620689655
2024-04-02,ILMN,0.034482758620689655
2024-04-02,KO,0.034482758620689655
2024-04-02,RL,0.034482758620689655
2024-04-02,HUM,0.034482758620689655
2024-04-02,NWSA,0.034482758620689655
2024-04-02,BX,0.034482758620689655
2024-04-02,LOW,0.034482758620689655
2024-04-02,HMC,0.034482758620689655
2024-04-02,CP,0.034482758620689655
2024-04-02,CLX,0.034482758620689655
2024-04-02,PRGO,0.034482758620689655
2024-04-02,BSX,0.034482758620689655
2024-04-03,MNST,0.034482758620689655
2024-04-03,CNC,0.034482758620689655
2024-04-03,PPG,0.034482758620689655
2024-04-03,XLP,0.034482758620689655
2024-04-03,DAL,0.034482758620689655
2024-04-03,HYG,0.034482758620689655
2024-04-03,BUD,0.034482758620689655
2024-04-03,GREK,0.034482758620689655
2024-04-03,JNJ,0.034482758620689655
2024-04-03,KMB,0.034482758620689655
2024-04-03,NDAQ,0.034482758620689655
2024-04-03,SIRI,0.034482758620689655
2024-04-03,XRT,0.034482758620689655
2024-04-03,ILMN,0.034482758620689655
2024-04-03,TRP,0.034482758620689655
2024-04-03,KO,0.034482758620689655
2024-04-03,ULTA,0.034482758620689655
2024-04-03,PVH,0.034482758620689655
2024-04-03,RL,0.034482758620689655
2024-04-03,HUM,0.034482758620689655
2024-04-03,BX,0.034482758620689655
2024-04-03,LOW,0.034482758620689655
2024-04-03,NTES,0.034482758620689655
2024-04-03,HMC,0.034482758620689655
2024-04-03,CLX,0.034482758620689655
2024-04-03,PRGO,0.034482758620689655
2024-04-03,M,0.034482758620689655
2024-04-03,MRK,0.034482758620689655
2024-04-03,BMY,0.034482758620689655
2024-04-04,MNST,0.034482758620689655
2024-04-04,CNC,0.034482758620689655
2024-04-04,PPG,0.034482758620689655
2024-04-04,BAX,0.034482758620689655
2024-04-04,A,0.034482758620689655
2024-04-04,HOG,0.034482758620689655
2024-04-04,XLP,0.034482758620689655
2024-04-04,DAL,0.034482758620689655
2024-04-04,NSC,0.034482758620689655
2024-04-04,GREK,0.034482758620689655
2024-04-04,JNJ,0.034482758620689655
2024-04-04,NDAQ,0.034482758620689655
2024-04-04,EWC,0.034482758620689655
2024-04-04,EWI,0.034482758620689655
2024-04-04,SIRI,0.034482758620689655
2024-04-04,DLTR,0.034482758620689655
2024-04-04,XRT,0.034482758620689655
2024-04-04,TRP,0.034482758620689655
2024-04-04,KO,0.034482758620689655
2024-04-04,PVH,0.034482758620689655
2024-04-04,EW,0.034482758620689655
2024-04-04,RL,0.034482758620689655
2024-04-04,NWSA,0.034482758620689655
2024-04-04,TRIP,0.034482758620689655
2024-04-04,LOW,0.034482758620689655
2024-04-04,HMC,0.034482758620689655
2024-04-04,CLX,0.034482758620689655
2024-04-04,CSIQ,0.034482758620689655
2024-04-04,MRK,0.034482758620689655
2024-04-05,CNC,0.034482758620689655
2024-04-05,PPG,0.034482758620689655
2024-04-05,BAX,0.034482758620689655
2024-04-05,XLP,0.034482758620689655
2024-04-05,HYG,0.034482758620689655
2024-04-05,BUD,0.034482758620689655
2024-04-05,SPWR,0.034482758620689655
2024-04-05,NSC,0.034482758620689655
2024-04-05,GREK,0.034482758620689655
2024-04-05,JNJ,0.034482758620689655
2024-04-05,KMB,0.034482758620689655
2024-04-05,BDX,0.034482758620689655
2024-04-05,QQQ,0.034482758620689655
2024-04-05,EWI,0.034482758620689655
2024-04-05,SIRI,0.034482758620689655
2024-04-05,DLTR,0.034482758620689655
2024-04-05,XRT,0.034482758620689655
2024-04-05,TRP,0.034482758620689655
2024-04-05,KO,0.034482758620689655
2024-04-05,NWSA,0.034482758620689655
2024-04-05,TRIP,0.034482758620689655
2024-04-05,PCG,0.034482758620689655
2024-04-05,NTES,0.034482758620689655
2024-04-05,CME,0.034482758620689655
2024-04-05,CLX,0.034482758620689655
2024-04-05,M,0.034482758620689655
2024-04-05,ENB,0.034482758620689655
2024-04-05,VZ,0.034482758620689655
2024-04-05,MRK,0.034482758620689655
2024-04-08,CNC,0.034482758620689655
2024-04-08,PPG,0.034482758620689655
2024-04-08,BAX,0.034482758620689655
2024-04-08,CF,0.034482758620689655
2024-04-08,XLP,0.034482758620689655
2024-04-08,WEN,0.034482758620689655
2024-04-08,ICE,0.034482758620689655
2024-04-08,JNJ,0.034482758620689655
2024-04-08,STI,0.034482758620689655
2024-04-08,KMB,0.034482758620689655
2024-04-08,VTR,0.034482758620689655
2024-04-08,BDX,0.034482758620689655
2024-04-08,SIRI,0.034482758620689655
2024-04-08,DLTR,0.034482758620689655
2024-04-08,WMB,0.034482758620689655
2024-04-08,TRP,0.034482758620689655
2024-04-08,KO,0.034482758620689655
2024-04-08,RL,0.034482758620689655
2024-04-08,NWSA,0.034482758620689655
2024-04-08,TRIP,0.034482758620689655
2024-04-08,PCG,0.034482758620689655
2024-04-08,CME,0.034482758620689655
2024-04-08,CLX,0.034482758620689655
2024-04-08,OHI,0.034482758620689655
2024-04-08,CSIQ,0.034482758620689655
2024-04-08,ENB,0.034482758620689655
2024-04-08,VZ,0.034482758620689655
2024-04-08,MRK,0.034482758620689655
2024-04-08,BMY,0.034482758620689655
2024-04-09,MET,0.034482758620689655
2024-04-09,CNC,0.034482758620689655
2024-04-09,PPG,0.034482758620689655
2024-04-09,CF,0.034482758620689655
2024-04-09,HP,0.034482758620689655
2024-04-09,WEN,0.034482758620689655
2024-04-09,ICE,0.034482758620689655
2024-04-09,GREK,0.034482758620689655
2024-04-09,JNJ,0.034482758620689655
2024-04-09,STI,0.034482758620689655
2024-04-09,TRV,0.034482758620689655
2024-04-09,VTR,0.034482758620689655
2024-04-09,BDX,0.034482758620689655
2024-04-09,EWI,0.034482758620689655
2024-04-09,SIRI,0.034482758620689655
2024-04-09,ANF,0.034482758620689655
2024-04-09,DLTR,0.034482758620689655
2024-04-09,MAR,0.034482758620689655
2024-04-09,TRP,0.034482758620689655
2024-04-09,RL,0.034482758620689655
2024-04-09,NTAP,0.034482758620689655
2024-04-09,NWSA,0.034482758620689655
2024-04-09,TRIP,0.034482758620689655
2024-04-09,CME,0.034482758620689655
2024-04-09,CLX,0.034482758620689655
2024-04-09,OHI,0.034482758620689655
2024-04-09,BSX,0.034482758620689655
2024-04-09,VZ,0.034482758620689655
2024-04-09,MRK,0.034482758620689655
2024-04-10,MET,0.034482758620689655
2024-04-10,MNST,0.034482758620689655
2024-04-10,PPG,0.034482758620689655
2024-04-10,BAX,0.034482758620689655
2024-04-10,HOG,0.034482758620689655
2024-04-10,BUD,0.034482758620689655
2024-04-10,JNJ,0.034482758620689655
2024-04-10,TRV,0.034482758620689655
2024-04-10,DHI,0.034482758620689655
2024-04-10,BDX,0.034482758620689655
2024-04-10,WFC,0.034482758620689655
2024-04-10,EWI,0.034482758620689655
2024-04-10,SIRI,0.034482758620689655
2024-04-10,MS,0.034482758620689655
2024-04-10,XRT,0.034482758620689655
2024-04-10,KEY,0.034482758620689655
2024-04-10,WMB,0.034482758620689655
2024-04-10,TRP,0.034482758620689655
2024-04-10,RL,0.034482758620689655
2024-04-10,NTAP,0.034482758620689655
2024-04-10,NWSA,0.034482758620689655
2024-04-10,TRIP,0.034482758620689655
2024-04-10,BX,0.034482758620689655
2024-04-10,LOW,0.034482758620689655
2024-04-10,RF,0.034482758620689655
2024-04-10,HMC,0.034482758620689655
2024-04-10,COF,0.034482758620689655
2024-04-10,ENB,0.034482758620689655
2024-04-10,VZ,0.034482758620689655
2024-04-11,MET,0.034482758620689655
2024-04-11,CNC,0.034482758620689655
2024-04-11,PPG,0.034482758620689655
2024-04-11,HP,0.034482758620689655
2024-04-11,HOG,0.034482758620689655
2024-04-11,HYG,0.034482758620689655
2024-04-11,ICE,0.034482758620689655
2024-04-11,GREK,0.034482758620689655
2024-04-11,JNJ,0.034482758620689655
2024-04-11,HAS,0.034482758620689655
2024-04-11,TRV,0.034482758620689655
2024-04-11,EWC,0.034482758620689655
2024-04-11,WFC,0.034482758620689655
2024-04-11,EWI,0.034482758620689655
2024-04-11,SIRI,0.034482758620689655
2024-04-11,MS,0.034482758620689655
2024-04-11,KEY,0.034482758620689655
2024-04-11,WMB,0.034482758620689655
2024-04-11,TRP,0.034482758620689655
2024-04-11,RL,0.034482758620689655
2024-04-11,NWSA,0.034482758620689655
2024-04-11,BX,0.034482758620689655
2024-04-11,LOW,0.034482758620689655
2024-04-11,RF,0.034482758620689655
2024-04-11,CP,0.034482758620689655
2024-04-11,OHI,0.034482758620689655
2024-04-11,ENB,0.034482758620689655
2024-04-11,VZ,0.034482758620689655
2024-04-11,BMY,0.034482758620689655
2024-04-12,MET,0.034482758620689655
2024-04-12,BAX,0.034482758620689655
2024-04-12,HP,0.034482758620689655
2024-04-12,HOG,0.034482758620689655
2024-04-12,XLP,0.034482758620689655
2024-04-12,NSC,0.034482758620689655
2024-04-12,CAG,0.034482758620689655
2024-04-12,JNJ,0.034482758620689655
2024-04-12,KMB,0.034482758620689655
2024-04-12,TRV,0.034482758620689655
2024-04-12,EWC,0.034482758620689655
2024-04-12,EWI,0.034482758620689655
2024-04-12,SIRI,0.034482758620689655
2024-04-12,DLTR,0.034482758620689655
2024-04-12,MS,0.034482758620689655
2024-04-12,MAR,0.034482758620689655
2024-04-12,XRT,0.034482758620689655
2024-04-12,WMB,0.034482758620689655
2024-04-12,TRP,0.034482758620689655
2024-04-12,RL,0.034482758620689655
2024-04-12,NWSA,0.034482758620689655
2024-04-12,BX,0.034482758620689655
2024-04-12,NTES,0.034482758620689655
2024-04-12,HMC,0.034482758620689655
2024-04-12,CME,0.034482758620689655
2024-04-12,XLE,0.034482758620689655
2024-04-12,ENB,0.034482758620689655
2024-04-12,VZ,0.034482758620689655
2024-04-12,BMY,0.034482758620689655
2024-04-15,MET,0.034482758620689655
2024-04-15,BAX,0.034482758620689655
2024-04-15,VWO,0.034482758620689655
2024-04-15,HOG,0.034482758620689655
2024-04-15,XLP,0.034482758620689655
2024-04-15,HYG,0.034482758620689655
2024-04-15,NSC,0.034482758620689655
2024-04-15,ICE,0.034482758620689655
2024-04-15,RRC,0.034482758620689655
2024-04-15,GREK,0.034482758620689655
2024-04-15,NDAQ,0.034482758620689655
2024-04-15,DHI,0.034482758620689655
2024-04-15,EWC,0.034482758620689655
2024-04-15,QQQ,0.034482758620689655
2024-04-15,EWI,0.034482758620689655
2024-04-15,SIRI,0.034482758620689655
2024-04-15,MAR,0.034482758620689655
2024-04-15,XRT,0.034482758620689655
2024-04-15,WMB,0.034482758620689655
2024-04-15,TRP,0.034482758620689655
2024-04-15,EW,0.034482758620689655
2024-04-15,NWSA,0.034482758620689655
2024-04-15,TRIP,0.034482758620689655
2024-04-15,BX,0.034482758620689655
2024-04-15,LOW,0.034482758620689655
2024-04-15,HMC,0.034482758620689655
2024-04-15,CME,0.034482758620689655
2024-04-15,BSX,0.034482758620689655
2024-04-15,XLE,0.034482758620689655
2024-04-16,MET,0.034482758620689655
2024-04-16,PPG,0.034482758620689655
2024-04-16,BAX,0.034482758620689655
2024-04-16,HP,0.034482758620689655
2024-04-16,HOG,0.034482758620689655
2024-04-16,HYG,0.034482758620689655
2024-04-16,NSC,0.034482758620689655
2024-04-16,ICE,0.034482758620689655
2024-04-16,RRC,0.034482758620689655
2024-04-16,GREK,0.034482758620689655
2024-04-16,EWC,0.034482758620689655
2024-04-16,BDX,0.034482758620689655
2024-04-16,WFC,0.034482758620689655
2024-04-16,QQQ,0.034482758620689655
2024-04-16,EWI,0.034482758620689655
2024-04-16,MAR,0.034482758620689655
2024-04-16,XRT,0.034482758620689655
2024-04-16,WMB,0.034482758620689655
2024-04-16,TRP,0.034482758620689655
2024-04-16,NWSA,0.034482758620689655
2024-04-16,TRIP,0.034482758620689655
2024-04-16,BX,0.034482758620689655
2024-04-16,DUK,0.034482758620689655
2024-04-16,HMC,0.034482758620689655
2024-04-16,CME,0.034482758620689655
2024-04-16,OHI,0.034482758620689655
2024-04-16,XLE,0.034482758620689655
2024-04-16,COF,0.034482758620689655
2024-04-16,CAT,0.034482758620689655
2024-04-17,MET,0.034482758620689655
2024-04-17,BAX,0.034482758620689655
2024-04-17,VWO,0.034482758620689655
2024-04-17,A,0.034482758620689655
2024-04-17,HP,0.034482758620689655
2024-04-17,HOG,0.034482758620689655
2024-04-17,HYG,0.034482758620689655
2024-04-17,NSC,0.034482758620689655
2024-04-17,ICE,0.034482758620689655
2024-04-17,RRC,0.034482758620689655
2024-04-17,GREK,0.034482758620689655
2024-04-17,TRV,0.034482758620689655
2024-04-17,EWC,0.034482758620689655
2024-04-17,BDX,0.034482758620689655
2024-04-17,EBAY,0.034482758620689655
2024-04-17,QQQ,0.034482758620689655
2024-04-17,SIRI,0.034482758620689655
2024-04-17,MAR,0.034482758620689655
2024-04-17,XRT,0.034482758620689655
2024-04-17,WMB,0.034482758620689655
2024-04-17,TRP,0.034482758620689655
2024-04-17,EW,0.034482758620689655
2024-04-17,NWSA,0.034482758620689655
2024-04-17,TRIP,0.034482758620689655
2024-04-17,HMC,0.034482758620689655
2024-04-17,CP,0.034482758620689655
2024-04-17,OHI,0.034482758620689655
2024-04-17,XLE,0.034482758620689655
2024-04-17,MT,0.034482758620689655
2024-04-18,MNST,0.034482758620689655
2024-04-18,BAX,0.034482758620689655
2024-04-18,A,0.034482758620689655
2024-04-18,HP,0.034482758620689655
2024-04-18,HOG,0.034482758620689655
2024-04-18,NSC,0.034482758620689655
2024-04-18,ICE,0.034482758620689655
2024-04-18,TRV,0.034482758620689655
2024-04-18,VTR,0.034482758620689655
2024-04-18,QQQ,0.034482758620689655
2024-04-18,SIRI,0.034482758620689655
2024-04-18,ANF,0.034482758620689655
2024-04-18,ORCL,0.034482758620689655
2024-04-18,TSM,0.034482758620689655
2024-04-18,MAR,0.034482758620689655
2024-04-18,XRT,0.034482758620689655
2024-04-18,WMB,0.034482758620689655
2024-04-18,EW,0.034482758620689655
2024-04-18,RL,0.034482758620689655
2024-04-18,NWSA,0.034482758620689655
2024-04-18,TRIP,0.034482758620689655
2024-04-18,BX,0.034482758620689655
2024-04-18,HMC,0.034482758620689655
2024-04-18,CP,0.034482758620689655
2024-04-18,SYK,0.034482758620689655
2024-04-18,CSIQ,0.034482758620689655
2024-04-18,BSX,0.034482758620689655
2024-04-18,XLE,0.034482758620689655
2024-04-18,MT,0.034482758620689655
2024-04-19,MNST,0.034482758620689655
2024-04-19,PPG,0.034482758620689655
2024-04-19,BAX,0.034482758620689655
2024-04-19,VWO,0.034482758620689655
2024-04-19,A,0.034482758620689655
2024-04-19,NVDA,0.034482758620689655
2024-04-19,SPWR,0.034482758620689655
2024-04-19,NSC,0.034482758620689655
2024-04-19,ICE,0.034482758620689655
2024-04-19,QCOM,0.034482758620689655
2024-04-19,DHI,0.034482758620689655
2024-04-19,BDX,0.034482758620689655
2024-04-19,MU,0.034482758620689655
2024-04-19,QQQ,0.034482758620689655
2024-04-19,SIRI,0.034482758620689655
2024-04-19,ORCL,0.034482758620689655
2024-04-19,TSM,0.034482758620689655
2024-04-19,MAR,0.034482758620689655
2024-04-19,EW,0.034482758620689655
2024-04-19,HUM,0.034482758620689655
2024-04-19,NTAP,0.034482758620689655
2024-04-19,NWSA,0.034482758620689655
2024-04-19,TRIP,0.034482758620689655
2024-04-19,BX,0.034482758620689655
2024-04-19,HMC,0.034482758620689655
2024-04-19,CLX,0.034482758620689655
2024-04-19,SYK,0.034482758620689655
2024-04-19,BSX,0.034482758620689655
2024-04-19,MT,0.034482758620689655
2024-04-22,CNC,0.034482758620689655
2024-04-22,PPG,0.034482758620689655
2024-04-22,AMTD,0.034482758620689655
2024-04-22,A,0.034482758620689655
2024-04-22,HP,0.034482758620689655
2024-04-22,NVDA,0.034482758620689655
2024-04-22,SPWR,0.034482758620689655
2024-04-22,NSC,0.034482758620689655
2024-04-22,ICE,0.034482758620689655
2024-04-22,TRV,0.034482758620689655
2024-04-22,VTR,0.034482758620689655
2024-04-22,DHI,0.034482758620689655
2024-04-22,BDX,0.034482758620689655
2024-04-22,QQQ,0.034482758620689655
2024-04-22,SIRI,0.034482758620689655
2024-04-22,ORCL,0.034482758620689655
2024-04-22,TSM,0.034482758620689655
2024-04-22,MAR,0.034482758620689655
2024-04-22,KGC,0.034482758620689655
2024-04-22,TRP,0.034482758620689655
2024-04-22,D,0.034482758620689655
2024-04-22,HUM,0.034482758620689655
2024-04-22,NTAP,0.034482758620689655
2024-04-22,HMC,0.034482758620689655
2024-04-22,CME,0.034482758620689655
2024-04-22,CLX,0.034482758620689655
2024-04-22,OHI,0.034482758620689655
2024-04-22,SYK,0.034482758620689655
2024-04-22,M,0.034482758620689655
2024-04-23,CNC,0.034482758620689655
2024-04-23,PPG,0.034482758620689655
2024-04-23,NSC,0.034482758620689655
2024-04-23,ICE,0.034482758620689655
2024-04-23,JNJ,0.034482758620689655
2024-04-23,STI,0.034482758620689655
2024-04-23,TRV,0.034482758620689655
2024-04-23,VTR,0.034482758620689655
2024-04-23,BDX,0.034482758620689655
2024-04-23,QQQ,0.034482758620689655
2024-04-23,SIRI,0.034482758620689655
2024-04-23,MAR,0.034482758620689655
2024-04-23,TRP,0.034482758620689655
2024-04-23,KO,0.034482758620689655
2024-04-23,ULTA,0.034482758620689655
2024-04-23,PVH,0.034482758620689655
2024-04-23,HUM,0.034482758620689655
2024-04-23,NWSA,0.034482758620689655
2024-04-23,BX,0.034482758620689655
2024-04-23,DUK,0.034482758620689655
2024-04-23,NTES,0.034482758620689655
2024-04-23,HMC,0.034482758620689655
2024-04-23,CME,0.034482758620689655
2024-04-23,CLX,0.034482758620689655
2024-04-23,CSIQ,0.034482758620689655
2024-04-23,M,0.034482758620689655
2024-04-23,MT,0.034482758620689655
2024-04-23,MRK,0.034482758620689655
2024-04-23,BMY,0.034482758620689655
2024-04-24,PPG,0.034482758620689655
2024-04-24,A,0.034482758620689655
2024-04-24,NVDA,0.034482758620689655
2024-04-24,DAL,0.034482758620689655
2024-04-24,SPWR,0.034482758620689655
2024-04-24,NSC,0.034482758620689655
2024-04-24,ICE,0.034482758620689655
2024-04-24,GREK,0.034482758620689655
2024-04-24,JNJ,0.034482758620689655
2024-04-24,TRV,0.034482758620689655
2024-04-24,VTR,0.034482758620689655
2024-04-24,EWC,0.034482758620689655
2024-04-24,BDX,0.034482758620689655
2024-04-24,QQQ,0.034482758620689655
2024-04-24,EWI,0.034482758620689655
2024-04-24,SIRI,0.034482758620689655
2024-04-24,ANF,0.034482758620689655
2024-04-24,TRP,0.034482758620689655
2024-04-24,HUM,0.034482758620689655
2024-04-24,NWSA,0.034482758620689655
2024-04-24,TRIP,0.034482758620689655
2024-04-24,LOW,0.034482758620689655
2024-04-24,HMC,0.034482758620689655
2024-04-24,CME,0.034482758620689655
2024-04-24,SYK,0.034482758620689655
2024-04-24,CSIQ,0.034482758620689655
2024-04-24,M,0.034482758620689655
2024-04-24,MT,0.034482758620689655
2024-04-24,BMY,0.034482758620689655
2024-04-25,MET,0.034482758620689655
2024-04-25,MNST,0.034482758620689655
2024-04-25,PPG,0.034482758620689655
2024-04-25,BAX,0.034482758620689655
2024-04-25,A,0.034482758620689655
2024-04-25,HP,0.034482758620689655
2024-04-25,HOG,0.034482758620689655
2024-04-25,HYG,0.034482758620689655
2024-04-25,SPWR,0.034482758620689655
2024-04-25,NSC,0.034482758620689655
2024-04-25,ICE,0.034482758620689655
2024-04-25,GREK,0.034482758620689655
2024-04-25,JNJ,0.034482758620689655
2024-04-25,EWC,0.034482758620689655
2024-04-25,BDX,0.034482758620689655
2024-04-25,WFC,0.034482758620689655
2024-04-25,QQQ,0.034482758620689655
2024-04-25,EWI,0.034482758620689655
2024-04-25,SIRI,0.034482758620689655
2024-04-25,TRP,0.034482758620689655
2024-04-25,HUM,0.034482758620689655
2024-04-25,NWSA,0.034482758620689655
2024-04-25,TRIP,0.034482758620689655
2024-04-25,HMC,0.034482758620689655
2024-04-25,CME,0.034482758620689655
2024-04-25,OHI,0.034482758620689655
2024-04-25,SYK,0.034482758620689655
2024-04-25,VZ,0.034482758620689655
2024-04-25,CAT,0.034482758620689655
2024-04-26,MET,0.034482758620689655
2024-04-26,CNC,0.034482758620689655
2024-04-26,BAX,0.034482758620689655
2024-04-26,HP,0.034482758620689655
2024-04-26,HOG,0.034482758620689655
2024-04-26,SPWR,0.034482758620689655
2024-04-26,NSC,0.034482758620689655
2024-04-26,ICE,0.034482758620689655
2024-04-26,GREK,0.034482758620689655
2024-04-26,JNJ,0.034482758620689655
2024-04-26,BDX,0.034482758620689655
2024-04-26,WFC,0.034482758620689655
2024-04-26,QQQ,0.034482758620689655
2024-04-26,EWI,0.034482758620689655
2024-04-26,SIRI,0.034482758620689655
2024-04-26,TRP,0.034482758620689655
2024-04-26,EW,0.034482758620689655
2024-04-26,RL,0.034482758620689655
2024-04-26,NWSA,0.034482758620689655
2024-04-26,DUK,0.034482758620689655
2024-04-26,HMC,0.034482758620689655
2024-04-26,CME,0.034482758620689655
2024-04-26,CP,0.034482758620689655
2024-04-26,CLX,0.034482758620689655
2024-04-26,SYK,0.034482758620689655
2024-04-26,XLE,0.034482758620689655
2024-04-26,M,0.034482758620689655
2024-04-26,CAT,0.034482758620689655
2024-04-26,BMY,0.034482758620689655
2024-04-29,CNC,0.034482758620689655
2024-04-29,PPG,0.034482758620689655
2024-04-29,SPWR,0.034482758620689655
2024-04-29,NSC,0.034482758620689655
2024-04-29,ICE,0.034482758620689655
2024-04-29,GREK,0.034482758620689655
2024-04-29,JNJ,0.034482758620689655
2024-04-29,TRV,0.034482758620689655
2024-04-29,WFC,0.034482758620689655
2024-04-29,QQQ,0.034482758620689655
2024-04-29,EWI,0.034482758620689655
2024-04-29,DLTR,0.034482758620689655
2024-04-29,KEY,0.034482758620689655
2024-04-29,WMB,0.034482758620689655
2024-04-29,TRP,0.034482758620689655
2024-04-29,ULTA,0.034482758620689655
2024-04-29,EW,0.034482758620689655
2024-04-29,RL,0.034482758620689655
2024-04-29,HUM,0.034482758620689655
2024-04-29,NWSA,0.034482758620689655
2024-04-29,TRIP,0.034482758620689655
2024-04-29,BX,0.034482758620689655
2024-04-29,LOW,0.034482758620689655
2024-04-29,HMC,0.034482758620689655
2024-04-29,CME,0.034482758620689655
2024-04-29,CP,0.034482758620689655
2024-04-29,SYK,0.034482758620689655
2024-04-29,M,0.034482758620689655
2024-04-29,BMY,0.034482758620689655
2024-04-30,PPG,0.034482758620689655
2024-04-30,HP,0.034482758620689655
2024-04-30,HOG,0.034482758620689655
2024-04-30,AA,0.034482758620689655
2024-04-30,NSC,0.034482758620689655
2024-04-30,ICE,0.034482758620689655
2024-04-30,RRC,0.034482758620689655
2024-04-30,JNJ,0.034482758620689655
2024-04-30,DHI,0.034482758620689655
2024-04-30,EBAY,0.034482758620689655
2024-04-30,WFC,0.034482758620689655
2024-04-30,EOG,0.034482758620689655
2024-04-30,QQQ,0.034482758620689655
2024-04-30,EWI,0.034482758620689655
2024-04-30,SIRI,0.034482758620689655
2024-04-30,ORCL,0.034482758620689655
2024-04-30,KGC,0.034482758620689655
2024-04-30,WMB,0.034482758620689655
2024-04-30,TRP,0.034482758620689655
2024-04-30,EW,0.034482758620689655
2024-04-30,RL,0.034482758620689655
2024-04-30,NWSA,0.034482758620689655
2024-04-30,TRIP,0.034482758620689655
2024-04-30,BX,0.034482758620689655
2024-04-30,LOW,0.034482758620689655
2024-04-30,RF,0.034482758620689655
2024-04-30,CP,0.034482758620689655
2024-04-30,XLE,0.034482758620689655
2024-04-30,BMY,0.034482758620689655
2024-05-01,HP,0.034482758620689655
2024-05-01,HOG,0.034482758620689655
2024-05-01,XLP,0.034482758620689655
2024-05-01,NSC,0.034482758620689655
2024-05-01,ICE,0.034482758620689655
2024-05-01,RRC,0.034482758620689655
2024-05-01,EWC,0.034482758620689655
2024-05-01,EBAY,0.034482758620689655
2024-05-01,EOG,0.034482758620689655
2024-05-01,QQQ,0.034482758620689655
2024-05-01,EWI,0.034482758620689655
2024-05-01,ALK,0.034482758620689655
2024-05-01,MAR,0.034482758620689655
2024-05-01,XRT,0.034482758620689655
2024-05-01,KGC,0.034482758620689655
2024-05-01,WMB,0.034482758620689655
2024-05-01,TRP,0.034482758620689655
2024-05-01,EW,0.034482758620689655
2024-05-01,NWSA,0.034482758620689655
2024-05-01,TRIP,0.034482758620689655
2024-05-01,LOW,0.034482758620689655
2024-05-01,HMC,0.034482758620689655
2024-05-01,CME,0.034482758620689655
2024-05-01,CP,0.034482758620689655
2024-05-01,CLX,0.034482758620689655
2024-05-01,SYK,0.034482758620689655
2024-05-01,CSIQ,0.034482758620689655
2024-05-01,XLE,0.034482758620689655
2024-05-01,VZ,0.034482758620689655
2024-05-02,MET,0.034482758620689655
2024-05-02,MNST,0.034482758620689655
2024-05-02,A,0.034482758620689655
2024-05-02,CF,0.034482758620689655
2024-05-02,HP,0.034482758620689655
2024-05-02,ICE,0.034482758620689655
2024-05-02,RRC,0.034482758620689655
2024-05-02,TRV,0.034482758620689655
2024-05-02,EBAY,0.034482758620689655
2024-05-02,QQQ,0.034482758620689655
2024-05-02,EWI,0.034482758620689655
2024-05-02,ORCL,0.034482758620689655
2024-05-02,MAR,0.034482758620689655
2024-05-02,ILMN,0.034482758620689655
2024-05-02,KGC,0.034482758620689655
2024-05-02,TRP,0.034482758620689655
2024-05-02,ULTA,0.034482758620689655
2024-05-02,EW,0.034482758620689655
2024-05-02,RL,0.034482758620689655
2024-05-02,NWSA,0.034482758620689655
2024-05-02,TRIP,0.034482758620689655
2024-05-02,BX,0.034482758620689655
2024-05-02,LOW,0.034482758620689655
2024-05-02,CME,0.034482758620689655
2024-05-02,CLX,0.034482758620689655
2024-05-02,SYK,0.034482758620689655
2024-05-02,XLE,0.034482758620689655
2024-05-02,VZ,0.034482758620689655
2024-05-02,MRK,0.034482758620689655
2024-05-03,MET,0.034482758620689655
2024-05-03,BAX,0.034482758620689655
2024-05-03,CF,0.034482758620689655
2024-05-03,HOG,0.034482758620689655
2024-05-03,NSC,0.034482758620689655
2024-05-03,CAG,0.034482758620689655
2024-05-03,JNJ,0.034482758620689655
2024-05-03,STI,0.034482758620689655
2024-05-03,TRV,0.034482758620689655
2024-05-03,BDX,0.034482758620689655
2024-05-03,EBAY,0.034482758620689655
2024-05-03,EOG,0.034482758620689655
2024-05-03,QQQ,0.034482758620689655
2024-05-03,EWI,0.034482758620689655
2024-05-03,CCL,0.034482758620689655
2024-05-03,MAR,0.034482758620689655
2024-05-03,KEY,0.034482758620689655
2024-05-03,ILMN,0.034482758620689655
2024-05-03,EW,0.034482758620689655
2024-05-03,TRIP,0.034482758620689655
2024-05-03,BX,0.034482758620689655
2024-05-03,LOW,0.034482758620689655
2024-05-03,CME,0.034482758620689655
2024-05-03,CP,0.034482758620689655
2024-05-03,CLX,0.034482758620689655
2024-05-03,SYK,0.034482758620689655
2024-05-03,XLE,0.034482758620689655
2024-05-03,VZ,0.034482758620689655
2024-05-03,MRK,0.034482758620689655
2024-05-06,PPG,0.034482758620689655
2024-05-06,BAX,0.034482758620689655
2024-05-06,A,0.034482758620689655
2024-05-06,HP,0.034482758620689655
2024-05-06,NSC,0.034482758620689655
2024-05-06,CAG,0.034482758620689655
2024-05-06,JNJ,0.034482758620689655
2024-05-06,STI,0.034482758620689655
2024-05-06,TRV,0.034482758620689655
2024-05-06,BDX,0.034482758620689655
2024-05-06,EBAY,0.034482758620689655
2024-05-06,QQQ,0.034482758620689655
2024-05-06,EWI,0.034482758620689655
2024-05-06,HTZ,0.034482758620689655
2024-05-06,DLTR,0.034482758620689655
2024-05-06,MAR,0.034482758620689655
2024-05-06,ILMN,0.034482758620689655
2024-05-06,EW,0.034482758620689655
2024-05-06,RL,0.034482758620689655
2024-05-06,NWSA,0.034482758620689655
2024-05-06,TRIP,0.034482758620689655
2024-05-06,LOW,0.034482758620689655
2024-05-06,CME,0.034482758620689655
2024-05-06,CLX,0.034482758620689655
2024-05-06,OHI,0.034482758620689655
2024-05-06,SYK,0.034482758620689655
2024-05-06,VZ,0.034482758620689655
2024-05-06,MRK,0.034482758620689655
2024-05-06,BMY,0.034482758620689655
2024-05-07,MET,0.034482758620689655
2024-05-07,BAX,0.034482758620689655
2024-05-07,A,0.034482758620689655
2024-05-07,SPWR,0.034482758620689655
2024-05-07,NSC,0.034482758620689655
2024-05-07,JNJ,0.034482758620689655
2024-05-07,STI,0.034482758620689655
2024-05-07,TRV,0.034482758620689655
2024-05-07,BDX,0.034482758620689655
2024-05-07,EBAY,0.034482758620689655
2024-05-07,QQQ,0.034482758620689655
2024-05-07,SIRI,0.034482758620689655
2024-05-07,MAR,0.034482758620689655
2024-05-07,KEY,0.034482758620689655
2024-05-07,ILMN,0.034482758620689655
2024-05-07,RL,0.034482758620689655
2024-05-07,NWSA,0.034482758620689655
2024-05-07,TRIP,0.034482758620689655
2024-05-07,LOW,0.034482758620689655
2024-05-07,NTES,0.034482758620689655
2024-05-07,RF,0.034482758620689655
2024-05-07,HMC,0.034482758620689655
2024-05-07,CP,0.034482758620689655
2024-05-07,OHI,0.034482758620689655
2024-05-07,SYK,0.034482758620689655
2024-05-07,XLE,0.034482758620689655
2024-05-07,ENB,0.034482758620689655
2024-05-07,VZ,0.034482758620689655
2024-05-07,BMY,0.034482758620689655
2024-05-08,BAX,0.034482758620689655
2024-05-08,CF,0.034482758620689655
2024-05-08,HYG,0.034482758620689655
2024-05-08,SPWR,0.034482758620689655
2024-05-08,CAG,0.034482758620689655
2024-05-08,JNJ,0.034482758620689655
2024-05-08,STI,0.034482758620689655
2024-05-08,NDAQ,0.034482758620689655
2024-05-08,TRV,0.034482758620689655
2024-05-08,DHI,0.034482758620689655
2024-05-08,BDX,0.034482758620689655
2024-05-08,EBAY,0.034482758620689655
2024-05-08,QQQ,0.034482758620689655
2024-05-08,ORCL,0.034482758620689655
2024-05-08,DLTR,0.034482758620689655
2024-05-08,MAR,0.034482758620689655
2024-05-08,KEY,0.034482758620689655
2024-05-08,ILMN,0.034482758620689655
2024-05-08,GOLD,0.034482758620689655
2024-05-08,ULTA,0.034482758620689655
2024-05-08,EW,0.034482758620689655
2024-05-08,RL,0.034482758620689655
2024-05-08,NWSA,0.034482758620689655
2024-05-08,BX,0.034482758620689655
2024-05-08,LOW,0.034482758620689655
2024-05-08,RF,0.034482758620689655
2024-05-08,HMC,0.034482758620689655
2024-05-08,SYK,0.034482758620689655
2024-05-08,XLE,0.034482758620689655
2024-05-09,BAX,0.034482758620689655
2024-05-09,CF,0.034482758620689655
2024-05-09,NVDA,0.034482758620689655
2024-05-09,HYG,0.034482758620689655
2024-05-09,SPWR,0.034482758620689655
2024-05-09,NSC,0.034482758620689655
2024-05-09,ICE,0.034482758620689655
2024-05-09,JNJ,0.034482758620689655
2024-05-09,STI,0.034482758620689655
2024-05-09,NDAQ,0.034482758620689655
2024-05-09,TRV,0.034482758620689655
2024-05-09,DHI,0.034482758620689655
2024-05-09,BDX,0.034482758620689655
2024-05-09,EBAY,0.034482758620689655
2024-05-09,QQQ,0.034482758620689655
2024-05-09,SIRI,0.034482758620689655
2024-05-09,ORCL,0.034482758620689655
2024-05-09,DLTR,0.034482758620689655
2024-05-09,MAR,0.034482758620689655
2024-05-09,KEY,0.034482758620689655
2024-05-09,ILMN,0.034482758620689655
2024-05-09,TRP,0.034482758620689655
2024-05-09,ULTA,0.034482758620689655
2024-05-09,RF,0.034482758620689655
2024-05-09,HMC,0.034482758620689655
2024-05-09,CME,0.034482758620689655
2024-05-09,OHI,0.034482758620689655
2024-05-09,SYK,0.034482758620689655
2024-05-09,COF,0.034482758620689655
2024-05-10,BAX,0.034482758620689655
2024-05-10,HP,0.034482758620689655
2024-05-10,NVDA,0.034482758620689655
2024-05-10,WEN,0.034482758620689655
2024-05-10,HYG,0.034482758620689655
2024-05-10,SPWR,0.034482758620689655
2024-05-10,NSC,0.034482758620689655
2024-05-10,ICE,0.034482758620689655
2024-05-10,RRC,0.034482758620689655
2024-05-10,JNJ,0.034482758620689655
2024-05-10,STI,0.034482758620689655
2024-05-10,TRV,0.034482758620689655
2024-05-10,BDX,0.034482758620689655
2024-05-10,QQQ,0.034482758620689655
2024-05-10,SIRI,0.034482758620689655
2024-05-10,ANF,0.034482758620689655
2024-05-10,ORCL,0.034482758620689655
2024-05-10,MAR,0.034482758620689655
2024-05-10,ILMN,0.034482758620689655
2024-05-10,GOLD,0.034482758620689655
2024-05-10,EW,0.034482758620689655
2024-05-10,NWSA,0.034482758620689655
2024-05-10,RF,0.034482758620689655
2024-05-10,HMC,0.034482758620689655
2024-05-10,CME,0.034482758620689655
2024-05-10,OHI,0.034482758620689655
2024-05-10,CSIQ,0.034482758620689655
2024-05-10,XLE,0.034482758620689655
2024-05-10,COF,0.034482758620689655
2024-05-13,MET,0.034482758620689655
2024-05-13,MNST,0.034482758620689655
2024-05-13,BAX,0.034482758620689655
2024-05-13,HP,0.034482758620689655
2024-05-13,WEN,0.034482758620689655
2024-05-13,HYG,0.034482758620689655
2024-05-13,NSC,0.034482758620689655
2024-05-13,ICE,0.034482758620689655
2024-05-13,RRC,0.034482758620689655
2024-05-13,GREK,0.034482758620689655
2024-05-13,STI,0.034482758620689655
2024-05-13,NDAQ,0.034482758620689655
2024-05-13,TRV,0.034482758620689655
2024-05-13,DHI,0.034482758620689655
2024-05-13,QQQ,0.034482758620689655
2024-05-13,ORCL,0.034482758620689655
2024-05-13,DLTR,0.034482758620689655
2024-05-13,MAR,0.034482758620689655
2024-05-13,KO,0.034482758620689655
2024-05-13,EW,0.034482758620689655
2024-05-13,NWSA,0.034482758620689655
2024-05-13,BX,0.034482758620689655
2024-05-13,HMC,0.034482758620689655
2024-05-13,CME,0.034482758620689655
2024-05-13,CP,0.034482758620689655
2024-05-13,BSX,0.034482758620689655
2024-05-13,XLE,0.034482758620689655
2024-05-13,COF,0.034482758620689655
2024-05-13,MRK,0.034482758620689655
2024-05-14,MNST,0.034482758620689655
2024-05-14,BAX,0.034482758620689655
2024-05-14,XLP,0.034482758620689655
2024-05-14,WEN,0.034482758620689655
2024-05-14,SPWR,0.034482758620689655
2024-05-14,NSC,0.034482758620689655
2024-05-14,GREK,0.034482758620689655
2024-05-14,STI,0.034482758620689655
2024-05-14,KMB,0.034482758620689655
2024-05-14,NDAQ,0.034482758620689655
2024-05-14,TRV,0.034482758620689655
2024-05-14,EWC,0.034482758620689655
2024-05-14,BDX,0.034482758620689655
2024-05-14,QQQ,0.034482758620689655
2024-05-14,HTZ,0.034482758620689655
2024-05-14,DLTR,0.034482758620689655
2024-05-14,MAR,0.034482758620689655
2024-05-14,KO,0.034482758620689655
2024-05-14,NWSA,0.034482758620689655
2024-05-14,LOW,0.034482758620689655
2024-05-14,DUK,0.034482758620689655
2024-05-14,HMC,0.034482758620689655
2024-05-14,CME,0.034482758620689655
2024-05-14,CP,0.034482758620689655
2024-05-14,CLX,0.034482758620689655
2024-05-14,XLE,0.034482758620689655
2024-05-14,VZ,0.034482758620689655
2024-05-14,CAT,0.034482758620689655
2024-05-14,MRK,0.034482758620689655
2024-05-15,MET,0.034482758620689655
2024-05-15,MNST,0.034482758620689655
2024-05-15,PPG,0.034482758620689655
2024-05-15,BAX,0.034482758620689655
2024-05-15,VWO,0.034482758620689655
2024-05-15,HP,0.034482758620689655
2024-05-15,XLP,0.034482758620689655
2024-05-15,WEN,0.034482758620689655
2024-05-15,SPWR,0.034482758620689655
2024-05-15,NSC,0.034482758620689655
2024-05-15,CAG,0.034482758620689655
2024-05-15,STI,0.034482758620689655
2024-05-15,KMB,0.034482758620689655
2024-05-15,TRV,0.034482758620689655
2024-05-15,EWC,0.034482758620689655
2024-05-15,BDX,0.034482758620689655
2024-05-15,EBAY,0.034482758620689655
2024-05-15,EWI,0.034482758620689655
2024-05-15,DLTR,0.034482758620689655
2024-05-15,MAR,0.034482758620689655
2024-05-15,GOLD,0.034482758620689655
2024-05-15,WMB,0.034482758620689655
2024-05-15,TRP,0.034482758620689655
2024-05-15,CME,0.034482758620689655
2024-05-15,CP,0.034482758620689655
2024-05-15,CLX,0.034482758620689655
2024-05-15,XLE,0.034482758620689655
2024-05-15,VZ,0.034482758620689655
2024-05-15,CAT,0.034482758620689655
2024-05-16,MNST,0.034482758620689655
2024-05-16,PPG,0.034482758620689655
2024-05-16,BAX,0.034482758620689655
2024-05-16,VWO,0.034482758620689655
2024-05-16,HOG,0.034482758620689655
2024-05-16,DAL,0.034482758620689655
2024-05-16,HYG,0.034482758620689655
2024-05-16,NSC,0.034482758620689655
2024-05-16,GREK,0.034482758620689655
2024-05-16,STI,0.034482758620689655
2024-05-16,DHI,0.034482758620689655
2024-05-16,EWC,0.034482758620689655
2024-05-16,BDX,0.034482758620689655
2024-05-16,EBAY,0.034482758620689655
2024-05-16,WFC,0.034482758620689655
2024-05-16,EOG,0.034482758620689655
2024-05-16,QQQ,0.034482758620689655
2024-05-16,MAR,0.034482758620689655
2024-05-16,XRT,0.034482758620689655
2024-05-16,LOW,0.034482758620689655
2024-05-16,RF,0.034482758620689655
2024-05-16,HMC,0.034482758620689655
2024-05-16,CME,0.034482758620689655
2024-05-16,CLX,0.034482758620689655
2024-05-16,XLE,0.034482758620689655
2024-05-16,COF,0.034482758620689655
2024-05-16,VZ,0.034482758620689655
2024-05-16,CAT,0.034482758620689655
2024-05-16,BMY,0.034482758620689655
2024-05-17,MNST,0.034482758620689655
2024-05-17,PPG,0.034482758620689655
2024-05-17,VWO,0.034482758620689655
2024-05-17,NVDA,0.034482758620689655
2024-05-17,WEN,0.034482758620689655
2024-05-17,SPWR,0.034482758620689655
2024-05-17,NSC,0.034482758620689655
2024-05-17,STI,0.034482758620689655
2024-05-17,BDX,0.034482758620689655
2024-05-17,EBAY,0.034482758620689655
2024-05-17,QQQ,0.034482758620689655
2024-05-17,DLTR,0.034482758620689655
2024-05-17,MAR,0.034482758620689655
2024-05-17,XRT,0.034482758620689655
2024-05-17,KO,0.034482758620689655
2024-05-17,EW,0.034482758620689655
2024-05-17,BX,0.034482758620689655
2024-05-17,LOW,0.034482758620689655
2024-05-17,RF,0.034482758620689655
2024-05-17,HMC,0.034482758620689655
2024-05-17,CME,0.034482758620689655
2024-05-17,CLX,0.034482758620689655
2024-05-17,OHI,0.034482758620689655
2024-05-17,SYK,0.034482758620689655
2024-05-17,COF,0.034482758620689655
2024-05-17,VZ,0.034482758620689655
2024-05-17,CAT,0.034482758620689655
2024-05-17,MRK,0.034482758620689655
2024-05-17,BMY,0.034482758620689655
2024-05-20,MNST,0.034482758620689655
2024-05-20,PPG,0.034482758620689655
2024-05-20,WEN,0.034482758620689655
2024-05-20,NSC,0.034482758620689655
2024-05-20,ICE,0.034482758620689655
2024-05-20,JNJ,0.034482758620689655
2024-05-20,STI,0.034482758620689655
2024-05-20,NDAQ,0.034482758620689655
2024-05-20,TRV,0.034482758620689655
2024-05-20,BDX,0.034482758620689655
2024-05-20,EBAY,0.034482758620689655
2024-05-20,WFC,0.034482758620689655
2024-05-20,DLTR,0.034482758620689655
2024-05-20,MAR,0.034482758620689655
2024-05-20,XRT,0.034482758620689655
2024-05-20,KEY,0.034482758620689655
2024-05-20,ILMN,0.034482758620689655
2024-05-20,KO,0.034482758620689655
2024-05-20,BX,0.034482758620689655
2024-05-20,LOW,0.034482758620689655
2024-05-20,RF,0.034482758620689655
2024-05-20,CME,0.034482758620689655
2024-05-20,CLX,0.034482758620689655
2024-05-20,SYK,0.034482758620689655
2024-05-20,XLE,0.034482758620689655
2024-05-20,COF,0.034482758620689655
2024-05-20,VZ,0.034482758620689655
2024-05-20,CAT,0.034482758620689655
2024-05-20,BMY,0.034482758620689655
2024-05-21,MNST,0.034482758620689655
2024-05-21,PPG,0.034482758620689655
2024-05-21,BAX,0.034482758620689655
2024-05-21,VWO,0.034482758620689655
2024-05-21,WEN,0.034482758620689655
2024-05-21,NSC,0.034482758620689655
2024-05-21,RRC,0.034482758620689655
2024-05-21,STI,0.034482758620689655
2024-05-21,BDX,0.034482758620689655
2024-05-21,EOG,0.034482758620689655
2024-05-21,QQQ,0.034482758620689655
2024-05-21,SIRI,0.034482758620689655
2024-05-21,DLTR,0.034482758620689655
2024-05-21,MAR,0.034482758620689655
2024-05-21,KEY,0.034482758620689655
2024-05-21,ILMN,0.034482758620689655
2024-05-21,LOW,0.034482758620689655
2024-05-21,NTES,0.034482758620689655
2024-05-21,RF,0.034482758620689655
2024-05-21,CME,0.034482758620689655
2024-05-21,CP,0.034482758620689655
2024-05-21,CLX,0.034482758620689655
2024-05-21,SYK,0.034482758620689655
2024-05-21,CSIQ,0.034482758620689655
2024-05-21,XLE,0.034482758620689655
2024-05-21,COF,0.034482758620689655
2024-05-21,VZ,0.034482758620689655
2024-05-21,CAT,0.034482758620689655
2024-05-21,BMY,0.034482758620689655
2024-05-22,MNST,0.034482758620689655
2024-05-22,BAX,0.034482758620689655
2024-05-22,VWO,0.034482758620689655
2024-05-22,WEN,0.034482758620689655
2024-05-22,DAL,0.034482758620689655
2024-05-22,GREK,0.034482758620689655
2024-05-22,DHI,0.034482758620689655
2024-05-22,BDX,0.034482758620689655
2024-05-22,EOG,0.034482758620689655
2024-05-22,QQQ,0.034482758620689655
2024-05-22,EWI,0.034482758620689655
2024-05-22,SIRI,0.034482758620689655
2024-05-22,MAR,0.034482758620689655
2024-05-22,XRT,0.034482758620689655
2024-05-22,KEY,0.034482758620689655
2024-05-22,KGC,0.034482758620689655
2024-05-22,WMB,0.034482758620689655
2024-05-22,PVH,0.034482758620689655
2024-05-22,RL,0.034482758620689655
2024-05-22,WSM,0.034482758620689655
2024-05-22,NTES,0.034482758620689655
2024-05-22,CME,0.034482758620689655
2024-05-22,CP,0.034482758620689655
2024-05-22,CLX,0.034482758620689655
2024-05-22,XLE,0.034482758620689655
2024-05-22,COF,0.034482758620689655
2024-05-22,ENB,0.034482758620689655
2024-05-22,ZUMZ,0.034482758620689655
2024-05-22,CAT,0.034482758620689655
2024-05-23,PPG,0.034482758620689655
2024-05-23,XLP,0.034482758620689655
2024-05-23,NSC,0.034482758620689655
2024-05-23,RRC,0.034482758620689655
2024-05-23,JNJ,0.034482758620689655
2024-05-23,KMB,0.034482758620689655
2024-05-23,TRV,0.034482758620689655
2024-05-23,VTR,0.034482758620689655
2024-05-23,BDX,0.034482758620689655
2024-05-23,WFC,0.034482758620689655
2024-05-23,EOG,0.034482758620689655
2024-05-23,EWI,0.034482758620689655
2024-05-23,ALK,0.034482758620689655
2024-05-23,MAR,0.034482758620689655
2024-05-23,WMB,0.034482758620689655
2024-05-23,KO,0.034482758620689655
2024-05-23,D,0.034482758620689655
2024-05-23,EW,0.034482758620689655
2024-05-23,WSM,0.034482758620689655
2024-05-23,BX,0.034482758620689655
2024-05-23,LOW,0.034482758620689655
2024-05-23,PCG,0.034482758620689655
2024-05-23,DUK,0.034482758620689655
2024-05-23,NTES,0.034482758620689655
2024-05-23,CLX,0.034482758620689655
2024-05-23,XLE,0.034482758620689655
2024-05-23,COF,0.034482758620689655
2024-05-23,ENB,0.034482758620689655
2024-05-23,CAT,0.034482758620689655
2024-05-24,MNST,0.034482758620689655
2024-05-24,CNC,0.034482758620689655
2024-05-24,PPG,0.034482758620689655
2024-05-24,BAX,0.034482758620689655
2024-05-24,VWO,0.034482758620689655
2024-05-24,HP,0.034482758620689655
2024-05-24,WEN,0.034482758620689655
2024-05-24,NSC,0.034482758620689655
2024-05-24,RRC,0.034482758620689655
2024-05-24,CAG,0.034482758620689655
2024-05-24,JNJ,0.034482758620689655
2024-05-24,KMB,0.034482758620689655
2024-05-24,BBT,0.034482758620689655
2024-05-24,BDX,0.034482758620689655
2024-05-24,EOG,0.034482758620689655
2024-05-24,SIRI,0.034482758620689655
2024-05-24,ORCL,0.034482758620689655
2024-05-24,ALK,0.034482758620689655
2024-05-24,WMB,0.034482758620689655
2024-05-24,KO,0.034482758620689655
2024-05-24,D,0.034482758620689655
2024-05-24,EW,0.034482758620689655
2024-05-24,NTES,0.034482758620689655
2024-05-24,RF,0.034482758620689655
2024-05-24,XLE,0.034482758620689655
2024-05-24,COF,0.034482758620689655
2024-05-24,ENB,0.034482758620689655
2024-05-24,MRK,0.034482758620689655
2024-05-24,BMY,0.034482758620689655
2024-05-28,MNST,0.034482758620689655
2024-05-28,CNC,0.034482758620689655
2024-05-28,PPG,0.034482758620689655
2024-05-28,A,0.034482758620689655
2024-05-28,XLP,0.034482758620689655
2024-05-28,DAL,0.034482758620689655
2024-05-28,HYG,0.034482758620689655
2024-05-28,BUD,0.034482758620689655
2024-05-28,SPWR,0.034482758620689655
2024-05-28,ICE,0.034482758620689655
2024-05-28,CAG,0.034482758620689655
2024-05-28,JNJ,0.034482758620689655
2024-05-28,KMB,0.034482758620689655
2024-05-28,NDAQ,0.034482758620689655
2024-05-28,TRV,0.034482758620689655
2024-05-28,BDX,0.034482758620689655
2024-05-28,WFC,0.034482758620689655
2024-05-28,DLTR,0.034482758620689655
2024-05-28,ALK,0.034482758620689655
2024-05-28,KEY,0.034482758620689655
2024-05-28,ILMN,0.034482758620689655
2024-05-28,KO,0.034482758620689655
2024-05-28,PCG,0.034482758620689655
2024-05-28,DUK,0.034482758620689655
2024-05-28,CME,0.034482758620689655
2024-05-28,COF,0.034482758620689655
2024-05-28,ENB,0.034482758620689655
2024-05-28,MRK,0.034482758620689655
2024-05-28,BMY,0.034482758620689655
2024-05-29,CNC,0.034482758620689655
2024-05-29,PPG,0.034482758620689655
2024-05-29,VWO,0.034482758620689655
2024-05-29,A,0.034482758620689655
2024-05-29,XLP,0.034482758620689655
2024-05-29,DAL,0.034482758620689655
2024-05-29,BUD,0.034482758620689655
2024-05-29,SPWR,0.034482758620689655
2024-05-29,ICE,0.034482758620689655
2024-05-29,CAG,0.034482758620689655
2024-05-29,GREK,0.034482758620689655
2024-05-29,JNJ,0.034482758620689655
2024-05-29,KMB,0.034482758620689655
2024-05-29,NDAQ,0.034482758620689655
2024-05-29,BDX,0.034482758620689655
2024-05-29,WFC,0.034482758620689655
2024-05-29,EOG,0.034482758620689655
2024-05-29,MS,0.034482758620689655
2024-05-29,ALK,0.034482758620689655
2024-05-29,ILMN,0.034482758620689655
2024-05-29,WMB,0.034482758620689655
2024-05-29,TRP,0.034482758620689655
2024-05-29,PCG,0.034482758620689655
2024-05-29,DUK,0.034482758620689655
2024-05-29,RF,0.034482758620689655
2024-05-29,XLE,0.034482758620689655
2024-05-29,COF,0.034482758620689655
2024-05-29,ENB,0.034482758620689655
2024-05-29,MRK,0.034482758620689655
2024-05-30,MNST,0.034482758620689655
2024-05-30,CNC,0.034482758620689655
2024-05-30,BAX,0.034482758620689655
2024-05-30,VWO,0.034482758620689655
2024-05-30,A,0.034482758620689655
2024-05-30,XLP,0.034482758620689655
2024-05-30,WEN,0.034482758620689655
2024-05-30,BUD,0.034482758620689655
2024-05-30,NSC,0.034482758620689655
2024-05-30,ICE,0.034482758620689655
2024-05-30,CAG,0.034482758620689655
2024-05-30,GREK,0.034482758620689655
2024-05-30,JNJ,0.034482758620689655
2024-05-30,NDAQ,0.034482758620689655
2024-05-30,BDX,0.034482758620689655
2024-05-30,MU,0.034482758620689655
2024-05-30,EOG,0.034482758620689655
2024-05-30,QQQ,0.034482758620689655
2024-05-30,ORCL,0.034482758620689655
2024-05-30,MS,0.034482758620689655
2024-05-30,KEY,0.034482758620689655
2024-05-30,GOLD,0.034482758620689655
2024-05-30,TRP,0.034482758620689655
2024-05-30,CME,0.034482758620689655
2024-05-30,XLE,0.034482758620689655
2024-05-30,COF,0.034482758620689655
2024-05-30,ENB,0.034482758620689655
2024-05-30,MRK,0.034482758620689655
2024-05-30,BMY,0.034482758620689655
2024-05-31,MNST,0.034482758620689655
2024-05-31,BAX,0.034482758620689655
2024-05-31,VWO,0.034482758620689655
2024-05-31,A,0.034482758620689655
2024-05-31,WEN,0.034482758620689655
2024-05-31,SPWR,0.034482758620689655
2024-05-31,NSC,0.034482758620689655
2024-05-31,ICE,0.034482758620689655
2024-05-31,GREK,0.034482758620689655
2024-05-31,JNJ,0.034482758620689655
2024-05-31,NDAQ,0.034482758620689655
2024-05-31,DHI,0.034482758620689655
2024-05-31,BDX,0.034482758620689655
2024-05-31,MU,0.034482758620689655
2024-05-31,EBAY,0.034482758620689655
2024-05-31,QQQ,0.034482758620689655
2024-05-31,ORCL,0.034482758620689655
2024-05-31,TSM,0.034482758620689655
2024-05-31,KGC,0.034482758620689655
2024-05-31,GOLD,0.034482758620689655
2024-05-31,EW,0.034482758620689655
2024-05-31,BX,0.034482758620689655
2024-05-31,NTES,0.034482758620689655
2024-05-31,CME,0.034482758620689655
2024-05-31,SYK,0.034482758620689655
2024-05-31,COF,0.034482758620689655
2024-05-31,CAT,0.034482758620689655
2024-05-31,MRK,0.034482758620689655
2024-05-31,BMY,0.034482758620689655
2024-06-03,MET,0.034482758620689655
2024-06-03,MNST,0.034482758620689655
2024-06-03,BAX,0.034482758620689655
2024-06-03,A,0.034482758620689655
2024-06-03,WEN,0.034482758620689655
2024-06-03,SPWR,0.034482758620689655
2024-06-03,NSC,0.034482758620689655
2024-06-03,ICE,0.034482758620689655
2024-06-03,NDAQ,0.034482758620689655
2024-06-03,HAS,0.034482758620689655
2024-06-03,TRV,0.034482758620689655
2024-06-03,DHI,0.034482758620689655
2024-06-03,EBAY,0.034482758620689655
2024-06-03,WFC,0.034482758620689655
2024-06-03,EOG,0.034482758620689655
2024-06-03,ORCL,0.034482758620689655
2024-06-03,MAR,0.034482758620689655
2024-06-03,KEY,0.034482758620689655
2024-06-03,GOLD,0.034482758620689655
2024-06-03,BX,0.034482758620689655
2024-06-03,LOW,0.034482758620689655
2024-06-03,PCG,0.034482758620689655
2024-06-03,RF,0.034482758620689655
2024-06-03,CP,0.034482758620689655
2024-06-03,SYK,0.034482758620689655
2024-06-03,CSIQ,0.034482758620689655
2024-06-03,XLE,0.034482758620689655
2024-06-03,M,0.034482758620689655
2024-06-03,COF,0.034482758620689655
2024-06-04,MET,0.034482758620689655
2024-06-04,MNST,0.034482758620689655
2024-06-04,BAX,0.034482758620689655
2024-06-04,VWO,0.034482758620689655
2024-06-04,A,0.034482758620689655
2024-06-04,WEN,0.034482758620689655
2024-06-04,DAL,0.034482758620689655
2024-06-04,AA,0.034482758620689655
2024-06-04,SPWR,0.034482758620689655
2024-06-04,RRC,0.034482758620689655
2024-06-04,GREK,0.034482758620689655
2024-06-04,HAS,0.034482758620689655
2024-06-04,TRV,0.034482758620689655
2024-06-04,DHI,0.034482758620689655
2024-06-04,WFC,0.034482758620689655
2024-06-04,EOG,0.034482758620689655
2024-06-04,MS,0.034482758620689655
2024-06-04,ALK,0.034482758620689655
2024-06-04,KEY,0.034482758620689655
2024-06-04,KGC,0.034482758620689655
2024-06-04,GOLD,0.034482758620689655
2024-06-04,WSM,0.034482758620689655
2024-06-04,CME,0.034482758620689655
2024-06-04,CP,0.034482758620689655
2024-06-04,CSIQ,0.034482758620689655
2024-06-04,XLE,0.034482758620689655
2024-06-04,COF,0.034482758620689655
2024-06-04,ENB,0.034482758620689655
2024-06-04,CAT,0.034482758620689655
2024-06-05,MET,0.034482758620689655
2024-06-05,MNST,0.034482758620689655
2024-06-05,CNC,0.034482758620689655
2024-06-05,BAX,0.034482758620689655
2024-06-05,HP,0.034482758620689655
2024-06-05,WEN,0.034482758620689655
2024-06-05,SPWR,0.034482758620689655
2024-06-05,CAG,0.034482758620689655
2024-06-05,JNJ,0.034482758620689655
2024-06-05,TRV,0.034482758620689655
2024-06-05,BDX,0.034482758620689655
2024-06-05,EBAY,0.034482758620689655
2024-06-05,WFC,0.034482758620689655
2024-06-05,EOG,0.034482758620689655
2024-06-05,SIRI,0.034482758620689655
2024-06-05,DLTR,0.034482758620689655
2024-06-05,ALK,0.034482758620689655
2024-06-05,MAR,0.034482758620689655
2024-06-05,GOLD,0.034482758620689655
2024-06-05,D,0.034482758620689655
2024-06-05,EW,0.034482758620689655
2024-06-05,PCG,0.034482758620689655
2024-06-05,DUK,0.034482758620689655
2024-06-05,CME,0.034482758620689655
2024-06-05,CSIQ,0.034482758620689655
2024-06-05,XLE,0.034482758620689655
2024-06-05,COF,0.034482758620689655
2024-06-05,CAT,0.034482758620689655
2024-06-05,BMY,0.034482758620689655
2024-06-06,MET,0.034482758620689655
2024-06-06,MNST,0.034482758620689655
2024-06-06,PPG,0.034482758620689655
2024-06-06,BAX,0.034482758620689655
2024-06-06,CF,0.034482758620689655
2024-06-06,WEN,0.034482758620689655
2024-06-06,SPWR,0.034482758620689655
2024-06-06,ICE,0.034482758620689655
2024-06-06,CAG,0.034482758620689655
2024-06-06,JNJ,0.034482758620689655
2024-06-06,NDAQ,0.034482758620689655
2024-06-06,TRV,0.034482758620689655
2024-06-06,DHI,0.034482758620689655
2024-06-06,BDX,0.034482758620689655
2024-06-06,WFC,0.034482758620689655
2024-06-06,DLTR,0.034482758620689655
2024-06-06,ALK,0.034482758620689655
2024-06-06,MAR,0.034482758620689655
2024-06-06,KEY,0.034482758620689655
2024-06-06,GOLD,0.034482758620689655
2024-06-06,D,0.034482758620689655
2024-06-06,ULTA,0.034482758620689655
2024-06-06,BX,0.034482758620689655
2024-06-06,PCG,0.034482758620689655
2024-06-06,RF,0.034482758620689655
2024-06-06,CME,0.034482758620689655
2024-06-06,XLE,0.034482758620689655
2024-06-06,CAT,0.034482758620689655
2024-06-06,BMY,0.034482758620689655
2024-06-07,MNST,0.034482758620689655
2024-06-07,PPG,0.034482758620689655
2024-06-07,BAX,0.034482758620689655
2024-06-07,VWO,0.034482758620689655
2024-06-07,WEN,0.034482758620689655
2024-06-07,AA,0.034482758620689655
2024-06-07,SPWR,0.034482758620689655
2024-06-07,ICE,0.034482758620689655
2024-06-07,CAG,0.034482758620689655
2024-06-07,NDAQ,0.034482758620689655
2024-06-07,DHI,0.034482758620689655
2024-06-07,BBT,0.034482758620689655
2024-06-07,WFC,0.034482758620689655
2024-06-07,EOG,0.034482758620689655
2024-06-07,EWI,0.034482758620689655
2024-06-07,HTZ,0.034482758620689655
2024-06-07,DLTR,0.034482758620689655
2024-06-07,ALK,0.034482758620689655
2024-06-07,MAR,0.034482758620689655
2024-06-07,KGC,0.034482758620689655
2024-06-07,GOLD,0.034482758620689655
2024-06-07,D,0.034482758620689655
2024-06-07,ULTA,0.034482758620689655
2024-06-07,NWSA,0.034482758620689655
2024-06-07,BX,0.034482758620689655
2024-06-07,PCG,0.034482758620689655
2024-06-07,CME,0.034482758620689655
2024-06-07,XLE,0.034482758620689655
2024-06-07,ENB,0.034482758620689655
2024-06-10,MNST,0.034482758620689655
2024-06-10,PPG,0.034482758620689655
2024-06-10,BAX,0.034482758620689655
2024-06-10,WEN,0.034482758620689655
2024-06-10,BUD,0.034482758620689655
2024-06-10,SPWR,0.034482758620689655
2024-06-10,ICE,0.034482758620689655
2024-06-10,CAG,0.034482758620689655
2024-06-10,TRV,0.034482758620689655
2024-06-10,BBT,0.034482758620689655
2024-06-10,BDX,0.034482758620689655
2024-06-10,WFC,0.034482758620689655
2024-06-10,EWI,0.034482758620689655
2024-06-10,DLTR,0.034482758620689655
2024-06-10,CCL,0.034482758620689655
2024-06-10,MS,0.034482758620689655
2024-06-10,MAR,0.034482758620689655
2024-06-10,KGC,0.034482758620689655
2024-06-10,GOLD,0.034482758620689655
2024-06-10,TRP,0.034482758620689655
2024-06-10,KO,0.034482758620689655
2024-06-10,D,0.034482758620689655
2024-06-10,EW,0.034482758620689655
2024-06-10,NWSA,0.034482758620689655
2024-06-10,CME,0.034482758620689655
2024-06-10,CP,0.034482758620689655
2024-06-10,CLX,0.034482758620689655
2024-06-10,PRGO,0.034482758620689655
2024-06-10,ZUMZ,0.034482758620689655
2024-06-11,MET,0.034482758620689655
2024-06-11,MNST,0.034482758620689655
2024-06-11,BAX,0.034482758620689655
2024-06-11,VWO,0.034482758620689655
2024-06-11,CF,0.034482758620689655
2024-06-11,WEN,0.034482758620689655
2024-06-11,DAL,0.034482758620689655
2024-06-11,BUD,0.034482758620689655
2024-06-11,SPWR,0.034482758620689655
2024-06-11,CAG,0.034482758620689655
2024-06-11,GREK,0.034482758620689655
2024-06-11,HAS,0.034482758620689655
2024-06-11,TRV,0.034482758620689655
2024-06-11,DHI,0.034482758620689655
2024-06-11,BBT,0.034482758620689655
2024-06-11,BDX,0.034482758620689655
2024-06-11,WFC,0.034482758620689655
2024-06-11,EWI,0.034482758620689655
2024-06-11,DLTR,0.034482758620689655
2024-06-11,MS,0.034482758620689655
2024-06-11,ALK,0.034482758620689655
2024-06-11,MAR,0.034482758620689655
2024-06-11,KGC,0.034482758620689655
2024-06-11,GOLD,0.034482758620689655
2024-06-11,TRP,0.034482758620689655
2024-06-11,OHI,0.034482758620689655
2024-06-11,COF,0.034482758620689655
2024-06-11,ENB,0.034482758620689655
2024-06-11,ZUMZ,0.034482758620689655
2024-06-12,MET,0.034482758620689655
2024-06-12,MNST,0.034482758620689655
2024-06-12,BAX,0.034482758620689655
2024-06-12,CF,0.034482758620689655
2024-06-12,XLP,0.034482758620689655
2024-06-12,WEN,0.034482758620689655
2024-06-12,AA,0.034482758620689655
2024-06-12,SPWR,0.034482758620689655
2024-06-12,CAG,0.034482758620689655
2024-06-12,JNJ,0.034482758620689655
2024-06-12,HAS,0.034482758620689655
2024-06-12,TRV,0.034482758620689655
2024-06-12,BDX,0.034482758620689655
2024-06-12,WFC,0.034482758620689655
2024-06-12,DLTR,0.034482758620689655
2024-06-12,MS,0.034482758620689655
2024-06-12,KGC,0.034482758620689655
2024-06-12,GOLD,0.034482758620689655
2024-06-12,KO,0.034482758620689655
2024-06-12,D,0.034482758620689655
2024-06-12,PVH,0.034482758620689655
2024-06-12,PCG,0.034482758620689655
2024-06-12,DUK,0.034482758620689655
2024-06-12,CME,0.034482758620689655
2024-06-12,CLX,0.034482758620689655
2024-06-12,XLE,0.034482758620689655
2024-06-12,COF,0.034482758620689655
2024-06-12,MT,0.034482758620689655
2024-06-12,MRK,0.034482758620689655
2024-06-13,MET,0.034482758620689655
2024-06-13,MNST,0.034482758620689655
2024-06-13,BAX,0.034482758620689655
2024-06-13,CF,0.034482758620689655
2024-06-13,WEN,0.034482758620689655
2024-06-13,AA,0.034482758620689655
2024-06-13,BUD,0.034482758620689655
2024-06-13,SPWR,0.034482758620689655
2024-06-13,NSC,0.034482758620689655
2024-06-13,RRC,0.034482758620689655
2024-06-13,CAG,0.034482758620689655
2024-06-13,GREK,0.034482758620689655
2024-06-13,HAS,0.034482758620689655
2024-06-13,TRV,0.034482758620689655
2024-06-13,BDX,0.034482758620689655
2024-06-13,WFC,0.034482758620689655
2024-06-13,EOG,0.034482758620689655
2024-06-13,EWI,0.034482758620689655
2024-06-13,DLTR,0.034482758620689655
2024-06-13,MS,0.034482758620689655
2024-06-13,KGC,0.034482758620689655
2024-06-13,GOLD,0.034482758620689655
2024-06-13,D,0.034482758620689655
2024-06-13,PVH,0.034482758620689655
2024-06-13,CME,0.034482758620689655
2024-06-13,XLE,0.034482758620689655
2024-06-13,COF,0.034482758620689655
2024-06-13,ENB,0.034482758620689655
2024-06-13,MT,0.034482758620689655
2024-06-14,MET,0.034482758620689655
2024-06-14,MNST,0.034482758620689655
2024-06-14,PPG,0.034482758620689655
2024-06-14,BAX,0.034482758620689655
2024-06-14,WEN,0.034482758620689655
2024-06-14,DAL,0.034482758620689655
2024-06-14,AA,0.034482758620689655
2024-06-14,BUD,0.034482758620689655
2024-06-14,NSC,0.034482758620689655
2024-06-14,RRC,0.034482758620689655
2024-06-14,CAG,0.034482758620689655
2024-06-14,GREK,0.034482758620689655
2024-06-14,NDAQ,0.034482758620689655
2024-06-14,TRV,0.034482758620689655
2024-06-14,EBAY,0.034482758620689655
2024-06-14,EWI,0.034482758620689655
2024-06-14,DLTR,0.034482758620689655
2024-06-14,ALK,0.034482758620689655
2024-06-14,XRT,0.034482758620689655
2024-06-14,GOLD,0.034482758620689655
2024-06-14,D,0.034482758620689655
2024-06-14,ULTA,0.034482758620689655
2024-06-14,RL,0.034482758620689655
2024-06-14,LOW,0.034482758620689655
2024-06-14,HMC,0.034482758620689655
2024-06-14,XLE,0.034482758620689655
2024-06-14,COF,0.034482758620689655
2024-06-14,ENB,0.034482758620689655
2024-06-14,MT,0.034482758620689655
2024-06-17,MNST,0.034482758620689655
2024-06-17,BAX,0.034482758620689655
2024-06-17,WEN,0.034482758620689655
2024-06-17,SPWR,0.034482758620689655
2024-06-17,NSC,0.034482758620689655
2024-06-17,RRC,0.034482758620689655
2024-06-17,CAG,0.034482758620689655
2024-06-17,GREK,0.034482758620689655
2024-06-17,EWC,0.034482758620689655
2024-06-17,BDX,0.034482758620689655
2024-06-17,EWI,0.034482758620689655
2024-06-17,SIRI,0.034482758620689655
2024-06-17,KGC,0.034482758620689655
2024-06-17,GOLD,0.034482758620689655
2024-06-17,TRP,0.034482758620689655
2024-06-17,D,0.034482758620689655
2024-06-17,EW,0.034482758620689655
2024-06-17,RL,0.034482758620689655
2024-06-17,WSM,0.034482758620689655
2024-06-17,PCG,0.034482758620689655
2024-06-17,DUK,0.034482758620689655
2024-06-17,CME,0.034482758620689655
2024-06-17,PRGO,0.034482758620689655
2024-06-17,SYK,0.034482758620689655
2024-06-17,BSX,0.034482758620689655
2024-06-17,XLE,0.034482758620689655
2024-06-17,ENB,0.034482758620689655
2024-06-17,VZ,0.034482758620689655
2024-06-17,MRK,0.034482758620689655
2024-06-18,MNST,0.034482758620689655
2024-06-18,CNC,0.034482758620689655
2024-06-18,PPG,0.034482758620689655
2024-06-18,BAX,0.034482758620689655
2024-06-18,WEN,0.034482758620689655
2024-06-18,DAL,0.034482758620689655
2024-06-18,NSC,0.034482758620689655
2024-06-18,RRC,0.034482758620689655
2024-06-18,CAG,0.034482758620689655
2024-06-18,JNJ,0.034482758620689655
2024-06-18,DHI,0.034482758620689655
2024-06-18,EWC,0.034482758620689655
2024-06-18,BDX,0.034482758620689655
2024-06-18,KEY,0.034482758620689655
2024-06-18,GOLD,0.034482758620689655
2024-06-18,TRP,0.034482758620689655
2024-06-18,D,0.034482758620689655
2024-06-18,PVH,0.034482758620689655
2024-06-18,RL,0.034482758620689655
2024-06-18,PCG,0.034482758620689655
2024-06-18,DUK,0.034482758620689655
2024-06-18,RF,0.034482758620689655
2024-06-18,HMC,0.034482758620689655
2024-06-18,CME,0.034482758620689655
2024-06-18,PRGO,0.034482758620689655
2024-06-18,XLE,0.034482758620689655
2024-06-18,COF,0.034482758620689655
2024-06-18,ENB,0.034482758620689655
2024-06-18,MRK,0.034482758620689655
2024-06-20,MNST,0.034482758620689655
2024-06-20,BAX,0.034482758620689655
2024-06-20,A,0.034482758620689655
2024-06-20,WEN,0.034482758620689655
2024-06-20,DAL,0.034482758620689655
2024-06-20,SPWR,0.034482758620689655
2024-06-20,NSC,0.034482758620689655
2024-06-20,RRC,0.034482758620689655
2024-06-20,CAG,0.034482758620689655
2024-06-20,KMB,0.034482758620689655
2024-06-20,TRV,0.034482758620689655
2024-06-20,DHI,0.034482758620689655
2024-06-20,EBAY,0.034482758620689655
2024-06-20,ALK,0.034482758620689655
2024-06-20,MAR,0.034482758620689655
2024-06-20,KEY,0.034482758620689655
2024-06-20,KO,0.034482758620689655
2024-06-20,PVH,0.034482758620689655
2024-06-20,LOW,0.034482758620689655
2024-06-20,RF,0.034482758620689655
2024-06-20,HMC,0.034482758620689655
2024-06-20,CLX,0.034482758620689655
2024-06-20,PRGO,0.034482758620689655
2024-06-20,SYK,0.034482758620689655
2024-06-20,XLE,0.034482758620689655
2024-06-20,M,0.034482758620689655
2024-06-20,COF,0.034482758620689655
2024-06-20,ENB,0.034482758620689655
2024-06-20,BMY,0.034482758620689655
2024-06-21,MNST,0.034482758620689655
2024-06-21,BAX,0.034482758620689655
2024-06-21,A,0.034482758620689655
2024-06-21,WEN,0.034482758620689655
2024-06-21,DAL,0.034482758620689655
2024-06-21,NSC,0.034482758620689655
2024-06-21,RRC,0.034482758620689655
2024-06-21,KMB,0.034482758620689655
2024-06-21,TRV,0.034482758620689655
2024-06-21,EWC,0.034482758620689655
2024-06-21,BDX,0.034482758620689655
2024-06-21,WFC,0.034482758620689655
2024-06-21,EWI,0.034482758620689655
2024-06-21,MS,0.034482758620689655
2024-06-21,ALK,0.034482758620689655
2024-06-21,MAR,0.034482758620689655
2024-06-21,KEY,0.034482758620689655
2024-06-21,GOLD,0.034482758620689655
2024-06-21,D,0.034482758620689655
2024-06-21,WSM,0.034482758620689655
2024-06-21,LOW,0.034482758620689655
2024-06-21,PCG,0.034482758620689655
2024-06-21,NTES,0.034482758620689655
2024-06-21,RF,0.034482758620689655
2024-06-21,CME,0.034482758620689655
2024-06-21,SYK,0.034482758620689655
2024-06-21,COF,0.034482758620689655
2024-06-21,ENB,0.034482758620689655
2024-06-21,CAT,0.034482758620689655
2024-06-24,MNST,0.034482758620689655
2024-06-24,PPG,0.034482758620689655
2024-06-24,BAX,0.034482758620689655
2024-06-24,NVDA,0.034482758620689655
2024-06-24,WEN,0.034482758620689655
2024-06-24,DAL,0.034482758620689655
2024-06-24,HYG,0.034482758620689655
2024-06-24,SPWR,0.034482758620689655
2024-06-24,NSC,0.034482758620689655
2024-06-24,CAG,0.034482758620689655
2024-06-24,GREK,0.034482758620689655
2024-06-24,QCOM,0.034482758620689655
2024-06-24,HAS,0.034482758620689655
2024-06-24,TRV,0.034482758620689655
2024-06-24,EWC,0.034482758620689655
2024-06-24,BBT,0.034482758620689655
2024-06-24,BDX,0.034482758620689655
2024-06-24,MAR,0.034482758620689655
2024-06-24,KEY,0.034482758620689655
2024-06-24,GOLD,0.034482758620689655
2024-06-24,LOW,0.034482758620689655
2024-06-24,PCG,0.034482758620689655
2024-06-24,CME,0.034482758620689655
2024-06-24,SYK,0.034482758620689655
2024-06-24,BSX,0.034482758620689655
2024-06-24,COF,0.034482758620689655
2024-06-24,ENB,0.034482758620689655
2024-06-24,MT,0.034482758620689655
2024-06-24,CAT,0.034482758620689655
2024-06-25,PPG,0.034482758620689655
2024-06-25,BAX,0.034482758620689655
2024-06-25,DAL,0.034482758620689655
2024-06-25,BUD,0.034482758620689655
2024-06-25,SPWR,0.034482758620689655
2024-06-25,NSC,0.034482758620689655
2024-06-25,ICE,0.034482758620689655
2024-06-25,CAG,0.034482758620689655
2024-06-25,JNJ,0.034482758620689655
2024-06-25,HAS,0.034482758620689655
2024-06-25,TRV,0.034482758620689655
2024-06-25,VTR,0.034482758620689655
2024-06-25,DHI,0.034482758620689655
2024-06-25,EWC,0.034482758620689655
2024-06-25,BBT,0.034482758620689655
2024-06-25,BDX,0.034482758620689655
2024-06-25,WFC,0.034482758620689655
2024-06-25,SIRI,0.034482758620689655
2024-06-25,GOLD,0.034482758620689655
2024-06-25,D,0.034482758620689655
2024-06-25,PVH,0.034482758620689655
2024-06-25,WSM,0.034482758620689655
2024-06-25,LOW,0.034482758620689655
2024-06-25,CME,0.034482758620689655
2024-06-25,CLX,0.034482758620689655
2024-06-25,SYK,0.034482758620689655
2024-06-25,ENB,0.034482758620689655
2024-06-25,MT,0.034482758620689655
2024-06-25,CAT,0.034482758620689655
2024-06-26,PPG,0.034482758620689655
2024-06-26,AMTD,0.034482758620689655
2024-06-26,BAX,0.034482758620689655
2024-06-26,DAL,0.034482758620689655
2024-06-26,SPWR,0.034482758620689655
2024-06-26,NSC,0.034482758620689655
2024-06-26,RRC,0.034482758620689655
2024-06-26,JNJ,0.034482758620689655
2024-06-26,HAS,0.034482758620689655
2024-06-26,TRV,0.034482758620689655
2024-06-26,DHI,0.034482758620689655
2024-06-26,EWC,0.034482758620689655
2024-06-26,BDX,0.034482758620689655
2024-06-26,WFC,0.034482758620689655
2024-06-26,EWI,0.034482758620689655
2024-06-26,DLTR,0.034482758620689655
2024-06-26,MAR,0.034482758620689655
2024-06-26,ILMN,0.034482758620689655
2024-06-26,GOLD,0.034482758620689655
2024-06-26,WMB,0.034482758620689655
2024-06-26,D,0.034482758620689655
2024-06-26,PVH,0.034482758620689655
2024-06-26,WSM,0.034482758620689655
2024-06-26,LOW,0.034482758620689655
2024-06-26,PCG,0.034482758620689655
2024-06-26,SYK,0.034482758620689655
2024-06-26,XLE,0.034482758620689655
2024-06-26,MT,0.034482758620689655
2024-06-26,CAT,0.034482758620689655
2024-06-27,PPG,0.034482758620689655
2024-06-27,BAX,0.034482758620689655
2024-06-27,A,0.034482758620689655
2024-06-27,XLP,0.034482758620689655
2024-06-27,DAL,0.034482758620689655
2024-06-27,AA,0.034482758620689655
2024-06-27,SPWR,0.034482758620689655
2024-06-27,NSC,0.034482758620689655
2024-06-27,RRC,0.034482758620689655
2024-06-27,CAG,0.034482758620689655
2024-06-27,GREK,0.034482758620689655
2024-06-27,JNJ,0.034482758620689655
2024-06-27,HAS,0.034482758620689655
2024-06-27,TRV,0.034482758620689655
2024-06-27,EWC,0.034482758620689655
2024-06-27,BDX,0.034482758620689655
2024-06-27,EBAY,0.034482758620689655
2024-06-27,EWI,0.034482758620689655
2024-06-27,SIRI,0.034482758620689655
2024-06-27,MS,0.034482758620689655
2024-06-27,GOLD,0.034482758620689655
2024-06-27,D,0.034482758620689655
2024-06-27,PVH,0.034482758620689655
2024-06-27,WSM,0.034482758620689655
2024-06-27,PCG,0.034482758620689655
2024-06-27,SYK,0.034482758620689655
2024-06-27,XLE,0.034482758620689655
2024-06-27,CAT,0.034482758620689655
2024-06-27,MRK,0.034482758620689655
2024-06-28,MET,0.034482758620689655
2024-06-28,MNST,0.034482758620689655
2024-06-28,AMTD,0.034482758620689655
2024-06-28,A,0.034482758620689655
2024-06-28,XLP,0.034482758620689655
2024-06-28,DAL,0.034482758620689655
2024-06-28,HYG,0.034482758620689655
2024-06-28,SPWR,0.034482758620689655
2024-06-28,ICE,0.034482758620689655
2024-06-28,RRC,0.034482758620689655
2024-06-28,CAG,0.034482758620689655
2024-06-28,STI,0.034482758620689655
2024-06-28,HAS,0.034482758620689655
2024-06-28,TRV,0.034482758620689655
2024-06-28,EWC,0.034482758620689655
2024-06-28,EWI,0.034482758620689655
2024-06-28,SIRI,0.034482758620689655
2024-06-28,ILMN,0.034482758620689655
2024-06-28,GOLD,0.034482758620689655
2024-06-28,D,0.034482758620689655
2024-06-28,PVH,0.034482758620689655
2024-06-28,WSM,0.034482758620689655
2024-06-28,PCG,0.034482758620689655
2024-06-28,DUK,0.034482758620689655
2024-06-28,HMC,0.034482758620689655
2024-06-28,XLE,0.034482758620689655
2024-06-28,MT,0.034482758620689655
2024-06-28,CAT,0.034482758620689655
2024-06-28,MRK,0.034482758620689655
2024-07-01,MNST,0.034482758620689655
2024-07-01,PPG,0.034482758620689655
2024-07-01,BAX,0.034482758620689655
2024-07-01,A,0.034482758620689655
2024-07-01,XLP,0.034482758620689655
2024-07-01,DAL,0.034482758620689655
2024-07-01,RRC,0.034482758620689655
2024-07-01,HAS,0.034482758620689655
2024-07-01,DPZ,0.034482758620689655
2024-07-01,EWC,0.034482758620689655
2024-07-01,BDX,0.034482758620689655
2024-07-01,EBAY,0.034482758620689655
2024-07-01,SIRI,0.034482758620689655
2024-07-01,XRT,0.034482758620689655
2024-07-01,GOLD,0.034482758620689655
2024-07-01,D,0.034482758620689655
2024-07-01,PVH,0.034482758620689655
2024-07-01,RL,0.034482758620689655
2024-07-01,NWSA,0.034482758620689655
2024-07-01,BX,0.034482758620689655
2024-07-01,PCG,0.034482758620689655
2024-07-01,DUK,0.034482758620689655
2024-07-01,CME,0.034482758620689655
2024-07-01,CP,0.034482758620689655
2024-07-01,CLX,0.034482758620689655
2024-07-01,SYK,0.034482758620689655
2024-07-01,BSX,0.034482758620689655
2024-07-01,ZUMZ,0.034482758620689655
2024-07-01,CAT,0.034482758620689655
2024-07-02,MNST,0.034482758620689655
2024-07-02,AMTD,0.034482758620689655
2024-07-02,BAX,0.034482758620689655
2024-07-02,A,0.034482758620689655
2024-07-02,DAL,0.034482758620689655
2024-07-02,HAS,0.034482758620689655
2024-07-02,TRV,0.034482758620689655
2024-07-02,DPZ,0.034482758620689655
2024-07-02,EWC,0.034482758620689655
2024-07-02,BDX,0.034482758620689655
2024-07-02,HTZ,0.034482758620689655
2024-07-02,ILMN,0.034482758620689655
2024-07-02,KGC,0.034482758620689655
2024-07-02,GOLD,0.034482758620689655
2024-07-02,KO,0.034482758620689655
2024-07-02,D,0.034482758620689655
2024-07-02,PVH,0.034482758620689655
2024-07-02,RL,0.034482758620689655
2024-07-02,PCG,0.034482758620689655
2024-07-02,DUK,0.034482758620689655
2024-07-02,CME,0.034482758620689655
2024-07-02,CLX,0.034482758620689655
2024-07-02,PRGO,0.034482758620689655
2024-07-02,SYK,0.034482758620689655
2024-07-02,BSX,0.034482758620689655
2024-07-02,ZUMZ,0.034482758620689655
2024-07-02,CAT,0.034482758620689655
2024-07-02,MRK,0.034482758620689655
2024-07-02,BMY,0.034482758620689655
2024-07-03,MNST,0.034482758620689655
2024-07-03,AMTD,0.034482758620689655
2024-07-03,A,0.034482758620689655
2024-07-03,WEN,0.034482758620689655
2024-07-03,SPWR,0.034482758620689655
2024-07-03,CAG,0.034482758620689655
2024-07-03,JNJ,0.034482758620689655
2024-07-03,KMB,0.034482758620689655
2024-07-03,HAS,0.034482758620689655
2024-07-03,TRV,0.034482758620689655
2024-07-03,DPZ,0.034482758620689655
2024-07-03,BDX,0.034482758620689655
2024-07-03,EBAY,0.034482758620689655
2024-07-03,WFC,0.034482758620689655
2024-07-03,DLTR,0.034482758620689655
2024-07-03,XRT,0.034482758620689655
2024-07-03,ILMN,0.034482758620689655
2024-07-03,RL,0.034482758620689655
2024-07-03,PCG,0.034482758620689655
2024-07-03,DUK,0.034482758620689655
2024-07-03,CME,0.034482758620689655
2024-07-03,CLX,0.034482758620689655
2024-07-03,SYK,0.034482758620689655
2024-07-03,BSX,0.034482758620689655
2024-07-03,COF,0.034482758620689655
2024-07-03,ZUMZ,0.034482758620689655
2024-07-03,CAT,0.034482758620689655
2024-07-03,MRK,0.034482758620689655
2024-07-03,BMY,0.034482758620689655
2024-07-05,MET,0.034482758620689655
2024-07-05,MNST,0.034482758620689655
2024-07-05,AMTD,0.034482758620689655
2024-07-05,WEN,0.034482758620689655
2024-07-05,DAL,0.034482758620689655
2024-07-05,SPWR,0.034482758620689655
2024-07-05,RRC,0.034482758620689655
2024-07-05,CAG,0.034482758620689655
2024-07-05,HAS,0.034482758620689655
2024-07-05,TRV,0.034482758620689655
2024-07-05,DPZ,0.034482758620689655
2024-07-05,DHI,0.034482758620689655
2024-07-05,BBT,0.034482758620689655
2024-07-05,BDX,0.034482758620689655
2024-07-05,WFC,0.034482758620689655
2024-07-05,EOG,0.034482758620689655
2024-07-05,XRT,0.034482758620689655
2024-07-05,KEY,0.034482758620689655
2024-07-05,D,0.034482758620689655
2024-07-05,BX,0.034482758620689655
2024-07-05,NTES,0.034482758620689655
2024-07-05,CME,0.034482758620689655
2024-07-05,CLX,0.034482758620689655
2024-07-05,PRGO,0.034482758620689655
2024-07-05,XLE,0.034482758620689655
2024-07-05,COF,0.034482758620689655
2024-07-05,ENB,0.034482758620689655
2024-07-05,CAT,0.034482758620689655
2024-07-05,MRK,0.034482758620689655
2024-07-08,MET,0.034482758620689655
2024-07-08,MNST,0.034482758620689655
2024-07-08,AMTD,0.034482758620689655
2024-07-08,WEN,0.034482758620689655
2024-07-08,DAL,0.034482758620689655
2024-07-08,BUD,0.034482758620689655
2024-07-08,SPWR,0.034482758620689655
2024-07-08,RRC,0.034482758620689655
2024-07-08,JNJ,0.034482758620689655
2024-07-08,TRV,0.034482758620689655
2024-07-08,EWC,0.034482758620689655
2024-07-08,BBT,0.034482758620689655
2024-07-08,BDX,0.034482758620689655
2024-07-08,WFC,0.034482758620689655
2024-07-08,MAR,0.034482758620689655
2024-07-08,GOLD,0.034482758620689655
2024-07-08,KO,0.034482758620689655
2024-07-08,D,0.034482758620689655
2024-07-08,NWSA,0.034482758620689655
2024-07-08,BX,0.034482758620689655
2024-07-08,PCG,0.034482758620689655
2024-07-08,CME,0.034482758620689655
2024-07-08,CLX,0.034482758620689655
2024-07-08,OHI,0.034482758620689655
2024-07-08,BSX,0.034482758620689655
2024-07-08,XLE,0.034482758620689655
2024-07-08,COF,0.034482758620689655
2024-07-08,ENB,0.034482758620689655
2024-07-08,MRK,0.034482758620689655
2024-07-09,MNST,0.034482758620689655
2024-07-09,CNC,0.034482758620689655
2024-07-09,PPG,0.034482758620689655
2024-07-09,WEN,0.034482758620689655
2024-07-09,AA,0.034482758620689655
2024-07-09,SPWR,0.034482758620689655
2024-07-09,RRC,0.034482758620689655
2024-07-09,CAG,0.034482758620689655
2024-07-09,HAS,0.034482758620689655
2024-07-09,TRV,0.034482758620689655
2024-07-09,DPZ,0.034482758620689655
2024-07-09,EWC,0.034482758620689655
2024-07-09,BDX,0.034482758620689655
2024-07-09,WFC,0.034482758620689655
2024-07-09,EWI,0.034482758620689655
2024-07-09,DLTR,0.034482758620689655
2024-07-09,MAR,0.034482758620689655
2024-07-09,GOLD,0.034482758620689655
2024-07-09,KO,0.034482758620689655
2024-07-09,D,0.034482758620689655
2024-07-09,TRIP,0.034482758620689655
2024-07-09,CME,0.034482758620689655
2024-07-09,CP,0.034482758620689655
2024-07-09,CLX,0.034482758620689655
2024-07-09,OHI,0.034482758620689655
2024-07-09,XLE,0.034482758620689655
2024-07-09,COF,0.034482758620689655
2024-07-09,ENB,0.034482758620689655
2024-07-09,CAT,0.034482758620689655
2024-07-10,MNST,0.034482758620689655
2024-07-10,AMTD,0.034482758620689655
2024-07-10,CF,0.034482758620689655
2024-07-10,WEN,0.034482758620689655
2024-07-10,DAL,0.034482758620689655
2024-07-10,AA,0.034482758620689655
2024-07-10,SPWR,0.034482758620689655
2024-07-10,RRC,0.034482758620689655
2024-07-10,CAG,0.034482758620689655
2024-07-10,GREK,0.034482758620689655
2024-07-10,DPZ,0.034482758620689655
2024-07-10,BDX,0.034482758620689655
2024-07-10,WFC,0.034482758620689655
2024-07-10,EWI,0.034482758620689655
2024-07-10,SIRI,0.034482758620689655
2024-07-10,HTZ,0.034482758620689655
2024-07-10,DLTR,0.034482758620689655
2024-07-10,ALK,0.034482758620689655
2024-07-10,GOLD,0.034482758620689655
2024-07-10,KO,0.034482758620689655
2024-07-10,D,0.034482758620689655
2024-07-10,NTES,0.034482758620689655
2024-07-10,RF,0.034482758620689655
2024-07-10,CME,0.034482758620689655
2024-07-10,XLE,0.034482758620689655
2024-07-10,COF,0.034482758620689655
2024-07-10,ZUMZ,0.034482758620689655
2024-07-10,MT,0.034482758620689655
2024-07-10,MRK,0.034482758620689655
2024-07-11,MNST,0.034482758620689655
2024-07-11,DAL,0.034482758620689655
2024-07-11,SPWR,0.034482758620689655
2024-07-11,RRC,0.034482758620689655
2024-07-11,CAG,0.034482758620689655
2024-07-11,GREK,0.034482758620689655
2024-07-11,QCOM,0.034482758620689655
2024-07-11,JNJ,0.034482758620689655
2024-07-11,STI,0.034482758620689655
2024-07-11,TRV,0.034482758620689655
2024-07-11,DPZ,0.034482758620689655
2024-07-11,EWC,0.034482758620689655
2024-07-11,BDX,0.034482758620689655
2024-07-11,MU,0.034482758620689655
2024-07-11,WFC,0.034482758620689655
2024-07-11,QQQ,0.034482758620689655
2024-07-11,MAR,0.034482758620689655
2024-07-11,D,0.034482758620689655
2024-07-11,EW,0.034482758620689655
2024-07-11,NTAP,0.034482758620689655
2024-07-11,MRVL,0.034482758620689655
2024-07-11,CME,0.034482758620689655
2024-07-11,SYK,0.034482758620689655
2024-07-11,XLE,0.034482758620689655
2024-07-11,COF,0.034482758620689655
2024-07-11,ENB,0.034482758620689655
2024-07-11,MT,0.034482758620689655
2024-07-11,VZ,0.034482758620689655
2024-07-11,MRK,0.034482758620689655
2024-07-12,PPG,0.034482758620689655
2024-07-12,AMTD,0.034482758620689655
2024-07-12,XLP,0.034482758620689655
2024-07-12,DAL,0.034482758620689655
2024-07-12,SPWR,0.034482758620689655
2024-07-12,NSC,0.034482758620689655
2024-07-12,RRC,0.034482758620689655
2024-07-12,CAG,0.034482758620689655
2024-07-12,GREK,0.034482758620689655
2024-07-12,JNJ,0.034482758620689655
2024-07-12,STI,0.034482758620689655
2024-07-12,TRV,0.034482758620689655
2024-07-12,VTR,0.034482758620689655
2024-07-12,WFC,0.034482758620689655
2024-07-12,EWI,0.034482758620689655
2024-07-12,MS,0.034482758620689655
2024-07-12,MAR,0.034482758620689655
2024-07-12,KEY,0.034482758620689655
2024-07-12,D,0.034482758620689655
2024-07-12,PVH,0.034482758620689655
2024-07-12,EW,0.034482758620689655
2024-07-12,NTAP,0.034482758620689655
2024-07-12,RF,0.034482758620689655
2024-07-12,CME,0.034482758620689655
2024-07-12,SYK,0.034482758620689655
2024-07-12,XLE,0.034482758620689655
2024-07-12,COF,0.034482758620689655
2024-07-12,MT,0.034482758620689655
2024-07-12,MRK,0.034482758620689655
2024-07-15,CNC,0.034482758620689655
2024-07-15,AMTD,0.034482758620689655
2024-07-15,VWO,0.034482758620689655
2024-07-15,XLP,0.034482758620689655
2024-07-15,DAL,0.034482758620689655
2024-07-15,SPWR,0.034482758620689655
2024-07-15,CAG,0.034482758620689655
2024-07-15,JNJ,0.034482758620689655
2024-07-15,TRV,0.034482758620689655
2024-07-15,BDX,0.034482758620689655
2024-07-15,EBAY,0.034482758620689655
2024-07-15,WFC,0.034482758620689655
2024-07-15,EWI,0.034482758620689655
2024-07-15,DLTR,0.034482758620689655
2024-07-15,XRT,0.034482758620689655
2024-07-15,WMB,0.034482758620689655
2024-07-15,D,0.034482758620689655
2024-07-15,ULTA,0.034482758620689655
2024-07-15,PVH,0.034482758620689655
2024-07-15,EW,0.034482758620689655
2024-07-15,RL,0.034482758620689655
2024-07-15,NWSA,0.034482758620689655
2024-07-15,PCG,0.034482758620689655
2024-07-15,CLX,0.034482758620689655
2024-07-15,SYK,0.034482758620689655
2024-07-15,ENB,0.034482758620689655
2024-07-15,MT,0.034482758620689655
2024-07-15,VZ,0.034482758620689655
2024-07-15,MRK,0.034482758620689655
2024-07-16,AMTD,0.034482758620689655
2024-07-16,AA,0.034482758620689655
2024-07-16,BUD,0.034482758620689655
2024-07-16,SPWR,0.034482758620689655
2024-07-16,RRC,0.034482758620689655
2024-07-16,CAG,0.034482758620689655
2024-07-16,GREK,0.034482758620689655
2024-07-16,JNJ,0.034482758620689655
2024-07-16,EWC,0.034482758620689655
2024-07-16,BDX,0.034482758620689655
2024-07-16,MU,0.034482758620689655
2024-07-16,EWI,0.034482758620689655
2024-07-16,HTZ,0.034482758620689655
2024-07-16,DLTR,0.034482758620689655
2024-07-16,CCL,0.034482758620689655
2024-07-16,WMB,0.034482758620689655
2024-07-16,D,0.034482758620689655
2024-07-16,EW,0.034482758620689655
2024-07-16,RL,0.034482758620689655
2024-07-16,TRIP,0.034482758620689655
2024-07-16,PCG,0.034482758620689655
2024-07-16,DUK,0.034482758620689655
2024-07-16,NTES,0.034482758620689655
2024-07-16,CME,0.034482758620689655
2024-07-16,CLX,0.034482758620689655
2024-07-16,SYK,0.034482758620689655
2024-07-16,ENB,0.034482758620689655
2024-07-16,MT,0.034482758620689655
2024-07-16,MRK,0.034482758620689655
2024-07-17,PPG,0.034482758620689655
2024-07-17,VWO,0.034482758620689655
2024-07-17,HYG,0.034482758620689655
2024-07-17,SPWR,0.034482758620689655
2024-07-17,GREK,0.034482758620689655
2024-07-17,QCOM,0.034482758620689655
2024-07-17,DPZ,0.034482758620689655
2024-07-17,EWC,0.034482758620689655
2024-07-17,MU,0.034482758620689655
2024-07-17,EBAY,0.034482758620689655
2024-07-17,QQQ,0.034482758620689655
2024-07-17,EWI,0.034482758620689655
2024-07-17,ORCL,0.034482758620689655
2024-07-17,CCL,0.034482758620689655
2024-07-17,TSM,0.034482758620689655
2024-07-17,KGC,0.034482758620689655
2024-07-17,D,0.034482758620689655
2024-07-17,ULTA,0.034482758620689655
2024-07-17,PVH,0.034482758620689655
2024-07-17,EW,0.034482758620689655
2024-07-17,RL,0.034482758620689655
2024-07-17,NTAP,0.034482758620689655
2024-07-17,WSM,0.034482758620689655
2024-07-17,TRIP,0.034482758620689655
2024-07-17,PCG,0.034482758620689655
2024-07-17,SYK,0.034482758620689655
2024-07-17,BSX,0.034482758620689655
2024-07-17,MT,0.034482758620689655
2024-07-17,MRK,0.034482758620689655
2024-07-18,PPG,0.034482758620689655
2024-07-18,AMTD,0.034482758620689655
2024-07-18,VWO,0.034482758620689655
2024-07-18,DAL,0.034482758620689655
2024-07-18,HYG,0.034482758620689655
2024-07-18,SPWR,0.034482758620689655
2024-07-18,NSC,0.034482758620689655
2024-07-18,QCOM,0.034482758620689655
2024-07-18,DPZ,0.034482758620689655
2024-07-18,EWC,0.034482758620689655
2024-07-18,BDX,0.034482758620689655
2024-07-18,WFC,0.034482758620689655
2024-07-18,QQQ,0.034482758620689655
2024-07-18,ORCL,0.034482758620689655
2024-07-18,TSM,0.034482758620689655
2024-07-18,KGC,0.034482758620689655
2024-07-18,D,0.034482758620689655
2024-07-18,ULTA,0.034482758620689655
2024-07-18,PVH,0.034482758620689655
2024-07-18,EW,0.034482758620689655
2024-07-18,RL,0.034482758620689655
2024-07-18,NTAP,0.034482758620689655
2024-07-18,WSM,0.034482758620689655
2024-07-18,TRIP,0.034482758620689655
2024-07-18,MRVL,0.034482758620689655
2024-07-18,PCG,0.034482758620689655
2024-07-18,SYK,0.034482758620689655
2024-07-18,BSX,0.034482758620689655
2024-07-18,MRK,0.034482758620689655
2024-07-19,PPG,0.034482758620689655
2024-07-19,VWO,0.034482758620689655
2024-07-19,HYG,0.034482758620689655
2024-07-19,SPWR,0.034482758620689655
2024-07-19,NSC,0.034482758620689655
2024-07-19,STI,0.034482758620689655
2024-07-19,TRV,0.034482758620689655
2024-07-19,DPZ,0.034482758620689655
2024-07-19,EWC,0.034482758620689655
2024-07-19,BDX,0.034482758620689655
2024-07-19,MU,0.034482758620689655
2024-07-19,EBAY,0.034482758620689655
2024-07-19,WFC,0.034482758620689655
2024-07-19,EOG,0.034482758620689655
2024-07-19,EWI,0.034482758620689655
2024-07-19,TSM,0.034482758620689655
2024-07-19,MS,0.034482758620689655
2024-07-19,XRT,0.034482758620689655
2024-07-19,KEY,0.034482758620689655
2024-07-19,ILMN,0.034482758620689655
2024-07-19,KGC,0.034482758620689655
2024-07-19,D,0.034482758620689655
2024-07-19,PVH,0.034482758620689655
2024-07-19,EW,0.034482758620689655
2024-07-19,RL,0.034482758620689655
2024-07-19,NTAP,0.034482758620689655
2024-07-19,TRIP,0.034482758620689655
2024-07-19,CME,0.034482758620689655
2024-07-19,CLX,0.034482758620689655
2024-07-22,PPG,0.034482758620689655
2024-07-22,AMTD,0.034482758620689655
2024-07-22,VWO,0.034482758620689655
2024-07-22,HP,0.034482758620689655
2024-07-22,WEN,0.034482758620689655
2024-07-22,DAL,0.034482758620689655
2024-07-22,JNJ,0.034482758620689655
2024-07-22,STI,0.034482758620689655
2024-07-22,TRV,0.034482758620689655
2024-07-22,EWC,0.034482758620689655
2024-07-22,BBT,0.034482758620689655
2024-07-22,BDX,0.034482758620689655
2024-07-22,EBAY,0.034482758620689655
2024-07-22,WFC,0.034482758620689655
2024-07-22,EOG,0.034482758620689655
2024-07-22,MS,0.034482758620689655
2024-07-22,KEY,0.034482758620689655
2024-07-22,KGC,0.034482758620689655
2024-07-22,KO,0.034482758620689655
2024-07-22,D,0.034482758620689655
2024-07-22,ULTA,0.034482758620689655
2024-07-22,PVH,0.034482758620689655
2024-07-22,RL,0.034482758620689655
2024-07-22,CME,0.034482758620689655
2024-07-22,CLX,0.034482758620689655
2024-07-22,SYK,0.034482758620689655
2024-07-22,XLE,0.034482758620689655
2024-07-22,COF,0.034482758620689655
2024-07-22,MRK,0.034482758620689655
2024-07-23,CNC,0.034482758620689655
2024-07-23,PPG,0.034482758620689655
2024-07-23,VWO,0.034482758620689655
2024-07-23,A,0.034482758620689655
2024-07-23,HP,0.034482758620689655
2024-07-23,DAL,0.034482758620689655
2024-07-23,SPWR,0.034482758620689655
2024-07-23,JNJ,0.034482758620689655
2024-07-23,TRV,0.034482758620689655
2024-07-23,EWC,0.034482758620689655
2024-07-23,EBAY,0.034482758620689655
2024-07-23,WFC,0.034482758620689655
2024-07-23,EOG,0.034482758620689655
2024-07-23,SIRI,0.034482758620689655
2024-07-23,KEY,0.034482758620689655
2024-07-23,D,0.034482758620689655
2024-07-23,ULTA,0.034482758620689655
2024-07-23,PVH,0.034482758620689655
2024-07-23,EW,0.034482758620689655
2024-07-23,RL,0.034482758620689655
2024-07-23,DUK,0.034482758620689655
2024-07-23,CME,0.034482758620689655
2024-07-23,CP,0.034482758620689655
2024-07-23,CLX,0.034482758620689655
2024-07-23,SYK,0.034482758620689655
2024-07-23,XLE,0.034482758620689655
2024-07-23,COF,0.034482758620689655
2024-07-23,VZ,0.034482758620689655
2024-07-23,MRK,0.034482758620689655
2024-07-24,PPG,0.034482758620689655
2024-07-24,VWO,0.034482758620689655
2024-07-24,HP,0.034482758620689655
2024-07-24,DAL,0.034482758620689655
2024-07-24,HYG,0.034482758620689655
2024-07-24,SPWR,0.034482758620689655
2024-07-24,NSC,0.034482758620689655
2024-07-24,QCOM,0.034482758620689655
2024-07-24,KMB,0.034482758620689655
2024-07-24,TRV,0.034482758620689655
2024-07-24,EWC,0.034482758620689655
2024-07-24,WFC,0.034482758620689655
2024-07-24,EOG,0.034482758620689655
2024-07-24,QQQ,0.034482758620689655
2024-07-24,DLTR,0.034482758620689655
2024-07-24,MS,0.034482758620689655
2024-07-24,MAR,0.034482758620689655
2024-07-24,XRT,0.034482758620689655
2024-07-24,KGC,0.034482758620689655
2024-07-24,WMB,0.034482758620689655
2024-07-24,PVH,0.034482758620689655
2024-07-24,NTAP,0.034482758620689655
2024-07-24,NWSA,0.034482758620689655
2024-07-24,CME,0.034482758620689655
2024-07-24,CP,0.034482758620689655
2024-07-24,SYK,0.034482758620689655
2024-07-24,XLE,0.034482758620689655
2024-07-24,MT,0.034482758620689655
2024-07-24,CAT,0.034482758620689655
2024-07-25,PPG,0.034482758620689655
2024-07-25,VWO,0.034482758620689655
2024-07-25,NVDA,0.034482758620689655
2024-07-25,HYG,0.034482758620689655
2024-07-25,SPWR,0.034482758620689655
2024-07-25,CAG,0.034482758620689655
2024-07-25,GREK,0.034482758620689655
2024-07-25,QCOM,0.034482758620689655
2024-07-25,KMB,0.034482758620689655
2024-07-25,VTR,0.034482758620689655
2024-07-25,EWC,0.034482758620689655
2024-07-25,BDX,0.034482758620689655
2024-07-25,MU,0.034482758620689655
2024-07-25,WFC,0.034482758620689655
2024-07-25,QQQ,0.034482758620689655
2024-07-25,EWI,0.034482758620689655
2024-07-25,DLTR,0.034482758620689655
2024-07-25,CCL,0.034482758620689655
2024-07-25,MAR,0.034482758620689655
2024-07-25,KGC,0.034482758620689655
2024-07-25,WMB,0.034482758620689655
2024-07-25,NWSA,0.034482758620689655
2024-07-25,TRIP,0.034482758620689655
2024-07-25,PCG,0.034482758620689655
2024-07-25,DUK,0.034482758620689655
2024-07-25,OHI,0.034482758620689655
2024-07-25,SYK,0.034482758620689655
2024-07-25,BSX,0.034482758620689655
2024-07-25,VZ,0.034482758620689655
2024-07-26,AMTD,0.034482758620689655
2024-07-26,HP,0.034482758620689655
2024-07-26,NVDA,0.034482758620689655
2024-07-26,WEN,0.034482758620689655
2024-07-26,DAL,0.034482758620689655
2024-07-26,SPWR,0.034482758620689655
2024-07-26,RRC,0.034482758620689655
2024-07-26,CAG,0.034482758620689655
2024-07-26,KMB,0.034482758620689655
2024-07-26,TRV,0.034482758620689655
2024-07-26,BDX,0.034482758620689655
2024-07-26,MU,0.034482758620689655
2024-07-26,WFC,0.034482758620689655
2024-07-26,SIRI,0.034482758620689655
2024-07-26,CCL,0.034482758620689655
2024-07-26,KGC,0.034482758620689655
2024-07-26,EW,0.034482758620689655
2024-07-26,NWSA,0.034482758620689655
2024-07-26,PCG,0.034482758620689655
2024-07-26,DUK,0.034482758620689655
2024-07-26,NTES,0.034482758620689655
2024-07-26,CME,0.034482758620689655
2024-07-26,CLX,0.034482758620689655
2024-07-26,SYK,0.034482758620689655
2024-07-26,BSX,0.034482758620689655
2024-07-26,MT,0.034482758620689655
2024-07-26,VZ,0.034482758620689655
2024-07-26,CAT,0.034482758620689655
2024-07-26,MRK,0.034482758620689655
2024-07-29,MET,0.034482758620689655
2024-07-29,VWO,0.034482758620689655
2024-07-29,HP,0.034482758620689655
2024-07-29,DAL,0.034482758620689655
2024-07-29,SPWR,0.034482758620689655
2024-07-29,RRC,0.034482758620689655
2024-07-29,GREK,0.034482758620689655
2024-07-29,JNJ,0.034482758620689655
2024-07-29,STI,0.034482758620689655
2024-07-29,KMB,0.034482758620689655
2024-07-29,BDX,0.034482758620689655
2024-07-29,MU,0.034482758620689655
2024-07-29,WFC,0.034482758620689655
2024-07-29,EOG,0.034482758620689655
2024-07-29,EWI,0.034482758620689655
2024-07-29,SIRI,0.034482758620689655
2024-07-29,DLTR,0.034482758620689655
2024-07-29,MS,0.034482758620689655
2024-07-29,ULTA,0.034482758620689655
2024-07-29,EW,0.034482758620689655
2024-07-29,NTAP,0.034482758620689655
2024-07-29,PCG,0.034482758620689655
2024-07-29,NTES,0.034482758620689655
2024-07-29,CME,0.034482758620689655
2024-07-29,CLX,0.034482758620689655
2024-07-29,BSX,0.034482758620689655
2024-07-29,XLE,0.034482758620689655
2024-07-29,VZ,0.034482758620689655
2024-07-29,CAT,0.034482758620689655
2024-07-30,VWO,0.034482758620689655
2024-07-30,HP,0.034482758620689655
2024-07-30,XLP,0.034482758620689655
2024-07-30,DAL,0.034482758620689655
2024-07-30,HYG,0.034482758620689655
2024-07-30,BUD,0.034482758620689655
2024-07-30,SPWR,0.034482758620689655
2024-07-30,RRC,0.034482758620689655
2024-07-30,GREK,0.034482758620689655
2024-07-30,BDX,0.034482758620689655
2024-07-30,MU,0.034482758620689655
2024-07-30,EOG,0.034482758620689655
2024-07-30,EWI,0.034482758620689655
2024-07-30,ANF,0.034482758620689655
2024-07-30,ORCL,0.034482758620689655
2024-07-30,TSM,0.034482758620689655
2024-07-30,ALK,0.034482758620689655
2024-07-30,KGC,0.034482758620689655
2024-07-30,EW,0.034482758620689655
2024-07-30,NTAP,0.034482758620689655
2024-07-30,NWSA,0.034482758620689655
2024-07-30,PCG,0.034482758620689655
2024-07-30,NTES,0.034482758620689655
2024-07-30,CME,0.034482758620689655
2024-07-30,CP,0.034482758620689655
2024-07-30,BSX,0.034482758620689655
2024-07-30,VZ,0.034482758620689655
2024-07-30,CAT,0.034482758620689655
2024-07-30,MRK,0.034482758620689655
2024-07-31,PPG,0.034482758620689655
2024-07-31,HP,0.034482758620689655
2024-07-31,XLP,0.034482758620689655
2024-07-31,DAL,0.034482758620689655
2024-07-31,BUD,0.034482758620689655
2024-07-31,SPWR,0.034482758620689655
2024-07-31,RRC,0.034482758620689655
2024-07-31,JNJ,0.034482758620689655
2024-07-31,STI,0.034482758620689655
2024-07-31,KMB,0.034482758620689655
2024-07-31,VTR,0.034482758620689655
2024-07-31,BDX,0.034482758620689655
2024-07-31,EWI,0.034482758620689655
2024-07-31,DLTR,0.034482758620689655
2024-07-31,CCL,0.034482758620689655
2024-07-31,KEY,0.034482758620689655
2024-07-31,KO,0.034482758620689655
2024-07-31,ULTA,0.034482758620689655
2024-07-31,EW,0.034482758620689655
2024-07-31,NWSA,0.034482758620689655
2024-07-31,TRIP,0.034482758620689655
2024-07-31,PCG,0.034482758620689655
2024-07-31,DUK,0.034482758620689655
2024-07-31,RF,0.034482758620689655
2024-07-31,CME,0.034482758620689655
2024-07-31,SYK,0.034482758620689655
2024-07-31,VZ,0.034482758620689655
2024-07-31,CAT,0.034482758620689655
2024-07-31,MRK,0.034482758620689655
2024-08-01,VWO,0.034482758620689655
2024-08-01,HP,0.034482758620689655
2024-08-01,DAL,0.034482758620689655
2024-08-01,SPWR,0.034482758620689655
2024-08-01,GREK,0.034482758620689655
2024-08-01,STI,0.034482758620689655
2024-08-01,EWC,0.034482758620689655
2024-08-01,BBT,0.034482758620689655
2024-08-01,BDX,0.034482758620689655
2024-08-01,EOG,0.034482758620689655
2024-08-01,EWI,0.034482758620689655
2024-08-01,HTZ,0.034482758620689655
2024-08-01,DLTR,0.034482758620689655
2024-08-01,CCL,0.034482758620689655
2024-08-01,MS,0.034482758620689655
2024-08-01,XRT,0.034482758620689655
2024-08-01,KEY,0.034482758620689655
2024-08-01,ULTA,0.034482758620689655
2024-08-01,PVH,0.034482758620689655
2024-08-01,NTAP,0.034482758620689655
2024-08-01,NWSA,0.034482758620689655
2024-08-01,BX,0.034482758620689655
2024-08-01,RF,0.034482758620689655
2024-08-01,CME,0.034482758620689655
2024-08-01,CP,0.034482758620689655
2024-08-01,SYK,0.034482758620689655
2024-08-01,COF,0.034482758620689655
2024-08-01,CAT,0.034482758620689655
2024-08-01,MRK,0.034482758620689655
2024-08-02,AMTD,0.034482758620689655
2024-08-02,HP,0.034482758620689655
2024-08-02,HYG,0.034482758620689655
2024-08-02,SPWR,0.034482758620689655
2024-08-02,ICE,0.034482758620689655
2024-08-02,GREK,0.034482758620689655
2024-08-02,STI,0.034482758620689655
2024-08-02,EWC,0.034482758620689655
2024-08-02,BBT,0.034482758620689655
2024-08-02,EOG,0.034482758620689655
2024-08-02,QQQ,0.034482758620689655
2024-08-02,EWI,0.034482758620689655
2024-08-02,ANF,0.034482758620689655
2024-08-02,ORCL,0.034482758620689655
2024-08-02,DLTR,0.034482758620689655
2024-08-02,MS,0.034482758620689655
2024-08-02,XRT,0.034482758620689655
2024-08-02,KEY,0.034482758620689655
2024-08-02,KGC,0.034482758620689655
2024-08-02,WMB,0.034482758620689655
2024-08-02,ULTA,0.034482758620689655
2024-08-02,PVH,0.034482758620689655
2024-08-02,RL,0.034482758620689655
2024-08-02,NTAP,0.034482758620689655
2024-08-02,NWSA,0.034482758620689655
2024-08-02,BX,0.034482758620689655
2024-08-02,RF,0.034482758620689655
2024-08-02,CP,0.034482758620689655
2024-08-02,COF,0.034482758620689655
2024-08-05,MET,0.034482758620689655
2024-08-05,PPG,0.034482758620689655
2024-08-05,A,0.034482758620689655
2024-08-05,NVDA,0.034482758620689655
2024-08-05,HYG,0.034482758620689655
2024-08-05,SPWR,0.034482758620689655
2024-08-05,NDAQ,0.034482758620689655
2024-08-05,BBT,0.034482758620689655
2024-08-05,WFC,0.034482758620689655
2024-08-05,QQQ,0.034482758620689655
2024-08-05,EWI,0.034482758620689655
2024-08-05,ANF,0.034482758620689655
2024-08-05,ORCL,0.034482758620689655
2024-08-05,MS,0.034482758620689655
2024-08-05,KGC,0.034482758620689655
2024-08-05,GOLD,0.034482758620689655
2024-08-05,WMB,0.034482758620689655
2024-08-05,PVH,0.034482758620689655
2024-08-05,RL,0.034482758620689655
2024-08-05,NTAP,0.034482758620689655
2024-08-05,WSM,0.034482758620689655
2024-08-05,NWSA,0.034482758620689655
2024-08-05,BX,0.034482758620689655
2024-08-05,LOW,0.034482758620689655
2024-08-05,RF,0.034482758620689655
2024-08-05,CME,0.034482758620689655
2024-08-05,BSX,0.034482758620689655
2024-08-05,COF,0.034482758620689655
2024-08-05,ZUMZ,0.034482758620689655
2024-08-06,MET,0.034482758620689655
2024-08-06,MNST,0.034482758620689655
2024-08-06,PPG,0.034482758620689655
2024-08-06,VWO,0.034482758620689655
2024-08-06,HP,0.034482758620689655
2024-08-06,SPWR,0.034482758620689655
2024-08-06,GREK,0.034482758620689655
2024-08-06,JNJ,0.034482758620689655
2024-08-06,TRV,0.034482758620689655
2024-08-06,BBT,0.034482758620689655
2024-08-06,BDX,0.034482758620689655
2024-08-06,WFC,0.034482758620689655
2024-08-06,EOG,0.034482758620689655
2024-08-06,EWI,0.034482758620689655
2024-08-06,ORCL,0.034482758620689655
2024-08-06,MS,0.034482758620689655
2024-08-06,XRT,0.034482758620689655
2024-08-06,NTAP,0.034482758620689655
2024-08-06,WSM,0.034482758620689655
2024-08-06,BX,0.034482758620689655
2024-08-06,PCG,0.034482758620689655
2024-08-06,NTES,0.034482758620689655
2024-08-06,RF,0.034482758620689655
2024-08-06,HMC,0.034482758620689655
2024-08-06,COF,0.034482758620689655
2024-08-06,MT,0.034482758620689655
2024-08-06,VZ,0.034482758620689655
2024-08-06,CAT,0.034482758620689655
2024-08-06,MRK,0.034482758620689655
2024-08-07,MET,0.034482758620689655
2024-08-07,MNST,0.034482758620689655
2024-08-07,PPG,0.034482758620689655
2024-08-07,AMTD,0.034482758620689655
2024-08-07,A,0.034482758620689655
2024-08-07,HP,0.034482758620689655
2024-08-07,DAL,0.034482758620689655
2024-08-07,CAG,0.034482758620689655
2024-08-07,GREK,0.034482758620689655
2024-08-07,DPZ,0.034482758620689655
2024-08-07,BDX,0.034482758620689655
2024-08-07,ANF,0.034482758620689655
2024-08-07,ORCL,0.034482758620689655
2024-08-07,MS,0.034482758620689655
2024-08-07,XRT,0.034482758620689655
2024-08-07,KEY,0.034482758620689655
2024-08-07,KGC,0.034482758620689655
2024-08-07,PVH,0.034482758620689655
2024-08-07,RL,0.034482758620689655
2024-08-07,NTAP,0.034482758620689655
2024-08-07,NWSA,0.034482758620689655
2024-08-07,BX,0.034482758620689655
2024-08-07,LOW,0.034482758620689655
2024-08-07,RF,0.034482758620689655
2024-08-07,SYK,0.034482758620689655
2024-08-07,BSX,0.034482758620689655
2024-08-07,COF,0.034482758620689655
2024-08-07,VZ,0.034482758620689655
2024-08-07,CAT,0.034482758620689655
2024-08-08,MET,0.034482758620689655
2024-08-08,MNST,0.034482758620689655
2024-08-08,PPG,0.034482758620689655
2024-08-08,A,0.034482758620689655
2024-08-08,NVDA,0.034482758620689655
2024-08-08,AA,0.034482758620689655
2024-08-08,BUD,0.034482758620689655
2024-08-08,KMB,0.034482758620689655
2024-08-08,TRV,0.034482758620689655
2024-08-08,DPZ,0.034482758620689655
2024-08-08,BDX,0.034482758620689655
2024-08-08,EWI,0.034482758620689655
2024-08-08,DLTR,0.034482758620689655
2024-08-08,CCL,0.034482758620689655
2024-08-08,MAR,0.034482758620689655
2024-08-08,KGC,0.034482758620689655
2024-08-08,D,0.034482758620689655
2024-08-08,RL,0.034482758620689655
2024-08-08,WSM,0.034482758620689655
2024-08-08,PCG,0.034482758620689655
2024-08-08,DUK,0.034482758620689655
2024-08-08,HMC,0.034482758620689655
2024-08-08,CME,0.034482758620689655
2024-08-08,CLX,0.034482758620689655
2024-08-08,CSIQ,0.034482758620689655
2024-08-08,COF,0.034482758620689655
2024-08-08,MT,0.034482758620689655
2024-08-08,VZ,0.034482758620689655
2024-08-08,MRK,0.034482758620689655
2024-08-09,MNST,0.034482758620689655
2024-08-09,PPG,0.034482758620689655
2024-08-09,A,0.034482758620689655
2024-08-09,HOG,0.034482758620689655
2024-08-09,NVDA,0.034482758620689655
2024-08-09,WEN,0.034482758620689655
2024-08-09,BUD,0.034482758620689655
2024-08-09,CAG,0.034482758620689655
2024-08-09,GREK,0.034482758620689655
2024-08-09,KMB,0.034482758620689655
2024-08-09,TRV,0.034482758620689655
2024-08-09,DPZ,0.034482758620689655
2024-08-09,BBT,0.034482758620689655
2024-08-09,BDX,0.034482758620689655
2024-08-09,DLTR,0.034482758620689655
2024-08-09,MAR,0.034482758620689655
2024-08-09,XRT,0.034482758620689655
2024-08-09,GOLD,0.034482758620689655
2024-08-09,TRP,0.034482758620689655
2024-08-09,RL,0.034482758620689655
2024-08-09,WSM,0.034482758620689655
2024-08-09,TRIP,0.034482758620689655
2024-08-09,RF,0.034482758620689655
2024-08-09,CME,0.034482758620689655
2024-08-09,CP,0.034482758620689655
2024-08-09,CLX,0.034482758620689655
2024-08-09,PRGO,0.034482758620689655
2024-08-09,SYK,0.034482758620689655
2024-08-09,VZ,0.034482758620689655
2024-08-12,MET,0.034482758620689655
2024-08-12,MNST,0.034482758620689655
2024-08-12,PPG,0.034482758620689655
2024-08-12,A,0.034482758620689655
2024-08-12,XLP,0.034482758620689655
2024-08-12,WEN,0.034482758620689655
2024-08-12,DAL,0.034482758620689655
2024-08-12,BUD,0.034482758620689655
2024-08-12,CAG,0.034482758620689655
2024-08-12,KMB,0.034482758620689655
2024-08-12,DPZ,0.034482758620689655
2024-08-12,EWC,0.034482758620689655
2024-08-12,BBT,0.034482758620689655
2024-08-12,BDX,0.034482758620689655
2024-08-12,EBAY,0.034482758620689655
2024-08-12,QQQ,0.034482758620689655
2024-08-12,EWI,0.034482758620689655
2024-08-12,DLTR,0.034482758620689655
2024-08-12,XRT,0.034482758620689655
2024-08-12,KO,0.034482758620689655
2024-08-12,RL,0.034482758620689655
2024-08-12,NWSA,0.034482758620689655
2024-08-12,HMC,0.034482758620689655
2024-08-12,CP,0.034482758620689655
2024-08-12,CLX,0.034482758620689655
2024-08-12,PRGO,0.034482758620689655
2024-08-12,SYK,0.034482758620689655
2024-08-12,COF,0.034482758620689655
2024-08-12,VZ,0.034482758620689655
2024-08-13,MNST,0.034482758620689655
2024-08-13,AMTD,0.034482758620689655
2024-08-13,VWO,0.034482758620689655
2024-08-13,BUD,0.034482758620689655
2024-08-13,SPWR,0.034482758620689655
2024-08-13,RRC,0.034482758620689655
2024-08-13,JNJ,0.034482758620689655
2024-08-13,KMB,0.034482758620689655
2024-08-13,DPZ,0.034482758620689655
2024-08-13,BDX,0.034482758620689655
2024-08-13,EBAY,0.034482758620689655
2024-08-13,EOG,0.034482758620689655
2024-08-13,QQQ,0.034482758620689655
2024-08-13,ORCL,0.034482758620689655
2024-08-13,DLTR,0.034482758620689655
2024-08-13,WMB,0.034482758620689655
2024-08-13,RL,0.034482758620689655
2024-08-13,WSM,0.034482758620689655
2024-08-13,NWSA,0.034482758620689655
2024-08-13,NTES,0.034482758620689655
2024-08-13,HMC,0.034482758620689655
2024-08-13,CME,0.034482758620689655
2024-08-13,CP,0.034482758620689655
2024-08-13,OHI,0.034482758620689655
2024-08-13,SYK,0.034482758620689655
2024-08-13,CSIQ,0.034482758620689655
2024-08-13,BSX,0.034482758620689655
2024-08-13,XLE,0.034482758620689655
2024-08-13,VZ,0.034482758620689655
2024-08-14,MNST,0.034482758620689655
2024-08-14,AMTD,0.034482758620689655
2024-08-14,VWO,0.034482758620689655
2024-08-14,A,0.034482758620689655
2024-08-14,NVDA,0.034482758620689655
2024-08-14,DAL,0.034482758620689655
2024-08-14,BUD,0.034482758620689655
2024-08-14,SPWR,0.034482758620689655
2024-08-14,JNJ,0.034482758620689655
2024-08-14,KMB,0.034482758620689655
2024-08-14,DPZ,0.034482758620689655
2024-08-14,VTR,0.034482758620689655
2024-08-14,BDX,0.034482758620689655
2024-08-14,EBAY,0.034482758620689655
2024-08-14,EOG,0.034482758620689655
2024-08-14,QQQ,0.034482758620689655
2024-08-14,ANF,0.034482758620689655
2024-08-14,DLTR,0.034482758620689655
2024-08-14,TSM,0.034482758620689655
2024-08-14,XRT,0.034482758620689655
2024-08-14,PVH,0.034482758620689655
2024-08-14,WSM,0.034482758620689655
2024-08-14,NWSA,0.034482758620689655
2024-08-14,TRIP,0.034482758620689655
2024-08-14,NTES,0.034482758620689655
2024-08-14,CME,0.034482758620689655
2024-08-14,SYK,0.034482758620689655
2024-08-14,BSX,0.034482758620689655
2024-08-14,VZ,0.034482758620689655
2024-08-15,AMTD,0.034482758620689655
2024-08-15,VWO,0.034482758620689655
2024-08-15,NVDA,0.034482758620689655
2024-08-15,AA,0.034482758620689655
2024-08-15,BUD,0.034482758620689655
2024-08-15,SPWR,0.034482758620689655
2024-08-15,CAG,0.034482758620689655
2024-08-15,KMB,0.034482758620689655
2024-08-15,TRV,0.034482758620689655
2024-08-15,DPZ,0.034482758620689655
2024-08-15,VTR,0.034482758620689655
2024-08-15,BDX,0.034482758620689655
2024-08-15,EBAY,0.034482758620689655
2024-08-15,EOG,0.034482758620689655
2024-08-15,QQQ,0.034482758620689655
2024-08-15,ORCL,0.034482758620689655
2024-08-15,TSM,0.034482758620689655
2024-08-15,KGC,0.034482758620689655
2024-08-15,WSM,0.034482758620689655
2024-08-15,NWSA,0.034482758620689655
2024-08-15,DUK,0.034482758620689655
2024-08-15,HMC,0.034482758620689655
2024-08-15,CME,0.034482758620689655
2024-08-15,OHI,0.034482758620689655
2024-08-15,SYK,0.034482758620689655
2024-08-15,BSX,0.034482758620689655
2024-08-15,MT,0.034482758620689655
2024-08-15,VZ,0.034482758620689655
2024-08-15,MRK,0.034482758620689655
2024-08-16,MNST,0.034482758620689655
2024-08-16,AMTD,0.034482758620689655
2024-08-16,NVDA,0.034482758620689655
2024-08-16,AA,0.034482758620689655
2024-08-16,BUD,0.034482758620689655
2024-08-16,SPWR,0.034482758620689655
2024-08-16,KMB,0.034482758620689655
2024-08-16,TRV,0.034482758620689655
2024-08-16,DPZ,0.034482758620689655
2024-08-16,EWC,0.034482758620689655
2024-08-16,BDX,0.034482758620689655
2024-08-16,EBAY,0.034482758620689655
2024-08-16,EOG,0.034482758620689655
2024-08-16,QQQ,0.034482758620689655
2024-08-16,EWI,0.034482758620689655
2024-08-16,ORCL,0.034482758620689655
2024-08-16,TSM,0.034482758620689655
2024-08-16,ALK,0.034482758620689655
2024-08-16,MAR,0.034482758620689655
2024-08-16,WSM,0.034482758620689655
2024-08-16,NWSA,0.034482758620689655
2024-08-16,NTES,0.034482758620689655
2024-08-16,HMC,0.034482758620689655
2024-08-16,OHI,0.034482758620689655
2024-08-16,SYK,0.034482758620689655
2024-08-16,MT,0.034482758620689655
2024-08-16,VZ,0.034482758620689655
2024-08-16,CAT,0.034482758620689655
2024-08-16,MRK,0.034482758620689655
2024-08-19,A,0.034482758620689655
2024-08-19,CF,0.034482758620689655
2024-08-19,NVDA,0.034482758620689655
2024-08-19,WEN,0.034482758620689655
2024-08-19,BUD,0.034482758620689655
2024-08-19,GREK,0.034482758620689655
2024-08-19,QCOM,0.034482758620689655
2024-08-19,KMB,0.034482758620689655
2024-08-19,TRV,0.034482758620689655
2024-08-19,DPZ,0.034482758620689655
2024-08-19,EWC,0.034482758620689655
2024-08-19,BDX,0.034482758620689655
2024-08-19,EOG,0.034482758620689655
2024-08-19,QQQ,0.034482758620689655
2024-08-19,EWI,0.034482758620689655
2024-08-19,ORCL,0.034482758620689655
2024-08-19,TSM,0.034482758620689655
2024-08-19,MAR,0.034482758620689655
2024-08-19,KGC,0.034482758620689655
2024-08-19,RL,0.034482758620689655
2024-08-19,HUM,0.034482758620689655
2024-08-19,NTAP,0.034482758620689655
2024-08-19,NWSA,0.034482758620689655
2024-08-19,HMC,0.034482758620689655
2024-08-19,SYK,0.034482758620689655
2024-08-19,BSX,0.034482758620689655
2024-08-19,VZ,0.034482758620689655
2024-08-19,CAT,0.034482758620689655
2024-08-19,MRK,0.034482758620689655
2024-08-20,PPG,0.034482758620689655
2024-08-20,VWO,0.034482758620689655
2024-08-20,A,0.034482758620689655
2024-08-20,CF,0.034482758620689655
2024-08-20,BUD,0.034482758620689655
2024-08-20,SPWR,0.034482758620689655
2024-08-20,GREK,0.034482758620689655
2024-08-20,QCOM,0.034482758620689655
2024-08-20,KMB,0.034482758620689655
2024-08-20,TRV,0.034482758620689655
2024-08-20,BDX,0.034482758620689655
2024-08-20,EOG,0.034482758620689655
2024-08-20,QQQ,0.034482758620689655
2024-08-20,EWI,0.034482758620689655
2024-08-20,TSM,0.034482758620689655
2024-08-20,MS,0.034482758620689655
2024-08-20,MAR,0.034482758620689655
2024-08-20,WMB,0.034482758620689655
2024-08-20,TRP,0.034482758620689655
2024-08-20,ULTA,0.034482758620689655
2024-08-20,RL,0.034482758620689655
2024-08-20,HUM,0.034482758620689655
2024-08-20,NTAP,0.034482758620689655
2024-08-20,WSM,0.034482758620689655
2024-08-20,NTES,0.034482758620689655
2024-08-20,SYK,0.034482758620689655
2024-08-20,BSX,0.034482758620689655
2024-08-20,VZ,0.034482758620689655
2024-08-20,MRK,0.034482758620689655
2024-08-21,VWO,0.034482758620689655
2024-08-21,NVDA,0.034482758620689655
2024-08-21,QCOM,0.034482758620689655
2024-08-21,KMB,0.034482758620689655
2024-08-21,BDX,0.034482758620689655
2024-08-21,EOG,0.034482758620689655
2024-08-21,QQQ,0.034482758620689655
2024-08-21,ORCL,0.034482758620689655
2024-08-21,DLTR,0.034482758620689655
2024-08-21,TSM,0.034482758620689655
2024-08-21,MS,0.034482758620689655
2024-08-21,MAR,0.034482758620689655
2024-08-21,KEY,0.034482758620689655
2024-08-21,KGC,0.034482758620689655
2024-08-21,TRP,0.034482758620689655
2024-08-21,ULTA,0.034482758620689655
2024-08-21,RL,0.034482758620689655
2024-08-21,HUM,0.034482758620689655
2024-08-21,NTAP,0.034482758620689655
2024-08-21,NWSA,0.034482758620689655
2024-08-21,TRIP,0.034482758620689655
2024-08-21,CP,0.034482758620689655
2024-08-21,SYK,0.034482758620689655
2024-08-21,BSX,0.034482758620689655
2024-08-21,XLE,0.034482758620689655
2024-08-21,COF,0.034482758620689655
2024-08-21,ENB,0.034482758620689655
2024-08-21,VZ,0.034482758620689655
2024-08-21,MRK,0.034482758620689655
2024-08-22,VWO,0.034482758620689655
2024-08-22,NVDA,0.034482758620689655
2024-08-22,WEN,0.034482758620689655
2024-08-22,HYG,0.034482758620689655
2024-08-22,SPWR,0.034482758620689655
2024-08-22,CAG,0.034482758620689655
2024-08-22,QCOM,0.034482758620689655
2024-08-22,KMB,0.034482758620689655
2024-08-22,DPZ,0.034482758620689655
2024-08-22,EWC,0.034482758620689655
2024-08-22,BDX,0.034482758620689655
2024-08-22,MU,0.034482758620689655
2024-08-22,EOG,0.034482758620689655
2024-08-22,QQQ,0.034482758620689655
2024-08-22,ANF,0.034482758620689655
2024-08-22,ORCL,0.034482758620689655
2024-08-22,DLTR,0.034482758620689655
2024-08-22,TSM,0.034482758620689655
2024-08-22,MAR,0.034482758620689655
2024-08-22,XRT,0.034482758620689655
2024-08-22,KGC,0.034482758620689655
2024-08-22,ULTA,0.034482758620689655
2024-08-22,HUM,0.034482758620689655
2024-08-22,NTAP,0.034482758620689655
2024-08-22,WSM,0.034482758620689655
2024-08-22,NWSA,0.034482758620689655
2024-08-22,XLE,0.034482758620689655
2024-08-22,ENB,0.034482758620689655
2024-08-22,VZ,0.034482758620689655
2024-08-23,AMTD,0.034482758620689655
2024-08-23,NVDA,0.034482758620689655
2024-08-23,WEN,0.034482758620689655
2024-08-23,BUD,0.034482758620689655
2024-08-23,SPWR,0.034482758620689655
2024-08-23,QCOM,0.034482758620689655
2024-08-23,KMB,0.034482758620689655
2024-08-23,BDX,0.034482758620689655
2024-08-23,MU,0.034482758620689655
2024-08-23,EOG,0.034482758620689655
2024-08-23,QQQ,0.034482758620689655
2024-08-23,ANF,0.034482758620689655
2024-08-23,HTZ,0.034482758620689655
2024-08-23,ORCL,0.034482758620689655
2024-08-23,DLTR,0.034482758620689655
2024-08-23,TSM,0.034482758620689655
2024-08-23,MAR,0.034482758620689655
2024-08-23,KGC,0.034482758620689655
2024-08-23,ULTA,0.034482758620689655
2024-08-23,HUM,0.034482758620689655
2024-08-23,NTAP,0.034482758620689655
2024-08-23,NWSA,0.034482758620689655
2024-08-23,NTES,0.034482758620689655
2024-08-23,CME,0.034482758620689655
2024-08-23,SYK,0.034482758620689655
2024-08-23,CSIQ,0.034482758620689655
2024-08-23,BSX,0.034482758620689655
2024-08-23,VZ,0.034482758620689655
2024-08-23,MRK,0.034482758620689655
2024-08-26,VWO,0.034482758620689655
2024-08-26,NVDA,0.034482758620689655
2024-08-26,WEN,0.034482758620689655
2024-08-26,AA,0.034482758620689655
2024-08-26,HYG,0.034482758620689655
2024-08-26,BUD,0.034482758620689655
2024-08-26,SPWR,0.034482758620689655
2024-08-26,QCOM,0.034482758620689655
2024-08-26,KMB,0.034482758620689655
2024-08-26,BDX,0.034482758620689655
2024-08-26,MU,0.034482758620689655
2024-08-26,QQQ,0.034482758620689655
2024-08-26,ANF,0.034482758620689655
2024-08-26,ORCL,0.034482758620689655
2024-08-26,DLTR,0.034482758620689655
2024-08-26,TSM,0.034482758620689655
2024-08-26,MAR,0.034482758620689655
2024-08-26,KGC,0.034482758620689655
2024-08-26,ULTA,0.034482758620689655
2024-08-26,RL,0.034482758620689655
2024-08-26,HUM,0.034482758620689655
2024-08-26,NTAP,0.034482758620689655
2024-08-26,WSM,0.034482758620689655
2024-08-26,NWSA,0.034482758620689655
2024-08-26,NTES,0.034482758620689655
2024-08-26,SYK,0.034482758620689655
2024-08-26,BSX,0.034482758620689655
2024-08-26,COF,0.034482758620689655
2024-08-26,MRK,0.034482758620689655
2024-08-27,VWO,0.034482758620689655
2024-08-27,NVDA,0.034482758620689655
2024-08-27,AA,0.034482758620689655
2024-08-27,HYG,0.034482758620689655
2024-08-27,SPWR,0.034482758620689655
2024-08-27,RRC,0.034482758620689655
2024-08-27,KMB,0.034482758620689655
2024-08-27,EWC,0.034482758620689655
2024-08-27,MU,0.034482758620689655
2024-08-27,EOG,0.034482758620689655
2024-08-27,QQQ,0.034482758620689655
2024-08-27,EWI,0.034482758620689655
2024-08-27,HTZ,0.034482758620689655
2024-08-27,ORCL,0.034482758620689655
2024-08-27,DLTR,0.034482758620689655
2024-08-27,MS,0.034482758620689655
2024-08-27,MAR,0.034482758620689655
2024-08-27,XRT,0.034482758620689655
2024-08-27,KGC,0.034482758620689655
2024-08-27,GOLD,0.034482758620689655
2024-08-27,ULTA,0.034482758620689655
2024-08-27,HUM,0.034482758620689655
2024-08-27,WSM,0.034482758620689655
2024-08-27,NWSA,0.034482758620689655
2024-08-27,TRIP,0.034482758620689655
2024-08-27,MRVL,0.034482758620689655
2024-08-27,DUK,0.034482758620689655
2024-08-27,XLE,0.034482758620689655
2024-08-27,COF,0.034482758620689655
2024-08-28,VWO,0.034482758620689655
2024-08-28,XLP,0.034482758620689655
2024-08-28,NVDA,0.034482758620689655
2024-08-28,WEN,0.034482758620689655
2024-08-28,HYG,0.034482758620689655
2024-08-28,SPWR,0.034482758620689655
2024-08-28,GREK,0.034482758620689655
2024-08-28,KMB,0.034482758620689655
2024-08-28,EWC,0.034482758620689655
2024-08-28,EBAY,0.034482758620689655
2024-08-28,EOG,0.034482758620689655
2024-08-28,QQQ,0.034482758620689655
2024-08-28,EWI,0.034482758620689655
2024-08-28,ANF,0.034482758620689655
2024-08-28,ORCL,0.034482758620689655
2024-08-28,DLTR,0.034482758620689655
2024-08-28,MAR,0.034482758620689655
2024-08-28,XRT,0.034482758620689655
2024-08-28,KGC,0.034482758620689655
2024-08-28,WMB,0.034482758620689655
2024-08-28,ULTA,0.034482758620689655
2024-08-28,PVH,0.034482758620689655
2024-08-28,RL,0.034482758620689655
2024-08-28,HUM,0.034482758620689655
2024-08-28,NTES,0.034482758620689655
2024-08-28,BSX,0.034482758620689655
2024-08-28,XLE,0.034482758620689655
2024-08-28,ENB,0.034482758620689655
2024-08-28,CAT,0.034482758620689655
2024-08-29,VWO,0.034482758620689655
2024-08-29,XLP,0.034482758620689655
2024-08-29,NVDA,0.034482758620689655
2024-08-29,WEN,0.034482758620689655
2024-08-29,BUD,0.034482758620689655
2024-08-29,SPWR,0.034482758620689655
2024-08-29,CAG,0.034482758620689655
2024-08-29,GREK,0.034482758620689655
2024-08-29,STI,0.034482758620689655
2024-08-29,KMB,0.034482758620689655
2024-08-29,EWC,0.034482758620689655
2024-08-29,EOG,0.034482758620689655
2024-08-29,EWI,0.034482758620689655
2024-08-29,ANF,0.034482758620689655
2024-08-29,ORCL,0.034482758620689655
2024-08-29,DLTR,0.034482758620689655
2024-08-29,XRT,0.034482758620689655
2024-08-29,KGC,0.034482758620689655
2024-08-29,ULTA,0.034482758620689655
2024-08-29,PVH,0.034482758620689655
2024-08-29,RL,0.034482758620689655
2024-08-29,HUM,0.034482758620689655
2024-08-29,NTAP,0.034482758620689655
2024-08-29,WSM,0.034482758620689655
2024-08-29,NWSA,0.034482758620689655
2024-08-29,NTES,0.034482758620689655
2024-08-29,CME,0.034482758620689655
2024-08-29,CP,0.034482758620689655
2024-08-29,VZ,0.034482758620689655
2024-08-30,AMTD,0.034482758620689655
2024-08-30,VWO,0.034482758620689655
2024-08-30,NVDA,0.034482758620689655
2024-08-30,WEN,0.034482758620689655
2024-08-30,HYG,0.034482758620689655
2024-08-30,BUD,0.034482758620689655
2024-08-30,SPWR,0.034482758620689655
2024-08-30,GREK,0.034482758620689655
2024-08-30,KMB,0.034482758620689655
2024-08-30,EWC,0.034482758620689655
2024-08-30,BBT,0.034482758620689655
2024-08-30,BDX,0.034482758620689655
2024-08-30,EOG,0.034482758620689655
2024-08-30,EWI,0.034482758620689655
2024-08-30,DLTR,0.034482758620689655
2024-08-30,XRT,0.034482758620689655
2024-08-30,KGC,0.034482758620689655
2024-08-30,WMB,0.034482758620689655
2024-08-30,ULTA,0.034482758620689655
2024-08-30,RL,0.034482758620689655
2024-08-30,HUM,0.034482758620689655
2024-08-30,NTAP,0.034482758620689655
2024-08-30,WSM,0.034482758620689655
2024-08-30,NTES,0.034482758620689655
2024-08-30,SYK,0.034482758620689655
2024-08-30,XLE,0.034482758620689655
2024-08-30,COF,0.034482758620689655
2024-08-30,ZUMZ,0.034482758620689655
2024-08-30,CAT,0.034482758620689655
2024-09-03,PPG,0.034482758620689655
2024-09-03,AMTD,0.034482758620689655
2024-09-03,A,0.034482758620689655
2024-09-03,CF,0.034482758620689655
2024-09-03,NVDA,0.034482758620689655
2024-09-03,WEN,0.034482758620689655
2024-09-03,HYG,0.034482758620689655
2024-09-03,SPWR,0.034482758620689655
2024-09-03,QCOM,0.034482758620689655
2024-09-03,EWC,0.034482758620689655
2024-09-03,BBT,0.034482758620689655
2024-09-03,EOG,0.034482758620689655
2024-09-03,EWI,0.034482758620689655
2024-09-03,ANF,0.034482758620689655
2024-09-03,ORCL,0.034482758620689655
2024-09-03,DLTR,0.034482758620689655
2024-09-03,TSM,0.034482758620689655
2024-09-03,MS,0.034482758620689655
2024-09-03,XRT,0.034482758620689655
2024-09-03,KGC,0.034482758620689655
2024-09-03,NTAP,0.034482758620689655
2024-09-03,NWSA,0.034482758620689655
2024-09-03,BX,0.034482758620689655
2024-09-03,RF,0.034482758620689655
2024-09-03,CME,0.034482758620689655
2024-09-03,SYK,0.034482758620689655
2024-09-03,ZUMZ,0.034482758620689655
2024-09-03,CAT,0.034482758620689655
2024-09-03,MRK,0.034482758620689655
2024-09-04,PPG,0.034482758620689655
2024-09-04,AMTD,0.034482758620689655
2024-09-04,VWO,0.034482758620689655
2024-09-04,A,0.034482758620689655
2024-09-04,NVDA,0.034482758620689655
2024-09-04,WEN,0.034482758620689655
2024-09-04,EWC,0.034482758620689655
2024-09-04,BBT,0.034482758620689655
2024-09-04,BDX,0.034482758620689655
2024-09-04,EOG,0.034482758620689655
2024-09-04,QQQ,0.034482758620689655
2024-09-04,EWI,0.034482758620689655
2024-09-04,TSM,0.034482758620689655
2024-09-04,MS,0.034482758620689655
2024-09-04,ALK,0.034482758620689655
2024-09-04,XRT,0.034482758620689655
2024-09-04,KEY,0.034482758620689655
2024-09-04,KGC,0.034482758620689655
2024-09-04,WMB,0.034482758620689655
2024-09-04,KO,0.034482758620689655
2024-09-04,RL,0.034482758620689655
2024-09-04,NTAP,0.034482758620689655
2024-09-04,NWSA,0.034482758620689655
2024-09-04,BX,0.034482758620689655
2024-09-04,RF,0.034482758620689655
2024-09-04,COF,0.034482758620689655
2024-09-04,ZUMZ,0.034482758620689655
2024-09-04,CAT,0.034482758620689655
2024-09-04,MRK,0.034482758620689655
2024-09-05,MET,0.034482758620689655
2024-09-05,CNC,0.034482758620689655
2024-09-05,PPG,0.034482758620689655
2024-09-05,VWO,0.034482758620689655
2024-09-05,A,0.034482758620689655
2024-09-05,NVDA,0.034482758620689655
2024-09-05,WEN,0.034482758620689655
2024-09-05,SPWR,0.034482758620689655
2024-09-05,JNJ,0.034482758620689655
2024-09-05,EWC,0.034482758620689655
2024-09-05,BBT,0.034482758620689655
2024-09-05,BDX,0.034482758620689655
2024-09-05,EOG,0.034482758620689655
2024-09-05,QQQ,0.034482758620689655
2024-09-05,EWI,0.034482758620689655
2024-09-05,DLTR,0.034482758620689655
2024-09-05,MS,0.034482758620689655
2024-09-05,XRT,0.034482758620689655
2024-09-05,KO,0.034482758620689655
2024-09-05,RL,0.034482758620689655
2024-09-05,NTAP,0.034482758620689655
2024-09-05,NWSA,0.034482758620689655
2024-09-05,RF,0.034482758620689655
2024-09-05,CP,0.034482758620689655
2024-09-05,BSX,0.034482758620689655
2024-09-05,XLE,0.034482758620689655
2024-09-05,COF,0.034482758620689655
2024-09-05,ZUMZ,0.034482758620689655
2024-09-05,CAT,0.034482758620689655
2024-09-06,CNC,0.034482758620689655
2024-09-06,PPG,0.034482758620689655
2024-09-06,A,0.034482758620689655
2024-09-06,NVDA,0.034482758620689655
2024-09-06,WEN,0.034482758620689655
2024-09-06,SPWR,0.034482758620689655
2024-09-06,ICE,0.034482758620689655
2024-09-06,GREK,0.034482758620689655
2024-09-06,QCOM,0.034482758620689655
2024-09-06,JNJ,0.034482758620689655
2024-09-06,EWC,0.034482758620689655
2024-09-06,BBT,0.034482758620689655
2024-09-06,BDX,0.034482758620689655
2024-09-06,EOG,0.034482758620689655
2024-09-06,QQQ,0.034482758620689655
2024-09-06,EWI,0.034482758620689655
2024-09-06,TSM,0.034482758620689655
2024-09-06,MS,0.034482758620689655
2024-09-06,KEY,0.034482758620689655
2024-09-06,ILMN,0.034482758620689655
2024-09-06,WMB,0.034482758620689655
2024-09-06,KO,0.034482758620689655
2024-09-06,HUM,0.034482758620689655
2024-09-06,NTAP,0.034482758620689655
2024-09-06,NWSA,0.034482758620689655
2024-09-06,RF,0.034482758620689655
2024-09-06,OHI,0.034482758620689655
2024-09-06,COF,0.034482758620689655
2024-09-06,CAT,0.034482758620689655
2024-09-09,MET,0.034482758620689655
2024-09-09,CNC,0.034482758620689655
2024-09-09,A,0.034482758620689655
2024-09-09,NVDA,0.034482758620689655
2024-09-09,WEN,0.034482758620689655
2024-09-09,SPWR,0.034482758620689655
2024-09-09,GREK,0.034482758620689655
2024-09-09,STI,0.034482758620689655
2024-09-09,EWC,0.034482758620689655
2024-09-09,BBT,0.034482758620689655
2024-09-09,WFC,0.034482758620689655
2024-09-09,EOG,0.034482758620689655
2024-09-09,QQQ,0.034482758620689655
2024-09-09,EWI,0.034482758620689655
2024-09-09,ORCL,0.034482758620689655
2024-09-09,MS,0.034482758620689655
2024-09-09,XRT,0.034482758620689655
2024-09-09,ILMN,0.034482758620689655
2024-09-09,KGC,0.034482758620689655
2024-09-09,WMB,0.034482758620689655
2024-09-09,RL,0.034482758620689655
2024-09-09,NTAP,0.034482758620689655
2024-09-09,NWSA,0.034482758620689655
2024-09-09,TRIP,0.034482758620689655
2024-09-09,PCG,0.034482758620689655
2024-09-09,XLE,0.034482758620689655
2024-09-09,ZUMZ,0.034482758620689655
2024-09-09,CAT,0.034482758620689655
2024-09-09,MRK,0.034482758620689655
2024-09-10,MET,0.034482758620689655
2024-09-10,PPG,0.034482758620689655
2024-09-10,CF,0.034482758620689655
2024-09-10,WEN,0.034482758620689655
2024-09-10,HYG,0.034482758620689655
2024-09-10,RRC,0.034482758620689655
2024-09-10,KMB,0.034482758620689655
2024-09-10,DPZ,0.034482758620689655
2024-09-10,EWC,0.034482758620689655
2024-09-10,BBT,0.034482758620689655
2024-09-10,BDX,0.034482758620689655
2024-09-10,EOG,0.034482758620689655
2024-09-10,QQQ,0.034482758620689655
2024-09-10,EWI,0.034482758620689655
2024-09-10,MS,0.034482758620689655
2024-09-10,MAR,0.034482758620689655
2024-09-10,TRP,0.034482758620689655
2024-09-10,ULTA,0.034482758620689655
2024-09-10,PVH,0.034482758620689655
2024-09-10,RL,0.034482758620689655
2024-09-10,NWSA,0.034482758620689655
2024-09-10,PCG,0.034482758620689655
2024-09-10,RF,0.034482758620689655
2024-09-10,XLE,0.034482758620689655
2024-09-10,COF,0.034482758620689655
2024-09-10,ENB,0.034482758620689655
2024-09-10,ZUMZ,0.034482758620689655
2024-09-10,CAT,0.034482758620689655
2024-09-10,MRK,0.034482758620689655
2024-09-11,MET,0.034482758620689655
2024-09-11,PPG,0.034482758620689655
2024-09-11,XLP,0.034482758620689655
2024-09-11,WEN,0.034482758620689655
2024-09-11,ICE,0.034482758620689655
2024-09-11,CAG,0.034482758620689655
2024-09-11,JNJ,0.034482758620689655
2024-09-11,KMB,0.034482758620689655
2024-09-11,TRV,0.034482758620689655
2024-09-11,DPZ,0.034482758620689655
2024-09-11,BBT,0.034482758620689655
2024-09-11,BDX,0.034482758620689655
2024-09-11,EOG,0.034482758620689655
2024-09-11,EWI,0.034482758620689655
2024-09-11,MS,0.034482758620689655
2024-09-11,WMB,0.034482758620689655
2024-09-11,TRP,0.034482758620689655
2024-09-11,KO,0.034482758620689655
2024-09-11,D,0.034482758620689655
2024-09-11,RL,0.034482758620689655
2024-09-11,HUM,0.034482758620689655
2024-09-11,NWSA,0.034482758620689655
2024-09-11,DUK,0.034482758620689655
2024-09-11,RF,0.034482758620689655
2024-09-11,XLE,0.034482758620689655
2024-09-11,ENB,0.034482758620689655
2024-09-11,ZUMZ,0.034482758620689655
2024-09-11,CAT,0.034482758620689655
2024-09-11,MRK,0.034482758620689655
2024-09-12,MET,0.034482758620689655
2024-09-12,PPG,0.034482758620689655
2024-09-12,A,0.034482758620689655
2024-09-12,HOG,0.034482758620689655
2024-09-12,WEN,0.034482758620689655
2024-09-12,CAG,0.034482758620689655
2024-09-12,GREK,0.034482758620689655
2024-09-12,JNJ,0.034482758620689655
2024-09-12,STI,0.034482758620689655
2024-09-12,KMB,0.034482758620689655
2024-09-12,DPZ,0.034482758620689655
2024-09-12,BBT,0.034482758620689655
2024-09-12,BDX,0.034482758620689655
2024-09-12,MU,0.034482758620689655
2024-09-12,EOG,0.034482758620689655
2024-09-12,MS,0.034482758620689655
2024-09-12,TRP,0.034482758620689655
2024-09-12,D,0.034482758620689655
2024-09-12,RL,0.034482758620689655
2024-09-12,HUM,0.034482758620689655
2024-09-12,NWSA,0.034482758620689655
2024-09-12,DUK,0.034482758620689655
2024-09-12,NTES,0.034482758620689655
2024-09-12,RF,0.034482758620689655
2024-09-12,COF,0.034482758620689655
2024-09-12,ZUMZ,0.034482758620689655
2024-09-12,CAT,0.034482758620689655
2024-09-12,MRK,0.034482758620689655
2024-09-12,BMY,0.034482758620689655
2024-09-13,PPG,0.034482758620689655
2024-09-13,AMTD,0.034482758620689655
2024-09-13,A,0.034482758620689655
2024-09-13,HP,0.034482758620689655
2024-09-13,NVDA,0.034482758620689655
2024-09-13,BUD,0.034482758620689655
2024-09-13,ICE,0.034482758620689655
2024-09-13,GREK,0.034482758620689655
2024-09-13,QCOM,0.034482758620689655
2024-09-13,JNJ,0.034482758620689655
2024-09-13,STI,0.034482758620689655
2024-09-13,KMB,0.034482758620689655
2024-09-13,DPZ,0.034482758620689655
2024-09-13,BDX,0.034482758620689655
2024-09-13,EOG,0.034482758620689655
2024-09-13,QQQ,0.034482758620689655
2024-09-13,EWI,0.034482758620689655
2024-09-13,TSM,0.034482758620689655
2024-09-13,MAR,0.034482758620689655
2024-09-13,KEY,0.034482758620689655
2024-09-13,ULTA,0.034482758620689655
2024-09-13,PVH,0.034482758620689655
2024-09-13,NTES,0.034482758620689655
2024-09-13,RF,0.034482758620689655
2024-09-13,CP,0.034482758620689655
2024-09-13,XLE,0.034482758620689655
2024-09-13,COF,0.034482758620689655
2024-09-13,CAT,0.034482758620689655
2024-09-13,MRK,0.034482758620689655
2024-09-16,PPG,0.034482758620689655
2024-09-16,AMTD,0.034482758620689655
2024-09-16,A,0.034482758620689655
2024-09-16,HP,0.034482758620689655
2024-09-16,NVDA,0.034482758620689655
2024-09-16,WEN,0.034482758620689655
2024-09-16,BUD,0.034482758620689655
2024-09-16,QCOM,0.034482758620689655
2024-09-16,STI,0.034482758620689655
2024-09-16,KMB,0.034482758620689655
2024-09-16,DPZ,0.034482758620689655
2024-09-16,VTR,0.034482758620689655
2024-09-16,BDX,0.034482758620689655
2024-09-16,MU,0.034482758620689655
2024-09-16,EOG,0.034482758620689655
2024-09-16,QQQ,0.034482758620689655
2024-09-16,ANF,0.034482758620689655
2024-09-16,TSM,0.034482758620689655
2024-09-16,MAR,0.034482758620689655
2024-09-16,GOLD,0.034482758620689655
2024-09-16,PVH,0.034482758620689655
2024-09-16,HUM,0.034482758620689655
2024-09-16,NTAP,0.034482758620689655
2024-09-16,WSM,0.034482758620689655
2024-09-16,NWSA,0.034482758620689655
2024-09-16,NTES,0.034482758620689655
2024-09-16,XLE,0.034482758620689655
2024-09-16,ZUMZ,0.034482758620689655
2024-09-16,CAT,0.034482758620689655
2024-09-17,PPG,0.034482758620689655
2024-09-17,A,0.034482758620689655
2024-09-17,XLP,0.034482758620689655
2024-09-17,NVDA,0.034482758620689655
2024-09-17,WEN,0.034482758620689655
2024-09-17,BUD,0.034482758620689655
2024-09-17,QCOM,0.034482758620689655
2024-09-17,STI,0.034482758620689655
2024-09-17,KMB,0.034482758620689655
2024-09-17,DPZ,0.034482758620689655
2024-09-17,VTR,0.034482758620689655
2024-09-17,EWC,0.034482758620689655
2024-09-17,BDX,0.034482758620689655
2024-09-17,QQQ,0.034482758620689655
2024-09-17,ANF,0.034482758620689655
2024-09-17,TSM,0.034482758620689655
2024-09-17,MS,0.034482758620689655
2024-09-17,TRP,0.034482758620689655
2024-09-17,DUK,0.034482758620689655
2024-09-17,NTES,0.034482758620689655
2024-09-17,CP,0.034482758620689655
2024-09-17,OHI,0.034482758620689655
2024-09-17,SYK,0.034482758620689655
2024-09-17,CSIQ,0.034482758620689655
2024-09-17,BSX,0.034482758620689655
2024-09-17,ENB,0.034482758620689655
2024-09-17,ZUMZ,0.034482758620689655
2024-09-17,CAT,0.034482758620689655
2024-09-17,BMY,0.034482758620689655
2024-09-18,PPG,0.034482758620689655
2024-09-18,XLP,0.034482758620689655
2024-09-18,NVDA,0.034482758620689655
2024-09-18,WEN,0.034482758620689655
2024-09-18,BUD,0.034482758620689655
2024-09-18,ICE,0.034482758620689655
2024-09-18,GREK,0.034482758620689655
2024-09-18,JNJ,0.034482758620689655
2024-09-18,STI,0.034482758620689655
2024-09-18,KMB,0.034482758620689655
2024-09-18,DPZ,0.034482758620689655
2024-09-18,VTR,0.034482758620689655
2024-09-18,EWC,0.034482758620689655
2024-09-18,BDX,0.034482758620689655
2024-09-18,EBAY,0.034482758620689655
2024-09-18,QQQ,0.034482758620689655
2024-09-18,MS,0.034482758620689655
2024-09-18,ALK,0.034482758620689655
2024-09-18,WMB,0.034482758620689655
2024-09-18,TRP,0.034482758620689655
2024-09-18,D,0.034482758620689655
2024-09-18,PCG,0.034482758620689655
2024-09-18,DUK,0.034482758620689655
2024-09-18,CME,0.034482758620689655
2024-09-18,CP,0.034482758620689655
2024-09-18,SYK,0.034482758620689655
2024-09-18,BSX,0.034482758620689655
2024-09-18,ENB,0.034482758620689655
2024-09-18,CAT,0.034482758620689655
2024-09-19,BAX,0.034482758620689655
2024-09-19,XLP,0.034482758620689655
2024-09-19,NVDA,0.034482758620689655
2024-09-19,WEN,0.034482758620689655
2024-09-19,BUD,0.034482758620689655
2024-09-19,ICE,0.034482758620689655
2024-09-19,CAG,0.034482758620689655
2024-09-19,JNJ,0.034482758620689655
2024-09-19,KMB,0.034482758620689655
2024-09-19,DPZ,0.034482758620689655
2024-09-19,VTR,0.034482758620689655
2024-09-19,BDX,0.034482758620689655
2024-09-19,QQQ,0.034482758620689655
2024-09-19,HTZ,0.034482758620689655
2024-09-19,ALK,0.034482758620689655
2024-09-19,WMB,0.034482758620689655
2024-09-19,TRP,0.034482758620689655
2024-09-19,KO,0.034482758620689655
2024-09-19,D,0.034482758620689655
2024-09-19,NTAP,0.034482758620689655
2024-09-19,DUK,0.034482758620689655
2024-09-19,CME,0.034482758620689655
2024-09-19,CLX,0.034482758620689655
2024-09-19,OHI,0.034482758620689655
2024-09-19,ENB,0.034482758620689655
2024-09-19,ZUMZ,0.034482758620689655
2024-09-19,VZ,0.034482758620689655
2024-09-19,MRK,0.034482758620689655
2024-09-19,BMY,0.034482758620689655
2024-09-20,PPG,0.034482758620689655
2024-09-20,BAX,0.034482758620689655
2024-09-20,A,0.034482758620689655
2024-09-20,XLP,0.034482758620689655
2024-09-20,NVDA,0.034482758620689655
2024-09-20,WEN,0.034482758620689655
2024-09-20,BUD,0.034482758620689655
2024-09-20,NSC,0.034482758620689655
2024-09-20,ICE,0.034482758620689655
2024-09-20,CAG,0.034482758620689655
2024-09-20,GREK,0.034482758620689655
2024-09-20,QCOM,0.034482758620689655
2024-09-20,JNJ,0.034482758620689655
2024-09-20,KMB,0.034482758620689655
2024-09-20,DPZ,0.034482758620689655
2024-09-20,VTR,0.034482758620689655
2024-09-20,BDX,0.034482758620689655
2024-09-20,EOG,0.034482758620689655
2024-09-20,EWI,0.034482758620689655
2024-09-20,DLTR,0.034482758620689655
2024-09-20,XRT,0.034482758620689655
2024-09-20,WSM,0.034482758620689655
2024-09-20,NWSA,0.034482758620689655
2024-09-20,CME,0.034482758620689655
2024-09-20,CP,0.034482758620689655
2024-09-20,OHI,0.034482758620689655
2024-09-20,ENB,0.034482758620689655
2024-09-20,ZUMZ,0.034482758620689655
2024-09-20,MRK,0.034482758620689655
2024-09-23,CNC,0.034482758620689655
2024-09-23,PPG,0.034482758620689655
2024-09-23,A,0.034482758620689655
2024-09-23,NVDA,0.034482758620689655
2024-09-23,WEN,0.034482758620689655
2024-09-23,HYG,0.034482758620689655
2024-09-23,BUD,0.034482758620689655
2024-09-23,NSC,0.034482758620689655
2024-09-23,ICE,0.034482758620689655
2024-09-23,CAG,0.034482758620689655
2024-09-23,QCOM,0.034482758620689655
2024-09-23,JNJ,0.034482758620689655
2024-09-23,KMB,0.034482758620689655
2024-09-23,DPZ,0.034482758620689655
2024-09-23,BDX,0.034482758620689655
2024-09-23,EWI,0.034482758620689655
2024-09-23,ANF,0.034482758620689655
2024-09-23,DLTR,0.034482758620689655
2024-09-23,MAR,0.034482758620689655
2024-09-23,XRT,0.034482758620689655
2024-09-23,KEY,0.034482758620689655
2024-09-23,PVH,0.034482758620689655
2024-09-23,NTAP,0.034482758620689655
2024-09-23,NWSA,0.034482758620689655
2024-09-23,RF,0.034482758620689655
2024-09-23,CP,0.034482758620689655
2024-09-23,COF,0.034482758620689655
2024-09-23,ZUMZ,0.034482758620689655
2024-09-23,MRK,0.034482758620689655
2024-09-24,MET,0.034482758620689655
2024-09-24,CNC,0.034482758620689655
2024-09-24,XLP,0.034482758620689655
2024-09-24,WEN,0.034482758620689655
2024-09-24,HYG,0.034482758620689655
2024-09-24,ICE,0.034482758620689655
2024-09-24,CAG,0.034482758620689655
2024-09-24,QCOM,0.034482758620689655
2024-09-24,JNJ,0.034482758620689655
2024-09-24,KMB,0.034482758620689655
2024-09-24,NDAQ,0.034482758620689655
2024-09-24,DPZ,0.034482758620689655
2024-09-24,BBT,0.034482758620689655
2024-09-24,BDX,0.034482758620689655
2024-09-24,DLTR,0.034482758620689655
2024-09-24,KEY,0.034482758620689655
2024-09-24,KO,0.034482758620689655
2024-09-24,D,0.034482758620689655
2024-09-24,PVH,0.034482758620689655
2024-09-24,EW,0.034482758620689655
2024-09-24,NTAP,0.034482758620689655
2024-09-24,PCG,0.034482758620689655
2024-09-24,DUK,0.034482758620689655
2024-09-24,RF,0.034482758620689655
2024-09-24,SYK,0.034482758620689655
2024-09-24,BSX,0.034482758620689655
2024-09-24,COF,0.034482758620689655
2024-09-24,ZUMZ,0.034482758620689655
2024-09-24,MRK,0.034482758620689655
2024-09-25,MNST,0.034482758620689655
2024-09-25,BAX,0.034482758620689655
2024-09-25,A,0.034482758620689655
2024-09-25,XLP,0.034482758620689655
2024-09-25,WEN,0.034482758620689655
2024-09-25,HYG,0.034482758620689655
2024-09-25,BUD,0.034482758620689655
2024-09-25,NSC,0.034482758620689655
2024-09-25,JNJ,0.034482758620689655
2024-09-25,KMB,0.034482758620689655
2024-09-25,NDAQ,0.034482758620689655
2024-09-25,DPZ,0.034482758620689655
2024-09-25,DHI,0.034482758620689655
2024-09-25,BBT,0.034482758620689655
2024-09-25,BDX,0.034482758620689655
2024-09-25,EOG,0.034482758620689655
2024-09-25,XRT,0.034482758620689655
2024-09-25,KEY,0.034482758620689655
2024-09-25,WMB,0.034482758620689655
2024-09-25,PVH,0.034482758620689655
2024-09-25,EW,0.034482758620689655
2024-09-25,WSM,0.034482758620689655
2024-09-25,NWSA,0.034482758620689655
2024-09-25,RF,0.034482758620689655
2024-09-25,CP,0.034482758620689655
2024-09-25,CLX,0.034482758620689655
2024-09-25,ZUMZ,0.034482758620689655
2024-09-25,MRK,0.034482758620689655
2024-09-25,BMY,0.034482758620689655
2024-09-26,MNST,0.034482758620689655
2024-09-26,CNC,0.034482758620689655
2024-09-26,XLP,0.034482758620689655
2024-09-26,NVDA,0.034482758620689655
2024-09-26,SPWR,0.034482758620689655
2024-09-26,NSC,0.034482758620689655
2024-09-26,ICE,0.034482758620689655
2024-09-26,JNJ,0.034482758620689655
2024-09-26,KMB,0.034482758620689655
2024-09-26,NDAQ,0.034482758620689655
2024-09-26,DPZ,0.034482758620689655
2024-09-26,VTR,0.034482758620689655
2024-09-26,BBT,0.034482758620689655
2024-09-26,BDX,0.034482758620689655
2024-09-26,EOG,0.034482758620689655
2024-09-26,ANF,0.034482758620689655
2024-09-26,WMB,0.034482758620689655
2024-09-26,KO,0.034482758620689655
2024-09-26,D,0.034482758620689655
2024-09-26,NTAP,0.034482758620689655
2024-09-26,NWSA,0.034482758620689655
2024-09-26,PCG,0.034482758620689655
2024-09-26,DUK,0.034482758620689655
2024-09-26,CLX,0.034482758620689655
2024-09-26,OHI,0.034482758620689655
2024-09-26,BSX,0.034482758620689655
2024-09-26,ENB,0.034482758620689655
2024-09-26,MRK,0.034482758620689655
2024-09-26,BMY,0.034482758620689655
2024-09-27,MNST,0.034482758620689655
2024-09-27,AMTD,0.034482758620689655
2024-09-27,NVDA,0.034482758620689655
2024-09-27,SPWR,0.034482758620689655
2024-09-27,ICE,0.034482758620689655
2024-09-27,CAG,0.034482758620689655
2024-09-27,QCOM,0.034482758620689655
2024-09-27,JNJ,0.034482758620689655
2024-09-27,KMB,0.034482758620689655
2024-09-27,NDAQ,0.034482758620689655
2024-09-27,TRV,0.034482758620689655
2024-09-27,DPZ,0.034482758620689655
2024-09-27,EWC,0.034482758620689655
2024-09-27,BBT,0.034482758620689655
2024-09-27,EOG,0.034482758620689655
2024-09-27,TSM,0.034482758620689655
2024-09-27,MS,0.034482758620689655
2024-09-27,KGC,0.034482758620689655
2024-09-27,WMB,0.034482758620689655
2024-09-27,TRP,0.034482758620689655
2024-09-27,D,0.034482758620689655
2024-09-27,NTAP,0.034482758620689655
2024-09-27,NWSA,0.034482758620689655
2024-09-27,PCG,0.034482758620689655
2024-09-27,HMC,0.034482758620689655
2024-09-27,OHI,0.034482758620689655
2024-09-27,ENB,0.034482758620689655
2024-09-27,ZUMZ,0.034482758620689655
2024-09-27,MRK,0.034482758620689655
2024-09-30,MNST,0.034482758620689655
2024-09-30,BAX,0.034482758620689655
2024-09-30,A,0.034482758620689655
2024-09-30,NVDA,0.034482758620689655
2024-09-30,HYG,0.034482758620689655
2024-09-30,SPWR,0.034482758620689655
2024-09-30,QCOM,0.034482758620689655
2024-09-30,JNJ,0.034482758620689655
2024-09-30,KMB,0.034482758620689655
2024-09-30,TRV,0.034482758620689655
2024-09-30,BDX,0.034482758620689655
2024-09-30,EOG,0.034482758620689655
2024-09-30,QQQ,0.034482758620689655
2024-09-30,ANF,0.034482758620689655
2024-09-30,TSM,0.034482758620689655
2024-09-30,MS,0.034482758620689655
2024-09-30,XRT,0.034482758620689655
2024-09-30,KGC,0.034482758620689655
2024-09-30,WMB,0.034482758620689655
2024-09-30,EW,0.034482758620689655
2024-09-30,HUM,0.034482758620689655
2024-09-30,NWSA,0.034482758620689655
2024-09-30,PCG,0.034482758620689655
2024-09-30,DUK,0.034482758620689655
2024-09-30,CP,0.034482758620689655
2024-09-30,CSIQ,0.034482758620689655
2024-09-30,ENB,0.034482758620689655
2024-09-30,ZUMZ,0.034482758620689655
2024-09-30,MRK,0.034482758620689655
2024-10-01,MNST,0.034482758620689655
2024-10-01,CNC,0.034482758620689655
2024-10-01,PPG,0.034482758620689655
2024-10-01,BAX,0.034482758620689655
2024-10-01,A,0.034482758620689655
2024-10-01,XLP,0.034482758620689655
2024-10-01,NVDA,0.034482758620689655
2024-10-01,HYG,0.034482758620689655
2024-10-01,SPWR,0.034482758620689655
2024-10-01,QCOM,0.034482758620689655
2024-10-01,KMB,0.034482758620689655
2024-10-01,BBT,0.034482758620689655
2024-10-01,BDX,0.034482758620689655
2024-10-01,QQQ,0.034482758620689655
2024-10-01,ANF,0.034482758620689655
2024-10-01,TSM,0.034482758620689655
2024-10-01,XRT,0.034482758620689655
2024-10-01,KEY,0.034482758620689655
2024-10-01,ILMN,0.034482758620689655
2024-10-01,PVH,0.034482758620689655
2024-10-01,HUM,0.034482758620689655
2024-10-01,NTAP,0.034482758620689655
2024-10-01,WSM,0.034482758620689655
2024-10-01,NWSA,0.034482758620689655
2024-10-01,RF,0.034482758620689655
2024-10-01,CP,0.034482758620689655
2024-10-01,OHI,0.034482758620689655
2024-10-01,COF,0.034482758620689655
2024-10-01,ZUMZ,0.034482758620689655
2024-10-02,MNST,0.034482758620689655
2024-10-02,BAX,0.034482758620689655
2024-10-02,XLP,0.034482758620689655
2024-10-02,DAL,0.034482758620689655
2024-10-02,HYG,0.034482758620689655
2024-10-02,SPWR,0.034482758620689655
2024-10-02,CAG,0.034482758620689655
2024-10-02,GREK,0.034482758620689655
2024-10-02,JNJ,0.034482758620689655
2024-10-02,STI,0.034482758620689655
2024-10-02,KMB,0.034482758620689655
2024-10-02,DPZ,0.034482758620689655
2024-10-02,VTR,0.034482758620689655
2024-10-02,BBT,0.034482758620689655
2024-10-02,BDX,0.034482758620689655
2024-10-02,WFC,0.034482758620689655
2024-10-02,EWI,0.034482758620689655
2024-10-02,XRT,0.034482758620689655
2024-10-02,KEY,0.034482758620689655
2024-10-02,TRP,0.034482758620689655
2024-10-02,KO,0.034482758620689655
2024-10-02,PVH,0.034482758620689655
2024-10-02,NWSA,0.034482758620689655
2024-10-02,RF,0.034482758620689655
2024-10-02,CP,0.034482758620689655
2024-10-02,OHI,0.034482758620689655
2024-10-02,CSIQ,0.034482758620689655
2024-10-02,VZ,0.034482758620689655
2024-10-02,MRK,0.034482758620689655
2024-10-03,MNST,0.034482758620689655
2024-10-03,BAX,0.034482758620689655
2024-10-03,A,0.034482758620689655
2024-10-03,XLP,0.034482758620689655
2024-10-03,WEN,0.034482758620689655
2024-10-03,HYG,0.034482758620689655
2024-10-03,SPWR,0.034482758620689655
2024-10-03,CAG,0.034482758620689655
2024-10-03,JNJ,0.034482758620689655
2024-10-03,KMB,0.034482758620689655
2024-10-03,VTR,0.034482758620689655
2024-10-03,BBT,0.034482758620689655
2024-10-03,BDX,0.034482758620689655
2024-10-03,EWI,0.034482758620689655
2024-10-03,TRP,0.034482758620689655
2024-10-03,KO,0.034482758620689655
2024-10-03,PVH,0.034482758620689655
2024-10-03,HUM,0.034482758620689655
2024-10-03,NWSA,0.034482758620689655
2024-10-03,PCG,0.034482758620689655
2024-10-03,DUK,0.034482758620689655
2024-10-03,RF,0.034482758620689655
2024-10-03,CP,0.034482758620689655
2024-10-03,CLX,0.034482758620689655
2024-10-03,OHI,0.034482758620689655
2024-10-03,ENB,0.034482758620689655
2024-10-03,ZUMZ,0.034482758620689655
2024-10-03,VZ,0.034482758620689655
2024-10-03,MRK,0.034482758620689655
2024-10-04,CNC,0.034482758620689655
2024-10-04,PPG,0.034482758620689655
2024-10-04,A,0.034482758620689655
2024-10-04,XLP,0.034482758620689655
2024-10-04,HYG,0.034482758620689655
2024-10-04,SPWR,0.034482758620689655
2024-10-04,CAG,0.034482758620689655
2024-10-04,GREK,0.034482758620689655
2024-10-04,QCOM,0.034482758620689655
2024-10-04,KMB,0.034482758620689655
2024-10-04,NDAQ,0.034482758620689655
2024-10-04,VTR,0.034482758620689655
2024-10-04,DHI,0.034482758620689655
2024-10-04,BBT,0.034482758620689655
2024-10-04,BDX,0.034482758620689655
2024-10-04,EWI,0.034482758620689655
2024-10-04,KGC,0.034482758620689655
2024-10-04,TRP,0.034482758620689655
2024-10-04,KO,0.034482758620689655
2024-10-04,NWSA,0.034482758620689655
2024-10-04,LOW,0.034482758620689655
2024-10-04,PCG,0.034482758620689655
2024-10-04,DUK,0.034482758620689655
2024-10-04,CP,0.034482758620689655
2024-10-04,OHI,0.034482758620689655
2024-10-04,ENB,0.034482758620689655
2024-10-04,ZUMZ,0.034482758620689655
2024-10-04,VZ,0.034482758620689655
2024-10-04,MRK,0.034482758620689655
2024-10-07,MNST,0.034482758620689655
2024-10-07,BAX,0.034482758620689655
2024-10-07,XLP,0.034482758620689655
2024-10-07,HYG,0.034482758620689655
2024-10-07,BUD,0.034482758620689655
2024-10-07,SPWR,0.034482758620689655
2024-10-07,ICE,0.034482758620689655
2024-10-07,CAG,0.034482758620689655
2024-10-07,GREK,0.034482758620689655
2024-10-07,NDAQ,0.034482758620689655
2024-10-07,DPZ,0.034482758620689655
2024-10-07,BBT,0.034482758620689655
2024-10-07,BDX,0.034482758620689655
2024-10-07,QQQ,0.034482758620689655
2024-10-07,KGC,0.034482758620689655
2024-10-07,GOLD,0.034482758620689655
2024-10-07,TRP,0.034482758620689655
2024-10-07,KO,0.034482758620689655
2024-10-07,D,0.034482758620689655
2024-10-07,NWSA,0.034482758620689655
2024-10-07,BX,0.034482758620689655
2024-10-07,DUK,0.034482758620689655
2024-10-07,CP,0.034482758620689655
2024-10-07,OHI,0.034482758620689655
2024-10-07,SYK,0.034482758620689655
2024-10-07,ENB,0.034482758620689655
2024-10-07,VZ,0.034482758620689655
2024-10-07,MRK,0.034482758620689655
2024-10-07,BMY,0.034482758620689655
2024-10-08,CNC,0.034482758620689655
2024-10-08,PPG,0.034482758620689655
2024-10-08,AMTD,0.034482758620689655
2024-10-08,VWO,0.034482758620689655
2024-10-08,A,0.034482758620689655
2024-10-08,CF,0.034482758620689655
2024-10-08,XLP,0.034482758620689655
2024-10-08,HYG,0.034482758620689655
2024-10-08,BUD,0.034482758620689655
2024-10-08,SPWR,0.034482758620689655
2024-10-08,CAG,0.034482758620689655
2024-10-08,GREK,0.034482758620689655
2024-10-08,QCOM,0.034482758620689655
2024-10-08,VTR,0.034482758620689655
2024-10-08,EWC,0.034482758620689655
2024-10-08,BBT,0.034482758620689655
2024-10-08,BDX,0.034482758620689655
2024-10-08,EOG,0.034482758620689655
2024-10-08,TRP,0.034482758620689655
2024-10-08,KO,0.034482758620689655
2024-10-08,D,0.034482758620689655
2024-10-08,PCG,0.034482758620689655
2024-10-08,DUK,0.034482758620689655
2024-10-08,CP,0.034482758620689655
2024-10-08,PRGO,0.034482758620689655
2024-10-08,OHI,0.034482758620689655
2024-10-08,ENB,0.034482758620689655
2024-10-08,ZUMZ,0.034482758620689655
2024-10-08,BMY,0.034482758620689655
2024-10-09,PPG,0.034482758620689655
2024-10-09,VWO,0.034482758620689655
2024-10-09,CF,0.034482758620689655
2024-10-09,HYG,0.034482758620689655
2024-10-09,BUD,0.034482758620689655
2024-10-09,CAG,0.034482758620689655
2024-10-09,GREK,0.034482758620689655
2024-10-09,KMB,0.034482758620689655
2024-10-09,DHI,0.034482758620689655
2024-10-09,BDX,0.034482758620689655
2024-10-09,EOG,0.034482758620689655
2024-10-09,EWI,0.034482758620689655
2024-10-09,HTZ,0.034482758620689655
2024-10-09,XRT,0.034482758620689655
2024-10-09,TRP,0.034482758620689655
2024-10-09,KO,0.034482758620689655
2024-10-09,D,0.034482758620689655
2024-10-09,ULTA,0.034482758620689655
2024-10-09,PVH,0.034482758620689655
2024-10-09,HUM,0.034482758620689655
2024-10-09,WSM,0.034482758620689655
2024-10-09,BX,0.034482758620689655
2024-10-09,PCG,0.034482758620689655
2024-10-09,DUK,0.034482758620689655
2024-10-09,CP,0.034482758620689655
2024-10-09,OHI,0.034482758620689655
2024-10-09,XLE,0.034482758620689655
2024-10-09,COF,0.034482758620689655
2024-10-09,ZUMZ,0.034482758620689655
2024-10-10,A,0.034482758620689655
2024-10-10,XLP,0.034482758620689655
2024-10-10,HYG,0.034482758620689655
2024-10-10,BUD,0.034482758620689655
2024-10-10,ICE,0.034482758620689655
2024-10-10,GREK,0.034482758620689655
2024-10-10,QCOM,0.034482758620689655
2024-10-10,KMB,0.034482758620689655
2024-10-10,NDAQ,0.034482758620689655
2024-10-10,DPZ,0.034482758620689655
2024-10-10,VTR,0.034482758620689655
2024-10-10,DHI,0.034482758620689655
2024-10-10,BDX,0.034482758620689655
2024-10-10,EOG,0.034482758620689655
2024-10-10,HTZ,0.034482758620689655
2024-10-10,XRT,0.034482758620689655
2024-10-10,TRP,0.034482758620689655
2024-10-10,KO,0.034482758620689655
2024-10-10,D,0.034482758620689655
2024-10-10,PVH,0.034482758620689655
2024-10-10,WSM,0.034482758620689655
2024-10-10,PCG,0.034482758620689655
2024-10-10,CLX,0.034482758620689655
2024-10-10,OHI,0.034482758620689655
2024-10-10,XLE,0.034482758620689655
2024-10-10,ENB,0.034482758620689655
2024-10-10,ZUMZ,0.034482758620689655
2024-10-10,VZ,0.034482758620689655
2024-10-10,BMY,0.034482758620689655
2024-10-11,CNC,0.034482758620689655
2024-10-11,PPG,0.034482758620689655
2024-10-11,BAX,0.034482758620689655
2024-10-11,A,0.034482758620689655
2024-10-11,HP,0.034482758620689655
2024-10-11,ICE,0.034482758620689655
2024-10-11,CAG,0.034482758620689655
2024-10-11,GREK,0.034482758620689655
2024-10-11,QCOM,0.034482758620689655
2024-10-11,JNJ,0.034482758620689655
2024-10-11,KMB,0.034482758620689655
2024-10-11,NDAQ,0.034482758620689655
2024-10-11,DHI,0.034482758620689655
2024-10-11,BDX,0.034482758620689655
2024-10-11,EOG,0.034482758620689655
2024-10-11,QQQ,0.034482758620689655
2024-10-11,SIRI,0.034482758620689655
2024-10-11,TRP,0.034482758620689655
2024-10-11,KO,0.034482758620689655
2024-10-11,PVH,0.034482758620689655
2024-10-11,EW,0.034482758620689655
2024-10-11,HUM,0.034482758620689655
2024-10-11,PCG,0.034482758620689655
2024-10-11,XLE,0.034482758620689655
2024-10-11,ENB,0.034482758620689655
2024-10-11,ZUMZ,0.034482758620689655
2024-10-11,VZ,0.034482758620689655
2024-10-11,MRK,0.034482758620689655
2024-10-11,BMY,0.034482758620689655
2024-10-14,PPG,0.034482758620689655
2024-10-14,BAX,0.034482758620689655
2024-10-14,VWO,0.034482758620689655
2024-10-14,A,0.034482758620689655
2024-10-14,CF,0.034482758620689655
2024-10-14,HP,0.034482758620689655
2024-10-14,XLP,0.034482758620689655
2024-10-14,RRC,0.034482758620689655
2024-10-14,CAG,0.034482758620689655
2024-10-14,GREK,0.034482758620689655
2024-10-14,JNJ,0.034482758620689655
2024-10-14,STI,0.034482758620689655
2024-10-14,KMB,0.034482758620689655
2024-10-14,HAS,0.034482758620689655
2024-10-14,DPZ,0.034482758620689655
2024-10-14,BDX,0.034482758620689655
2024-10-14,EOG,0.034482758620689655
2024-10-14,SIRI,0.034482758620689655
2024-10-14,XRT,0.034482758620689655
2024-10-14,TRP,0.034482758620689655
2024-10-14,PVH,0.034482758620689655
2024-10-14,NTAP,0.034482758620689655
2024-10-14,DUK,0.034482758620689655
2024-10-14,NTES,0.034482758620689655
2024-10-14,CP,0.034482758620689655
2024-10-14,XLE,0.034482758620689655
2024-10-14,ENB,0.034482758620689655
2024-10-14,ZUMZ,0.034482758620689655
2024-10-14,MRK,0.034482758620689655
2024-10-15,CNC,0.034482758620689655
2024-10-15,BAX,0.034482758620689655
2024-10-15,VWO,0.034482758620689655
2024-10-15,A,0.034482758620689655
2024-10-15,CF,0.034482758620689655
2024-10-15,NVDA,0.034482758620689655
2024-10-15,HYG,0.034482758620689655
2024-10-15,NSC,0.034482758620689655
2024-10-15,RRC,0.034482758620689655
2024-10-15,CAG,0.034482758620689655
2024-10-15,GREK,0.034482758620689655
2024-10-15,QCOM,0.034482758620689655
2024-10-15,EWC,0.034482758620689655
2024-10-15,BDX,0.034482758620689655
2024-10-15,MU,0.034482758620689655
2024-10-15,EOG,0.034482758620689655
2024-10-15,QQQ,0.034482758620689655
2024-10-15,EWI,0.034482758620689655
2024-10-15,TRP,0.034482758620689655
2024-10-15,KO,0.034482758620689655
2024-10-15,PVH,0.034482758620689655
2024-10-15,NTAP,0.034482758620689655
2024-10-15,NTES,0.034482758620689655
2024-10-15,CP,0.034482758620689655
2024-10-15,PRGO,0.034482758620689655
2024-10-15,BSX,0.034482758620689655
2024-10-15,ENB,0.034482758620689655
2024-10-15,ZUMZ,0.034482758620689655
2024-10-15,MT,0.034482758620689655
2024-10-16,CNC,0.034482758620689655
2024-10-16,PPG,0.034482758620689655
2024-10-16,BAX,0.034482758620689655
2024-10-16,VWO,0.034482758620689655
2024-10-16,A,0.034482758620689655
2024-10-16,CF,0.034482758620689655
2024-10-16,XLP,0.034482758620689655
2024-10-16,SPWR,0.034482758620689655
2024-10-16,NSC,0.034482758620689655
2024-10-16,ICE,0.034482758620689655
2024-10-16,RRC,0.034482758620689655
2024-10-16,CAG,0.034482758620689655
2024-10-16,QCOM,0.034482758620689655
2024-10-16,JNJ,0.034482758620689655
2024-10-16,KMB,0.034482758620689655
2024-10-16,DPZ,0.034482758620689655
2024-10-16,BDX,0.034482758620689655
2024-10-16,EOG,0.034482758620689655
2024-10-16,QQQ,0.034482758620689655
2024-10-16,EWI,0.034482758620689655
2024-10-16,SIRI,0.034482758620689655
2024-10-16,TRP,0.034482758620689655
2024-10-16,KO,0.034482758620689655
2024-10-16,PVH,0.034482758620689655
2024-10-16,EW,0.034482758620689655
2024-10-16,NTAP,0.034482758620689655
2024-10-16,NWSA,0.034482758620689655
2024-10-16,HMC,0.034482758620689655
2024-10-16,MRK,0.034482758620689655
2024-10-17,CNC,0.034482758620689655
2024-10-17,VWO,0.034482758620689655
2024-10-17,A,0.034482758620689655
2024-10-17,XLP,0.034482758620689655
2024-10-17,HYG,0.034482758620689655
2024-10-17,NSC,0.034482758620689655
2024-10-17,ICE,0.034482758620689655
2024-10-17,QCOM,0.034482758620689655
2024-10-17,JNJ,0.034482758620689655
2024-10-17,KMB,0.034482758620689655
2024-10-17,DPZ,0.034482758620689655
2024-10-17,VTR,0.034482758620689655
2024-10-17,BDX,0.034482758620689655
2024-10-17,EBAY,0.034482758620689655
2024-10-17,EOG,0.034482758620689655
2024-10-17,QQQ,0.034482758620689655
2024-10-17,SIRI,0.034482758620689655
2024-10-17,KEY,0.034482758620689655
2024-10-17,TRP,0.034482758620689655
2024-10-17,KO,0.034482758620689655
2024-10-17,WSM,0.034482758620689655
2024-10-17,NWSA,0.034482758620689655
2024-10-17,PCG,0.034482758620689655
2024-10-17,NTES,0.034482758620689655
2024-10-17,HMC,0.034482758620689655
2024-10-17,CP,0.034482758620689655
2024-10-17,OHI,0.034482758620689655
2024-10-17,BSX,0.034482758620689655
2024-10-17,MRK,0.034482758620689655
2024-10-18,CNC,0.034482758620689655
2024-10-18,PPG,0.034482758620689655
2024-10-18,A,0.034482758620689655
2024-10-18,CF,0.034482758620689655
2024-10-18,XLP,0.034482758620689655
2024-10-18,SPWR,0.034482758620689655
2024-10-18,NSC,0.034482758620689655
2024-10-18,CAG,0.034482758620689655
2024-10-18,QCOM,0.034482758620689655
2024-10-18,JNJ,0.034482758620689655
2024-10-18,KMB,0.034482758620689655
2024-10-18,DPZ,0.034482758620689655
2024-10-18,BBT,0.034482758620689655
2024-10-18,BDX,0.034482758620689655
2024-10-18,EBAY,0.034482758620689655
2024-10-18,EOG,0.034482758620689655
2024-10-18,SIRI,0.034482758620689655
2024-10-18,ANF,0.034482758620689655
2024-10-18,TRP,0.034482758620689655
2024-10-18,KO,0.034482758620689655
2024-10-18,NTAP,0.034482758620689655
2024-10-18,NWSA,0.034482758620689655
2024-10-18,DUK,0.034482758620689655
2024-10-18,RF,0.034482758620689655
2024-10-18,HMC,0.034482758620689655
2024-10-18,CP,0.034482758620689655
2024-10-18,XLE,0.034482758620689655
2024-10-18,ZUMZ,0.034482758620689655
2024-10-18,MRK,0.034482758620689655
2024-10-21,CNC,0.034482758620689655
2024-10-21,PPG,0.034482758620689655
2024-10-21,A,0.034482758620689655
2024-10-21,XLP,0.034482758620689655
2024-10-21,HYG,0.034482758620689655
2024-10-21,SPWR,0.034482758620689655
2024-10-21,NSC,0.034482758620689655
2024-10-21,QCOM,0.034482758620689655
2024-10-21,JNJ,0.034482758620689655
2024-10-21,KMB,0.034482758620689655
2024-10-21,DHI,0.034482758620689655
2024-10-21,EWC,0.034482758620689655
2024-10-21,BDX,0.034482758620689655
2024-10-21,EBAY,0.034482758620689655
2024-10-21,EWI,0.034482758620689655
2024-10-21,KEY,0.034482758620689655
2024-10-21,GOLD,0.034482758620689655
2024-10-21,TRP,0.034482758620689655
2024-10-21,KO,0.034482758620689655
2024-10-21,PVH,0.034482758620689655
2024-10-21,NTAP,0.034482758620689655
2024-10-21,WSM,0.034482758620689655
2024-10-21,LOW,0.034482758620689655
2024-10-21,CP,0.034482758620689655
2024-10-21,CLX,0.034482758620689655
2024-10-21,ENB,0.034482758620689655
2024-10-21,VZ,0.034482758620689655
2024-10-21,MRK,0.034482758620689655
2024-10-21,BMY,0.034482758620689655
2024-10-22,CNC,0.034482758620689655
2024-10-22,PPG,0.034482758620689655
2024-10-22,A,0.034482758620689655
2024-10-22,HYG,0.034482758620689655
2024-10-22,BUD,0.034482758620689655
2024-10-22,ICE,0.034482758620689655
2024-10-22,CAG,0.034482758620689655
2024-10-22,JNJ,0.034482758620689655
2024-10-22,STI,0.034482758620689655
2024-10-22,KMB,0.034482758620689655
2024-10-22,HAS,0.034482758620689655
2024-10-22,DHI,0.034482758620689655
2024-10-22,EWC,0.034482758620689655
2024-10-22,BDX,0.034482758620689655
2024-10-22,EBAY,0.034482758620689655
2024-10-22,EOG,0.034482758620689655
2024-10-22,EWI,0.034482758620689655
2024-10-22,XRT,0.034482758620689655
2024-10-22,GOLD,0.034482758620689655
2024-10-22,TRP,0.034482758620689655
2024-10-22,KO,0.034482758620689655
2024-10-22,PVH,0.034482758620689655
2024-10-22,HUM,0.034482758620689655
2024-10-22,NTAP,0.034482758620689655
2024-10-22,LOW,0.034482758620689655
2024-10-22,CLX,0.034482758620689655
2024-10-22,ENB,0.034482758620689655
2024-10-22,VZ,0.034482758620689655
2024-10-22,MRK,0.034482758620689655
2024-10-23,CNC,0.034482758620689655
2024-10-23,PPG,0.034482758620689655
2024-10-23,VWO,0.034482758620689655
2024-10-23,A,0.034482758620689655
2024-10-23,HYG,0.034482758620689655
2024-10-23,SPWR,0.034482758620689655
2024-10-23,ICE,0.034482758620689655
2024-10-23,CAG,0.034482758620689655
2024-10-23,QCOM,0.034482758620689655
2024-10-23,STI,0.034482758620689655
2024-10-23,KMB,0.034482758620689655
2024-10-23,HAS,0.034482758620689655
2024-10-23,DHI,0.034482758620689655
2024-10-23,EWC,0.034482758620689655
2024-10-23,EWI,0.034482758620689655
2024-10-23,ANF,0.034482758620689655
2024-10-23,MAR,0.034482758620689655
2024-10-23,XRT,0.034482758620689655
2024-10-23,GOLD,0.034482758620689655
2024-10-23,WMB,0.034482758620689655
2024-10-23,TRP,0.034482758620689655
2024-10-23,KO,0.034482758620689655
2024-10-23,PVH,0.034482758620689655
2024-10-23,NTAP,0.034482758620689655
2024-10-23,LOW,0.034482758620689655
2024-10-23,XLE,0.034482758620689655
2024-10-23,M,0.034482758620689655
2024-10-23,ENB,0.034482758620689655
2024-10-23,VZ,0.034482758620689655
2024-10-24,AMTD,0.034482758620689655
2024-10-24,BAX,0.034482758620689655
2024-10-24,VWO,0.034482758620689655
2024-10-24,A,0.034482758620689655
2024-10-24,CF,0.034482758620689655
2024-10-24,XLP,0.034482758620689655
2024-10-24,SPWR,0.034482758620689655
2024-10-24,GREK,0.034482758620689655
2024-10-24,QCOM,0.034482758620689655
2024-10-24,JNJ,0.034482758620689655
2024-10-24,KMB,0.034482758620689655
2024-10-24,HAS,0.034482758620689655
2024-10-24,EWC,0.034482758620689655
2024-10-24,BDX,0.034482758620689655
2024-10-24,ANF,0.034482758620689655
2024-10-24,GOLD,0.034482758620689655
2024-10-24,KO,0.034482758620689655
2024-10-24,PVH,0.034482758620689655
2024-10-24,HUM,0.034482758620689655
2024-10-24,NTAP,0.034482758620689655
2024-10-24,NWSA,0.034482758620689655
2024-10-24,DUK,0.034482758620689655
2024-10-24,NTES,0.034482758620689655
2024-10-24,CP,0.034482758620689655
2024-10-24,BSX,0.034482758620689655
2024-10-24,M,0.034482758620689655
2024-10-24,ENB,0.034482758620689655
2024-10-24,VZ,0.034482758620689655
2024-10-24,MRK,0.034482758620689655
2024-10-25,MET,0.034482758620689655
2024-10-25,A,0.034482758620689655
2024-10-25,XLP,0.034482758620689655
2024-10-25,BUD,0.034482758620689655
2024-10-25,SPWR,0.034482758620689655
2024-10-25,GREK,0.034482758620689655
2024-10-25,JNJ,0.034482758620689655
2024-10-25,KMB,0.034482758620689655
2024-10-25,HAS,0.034482758620689655
2024-10-25,VTR,0.034482758620689655
2024-10-25,EWC,0.034482758620689655
2024-10-25,BDX,0.034482758620689655
2024-10-25,EBAY,0.034482758620689655
2024-10-25,EOG,0.034482758620689655
2024-10-25,GOLD,0.034482758620689655
2024-10-25,KO,0.034482758620689655
2024-10-25,NTAP,0.034482758620689655
2024-10-25,NWSA,0.034482758620689655
2024-10-25,DUK,0.034482758620689655
2024-10-25,CME,0.034482758620689655
2024-10-25,CP,0.034482758620689655
2024-10-25,CLX,0.034482758620689655
2024-10-25,PRGO,0.034482758620689655
2024-10-25,BSX,0.034482758620689655
2024-10-25,M,0.034482758620689655
2024-10-25,ENB,0.034482758620689655
2024-10-25,VZ,0.034482758620689655
2024-10-25,MRK,0.034482758620689655
2024-10-25,BMY,0.034482758620689655
2024-10-28,CNC,0.034482758620689655
2024-10-28,AMTD,0.034482758620689655
2024-10-28,CF,0.034482758620689655
2024-10-28,XLP,0.034482758620689655
2024-10-28,SPWR,0.034482758620689655
2024-10-28,GREK,0.034482758620689655
2024-10-28,JNJ,0.034482758620689655
2024-10-28,KMB,0.034482758620689655
2024-10-28,HAS,0.034482758620689655
2024-10-28,VTR,0.034482758620689655
2024-10-28,DHI,0.034482758620689655
2024-10-28,EWC,0.034482758620689655
2024-10-28,BDX,0.034482758620689655
2024-10-28,EBAY,0.034482758620689655
2024-10-28,EOG,0.034482758620689655
2024-10-28,EWI,0.034482758620689655
2024-10-28,GOLD,0.034482758620689655
2024-10-28,TRP,0.034482758620689655
2024-10-28,KO,0.034482758620689655
2024-10-28,ULTA,0.034482758620689655
2024-10-28,EW,0.034482758620689655
2024-10-28,DUK,0.034482758620689655
2024-10-28,CP,0.034482758620689655
2024-10-28,BSX,0.034482758620689655
2024-10-28,XLE,0.034482758620689655
2024-10-28,M,0.034482758620689655
2024-10-28,ENB,0.034482758620689655
2024-10-28,VZ,0.034482758620689655
2024-10-28,MRK,0.034482758620689655
2024-10-29,PPG,0.034482758620689655
2024-10-29,CF,0.034482758620689655
2024-10-29,XLP,0.034482758620689655
2024-10-29,SPWR,0.034482758620689655
2024-10-29,GREK,0.034482758620689655
2024-10-29,HAS,0.034482758620689655
2024-10-29,DPZ,0.034482758620689655
2024-10-29,DHI,0.034482758620689655
2024-10-29,EWC,0.034482758620689655
2024-10-29,BDX,0.034482758620689655
2024-10-29,EBAY,0.034482758620689655
2024-10-29,EOG,0.034482758620689655
2024-10-29,EWI,0.034482758620689655
2024-10-29,GOLD,0.034482758620689655
2024-10-29,WMB,0.034482758620689655
2024-10-29,TRP,0.034482758620689655
2024-10-29,KO,0.034482758620689655
2024-10-29,D,0.034482758620689655
2024-10-29,ULTA,0.034482758620689655
2024-10-29,LOW,0.034482758620689655
2024-10-29,PCG,0.034482758620689655
2024-10-29,DUK,0.034482758620689655
2024-10-29,CP,0.034482758620689655
2024-10-29,CLX,0.034482758620689655
2024-10-29,BSX,0.034482758620689655
2024-10-29,XLE,0.034482758620689655
2024-10-29,ENB,0.034482758620689655
2024-10-29,VZ,0.034482758620689655
2024-10-29,MRK,0.034482758620689655
2024-10-30,PPG,0.034482758620689655
2024-10-30,VWO,0.034482758620689655
2024-10-30,XLP,0.034482758620689655
2024-10-30,HYG,0.034482758620689655
2024-10-30,BUD,0.034482758620689655
2024-10-30,SPWR,0.034482758620689655
2024-10-30,GREK,0.034482758620689655
2024-10-30,QCOM,0.034482758620689655
2024-10-30,KMB,0.034482758620689655
2024-10-30,DPZ,0.034482758620689655
2024-10-30,DHI,0.034482758620689655
2024-10-30,EWC,0.034482758620689655
2024-10-30,BDX,0.034482758620689655
2024-10-30,EBAY,0.034482758620689655
2024-10-30,EWI,0.034482758620689655
2024-10-30,HTZ,0.034482758620689655
2024-10-30,GOLD,0.034482758620689655
2024-10-30,TRP,0.034482758620689655
2024-10-30,KO,0.034482758620689655
2024-10-30,D,0.034482758620689655
2024-10-30,ULTA,0.034482758620689655
2024-10-30,NTAP,0.034482758620689655
2024-10-30,PCG,0.034482758620689655
2024-10-30,DUK,0.034482758620689655
2024-10-30,CLX,0.034482758620689655
2024-10-30,CSIQ,0.034482758620689655
2024-10-30,BSX,0.034482758620689655
2024-10-30,ENB,0.034482758620689655
2024-10-30,VZ,0.034482758620689655
2024-10-31,MET,0.034482758620689655
2024-10-31,VWO,0.034482758620689655
2024-10-31,XLP,0.034482758620689655
2024-10-31,NVDA,0.034482758620689655
2024-10-31,SPWR,0.034482758620689655
2024-10-31,NSC,0.034482758620689655
2024-10-31,ICE,0.034482758620689655
2024-10-31,GREK,0.034482758620689655
2024-10-31,JNJ,0.034482758620689655
2024-10-31,KMB,0.034482758620689655
2024-10-31,NDAQ,0.034482758620689655
2024-10-31,HAS,0.034482758620689655
2024-10-31,VTR,0.034482758620689655
2024-10-31,EWC,0.034482758620689655
2024-10-31,BBT,0.034482758620689655
2024-10-31,BDX,0.034482758620689655
2024-10-31,EBAY,0.034482758620689655
2024-10-31,EWI,0.034482758620689655
2024-10-31,ORCL,0.034482758620689655
2024-10-31,KGC,0.034482758620689655
2024-10-31,GOLD,0.034482758620689655
2024-10-31,TRP,0.034482758620689655
2024-10-31,KO,0.034482758620689655
2024-10-31,ULTA,0.034482758620689655
2024-10-31,EW,0.034482758620689655
2024-10-31,HUM,0.034482758620689655
2024-10-31,NTAP,0.034482758620689655
2024-10-31,BSX,0.034482758620689655
2024-10-31,ENB,0.034482758620689655
2024-11-01,MET,0.034482758620689655
2024-11-01,XLP,0.034482758620689655
2024-11-01,BUD,0.034482758620689655
2024-11-01,SPWR,0.034482758620689655
2024-11-01,NSC,0.034482758620689655
2024-11-01,ICE,0.034482758620689655
2024-11-01,RRC,0.034482758620689655
2024-11-01,GREK,0.034482758620689655
2024-11-01,JNJ,0.034482758620689655
2024-11-01,KMB,0.034482758620689655
2024-11-01,VTR,0.034482758620689655
2024-11-01,EWC,0.034482758620689655
2024-11-01,BBT,0.034482758620689655
2024-11-01,BDX,0.034482758620689655
2024-11-01,EBAY,0.034482758620689655
2024-11-01,QQQ,0.034482758620689655
2024-11-01,EWI,0.034482758620689655
2024-11-01,KGC,0.034482758620689655
2024-11-01,GOLD,0.034482758620689655
2024-11-01,WMB,0.034482758620689655
2024-11-01,TRP,0.034482758620689655
2024-11-01,KO,0.034482758620689655
2024-11-01,NTAP,0.034482758620689655
2024-11-01,PCG,0.034482758620689655
2024-11-01,RF,0.034482758620689655
2024-11-01,CME,0.034482758620689655
2024-11-01,OHI,0.034482758620689655
2024-11-01,BSX,0.034482758620689655
2024-11-01,ENB,0.034482758620689655
2024-11-04,MET,0.034482758620689655
2024-11-04,BAX,0.034482758620689655
2024-11-04,BUD,0.034482758620689655
2024-11-04,SPWR,0.034482758620689655
2024-11-04,NSC,0.034482758620689655
2024-11-04,ICE,0.034482758620689655
2024-11-04,GREK,0.034482758620689655
2024-11-04,JNJ,0.034482758620689655
2024-11-04,KMB,0.034482758620689655
2024-11-04,VTR,0.034482758620689655
2024-11-04,EWC,0.034482758620689655
2024-11-04,BDX,0.034482758620689655
2024-11-04,WFC,0.034482758620689655
2024-11-04,EWI,0.034482758620689655
2024-11-04,MAR,0.034482758620689655
2024-11-04,KGC,0.034482758620689655
2024-11-04,GOLD,0.034482758620689655
2024-11-04,KO,0.034482758620689655
2024-11-04,D,0.034482758620689655
2024-11-04,EW,0.034482758620689655
2024-11-04,NTAP,0.034482758620689655
2024-11-04,PCG,0.034482758620689655
2024-11-04,DUK,0.034482758620689655
2024-11-04,RF,0.034482758620689655
2024-11-04,HMC,0.034482758620689655
2024-11-04,CME,0.034482758620689655
2024-11-04,PRGO,0.034482758620689655
2024-11-04,OHI,0.034482758620689655
2024-11-04,VZ,0.034482758620689655
2024-11-05,MET,0.034482758620689655
2024-11-05,PPG,0.034482758620689655
2024-11-05,BAX,0.034482758620689655
2024-11-05,BUD,0.034482758620689655
2024-11-05,SPWR,0.034482758620689655
2024-11-05,NSC,0.034482758620689655
2024-11-05,ICE,0.034482758620689655
2024-11-05,GREK,0.034482758620689655
2024-11-05,QCOM,0.034482758620689655
2024-11-05,JNJ,0.034482758620689655
2024-11-05,STI,0.034482758620689655
2024-11-05,KMB,0.034482758620689655
2024-11-05,DPZ,0.034482758620689655
2024-11-05,VTR,0.034482758620689655
2024-11-05,EWC,0.034482758620689655
2024-11-05,EWI,0.034482758620689655
2024-11-05,HTZ,0.034482758620689655
2024-11-05,KGC,0.034482758620689655
2024-11-05,GOLD,0.034482758620689655
2024-11-05,KO,0.034482758620689655
2024-11-05,EW,0.034482758620689655
2024-11-05,NTAP,0.034482758620689655
2024-11-05,HMC,0.034482758620689655
2024-11-05,CLX,0.034482758620689655
2024-11-05,PRGO,0.034482758620689655
2024-11-05,OHI,0.034482758620689655
2024-11-05,SYK,0.034482758620689655
2024-11-05,VZ,0.034482758620689655
2024-11-05,MRK,0.034482758620689655
2024-11-06,CNC,0.034482758620689655
2024-11-06,VWO,0.034482758620689655
2024-11-06,A,0.034482758620689655
2024-11-06,CF,0.034482758620689655
2024-11-06,XLP,0.034482758620689655
2024-11-06,SPWR,0.034482758620689655
2024-11-06,ICE,0.034482758620689655
2024-11-06,GREK,0.034482758620689655
2024-11-06,JNJ,0.034482758620689655
2024-11-06,KMB,0.034482758620689655
2024-11-06,HAS,0.034482758620689655
2024-11-06,VTR,0.034482758620689655
2024-11-06,DHI,0.034482758620689655
2024-11-06,EBAY,0.034482758620689655
2024-11-06,KGC,0.034482758620689655
2024-11-06,GOLD,0.034482758620689655
2024-11-06,KO,0.034482758620689655
2024-11-06,D,0.034482758620689655
2024-11-06,EW,0.034482758620689655
2024-11-06,WSM,0.034482758620689655
2024-11-06,LOW,0.034482758620689655
2024-11-06,DUK,0.034482758620689655
2024-11-06,CME,0.034482758620689655
2024-11-06,CP,0.034482758620689655
2024-11-06,CLX,0.034482758620689655
2024-11-06,OHI,0.034482758620689655
2024-11-06,SYK,0.034482758620689655
2024-11-06,VZ,0.034482758620689655
2024-11-06,MRK,0.034482758620689655
2024-11-07,PPG,0.034482758620689655
2024-11-07,AMTD,0.034482758620689655
2024-11-07,BAX,0.034482758620689655
2024-11-07,XLP,0.034482758620689655
2024-11-07,WEN,0.034482758620689655
2024-11-07,SPWR,0.034482758620689655
2024-11-07,ICE,0.034482758620689655
2024-11-07,CAG,0.034482758620689655
2024-11-07,GREK,0.034482758620689655
2024-11-07,JNJ,0.034482758620689655
2024-11-07,KMB,0.034482758620689655
2024-11-07,HAS,0.034482758620689655
2024-11-07,DHI,0.034482758620689655
2024-11-07,BDX,0.034482758620689655
2024-11-07,EWI,0.034482758620689655
2024-11-07,HTZ,0.034482758620689655
2024-11-07,DLTR,0.034482758620689655
2024-11-07,GOLD,0.034482758620689655
2024-11-07,KO,0.034482758620689655
2024-11-07,D,0.034482758620689655
2024-11-07,EW,0.034482758620689655
2024-11-07,DUK,0.034482758620689655
2024-11-07,CME,0.034482758620689655
2024-11-07,CP,0.034482758620689655
2024-11-07,CLX,0.034482758620689655
2024-11-07,PRGO,0.034482758620689655
2024-11-07,SYK,0.034482758620689655
2024-11-07,VZ,0.034482758620689655
2024-11-07,MRK,0.034482758620689655
2024-11-08,CNC,0.034482758620689655
2024-11-08,PPG,0.034482758620689655
2024-11-08,A,0.034482758620689655
2024-11-08,CF,0.034482758620689655
2024-11-08,WEN,0.034482758620689655
2024-11-08,BUD,0.034482758620689655
2024-11-08,SPWR,0.034482758620689655
2024-11-08,ICE,0.034482758620689655
2024-11-08,GREK,0.034482758620689655
2024-11-08,QCOM,0.034482758620689655
2024-11-08,JNJ,0.034482758620689655
2024-11-08,KMB,0.034482758620689655
2024-11-08,DHI,0.034482758620689655
2024-11-08,EWC,0.034482758620689655
2024-11-08,BDX,0.034482758620689655
2024-11-08,EBAY,0.034482758620689655
2024-11-08,EWI,0.034482758620689655
2024-11-08,HTZ,0.034482758620689655
2024-11-08,GOLD,0.034482758620689655
2024-11-08,TRP,0.034482758620689655
2024-11-08,KO,0.034482758620689655
2024-11-08,ULTA,0.034482758620689655
2024-11-08,WSM,0.034482758620689655
2024-11-08,TRIP,0.034482758620689655
2024-11-08,HMC,0.034482758620689655
2024-11-08,CP,0.034482758620689655
2024-11-08,PRGO,0.034482758620689655
2024-11-08,VZ,0.034482758620689655
2024-11-08,BMY,0.034482758620689655
2024-11-11,PPG,0.034482758620689655
2024-11-11,BAX,0.034482758620689655
2024-11-11,VWO,0.034482758620689655
2024-11-11,A,0.034482758620689655
2024-11-11,XLP,0.034482758620689655
2024-11-11,WEN,0.034482758620689655
2024-11-11,BUD,0.034482758620689655
2024-11-11,SPWR,0.034482758620689655
2024-11-11,ICE,0.034482758620689655
2024-11-11,GREK,0.034482758620689655
2024-11-11,QCOM,0.034482758620689655
2024-11-11,JNJ,0.034482758620689655
2024-11-11,KMB,0.034482758620689655
2024-11-11,HAS,0.034482758620689655
2024-11-11,BDX,0.034482758620689655
2024-11-11,EWI,0.034482758620689655
2024-11-11,HTZ,0.034482758620689655
2024-11-11,KGC,0.034482758620689655
2024-11-11,GOLD,0.034482758620689655
2024-11-11,KO,0.034482758620689655
2024-11-11,ULTA,0.034482758620689655
2024-11-11,PVH,0.034482758620689655
2024-11-11,NTAP,0.034482758620689655
2024-11-11,WSM,0.034482758620689655
2024-11-11,DUK,0.034482758620689655
2024-11-11,CP,0.034482758620689655
2024-11-11,PRGO,0.034482758620689655
2024-11-11,VZ,0.034482758620689655
2024-11-11,MRK,0.034482758620689655
2024-11-12,PPG,0.034482758620689655
2024-11-12,BAX,0.034482758620689655
2024-11-12,VWO,0.034482758620689655
2024-11-12,A,0.034482758620689655
2024-11-12,WEN,0.034482758620689655
2024-11-12,HYG,0.034482758620689655
2024-11-12,BUD,0.034482758620689655
2024-11-12,SPWR,0.034482758620689655
2024-11-12,CAG,0.034482758620689655
2024-11-12,GREK,0.034482758620689655
2024-11-12,QCOM,0.034482758620689655
2024-11-12,JNJ,0.034482758620689655
2024-11-12,KMB,0.034482758620689655
2024-11-12,HAS,0.034482758620689655
2024-11-12,VTR,0.034482758620689655
2024-11-12,DHI,0.034482758620689655
2024-11-12,BDX,0.034482758620689655
2024-11-12,EBAY,0.034482758620689655
2024-11-12,GOLD,0.034482758620689655
2024-11-12,TRP,0.034482758620689655
2024-11-12,KO,0.034482758620689655
2024-11-12,D,0.034482758620689655
2024-11-12,NTAP,0.034482758620689655
2024-11-12,DUK,0.034482758620689655
2024-11-12,CP,0.034482758620689655
2024-11-12,PRGO,0.034482758620689655
2024-11-12,ENB,0.034482758620689655
2024-11-12,VZ,0.034482758620689655
2024-11-12,MRK,0.034482758620689655
2024-11-13,PPG,0.034482758620689655
2024-11-13,BAX,0.034482758620689655
2024-11-13,VWO,0.034482758620689655
2024-11-13,A,0.034482758620689655
2024-11-13,WEN,0.034482758620689655
2024-11-13,HYG,0.034482758620689655
2024-11-13,BUD,0.034482758620689655
2024-11-13,SPWR,0.034482758620689655
2024-11-13,ICE,0.034482758620689655
2024-11-13,CAG,0.034482758620689655
2024-11-13,GREK,0.034482758620689655
2024-11-13,QCOM,0.034482758620689655
2024-11-13,JNJ,0.034482758620689655
2024-11-13,STI,0.034482758620689655
2024-11-13,KMB,0.034482758620689655
2024-11-13,HAS,0.034482758620689655
2024-11-13,VTR,0.034482758620689655
2024-11-13,DHI,0.034482758620689655
2024-11-13,EWC,0.034482758620689655
2024-11-13,BDX,0.034482758620689655
2024-11-13,WMB,0.034482758620689655
2024-11-13,KO,0.034482758620689655
2024-11-13,D,0.034482758620689655
2024-11-13,NTAP,0.034482758620689655
2024-11-13,DUK,0.034482758620689655
2024-11-13,CP,0.034482758620689655
2024-11-13,CLX,0.034482758620689655
2024-11-13,OHI,0.034482758620689655
2024-11-13,MRK,0.034482758620689655
2024-11-14,PPG,0.034482758620689655
2024-11-14,BAX,0.034482758620689655
2024-11-14,VWO,0.034482758620689655
2024-11-14,A,0.034482758620689655
2024-11-14,XLP,0.034482758620689655
2024-11-14,WEN,0.034482758620689655
2024-11-14,HYG,0.034482758620689655
2024-11-14,CAG,0.034482758620689655
2024-11-14,GREK,0.034482758620689655
2024-11-14,JNJ,0.034482758620689655
2024-11-14,STI,0.034482758620689655
2024-11-14,KMB,0.034482758620689655
2024-11-14,NDAQ,0.034482758620689655
2024-11-14,HAS,0.034482758620689655
2024-11-14,VTR,0.034482758620689655
2024-11-14,EWC,0.034482758620689655
2024-11-14,BDX,0.034482758620689655
2024-11-14,ILMN,0.034482758620689655
2024-11-14,KO,0.034482758620689655
2024-11-14,D,0.034482758620689655
2024-11-14,NTAP,0.034482758620689655
2024-11-14,PCG,0.034482758620689655
2024-11-14,DUK,0.034482758620689655
2024-11-14,HMC,0.034482758620689655
2024-11-14,CME,0.034482758620689655
2024-11-14,CP,0.034482758620689655
2024-11-14,OHI,0.034482758620689655
2024-11-14,BSX,0.034482758620689655
2024-11-14,MRK,0.034482758620689655
2024-11-15,PPG,0.034482758620689655
2024-11-15,BAX,0.034482758620689655
2024-11-15,VWO,0.034482758620689655
2024-11-15,A,0.034482758620689655
2024-11-15,XLP,0.034482758620689655
2024-11-15,WEN,0.034482758620689655
2024-11-15,HYG,0.034482758620689655
2024-11-15,SPWR,0.034482758620689655
2024-11-15,ICE,0.034482758620689655
2024-11-15,GREK,0.034482758620689655
2024-11-15,QCOM,0.034482758620689655
2024-11-15,HAS,0.034482758620689655
2024-11-15,VTR,0.034482758620689655
2024-11-15,DHI,0.034482758620689655
2024-11-15,EWC,0.034482758620689655
2024-11-15,BDX,0.034482758620689655
2024-11-15,MU,0.034482758620689655
2024-11-15,EBAY,0.034482758620689655
2024-11-15,XRT,0.034482758620689655
2024-11-15,ILMN,0.034482758620689655
2024-11-15,KO,0.034482758620689655
2024-11-15,ULTA,0.034482758620689655
2024-11-15,PVH,0.034482758620689655
2024-11-15,NTAP,0.034482758620689655
2024-11-15,NWSA,0.034482758620689655
2024-11-15,HMC,0.034482758620689655
2024-11-15,CP,0.034482758620689655
2024-11-15,BSX,0.034482758620689655
2024-11-15,MRK,0.034482758620689655
2024-11-18,MNST,0.034482758620689655
2024-11-18,PPG,0.034482758620689655
2024-11-18,VWO,0.034482758620689655
2024-11-18,A,0.034482758620689655
2024-11-18,XLP,0.034482758620689655
2024-11-18,WEN,0.034482758620689655
2024-11-18,SPWR,0.034482758620689655
2024-11-18,ICE,0.034482758620689655
2024-11-18,CAG,0.034482758620689655
2024-11-18,GREK,0.034482758620689655
2024-11-18,QCOM,0.034482758620689655
2024-11-18,JNJ,0.034482758620689655
2024-11-18,KMB,0.034482758620689655
2024-11-18,HAS,0.034482758620689655
2024-11-18,DHI,0.034482758620689655
2024-11-18,BDX,0.034482758620689655
2024-11-18,EBAY,0.034482758620689655
2024-11-18,EWI,0.034482758620689655
2024-11-18,ANF,0.034482758620689655
2024-11-18,XRT,0.034482758620689655
2024-11-18,KO,0.034482758620689655
2024-11-18,ULTA,0.034482758620689655
2024-11-18,PVH,0.034482758620689655
2024-11-18,NWSA,0.034482758620689655
2024-11-18,HMC,0.034482758620689655
2024-11-18,CP,0.034482758620689655
2024-11-18,PRGO,0.034482758620689655
2024-11-18,OHI,0.034482758620689655
2024-11-18,MRK,0.034482758620689655
2024-11-19,MET,0.034482758620689655
2024-11-19,CNC,0.034482758620689655
2024-11-19,PPG,0.034482758620689655
2024-11-19,AMTD,0.034482758620689655
2024-11-19,A,0.034482758620689655
2024-11-19,WEN,0.034482758620689655
2024-11-19,BUD,0.034482758620689655
2024-11-19,SPWR,0.034482758620689655
2024-11-19,ICE,0.034482758620689655
2024-11-19,QCOM,0.034482758620689655
2024-11-19,JNJ,0.034482758620689655
2024-11-19,KMB,0.034482758620689655
2024-11-19,HAS,0.034482758620689655
2024-11-19,DHI,0.034482758620689655
2024-11-19,BDX,0.034482758620689655
2024-11-19,EBAY,0.034482758620689655
2024-11-19,ANF,0.034482758620689655
2024-11-19,XRT,0.034482758620689655
2024-11-19,GOLD,0.034482758620689655
2024-11-19,D,0.034482758620689655
2024-11-19,ULTA,0.034482758620689655
2024-11-19,PVH,0.034482758620689655
2024-11-19,NWSA,0.034482758620689655
2024-11-19,LOW,0.034482758620689655
2024-11-19,HMC,0.034482758620689655
2024-11-19,CP,0.034482758620689655
2024-11-19,CLX,0.034482758620689655
2024-11-19,VZ,0.034482758620689655
2024-11-19,MRK,0.034482758620689655
2024-11-20,MET,0.034482758620689655
2024-11-20,PPG,0.034482758620689655
2024-11-20,BAX,0.034482758620689655
2024-11-20,VWO,0.034482758620689655
2024-11-20,HOG,0.034482758620689655
2024-11-20,XLP,0.034482758620689655
2024-11-20,WEN,0.034482758620689655
2024-11-20,BUD,0.034482758620689655
2024-11-20,SPWR,0.034482758620689655
2024-11-20,ICE,0.034482758620689655
2024-11-20,GREK,0.034482758620689655
2024-11-20,QCOM,0.034482758620689655
2024-11-20,JNJ,0.034482758620689655
2024-11-20,KMB,0.034482758620689655
2024-11-20,HAS,0.034482758620689655
2024-11-20,DHI,0.034482758620689655
2024-11-20,BDX,0.034482758620689655
2024-11-20,EBAY,0.034482758620689655
2024-11-20,EWI,0.034482758620689655
2024-11-20,ANF,0.034482758620689655
2024-11-20,XRT,0.034482758620689655
2024-11-20,TRP,0.034482758620689655
2024-11-20,ULTA,0.034482758620689655
2024-11-20,PVH,0.034482758620689655
2024-11-20,HMC,0.034482758620689655
2024-11-20,CP,0.034482758620689655
2024-11-20,CLX,0.034482758620689655
2024-11-20,OHI,0.034482758620689655
2024-11-20,VZ,0.034482758620689655
2024-11-21,PPG,0.034482758620689655
2024-11-21,BAX,0.034482758620689655
2024-11-21,VWO,0.034482758620689655
2024-11-21,HYG,0.034482758620689655
2024-11-21,BUD,0.034482758620689655
2024-11-21,SPWR,0.034482758620689655
2024-11-21,ICE,0.034482758620689655
2024-11-21,GREK,0.034482758620689655
2024-11-21,QCOM,0.034482758620689655
2024-11-21,JNJ,0.034482758620689655
2024-11-21,KMB,0.034482758620689655
2024-11-21,HAS,0.034482758620689655
2024-11-21,VTR,0.034482758620689655
2024-11-21,DHI,0.034482758620689655
2024-11-21,BDX,0.034482758620689655
2024-11-21,EBAY,0.034482758620689655
2024-11-21,EWI,0.034482758620689655
2024-11-21,HTZ,0.034482758620689655
2024-11-21,KGC,0.034482758620689655
2024-11-21,ULTA,0.034482758620689655
2024-11-21,LOW,0.034482758620689655
2024-11-21,DUK,0.034482758620689655
2024-11-21,HMC,0.034482758620689655
2024-11-21,CME,0.034482758620689655
2024-11-21,CLX,0.034482758620689655
2024-11-21,OHI,0.034482758620689655
2024-11-21,XLE,0.034482758620689655
2024-11-21,MT,0.034482758620689655
2024-11-21,VZ,0.034482758620689655
2024-11-22,PPG,0.034482758620689655
2024-11-22,AMTD,0.034482758620689655
2024-11-22,BAX,0.034482758620689655
2024-11-22,VWO,0.034482758620689655
2024-11-22,CF,0.034482758620689655
2024-11-22,NVDA,0.034482758620689655
2024-11-22,WEN,0.034482758620689655
2024-11-22,HYG,0.034482758620689655
2024-11-22,BUD,0.034482758620689655
2024-11-22,SPWR,0.034482758620689655
2024-11-22,ICE,0.034482758620689655
2024-11-22,GREK,0.034482758620689655
2024-11-22,JNJ,0.034482758620689655
2024-11-22,STI,0.034482758620689655
2024-11-22,VTR,0.034482758620689655
2024-11-22,DHI,0.034482758620689655
2024-11-22,EWI,0.034482758620689655
2024-11-22,HTZ,0.034482758620689655
2024-11-22,KO,0.034482758620689655
2024-11-22,D,0.034482758620689655
2024-11-22,NTAP,0.034482758620689655
2024-11-22,LOW,0.034482758620689655
2024-11-22,DUK,0.034482758620689655
2024-11-22,CLX,0.034482758620689655
2024-11-22,OHI,0.034482758620689655
2024-11-22,BSX,0.034482758620689655
2024-11-22,XLE,0.034482758620689655
2024-11-22,ENB,0.034482758620689655
2024-11-22,MRK,0.034482758620689655
2024-11-25,BAX,0.034482758620689655
2024-11-25,VWO,0.034482758620689655
2024-11-25,CF,0.034482758620689655
2024-11-25,NVDA,0.034482758620689655
2024-11-25,BUD,0.034482758620689655
2024-11-25,SPWR,0.034482758620689655
2024-11-25,ICE,0.034482758620689655
2024-11-25,GREK,0.034482758620689655
2024-11-25,JNJ,0.034482758620689655
2024-11-25,KMB,0.034482758620689655
2024-11-25,VTR,0.034482758620689655
2024-11-25,EWC,0.034482758620689655
2024-11-25,BDX,0.034482758620689655
2024-11-25,EOG,0.034482758620689655
2024-11-25,EWI,0.034482758620689655
2024-11-25,ORCL,0.034482758620689655
2024-11-25,KGC,0.034482758620689655
2024-11-25,WMB,0.034482758620689655
2024-11-25,TRP,0.034482758620689655
2024-11-25,D,0.034482758620689655
2024-11-25,PCG,0.034482758620689655
2024-11-25,DUK,0.034482758620689655
2024-11-25,HMC,0.034482758620689655
2024-11-25,CME,0.034482758620689655
2024-11-25,CLX,0.034482758620689655
2024-11-25,OHI,0.034482758620689655
2024-11-25,BSX,0.034482758620689655
2024-11-25,XLE,0.034482758620689655
2024-11-25,ENB,0.034482758620689655
2024-11-26,PPG,0.034482758620689655
2024-11-26,BAX,0.034482758620689655
2024-11-26,VWO,0.034482758620689655
2024-11-26,A,0.034482758620689655
2024-11-26,CF,0.034482758620689655
2024-11-26,NVDA,0.034482758620689655
2024-11-26,HYG,0.034482758620689655
2024-11-26,BUD,0.034482758620689655
2024-11-26,SPWR,0.034482758620689655
2024-11-26,ICE,0.034482758620689655
2024-11-26,GREK,0.034482758620689655
2024-11-26,JNJ,0.034482758620689655
2024-11-26,HAS,0.034482758620689655
2024-11-26,DHI,0.034482758620689655
2024-11-26,EWC,0.034482758620689655
2024-11-26,BDX,0.034482758620689655
2024-11-26,EOG,0.034482758620689655
2024-11-26,EWI,0.034482758620689655
2024-11-26,ANF,0.034482758620689655
2024-11-26,KGC,0.034482758620689655
2024-11-26,TRP,0.034482758620689655
2024-11-26,KO,0.034482758620689655
2024-11-26,ULTA,0.034482758620689655
2024-11-26,LOW,0.034482758620689655
2024-11-26,CP,0.034482758620689655
2024-11-26,CLX,0.034482758620689655
2024-11-26,XLE,0.034482758620689655
2024-11-26,M,0.034482758620689655
2024-11-26,MRK,0.034482758620689655
2024-11-27,PPG,0.034482758620689655
2024-11-27,VWO,0.034482758620689655
2024-11-27,CF,0.034482758620689655
2024-11-27,NVDA,0.034482758620689655
2024-11-27,WEN,0.034482758620689655
2024-11-27,BUD,0.034482758620689655
2024-11-27,ICE,0.034482758620689655
2024-11-27,GREK,0.034482758620689655
2024-11-27,JNJ,0.034482758620689655
2024-11-27,KMB,0.034482758620689655
2024-11-27,HAS,0.034482758620689655
2024-11-27,DHI,0.034482758620689655
2024-11-27,BDX,0.034482758620689655
2024-11-27,EWI,0.034482758620689655
2024-11-27,ORCL,0.034482758620689655
2024-11-27,CCL,0.034482758620689655
2024-11-27,KGC,0.034482758620689655
2024-11-27,GOLD,0.034482758620689655
2024-11-27,TRP,0.034482758620689655
2024-11-27,KO,0.034482758620689655
2024-11-27,NTAP,0.034482758620689655
2024-11-27,NWSA,0.034482758620689655
2024-11-27,LOW,0.034482758620689655
2024-11-27,HMC,0.034482758620689655
2024-11-27,CP,0.034482758620689655
2024-11-27,CLX,0.034482758620689655
2024-11-27,XLE,0.034482758620689655
2024-11-27,M,0.034482758620689655
2024-11-27,ENB,0.034482758620689655
2024-11-29,PPG,0.034482758620689655
2024-11-29,VWO,0.034482758620689655
2024-11-29,WEN,0.034482758620689655
2024-11-29,BUD,0.034482758620689655
2024-11-29,SPWR,0.034482758620689655
2024-11-29,ICE,0.034482758620689655
2024-11-29,GREK,0.034482758620689655
2024-11-29,JNJ,0.034482758620689655
2024-11-29,KMB,0.034482758620689655
2024-11-29,VTR,0.034482758620689655
2024-11-29,DHI,0.034482758620689655
2024-11-29,BDX,0.034482758620689655
2024-11-29,MU,0.034482758620689655
2024-11-29,EBAY,0.034482758620689655
2024-11-29,QQQ,0.034482758620689655
2024-11-29,KGC,0.034482758620689655
2024-11-29,WMB,0.034482758620689655
2024-11-29,KO,0.034482758620689655
2024-11-29,D,0.034482758620689655
2024-11-29,ULTA,0.034482758620689655
2024-11-29,EW,0.034482758620689655
2024-11-29,NTAP,0.034482758620689655
2024-11-29,LOW,0.034482758620689655
2024-11-29,DUK,0.034482758620689655
2024-11-29,HMC,0.034482758620689655
2024-11-29,CLX,0.034482758620689655
2024-11-29,OHI,0.034482758620689655
2024-11-29,XLE,0.034482758620689655
2024-11-29,MRK,0.034482758620689655
2024-12-02,MET,0.034482758620689655
2024-12-02,WEN,0.034482758620689655
2024-12-02,ICE,0.034482758620689655
2024-12-02,RRC,0.034482758620689655
2024-12-02,JNJ,0.034482758620689655
2024-12-02,KMB,0.034482758620689655
2024-12-02,NDAQ,0.034482758620689655
2024-12-02,VTR,0.034482758620689655
2024-12-02,EWC,0.034482758620689655
2024-12-02,BDX,0.034482758620689655
2024-12-02,EOG,0.034482758620689655
2024-12-02,EWI,0.034482758620689655
2024-12-02,ORCL,0.034482758620689655
2024-12-02,KGC,0.034482758620689655
2024-12-02,WMB,0.034482758620689655
2024-12-02,TRP,0.034482758620689655
2024-12-02,KO,0.034482758620689655
2024-12-02,D,0.034482758620689655
2024-12-02,NTAP,0.034482758620689655
2024-12-02,LOW,0.034482758620689655
2024-12-02,DUK,0.034482758620689655
2024-12-02,HMC,0.034482758620689655
2024-12-02,CP,0.034482758620689655
2024-12-02,CLX,0.034482758620689655
2024-12-02,OHI,0.034482758620689655
2024-12-02,XLE,0.034482758620689655
2024-12-02,ENB,0.034482758620689655
2024-12-02,VZ,0.034482758620689655
2024-12-02,MRK,0.034482758620689655
2024-12-03,MET,0.034482758620689655
2024-12-03,MNST,0.034482758620689655
2024-12-03,BAX,0.034482758620689655
2024-12-03,XLP,0.034482758620689655
2024-12-03,WEN,0.034482758620689655
2024-12-03,BUD,0.034482758620689655
2024-12-03,SPWR,0.034482758620689655
2024-12-03,ICE,0.034482758620689655
2024-12-03,GREK,0.034482758620689655
2024-12-03,JNJ,0.034482758620689655
2024-12-03,KMB,0.034482758620689655
2024-12-03,NDAQ,0.034482758620689655
2024-12-03,TRV,0.034482758620689655
2024-12-03,VTR,0.034482758620689655
2024-12-03,BDX,0.034482758620689655
2024-12-03,EWI,0.034482758620689655
2024-12-03,ORCL,0.034482758620689655
2024-12-03,ILMN,0.034482758620689655
2024-12-03,WMB,0.034482758620689655
2024-12-03,KO,0.034482758620689655
2024-12-03,D,0.034482758620689655
2024-12-03,LOW,0.034482758620689655
2024-12-03,DUK,0.034482758620689655
2024-12-03,HMC,0.034482758620689655
2024-12-03,CP,0.034482758620689655
2024-12-03,OHI,0.034482758620689655
2024-12-03,XLE,0.034482758620689655
2024-12-03,ZUMZ,0.034482758620689655
2024-12-03,VZ,0.034482758620689655
2024-12-04,MET,0.034482758620689655
2024-12-04,MNST,0.034482758620689655
2024-12-04,BAX,0.034482758620689655
2024-12-04,VWO,0.034482758620689655
2024-12-04,CF,0.034482758620689655
2024-12-04,XLP,0.034482758620689655
2024-12-04,WEN,0.034482758620689655
2024-12-04,BUD,0.034482758620689655
2024-12-04,SPWR,0.034482758620689655
2024-12-04,ICE,0.034482758620689655
2024-12-04,GREK,0.034482758620689655
2024-12-04,JNJ,0.034482758620689655
2024-12-04,STI,0.034482758620689655
2024-12-04,KMB,0.034482758620689655
2024-12-04,NDAQ,0.034482758620689655
2024-12-04,VTR,0.034482758620689655
2024-12-04,DHI,0.034482758620689655
2024-12-04,BDX,0.034482758620689655
2024-12-04,EOG,0.034482758620689655
2024-12-04,EWI,0.034482758620689655
2024-12-04,WMB,0.034482758620689655
2024-12-04,KO,0.034482758620689655
2024-12-04,D,0.034482758620689655
2024-12-04,LOW,0.034482758620689655
2024-12-04,DUK,0.034482758620689655
2024-12-04,HMC,0.034482758620689655
2024-12-04,OHI,0.034482758620689655
2024-12-04,XLE,0.034482758620689655
2024-12-04,VZ,0.034482758620689655
2024-12-05,MNST,0.034482758620689655
2024-12-05,PPG,0.034482758620689655
2024-12-05,BAX,0.034482758620689655
2024-12-05,VWO,0.034482758620689655
2024-12-05,A,0.034482758620689655
2024-12-05,CF,0.034482758620689655
2024-12-05,WEN,0.034482758620689655
2024-12-05,BUD,0.034482758620689655
2024-12-05,SPWR,0.034482758620689655
2024-12-05,ICE,0.034482758620689655
2024-12-05,GREK,0.034482758620689655
2024-12-05,QCOM,0.034482758620689655
2024-12-05,STI,0.034482758620689655
2024-12-05,VTR,0.034482758620689655
2024-12-05,DHI,0.034482758620689655
2024-12-05,BDX,0.034482758620689655
2024-12-05,EOG,0.034482758620689655
2024-12-05,SIRI,0.034482758620689655
2024-12-05,HTZ,0.034482758620689655
2024-12-05,CCL,0.034482758620689655
2024-12-05,XRT,0.034482758620689655
2024-12-05,ILMN,0.034482758620689655
2024-12-05,D,0.034482758620689655
2024-12-05,LOW,0.034482758620689655
2024-12-05,HMC,0.034482758620689655
2024-12-05,OHI,0.034482758620689655
2024-12-05,SYK,0.034482758620689655
2024-12-05,XLE,0.034482758620689655
2024-12-05,VZ,0.034482758620689655
2024-12-06,MET,0.034482758620689655
2024-12-06,BAX,0.034482758620689655
2024-12-06,CF,0.034482758620689655
2024-12-06,XLP,0.034482758620689655
2024-12-06,WEN,0.034482758620689655
2024-12-06,AA,0.034482758620689655
2024-12-06,BUD,0.034482758620689655
2024-12-06,ICE,0.034482758620689655
2024-12-06,RRC,0.034482758620689655
2024-12-06,JNJ,0.034482758620689655
2024-12-06,KMB,0.034482758620689655
2024-12-06,EWC,0.034482758620689655
2024-12-06,BDX,0.034482758620689655
2024-12-06,EOG,0.034482758620689655
2024-12-06,HTZ,0.034482758620689655
2024-12-06,TRP,0.034482758620689655
2024-12-06,KO,0.034482758620689655
2024-12-06,D,0.034482758620689655
2024-12-06,NWSA,0.034482758620689655
2024-12-06,PCG,0.034482758620689655
2024-12-06,RF,0.034482758620689655
2024-12-06,HMC,0.034482758620689655
2024-12-06,CP,0.034482758620689655
2024-12-06,CLX,0.034482758620689655
2024-12-06,PRGO,0.034482758620689655
2024-12-06,OHI,0.034482758620689655
2024-12-06,XLE,0.034482758620689655
2024-12-06,ENB,0.034482758620689655
2024-12-06,VZ,0.034482758620689655
2024-12-09,MET,0.034482758620689655
2024-12-09,BAX,0.034482758620689655
2024-12-09,CF,0.034482758620689655
2024-12-09,DAL,0.034482758620689655
2024-12-09,AA,0.034482758620689655
2024-12-09,BUD,0.034482758620689655
2024-12-09,JNJ,0.034482758620689655
2024-12-09,KMB,0.034482758620689655
2024-12-09,NDAQ,0.034482758620689655
2024-12-09,HAS,0.034482758620689655
2024-12-09,TRV,0.034482758620689655
2024-12-09,VTR,0.034482758620689655
2024-12-09,EWC,0.034482758620689655
2024-12-09,BDX,0.034482758620689655
2024-12-09,CCL,0.034482758620689655
2024-12-09,KEY,0.034482758620689655
2024-12-09,WMB,0.034482758620689655
2024-12-09,TRP,0.034482758620689655
2024-12-09,KO,0.034482758620689655
2024-12-09,D,0.034482758620689655
2024-12-09,PCG,0.034482758620689655
2024-12-09,DUK,0.034482758620689655
2024-12-09,RF,0.034482758620689655
2024-12-09,HMC,0.034482758620689655
2024-12-09,OHI,0.034482758620689655
2024-12-09,BSX,0.034482758620689655
2024-12-09,XLE,0.034482758620689655
2024-12-09,ENB,0.034482758620689655
2024-12-09,VZ,0.034482758620689655
2024-12-10,MET,0.034482758620689655
2024-12-10,WEN,0.034482758620689655
2024-12-10,BUD,0.034482758620689655
2024-12-10,GREK,0.034482758620689655
2024-12-10,QCOM,0.034482758620689655
2024-12-10,JNJ,0.034482758620689655
2024-12-10,KMB,0.034482758620689655
2024-12-10,TRV,0.034482758620689655
2024-12-10,EWC,0.034482758620689655
2024-12-10,BDX,0.034482758620689655
2024-12-10,EOG,0.034482758620689655
2024-12-10,ORCL,0.034482758620689655
2024-12-10,CCL,0.034482758620689655
2024-12-10,TSM,0.034482758620689655
2024-12-10,KEY,0.034482758620689655
2024-12-10,WMB,0.034482758620689655
2024-12-10,TRP,0.034482758620689655
2024-12-10,D,0.034482758620689655
2024-12-10,NTAP,0.034482758620689655
2024-12-10,NWSA,0.034482758620689655
2024-12-10,PCG,0.034482758620689655
2024-12-10,DUK,0.034482758620689655
2024-12-10,RF,0.034482758620689655
2024-12-10,HMC,0.034482758620689655
2024-12-10,OHI,0.034482758620689655
2024-12-10,XLE,0.034482758620689655
2024-12-10,ENB,0.034482758620689655
2024-12-10,VZ,0.034482758620689655
2024-12-10,MRK,0.034482758620689655
2024-12-11,MET,0.034482758620689655
2024-12-11,PPG,0.034482758620689655
2024-12-11,XLP,0.034482758620689655
2024-12-11,WEN,0.034482758620689655
2024-12-11,BUD,0.034482758620689655
2024-12-11,NSC,0.034482758620689655
2024-12-11,GREK,0.034482758620689655
2024-12-11,JNJ,0.034482758620689655
2024-12-11,STI,0.034482758620689655
2024-12-11,KMB,0.034482758620689655
2024-12-11,HAS,0.034482758620689655
2024-12-11,TRV,0.034482758620689655
2024-12-11,VTR,0.034482758620689655
2024-12-11,BDX,0.034482758620689655
2024-12-11,ORCL,0.034482758620689655
2024-12-11,KEY,0.034482758620689655
2024-12-11,KO,0.034482758620689655
2024-12-11,D,0.034482758620689655
2024-12-11,LOW,0.034482758620689655
2024-12-11,PCG,0.034482758620689655
2024-12-11,DUK,0.034482758620689655
2024-12-11,HMC,0.034482758620689655
2024-12-11,CME,0.034482758620689655
2024-12-11,CLX,0.034482758620689655
2024-12-11,OHI,0.034482758620689655
2024-12-11,ENB,0.034482758620689655
2024-12-11,VZ,0.034482758620689655
2024-12-11,MRK,0.034482758620689655
2024-12-11,BMY,0.034482758620689655
2024-12-12,WEN,0.034482758620689655
2024-12-12,HYG,0.034482758620689655
2024-12-12,BUD,0.034482758620689655
2024-12-12,NSC,0.034482758620689655
2024-12-12,GREK,0.034482758620689655
2024-12-12,JNJ,0.034482758620689655
2024-12-12,STI,0.034482758620689655
2024-12-12,KMB,0.034482758620689655
2024-12-12,HAS,0.034482758620689655
2024-12-12,TRV,0.034482758620689655
2024-12-12,VTR,0.034482758620689655
2024-12-12,EWC,0.034482758620689655
2024-12-12,ORCL,0.034482758620689655
2024-12-12,KEY,0.034482758620689655
2024-12-12,ILMN,0.034482758620689655
2024-12-12,TRP,0.034482758620689655
2024-12-12,D,0.034482758620689655
2024-12-12,LOW,0.034482758620689655
2024-12-12,PCG,0.034482758620689655
2024-12-12,DUK,0.034482758620689655
2024-12-12,RF,0.034482758620689655
2024-12-12,HMC,0.034482758620689655
2024-12-12,CP,0.034482758620689655
2024-12-12,CLX,0.034482758620689655
2024-12-12,OHI,0.034482758620689655
2024-12-12,XLE,0.034482758620689655
2024-12-12,ENB,0.034482758620689655
2024-12-12,CAT,0.034482758620689655
2024-12-12,BMY,0.034482758620689655
2024-12-13,BAX,0.034482758620689655
2024-12-13,VWO,0.034482758620689655
2024-12-13,XLP,0.034482758620689655
2024-12-13,NVDA,0.034482758620689655
2024-12-13,WEN,0.034482758620689655
2024-12-13,HYG,0.034482758620689655
2024-12-13,BUD,0.034482758620689655
2024-12-13,NSC,0.034482758620689655
2024-12-13,GREK,0.034482758620689655
2024-12-13,JNJ,0.034482758620689655
2024-12-13,KMB,0.034482758620689655
2024-12-13,HAS,0.034482758620689655
2024-12-13,EWC,0.034482758620689655
2024-12-13,BDX,0.034482758620689655
2024-12-13,HTZ,0.034482758620689655
2024-12-13,ORCL,0.034482758620689655
2024-12-13,TRP,0.034482758620689655
2024-12-13,KO,0.034482758620689655
2024-12-13,D,0.034482758620689655
2024-12-13,NWSA,0.034482758620689655
2024-12-13,PCG,0.034482758620689655
2024-12-13,DUK,0.034482758620689655
2024-12-13,HMC,0.034482758620689655
2024-12-13,CP,0.034482758620689655
2024-12-13,CLX,0.034482758620689655
2024-12-13,OHI,0.034482758620689655
2024-12-13,XLE,0.034482758620689655
2024-12-13,ENB,0.034482758620689655
2024-12-13,BMY,0.034482758620689655
2024-12-16,PPG,0.034482758620689655
2024-12-16,CF,0.034482758620689655
2024-12-16,XLP,0.034482758620689655
2024-12-16,WEN,0.034482758620689655
2024-12-16,BUD,0.034482758620689655
2024-12-16,NSC,0.034482758620689655
2024-12-16,GREK,0.034482758620689655
2024-12-16,JNJ,0.034482758620689655
2024-12-16,HAS,0.034482758620689655
2024-12-16,DHI,0.034482758620689655
2024-12-16,EWC,0.034482758620689655
2024-12-16,BBT,0.034482758620689655
2024-12-16,EOG,0.034482758620689655
2024-12-16,HTZ,0.034482758620689655
2024-12-16,ORCL,0.034482758620689655
2024-12-16,ILMN,0.034482758620689655
2024-12-16,WMB,0.034482758620689655
2024-12-16,TRP,0.034482758620689655
2024-12-16,KO,0.034482758620689655
2024-12-16,D,0.034482758620689655
2024-12-16,HUM,0.034482758620689655
2024-12-16,LOW,0.034482758620689655
2024-12-16,PCG,0.034482758620689655
2024-12-16,DUK,0.034482758620689655
2024-12-16,HMC,0.034482758620689655
2024-12-16,CP,0.034482758620689655
2024-12-16,XLE,0.034482758620689655
2024-12-16,ENB,0.034482758620689655
2024-12-16,CAT,0.034482758620689655
2024-12-17,PPG,0.034482758620689655
2024-12-17,A,0.034482758620689655
2024-12-17,XLP,0.034482758620689655
2024-12-17,NVDA,0.034482758620689655
2024-12-17,HYG,0.034482758620689655
2024-12-17,BUD,0.034482758620689655
2024-12-17,ICE,0.034482758620689655
2024-12-17,GREK,0.034482758620689655
2024-12-17,HAS,0.034482758620689655
2024-12-17,TRV,0.034482758620689655
2024-12-17,EWC,0.034482758620689655
2024-12-17,BBT,0.034482758620689655
2024-12-17,BDX,0.034482758620689655
2024-12-17,EOG,0.034482758620689655
2024-12-17,EWI,0.034482758620689655
2024-12-17,KEY,0.034482758620689655
2024-12-17,WMB,0.034482758620689655
2024-12-17,HUM,0.034482758620689655
2024-12-17,NWSA,0.034482758620689655
2024-12-17,BX,0.034482758620689655
2024-12-17,PCG,0.034482758620689655
2024-12-17,RF,0.034482758620689655
2024-12-17,HMC,0.034482758620689655
2024-12-17,CP,0.034482758620689655
2024-12-17,CLX,0.034482758620689655
2024-12-17,XLE,0.034482758620689655
2024-12-17,ENB,0.034482758620689655
2024-12-17,VZ,0.034482758620689655
2024-12-17,CAT,0.034482758620689655
2024-12-18,A,0.034482758620689655
2024-12-18,BUD,0.034482758620689655
2024-12-18,ICE,0.034482758620689655
2024-12-18,GREK,0.034482758620689655
2024-12-18,NDAQ,0.034482758620689655
2024-12-18,TRV,0.034482758620689655
2024-12-18,DHI,0.034482758620689655
2024-12-18,EWC,0.034482758620689655
2024-12-18,BBT,0.034482758620689655
2024-12-18,WFC,0.034482758620689655
2024-12-18,EOG,0.034482758620689655
2024-12-18,CCL,0.034482758620689655
2024-12-18,MS,0.034482758620689655
2024-12-18,MAR,0.034482758620689655
2024-12-18,KEY,0.034482758620689655
2024-12-18,ILMN,0.034482758620689655
2024-12-18,WMB,0.034482758620689655
2024-12-18,NTAP,0.034482758620689655
2024-12-18,NWSA,0.034482758620689655
2024-12-18,BX,0.034482758620689655
2024-12-18,PCG,0.034482758620689655
2024-12-18,DUK,0.034482758620689655
2024-12-18,RF,0.034482758620689655
2024-12-18,HMC,0.034482758620689655
2024-12-18,CLX,0.034482758620689655
2024-12-18,SYK,0.034482758620689655
2024-12-18,XLE,0.034482758620689655
2024-12-18,COF,0.034482758620689655
2024-12-18,ENB,0.034482758620689655
2024-12-19,PPG,0.034482758620689655
2024-12-19,XLP,0.034482758620689655
2024-12-19,HYG,0.034482758620689655
2024-12-19,BUD,0.034482758620689655
2024-12-19,ICE,0.034482758620689655
2024-12-19,CAG,0.034482758620689655
2024-12-19,QCOM,0.034482758620689655
2024-12-19,JNJ,0.034482758620689655
2024-12-19,NDAQ,0.034482758620689655
2024-12-19,HAS,0.034482758620689655
2024-12-19,DPZ,0.034482758620689655
2024-12-19,DHI,0.034482758620689655
2024-12-19,EWC,0.034482758620689655
2024-12-19,BBT,0.034482758620689655
2024-12-19,BDX,0.034482758620689655
2024-12-19,EOG,0.034482758620689655
2024-12-19,MS,0.034482758620689655
2024-12-19,KEY,0.034482758620689655
2024-12-19,PVH,0.034482758620689655
2024-12-19,NWSA,0.034482758620689655
2024-12-19,BX,0.034482758620689655
2024-12-19,LOW,0.034482758620689655
2024-12-19,RF,0.034482758620689655
2024-12-19,HMC,0.034482758620689655
2024-12-19,CP,0.034482758620689655
2024-12-19,OHI,0.034482758620689655
2024-12-19,XLE,0.034482758620689655
2024-12-19,ENB,0.034482758620689655
2024-12-19,CAT,0.034482758620689655
2024-12-20,PPG,0.034482758620689655
2024-12-20,A,0.034482758620689655
2024-12-20,XLP,0.034482758620689655
2024-12-20,WEN,0.034482758620689655
2024-12-20,BUD,0.034482758620689655
2024-12-20,ICE,0.034482758620689655
2024-12-20,CAG,0.034482758620689655
2024-12-20,JNJ,0.034482758620689655
2024-12-20,KMB,0.034482758620689655
2024-12-20,NDAQ,0.034482758620689655
2024-12-20,HAS,0.034482758620689655
2024-12-20,DHI,0.034482758620689655
2024-12-20,EWC,0.034482758620689655
2024-12-20,BDX,0.034482758620689655
2024-12-20,TSM,0.034482758620689655
2024-12-20,KEY,0.034482758620689655
2024-12-20,ILMN,0.034482758620689655
2024-12-20,GOLD,0.034482758620689655
2024-12-20,KO,0.034482758620689655
2024-12-20,NWSA,0.034482758620689655
2024-12-20,LOW,0.034482758620689655
2024-12-20,RF,0.034482758620689655
2024-12-20,HMC,0.034482758620689655
2024-12-20,CP,0.034482758620689655
2024-12-20,OHI,0.034482758620689655
2024-12-20,BSX,0.034482758620689655
2024-12-20,M,0.034482758620689655
2024-12-20,VZ,0.034482758620689655
2024-12-20,MRK,0.034482758620689655
2024-12-23,PPG,0.034482758620689655
2024-12-23,BAX,0.034482758620689655
2024-12-23,A,0.034482758620689655
2024-12-23,XLP,0.034482758620689655
2024-12-23,WEN,0.034482758620689655
2024-12-23,HYG,0.034482758620689655
2024-12-23,BUD,0.034482758620689655
2024-12-23,SPWR,0.034482758620689655
2024-12-23,ICE,0.034482758620689655
2024-12-23,GREK,0.034482758620689655
2024-12-23,JNJ,0.034482758620689655
2024-12-23,KMB,0.034482758620689655
2024-12-23,HAS,0.034482758620689655
2024-12-23,EWC,0.034482758620689655
2024-12-23,BBT,0.034482758620689655
2024-12-23,BDX,0.034482758620689655
2024-12-23,EBAY,0.034482758620689655
2024-12-23,CCL,0.034482758620689655
2024-12-23,XRT,0.034482758620689655
2024-12-23,KEY,0.034482758620689655
2024-12-23,ILMN,0.034482758620689655
2024-12-23,KO,0.034482758620689655
2024-12-23,D,0.034482758620689655
2024-12-23,NTAP,0.034482758620689655
2024-12-23,RF,0.034482758620689655
2024-12-23,OHI,0.034482758620689655
2024-12-23,M,0.034482758620689655
2024-12-23,VZ,0.034482758620689655
2024-12-23,MRK,0.034482758620689655
