Date,Ticker,Trade_Weight,Direction
2023-05-31,MET,-0.02631578947368421,Sell
2023-05-31,EOG,0.02631578947368421,Buy
2023-05-31,QQQ,-0.02631578947368421,Sell
2023-05-31,EWI,0.02631578947368421,Buy
2023-05-31,ANF,-0.02631578947368421,Sell
2023-05-31,ORCL,-0.02631578947368421,Sell
2023-05-31,MNST,-0.02631578947368421,Sell
2023-05-31,DLTR,0.02631578947368421,Buy
2023-05-31,PPG,0.02631578947368421,Buy
2023-05-31,AMTD,-0.02631578947368421,Sell
2023-05-31,KEY,-0.02631578947368421,Sell
2023-05-31,ILMN,-0.02631578947368421,Sell
2023-05-31,GOLD,0.02631578947368421,Buy
2023-05-31,A,0.02631578947368421,Buy
2023-05-31,TRP,0.02631578947368421,Buy
2023-05-31,HP,-0.02631578947368421,Sell
2023-05-31,RL,0.02631578947368421,Buy
2023-05-31,HUM,-0.02631578947368421,Sell
2023-05-31,HYG,0.02631578947368421,Buy
2023-05-31,WSM,0.02631578947368421,Buy
2023-05-31,LOW,0.02631578947368421,Buy
2023-05-31,MRVL,-0.02631578947368421,Sell
2023-05-31,PCG,-0.02631578947368421,Sell
2023-05-31,NSC,0.02631578947368421,Buy
2023-05-31,RRC,-0.02631578947368421,Sell
2023-05-31,RF,-0.02631578947368421,Sell
2023-05-31,HMC,0.02631578947368421,Buy
2023-05-31,OHI,-0.02631578947368421,Sell
2023-05-31,CSIQ,-0.02631578947368421,Sell
2023-05-31,KMB,0.02631578947368421,Buy
2023-05-31,ENB,0.02631578947368421,Buy
2023-05-31,TRV,0.02631578947368421,Buy
2023-05-31,DPZ,0.02631578947368421,Buy
2023-05-31,ZUMZ,0.02631578947368421,Buy
2023-05-31,VTR,-0.02631578947368421,Sell
2023-05-31,VZ,-0.02631578947368421,Sell
2023-05-31,CAT,0.02631578947368421,Buy
2023-05-31,BBT,-0.02631578947368421,Sell
2023-06-01,MET,0.00044655299145750227,Buy
2023-06-01,MNST,0.0003379233668456792,Buy
2023-06-01,CNC,-0.02631578947368421,Sell
2023-06-01,PPG,-0.027061220616610652,Sell
2023-06-01,AMTD,0.027541635256185238,Buy
2023-06-01,A,-0.00013991019849613623,Sell
2023-06-01,HP,0.027037433491818547,Buy
2023-06-01,HOG,-0.02631578947368421,Sell
2023-06-01,NVDA,-0.02631578947368421,Sell
2023-06-01,WEN,-0.02631578947368421,Sell
2023-06-01,HYG,-0.02647951849924533,Sell
2023-06-01,NSC,-0.026830978203343542,Sell
2023-06-01,RRC,0.026052168210531863,Buy
2023-06-01,CAG,0.02631578947368421,Buy
2023-06-01,JNJ,0.02631578947368421,Buy
2023-06-01,STI,-0.02631578947368421,Sell
2023-06-01,KMB,6.29599490904742e-05,Buy
2023-06-01,HAS,-0.02631578947368421,Sell
2023-06-01,TRV,-0.0003260309885655052,Sell
2023-06-01,DPZ,-0.026940769786517743,Sell
2023-06-01,VTR,0.00024360862175645467,Buy
2023-06-01,DHI,-0.02631578947368421,Sell
2023-06-01,BBT,0.0004947479808634601,Buy
2023-06-01,EOG,-0.02653241585827466,Sell
2023-06-01,QQQ,0.0003097148025396519,Buy
2023-06-01,EWI,-0.02694222391404101,Sell
2023-06-01,ANF,0.025710692096950805,Buy
2023-06-01,ORCL,0.02633386136942329,Buy
2023-06-01,DLTR,0.001032534637381611,Buy
2023-06-01,CCL,-0.02631578947368421,Sell
2023-06-01,XRT,0.02631578947368421,Buy
2023-06-01,KEY,0.0007947256181960356,Buy
2023-06-01,ILMN,0.02664802989407477,Buy
2023-06-01,GOLD,-0.02679549139620331,Sell
2023-06-01,WMB,0.02631578947368421,Buy
2023-06-01,TRP,-0.026990631443230394,Sell
2023-06-01,D,0.02631578947368421,Buy
2023-06-01,PVH,0.02631578947368421,Buy
2023-06-01,RL,4.881969966938696e-05,Buy
2023-06-01,HUM,0.0007021430677419845,Buy
2023-06-01,NTAP,-0.02631578947368421,Sell
2023-06-01,WSM,-0.00010535910835004006,Sell
2023-06-01,LOW,-0.02668655878250155,Sell
2023-06-01,MRVL,0.0011801916665681068,Buy
2023-06-01,PCG,0.0257309919769455,Buy
2023-06-01,DUK,0.02631578947368421,Buy
2023-06-01,RF,0.0267686093189356,Buy
2023-06-01,HMC,-0.02671982660118692,Sell
2023-06-01,CME,0.02631578947368421,Buy
2023-06-01,CP,0.02631578947368421,Buy
2023-06-01,PRGO,0.02631578947368421,Buy
2023-06-01,OHI,0.026074203674106445,Buy
2023-06-01,SYK,0.02631578947368421,Buy
2023-06-01,CSIQ,0.025490235565051256,Buy
2023-06-01,XLE,0.02631578947368421,Buy
2023-06-01,ENB,-0.027084160757539236,Sell
2023-06-01,ZUMZ,-0.05203119648471857,Sell
2023-06-01,VZ,7.213256852488248e-05,Buy
2023-06-01,CAT,-0.0004303740695466747,Sell
2023-06-02,MET,0.0011924198406288791,Buy
2023-06-02,MNST,-9.972328369180564e-05,Sell
2023-06-02,CNC,0.026775555854235467,Buy
2023-06-02,BAX,0.02631578947368421,Buy
2023-06-02,A,-0.0002884635061267578,Sell
2023-06-02,HOG,0.0012787456909250094,Buy
2023-06-02,NVDA,0.025871735732615978,Buy
2023-06-02,WEN,0.026301907727922395,Buy
2023-06-02,AA,-0.02631578947368421,Sell
2023-06-02,BUD,0.02631578947368421,Buy
2023-06-02,CAG,-0.026702857812629207,Sell
2023-06-02,QCOM,0.02631578947368421,Buy
2023-06-02,JNJ,-0.026574564190122732,Sell
2023-06-02,STI,-0.0002269405351350215,Sell
2023-06-02,KMB,-0.026585132693715645,Sell
2023-06-02,HAS,-0.0001526133301818916,Sell
2023-06-02,TRV,-0.02674814438128464,Sell
2023-06-02,VTR,0.0009052080795992207,Buy
2023-06-02,DHI,0.0007011580979039943,Buy
2023-06-02,BBT,0.02811002581782771,Buy
2023-06-02,BDX,0.02631578947368421,Buy
2023-06-02,QQQ,4.3610023432089084e-05,Buy
2023-06-02,EWI,0.02631578947368421,Buy
2023-06-02,SIRI,0.02631578947368421,Buy
2023-06-02,DLTR,-0.02698102845302355,Sell
2023-06-02,CCL,0.0005759812168126856,Buy
2023-06-02,ALK,-0.02631578947368421,Sell
2023-06-02,MAR,-0.02631578947368421,Sell
2023-06-02,XRT,-0.0009905026344180674,Sell
2023-06-02,KEY,0.0279581527486011,Buy
2023-06-02,KGC,0.02631578947368421,Buy
2023-06-02,WMB,-0.027169793480099482,Sell
2023-06-02,KO,-0.02631578947368421,Sell
2023-06-02,D,-0.0002957101453394985,Sell
2023-06-02,PVH,0.00021313604249017723,Buy
2023-06-02,RL,-0.027763695148887192,Sell
2023-06-02,HUM,0.05276489486597489,Buy
2023-06-02,NTAP,0.02580687050791074,Buy
2023-06-02,WSM,-0.0009082393020845257,Sell
2023-06-02,LOW,0.02631578947368421,Buy
2023-06-02,MRVL,-0.0005465569960259979,Sell
2023-06-02,PCG,0.02631578947368421,Buy
2023-06-02,DUK,-0.026626345236987703,Sell
2023-06-02,NTES,0.02631578947368421,Buy
2023-06-02,HMC,-0.02631578947368421,Sell
2023-06-02,CME,-0.026930540755329527,Sell
2023-06-02,CP,-0.02698978547091011,Sell
2023-06-02,PRGO,-0.026922125161551683,Sell
2023-06-02,OHI,-0.02631578947368421,Sell
2023-06-02,SYK,0.00017796950254205315,Buy
2023-06-02,BSX,0.02631578947368421,Buy
2023-06-02,XLE,-0.0006436820779954361,Sell
2023-06-02,COF,-0.02631578947368421,Sell
2023-06-02,ENB,-0.02631578947368421,Sell
2023-06-02,ZUMZ,0.02577989470340301,Buy
2023-06-02,VZ,0.02532817848618853,Buy
2023-06-02,CAT,-0.05467643978348169,Sell
2023-06-05,MET,0.026106216132664718,Buy
2023-06-05,MNST,0.026167743448164565,Buy
2023-06-05,BAX,-0.0001524561599667816,Sell
2023-06-05,A,-0.02629377453988571,Sell
2023-06-05,CF,-0.02631578947368421,Sell
2023-06-05,HP,-0.02631578947368421,Sell
2023-06-05,HOG,0.025881345611142064,Buy
2023-06-05,DAL,-0.02631578947368421,Sell
2023-06-05,AA,-0.0009228902086938981,Sell
2023-06-05,BUD,0.00037172811434608294,Buy
2023-06-05,NSC,0.02631578947368421,Buy
2023-06-05,RRC,-0.02631578947368421,Sell
2023-06-05,GREK,0.02631578947368421,Buy
2023-06-05,QCOM,0.0007074063868551077,Buy
2023-06-05,STI,-1.0131185634205953e-06,Sell
2023-06-05,HAS,-0.00010778998958681923,Sell
2023-06-05,DPZ,0.02631578947368421,Buy
2023-06-05,VTR,0.025899537644387464,Buy
2023-06-05,DHI,-0.00019157177360666286,Sell
2023-06-05,EWC,0.02631578947368421,Buy
2023-06-05,BBT,-0.02631578947368421,Sell
2023-06-05,BDX,-0.00017858379748231581,Sell
2023-06-05,QQQ,-3.2389410181785094e-05,Sell
2023-06-05,EWI,0.00031542400724963657,Buy
2023-06-05,SIRI,-0.026411619125186855,Sell
2023-06-05,ORCL,-0.02631578947368421,Sell
2023-06-05,DLTR,0.02631578947368421,Buy
2023-06-05,CCL,0.00020786911962075022,Buy
2023-06-05,MS,0.02631578947368421,Buy
2023-06-05,ALK,0.026367443418310293,Buy
2023-06-05,MAR,0.02626489052316795,Buy
2023-06-05,XRT,0.0004394849265132138,Buy
2023-06-05,KGC,-0.02626489052316795,Sell
2023-06-05,GOLD,-0.02631578947368421,Sell
2023-06-05,KO,0.026088814377892136,Buy
2023-06-05,D,-0.026602028941795555,Sell
2023-06-05,ULTA,-0.02631578947368421,Sell
2023-06-05,PVH,0.00028093342104477254,Buy
2023-06-05,HUM,-0.026424263207282847,Sell
2023-06-05,WSM,0.00026134841665555186,Buy
2023-06-05,LOW,0.00043020489376136353,Buy
2023-06-05,MRVL,-0.000989245946912489,Sell
2023-06-05,PCG,-0.02654882817430477,Sell
2023-06-05,NTES,-0.02630128299965045,Sell
2023-06-05,RF,-0.02631578947368421,Sell
2023-06-05,HMC,0.00016212847909396338,Buy
2023-06-05,PRGO,0.02631578947368421,Buy
2023-06-05,OHI,0.026072471978460434,Buy
2023-06-05,SYK,8.298472399144441e-05,Buy
2023-06-05,CSIQ,-0.02631578947368421,Sell
2023-06-05,BSX,0.0002637744038594507,Buy
2023-06-05,XLE,0.000225117073656151,Buy
2023-06-05,COF,0.02591069636786837,Buy
2023-06-05,ENB,0.026180683501949128,Buy
2023-06-05,ZUMZ,-0.02631578947368421,Sell
2023-06-05,CAT,0.025782770431548262,Buy
2023-06-06,MNST,0.02631578947368421,Buy
2023-06-06,BAX,0.00033413570119539965,Buy
2023-06-06,CF,0.0012826068233086976,Buy
2023-06-06,HP,0.00021661857765516504,Buy
2023-06-06,HOG,-0.02631578947368421,Sell
2023-06-06,XLP,0.02631578947368421,Buy
2023-06-06,DAL,0.02680387753180348,Buy
2023-06-06,AA,0.027021560415326478,Buy
2023-06-06,BUD,-0.026785052704444503,Sell
2023-06-06,NSC,0.00016144615123947492,Buy
2023-06-06,RRC,0.02689755378455197,Buy
2023-06-06,CAG,0.02631578947368421,Buy
2023-06-06,GREK,-0.05348488365683085,Sell
2023-06-06,QCOM,-0.027270059470441175,Sell
2023-06-06,JNJ,0.02631578947368421,Buy
2023-06-06,STI,0.00012858824286712117,Buy
2023-06-06,HAS,0.0001256036857562072,Buy
2023-06-06,DPZ,-9.556494014157507e-05,Sell
2023-06-06,DHI,0.0010164326722459406,Buy
2023-06-06,EWC,-0.02665866575348165,Sell
2023-06-06,BBT,0.027616331339895762,Buy
2023-06-06,BDX,0.0002636301121479584,Buy
2023-06-06,WFC,-0.02631578947368421,Sell
2023-06-06,QQQ,9.908160105063027e-05,Buy
2023-06-06,EWI,-0.00035499287680172686,Sell
2023-06-06,ANF,-0.02631578947368421,Sell
2023-06-06,ORCL,0.026461336524197288,Buy
2023-06-06,DLTR,-0.026632326929953116,Sell
2023-06-06,CCL,0.0011130640197048285,Buy
2023-06-06,MS,-0.027088176549447476,Sell
2023-06-06,XRT,-0.02724437704085461,Sell
2023-06-06,KGC,0.02631578947368421,Buy
2023-06-06,GOLD,0.0009065656155778125,Buy
2023-06-06,KO,0.02631578947368421,Buy
2023-06-06,ULTA,-0.0001173430132903018,Sell
2023-06-06,PVH,-0.028414132709065155,Sell
2023-06-06,HUM,0.02631578947368421,Buy
2023-06-06,WSM,-0.027827795158494494,Sell
2023-06-06,NWSA,-0.02631578947368421,Sell
2023-06-06,LOW,-0.026467882382257935,Sell
2023-06-06,MRVL,0.0006088981655309744,Buy
2023-06-06,NTES,-0.02631578947368421,Sell
2023-06-06,RF,0.027176291961477177,Buy
2023-06-06,HMC,0.000891786736627237,Buy
2023-06-06,CME,0.02631578947368421,Buy
2023-06-06,CP,0.02631578947368421,Buy
2023-06-06,CLX,0.02631578947368421,Buy
2023-06-06,PRGO,-0.026835263236319604,Sell
2023-06-06,OHI,-0.02631578947368421,Sell
2023-06-06,SYK,3.047249779220343e-05,Buy
2023-06-06,CSIQ,0.026307194898740813,Buy
2023-06-06,BSX,0.0002716717420055796,Buy
2023-06-06,XLE,-0.02663236551756084,Sell
2023-06-06,COF,-0.02631578947368421,Sell
2023-06-06,ENB,0.02631578947368421,Buy
2023-06-06,ZUMZ,0.02829111155310742,Buy
2023-06-06,MRK,0.02631578947368421,Buy
2023-06-07,MNST,0.00047376662192845365,Buy
2023-06-07,BAX,-0.0009388716940543565,Sell
2023-06-07,CF,0.027170544237603157,Buy
2023-06-07,HP,0.028112425707412975,Buy
2023-06-07,HOG,0.001123202919129082,Buy
2023-06-07,XLP,-8.856450914479508e-05,Sell
2023-06-07,AA,-0.02631578947368421,Sell
2023-06-07,HYG,0.02631578947368421,Buy
2023-06-07,NSC,-0.027235540728860048,Sell
2023-06-07,RRC,-0.02631578947368421,Sell
2023-06-07,CAG,-5.8686765081091e-06,Sell
2023-06-07,GREK,0.00025105996135233247,Buy
2023-06-07,JNJ,-0.0002326378842078189,Sell
2023-06-07,STI,0.026541653043432464,Buy
2023-06-07,HAS,0.0007060531415621039,Buy
2023-06-07,DPZ,-0.00015967365382906287,Sell
2023-06-07,VTR,-0.02631578947368421,Sell
2023-06-07,DHI,0.02618811763979186,Buy
2023-06-07,BDX,-0.0003629033190994564,Sell
2023-06-07,WFC,0.02701154078036906,Buy
2023-06-07,QQQ,0.0260420374527537,Buy
2023-06-07,EWI,-0.02640678245175444,Sell
2023-06-07,ANF,0.053632851963482095,Buy
2023-06-07,CCL,0.0007150620749452052,Buy
2023-06-07,ALK,-0.02631578947368421,Sell
2023-06-07,XRT,-0.02631578947368421,Sell
2023-06-07,KEY,-0.02631578947368421,Sell
2023-06-07,KGC,0.0005905942176616143,Buy
2023-06-07,GOLD,0.0005735234425679504,Buy
2023-06-07,KO,-0.00013615835253147704,Sell
2023-06-07,ULTA,0.02636837854631811,Buy
2023-06-07,EW,0.02631578947368421,Buy
2023-06-07,HUM,0.00015757869469917515,Buy
2023-06-07,NWSA,0.0008467176166977834,Buy
2023-06-07,MRVL,0.00026080112028999125,Buy
2023-06-07,NTES,0.026503075777872743,Buy
2023-06-07,HMC,0.025810220782762433,Buy
2023-06-07,CME,8.297899851852572e-05,Buy
2023-06-07,CP,-0.05367096837229493,Sell
2023-06-07,CLX,0.000128349229866688,Buy
2023-06-07,PRGO,0.02631578947368421,Buy
2023-06-07,OHI,0.000700270433691929,Buy
2023-06-07,SYK,-0.026627506714536404,Sell
2023-06-07,BSX,-0.00019137638206720778,Sell
2023-06-07,M,-0.02631578947368421,Sell
2023-06-07,COF,0.026850948717998913,Buy
2023-06-07,ENB,-0.026646154582287657,Sell
2023-06-07,ZUMZ,-0.02631578947368421,Sell
2023-06-07,VZ,-0.02631578947368421,Sell
2023-06-07,CAT,-0.02631578947368421,Sell
2023-06-07,MRK,0.00016144343548075632,Buy
2023-06-07,BMY,0.02631578947368421,Buy
2023-06-08,MNST,-0.026420739959485837,Sell
2023-06-08,PPG,0.02631578947368421,Buy
2023-06-08,BAX,0.0006804661521057978,Buy
2023-06-08,VWO,0.02631578947368421,Buy
2023-06-08,CF,-0.02631578947368421,Sell
2023-06-08,HOG,0.02576898886984959,Buy
2023-06-08,XLP,-0.026311055253391086,Sell
2023-06-08,DAL,-0.02631578947368421,Sell
2023-06-08,AA,0.02630143588697662,Buy
2023-06-08,HYG,-0.02629684954797203,Sell
2023-06-08,RRC,0.0260768559813541,Buy
2023-06-08,CAG,-9.150329066810389e-05,Sell
2023-06-08,GREK,8.248985421659832e-05,Buy
2023-06-08,JNJ,-0.026418248130011108,Sell
2023-06-08,STI,0.02631578947368421,Buy
2023-06-08,HAS,-0.00020574774686924965,Sell
2023-06-08,TRV,0.02631578947368421,Buy
2023-06-08,DPZ,-0.052652699001834696,Sell
2023-06-08,VTR,-0.001113818966799924,Sell
2023-06-08,EWC,0.02631578947368421,Buy
2023-06-08,BBT,-0.02631578947368421,Sell
2023-06-08,BDX,0.0003736156287410357,Buy
2023-06-08,MU,0.02631578947368421,Buy
2023-06-08,WFC,-0.02631578947368421,Sell
2023-06-08,QQQ,-0.02631578947368421,Sell
2023-06-08,SIRI,-0.02631578947368421,Sell
2023-06-08,ANF,-0.053376319719392946,Sell
2023-06-08,ORCL,-0.02631578947368421,Sell
2023-06-08,CCL,0.02556987668187423,Buy
2023-06-08,ALK,-2.7674203733701885e-05,Sell
2023-06-08,XRT,0.026462025715729472,Buy
2023-06-08,KEY,-0.0002792309811219182,Sell
2023-06-08,KGC,-0.026798595681887503,Sell
2023-06-08,GOLD,0.02615557795732881,Buy
2023-06-08,KO,-0.02619649795024636,Sell
2023-06-08,D,0.02631578947368421,Buy
2023-06-08,EW,3.412556705871886e-05,Buy
2023-06-08,HUM,-0.026397545498722863,Sell
2023-06-08,NTAP,0.02631578947368421,Buy
2023-06-08,WSM,0.02631578947368421,Buy
2023-06-08,NWSA,0.025822088492461866,Buy
2023-06-08,LOW,0.02631578947368421,Buy
2023-06-08,MRVL,-1.2602496079663905e-05,Sell
2023-06-08,PCG,0.02631578947368421,Buy
2023-06-08,RF,-0.02631578947368421,Sell
2023-06-08,CME,-0.026707470076062858,Sell
2023-06-08,CP,0.025718878643680915,Buy
2023-06-08,CLX,-0.026241435930084215,Sell
2023-06-08,PRGO,0.0002386219138601764,Buy
2023-06-08,OHI,-0.00019282991414137224,Sell
2023-06-08,SYK,0.02631578947368421,Buy
2023-06-08,BSX,-0.026322114821330022,Sell
2023-06-08,M,-0.0004906659937945756,Sell
2023-06-08,ENB,0.02631578947368421,Buy
2023-06-08,ZUMZ,-0.0013778776472402991,Sell
2023-06-08,VZ,0.026257401535216895,Buy
2023-06-08,CAT,0.02600938367196704,Buy
2023-06-08,MRK,-0.026542829693986403,Sell
2023-06-08,BMY,0.00012422861213623806,Buy
2023-06-09,MNST,0.02631578947368421,Buy
2023-06-09,PPG,0.00034414839758666396,Buy
2023-06-09,BAX,-0.02665061490905277,Sell
2023-06-09,VWO,-0.026321429533365186,Sell
2023-06-09,CF,0.026488289309924588,Buy
2023-06-09,HP,-0.02631578947368421,Sell
2023-06-09,DAL,0.02636466470062996,Buy
2023-06-09,AA,-0.02631578947368421,Sell
2023-06-09,NSC,0.02631578947368421,Buy
2023-06-09,CAG,0.00012616199624462462,Buy
2023-06-09,GREK,1.5875359525460014e-05,Buy
2023-06-09,JNJ,0.02631578947368421,Buy
2023-06-09,STI,0.00010249275389288132,Buy
2023-06-09,HAS,0.02590680491840662,Buy
2023-06-09,TRV,-3.8332270185001405e-05,Sell
2023-06-09,DPZ,-0.00022540269824299422,Sell
2023-06-09,VTR,0.0005097792983713989,Buy
2023-06-09,EWC,-0.0262198144213926,Sell
2023-06-09,BBT,-0.0003711232055760953,Sell
2023-06-09,BDX,-0.026460992312387025,Sell
2023-06-09,MU,-0.02629477637251875,Sell
2023-06-09,WFC,0.026101871044035687,Buy
2023-06-09,QQQ,0.026350914001745846,Buy
2023-06-09,EWI,0.02631578947368421,Buy
2023-06-09,SIRI,0.025776973162416155,Buy
2023-06-09,ANF,-0.0005984952816547248,Sell
2023-06-09,ORCL,0.0005136144170292574,Buy
2023-06-09,CCL,-0.02631578947368421,Sell
2023-06-09,TSM,-0.02631578947368421,Sell
2023-06-09,ALK,0.026250566809914253,Buy
2023-06-09,KEY,-0.000782447803889294,Sell
2023-06-09,KGC,-0.02631578947368421,Sell
2023-06-09,WMB,0.02631578947368421,Buy
2023-06-09,D,0.00016373626899132687,Buy
2023-06-09,EW,-0.02629433840795365,Sell
2023-06-09,HUM,-0.02631578947368421,Sell
2023-06-09,NTAP,-0.026019151579285558,Sell
2023-06-09,WSM,-0.026125723444978523,Sell
2023-06-09,LOW,0.0002323598208192508,Buy
2023-06-09,MRVL,6.22447143389486e-05,Buy
2023-06-09,PCG,0.00025053103278226477,Buy
2023-06-09,DUK,0.02631578947368421,Buy
2023-06-09,RF,-0.00019251372885308385,Sell
2023-06-09,HMC,-0.02631578947368421,Sell
2023-06-09,CME,0.02631578947368421,Buy
2023-06-09,CP,0.02631578947368421,Buy
2023-06-09,CLX,0.02631578947368421,Buy
2023-06-09,PRGO,-0.02605553916218853,Sell
2023-06-09,OHI,0.00012173479179058977,Buy
2023-06-09,SYK,-0.026617625542460516,Sell
2023-06-09,CSIQ,-0.02631578947368421,Sell
2023-06-09,XLE,0.02631578947368421,Buy
2023-06-09,M,-0.000655119695909593,Sell
2023-06-09,ENB,0.0002575322442180464,Buy
2023-06-09,ZUMZ,0.024299957450751374,Buy
2023-06-09,BMY,0.00027020490521375423,Buy
2023-06-12,MNST,-0.05310983552096871,Sell
2023-06-12,PPG,-0.02654936609283373,Sell
2023-06-12,BAX,-0.02631578947368421,Sell
2023-06-12,HP,0.025605720436185423,Buy
2023-06-12,WEN,0.02631578947368421,Buy
2023-06-12,DAL,-0.02631578947368421,Sell
2023-06-12,AA,0.026308228494807386,Buy
2023-06-12,NSC,-0.026459266686622386,Sell
2023-06-12,ICE,0.02631578947368421,Buy
2023-06-12,RRC,-0.02631578947368421,Sell
2023-06-12,CAG,-0.00012665336257983162,Sell
2023-06-12,GREK,0.026666641797755283,Buy
2023-06-12,JNJ,-0.026470463416582747,Sell
2023-06-12,STI,-0.026639320989246606,Sell
2023-06-12,KMB,0.02631578947368421,Buy
2023-06-12,NDAQ,-0.02631578947368421,Sell
2023-06-12,HAS,-0.02631578947368421,Sell
2023-06-12,TRV,-4.7680571381564923e-05,Sell
2023-06-12,DPZ,0.00050968853777697,Buy
2023-06-12,VTR,0.026691450009766388,Buy
2023-06-12,DHI,-0.02631578947368421,Sell
2023-06-12,BBT,0.02629203644573596,Buy
2023-06-12,BDX,0.02631578947368421,Buy
2023-06-12,MU,-0.02631578947368421,Sell
2023-06-12,EBAY,0.02631578947368421,Buy
2023-06-12,EOG,0.02631578947368421,Buy
2023-06-12,QQQ,-0.02631578947368421,Sell
2023-06-12,EWI,-0.026681383936250216,Sell
2023-06-12,ANF,0.0002889259236604526,Buy
2023-06-12,ORCL,0.0017595516328992276,Buy
2023-06-12,CCL,0.0034713228988350713,Buy
2023-06-12,TSM,0.0012705633902388713,Buy
2023-06-12,ALK,-0.02631578947368421,Sell
2023-06-12,KEY,0.025347777040573928,Buy
2023-06-12,KGC,0.02643406334003875,Buy
2023-06-12,WMB,-0.00032105817686892135,Sell
2023-06-12,KO,0.02631578947368421,Buy
2023-06-12,D,-0.02619429918468144,Sell
2023-06-12,HUM,0.026482995562537935,Buy
2023-06-12,LOW,-0.027025742287669845,Sell
2023-06-12,MRVL,0.0010733519142646815,Buy
2023-06-12,PCG,-0.00026704280902272587,Sell
2023-06-12,DUK,-0.026451044908234234,Sell
2023-06-12,RF,0.02614448475232175,Buy
2023-06-12,HMC,0.00044001129068747466,Buy
2023-06-12,CME,0.0006138638814292448,Buy
2023-06-12,CP,-0.02646788482434933,Sell
2023-06-12,CLX,-1.7325412719846472e-05,Sell
2023-06-12,OHI,0.026360954033208876,Buy
2023-06-12,SYK,0.02631578947368421,Buy
2023-06-12,CSIQ,0.02640429401602208,Buy
2023-06-12,BSX,0.02631578947368421,Buy
2023-06-12,XLE,8.115513452814846e-05,Buy
2023-06-12,M,0.0009340535579472342,Buy
2023-06-12,ENB,0.00013430893583640802,Buy
2023-06-12,ZUMZ,-0.02631578947368421,Sell
2023-06-12,VZ,0.02631578947368421,Buy
2023-06-12,MRK,0.02631578947368421,Buy
2023-06-12,BMY,-0.026472323359398517,Sell
2023-06-13,MET,-0.02631578947368421,Sell
2023-06-13,MNST,0.026600387789816316,Buy
2023-06-13,BAX,0.026948080365058,Buy
2023-06-13,WEN,-5.332670179845553e-05,Sell
2023-06-13,DAL,0.0010568849005215784,Buy
2023-06-13,AA,-0.02631578947368421,Sell
2023-06-13,ICE,-0.026596511153008425,Sell
2023-06-13,RRC,0.02627364439645845,Buy
2023-06-13,CAG,-0.026608092205310883,Sell
2023-06-13,STI,0.02631578947368421,Buy
2023-06-13,KMB,-0.00012183233230774956,Sell
2023-06-13,NDAQ,0.026508085203525017,Buy
2023-06-13,HAS,0.0006282893120283968,Buy
2023-06-13,TRV,-0.0003656756366737339,Sell
2023-06-13,DPZ,0.026479576592867645,Buy
2023-06-13,DHI,0.026413060178150722,Buy
2023-06-13,BDX,-0.0002445777994927109,Sell
2023-06-13,MU,0.0003260195507249347,Buy
2023-06-13,EBAY,-0.0003958775819746657,Sell
2023-06-13,WFC,-0.02631578947368421,Sell
2023-06-13,EOG,0.00011775591195798199,Buy
2023-06-13,QQQ,0.00036459478461586814,Buy
2023-06-13,SIRI,-0.02631578947368421,Sell
2023-06-13,ANF,0.000623094996537156,Buy
2023-06-13,ORCL,0.0002180063618201812,Buy
2023-06-13,CCL,0.0012763485344543662,Buy
2023-06-13,TSM,9.684819224501859e-05,Buy
2023-06-13,ALK,0.0008233412047361777,Buy
2023-06-13,KGC,0.02631578947368421,Buy
2023-06-13,WMB,-9.184231543683113e-05,Sell
2023-06-13,TRP,0.02631578947368421,Buy
2023-06-13,KO,-0.02658248311095615,Sell
2023-06-13,HUM,0.02631578947368421,Buy
2023-06-13,NTAP,-0.02631578947368421,Sell
2023-06-13,NWSA,-0.02631578947368421,Sell
2023-06-13,MRVL,0.0005878553724995642,Buy
2023-06-13,PCG,-0.0001924086967402365,Sell
2023-06-13,DUK,0.02631578947368421,Buy
2023-06-13,HMC,0.0008092192928583798,Buy
2023-06-13,CME,7.653322884224739e-05,Buy
2023-06-13,CLX,-0.0002682574347328201,Sell
2023-06-13,SYK,-0.0003333040567759758,Sell
2023-06-13,BSX,-0.00014046624167665667,Sell
2023-06-13,XLE,-0.00028605460077388636,Sell
2023-06-13,M,0.026887818381370856,Buy
2023-06-13,ENB,-0.00016821105201566058,Sell
2023-06-13,ZUMZ,0.0006827762699971596,Buy
2023-06-13,VZ,-0.026380283595694682,Sell
2023-06-13,CAT,-0.02631578947368421,Sell
2023-06-13,MRK,-0.026508273041735718,Sell
2023-06-14,MET,0.025802045515701196,Buy
2023-06-14,HP,0.02631578947368421,Buy
2023-06-14,WEN,-0.02634244939666786,Sell
2023-06-14,DAL,0.00047466542746676943,Buy
2023-06-14,AA,-0.0003352580773542009,Sell
2023-06-14,STI,0.00012455261278173507,Buy
2023-06-14,KMB,-0.00020415439588527748,Sell
2023-06-14,NDAQ,0.02631578947368421,Buy
2023-06-14,HAS,0.02598743939615645,Buy
2023-06-14,TRV,0.00031048073345664104,Buy
2023-06-14,BBT,-0.02631578947368421,Sell
2023-06-14,BDX,-0.0265824332802158,Sell
2023-06-14,MU,0.0005606648737313605,Buy
2023-06-14,EBAY,0.0001862665098836709,Buy
2023-06-14,WFC,0.026037711247323212,Buy
2023-06-14,EOG,0.00040532907499681026,Buy
2023-06-14,QQQ,0.0002664159070511381,Buy
2023-06-14,SIRI,-0.00033880936433719824,Sell
2023-06-14,ANF,0.0005271554391668397,Buy
2023-06-14,ORCL,0.0013389490626663468,Buy
2023-06-14,CCL,0.0005219165523814989,Buy
2023-06-14,TSM,0.00022535490916842857,Buy
2023-06-14,ALK,-0.0001227111523998646,Sell
2023-06-14,KEY,-0.02631578947368421,Sell
2023-06-14,ILMN,0.02631578947368421,Buy
2023-06-14,KGC,-2.0318307429167265e-05,Sell
2023-06-14,GOLD,0.02631578947368421,Buy
2023-06-14,WMB,0.00016781222393552966,Buy
2023-06-14,TRP,-2.301671490898688e-05,Sell
2023-06-14,HUM,-0.04973938372576913,Sell
2023-06-14,NTAP,0.026404811747635034,Buy
2023-06-14,NWSA,0.02618646244149449,Buy
2023-06-14,MRVL,3.6948809620709205e-05,Buy
2023-06-14,PCG,-0.0005103141997144581,Sell
2023-06-14,DUK,-0.00010079224522040534,Sell
2023-06-14,RF,-0.02631578947368421,Sell
2023-06-14,HMC,0.0006304715309205164,Buy
2023-06-14,CME,-0.026950175661390033,Sell
2023-06-14,CLX,0.000335488485828022,Buy
2023-06-14,OHI,-0.02631578947368421,Sell
2023-06-14,SYK,-0.02749851218134896,Sell
2023-06-14,BSX,-0.05381525751509604,Sell
2023-06-14,XLE,0.00019603635619239168,Buy
2023-06-14,ENB,0.00038268488825659447,Buy
2023-06-14,ZUMZ,-0.0006462367250001343,Sell
2023-06-14,CAT,0.02616246283568072,Buy
2023-06-14,MRK,0.02631578947368421,Buy
2023-06-14,BMY,0.02631578947368421,Buy
2023-06-15,MET,-0.02631578947368421,Sell
2023-06-15,CNC,0.02631578947368421,Buy
2023-06-15,PPG,0.02631578947368421,Buy
2023-06-15,CF,-0.02631578947368421,Sell
2023-06-15,HP,-0.027244666779968573,Sell
2023-06-15,DAL,0.00043966772756052,Buy
2023-06-15,AA,-0.00010744932732383028,Sell
2023-06-15,NSC,-0.02631578947368421,Sell
2023-06-15,RRC,-0.02631578947368421,Sell
2023-06-15,CAG,0.02631578947368421,Buy
2023-06-15,STI,-3.415182222493707e-05,Sell
2023-06-15,KMB,-0.026558711643455798,Sell
2023-06-15,NDAQ,-0.0006964494591561593,Sell
2023-06-15,TRV,-0.0003762072595693833,Sell
2023-06-15,DPZ,-0.02631578947368421,Sell
2023-06-15,VTR,0.02631578947368421,Buy
2023-06-15,DHI,-0.02631578947368421,Sell
2023-06-15,BBT,0.026832299987332952,Buy
2023-06-15,BDX,0.02631578947368421,Buy
2023-06-15,MU,-0.00010512651587475316,Sell
2023-06-15,EBAY,-0.026646163940351728,Sell
2023-06-15,WFC,-0.02631578947368421,Sell
2023-06-15,EOG,-0.000254131415731898,Sell
2023-06-15,QQQ,0.0003228124464109243,Buy
2023-06-15,SIRI,0.02674388477132328,Buy
2023-06-15,ANF,0.0004899159008737684,Buy
2023-06-15,ORCL,0.0009306218475188602,Buy
2023-06-15,DLTR,0.02631578947368421,Buy
2023-06-15,CCL,0.0008866260406142842,Buy
2023-06-15,TSM,0.025886344525217694,Buy
2023-06-15,ALK,-4.30616270791391e-05,Sell
2023-06-15,MAR,0.02631578947368421,Buy
2023-06-15,KEY,0.05309229491734041,Buy
2023-06-15,ILMN,-0.026980341836479318,Sell
2023-06-15,KGC,-0.00011768327501865752,Sell
2023-06-15,GOLD,0.0005406392328831597,Buy
2023-06-15,WMB,-0.026647444954808728,Sell
2023-06-15,TRP,-0.02657636552308857,Sell
2023-06-15,KO,-0.02631578947368421,Sell
2023-06-15,HUM,0.05315273732993496,Buy
2023-06-15,MRVL,-0.0003797248278980432,Sell
2023-06-15,PCG,-2.4394965078600866e-05,Sell
2023-06-15,DUK,-0.026568319242849765,Sell
2023-06-15,RF,0.026778036314458544,Buy
2023-06-15,HMC,0.02593587836831112,Buy
2023-06-15,CME,0.02631578947368421,Buy
2023-06-15,CLX,-0.00018356018687121223,Sell
2023-06-15,PRGO,-0.02631578947368421,Sell
2023-06-15,OHI,0.026316477691255547,Buy
2023-06-15,BSX,0.02665576822227276,Buy
2023-06-15,XLE,-0.026614136218476248,Sell
2023-06-15,ENB,-0.026603441707061415,Sell
2023-06-15,ZUMZ,0.027298578852005415,Buy
2023-06-15,MT,-0.02631578947368421,Sell
2023-06-15,MRK,-0.00018840547618559356,Sell
2023-06-15,BMY,-0.02653416847524161,Sell
2023-06-16,MET,0.00019430847160238976,Buy
2023-06-16,CNC,0.00015139738132870229,Buy
2023-06-16,PPG,-0.02668526390713459,Sell
2023-06-16,CF,0.026795095730644362,Buy
2023-06-16,DAL,-2.3397698975091002e-05,Sell
2023-06-16,AA,-0.0002244632871629404,Sell
2023-06-16,NSC,0.00013101857105567508,Buy
2023-06-16,RRC,0.0007540158683186464,Buy
2023-06-16,CAG,8.169351056905305e-05,Buy
2023-06-16,STI,-3.1904411802521904e-05,Sell
2023-06-16,NDAQ,0.0004973658725607039,Buy
2023-06-16,TRV,-0.0001486878957052927,Sell
2023-06-16,DPZ,0.026829377012288547,Buy
2023-06-16,VTR,-0.026319137253389625,Sell
2023-06-16,DHI,0.00025791929260386703,Buy
2023-06-16,BDX,-0.026601752896861276,Sell
2023-06-16,MU,0.02590359107216221,Buy
2023-06-16,EBAY,0.02631578947368421,Buy
2023-06-16,WFC,0.026235739381085966,Buy
2023-06-16,EOG,-0.026751049306420915,Sell
2023-06-16,QQQ,-0.00013390328332999954,Sell
2023-06-16,SIRI,-0.02631578947368421,Sell
2023-06-16,ANF,-8.442083119115235e-05,Sell
2023-06-16,ORCL,-0.00019503924250359808,Sell
2023-06-16,DLTR,0.0003906028950234029,Buy
2023-06-16,CCL,-0.0004911280772133889,Sell
2023-06-16,TSM,-0.02631578947368421,Sell
2023-06-16,ALK,0.026389564430580943,Buy
2023-06-16,MAR,-0.026299975421156477,Sell
2023-06-16,KEY,-0.025955617038586315,Sell
2023-06-16,KGC,-8.600450872376861e-05,Sell
2023-06-16,GOLD,5.567951396516155e-05,Buy
2023-06-16,KO,0.026537030950939337,Buy
2023-06-16,ULTA,0.02631578947368421,Buy
2023-06-16,HUM,0.0010018939374787199,Buy
2023-06-16,NTAP,-0.02631578947368421,Sell
2023-06-16,WSM,0.02631578947368421,Buy
2023-06-16,TRIP,-0.02631578947368421,Sell
2023-06-16,MRVL,-0.00035462413682401175,Sell
2023-06-16,PCG,-0.00026101941944961515,Sell
2023-06-16,RF,0.02631578947368421,Buy
2023-06-16,HMC,0.02631578947368421,Buy
2023-06-16,CME,-0.000305183099120563,Sell
2023-06-16,CLX,-0.00030054434454727594,Sell
2023-06-16,PRGO,0.026317095374433483,Buy
2023-06-16,SYK,0.02631578947368421,Buy
2023-06-16,CSIQ,-0.02631578947368421,Sell
2023-06-16,M,-0.02631578947368421,Sell
2023-06-16,ZUMZ,-0.02631578947368421,Sell
2023-06-16,MT,3.826935149501415e-06,Buy
2023-06-16,MRK,-1.2633680420356952e-05,Sell
2023-06-20,MET,-0.000509279545258947,Sell
2023-06-20,CNC,-0.02637440827662748,Sell
2023-06-20,AMTD,-0.02631578947368421,Sell
2023-06-20,A,0.02631578947368421,Buy
2023-06-20,CF,-0.02631578947368421,Sell
2023-06-20,HP,-0.02631578947368421,Sell
2023-06-20,HOG,-0.02631578947368421,Sell
2023-06-20,XLP,0.02631578947368421,Buy
2023-06-20,DAL,0.026080066036991957,Buy
2023-06-20,AA,-0.0010779301329755658,Sell
2023-06-20,NSC,0.025832038874161568,Buy
2023-06-20,RRC,4.6810868499395225e-05,Buy
2023-06-20,CAG,0.0003487568865805056,Buy
2023-06-20,STI,-4.491990669427265e-06,Sell
2023-06-20,KMB,0.02631578947368421,Buy
2023-06-20,NDAQ,-0.026475538710907444,Sell
2023-06-20,TRV,0.0002222717846300168,Buy
2023-06-20,DHI,0.0003879257587539528,Buy
2023-06-20,EBAY,-0.026142121087710322,Sell
2023-06-20,EOG,0.02631578947368421,Buy
2023-06-20,QQQ,-8.300847836434713e-05,Sell
2023-06-20,SIRI,0.02500353844220063,Buy
2023-06-20,ANF,7.109398772144407e-05,Buy
2023-06-20,ORCL,-0.0007615224262406337,Sell
2023-06-20,DLTR,-0.026332096506872356,Sell
2023-06-20,CCL,0.00012086121392708774,Buy
2023-06-20,TSM,-0.00019362633413617242,Sell
2023-06-20,MS,0.02631578947368421,Buy
2023-06-20,MAR,0.02631578947368421,Buy
2023-06-20,KGC,0.001337389344148985,Buy
2023-06-20,GOLD,-0.026847191600051723,Sell
2023-06-20,ULTA,9.349855558938094e-05,Buy
2023-06-20,HUM,-0.052648661934352844,Sell
2023-06-20,NTAP,0.025726397662812078,Buy
2023-06-20,WSM,0.0006692818940233457,Buy
2023-06-20,NWSA,0.02631578947368421,Buy
2023-06-20,TRIP,0.025847678656344866,Buy
2023-06-20,MRVL,-0.0001700492767150799,Sell
2023-06-20,PCG,0.0008455969451100845,Buy
2023-06-20,DUK,0.02631578947368421,Buy
2023-06-20,NTES,0.02631578947368421,Buy
2023-06-20,RF,-0.02590792976124351,Sell
2023-06-20,HMC,0.0007583612491698921,Buy
2023-06-20,CME,0.00024802183336539163,Buy
2023-06-20,CLX,0.0002249670484781481,Buy
2023-06-20,SYK,-0.026578300311008444,Sell
2023-06-20,CSIQ,0.024630076817770633,Buy
2023-06-20,XLE,-0.02631578947368421,Sell
2023-06-20,M,-0.00019457557311563373,Sell
2023-06-20,ZUMZ,0.002029522376581931,Buy
2023-06-20,MT,-0.0008955514743197793,Sell
2023-06-20,MRK,-0.02648906936983998,Sell
2023-06-21,MET,-2.264975625387161e-05,Sell
2023-06-21,AMTD,-0.00020343387489502388,Sell
2023-06-21,BAX,0.02631578947368421,Buy
2023-06-21,CF,0.0003877428908336186,Buy
2023-06-21,HP,0.00014138918054491106,Buy
2023-06-21,HOG,7.118442829361776e-05,Buy
2023-06-21,XLP,-0.02637153394883641,Sell
2023-06-21,WEN,0.02631578947368421,Buy
2023-06-21,DAL,-0.02631578947368421,Sell
2023-06-21,AA,0.02680855085519266,Buy
2023-06-21,HYG,0.02631578947368421,Buy
2023-06-21,ICE,0.02631578947368421,Buy
2023-06-21,RRC,0.0003397367682032061,Buy
2023-06-21,CAG,-7.800391198272902e-05,Sell
2023-06-21,QCOM,0.02631578947368421,Buy
2023-06-21,JNJ,0.02631578947368421,Buy
2023-06-21,STI,-0.05269409911318385,Sell
2023-06-21,KMB,-0.026617777134907927,Sell
2023-06-21,HAS,0.02631578947368421,Buy
2023-06-21,TRV,7.753183437817987e-05,Buy
2023-06-21,DPZ,0.02631578947368421,Buy
2023-06-21,DHI,0.00010502090187282029,Buy
2023-06-21,EOG,-0.026407292060627825,Sell
2023-06-21,QQQ,0.05223634507117218,Buy
2023-06-21,ANF,0.00044147038488723256,Buy
2023-06-21,ORCL,-2.4195414892104472e-05,Sell
2023-06-21,CCL,-5.3638947575328916e-05,Sell
2023-06-21,TSM,0.025687288013688185,Buy
2023-06-21,MS,0.00015528659128059494,Buy
2023-06-21,MAR,-0.026630991979428077,Sell
2023-06-21,KEY,-0.02631578947368421,Sell
2023-06-21,ILMN,0.02631578947368421,Buy
2023-06-21,KGC,-7.615706233363856e-05,Sell
2023-06-21,ULTA,-0.00014509489697574207,Sell
2023-06-21,HUM,0.00031584292180122236,Buy
2023-06-21,WSM,0.00019044867929264922,Buy
2023-06-21,NWSA,-0.05284224893383316,Sell
2023-06-21,BX,0.02631578947368421,Buy
2023-06-21,MRVL,0.025423308125882487,Buy
2023-06-21,PCG,-0.026917340158418117,Sell
2023-06-21,DUK,-0.02648092936030688,Sell
2023-06-21,NTES,-0.026204181218260562,Sell
2023-06-21,HMC,-0.02683926319627877,Sell
2023-06-21,CME,-0.052437680025071515,Sell
2023-06-21,CLX,-0.026410511047288244,Sell
2023-06-21,PRGO,0.02631578947368421,Buy
2023-06-21,XLE,0.0001708143990487021,Buy
2023-06-21,M,-0.0005540151854864055,Sell
2023-06-21,ZUMZ,0.027064860987522952,Buy
2023-06-21,MT,-5.642821155864286e-05,Sell
2023-06-22,MET,-0.0004510885476490048,Sell
2023-06-22,PPG,0.02631578947368421,Buy
2023-06-22,AMTD,-0.0007871482309986383,Sell
2023-06-22,BAX,-0.00011979540701625296,Sell
2023-06-22,A,-0.02627353427845091,Sell
2023-06-22,CF,0.02559243868738154,Buy
2023-06-22,HP,-0.0005731161101238114,Sell
2023-06-22,HOG,-0.0004422909099119597,Sell
2023-06-22,WEN,0.0003891910799903933,Buy
2023-06-22,DAL,-2.7903374190254432e-05,Sell
2023-06-22,AA,-0.02631578947368421,Sell
2023-06-22,HYG,0.00019705476648759074,Buy
2023-06-22,ICE,0.0002422349226339146,Buy
2023-06-22,RRC,0.02598829314248031,Buy
2023-06-22,CAG,-0.026196056041326465,Sell
2023-06-22,QCOM,-2.509570701948391e-05,Sell
2023-06-22,JNJ,-0.026474180299637044,Sell
2023-06-22,STI,0.052511845515010674,Buy
2023-06-22,HAS,-0.026226519346698233,Sell
2023-06-22,TRV,0.0001615750857547997,Buy
2023-06-22,DPZ,-0.026028235541600435,Sell
2023-06-22,VTR,0.02631578947368421,Buy
2023-06-22,DHI,2.781157218326169e-05,Buy
2023-06-22,BBT,-0.02631578947368421,Sell
2023-06-22,EBAY,0.02631578947368421,Buy
2023-06-22,EOG,0.02631578947368421,Buy
2023-06-22,QQQ,-0.05282092788508467,Sell
2023-06-22,ANF,0.00010034009289404053,Buy
2023-06-22,ORCL,-0.0004458419865481199,Sell
2023-06-22,CCL,-0.0003340503718644791,Sell
2023-06-22,TSM,-0.02631578947368421,Sell
2023-06-22,MS,0.0006779970550036055,Buy
2023-06-22,KEY,-0.0008651438786579681,Sell
2023-06-22,ILMN,-0.026494884869516698,Sell
2023-06-22,KGC,0.0003445925329368278,Buy
2023-06-22,D,0.02631578947368421,Buy
2023-06-22,ULTA,-0.00020146859515390858,Sell
2023-06-22,HUM,9.61044727511573e-05,Buy
2023-06-22,NTAP,-0.02631578947368421,Sell
2023-06-22,WSM,-0.025994663585323593,Sell
2023-06-22,NWSA,0.0519272914228786,Buy
2023-06-22,TRIP,-0.02631578947368421,Sell
2023-06-22,BX,-0.026198998849444002,Sell
2023-06-22,MRVL,-0.02631578947368421,Sell
2023-06-22,PCG,0.02631578947368421,Buy
2023-06-22,HMC,0.02631578947368421,Buy
2023-06-22,CME,0.026268175437748807,Buy
2023-06-22,PRGO,-2.6828991365669685e-05,Sell
2023-06-22,XLE,0.025844470610245543,Buy
2023-06-22,M,-0.0005605752128545888,Sell
2023-06-22,MT,0.026109347641828692,Buy
2023-06-23,MET,0.02607706117781151,Buy
2023-06-23,PPG,0.0003312965701448671,Buy
2023-06-23,AMTD,0.00019255894496836637,Buy
2023-06-23,BAX,0.00010179831334671333,Buy
2023-06-23,HP,9.904522859472895e-05,Buy
2023-06-23,HOG,-0.00019845141391466176,Sell
2023-06-23,WEN,-0.02547936468707191,Sell
2023-06-23,DAL,-2.8640637360400484e-05,Sell
2023-06-23,AA,-0.0004288922509045716,Sell
2023-06-23,HYG,2.563948934199492e-05,Buy
2023-06-23,ICE,-0.02643377478949723,Sell
2023-06-23,CAG,0.02631578947368421,Buy
2023-06-23,QCOM,0.0006515522813615657,Buy
2023-06-23,STI,-4.529729003427754e-05,Sell
2023-06-23,TRV,0.00017369666306958978,Buy
2023-06-23,VTR,-0.02632438472954301,Sell
2023-06-23,DHI,0.0001899427606717359,Buy
2023-06-23,EWC,-0.02631578947368421,Sell
2023-06-23,BBT,-0.00044381283574569316,Sell
2023-06-23,MU,-0.02631578947368421,Sell
2023-06-23,EBAY,-0.026036054997969262,Sell
2023-06-23,WFC,-0.02631578947368421,Sell
2023-06-23,EOG,0.0003274799045304977,Buy
2023-06-23,QQQ,0.02607513790439961,Buy
2023-06-23,SIRI,-0.02631578947368421,Sell
2023-06-23,ANF,-0.00017774712388243796,Sell
2023-06-23,ORCL,-0.0004032911787120001,Sell
2023-06-23,CCL,8.727170848056229e-05,Buy
2023-06-23,TSM,-0.00029112129074320564,Sell
2023-06-23,MS,0.000266312819829459,Buy
2023-06-23,MAR,-0.02631578947368421,Sell
2023-06-23,KEY,-0.000558090718686479,Sell
2023-06-23,KGC,-0.026279209427271886,Sell
2023-06-23,D,0.0005659233918352963,Buy
2023-06-23,ULTA,-0.02620560995620822,Sell
2023-06-23,RL,0.02631578947368421,Buy
2023-06-23,HUM,0.025730954437216062,Buy
2023-06-23,NTAP,-3.700424562366744e-05,Sell
2023-06-23,NWSA,9.14023217279264e-05,Buy
2023-06-23,TRIP,0.0254614658798256,Buy
2023-06-23,BX,0.02631578947368421,Buy
2023-06-23,MRVL,-0.000558681300738665,Sell
2023-06-23,PCG,0.0005888522067600717,Buy
2023-06-23,DUK,0.02631578947368421,Buy
2023-06-23,HMC,0.0006685994667413458,Buy
2023-06-23,PRGO,-0.025850366639396567,Sell
2023-06-23,OHI,0.02631578947368421,Buy
2023-06-23,CSIQ,0.02631578947368421,Buy
2023-06-23,XLE,0.02631578947368421,Buy
2023-06-23,M,0.02600679971910504,Buy
2023-06-26,MNST,0.02631578947368421,Buy
2023-06-26,PPG,-0.026670239320901012,Sell
2023-06-26,AMTD,0.0004519356752903589,Buy
2023-06-26,BAX,-0.026063868890259415,Sell
2023-06-26,HP,0.026834507752449773,Buy
2023-06-26,HOG,0.00025480326372591747,Buy
2023-06-26,WEN,0.02631578947368421,Buy
2023-06-26,DAL,0.00011198426770415992,Buy
2023-06-26,AA,0.026376172200014786,Buy
2023-06-26,HYG,-0.02627040582345849,Sell
2023-06-26,NSC,-0.02631578947368421,Sell
2023-06-26,ICE,0.02631578947368421,Buy
2023-06-26,CAG,-0.026402579530699105,Sell
2023-06-26,GREK,0.02631578947368421,Buy
2023-06-26,QCOM,-0.026996955640308323,Sell
2023-06-26,JNJ,0.02631578947368421,Buy
2023-06-26,STI,0.00010909045543773185,Buy
2023-06-26,KMB,0.02631578947368421,Buy
2023-06-26,HAS,-0.02631578947368421,Sell
2023-06-26,TRV,0.00026057035011062615,Buy
2023-06-26,VTR,0.02631578947368421,Buy
2023-06-26,DHI,0.026145019201089394,Buy
2023-06-26,EWC,0.026582395454935934,Buy
2023-06-26,BBT,0.00020785006781628979,Buy
2023-06-26,MU,8.81910536251404e-06,Buy
2023-06-26,EBAY,0.02631578947368421,Buy
2023-06-26,WFC,-7.248196115286834e-05,Sell
2023-06-26,EOG,-0.027037877619552685,Sell
2023-06-26,QQQ,0.02631578947368421,Buy
2023-06-26,SIRI,0.026804668272317856,Buy
2023-06-26,ANF,0.00011819290883683525,Buy
2023-06-26,HTZ,-0.02631578947368421,Sell
2023-06-26,ORCL,0.025844602293808198,Buy
2023-06-26,CCL,0.05057788500058899,Buy
2023-06-26,TSM,0.025792484245650893,Buy
2023-06-26,MS,5.641213050648977e-05,Buy
2023-06-26,ALK,-0.02631578947368421,Sell
2023-06-26,MAR,0.0262654314385342,Buy
2023-06-26,KEY,-5.955038167923185e-05,Sell
2023-06-26,ILMN,0.02631578947368421,Buy
2023-06-26,KGC,0.02631578947368421,Buy
2023-06-26,TRP,-0.02631578947368421,Sell
2023-06-26,D,-0.02674772011611178,Sell
2023-06-26,RL,0.0002592929901023486,Buy
2023-06-26,HUM,-0.02631578947368421,Sell
2023-06-26,NTAP,0.0001341117424827759,Buy
2023-06-26,NWSA,-0.026508167112667354,Sell
2023-06-26,BX,-0.026537215012479038,Sell
2023-06-26,MRVL,-9.133943265481753e-05,Sell
2023-06-26,PCG,0.00010618701683095047,Buy
2023-06-26,DUK,-0.02658399962323236,Sell
2023-06-26,RF,-0.02631578947368421,Sell
2023-06-26,HMC,0.0002250149968002213,Buy
2023-06-26,OHI,-0.02631731946288304,Sell
2023-06-26,CSIQ,-0.05212423865967959,Sell
2023-06-26,BSX,0.02631578947368421,Buy
2023-06-26,XLE,-0.026728005759075465,Sell
2023-06-26,M,-0.02631578947368421,Sell
2023-06-27,MNST,-0.0003106835431792229,Sell
2023-06-27,AMTD,0.02710757029591014,Buy
2023-06-27,A,0.02631578947368421,Buy
2023-06-27,HOG,0.02668427834718377,Buy
2023-06-27,NVDA,-0.02631578947368421,Sell
2023-06-27,WEN,-0.00029212965986256945,Sell
2023-06-27,DAL,0.001925917506154281,Buy
2023-06-27,NSC,0.026522262108075727,Buy
2023-06-27,ICE,-0.026611713183955832,Sell
2023-06-27,GREK,-0.026776042359434184,Sell
2023-06-27,JNJ,-6.337526285323317e-05,Sell
2023-06-27,STI,-0.00011830144651654023,Sell
2023-06-27,KMB,-0.02679845612884223,Sell
2023-06-27,NDAQ,0.02631578947368421,Buy
2023-06-27,HAS,0.0008205523933268524,Buy
2023-06-27,TRV,-0.026464757428772353,Sell
2023-06-27,VTR,-0.02706224003932845,Sell
2023-06-27,DHI,-0.02631578947368421,Sell
2023-06-27,BBT,0.02653561625807087,Buy
2023-06-27,MU,0.0006595137439768077,Buy
2023-06-27,EBAY,-0.02704841472892384,Sell
2023-06-27,WFC,0.0003266974895062176,Buy
2023-06-27,QQQ,-0.053204393009707876,Sell
2023-06-27,ANF,0.00032448516101543645,Buy
2023-06-27,HTZ,0.02713959938987913,Buy
2023-06-27,ORCL,-0.02631578947368421,Sell
2023-06-27,CCL,-0.05508549430948098,Sell
2023-06-27,TSM,-0.02631578947368421,Sell
2023-06-27,MS,-0.026699734028570468,Sell
2023-06-27,ALK,0.001160639163395271,Buy
2023-06-27,KEY,0.02682989396197522,Buy
2023-06-27,ILMN,0.0010458020458618995,Buy
2023-06-27,KGC,-4.6020990314005195e-06,Sell
2023-06-27,GOLD,0.02631578947368421,Buy
2023-06-27,TRP,-8.239899796608219e-05,Sell
2023-06-27,KO,0.02631578947368421,Buy
2023-06-27,D,0.02631578947368421,Buy
2023-06-27,RL,-0.027055359520113786,Sell
2023-06-27,HUM,0.02640566984346982,Buy
2023-06-27,NTAP,0.0005591672362293063,Buy
2023-06-27,BX,-0.02631578947368421,Sell
2023-06-27,MRVL,0.0014182670575755355,Buy
2023-06-27,PCG,-0.0002437279691356875,Sell
2023-06-27,NTES,-0.02631578947368421,Sell
2023-06-27,RF,0.0004235491845557028,Buy
2023-06-27,HMC,-0.00034770738524631667,Sell
2023-06-27,CME,0.02631578947368421,Buy
2023-06-27,PRGO,0.02631578947368421,Buy
2023-06-27,CSIQ,0.02647776982019726,Buy
2023-06-27,BSX,-0.00011336132426498224,Sell
2023-06-27,XLE,0.02631578947368421,Buy
2023-06-27,M,0.027272159301415543,Buy
2023-06-27,COF,-0.02631578947368421,Sell
2023-06-27,MT,0.02631578947368421,Buy
2023-06-27,BMY,0.02631578947368421,Buy
2023-06-28,MNST,0.00039197368043907,Buy
2023-06-28,VWO,0.02631578947368421,Buy
2023-06-28,A,9.837985009111816e-05,Buy
2023-06-28,XLP,0.02631578947368421,Buy
2023-06-28,NVDA,0.025890439201003753,Buy
2023-06-28,WEN,-0.026417573490786838,Sell
2023-06-28,DAL,0.000407264520565033,Buy
2023-06-28,HYG,-0.02631578947368421,Sell
2023-06-28,CAG,0.02631578947368421,Buy
2023-06-28,STI,-5.2563973665716024e-05,Sell
2023-06-28,NDAQ,7.446119972811735e-05,Buy
2023-06-28,HAS,0.00033478338669895927,Buy
2023-06-28,DHI,0.026186202845215837,Buy
2023-06-28,BBT,-0.02631578947368421,Sell
2023-06-28,MU,0.00016310361851529578,Buy
2023-06-28,WFC,0.02618143768351534,Buy
2023-06-28,QQQ,0.00010402044376419534,Buy
2023-06-28,SIRI,-0.02631578947368421,Sell
2023-06-28,ANF,0.025826489461134854,Buy
2023-06-28,HTZ,-0.02631578947368421,Sell
2023-06-28,ORCL,0.026075228231562504,Buy
2023-06-28,CCL,0.002375768181934957,Buy
2023-06-28,TSM,-0.000247078345844854,Sell
2023-06-28,ALK,0.00031152441889418375,Buy
2023-06-28,KEY,-0.02631578947368421,Sell
2023-06-28,ILMN,-0.00020781557176795598,Sell
2023-06-28,KGC,6.133974539415318e-05,Buy
2023-06-28,GOLD,-0.026309532470342768,Sell
2023-06-28,WMB,-0.02631578947368421,Sell
2023-06-28,TRP,-3.203068049920446e-05,Sell
2023-06-28,KO,0.0001934632586379527,Buy
2023-06-28,D,0.0003742727868380931,Buy
2023-06-28,HUM,-0.02631578947368421,Sell
2023-06-28,NTAP,0.0001404830173401643,Buy
2023-06-28,NWSA,-0.02631578947368421,Sell
2023-06-28,BX,0.026356807129261764,Buy
2023-06-28,MRVL,-0.00017373731457291652,Sell
2023-06-28,PCG,-5.863423561746489e-06,Sell
2023-06-28,DUK,0.02631578947368421,Buy
2023-06-28,NTES,0.02617775091557884,Buy
2023-06-28,RF,0.02614259598196526,Buy
2023-06-28,HMC,-0.02665629138283922,Sell
2023-06-28,CME,-0.026985754114318812,Sell
2023-06-28,CLX,0.02631578947368421,Buy
2023-06-28,PRGO,1.0767343617032465e-05,Buy
2023-06-28,BSX,-0.026348634654197088,Sell
2023-06-28,XLE,-0.026635612996943843,Sell
2023-06-28,COF,0.0001884108004088919,Buy
2023-06-28,ZUMZ,0.02631578947368421,Buy
2023-06-28,MT,-0.026154056927236817,Sell
2023-06-28,MRK,0.02631578947368421,Buy
2023-06-28,BMY,0.00021621440464697148,Buy
2023-06-29,MET,-0.02631578947368421,Sell
2023-06-29,MNST,-1.4661634373254462e-05,Sell
2023-06-29,AMTD,0.02631578947368421,Buy
2023-06-29,VWO,0.00021915027650478563,Buy
2023-06-29,A,-0.02658497922716451,Sell
2023-06-29,XLP,0.00013407362278689341,Buy
2023-06-29,NVDA,0.02631578947368421,Buy
2023-06-29,DAL,-0.0003335654962388565,Sell
2023-06-29,AA,-0.02631578947368421,Sell
2023-06-29,HYG,0.026136662903091183,Buy
2023-06-29,CAG,-9.702356066878387e-05,Sell
2023-06-29,GREK,-0.02631578947368421,Sell
2023-06-29,JNJ,-7.418542025816252e-05,Sell
2023-06-29,STI,0.00013391771159597735,Buy
2023-06-29,NDAQ,-0.0263493514432643,Sell
2023-06-29,HAS,0.02643859333477312,Buy
2023-06-29,TRV,0.02631578947368421,Buy
2023-06-29,BBT,0.026394636155355772,Buy
2023-06-29,MU,0.025136027780418322,Buy
2023-06-29,WFC,-0.02631578947368421,Sell
2023-06-29,QQQ,-0.00016162944348344435,Sell
2023-06-29,SIRI,0.0002590927691669305,Buy
2023-06-29,ANF,-0.02631578947368421,Sell
2023-06-29,HTZ,0.026077190491006253,Buy
2023-06-29,ORCL,-0.02631578947368421,Sell
2023-06-29,CCL,-0.0003061906533172176,Sell
2023-06-29,TSM,-0.00018185316828976672,Sell
2023-06-29,ALK,-0.0001941035112206467,Sell
2023-06-29,KEY,0.026262943171812027,Buy
2023-06-29,ILMN,-0.026345834894637477,Sell
2023-06-29,KGC,-0.02717305472872465,Sell
2023-06-29,WMB,0.026624045846945492,Buy
2023-06-29,TRP,-2.348974811713922e-05,Sell
2023-06-29,KO,0.0003256609463881885,Buy
2023-06-29,D,2.797860691959586e-05,Buy
2023-06-29,HUM,-0.00011416852283071058,Sell
2023-06-29,NTAP,0.00021133882418890304,Buy
2023-06-29,NWSA,0.026206641744833826,Buy
2023-06-29,BX,-0.02631578947368421,Sell
2023-06-29,MRVL,-0.0008507999873895479,Sell
2023-06-29,PCG,-0.0001388145820386856,Sell
2023-06-29,DUK,0.00017385921105846427,Buy
2023-06-29,RF,-0.02631578947368421,Sell
2023-06-29,HMC,0.02631578947368421,Buy
2023-06-29,CLX,-5.281970603263769e-05,Sell
2023-06-29,PRGO,-0.026529985971494984,Sell
2023-06-29,BSX,0.02631578947368421,Buy
2023-06-29,COF,-0.00010914772885038324,Sell
2023-06-29,ZUMZ,-0.0005230987578281228,Sell
2023-06-29,MRK,-0.0001472356839894995,Sell
2023-06-29,BMY,0.0001459479688611237,Buy
2023-06-30,MET,0.02659041081704417,Buy
2023-06-30,MNST,-0.00011919714739973969,Sell
2023-06-30,AMTD,-0.02659409761109592,Sell
2023-06-30,VWO,-0.02665511186648268,Sell
2023-06-30,CF,0.02631578947368421,Buy
2023-06-30,XLP,-0.026655795701463925,Sell
2023-06-30,NVDA,-0.053699635331631204,Sell
2023-06-30,WEN,0.02631578947368421,Buy
2023-06-30,DAL,0.0008118631530916395,Buy
2023-06-30,AA,0.02655885351072559,Buy
2023-06-30,RRC,0.02631578947368421,Buy
2023-06-30,CAG,-0.00043525463905946804,Sell
2023-06-30,GREK,0.00018851275390031202,Buy
2023-06-30,JNJ,-0.02665444942435636,Sell
2023-06-30,STI,-0.05274157150134826,Sell
2023-06-30,NDAQ,0.02631578947368421,Buy
2023-06-30,HAS,-0.02631578947368421,Sell
2023-06-30,TRV,-0.026838423672191095,Sell
2023-06-30,MU,0.02631578947368421,Buy
2023-06-30,EBAY,0.02631578947368421,Buy
2023-06-30,WFC,0.000253169429358463,Buy
2023-06-30,QQQ,0.0005174855259139459,Buy
2023-06-30,SIRI,0.0013305845275531011,Buy
2023-06-30,ANF,-8.695285881557546e-06,Sell
2023-06-30,ORCL,0.0004039093689290271,Buy
2023-06-30,DLTR,0.02631578947368421,Buy
2023-06-30,CCL,0.002681730152038566,Buy
2023-06-30,TSM,0.0001835099174722389,Buy
2023-06-30,ALK,0.0005700548727539043,Buy
2023-06-30,ILMN,0.02631578947368421,Buy
2023-06-30,GOLD,-0.02631578947368421,Sell
2023-06-30,TRP,0.0004611846570515797,Buy
2023-06-30,KO,-0.0001980462609991636,Sell
2023-06-30,D,-9.46916389411405e-05,Sell
2023-06-30,ULTA,-0.02631578947368421,Sell
2023-06-30,HUM,0.02662047129894835,Buy
2023-06-30,NTAP,0.00019675212268014178,Buy
2023-06-30,BX,0.026471339319188204,Buy
2023-06-30,MRVL,0.0007483378537128937,Buy
2023-06-30,PCG,-0.02675088491277108,Sell
2023-06-30,DUK,-0.0003656893593704767,Sell
2023-06-30,RF,0.026619976308365018,Buy
2023-06-30,HMC,-5.7782040436896165e-05,Sell
2023-06-30,CLX,-0.00029910139883860404,Sell
2023-06-30,OHI,0.02631578947368421,Buy
2023-06-30,BSX,-0.026822490699040708,Sell
2023-06-30,COF,0.00013659897696636364,Buy
2023-06-30,ZUMZ,0.0003880193666512266,Buy
2023-06-30,MT,0.02631578947368421,Buy
2023-06-30,MRK,-0.02685635430836618,Sell
2023-06-30,BMY,-8.935044143776674e-05,Sell
2023-07-03,MET,-0.02631578947368421,Sell
2023-07-03,MNST,0.00023940187569604712,Buy
2023-07-03,A,0.02631578947368421,Buy
2023-07-03,CF,-0.02668340003042691,Sell
2023-07-03,HOG,-0.02631578947368421,Sell
2023-07-03,NVDA,0.026369763165246904,Buy
2023-07-03,WEN,-4.541900607114846e-05,Sell
2023-07-03,DAL,0.00021731728067951941,Buy
2023-07-03,RRC,-0.02623813274368618,Sell
2023-07-03,CAG,-0.02658933801052295,Sell
2023-07-03,GREK,0.00019745775651474826,Buy
2023-07-03,JNJ,0.02631578947368421,Buy
2023-07-03,STI,-1.5040610609719923e-05,Sell
2023-07-03,KMB,0.02631578947368421,Buy
2023-07-03,NDAQ,9.41775349900427e-05,Buy
2023-07-03,HAS,0.026308871884115285,Buy
2023-07-03,TRV,0.02631578947368421,Buy
2023-07-03,VTR,-0.02631578947368421,Sell
2023-07-03,DHI,0.02631578947368421,Buy
2023-07-03,EWC,-0.02631578947368421,Sell
2023-07-03,BDX,0.02631578947368421,Buy
2023-07-03,MU,-0.02662997905477602,Sell
2023-07-03,EBAY,-0.026618548754521593,Sell
2023-07-03,WFC,0.026744435113049598,Buy
2023-07-03,QQQ,0.02636268224948394,Buy
2023-07-03,SIRI,0.0005655481066115658,Buy
2023-07-03,ANF,-0.0002872613091453001,Sell
2023-07-03,ORCL,0.025872305698101197,Buy
2023-07-03,DLTR,-0.02702837259193729,Sell
2023-07-03,CCL,0.00016653430965440572,Buy
2023-07-03,TSM,0.0005661232573571859,Buy
2023-07-03,ALK,-1.0095831704338976e-05,Sell
2023-07-03,ILMN,-7.333436975765287e-05,Sell
2023-07-03,KGC,0.02631578947368421,Buy
2023-07-03,GOLD,0.026458830205959332,Buy
2023-07-03,TRP,0.026482983310715868,Buy
2023-07-03,KO,-0.00014219020895321274,Sell
2023-07-03,D,-0.026717170520046563,Sell
2023-07-03,ULTA,0.00036220131995392743,Buy
2023-07-03,EW,0.02631578947368421,Buy
2023-07-03,HUM,0.02631578947368421,Buy
2023-07-03,NTAP,2.1710124089753535e-06,Buy
2023-07-03,WSM,-0.02631578947368421,Sell
2023-07-03,MRVL,0.000675691997150181,Buy
2023-07-03,DUK,-0.026587962149013357,Sell
2023-07-03,RF,-0.02631578947368421,Sell
2023-07-03,HMC,-0.02661313078547185,Sell
2023-07-03,CME,0.02631578947368421,Buy
2023-07-03,CLX,-0.0001999448752582622,Sell
2023-07-03,OHI,-0.026335029903255536,Sell
2023-07-03,SYK,0.02631578947368421,Buy
2023-07-03,BSX,0.02631578947368421,Buy
2023-07-03,M,-0.02631578947368421,Sell
2023-07-03,COF,0.00038895511575380917,Buy
2023-07-03,ZUMZ,-0.027216381064377595,Sell
2023-07-03,MT,-0.0262141715582843,Sell
2023-07-03,MRK,0.02631578947368421,Buy
2023-07-03,BMY,-0.02649815638972401,Sell
2023-07-05,MET,-0.0002441462891674198,Sell
2023-07-05,MNST,5.325873270629888e-06,Buy
2023-07-05,PPG,0.02631578947368421,Buy
2023-07-05,BAX,-0.02631578947368421,Sell
2023-07-05,A,-0.02634090411313588,Sell
2023-07-05,HOG,0.02599733848689601,Buy
2023-07-05,WEN,0.00032824448615727253,Buy
2023-07-05,DAL,0.0002925395959897416,Buy
2023-07-05,HYG,0.02631578947368421,Buy
2023-07-05,CAG,0.02631578947368421,Buy
2023-07-05,GREK,0.02625906638010005,Buy
2023-07-05,JNJ,0.00010151343062496376,Buy
2023-07-05,STI,0.026425641293248623,Buy
2023-07-05,KMB,-1.6046179285657963e-05,Sell
2023-07-05,NDAQ,-0.026417645981639804,Sell
2023-07-05,TRV,9.054123650187318e-05,Buy
2023-07-05,VTR,0.0002688286717031016,Buy
2023-07-05,DHI,-0.02610862451119083,Sell
2023-07-05,EWC,0.02600234600349721,Buy
2023-07-05,BDX,0.00017723527207632803,Buy
2023-07-05,SIRI,-0.00041220375604622203,Sell
2023-07-05,ANF,0.02547600590242646,Buy
2023-07-05,HTZ,-0.02631578947368421,Sell
2023-07-05,CCL,0.00033223714104664917,Buy
2023-07-05,TSM,0.025750468495649586,Buy
2023-07-05,ALK,0.00021289813008915082,Buy
2023-07-05,KEY,-0.02631578947368421,Sell
2023-07-05,ILMN,-0.026148831939383697,Sell
2023-07-05,KGC,-0.025919259025359603,Sell
2023-07-05,GOLD,0.02631578947368421,Buy
2023-07-05,KO,-0.026496593259815633,Sell
2023-07-05,D,-0.02631578947368421,Sell
2023-07-05,ULTA,0.00012208029546058666,Buy
2023-07-05,EW,0.00016692489553444406,Buy
2023-07-05,HUM,-0.02622578565025617,Sell
2023-07-05,NTAP,-6.961100559334937e-05,Sell
2023-07-05,WSM,4.547187887364926e-05,Buy
2023-07-05,TRIP,0.02631578947368421,Buy
2023-07-05,MRVL,-0.0006747729478716359,Sell
2023-07-05,PCG,-0.02631578947368421,Sell
2023-07-05,RF,0.02607114432901988,Buy
2023-07-05,HMC,0.02631578947368421,Buy
2023-07-05,CME,0.0003409318577457833,Buy
2023-07-05,CP,0.02631578947368421,Buy
2023-07-05,CLX,8.018015682986421e-05,Buy
2023-07-05,SYK,7.016812217970625e-05,Buy
2023-07-05,CSIQ,-0.02631578947368421,Sell
2023-07-05,BSX,0.00015702401949934872,Buy
2023-07-05,M,-0.00020607550256136753,Sell
2023-07-05,COF,0.025844120164681694,Buy
2023-07-05,ENB,-0.02631578947368421,Sell
2023-07-05,VZ,-0.02631578947368421,Sell
2023-07-05,MRK,0.0001594946202624209,Buy
2023-07-06,MET,-9.391609970101772e-05,Sell
2023-07-06,MNST,0.00022744667717188027,Buy
2023-07-06,PPG,-0.026083625078086654,Sell
2023-07-06,AMTD,-0.02631578947368421,Sell
2023-07-06,BAX,0.00021181699322503703,Buy
2023-07-06,HOG,-0.02631578947368421,Sell
2023-07-06,XLP,0.02631578947368421,Buy
2023-07-06,WEN,-0.025937342896721168,Sell
2023-07-06,DAL,0.025610338778688322,Buy
2023-07-06,AA,-0.02631578947368421,Sell
2023-07-06,HYG,-0.02606348172768062,Sell
2023-07-06,BUD,-0.02631578947368421,Sell
2023-07-06,CAG,0.00024868181936373024,Buy
2023-07-06,QCOM,0.02631578947368421,Buy
2023-07-06,JNJ,0.0002566637897180417,Buy
2023-07-06,KMB,-0.026298121901760278,Sell
2023-07-06,TRV,0.0003171036878392118,Buy
2023-07-06,VTR,0.025931315906208313,Buy
2023-07-06,DHI,0.02631578947368421,Buy
2023-07-06,BBT,-0.02631578947368421,Sell
2023-07-06,BDX,0.00020577637204594393,Buy
2023-07-06,EOG,0.02631578947368421,Buy
2023-07-06,SIRI,0.02556334558781689,Buy
2023-07-06,HTZ,-0.00021548645025543794,Sell
2023-07-06,CCL,-0.000539882714462165,Sell
2023-07-06,ALK,-0.0004823939990630903,Sell
2023-07-06,KEY,0.0260060497086965,Buy
2023-07-06,ILMN,0.02631578947368421,Buy
2023-07-06,GOLD,-0.02593126931662819,Sell
2023-07-06,KO,0.02631578947368421,Buy
2023-07-06,D,0.02588829997946371,Buy
2023-07-06,ULTA,-0.0005693046692764533,Sell
2023-07-06,EW,-0.0261099291463806,Sell
2023-07-06,HUM,0.02631578947368421,Buy
2023-07-06,NTAP,-8.232180659069332e-05,Sell
2023-07-06,WSM,-0.00069866904920984,Sell
2023-07-06,TRIP,-0.025804906416287122,Sell
2023-07-06,LOW,0.02631578947368421,Buy
2023-07-06,MRVL,-0.00047018413391877734,Sell
2023-07-06,PCG,0.025826991664322414,Buy
2023-07-06,HMC,0.00036331551149333327,Buy
2023-07-06,CME,0.00014722278561342741,Buy
2023-07-06,CP,0.0005619034917669873,Buy
2023-07-06,CLX,-0.026239472198172794,Sell
2023-07-06,SYK,0.00021074979573109873,Buy
2023-07-06,CSIQ,-0.0003479806996954764,Sell
2023-07-06,BSX,0.00024396613396688444,Buy
2023-07-06,M,-0.0007997454403799453,Sell
2023-07-06,ENB,-0.0004254930532151084,Sell
2023-07-06,ZUMZ,-0.02631578947368421,Sell
2023-07-06,VZ,-0.000306715147066549,Sell
2023-07-06,MRK,0.0005118119772547641,Buy
2023-07-07,MET,0.02688047366089496,Buy
2023-07-07,MNST,0.0002011446244741498,Buy
2023-07-07,AMTD,-2.2724755347279524e-05,Sell
2023-07-07,BAX,0.02628068890990416,Buy
2023-07-07,A,0.02631578947368421,Buy
2023-07-07,CF,-0.02631578947368421,Sell
2023-07-07,HP,-0.02631578947368421,Sell
2023-07-07,HOG,0.026506228820292327,Buy
2023-07-07,XLP,0.0002000975661872982,Buy
2023-07-07,DAL,-0.02631578947368421,Sell
2023-07-07,AA,0.027720944382112565,Buy
2023-07-07,HYG,0.02631578947368421,Buy
2023-07-07,BUD,0.026541831868867688,Buy
2023-07-07,CAG,2.1480475553847106e-05,Buy
2023-07-07,GREK,-0.02631578947368421,Sell
2023-07-07,QCOM,-0.026625881505408344,Sell
2023-07-07,JNJ,0.00024003736483620836,Buy
2023-07-07,KMB,0.02631578947368421,Buy
2023-07-07,NDAQ,0.02631578947368421,Buy
2023-07-07,TRV,-0.026575103854405188,Sell
2023-07-07,DHI,-0.00026684394370384695,Sell
2023-07-07,EWC,0.02631578947368421,Buy
2023-07-07,BBT,0.0006069386786644419,Buy
2023-07-07,BDX,5.4575357042240674e-05,Buy
2023-07-07,EOG,-0.027391664642438602,Sell
2023-07-07,ANF,-0.02631578947368421,Sell
2023-07-07,HTZ,0.00021568689962279952,Buy
2023-07-07,CCL,0.026713072486945582,Buy
2023-07-07,TSM,-0.02631578947368421,Sell
2023-07-07,ALK,0.0006259368059243486,Buy
2023-07-07,XRT,-0.02631578947368421,Sell
2023-07-07,ILMN,-0.02658233741632347,Sell
2023-07-07,KO,0.00020480225278632705,Buy
2023-07-07,ULTA,0.00020547832726152196,Buy
2023-07-07,HUM,-0.02580950977279542,Sell
2023-07-07,NTAP,0.0003264294769518977,Buy
2023-07-07,WSM,0.025755572610110296,Buy
2023-07-07,TRIP,-0.02631578947368421,Sell
2023-07-07,LOW,-0.026522677931499865,Sell
2023-07-07,MRVL,0.000293197661356364,Buy
2023-07-07,RF,-0.02631578947368421,Sell
2023-07-07,HMC,-0.00021507208824730895,Sell
2023-07-07,CME,4.2968225410167094e-05,Buy
2023-07-07,CP,-1.3698325183938292e-05,Sell
2023-07-07,CLX,0.02631578947368421,Buy
2023-07-07,SYK,-1.8565850137451656e-05,Sell
2023-07-07,CSIQ,0.026225616372836623,Buy
2023-07-07,BSX,0.00015048368361102182,Buy
2023-07-07,M,0.026510462952358683,Buy
2023-07-07,COF,-0.02631578947368421,Sell
2023-07-07,ENB,0.026562644164688676,Buy
2023-07-07,ZUMZ,0.0013020958800149043,Buy
2023-07-07,VZ,-0.000273811631577435,Sell
2023-07-07,MRK,0.0005064077615436341,Buy
2023-07-10,MNST,-0.0002921242822264622,Sell
2023-07-10,AMTD,0.02653516653141718,Buy
2023-07-10,A,-0.026673717824277035,Sell
2023-07-10,CF,0.025725015881412384,Buy
2023-07-10,HP,0.026265280853506323,Buy
2023-07-10,XLP,-4.4255896183138105e-05,Sell
2023-07-10,DAL,0.0266866246197782,Buy
2023-07-10,HYG,-0.026499320334799615,Sell
2023-07-10,CAG,0.00019461207796414928,Buy
2023-07-10,GREK,0.00015730090651962583,Buy
2023-07-10,JNJ,-9.447265998985613e-05,Sell
2023-07-10,KMB,-1.6365068142471656e-05,Sell
2023-07-10,NDAQ,-0.02643721963755378,Sell
2023-07-10,TRV,0.02631578947368421,Buy
2023-07-10,DHI,-0.05355133191774788,Sell
2023-07-10,EWC,-1.3032207448252647e-05,Sell
2023-07-10,BBT,0.026606123966221897,Buy
2023-07-10,BDX,-0.00011711590925904056,Sell
2023-07-10,EBAY,-0.02631578947368421,Sell
2023-07-10,SIRI,-0.02631578947368421,Sell
2023-07-10,ANF,-0.00011178505510579459,Sell
2023-07-10,HTZ,0.0003475356642103078,Buy
2023-07-10,TSM,0.026246210793381124,Buy
2023-07-10,ALK,0.0009344294841545989,Buy
2023-07-10,MAR,-0.02631578947368421,Sell
2023-07-10,XRT,0.0005385689163449753,Buy
2023-07-10,TRP,0.02631578947368421,Buy
2023-07-10,KO,0.00014711156005905654,Buy
2023-07-10,D,0.02631578947368421,Buy
2023-07-10,ULTA,0.0004075591390814842,Buy
2023-07-10,RL,-0.02631578947368421,Sell
2023-07-10,NTAP,0.0005874303393037343,Buy
2023-07-10,WSM,-0.02631578947368421,Sell
2023-07-10,TRIP,0.02638305095361069,Buy
2023-07-10,BX,-0.02631578947368421,Sell
2023-07-10,LOW,-0.02631578947368421,Sell
2023-07-10,MRVL,0.0005596110874494728,Buy
2023-07-10,DUK,0.02631578947368421,Buy
2023-07-10,RF,0.026554231945323803,Buy
2023-07-10,HMC,0.00023687638715957568,Buy
2023-07-10,CME,4.275965494855011e-05,Buy
2023-07-10,CP,8.988769698631618e-05,Buy
2023-07-10,CLX,0.00020557862284757353,Buy
2023-07-10,SYK,-0.00014372318602842715,Sell
2023-07-10,BSX,-0.026573966278411992,Sell
2023-07-10,COF,0.0003955461750345876,Buy
2023-07-10,ZUMZ,-0.00011506444027690674,Sell
2023-07-10,VZ,0.02580903180294348,Buy
2023-07-10,CAT,-0.02631578947368421,Sell
2023-07-10,MRK,-0.0002836556410285192,Sell
2023-07-10,BMY,0.02631578947368421,Buy
2023-07-11,MET,-0.02631578947368421,Sell
2023-07-11,MNST,0.00017598153039552825,Buy
2023-07-11,A,0.02631578947368421,Buy
2023-07-11,HP,-0.02631578947368421,Sell
2023-07-11,XLP,-0.00026389268281165265,Sell
2023-07-11,DAL,-0.02631578947368421,Sell
2023-07-11,CAG,-0.0003934925788246675,Sell
2023-07-11,GREK,0.0009529132672659243,Buy
2023-07-11,JNJ,-7.773112589190209e-05,Sell
2023-07-11,STI,0.02631578947368421,Buy
2023-07-11,KMB,-0.00023003932655848644,Sell
2023-07-11,NDAQ,0.02631578947368421,Buy
2023-07-11,TRV,-0.027056380840113806,Sell
2023-07-11,DHI,0.026588921407867363,Buy
2023-07-11,EWC,-0.026671551055114852,Sell
2023-07-11,BDX,-0.0004065361126386578,Sell
2023-07-11,EBAY,0.027254716133438404,Buy
2023-07-11,SIRI,0.0012028377719515322,Buy
2023-07-11,ANF,0.0005848209127193062,Buy
2023-07-11,HTZ,0.026778524983546107,Buy
2023-07-11,CCL,0.02631578947368421,Buy
2023-07-11,TSM,-0.02631578947368421,Sell
2023-07-11,ALK,0.0006015786952794505,Buy
2023-07-11,MAR,0.02658440682254979,Buy
2023-07-11,XRT,0.0007708525698370203,Buy
2023-07-11,KGC,0.02631578947368421,Buy
2023-07-11,WMB,-0.02631578947368421,Sell
2023-07-11,TRP,-0.02664881346986537,Sell
2023-07-11,KO,-0.00031811308230764515,Sell
2023-07-11,D,-0.026750894159097927,Sell
2023-07-11,ULTA,0.0005150819737275436,Buy
2023-07-11,RL,0.026972817333955935,Buy
2023-07-11,NTAP,0.0005516243344028185,Buy
2023-07-11,WSM,0.0008501485334734306,Buy
2023-07-11,TRIP,-0.02631578947368421,Sell
2023-07-11,BX,0.001673785395962031,Buy
2023-07-11,LOW,0.02657584022841558,Buy
2023-07-11,MRVL,0.0010429255217693327,Buy
2023-07-11,DUK,-0.02703372273141358,Sell
2023-07-11,HMC,-0.00030416325109956094,Sell
2023-07-11,CME,-0.0003749186636241679,Sell
2023-07-11,CP,-0.0003637579069504099,Sell
2023-07-11,CLX,4.727733884328858e-05,Buy
2023-07-11,OHI,-0.02631578947368421,Sell
2023-07-11,SYK,-0.0003239028140971552,Sell
2023-07-11,BSX,0.02631578947368421,Buy
2023-07-11,COF,0.0008909741839403587,Buy
2023-07-11,ZUMZ,0.027183882111322784,Buy
2023-07-11,CAT,0.0006550839895054471,Buy
2023-07-11,MRK,7.996821188076611e-05,Buy
2023-07-11,BMY,-0.026671610146495935,Sell
2023-07-12,MET,0.026070907871739848,Buy
2023-07-12,MNST,-0.0003171491663510606,Sell
2023-07-12,CNC,0.02631578947368421,Buy
2023-07-12,A,-0.02664829403771968,Sell
2023-07-12,HP,0.026247501737555017,Buy
2023-07-12,XLP,-5.57742089665296e-05,Sell
2023-07-12,DAL,0.025926846845709353,Buy
2023-07-12,CAG,0.00011625927541967715,Buy
2023-07-12,GREK,0.0003704326271078001,Buy
2023-07-12,QCOM,-0.02631578947368421,Sell
2023-07-12,JNJ,9.626504330800811e-05,Buy
2023-07-12,STI,0.0001285673662122684,Buy
2023-07-12,KMB,0.00011207394969696416,Buy
2023-07-12,NDAQ,-0.00014845577372114144,Sell
2023-07-12,TRV,0.02631578947368421,Buy
2023-07-12,DPZ,-0.02631578947368421,Sell
2023-07-12,DHI,-0.02631578947368421,Sell
2023-07-12,BDX,7.302660055800991e-05,Buy
2023-07-12,WFC,-0.02631578947368421,Sell
2023-07-12,QQQ,-0.02631578947368421,Sell
2023-07-12,SIRI,0.0001600898257397912,Buy
2023-07-12,ANF,-0.00037251127135006293,Sell
2023-07-12,HTZ,0.02631578947368421,Buy
2023-07-12,CCL,0.0009516726018285182,Buy
2023-07-12,TSM,0.0006809199070081408,Buy
2023-07-12,ALK,-0.0001684918139824472,Sell
2023-07-12,XRT,0.02627904215686062,Buy
2023-07-12,KGC,-0.027675414171409347,Sell
2023-07-12,WMB,0.0004341231731124738,Buy
2023-07-12,KO,-0.026452201039387096,Sell
2023-07-12,ULTA,3.851549743872154e-05,Buy
2023-07-12,NTAP,0.025839721150349312,Buy
2023-07-12,WSM,0.00023910114680939995,Buy
2023-07-12,TRIP,0.02650765951092907,Buy
2023-07-12,BX,-8.252919371868825e-05,Sell
2023-07-12,LOW,-0.02631578947368421,Sell
2023-07-12,MRVL,0.00030399315421802964,Buy
2023-07-12,NTES,-0.02631578947368421,Sell
2023-07-12,HMC,-0.026583170197708724,Sell
2023-07-12,CME,0.00015223006670090147,Buy
2023-07-12,CP,-0.00034419997230820953,Sell
2023-07-12,CLX,-7.820709987551785e-05,Sell
2023-07-12,OHI,0.026418473559495458,Buy
2023-07-12,SYK,-0.026454547215727778,Sell
2023-07-12,COF,0.00012158900059295805,Buy
2023-07-12,VZ,0.02631578947368421,Buy
2023-07-12,CAT,7.299772034635721e-05,Buy
2023-07-12,MRK,0.0003027645301168329,Buy
2023-07-12,BMY,0.02631578947368421,Buy
2023-07-13,MET,-0.02631578947368421,Sell
2023-07-13,MNST,-0.026646586833142156,Sell
2023-07-13,CNC,-1.983172412041434e-05,Sell
2023-07-13,HP,-0.02631578947368421,Sell
2023-07-13,XLP,-0.026508682632344967,Sell
2023-07-13,NVDA,-0.02631578947368421,Sell
2023-07-13,WEN,0.02631578947368421,Buy
2023-07-13,NSC,-0.02631578947368421,Sell
2023-07-13,CAG,-0.02654175874175167,Sell
2023-07-13,GREK,0.02637742473732893,Buy
2023-07-13,QCOM,0.0010694708709117241,Buy
2023-07-13,JNJ,-0.00020379333187051443,Sell
2023-07-13,STI,-0.026397683771371278,Sell
2023-07-13,KMB,-0.00010541976151294194,Sell
2023-07-13,NDAQ,-0.0006995954099051176,Sell
2023-07-13,TRV,0.00036547186895637823,Buy
2023-07-13,DPZ,-3.495127313032573e-05,Sell
2023-07-13,DHI,0.0006687045174641366,Buy
2023-07-13,BDX,-0.00021354768327501092,Sell
2023-07-13,WFC,0.026672283469781174,Buy
2023-07-13,QQQ,0.0005301018579601663,Buy
2023-07-13,SIRI,0.0005209448739500015,Buy
2023-07-13,ANF,0.05172636459702771,Buy
2023-07-13,HTZ,-0.026737203498862452,Sell
2023-07-13,ORCL,-0.02631578947368421,Sell
2023-07-13,CCL,0.0005990576338534628,Buy
2023-07-13,TSM,0.0005061879858624385,Buy
2023-07-13,ALK,0.05193554473645209,Buy
2023-07-13,ILMN,0.02631578947368421,Buy
2023-07-13,WMB,0.00019797347666239765,Buy
2023-07-13,ULTA,0.025773244063736035,Buy
2023-07-13,HUM,0.02631578947368421,Buy
2023-07-13,NTAP,-0.02631578947368421,Sell
2023-07-13,WSM,-6.372352205128579e-05,Sell
2023-07-13,BX,0.0013079452004288242,Buy
2023-07-13,LOW,0.02610540007263026,Buy
2023-07-13,MRVL,0.0011272219546039595,Buy
2023-07-13,NTES,0.000633979332594771,Buy
2023-07-13,HMC,0.02631578947368421,Buy
2023-07-13,CME,-0.00035997853907149616,Sell
2023-07-13,CP,-0.026743487719015975,Sell
2023-07-13,CLX,5.0649796151082394e-05,Buy
2023-07-13,BSX,-0.026563739511595894,Sell
2023-07-13,COF,0.00041906190370720117,Buy
2023-07-13,ZUMZ,0.02631578947368421,Buy
2023-07-13,VZ,8.46961194389019e-05,Buy
2023-07-13,CAT,0.00031714319104243077,Buy
2023-07-13,MRK,0.00020057797528276466,Buy
2023-07-13,BMY,-8.189429768706846e-05,Sell
2023-07-14,MET,0.02577839648030176,Buy
2023-07-14,CNC,-0.027041892291051122,Sell
2023-07-14,HP,0.025698941130808232,Buy
2023-07-14,NVDA,-0.00037949929310489294,Sell
2023-07-14,WEN,6.514677061699933e-05,Buy
2023-07-14,DAL,0.02631578947368421,Buy
2023-07-14,AA,-0.02631578947368421,Sell
2023-07-14,NSC,5.17816325880556e-05,Buy
2023-07-14,CAG,0.02631578947368421,Buy
2023-07-14,QCOM,-0.00020901812732033315,Sell
2023-07-14,JNJ,-0.026401116597258367,Sell
2023-07-14,STI,0.02631578947368421,Buy
2023-07-14,KMB,2.1619329793231418e-05,Buy
2023-07-14,NDAQ,0.00037674046306719264,Buy
2023-07-14,HAS,0.02631578947368421,Buy
2023-07-14,TRV,0.00044362848175295497,Buy
2023-07-14,DPZ,-0.00023954305452786664,Sell
2023-07-14,DHI,0.0007087095118588245,Buy
2023-07-14,EWC,0.02631578947368421,Buy
2023-07-14,BDX,-0.026169566101805385,Sell
2023-07-14,QQQ,-9.526315381343242e-05,Sell
2023-07-14,SIRI,-0.0008405778944411552,Sell
2023-07-14,ANF,-0.053259635574260084,Sell
2023-07-14,HTZ,0.02631578947368421,Buy
2023-07-14,ORCL,0.00031666978219589345,Buy
2023-07-14,CCL,0.0008580379079928258,Buy
2023-07-14,TSM,-0.00019654732813732465,Sell
2023-07-14,ALK,0.0010453311541951948,Buy
2023-07-14,KEY,-0.02631578947368421,Sell
2023-07-14,ILMN,0.00032305488118526335,Buy
2023-07-14,WMB,0.05186821878337489,Buy
2023-07-14,HUM,-0.0005679484753194422,Sell
2023-07-14,NTAP,-0.0003762057205283151,Sell
2023-07-14,WSM,0.025625973751271507,Buy
2023-07-14,BX,0.00023957247531290402,Buy
2023-07-14,MRVL,-0.0008600157850717632,Sell
2023-07-14,NTES,7.733662999505342e-06,Buy
2023-07-14,HMC,0.0002278023407516344,Buy
2023-07-14,CME,-0.02664260206313065,Sell
2023-07-14,CLX,-0.026226063654122996,Sell
2023-07-14,PRGO,-0.02631578947368421,Sell
2023-07-14,OHI,-0.02631578947368421,Sell
2023-07-14,COF,0.025621980006358125,Buy
2023-07-14,ZUMZ,-0.02651145691653982,Sell
2023-07-14,VZ,0.0005667067968414506,Buy
2023-07-14,CAT,-0.00011432777146705778,Sell
2023-07-14,MRK,-0.00016187903221591762,Sell
2023-07-14,BMY,0.00023289920797116628,Buy
2023-07-17,MET,-0.02631578947368421,Sell
2023-07-17,A,0.02631578947368421,Buy
2023-07-17,NVDA,0.0007860984067940904,Buy
2023-07-17,WEN,-0.00018261014177736387,Sell
2023-07-17,DAL,-0.02670009175651258,Sell
2023-07-17,AA,0.02732998818410651,Buy
2023-07-17,NSC,0.026342478149373766,Buy
2023-07-17,CAG,0.0002923877291920937,Buy
2023-07-17,QCOM,0.00038923383759850716,Buy
2023-07-17,JNJ,0.02631578947368421,Buy
2023-07-17,STI,-0.026798475003966055,Sell
2023-07-17,KMB,-9.164110678542073e-05,Sell
2023-07-17,NDAQ,-0.0003594266971668862,Sell
2023-07-17,HAS,-0.00016606660496471665,Sell
2023-07-17,TRV,-0.0006293894233430804,Sell
2023-07-17,DPZ,0.0005577247994245117,Buy
2023-07-17,DHI,0.026063236293287564,Buy
2023-07-17,EWC,-0.02656086885801033,Sell
2023-07-17,BDX,0.02631578947368421,Buy
2023-07-17,WFC,-0.02631578947368421,Sell
2023-07-17,QQQ,0.00045513257596264955,Buy
2023-07-17,SIRI,0.0012683744485163205,Buy
2023-07-17,ANF,0.00211444164108009,Buy
2023-07-17,HTZ,0.00022406318423981789,Buy
2023-07-17,ORCL,0.00012294345802496207,Buy
2023-07-17,CCL,-0.027262127416054188,Sell
2023-07-17,TSM,0.00011914848301614045,Buy
2023-07-17,ALK,-0.026421922458344425,Sell
2023-07-17,MAR,-0.02631578947368421,Sell
2023-07-17,XRT,-0.02631578947368421,Sell
2023-07-17,KEY,0.026862602123371684,Buy
2023-07-17,ILMN,0.0002191394341128812,Buy
2023-07-17,WMB,8.655672930811195e-05,Buy
2023-07-17,D,0.02631578947368421,Buy
2023-07-17,RL,-0.02631578947368421,Sell
2023-07-17,HUM,-0.0001757346352259763,Sell
2023-07-17,NTAP,0.0002585361337579216,Buy
2023-07-17,BX,0.0002992216047403573,Buy
2023-07-17,MRVL,0.0006714471094599883,Buy
2023-07-17,NTES,0.00042901895076187524,Buy
2023-07-17,HMC,-0.00014602560373672482,Sell
2023-07-17,CME,0.02631578947368421,Buy
2023-07-17,CP,0.02631578947368421,Buy
2023-07-17,PRGO,0.025876322760221022,Buy
2023-07-17,OHI,0.026523233897482745,Buy
2023-07-17,COF,-0.02631578947368421,Sell
2023-07-17,VZ,-0.02453458185529901,Sell
2023-07-17,CAT,0.000398364668070101,Buy
2023-07-17,MRK,0.0002299142676003528,Buy
2023-07-17,BMY,-0.00016890203935712722,Sell
2023-07-18,MET,0.02660358208613356,Buy
2023-07-18,MNST,0.02631578947368421,Buy
2023-07-18,A,-0.02673066460683709,Sell
2023-07-18,CF,-0.02631578947368421,Sell
2023-07-18,NVDA,0.0007097990444443689,Buy
2023-07-18,WEN,7.622779027834786e-05,Buy
2023-07-18,DAL,-0.02631578947368421,Sell
2023-07-18,CAG,-4.828334669518611e-05,Sell
2023-07-18,QCOM,0.026322087183105684,Buy
2023-07-18,JNJ,-0.026436123338566635,Sell
2023-07-18,KMB,3.7786775299968045e-06,Buy
2023-07-18,NDAQ,-0.00037130661411203733,Sell
2023-07-18,HAS,0.0002084814344055462,Buy
2023-07-18,TRV,-0.026818848307595077,Sell
2023-07-18,DPZ,0.0002949701109737704,Buy
2023-07-18,VTR,0.02631578947368421,Buy
2023-07-18,BDX,-8.902638044144817e-05,Sell
2023-07-18,WFC,0.026945969670757398,Buy
2023-07-18,QQQ,0.0003382735447998511,Buy
2023-07-18,SIRI,0.0019951153988156146,Buy
2023-07-18,ANF,-6.170067922327618e-05,Sell
2023-07-18,HTZ,-0.026977031815889306,Sell
2023-07-18,ORCL,0.0005400469686985786,Buy
2023-07-18,TSM,0.026024023806085598,Buy
2023-07-18,MS,-0.02631578947368421,Sell
2023-07-18,ALK,-0.02631578947368421,Sell
2023-07-18,MAR,0.02676533430741582,Buy
2023-07-18,XRT,0.0004041854995794347,Buy
2023-07-18,KEY,-0.02631578947368421,Sell
2023-07-18,ILMN,0.00042502585264527284,Buy
2023-07-18,WMB,-0.026702083258619044,Sell
2023-07-18,TRP,0.02631578947368421,Buy
2023-07-18,D,1.1979684049989031e-05,Buy
2023-07-18,ULTA,0.02631578947368421,Buy
2023-07-18,RL,0.000615112863338662,Buy
2023-07-18,HUM,-0.0005066236130090787,Sell
2023-07-18,NTAP,0.0004269643863970343,Buy
2023-07-18,WSM,-0.02631578947368421,Sell
2023-07-18,BX,0.0007526104154872634,Buy
2023-07-18,MRVL,0.0006133986188173249,Buy
2023-07-18,PCG,0.02631578947368421,Buy
2023-07-18,DUK,0.02631578947368421,Buy
2023-07-18,NTES,0.025698554793330056,Buy
2023-07-18,HMC,-0.02695496836699709,Sell
2023-07-18,CME,-0.02669466962024985,Sell
2023-07-18,CP,-0.026649897467468386,Sell
2023-07-18,CLX,0.02631578947368421,Buy
2023-07-18,COF,0.0007373131452950918,Buy
2023-07-18,VZ,0.02631578947368421,Buy
2023-07-18,CAT,0.0007740519753315495,Buy
2023-07-18,MRK,-0.0002171518116904532,Sell
2023-07-18,BMY,-0.0001861148858714086,Sell
2023-07-19,MET,-0.02631578947368421,Sell
2023-07-19,MNST,-0.026649198725055508,Sell
2023-07-19,BAX,-0.02631578947368421,Sell
2023-07-19,CF,0.0006729754857671133,Buy
2023-07-19,NVDA,0.026092237121017763,Buy
2023-07-19,WEN,-0.0006041283142011848,Sell
2023-07-19,DAL,0.00010552315412548294,Buy
2023-07-19,ICE,0.02631578947368421,Buy
2023-07-19,CAG,-0.02663410143527461,Sell
2023-07-19,JNJ,0.02631578947368421,Buy
2023-07-19,STI,0.02631578947368421,Buy
2023-07-19,KMB,-0.026608415262045833,Sell
2023-07-19,NDAQ,0.0004791434886509613,Buy
2023-07-19,HAS,-0.026910633832308132,Sell
2023-07-19,TRV,0.02631578947368421,Buy
2023-07-19,DPZ,1.0248717912005045e-05,Buy
2023-07-19,VTR,-0.02666068848237612,Sell
2023-07-19,BDX,0.00013826386095613236,Buy
2023-07-19,QQQ,1.424812546793608e-06,Buy
2023-07-19,SIRI,0.0010027761103430302,Buy
2023-07-19,ANF,0.02623126663626478,Buy
2023-07-19,HTZ,-0.02631578947368421,Sell
2023-07-19,ORCL,-0.000445794697775663,Sell
2023-07-19,MS,0.026672659891946237,Buy
2023-07-19,ALK,0.00050525805519748,Buy
2023-07-19,XRT,0.0005397607323809374,Buy
2023-07-19,KEY,0.028043839056394623,Buy
2023-07-19,ILMN,-0.0006206546255892384,Sell
2023-07-19,KGC,0.02631578947368421,Buy
2023-07-19,TRP,-0.0001515927812424482,Sell
2023-07-19,D,-0.026797748665009186,Sell
2023-07-19,ULTA,5.929922014505026e-05,Buy
2023-07-19,RL,6.090020910733476e-05,Buy
2023-07-19,HUM,-0.0267133695307961,Sell
2023-07-19,NTAP,0.00013765050617517427,Buy
2023-07-19,WSM,0.0005874949205663844,Buy
2023-07-19,NWSA,0.02631578947368421,Buy
2023-07-19,BX,0.0003252782132323988,Buy
2023-07-19,MRVL,0.026271316070083525,Buy
2023-07-19,PCG,-0.02666911689233035,Sell
2023-07-19,DUK,-0.02653762747055196,Sell
2023-07-19,CME,0.02631578947368421,Buy
2023-07-19,CLX,-0.00013061755115950646,Sell
2023-07-19,PRGO,-0.02631578947368421,Sell
2023-07-19,SYK,0.02631578947368421,Buy
2023-07-19,BSX,0.02631578947368421,Buy
2023-07-19,COF,0.0004361951215095805,Buy
2023-07-19,ENB,0.02631578947368421,Buy
2023-07-19,VZ,-0.054025877290958466,Sell
2023-07-19,CAT,3.1634130614712624e-05,Buy
2023-07-19,MRK,-7.56716509595079e-06,Sell
2023-07-19,BMY,-3.303946902455737e-05,Sell
2023-07-20,MET,0.02674575243411912,Buy
2023-07-20,BAX,0.0009274243274795466,Buy
2023-07-20,CF,0.0003815346543461322,Buy
2023-07-20,NVDA,0.02631578947368421,Buy
2023-07-20,WEN,-0.00022920112865048095,Sell
2023-07-20,DAL,0.00020778442619150822,Buy
2023-07-20,HYG,0.02631578947368421,Buy
2023-07-20,ICE,-0.02644045151963494,Sell
2023-07-20,QCOM,0.02631578947368421,Buy
2023-07-20,JNJ,-0.054369194348435484,Sell
2023-07-20,STI,-0.00013152027933696284,Sell
2023-07-20,KMB,0.02631578947368421,Buy
2023-07-20,NDAQ,0.00029851417572195407,Buy
2023-07-20,HAS,0.02631578947368421,Buy
2023-07-20,TRV,-0.026923340751089743,Sell
2023-07-20,DPZ,-0.00017183103475806177,Sell
2023-07-20,VTR,-0.02631578947368421,Sell
2023-07-20,EWC,0.02631578947368421,Buy
2023-07-20,BDX,-0.05364605821758531,Sell
2023-07-20,WFC,-0.02631578947368421,Sell
2023-07-20,QQQ,0.02583764659124624,Buy
2023-07-20,SIRI,0.011307796712349487,Buy
2023-07-20,HTZ,0.05179858243070194,Buy
2023-07-20,ORCL,0.025821166857062056,Buy
2023-07-20,CCL,0.02631578947368421,Buy
2023-07-20,TSM,0.02631578947368421,Buy
2023-07-20,ALK,-3.854251703023018e-05,Sell
2023-07-20,XRT,0.026083565005127533,Buy
2023-07-20,ILMN,-7.9924949391557e-05,Sell
2023-07-20,KGC,0.0004847208833646116,Buy
2023-07-20,TRP,-0.027009291193019615,Sell
2023-07-20,KO,-0.02631578947368421,Sell
2023-07-20,ULTA,0.0003657586010968397,Buy
2023-07-20,RL,0.02616144920542496,Buy
2023-07-20,NTAP,0.00038495727671856647,Buy
2023-07-20,WSM,7.087847052692289e-05,Buy
2023-07-20,NWSA,0.00022285890764744617,Buy
2023-07-20,BX,-2.9841780405326368e-05,Sell
2023-07-20,MRVL,0.02631578947368421,Buy
2023-07-20,NTES,-0.02631578947368421,Sell
2023-07-20,CME,-0.026593464297238564,Sell
2023-07-20,CLX,-0.00010759040938099901,Sell
2023-07-20,PRGO,0.0008730393520415304,Buy
2023-07-20,SYK,-0.026587416758943674,Sell
2023-07-20,BSX,-0.053329032711387364,Sell
2023-07-20,COF,0.025781420037574748,Buy
2023-07-20,ENB,-0.00044021660011037134,Sell
2023-07-20,VZ,0.026190383596842486,Buy
2023-07-20,CAT,-3.556438590872346e-05,Sell
2023-07-20,MRK,-0.02707385990976496,Sell
2023-07-20,BMY,-0.05349182783511116,Sell
2023-07-21,MET,-0.02631578947368421,Sell
2023-07-21,PPG,0.02631578947368421,Buy
2023-07-21,BAX,-0.0005549911832025273,Sell
2023-07-21,A,-0.02631578947368421,Sell
2023-07-21,CF,-0.00016112447337651714,Sell
2023-07-21,HP,-0.02631578947368421,Sell
2023-07-21,NVDA,0.0008633672058519191,Buy
2023-07-21,WEN,0.0003120630373559148,Buy
2023-07-21,DAL,0.026072872331750305,Buy
2023-07-21,HYG,0.00010165478723875646,Buy
2023-07-21,NSC,0.02631578947368421,Buy
2023-07-21,CAG,-0.02631578947368421,Sell
2023-07-21,QCOM,-0.053330254485821,Sell
2023-07-21,JNJ,0.02642913579277809,Buy
2023-07-21,STI,0.0004118789205771363,Buy
2023-07-21,KMB,-0.026590095921787647,Sell
2023-07-21,NDAQ,-0.0004120419828133569,Sell
2023-07-21,HAS,-0.026197201799584364,Sell
2023-07-21,TRV,0.02631578947368421,Buy
2023-07-21,DPZ,-0.00032886766761414457,Sell
2023-07-21,VTR,-0.00025192714770512145,Sell
2023-07-21,DHI,-0.02631578947368421,Sell
2023-07-21,EWC,7.979047797539857e-05,Buy
2023-07-21,BDX,0.026290012986841554,Buy
2023-07-21,WFC,0.02549893479520272,Buy
2023-07-21,EWI,0.02631578947368421,Buy
2023-07-21,SIRI,-0.0026117852547892194,Sell
2023-07-21,HTZ,-0.02619108799055647,Sell
2023-07-21,ORCL,-0.02631578947368421,Sell
2023-07-21,CCL,-0.00017300485419513914,Sell
2023-07-21,TSM,0.00033072351207203907,Buy
2023-07-21,ALK,-0.00013388739357251406,Sell
2023-07-21,KEY,-0.02631578947368421,Sell
2023-07-21,ILMN,-0.02704535626380211,Sell
2023-07-21,KGC,0.00016773273251769263,Buy
2023-07-21,KO,0.02616901181847069,Buy
2023-07-21,ULTA,0.00029441638981247964,Buy
2023-07-21,PVH,0.02631578947368421,Buy
2023-07-21,HUM,-0.02631578947368421,Sell
2023-07-21,NTAP,0.025965173896356834,Buy
2023-07-21,WSM,0.02579153825322792,Buy
2023-07-21,NWSA,0.00047025287943552874,Buy
2023-07-21,BX,0.025510828210966573,Buy
2023-07-21,LOW,-0.02631578947368421,Sell
2023-07-21,MRVL,-0.026226640243909433,Sell
2023-07-21,NTES,-0.0002391697671152368,Sell
2023-07-21,CLX,-3.1846703081081507e-05,Sell
2023-07-21,PRGO,0.026281761172791376,Buy
2023-07-21,CSIQ,-0.02631578947368421,Sell
2023-07-21,BSX,0.026001322786671475,Buy
2023-07-21,XLE,0.02631578947368421,Buy
2023-07-21,ENB,-0.02623925724147258,Sell
2023-07-21,MT,0.02631578947368421,Buy
2023-07-21,CAT,-0.0005122509525514359,Sell
2023-07-21,BMY,0.026521192968487976,Buy
2023-07-24,MET,0.0003275248696291387,Buy
2023-07-24,PPG,0.0006207766713098584,Buy
2023-07-24,BAX,-0.00015947240704949905,Sell
2023-07-24,A,0.026328629469158437,Buy
2023-07-24,CF,0.0004948260793726511,Buy
2023-07-24,HP,0.0007150076002777998,Buy
2023-07-24,NVDA,-0.00017212431030464576,Sell
2023-07-24,WEN,0.00025114700147360267,Buy
2023-07-24,DAL,0.02631578947368421,Buy
2023-07-24,HYG,-0.026262637482137665,Sell
2023-07-24,NSC,-0.026574470765513263,Sell
2023-07-24,RRC,-0.02631578947368421,Sell
2023-07-24,CAG,0.026284307998793326,Buy
2023-07-24,QCOM,0.02617723122398329,Buy
2023-07-24,STI,7.776106093562024e-06,Buy
2023-07-24,NDAQ,-0.00016861510508550323,Sell
2023-07-24,TRV,-0.0002997282742937084,Sell
2023-07-24,DPZ,2.3624030733689766e-05,Buy
2023-07-24,VTR,0.026387683640789267,Buy
2023-07-24,DHI,0.0004933145939718143,Buy
2023-07-24,EWC,-0.00014654379602170586,Sell
2023-07-24,BDX,-0.02631578947368421,Sell
2023-07-24,WFC,-0.02631578947368421,Sell
2023-07-24,EWI,-0.02633195789335285,Sell
2023-07-24,SIRI,-0.004020866689717104,Sell
2023-07-24,ANF,-0.02631578947368421,Sell
2023-07-24,ORCL,8.614198572317808e-05,Buy
2023-07-24,CCL,-0.02626387512322567,Sell
2023-07-24,TSM,-0.026578533637773533,Sell
2023-07-24,ALK,0.025909628098431496,Buy
2023-07-24,KEY,0.027366783146379362,Buy
2023-07-24,ILMN,0.02631578947368421,Buy
2023-07-24,KGC,0.00032159358084221656,Buy
2023-07-24,TRP,0.02631578947368421,Buy
2023-07-24,ULTA,0.00031882098372653864,Buy
2023-07-24,PVH,-0.026421303942865713,Sell
2023-07-24,EW,0.02631578947368421,Buy
2023-07-24,RL,-0.02631578947368421,Sell
2023-07-24,HUM,0.02610936459595995,Buy
2023-07-24,NTAP,0.02631578947368421,Buy
2023-07-24,WSM,-0.02631578947368421,Sell
2023-07-24,NWSA,0.0004228103015237218,Buy
2023-07-24,BX,-0.02631578947368421,Sell
2023-07-24,LOW,0.02633276825869012,Buy
2023-07-24,PCG,0.02631578947368421,Buy
2023-07-24,NTES,0.0008596327608240521,Buy
2023-07-24,CLX,0.0001124843735743064,Buy
2023-07-24,SYK,0.02631578947368421,Buy
2023-07-24,CSIQ,0.026399018405217974,Buy
2023-07-24,XLE,-0.026732432282094213,Sell
2023-07-24,ZUMZ,-0.02631578947368421,Sell
2023-07-24,MT,-0.026604360064636023,Sell
2023-07-24,VZ,-0.02631578947368421,Sell
2023-07-24,CAT,0.0001678532072685139,Buy
2023-07-24,MRK,0.02631578947368421,Buy
2023-07-25,MET,-8.939081740541935e-05,Sell
2023-07-25,PPG,-0.026542707011637218,Sell
2023-07-25,BAX,0.0003047527973371114,Buy
2023-07-25,CF,0.0001943824303026545,Buy
2023-07-25,HP,0.00015196649992530592,Buy
2023-07-25,HOG,-0.02631578947368421,Sell
2023-07-25,XLP,0.02631578947368421,Buy
2023-07-25,NVDA,-0.026966790199244303,Sell
2023-07-25,WEN,0.00011416306800395015,Buy
2023-07-25,DAL,0.0005557950907246409,Buy
2023-07-25,RRC,0.026424117197519255,Buy
2023-07-25,STI,-2.1090108598135343e-05,Sell
2023-07-25,KMB,0.02631578947368421,Buy
2023-07-25,NDAQ,-3.140645577279916e-05,Sell
2023-07-25,HAS,0.02631578947368421,Buy
2023-07-25,TRV,0.0003886406053360582,Buy
2023-07-25,DPZ,0.0007820484949290323,Buy
2023-07-25,DHI,0.00022163338939990007,Buy
2023-07-25,EWC,-0.026256431227717536,Sell
2023-07-25,BDX,0.0003352824918661339,Buy
2023-07-25,WFC,0.025803566103727783,Buy
2023-07-25,EOG,-0.02631578947368421,Sell
2023-07-25,SIRI,-0.0037977571585636437,Sell
2023-07-25,ANF,0.026683698058993392,Buy
2023-07-25,HTZ,0.02631578947368421,Buy
2023-07-25,ORCL,-5.6757592399349355e-06,Sell
2023-07-25,ALK,0.02631578947368421,Buy
2023-07-25,KEY,0.02631578947368421,Buy
2023-07-25,ILMN,-0.00020033995691919743,Sell
2023-07-25,KGC,-0.02654884928704112,Sell
2023-07-25,GOLD,-0.02631578947368421,Sell
2023-07-25,TRP,0.0012126011379128832,Buy
2023-07-25,ULTA,0.00015442336409207322,Buy
2023-07-25,EW,-0.026417561136006823,Sell
2023-07-25,RL,0.02626105319770595,Buy
2023-07-25,HUM,-0.02631578947368421,Sell
2023-07-25,NTAP,-0.05285745959695826,Sell
2023-07-25,WSM,0.0009101694029867505,Buy
2023-07-25,NWSA,4.6999104879812126e-05,Buy
2023-07-25,BX,-0.00016178639165902176,Sell
2023-07-25,PCG,-0.026454718836854362,Sell
2023-07-25,NTES,0.00017325371117402413,Buy
2023-07-25,CLX,0.00034384767558561305,Buy
2023-07-25,OHI,0.02631578947368421,Buy
2023-07-25,SYK,-0.026353181332265663,Sell
2023-07-25,BSX,0.02631578947368421,Buy
2023-07-25,ZUMZ,-0.000162391792307804,Sell
2023-07-25,VZ,0.02653840053097879,Buy
2023-07-25,CAT,0.00029422961219017357,Buy
2023-07-25,MRK,0.00028394166405443927,Buy
2023-07-26,MET,0.000432395361139995,Buy
2023-07-26,PPG,0.02631578947368421,Buy
2023-07-26,BAX,0.026348013498358556,Buy
2023-07-26,CF,0.0001361430672232461,Buy
2023-07-26,HP,8.136557880956269e-05,Buy
2023-07-26,HOG,0.0002191535419918851,Buy
2023-07-26,XLP,-0.026298420606367164,Sell
2023-07-26,NVDA,0.02631578947368421,Buy
2023-07-26,WEN,-0.00028429109599974536,Sell
2023-07-26,DAL,-0.02626161856236278,Sell
2023-07-26,RRC,-0.02631578947368421,Sell
2023-07-26,CAG,0.02631578947368421,Buy
2023-07-26,GREK,-0.02631578947368421,Sell
2023-07-26,STI,2.3759711175491693e-05,Buy
2023-07-26,KMB,0.0002520646203174083,Buy
2023-07-26,NDAQ,0.00012566901138282016,Buy
2023-07-26,HAS,-0.026432323214520572,Sell
2023-07-26,TRV,-0.0002628094341312025,Sell
2023-07-26,DPZ,0.00023662270329913998,Buy
2023-07-26,DHI,0.025794062789691572,Buy
2023-07-26,BDX,0.02621998937037794,Buy
2023-07-26,WFC,-0.02631578947368421,Sell
2023-07-26,EOG,0.026434890674388114,Buy
2023-07-26,SIRI,-0.0012773905718361338,Sell
2023-07-26,ANF,-0.02631578947368421,Sell
2023-07-26,HTZ,1.9199977942589014e-05,Buy
2023-07-26,ORCL,0.052037450448723786,Buy
2023-07-26,ALK,0.00022297755655222365,Buy
2023-07-26,XRT,-0.02631578947368421,Sell
2023-07-26,KEY,-0.028075690297389464,Sell
2023-07-26,ILMN,-0.00020673249905531557,Sell
2023-07-26,GOLD,0.026623274260463906,Buy
2023-07-26,TRP,-0.00012265279821255942,Sell
2023-07-26,ULTA,-0.026447566493416452,Sell
2023-07-26,HUM,-0.00040291628312306635,Sell
2023-07-26,NTAP,0.026047995019389925,Buy
2023-07-26,WSM,0.00038621428612932093,Buy
2023-07-26,NWSA,0.0001710687089660108,Buy
2023-07-26,BX,2.9481812098375998e-05,Buy
2023-07-26,NTES,0.0006440919291642623,Buy
2023-07-26,RF,-0.02631578947368421,Sell
2023-07-26,HMC,0.02631578947368421,Buy
2023-07-26,CME,-0.02631578947368421,Sell
2023-07-26,CLX,-6.6506335998643e-05,Sell
2023-07-26,OHI,0.0004180242008403369,Buy
2023-07-26,BSX,5.352784196445762e-05,Buy
2023-07-26,XLE,-0.02631578947368421,Sell
2023-07-26,ZUMZ,0.0003909241160000472,Buy
2023-07-26,CAT,0.02589240462157521,Buy
2023-07-26,MRK,0.0001437851122891888,Buy
2023-07-27,MET,-0.00012258749606984878,Sell
2023-07-27,PPG,0.0001491981458539883,Buy
2023-07-27,CF,4.517225231008906e-05,Buy
2023-07-27,HP,0.0013132748612181867,Buy
2023-07-27,HOG,0.00012120792104718114,Buy
2023-07-27,NVDA,-0.026676333746983295,Sell
2023-07-27,WEN,-0.000124656582171985,Sell
2023-07-27,DAL,0.02631578947368421,Buy
2023-07-27,ICE,0.02631578947368421,Buy
2023-07-27,RRC,0.02598277398644788,Buy
2023-07-27,CAG,-5.239095645389463e-05,Sell
2023-07-27,GREK,0.052163661084369595,Buy
2023-07-27,QCOM,-0.02631578947368421,Sell
2023-07-27,STI,-0.0001001720972415715,Sell
2023-07-27,KMB,0.0002142781769047565,Buy
2023-07-27,NDAQ,0.00023702608934410632,Buy
2023-07-27,HAS,0.02631578947368421,Buy
2023-07-27,TRV,-0.026523653334913178,Sell
2023-07-27,DPZ,0.00018046561031241984,Buy
2023-07-27,VTR,0.02631578947368421,Buy
2023-07-27,BDX,-0.02631578947368421,Sell
2023-07-27,WFC,0.026034855587041758,Buy
2023-07-27,SIRI,-0.0003319946112714141,Sell
2023-07-27,ANF,0.0002707737647414908,Buy
2023-07-27,HTZ,-0.023338516639462136,Sell
2023-07-27,ORCL,-0.05293759151691111,Sell
2023-07-27,CCL,-0.02631578947368421,Sell
2023-07-27,ALK,0.00029722707397782447,Buy
2023-07-27,XRT,0.026124899551106646,Buy
2023-07-27,ILMN,-0.02621009624901056,Sell
2023-07-27,TRP,0.0008119510404352749,Buy
2023-07-27,ULTA,-0.02631578947368421,Sell
2023-07-27,PVH,0.02631578947368421,Buy
2023-07-27,EW,0.02631578947368421,Buy
2023-07-27,HUM,0.02658039204688628,Buy
2023-07-27,WSM,0.0002081704046752418,Buy
2023-07-27,NWSA,-0.026512267712544613,Sell
2023-07-27,BX,-0.000260585343479499,Sell
2023-07-27,LOW,-0.02631578947368421,Sell
2023-07-27,NTES,-0.0003821393340748061,Sell
2023-07-27,RF,0.026063393524578888,Buy
2023-07-27,HMC,-0.026407585152078875,Sell
2023-07-27,CME,0.026404003760222894,Buy
2023-07-27,CLX,0.00038627600157599765,Buy
2023-07-27,OHI,-3.461843403727502e-05,Sell
2023-07-27,SYK,0.02631578947368421,Buy
2023-07-27,BSX,-0.026536949627449197,Sell
2023-07-27,XLE,-6.849002205638541e-05,Sell
2023-07-27,ZUMZ,-1.1997483075860266e-05,Sell
2023-07-27,CAT,-0.02631578947368421,Sell
2023-07-27,MRK,0.00036088956476768366,Buy
2023-07-28,MET,0.00020392847932910324,Buy
2023-07-28,PPG,-0.026529263393368134,Sell
2023-07-28,AMTD,0.02631578947368421,Buy
2023-07-28,A,0.02631578947368421,Buy
2023-07-28,CF,2.1136274616570527e-05,Buy
2023-07-28,HP,-1.0254929531505058e-05,Sell
2023-07-28,HOG,0.0008169446799177679,Buy
2023-07-28,WEN,8.126880601369568e-05,Buy
2023-07-28,DAL,-0.026400656737650734,Sell
2023-07-28,ICE,-0.0001481576839497574,Sell
2023-07-28,CAG,-0.02663570330837778,Sell
2023-07-28,GREK,-2.791939352460651e-05,Sell
2023-07-28,QCOM,0.0008641770079147737,Buy
2023-07-28,STI,-7.731079303971433e-05,Sell
2023-07-28,KMB,-0.00012245919258012383,Sell
2023-07-28,NDAQ,-0.02653358810062068,Sell
2023-07-28,HAS,-2.656264565105773e-05,Sell
2023-07-28,TRV,0.02631578947368421,Buy
2023-07-28,DPZ,-9.372029083864336e-06,Sell
2023-07-28,VTR,-0.02648952833224147,Sell
2023-07-28,DHI,-0.02631578947368421,Sell
2023-07-28,BDX,-0.0002024285910211289,Sell
2023-07-28,EBAY,0.02631578947368421,Buy
2023-07-28,EOG,-0.02631578947368421,Sell
2023-07-28,QQQ,-0.02631578947368421,Sell
2023-07-28,SIRI,0.0017498747394559082,Buy
2023-07-28,ANF,0.02710961733108619,Buy
2023-07-28,HTZ,0.02631578947368421,Buy
2023-07-28,ORCL,0.026324920938279817,Buy
2023-07-28,CCL,0.0004936695415880717,Buy
2023-07-28,ALK,-0.026967182668012634,Sell
2023-07-28,TRP,0.0010936004428030652,Buy
2023-07-28,D,0.02631578947368421,Buy
2023-07-28,ULTA,0.02623771295617897,Buy
2023-07-28,PVH,-0.02753211328941301,Sell
2023-07-28,EW,-0.00044411494922003136,Sell
2023-07-28,HUM,-0.02631578947368421,Sell
2023-07-28,NTAP,0.02631578947368421,Buy
2023-07-28,WSM,0.000703420851014127,Buy
2023-07-28,BX,0.0007620566746241661,Buy
2023-07-28,LOW,0.026439343395021363,Buy
2023-07-28,DUK,0.02631578947368421,Buy
2023-07-28,NTES,0.000472529861570873,Buy
2023-07-28,RF,-0.02631578947368421,Sell
2023-07-28,CLX,-0.026950362912540837,Sell
2023-07-28,OHI,-0.00011057499455590161,Sell
2023-07-28,SYK,-0.026510716041234533,Sell
2023-07-28,XLE,0.02649822508165025,Buy
2023-07-28,ENB,0.02631578947368421,Buy
2023-07-28,ZUMZ,0.00032749948670539666,Buy
2023-07-28,CAT,0.00032003999066793076,Buy
2023-07-28,MRK,-0.0003707098001392503,Sell
2023-07-31,MET,0.02645961152583691,Buy
2023-07-31,MNST,0.02631578947368421,Buy
2023-07-31,PPG,0.02631578947368421,Buy
2023-07-31,AMTD,-0.026462585301055875,Sell
2023-07-31,BAX,0.02631578947368421,Buy
2023-07-31,A,0.0009210357000174509,Buy
2023-07-31,CF,0.0002466128442278129,Buy
2023-07-31,HP,0.00016078887539990733,Buy
2023-07-31,HOG,0.026212653387400052,Buy
2023-07-31,XLP,0.02631578947368421,Buy
2023-07-31,WEN,-2.0568761197905377e-05,Sell
2023-07-31,DAL,-0.02631578947368421,Sell
2023-07-31,NSC,0.02631578947368421,Buy
2023-07-31,ICE,0.00010380174746031298,Buy
2023-07-31,GREK,-0.02632102225053795,Sell
2023-07-31,QCOM,0.0005176847632943106,Buy
2023-07-31,JNJ,0.02631578947368421,Buy
2023-07-31,STI,2.8454299412897927e-05,Buy
2023-07-31,KMB,0.00029451137703640287,Buy
2023-07-31,HAS,-0.05368853231624078,Sell
2023-07-31,TRV,0.00012707371101623385,Buy
2023-07-31,DPZ,-0.00029993041847031776,Sell
2023-07-31,DHI,0.026178105671795536,Buy
2023-07-31,BDX,0.02612791301727876,Buy
2023-07-31,EBAY,0.0003204716890034022,Buy
2023-07-31,EOG,0.0003396115179185276,Buy
2023-07-31,QQQ,-1.4740608995082727e-05,Sell
2023-07-31,SIRI,-7.98935562712523e-05,Sell
2023-07-31,HTZ,-0.02777063404458447,Sell
2023-07-31,CCL,0.0004691439836192711,Buy
2023-07-31,KEY,0.02631578947368421,Buy
2023-07-31,TRP,-0.0012793725664378697,Sell
2023-07-31,D,-0.026311902886573535,Sell
2023-07-31,ULTA,-0.02631578947368421,Sell
2023-07-31,EW,0.0005526936441392002,Buy
2023-07-31,HUM,0.00017625152211916267,Buy
2023-07-31,NTAP,-0.026549390732842418,Sell
2023-07-31,WSM,0.0259098300509626,Buy
2023-07-31,BX,-9.351775661521622e-05,Sell
2023-07-31,DUK,-0.0263661895113907,Sell
2023-07-31,NTES,2.969351859983052e-05,Buy
2023-07-31,RF,0.026443119517623497,Buy
2023-07-31,CP,0.02631578947368421,Buy
2023-07-31,CLX,0.02631578947368421,Buy
2023-07-31,OHI,-0.0266211435841185,Sell
2023-07-31,SYK,-0.02631578947368421,Sell
2023-07-31,BSX,0.02631578947368421,Buy
2023-07-31,M,-0.02631578947368421,Sell
2023-07-31,ENB,-0.05287740301298796,Sell
2023-07-31,ZUMZ,-0.00011181719926197861,Sell
2023-07-31,CAT,0.00044999442792779606,Buy
2023-07-31,MRK,-0.02636396948603079,Sell
2023-08-01,MET,-0.02631578947368421,Sell
2023-08-01,MNST,-0.026423839121274814,Sell
2023-08-01,PPG,-0.026624943264395153,Sell
2023-08-01,BAX,-0.02618925365254338,Sell
2023-08-01,A,-0.0001607985234458771,Sell
2023-08-01,CF,-0.00024924336680360107,Sell
2023-08-01,HP,-0.00019846914439395832,Sell
2023-08-01,XLP,0.000135155455433765,Buy
2023-08-01,WEN,0.00011517856942994814,Buy
2023-08-01,DAL,0.02583374390744665,Buy
2023-08-01,NSC,-0.026365928618626827,Sell
2023-08-01,ICE,-0.026378140058221568,Sell
2023-08-01,GREK,0.02631578947368421,Buy
2023-08-01,QCOM,0.026305178060022492,Buy
2023-08-01,JNJ,-0.026536805354253963,Sell
2023-08-01,STI,-7.318818347517436e-06,Sell
2023-08-01,KMB,1.3073741901105385e-05,Buy
2023-08-01,HAS,3.2477062238689403e-06,Buy
2023-08-01,TRV,3.8433110692129985e-05,Buy
2023-08-01,DPZ,0.00020039205488980166,Buy
2023-08-01,EWC,0.02631578947368421,Buy
2023-08-01,EBAY,0.0005545071155569695,Buy
2023-08-01,EOG,0.026168187795795834,Buy
2023-08-01,QQQ,0.026262047145045934,Buy
2023-08-01,SIRI,-0.0006120505396053876,Sell
2023-08-01,ORCL,-0.02631578947368421,Sell
2023-08-01,CCL,0.025135494129105703,Buy
2023-08-01,ALK,0.02631578947368421,Buy
2023-08-01,MAR,-0.02631578947368421,Sell
2023-08-01,KEY,-0.025638832728076936,Sell
2023-08-01,WMB,0.02631578947368421,Buy
2023-08-01,TRP,0.00016146322575764926,Buy
2023-08-01,ULTA,-0.0001435885707257896,Sell
2023-08-01,RL,-0.02631578947368421,Sell
2023-08-01,HUM,8.107374979595544e-05,Buy
2023-08-01,NTAP,-0.02631578947368421,Sell
2023-08-01,WSM,-0.02631578947368421,Sell
2023-08-01,BX,0.0003313640374216671,Buy
2023-08-01,MRVL,-0.02631578947368421,Sell
2023-08-01,PCG,0.02631578947368421,Buy
2023-08-01,DUK,0.02631578947368421,Buy
2023-08-01,NTES,0.0002324445166803149,Buy
2023-08-01,CP,0.00032535859346584026,Buy
2023-08-01,CLX,-4.9019031158347576e-05,Sell
2023-08-01,SYK,-0.00037720341322369094,Sell
2023-08-01,BSX,-2.7626406817984894e-05,Sell
2023-08-01,M,0.025910566613160088,Buy
2023-08-01,ENB,0.026008374347013814,Buy
2023-08-01,ZUMZ,-0.0001043379466004607,Sell
2023-08-01,CAT,0.0023381449815444086,Buy
2023-08-01,MRK,0.02631578947368421,Buy
2023-08-02,MET,-0.00010953777324156436,Sell
2023-08-02,AMTD,-0.02631578947368421,Sell
2023-08-02,BAX,0.02631578947368421,Buy
2023-08-02,A,-0.053671552182798524,Sell
2023-08-02,CF,-0.0002836519295421995,Sell
2023-08-02,HP,0.00012051027208850526,Buy
2023-08-02,XLP,-0.02632951467112822,Sell
2023-08-02,NVDA,0.02631578947368421,Buy
2023-08-02,WEN,-3.0083272144404427e-05,Sell
2023-08-02,NSC,0.02631578947368421,Buy
2023-08-02,RRC,-0.02631578947368421,Sell
2023-08-02,GREK,0.0004618105838014516,Buy
2023-08-02,STI,-0.026433301540198514,Sell
2023-08-02,KMB,-0.026331073168321745,Sell
2023-08-02,HAS,0.02616232560326079,Buy
2023-08-02,TRV,0.00026453610583535014,Buy
2023-08-02,DPZ,-0.00016892442154055679,Sell
2023-08-02,EWC,0.0006032456602266811,Buy
2023-08-02,EBAY,-0.026355938201226968,Sell
2023-08-02,QQQ,0.02631578947368421,Buy
2023-08-02,EWI,-0.02631578947368421,Sell
2023-08-02,SIRI,-0.00018566760159809126,Sell
2023-08-02,ANF,0.02631578947368421,Buy
2023-08-02,HTZ,0.02631578947368421,Buy
2023-08-02,ORCL,0.02574597189269474,Buy
2023-08-02,ALK,-0.026246436937706782,Sell
2023-08-02,MAR,-0.00023791977070295942,Sell
2023-08-02,GOLD,0.02631578947368421,Buy
2023-08-02,WMB,0.0004034395418888552,Buy
2023-08-02,TRP,-0.00019205824176358674,Sell
2023-08-02,ULTA,0.025997599711861344,Buy
2023-08-02,EW,-0.025701500230247802,Sell
2023-08-02,RL,-0.0001440011376091649,Sell
2023-08-02,HUM,0.0013880699830329177,Buy
2023-08-02,NTAP,0.026099097656501084,Buy
2023-08-02,WSM,-0.00013336561344429523,Sell
2023-08-02,BX,0.025446538969984646,Buy
2023-08-02,LOW,0.02631578947368421,Buy
2023-08-02,MRVL,0.051031182310471594,Buy
2023-08-02,PCG,-0.0265681499937437,Sell
2023-08-02,DUK,-0.026343672751958487,Sell
2023-08-02,NTES,0.025551309918691038,Buy
2023-08-02,HMC,0.02631578947368421,Buy
2023-08-02,CP,0.00045486819963687364,Buy
2023-08-02,CLX,-0.026365173195237127,Sell
2023-08-02,PRGO,-0.02631578947368421,Sell
2023-08-02,SYK,-0.0005218347763249927,Sell
2023-08-02,CSIQ,-0.02631578947368421,Sell
2023-08-02,BSX,0.0007224147741023597,Buy
2023-08-02,M,-0.02631578947368421,Sell
2023-08-02,COF,0.02631578947368421,Buy
2023-08-02,ZUMZ,-8.03049702692224e-05,Sell
2023-08-02,CAT,-0.00017846114305594338,Sell
2023-08-02,MRK,-0.026340145071949574,Sell
2023-08-03,MET,0.0007859239494295359,Buy
2023-08-03,PPG,0.02631578947368421,Buy
2023-08-03,AMTD,0.026930670897546864,Buy
2023-08-03,BAX,-0.026417174810283748,Sell
2023-08-03,A,0.025849292144546343,Buy
2023-08-03,CF,0.00027320966605499583,Buy
2023-08-03,HP,0.0001364338329104403,Buy
2023-08-03,NVDA,-0.00023004550410223729,Sell
2023-08-03,WEN,-0.026411440596684183,Sell
2023-08-03,NSC,0.0001000466136999896,Buy
2023-08-03,ICE,0.02631578947368421,Buy
2023-08-03,RRC,0.0011481078166638292,Buy
2023-08-03,GREK,-0.026844340831918903,Sell
2023-08-03,QCOM,0.02631578947368421,Buy
2023-08-03,KMB,0.02631578947368421,Buy
2023-08-03,TRV,0.00017894291176287144,Buy
2023-08-03,DPZ,0.0002861708388292583,Buy
2023-08-03,DHI,0.02631578947368421,Buy
2023-08-03,EWC,5.276347339839768e-05,Buy
2023-08-03,WFC,-0.02631578947368421,Sell
2023-08-03,EOG,-0.02631578947368421,Sell
2023-08-03,QQQ,-0.02635683096881257,Sell
2023-08-03,EWI,0.026260971289298725,Buy
2023-08-03,SIRI,0.0001898015052016165,Buy
2023-08-03,ANF,-0.02645340823391853,Sell
2023-08-03,HTZ,0.00048594258144669597,Buy
2023-08-03,TSM,0.02631578947368421,Buy
2023-08-03,ALK,0.02631578947368421,Buy
2023-08-03,MAR,0.026054092808013563,Buy
2023-08-03,KEY,-0.02631578947368421,Sell
2023-08-03,GOLD,0.00028506841184182397,Buy
2023-08-03,WMB,-0.05331063732528195,Sell
2023-08-03,TRP,-0.0003032869819332394,Sell
2023-08-03,RL,0.026545718208333652,Buy
2023-08-03,HUM,0.0002689007249920862,Buy
2023-08-03,NTAP,-0.02631578947368421,Sell
2023-08-03,WSM,0.0007940550352910566,Buy
2023-08-03,LOW,0.00023529187181541011,Buy
2023-08-03,MRVL,-0.026501152451507984,Sell
2023-08-03,DUK,0.02631578947368421,Buy
2023-08-03,NTES,-0.02631578947368421,Sell
2023-08-03,RF,-0.02631578947368421,Sell
2023-08-03,HMC,0.0004870729555673317,Buy
2023-08-03,CP,-0.02666613354784885,Sell
2023-08-03,CLX,-0.02631578947368421,Sell
2023-08-03,PRGO,0.02643550435367626,Buy
2023-08-03,OHI,0.02631578947368421,Buy
2023-08-03,SYK,0.02650009607911293,Buy
2023-08-03,CSIQ,0.025992886490223556,Buy
2023-08-03,BSX,-0.00021894941253025255,Sell
2023-08-03,XLE,-0.02631578947368421,Sell
2023-08-03,M,0.026415643266210806,Buy
2023-08-03,COF,-0.02632221972215119,Sell
2023-08-03,ZUMZ,0.00043478040301612314,Buy
2023-08-03,CAT,-0.0004784678683205368,Sell
2023-08-04,MET,-0.0005233680405668378,Sell
2023-08-04,PPG,-0.0262078140558627,Sell
2023-08-04,CF,-0.0001588295184851811,Sell
2023-08-04,HP,-0.00049442845925474,Sell
2023-08-04,XLP,0.02631578947368421,Buy
2023-08-04,NVDA,-0.026250692948573844,Sell
2023-08-04,WEN,0.02631578947368421,Buy
2023-08-04,NSC,0.00046582884741670424,Buy
2023-08-04,ICE,-0.026604153742380166,Sell
2023-08-04,RRC,5.524118405987599e-05,Buy
2023-08-04,QCOM,-0.0004548998231544178,Sell
2023-08-04,KMB,0.0003429583671511194,Buy
2023-08-04,TRV,0.0002778278983303836,Buy
2023-08-04,DPZ,-0.000553019803480246,Sell
2023-08-04,DHI,-0.05306752308095233,Sell
2023-08-04,EWC,9.426206430049322e-05,Buy
2023-08-04,EBAY,0.02631578947368421,Buy
2023-08-04,WFC,0.025979968910590713,Buy
2023-08-04,EOG,0.02577839166104395,Buy
2023-08-04,EWI,0.02631578947368421,Buy
2023-08-04,SIRI,0.025365984540784908,Buy
2023-08-04,HTZ,-0.026927822670831356,Sell
2023-08-04,ORCL,0.02631578947368421,Buy
2023-08-04,CCL,0.02631578947368421,Buy
2023-08-04,TSM,-0.026478681291064017,Sell
2023-08-04,ALK,-0.02611463995376109,Sell
2023-08-04,MAR,-0.02631578947368421,Sell
2023-08-04,KEY,-0.0004227098714016317,Sell
2023-08-04,KGC,-0.02631578947368421,Sell
2023-08-04,GOLD,0.00022261155365117108,Buy
2023-08-04,WMB,0.026092999881233418,Buy
2023-08-04,TRP,0.0003853324480825697,Buy
2023-08-04,ULTA,-0.02631578947368421,Sell
2023-08-04,RL,-0.02631578947368421,Sell
2023-08-04,HUM,-0.0003161261858062904,Sell
2023-08-04,NTAP,0.02564597635450914,Buy
2023-08-04,WSM,0.025681917150281064,Buy
2023-08-04,NWSA,-0.02631578947368421,Sell
2023-08-04,LOW,0.0005773263624148268,Buy
2023-08-04,DUK,0.0004254006078177365,Buy
2023-08-04,NTES,0.02607206953710743,Buy
2023-08-04,RF,-2.1704037587191166e-05,Sell
2023-08-04,HMC,0.00011107452278911675,Buy
2023-08-04,CME,-0.02631578947368421,Sell
2023-08-04,CLX,0.02581999460404189,Buy
2023-08-04,PRGO,-0.02631578947368421,Sell
2023-08-04,OHI,-0.026412531422866235,Sell
2023-08-04,SYK,-0.02631578947368421,Sell
2023-08-04,BSX,-0.026071505864838505,Sell
2023-08-04,XLE,0.026189905969659744,Buy
2023-08-04,ZUMZ,-0.0005880874420103148,Sell
2023-08-04,MT,0.02631578947368421,Buy
2023-08-04,CAT,-0.000627592273892745,Sell
2023-08-04,MRK,0.02631578947368421,Buy
2023-08-04,BMY,0.02631578947368421,Buy
2023-08-07,MET,0.000512249135413919,Buy
2023-08-07,VWO,0.02631578947368421,Buy
2023-08-07,CF,0.026095814362542238,Buy
2023-08-07,HP,0.02595827887253249,Buy
2023-08-07,HOG,0.02631578947368421,Buy
2023-08-07,XLP,-0.026554196611684237,Sell
2023-08-07,WEN,-0.0003159717332020147,Sell
2023-08-07,DAL,-0.02631578947368421,Sell
2023-08-07,NSC,1.9035734700814655e-05,Buy
2023-08-07,RRC,0.0004973802767799622,Buy
2023-08-07,CAG,0.02631578947368421,Buy
2023-08-07,QCOM,0.0004450784710175147,Buy
2023-08-07,STI,0.02631578947368421,Buy
2023-08-07,KMB,-0.0001901561561247385,Sell
2023-08-07,TRV,-0.00025275744696709457,Sell
2023-08-07,DPZ,0.0002450249245566638,Buy
2023-08-07,VTR,0.02631578947368421,Buy
2023-08-07,DHI,0.026711914205194892,Buy
2023-08-07,EWC,-0.026437295541214986,Sell
2023-08-07,BDX,-0.02631578947368421,Sell
2023-08-07,EBAY,-0.02682842745485574,Sell
2023-08-07,WFC,-0.02631578947368421,Sell
2023-08-07,EWI,-0.00017892818323652845,Sell
2023-08-07,ORCL,-0.026721018932892082,Sell
2023-08-07,DLTR,0.02631578947368421,Buy
2023-08-07,CCL,-0.0013738917373954732,Sell
2023-08-07,MAR,0.0002463621218664197,Buy
2023-08-07,KEY,0.00031042811589806,Buy
2023-08-07,KGC,0.02596649454538637,Buy
2023-08-07,GOLD,0.0001330787566539149,Buy
2023-08-07,TRP,0.00013046331933288732,Buy
2023-08-07,D,0.02631578947368421,Buy
2023-08-07,ULTA,0.00012112324150315851,Buy
2023-08-07,RL,0.026314976734641136,Buy
2023-08-07,HUM,0.0005882717317700834,Buy
2023-08-07,WSM,-0.02631578947368421,Sell
2023-08-07,NWSA,0.0004603886639387954,Buy
2023-08-07,BX,-0.02631578947368421,Sell
2023-08-07,LOW,-4.44267365070361e-05,Sell
2023-08-07,DUK,-8.206005865622756e-05,Sell
2023-08-07,RF,0.0004960306107015151,Buy
2023-08-07,HMC,-0.026629248606165185,Sell
2023-08-07,CME,0.0004457365951680281,Buy
2023-08-07,PRGO,0.0002615014965458816,Buy
2023-08-07,OHI,-0.02631578947368421,Sell
2023-08-07,SYK,0.026576628317437918,Buy
2023-08-07,BSX,0.02631578947368421,Buy
2023-08-07,ZUMZ,9.104793290502095e-06,Buy
2023-08-07,MT,-0.026502858677708373,Sell
2023-08-07,CAT,0.0005195665218338807,Buy
2023-08-07,MRK,-0.026612387439514107,Sell
2023-08-07,BMY,-0.02633025414570533,Sell
2023-08-08,MET,-0.00014311627711793146,Sell
2023-08-08,AMTD,0.02631578947368421,Buy
2023-08-08,VWO,0.00013555198171784008,Buy
2023-08-08,HP,-0.02631578947368421,Sell
2023-08-08,HOG,-9.256461269652183e-05,Sell
2023-08-08,XLP,0.02631578947368421,Buy
2023-08-08,WEN,-0.026331768114807988,Sell
2023-08-08,DAL,0.00045875358197874916,Buy
2023-08-08,BUD,0.02631578947368421,Buy
2023-08-08,NSC,0.00041718803552519626,Buy
2023-08-08,RRC,0.00018474088187575566,Buy
2023-08-08,CAG,-0.02572775785160593,Sell
2023-08-08,GREK,0.02631578947368421,Buy
2023-08-08,QCOM,0.00023522924051339045,Buy
2023-08-08,STI,-0.0001371574198193136,Sell
2023-08-08,KMB,-0.05255477405177804,Sell
2023-08-08,HAS,-0.02631578947368421,Sell
2023-08-08,TRV,0.00021115820082988,Buy
2023-08-08,DPZ,9.203561489384143e-05,Buy
2023-08-08,VTR,-7.91341988143103e-05,Sell
2023-08-08,BDX,0.0007023212038313534,Buy
2023-08-08,WFC,0.02611245238360572,Buy
2023-08-08,EOG,-0.02631578947368421,Sell
2023-08-08,EWI,0.0002966304604974379,Buy
2023-08-08,SIRI,-0.02631578947368421,Sell
2023-08-08,DLTR,0.00039260786098038736,Buy
2023-08-08,CCL,3.8807811200379516e-05,Buy
2023-08-08,TSM,0.02631578947368421,Buy
2023-08-08,MAR,0.000364598815087977,Buy
2023-08-08,KEY,0.026211467596674795,Buy
2023-08-08,ILMN,-0.02631578947368421,Sell
2023-08-08,KGC,-0.02631578947368421,Sell
2023-08-08,GOLD,0.0004256745576173039,Buy
2023-08-08,TRP,-0.00044019574486187096,Sell
2023-08-08,D,-0.026522926162347936,Sell
2023-08-08,ULTA,0.026345920613533597,Buy
2023-08-08,HUM,0.026375406391770422,Buy
2023-08-08,WSM,0.00013904661289147052,Buy
2023-08-08,NWSA,0.026675461326599575,Buy
2023-08-08,BX,9.643760796910344e-05,Buy
2023-08-08,LOW,0.00014597465854742503,Buy
2023-08-08,DUK,-0.02718168849182263,Sell
2023-08-08,RF,0.026352069181151818,Buy
2023-08-08,CME,0.026037795595554646,Buy
2023-08-08,PRGO,0.002394281469254446,Buy
2023-08-08,OHI,0.026188417828057114,Buy
2023-08-08,BSX,-5.894173829281216e-05,Sell
2023-08-08,XLE,-0.02631578947368421,Sell
2023-08-08,M,-0.02631578947368421,Sell
2023-08-08,ZUMZ,0.02595810501740658,Buy
2023-08-08,CAT,0.0002536328046009069,Buy
2023-08-09,MET,0.02591962186335482,Buy
2023-08-09,PPG,0.02631578947368421,Buy
2023-08-09,AMTD,-0.0008457521165757542,Sell
2023-08-09,VWO,-0.026324232793028018,Sell
2023-08-09,CF,-0.02631578947368421,Sell
2023-08-09,HP,0.02587813727607773,Buy
2023-08-09,HOG,-0.026146531001717602,Sell
2023-08-09,XLP,-0.026318364504239144,Sell
2023-08-09,NVDA,0.02631578947368421,Buy
2023-08-09,DAL,0.025843494592905764,Buy
2023-08-09,BUD,-0.02636366257924849,Sell
2023-08-09,NSC,0.0002252157659736083,Buy
2023-08-09,RRC,5.8247827727783e-05,Buy
2023-08-09,CAG,0.02631578947368421,Buy
2023-08-09,GREK,2.2469214570528667e-05,Buy
2023-08-09,QCOM,-0.026036219367893087,Sell
2023-08-09,STI,3.6116699395526836e-05,Buy
2023-08-09,KMB,0.02633530620581091,Buy
2023-08-09,NDAQ,-0.02631578947368421,Sell
2023-08-09,HAS,0.00011592815573258433,Buy
2023-08-09,TRV,-0.026187313761574973,Sell
2023-08-09,DPZ,-0.00015430756114847774,Sell
2023-08-09,VTR,0.0006022705491748326,Buy
2023-08-09,BDX,0.026319869594588083,Buy
2023-08-09,WFC,0.02631578947368421,Buy
2023-08-09,EOG,0.0004571409338575798,Buy
2023-08-09,QQQ,0.02631578947368421,Buy
2023-08-09,EWI,-0.0001457468895653541,Sell
2023-08-09,SIRI,0.00029101980634836655,Buy
2023-08-09,ORCL,0.02631578947368421,Buy
2023-08-09,DLTR,-0.02656967918226283,Sell
2023-08-09,CCL,0.000989341173823613,Buy
2023-08-09,TSM,0.0001779584669957847,Buy
2023-08-09,MAR,-7.938891133538878e-05,Sell
2023-08-09,ILMN,-0.0002718655312419077,Sell
2023-08-09,KGC,1.623913300587837e-05,Buy
2023-08-09,GOLD,0.0002869306294241321,Buy
2023-08-09,WMB,-0.02631578947368421,Sell
2023-08-09,TRP,-0.02643938478523199,Sell
2023-08-09,ULTA,-0.02631578947368421,Sell
2023-08-09,WSM,0.02583342727289113,Buy
2023-08-09,TRIP,-0.02631578947368421,Sell
2023-08-09,BX,0.051663503748495126,Buy
2023-08-09,LOW,0.00018719298509275659,Buy
2023-08-09,MRVL,0.02631578947368421,Buy
2023-08-09,NTES,-0.02631578947368421,Sell
2023-08-09,HMC,-0.02631578947368421,Sell
2023-08-09,PRGO,-0.0007006729379348299,Sell
2023-08-09,BSX,-0.02652906443987052,Sell
2023-08-09,XLE,0.0002944450962111926,Buy
2023-08-09,M,-0.0004320472824379043,Sell
2023-08-09,COF,0.02631578947368421,Buy
2023-08-09,CAT,0.00011623382389358908,Buy
2023-08-10,MET,-0.02631578947368421,Sell
2023-08-10,PPG,-0.02633235988045588,Sell
2023-08-10,AMTD,0.00015629430007722128,Buy
2023-08-10,BAX,0.02631578947368421,Buy
2023-08-10,CF,0.02543963741334248,Buy
2023-08-10,HOG,-0.02631578947368421,Sell
2023-08-10,NVDA,8.803360148676095e-05,Buy
2023-08-10,AA,-0.02631578947368421,Sell
2023-08-10,NSC,-0.026268873501393723,Sell
2023-08-10,RRC,0.02554542231051317,Buy
2023-08-10,CAG,0.0001705086952543053,Buy
2023-08-10,GREK,0.0002244453707948811,Buy
2023-08-10,STI,-1.4681265016584094e-05,Sell
2023-08-10,KMB,0.02631578947368421,Buy
2023-08-10,NDAQ,0.0005625822722486046,Buy
2023-08-10,HAS,0.02594384224102992,Buy
2023-08-10,DPZ,0.00015955477520793182,Buy
2023-08-10,VTR,0.0005472954011776741,Buy
2023-08-10,DHI,0.02631578947368421,Buy
2023-08-10,WFC,-0.026300358129673105,Sell
2023-08-10,EOG,6.298756650633536e-05,Buy
2023-08-10,QQQ,-0.052694924202731544,Sell
2023-08-10,EWI,-0.02646208113671646,Sell
2023-08-10,SIRI,-0.00020114311274953972,Sell
2023-08-10,HTZ,-0.02631578947368421,Sell
2023-08-10,ORCL,1.0927117544672765e-05,Buy
2023-08-10,CCL,-0.00015189890922489777,Sell
2023-08-10,TSM,-0.026560209352045745,Sell
2023-08-10,MAR,0.0003046529851542523,Buy
2023-08-10,KEY,-0.02631578947368421,Sell
2023-08-10,ILMN,0.026420384283665527,Buy
2023-08-10,KGC,0.0001717161822867748,Buy
2023-08-10,GOLD,0.0005702806050758812,Buy
2023-08-10,WMB,0.026181119566621693,Buy
2023-08-10,TRP,0.02631578947368421,Buy
2023-08-10,ULTA,0.026378220917378542,Buy
2023-08-10,PVH,-0.02631578947368421,Sell
2023-08-10,RL,0.02631578947368421,Buy
2023-08-10,TRIP,0.026202185985932634,Buy
2023-08-10,BX,-0.026359411201179822,Sell
2023-08-10,LOW,-0.02647672243369454,Sell
2023-08-10,MRVL,0.00042898970524894026,Buy
2023-08-10,PCG,0.02631578947368421,Buy
2023-08-10,NTES,-2.209636571899598e-05,Sell
2023-08-10,RF,-0.02631578947368421,Sell
2023-08-10,HMC,0.02630578457636698,Buy
2023-08-10,PRGO,0.02603963802751714,Buy
2023-08-10,OHI,0.02631578947368421,Buy
2023-08-10,CSIQ,-0.02631578947368421,Sell
2023-08-10,BSX,0.02631578947368421,Buy
2023-08-10,XLE,1.1705813102579066e-05,Buy
2023-08-10,M,0.026347254453504918,Buy
2023-08-10,COF,0.0002843967326827297,Buy
2023-08-10,ZUMZ,-0.02631578947368421,Sell
2023-08-10,CAT,-5.1029647967520964e-05,Sell
2023-08-11,MET,0.0004380734285852998,Buy
2023-08-11,PPG,0.02631578947368421,Buy
2023-08-11,AMTD,0.00015019232732759943,Buy
2023-08-11,BAX,-0.026490908167759328,Sell
2023-08-11,CF,-0.02631578947368421,Sell
2023-08-11,HOG,0.051748144067285534,Buy
2023-08-11,NVDA,0.0009305783735660995,Buy
2023-08-11,DAL,0.02631578947368421,Buy
2023-08-11,AA,-0.0007149887195868308,Sell
2023-08-11,CAG,-0.026524293612562994,Sell
2023-08-11,GREK,0.0003918366750717585,Buy
2023-08-11,STI,-2.1950965216600837e-05,Sell
2023-08-11,KMB,-0.026374843307264695,Sell
2023-08-11,NDAQ,0.026056518464789732,Buy
2023-08-11,DPZ,-0.00025769038550661413,Sell
2023-08-11,VTR,0.0004315272801674701,Buy
2023-08-11,DHI,-0.026243866681681813,Sell
2023-08-11,EBAY,-0.02631578947368421,Sell
2023-08-11,EOG,0.00027920070775351233,Buy
2023-08-11,QQQ,0.02616982135338013,Buy
2023-08-11,EWI,0.02631578947368421,Buy
2023-08-11,SIRI,0.025847988287040585,Buy
2023-08-11,ANF,0.02631578947368421,Buy
2023-08-11,HTZ,0.0009166174371006454,Buy
2023-08-11,ORCL,-0.026354056216290778,Sell
2023-08-11,CCL,0.0008428244545112262,Buy
2023-08-11,TSM,0.02631578947368421,Buy
2023-08-11,MAR,3.711970041587673e-05,Buy
2023-08-11,KEY,0.02633774043890081,Buy
2023-08-11,ILMN,0.02631578947368421,Buy
2023-08-11,KGC,0.00012605669249297555,Buy
2023-08-11,GOLD,-7.529464246158052e-06,Sell
2023-08-11,WMB,-0.02631578947368421,Sell
2023-08-11,TRP,-0.02662796858074655,Sell
2023-08-11,PVH,0.025788079323905325,Buy
2023-08-11,RL,0.0001589453707907737,Buy
2023-08-11,NWSA,-0.02631578947368421,Sell
2023-08-11,TRIP,-0.02631578947368421,Sell
2023-08-11,LOW,-0.02631578947368421,Sell
2023-08-11,MRVL,0.0008004053828927771,Buy
2023-08-11,PCG,-0.026368010990299263,Sell
2023-08-11,NTES,0.05162457857489088,Buy
2023-08-11,RF,0.02624863336469075,Buy
2023-08-11,OHI,-0.02659058199488947,Sell
2023-08-11,SYK,0.02631578947368421,Buy
2023-08-11,CSIQ,-0.0009815380016155138,Sell
2023-08-11,BSX,-0.00010998414640100637,Sell
2023-08-11,XLE,0.00042650696270254973,Buy
2023-08-11,COF,-0.02629961616522319,Sell
2023-08-11,ENB,-0.02631578947368421,Sell
2023-08-11,ZUMZ,0.0009768367087547858,Buy
2023-08-11,VZ,-0.02631578947368421,Sell
2023-08-11,CAT,0.00015187458605918705,Buy
2023-08-14,MET,-0.00018725307424814763,Sell
2023-08-14,MNST,-0.02631578947368421,Sell
2023-08-14,CNC,-0.02631578947368421,Sell
2023-08-14,PPG,-0.02673389465375914,Sell
2023-08-14,AMTD,-0.025300848967010958,Sell
2023-08-14,CF,0.02569078287052757,Buy
2023-08-14,HP,0.02631578947368421,Buy
2023-08-14,HOG,-0.02653548414353068,Sell
2023-08-14,NVDA,-0.028017150893812823,Sell
2023-08-14,DAL,0.00011882846217710699,Buy
2023-08-14,AA,0.025973152422645005,Buy
2023-08-14,CAG,0.02631578947368421,Buy
2023-08-14,GREK,0.0003770751224354135,Buy
2023-08-14,STI,0.00015436683564337694,Buy
2023-08-14,KMB,0.02631578947368421,Buy
2023-08-14,TRV,0.02631578947368421,Buy
2023-08-14,DPZ,7.262167084611318e-05,Buy
2023-08-14,VTR,-0.026155312638458716,Sell
2023-08-14,EWC,0.02631578947368421,Buy
2023-08-14,MU,-0.02631578947368421,Sell
2023-08-14,EBAY,0.025885108463550136,Buy
2023-08-14,EOG,-0.0003224102878256717,Sell
2023-08-14,QQQ,-0.02631578947368421,Sell
2023-08-14,EWI,0.0001297953263177977,Buy
2023-08-14,ANF,-0.05375079185586667,Sell
2023-08-14,HTZ,0.0005844856613546438,Buy
2023-08-14,DLTR,0.02631578947368421,Buy
2023-08-14,CCL,9.204047059430814e-05,Buy
2023-08-14,TSM,-0.026468569923646428,Sell
2023-08-14,MAR,-0.000363899657310901,Sell
2023-08-14,XRT,-0.02631578947368421,Sell
2023-08-14,ILMN,-0.02538736278583348,Sell
2023-08-14,KGC,0.025646434725014423,Buy
2023-08-14,GOLD,0.000519803571138306,Buy
2023-08-14,WMB,0.025902619688088276,Buy
2023-08-14,ULTA,-0.02631578947368421,Sell
2023-08-14,RL,0.00023836930544124044,Buy
2023-08-14,HUM,-0.02631578947368421,Sell
2023-08-14,NWSA,0.0003136812764761958,Buy
2023-08-14,TRIP,-0.0008886091120403825,Sell
2023-08-14,LOW,0.00010293271830963055,Buy
2023-08-14,MRVL,-0.05361367002978337,Sell
2023-08-14,PCG,0.02631578947368421,Buy
2023-08-14,NTES,-0.026151268302650892,Sell
2023-08-14,RF,0.02631578947368421,Buy
2023-08-14,HMC,0.02631578947368421,Buy
2023-08-14,CME,-0.02631578947368421,Sell
2023-08-14,CP,0.02631578947368421,Buy
2023-08-14,PRGO,0.02631578947368421,Buy
2023-08-14,SYK,-0.02640995435701262,Sell
2023-08-14,CSIQ,0.02643244298452344,Buy
2023-08-14,BSX,-0.026315224456921582,Sell
2023-08-14,XLE,0.026050838744558272,Buy
2023-08-14,COF,0.02631578947368421,Buy
2023-08-14,ENB,0.025820439220602193,Buy
2023-08-14,ZUMZ,0.025041195013670397,Buy
2023-08-14,VZ,0.026318265753333535,Buy
2023-08-14,CAT,-0.0002167468486017482,Sell
2023-08-15,MET,0.051904808966465585,Buy
2023-08-15,MNST,-0.0003759158456185657,Sell
2023-08-15,CNC,0.02567485824674377,Buy
2023-08-15,CF,-0.02631578947368421,Sell
2023-08-15,HP,-0.02588165990252291,Sell
2023-08-15,DAL,0.0007388024545872049,Buy
2023-08-15,AA,-0.02631578947368421,Sell
2023-08-15,NSC,0.02631578947368421,Buy
2023-08-15,CAG,0.0005385355381447507,Buy
2023-08-15,GREK,0.0003369204770152581,Buy
2023-08-15,JNJ,-0.02631578947368421,Sell
2023-08-15,STI,-0.026296373876103528,Sell
2023-08-15,KMB,0.00021133094413898143,Buy
2023-08-15,HAS,0.02631578947368421,Buy
2023-08-15,TRV,0.00046066416488899434,Buy
2023-08-15,DPZ,-0.00026876365777093666,Sell
2023-08-15,DHI,-0.02631578947368421,Sell
2023-08-15,EWC,-0.02572882844689697,Sell
2023-08-15,MU,0.025160255947697344,Buy
2023-08-15,WFC,0.02631578947368421,Buy
2023-08-15,EOG,0.025828363130519824,Buy
2023-08-15,QQQ,-0.0002984653806435353,Sell
2023-08-15,EWI,0.0003566513891946031,Buy
2023-08-15,SIRI,-0.02631578947368421,Sell
2023-08-15,ANF,2.508967609308327e-05,Buy
2023-08-15,HTZ,-0.000520579894324618,Sell
2023-08-15,DLTR,0.00022166673979004403,Buy
2023-08-15,CCL,0.00036315995259704817,Buy
2023-08-15,MAR,-0.00012620843912969706,Sell
2023-08-15,XRT,0.02601797891773801,Buy
2023-08-15,KEY,-0.02631578947368421,Sell
2023-08-15,ILMN,0.02631578947368421,Buy
2023-08-15,KGC,-0.02631578947368421,Sell
2023-08-15,GOLD,0.0008229236414666816,Buy
2023-08-15,WMB,0.02631578947368421,Buy
2023-08-15,ULTA,0.026161039225289624,Buy
2023-08-15,RL,-0.025983604161293174,Sell
2023-08-15,HUM,0.026195885630840025,Buy
2023-08-15,NWSA,0.02543279713190767,Buy
2023-08-15,TRIP,-0.0015215936111599437,Sell
2023-08-15,BX,-0.02631578947368421,Sell
2023-08-15,LOW,0.026057727047770686,Buy
2023-08-15,MRVL,-0.00021806403032069432,Sell
2023-08-15,PCG,-0.025898870646387438,Sell
2023-08-15,RF,0.0007322337614462555,Buy
2023-08-15,HMC,-0.026151607321219777,Sell
2023-08-15,CME,0.026133336670146917,Buy
2023-08-15,CP,-0.0258286072875864,Sell
2023-08-15,PRGO,-0.02623563983951065,Sell
2023-08-15,OHI,0.02631578947368421,Buy
2023-08-15,CSIQ,-0.02631578947368421,Sell
2023-08-15,XLE,0.02631578947368421,Buy
2023-08-15,COF,0.0005614329292723159,Buy
2023-08-15,MT,-0.02631578947368421,Sell
2023-08-15,CAT,-0.0006820403402554298,Sell
2023-08-16,MET,-0.026191112648907115,Sell
2023-08-16,A,0.02631578947368421,Buy
2023-08-16,CF,-0.00017936772418201616,Sell
2023-08-16,HP,-0.02631578947368421,Sell
2023-08-16,DAL,0.0002535073663803046,Buy
2023-08-16,AA,-0.0009317617172872779,Sell
2023-08-16,NSC,-0.05243961860512885,Sell
2023-08-16,CAG,-0.026050513451542457,Sell
2023-08-16,GREK,5.400086651729044e-05,Buy
2023-08-16,JNJ,0.026192494929988236,Buy
2023-08-16,KMB,-0.026244905737874816,Sell
2023-08-16,HAS,-0.026526388871654805,Sell
2023-08-16,TRV,-0.02657983397176136,Sell
2023-08-16,DPZ,-0.0003539828610873881,Sell
2023-08-16,DHI,0.02541634988392173,Buy
2023-08-16,EWC,0.02631578947368421,Buy
2023-08-16,BBT,-0.02631578947368421,Sell
2023-08-16,WFC,0.00035334521462515936,Buy
2023-08-16,QQQ,0.02599782842039654,Buy
2023-08-16,EWI,0.00018959484151679848,Buy
2023-08-16,SIRI,-0.000541819415928152,Sell
2023-08-16,ANF,0.00029641175975762823,Buy
2023-08-16,HTZ,0.02581060037741216,Buy
2023-08-16,DLTR,-0.02623060091808409,Sell
2023-08-16,CCL,0.000719962187550216,Buy
2023-08-16,ALK,0.02631578947368421,Buy
2023-08-16,MAR,8.814338007039763e-05,Buy
2023-08-16,KEY,-0.0003113848473814615,Sell
2023-08-16,ILMN,0.0010070544272102432,Buy
2023-08-16,KGC,-0.0005860100549460248,Sell
2023-08-16,GOLD,3.2192049093150016e-05,Buy
2023-08-16,WMB,0.0002589487809864441,Buy
2023-08-16,TRP,0.02631578947368421,Buy
2023-08-16,NTAP,0.02631578947368421,Buy
2023-08-16,WSM,-0.02631578947368421,Sell
2023-08-16,NWSA,-0.02631578947368421,Sell
2023-08-16,TRIP,0.00048509186994694087,Buy
2023-08-16,BX,-0.0001933904142278585,Sell
2023-08-16,MRVL,0.02549826992568763,Buy
2023-08-16,RF,0.0003725071423192304,Buy
2023-08-16,HMC,0.02631578947368421,Buy
2023-08-16,CME,-0.02631578947368421,Sell
2023-08-16,OHI,0.00031818240042866264,Buy
2023-08-16,SYK,0.02631578947368421,Buy
2023-08-16,CSIQ,0.02595691773224024,Buy
2023-08-16,XLE,0.0002675389855000994,Buy
2023-08-16,COF,0.0005288305244403567,Buy
2023-08-16,MT,-0.000805532123585237,Sell
2023-08-16,CAT,-0.00031067191431143407,Sell
2023-08-17,MET,-0.02631578947368421,Sell
2023-08-17,MNST,0.025845978282186922,Buy
2023-08-17,A,-0.026209404329684955,Sell
2023-08-17,CF,0.00038491974026598486,Buy
2023-08-17,HP,0.000126727167345346,Buy
2023-08-17,XLP,0.02631578947368421,Buy
2023-08-17,DAL,0.0005447551444983101,Buy
2023-08-17,AA,0.026140411837976843,Buy
2023-08-17,NSC,0.026427754541613526,Buy
2023-08-17,RRC,-0.02631578947368421,Sell
2023-08-17,GREK,-9.719723437839889e-05,Sell
2023-08-17,JNJ,-0.02631578947368421,Sell
2023-08-17,STI,0.02631578947368421,Buy
2023-08-17,NDAQ,-0.02631578947368421,Sell
2023-08-17,TRV,0.02631578947368421,Buy
2023-08-17,DPZ,-0.00045642036458458726,Sell
2023-08-17,DHI,0.02631578947368421,Buy
2023-08-17,EWC,0.00012005018584834021,Buy
2023-08-17,BBT,0.00010138749055042806,Buy
2023-08-17,WFC,-0.026475864409583938,Sell
2023-08-17,EOG,-0.02631578947368421,Sell
2023-08-17,EWI,0.000264179151062794,Buy
2023-08-17,SIRI,-0.0006794150115919557,Sell
2023-08-17,ANF,0.025786835292197732,Buy
2023-08-17,DLTR,0.02631578947368421,Buy
2023-08-17,CCL,0.0006139266155346379,Buy
2023-08-17,ALK,-0.025653006554848878,Sell
2023-08-17,MAR,0.05210680265540769,Buy
2023-08-17,KEY,0.0006291054190885569,Buy
2023-08-17,ILMN,-3.06117425461043e-05,Sell
2023-08-17,KGC,-0.00016342060769420144,Sell
2023-08-17,GOLD,-0.026380320148608496,Sell
2023-08-17,WMB,-0.026426906529404316,Sell
2023-08-17,TRP,5.4726043598841284e-05,Buy
2023-08-17,ULTA,0.02631578947368421,Buy
2023-08-17,RL,-0.02631578947368421,Sell
2023-08-17,NTAP,0.00012841384312647572,Buy
2023-08-17,WSM,0.02610381514741452,Buy
2023-08-17,NWSA,0.025908559210321525,Buy
2023-08-17,TRIP,7.294009270894866e-05,Buy
2023-08-17,BX,-2.294266257015301e-05,Sell
2023-08-17,LOW,0.02631578947368421,Buy
2023-08-17,RF,-0.026468566643760443,Sell
2023-08-17,HMC,-0.026346154303966116,Sell
2023-08-17,CME,0.026068310423106388,Buy
2023-08-17,OHI,0.0003545765118008852,Buy
2023-08-17,SYK,0.00033972452137558465,Buy
2023-08-17,CSIQ,-0.02631578947368421,Sell
2023-08-17,BSX,0.02631578947368421,Buy
2023-08-17,XLE,-0.026635001692464032,Sell
2023-08-17,COF,-0.02635764111757521,Sell
2023-08-17,ZUMZ,-0.02631578947368421,Sell
2023-08-17,MT,0.00019918326787367324,Buy
2023-08-17,CAT,6.751309317531637e-05,Buy
2023-08-18,MET,0.00021427511492290094,Buy
2023-08-18,CF,0.00044149098325494546,Buy
2023-08-18,HP,0.00036300563525871327,Buy
2023-08-18,XLP,-0.00013310668262406233,Sell
2023-08-18,WEN,0.02631578947368421,Buy
2023-08-18,DAL,0.00014760058249302724,Buy
2023-08-18,AA,-0.02631578947368421,Sell
2023-08-18,NSC,-0.02631578947368421,Sell
2023-08-18,RRC,0.026188035332494513,Buy
2023-08-18,GREK,7.172485070413778e-05,Buy
2023-08-18,JNJ,0.026120916949773716,Buy
2023-08-18,STI,-0.00018320713360238036,Sell
2023-08-18,NDAQ,0.00010160328839596902,Buy
2023-08-18,TRV,0.00011628121142316303,Buy
2023-08-18,DPZ,-0.00020387592795175977,Sell
2023-08-18,DHI,-0.00021851682876378176,Sell
2023-08-18,EWC,-3.530575718961246e-05,Sell
2023-08-18,BBT,0.026569174403135883,Buy
2023-08-18,EOG,0.00021811665955669135,Buy
2023-08-18,EWI,-5.22741734812239e-05,Sell
2023-08-18,SIRI,-2.3253711112662667e-05,Sell
2023-08-18,ANF,-0.02631578947368421,Sell
2023-08-18,DLTR,-0.026467857922659606,Sell
2023-08-18,CCL,0.0003149312374767996,Buy
2023-08-18,MS,0.02631578947368421,Buy
2023-08-18,ALK,0.02631578947368421,Buy
2023-08-18,MAR,-0.026319834683627478,Sell
2023-08-18,KEY,0.00015752276134884877,Buy
2023-08-18,ILMN,0.0003513199972761047,Buy
2023-08-18,KGC,0.02601325892822391,Buy
2023-08-18,TRP,-0.05274082405580566,Sell
2023-08-18,KO,-0.02631578947368421,Sell
2023-08-18,ULTA,-0.026720399872666764,Sell
2023-08-18,RL,0.05237564587479531,Buy
2023-08-18,NTAP,-0.026449433973163784,Sell
2023-08-18,WSM,-0.02631578947368421,Sell
2023-08-18,TRIP,1.815133927798862e-05,Buy
2023-08-18,BX,0.0005579761123903383,Buy
2023-08-18,LOW,-0.026496047376114114,Sell
2023-08-18,PCG,0.02631578947368421,Buy
2023-08-18,NTES,0.02631578947368421,Buy
2023-08-18,HMC,0.02631578947368421,Buy
2023-08-18,OHI,-5.2652092861940614e-05,Sell
2023-08-18,SYK,-3.3410009265325696e-05,Sell
2023-08-18,CSIQ,0.02605453917718174,Buy
2023-08-18,BSX,-0.0259631226757903,Sell
2023-08-18,XLE,-0.02631578947368421,Sell
2023-08-18,ZUMZ,0.0005592110107979255,Buy
2023-08-18,MT,0.02635109523087382,Buy
2023-08-18,CAT,-9.58976981193238e-05,Sell
2023-08-21,MET,-0.00025438467531448475,Sell
2023-08-21,MNST,-0.02631578947368421,Sell
2023-08-21,CF,-9.747489338575097e-05,Sell
2023-08-21,HP,0.02588902841729454,Buy
2023-08-21,XLP,0.00029973569622329665,Buy
2023-08-21,WEN,0.00011128274679481423,Buy
2023-08-21,DAL,-3.384563566636786e-05,Sell
2023-08-21,AA,-0.00046753179716157306,Sell
2023-08-21,NSC,0.02594238391609389,Buy
2023-08-21,RRC,-0.02631578947368421,Sell
2023-08-21,GREK,-0.026576361634205244,Sell
2023-08-21,JNJ,0.02631578947368421,Buy
2023-08-21,STI,9.960944245024361e-05,Buy
2023-08-21,KMB,0.02631578947368421,Buy
2023-08-21,NDAQ,-0.00012903142202879206,Sell
2023-08-21,TRV,0.00026421747051977307,Buy
2023-08-21,DPZ,-5.1372803338067125e-05,Sell
2023-08-21,DHI,-0.025885938100267195,Sell
2023-08-21,EWC,0.00016279302792567008,Buy
2023-08-21,BDX,-0.02631578947368421,Sell
2023-08-21,EOG,-0.0001761044389589593,Sell
2023-08-21,QQQ,-0.02631578947368421,Sell
2023-08-21,EWI,-0.02646991078843838,Sell
2023-08-21,SIRI,-0.0006489777801083653,Sell
2023-08-21,ANF,0.025318753568476356,Buy
2023-08-21,HTZ,-0.02631578947368421,Sell
2023-08-21,DLTR,0.02631578947368421,Buy
2023-08-21,CCL,-7.763135203302587e-05,Sell
2023-08-21,MS,0.00032144413414539677,Buy
2023-08-21,ALK,-0.026302045496517663,Sell
2023-08-21,MAR,0.02631578947368421,Buy
2023-08-21,XRT,0.02631578947368421,Buy
2023-08-21,KEY,2.1138317122151862e-05,Buy
2023-08-21,ILMN,-0.026221573735129202,Sell
2023-08-21,TRP,0.02618448814353357,Buy
2023-08-21,KO,0.02596836019682157,Buy
2023-08-21,D,-0.02631578947368421,Sell
2023-08-21,ULTA,0.02631578947368421,Buy
2023-08-21,RL,-0.02610559323975075,Sell
2023-08-21,NTAP,-0.02631578947368421,Sell
2023-08-21,WSM,0.025102599769259524,Buy
2023-08-21,TRIP,8.078274185440229e-05,Buy
2023-08-21,BX,-0.00010540602628552123,Sell
2023-08-21,MRVL,-0.02631578947368421,Sell
2023-08-21,PCG,-0.026129161311318812,Sell
2023-08-21,NTES,-0.05306987079702785,Sell
2023-08-21,HMC,-0.026459344046974826,Sell
2023-08-21,PRGO,0.02631578947368421,Buy
2023-08-21,OHI,0.0003134594542090058,Buy
2023-08-21,SYK,0.0002813647279972936,Buy
2023-08-21,CSIQ,0.02631578947368421,Buy
2023-08-21,XLE,0.026026663570523526,Buy
2023-08-21,ENB,0.02631578947368421,Buy
2023-08-21,ZUMZ,0.025570830972707254,Buy
2023-08-21,CAT,0.026091377105621524,Buy
2023-08-22,MET,0.026118888295694944,Buy
2023-08-22,MNST,0.026355064942340835,Buy
2023-08-22,PPG,0.02631578947368421,Buy
2023-08-22,AMTD,-0.02631578947368421,Sell
2023-08-22,CF,0.025593587630124006,Buy
2023-08-22,HP,0.02631578947368421,Buy
2023-08-22,XLP,7.77152892928075e-05,Buy
2023-08-22,WEN,-0.026042216945256817,Sell
2023-08-22,DAL,1.0739695327732085e-05,Buy
2023-08-22,AA,0.026562597571933758,Buy
2023-08-22,RRC,0.025873353725444484,Buy
2023-08-22,JNJ,0.0001382667909727471,Buy
2023-08-22,STI,-7.144367357591122e-05,Sell
2023-08-22,KMB,-0.0266475664783635,Sell
2023-08-22,NDAQ,0.00015806317784004473,Buy
2023-08-22,HAS,-0.02631578947368421,Sell
2023-08-22,TRV,0.0001996196267052483,Buy
2023-08-22,DPZ,6.032693812417153e-05,Buy
2023-08-22,EWC,8.525178794162314e-05,Buy
2023-08-22,BBT,-0.02631578947368421,Sell
2023-08-22,BDX,7.910238027431307e-05,Buy
2023-08-22,EOG,0.026158519869505355,Buy
2023-08-22,QQQ,3.374029747392482e-05,Buy
2023-08-22,EWI,0.02631578947368421,Buy
2023-08-22,SIRI,0.02560761356377507,Buy
2023-08-22,HTZ,2.5578372150926454e-05,Buy
2023-08-22,DLTR,-0.02618809271603355,Sell
2023-08-22,CCL,1.2540449556848465e-05,Buy
2023-08-22,MS,0.0003263189750822258,Buy
2023-08-22,MAR,-0.05324976003141006,Sell
2023-08-22,XRT,-0.025653230322762108,Sell
2023-08-22,KEY,-0.0010189405141923513,Sell
2023-08-22,ILMN,0.02631578947368421,Buy
2023-08-22,KO,0.02631578947368421,Buy
2023-08-22,D,0.02621175377656766,Buy
2023-08-22,ULTA,-0.05168207824002651,Sell
2023-08-22,PVH,-0.02631578947368421,Sell
2023-08-22,NTAP,0.026404494412054016,Buy
2023-08-22,WSM,0.02631578947368421,Buy
2023-08-22,TRIP,0.025994920503121733,Buy
2023-08-22,BX,-7.011765982641027e-05,Sell
2023-08-22,LOW,-0.02631578947368421,Sell
2023-08-22,MRVL,0.026193823378440118,Buy
2023-08-22,NTES,0.0004551575514508306,Buy
2023-08-22,RF,0.02631578947368421,Buy
2023-08-22,CME,0.02631578947368421,Buy
2023-08-22,PRGO,-0.026436217458588634,Sell
2023-08-22,OHI,-0.00015884730105960795,Sell
2023-08-22,SYK,-0.0526304291117989,Sell
2023-08-22,CSIQ,-0.022981599314475337,Sell
2023-08-22,M,-0.02631578947368421,Sell
2023-08-22,COF,0.02631578947368421,Buy
2023-08-22,ENB,-0.02606053118494147,Sell
2023-08-22,ZUMZ,-0.02631578947368421,Sell
2023-08-22,CAT,-0.02631578947368421,Sell
2023-08-22,MRK,0.02631578947368421,Buy
2023-08-23,MET,-0.02631578947368421,Sell
2023-08-23,PPG,0.00020536690397770715,Buy
2023-08-23,AMTD,0.0006794117633410167,Buy
2023-08-23,BAX,0.02631578947368421,Buy
2023-08-23,CF,0.02631578947368421,Buy
2023-08-23,HP,-0.026459882135331528,Sell
2023-08-23,HOG,-0.02631578947368421,Sell
2023-08-23,XLP,-0.026381445557831062,Sell
2023-08-23,WEN,0.02631578947368421,Buy
2023-08-23,DAL,-0.00026282978935211407,Sell
2023-08-23,AA,-0.02631578947368421,Sell
2023-08-23,RRC,0.02631578947368421,Buy
2023-08-23,CAG,0.02631578947368421,Buy
2023-08-23,JNJ,0.00034397198144750507,Buy
2023-08-23,STI,-0.026331234222157298,Sell
2023-08-23,NDAQ,0.00023924254530301864,Buy
2023-08-23,HAS,-0.00044550276674387365,Sell
2023-08-23,TRV,-5.3448010398870344e-05,Sell
2023-08-23,DPZ,9.137911316676323e-05,Buy
2023-08-23,VTR,-0.02631578947368421,Sell
2023-08-23,EWC,-0.026496641523235033,Sell
2023-08-23,BBT,0.025971027780940233,Buy
2023-08-23,BDX,2.2405686267844283e-05,Buy
2023-08-23,MU,-0.02631578947368421,Sell
2023-08-23,QQQ,0.00030447556422869004,Buy
2023-08-23,EWI,-0.026441459860373096,Sell
2023-08-23,SIRI,0.02631578947368421,Buy
2023-08-23,ANF,-0.02631578947368421,Sell
2023-08-23,HTZ,0.026419962907576335,Buy
2023-08-23,CCL,-0.0008785979446075363,Sell
2023-08-23,MS,-0.02633650311254603,Sell
2023-08-23,MAR,0.026117069285823472,Buy
2023-08-23,XRT,0.02631578947368421,Buy
2023-08-23,KEY,0.0006694119057766464,Buy
2023-08-23,ILMN,-0.026367855392801284,Sell
2023-08-23,KGC,-0.02631578947368421,Sell
2023-08-23,KO,-0.026298650499788793,Sell
2023-08-23,ULTA,0.05297198889347693,Buy
2023-08-23,PVH,-4.1951429320258304e-06,Sell
2023-08-23,WSM,-0.05605546811297581,Sell
2023-08-23,BX,0.00027528717572393793,Buy
2023-08-23,LOW,0.026375352362705076,Buy
2023-08-23,PCG,0.02631578947368421,Buy
2023-08-23,NTES,9.191395271745603e-05,Buy
2023-08-23,RF,-0.026747662944722927,Sell
2023-08-23,CME,-0.026372547763650105,Sell
2023-08-23,OHI,-0.02657040225531371,Sell
2023-08-23,SYK,0.026252676961272915,Buy
2023-08-23,BSX,0.02631578947368421,Buy
2023-08-23,XLE,0.02631578947368421,Buy
2023-08-23,M,0.026062115227813994,Buy
2023-08-23,COF,-0.00023612912801503766,Sell
2023-08-23,ENB,0.02631578947368421,Buy
2023-08-23,ZUMZ,0.02669700160826848,Buy
2023-08-23,CAT,0.026481509899960468,Buy
2023-08-23,MRK,-0.05351751597046894,Sell
2023-08-23,BMY,0.02631578947368421,Buy
2023-08-24,MET,0.0001730309630691429,Buy
2023-08-24,CNC,-0.02631578947368421,Sell
2023-08-24,PPG,-0.02614481327005819,Sell
2023-08-24,AMTD,-0.0013983871285297503,Sell
2023-08-24,BAX,-0.02629081729121352,Sell
2023-08-24,CF,-0.02596263483699306,Sell
2023-08-24,HOG,-0.0003616598843218244,Sell
2023-08-24,WEN,-0.02650696176648267,Sell
2023-08-24,DAL,0.0002433571437137315,Buy
2023-08-24,AA,-0.00011137161067946433,Sell
2023-08-24,RRC,-0.026480131814227748,Sell
2023-08-24,CAG,-0.026303449655009813,Sell
2023-08-24,GREK,0.02631578947368421,Buy
2023-08-24,JNJ,-3.269009989010849e-05,Sell
2023-08-24,NDAQ,-0.00021628123719261497,Sell
2023-08-24,HAS,0.025909459701184048,Buy
2023-08-24,TRV,-0.026407599980682733,Sell
2023-08-24,DPZ,-0.00031472833956967816,Sell
2023-08-24,VTR,-4.454568084534885e-05,Sell
2023-08-24,BBT,-0.02631578947368421,Sell
2023-08-24,BDX,-6.426004662782314e-05,Sell
2023-08-24,MU,0.025654892463481283,Buy
2023-08-24,EOG,0.02631578947368421,Buy
2023-08-24,QQQ,0.02569780070371893,Buy
2023-08-24,EWI,0.02631578947368421,Buy
2023-08-24,SIRI,-0.02549613198717264,Sell
2023-08-24,ANF,-0.00026320213722853814,Sell
2023-08-24,ORCL,0.02631578947368421,Buy
2023-08-24,DLTR,0.02631578947368421,Buy
2023-08-24,CCL,0.0009292917433254867,Buy
2023-08-24,MAR,0.02631578947368421,Buy
2023-08-24,XRT,0.0006062611359046108,Buy
2023-08-24,KEY,0.0002364439088132879,Buy
2023-08-24,ILMN,0.02631578947368421,Buy
2023-08-24,KGC,0.026259108836193125,Buy
2023-08-24,WMB,0.02631578947368421,Buy
2023-08-24,ULTA,0.0009692381229673107,Buy
2023-08-24,PVH,0.02584815387544779,Buy
2023-08-24,NTAP,0.02631578947368421,Buy
2023-08-24,WSM,-0.0005152270152395076,Sell
2023-08-24,TRIP,-0.02631578947368421,Sell
2023-08-24,BX,-0.00023577729959965363,Sell
2023-08-24,MRVL,0.02631578947368421,Buy
2023-08-24,PCG,4.0959551681721273e-05,Buy
2023-08-24,NTES,0.05153876014845754,Buy
2023-08-24,CSIQ,-0.02631578947368421,Sell
2023-08-24,BSX,-0.026300832308932445,Sell
2023-08-24,XLE,-0.02607873245333477,Sell
2023-08-24,M,-0.02631578947368421,Sell
2023-08-24,COF,-0.026222931299719348,Sell
2023-08-24,ENB,0.0002549144036477907,Buy
2023-08-24,ZUMZ,-0.02631578947368421,Sell
2023-08-24,VZ,-0.02631578947368421,Sell
2023-08-24,MRK,0.02582263931139076,Buy
2023-08-24,BMY,0.00017611931242251036,Buy
2023-08-25,MET,4.9914027537564104e-05,Buy
2023-08-25,CNC,0.026109138469761716,Buy
2023-08-25,AMTD,0.026104201309151653,Buy
2023-08-25,BAX,0.02631578947368421,Buy
2023-08-25,HP,-0.02631578947368421,Sell
2023-08-25,HOG,0.0002681890517254176,Buy
2023-08-25,WEN,0.02631578947368421,Buy
2023-08-25,DAL,0.00013479798209830446,Buy
2023-08-25,AA,-0.0004850315672488108,Sell
2023-08-25,BUD,0.02631578947368421,Buy
2023-08-25,GREK,-0.0002972398796667955,Sell
2023-08-25,JNJ,-0.0266837486448659,Sell
2023-08-25,STI,0.02631578947368421,Buy
2023-08-25,NDAQ,0.026507643309949973,Buy
2023-08-25,HAS,-0.02631578947368421,Sell
2023-08-25,DPZ,0.00011992270249304784,Buy
2023-08-25,VTR,0.026160755760125366,Buy
2023-08-25,EWC,0.02631578947368421,Buy
2023-08-25,BBT,0.025835471860203147,Buy
2023-08-25,BDX,0.00027663151338190584,Buy
2023-08-25,WFC,0.02631578947368421,Buy
2023-08-25,EOG,-0.05291538507486035,Sell
2023-08-25,EWI,-0.026602047985324305,Sell
2023-08-25,ANF,-0.00016562867959785815,Sell
2023-08-25,HTZ,-0.02631578947368421,Sell
2023-08-25,ORCL,-0.02704046708403261,Sell
2023-08-25,DLTR,0.00013027098956583036,Buy
2023-08-25,CCL,-0.00030892602368292124,Sell
2023-08-25,ALK,0.02631578947368421,Buy
2023-08-25,MAR,-0.02643889756351682,Sell
2023-08-25,XRT,-9.727481647518396e-05,Sell
2023-08-25,KEY,0.026330758773143847,Buy
2023-08-25,ILMN,-0.02605602343617544,Sell
2023-08-25,GOLD,0.02631578947368421,Buy
2023-08-25,WMB,-0.02642087034087508,Sell
2023-08-25,D,-0.02631578947368421,Sell
2023-08-25,ULTA,-0.05165220511726894,Sell
2023-08-25,NTAP,0.0002913448513781232,Buy
2023-08-25,WSM,0.00016610242063171826,Buy
2023-08-25,TRIP,8.321215149081213e-06,Buy
2023-08-25,BX,0.00016079876892851827,Buy
2023-08-25,MRVL,0.0017495293706810237,Buy
2023-08-25,PCG,2.496866512503859e-05,Buy
2023-08-25,NTES,-0.02635191769039668,Sell
2023-08-25,RF,0.02631578947368421,Buy
2023-08-25,CME,-0.02631578947368421,Sell
2023-08-25,CSIQ,0.0263874418495317,Buy
2023-08-25,XLE,-0.02631578947368421,Sell
2023-08-25,M,0.025773177919185864,Buy
2023-08-25,ENB,-0.00016009070590168248,Sell
2023-08-25,ZUMZ,0.026233889160599683,Buy
2023-08-25,MT,0.02631578947368421,Buy
2023-08-25,VZ,-3.2873665139529495e-05,Sell
2023-08-25,CAT,-0.02631578947368421,Sell
2023-08-25,BMY,-0.026649983937339916,Sell
2023-08-28,MET,2.042339099109225e-05,Buy
2023-08-28,BAX,-4.583639663584618e-05,Sell
2023-08-28,CF,-0.02631578947368421,Sell
2023-08-28,HP,7.413736777582558e-05,Buy
2023-08-28,HOG,1.6900373383522266e-05,Buy
2023-08-28,NVDA,0.02631578947368421,Buy
2023-08-28,WEN,-0.00012619477861256986,Sell
2023-08-28,DAL,-0.00041743540857960837,Sell
2023-08-28,AA,0.0265184550837521,Buy
2023-08-28,BUD,-0.026559384024112665,Sell
2023-08-28,GREK,-0.026651729552188478,Sell
2023-08-28,JNJ,0.02631578947368421,Buy
2023-08-28,STI,3.0117155296632836e-05,Buy
2023-08-28,HAS,0.026651591134228624,Buy
2023-08-28,TRV,0.02631578947368421,Buy
2023-08-28,DPZ,0.0004897671995968481,Buy
2023-08-28,EWC,-0.000212324085807368,Sell
2023-08-28,BDX,0.02643023390924036,Buy
2023-08-28,WFC,-0.053015866313499325,Sell
2023-08-28,EOG,4.021341538153894e-05,Buy
2023-08-28,QQQ,0.02631578947368421,Buy
2023-08-28,ANF,-0.0003707417001068414,Sell
2023-08-28,HTZ,0.026503683479523622,Buy
2023-08-28,DLTR,-0.00023634210225360192,Sell
2023-08-28,CCL,0.00034422034331547946,Buy
2023-08-28,MS,-0.02631578947368421,Sell
2023-08-28,ALK,-0.026392525892469685,Sell
2023-08-28,MAR,-0.02631578947368421,Sell
2023-08-28,XRT,-0.026612124992130424,Sell
2023-08-28,ILMN,-0.02631578947368421,Sell
2023-08-28,GOLD,-0.00033658468165384883,Sell
2023-08-28,D,0.00019199621779916048,Buy
2023-08-28,ULTA,0.00020811002506165854,Buy
2023-08-28,NTAP,-0.026739471688651855,Sell
2023-08-28,WSM,0.00022998619419826657,Buy
2023-08-28,TRIP,0.02658357673835848,Buy
2023-08-28,BX,0.00029166286158293503,Buy
2023-08-28,MRVL,-0.027106175001013564,Sell
2023-08-28,PCG,6.159722488274094e-05,Buy
2023-08-28,NTES,-0.02631578947368421,Sell
2023-08-28,RF,-0.026611764948376547,Sell
2023-08-28,CME,0.02629861116405018,Buy
2023-08-28,PRGO,0.02631578947368421,Buy
2023-08-28,OHI,0.02631578947368421,Buy
2023-08-28,BSX,-0.02631578947368421,Sell
2023-08-28,XLE,0.02646273098649464,Buy
2023-08-28,ENB,-0.00019147416629803488,Sell
2023-08-28,MT,-0.00016138194578951479,Sell
2023-08-28,VZ,0.0001275181233379684,Buy
2023-08-28,CAT,0.0001849442803550025,Buy
2023-08-28,MRK,0.02631578947368421,Buy
2023-08-28,BMY,0.02631578947368421,Buy
2023-08-29,MET,0.00016126015077083666,Buy
2023-08-29,BAX,-0.026772315471595375,Sell
2023-08-29,CF,0.0004215986753965048,Buy
2023-08-29,HP,0.00020856676141393568,Buy
2023-08-29,HOG,0.0003478913709274792,Buy
2023-08-29,NVDA,-0.0011226589543862908,Sell
2023-08-29,WEN,-2.645102315237957e-05,Sell
2023-08-29,DAL,-0.05350276747102838,Sell
2023-08-29,AA,-0.02631578947368421,Sell
2023-08-29,NSC,0.02631578947368421,Buy
2023-08-29,JNJ,-2.965902803987383e-05,Sell
2023-08-29,STI,-2.645102315237957e-05,Sell
2023-08-29,KMB,0.02631578947368421,Buy
2023-08-29,TRV,-0.00010015779015241921,Sell
2023-08-29,DPZ,-0.00011467110903256444,Sell
2023-08-29,EWC,-0.0004613462087988962,Sell
2023-08-29,WFC,0.026417715049495697,Buy
2023-08-29,EOG,0.026431133804348448,Buy
2023-08-29,QQQ,-0.000601767699387655,Sell
2023-08-29,EWI,0.02631578947368421,Buy
2023-08-29,ANF,0.0009894785547873257,Buy
2023-08-29,DLTR,0.0002823130083357238,Buy
2023-08-29,CCL,-0.0005797904438877358,Sell
2023-08-29,MS,0.00039171372025520457,Buy
2023-08-29,MAR,0.0004972932247775952,Buy
2023-08-29,ILMN,0.02696333090729345,Buy
2023-08-29,KGC,-0.02631578947368421,Sell
2023-08-29,GOLD,-0.026936018079723668,Sell
2023-08-29,TRP,-0.02631578947368421,Sell
2023-08-29,D,0.0266814101297491,Buy
2023-08-29,ULTA,0.0003002341954813116,Buy
2023-08-29,PVH,-0.02631578947368421,Sell
2023-08-29,NTAP,0.02631578947368421,Buy
2023-08-29,WSM,0.00012672213444348684,Buy
2023-08-29,BX,0.0009194961688156512,Buy
2023-08-29,MRVL,0.02631578947368421,Buy
2023-08-29,PCG,-2.645102315237957e-05,Sell
2023-08-29,NTES,0.00037758188968859893,Buy
2023-08-29,CP,0.02631578947368421,Buy
2023-08-29,PRGO,-0.02637852288482399,Sell
2023-08-29,OHI,-0.0003694519151107578,Sell
2023-08-29,BSX,0.02677809432775536,Buy
2023-08-29,ENB,-0.0003074184470626268,Sell
2023-08-29,MT,-0.000758459194628424,Sell
2023-08-29,VZ,0.0009215370369502207,Buy
2023-08-29,CAT,0.0005287726753937724,Buy
2023-08-29,MRK,-0.026598578590229557,Sell
2023-08-29,BMY,-0.0268593402354452,Sell
2023-08-30,MET,2.9280191600155464e-05,Buy
2023-08-30,BAX,0.02631578947368421,Buy
2023-08-30,CF,9.827602242224939e-05,Buy
2023-08-30,HP,0.026081621115961507,Buy
2023-08-30,HOG,0.026067610723524468,Buy
2023-08-30,NVDA,-0.026566249732262782,Sell
2023-08-30,WEN,-0.026268520369537102,Sell
2023-08-30,DAL,0.025982837811314833,Buy
2023-08-30,AA,0.026218554488574058,Buy
2023-08-30,NSC,-0.00020690753337403514,Sell
2023-08-30,CAG,0.02631578947368421,Buy
2023-08-30,GREK,0.02631578947368421,Buy
2023-08-30,JNJ,0.00010125308582148787,Buy
2023-08-30,STI,8.38216269115899e-05,Buy
2023-08-30,KMB,-0.026297248845684323,Sell
2023-08-30,NDAQ,0.02631578947368421,Buy
2023-08-30,TRV,1.8605792558371026e-06,Buy
2023-08-30,DPZ,0.0005379646479767332,Buy
2023-08-30,VTR,-0.02631578947368421,Sell
2023-08-30,EWC,-0.026437111368522396,Sell
2023-08-30,MU,-0.02631578947368421,Sell
2023-08-30,EBAY,-0.02631578947368421,Sell
2023-08-30,WFC,0.02631578947368421,Buy
2023-08-30,EOG,-0.02631578947368421,Sell
2023-08-30,QQQ,-0.00013832544595368534,Sell
2023-08-30,EWI,-3.216949935915675e-05,Sell
2023-08-30,SIRI,-0.02631578947368421,Sell
2023-08-30,ANF,0.0004888501272495641,Buy
2023-08-30,DLTR,-0.026604455812368085,Sell
2023-08-30,CCL,0.00028720846735705644,Buy
2023-08-30,MS,0.026218223986370495,Buy
2023-08-30,MAR,0.02620530837483439,Buy
2023-08-30,ILMN,-0.02631578947368421,Sell
2023-08-30,KGC,0.026462453010141683,Buy
2023-08-30,GOLD,0.02631578947368421,Buy
2023-08-30,TRP,0.0001814514358856427,Buy
2023-08-30,ULTA,0.0004853011083412219,Buy
2023-08-30,PVH,0.0004961469152269804,Buy
2023-08-30,NTAP,4.944564006591212e-06,Buy
2023-08-30,WSM,-1.0225445607428552e-05,Sell
2023-08-30,TRIP,-0.02631578947368421,Sell
2023-08-30,BX,0.00014042980694638565,Buy
2023-08-30,MRVL,-0.02687930073711186,Sell
2023-08-30,PCG,0.0002449630450874103,Buy
2023-08-30,NTES,0.026089234278269573,Buy
2023-08-30,RF,0.02631578947368421,Buy
2023-08-30,CP,-0.02659281435312837,Sell
2023-08-30,PRGO,0.02631578947368421,Buy
2023-08-30,OHI,-0.027203475593023954,Sell
2023-08-30,XLE,-0.02631578947368421,Sell
2023-08-30,ENB,-0.00014168268672080236,Sell
2023-08-30,MT,0.00024223150833265275,Buy
2023-08-30,VZ,-4.6302751837253714e-05,Sell
2023-08-30,CAT,0.00020768314642659325,Buy
2023-08-31,MET,0.0002940213950462338,Buy
2023-08-31,MNST,0.02631578947368421,Buy
2023-08-31,CNC,-0.02631578947368421,Sell
2023-08-31,BAX,-0.025756607953015306,Sell
2023-08-31,CF,0.00022930314514215538,Buy
2023-08-31,HP,0.02631578947368421,Buy
2023-08-31,DAL,0.02631578947368421,Buy
2023-08-31,AA,-0.02631578947368421,Sell
2023-08-31,NSC,0.0004320803271274237,Buy
2023-08-31,RRC,-0.02631578947368421,Sell
2023-08-31,CAG,7.601050558096387e-05,Buy
2023-08-31,GREK,0.00027591755086337974,Buy
2023-08-31,JNJ,-0.02611069316157148,Sell
2023-08-31,STI,-0.02644176204399851,Sell
2023-08-31,KMB,0.02631578947368421,Buy
2023-08-31,NDAQ,-0.026351379168161382,Sell
2023-08-31,TRV,-0.00011121466477896982,Sell
2023-08-31,DPZ,-0.0003294876432025154,Sell
2023-08-31,VTR,0.026297271404029217,Buy
2023-08-31,MU,0.0008443956477831478,Buy
2023-08-31,EBAY,0.02660814210847222,Buy
2023-08-31,WFC,3.316429821209263e-05,Buy
2023-08-31,EOG,0.0003018783332590716,Buy
2023-08-31,QQQ,-0.02652104577537505,Sell
2023-08-31,EWI,0.00018338464926696135,Buy
2023-08-31,SIRI,0.02540256682113347,Buy
2023-08-31,ANF,0.0008642580493764783,Buy
2023-08-31,CCL,-4.266496882811624e-05,Sell
2023-08-31,TSM,0.02631578947368421,Buy
2023-08-31,ILMN,0.026308008250202873,Buy
2023-08-31,GOLD,0.00033097489707113736,Buy
2023-08-31,WMB,0.02631578947368421,Buy
2023-08-31,TRP,2.1016992853319094e-06,Buy
2023-08-31,ULTA,-0.0003660977564283359,Sell
2023-08-31,PVH,0.0005208191389854296,Buy
2023-08-31,EW,0.02631578947368421,Buy
2023-08-31,HUM,0.02631578947368421,Buy
2023-08-31,NTAP,-0.02653516642352615,Sell
2023-08-31,WSM,-9.501446309053557e-05,Sell
2023-08-31,TRIP,5.61594020160594e-05,Buy
2023-08-31,BX,0.000499066976120767,Buy
2023-08-31,PCG,-0.026073836969644017,Sell
2023-08-31,RF,-0.02644176204399851,Sell
2023-08-31,CME,-0.02631578947368421,Sell
2023-08-31,PRGO,0.0003539558076708256,Buy
2023-08-31,XLE,0.00014382827119729588,Buy
2023-08-31,ENB,9.006985494205977e-06,Buy
2023-08-31,MT,-0.02629354335235105,Sell
2023-08-31,VZ,0.0003855040873375279,Buy
2023-08-31,CAT,1.3594049075624226e-05,Buy
2023-08-31,MRK,0.02631578947368421,Buy
2023-09-01,MET,0.0004619577563815293,Buy
2023-09-01,MNST,0.00033297844891251246,Buy
2023-09-01,CNC,0.02621536258823801,Buy
2023-09-01,CF,0.0007945963922754602,Buy
2023-09-01,HP,-0.05376891569872164,Sell
2023-09-01,HOG,-0.02631578947368421,Sell
2023-09-01,DAL,-4.985681136321016e-05,Sell
2023-09-01,AA,0.00095662438041616,Buy
2023-09-01,NSC,-0.00023843682168381633,Sell
2023-09-01,ICE,0.02631578947368421,Buy
2023-09-01,RRC,0.0008604981887327529,Buy
2023-09-01,CAG,0.0004322026698581928,Buy
2023-09-01,GREK,0.00030283355042941273,Buy
2023-09-01,JNJ,0.02631578947368421,Buy
2023-09-01,KMB,0.000218346274456091,Buy
2023-09-01,NDAQ,0.02631578947368421,Buy
2023-09-01,TRV,-0.00023722718411342547,Sell
2023-09-01,DPZ,0.00031681721018799597,Buy
2023-09-01,MU,0.00023187927372635142,Buy
2023-09-01,WFC,-0.0002921435713489143,Sell
2023-09-01,EOG,0.0005461597924629052,Buy
2023-09-01,QQQ,0.02631578947368421,Buy
2023-09-01,EWI,0.00015149061955273269,Buy
2023-09-01,ANF,0.0004302271788861056,Buy
2023-09-01,DLTR,0.02631578947368421,Buy
2023-09-01,CCL,8.790026894653358e-05,Buy
2023-09-01,TSM,4.4958881344057955e-05,Buy
2023-09-01,GOLD,-0.05557737701802937,Sell
2023-09-01,WMB,-0.026500173525484554,Sell
2023-09-01,TRP,0.00027394953739382985,Buy
2023-09-01,ULTA,0.00012444902940153546,Buy
2023-09-01,PVH,0.026346396225217415,Buy
2023-09-01,EW,-0.026346905775744917,Sell
2023-09-01,HUM,-0.02631966274174432,Sell
2023-09-01,WSM,0.0006767783646857428,Buy
2023-09-01,TRIP,0.027233360276803537,Buy
2023-09-01,BX,0.025911741003705767,Buy
2023-09-01,PCG,0.02631578947368421,Buy
2023-09-01,DUK,0.02631578947368421,Buy
2023-09-01,RF,-0.02631578947368421,Sell
2023-09-01,CME,8.949218348676055e-05,Buy
2023-09-01,CLX,0.02631578947368421,Buy
2023-09-01,PRGO,-0.027244663897152844,Sell
2023-09-01,CSIQ,-0.02631578947368421,Sell
2023-09-01,XLE,0.0006020628568119413,Buy
2023-09-01,ENB,-0.026701282445724995,Sell
2023-09-01,VZ,0.02628745830960621,Buy
2023-09-01,CAT,0.000542555928416795,Buy
2023-09-01,MRK,-0.02658611308438419,Sell
2023-09-05,MET,-0.0001006876096201377,Sell
2023-09-05,MNST,-0.026157198384687,Sell
2023-09-05,PPG,0.02631578947368421,Buy
2023-09-05,A,0.02631578947368421,Buy
2023-09-05,CF,0.001235114752294729,Buy
2023-09-05,HP,0.0007141869291040909,Buy
2023-09-05,HOG,0.025899836154203514,Buy
2023-09-05,DAL,0.0005612104165387058,Buy
2023-09-05,AA,-0.0005712553879982755,Sell
2023-09-05,NSC,0.0005603516270021106,Buy
2023-09-05,ICE,0.00041820039702020195,Buy
2023-09-05,RRC,0.025585165195555037,Buy
2023-09-05,CAG,3.606811242330005e-05,Buy
2023-09-05,GREK,0.0006887837636626523,Buy
2023-09-05,JNJ,-0.02646592412266244,Sell
2023-09-05,KMB,-0.026341729815978248,Sell
2023-09-05,NDAQ,0.0005087737381164435,Buy
2023-09-05,HAS,-0.02631578947368421,Sell
2023-09-05,TRV,0.00019388526627420535,Buy
2023-09-05,DPZ,3.2715333406780484e-05,Buy
2023-09-05,VTR,0.02631578947368421,Buy
2023-09-05,DHI,0.02631578947368421,Buy
2023-09-05,MU,0.026395426107276222,Buy
2023-09-05,WFC,-0.026363175451076654,Sell
2023-09-05,EOG,0.0006035515220865831,Buy
2023-09-05,QQQ,-0.02646658298948249,Sell
2023-09-05,EWI,-0.026225434945206596,Sell
2023-09-05,ANF,0.0002869430863949342,Buy
2023-09-05,DLTR,-0.025883127642703334,Sell
2023-09-05,CCL,0.0004877598279277133,Buy
2023-09-05,TSM,-0.02683291792872391,Sell
2023-09-05,ILMN,0.02631578947368421,Buy
2023-09-05,GOLD,-0.0007208398575075693,Sell
2023-09-05,WMB,0.02631578947368421,Buy
2023-09-05,TRP,0.026382162325913245,Buy
2023-09-05,ULTA,8.414907124725327e-05,Buy
2023-09-05,HUM,-0.02631578947368421,Sell
2023-09-05,NTAP,-0.02631578947368421,Sell
2023-09-05,WSM,2.0231937851004217e-05,Buy
2023-09-05,BX,-0.02631578947368421,Sell
2023-09-05,PCG,0.00020398375806974026,Buy
2023-09-05,DUK,0.00026758894548606013,Buy
2023-09-05,RF,0.0262335919589782,Buy
2023-09-05,CME,7.029175077905708e-05,Buy
2023-09-05,CLX,0.00018589319064446844,Buy
2023-09-05,PRGO,0.02631578947368421,Buy
2023-09-05,CSIQ,0.026171359418339455,Buy
2023-09-05,XLE,0.0002570133231652623,Buy
2023-09-05,ZUMZ,-0.02631578947368421,Sell
2023-09-05,MT,-0.02631578947368421,Sell
2023-09-05,CAT,-0.0003094259927563549,Sell
2023-09-05,MRK,0.02631578947368421,Buy
2023-09-06,MET,0.02603979328603931,Buy
2023-09-06,CNC,-0.02631578947368421,Sell
2023-09-06,PPG,-0.026386321116925043,Sell
2023-09-06,A,0.00021595938046527902,Buy
2023-09-06,CF,-0.0005280620391764981,Sell
2023-09-06,HP,0.026064751089768613,Buy
2023-09-06,HOG,-0.02631578947368421,Sell
2023-09-06,DAL,7.259391022161263e-05,Buy
2023-09-06,AA,-0.00011921140469313418,Sell
2023-09-06,NSC,0.00039000234165940256,Buy
2023-09-06,ICE,0.00027720746624124853,Buy
2023-09-06,CAG,0.00013127528528587493,Buy
2023-09-06,GREK,0.00012157842801113414,Buy
2023-09-06,JNJ,0.02631578947368421,Buy
2023-09-06,NDAQ,-0.026725427305993806,Sell
2023-09-06,HAS,6.0144316607044224e-05,Buy
2023-09-06,TRV,-0.026310691297458246,Sell
2023-09-06,DPZ,-0.00040841498412493016,Sell
2023-09-06,VTR,-0.02651718802421916,Sell
2023-09-06,DHI,-0.026585037188435363,Sell
2023-09-06,BDX,0.02631578947368421,Buy
2023-09-06,WFC,0.02631578947368421,Buy
2023-09-06,EOG,-9.432308045507001e-05,Sell
2023-09-06,QQQ,0.02631578947368421,Buy
2023-09-06,ANF,2.1135216700704507e-05,Buy
2023-09-06,CCL,-6.142999443395705e-05,Sell
2023-09-06,TSM,0.02631578947368421,Buy
2023-09-06,MAR,-0.02631578947368421,Sell
2023-09-06,ILMN,-5.114979522333196e-05,Sell
2023-09-06,KGC,-0.02631578947368421,Sell
2023-09-06,GOLD,-0.0006505025153247766,Sell
2023-09-06,WMB,0.0004988861843466634,Buy
2023-09-06,ULTA,-0.00048380307787631097,Sell
2023-09-06,EW,-0.02631578947368421,Sell
2023-09-06,HUM,-0.00032890585744902584,Sell
2023-09-06,NTAP,0.026416781247178573,Buy
2023-09-06,WSM,-0.0006197081842361264,Sell
2023-09-06,TRIP,-0.02631578947368421,Sell
2023-09-06,BX,0.02619211469772314,Buy
2023-09-06,PCG,-0.02658167204852611,Sell
2023-09-06,DUK,-0.02652935774210266,Sell
2023-09-06,RF,0.02631578947368421,Buy
2023-09-06,CME,0.00010545831654953583,Buy
2023-09-06,CLX,-0.026298620675479036,Sell
2023-09-06,PRGO,0.0006825281884887124,Buy
2023-09-06,OHI,0.02631578947368421,Buy
2023-09-06,XLE,-2.961230384071825e-05,Sell
2023-09-06,ZUMZ,0.02696646743808724,Buy
2023-09-06,MT,0.026304196915998584,Buy
2023-09-06,CAT,7.734302271275237e-05,Buy
2023-09-06,MRK,0.00029042177130294416,Buy
2023-09-06,BMY,0.02631578947368421,Buy
2023-09-07,CNC,0.0013187555914709742,Buy
2023-09-07,PPG,0.02631578947368421,Buy
2023-09-07,A,0.0003541100421046717,Buy
2023-09-07,CF,0.026278334530392564,Buy
2023-09-07,HOG,0.025521896091528405,Buy
2023-09-07,NVDA,0.02631578947368421,Buy
2023-09-07,DAL,0.00034518520000447264,Buy
2023-09-07,AA,-0.0015050911222559485,Sell
2023-09-07,NSC,0.00027494965957731293,Buy
2023-09-07,ICE,-0.02671237692419986,Sell
2023-09-07,CAG,0.00013307917541187375,Buy
2023-09-07,GREK,0.0005451004275667838,Buy
2023-09-07,JNJ,-0.02667352788913032,Sell
2023-09-07,HAS,0.025408606502053982,Buy
2023-09-07,DPZ,0.00035741606165901746,Buy
2023-09-07,BBT,-0.02631578947368421,Sell
2023-09-07,BDX,-0.026468657223279828,Sell
2023-09-07,WFC,0.00035776404498033543,Buy
2023-09-07,EOG,0.02602622517981746,Buy
2023-09-07,QQQ,-0.02614848612009744,Sell
2023-09-07,SIRI,-0.02631578947368421,Sell
2023-09-07,ANF,-0.00015619343532915012,Sell
2023-09-07,CCL,0.00020084668055839888,Buy
2023-09-07,TSM,0.0006098286897577646,Buy
2023-09-07,ALK,0.02631578947368421,Buy
2023-09-07,MAR,0.026005053192476413,Buy
2023-09-07,ILMN,-0.026149173651370834,Sell
2023-09-07,KGC,-0.0004151717718618858,Sell
2023-09-07,GOLD,-0.00022909498275395027,Sell
2023-09-07,WMB,-0.02660923160351322,Sell
2023-09-07,D,0.02631578947368421,Buy
2023-09-07,ULTA,0.0005658485909182664,Buy
2023-09-07,EW,0.026039107411997425,Buy
2023-09-07,HUM,0.0004123548233326349,Buy
2023-09-07,NTAP,0.02631578947368421,Buy
2023-09-07,WSM,0.0006196503506871731,Buy
2023-09-07,NWSA,0.02631578947368421,Buy
2023-09-07,TRIP,-0.00014799765526222683,Sell
2023-09-07,BX,-0.02631578947368421,Sell
2023-09-07,PCG,-0.02631578947368421,Sell
2023-09-07,DUK,-0.02631578947368421,Sell
2023-09-07,NTES,0.02631578947368421,Buy
2023-09-07,RF,0.00044431647380982833,Buy
2023-09-07,CME,0.0003760019537197984,Buy
2023-09-07,PRGO,0.0004846962780898044,Buy
2023-09-07,OHI,-0.026512637845355642,Sell
2023-09-07,XLE,0.02631085935852566,Buy
2023-09-07,ENB,0.02631578947368421,Buy
2023-09-07,ZUMZ,-0.02631578947368421,Sell
2023-09-07,MT,-0.02631578947368421,Sell
2023-09-07,CAT,-0.00011580338465020865,Sell
2023-09-07,MRK,-0.026695450453260095,Sell
2023-09-07,BMY,-0.00015346344537970485,Sell
2023-09-08,MET,-0.02631578947368421,Sell
2023-09-08,CNC,0.025822349037673727,Buy
2023-09-08,PPG,-0.02613652083841659,Sell
2023-09-08,AMTD,0.02631578947368421,Buy
2023-09-08,BAX,0.02631578947368421,Buy
2023-09-08,A,0.0005989468395204284,Buy
2023-09-08,CF,-0.02631578947368421,Sell
2023-09-08,NVDA,0.0004662915388884484,Buy
2023-09-08,WEN,0.02631578947368421,Buy
2023-09-08,DAL,0.00028450871986431675,Buy
2023-09-08,AA,-0.0004095001047497403,Sell
2023-09-08,NSC,0.0001603496597290463,Buy
2023-09-08,CAG,-0.026428777169182047,Sell
2023-09-08,GREK,-0.0002499256001654536,Sell
2023-09-08,QCOM,0.02631578947368421,Buy
2023-09-08,STI,-0.02631578947368421,Sell
2023-09-08,TRV,0.02631578947368421,Buy
2023-09-08,DPZ,-0.0002202024572862879,Sell
2023-09-08,BBT,0.026099762111813748,Buy
2023-09-08,WFC,-0.0002829645050534159,Sell
2023-09-08,QQQ,-0.02631578947368421,Sell
2023-09-08,SIRI,0.0002246869993797404,Buy
2023-09-08,ANF,-0.0007064032280862456,Sell
2023-09-08,CCL,8.682085951917246e-05,Buy
2023-09-08,TSM,0.00020624237283530314,Buy
2023-09-08,ALK,0.00022445352650151892,Buy
2023-09-08,MAR,-0.02631578947368421,Sell
2023-09-08,KGC,0.026339406148350706,Buy
2023-09-08,GOLD,0.02682811818515335,Buy
2023-09-08,TRP,-0.02631578947368421,Sell
2023-09-08,KO,0.02631578947368421,Buy
2023-09-08,D,-0.02685008458030939,Sell
2023-09-08,ULTA,0.02602577425457438,Buy
2023-09-08,HUM,-0.0003229994224543814,Sell
2023-09-08,NTAP,-0.026305464834974673,Sell
2023-09-08,WSM,-0.00014875637423810567,Sell
2023-09-08,NWSA,-0.026303905193155768,Sell
2023-09-08,TRIP,0.00023511184021215298,Buy
2023-09-08,BX,0.000699643406248375,Buy
2023-09-08,MRVL,-0.02631578947368421,Sell
2023-09-08,PCG,0.02635327743427252,Buy
2023-09-08,DUK,0.00038846301898629726,Buy
2023-09-08,NTES,-0.026352157622111287,Sell
2023-09-08,RF,-0.00010484225988157195,Sell
2023-09-08,CME,-0.00012515225683030692,Sell
2023-09-08,CP,0.02631578947368421,Buy
2023-09-08,PRGO,-2.9893288134266033e-05,Sell
2023-09-08,XLE,-0.02631578947368421,Sell
2023-09-08,ENB,-0.00016583422169420478,Sell
2023-09-08,ZUMZ,0.023558281005972608,Buy
2023-09-08,MT,0.02596687754342339,Buy
2023-09-08,CAT,-7.601341368859704e-06,Sell
2023-09-08,BMY,-0.026600728654672078,Sell
2023-09-11,MET,-2.4312021701444753e-05,Sell
2023-09-11,AMTD,-0.02647113068224125,Sell
2023-09-11,BAX,4.126583332260403e-05,Buy
2023-09-11,A,0.0002666205425942217,Buy
2023-09-11,CF,0.025652196956985632,Buy
2023-09-11,NVDA,0.0002886208417550301,Buy
2023-09-11,WEN,-0.026427488974989127,Sell
2023-09-11,DAL,4.877131799961576e-05,Buy
2023-09-11,AA,0.0004802628083252526,Buy
2023-09-11,NSC,-0.026298436894728987,Sell
2023-09-11,CAG,0.02631578947368421,Buy
2023-09-11,GREK,0.0004240172705312975,Buy
2023-09-11,QCOM,-0.027278197931875695,Sell
2023-09-11,STI,0.052377429464108075,Buy
2023-09-11,TRV,-0.026457769615820283,Sell
2023-09-11,DPZ,0.0004487073526727378,Buy
2023-09-11,BBT,0.02631578947368421,Buy
2023-09-11,WFC,-0.00014968091301270636,Sell
2023-09-11,EOG,0.02631578947368421,Buy
2023-09-11,QQQ,0.05287929491096068,Buy
2023-09-11,SIRI,-0.0002465228991076762,Sell
2023-09-11,ANF,-2.2243079226286905e-05,Sell
2023-09-11,HTZ,-0.02631578947368421,Sell
2023-09-11,CCL,-0.00024723650765054797,Sell
2023-09-11,TSM,-0.02624243638988621,Sell
2023-09-11,MS,0.02631578947368421,Buy
2023-09-11,ALK,-0.026663035275654935,Sell
2023-09-11,MAR,-0.0002264835599729946,Sell
2023-09-11,KEY,-0.02631578947368421,Sell
2023-09-11,WMB,0.02631578947368421,Buy
2023-09-11,TRP,1.1354845072621134e-05,Buy
2023-09-11,KO,-0.026501706609303084,Sell
2023-09-11,HUM,-9.250909542805191e-05,Sell
2023-09-11,NTAP,0.02631578947368421,Buy
2023-09-11,WSM,-0.00014022375068194204,Sell
2023-09-11,TRIP,-0.00043023244099391067,Sell
2023-09-11,BX,0.0001317688388996624,Buy
2023-09-11,MRVL,0.00021155254737570406,Buy
2023-09-11,PCG,0.02631578947368421,Buy
2023-09-11,DUK,0.026473372256612993,Buy
2023-09-11,RF,-1.1621764726691547e-05,Sell
2023-09-11,CME,5.7475144959212576e-05,Buy
2023-09-11,CP,-0.026632052856548308,Sell
2023-09-11,PRGO,-0.026471262355113614,Sell
2023-09-11,SYK,-0.02631578947368421,Sell
2023-09-11,BSX,-0.02631578947368421,Sell
2023-09-11,XLE,0.02590904145582063,Buy
2023-09-11,M,0.02631578947368421,Buy
2023-09-11,ENB,-7.143397569921855e-05,Sell
2023-09-11,VZ,-0.02631578947368421,Sell
2023-09-11,CAT,-8.303562958939664e-05,Sell
2023-09-12,MET,0.0001554293648098025,Buy
2023-09-12,PPG,0.02631578947368421,Buy
2023-09-12,AMTD,-0.02631578947368421,Sell
2023-09-12,BAX,-0.025976397984414677,Sell
2023-09-12,A,0.00016284835856540322,Buy
2023-09-12,NVDA,0.00026744703118767796,Buy
2023-09-12,DAL,0.0001849756774004105,Buy
2023-09-12,AA,-0.0005275859450252392,Sell
2023-09-12,RRC,-0.02631578947368421,Sell
2023-09-12,CAG,0.0004589307737003674,Buy
2023-09-12,GREK,0.00014857275702150757,Buy
2023-09-12,STI,-0.026202928288875573,Sell
2023-09-12,KMB,0.02631578947368421,Buy
2023-09-12,HAS,-0.02631578947368421,Sell
2023-09-12,DPZ,-0.00017564685957018045,Sell
2023-09-12,DHI,0.02631578947368421,Buy
2023-09-12,BBT,0.000387273761702462,Buy
2023-09-12,BDX,0.02631578947368421,Buy
2023-09-12,WFC,-0.026994984618988888,Sell
2023-09-12,EOG,-0.05333275155326406,Sell
2023-09-12,QQQ,-0.05225211227850153,Sell
2023-09-12,SIRI,0.02653715886480002,Buy
2023-09-12,ANF,-0.0006485509700095843,Sell
2023-09-12,HTZ,0.025468575237756058,Buy
2023-09-12,CCL,0.0001225293522213143,Buy
2023-09-12,MS,-0.053183619644956964,Sell
2023-09-12,MAR,-0.00013489195883800015,Sell
2023-09-12,KEY,0.0012215445098599093,Buy
2023-09-12,ILMN,0.02631578947368421,Buy
2023-09-12,WMB,-0.026593033984791986,Sell
2023-09-12,TRP,0.00012947975779746199,Buy
2023-09-12,EW,0.02631578947368421,Buy
2023-09-12,HUM,1.7458318051964683e-05,Buy
2023-09-12,NTAP,-0.02615701264390258,Sell
2023-09-12,WSM,0.02546534740147428,Buy
2023-09-12,NWSA,0.02631578947368421,Buy
2023-09-12,TRIP,-2.0742130018312765e-05,Sell
2023-09-12,BX,0.026005311552359016,Buy
2023-09-12,MRVL,0.02591513799495056,Buy
2023-09-12,PCG,2.6567529105295945e-05,Buy
2023-09-12,RF,-0.02654823184975912,Sell
2023-09-12,CME,-5.9352409847321375e-05,Sell
2023-09-12,CLX,0.02631578947368421,Buy
2023-09-12,PRGO,0.02631578947368421,Buy
2023-09-12,SYK,0.025793990426638064,Buy
2023-09-12,BSX,0.025679142680966046,Buy
2023-09-12,XLE,-0.02631578947368421,Sell
2023-09-12,M,-0.026432940831951086,Sell
2023-09-12,ENB,-0.00024590994784918704,Sell
2023-09-12,VZ,-1.1368115165652504e-05,Sell
2023-09-12,CAT,-0.00011095001946060529,Sell
2023-09-12,BMY,0.02631578947368421,Buy
2023-09-13,MET,-5.364454180885325e-05,Sell
2023-09-13,CNC,-0.02631578947368421,Sell
2023-09-13,PPG,0.0001366398998356791,Buy
2023-09-13,AMTD,0.026564028914152743,Buy
2023-09-13,BAX,-0.02631578947368421,Sell
2023-09-13,A,-0.02649632400788206,Sell
2023-09-13,HOG,-0.02631578947368421,Sell
2023-09-13,NVDA,-0.02670557591566085,Sell
2023-09-13,DAL,0.0007093835539855667,Buy
2023-09-13,AA,0.00044909045817476817,Buy
2023-09-13,NSC,-0.02631578947368421,Sell
2023-09-13,RRC,-0.0001229803461750452,Sell
2023-09-13,CAG,2.6505024484060197e-05,Buy
2023-09-13,GREK,0.0004464509222670103,Buy
2023-09-13,STI,-0.02631578947368421,Sell
2023-09-13,KMB,-6.246693945184331e-05,Sell
2023-09-13,HAS,0.02590266675135238,Buy
2023-09-13,DPZ,0.0002208000567357135,Buy
2023-09-13,DHI,-0.026165249484564737,Sell
2023-09-13,BBT,-0.02605426462497467,Sell
2023-09-13,BDX,-0.026475360485155208,Sell
2023-09-13,EOG,0.026112657855970684,Buy
2023-09-13,QQQ,0.026444840695825034,Buy
2023-09-13,ANF,0.025527841526484872,Buy
2023-09-13,ORCL,0.02631578947368421,Buy
2023-09-13,DLTR,0.02631578947368421,Buy
2023-09-13,CCL,0.0007210767401417233,Buy
2023-09-13,MS,0.0005522023341008944,Buy
2023-09-13,ALK,0.02631578947368421,Buy
2023-09-13,MAR,0.02588301019515998,Buy
2023-09-13,XRT,0.02631578947368421,Buy
2023-09-13,KEY,0.02558348014234582,Buy
2023-09-13,ILMN,-0.02640403253298045,Sell
2023-09-13,WMB,-0.02631578947368421,Sell
2023-09-13,TRP,7.216778887990036e-05,Buy
2023-09-13,EW,4.311386060770056e-05,Buy
2023-09-13,RL,0.02631578947368421,Buy
2023-09-13,HUM,0.00022134227267342835,Buy
2023-09-13,NTAP,0.02631578947368421,Buy
2023-09-13,NWSA,0.0006419303837101389,Buy
2023-09-13,TRIP,-0.00015838053014273837,Sell
2023-09-13,PCG,-0.026546656803599845,Sell
2023-09-13,DUK,-0.02631578947368421,Sell
2023-09-13,RF,0.02631578947368421,Buy
2023-09-13,CME,0.00019099765148143655,Buy
2023-09-13,CLX,0.00036752264901901074,Buy
2023-09-13,PRGO,3.345369799960876e-05,Buy
2023-09-13,CSIQ,-0.02631578947368421,Sell
2023-09-13,XLE,0.026146151440529328,Buy
2023-09-13,ENB,-0.00016759878685538437,Sell
2023-09-13,ZUMZ,-0.02631578947368421,Sell
2023-09-13,VZ,0.026205182083595666,Buy
2023-09-13,CAT,-0.0005219167480832697,Sell
2023-09-13,BMY,0.00022932280992424628,Buy
2023-09-14,MET,0.0009962322563016358,Buy
2023-09-14,CNC,0.026143238724412092,Buy
2023-09-14,PPG,-0.026701689535513218,Sell
2023-09-14,AMTD,0.02631578947368421,Buy
2023-09-14,BAX,0.05276833133124596,Buy
2023-09-14,CF,-0.02631578947368421,Sell
2023-09-14,HOG,0.02699878833495502,Buy
2023-09-14,WEN,-0.02631578947368421,Sell
2023-09-14,DAL,3.7273654409995804e-05,Buy
2023-09-14,AA,0.0015301498441512885,Buy
2023-09-14,NSC,0.0008824868313147965,Buy
2023-09-14,RRC,0.02685341590526577,Buy
2023-09-14,CAG,-0.0005629355004464105,Sell
2023-09-14,GREK,-0.00020217533538614135,Sell
2023-09-14,JNJ,0.02631578947368421,Buy
2023-09-14,STI,0.02642551135272993,Buy
2023-09-14,KMB,-0.026613676900955473,Sell
2023-09-14,NDAQ,-0.02631578947368421,Sell
2023-09-14,DPZ,0.00036512058340177136,Buy
2023-09-14,VTR,-0.02631578947368421,Sell
2023-09-14,EWI,0.02631578947368421,Buy
2023-09-14,HTZ,-0.02631578947368421,Sell
2023-09-14,ORCL,-0.0005397558522382689,Sell
2023-09-14,DLTR,-0.0002503575610568777,Sell
2023-09-14,CCL,-0.001182927830752023,Sell
2023-09-14,MS,0.0006609499888695289,Buy
2023-09-14,ALK,-0.0002650465748950462,Sell
2023-09-14,MAR,-0.02631578947368421,Sell
2023-09-14,XRT,-0.027043249369806236,Sell
2023-09-14,ILMN,0.02631578947368421,Buy
2023-09-14,GOLD,0.02631578947368421,Buy
2023-09-14,WMB,0.02678032133789387,Buy
2023-09-14,TRP,0.0008568635853150423,Buy
2023-09-14,ULTA,0.02631578947368421,Buy
2023-09-14,EW,-0.026732490236012495,Sell
2023-09-14,RL,-0.026617558468987727,Sell
2023-09-14,HUM,5.770998231381316e-05,Buy
2023-09-14,NTAP,-0.026622080184608085,Sell
2023-09-14,NWSA,-0.026712035733708006,Sell
2023-09-14,TRIP,0.027095599676745435,Buy
2023-09-14,DUK,0.026867435400806553,Buy
2023-09-14,RF,-0.026603059864115,Sell
2023-09-14,HMC,-0.02631578947368421,Sell
2023-09-14,CME,0.0001594079157260092,Buy
2023-09-14,CLX,-0.026802124416190416,Sell
2023-09-14,PRGO,4.6499030909225025e-05,Buy
2023-09-14,OHI,-0.02631578947368421,Sell
2023-09-14,CSIQ,0.0008207672970423942,Buy
2023-09-14,BSX,0.02631578947368421,Buy
2023-09-14,XLE,-0.02631578947368421,Sell
2023-09-14,M,0.02631578947368421,Buy
2023-09-14,ENB,-0.0008796959940920376,Sell
2023-09-14,ZUMZ,0.027550683317718167,Buy
2023-09-14,CAT,0.0007456474314583711,Buy
2023-09-14,BMY,-3.884055399091396e-05,Sell
2023-09-15,MET,-0.00012939381280634848,Sell
2023-09-15,AMTD,-0.02586696440984416,Sell
2023-09-15,BAX,-0.026251058686869236,Sell
2023-09-15,CF,0.025715493248612713,Buy
2023-09-15,WEN,0.026155015253379522,Buy
2023-09-15,DAL,-0.026679216352437723,Sell
2023-09-15,AA,-0.001184962222675938,Sell
2023-09-15,NSC,0.025970948916724967,Buy
2023-09-15,ICE,0.02631578947368421,Buy
2023-09-15,CAG,0.0001262953768066781,Buy
2023-09-15,GREK,-0.0004865554694537186,Sell
2023-09-15,JNJ,0.0003854994969027768,Buy
2023-09-15,KMB,0.02631578947368421,Buy
2023-09-15,NDAQ,0.02594042537640131,Buy
2023-09-15,HAS,0.02631578947368421,Buy
2023-09-15,DPZ,0.02560021926459555,Buy
2023-09-15,VTR,0.00013047375159486174,Buy
2023-09-15,BBT,-0.02631578947368421,Sell
2023-09-15,EBAY,-0.02631578947368421,Sell
2023-09-15,WFC,-0.02631578947368421,Sell
2023-09-15,QQQ,0.02631578947368421,Buy
2023-09-15,EWI,-0.026223368910852262,Sell
2023-09-15,SIRI,-0.02631578947368421,Sell
2023-09-15,ANF,-0.02631578947368421,Sell
2023-09-15,HTZ,0.025912291248027894,Buy
2023-09-15,ORCL,-4.0137185321385827e-05,Sell
2023-09-15,DLTR,-0.02606837431797215,Sell
2023-09-15,CCL,0.0007580251002891197,Buy
2023-09-15,MS,0.026103211244100828,Buy
2023-09-15,ALK,-0.026371577858809146,Sell
2023-09-15,MAR,0.026162863205620394,Buy
2023-09-15,KEY,-0.02631578947368421,Sell
2023-09-15,ILMN,-0.02553966873132947,Sell
2023-09-15,KGC,-0.02631578947368421,Sell
2023-09-15,GOLD,0.0016817475124589476,Buy
2023-09-15,TRP,-1.7707676964903024e-05,Sell
2023-09-15,D,0.02631578947368421,Buy
2023-09-15,ULTA,0.00016063416385426674,Buy
2023-09-15,HUM,-6.232580812930502e-05,Sell
2023-09-15,NTAP,0.02631578947368421,Buy
2023-09-15,NWSA,0.02631578947368421,Buy
2023-09-15,TRIP,-0.02631578947368421,Sell
2023-09-15,BX,-0.02631578947368421,Sell
2023-09-15,LOW,0.02631578947368421,Buy
2023-09-15,PCG,-0.02631578947368421,Sell
2023-09-15,HMC,0.026106017900592245,Buy
2023-09-15,CME,0.02617280199058266,Buy
2023-09-15,CLX,0.02631578947368421,Buy
2023-09-15,PRGO,8.808803877211058e-05,Buy
2023-09-15,OHI,6.126529910789602e-05,Buy
2023-09-15,CSIQ,-0.0005085552818827402,Sell
2023-09-15,BSX,-0.026288144658147584,Sell
2023-09-15,XLE,0.025917801670337085,Buy
2023-09-15,M,-0.02578878718903071,Sell
2023-09-15,COF,-0.02631578947368421,Sell
2023-09-15,ENB,0.00018895961090727512,Buy
2023-09-15,CAT,-0.0003350786802841163,Sell
2023-09-15,BMY,0.00022105423452640702,Buy
2023-09-18,MET,0.0002637166094902367,Buy
2023-09-18,PPG,0.02631578947368421,Buy
2023-09-18,AMTD,-0.02631578947368421,Sell
2023-09-18,BAX,0.02631578947368421,Buy
2023-09-18,A,0.02631578947368421,Buy
2023-09-18,DAL,0.02631578947368421,Buy
2023-09-18,AA,3.1290797767452583e-06,Buy
2023-09-18,BUD,-0.02631578947368421,Sell
2023-09-18,ICE,-0.026357580194072087,Sell
2023-09-18,RRC,0.02631578947368421,Buy
2023-09-18,CAG,0.00019694898376476644,Buy
2023-09-18,GREK,-1.062841004025733e-05,Sell
2023-09-18,JNJ,-0.02648519267228345,Sell
2023-09-18,KMB,-0.026342073918923604,Sell
2023-09-18,HAS,-0.026176160512043935,Sell
2023-09-18,DPZ,-0.02631578947368421,Sell
2023-09-18,VTR,0.025770356036554355,Buy
2023-09-18,BBT,-0.0006113658834320003,Sell
2023-09-18,EBAY,0.025935002271489666,Buy
2023-09-18,WFC,0.00029726811956604787,Buy
2023-09-18,QQQ,-3.056345143937628e-05,Sell
2023-09-18,SIRI,0.027044501387980233,Buy
2023-09-18,ANF,0.025560490651137812,Buy
2023-09-18,ORCL,-0.025926132363048082,Sell
2023-09-18,CCL,0.0002567670976461635,Buy
2023-09-18,TSM,0.02631578947368421,Buy
2023-09-18,ALK,0.02631578947368421,Buy
2023-09-18,KEY,-0.0007828475117829144,Sell
2023-09-18,KGC,0.0003587894668141342,Buy
2023-09-18,GOLD,-0.027012613471510984,Sell
2023-09-18,TRP,0.026178396365120794,Buy
2023-09-18,KO,-0.02631578947368421,Sell
2023-09-18,D,-9.000754856339568e-05,Sell
2023-09-18,ULTA,0.00035833636010209127,Buy
2023-09-18,PVH,-0.02631578947368421,Sell
2023-09-18,HUM,0.0001848264916055782,Buy
2023-09-18,NTAP,0.0005217546873803984,Buy
2023-09-18,NWSA,0.0004640719713391375,Buy
2023-09-18,TRIP,0.0002831177087023462,Buy
2023-09-18,BX,0.0001372809161034258,Buy
2023-09-18,LOW,0.00027200056716914986,Buy
2023-09-18,PCG,-1.206960729104381e-05,Sell
2023-09-18,CLX,0.0006269336985940538,Buy
2023-09-18,PRGO,-0.0529250480544054,Sell
2023-09-18,OHI,0.02595644060912721,Buy
2023-09-18,CSIQ,0.025683568073124843,Buy
2023-09-18,BSX,-0.02631578947368421,Sell
2023-09-18,COF,0.025845250040516344,Buy
2023-09-18,ENB,4.937558328436606e-05,Buy
2023-09-18,MT,-0.02631578947368421,Sell
2023-09-18,CAT,0.000171899431452089,Buy
2023-09-18,BMY,0.00019750589979590505,Buy
2023-09-19,MET,2.2346190531302018e-05,Buy
2023-09-19,PPG,5.707237822746153e-05,Buy
2023-09-19,AMTD,0.02609684933467308,Buy
2023-09-19,BAX,-0.052786389008653636,Sell
2023-09-19,A,9.019817478076939e-05,Buy
2023-09-19,CF,-0.02631578947368421,Sell
2023-09-19,HP,0.02631578947368421,Buy
2023-09-19,HOG,-0.02631578947368421,Sell
2023-09-19,DAL,-0.026693237438633187,Sell
2023-09-19,AA,-0.0004666410106574821,Sell
2023-09-19,HYG,0.02631578947368421,Buy
2023-09-19,BUD,0.026241280328262097,Buy
2023-09-19,RRC,5.999560297310566e-05,Buy
2023-09-19,CAG,-0.026286834677894864,Sell
2023-09-19,GREK,-0.02569190033031192,Sell
2023-09-19,KMB,0.02631578947368421,Buy
2023-09-19,NDAQ,-0.02631578947368421,Sell
2023-09-19,HAS,-0.02631578947368421,Sell
2023-09-19,DPZ,-0.00010280430092938359,Sell
2023-09-19,DHI,-0.02631578947368421,Sell
2023-09-19,BBT,0.05237580016384461,Buy
2023-09-19,WFC,0.0261870837446319,Buy
2023-09-19,EOG,0.02631578947368421,Buy
2023-09-19,QQQ,5.75509885102736e-05,Buy
2023-09-19,ANF,-0.02631578947368421,Sell
2023-09-19,CCL,-8.601649434786945e-05,Sell
2023-09-19,TSM,0.00019698161180587911,Buy
2023-09-19,ALK,-0.026449686870549688,Sell
2023-09-19,KEY,-0.00032547930456526195,Sell
2023-09-19,ILMN,-0.02631578947368421,Sell
2023-09-19,KGC,0.025963467600920456,Buy
2023-09-19,GOLD,0.02631578947368421,Buy
2023-09-19,KO,0.02626015967559158,Buy
2023-09-19,D,0.00042353494996984556,Buy
2023-09-19,ULTA,-0.00024949078550671674,Sell
2023-09-19,PVH,0.026542644321818226,Buy
2023-09-19,HUM,0.026302110585324088,Buy
2023-09-19,NTAP,4.637326753697407e-05,Buy
2023-09-19,NWSA,-3.816888995733514e-05,Sell
2023-09-19,TRIP,0.00021035497029289404,Buy
2023-09-19,BX,0.00017109744336208862,Buy
2023-09-19,LOW,2.8055630925727382e-05,Buy
2023-09-19,PCG,0.00016584695818738435,Buy
2023-09-19,HMC,-0.02631578947368421,Sell
2023-09-19,CLX,0.0007870318192237831,Buy
2023-09-19,PRGO,0.02602720267416986,Buy
2023-09-19,SYK,-0.02631578947368421,Sell
2023-09-19,BSX,0.02632921890046194,Buy
2023-09-19,ENB,5.406025699383407e-05,Buy
2023-09-19,MT,-5.340805861053441e-05,Sell
2023-09-19,CAT,-0.00012042004612376062,Sell
2023-09-19,BMY,-0.026336786659859546,Sell
2023-09-20,MET,-1.2671898271861964e-05,Sell
2023-09-20,PPG,0.0001868826103362739,Buy
2023-09-20,AMTD,0.02631578947368421,Buy
2023-09-20,BAX,0.026078404248317633,Buy
2023-09-20,A,-0.026448201506125552,Sell
2023-09-20,CF,0.0003337229886272164,Buy
2023-09-20,HP,0.00012958637899042683,Buy
2023-09-20,HOG,0.026434707210658902,Buy
2023-09-20,WEN,-0.02631578947368421,Sell
2023-09-20,DAL,0.02631578947368421,Buy
2023-09-20,AA,0.0010639793621175161,Buy
2023-09-20,HYG,-0.026389301715112327,Sell
2023-09-20,RRC,0.0007463182604579947,Buy
2023-09-20,CAG,-0.02631578947368421,Sell
2023-09-20,KMB,-0.026529494305556723,Sell
2023-09-20,NDAQ,0.02622389078348276,Buy
2023-09-20,HAS,0.0002462012976371837,Buy
2023-09-20,DPZ,0.0265492481106249,Buy
2023-09-20,VTR,-0.02631578947368421,Sell
2023-09-20,DHI,0.026319899680524048,Buy
2023-09-20,BBT,-0.00012191635609340792,Sell
2023-09-20,EOG,0.0006217794001568099,Buy
2023-09-20,QQQ,0.00028580390926631963,Buy
2023-09-20,SIRI,-0.02631578947368421,Sell
2023-09-20,ANF,-7.752617981991033e-05,Sell
2023-09-20,HTZ,-0.02631578947368421,Sell
2023-09-20,CCL,0.0006753059266464273,Buy
2023-09-20,TSM,0.00016880663341050858,Buy
2023-09-20,ALK,0.02631578947368421,Buy
2023-09-20,MAR,-0.02631578947368421,Sell
2023-09-20,KEY,-0.0003520536918187739,Sell
2023-09-20,ILMN,-0.00031491327553142753,Sell
2023-09-20,KGC,-0.02631578947368421,Sell
2023-09-20,GOLD,0.0004438689987724745,Buy
2023-09-20,D,-0.02647681542518824,Sell
2023-09-20,ULTA,-6.464101521702625e-05,Sell
2023-09-20,EW,0.02631578947368421,Buy
2023-09-20,NTAP,-0.00010867604008182527,Sell
2023-09-20,NWSA,0.00027588970329370244,Buy
2023-09-20,TRIP,-0.00011611122155147022,Sell
2023-09-20,BX,0.026204098208463783,Buy
2023-09-20,LOW,0.00021971160390529126,Buy
2023-09-20,PCG,7.962174526776611e-05,Buy
2023-09-20,HMC,0.026021651576150905,Buy
2023-09-20,CLX,0.0002829383617594383,Buy
2023-09-20,SYK,0.025984355129397514,Buy
2023-09-20,BSX,-0.02631578947368421,Sell
2023-09-20,ENB,-9.478575909889833e-05,Sell
2023-09-20,MT,0.00018881109311118943,Buy
2023-09-20,CAT,-5.31996669589363e-06,Sell
2023-09-21,MET,0.025696185654886943,Buy
2023-09-21,CNC,-0.02631578947368421,Sell
2023-09-21,PPG,0.000567270032306888,Buy
2023-09-21,AMTD,-0.02559598607360143,Sell
2023-09-21,VWO,-0.02631578947368421,Sell
2023-09-21,CF,-0.00010116018378140273,Sell
2023-09-21,HP,0.0010579403877325859,Buy
2023-09-21,WEN,0.02574695376881642,Buy
2023-09-21,DAL,-0.025860671261723183,Sell
2023-09-21,AA,-0.0014127476679030894,Sell
2023-09-21,ICE,0.02631578947368421,Buy
2023-09-21,RRC,0.00042618996696510564,Buy
2023-09-21,CAG,3.635297948575977e-05,Buy
2023-09-21,HAS,0.02618534489195185,Buy
2023-09-21,DPZ,-0.02631578947368421,Sell
2023-09-21,VTR,0.02561956336684449,Buy
2023-09-21,EWC,-0.02631578947368421,Sell
2023-09-21,BBT,-0.02672373156345132,Sell
2023-09-21,EBAY,-0.02631578947368421,Sell
2023-09-21,EOG,0.0006722139531106334,Buy
2023-09-21,QQQ,0.0005445580693028626,Buy
2023-09-21,SIRI,-0.00019093820283061502,Sell
2023-09-21,ANF,-0.0005493601775662937,Sell
2023-09-21,HTZ,-0.0006755962127085353,Sell
2023-09-21,DLTR,0.02631578947368421,Buy
2023-09-21,CCL,0.0004218890040285604,Buy
2023-09-21,TSM,0.0006439426220330273,Buy
2023-09-21,ALK,0.0003762661905461033,Buy
2023-09-21,MAR,0.0519520330887703,Buy
2023-09-21,KEY,-0.0008244326364459896,Sell
2023-09-21,ILMN,0.025299733629880493,Buy
2023-09-21,KGC,0.0250977989917063,Buy
2023-09-21,GOLD,-0.026126160425674158,Sell
2023-09-21,WMB,0.02631578947368421,Buy
2023-09-21,ULTA,-0.025801681022119716,Sell
2023-09-21,EW,0.0007093128400956529,Buy
2023-09-21,HUM,-0.02631578947368421,Sell
2023-09-21,NTAP,-0.02619017848434215,Sell
2023-09-21,NWSA,-0.026585948772091382,Sell
2023-09-21,TRIP,-0.0005023887137813668,Sell
2023-09-21,BX,0.02631578947368421,Buy
2023-09-21,LOW,0.0005887647748438266,Buy
2023-09-21,MRVL,-0.02631578947368421,Sell
2023-09-21,PCG,0.026010890673175836,Buy
2023-09-21,CME,0.02631578947368421,Buy
2023-09-21,CLX,0.000417479664663066,Buy
2023-09-21,PRGO,0.02631578947368421,Buy
2023-09-21,SYK,-0.02631578947368421,Sell
2023-09-21,BSX,-0.00012657850144441596,Sell
2023-09-21,COF,0.02631578947368421,Buy
2023-09-21,ENB,-0.025764053463992333,Sell
2023-09-21,MT,-0.0006119325740819859,Sell
2023-09-21,CAT,0.02563228456212251,Buy
2023-09-21,BMY,-0.02631578947368421,Sell
2023-09-22,MNST,0.02631578947368421,Buy
2023-09-22,CNC,0.02599711557269481,Buy
2023-09-22,PPG,-0.026700183152394422,Sell
2023-09-22,BAX,0.02631578947368421,Buy
2023-09-22,VWO,0.0003158207417137439,Buy
2023-09-22,A,-0.02631578947368421,Sell
2023-09-22,CF,0.00022114944411663964,Buy
2023-09-22,HP,-0.02641517777392659,Sell
2023-09-22,HOG,-0.02631578947368421,Sell
2023-09-22,XLP,0.02631578947368421,Buy
2023-09-22,AA,0.0004602093469167831,Buy
2023-09-22,ICE,0.000519972232024813,Buy
2023-09-22,RRC,-0.026436787641069277,Sell
2023-09-22,CAG,0.026168503770465767,Buy
2023-09-22,JNJ,0.02631578947368421,Buy
2023-09-22,KMB,0.02631578947368421,Buy
2023-09-22,DPZ,0.026552419182448855,Buy
2023-09-22,VTR,-0.02631578947368421,Sell
2023-09-22,EWC,0.026276209274788284,Buy
2023-09-22,BBT,-0.02631578947368421,Sell
2023-09-22,MU,-0.02631578947368421,Sell
2023-09-22,EBAY,-0.00046661313476475605,Sell
2023-09-22,EOG,-1.3301579459008839e-05,Sell
2023-09-22,QQQ,-1.0539523244951221e-05,Sell
2023-09-22,SIRI,-0.00044255613363948856,Sell
2023-09-22,ANF,0.0007060207666094408,Buy
2023-09-22,HTZ,0.02352979300499701,Buy
2023-09-22,DLTR,-0.026073143766743332,Sell
2023-09-22,CCL,0.0007217967302352406,Buy
2023-09-22,TSM,-0.026408992708791264,Sell
2023-09-22,MS,0.02631578947368421,Buy
2023-09-22,ALK,0.0004416284494143906,Buy
2023-09-22,MAR,0.00010238766356104878,Buy
2023-09-22,XRT,0.02631578947368421,Buy
2023-09-22,KEY,-0.00026324756029480825,Sell
2023-09-22,ILMN,0.02631578947368421,Buy
2023-09-22,WMB,-0.02645642123799751,Sell
2023-09-22,D,-0.02631578947368421,Sell
2023-09-22,ULTA,0.02631578947368421,Buy
2023-09-22,EW,0.0001881788196476976,Buy
2023-09-22,HUM,0.026322647534846137,Buy
2023-09-22,NWSA,0.02631578947368421,Buy
2023-09-22,TRIP,0.026637590352866034,Buy
2023-09-22,BX,-0.026334489788401586,Sell
2023-09-22,LOW,8.139280799752263e-06,Buy
2023-09-22,MRVL,0.00024043148336221412,Buy
2023-09-22,NTES,-0.02631578947368421,Sell
2023-09-22,CME,-0.05257465036376345,Sell
2023-09-22,CLX,-0.025939406857355476,Sell
2023-09-22,PRGO,0.0003394951635796277,Buy
2023-09-22,SYK,0.0263994608785311,Buy
2023-09-22,CSIQ,-0.02631578947368421,Sell
2023-09-22,BSX,0.026142187063011506,Buy
2023-09-22,COF,-0.026147037352258116,Sell
2023-09-22,MT,-0.00013089976411953877,Sell
2023-09-22,VZ,-0.02631578947368421,Sell
2023-09-22,BMY,0.026242450113279504,Buy
2023-09-25,MET,-0.02631578947368421,Sell
2023-09-25,MNST,-0.02636568114255997,Sell
2023-09-25,CNC,-0.02631578947368421,Sell
2023-09-25,BAX,-0.026163425226578652,Sell
2023-09-25,VWO,0.02620345775879447,Buy
2023-09-25,A,0.026428090664066137,Buy
2023-09-25,CF,0.0005275360737168611,Buy
2023-09-25,HP,0.02631578947368421,Buy
2023-09-25,HOG,0.0003018414136453859,Buy
2023-09-25,XLP,0.00010657832323765146,Buy
2023-09-25,WEN,-0.02631578947368421,Sell
2023-09-25,AA,-0.001608633459726106,Sell
2023-09-25,ICE,0.0002491867565266141,Buy
2023-09-25,CAG,0.02631578947368421,Buy
2023-09-25,JNJ,-0.02626363796302758,Sell
2023-09-25,STI,0.02631578947368421,Buy
2023-09-25,KMB,0.00011678578428749378,Buy
2023-09-25,HAS,-0.02631578947368421,Sell
2023-09-25,VTR,-8.080768398046473e-05,Sell
2023-09-25,DHI,0.02631578947368421,Buy
2023-09-25,BBT,0.026436683611794375,Buy
2023-09-25,MU,0.026188408570767416,Buy
2023-09-25,EBAY,0.0004079658026510044,Buy
2023-09-25,EOG,-0.02695291883208129,Sell
2023-09-25,QQQ,-0.02642789378398012,Sell
2023-09-25,SIRI,-0.00014336038928144945,Sell
2023-09-25,ANF,0.0005742218427364013,Buy
2023-09-25,CCL,0.00029364214096524316,Buy
2023-09-25,MS,9.493740066155582e-05,Buy
2023-09-25,ALK,0.00011102414096006777,Buy
2023-09-25,MAR,0.0002063471445499926,Buy
2023-09-25,XRT,-0.00011517717275588008,Sell
2023-09-25,KEY,3.675630904919139e-05,Buy
2023-09-25,ILMN,-0.026098401697229556,Sell
2023-09-25,GOLD,0.02631578947368421,Buy
2023-09-25,KO,0.02631578947368421,Buy
2023-09-25,D,7.531054961557385e-05,Buy
2023-09-25,ULTA,-0.02628053414451743,Sell
2023-09-25,EW,8.834669053431679e-05,Buy
2023-09-25,NTAP,0.02631578947368421,Buy
2023-09-25,WSM,-0.02631578947368421,Sell
2023-09-25,NWSA,-0.02644998562336327,Sell
2023-09-25,LOW,-0.026554135422232613,Sell
2023-09-25,MRVL,0.00015313789970422542,Buy
2023-09-25,NTES,0.026039514773434885,Buy
2023-09-25,CME,0.05250530819481013,Buy
2023-09-25,PRGO,6.176332899092071e-05,Buy
2023-09-25,OHI,-0.02631578947368421,Sell
2023-09-25,CSIQ,-0.0006344763352266365,Sell
2023-09-25,XLE,-0.02631578947368421,Sell
2023-09-25,COF,0.02631578947368421,Buy
2023-09-25,MT,-0.00034281049672246766,Sell
2023-09-25,VZ,0.026208116567027522,Buy
2023-09-26,MET,0.0517645280649795,Buy
2023-09-26,CNC,-0.00027971541401209873,Sell
2023-09-26,PPG,0.02631578947368421,Buy
2023-09-26,CF,0.02600440232416042,Buy
2023-09-26,HP,0.00047233057868048545,Buy
2023-09-26,HOG,0.025615232659269047,Buy
2023-09-26,XLP,0.00025927196994992435,Buy
2023-09-26,WEN,0.02621364220282651,Buy
2023-09-26,AA,-0.0008230185383650002,Sell
2023-09-26,NSC,0.02631578947368421,Buy
2023-09-26,ICE,0.0005328214224416296,Buy
2023-09-26,RRC,-0.02631578947368421,Sell
2023-09-26,CAG,0.00032378446184617993,Buy
2023-09-26,JNJ,0.02631578947368421,Buy
2023-09-26,STI,-0.052616237020113255,Sell
2023-09-26,KMB,-0.026262458822728207,Sell
2023-09-26,HAS,0.02570442389766398,Buy
2023-09-26,VTR,-0.0005277720670240835,Sell
2023-09-26,DHI,-0.026079523296470484,Sell
2023-09-26,EWC,-0.02631578947368421,Sell
2023-09-26,BDX,0.02631578947368421,Buy
2023-09-26,EBAY,-0.0002616506623771622,Sell
2023-09-26,QQQ,0.02631578947368421,Buy
2023-09-26,SIRI,-0.0009150181453239058,Sell
2023-09-26,ANF,0.0004838030082265493,Buy
2023-09-26,CCL,-0.02598742719472812,Sell
2023-09-26,MS,-0.02597992133969999,Sell
2023-09-26,ALK,0.00042934628768643776,Buy
2023-09-26,MAR,-0.02609263029575579,Sell
2023-09-26,XRT,-0.025861649324860295,Sell
2023-09-26,KEY,-0.0005578714215763864,Sell
2023-09-26,KGC,-0.02631578947368421,Sell
2023-09-26,GOLD,-0.0254784457755244,Sell
2023-09-26,WMB,0.02631578947368421,Buy
2023-09-26,TRP,-0.02631578947368421,Sell
2023-09-26,KO,0.00028042109996945577,Buy
2023-09-26,D,-0.0010776492233513478,Sell
2023-09-26,ULTA,0.02631578947368421,Buy
2023-09-26,EW,-0.02659576140991809,Sell
2023-09-26,NTAP,-0.026022372911082167,Sell
2023-09-26,WSM,-0.0005023814779886483,Sell
2023-09-26,TRIP,-0.02631578947368421,Sell
2023-09-26,BX,0.02631578947368421,Buy
2023-09-26,MRVL,-0.0005228590732080339,Sell
2023-09-26,PCG,-0.02631578947368421,Sell
2023-09-26,RF,0.02631578947368421,Buy
2023-09-26,CME,-0.026118515005998953,Sell
2023-09-26,PRGO,0.0006511363733992526,Buy
2023-09-26,OHI,0.025932638041842294,Buy
2023-09-26,SYK,0.02631578947368421,Buy
2023-09-26,CSIQ,-0.0001264622259881075,Sell
2023-09-26,XLE,0.02610088070963685,Buy
2023-09-26,COF,-0.026042636707451137,Sell
2023-09-26,ENB,-0.02631578947368421,Sell
2023-09-26,MT,0.026058169103787075,Buy
2023-09-26,CAT,0.02631578947368421,Buy
2023-09-27,MET,2.6572650044336815e-05,Buy
2023-09-27,CNC,0.026303769798318496,Buy
2023-09-27,PPG,3.6780866916771154e-05,Buy
2023-09-27,HP,-0.05408978998824929,Sell
2023-09-27,HOG,-0.02631578947368421,Sell
2023-09-27,XLP,0.00013464001658414215,Buy
2023-09-27,AA,0.0004293442084713564,Buy
2023-09-27,NSC,0.0001906712371511493,Buy
2023-09-27,ICE,-0.026654084101291713,Sell
2023-09-27,RRC,0.001159745914057174,Buy
2023-09-27,CAG,0.0003606745386559272,Buy
2023-09-27,JNJ,0.0002347921499786694,Buy
2023-09-27,STI,8.227259092349892e-05,Buy
2023-09-27,HAS,0.02631578947368421,Buy
2023-09-27,VTR,0.026214475828927716,Buy
2023-09-27,EWC,0.026264342808996966,Buy
2023-09-27,BDX,0.00013421923223142992,Buy
2023-09-27,EBAY,0.026033865731592047,Buy
2023-09-27,QQQ,-0.02645991956598547,Sell
2023-09-27,SIRI,0.0013749709300355413,Buy
2023-09-27,ANF,0.0009415590944095963,Buy
2023-09-27,MS,0.02631578947368421,Buy
2023-09-27,ALK,0.00022584832918548514,Buy
2023-09-27,KEY,-0.0002467569399069655,Sell
2023-09-27,ILMN,-0.02631578947368421,Sell
2023-09-27,KGC,-0.0007566472142644699,Sell
2023-09-27,WMB,-0.026806841995179177,Sell
2023-09-27,TRP,0.00037830477795489786,Buy
2023-09-27,KO,0.00018857188070426148,Buy
2023-09-27,D,0.026054185334618153,Buy
2023-09-27,ULTA,-0.026582303983972957,Sell
2023-09-27,RL,-0.02631578947368421,Sell
2023-09-27,WSM,0.0006852322491375518,Buy
2023-09-27,NWSA,0.02631578947368421,Buy
2023-09-27,TRIP,0.0007561216467225421,Buy
2023-09-27,BX,-0.00023427340971361385,Sell
2023-09-27,MRVL,0.0005110937365414223,Buy
2023-09-27,PCG,0.026143624150440956,Buy
2023-09-27,RF,-0.026507598423625572,Sell
2023-09-27,CP,0.02631578947368421,Buy
2023-09-27,PRGO,-9.904949814229513e-05,Sell
2023-09-27,OHI,-0.02631578947368421,Sell
2023-09-27,SYK,0.0005942077075474922,Buy
2023-09-27,CSIQ,-0.00011723399864782894,Sell
2023-09-27,BSX,0.02631578947368421,Buy
2023-09-27,XLE,-0.02631578947368421,Sell
2023-09-27,COF,0.02631578947368421,Buy
2023-09-27,ENB,3.525873768561033e-05,Buy
2023-09-27,CAT,-0.0267105030431353,Sell
2023-09-27,MRK,0.02631578947368421,Buy
2023-09-28,MET,-0.00013948213176228144,Sell
2023-09-28,PPG,-0.026935160524105304,Sell
2023-09-28,CF,-0.02631578947368421,Sell
2023-09-28,HP,0.026075707984660277,Buy
2023-09-28,HOG,0.0005293507301166109,Buy
2023-09-28,XLP,-0.00017803418615964725,Sell
2023-09-28,NVDA,0.02631578947368421,Buy
2023-09-28,AA,0.028368990513522412,Buy
2023-09-28,NSC,-0.0002535603229190768,Sell
2023-09-28,RRC,0.026955772582652176,Buy
2023-09-28,CAG,-1.5023616530343564e-06,Sell
2023-09-28,GREK,0.02631578947368421,Buy
2023-09-28,JNJ,-0.02637453705097846,Sell
2023-09-28,STI,0.05272899458651338,Buy
2023-09-28,KMB,0.02631578947368421,Buy
2023-09-28,NDAQ,-0.02631578947368421,Sell
2023-09-28,HAS,-0.026652994074210058,Sell
2023-09-28,VTR,-0.02631578947368421,Sell
2023-09-28,BDX,-0.0004995325728311961,Sell
2023-09-28,EBAY,-0.02631578947368421,Sell
2023-09-28,SIRI,0.004056148696768538,Buy
2023-09-28,ANF,0.0008187429522466781,Buy
2023-09-28,MS,-0.02658789010603784,Sell
2023-09-28,ALK,-0.0004021011263253445,Sell
2023-09-28,KEY,0.0006615807827891895,Buy
2023-09-28,ILMN,0.0262249621835236,Buy
2023-09-28,KGC,0.02652879877223417,Buy
2023-09-28,GOLD,0.02631578947368421,Buy
2023-09-28,TRP,-0.0005300371175496754,Sell
2023-09-28,KO,-3.132612169668217e-05,Sell
2023-09-28,D,0.02631578947368421,Buy
2023-09-28,ULTA,-0.02631578947368421,Sell
2023-09-28,RL,0.02661618999695275,Buy
2023-09-28,WSM,0.02594772410715694,Buy
2023-09-28,NWSA,-0.05317257266131132,Sell
2023-09-28,TRIP,0.000952106305635806,Buy
2023-09-28,BX,-0.02682967361043615,Sell
2023-09-28,MRVL,0.0008262344191756962,Buy
2023-09-28,PCG,0.02631578947368421,Buy
2023-09-28,DUK,0.02631578947368421,Buy
2023-09-28,RF,-0.02631578947368421,Sell
2023-09-28,HMC,-0.02631578947368421,Sell
2023-09-28,CP,-0.026725066690962286,Sell
2023-09-28,PRGO,-0.0003155019426814565,Sell
2023-09-28,OHI,0.0004023130493280534,Buy
2023-09-28,SYK,-0.027170445112325407,Sell
2023-09-28,CSIQ,0.02624382200026451,Buy
2023-09-28,BSX,-0.053372848397775216,Sell
2023-09-28,XLE,0.026441866770408027,Buy
2023-09-28,M,-0.02631578947368421,Sell
2023-09-28,COF,-0.026833649841504714,Sell
2023-09-28,ENB,0.026342517109724562,Buy
2023-09-28,ZUMZ,0.02631578947368421,Buy
2023-09-28,MT,-0.02631578947368421,Sell
2023-09-28,MRK,-0.00018889532929104724,Sell
2023-09-28,BMY,0.02631578947368421,Buy
2023-09-29,MET,-0.02632774569109113,Sell
2023-09-29,BAX,-0.02631578947368421,Sell
2023-09-29,CF,-6.26534995587999e-05,Sell
2023-09-29,HP,0.02631578947368421,Buy
2023-09-29,HOG,0.00010367363622248646,Buy
2023-09-29,XLP,-0.02624727940154852,Sell
2023-09-29,NVDA,-0.026574040964845475,Sell
2023-09-29,AA,-0.02631578947368421,Sell
2023-09-29,BUD,-0.02631578947368421,Sell
2023-09-29,NSC,-0.02626354805071946,Sell
2023-09-29,CAG,1.1411600629843838e-05,Buy
2023-09-29,GREK,-0.0001832113849611662,Sell
2023-09-29,STI,-0.05263935414040899,Sell
2023-09-29,KMB,0.00015458078775695133,Buy
2023-09-29,NDAQ,-0.00016979416149391288,Sell
2023-09-29,HAS,-0.02631578947368421,Sell
2023-09-29,TRV,0.02631578947368421,Buy
2023-09-29,DPZ,0.02631578947368421,Buy
2023-09-29,VTR,0.02656315553132816,Buy
2023-09-29,BBT,0.02631578947368421,Buy
2023-09-29,BDX,0.0004140177420441614,Buy
2023-09-29,MU,-0.02631578947368421,Sell
2023-09-29,EBAY,0.00027312111145415957,Buy
2023-09-29,EOG,0.02631578947368421,Buy
2023-09-29,SIRI,-0.0008921744670371858,Sell
2023-09-29,ANF,0.00015806123719215928,Buy
2023-09-29,ALK,-0.026502247556746586,Sell
2023-09-29,KEY,0.000608311376743137,Buy
2023-09-29,ILMN,-0.02631578947368421,Sell
2023-09-29,GOLD,0.0003551252457357351,Buy
2023-09-29,WMB,0.02631578947368421,Buy
2023-09-29,TRP,-0.0001367729323221295,Sell
2023-09-29,KO,-0.026403745457739505,Sell
2023-09-29,D,-0.00032384412509760263,Sell
2023-09-29,ULTA,4.340967129966636e-05,Buy
2023-09-29,WSM,-0.02631578947368421,Sell
2023-09-29,NWSA,0.02642896747286852,Buy
2023-09-29,TRIP,-8.092297570153756e-06,Sell
2023-09-29,MRVL,0.02638693714012278,Buy
2023-09-29,PCG,0.0002347686518497233,Buy
2023-09-29,DUK,0.00011689727836000641,Buy
2023-09-29,RF,0.026570728541629656,Buy
2023-09-29,HMC,0.05173268714049225,Buy
2023-09-29,CME,0.02631578947368421,Buy
2023-09-29,PRGO,-0.00017359002425226117,Sell
2023-09-29,OHI,0.026212894630428682,Buy
2023-09-29,BSX,0.02604242499786571,Buy
2023-09-29,M,0.026714738690639867,Buy
2023-09-29,ZUMZ,-0.026487247984098277,Sell
2023-09-29,MT,0.026229250084561787,Buy
2023-09-29,VZ,-0.02631578947368421,Sell
2023-09-29,MRK,0.00033294034973613273,Buy
2023-09-29,BMY,3.750282438927735e-05,Buy
2023-10-02,MET,0.02631578947368421,Buy
2023-10-02,BAX,0.026122937586023614,Buy
2023-10-02,CF,0.025770762831584356,Buy
2023-10-02,HP,0.001053294216061526,Buy
2023-10-02,HOG,0.025788908393790395,Buy
2023-10-02,AA,-0.000119910230369117,Sell
2023-10-02,BUD,-0.0008174394671124074,Sell
2023-10-02,NSC,-0.02631578947368421,Sell
2023-10-02,CAG,0.0005265479395946335,Buy
2023-10-02,GREK,-0.02591116480425645,Sell
2023-10-02,STI,0.00012870987346494042,Buy
2023-10-02,KMB,0.00032196698264739046,Buy
2023-10-02,NDAQ,-1.2432424572390854e-05,Sell
2023-10-02,HAS,0.05196919796901289,Buy
2023-10-02,TRV,8.817134364679999e-05,Buy
2023-10-02,DPZ,-0.00020187156723280864,Sell
2023-10-02,EWC,-0.02631578947368421,Sell
2023-10-02,BBT,-0.00015890935521245195,Sell
2023-10-02,BDX,-1.3001853790099716e-06,Sell
2023-10-02,MU,5.275632054406801e-05,Buy
2023-10-02,EBAY,0.02607242289204403,Buy
2023-10-02,EOG,0.0005656021911667475,Buy
2023-10-02,EWI,-0.02631578947368421,Sell
2023-10-02,SIRI,-0.0011464359942179626,Sell
2023-10-02,ANF,0.0009883411470162015,Buy
2023-10-02,CCL,-0.02631578947368421,Sell
2023-10-02,MAR,-0.02631578947368421,Sell
2023-10-02,KEY,-0.0006805483428868192,Sell
2023-10-02,ILMN,0.02623419601090851,Buy
2023-10-02,KGC,-0.02631578947368421,Sell
2023-10-02,GOLD,0.0007390402840069012,Buy
2023-10-02,WMB,0.0005155309090496309,Buy
2023-10-02,TRP,-0.0006948415497071807,Sell
2023-10-02,D,0.0013146117645982114,Buy
2023-10-02,ULTA,0.02662698921314759,Buy
2023-10-02,WSM,-0.00012220609913968228,Sell
2023-10-02,TRIP,-4.7442277649585585e-05,Sell
2023-10-02,MRVL,-0.02631578947368421,Sell
2023-10-02,PCG,-0.024906557154482388,Sell
2023-10-02,DUK,0.0007634486042390476,Buy
2023-10-02,RF,0.02631578947368421,Buy
2023-10-02,HMC,-0.026348631287153375,Sell
2023-10-02,CME,-7.069111885404586e-05,Sell
2023-10-02,PRGO,0.0004075125408196101,Buy
2023-10-02,OHI,0.02631578947368421,Buy
2023-10-02,ENB,-0.02631578947368421,Sell
2023-10-02,VZ,0.02586632704688678,Buy
2023-10-02,MRK,2.2640163825825288e-05,Buy
2023-10-02,BMY,-0.026309301844824603,Sell
2023-10-03,MET,0.0007623758917850929,Buy
2023-10-03,VWO,-0.02631578947368421,Sell
2023-10-03,A,-0.02631578947368421,Sell
2023-10-03,HP,-0.02648397005229378,Sell
2023-10-03,DAL,0.02631578947368421,Buy
2023-10-03,AA,-0.00123538949219177,Sell
2023-10-03,BUD,-0.0003714477883215231,Sell
2023-10-03,NSC,-3.030528976525476e-05,Sell
2023-10-03,CAG,-0.025905927447747626,Sell
2023-10-03,STI,0.02615980946528339,Buy
2023-10-03,KMB,-0.02649831835081722,Sell
2023-10-03,NDAQ,0.025527692430987427,Buy
2023-10-03,HAS,0.0006809713515710074,Buy
2023-10-03,TRV,0.0003736194585961909,Buy
2023-10-03,DPZ,0.0012806373100804763,Buy
2023-10-03,DHI,0.02631578947368421,Buy
2023-10-03,EWC,-0.0004680728420376305,Sell
2023-10-03,BBT,0.00041614674529835347,Buy
2023-10-03,BDX,-0.026275508832932268,Sell
2023-10-03,MU,0.026109776442490344,Buy
2023-10-03,EOG,-0.02628250185634184,Sell
2023-10-03,EWI,-0.000455253470679276,Sell
2023-10-03,SIRI,-0.0002773717331397939,Sell
2023-10-03,ANF,-0.0014211258319533036,Sell
2023-10-03,HTZ,-0.02631578947368421,Sell
2023-10-03,CCL,-0.0018820662323922044,Sell
2023-10-03,ALK,0.02631578947368421,Buy
2023-10-03,MAR,0.025706149418445474,Buy
2023-10-03,KEY,-0.0011072480441955412,Sell
2023-10-03,KGC,0.0003840060614807711,Buy
2023-10-03,GOLD,-0.02581003145003377,Sell
2023-10-03,WMB,0.00012420023638558264,Buy
2023-10-03,TRP,-0.00010899056590226927,Sell
2023-10-03,KO,0.02631578947368421,Buy
2023-10-03,D,-0.026258732372121563,Sell
2023-10-03,RL,0.02631578947368421,Buy
2023-10-03,WSM,-0.0007548057971900127,Sell
2023-10-03,NWSA,0.02631578947368421,Buy
2023-10-03,TRIP,0.025002436802577545,Buy
2023-10-03,BX,0.02631578947368421,Buy
2023-10-03,MRVL,-0.0011287688335958716,Sell
2023-10-03,PCG,0.02631578947368421,Buy
2023-10-03,DUK,5.800540760098061e-05,Buy
2023-10-03,RF,0.00037766992846560016,Buy
2023-10-03,HMC,0.02631578947368421,Buy
2023-10-03,CME,-0.02635716702556647,Sell
2023-10-03,PRGO,-0.025684327364533268,Sell
2023-10-03,OHI,0.0006291316605564513,Buy
2023-10-03,SYK,0.02631578947368421,Buy
2023-10-03,COF,-0.02631578947368421,Sell
2023-10-03,ENB,0.02581635365146284,Buy
2023-10-03,MT,-0.02631578947368421,Sell
2023-10-03,VZ,-0.02631578947368421,Sell
2023-10-03,MRK,-0.025960843802082467,Sell
2023-10-04,MET,0.00015460019279063195,Buy
2023-10-04,PPG,-0.02631578947368421,Sell
2023-10-04,BAX,0.02631578947368421,Buy
2023-10-04,VWO,0.026165552956756193,Buy
2023-10-04,A,0.026610545804826448,Buy
2023-10-04,NVDA,0.02631578947368421,Buy
2023-10-04,DAL,-0.026885932590796104,Sell
2023-10-04,AA,-0.0005068634948795329,Sell
2023-10-04,BUD,-3.132101227781153e-05,Sell
2023-10-04,NSC,0.026348287595044772,Buy
2023-10-04,STI,0.02631578947368421,Buy
2023-10-04,HAS,0.00033322663756603366,Buy
2023-10-04,TRV,-0.026532533732337445,Sell
2023-10-04,DPZ,-0.0004508096041698842,Sell
2023-10-04,VTR,-0.02631578947368421,Sell
2023-10-04,DHI,-0.02666285911147524,Sell
2023-10-04,EWC,0.026201338969953195,Buy
2023-10-04,BBT,-0.05273550588655882,Sell
2023-10-04,EOG,0.02631578947368421,Buy
2023-10-04,EWI,3.925028356006194e-05,Buy
2023-10-04,SIRI,0.0009387012493384181,Buy
2023-10-04,ANF,-0.00021169989715886378,Sell
2023-10-04,HTZ,-0.0001869380009811017,Sell
2023-10-04,CCL,0.026996378310668857,Buy
2023-10-04,ALK,-0.0002009575367828663,Sell
2023-10-04,KEY,0.00042841383196338956,Buy
2023-10-04,KGC,-0.0002774117995704324,Sell
2023-10-04,GOLD,0.02631578947368421,Buy
2023-10-04,WMB,7.31198188939873e-05,Buy
2023-10-04,TRP,-0.0004809831253883255,Sell
2023-10-04,KO,-3.536383315621422e-05,Sell
2023-10-04,D,0.02631578947368421,Buy
2023-10-04,ULTA,-0.02631578947368421,Sell
2023-10-04,EW,-0.02631578947368421,Sell
2023-10-04,RL,-0.026594998688783615,Sell
2023-10-04,WSM,0.00012790848514550313,Buy
2023-10-04,NWSA,-0.02680193158664388,Sell
2023-10-04,BX,-0.026534190548920488,Sell
2023-10-04,MRVL,0.00033368211364411676,Buy
2023-10-04,PCG,0.00029832910832662887,Buy
2023-10-04,DUK,-0.026384849025547136,Sell
2023-10-04,RF,-2.2918196084759784e-05,Sell
2023-10-04,HMC,0.0007246364743840987,Buy
2023-10-04,PRGO,0.02631578947368421,Buy
2023-10-04,OHI,-0.0532547960840364,Sell
2023-10-04,SYK,-0.026307160901568302,Sell
2023-10-04,BSX,0.02631578947368421,Buy
2023-10-04,XLE,0.02631578947368421,Buy
2023-10-04,COF,0.026150305252813828,Buy
2023-10-04,MT,-9.581685734405196e-05,Sell
2023-10-04,VZ,-0.00040274053009833194,Sell
2023-10-04,CAT,0.02631578947368421,Buy
2023-10-05,MET,-0.02649105073890488,Sell
2023-10-05,PPG,0.02598960755119352,Buy
2023-10-05,BAX,-9.063929064728748e-05,Sell
2023-10-05,CF,0.02631578947368421,Buy
2023-10-05,HOG,0.02631578947368421,Buy
2023-10-05,NVDA,-0.02675093647842802,Sell
2023-10-05,WEN,0.02631578947368421,Buy
2023-10-05,AA,-0.0005636890637883488,Sell
2023-10-05,BUD,0.026254197955899845,Buy
2023-10-05,CAG,0.02631578947368421,Buy
2023-10-05,STI,-4.7841165615760545e-05,Sell
2023-10-05,KMB,0.02631578947368421,Buy
2023-10-05,HAS,0.0009594672012069837,Buy
2023-10-05,DPZ,0.000504305526706765,Buy
2023-10-05,VTR,0.026461007975403333,Buy
2023-10-05,EWC,-0.02631578947368421,Sell
2023-10-05,BBT,0.026758686567533174,Buy
2023-10-05,MU,-0.02631578947368421,Sell
2023-10-05,EOG,0.00015094871384062,Buy
2023-10-05,EWI,0.052876231217171984,Buy
2023-10-05,SIRI,0.025889678369280866,Buy
2023-10-05,ANF,-0.00023430187444584832,Sell
2023-10-05,HTZ,0.0001948489467507794,Buy
2023-10-05,ORCL,-0.02631578947368421,Sell
2023-10-05,DLTR,-0.02631578947368421,Sell
2023-10-05,ALK,0.0002805190212320785,Buy
2023-10-05,KEY,0.00017644581782571764,Buy
2023-10-05,KGC,0.000406526402332498,Buy
2023-10-05,GOLD,-0.026681151884223098,Sell
2023-10-05,WMB,-0.02670788936340519,Sell
2023-10-05,TRP,0.026828397364831624,Buy
2023-10-05,KO,-0.025089513371436414,Sell
2023-10-05,D,0.0005740355376652462,Buy
2023-10-05,ULTA,-0.0004242813949590536,Sell
2023-10-05,EW,0.02670764895970038,Buy
2023-10-05,RL,0.02631578947368421,Buy
2023-10-05,HUM,-0.02631578947368421,Sell
2023-10-05,WSM,-4.777673914880057e-05,Sell
2023-10-05,TRIP,-0.02631578947368421,Sell
2023-10-05,BX,-0.02631578947368421,Sell
2023-10-05,MRVL,-2.6424137720755525e-05,Sell
2023-10-05,PCG,-0.05295729964407241,Sell
2023-10-05,DUK,0.02631578947368421,Buy
2023-10-05,RF,-0.0002726276530461251,Sell
2023-10-05,HMC,-0.02672806655947242,Sell
2023-10-05,CME,-0.02631578947368421,Sell
2023-10-05,CLX,0.02631578947368421,Buy
2023-10-05,PRGO,-0.026949297100419937,Sell
2023-10-05,OHI,0.0002806484766436912,Buy
2023-10-05,BSX,-0.026430115609100715,Sell
2023-10-05,XLE,0.00011510452024985837,Buy
2023-10-05,ZUMZ,-0.02631578947368421,Sell
2023-10-05,MT,0.026034356238459788,Buy
2023-10-05,VZ,0.026597678831907872,Buy
2023-10-05,CAT,0.00037294146123816735,Buy
2023-10-06,MNST,0.02631578947368421,Buy
2023-10-06,CNC,-0.02631578947368421,Sell
2023-10-06,BAX,0.00012690616193168983,Buy
2023-10-06,VWO,-0.02631578947368421,Sell
2023-10-06,CF,-0.026429213578526473,Sell
2023-10-06,HOG,-0.026668899134065227,Sell
2023-10-06,XLP,0.02631578947368421,Buy
2023-10-06,WEN,0.0006115613525203879,Buy
2023-10-06,AA,0.0007778741802512423,Buy
2023-10-06,RRC,-0.02631578947368421,Sell
2023-10-06,CAG,-0.0005766406857572286,Sell
2023-10-06,STI,-0.00011030919090454505,Sell
2023-10-06,KMB,-0.00023065272081668198,Sell
2023-10-06,NDAQ,-0.02631578947368421,Sell
2023-10-06,HAS,0.00034904516673114547,Buy
2023-10-06,TRV,0.02631578947368421,Buy
2023-10-06,DPZ,0.001420317747113188,Buy
2023-10-06,EWC,0.00039554145573411637,Buy
2023-10-06,BBT,0.02631578947368421,Buy
2023-10-06,MU,0.0005528136928041189,Buy
2023-10-06,EBAY,0.02631578947368421,Buy
2023-10-06,WFC,-0.02631578947368421,Sell
2023-10-06,EOG,-0.026971105386356622,Sell
2023-10-06,EWI,-0.026849463916783865,Sell
2023-10-06,SIRI,-0.02631578947368421,Sell
2023-10-06,ANF,0.00038730328529797825,Buy
2023-10-06,HTZ,0.026646226702892066,Buy
2023-10-06,ORCL,0.026868344256678833,Buy
2023-10-06,DLTR,0.02621121477668941,Buy
2023-10-06,ALK,0.0002934710847557337,Buy
2023-10-06,KEY,0.026243608693200356,Buy
2023-10-06,KGC,0.0009291223649819311,Buy
2023-10-06,WMB,-0.02631578947368421,Sell
2023-10-06,TRP,-0.02631578947368421,Sell
2023-10-06,KO,0.02631578947368421,Buy
2023-10-06,D,-0.0006243113368921659,Sell
2023-10-06,ULTA,0.00021499065547515503,Buy
2023-10-06,RL,-0.026821843217565748,Sell
2023-10-06,HUM,0.0269725233242982,Buy
2023-10-06,WSM,0.0009178280470465115,Buy
2023-10-06,TRIP,0.026624992600609663,Buy
2023-10-06,BX,0.02671379923681744,Buy
2023-10-06,MRVL,0.027187923946867892,Buy
2023-10-06,PCG,0.0004525520394576682,Buy
2023-10-06,DUK,-0.026920946578563677,Sell
2023-10-06,RF,-0.026410992596435836,Sell
2023-10-06,CME,0.0007374171039457762,Buy
2023-10-06,CP,0.02631578947368421,Buy
2023-10-06,CLX,-0.00017398841326721204,Sell
2023-10-06,PRGO,0.02631578947368421,Buy
2023-10-06,OHI,0.00019111966156057716,Buy
2023-10-06,XLE,-0.026633386381316675,Sell
2023-10-06,ENB,-0.02631578947368421,Sell
2023-10-06,ZUMZ,0.026396476102907223,Buy
2023-10-06,MT,0.02631578947368421,Buy
2023-10-06,CAT,-0.02700688740731697,Sell
2023-10-09,MET,-0.02631578947368421,Sell
2023-10-09,MNST,-0.026299243027365336,Sell
2023-10-09,CNC,0.000403384348060417,Buy
2023-10-09,PPG,0.02631578947368421,Buy
2023-10-09,BAX,-6.431234044472489e-05,Sell
2023-10-09,VWO,0.026311576315472467,Buy
2023-10-09,CF,-0.02631578947368421,Sell
2023-10-09,HP,-0.02631578947368421,Sell
2023-10-09,HOG,-0.02631578947368421,Sell
2023-10-09,XLP,-0.026497904668316148,Sell
2023-10-09,NVDA,0.02631578947368421,Buy
2023-10-09,WEN,-0.0004925183212976837,Sell
2023-10-09,DAL,0.02631578947368421,Buy
2023-10-09,AA,0.02657158803860475,Buy
2023-10-09,HYG,-0.02631578947368421,Sell
2023-10-09,RRC,0.02769237749959829,Buy
2023-10-09,CAG,-0.05397273312166191,Sell
2023-10-09,STI,-0.052789867280684785,Sell
2023-10-09,KMB,-0.00010481240586284954,Sell
2023-10-09,NDAQ,0.026538111777797694,Buy
2023-10-09,HAS,-0.00014927952217045834,Sell
2023-10-09,TRV,-0.000208653326801915,Sell
2023-10-09,DPZ,-0.027139109506635974,Sell
2023-10-09,EWC,0.00045720236332429456,Buy
2023-10-09,BBT,-0.0265780493375904,Sell
2023-10-09,MU,0.026292439278406736,Buy
2023-10-09,EBAY,-0.02668335591350724,Sell
2023-10-09,WFC,0.02648074692988474,Buy
2023-10-09,EWI,-0.02631578947368421,Sell
2023-10-09,SIRI,0.027086908766325697,Buy
2023-10-09,ANF,0.0010582446998472633,Buy
2023-10-09,HTZ,-0.02631578947368421,Sell
2023-10-09,CCL,-0.02631578947368421,Sell
2023-10-09,ALK,0.0003097441761163826,Buy
2023-10-09,MAR,0.02631578947368421,Buy
2023-10-09,ILMN,0.02631578947368421,Buy
2023-10-09,KGC,0.027222262562376386,Buy
2023-10-09,GOLD,0.02631578947368421,Buy
2023-10-09,WMB,0.027008590788606065,Buy
2023-10-09,TRP,0.02686188662159786,Buy
2023-10-09,KO,-2.8758478601450393e-05,Sell
2023-10-09,D,-0.00046302943998290796,Sell
2023-10-09,ULTA,7.811169677854335e-05,Buy
2023-10-09,PVH,-0.02631578947368421,Sell
2023-10-09,WSM,0.0009554310142100078,Buy
2023-10-09,BX,0.02631578947368421,Buy
2023-10-09,PCG,0.00027777246330261754,Buy
2023-10-09,RF,0.02631578947368421,Buy
2023-10-09,CME,0.02695251638584256,Buy
2023-10-09,CP,-0.026604909638288588,Sell
2023-10-09,CLX,0.00024199730074381948,Buy
2023-10-09,PRGO,0.00015460391028424697,Buy
2023-10-09,OHI,0.0005334064564434492,Buy
2023-10-09,ENB,0.02693166909622817,Buy
2023-10-09,MT,-0.02625582408666095,Sell
2023-10-09,VZ,-0.02631578947368421,Sell
2023-10-09,BMY,0.02631578947368421,Buy
2023-10-10,MET,0.026414936576637012,Buy
2023-10-10,CNC,9.523498199908234e-05,Buy
2023-10-10,PPG,-0.0002906176207770582,Sell
2023-10-10,AMTD,-0.02631578947368421,Sell
2023-10-10,BAX,-0.05320989969492134,Sell
2023-10-10,CF,0.02610647664179849,Buy
2023-10-10,HP,0.02661658899915298,Buy
2023-10-10,HOG,0.0003522706383133796,Buy
2023-10-10,NVDA,-0.000285133651479013,Sell
2023-10-10,WEN,-0.026596509292782237,Sell
2023-10-10,DAL,-0.02670592802656302,Sell
2023-10-10,HYG,0.02628880666990206,Buy
2023-10-10,BUD,-0.02631578947368421,Sell
2023-10-10,CAG,0.026238799761745736,Buy
2023-10-10,JNJ,0.02631578947368421,Buy
2023-10-10,STI,0.05263607766894085,Buy
2023-10-10,KMB,-0.026548809466122786,Sell
2023-10-10,HAS,-0.026663070939929114,Sell
2023-10-10,TRV,0.00018570050481458295,Buy
2023-10-10,VTR,-0.02631578947368421,Sell
2023-10-10,EWC,0.026510224405889547,Buy
2023-10-10,QQQ,0.02631578947368421,Buy
2023-10-10,EWI,0.02673586591494872,Buy
2023-10-10,SIRI,-0.02631578947368421,Sell
2023-10-10,ANF,0.0013162606311247806,Buy
2023-10-10,HTZ,0.0010709218299589408,Buy
2023-10-10,ORCL,0.02631578947368421,Buy
2023-10-10,DLTR,-0.02631578947368421,Sell
2023-10-10,CCL,0.026731142371493762,Buy
2023-10-10,ALK,-0.000346583416416555,Sell
2023-10-10,MAR,-0.02684103237585005,Sell
2023-10-10,KEY,-0.02631578947368421,Sell
2023-10-10,ILMN,-0.00017103669120500237,Sell
2023-10-10,GOLD,-0.000676052849876603,Sell
2023-10-10,TRP,-0.02631578947368421,Sell
2023-10-10,KO,-0.0005520633748951967,Sell
2023-10-10,D,-0.0002357973382005503,Sell
2023-10-10,ULTA,0.00028887507186580244,Buy
2023-10-10,PVH,0.025939486298023996,Buy
2023-10-10,RL,0.02631578947368421,Buy
2023-10-10,HUM,0.02631578947368421,Buy
2023-10-10,WSM,-0.00016105055997241158,Sell
2023-10-10,NWSA,0.02631578947368421,Buy
2023-10-10,BX,-0.026416410465312193,Sell
2023-10-10,LOW,0.02631578947368421,Buy
2023-10-10,PCG,0.00036839002499208795,Buy
2023-10-10,RF,-0.02655237766564776,Sell
2023-10-10,CLX,-0.0001660261181192224,Sell
2023-10-10,PRGO,-0.02664543300160043,Sell
2023-10-10,OHI,0.026405423620404978,Buy
2023-10-10,SYK,-0.02631578947368421,Sell
2023-10-10,CSIQ,-0.02631578947368421,Sell
2023-10-10,COF,-0.02631578947368421,Sell
2023-10-10,VZ,0.00023938943423450904,Buy
2023-10-10,MRK,0.02631578947368421,Buy
2023-10-10,BMY,0.00012199461382796789,Buy
2023-10-11,MNST,0.02631578947368421,Buy
2023-10-11,CNC,-0.00011409905696926903,Sell
2023-10-11,PPG,-0.026723537299034837,Sell
2023-10-11,AMTD,-4.3964018794088316e-05,Sell
2023-10-11,BAX,-0.0032681059607279385,Sell
2023-10-11,HOG,-9.866768885903598e-06,Sell
2023-10-11,XLP,0.02631578947368421,Buy
2023-10-11,NVDA,-0.026850060082946034,Sell
2023-10-11,AA,-0.02631578947368421,Sell
2023-10-11,BUD,0.00040173671197905533,Buy
2023-10-11,RRC,-0.02631578947368421,Sell
2023-10-11,JNJ,0.0004056263438675968,Buy
2023-10-11,STI,4.3964018794088316e-05,Buy
2023-10-11,KMB,0.02631578947368421,Buy
2023-10-11,HAS,0.02631578947368421,Buy
2023-10-11,TRV,-0.02630097393673721,Sell
2023-10-11,VTR,0.0006889413154462544,Buy
2023-10-11,BDX,0.02631578947368421,Buy
2023-10-11,QQQ,-0.00014349393951497078,Sell
2023-10-11,EWI,-0.02631578947368421,Sell
2023-10-11,SIRI,0.0006613201043050333,Buy
2023-10-11,ANF,0.0007164550152126102,Buy
2023-10-11,HTZ,0.025885140410911053,Buy
2023-10-11,ORCL,-0.02635114041956944,Sell
2023-10-11,DLTR,0.026006967951688116,Buy
2023-10-11,MS,0.02631578947368421,Buy
2023-10-11,ALK,0.00032977339889638316,Buy
2023-10-11,KEY,0.026522987684661464,Buy
2023-10-11,ILMN,-0.02610713955339805,Sell
2023-10-11,KGC,-0.02631578947368421,Sell
2023-10-11,GOLD,-0.026574824619242453,Sell
2023-10-11,TRP,0.026659737741710262,Buy
2023-10-11,KO,0.00019956254996828654,Buy
2023-10-11,D,-0.00018427056418725274,Sell
2023-10-11,ULTA,0.026156850203972442,Buy
2023-10-11,EW,0.02631578947368421,Buy
2023-10-11,RL,0.00013994279602726895,Buy
2023-10-11,HUM,0.0004104256376830373,Buy
2023-10-11,WSM,0.00048065140573426077,Buy
2023-10-11,NWSA,-0.026602771449863855,Sell
2023-10-11,TRIP,-0.02631578947368421,Sell
2023-10-11,BX,-0.02631578947368421,Sell
2023-10-11,LOW,-0.02634179652350065,Sell
2023-10-11,PCG,0.026654024283985948,Buy
2023-10-11,NTES,-0.02631578947368421,Sell
2023-10-11,RF,0.02631578947368421,Buy
2023-10-11,CLX,0.00038724902883044074,Buy
2023-10-11,OHI,-0.02631578947368421,Sell
2023-10-11,SYK,0.05121007162511988,Buy
2023-10-11,CSIQ,1.1908853011274173e-05,Buy
2023-10-11,COF,0.02630975226130839,Buy
2023-10-11,ZUMZ,-0.02631578947368421,Sell
2023-10-11,VZ,0.02602366684551658,Buy
2023-10-11,MRK,-0.026233792359812866,Sell
2023-10-11,BMY,-7.717146110653231e-05,Sell
2023-10-12,MNST,0.0010872361623757813,Buy
2023-10-12,CNC,-1.4537993753283018e-06,Sell
2023-10-12,AMTD,5.964452417919763e-06,Buy
2023-10-12,BAX,-0.000822119058961332,Sell
2023-10-12,A,0.02631578947368421,Buy
2023-10-12,CF,-0.02631578947368421,Sell
2023-10-12,HOG,-0.0008043286565167125,Sell
2023-10-12,XLP,-0.026034754114107852,Sell
2023-10-12,AA,-0.0010641780767544698,Sell
2023-10-12,BUD,0.02587300523353604,Buy
2023-10-12,RRC,0.026666073123733487,Buy
2023-10-12,CAG,0.02631578947368421,Buy
2023-10-12,JNJ,-0.026347032503290096,Sell
2023-10-12,STI,-5.964452417919763e-06,Sell
2023-10-12,KMB,-0.02640997363095492,Sell
2023-10-12,HAS,-0.025146675297130314,Sell
2023-10-12,TRV,0.02631578947368421,Buy
2023-10-12,VTR,-0.00020163216520866986,Sell
2023-10-12,DHI,0.02631578947368421,Buy
2023-10-12,BDX,-0.02589564610910895,Sell
2023-10-12,QQQ,-0.026230283259063077,Sell
2023-10-12,EWI,-0.00030279451006825706,Sell
2023-10-12,SIRI,5.964452417919763e-06,Buy
2023-10-12,ANF,0.00010868421050660992,Buy
2023-10-12,MS,0.0003576662764358182,Buy
2023-10-12,ALK,0.0006873146383288807,Buy
2023-10-12,XRT,0.02631578947368421,Buy
2023-10-12,KEY,-0.02631578947368421,Sell
2023-10-12,ILMN,0.02631578947368421,Buy
2023-10-12,KGC,-0.00036701770474354203,Sell
2023-10-12,KO,0.0004351014959484041,Buy
2023-10-12,D,0.0008579475067289448,Buy
2023-10-12,ULTA,0.02631578947368421,Buy
2023-10-12,EW,-0.025870354260704262,Sell
2023-10-12,RL,0.0004671744407787129,Buy
2023-10-12,HUM,-0.02666263271191676,Sell
2023-10-12,WSM,2.8646274025309615e-05,Buy
2023-10-12,NWSA,0.02631578947368421,Buy
2023-10-12,TRIP,0.02562222598991506,Buy
2023-10-12,BX,0.0257303901455815,Buy
2023-10-12,LOW,0.02631578947368421,Buy
2023-10-12,MRVL,-0.02631578947368421,Sell
2023-10-12,NTES,0.02594427351017909,Buy
2023-10-12,RF,0.0003132801086500568,Buy
2023-10-12,CME,-0.02631578947368421,Sell
2023-10-12,CLX,-0.02583343558538843,Sell
2023-10-12,PRGO,0.02631578947368421,Buy
2023-10-12,OHI,0.02599963514576526,Buy
2023-10-12,SYK,-0.05200999472087689,Sell
2023-10-12,CSIQ,-0.0009995350819426187,Sell
2023-10-12,ZUMZ,-0.0009472778796081049,Sell
2023-10-12,MT,-0.02631578947368421,Sell
2023-10-12,CAT,0.02631578947368421,Buy
2023-10-12,BMY,-0.026140541932340226,Sell
2023-10-13,MNST,-0.026369694313279065,Sell
2023-10-13,CNC,-4.838380100492812e-06,Sell
2023-10-13,PPG,0.02631578947368421,Buy
2023-10-13,AMTD,-4.5561901862872095e-05,Sell
2023-10-13,BAX,0.05269371369347518,Buy
2023-10-13,A,-0.02664882188479638,Sell
2023-10-13,CF,-0.00019693381494744616,Sell
2023-10-13,HP,-0.02631578947368421,Sell
2023-10-13,HOG,0.02619117538391648,Buy
2023-10-13,DAL,0.02631578947368421,Buy
2023-10-13,AA,-0.00035806961329815437,Sell
2023-10-13,CAG,-0.027197533413052106,Sell
2023-10-13,QCOM,0.02631578947368421,Buy
2023-10-13,STI,-0.026318741380818238,Sell
2023-10-13,TRV,-0.026839008635904986,Sell
2023-10-13,DPZ,0.02631578947368421,Buy
2023-10-13,VTR,0.02667561675277418,Buy
2023-10-13,DHI,-0.02660646960938843,Sell
2023-10-13,WFC,-0.02631578947368421,Sell
2023-10-13,EOG,-0.02631578947368421,Sell
2023-10-13,QQQ,0.02631578947368421,Buy
2023-10-13,EWI,-0.0002707601723368168,Sell
2023-10-13,SIRI,0.001442507973294524,Buy
2023-10-13,ANF,-0.0006199847458147403,Sell
2023-10-13,CCL,-0.02631578947368421,Sell
2023-10-13,MS,-0.026263473655274542,Sell
2023-10-13,ALK,0.0004906874063392089,Buy
2023-10-13,MAR,0.02631578947368421,Buy
2023-10-13,XRT,0.00019259353497001058,Buy
2023-10-13,KEY,0.026120400456595035,Buy
2023-10-13,ILMN,0.000305444524283896,Buy
2023-10-13,KGC,0.001303009688494318,Buy
2023-10-13,KO,5.767572777252983e-06,Buy
2023-10-13,D,-0.00016308387890977966,Sell
2023-10-13,ULTA,0.0002720720513696498,Buy
2023-10-13,RL,-0.026212808176488963,Sell
2023-10-13,HUM,-0.02631578947368421,Sell
2023-10-13,WSM,-0.0002152285921370664,Sell
2023-10-13,NWSA,-0.0263964673588747,Sell
2023-10-13,LOW,0.00019899200469067693,Buy
2023-10-13,MRVL,-0.0010074881481931114,Sell
2023-10-13,RF,0.0004648541867656765,Buy
2023-10-13,HMC,0.02631578947368421,Buy
2023-10-13,CME,-0.0001267408707213459,Sell
2023-10-13,PRGO,9.734250834114722e-06,Buy
2023-10-13,SYK,0.02668728520453717,Buy
2023-10-13,CSIQ,0.025876058046530807,Buy
2023-10-13,COF,0.02631578947368421,Buy
2023-10-13,ENB,-0.02631578947368421,Sell
2023-10-13,ZUMZ,-0.0011441343867798735,Sell
2023-10-13,MT,-0.0007197317337643803,Sell
2023-10-13,CAT,0.0002082847758251502,Buy
2023-10-16,MET,-0.02631578947368421,Sell
2023-10-16,MNST,0.02631578947368421,Buy
2023-10-16,CNC,-3.133149900143989e-05,Sell
2023-10-16,PPG,-0.026652428446181656,Sell
2023-10-16,AMTD,-4.9811575798083124e-05,Sell
2023-10-16,BAX,-6.568181872275425e-05,Sell
2023-10-16,CF,0.026194525553161166,Buy
2023-10-16,HP,0.02617485362254518,Buy
2023-10-16,NVDA,0.02631578947368421,Buy
2023-10-16,WEN,-0.02631578947368421,Sell
2023-10-16,DAL,-0.00019667469115044675,Sell
2023-10-16,AA,0.00017746878545120762,Buy
2023-10-16,HYG,0.02631578947368421,Buy
2023-10-16,QCOM,-0.02671317133648383,Sell
2023-10-16,STI,0.02631578947368421,Buy
2023-10-16,TRV,-0.02631578947368421,Sell
2023-10-16,DPZ,-0.026634819948985877,Sell
2023-10-16,WFC,0.02670844241978019,Buy
2023-10-16,EOG,0.02646640237192522,Buy
2023-10-16,QQQ,-0.0002471635020551109,Sell
2023-10-16,EWI,0.0002908514770135831,Buy
2023-10-16,SIRI,-0.0001039672949246298,Sell
2023-10-16,ANF,0.0009635975517901345,Buy
2023-10-16,HTZ,0.02631578947368421,Buy
2023-10-16,CCL,0.05279600711755505,Buy
2023-10-16,ALK,-0.0272429098933178,Sell
2023-10-16,MAR,-0.0005097355590772887,Sell
2023-10-16,XRT,-0.026978292722158858,Sell
2023-10-16,ILMN,-0.026727784812461148,Sell
2023-10-16,KGC,0.02641988233664385,Buy
2023-10-16,GOLD,0.02631578947368421,Buy
2023-10-16,KO,-0.000218364757833555,Sell
2023-10-16,D,-0.00016342833281526165,Sell
2023-10-16,ULTA,-0.0004922200500403207,Sell
2023-10-16,PVH,-0.02631578947368421,Sell
2023-10-16,HUM,0.0008970647485007401,Buy
2023-10-16,WSM,7.377149264354774e-05,Buy
2023-10-16,NWSA,-0.02631578947368421,Sell
2023-10-16,BX,-0.02631578947368421,Sell
2023-10-16,LOW,-0.000285640913750506,Sell
2023-10-16,MRVL,0.02678510500300166,Buy
2023-10-16,RF,-0.0007858532868958816,Sell
2023-10-16,HMC,-0.026557470926320218,Sell
2023-10-16,CME,0.02619893141076636,Buy
2023-10-16,PRGO,-0.02711556981210608,Sell
2023-10-16,OHI,-0.02631578947368421,Sell
2023-10-16,CSIQ,-0.02631578947368421,Sell
2023-10-16,BSX,0.02631578947368421,Buy
2023-10-16,COF,-0.02680399003262383,Sell
2023-10-16,ENB,0.026603030840860426,Buy
2023-10-16,ZUMZ,0.0016946084792702487,Buy
2023-10-16,MT,0.053215930493370686,Buy
2023-10-16,VZ,-0.02631578947368421,Sell
2023-10-16,CAT,-0.00022957598108279756,Sell
2023-10-16,BMY,-0.02631578947368421,Sell
2023-10-17,MET,0.00038155287044823114,Buy
2023-10-17,MNST,-0.027059689945687974,Sell
2023-10-17,CNC,0.0005071260340151276,Buy
2023-10-17,AMTD,0.02667142140128591,Buy
2023-10-17,BAX,-1.940766621780568e-05,Sell
2023-10-17,CF,-0.02631578947368421,Sell
2023-10-17,HP,-0.02631578947368421,Sell
2023-10-17,HOG,-0.02631578947368421,Sell
2023-10-17,NVDA,-0.02521323321910133,Sell
2023-10-17,WEN,0.026465052857278328,Buy
2023-10-17,DAL,-0.0003350153328137012,Sell
2023-10-17,AA,0.027398143967798074,Buy
2023-10-17,HYG,-0.026327343665217794,Sell
2023-10-17,CAG,0.02631578947368421,Buy
2023-10-17,GREK,-0.02631578947368421,Sell
2023-10-17,JNJ,0.02631578947368421,Buy
2023-10-17,STI,-0.00013520542272576347,Sell
2023-10-17,TRV,0.02672079197956755,Buy
2023-10-17,DPZ,0.02631578947368421,Buy
2023-10-17,EBAY,0.02631578947368421,Buy
2023-10-17,QQQ,-4.856791263299631e-05,Sell
2023-10-17,EWI,0.0001959925217244647,Buy
2023-10-17,SIRI,-0.0005206069634629169,Sell
2023-10-17,ANF,0.00024485488289955823,Buy
2023-10-17,HTZ,-0.02661470502035782,Sell
2023-10-17,DLTR,-0.02631578947368421,Sell
2023-10-17,CCL,-0.0530663919028537,Sell
2023-10-17,ALK,0.02631578947368421,Buy
2023-10-17,MAR,-0.00019829658096239683,Sell
2023-10-17,GOLD,-0.0002766055518791215,Sell
2023-10-17,KO,-0.00045204121580633486,Sell
2023-10-17,D,5.901221253641967e-05,Buy
2023-10-17,ULTA,-0.026205103917042474,Sell
2023-10-17,PVH,0.0015067388622442522,Buy
2023-10-17,EW,0.02631578947368421,Buy
2023-10-17,RL,-0.02631578947368421,Sell
2023-10-17,HUM,-8.378645257388004e-05,Sell
2023-10-17,WSM,0.0003275449704874672,Buy
2023-10-17,NWSA,0.026861837724868446,Buy
2023-10-17,BX,0.026650889548193616,Buy
2023-10-17,LOW,-0.00012186157191653238,Sell
2023-10-17,NTES,0.02631578947368421,Buy
2023-10-17,RF,-0.02685079767017912,Sell
2023-10-17,OHI,0.00021207706408552657,Buy
2023-10-17,CSIQ,0.00034541236461292993,Buy
2023-10-17,BSX,-0.0003252727799539744,Sell
2023-10-17,M,-0.02631578947368421,Sell
2023-10-17,ZUMZ,0.0014373598089177896,Buy
2023-10-17,MT,-0.00014654322595300528,Sell
2023-10-17,VZ,0.02667107050940853,Buy
2023-10-17,CAT,-0.00031688702647914013,Sell
2023-10-17,BMY,0.026543528609914283,Buy
2023-10-18,MET,0.02601242977744337,Buy
2023-10-18,CNC,0.00036569739928378475,Buy
2023-10-18,AMTD,-0.02631578947368421,Sell
2023-10-18,BAX,-0.00023346862756890366,Sell
2023-10-18,A,0.02631578947368421,Buy
2023-10-18,CF,0.02581565871652464,Buy
2023-10-18,HP,0.0002735622015476065,Buy
2023-10-18,HOG,-0.0005918185091700404,Sell
2023-10-18,WEN,-0.02631578947368421,Sell
2023-10-18,DAL,0.0011195762845730393,Buy
2023-10-18,AA,-0.02631578947368421,Sell
2023-10-18,ICE,0.02631578947368421,Buy
2023-10-18,RRC,0.02631578947368421,Buy
2023-10-18,CAG,-0.026081296958317676,Sell
2023-10-18,GREK,0.026279152659694844,Buy
2023-10-18,JNJ,0.0005162905717154866,Buy
2023-10-18,STI,-5.128120388277549e-05,Sell
2023-10-18,NDAQ,-0.02631578947368421,Sell
2023-10-18,HAS,-0.02631578947368421,Sell
2023-10-18,DPZ,-0.025963091470282286,Sell
2023-10-18,VTR,-0.02631578947368421,Sell
2023-10-18,EBAY,0.0003638027816252262,Buy
2023-10-18,QQQ,-0.026021188044039342,Sell
2023-10-18,EWI,-0.0003632709574568384,Sell
2023-10-18,SIRI,0.05201251293196582,Buy
2023-10-18,ANF,0.00016013313707006344,Buy
2023-10-18,DLTR,0.025996829489215736,Buy
2023-10-18,CCL,0.02465848408448904,Buy
2023-10-18,ALK,0.0013187356207145923,Buy
2023-10-18,MAR,0.00036390002018273776,Buy
2023-10-18,KEY,-0.02631578947368421,Sell
2023-10-18,KGC,-0.02631578947368421,Sell
2023-10-18,GOLD,-0.026060374330490417,Sell
2023-10-18,KO,-4.1528634922918806e-05,Sell
2023-10-18,D,0.0006722280763658099,Buy
2023-10-18,ULTA,-0.02631578947368421,Sell
2023-10-18,PVH,0.025741250465802827,Buy
2023-10-18,EW,-0.02613462853603706,Sell
2023-10-18,RL,0.026421588138613845,Buy
2023-10-18,HUM,0.00014359410673758094,Buy
2023-10-18,WSM,0.02586218107497774,Buy
2023-10-18,LOW,0.0005727998554435586,Buy
2023-10-18,MRVL,-0.02631578947368421,Sell
2023-10-18,NTES,-0.026438215511758754,Sell
2023-10-18,RF,0.02631578947368421,Buy
2023-10-18,HMC,0.02631578947368421,Buy
2023-10-18,PRGO,0.02631578947368421,Buy
2023-10-18,OHI,0.02607673437539447,Buy
2023-10-18,CSIQ,0.025627915653613716,Buy
2023-10-18,BSX,-0.026497704204895365,Sell
2023-10-18,M,-6.36591242572232e-05,Sell
2023-10-18,ZUMZ,-0.000753593972816529,Sell
2023-10-18,MT,-0.05163224478355274,Sell
2023-10-18,CAT,0.0012474862273957887,Buy
2023-10-18,MRK,0.02631578947368421,Buy
2023-10-19,CNC,0.025861655479666693,Buy
2023-10-19,AMTD,0.0001402015127105194,Buy
2023-10-19,BAX,-0.026685603446907867,Sell
2023-10-19,A,-0.02645292223441011,Sell
2023-10-19,CF,-0.02631578947368421,Sell
2023-10-19,HP,0.02521598034082043,Buy
2023-10-19,HOG,-0.0002639147463770683,Sell
2023-10-19,WEN,0.00012566521742275044,Buy
2023-10-19,DAL,0.0004206796578305298,Buy
2023-10-19,AA,-0.0023358132668338215,Sell
2023-10-19,HYG,0.02631578947368421,Buy
2023-10-19,NSC,0.02631578947368421,Buy
2023-10-19,ICE,-0.026218777971182234,Sell
2023-10-19,RRC,-0.02597384362774401,Sell
2023-10-19,GREK,-0.02631578947368421,Sell
2023-10-19,JNJ,-0.026165089344910304,Sell
2023-10-19,STI,-0.05255131407293861,Sell
2023-10-19,NDAQ,0.02591717879050888,Buy
2023-10-19,HAS,-0.000708900935045706,Sell
2023-10-19,TRV,0.02631578947368421,Buy
2023-10-19,VTR,-0.0008946151277525842,Sell
2023-10-19,EWC,0.02631578947368421,Buy
2023-10-19,BDX,0.02631578947368421,Buy
2023-10-19,EBAY,0.0005499821925562497,Buy
2023-10-19,WFC,-0.02631578947368421,Sell
2023-10-19,QQQ,-0.02631578947368421,Sell
2023-10-19,EWI,0.025956146377309443,Buy
2023-10-19,SIRI,-0.05232318059634285,Sell
2023-10-19,ANF,0.025165194116834377,Buy
2023-10-19,CCL,-0.02631578947368421,Sell
2023-10-19,TSM,-0.02631578947368421,Sell
2023-10-19,MS,0.02631578947368421,Buy
2023-10-19,ALK,0.0004819109969317545,Buy
2023-10-19,MAR,0.00036231856302224724,Buy
2023-10-19,XRT,0.02631578947368421,Buy
2023-10-19,KEY,-0.000375050662122272,Sell
2023-10-19,KGC,0.00021618358217750933,Buy
2023-10-19,KO,-6.535166842443207e-05,Sell
2023-10-19,D,-0.026158283270148158,Sell
2023-10-19,ULTA,-5.491076826527608e-05,Sell
2023-10-19,HUM,-2.847171339480023e-05,Sell
2023-10-19,NWSA,0.02631578947368421,Buy
2023-10-19,BX,0.02631578947368421,Buy
2023-10-19,LOW,0.00048709797311227016,Buy
2023-10-19,MRVL,0.02583793424728755,Buy
2023-10-19,RF,-0.026140352199706403,Sell
2023-10-19,HMC,0.00048486245966800415,Buy
2023-10-19,PRGO,0.0004465871288087224,Buy
2023-10-19,M,-0.0001721609235370708,Sell
2023-10-19,ZUMZ,0.026342607908662573,Buy
2023-10-19,MT,0.026106746439884396,Buy
2023-10-19,CAT,0.0007209224179245272,Buy
2023-10-19,MRK,0.0004815519201903408,Buy
2023-10-20,CNC,-0.02631578947368421,Sell
2023-10-20,AMTD,-0.001893467359172743,Sell
2023-10-20,CF,0.02534219885120048,Buy
2023-10-20,HOG,0.00012328288940118004,Buy
2023-10-20,WEN,0.026017323128575003,Buy
2023-10-20,DAL,0.0005329991757781136,Buy
2023-10-20,AA,-0.0003972930955592098,Sell
2023-10-20,HYG,9.434945108374379e-05,Buy
2023-10-20,BUD,-0.02631578947368421,Sell
2023-10-20,NSC,-0.026377323084586717,Sell
2023-10-20,ICE,0.02631578947368421,Buy
2023-10-20,GREK,-0.0002125092636114205,Sell
2023-10-20,QCOM,0.02631578947368421,Buy
2023-10-20,STI,0.02616677381790207,Buy
2023-10-20,HAS,-0.0004078189695124815,Sell
2023-10-20,TRV,0.000524110604852069,Buy
2023-10-20,VTR,0.02616677381790207,Buy
2023-10-20,EWC,0.0004594820756768578,Buy
2023-10-20,BDX,-0.026284658983681198,Sell
2023-10-20,EBAY,0.000390712068588827,Buy
2023-10-20,WFC,-0.0007272557237338675,Sell
2023-10-20,QQQ,0.02577642270566568,Buy
2023-10-20,EWI,-0.02631578947368421,Sell
2023-10-20,SIRI,0.02565032597371797,Buy
2023-10-20,ANF,-0.02631578947368421,Sell
2023-10-20,CCL,0.02533972699713058,Buy
2023-10-20,TSM,0.025716151717511786,Buy
2023-10-20,MS,7.3661319657959e-05,Buy
2023-10-20,ALK,-0.02605286422894199,Sell
2023-10-20,MAR,0.0007395399058064828,Buy
2023-10-20,XRT,0.0002852264070513158,Buy
2023-10-20,KEY,0.024506568946855236,Buy
2023-10-20,KGC,-0.0002951984555737801,Sell
2023-10-20,GOLD,-0.02631578947368421,Sell
2023-10-20,KO,-0.02627269459979048,Sell
2023-10-20,ULTA,0.026095894936867144,Buy
2023-10-20,HUM,-0.00022760648044618456,Sell
2023-10-20,WSM,-0.02631578947368421,Sell
2023-10-20,NWSA,0.0006452433253810626,Buy
2023-10-20,BX,9.347369162045552e-05,Buy
2023-10-20,LOW,0.0001435203887144472,Buy
2023-10-20,MRVL,-0.02631578947368421,Sell
2023-10-20,NTES,0.02631578947368421,Buy
2023-10-20,HMC,0.000253489149235165,Buy
2023-10-20,PRGO,-0.026316751365678365,Sell
2023-10-20,OHI,0.02631578947368421,Buy
2023-10-20,SYK,0.02631578947368421,Buy
2023-10-20,CSIQ,0.02631578947368421,Buy
2023-10-20,M,5.7931066470603976e-05,Buy
2023-10-20,COF,0.02631578947368421,Buy
2023-10-20,ENB,-0.02631578947368421,Sell
2023-10-20,ZUMZ,-0.02631578947368421,Sell
2023-10-20,CAT,-0.02591820170521941,Sell
2023-10-20,MRK,-0.053066188215447146,Sell
2023-10-23,MET,0.02631578947368421,Buy
2023-10-23,CNC,0.025887848330010413,Buy
2023-10-23,PPG,0.02631578947368421,Buy
2023-10-23,AMTD,0.024622638376690945,Buy
2023-10-23,VWO,0.02631578947368421,Buy
2023-10-23,HOG,-0.0003221404486773091,Sell
2023-10-23,DAL,0.00020646826837054585,Buy
2023-10-23,AA,-0.0007079724815075086,Sell
2023-10-23,HYG,-5.42556773973947e-05,Sell
2023-10-23,BUD,3.3132443088626506e-06,Buy
2023-10-23,NSC,0.02631578947368421,Buy
2023-10-23,ICE,-0.02618877049877324,Sell
2023-10-23,RRC,-0.02631578947368421,Sell
2023-10-23,GREK,0.0006590606268698819,Buy
2023-10-23,QCOM,-0.02627139880383428,Sell
2023-10-23,HAS,0.025392735717738275,Buy
2023-10-23,TRV,0.0004417290597254174,Buy
2023-10-23,EWC,-0.02620754307416603,Sell
2023-10-23,EBAY,0.0004318201053457732,Buy
2023-10-23,WFC,-0.0005668834562804689,Sell
2023-10-23,QQQ,-0.02631578947368421,Sell
2023-10-23,EWI,8.149379947582427e-05,Buy
2023-10-23,ANF,0.02586306777365665,Buy
2023-10-23,MS,0.0005652153854149751,Buy
2023-10-23,MAR,-0.02635776305929932,Sell
2023-10-23,XRT,-0.02592719522466214,Sell
2023-10-23,KEY,-0.02631578947368421,Sell
2023-10-23,KGC,4.672631768631863e-05,Buy
2023-10-23,GOLD,-0.00013326723314133204,Sell
2023-10-23,ULTA,0.02631578947368421,Buy
2023-10-23,HUM,-0.00033739804693360895,Sell
2023-10-23,NTAP,0.02631578947368421,Buy
2023-10-23,WSM,-0.00016363095270963482,Sell
2023-10-23,NWSA,0.00018785231401721725,Buy
2023-10-23,BX,0.0005189582621746881,Buy
2023-10-23,LOW,0.0003439283825289914,Buy
2023-10-23,MRVL,-0.00029055416412295323,Sell
2023-10-23,PCG,-0.02631578947368421,Sell
2023-10-23,NTES,-0.026329397231650085,Sell
2023-10-23,RF,0.02631578947368421,Buy
2023-10-23,HMC,0.0002460157019114999,Buy
2023-10-23,CME,-0.02631578947368421,Sell
2023-10-23,PRGO,0.02631578947368421,Buy
2023-10-23,OHI,-0.026359214375477318,Sell
2023-10-23,SYK,-0.026054576709672313,Sell
2023-10-23,CSIQ,-0.026454649459604598,Sell
2023-10-23,M,-0.0003951233131173418,Sell
2023-10-23,COF,7.984439866076665e-06,Buy
2023-10-23,ENB,0.00019596851354439573,Buy
2023-10-23,ZUMZ,-0.0004685353943766693,Sell
2023-10-23,MRK,0.026438100103951857,Buy
2023-10-23,BMY,0.02631578947368421,Buy
2023-10-24,MET,-0.00029832189651094257,Sell
2023-10-24,CNC,0.02631578947368421,Buy
2023-10-24,PPG,0.0002038561974651229,Buy
2023-10-24,VWO,-0.02661720030041956,Sell
2023-10-24,A,0.02631578947368421,Buy
2023-10-24,HOG,0.025796262772351846,Buy
2023-10-24,DAL,4.172856453952059e-05,Buy
2023-10-24,AA,8.377704543476028e-06,Buy
2023-10-24,HYG,-0.05274095463010456,Sell
2023-10-24,BUD,0.00034399201537591365,Buy
2023-10-24,NSC,-0.02620235381399094,Sell
2023-10-24,ICE,0.02631578947368421,Buy
2023-10-24,RRC,0.02613885798721553,Buy
2023-10-24,GREK,9.921353214161627e-05,Buy
2023-10-24,KMB,0.02631578947368421,Buy
2023-10-24,TRV,0.00023504646833378412,Buy
2023-10-24,EWC,0.02631578947368421,Buy
2023-10-24,BDX,-0.02631578947368421,Sell
2023-10-24,EBAY,-0.000511367810074926,Sell
2023-10-24,WFC,0.026157294354097707,Buy
2023-10-24,QQQ,0.02654623148415851,Buy
2023-10-24,EWI,0.02636120126843405,Buy
2023-10-24,SIRI,-0.02631578947368421,Sell
2023-10-24,ANF,-0.02631578947368421,Sell
2023-10-24,MS,7.664797537364557e-05,Buy
2023-10-24,XRT,0.02631578947368421,Buy
2023-10-24,KEY,-0.0002643180315182632,Sell
2023-10-24,KGC,0.026437623588018194,Buy
2023-10-24,GOLD,-0.0005899113212131102,Sell
2023-10-24,WMB,0.02631578947368421,Buy
2023-10-24,TRP,0.02631578947368421,Buy
2023-10-24,ULTA,-0.026715404550013512,Sell
2023-10-24,PVH,-0.02631578947368421,Sell
2023-10-24,HUM,1.9066495904614122e-05,Buy
2023-10-24,NTAP,-0.026495004080215944,Sell
2023-10-24,WSM,-5.051857491567696e-05,Sell
2023-10-24,NWSA,-0.0004232453711516086,Sell
2023-10-24,TRIP,-0.02631578947368421,Sell
2023-10-24,BX,-0.026979352065781968,Sell
2023-10-24,LOW,0.00017130501742688986,Buy
2023-10-24,MRVL,0.026542548846970847,Buy
2023-10-24,PCG,0.0007263213681818238,Buy
2023-10-24,NTES,-0.02631578947368421,Sell
2023-10-24,RF,6.236544751843723e-05,Buy
2023-10-24,HMC,-0.026323148288833437,Sell
2023-10-24,CME,0.02636924705491952,Buy
2023-10-24,PRGO,-0.0001464112232059979,Sell
2023-10-24,OHI,-0.02631578947368421,Sell
2023-10-24,M,0.0005785372629596892,Buy
2023-10-24,COF,0.0003685553268485929,Buy
2023-10-24,ENB,0.026298666615676355,Buy
2023-10-24,ZUMZ,-2.5311364675977e-05,Sell
2023-10-24,VZ,-0.02631578947368421,Sell
2023-10-24,BMY,-0.026346815969753905,Sell
2023-10-25,MET,0.00010604866598268661,Buy
2023-10-25,CNC,0.00036504613962805646,Buy
2023-10-25,PPG,0.0002884354133757261,Buy
2023-10-25,A,0.0005530238970820472,Buy
2023-10-25,DAL,-0.025819449482882773,Sell
2023-10-25,AA,0.0004542518695430514,Buy
2023-10-25,HYG,0.052495243628858795,Buy
2023-10-25,BUD,0.00016275878224182583,Buy
2023-10-25,NSC,0.02631578947368421,Buy
2023-10-25,ICE,-0.026271642166170114,Sell
2023-10-25,CAG,-0.02631578947368421,Sell
2023-10-25,GREK,-0.00039042218336190343,Sell
2023-10-25,QCOM,0.02631578947368421,Buy
2023-10-25,STI,0.02631578947368421,Buy
2023-10-25,KMB,0.00037061121339341044,Buy
2023-10-25,TRV,-0.05377169638637165,Sell
2023-10-25,DHI,-0.02631578947368421,Sell
2023-10-25,EWC,0.00015844972425704124,Buy
2023-10-25,BDX,-0.0003645286379522321,Sell
2023-10-25,EBAY,0.0010801155943186425,Buy
2023-10-25,QQQ,0.02631578947368421,Buy
2023-10-25,SIRI,-0.00046916534942445173,Sell
2023-10-25,ANF,-0.0003199653784233536,Sell
2023-10-25,MS,-0.026262027644532258,Sell
2023-10-25,ALK,0.02631578947368421,Buy
2023-10-25,XRT,6.684325583555112e-05,Buy
2023-10-25,KEY,5.086532780085307e-06,Buy
2023-10-25,GOLD,0.026162480254342434,Buy
2023-10-25,WMB,-0.026320876006464294,Sell
2023-10-25,TRP,-0.026560578363579796,Sell
2023-10-25,PVH,0.02589946212975721,Buy
2023-10-25,RL,0.02631578947368421,Buy
2023-10-25,HUM,0.0003323477088434737,Buy
2023-10-25,NTAP,-0.02631578947368421,Sell
2023-10-25,WSM,0.02572477449221945,Buy
2023-10-25,NWSA,0.0011110362380833336,Buy
2023-10-25,TRIP,-0.0009441912917355876,Sell
2023-10-25,LOW,-0.026299674792610875,Sell
2023-10-25,MRVL,-0.02631578947368421,Sell
2023-10-25,PCG,0.026288362362696372,Buy
2023-10-25,NTES,0.026050222426003643,Buy
2023-10-25,RF,0.00019923853162037708,Buy
2023-10-25,PRGO,-0.02625794654145314,Sell
2023-10-25,OHI,0.0261960560721692,Buy
2023-10-25,SYK,0.02631578947368421,Buy
2023-10-25,M,-1.7643760349683735e-05,Sell
2023-10-25,COF,6.277942990733781e-05,Buy
2023-10-25,ZUMZ,5.225764174674602e-05,Buy
2023-10-25,MT,-0.02631578947368421,Sell
2023-10-25,VZ,-0.0004630101077956819,Sell
2023-10-25,BMY,-0.02631578947368421,Sell
2023-10-26,MET,-0.02651084364161581,Sell
2023-10-26,CNC,0.0003186393846107277,Buy
2023-10-26,PPG,-0.026340583190134364,Sell
2023-10-26,AMTD,-0.02631578947368421,Sell
2023-10-26,A,-0.02645697777777664,Sell
2023-10-26,DAL,0.02631578947368421,Buy
2023-10-26,AA,-0.000452650939470247,Sell
2023-10-26,HYG,-0.026316981943371443,Sell
2023-10-26,BUD,-0.0002653114477053839,Sell
2023-10-26,NSC,0.00015879273926297163,Buy
2023-10-26,CAG,0.026150560915474776,Buy
2023-10-26,GREK,-0.00018376442858942035,Sell
2023-10-26,QCOM,-0.00012063070311420232,Sell
2023-10-26,JNJ,0.02631578947368421,Buy
2023-10-26,STI,0.0001017040416528836,Buy
2023-10-26,KMB,-0.026533072749840708,Sell
2023-10-26,NDAQ,-0.02631578947368421,Sell
2023-10-26,TRV,0.02618318513815117,Buy
2023-10-26,DPZ,0.02631578947368421,Buy
2023-10-26,VTR,-0.02631578947368421,Sell
2023-10-26,DHI,0.026484105784087074,Buy
2023-10-26,EWC,0.00022899061792245115,Buy
2023-10-26,BBT,-0.02631578947368421,Sell
2023-10-26,BDX,0.026083525756989374,Buy
2023-10-26,MU,0.02631578947368421,Buy
2023-10-26,EBAY,0.0007169171537674754,Buy
2023-10-26,QQQ,0.0005896808063634712,Buy
2023-10-26,SIRI,-0.0008715959365754311,Sell
2023-10-26,ANF,-0.0008264109773346677,Sell
2023-10-26,TSM,0.02631578947368421,Buy
2023-10-26,ALK,-3.4788412898004856e-05,Sell
2023-10-26,XRT,-4.700217953155367e-06,Sell
2023-10-26,KEY,0.027188600262794963,Buy
2023-10-26,RL,0.0002918087517800802,Buy
2023-10-26,HUM,-0.0005612024796950131,Sell
2023-10-26,NTAP,0.02584623102259134,Buy
2023-10-26,WSM,0.02631578947368421,Buy
2023-10-26,NWSA,0.0001534313800183977,Buy
2023-10-26,TRIP,0.025851506073446103,Buy
2023-10-26,MRVL,0.025718741859095097,Buy
2023-10-26,DUK,-0.02631578947368421,Sell
2023-10-26,RF,-0.0006005385418326042,Sell
2023-10-26,PRGO,0.02631578947368421,Buy
2023-10-26,OHI,-0.02631578947368421,Sell
2023-10-26,SYK,-0.02617757619889501,Sell
2023-10-26,M,0.0004997317878868771,Buy
2023-10-26,COF,-0.026385342043811405,Sell
2023-10-26,ZUMZ,-0.0001990945121792126,Sell
2023-10-26,MT,0.00024584476247273626,Buy
2023-10-26,VZ,0.0005175771907987396,Buy
2023-10-26,CAT,-0.02631578947368421,Sell
2023-10-26,MRK,-0.02631578947368421,Sell
2023-10-26,BMY,-0.0017759522121136191,Sell
2023-10-27,CNC,0.0003291231815573635,Buy
2023-10-27,AMTD,-0.0009541460900210491,Sell
2023-10-27,DAL,0.0008750501920720341,Buy
2023-10-27,AA,-8.651014695313514e-05,Sell
2023-10-27,BUD,-0.0003567629409644245,Sell
2023-10-27,NSC,-0.05243608063684609,Sell
2023-10-27,ICE,0.02631578947368421,Buy
2023-10-27,GREK,-0.00011800713667041787,Sell
2023-10-27,QCOM,-0.02643788038823681,Sell
2023-10-27,JNJ,0.000685026027903362,Buy
2023-10-27,STI,8.651014695313514e-05,Buy
2023-10-27,NDAQ,0.02511572178262702,Buy
2023-10-27,HAS,-0.02631578947368421,Sell
2023-10-27,TRV,0.02631578947368421,Buy
2023-10-27,DPZ,0.0004913946100007019,Buy
2023-10-27,VTR,0.02595508167457559,Buy
2023-10-27,EWC,0.00036677275108934135,Buy
2023-10-27,BBT,0.025921013821397394,Buy
2023-10-27,BDX,0.02631578947368421,Buy
2023-10-27,MU,-0.026684530312273823,Sell
2023-10-27,EBAY,-0.025976288323578588,Sell
2023-10-27,QQQ,-0.026355213422819528,Sell
2023-10-27,SIRI,-0.0007685915376566682,Sell
2023-10-27,ANF,0.025734057700098036,Buy
2023-10-27,TSM,0.0005244136873888451,Buy
2023-10-27,ALK,0.0005158219839121563,Buy
2023-10-27,MAR,-0.02631578947368421,Sell
2023-10-27,XRT,0.0003953534537849933,Buy
2023-10-27,KEY,-0.02631578947368421,Sell
2023-10-27,GOLD,-0.02631578947368421,Sell
2023-10-27,EW,0.02631578947368421,Buy
2023-10-27,RL,0.0008854032453626016,Buy
2023-10-27,HUM,-0.00024898496163495293,Sell
2023-10-27,WSM,-0.026518440712164203,Sell
2023-10-27,NWSA,0.00044476688935814884,Buy
2023-10-27,TRIP,-0.02631578947368421,Sell
2023-10-27,BX,-0.02631578947368421,Sell
2023-10-27,MRVL,-0.02631578947368421,Sell
2023-10-27,DUK,0.025738215222629864,Buy
2023-10-27,RF,-0.025465849203966617,Sell
2023-10-27,CME,0.02631578947368421,Buy
2023-10-27,PRGO,0.0015375660799433997,Buy
2023-10-27,OHI,0.025607553629396665,Buy
2023-10-27,XLE,0.02631578947368421,Buy
2023-10-27,M,-0.00041908835548516363,Sell
2023-10-27,COF,-0.02631578947368421,Sell
2023-10-27,ZUMZ,-0.0011859421649928793,Sell
2023-10-27,MT,-0.0001220032140627561,Sell
2023-10-27,VZ,0.025445516917417633,Buy
2023-10-27,CAT,-0.000505216070996465,Sell
2023-10-27,MRK,0.025550868067278278,Buy
2023-10-27,BMY,0.051579483204679054,Buy
2023-10-30,CNC,-0.026589893342863845,Sell
2023-10-30,AMTD,0.02740954092684659,Buy
2023-10-30,BAX,0.02631578947368421,Buy
2023-10-30,A,0.02631578947368421,Buy
2023-10-30,XLP,-0.02631578947368421,Sell
2023-10-30,DAL,-0.02690170849144831,Sell
2023-10-30,AA,0.002240419085014978,Buy
2023-10-30,HYG,0.02631578947368421,Buy
2023-10-30,BUD,0.0006860086311787326,Buy
2023-10-30,NSC,0.000521252961938827,Buy
2023-10-30,ICE,-0.026732370415624294,Sell
2023-10-30,GREK,0.0005068914888331465,Buy
2023-10-30,JNJ,-0.00034560659865053023,Sell
2023-10-30,STI,-0.026426424898934195,Sell
2023-10-30,NDAQ,-0.02631578947368421,Sell
2023-10-30,HAS,0.025941323250532417,Buy
2023-10-30,TRV,-0.027195736646793367,Sell
2023-10-30,DPZ,6.020321149841079e-05,Buy
2023-10-30,EWC,-0.0003714577397657126,Sell
2023-10-30,BDX,-3.278761197115024e-05,Sell
2023-10-30,SIRI,0.0004707887330920868,Buy
2023-10-30,ORCL,-0.02631578947368421,Sell
2023-10-30,TSM,-0.02642358095225501,Sell
2023-10-30,ALK,-0.0005509778607515788,Sell
2023-10-30,MAR,0.026803953574111816,Buy
2023-10-30,XRT,-0.02655710336915312,Sell
2023-10-30,KEY,0.02682792544693512,Buy
2023-10-30,KGC,0.02631578947368421,Buy
2023-10-30,GOLD,0.02594523977638675,Buy
2023-10-30,EW,-0.00036439925056529904,Sell
2023-10-30,RL,-0.026940613563384577,Sell
2023-10-30,HUM,0.0004889115449609564,Buy
2023-10-30,NTAP,0.02631578947368421,Buy
2023-10-30,WSM,-0.02631578947368421,Sell
2023-10-30,NWSA,-0.026924388072048458,Sell
2023-10-30,TRIP,0.00039995174981628107,Buy
2023-10-30,BX,0.027218229330009662,Buy
2023-10-30,LOW,-0.02631578947368421,Sell
2023-10-30,MRVL,-0.0001539184806016794,Sell
2023-10-30,RF,0.02631578947368421,Buy
2023-10-30,CME,-0.0003768111292226442,Sell
2023-10-30,CP,-0.02631578947368421,Sell
2023-10-30,CLX,0.02631578947368421,Buy
2023-10-30,PRGO,-0.00021351798627212287,Sell
2023-10-30,XLE,-0.00017365377600889534,Sell
2023-10-30,M,0.0008548575282723292,Buy
2023-10-30,COF,0.0008426565276765732,Buy
2023-10-30,ZUMZ,0.0005978413359034873,Buy
2023-10-30,MT,0.051930825908197906,Buy
2023-10-30,VZ,-0.02631578947368421,Sell
2023-10-30,CAT,0.0004847230488932569,Buy
2023-10-30,MRK,0.02631578947368421,Buy
2023-10-30,BMY,-0.0002053243476194018,Sell
2023-10-31,MET,-0.02631578947368421,Sell
2023-10-31,AMTD,0.02631578947368421,Buy
2023-10-31,BAX,-0.00033066084070201146,Sell
2023-10-31,VWO,0.02631578947368421,Buy
2023-10-31,A,-0.026898480424556642,Sell
2023-10-31,CF,0.02631578947368421,Buy
2023-10-31,HOG,-0.02631578947368421,Sell
2023-10-31,XLP,0.026419434288550828,Buy
2023-10-31,NVDA,0.02631578947368421,Buy
2023-10-31,AA,0.0003429283313694208,Buy
2023-10-31,HYG,-7.931913231896959e-05,Sell
2023-10-31,BUD,0.001393994839438556,Buy
2023-10-31,NSC,0.026777942240398894,Buy
2023-10-31,GREK,0.026216960602475196,Buy
2023-10-31,JNJ,-0.026560560030373066,Sell
2023-10-31,STI,0.02631578947368421,Buy
2023-10-31,NDAQ,0.0003816051423010912,Buy
2023-10-31,DPZ,-0.05266355667751353,Sell
2023-10-31,EWC,5.597560363011095e-05,Buy
2023-10-31,BDX,-0.00018740206561577294,Sell
2023-10-31,WFC,-0.02631578947368421,Sell
2023-10-31,SIRI,0.0006400270666087442,Buy
2023-10-31,ANF,-0.02631578947368421,Sell
2023-10-31,HTZ,0.02631578947368421,Buy
2023-10-31,ORCL,0.00046344035909002754,Buy
2023-10-31,ALK,0.00013052347545327095,Buy
2023-10-31,XRT,0.02631578947368421,Buy
2023-10-31,ILMN,-0.02631578947368421,Sell
2023-10-31,KGC,-0.026026276358745656,Sell
2023-10-31,ULTA,0.02631578947368421,Buy
2023-10-31,EW,-0.026900142697448805,Sell
2023-10-31,HUM,0.00030093791995342706,Buy
2023-10-31,NTAP,-0.026917766338563808,Sell
2023-10-31,WSM,0.0003689957944291375,Buy
2023-10-31,NWSA,0.02631578947368421,Buy
2023-10-31,TRIP,0.05315085964236202,Buy
2023-10-31,LOW,0.0004098999494370134,Buy
2023-10-31,MRVL,0.026545241740167175,Buy
2023-10-31,RF,-0.0005841281300795302,Sell
2023-10-31,CME,-0.02659134358523743,Sell
2023-10-31,CP,0.026303766017817223,Buy
2023-10-31,CLX,-0.026585759133691496,Sell
2023-10-31,PRGO,-0.0005248842710139402,Sell
2023-10-31,OHI,-0.02631578947368421,Sell
2023-10-31,BSX,-0.02631578947368421,Sell
2023-10-31,XLE,-9.702362658378649e-05,Sell
2023-10-31,M,0.00036064142260816903,Buy
2023-10-31,COF,0.026522388417768068,Buy
2023-10-31,ENB,-0.02631578947368421,Sell
2023-10-31,ZUMZ,0.0265196961495475,Buy
2023-10-31,MT,-0.02698783190767145,Sell
2023-10-31,VZ,0.0267138202942948,Buy
2023-10-31,CAT,-0.0017411586836479712,Sell
2023-10-31,MRK,-0.02633112884817873,Sell
2023-10-31,BMY,-0.000154044330944441,Sell
2023-11-01,MET,0.026340371846789817,Buy
2023-11-01,CNC,-0.02631578947368421,Sell
2023-11-01,AMTD,0.0005711847086301153,Buy
2023-11-01,BAX,-0.026646092742603954,Sell
2023-11-01,VWO,-0.026541087833924823,Sell
2023-11-01,CF,-0.02618176923988865,Sell
2023-11-01,HOG,0.026795224857151773,Buy
2023-11-01,NVDA,-0.027351978301873706,Sell
2023-11-01,AA,-0.0005892227413594776,Sell
2023-11-01,HYG,-0.02660473597337994,Sell
2023-11-01,BUD,0.026321104180116326,Buy
2023-11-01,RRC,-0.02631578947368421,Sell
2023-11-01,GREK,-0.02631578947368421,Sell
2023-11-01,STI,-3.7753578077743405e-05,Sell
2023-11-01,NDAQ,0.025880669948407247,Buy
2023-11-01,DPZ,0.026753130799251554,Buy
2023-11-01,DHI,-0.02631578947368421,Sell
2023-11-01,EWC,-0.0003117501769996124,Sell
2023-11-01,BBT,-0.02631578947368421,Sell
2023-11-01,BDX,-0.026457794081226588,Sell
2023-11-01,MU,-0.02631578947368421,Sell
2023-11-01,EBAY,0.02631578947368421,Buy
2023-11-01,WFC,-6.82664227052085e-05,Sell
2023-11-01,SIRI,0.0013923750968632305,Buy
2023-11-01,ANF,0.0006053822818284579,Buy
2023-11-01,HTZ,0.00027486377220123717,Buy
2023-11-01,ORCL,0.0006366960110076349,Buy
2023-11-01,CCL,0.02631578947368421,Buy
2023-11-01,ALK,0.00042049583567153187,Buy
2023-11-01,XRT,3.408839121133919e-05,Buy
2023-11-01,ILMN,0.025688804413573404,Buy
2023-11-01,GOLD,-0.02631578947368421,Sell
2023-11-01,D,0.02631578947368421,Buy
2023-11-01,ULTA,0.0003665588938982327,Buy
2023-11-01,RL,0.02631578947368421,Buy
2023-11-01,HUM,0.050941749387561575,Buy
2023-11-01,WSM,-8.503937557719637e-05,Sell
2023-11-01,NWSA,-0.02648097682245371,Sell
2023-11-01,TRIP,0.0008014179720179336,Buy
2023-11-01,LOW,0.026453111648339158,Buy
2023-11-01,MRVL,-0.02631578947368421,Sell
2023-11-01,PCG,-0.02631578947368421,Sell
2023-11-01,NTES,-0.02631578947368421,Sell
2023-11-01,RF,-5.589635081446748e-05,Sell
2023-11-01,CME,0.02631578947368421,Buy
2023-11-01,CLX,0.02631578947368421,Buy
2023-11-01,PRGO,-0.02673492533148527,Sell
2023-11-01,OHI,0.00014922056062848313,Buy
2023-11-01,BSX,0.026595508235127244,Buy
2023-11-01,XLE,2.4115540683461445e-05,Buy
2023-11-01,M,-0.00022189054382162898,Sell
2023-11-01,ENB,0.00033386140307495316,Buy
2023-11-01,MT,0.02631578947368421,Buy
2023-11-01,CAT,0.027027393982821172,Buy
2023-11-01,BMY,9.010337703389826e-05,Buy
2023-11-02,CNC,0.05245727294830274,Buy
2023-11-02,AMTD,0.000579134643074769,Buy
2023-11-02,NVDA,0.02631578947368421,Buy
2023-11-02,WEN,0.02631578947368421,Buy
2023-11-02,AA,0.001065930062849569,Buy
2023-11-02,HYG,-0.02631578947368421,Sell
2023-11-02,ICE,0.02631578947368421,Buy
2023-11-02,RRC,0.00044650895101234003,Buy
2023-11-02,GREK,0.0007300751071069589,Buy
2023-11-02,QCOM,-0.02631578947368421,Sell
2023-11-02,STI,2.6399970421135677e-05,Buy
2023-11-02,TRV,0.02631578947368421,Buy
2023-11-02,DPZ,-0.02631578947368421,Sell
2023-11-02,DHI,0.0011112859602365813,Buy
2023-11-02,EWC,-0.027322277400941893,Sell
2023-11-02,BBT,0.027346778867422157,Buy
2023-11-02,BDX,0.02631578947368421,Buy
2023-11-02,MU,0.026683354422971678,Buy
2023-11-02,EBAY,-0.00016375856358855426,Sell
2023-11-02,WFC,0.027126415593715897,Buy
2023-11-02,SIRI,0.0008499152510437376,Buy
2023-11-02,ANF,0.000472899677147285,Buy
2023-11-02,HTZ,-0.028877299655391844,Sell
2023-11-02,ORCL,0.0265678271752372,Buy
2023-11-02,CCL,-0.027685283254570276,Sell
2023-11-02,MS,-0.02631578947368421,Sell
2023-11-02,ALK,-0.0008532956240490386,Sell
2023-11-02,MAR,0.02631578947368421,Buy
2023-11-02,XRT,-0.027097877263689535,Sell
2023-11-02,ILMN,-0.02631578947368421,Sell
2023-11-02,KGC,0.02631578947368421,Buy
2023-11-02,GOLD,0.027097361658287505,Buy
2023-11-02,WMB,-0.02631578947368421,Sell
2023-11-02,TRP,-0.02631578947368421,Sell
2023-11-02,D,-0.026851524543524918,Sell
2023-11-02,ULTA,-0.00031389421027365125,Sell
2023-11-02,RL,-0.02654178857067089,Sell
2023-11-02,HUM,0.00045402605551702474,Buy
2023-11-02,WSM,0.000497491892174292,Buy
2023-11-02,TRIP,-0.0006542908016986503,Sell
2023-11-02,BX,-0.02631578947368421,Sell
2023-11-02,MRVL,0.026950756819729443,Buy
2023-11-02,PCG,0.026431327909244982,Buy
2023-11-02,NTES,0.026631503492867418,Buy
2023-11-02,RF,-0.001582781292282353,Sell
2023-11-02,CME,-0.026495046746346826,Sell
2023-11-02,CP,-0.02631578947368421,Sell
2023-11-02,CLX,-0.028027886281000836,Sell
2023-11-02,PRGO,0.02631578947368421,Buy
2023-11-02,OHI,0.026676926924883673,Buy
2023-11-02,XLE,-0.027084349227831934,Sell
2023-11-02,M,0.0009981439567313954,Buy
2023-11-02,ENB,0.0008742506409486726,Buy
2023-11-02,MT,-0.027553761163450072,Sell
2023-11-02,CAT,-0.02631578947368421,Sell
2023-11-02,MRK,0.02631578947368421,Buy
2023-11-02,BMY,0.00010329828111540346,Buy
2023-11-03,MNST,-0.02631578947368421,Sell
2023-11-03,CNC,-0.026466823640202516,Sell
2023-11-03,AMTD,-0.0002140877702107441,Sell
2023-11-03,BAX,0.02631578947368421,Buy
2023-11-03,XLP,0.02631578947368421,Buy
2023-11-03,NVDA,-0.027224705800380326,Sell
2023-11-03,WEN,-0.05340775689515133,Sell
2023-11-03,DAL,-0.02631578947368421,Sell
2023-11-03,AA,0.026782289343940415,Buy
2023-11-03,HYG,0.02657505534331743,Buy
2023-11-03,ICE,-0.0004107945492009685,Sell
2023-11-03,RRC,0.026233365648723445,Buy
2023-11-03,GREK,0.02650004596286974,Buy
2023-11-03,QCOM,0.026802299606199745,Buy
2023-11-03,STI,-2.129880438479087e-06,Sell
2023-11-03,KMB,0.02631578947368421,Buy
2023-11-03,HAS,0.02631578947368421,Buy
2023-11-03,TRV,8.198971138347749e-05,Buy
2023-11-03,DPZ,0.027342291456112243,Buy
2023-11-03,DHI,0.0011168835009716521,Buy
2023-11-03,BDX,-0.0003096130404090895,Sell
2023-11-03,EBAY,-0.027364156249139564,Sell
2023-11-03,WFC,-0.02631578947368421,Sell
2023-11-03,EOG,0.02631578947368421,Buy
2023-11-03,QQQ,0.02631578947368421,Buy
2023-11-03,SIRI,0.0017000619487370916,Buy
2023-11-03,ANF,0.0009125106416633839,Buy
2023-11-03,CCL,-0.02631578947368421,Sell
2023-11-03,MS,0.001005267279044486,Buy
2023-11-03,ALK,-0.05381359268157157,Sell
2023-11-03,MAR,-0.02711157363999831,Sell
2023-11-03,ILMN,0.0010946089505948185,Buy
2023-11-03,KGC,-0.027559330552372367,Sell
2023-11-03,GOLD,-0.02631578947368421,Sell
2023-11-03,WMB,0.02653116894461674,Buy
2023-11-03,TRP,0.026521315106884647,Buy
2023-11-03,KO,0.02631578947368421,Buy
2023-11-03,D,-0.02631578947368421,Sell
2023-11-03,ULTA,-0.026702667893611032,Sell
2023-11-03,HUM,0.00023787102585129047,Buy
2023-11-03,WSM,0.00031100039777515534,Buy
2023-11-03,NWSA,-0.02631578947368421,Sell
2023-11-03,TRIP,-0.054590498487450276,Sell
2023-11-03,BX,0.027041530636388,Buy
2023-11-03,MRVL,-0.02631578947368421,Sell
2023-11-03,RF,-0.026846664470938073,Sell
2023-11-03,CME,0.02631578947368421,Buy
2023-11-03,CP,0.026651422161634436,Buy
2023-11-03,PRGO,-0.027178165058969427,Sell
2023-11-03,OHI,0.02631578947368421,Buy
2023-11-03,SYK,0.02631578947368421,Buy
2023-11-03,BSX,0.02631578947368421,Buy
2023-11-03,XLE,0.02631578947368421,Buy
2023-11-03,M,0.0008842949991903978,Buy
2023-11-03,ENB,0.026569244418727822,Buy
2023-11-03,CAT,0.026497319302369936,Buy
2023-11-03,MRK,-0.00013774738704715184,Sell
2023-11-03,BMY,-0.053503593666281005,Sell
2023-11-06,MNST,0.00012917367883023487,Buy
2023-11-06,CNC,-0.02631578947368421,Sell
2023-11-06,AMTD,-0.05314967630227144,Sell
2023-11-06,BAX,-0.02658020553590099,Sell
2023-11-06,A,0.02631578947368421,Buy
2023-11-06,CF,0.02631578947368421,Buy
2023-11-06,XLP,-0.026213626456848174,Sell
2023-11-06,WEN,0.025927033265231044,Buy
2023-11-06,DAL,0.025834311480040652,Buy
2023-11-06,AA,-0.02631578947368421,Sell
2023-11-06,HYG,-0.02631578947368421,Sell
2023-11-06,ICE,-0.026142648189645703,Sell
2023-11-06,RRC,0.02631578947368421,Buy
2023-11-06,GREK,-0.02631578947368421,Sell
2023-11-06,STI,0.00014403662287724647,Buy
2023-11-06,KMB,-0.026478651860919647,Sell
2023-11-06,NDAQ,-0.02631578947368421,Sell
2023-11-06,HAS,-0.025552863945954858,Sell
2023-11-06,TRV,-3.312695442200114e-05,Sell
2023-11-06,DHI,-0.0003950502955062628,Sell
2023-11-06,BDX,0.00012483443158112228,Buy
2023-11-06,WFC,-0.000320107668435779,Sell
2023-11-06,EOG,0.0004993650753705552,Buy
2023-11-06,QQQ,3.7277663211932044e-05,Buy
2023-11-06,EWI,0.02631578947368421,Buy
2023-11-06,SIRI,-0.0012763935585292444,Sell
2023-11-06,ANF,0.00016362997007366917,Buy
2023-11-06,HTZ,0.02631578947368421,Buy
2023-11-06,CCL,0.02556698964172999,Buy
2023-11-06,MS,-0.00026072043965805897,Sell
2023-11-06,ALK,0.051926049677607125,Buy
2023-11-06,ILMN,0.025258472311805957,Buy
2023-11-06,GOLD,-0.00023997098224862526,Sell
2023-11-06,TRP,-0.02631578947368421,Sell
2023-11-06,KO,-0.026277839000483978,Sell
2023-11-06,D,0.0010442245795110987,Buy
2023-11-06,ULTA,0.02631578947368421,Buy
2023-11-06,RL,0.02631578947368421,Buy
2023-11-06,HUM,-0.00042108653807592863,Sell
2023-11-06,WSM,0.025807108299977677,Buy
2023-11-06,NWSA,0.025849530781262155,Buy
2023-11-06,TRIP,0.026769965358760025,Buy
2023-11-06,MRVL,0.026110605355860326,Buy
2023-11-06,RF,0.02631578947368421,Buy
2023-11-06,CME,-0.05304203831057073,Sell
2023-11-06,CLX,-0.02631578947368421,Sell
2023-11-06,PRGO,0.02631578947368421,Buy
2023-11-06,OHI,0.00011912722175558624,Buy
2023-11-06,SYK,-0.026230497773467816,Sell
2023-11-06,CSIQ,-0.02631578947368421,Sell
2023-11-06,BSX,-0.02631125711233167,Sell
2023-11-06,XLE,0.00043993158114238526,Buy
2023-11-06,M,0.025322939036107144,Buy
2023-11-06,ENB,-0.02631578947368421,Sell
2023-11-06,CAT,0.02631578947368421,Buy
2023-11-06,MRK,-0.0264147878255228,Sell
2023-11-06,BMY,0.026156884143260357,Buy
2023-11-07,MNST,0.0262676708507309,Buy
2023-11-07,CNC,-6.0418236819057e-06,Sell
2023-11-07,AMTD,0.026308536479959576,Buy
2023-11-07,BAX,0.02631578947368421,Buy
2023-11-07,A,-0.02708014010282651,Sell
2023-11-07,CF,0.0002092239563821971,Buy
2023-11-07,HP,-0.02631578947368421,Sell
2023-11-07,WEN,0.02631578947368421,Buy
2023-11-07,AA,-0.0004092069913208679,Sell
2023-11-07,HYG,3.0515399300150292e-05,Buy
2023-11-07,RRC,0.0009498008371433275,Buy
2023-11-07,CAG,-0.02631578947368421,Sell
2023-11-07,GREK,-0.00021743579280402575,Sell
2023-11-07,JNJ,0.02631578947368421,Buy
2023-11-07,STI,-0.026427646440590185,Sell
2023-11-07,NDAQ,0.0265816146297226,Buy
2023-11-07,TRV,-0.02641110890460965,Sell
2023-11-07,DHI,0.0007989770659850709,Buy
2023-11-07,EWC,0.02631578947368421,Buy
2023-11-07,BDX,0.0002770351930482251,Buy
2023-11-07,WFC,0.026151580625785327,Buy
2023-11-07,EOG,0.0007606981901562074,Buy
2023-11-07,QQQ,-0.02659175779256276,Sell
2023-11-07,EWI,0.0001672357976330273,Buy
2023-11-07,SIRI,2.695860752821924e-05,Buy
2023-11-07,ANF,0.0006391188341398762,Buy
2023-11-07,HTZ,0.0004403208361423265,Buy
2023-11-07,MS,0.026200482940641142,Buy
2023-11-07,ALK,-0.026599437219691466,Sell
2023-11-07,GOLD,0.025538310768281208,Buy
2023-11-07,TRP,-0.0002560650664402385,Sell
2023-11-07,KO,-0.02631578947368421,Sell
2023-11-07,D,2.118548664403405e-05,Buy
2023-11-07,ULTA,-0.026997936772978903,Sell
2023-11-07,EW,0.02631578947368421,Buy
2023-11-07,RL,-0.026258989810115804,Sell
2023-11-07,HUM,-0.026930352172508616,Sell
2023-11-07,TRIP,-0.02631578947368421,Sell
2023-11-07,LOW,0.02631578947368421,Buy
2023-11-07,NTES,-0.02631578947368421,Sell
2023-11-07,RF,0.00017724952299803115,Buy
2023-11-07,HMC,0.02631578947368421,Buy
2023-11-07,CME,0.026258669035861715,Buy
2023-11-07,CP,0.02631578947368421,Buy
2023-11-07,CLX,0.0007457669417040222,Buy
2023-11-07,PRGO,-0.027406822272443752,Sell
2023-11-07,OHI,0.0001817798318404784,Buy
2023-11-07,CSIQ,0.00019801700220316298,Buy
2023-11-07,XLE,-0.025758719637354856,Sell
2023-11-07,M,-0.02631578947368421,Sell
2023-11-07,ENB,-0.00013647155252355728,Sell
2023-11-07,MT,0.02631578947368421,Buy
2023-11-07,VZ,-0.02631578947368421,Sell
2023-11-07,CAT,0.000344502455765814,Buy
2023-11-07,BMY,0.02631578947368421,Buy
2023-11-08,CNC,0.025752110630919686,Buy
2023-11-08,AMTD,-0.02631578947368421,Sell
2023-11-08,BAX,0.0001591631949254997,Buy
2023-11-08,CF,-0.02676507418009924,Sell
2023-11-08,HP,0.026087562672353903,Buy
2023-11-08,HOG,-0.02631578947368421,Sell
2023-11-08,WEN,-0.026181731097256567,Sell
2023-11-08,AA,0.02626923932566009,Buy
2023-11-08,HYG,0.026293713604357373,Buy
2023-11-08,BUD,-0.02631578947368421,Sell
2023-11-08,RRC,0.0007546506040651269,Buy
2023-11-08,CAG,0.0003091496790325818,Buy
2023-11-08,GREK,-2.1341438989578437e-05,Sell
2023-11-08,JNJ,0.00013203529859432545,Buy
2023-11-08,TRV,0.02631578947368421,Buy
2023-11-08,VTR,-0.02631578947368421,Sell
2023-11-08,DHI,0.0001025503226816174,Buy
2023-11-08,EWC,0.00012332968872267452,Buy
2023-11-08,BDX,5.5750128381330116e-05,Buy
2023-11-08,EOG,0.00034267974693175107,Buy
2023-11-08,EWI,-6.172832477963769e-06,Sell
2023-11-08,SIRI,-0.00020364205717901887,Sell
2023-11-08,ANF,6.374410018845228e-06,Buy
2023-11-08,HTZ,-0.025953264924075556,Sell
2023-11-08,CCL,-0.02631578947368421,Sell
2023-11-08,ALK,-0.02631578947368421,Sell
2023-11-08,MAR,0.02631578947368421,Buy
2023-11-08,XRT,0.02631578947368421,Buy
2023-11-08,ILMN,0.02631578947368421,Buy
2023-11-08,KGC,0.02631578947368421,Buy
2023-11-08,TRP,0.0001247510778278789,Buy
2023-11-08,KO,-7.761682109313703e-05,Sell
2023-11-08,D,0.000171296155406106,Buy
2023-11-08,ULTA,0.02631578947368421,Buy
2023-11-08,EW,-0.02616498235824065,Sell
2023-11-08,TRIP,-0.0006535605715580033,Sell
2023-11-08,LOW,-0.0262930333963357,Sell
2023-11-08,DUK,0.02631578947368421,Buy
2023-11-08,NTES,3.424406825758633e-05,Buy
2023-11-08,RF,-0.026091332551689637,Sell
2023-11-08,HMC,0.00022454858545179965,Buy
2023-11-08,CP,-0.02638680758131942,Sell
2023-11-08,CLX,0.026162533616320087,Buy
2023-11-08,OHI,0.0003804922246647968,Buy
2023-11-08,CSIQ,-0.0011140816704869431,Sell
2023-11-08,XLE,0.02631578947368421,Buy
2023-11-08,M,-0.0018785760945933157,Sell
2023-11-08,ENB,-9.87500614878789e-05,Sell
2023-11-08,MT,0.0003109536448976935,Buy
2023-11-08,VZ,0.02615523575393669,Buy
2023-11-08,CAT,4.743844984258713e-05,Buy
2023-11-08,BMY,-0.026344861899730104,Sell
2023-11-09,MNST,0.02631578947368421,Buy
2023-11-09,AMTD,0.022184585770923745,Buy
2023-11-09,BAX,0.0010401618846186088,Buy
2023-11-09,HOG,-0.0008981552356418267,Sell
2023-11-09,WEN,0.02631578947368421,Buy
2023-11-09,HYG,0.02631578947368421,Buy
2023-11-09,BUD,0.0001333310371946679,Buy
2023-11-09,RRC,8.505492948972931e-05,Buy
2023-11-09,CAG,7.860283616199087e-05,Buy
2023-11-09,GREK,-0.00041314403187604765,Sell
2023-11-09,JNJ,0.0006117583159118908,Buy
2023-11-09,TRV,-0.02621957112623118,Sell
2023-11-09,VTR,0.025059593320192447,Buy
2023-11-09,DHI,0.025971716028867158,Buy
2023-11-09,EWC,2.9584149923607417e-05,Buy
2023-11-09,BDX,0.002526523201299452,Buy
2023-11-09,EOG,-0.026234369165245342,Sell
2023-11-09,EWI,0.00015159246988249997,Buy
2023-11-09,SIRI,-4.487499335075959e-05,Sell
2023-11-09,ANF,-0.0005524678735279662,Sell
2023-11-09,HTZ,-0.02631578947368421,Sell
2023-11-09,CCL,-0.0010847129481320918,Sell
2023-11-09,ALK,0.025890309203998606,Buy
2023-11-09,MAR,-0.026461286159902838,Sell
2023-11-09,XRT,0.000560875874312472,Buy
2023-11-09,ILMN,0.0009818207456941466,Buy
2023-11-09,KGC,-0.027067015602012762,Sell
2023-11-09,TRP,-0.00022424138557302492,Sell
2023-11-09,KO,-0.0002983337689682862,Sell
2023-11-09,D,-0.0007114656349563493,Sell
2023-11-09,ULTA,0.0003631821348162381,Buy
2023-11-09,EW,-0.02631578947368421,Sell
2023-11-09,HUM,-0.02631578947368421,Sell
2023-11-09,TRIP,-0.000806556117368417,Sell
2023-11-09,LOW,0.02631578947368421,Buy
2023-11-09,MRVL,-0.02631578947368421,Sell
2023-11-09,PCG,-0.02631578947368421,Sell
2023-11-09,DUK,-0.026096233468107115,Sell
2023-11-09,NTES,9.785616252584034e-05,Buy
2023-11-09,HMC,-0.02543347070157798,Sell
2023-11-09,CME,-0.02631578947368421,Sell
2023-11-09,CP,0.02631578947368421,Buy
2023-11-09,OHI,9.240353961823683e-05,Buy
2023-11-09,SYK,0.02631578947368421,Buy
2023-11-09,CSIQ,0.02652983427418832,Buy
2023-11-09,XLE,0.000180081412855998,Buy
2023-11-09,M,0.025192658027443977,Buy
2023-11-09,ENB,-0.000249303421030668,Sell
2023-11-09,MT,-0.025476452009267424,Sell
2023-11-09,CAT,0.0001756896962669778,Buy
2023-11-09,BMY,0.02631578947368421,Buy
2023-11-10,MNST,-0.02645472282803472,Sell
2023-11-10,BAX,-3.519467447855515e-05,Sell
2023-11-10,CF,0.02631578947368421,Buy
2023-11-10,HOG,-9.457565563991688e-05,Sell
2023-11-10,XLP,-0.02631578947368421,Sell
2023-11-10,WEN,-0.026783920976210216,Sell
2023-11-10,DAL,0.02631578947368421,Buy
2023-11-10,HYG,-0.00017198630515689178,Sell
2023-11-10,BUD,0.02625331362678335,Buy
2023-11-10,RRC,0.00010802874852211194,Buy
2023-11-10,CAG,-7.942508049255115e-05,Sell
2023-11-10,GREK,0.02644979758727264,Buy
2023-11-10,JNJ,-1.2827099524107682e-05,Sell
2023-11-10,STI,-0.02631578947368421,Sell
2023-11-10,DPZ,-0.02631578947368421,Sell
2023-11-10,EWC,-0.00013060642725369956,Sell
2023-11-10,BDX,-0.0003167529322337381,Sell
2023-11-10,EBAY,0.02631578947368421,Buy
2023-11-10,WFC,-0.02631578947368421,Sell
2023-11-10,EWI,-0.00020498525309804727,Sell
2023-11-10,SIRI,0.026021795905230218,Buy
2023-11-10,ANF,0.00013009970859940295,Buy
2023-11-10,HTZ,0.02617596258280349,Buy
2023-11-10,CCL,0.027322583782334736,Buy
2023-11-10,TSM,-0.02631578947368421,Sell
2023-11-10,XRT,-0.00026085048588078696,Sell
2023-11-10,KEY,-0.02631578947368421,Sell
2023-11-10,ILMN,0.002078212251281561,Buy
2023-11-10,KGC,0.02631578947368421,Buy
2023-11-10,TRP,0.026278382521980267,Buy
2023-11-10,KO,7.113484454288402e-05,Buy
2023-11-10,D,9.61011706207271e-05,Buy
2023-11-10,ULTA,-0.00010151898958543626,Sell
2023-11-10,EW,0.026179615344355176,Buy
2023-11-10,RL,0.02631578947368421,Buy
2023-11-10,HUM,-6.69643965704389e-05,Sell
2023-11-10,NWSA,0.02631578947368421,Buy
2023-11-10,TRIP,0.026948562469232263,Buy
2023-11-10,LOW,-0.026927731817282235,Sell
2023-11-10,MRVL,0.001112847625899617,Buy
2023-11-10,PCG,0.0005067838657747681,Buy
2023-11-10,NTES,0.00025554787660518954,Buy
2023-11-10,CME,0.026447939567651773,Buy
2023-11-10,CP,0.0007243789020182669,Buy
2023-11-10,OHI,-0.02707557244421587,Sell
2023-11-10,SYK,-0.02662957312099415,Sell
2023-11-10,CSIQ,-0.02631578947368421,Sell
2023-11-10,XLE,-0.026649757278913864,Sell
2023-11-10,M,-0.02631578947368421,Sell
2023-11-10,ENB,6.69229733475038e-05,Buy
2023-11-10,VZ,-0.02631578947368421,Sell
2023-11-10,CAT,-0.026981543323430855,Sell
2023-11-10,MRK,0.02631578947368421,Buy
2023-11-10,BMY,-0.00014780743475830901,Sell
2023-11-13,AMTD,0.02631578947368421,Buy
2023-11-13,BAX,-0.027039299535788635,Sell
2023-11-13,A,0.02631578947368421,Buy
2023-11-13,CF,-0.026431338478516187,Sell
2023-11-13,HP,-0.02631578947368421,Sell
2023-11-13,HOG,0.0004049085084817279,Buy
2023-11-13,XLP,9.361382592550788e-05,Buy
2023-11-13,NVDA,0.02631578947368421,Buy
2023-11-13,WEN,0.02631578947368421,Buy
2023-11-13,DAL,-0.026410427691703986,Sell
2023-11-13,AA,-0.02631578947368421,Sell
2023-11-13,HYG,1.5269652277261764e-05,Buy
2023-11-13,ICE,0.02631578947368421,Buy
2023-11-13,RRC,-0.026629295162105826,Sell
2023-11-13,CAG,0.026098233229687472,Buy
2023-11-13,GREK,-0.02631578947368421,Sell
2023-11-13,JNJ,-0.026393356259397125,Sell
2023-11-13,STI,0.05259299219775361,Buy
2023-11-13,HAS,-0.02631578947368421,Sell
2023-11-13,DPZ,0.026049993962917045,Buy
2023-11-13,EWC,-0.026459853783156875,Sell
2023-11-13,BDX,-0.0001453801133392378,Sell
2023-11-13,EBAY,0.0007302509417781988,Buy
2023-11-13,WFC,0.02624815803621521,Buy
2023-11-13,QQQ,0.02631578947368421,Buy
2023-11-13,EWI,-0.0265197959375264,Sell
2023-11-13,SIRI,-0.02631578947368421,Sell
2023-11-13,ANF,-0.00021836617738361236,Sell
2023-11-13,CCL,-0.02631578947368421,Sell
2023-11-13,TSM,0.026049841844199728,Buy
2023-11-13,XRT,0.00017514519159220546,Buy
2023-11-13,KEY,0.02608500532683554,Buy
2023-11-13,ILMN,0.0014836690343639526,Buy
2023-11-13,KGC,0.0001428327228603192,Buy
2023-11-13,KO,0.00010709271624265854,Buy
2023-11-13,D,0.026073639114243187,Buy
2023-11-13,ULTA,-6.299440796734071e-05,Sell
2023-11-13,RL,-0.02626621753344538,Sell
2023-11-13,HUM,0.0002253112179974176,Buy
2023-11-13,NWSA,0.0005818083551781539,Buy
2023-11-13,TRIP,-0.02631578947368421,Sell
2023-11-13,LOW,0.02631578947368421,Buy
2023-11-13,MRVL,0.025761510134590916,Buy
2023-11-13,PCG,0.025995955483043412,Buy
2023-11-13,DUK,0.02631578947368421,Buy
2023-11-13,NTES,0.0002985910751657668,Buy
2023-11-13,CP,0.0004410490688021747,Buy
2023-11-13,CSIQ,-0.00011531483391218067,Sell
2023-11-13,BSX,-0.02631578947368421,Sell
2023-11-13,M,-0.0005423190452475968,Sell
2023-11-13,ENB,0.0003327875768155686,Buy
2023-11-13,ZUMZ,-0.02631578947368421,Sell
2023-11-13,VZ,9.0721168297659e-05,Buy
2023-11-13,MRK,-0.026605832601311306,Sell
2023-11-13,BMY,0.00022964629688509985,Buy
2023-11-14,AMTD,-0.0013459539421772845,Sell
2023-11-14,A,-0.027531147248352737,Sell
2023-11-14,CF,0.02631578947368421,Buy
2023-11-14,HP,0.027496698335219272,Buy
2023-11-14,HOG,0.0018875910437288652,Buy
2023-11-14,XLP,0.0004637115246044349,Buy
2023-11-14,NVDA,-0.0007564884339402063,Sell
2023-11-14,WEN,-0.0268485658792427,Sell
2023-11-14,AA,0.028199191093196324,Buy
2023-11-14,HYG,-0.026776161489464347,Sell
2023-11-14,ICE,-0.0006283277235403922,Sell
2023-11-14,CAG,-0.02631578947368421,Sell
2023-11-14,GREK,0.0012847624593422709,Buy
2023-11-14,JNJ,0.02631578947368421,Buy
2023-11-14,STI,-0.02658040949731032,Sell
2023-11-14,KMB,0.02631578947368421,Buy
2023-11-14,HAS,0.027892163471074555,Buy
2023-11-14,TRV,0.02631578947368421,Buy
2023-11-14,DPZ,-0.02631578947368421,Sell
2023-11-14,VTR,-0.02631578947368421,Sell
2023-11-14,DHI,-0.02631578947368421,Sell
2023-11-14,BDX,9.155093603118586e-05,Buy
2023-11-14,EBAY,-0.027609365570266994,Sell
2023-11-14,WFC,-0.02631578947368421,Sell
2023-11-14,QQQ,-0.000762274967550023,Sell
2023-11-14,EWI,-0.02631578947368421,Sell
2023-11-14,SIRI,0.0014404123120306707,Buy
2023-11-14,ANF,0.0011059895726047847,Buy
2023-11-14,CCL,0.02880974382038022,Buy
2023-11-14,MAR,0.02631578947368421,Buy
2023-11-14,XRT,-0.02781899769994278,Sell
2023-11-14,ILMN,-0.001534319136475764,Sell
2023-11-14,KGC,-0.027279515929703686,Sell
2023-11-14,GOLD,-0.02631578947368421,Sell
2023-11-14,KO,0.0002708142969354878,Buy
2023-11-14,ULTA,-0.000696017592529307,Sell
2023-11-14,PVH,-0.02631578947368421,Sell
2023-11-14,HUM,0.026763383767756794,Buy
2023-11-14,WSM,-0.02631578947368421,Sell
2023-11-14,NWSA,-0.0008527242097378061,Sell
2023-11-14,TRIP,0.027575800482813568,Buy
2023-11-14,LOW,-0.02765614797995487,Sell
2023-11-14,PCG,-0.02631578947368421,Sell
2023-11-14,DUK,-0.02736951102092377,Sell
2023-11-14,NTES,0.026311744493065545,Buy
2023-11-14,CME,0.02631578947368421,Buy
2023-11-14,CP,-0.0007296750298971845,Sell
2023-11-14,OHI,0.02631578947368421,Buy
2023-11-14,CSIQ,0.05359432341991907,Buy
2023-11-14,BSX,0.02666044793571691,Buy
2023-11-14,M,0.002635086592423369,Buy
2023-11-14,ENB,0.0002739782253315705,Buy
2023-11-14,ZUMZ,0.003528265557315509,Buy
2023-11-14,VZ,0.026551857783120025,Buy
2023-11-14,CAT,0.02631578947368421,Buy
2023-11-14,MRK,0.02631578947368421,Buy
2023-11-14,BMY,-0.026703017769948052,Sell
2023-11-15,AMTD,-0.0020773201272173136,Sell
2023-11-15,BAX,-0.02631578947368421,Sell
2023-11-15,CF,-0.0002673118959713068,Sell
2023-11-15,HOG,0.02759207337253121,Buy
2023-11-15,XLP,0.00035702474795777997,Buy
2023-11-15,NVDA,0.00026423972074219454,Buy
2023-11-15,AA,-0.02631578947368421,Sell
2023-11-15,HYG,0.02631578947368421,Buy
2023-11-15,SPWR,-0.02631578947368421,Sell
2023-11-15,ICE,-0.02660454872688407,Sell
2023-11-15,CAG,0.00026777853153284875,Buy
2023-11-15,GREK,0.026366187483461277,Buy
2023-11-15,JNJ,-0.00034929921251486765,Sell
2023-11-15,STI,0.02631578947368421,Buy
2023-11-15,KMB,-0.026550358954266107,Sell
2023-11-15,TRV,-0.0002767623200112847,Sell
2023-11-15,DPZ,0.026392987563462537,Buy
2023-11-15,VTR,0.026431078941369094,Buy
2023-11-15,DHI,0.02625552389880563,Buy
2023-11-15,BDX,-0.00019263862243510538,Sell
2023-11-15,WFC,0.0006229085089130074,Buy
2023-11-15,EOG,0.02631578947368421,Buy
2023-11-15,QQQ,-0.0001649281394499602,Sell
2023-11-15,EWI,0.026338259422414814,Buy
2023-11-15,SIRI,0.0017683753820792666,Buy
2023-11-15,ANF,0.0005765212749651513,Buy
2023-11-15,ORCL,0.02631578947368421,Buy
2023-11-15,MAR,1.0590742240780548e-05,Buy
2023-11-15,ILMN,-0.027188206737901954,Sell
2023-11-15,GOLD,-0.00028761430778825176,Sell
2023-11-15,KO,0.00019598657957642374,Buy
2023-11-15,ULTA,-0.05393362137757908,Sell
2023-11-15,PVH,0.0007402551069010006,Buy
2023-11-15,RL,-0.02631578947368421,Sell
2023-11-15,WSM,0.027004610511940332,Buy
2023-11-15,NWSA,-4.401439713090649e-05,Sell
2023-11-15,MRVL,-0.02631578947368421,Sell
2023-11-15,PCG,0.00031229248753502845,Buy
2023-11-15,HMC,0.02631578947368421,Buy
2023-11-15,CME,-5.754034906227043e-05,Sell
2023-11-15,CP,-0.026710925821404358,Sell
2023-11-15,PRGO,-0.02631578947368421,Sell
2023-11-15,OHI,-2.7849304077773307e-05,Sell
2023-11-15,CSIQ,-0.025197841459398074,Sell
2023-11-15,XLE,0.02631578947368421,Buy
2023-11-15,M,0.0021301326040820967,Buy
2023-11-15,ENB,0.000248405638330354,Buy
2023-11-15,ZUMZ,0.028029623768633175,Buy
2023-11-15,VZ,-0.02631578947368421,Sell
2023-11-15,CAT,-0.0004898369056332945,Sell
2023-11-15,MRK,6.736241459641412e-05,Buy
2023-11-16,AMTD,-0.05060984547113284,Sell
2023-11-16,BAX,0.026607686108962744,Buy
2023-11-16,CF,-0.026400449282945666,Sell
2023-11-16,HP,-0.02631578947368421,Sell
2023-11-16,XLP,0.026175331877423144,Buy
2023-11-16,NVDA,-0.026823535066565228,Sell
2023-11-16,WEN,0.02631578947368421,Buy
2023-11-16,AA,-0.0007474101323511166,Sell
2023-11-16,HYG,-0.026538191137741446,Sell
2023-11-16,SPWR,0.03599448682744589,Buy
2023-11-16,RRC,0.02631578947368421,Buy
2023-11-16,CAG,0.00012091245600171288,Buy
2023-11-16,GREK,-0.02631578947368421,Sell
2023-11-16,JNJ,-0.026734144786484296,Sell
2023-11-16,STI,-0.00018681786680441181,Sell
2023-11-16,TRV,-0.026838699580052663,Sell
2023-11-16,EWC,0.02631578947368421,Buy
2023-11-16,BBT,-0.02631578947368421,Sell
2023-11-16,BDX,-0.00033533640762408237,Sell
2023-11-16,WFC,0.026310830655728427,Buy
2023-11-16,EOG,0.0003235519996725479,Buy
2023-11-16,QQQ,-0.00020950222806779759,Sell
2023-11-16,SIRI,-0.00011957379373423935,Sell
2023-11-16,ANF,-0.00012453068593321417,Sell
2023-11-16,HTZ,0.02631578947368421,Buy
2023-11-16,ORCL,-0.026644346037827907,Sell
2023-11-16,DLTR,0.02631578947368421,Buy
2023-11-16,CCL,-0.02631578947368421,Sell
2023-11-16,ALK,0.02631578947368421,Buy
2023-11-16,MAR,-0.02683327835510348,Sell
2023-11-16,XRT,0.02631578947368421,Buy
2023-11-16,KEY,-0.02631578947368421,Sell
2023-11-16,ILMN,0.02631578947368421,Buy
2023-11-16,KGC,-0.02631578947368421,Sell
2023-11-16,GOLD,0.026727988393015243,Buy
2023-11-16,TRP,0.02631578947368421,Buy
2023-11-16,KO,0.00015902764456496993,Buy
2023-11-16,ULTA,0.025878536178236856,Buy
2023-11-16,PVH,0.0264006494755568,Buy
2023-11-16,RL,0.025813946547592212,Buy
2023-11-16,NTAP,0.02631578947368421,Buy
2023-11-16,WSM,-0.02631578947368421,Sell
2023-11-16,NWSA,-0.02674377565226234,Sell
2023-11-16,TRIP,-0.02631578947368421,Sell
2023-11-16,MRVL,-0.0009767549531986622,Sell
2023-11-16,PCG,0.0005500742611444613,Buy
2023-11-16,NTES,0.02631578947368421,Buy
2023-11-16,HMC,-0.0002872080668793568,Sell
2023-11-16,CME,-0.026644501012326335,Sell
2023-11-16,CP,0.02631578947368421,Buy
2023-11-16,PRGO,0.02548193292257912,Buy
2023-11-16,OHI,-0.00037203364777047693,Sell
2023-11-16,BSX,-0.02631578947368421,Sell
2023-11-16,XLE,-0.02598571307280284,Sell
2023-11-16,M,0.0017000554443561341,Buy
2023-11-16,ENB,0.02610586101241269,Buy
2023-11-16,VZ,0.0003193263987755178,Buy
2023-11-16,CAT,0.00011716405018403694,Buy
2023-11-16,MRK,-0.026669968084052392,Sell
2023-11-17,AMTD,0.025384993446088085,Buy
2023-11-17,A,0.02631578947368421,Buy
2023-11-17,CF,0.02631578947368421,Buy
2023-11-17,HP,0.027357876035662705,Buy
2023-11-17,NVDA,0.02631578947368421,Buy
2023-11-17,WEN,-0.053245052302127345,Sell
2023-11-17,AA,0.0002222061573747755,Buy
2023-11-17,BUD,-0.02631578947368421,Sell
2023-11-17,SPWR,0.02631578947368421,Buy
2023-11-17,ICE,0.02631578947368421,Buy
2023-11-17,RRC,-0.026511890549945835,Sell
2023-11-17,CAG,9.326131847433097e-05,Buy
2023-11-17,GREK,0.00044237170934564515,Buy
2023-11-17,JNJ,0.02631578947368421,Buy
2023-11-17,STI,4.878459607965402e-05,Buy
2023-11-17,KMB,0.02631578947368421,Buy
2023-11-17,TRV,0.02631578947368421,Buy
2023-11-17,EWC,-0.026608669416979622,Sell
2023-11-17,BBT,0.00043460941842589015,Buy
2023-11-17,BDX,0.00020195855986050726,Buy
2023-11-17,EBAY,0.02631578947368421,Buy
2023-11-17,EOG,-0.02703480659228631,Sell
2023-11-17,QQQ,-5.679362511754743e-06,Sell
2023-11-17,SIRI,0.026058850095380382,Buy
2023-11-17,ANF,0.0017505926269801991,Buy
2023-11-17,HTZ,-0.05439617726614807,Sell
2023-11-17,DLTR,-0.026616213879224512,Sell
2023-11-17,CCL,-3.599258593546539e-05,Sell
2023-11-17,ALK,-0.026722420493452165,Sell
2023-11-17,XRT,-0.027046548934258414,Sell
2023-11-17,KEY,0.0005223647563657313,Buy
2023-11-17,ILMN,0.00024370468954373198,Buy
2023-11-17,KGC,0.02578223671588904,Buy
2023-11-17,TRP,-0.05305368686562478,Sell
2023-11-17,KO,5.019446852370241e-05,Buy
2023-11-17,NTAP,-0.00024970946302855374,Sell
2023-11-17,WSM,0.0011353453331997346,Buy
2023-11-17,NWSA,0.02631578947368421,Buy
2023-11-17,TRIP,0.00043392917187121127,Buy
2023-11-17,MRVL,0.026758252863911897,Buy
2023-11-17,PCG,0.0002515721264180447,Buy
2023-11-17,NTES,-0.053753065119031634,Sell
2023-11-17,HMC,-0.0006367394196831327,Sell
2023-11-17,CP,-0.02634471763164574,Sell
2023-11-17,PRGO,-0.02631578947368421,Sell
2023-11-17,OHI,6.686295844975099e-05,Buy
2023-11-17,BSX,0.026156490107053215,Buy
2023-11-17,M,0.002190839569132276,Buy
2023-11-17,ENB,-0.02631578947368421,Sell
2023-11-17,VZ,0.026351703781134488,Buy
2023-11-17,CAT,-0.0005148016041389807,Sell
2023-11-17,MRK,0.02631578947368421,Buy
2023-11-20,CNC,0.02631578947368421,Buy
2023-11-20,BAX,-0.02631578947368421,Sell
2023-11-20,A,-0.026484005065570956,Sell
2023-11-20,CF,0.00018756294241108196,Buy
2023-11-20,NVDA,-0.0005678659035399485,Sell
2023-11-20,WEN,0.02589609977106399,Buy
2023-11-20,AA,0.0002260405422887593,Buy
2023-11-20,BUD,0.00018970137168188364,Buy
2023-11-20,SPWR,-0.0019823177041667465,Sell
2023-11-20,ICE,-0.00015236332402178768,Sell
2023-11-20,RRC,0.02631578947368421,Buy
2023-11-20,CAG,-9.927389179936394e-05,Sell
2023-11-20,GREK,8.234610625350303e-05,Buy
2023-11-20,JNJ,-0.0002071328790961384,Sell
2023-11-20,STI,0.0011614245759772879,Buy
2023-11-20,KMB,0.00016781141158766708,Buy
2023-11-20,TRV,-1.8203421705824396e-05,Sell
2023-11-20,VTR,-0.02631578947368421,Sell
2023-11-20,BBT,-0.00015902242651429782,Sell
2023-11-20,BDX,-0.026336237690483436,Sell
2023-11-20,MU,-0.02631578947368421,Sell
2023-11-20,EBAY,0.00047658020322263045,Buy
2023-11-20,QQQ,-0.02661124022071349,Sell
2023-11-20,ANF,-0.0004820641619312019,Sell
2023-11-20,HTZ,0.05320787813817347,Buy
2023-11-20,CCL,-0.00041572043757470006,Sell
2023-11-20,XRT,0.02631578947368421,Buy
2023-11-20,KEY,-0.00017402274142507348,Sell
2023-11-20,ILMN,-0.02720821605163235,Sell
2023-11-20,TRP,0.026334127639974142,Buy
2023-11-20,KO,3.96383201434411e-05,Buy
2023-11-20,PVH,-0.02631578947368421,Sell
2023-11-20,NTAP,-0.026433596715905033,Sell
2023-11-20,WSM,0.00043106178062889827,Buy
2023-11-20,NWSA,-0.026603691652581286,Sell
2023-11-20,TRIP,0.000113081845535358,Buy
2023-11-20,PCG,0.02593903535083642,Buy
2023-11-20,DUK,0.02631578947368421,Buy
2023-11-20,NTES,0.0002738704646965892,Buy
2023-11-20,HMC,-0.025491999177718844,Sell
2023-11-20,CP,0.02631578947368421,Buy
2023-11-20,PRGO,0.026570559755050963,Buy
2023-11-20,OHI,-0.00034120432179097007,Sell
2023-11-20,SYK,0.02631578947368421,Buy
2023-11-20,M,0.0009221357178790211,Buy
2023-11-20,ENB,-2.464077771553025e-05,Sell
2023-11-20,VZ,-0.02631578947368421,Sell
2023-11-20,CAT,0.000296828501099862,Buy
2023-11-20,MRK,-0.02653145297128886,Sell
2023-11-20,BMY,0.02631578947368421,Buy
2023-11-21,CNC,-0.026535702478749996,Sell
2023-11-21,BAX,-5.96931698417201e-05,Sell
2023-11-21,A,-0.02631578947368421,Sell
2023-11-21,CF,0.00028528487787775683,Buy
2023-11-21,NVDA,0.0003601940849030441,Buy
2023-11-21,DAL,0.02631578947368421,Buy
2023-11-21,AA,-0.00019770493857289642,Sell
2023-11-21,BUD,-3.3793558631145526e-05,Sell
2023-11-21,SPWR,0.0006759202947145201,Buy
2023-11-21,ICE,-0.026500927668168642,Sell
2023-11-21,RRC,0.0005098872325157468,Buy
2023-11-21,CAG,-2.5306899654260057e-05,Sell
2023-11-21,GREK,0.02587872688386078,Buy
2023-11-21,QCOM,0.02631578947368421,Buy
2023-11-21,JNJ,-0.026408704290670257,Sell
2023-11-21,STI,-0.055409858667675393,Sell
2023-11-21,KMB,-0.00010097584379878399,Sell
2023-11-21,TRV,-0.026647831145241937,Sell
2023-11-21,VTR,0.025940878532392384,Buy
2023-11-21,BBT,-0.0007548090373470581,Sell
2023-11-21,MU,0.025560818758853195,Buy
2023-11-21,EBAY,-0.026821479153445096,Sell
2023-11-21,QQQ,0.02631578947368421,Buy
2023-11-21,EWI,0.02631578947368421,Buy
2023-11-21,SIRI,-0.02631578947368421,Sell
2023-11-21,ANF,0.0005120274760107846,Buy
2023-11-21,HTZ,-0.024792265859628813,Sell
2023-11-21,CCL,-0.0007838007865691339,Sell
2023-11-21,MS,0.02631578947368421,Buy
2023-11-21,ALK,0.02631578947368421,Buy
2023-11-21,XRT,0.00019262893009115364,Buy
2023-11-21,KEY,-0.000631778917306855,Sell
2023-11-21,KO,0.0001690016822294728,Buy
2023-11-21,D,-0.02631578947368421,Sell
2023-11-21,PVH,0.025973137962266513,Buy
2023-11-21,HUM,-0.02631578947368421,Sell
2023-11-21,NTAP,0.02631578947368421,Buy
2023-11-21,WSM,0.025907862611966263,Buy
2023-11-21,TRIP,-0.0003233045611105295,Sell
2023-11-21,LOW,0.02631578947368421,Buy
2023-11-21,DUK,-0.026367410193504682,Sell
2023-11-21,NTES,0.0257572101814775,Buy
2023-11-21,CP,0.0003163875930287073,Buy
2023-11-21,OHI,-0.02603383116254381,Sell
2023-11-21,SYK,-0.02659299255001996,Sell
2023-11-21,BSX,-0.02631578947368421,Sell
2023-11-21,XLE,0.02631578947368421,Buy
2023-11-21,M,-0.00011853236394323077,Sell
2023-11-21,ENB,2.1476926563304688e-05,Buy
2023-11-21,VZ,0.00025234931817569653,Buy
2023-11-21,CAT,0.00022731702501174386,Buy
2023-11-21,MRK,0.02631578947368421,Buy
2023-11-21,BMY,0.00034354048656888916,Buy
2023-11-22,MNST,-0.02631578947368421,Sell
2023-11-22,BAX,0.026503197706220845,Buy
2023-11-22,A,0.02639249101988201,Buy
2023-11-22,CF,-3.42102631093015e-05,Sell
2023-11-22,HP,-0.02631578947368421,Sell
2023-11-22,NVDA,0.0005867590915458187,Buy
2023-11-22,DAL,-0.026429047144990774,Sell
2023-11-22,AA,0.026367593700964215,Buy
2023-11-22,BUD,0.0003467104305824968,Buy
2023-11-22,SPWR,-0.02561302249600465,Sell
2023-11-22,RRC,-0.000437822317263286,Sell
2023-11-22,CAG,0.026499186319671856,Buy
2023-11-22,QCOM,-0.026477272366085193,Sell
2023-11-22,STI,0.026377589583512665,Buy
2023-11-22,KMB,-0.0002288954326926558,Sell
2023-11-22,DPZ,0.02631578947368421,Buy
2023-11-22,VTR,-0.02631578947368421,Sell
2023-11-22,EWC,0.02631578947368421,Buy
2023-11-22,BBT,0.00026383234683033385,Buy
2023-11-22,BDX,-0.02631578947368421,Sell
2023-11-22,EOG,0.02631578947368421,Buy
2023-11-22,QQQ,-0.00016975781798804143,Sell
2023-11-22,EWI,-0.0263125997147073,Sell
2023-11-22,SIRI,0.026649527484326398,Buy
2023-11-22,ANF,-0.00037289787776750155,Sell
2023-11-22,HTZ,0.02631578947368421,Buy
2023-11-22,DLTR,0.02631578947368421,Buy
2023-11-22,CCL,0.000563347155089055,Buy
2023-11-22,MS,-0.02638430745353647,Sell
2023-11-22,ALK,-0.02657186021340612,Sell
2023-11-22,XRT,-4.933067635907312e-05,Sell
2023-11-22,KEY,0.026421512320140585,Buy
2023-11-22,KGC,-0.02631578947368421,Sell
2023-11-22,KO,0.00023907476935878386,Buy
2023-11-22,D,0.00019249637318130564,Buy
2023-11-22,HUM,0.0005055186932110579,Buy
2023-11-22,NTAP,-0.02656835984938101,Sell
2023-11-22,TRIP,0.00010335974482059487,Buy
2023-11-22,LOW,-0.00011773721189434899,Sell
2023-11-22,PCG,-0.02631578947368421,Sell
2023-11-22,HMC,0.02631578947368421,Buy
2023-11-22,CP,-7.294827057204717e-05,Sell
2023-11-22,OHI,0.02631578947368421,Buy
2023-11-22,SYK,0.02631578947368421,Buy
2023-11-22,BSX,0.00011425041658543605,Buy
2023-11-22,XLE,-0.052680913614181785,Sell
2023-11-22,M,-0.00014978191581572348,Sell
2023-11-22,ENB,0.02643212024263767,Buy
2023-11-22,ZUMZ,-0.02631578947368421,Sell
2023-11-22,VZ,0.0001326121555247882,Buy
2023-11-22,CAT,0.00029778424165797374,Buy
2023-11-22,MRK,7.49738672645682e-05,Buy
2023-11-22,BMY,-0.000573247185679613,Sell
2023-11-24,MNST,-6.209496090911829e-05,Sell
2023-11-24,CNC,0.02631578947368421,Buy
2023-11-24,AMTD,0.02631578947368421,Buy
2023-11-24,BAX,-0.02631578947368421,Sell
2023-11-24,VWO,0.02631578947368421,Buy
2023-11-24,CF,-0.02694810307640052,Sell
2023-11-24,HP,1.7715524737820648e-05,Buy
2023-11-24,NVDA,0.0005453385894356975,Buy
2023-11-24,WEN,-0.02631578947368421,Sell
2023-11-24,BUD,0.00013353033772262046,Buy
2023-11-24,SPWR,0.02631578947368421,Buy
2023-11-24,RRC,-0.026293202193208274,Sell
2023-11-24,CAG,-0.02631578947368421,Sell
2023-11-24,GREK,-0.02631578947368421,Sell
2023-11-24,STI,0.02631578947368421,Buy
2023-11-24,KMB,1.4667219792992292e-05,Buy
2023-11-24,DPZ,-0.0526523138148884,Sell
2023-11-24,VTR,0.00020272092514903375,Buy
2023-11-24,EWC,-0.026437810241336242,Sell
2023-11-24,BBT,4.9082542444619376e-05,Buy
2023-11-24,BDX,0.02650941181885645,Buy
2023-11-24,MU,0.02631578947368421,Buy
2023-11-24,EOG,-3.210227402279664e-05,Sell
2023-11-24,QQQ,7.534974835264954e-05,Buy
2023-11-24,ANF,0.00014215242483852156,Buy
2023-11-24,HTZ,-0.026808032786217705,Sell
2023-11-24,DLTR,-0.026675392044413427,Sell
2023-11-24,CCL,-0.00014726196307378314,Sell
2023-11-24,XRT,-0.02646805407948423,Sell
2023-11-24,KEY,-0.02631578947368421,Sell
2023-11-24,KGC,0.00010374013794307857,Buy
2023-11-24,KO,2.917059867798416e-05,Buy
2023-11-24,D,0.0001363163101425896,Buy
2023-11-24,HUM,9.727287936169352e-05,Buy
2023-11-24,NTAP,0.02631578947368421,Buy
2023-11-24,TRIP,0.026070797574123224,Buy
2023-11-24,LOW,-3.981284121321038e-05,Sell
2023-11-24,MRVL,0.02631578947368421,Buy
2023-11-24,PCG,0.026350604821333234,Buy
2023-11-24,HMC,-0.026622579631320652,Sell
2023-11-24,CP,-0.00040589581491303275,Sell
2023-11-24,OHI,-0.00018509121778459425,Sell
2023-11-24,SYK,7.494402385398169e-05,Buy
2023-11-24,CSIQ,0.02631578947368421,Buy
2023-11-24,BSX,0.026372303018404084,Buy
2023-11-24,XLE,0.026386222001196127,Buy
2023-11-24,M,0.026330606999031198,Buy
2023-11-24,ENB,-0.02631578947368421,Sell
2023-11-24,ZUMZ,0.026092133929892614,Buy
2023-11-24,VZ,3.912930411371224e-06,Buy
2023-11-24,CAT,-0.0001058985613368868,Sell
2023-11-24,MRK,-1.0801898257029041e-05,Sell
2023-11-24,BMY,-0.02645826978860253,Sell
2023-11-27,MNST,0.026231215724470826,Buy
2023-11-27,CNC,-4.222683717053019e-05,Sell
2023-11-27,AMTD,-0.02659719800501812,Sell
2023-11-27,BAX,0.026740630239457688,Buy
2023-11-27,VWO,-7.3769081001227865e-06,Sell
2023-11-27,CF,0.02631578947368421,Buy
2023-11-27,HP,-0.0003470234629839135,Sell
2023-11-27,NVDA,-0.0003891022436406377,Sell
2023-11-27,WEN,0.026283342420455106,Buy
2023-11-27,AA,-0.02631578947368421,Sell
2023-11-27,BUD,0.026233210096087985,Buy
2023-11-27,SPWR,-0.05162112787686085,Sell
2023-11-27,NSC,0.02631578947368421,Buy
2023-11-27,ICE,0.02631578947368421,Buy
2023-11-27,RRC,0.02631578947368421,Buy
2023-11-27,CAG,-0.00014734732702982242,Sell
2023-11-27,GREK,0.026311926472707078,Buy
2023-11-27,JNJ,0.02631578947368421,Buy
2023-11-27,STI,0.0006583186239070941,Buy
2023-11-27,KMB,-0.026440450607968076,Sell
2023-11-27,DPZ,0.0013273660661350661,Buy
2023-11-27,VTR,0.026552457963775027,Buy
2023-11-27,EWC,0.02631578947368421,Buy
2023-11-27,BBT,0.026359276918199646,Buy
2023-11-27,MU,-0.02666712147703674,Sell
2023-11-27,EOG,-2.4069659975634733e-05,Sell
2023-11-27,QQQ,-0.00010805424827417878,Sell
2023-11-27,SIRI,-0.02631578947368421,Sell
2023-11-27,ANF,0.001245875695870046,Buy
2023-11-27,CCL,0.0005165580468087447,Buy
2023-11-27,XRT,0.02631578947368421,Buy
2023-11-27,KEY,-3.645314053894039e-05,Sell
2023-11-27,KGC,0.0007472925756289682,Buy
2023-11-27,GOLD,-0.02631578947368421,Sell
2023-11-27,TRP,0.02631578947368421,Buy
2023-11-27,KO,8.147313758844615e-05,Buy
2023-11-27,D,0.026418772675278836,Buy
2023-11-27,PVH,-0.02631578947368421,Sell
2023-11-27,HUM,-0.000254136704030402,Sell
2023-11-27,NTAP,-4.674119247069855e-05,Sell
2023-11-27,WSM,-0.02631578947368421,Sell
2023-11-27,TRIP,-0.02631578947368421,Sell
2023-11-27,LOW,-0.026546569832356297,Sell
2023-11-27,MRVL,-0.052701362000461494,Sell
2023-11-27,PCG,-0.02631578947368421,Sell
2023-11-27,HMC,0.02631578947368421,Buy
2023-11-27,CP,0.0008030617047705482,Buy
2023-11-27,OHI,-0.026405646048106562,Sell
2023-11-27,SYK,-0.026475751264899167,Sell
2023-11-27,CSIQ,-0.025674297652394647,Sell
2023-11-27,ENB,0.026222865992144066,Buy
2023-11-27,VZ,8.872497393699885e-05,Buy
2023-11-27,CAT,-0.026450140355914115,Sell
2023-11-27,MRK,-1.6906141127301377e-05,Sell
2023-11-27,BMY,0.02631578947368421,Buy
2023-11-28,MNST,-0.02631578947368421,Sell
2023-11-28,CNC,0.00040205586137946267,Buy
2023-11-28,AMTD,-0.02631578947368421,Sell
2023-11-28,VWO,-0.02653714346300607,Sell
2023-11-28,CF,-0.026218147850724783,Sell
2023-11-28,HP,0.025923036639648536,Buy
2023-11-28,XLP,-0.02631578947368421,Sell
2023-11-28,NVDA,-0.026092476772792562,Sell
2023-11-28,AA,0.026102005196980468,Buy
2023-11-28,BUD,-0.02631578947368421,Sell
2023-11-28,SPWR,0.05184633116221889,Buy
2023-11-28,NSC,-0.026386786772816417,Sell
2023-11-28,ICE,7.736161147100032e-05,Buy
2023-11-28,RRC,0.0005651402673992993,Buy
2023-11-28,CAG,0.026350199322070406,Buy
2023-11-28,JNJ,-0.026383093818276138,Sell
2023-11-28,STI,-0.02641747195831213,Sell
2023-11-28,KMB,0.02631578947368421,Buy
2023-11-28,NDAQ,-0.02631578947368421,Sell
2023-11-28,DPZ,0.026403787944724824,Buy
2023-11-28,VTR,-0.02631578947368421,Sell
2023-11-28,EWC,-0.026413906404623752,Sell
2023-11-28,BDX,0.02631578947368421,Buy
2023-11-28,MU,0.02631578947368421,Buy
2023-11-28,EOG,-0.026459151341616288,Sell
2023-11-28,QQQ,-0.02639117857912255,Sell
2023-11-28,SIRI,0.025886212143307996,Buy
2023-11-28,ANF,0.00046462573934704515,Buy
2023-11-28,HTZ,0.02631578947368421,Buy
2023-11-28,CCL,0.05265598351022508,Buy
2023-11-28,MS,0.02631578947368421,Buy
2023-11-28,MAR,0.02631578947368421,Buy
2023-11-28,XRT,-0.026570860222228473,Sell
2023-11-28,KEY,0.026702691585388585,Buy
2023-11-28,ILMN,-0.02631578947368421,Sell
2023-11-28,KGC,0.0008361657484324478,Buy
2023-11-28,GOLD,0.0004935029942630849,Buy
2023-11-28,TRP,-0.053111863294051403,Sell
2023-11-28,KO,6.042766853160686e-05,Buy
2023-11-28,PVH,0.0003792491294606383,Buy
2023-11-28,HUM,0.02630878771241559,Buy
2023-11-28,NTAP,-0.026328938826171645,Sell
2023-11-28,WSM,7.811661753224022e-05,Buy
2023-11-28,TRIP,0.025794912863263027,Buy
2023-11-28,MRVL,-0.00014428666121110711,Sell
2023-11-28,PCG,0.05204977923255179,Buy
2023-11-28,HMC,0.00016271141671016232,Buy
2023-11-28,CME,0.02631578947368421,Buy
2023-11-28,CP,-0.0002369587563505575,Sell
2023-11-28,PRGO,0.02631578947368421,Buy
2023-11-28,OHI,0.02631578947368421,Buy
2023-11-28,M,-0.02631578947368421,Sell
2023-11-28,COF,-0.02631578947368421,Sell
2023-11-28,ENB,-0.02631578947368421,Sell
2023-11-28,VZ,9.096971245092442e-05,Buy
2023-11-28,MRK,0.0003179872002442713,Buy
2023-11-28,BMY,4.729896999676117e-05,Buy
2023-11-29,MNST,0.026133978412828548,Buy
2023-11-29,CNC,0.0008071120698949844,Buy
2023-11-29,AMTD,0.025692573339345763,Buy
2023-11-29,BAX,-0.02631578947368421,Sell
2023-11-29,VWO,0.02631578947368421,Buy
2023-11-29,XLP,0.026192848720834685,Buy
2023-11-29,AA,-0.02631578947368421,Sell
2023-11-29,BUD,0.02633055875874205,Buy
2023-11-29,SPWR,-0.02661095644922825,Sell
2023-11-29,ICE,-6.939858364832935e-05,Sell
2023-11-29,RRC,0.00017814763044516485,Buy
2023-11-29,CAG,0.02631578947368421,Buy
2023-11-29,STI,0.02631578947368421,Buy
2023-11-29,KMB,-4.284541805691863e-05,Sell
2023-11-29,NDAQ,0.02646326645099126,Buy
2023-11-29,VTR,0.026325096546150794,Buy
2023-11-29,BDX,8.648173350974189e-05,Buy
2023-11-29,MU,-0.026603989044985905,Sell
2023-11-29,WFC,-0.02631578947368421,Sell
2023-11-29,EOG,0.02631578947368421,Buy
2023-11-29,ANF,-0.00045308287484649434,Sell
2023-11-29,HTZ,-0.026597836322384723,Sell
2023-11-29,DLTR,-0.02631578947368421,Sell
2023-11-29,CCL,-0.05322742894626811,Sell
2023-11-29,MS,-0.02697986585308249,Sell
2023-11-29,MAR,0.0001908095758936107,Buy
2023-11-29,KEY,-0.02631578947368421,Sell
2023-11-29,ILMN,0.0014663066836684627,Buy
2023-11-29,KGC,0.02627106872180959,Buy
2023-11-29,GOLD,0.02636934766542282,Buy
2023-11-29,TRP,0.05255223147233727,Buy
2023-11-29,KO,0.026248484226381947,Buy
2023-11-29,D,0.02631578947368421,Buy
2023-11-29,PVH,0.0005097115551665962,Buy
2023-11-29,HUM,0.02631578947368421,Buy
2023-11-29,NTAP,-0.02631578947368421,Sell
2023-11-29,WSM,0.0005381733763358612,Buy
2023-11-29,BX,-0.02631578947368421,Sell
2023-11-29,MRVL,0.02665331042594947,Buy
2023-11-29,PCG,0.0004074855053098972,Buy
2023-11-29,NTES,0.02631578947368421,Buy
2023-11-29,RF,-0.02631578947368421,Sell
2023-11-29,HMC,0.00018272848991283952,Buy
2023-11-29,CME,4.404954506771405e-05,Buy
2023-11-29,CP,-0.02680847093933331,Sell
2023-11-29,PRGO,-0.026302227371910278,Sell
2023-11-29,OHI,0.000350332148470852,Buy
2023-11-29,BSX,-0.02631578947368421,Sell
2023-11-29,M,0.0012907509692425614,Buy
2023-11-29,COF,0.00046742140302528934,Buy
2023-11-29,ENB,0.0003688337306456818,Buy
2023-11-29,MT,-0.02631578947368421,Sell
2023-11-29,VZ,0.00029483746815471557,Buy
2023-11-29,MRK,-0.026656668237543375,Sell
2023-11-29,BMY,1.749077277117886e-05,Buy
2023-11-30,CNC,-0.027542187819643838,Sell
2023-11-30,AMTD,-0.02631578947368421,Sell
2023-11-30,BAX,0.026324118271884765,Buy
2023-11-30,VWO,-0.026424050110777888,Sell
2023-11-30,CF,0.02631578947368421,Buy
2023-11-30,HP,0.02631578947368421,Buy
2023-11-30,HOG,-0.02631578947368421,Sell
2023-11-30,NVDA,0.02631578947368421,Buy
2023-11-30,WEN,0.02631578947368421,Buy
2023-11-30,AA,0.02676450871135922,Buy
2023-11-30,BUD,-0.02631578947368421,Sell
2023-11-30,ICE,-0.026614860347589527,Sell
2023-11-30,RRC,-0.000350202977064909,Sell
2023-11-30,CAG,-0.02659987396533002,Sell
2023-11-30,STI,-0.0015100532001204696,Sell
2023-11-30,KMB,-0.026770068016201676,Sell
2023-11-30,VTR,-0.02631578947368421,Sell
2023-11-30,BDX,-8.498646610674218e-05,Sell
2023-11-30,MU,0.02631578947368421,Buy
2023-11-30,WFC,0.0005176597777578826,Buy
2023-11-30,EOG,6.129697363351644e-06,Buy
2023-11-30,EWI,0.02631578947368421,Buy
2023-11-30,ANF,-5.2841830758688924e-05,Sell
2023-11-30,DLTR,0.026883275333737255,Buy
2023-11-30,CCL,0.0002952642991176889,Buy
2023-11-30,TSM,0.02631578947368421,Buy
2023-11-30,MAR,-5.884359614303711e-05,Sell
2023-11-30,KEY,-7.567586474576532e-05,Sell
2023-11-30,ILMN,0.026444568537584923,Buy
2023-11-30,TRP,-0.02665863278547836,Sell
2023-11-30,KO,-0.02631578947368421,Sell
2023-11-30,D,0.00038275003549780376,Buy
2023-11-30,PVH,0.0018384378180758831,Buy
2023-11-30,HUM,-0.00016401327402731924,Sell
2023-11-30,NTAP,0.0005745539102768697,Buy
2023-11-30,WSM,0.026402312458733417,Buy
2023-11-30,NWSA,0.02631578947368421,Buy
2023-11-30,BX,0.026582562029890774,Buy
2023-11-30,LOW,0.02631578947368421,Buy
2023-11-30,PCG,-0.026346002740847328,Sell
2023-11-30,DUK,-0.02631578947368421,Sell
2023-11-30,NTES,-0.026428680586936912,Sell
2023-11-30,RF,0.00036614114681288515,Buy
2023-11-30,HMC,-7.324698263291157e-05,Sell
2023-11-30,CME,-0.0004618739977583011,Sell
2023-11-30,OHI,-0.02679326267374356,Sell
2023-11-30,BSX,0.00024406105986624418,Buy
2023-11-30,XLE,0.02631578947368421,Buy
2023-11-30,M,0.00040080977843226506,Buy
2023-11-30,COF,0.00039623091735386043,Buy
2023-11-30,ENB,0.0003050454335633661,Buy
2023-11-30,MT,0.0001880371588759977,Buy
2023-11-30,VZ,0.00042791654418705694,Buy
2023-11-30,BMY,-0.026702908024806515,Sell
2023-12-01,AMTD,0.026950751866062633,Buy
2023-12-01,BAX,-0.02631578947368421,Sell
2023-12-01,CF,-0.026918122953159214,Sell
2023-12-01,HP,-0.00041997014217810824,Sell
2023-12-01,HOG,0.0013776063924811864,Buy
2023-12-01,NVDA,-0.00019030993545915767,Sell
2023-12-01,WEN,-0.027625847695228706,Sell
2023-12-01,DAL,-0.02631578947368421,Sell
2023-12-01,BUD,0.026702708530603348,Buy
2023-12-01,SPWR,-0.02631578947368421,Sell
2023-12-01,NSC,-0.02631578947368421,Sell
2023-12-01,ICE,0.02631578947368421,Buy
2023-12-01,RRC,-0.00038074943357495686,Sell
2023-12-01,STI,0.0014015507091327262,Buy
2023-12-01,KMB,0.02631578947368421,Buy
2023-12-01,DPZ,0.02631578947368421,Buy
2023-12-01,VTR,0.000725176140033628,Buy
2023-12-01,BDX,-0.00042548369764909555,Sell
2023-12-01,MU,-0.026442765278199783,Sell
2023-12-01,WFC,0.026764569354450464,Buy
2023-12-01,EOG,-0.00030730384577436903,Sell
2023-12-01,QQQ,0.02631578947368421,Buy
2023-12-01,EWI,-0.026645583383591805,Sell
2023-12-01,ANF,0.0008882663538341828,Buy
2023-12-01,CCL,0.0014253003145099571,Buy
2023-12-01,TSM,-0.02684673410078867,Sell
2023-12-01,ALK,-0.02631578947368421,Sell
2023-12-01,MAR,-0.027369460354789175,Sell
2023-12-01,KEY,0.0019689701487685535,Buy
2023-12-01,KO,0.026599655784540596,Buy
2023-12-01,D,-0.027286547669433708,Sell
2023-12-01,ULTA,-0.02631578947368421,Sell
2023-12-01,PVH,0.0006757184560232075,Buy
2023-12-01,HUM,-0.0007590164247287777,Sell
2023-12-01,NTAP,0.026477028028071798,Buy
2023-12-01,WSM,-0.02631578947368421,Sell
2023-12-01,NWSA,-0.026641235978170776,Sell
2023-12-01,LOW,-0.0008717647631514801,Sell
2023-12-01,MRVL,0.02631578947368421,Buy
2023-12-01,DUK,0.02661235033981383,Buy
2023-12-01,NTES,0.02631578947368421,Buy
2023-12-01,RF,0.0016075857263492706,Buy
2023-12-01,HMC,-0.0006340956751376588,Sell
2023-12-01,CME,-0.00033639571328567333,Sell
2023-12-01,BSX,0.026627511316515595,Buy
2023-12-01,XLE,-0.00033104699611349875,Sell
2023-12-01,M,0.0023158632016452366,Buy
2023-12-01,COF,0.02704784898193795,Buy
2023-12-01,ENB,0.00042881605511315216,Buy
2023-12-01,ZUMZ,-0.02631578947368421,Sell
2023-12-01,MT,0.0005930392903244104,Buy
2023-12-01,VZ,0.0003660465069565931,Buy
2023-12-01,MRK,0.02631578947368421,Buy
2023-12-01,BMY,0.02631578947368421,Buy
2023-12-04,AMTD,0.02631578947368421,Buy
2023-12-04,BAX,0.0003073351436854582,Buy
2023-12-04,HP,-0.026594319366801466,Sell
2023-12-04,HOG,0.02685765322871875,Buy
2023-12-04,NVDA,0.0006459202710313479,Buy
2023-12-04,DAL,0.0001382209288954446,Buy
2023-12-04,SPWR,-0.0006321875870806161,Sell
2023-12-04,NSC,0.026559446561302043,Buy
2023-12-04,ICE,-0.026560164149141686,Sell
2023-12-04,RRC,0.0007439577759598553,Buy
2023-12-04,CAG,-0.02631578947368421,Sell
2023-12-04,GREK,0.02631578947368421,Buy
2023-12-04,STI,-0.0004779388349562229,Sell
2023-12-04,KMB,-0.026405398814013197,Sell
2023-12-04,NDAQ,-0.02631578947368421,Sell
2023-12-04,DPZ,-0.026553085271590122,Sell
2023-12-04,VTR,0.0002988878761948713,Buy
2023-12-04,BDX,1.3322928637551912e-05,Buy
2023-12-04,MU,0.02631578947368421,Buy
2023-12-04,WFC,-0.02631578947368421,Sell
2023-12-04,EOG,6.608426785889923e-05,Buy
2023-12-04,QQQ,0.00018291508404450624,Buy
2023-12-04,ANF,-0.00016157579627835983,Sell
2023-12-04,ORCL,0.02631578947368421,Buy
2023-12-04,CCL,0.0010494561360201264,Buy
2023-12-04,ALK,0.022626576085535074,Buy
2023-12-04,KEY,0.0005009226004134316,Buy
2023-12-04,TRP,-0.02631578947368421,Sell
2023-12-04,ULTA,0.0008850985104250156,Buy
2023-12-04,PVH,0.0013098470142596033,Buy
2023-12-04,RL,0.02631578947368421,Buy
2023-12-04,HUM,-0.05252149333440802,Sell
2023-12-04,WSM,0.00039193613748882486,Buy
2023-12-04,LOW,-0.02684730936334951,Sell
2023-12-04,MRVL,-0.025983085759970406,Sell
2023-12-04,NTES,0.0011920490946876507,Buy
2023-12-04,RF,0.00016705623255301033,Buy
2023-12-04,HMC,0.0007081282871513397,Buy
2023-12-04,CME,-0.026406591631546558,Sell
2023-12-04,OHI,0.02631578947368421,Buy
2023-12-04,SYK,0.02631578947368421,Buy
2023-12-04,CSIQ,-0.02631578947368421,Sell
2023-12-04,BSX,0.02631578947368421,Buy
2023-12-04,XLE,5.903660444819478e-05,Buy
2023-12-04,M,0.0006009165277972538,Buy
2023-12-04,COF,-0.02631578947368421,Sell
2023-12-04,ENB,0.02635525931567689,Buy
2023-12-04,ZUMZ,0.025204855174651455,Buy
2023-12-04,MT,0.0262436472293032,Buy
2023-12-04,VZ,0.05232433124097126,Buy
2023-12-04,MRK,-0.026785677828384896,Sell
2023-12-04,BMY,1.216098189416731e-06,Buy
2023-12-05,MNST,0.02631578947368421,Buy
2023-12-05,AMTD,-0.026078633005318298,Sell
2023-12-05,BAX,0.025447905208321228,Buy
2023-12-05,CF,0.02631578947368421,Buy
2023-12-05,HOG,-0.02631578947368421,Sell
2023-12-05,NVDA,-0.02683354082040022,Sell
2023-12-05,WEN,0.02631578947368421,Buy
2023-12-05,DAL,0.02584477101374921,Buy
2023-12-05,AA,-0.02631578947368421,Sell
2023-12-05,SPWR,0.026458955886634605,Buy
2023-12-05,RRC,0.0004236464021507187,Buy
2023-12-05,CAG,0.026041621476869586,Buy
2023-12-05,GREK,0.00041935466232260327,Buy
2023-12-05,QCOM,-0.02631578947368421,Sell
2023-12-05,STI,-0.025815604784782915,Sell
2023-12-05,KMB,0.02631578947368421,Buy
2023-12-05,NDAQ,0.025984878521937108,Buy
2023-12-05,TRV,-0.02631578947368421,Sell
2023-12-05,VTR,-0.00022646606487084636,Sell
2023-12-05,DHI,-0.02631578947368421,Sell
2023-12-05,EWC,0.02631578947368421,Buy
2023-12-05,BDX,0.0005312777683179927,Buy
2023-12-05,MU,0.00030486401690016027,Buy
2023-12-05,WFC,0.025856576248388646,Buy
2023-12-05,EOG,0.00031692527062866446,Buy
2023-12-05,QQQ,-0.026288561320639805,Sell
2023-12-05,SIRI,-0.02631578947368421,Sell
2023-12-05,ANF,8.011478166763605e-05,Buy
2023-12-05,HTZ,-0.02631578947368421,Sell
2023-12-05,ORCL,0.0003761856242525709,Buy
2023-12-05,CCL,0.0001474988647036657,Buy
2023-12-05,ALK,0.02631578947368421,Buy
2023-12-05,MAR,0.02631578947368421,Buy
2023-12-05,KEY,0.025247167883278552,Buy
2023-12-05,TRP,0.026078292825458826,Buy
2023-12-05,KO,-0.02631578947368421,Sell
2023-12-05,ULTA,-0.00038075010368794973,Sell
2023-12-05,PVH,-0.00018109621153898983,Sell
2023-12-05,RL,-0.026208505823840173,Sell
2023-12-05,HUM,0.0003530511655432389,Buy
2023-12-05,NTAP,-0.02631578947368421,Sell
2023-12-05,WSM,0.025818070346079792,Buy
2023-12-05,NWSA,0.02631578947368421,Buy
2023-12-05,NTES,0.000458048738232332,Buy
2023-12-05,RF,-0.0010444639895031103,Sell
2023-12-05,HMC,-0.00012357004235212174,Sell
2023-12-05,CME,0.02631578947368421,Buy
2023-12-05,CLX,0.02631578947368421,Buy
2023-12-05,OHI,0.0005338641295949652,Buy
2023-12-05,SYK,-0.026183059884398844,Sell
2023-12-05,CSIQ,0.025400360998388837,Buy
2023-12-05,BSX,-0.026275381396284495,Sell
2023-12-05,XLE,-0.02576413313528545,Sell
2023-12-05,M,0.02469255501729435,Buy
2023-12-05,COF,-6.382735684051094e-06,Sell
2023-12-05,ENB,-0.02631578947368421,Sell
2023-12-05,VZ,-0.05280046244358857,Sell
2023-12-05,BMY,-0.02635388315153036,Sell
2023-12-06,MET,0.02631578947368421,Buy
2023-12-06,MNST,-0.026446834667327446,Sell
2023-12-06,CF,-0.026817159959804836,Sell
2023-12-06,HOG,0.0006020761098603084,Buy
2023-12-06,WEN,-4.32021225513779e-05,Sell
2023-12-06,DAL,-0.02631578947368421,Sell
2023-12-06,AA,0.026301710004881313,Buy
2023-12-06,BUD,0.02631578947368421,Buy
2023-12-06,SPWR,0.02631578947368421,Buy
2023-12-06,NSC,-0.02631578947368421,Sell
2023-12-06,ICE,0.02631578947368421,Buy
2023-12-06,RRC,0.0013645922516924945,Buy
2023-12-06,CAG,-0.02631578947368421,Sell
2023-12-06,GREK,-5.365598887827061e-05,Sell
2023-12-06,QCOM,0.02626767861668732,Buy
2023-12-06,JNJ,0.02631578947368421,Buy
2023-12-06,KMB,-0.00032915682431072096,Sell
2023-12-06,NDAQ,-0.02631578947368421,Sell
2023-12-06,TRV,0.026351089592823826,Buy
2023-12-06,VTR,0.02593191485131262,Buy
2023-12-06,DHI,0.0006937614680877467,Buy
2023-12-06,EWC,3.137625642750386e-05,Buy
2023-12-06,BBT,-0.02631578947368421,Sell
2023-12-06,BDX,-0.026410381701893568,Sell
2023-12-06,MU,-0.026226521149533197,Sell
2023-12-06,EOG,0.0003651892870557387,Buy
2023-12-06,SIRI,-5.630468526557353e-06,Sell
2023-12-06,ANF,-9.243278920505194e-05,Sell
2023-12-06,HTZ,0.02699989332043419,Buy
2023-12-06,ORCL,0.00046530183159030833,Buy
2023-12-06,CCL,0.001681188418614369,Buy
2023-12-06,ALK,-0.026501647818645512,Sell
2023-12-06,MAR,-0.00038143038877684957,Sell
2023-12-06,KEY,-0.02631578947368421,Sell
2023-12-06,KO,8.453144517959685e-05,Buy
2023-12-06,D,-0.02631578947368421,Sell
2023-12-06,ULTA,0.0008301326593509219,Buy
2023-12-06,PVH,0.0002234582100910619,Buy
2023-12-06,EW,-0.02631578947368421,Sell
2023-12-06,HUM,-0.0007625727963833963,Sell
2023-12-06,NTAP,0.026083080537476953,Buy
2023-12-06,NWSA,-0.026451631618954405,Sell
2023-12-06,NTES,-6.782635227948336e-05,Sell
2023-12-06,RF,0.026582808656879536,Buy
2023-12-06,HMC,-0.0003454344802221211,Sell
2023-12-06,CME,0.0003834791715303723,Buy
2023-12-06,CLX,-0.026614198918001597,Sell
2023-12-06,PRGO,0.02631578947368421,Buy
2023-12-06,OHI,0.0003999310001130754,Buy
2023-12-06,SYK,0.02631578947368421,Buy
2023-12-06,CSIQ,-0.02631578947368421,Sell
2023-12-06,COF,0.026072144435475137,Buy
2023-12-06,ENB,0.026261661778314186,Buy
2023-12-06,VZ,0.00016658712593663888,Buy
2023-12-07,MET,8.058711870696095e-06,Buy
2023-12-07,AMTD,-0.02631578947368421,Sell
2023-12-07,HOG,0.027359836002425662,Buy
2023-12-07,WEN,0.0001661644968811958,Buy
2023-12-07,DAL,0.0009721311067701702,Buy
2023-12-07,AA,-0.02631578947368421,Sell
2023-12-07,BUD,-0.05281683780860653,Sell
2023-12-07,SPWR,-0.02997412439349977,Sell
2023-12-07,NSC,0.026261205900111762,Buy
2023-12-07,ICE,0.00010301413255782779,Buy
2023-12-07,RRC,0.0001262769657840862,Buy
2023-12-07,CAG,0.00037452396385393924,Buy
2023-12-07,GREK,7.6121169334184e-05,Buy
2023-12-07,QCOM,-0.02631578947368421,Sell
2023-12-07,JNJ,0.00018007771100620254,Buy
2023-12-07,STI,0.02631578947368421,Buy
2023-12-07,KMB,-0.02638868357949839,Sell
2023-12-07,NDAQ,0.05195104083938505,Buy
2023-12-07,DPZ,-0.02631578947368421,Sell
2023-12-07,DHI,0.000563319608586757,Buy
2023-12-07,EWC,-1.0033111023561442e-05,Sell
2023-12-07,BBT,0.0005797800288542508,Buy
2023-12-07,BDX,0.02631578947368421,Buy
2023-12-07,WFC,-0.02631578947368421,Sell
2023-12-07,EOG,0.00028284499683501815,Buy
2023-12-07,SIRI,0.0013157520314721234,Buy
2023-12-07,ANF,0.0003017332034182321,Buy
2023-12-07,ORCL,-0.00022260910914441087,Sell
2023-12-07,CCL,0.027019006574924283,Buy
2023-12-07,MAR,-0.02675893983577413,Sell
2023-12-07,KEY,0.026645759878285196,Buy
2023-12-07,WMB,0.02631578947368421,Buy
2023-12-07,TRP,-0.02631578947368421,Sell
2023-12-07,KO,8.803877901859478e-05,Buy
2023-12-07,D,0.026329754642869272,Buy
2023-12-07,ULTA,-0.00022311690370977258,Sell
2023-12-07,PVH,0.0005299098175672104,Buy
2023-12-07,EW,0.02587465291180837,Buy
2023-12-07,HUM,0.026150335436891672,Buy
2023-12-07,NTES,-0.026905932045344343,Sell
2023-12-07,HMC,0.00012893240015661792,Buy
2023-12-07,CME,0.00027395748290509614,Buy
2023-12-07,PRGO,-0.027167939827810583,Sell
2023-12-07,OHI,-0.00013774934102324735,Sell
2023-12-07,SYK,-0.00016327949221521879,Sell
2023-12-07,CSIQ,0.02666728379134325,Buy
2023-12-07,XLE,0.02631578947368421,Buy
2023-12-07,M,-0.02631578947368421,Sell
2023-12-07,COF,-0.02631578947368421,Sell
2023-12-07,VZ,0.0001277362209105501,Buy
2023-12-07,MRK,0.02631578947368421,Buy
2023-12-08,MET,-0.026599127623036883,Sell
2023-12-08,AMTD,0.02648479944545884,Buy
2023-12-08,VWO,0.02631578947368421,Buy
2023-12-08,XLP,0.02631578947368421,Buy
2023-12-08,WEN,-8.115629628015902e-06,Sell
2023-12-08,DAL,0.02634419061951664,Buy
2023-12-08,AA,0.026422143821105082,Buy
2023-12-08,HYG,0.02631578947368421,Buy
2023-12-08,BUD,8.051209921251801e-05,Buy
2023-12-08,SPWR,0.02631578947368421,Buy
2023-12-08,NSC,0.02631578947368421,Buy
2023-12-08,ICE,-0.026527240903519416,Sell
2023-12-08,RRC,-0.026597366289169252,Sell
2023-12-08,CAG,0.026098950187122043,Buy
2023-12-08,GREK,-0.00012347745698398568,Sell
2023-12-08,QCOM,2.7814509627448886e-05,Buy
2023-12-08,JNJ,0.00014422017516051155,Buy
2023-12-08,STI,-0.02573634532756944,Sell
2023-12-08,KMB,0.02631578947368421,Buy
2023-12-08,NDAQ,5.597463558065785e-05,Buy
2023-12-08,DPZ,0.025872496039030638,Buy
2023-12-08,DHI,0.0004314062552349153,Buy
2023-12-08,EWC,-0.02644325524237239,Sell
2023-12-08,BBT,0.00035701283101642264,Buy
2023-12-08,BDX,0.00011796718443411736,Buy
2023-12-08,MU,-0.02631578947368421,Sell
2023-12-08,WFC,0.026743742407985494,Buy
2023-12-08,EOG,-0.00015761892044401787,Sell
2023-12-08,SIRI,-0.0003695607291003683,Sell
2023-12-08,ANF,0.00026179682906843013,Buy
2023-12-08,ORCL,-0.026510336602482257,Sell
2023-12-08,CCL,-0.02631578947368421,Sell
2023-12-08,TSM,-0.02631578947368421,Sell
2023-12-08,WMB,-0.026782537738579727,Sell
2023-12-08,TRP,0.026303058835777327,Buy
2023-12-08,KO,-3.6422668503441336e-05,Sell
2023-12-08,D,-0.02631578947368421,Sell
2023-12-08,ULTA,-0.00039159440340707716,Sell
2023-12-08,PVH,0.000492366298930208,Buy
2023-12-08,HUM,-0.02631578947368421,Sell
2023-12-08,NTAP,-0.02631578947368421,Sell
2023-12-08,TRIP,-0.02631578947368421,Sell
2023-12-08,BX,0.02631578947368421,Buy
2023-12-08,PCG,-0.02631578947368421,Sell
2023-12-08,HMC,8.14159348607596e-05,Buy
2023-12-08,CME,-0.0001331065579081997,Sell
2023-12-08,CLX,0.02631578947368421,Buy
2023-12-08,PRGO,0.02631578947368421,Buy
2023-12-08,OHI,-1.324495695245384e-05,Sell
2023-12-08,SYK,-0.026312179361733037,Sell
2023-12-08,XLE,-0.026622571047212416,Sell
2023-12-08,M,0.02695773050798024,Buy
2023-12-08,COF,0.0006404811828397763,Buy
2023-12-08,ENB,-0.02631578947368421,Sell
2023-12-08,VZ,0.026065080726969135,Buy
2023-12-08,MRK,1.108974335821064e-05,Buy
2023-12-11,MNST,-0.02631578947368421,Sell
2023-12-11,PPG,-0.02631578947368421,Sell
2023-12-11,AMTD,-0.02631578947368421,Sell
2023-12-11,VWO,-0.026524515756622548,Sell
2023-12-11,CF,0.02631578947368421,Buy
2023-12-11,XLP,-0.026658660485449313,Sell
2023-12-11,WEN,-0.026875628904885592,Sell
2023-12-11,DAL,-0.02631578947368421,Sell
2023-12-11,HYG,-7.310821390947575e-05,Sell
2023-12-11,BUD,0.00010728037408470198,Buy
2023-12-11,SPWR,-0.000699896810793639,Sell
2023-12-11,NSC,-0.026495923112028565,Sell
2023-12-11,GREK,3.9953702856893036e-05,Buy
2023-12-11,QCOM,0.0007120980090787078,Buy
2023-12-11,JNJ,-0.00019995954910883434,Sell
2023-12-11,STI,-0.02631578947368421,Sell
2023-12-11,KMB,-0.02663307352305005,Sell
2023-12-11,NDAQ,-0.00021283558803097957,Sell
2023-12-11,DPZ,-0.02631578947368421,Sell
2023-12-11,DHI,0.0001744312463155505,Buy
2023-12-11,BBT,0.026291895236514186,Buy
2023-12-11,BDX,-0.0002144187975104718,Sell
2023-12-11,MU,0.0010874518001882244,Buy
2023-12-11,EOG,-0.00014379221757486807,Sell
2023-12-11,SIRI,0.028568892057931707,Buy
2023-12-11,ANF,0.001091035883533313,Buy
2023-12-11,DLTR,-0.02631578947368421,Sell
2023-12-11,CCL,0.052022204589287455,Buy
2023-12-11,TSM,0.02656419092374052,Buy
2023-12-11,KGC,0.02631578947368421,Buy
2023-12-11,GOLD,0.02631578947368421,Buy
2023-12-11,WMB,0.02631578947368421,Buy
2023-12-11,TRP,-0.02631578947368421,Sell
2023-12-11,KO,0.0002842592444448726,Buy
2023-12-11,D,0.00017948563956059552,Buy
2023-12-11,ULTA,0.00011680722131486923,Buy
2023-12-11,PVH,0.0006344522071982384,Buy
2023-12-11,HUM,0.05244740435049687,Buy
2023-12-11,NTAP,0.02651265179472384,Buy
2023-12-11,TRIP,0.027128758390042723,Buy
2023-12-11,BX,-0.026504826156693397,Sell
2023-12-11,PCG,0.026436289716190314,Buy
2023-12-11,HMC,-0.0004110700283490726,Sell
2023-12-11,CME,-0.026881728782842014,Sell
2023-12-11,CLX,0.00019677024524845932,Buy
2023-12-11,PRGO,0.0003191573897448133,Buy
2023-12-11,OHI,-0.026700480086005007,Sell
2023-12-11,XLE,0.02631578947368421,Buy
2023-12-11,M,-0.02631578947368421,Sell
2023-12-11,COF,0.00025152178815012263,Buy
2023-12-11,ENB,0.026459244343957803,Buy
2023-12-11,VZ,0.02631578947368421,Buy
2023-12-11,MRK,-0.00024832281158987043,Sell
2023-12-12,MNST,0.00029967875136665753,Buy
2023-12-12,PPG,0.02627296021410624,Buy
2023-12-12,AMTD,-0.0003947615831531859,Sell
2023-12-12,CF,0.0004153476237972707,Buy
2023-12-12,HP,0.02631578947368421,Buy
2023-12-12,WEN,0.02631578947368421,Buy
2023-12-12,DAL,0.0005170899185864622,Buy
2023-12-12,HYG,-0.026417013467692083,Sell
2023-12-12,BUD,0.00014242345673442722,Buy
2023-12-12,SPWR,-0.025168819408843593,Sell
2023-12-12,GREK,-0.026808706914153276,Sell
2023-12-12,QCOM,0.00015443303782283063,Buy
2023-12-12,JNJ,-4.3812976296079414e-05,Sell
2023-12-12,STI,0.050874434485310635,Buy
2023-12-12,NDAQ,-0.026333589326847016,Sell
2023-12-12,DPZ,-2.324622579326363e-06,Sell
2023-12-12,DHI,0.0002128938221029504,Buy
2023-12-12,EWC,0.02631578947368421,Buy
2023-12-12,BDX,-0.026728325370204854,Sell
2023-12-12,MU,0.0001674724648951173,Buy
2023-12-12,EBAY,0.02631578947368421,Buy
2023-12-12,WFC,-0.02631578947368421,Sell
2023-12-12,EOG,0.00029620670819509656,Buy
2023-12-12,SIRI,-0.02631578947368421,Sell
2023-12-12,ANF,0.0006523801716023549,Buy
2023-12-12,DLTR,0.026416161779879953,Buy
2023-12-12,CCL,-0.05295775029009624,Sell
2023-12-12,KGC,0.0004647690737267819,Buy
2023-12-12,GOLD,-0.025587522061939157,Sell
2023-12-12,WMB,-0.025995276388546748,Sell
2023-12-12,TRP,0.05242710121860716,Buy
2023-12-12,KO,0.00021175302706804427,Buy
2023-12-12,D,4.210926381779945e-05,Buy
2023-12-12,ULTA,0.0006095262646749026,Buy
2023-12-12,PVH,0.0002281828150450388,Buy
2023-12-12,EW,-0.02631578947368421,Sell
2023-12-12,HUM,-0.0003368780788443604,Sell
2023-12-12,WSM,0.02631578947368421,Buy
2023-12-12,HMC,0.0002483853636972566,Buy
2023-12-12,CME,0.02631578947368421,Buy
2023-12-12,CLX,-0.026796539533531526,Sell
2023-12-12,PRGO,0.0003010219257225215,Buy
2023-12-12,XLE,0.0003196682487435071,Buy
2023-12-12,M,-0.0021406412766627955,Sell
2023-12-12,COF,0.0003704430878816861,Buy
2023-12-12,ENB,0.02631578947368421,Buy
2023-12-12,VZ,0.00021677272963437424,Buy
2023-12-12,MRK,-3.9583524091658245e-05,Sell
2023-12-13,MNST,0.026714037147047176,Buy
2023-12-13,AMTD,0.0265078278530606,Buy
2023-12-13,CF,-0.0007760703669400862,Sell
2023-12-13,HP,-0.0007014461060908389,Sell
2023-12-13,NVDA,0.02631578947368421,Buy
2023-12-13,WEN,-0.027191143606706138,Sell
2023-12-13,DAL,0.02632778365982761,Buy
2023-12-13,BUD,0.02635557709941352,Buy
2023-12-13,SPWR,-0.02631578947368421,Sell
2023-12-13,RRC,0.02631578947368421,Buy
2023-12-13,QCOM,0.02676860066580417,Buy
2023-12-13,JNJ,-0.00016633640033772434,Sell
2023-12-13,STI,-0.050543675698310295,Sell
2023-12-13,KMB,0.02631578947368421,Buy
2023-12-13,NDAQ,-0.02631578947368421,Sell
2023-12-13,DPZ,0.0004418633846453926,Buy
2023-12-13,DHI,0.0008679312991941197,Buy
2023-12-13,EWC,-0.027016469601923,Sell
2023-12-13,BBT,-0.02631578947368421,Sell
2023-12-13,BDX,0.02631578947368421,Buy
2023-12-13,MU,0.026909462477326253,Buy
2023-12-13,EBAY,-0.0005889728852310691,Sell
2023-12-13,WFC,0.0007756880964571618,Buy
2023-12-13,EOG,-0.0002254028110407584,Sell
2023-12-13,SIRI,0.02700629856166971,Buy
2023-12-13,ANF,0.00011654143506868025,Buy
2023-12-13,ORCL,0.02631578947368421,Buy
2023-12-13,CCL,0.0007096018831393332,Buy
2023-12-13,KEY,-0.02631578947368421,Sell
2023-12-13,KGC,-0.028145240360962633,Sell
2023-12-13,WMB,0.02631578947368421,Buy
2023-12-13,TRP,-0.02682304295178689,Sell
2023-12-13,KO,0.0002701969458423249,Buy
2023-12-13,D,0.0010507655250569896,Buy
2023-12-13,ULTA,4.8761727939307387e-05,Buy
2023-12-13,PVH,0.00043720211831773173,Buy
2023-12-13,EW,0.027469931200499193,Buy
2023-12-13,HUM,-0.00038032297349635535,Sell
2023-12-13,WSM,-0.053782134356136935,Sell
2023-12-13,BX,-0.02631578947368421,Sell
2023-12-13,NTES,0.02631578947368421,Buy
2023-12-13,HMC,-0.00013898903468909096,Sell
2023-12-13,CME,7.545900166404038e-05,Buy
2023-12-13,CP,0.02631578947368421,Buy
2023-12-13,PRGO,-0.02738448358663305,Sell
2023-12-13,OHI,0.02631578947368421,Buy
2023-12-13,XLE,-0.0004107879357623419,Sell
2023-12-13,M,0.0007219742261194879,Buy
2023-12-13,COF,0.0010957982781898898,Buy
2023-12-13,ENB,-0.026967811126068986,Sell
2023-12-13,MT,-0.02631578947368421,Sell
2023-12-13,VZ,0.00017512889082586802,Buy
2023-12-13,MRK,-0.027054347614268934,Sell
2023-12-14,CNC,0.02631578947368421,Buy
2023-12-14,CF,-0.02690840680233834,Sell
2023-12-14,HP,-0.027728664623572704,Sell
2023-12-14,XLP,0.02631578947368421,Buy
2023-12-14,NVDA,-0.0005104764961897136,Sell
2023-12-14,DAL,-0.02631578947368421,Sell
2023-12-14,BUD,0.02631578947368421,Buy
2023-12-14,SPWR,0.00318352083817771,Buy
2023-12-14,RRC,-0.02741126986612599,Sell
2023-12-14,QCOM,-0.02631578947368421,Sell
2023-12-14,JNJ,-0.02686587323682102,Sell
2023-12-14,STI,0.053797672138764976,Buy
2023-12-14,KMB,0.00023489455060864833,Buy
2023-12-14,NDAQ,0.026548423354812323,Buy
2023-12-14,TRV,0.02631578947368421,Buy
2023-12-14,DPZ,0.0004488226107263772,Buy
2023-12-14,DHI,0.002023304441818658,Buy
2023-12-14,BBT,0.02719981890886609,Buy
2023-12-14,BDX,-0.00014764689788614518,Sell
2023-12-14,EBAY,-0.027119650235383527,Sell
2023-12-14,WFC,0.0019013863148351455,Buy
2023-12-14,EOG,-0.02750655278590829,Sell
2023-12-14,ANF,0.026703203529478504,Buy
2023-12-14,ORCL,0.0003291776587429178,Buy
2023-12-14,CCL,0.0011099027778490207,Buy
2023-12-14,MS,-0.02631578947368421,Sell
2023-12-14,KEY,0.0019132184385435222,Buy
2023-12-14,WMB,-0.0003651136966354093,Sell
2023-12-14,KO,0.05260046555967144,Buy
2023-12-14,D,0.0265137093826491,Buy
2023-12-14,ULTA,0.00044681475264977955,Buy
2023-12-14,PVH,0.0013125171656228028,Buy
2023-12-14,HUM,0.0006756878961448332,Buy
2023-12-14,WSM,0.001565668657879063,Buy
2023-12-14,BX,0.0023079694450576817,Buy
2023-12-14,LOW,-0.02631578947368421,Sell
2023-12-14,PCG,0.02631578947368421,Buy
2023-12-14,NTES,0.00025618594592925065,Buy
2023-12-14,RF,-0.02631578947368421,Sell
2023-12-14,HMC,0.0001925557573971247,Buy
2023-12-14,CME,1.0389328567613626e-05,Buy
2023-12-14,CP,-0.02737553637390608,Sell
2023-12-14,CLX,0.02631578947368421,Buy
2023-12-14,OHI,-0.00031391966140261254,Sell
2023-12-14,BSX,0.02631578947368421,Buy
2023-12-14,XLE,-0.027465154963221237,Sell
2023-12-14,M,0.0007024964772979411,Buy
2023-12-14,COF,0.0012417505408480467,Buy
2023-12-14,MT,0.001141246360505329,Buy
2023-12-14,VZ,-0.027315646049169556,Sell
2023-12-14,CAT,-0.02631578947368421,Sell
2023-12-15,CNC,0.00032439802163311895,Buy
2023-12-15,HOG,-0.02631578947368421,Sell
2023-12-15,XLP,-0.02644314189960596,Sell
2023-12-15,NVDA,-0.026738476763497276,Sell
2023-12-15,DAL,6.504633070968102e-05,Buy
2023-12-15,BUD,-9.4344217098849e-06,Sell
2023-12-15,SPWR,-0.0010516420060079877,Sell
2023-12-15,GREK,0.02631578947368421,Buy
2023-12-15,QCOM,0.0004319658708977214,Buy
2023-12-15,JNJ,0.02631578947368421,Buy
2023-12-15,STI,0.004310843249690506,Buy
2023-12-15,KMB,0.0001790065247049659,Buy
2023-12-15,NDAQ,0.02631578947368421,Buy
2023-12-15,TRV,-0.026448930030312144,Sell
2023-12-15,DPZ,-5.64381625211309e-05,Sell
2023-12-15,DHI,-0.0003941558791833444,Sell
2023-12-15,BDX,3.8950001821493746e-05,Buy
2023-12-15,EBAY,0.02631578947368421,Buy
2023-12-15,WFC,2.2652256628497708e-05,Buy
2023-12-15,EWI,0.02631578947368421,Buy
2023-12-15,HTZ,-0.02631578947368421,Sell
2023-12-15,ORCL,-0.02723662329082045,Sell
2023-12-15,CCL,0.026203773121124076,Buy
2023-12-15,MS,0.000284199122042441,Buy
2023-12-15,KEY,0.02563749165688065,Buy
2023-12-15,WMB,-9.683033834973626e-05,Sell
2023-12-15,KO,-0.026246068847710954,Sell
2023-12-15,ULTA,-8.648936805409971e-05,Sell
2023-12-15,PVH,0.0004801069055676531,Buy
2023-12-15,RL,-0.02631578947368421,Sell
2023-12-15,HUM,0.0003005393631800961,Buy
2023-12-15,WSM,-9.037975347860744e-05,Sell
2023-12-15,BX,0.00031259950420044896,Buy
2023-12-15,LOW,0.00013321580468510924,Buy
2023-12-15,PCG,7.945838841810424e-05,Buy
2023-12-15,NTES,0.0002650925223732746,Buy
2023-12-15,RF,3.2909933102349964e-05,Buy
2023-12-15,HMC,-0.025966850410358622,Sell
2023-12-15,CME,0.00030422216634167637,Buy
2023-12-15,CLX,-0.02639292478712467,Sell
2023-12-15,OHI,0.00020307555501676566,Buy
2023-12-15,SYK,0.02631578947368421,Buy
2023-12-15,BSX,-0.02626898856736345,Sell
2023-12-15,M,0.026564440051929705,Buy
2023-12-15,COF,0.00022559163138283905,Buy
2023-12-15,MT,1.1565532272057866e-06,Buy
2023-12-15,VZ,0.02631578947368421,Buy
2023-12-15,CAT,0.00018021350288636648,Buy
2023-12-15,MRK,0.02631578947368421,Buy
2023-12-18,MET,0.02631578947368421,Buy
2023-12-18,CNC,-0.026261154904249195,Sell
2023-12-18,VWO,0.02631578947368421,Buy
2023-12-18,A,-0.02631578947368421,Sell
2023-12-18,HOG,0.025318932319030405,Buy
2023-12-18,DAL,0.025347014092451728,Buy
2023-12-18,BUD,-0.02620275817095913,Sell
2023-12-18,SPWR,-0.0026871403125508994,Sell
2023-12-18,NSC,-0.02631578947368421,Sell
2023-12-18,RRC,0.02631578947368421,Buy
2023-12-18,GREK,-0.026362821684318433,Sell
2023-12-18,QCOM,-0.0005242590802070693,Sell
2023-12-18,JNJ,0.00020774812090380151,Buy
2023-12-18,STI,-0.0020743444233236354,Sell
2023-12-18,KMB,3.8557641262940145e-06,Buy
2023-12-18,NDAQ,-0.026365706477085235,Sell
2023-12-18,HAS,-0.02631578947368421,Sell
2023-12-18,DPZ,-5.99987922441092e-05,Sell
2023-12-18,DHI,-0.0005169344677874443,Sell
2023-12-18,BDX,0.00017671038759315902,Buy
2023-12-18,EBAY,-0.02654166102279105,Sell
2023-12-18,WFC,0.025724301240581827,Buy
2023-12-18,EOG,0.02631578947368421,Buy
2023-12-18,EWI,0.00016948508828099063,Buy
2023-12-18,ANF,-0.02631578947368421,Sell
2023-12-18,HTZ,-0.00038469544590184757,Sell
2023-12-18,MS,-0.0004881261092949084,Sell
2023-12-18,XRT,-0.02631578947368421,Sell
2023-12-18,GOLD,0.02631578947368421,Buy
2023-12-18,WMB,0.0001945559743345704,Buy
2023-12-18,ULTA,-0.00036898181533952246,Sell
2023-12-18,PVH,-0.0002151912784586485,Sell
2023-12-18,RL,0.00021451952696531496,Buy
2023-12-18,HUM,0.0003355414737881389,Buy
2023-12-18,WSM,0.025424629314776584,Buy
2023-12-18,BX,-0.0009417050762164404,Sell
2023-12-18,LOW,0.02588425647264719,Buy
2023-12-18,PCG,0.0009004398650391994,Buy
2023-12-18,NTES,0.000249713526474786,Buy
2023-12-18,RF,-0.0007885407968555927,Sell
2023-12-18,HMC,0.02631578947368421,Buy
2023-12-18,CME,-0.00030746384102323457,Sell
2023-12-18,PRGO,0.02631578947368421,Buy
2023-12-18,OHI,9.411907103780773e-05,Buy
2023-12-18,SYK,-0.026179571676151814,Sell
2023-12-18,BSX,0.02631578947368421,Buy
2023-12-18,M,-0.02631578947368421,Sell
2023-12-18,COF,-0.00019449538518915774,Sell
2023-12-18,MT,0.0012640884203594278,Buy
2023-12-18,VZ,-0.02627021293222488,Sell
2023-12-18,CAT,0.026058271067764604,Buy
2023-12-18,MRK,-0.026291591912223935,Sell
2023-12-19,MET,-0.026879626817209696,Sell
2023-12-19,AMTD,0.02631578947368421,Buy
2023-12-19,VWO,-0.026585837671501775,Sell
2023-12-19,A,0.0005200142470494808,Buy
2023-12-19,HP,0.02631578947368421,Buy
2023-12-19,HOG,-0.02631578947368421,Sell
2023-12-19,NVDA,0.02631578947368421,Buy
2023-12-19,BUD,-0.02631578947368421,Sell
2023-12-19,SPWR,0.05465905630284665,Buy
2023-12-19,NSC,0.026564550111880927,Buy
2023-12-19,RRC,-0.00018178673157423844,Sell
2023-12-19,QCOM,0.0003806532723522951,Buy
2023-12-19,JNJ,-0.00025940237802618213,Sell
2023-12-19,STI,-0.026343405869273938,Sell
2023-12-19,KMB,-0.0001255681630021148,Sell
2023-12-19,HAS,0.026102215031763413,Buy
2023-12-19,DPZ,0.0003160903266131443,Buy
2023-12-19,DHI,0.0003775353350644918,Buy
2023-12-19,BDX,-0.0004082435358343829,Sell
2023-12-19,EOG,-0.0002837066630997885,Sell
2023-12-19,EWI,-0.026683819104201277,Sell
2023-12-19,ANF,0.0013930037058874807,Buy
2023-12-19,HTZ,0.027010409810175197,Buy
2023-12-19,CCL,-0.02631578947368421,Sell
2023-12-19,MS,0.026739388645396562,Buy
2023-12-19,XRT,0.0006234418245011086,Buy
2023-12-19,GOLD,-0.02728925300284637,Sell
2023-12-19,WMB,-0.00036767888615720987,Sell
2023-12-19,TRP,-0.02631578947368421,Sell
2023-12-19,KO,0.02631578947368421,Buy
2023-12-19,ULTA,0.0001375030341625831,Buy
2023-12-19,PVH,0.0008870268732624823,Buy
2023-12-19,RL,0.02692045816351582,Buy
2023-12-19,HUM,-0.00028990208944875903,Sell
2023-12-19,WSM,-0.02631578947368421,Sell
2023-12-19,TRIP,-0.02631578947368421,Sell
2023-12-19,BX,0.000574535652203615,Buy
2023-12-19,PCG,-0.0005434721149019939,Sell
2023-12-19,NTES,-0.0001656886998860664,Sell
2023-12-19,RF,0.00040358904300936624,Buy
2023-12-19,HMC,-0.0004227134978637033,Sell
2023-12-19,CME,-0.00030618235679018627,Sell
2023-12-19,PRGO,-0.027773476171145967,Sell
2023-12-19,OHI,-0.00013723694097411698,Sell
2023-12-19,BSX,-0.02654939119570774,Sell
2023-12-19,M,0.026665178179326874,Buy
2023-12-19,COF,0.0003989746245219965,Buy
2023-12-19,ENB,-0.02631578947368421,Sell
2023-12-19,MT,0.0003254197275744941,Buy
2023-12-19,VZ,0.02631578947368421,Buy
2023-12-19,MRK,0.02631578947368421,Buy
2023-12-20,MET,0.02631578947368421,Buy
2023-12-20,CNC,0.02631578947368421,Buy
2023-12-20,PPG,0.02631578947368421,Buy
2023-12-20,AMTD,-0.026155958004140185,Sell
2023-12-20,BAX,-0.02631578947368421,Sell
2023-12-20,VWO,0.02631578947368421,Buy
2023-12-20,A,-0.00031744455507877467,Sell
2023-12-20,HP,-0.025695753413741144,Sell
2023-12-20,HOG,-0.00048485358989156305,Sell
2023-12-20,XLP,0.02631578947368421,Buy
2023-12-20,NVDA,-0.025509644206626114,Sell
2023-12-20,WEN,0.02631578947368421,Buy
2023-12-20,BUD,0.02589764809944902,Buy
2023-12-20,SPWR,-0.025040248100802156,Sell
2023-12-20,RRC,-0.025585058741644084,Sell
2023-12-20,CAG,0.02631578947368421,Buy
2023-12-20,GREK,0.02631578947368421,Buy
2023-12-20,QCOM,0.02578894030313558,Buy
2023-12-20,JNJ,0.0005507631259293912,Buy
2023-12-20,KMB,0.0004435466159611774,Buy
2023-12-20,DPZ,0.026087775996908997,Buy
2023-12-20,DHI,-0.00016332231866201738,Sell
2023-12-20,BBT,-0.02631578947368421,Sell
2023-12-20,BDX,-0.02621382134916926,Sell
2023-12-20,EOG,-0.02606514873193871,Sell
2023-12-20,EWI,0.02631578947368421,Buy
2023-12-20,ANF,-0.00032391331460261685,Sell
2023-12-20,HTZ,-0.02631578947368421,Sell
2023-12-20,DLTR,-0.02631578947368421,Sell
2023-12-20,CCL,0.02540160239678463,Buy
2023-12-20,MS,-0.02631578947368421,Sell
2023-12-20,XRT,0.025805845297444473,Buy
2023-12-20,GOLD,-0.02631578947368421,Sell
2023-12-20,WMB,-0.026001276961049657,Sell
2023-12-20,TRP,0.02613447076797176,Buy
2023-12-20,KO,0.0005599484513835046,Buy
2023-12-20,ULTA,-0.0006518593994956495,Sell
2023-12-20,PVH,-0.0005479478405644028,Sell
2023-12-20,RL,-0.02631578947368421,Sell
2023-12-20,HUM,-0.025638033383920796,Sell
2023-12-20,WSM,-0.00023843560982952927,Sell
2023-12-20,TRIP,-0.0005020321955620834,Sell
2023-12-20,BX,-0.0004635005129197886,Sell
2023-12-20,PCG,0.0004026296778010356,Buy
2023-12-20,DUK,0.02631578947368421,Buy
2023-12-20,NTES,0.0003100955508344404,Buy
2023-12-20,RF,-0.0005443494780826078,Sell
2023-12-20,HMC,-0.026458082929977204,Sell
2023-12-20,CME,0.00024919283011256427,Buy
2023-12-20,OHI,-0.026038852650084487,Sell
2023-12-20,CSIQ,-0.02631578947368421,Sell
2023-12-20,BSX,0.02631578947368421,Buy
2023-12-20,COF,0.02554334758326358,Buy
2023-12-20,ENB,0.025883906052512465,Buy
2023-12-20,ZUMZ,-0.02631578947368421,Sell
2023-12-20,MT,0.02571073970234921,Buy
2023-12-20,VZ,0.00020353455732899373,Buy
2023-12-20,MRK,-0.026022176814534007,Sell
2023-12-20,BMY,0.02631578947368421,Buy
2023-12-21,MET,-0.026602411797362172,Sell
2023-12-21,CNC,-0.02689193930851543,Sell
2023-12-21,PPG,-0.026710871299409963,Sell
2023-12-21,BAX,0.026664792294397915,Buy
2023-12-21,VWO,-0.026966310239831086,Sell
2023-12-21,A,0.0002820483758163503,Buy
2023-12-21,HP,0.02631578947368421,Buy
2023-12-21,HOG,0.001122788634032635,Buy
2023-12-21,XLP,-0.00032122515898046905,Sell
2023-12-21,NVDA,0.02631578947368421,Buy
2023-12-21,WEN,2.3358419569532995e-05,Buy
2023-12-21,DAL,-0.02631578947368421,Sell
2023-12-21,BUD,-0.02631578947368421,Sell
2023-12-21,SPWR,-0.02631578947368421,Sell
2023-12-21,CAG,-0.0002391613615464784,Sell
2023-12-21,GREK,-0.026958080439211277,Sell
2023-12-21,QCOM,-0.02631578947368421,Sell
2023-12-21,JNJ,-0.0004075170174845863,Sell
2023-12-21,KMB,-0.00027683303513554094,Sell
2023-12-21,DHI,0.00030300346581821694,Buy
2023-12-21,BBT,0.026698565791133288,Buy
2023-12-21,BDX,0.02631578947368421,Buy
2023-12-21,MU,-0.02631578947368421,Sell
2023-12-21,EOG,0.02631578947368421,Buy
2023-12-21,EWI,-0.02684252207852231,Sell
2023-12-21,ANF,0.0011076650493235217,Buy
2023-12-21,HTZ,0.027619751662818996,Buy
2023-12-21,DLTR,0.026436602675999787,Buy
2023-12-21,CCL,-0.02631578947368421,Sell
2023-12-21,MS,0.02688479889944766,Buy
2023-12-21,MAR,-0.02631578947368421,Sell
2023-12-21,XRT,-0.02631578947368421,Sell
2023-12-21,GOLD,0.027284238145785993,Buy
2023-12-21,WMB,0.02631578947368421,Buy
2023-12-21,KO,-0.0003110392411387053,Sell
2023-12-21,D,0.02631578947368421,Buy
2023-12-21,ULTA,0.00013101855103032564,Buy
2023-12-21,PVH,0.0005605010397753615,Buy
2023-12-21,RL,0.0005672759609953552,Buy
2023-12-21,WSM,0.0005671930866786995,Buy
2023-12-21,TRIP,0.02677706951212936,Buy
2023-12-21,BX,0.0007742648407904687,Buy
2023-12-21,PCG,-0.00028894012601892935,Sell
2023-12-21,DUK,-0.026640343922190005,Sell
2023-12-21,NTES,-0.0007456397931608454,Sell
2023-12-21,RF,0.02668939965348853,Buy
2023-12-21,HMC,0.02631578947368421,Buy
2023-12-21,CME,-0.00047747626483268454,Sell
2023-12-21,OHI,0.02631578947368421,Buy
2023-12-21,CSIQ,0.02747856361420105,Buy
2023-12-21,BSX,-0.026774703171743956,Sell
2023-12-21,COF,-0.02631578947368421,Sell
2023-12-21,ZUMZ,0.027546925462794632,Buy
2023-12-21,MT,-0.02631578947368421,Sell
2023-12-21,VZ,-0.02654453867178693,Sell
2023-12-21,MRK,0.02631578947368421,Buy
2023-12-21,BMY,-0.00029228177255598287,Sell
2023-12-22,CNC,0.02631578947368421,Buy
2023-12-22,BAX,0.02631578947368421,Buy
2023-12-22,VWO,0.02631578947368421,Buy
2023-12-22,A,0.0002195197151249606,Buy
2023-12-22,HP,-0.026144160951302876,Sell
2023-12-22,HOG,0.00011445712759107149,Buy
2023-12-22,XLP,-0.02661734308665683,Sell
2023-12-22,NVDA,-1.3469775351770963e-05,Sell
2023-12-22,WEN,-0.0001800742834796032,Sell
2023-12-22,DAL,0.00010616021374626125,Buy
2023-12-22,HYG,0.02631578947368421,Buy
2023-12-22,BUD,0.0004609121813258406,Buy
2023-12-22,SPWR,0.0018376029711374073,Buy
2023-12-22,CAG,-0.026591815494790554,Sell
2023-12-22,GREK,0.02631578947368421,Buy
2023-12-22,QCOM,0.00029446113738693797,Buy
2023-12-22,JNJ,-0.00020551528933439311,Sell
2023-12-22,STI,-0.02631578947368421,Sell
2023-12-22,KMB,-0.0002722623514510025,Sell
2023-12-22,NDAQ,-0.02631578947368421,Sell
2023-12-22,DHI,3.1207965390554065e-05,Buy
2023-12-22,BDX,-0.026401399406291957,Sell
2023-12-22,MU,0.00041184960208219545,Buy
2023-12-22,EOG,-0.0003593558730311981,Sell
2023-12-22,ANF,-7.317122361363143e-05,Sell
2023-12-22,DLTR,-0.02631578947368421,Sell
2023-12-22,CCL,0.02605763068594293,Buy
2023-12-22,MS,-0.02631578947368421,Sell
2023-12-22,MAR,0.0001926104370294432,Buy
2023-12-22,XRT,0.02634239467654225,Buy
2023-12-22,WMB,-0.0265439408788726,Sell
2023-12-22,KO,-0.00025006133697243194,Sell
2023-12-22,D,-0.026443780742707743,Sell
2023-12-22,ULTA,-0.0002382914051146795,Sell
2023-12-22,PVH,-6.08523801765154e-05,Sell
2023-12-22,RL,0.025978018503958655,Buy
2023-12-22,HUM,0.02631578947368421,Buy
2023-12-22,WSM,0.02626201108349258,Buy
2023-12-22,BX,0.0004167926697447692,Buy
2023-12-22,PCG,-0.0003418072446248581,Sell
2023-12-22,NTES,0.004143038594204378,Buy
2023-12-22,RF,-0.02631578947368421,Sell
2023-12-22,HMC,-0.00012567378348440905,Sell
2023-12-22,CME,-0.00016647030375022132,Sell
2023-12-22,OHI,-8.25400981552607e-05,Sell
2023-12-22,M,0.02631578947368421,Buy
2023-12-22,COF,0.026435905388115626,Buy
2023-12-22,MT,8.130725302266453e-05,Buy
2023-12-22,MRK,-0.00042500032667153187,Sell
2023-12-22,BMY,-0.02694631655457459,Sell
2023-12-26,CNC,-0.026471531799980397,Sell
2023-12-26,BAX,-0.02649747060430434,Sell
2023-12-26,VWO,-0.026530339302458912,Sell
2023-12-26,A,0.02640543332933207,Buy
2023-12-26,HP,0.02631578947368421,Buy
2023-12-26,HOG,0.00057284658960376,Buy
2023-12-26,NVDA,-0.00028669897967328536,Sell
2023-12-26,WEN,-0.00015087546770092483,Sell
2023-12-26,DAL,0.026122978063369395,Buy
2023-12-26,HYG,-0.026411141685883543,Sell
2023-12-26,BUD,0.02640915419759403,Buy
2023-12-26,SPWR,0.02912629222922174,Buy
2023-12-26,ICE,-0.02631578947368421,Sell
2023-12-26,RRC,0.02631578947368421,Buy
2023-12-26,GREK,-0.00012086605386468427,Sell
2023-12-26,QCOM,0.0004062210053574142,Buy
2023-12-26,JNJ,-0.00015961899676047997,Sell
2023-12-26,STI,0.051897647336063786,Buy
2023-12-26,KMB,-1.7999697903021278e-05,Sell
2023-12-26,NDAQ,0.026632767438924364,Buy
2023-12-26,DHI,0.00017969277246085089,Buy
2023-12-26,MU,0.00021803945080471968,Buy
2023-12-26,EOG,-0.026797757964718064,Sell
2023-12-26,QQQ,-0.02631578947368421,Sell
2023-12-26,ANF,-0.00024610444883478577,Sell
2023-12-26,DLTR,0.0007102704188280684,Buy
2023-12-26,CCL,0.02631578947368421,Buy
2023-12-26,TSM,-0.02631578947368421,Sell
2023-12-26,MS,0.00016697104702497606,Buy
2023-12-26,MAR,0.00014259982989413972,Buy
2023-12-26,WMB,0.02631578947368421,Buy
2023-12-26,TRP,-0.02631578947368421,Sell
2023-12-26,KO,-0.026468583782805373,Sell
2023-12-26,ULTA,0.00038097988814465855,Buy
2023-12-26,PVH,0.00021209431586787647,Buy
2023-12-26,RL,-0.02631578947368421,Sell
2023-12-26,HUM,-2.2795732873247265e-05,Sell
2023-12-26,NWSA,-0.02631578947368421,Sell
2023-12-26,BX,0.00018147184387147866,Buy
2023-12-26,PCG,-0.00041831861866655287,Sell
2023-12-26,NTES,-0.0014158578595033326,Sell
2023-12-26,RF,0.026770493023759195,Buy
2023-12-26,HMC,-5.293760222617461e-05,Sell
2023-12-26,CME,-0.00010458687610071654,Sell
2023-12-26,OHI,0.00015316811332796373,Buy
2023-12-26,M,-0.02679527222378034,Sell
2023-12-26,COF,-0.02631578947368421,Sell
2023-12-26,MT,0.026461349456739756,Buy
2023-12-26,VZ,0.02631578947368421,Buy
2023-12-26,CAT,-0.02631578947368421,Sell
2023-12-26,MRK,-2.7189135714995177e-05,Sell
2023-12-26,BMY,0.02631578947368421,Buy
2023-12-27,CNC,0.02631578947368421,Buy
2023-12-27,AMTD,-0.02631578947368421,Sell
2023-12-27,HP,0.00018471733959411069,Buy
2023-12-27,HOG,0.026853506740942404,Buy
2023-12-27,NVDA,-0.00024314208170659463,Sell
2023-12-27,WEN,0.0002308968388963252,Buy
2023-12-27,BUD,-0.02631578947368421,Sell
2023-12-27,ICE,0.0004073625564094026,Buy
2023-12-27,RRC,-0.00023760707515315532,Sell
2023-12-27,GREK,-0.026666019528792585,Sell
2023-12-27,QCOM,0.00021631179679766632,Buy
2023-12-27,JNJ,-0.0002045899597594436,Sell
2023-12-27,STI,0.0014684568841640266,Buy
2023-12-27,KMB,-0.00021749325737161623,Sell
2023-12-27,DHI,0.00035172686449214813,Buy
2023-12-27,MU,0.026363080626418654,Buy
2023-12-27,QQQ,0.00022289032554368912,Buy
2023-12-27,ANF,0.0001197980504272847,Buy
2023-12-27,DLTR,0.0005151412377216134,Buy
2023-12-27,CCL,-6.93514051286516e-05,Sell
2023-12-27,TSM,0.026535478745010263,Buy
2023-12-27,MS,0.0004028988980346801,Buy
2023-12-27,MAR,0.00028631483159020227,Buy
2023-12-27,XRT,-0.02631578947368421,Sell
2023-12-27,WMB,-0.00010110110104506395,Sell
2023-12-27,TRP,0.00019519861206830288,Buy
2023-12-27,ULTA,0.0004951911436616718,Buy
2023-12-27,PVH,0.0004604635983836078,Buy
2023-12-27,RL,0.00011090751401755111,Buy
2023-12-27,HUM,-8.65086985309231e-05,Sell
2023-12-27,NWSA,0.0004872729651626967,Buy
2023-12-27,BX,0.00041896127221463866,Buy
2023-12-27,PCG,-0.0002579002322065996,Sell
2023-12-27,DUK,0.02631578947368421,Buy
2023-12-27,NTES,0.0011437703556679592,Buy
2023-12-27,HMC,-9.107219472141367e-05,Sell
2023-12-27,CME,-0.0002940942404529752,Sell
2023-12-27,OHI,-0.0004471207844260229,Sell
2023-12-27,COF,0.0002540597249180779,Buy
2023-12-27,VZ,-4.884266099111981e-05,Sell
2023-12-27,CAT,0.00039204474654925756,Buy
2023-12-27,MRK,-0.026570886913750938,Sell
2023-12-27,BMY,-4.5425415810658454e-05,Sell
2023-12-28,CNC,-0.026381750018119075,Sell
2023-12-28,AMTD,0.027856106235995513,Buy
2023-12-28,CF,0.02631578947368421,Buy
2023-12-28,HP,-0.025805868940103498,Sell
2023-12-28,NVDA,4.257219289187375e-05,Buy
2023-12-28,WEN,0.0001518680056025526,Buy
2023-12-28,HYG,0.02631578947368421,Buy
2023-12-28,BUD,0.026144764252349077,Buy
2023-12-28,ICE,6.790731489482102e-05,Buy
2023-12-28,RRC,-0.02611586029961215,Sell
2023-12-28,GREK,0.02631578947368421,Buy
2023-12-28,QCOM,-7.309325992422427e-05,Sell
2023-12-28,JNJ,-0.0262560813620226,Sell
2023-12-28,STI,-0.030166592779153786,Sell
2023-12-28,KMB,-1.2862669667958876e-05,Sell
2023-12-28,DHI,-5.853831521246411e-05,Sell
2023-12-28,MU,-0.02631578947368421,Sell
2023-12-28,EOG,0.02631578947368421,Buy
2023-12-28,QQQ,-0.00011102261119239759,Sell
2023-12-28,EWI,0.02631578947368421,Buy
2023-12-28,ANF,-0.0004941647257113053,Sell
2023-12-28,DLTR,-1.510110867372974e-05,Sell
2023-12-28,CCL,-8.555350452918095e-05,Sell
2023-12-28,MS,-0.00010388132590741575,Sell
2023-12-28,MAR,0.02617545779358965,Buy
2023-12-28,XRT,-0.00010186282031803343,Sell
2023-12-28,KGC,0.02631578947368421,Buy
2023-12-28,WMB,0.00017312515487332564,Buy
2023-12-28,TRP,0.0521193329678548,Buy
2023-12-28,ULTA,9.594120020936861e-05,Buy
2023-12-28,PVH,-5.780896668332661e-05,Sell
2023-12-28,EW,-0.02631578947368421,Sell
2023-12-28,RL,5.010118724711743e-05,Buy
2023-12-28,HUM,-0.00019704387253060077,Sell
2023-12-28,NWSA,0.00012717814932233437,Buy
2023-12-28,BX,4.532429953994083e-06,Buy
2023-12-28,PCG,-0.00012117188104925417,Sell
2023-12-28,DUK,-0.02638630358067594,Sell
2023-12-28,NTES,-0.0004013554805135308,Sell
2023-12-28,HMC,-2.202743375348537e-05,Sell
2023-12-28,CME,3.850185808571688e-05,Buy
2023-12-28,OHI,-0.00013162117203404863,Sell
2023-12-28,SYK,-0.02631578947368421,Sell
2023-12-28,CSIQ,-0.02631578947368421,Sell
2023-12-28,COF,7.564317066941981e-05,Buy
2023-12-28,ENB,0.02631578947368421,Buy
2023-12-28,VZ,-0.02634399690911864,Sell
2023-12-28,CAT,-0.00020732607014454368,Sell
2023-12-28,BMY,-0.0262226347381097,Sell
2023-12-29,A,-0.02631578947368421,Sell
2023-12-29,CF,0.00013759297331594408,Buy
2023-12-29,NVDA,8.490379139326765e-05,Buy
2023-12-29,WEN,-0.026163734096700458,Sell
2023-12-29,HYG,0.00018618780292842252,Buy
2023-12-29,SPWR,0.02631578947368421,Buy
2023-12-29,NSC,-0.02631578947368421,Sell
2023-12-29,ICE,0.026196206605141714,Buy
2023-12-29,GREK,8.490379139326765e-05,Buy
2023-12-29,QCOM,0.026009689181616474,Buy
2023-12-29,STI,0.02631578947368421,Buy
2023-12-29,KMB,-0.026380689056093136,Sell
2023-12-29,TRV,-0.02631578947368421,Sell
2023-12-29,DPZ,-0.02631578947368421,Sell
2023-12-29,DHI,-8.490379139326765e-05,Sell
2023-12-29,MU,-0.00025135873306850187,Sell
2023-12-29,EOG,0.00016706116246350752,Buy
2023-12-29,QQQ,0.02611736566125686,Buy
2023-12-29,EWI,7.716900954371844e-05,Buy
2023-12-29,ANF,0.025709240217653247,Buy
2023-12-29,HTZ,-0.02631578947368421,Sell
2023-12-29,ORCL,0.02631578947368421,Buy
2023-12-29,DLTR,-0.00012914552798607218,Sell
2023-12-29,CCL,-0.026048241133636626,Sell
2023-12-29,MS,-0.00019415241963852137,Sell
2023-12-29,XRT,0.025947439986671737,Buy
2023-12-29,KGC,-0.026101458665706255,Sell
2023-12-29,GOLD,0.02631578947368421,Buy
2023-12-29,WMB,0.00015999731172911327,Buy
2023-12-29,TRP,-0.026184001452693274,Sell
2023-12-29,ULTA,8.48175347511193e-05,Buy
2023-12-29,PVH,-0.0003317185740014106,Sell
2023-12-29,EW,0.026073589586048343,Buy
2023-12-29,RL,-0.0003549503275983648,Sell
2023-12-29,HUM,-4.175558283770961e-05,Sell
2023-12-29,WSM,-0.02631578947368421,Sell
2023-12-29,NWSA,0.026145687489734712,Buy
2023-12-29,BX,-0.000520347678070146,Sell
2023-12-29,PCG,0.00014295934443005198,Buy
2023-12-29,NTES,-0.0010489346995817654,Sell
2023-12-29,HMC,-0.00013760788010014,Sell
2023-12-29,CME,0.00013711211036826834,Buy
2023-12-29,OHI,0.00042271012429485194,Buy
2023-12-29,SYK,-5.508967099742551e-05,Sell
2023-12-29,CSIQ,-0.0002833978166849882,Sell
2023-12-29,BSX,-0.02631578947368421,Sell
2023-12-29,XLE,0.02631578947368421,Buy
2023-12-29,COF,-0.00026373098449579066,Sell
2023-12-29,ENB,-0.02618726548571764,Sell
2023-12-29,VZ,0.02631578947368421,Buy
2023-12-29,CAT,-0.00019180728581662948,Sell
2024-01-02,MET,-0.02631578947368421,Sell
2024-01-02,PPG,0.02631578947368421,Buy
2024-01-02,VWO,0.02631578947368421,Buy
2024-01-02,A,-3.823755485909963e-05,Sell
2024-01-02,CF,-0.027029419031609832,Sell
2024-01-02,NVDA,0.0007051229497958313,Buy
2024-01-02,HYG,7.368064357159837e-05,Buy
2024-01-02,BUD,0.02631578947368421,Buy
2024-01-02,SPWR,0.001379663865161633,Buy
2024-01-02,NSC,-6.541054293249943e-05,Sell
2024-01-02,GREK,-0.026366113325064323,Sell
2024-01-02,QCOM,0.02631578947368421,Buy
2024-01-02,STI,-0.023936891494924374,Sell
2024-01-02,NDAQ,0.02631578947368421,Buy
2024-01-02,TRV,0.00014334299920469237,Buy
2024-01-02,DPZ,0.026388704237598187,Buy
2024-01-02,VTR,-0.02631578947368421,Sell
2024-01-02,DHI,0.02596675979593284,Buy
2024-01-02,EWC,0.02631578947368421,Buy
2024-01-02,MU,0.025404969594227927,Buy
2024-01-02,EOG,-0.02647208417224614,Sell
2024-01-02,QQQ,0.02631578947368421,Buy
2024-01-02,EWI,0.0001714592934576875,Buy
2024-01-02,ANF,-0.02631578947368421,Sell
2024-01-02,HTZ,0.02584907686971276,Buy
2024-01-02,ORCL,0.0003273584222823374,Buy
2024-01-02,DLTR,0.00010561642313676803,Buy
2024-01-02,CCL,0.02631578947368421,Buy
2024-01-02,TSM,0.02631578947368421,Buy
2024-01-02,MS,0.0001983286605124271,Buy
2024-01-02,KGC,0.02631578947368421,Buy
2024-01-02,GOLD,-0.025616824438555515,Sell
2024-01-02,WMB,-0.026852209205324988,Sell
2024-01-02,D,-0.02631578947368421,Sell
2024-01-02,ULTA,-0.00016684007259717623,Sell
2024-01-02,PVH,-4.7737850476903265e-05,Sell
2024-01-02,RL,0.0003489412530254289,Buy
2024-01-02,HUM,-0.027037436212124025,Sell
2024-01-02,NTAP,0.02631578947368421,Buy
2024-01-02,WSM,0.00021444016834756482,Buy
2024-01-02,BX,-0.0005181745486176823,Sell
2024-01-02,PCG,-4.399390527721342e-05,Sell
2024-01-02,NTES,-0.026135558458417505,Sell
2024-01-02,HMC,-0.026228360951390736,Sell
2024-01-02,CME,0.00015650129478836025,Buy
2024-01-02,OHI,-0.00017796069286313623,Sell
2024-01-02,SYK,-0.0002692076331897962,Sell
2024-01-02,CSIQ,0.02583870192865864,Buy
2024-01-02,BSX,0.0263442441154209,Buy
2024-01-02,XLE,-0.026613233843604655,Sell
2024-01-02,COF,0.0002135947245067958,Buy
2024-01-02,VZ,-0.05347050482347929,Sell
2024-01-02,CAT,0.02606697606397089,Buy
2024-01-02,MRK,-0.02631578947368421,Sell
2024-01-02,BMY,-0.02631578947368421,Sell
2024-01-03,MET,-0.0001614111950896703,Sell
2024-01-03,CNC,-0.02631578947368421,Sell
2024-01-03,PPG,0.00036758306501145574,Buy
2024-01-03,VWO,-0.026166470568059198,Sell
2024-01-03,A,0.0511241698763169,Buy
2024-01-03,NVDA,-0.02591763592225266,Sell
2024-01-03,DAL,0.02631578947368421,Buy
2024-01-03,HYG,0.0001432423314750332,Buy
2024-01-03,BUD,0.00028011193818858887,Buy
2024-01-03,SPWR,-0.026934628483568174,Sell
2024-01-03,NSC,-0.0003713618021820089,Sell
2024-01-03,QCOM,0.0005639910907798001,Buy
2024-01-03,JNJ,-0.02631578947368421,Sell
2024-01-03,NDAQ,0.0004915107362099859,Buy
2024-01-03,TRV,-8.824671312197135e-05,Sell
2024-01-03,VTR,0.025766549557664487,Buy
2024-01-03,EWC,-0.026157245885558223,Sell
2024-01-03,BDX,0.02631578947368421,Buy
2024-01-03,EBAY,-0.02631578947368421,Sell
2024-01-03,QQQ,-0.025966297027767617,Sell
2024-01-03,EWI,0.0004690713470986464,Buy
2024-01-03,ANF,-0.0007065402650179263,Sell
2024-01-03,HTZ,-0.02631578947368421,Sell
2024-01-03,ORCL,-0.025840475122227004,Sell
2024-01-03,DLTR,0.051488229176764724,Buy
2024-01-03,CCL,0.001498591765652861,Buy
2024-01-03,TSM,0.0004233308696509168,Buy
2024-01-03,MS,0.0256878190165504,Buy
2024-01-03,XRT,0.02631578947368421,Buy
2024-01-03,KGC,0.0009584169251895085,Buy
2024-01-03,WMB,-0.02631578947368421,Sell
2024-01-03,TRP,-0.02631578947368421,Sell
2024-01-03,D,-0.0001150700375607272,Sell
2024-01-03,ULTA,-0.0007615848384062915,Sell
2024-01-03,PVH,0.02533925459076884,Buy
2024-01-03,RL,0.025625777279087134,Buy
2024-01-03,NTAP,-0.026274437680857136,Sell
2024-01-03,WSM,0.02511322910275175,Buy
2024-01-03,TRIP,0.02631578947368421,Buy
2024-01-03,BX,0.025032766130530588,Buy
2024-01-03,LOW,0.02631578947368421,Buy
2024-01-03,PCG,0.00018810657175148335,Buy
2024-01-03,DUK,-0.02631578947368421,Sell
2024-01-03,CME,0.0010526599529293648,Buy
2024-01-03,CP,-0.02631578947368421,Sell
2024-01-03,OHI,0.0003525188654803432,Buy
2024-01-03,SYK,0.026041115415883588,Buy
2024-01-03,CSIQ,-0.02631578947368421,Sell
2024-01-03,COF,-0.0003479108290390179,Sell
2024-01-03,ENB,-0.02631578947368421,Sell
2024-01-03,VZ,0.00011720983553922815,Buy
2024-01-03,MRK,0.00028279656734285855,Buy
2024-01-03,BMY,0.026015181323581868,Buy
2024-01-04,MET,0.00010721713473483066,Buy
2024-01-04,CNC,0.026439091680857094,Buy
2024-01-04,PPG,0.00016576912001076832,Buy
2024-01-04,AMTD,-0.02631578947368421,Sell
2024-01-04,BAX,-0.02631578947368421,Sell
2024-01-04,VWO,0.02631578947368421,Buy
2024-01-04,A,6.969757927073258e-05,Buy
2024-01-04,NVDA,0.02631578947368421,Buy
2024-01-04,DAL,-0.026590179138329603,Sell
2024-01-04,HYG,0.00014012297891871986,Buy
2024-01-04,BUD,-0.026521387948612026,Sell
2024-01-04,SPWR,-0.02631578947368421,Sell
2024-01-04,NSC,0.026058195317137493,Buy
2024-01-04,GREK,-0.02631578947368421,Sell
2024-01-04,QCOM,0.00031074174637439264,Buy
2024-01-04,JNJ,0.026222649301852124,Buy
2024-01-04,STI,-0.02631578947368421,Sell
2024-01-04,NDAQ,-0.0262969218938895,Sell
2024-01-04,TRV,0.00013269461981013642,Buy
2024-01-04,DPZ,0.02631578947368421,Buy
2024-01-04,BDX,-0.00022900059623103333,Sell
2024-01-04,EBAY,0.025662672676903017,Buy
2024-01-04,WFC,-0.02631578947368421,Sell
2024-01-04,EOG,0.02631578947368421,Buy
2024-01-04,QQQ,0.02631578947368421,Buy
2024-01-04,EWI,-0.026571182364251433,Sell
2024-01-04,ANF,0.0010696172263254325,Buy
2024-01-04,HTZ,0.026578002174047682,Buy
2024-01-04,ORCL,0.02631578947368421,Buy
2024-01-04,DLTR,-0.02617435685449569,Sell
2024-01-04,CCL,-0.053397550297103476,Sell
2024-01-04,TSM,0.0003104688159710038,Buy
2024-01-04,MS,-0.02631578947368421,Sell
2024-01-04,XRT,-0.026229104277574713,Sell
2024-01-04,KGC,-0.00014612912436824665,Sell
2024-01-04,GOLD,-0.02631578947368421,Sell
2024-01-04,WMB,0.025923523613386026,Buy
2024-01-04,TRP,0.026417820562131558,Buy
2024-01-04,D,0.02615334636386191,Buy
2024-01-04,ULTA,-0.00030939535107411126,Sell
2024-01-04,HUM,0.02631578947368421,Buy
2024-01-04,NTAP,-0.02631578947368421,Sell
2024-01-04,WSM,-0.02631578947368421,Sell
2024-01-04,TRIP,-0.027218032934388865,Sell
2024-01-04,LOW,0.00016762910023242206,Buy
2024-01-04,PCG,0.00041785328113962475,Buy
2024-01-04,DUK,0.026201009571489308,Buy
2024-01-04,CME,-0.00013588565776029293,Sell
2024-01-04,CP,0.00010898234122572181,Buy
2024-01-04,OHI,4.624948927188857e-05,Buy
2024-01-04,CSIQ,0.025443920614615197,Buy
2024-01-04,XLE,0.02631578947368421,Buy
2024-01-04,M,-0.02631578947368421,Sell
2024-01-04,COF,0.026087172246696398,Buy
2024-01-04,ENB,0.026299762888248545,Buy
2024-01-04,VZ,0.026419065816760828,Buy
2024-01-04,MRK,0.0004752373572836817,Buy
2024-01-04,BMY,-0.02631578947368421,Sell
2024-01-05,MET,0.0005766252680300572,Buy
2024-01-05,PPG,-0.02652161663556191,Sell
2024-01-05,AMTD,1.8643039931664357e-05,Buy
2024-01-05,BAX,0.0003799450964460209,Buy
2024-01-05,VWO,-5.772557462961972e-05,Sell
2024-01-05,A,-0.026245983404867272,Sell
2024-01-05,NVDA,-0.0006216146044074299,Sell
2024-01-05,DAL,-0.02631578947368421,Sell
2024-01-05,HYG,-3.926501572197941e-05,Sell
2024-01-05,SPWR,-0.0013405522224831726,Sell
2024-01-05,CAG,0.02631578947368421,Buy
2024-01-05,GREK,0.026320319621188706,Buy
2024-01-05,QCOM,-0.00012694627094377367,Sell
2024-01-05,STI,0.00010526946267382445,Buy
2024-01-05,KMB,0.02631578947368421,Buy
2024-01-05,NDAQ,0.02631578947368421,Buy
2024-01-05,TRV,9.113509243624182e-05,Buy
2024-01-05,DPZ,-0.02625305226761886,Sell
2024-01-05,VTR,0.02631578947368421,Buy
2024-01-05,BDX,7.025610903955287e-05,Buy
2024-01-05,WFC,0.0003606523890240937,Buy
2024-01-05,EOG,0.00012062509035402555,Buy
2024-01-05,QQQ,-4.9877411133335964e-05,Sell
2024-01-05,ANF,-0.0005393619721417858,Sell
2024-01-05,ORCL,-0.026370369494856674,Sell
2024-01-05,CCL,0.0007688246939855474,Buy
2024-01-05,TSM,-0.00014615776635789474,Sell
2024-01-05,MS,0.026645926429445868,Buy
2024-01-05,KEY,-0.02631578947368421,Sell
2024-01-05,KGC,0.00020995590746219692,Buy
2024-01-05,GOLD,0.02622647081295119,Buy
2024-01-05,WMB,0.02631578947368421,Buy
2024-01-05,D,-0.02631578947368421,Sell
2024-01-05,ULTA,0.0001421934700116187,Buy
2024-01-05,HUM,0.0004481697749942719,Buy
2024-01-05,NTAP,0.02603149293598852,Buy
2024-01-05,WSM,0.0001454640326308959,Buy
2024-01-05,LOW,-0.026495267239547513,Sell
2024-01-05,PCG,-0.026602091311305094,Sell
2024-01-05,NTES,0.02631578947368421,Buy
2024-01-05,CME,0.00044247599482232294,Buy
2024-01-05,CP,0.026111925262721228,Buy
2024-01-05,OHI,9.356868101387597e-05,Buy
2024-01-05,SYK,0.02631578947368421,Buy
2024-01-05,XLE,-0.026356217869363107,Sell
2024-01-05,M,7.473377010474777e-05,Buy
2024-01-05,COF,-0.02631578947368421,Sell
2024-01-05,ENB,-0.02631578947368421,Sell
2024-01-05,VZ,-0.02631578947368421,Sell
2024-01-05,CAT,-0.02631578947368421,Sell
2024-01-05,MRK,0.02638169330384844,Buy
2024-01-05,BMY,0.0264305809683196,Buy
2024-01-08,MET,0.02651007805371699,Buy
2024-01-08,CNC,0.02631578947368421,Buy
2024-01-08,AMTD,0.02613363532293772,Buy
2024-01-08,BAX,0.0009788970281897937,Buy
2024-01-08,VWO,-1.093151528371028e-05,Sell
2024-01-08,CF,0.02631578947368421,Buy
2024-01-08,HP,0.02631578947368421,Buy
2024-01-08,XLP,0.02631578947368421,Buy
2024-01-08,NVDA,-0.027970666585270487,Sell
2024-01-08,WEN,-0.02631578947368421,Sell
2024-01-08,DAL,0.0006721199717873994,Buy
2024-01-08,HYG,-0.026428662996347316,Sell
2024-01-08,SPWR,0.02681763503000707,Buy
2024-01-08,RRC,0.02631578947368421,Buy
2024-01-08,CAG,-0.026765732608450558,Sell
2024-01-08,QCOM,-0.026723377782459107,Sell
2024-01-08,STI,-0.002464449245657318,Sell
2024-01-08,KMB,-0.0001718714353670138,Sell
2024-01-08,NDAQ,-0.02677225500893824,Sell
2024-01-08,HAS,-0.02631578947368421,Sell
2024-01-08,TRV,0.02617782558094884,Buy
2024-01-08,VTR,1.8314210210798598e-05,Buy
2024-01-08,DHI,-0.02631578947368421,Sell
2024-01-08,BDX,-0.02689355962741535,Sell
2024-01-08,WFC,0.026281282840912724,Buy
2024-01-08,EOG,0.0006043193036609495,Buy
2024-01-08,QQQ,-0.026824462989466242,Sell
2024-01-08,ANF,0.0016142419098320211,Buy
2024-01-08,DLTR,-0.02631578947368421,Sell
2024-01-08,CCL,0.026311610384709222,Buy
2024-01-08,TSM,-0.02697518551003451,Sell
2024-01-08,KEY,0.026388989777943107,Buy
2024-01-08,ILMN,-0.02631578947368421,Sell
2024-01-08,KGC,0.00012655670037493502,Buy
2024-01-08,WMB,-3.942983140812692e-05,Sell
2024-01-08,KO,0.02631578947368421,Buy
2024-01-08,D,0.026265205540529992,Buy
2024-01-08,ULTA,0.000625983891546153,Buy
2024-01-08,PVH,-0.02631578947368421,Sell
2024-01-08,EW,-0.02631578947368421,Sell
2024-01-08,RL,-0.02631578947368421,Sell
2024-01-08,HUM,-0.00010714864893092771,Sell
2024-01-08,NTAP,-0.02631578947368421,Sell
2024-01-08,WSM,0.0004050124217513905,Buy
2024-01-08,TRIP,0.02631578947368421,Buy
2024-01-08,MRVL,-0.02631578947368421,Sell
2024-01-08,PCG,0.02631578947368421,Buy
2024-01-08,NTES,0.00034576714900878824,Buy
2024-01-08,RF,-0.02631578947368421,Sell
2024-01-08,CME,-8.687876756404908e-05,Sell
2024-01-08,OHI,-0.00025096841327245517,Sell
2024-01-08,SYK,-0.026695088912572537,Sell
2024-01-08,XLE,0.02631578947368421,Buy
2024-01-08,M,0.0003704693196710969,Buy
2024-01-08,COF,0.026537316139403886,Buy
2024-01-08,ENB,0.00033070476544209276,Buy
2024-01-08,VZ,0.026215902374260663,Buy
2024-01-08,CAT,0.026583277057712507,Buy
2024-01-09,CNC,-0.026807975320631724,Sell
2024-01-09,BAX,5.6140194307330304e-05,Buy
2024-01-09,VWO,0.00024304239121000423,Buy
2024-01-09,CF,0.00020718846918488937,Buy
2024-01-09,HP,-0.02614668632509958,Sell
2024-01-09,XLP,-0.02644750430410169,Sell
2024-01-09,WEN,0.00025171987952582464,Buy
2024-01-09,DAL,0.0004998374938104122,Buy
2024-01-09,RRC,-0.0263442032300206,Sell
2024-01-09,CAG,-0.02631578947368421,Sell
2024-01-09,GREK,-0.02631578947368421,Sell
2024-01-09,STI,-0.002539001409005516,Sell
2024-01-09,KMB,-0.026470479362413854,Sell
2024-01-09,HAS,0.026505389861546328,Buy
2024-01-09,DPZ,-0.02631578947368421,Sell
2024-01-09,VTR,0.00019730993582134718,Buy
2024-01-09,DHI,0.026288335035108638,Buy
2024-01-09,EWC,0.02631578947368421,Buy
2024-01-09,BBT,0.02631578947368421,Buy
2024-01-09,BDX,0.02631578947368421,Buy
2024-01-09,EOG,0.0003181455464732752,Buy
2024-01-09,EWI,0.02631578947368421,Buy
2024-01-09,ANF,-0.0005432384649528277,Sell
2024-01-09,DLTR,0.00015274358536400065,Buy
2024-01-09,ILMN,0.0012625421579767204,Buy
2024-01-09,KGC,0.00035461311606958465,Buy
2024-01-09,WMB,0.00010756768982959908,Buy
2024-01-09,TRP,0.02631578947368421,Buy
2024-01-09,KO,-0.026330139480123128,Sell
2024-01-09,ULTA,0.00017732453826972347,Buy
2024-01-09,PVH,9.320379903583406e-05,Buy
2024-01-09,EW,0.00011840290939043457,Buy
2024-01-09,RL,0.025980834700608784,Buy
2024-01-09,HUM,1.981604947893026e-05,Buy
2024-01-09,NTAP,9.023534933743846e-05,Buy
2024-01-09,WSM,-2.864643538571382e-05,Sell
2024-01-09,NWSA,0.02631578947368421,Buy
2024-01-09,TRIP,0.0016786456245086803,Buy
2024-01-09,MRVL,0.026115082483803315,Buy
2024-01-09,PCG,-0.026393029929351722,Sell
2024-01-09,NTES,-0.026182283341288654,Sell
2024-01-09,RF,0.025851115235716107,Buy
2024-01-09,CME,0.0003354697732329895,Buy
2024-01-09,OHI,0.00045273987351560074,Buy
2024-01-09,BSX,-0.02631578947368421,Sell
2024-01-09,XLE,0.0003596834391806497,Buy
2024-01-09,M,-2.02011468909101e-05,Sell
2024-01-09,ENB,0.052332667724051124,Buy
2024-01-09,MT,0.02631578947368421,Buy
2024-01-09,CAT,-0.02631578947368421,Sell
2024-01-09,MRK,-0.02631578947368421,Sell
2024-01-10,BAX,0.026043226306397965,Buy
2024-01-10,VWO,5.962685067466278e-05,Buy
2024-01-10,CF,0.00013399878326204526,Buy
2024-01-10,WEN,0.02608196383348054,Buy
2024-01-10,DAL,-0.00016381382629828897,Sell
2024-01-10,BUD,-0.02631578947368421,Sell
2024-01-10,SPWR,0.02631578947368421,Buy
2024-01-10,CAG,0.026201714280004645,Buy
2024-01-10,GREK,0.0264397307266959,Buy
2024-01-10,STI,-0.0007707817959544429,Sell
2024-01-10,HAS,-0.02631578947368421,Sell
2024-01-10,DPZ,0.0002222841599217422,Buy
2024-01-10,VTR,-0.026511259197215423,Sell
2024-01-10,DHI,-0.02631578947368421,Sell
2024-01-10,EWC,-0.02634023354605225,Sell
2024-01-10,BBT,-0.05339161344830714,Sell
2024-01-10,BDX,-2.9589595287430465e-05,Sell
2024-01-10,WFC,0.02631578947368421,Buy
2024-01-10,EOG,0.00027794844548732073,Buy
2024-01-10,EWI,-0.026469950966662274,Sell
2024-01-10,ANF,0.0007214383904585939,Buy
2024-01-10,HTZ,-0.02631578947368421,Sell
2024-01-10,DLTR,0.02620242298553783,Buy
2024-01-10,CCL,-0.02631578947368421,Sell
2024-01-10,KEY,0.02631578947368421,Buy
2024-01-10,ILMN,0.0001339905627667816,Buy
2024-01-10,KGC,-0.00010739883381749235,Sell
2024-01-10,WMB,0.0001743773560741839,Buy
2024-01-10,TRP,-0.026348857344067843,Sell
2024-01-10,D,0.02631578947368421,Buy
2024-01-10,ULTA,-0.0002582625313643054,Sell
2024-01-10,PVH,0.0003448546546886179,Buy
2024-01-10,EW,6.711307993596469e-05,Buy
2024-01-10,HUM,4.599167838230736e-05,Buy
2024-01-10,NTAP,0.00014676878941459123,Buy
2024-01-10,WSM,-0.00011804739187075072,Sell
2024-01-10,NWSA,9.84264489663697e-05,Buy
2024-01-10,TRIP,-0.0004276923909947612,Sell
2024-01-10,MRVL,-0.02631578947368421,Sell
2024-01-10,RF,0.02631578947368421,Buy
2024-01-10,CME,-6.528353213303487e-05,Sell
2024-01-10,CP,-0.02631578947368421,Sell
2024-01-10,OHI,-0.00028956235848864517,Sell
2024-01-10,BSX,0.02640663443787296,Buy
2024-01-10,XLE,0.0002918804190499766,Buy
2024-01-10,M,0.02618581447227931,Buy
2024-01-10,COF,0.02631578947368421,Buy
2024-01-10,ENB,-0.02642562005960431,Sell
2024-01-10,MT,-0.026457541232554366,Sell
2024-01-10,CAT,0.026377704025786583,Buy
2024-01-10,MRK,6.20271085220829e-05,Buy
2024-01-10,BMY,0.02631578947368421,Buy
2024-01-11,AMTD,0.02631578947368421,Buy
2024-01-11,VWO,-0.02683455901294882,Sell
2024-01-11,CF,-0.026960697230482812,Sell
2024-01-11,DAL,0.0005005216726357634,Buy
2024-01-11,BUD,0.026313148095485205,Buy
2024-01-11,SPWR,-0.05167160939921622,Sell
2024-01-11,STI,0.013407793799412496,Buy
2024-01-11,HAS,0.026062978819842333,Buy
2024-01-11,TRV,-0.02631578947368421,Sell
2024-01-11,DPZ,0.00025500612137765305,Buy
2024-01-11,DHI,0.0004848906035427314,Buy
2024-01-11,EWC,0.02631578947368421,Buy
2024-01-11,BBT,0.02600334984752497,Buy
2024-01-11,BDX,-0.05265585136336168,Sell
2024-01-11,MU,-0.02631578947368421,Sell
2024-01-11,WFC,-0.02669935680669396,Sell
2024-01-11,EOG,-0.0004030230505959083,Sell
2024-01-11,SIRI,0.02631578947368421,Buy
2024-01-11,ANF,0.0008805841175159937,Buy
2024-01-11,HTZ,-0.0007378068169391211,Sell
2024-01-11,CCL,0.02634541441418322,Buy
2024-01-11,KEY,-0.026591780853130468,Sell
2024-01-11,ILMN,0.0004775506626330632,Buy
2024-01-11,KGC,-0.02672113437926755,Sell
2024-01-11,WMB,-6.403264530299019e-05,Sell
2024-01-11,TRP,0.02631578947368421,Buy
2024-01-11,D,5.180980597511639e-05,Buy
2024-01-11,ULTA,0.000512026240879971,Buy
2024-01-11,PVH,0.0004990360066457686,Buy
2024-01-11,EW,0.026377114404912888,Buy
2024-01-11,HUM,-0.00016728236436305138,Sell
2024-01-11,NTAP,0.0004947624307119203,Buy
2024-01-11,WSM,0.0009800214335039213,Buy
2024-01-11,NWSA,-0.026754270137371878,Sell
2024-01-11,TRIP,0.0002001574497120101,Buy
2024-01-11,MRVL,0.0014332466311181603,Buy
2024-01-11,PCG,0.02631578947368421,Buy
2024-01-11,DUK,0.02631578947368421,Buy
2024-01-11,RF,8.896402773343748e-05,Buy
2024-01-11,CME,-0.052843767961287647,Sell
2024-01-11,CP,0.05241045323805192,Buy
2024-01-11,OHI,-0.026747438423765847,Sell
2024-01-11,SYK,-0.02631578947368421,Sell
2024-01-11,XLE,-0.026789941201833676,Sell
2024-01-11,M,0.02631578947368421,Buy
2024-01-11,COF,-0.00028100142570066863,Sell
2024-01-11,ENB,0.02631578947368421,Buy
2024-01-11,MT,0.02631578947368421,Buy
2024-01-11,VZ,0.02631578947368421,Buy
2024-01-11,CAT,-0.02631578947368421,Sell
2024-01-11,MRK,0.026624465116154943,Buy
2024-01-11,BMY,-0.00017326400801343303,Sell
2024-01-12,AMTD,-0.0002105083281175521,Sell
2024-01-12,A,-0.02631578947368421,Sell
2024-01-12,CF,0.02631578947368421,Buy
2024-01-12,DAL,0.05034028278874013,Buy
2024-01-12,SPWR,-0.0007364888592284805,Sell
2024-01-12,NSC,-0.02631578947368421,Sell
2024-01-12,RRC,-0.02631578947368421,Sell
2024-01-12,QCOM,-0.02631578947368421,Sell
2024-01-12,STI,0.06152132564842729,Buy
2024-01-12,TRV,0.00016900412813447216,Buy
2024-01-12,DPZ,4.350883397116756e-05,Buy
2024-01-12,VTR,-0.02631578947368421,Sell
2024-01-12,DHI,-0.00010494640941869499,Sell
2024-01-12,EWC,-0.026427734093341936,Sell
2024-01-12,BDX,0.052848625536329255,Buy
2024-01-12,MU,0.026074856610837794,Buy
2024-01-12,EBAY,0.02631578947368421,Buy
2024-01-12,WFC,0.02631578947368421,Buy
2024-01-12,EOG,-0.026636939574133607,Sell
2024-01-12,EWI,-0.02631578947368421,Sell
2024-01-12,SIRI,-0.026240245174604063,Sell
2024-01-12,ANF,-0.0003641697972661534,Sell
2024-01-12,HTZ,0.024592602657872557,Buy
2024-01-12,CCL,0.02631578947368421,Buy
2024-01-12,ALK,0.02631578947368421,Buy
2024-01-12,KEY,0.02631578947368421,Buy
2024-01-12,ILMN,0.02583547606791292,Buy
2024-01-12,WMB,-0.0001817780335109237,Sell
2024-01-12,TRP,-0.026458378504330377,Sell
2024-01-12,D,-0.02651459185690244,Sell
2024-01-12,ULTA,3.455688852256958e-05,Buy
2024-01-12,PVH,0.025724428532888206,Buy
2024-01-12,RL,0.02631578947368421,Buy
2024-01-12,HUM,0.0008687588689193469,Buy
2024-01-12,NTAP,-9.431409191695134e-06,Sell
2024-01-12,WSM,0.00028685148042142256,Buy
2024-01-12,TRIP,-0.02600557938994039,Sell
2024-01-12,PCG,1.4572213424737107e-05,Buy
2024-01-12,DUK,-0.026747203232871396,Sell
2024-01-12,RF,0.00033658809522171124,Buy
2024-01-12,CME,0.026544532458379892,Buy
2024-01-12,CP,-0.026514638905738533,Sell
2024-01-12,OHI,0.02631578947368421,Buy
2024-01-12,SYK,0.00040951103436951894,Buy
2024-01-12,BSX,-0.02631578947368421,Sell
2024-01-12,M,3.78352803488205e-05,Buy
2024-01-12,COF,-0.026259733931091718,Sell
2024-01-12,ENB,-0.02654989101796811,Sell
2024-01-12,ZUMZ,0.02631578947368421,Buy
2024-01-12,MT,-4.587380982696079e-05,Sell
2024-01-12,VZ,-0.026850927456438575,Sell
2024-01-12,CAT,-7.354018027480244e-05,Sell
2024-01-12,MRK,-0.02631578947368421,Sell
2024-01-12,BMY,-0.0264386414333599,Sell
2024-01-16,MET,0.02631578947368421,Buy
2024-01-16,PPG,0.02631578947368421,Buy
2024-01-16,AMTD,-0.026719219895945105,Sell
2024-01-16,BAX,0.02631578947368421,Buy
2024-01-16,VWO,0.02631578947368421,Buy
2024-01-16,A,0.000386287631238446,Buy
2024-01-16,CF,-3.546399014191584e-05,Sell
2024-01-16,DAL,-0.026009968761803382,Sell
2024-01-16,HYG,0.02631578947368421,Buy
2024-01-16,BUD,0.02631578947368421,Buy
2024-01-16,SPWR,-0.0006713506009637452,Sell
2024-01-16,NSC,0.02665293766623395,Buy
2024-01-16,RRC,0.025700338506970122,Buy
2024-01-16,CAG,0.02631578947368421,Buy
2024-01-16,QCOM,0.000563578589686746,Buy
2024-01-16,STI,-0.0430301621978134,Sell
2024-01-16,TRV,0.0005453711958724496,Buy
2024-01-16,DPZ,0.0013388525502934234,Buy
2024-01-16,VTR,0.000518838084748792,Buy
2024-01-16,DHI,0.00022697645969345717,Buy
2024-01-16,EWC,0.02631578947368421,Buy
2024-01-16,BDX,-0.02656058514575989,Sell
2024-01-16,MU,-0.02631578947368421,Sell
2024-01-16,EBAY,-0.026373647866978444,Sell
2024-01-16,WFC,-6.157154583985233e-05,Sell
2024-01-16,EOG,0.02631578947368421,Buy
2024-01-16,EWI,-5.292175138180144e-05,Sell
2024-01-16,ANF,0.0009677203732876942,Buy
2024-01-16,CCL,-0.02681434622032396,Sell
2024-01-16,MS,0.02631578947368421,Buy
2024-01-16,ALK,-0.026134660071768727,Sell
2024-01-16,KEY,0.00013822263502223306,Buy
2024-01-16,KGC,0.02631578947368421,Buy
2024-01-16,WMB,-0.02643647567827429,Sell
2024-01-16,ULTA,5.209830337879473e-05,Buy
2024-01-16,PVH,-0.02631578947368421,Sell
2024-01-16,EW,-0.02631578947368421,Sell
2024-01-16,RL,-0.026626729146680843,Sell
2024-01-16,HUM,-0.026708997860201474,Sell
2024-01-16,NTAP,0.026485365633808905,Buy
2024-01-16,WSM,0.00026264199426381113,Buy
2024-01-16,NWSA,0.02631578947368421,Buy
2024-01-16,LOW,-0.02631578947368421,Sell
2024-01-16,MRVL,0.0003232848289231108,Buy
2024-01-16,PCG,-0.026094099436933107,Sell
2024-01-16,RF,-0.026222045205251725,Sell
2024-01-16,OHI,-4.857024623411421e-06,Sell
2024-01-16,SYK,0.0005069614239698178,Buy
2024-01-16,BSX,0.026842235424339868,Buy
2024-01-16,M,0.00014459606588977658,Buy
2024-01-16,ENB,0.02631578947368421,Buy
2024-01-16,ZUMZ,-0.026335283882364488,Sell
2024-01-16,MT,0.00011268088006939625,Buy
2024-01-16,VZ,-0.02631578947368421,Sell
2024-01-16,CAT,0.02641170933862854,Buy
2024-01-16,MRK,0.026672612180476635,Buy
2024-01-17,MET,0.00023403743407738806,Buy
2024-01-17,PPG,-0.05258608499989485,Sell
2024-01-17,AMTD,-0.02631578947368421,Sell
2024-01-17,BAX,0.0001639727751639522,Buy
2024-01-17,VWO,0.00027417311774478523,Buy
2024-01-17,A,0.02590780850856348,Buy
2024-01-17,CF,0.0002498429586414788,Buy
2024-01-17,HYG,3.345628055478542e-05,Buy
2024-01-17,BUD,0.000289949587782834,Buy
2024-01-17,SPWR,-0.000575069715416595,Sell
2024-01-17,CAG,-0.026699919238205087,Sell
2024-01-17,GREK,-0.02631578947368421,Sell
2024-01-17,QCOM,0.02605846830809795,Buy
2024-01-17,STI,0.0013070386170956592,Buy
2024-01-17,TRV,0.00018535881859776948,Buy
2024-01-17,DPZ,-0.00014001253537981526,Sell
2024-01-17,VTR,0.02568378685916466,Buy
2024-01-17,DHI,0.026217448246917092,Buy
2024-01-17,EWC,0.00026553602562095005,Buy
2024-01-17,BBT,0.02631578947368421,Buy
2024-01-17,MU,0.025980230914981247,Buy
2024-01-17,EBAY,0.02631578947368421,Buy
2024-01-17,WFC,-0.026310580458744067,Sell
2024-01-17,EOG,0.0002760608879723049,Buy
2024-01-17,EWI,0.02627635621225883,Buy
2024-01-17,SIRI,-0.02631578947368421,Sell
2024-01-17,ANF,0.00023416810371596625,Buy
2024-01-17,HTZ,-0.02631578947368421,Sell
2024-01-17,MS,0.0003996026781317337,Buy
2024-01-17,MAR,-0.02631578947368421,Sell
2024-01-17,KEY,7.234245780719448e-05,Buy
2024-01-17,ILMN,-0.02631578947368421,Sell
2024-01-17,KGC,0.0008583024309822794,Buy
2024-01-17,TRP,0.02631578947368421,Buy
2024-01-17,ULTA,-0.00010085780643767639,Sell
2024-01-17,PVH,-0.0004286692768543654,Sell
2024-01-17,EW,1.871232520818042e-05,Buy
2024-01-17,WSM,0.00019898027857796416,Buy
2024-01-17,NWSA,0.00022071407276367389,Buy
2024-01-17,LOW,0.026110160395210212,Buy
2024-01-17,MRVL,1.489884791933127e-05,Buy
2024-01-17,PCG,0.02631578947368421,Buy
2024-01-17,OHI,-0.025818301356561282,Sell
2024-01-17,SYK,0.02634391783068416,Buy
2024-01-17,CSIQ,-0.02631578947368421,Sell
2024-01-17,BSX,-0.02631578947368421,Sell
2024-01-17,M,0.0003709708037899183,Buy
2024-01-17,ENB,0.00031685416261705013,Buy
2024-01-17,MT,-0.026304305688478857,Sell
2024-01-17,VZ,0.026112988621956015,Buy
2024-01-17,CAT,0.02631578947368421,Buy
2024-01-18,MET,-0.026702921163000975,Sell
2024-01-18,CNC,0.02631578947368421,Buy
2024-01-18,PPG,0.026928080571111533,Buy
2024-01-18,AMTD,0.02627160542000934,Buy
2024-01-18,BAX,-0.026683734654534483,Sell
2024-01-18,VWO,-0.02673727720601848,Sell
2024-01-18,A,-0.02631578947368421,Sell
2024-01-18,CF,-0.026510009342234603,Sell
2024-01-18,HYG,-0.00032021483497811365,Sell
2024-01-18,BUD,-0.00025641592911661293,Sell
2024-01-18,SPWR,0.0270312051510117,Buy
2024-01-18,NSC,-0.02631578947368421,Sell
2024-01-18,CAG,0.02631578947368421,Buy
2024-01-18,GREK,0.026838878196488183,Buy
2024-01-18,QCOM,-0.02631578947368421,Sell
2024-01-18,STI,0.004230899997808773,Buy
2024-01-18,TRV,0.00037929366586775606,Buy
2024-01-18,DPZ,0.0004870287643944024,Buy
2024-01-18,VTR,0.02631578947368421,Buy
2024-01-18,EWC,-0.026707972237607524,Sell
2024-01-18,BBT,-0.026569385776974375,Sell
2024-01-18,EBAY,-0.0003433281878522168,Sell
2024-01-18,EOG,-0.000135146512495566,Sell
2024-01-18,EWI,-0.02631578947368421,Sell
2024-01-18,SIRI,0.0007702305377598889,Buy
2024-01-18,ANF,0.02592865779274862,Buy
2024-01-18,HTZ,0.02858377300813244,Buy
2024-01-18,DLTR,0.02631578947368421,Buy
2024-01-18,TSM,-0.02631578947368421,Sell
2024-01-18,MS,-0.00010429479388798443,Sell
2024-01-18,MAR,0.0008462343716613314,Buy
2024-01-18,KEY,0.000964269418018332,Buy
2024-01-18,ILMN,0.00040022582828128095,Buy
2024-01-18,KGC,-0.0003138418521086879,Sell
2024-01-18,WMB,0.02631578947368421,Buy
2024-01-18,TRP,-0.00017601220841504187,Sell
2024-01-18,D,0.02631578947368421,Buy
2024-01-18,ULTA,0.00041894786312355464,Buy
2024-01-18,PVH,0.0005405186492362588,Buy
2024-01-18,EW,0.00048814039283052654,Buy
2024-01-18,HUM,-0.02631578947368421,Sell
2024-01-18,WSM,0.0007715780362460185,Buy
2024-01-18,NWSA,-0.02669388523379326,Sell
2024-01-18,MRVL,0.0014239383069425578,Buy
2024-01-18,PCG,-0.00013950905714380651,Sell
2024-01-18,DUK,0.02631578947368421,Buy
2024-01-18,HMC,-0.02631578947368421,Sell
2024-01-18,OHI,0.02631578947368421,Buy
2024-01-18,CSIQ,-0.0006609931152488889,Sell
2024-01-18,BSX,0.026619926028622704,Buy
2024-01-18,XLE,0.02631578947368421,Buy
2024-01-18,M,-0.02668486150740527,Sell
2024-01-18,ENB,-4.3937070125361216e-05,Sell
2024-01-18,CAT,-0.02689262571612152,Sell
2024-01-19,CNC,0.0008048645628230509,Buy
2024-01-19,PPG,0.02631578947368421,Buy
2024-01-19,A,0.026507354529286514,Buy
2024-01-19,XLP,0.02631578947368421,Buy
2024-01-19,HYG,-0.026398294757914758,Sell
2024-01-19,BUD,-0.00016834177941926765,Sell
2024-01-19,NSC,0.026330214343567592,Buy
2024-01-19,CAG,4.4564798267539285e-05,Buy
2024-01-19,QCOM,0.00124790664874265,Buy
2024-01-19,STI,0.02438821627155381,Buy
2024-01-19,KMB,0.02631578947368421,Buy
2024-01-19,TRV,0.0018078086033312193,Buy
2024-01-19,DPZ,9.001480171076312e-05,Buy
2024-01-19,VTR,-0.026602975418764843,Sell
2024-01-19,DHI,-0.02631578947368421,Sell
2024-01-19,EBAY,-0.026573500762462884,Sell
2024-01-19,WFC,-0.02631578947368421,Sell
2024-01-19,EOG,-5.719789101366404e-05,Sell
2024-01-19,EWI,0.026409048420560167,Buy
2024-01-19,SIRI,0.02664884237905827,Buy
2024-01-19,ANF,-0.02631578947368421,Sell
2024-01-19,DLTR,0.0003656856970559348,Buy
2024-01-19,TSM,0.02662662960813767,Buy
2024-01-19,MS,-0.05312194161679379,Sell
2024-01-19,MAR,0.026465962970904332,Buy
2024-01-19,KEY,-0.05414703573773147,Sell
2024-01-19,ILMN,0.0003600051871975006,Buy
2024-01-19,KGC,0.00015573143622066646,Buy
2024-01-19,GOLD,0.02631578947368421,Buy
2024-01-19,WMB,-4.583421326287765e-05,Sell
2024-01-19,TRP,-6.525576596344562e-05,Sell
2024-01-19,D,5.466267525724641e-05,Buy
2024-01-19,ULTA,-0.00012434597050383842,Sell
2024-01-19,PVH,0.000681803969961061,Buy
2024-01-19,EW,0.026307808353795602,Buy
2024-01-19,HUM,-0.0006304276393308827,Sell
2024-01-19,WSM,0.026293962872606717,Buy
2024-01-19,NWSA,-0.02631578947368421,Sell
2024-01-19,BX,-0.02631578947368421,Sell
2024-01-19,MRVL,0.0011469111312617138,Buy
2024-01-19,PCG,-0.026385059553967385,Sell
2024-01-19,DUK,4.443485983849846e-05,Buy
2024-01-19,RF,-0.02631578947368421,Sell
2024-01-19,HMC,0.026087798303662365,Buy
2024-01-19,CME,0.02631578947368421,Buy
2024-01-19,CP,-0.02631578947368421,Sell
2024-01-19,CLX,0.02631578947368421,Buy
2024-01-19,OHI,-0.0002799864252669773,Sell
2024-01-19,CSIQ,0.026208523542921566,Buy
2024-01-19,XLE,-0.026439573468445325,Sell
2024-01-19,M,0.02631578947368421,Buy
2024-01-19,COF,-0.02631578947368421,Sell
2024-01-19,ENB,-0.026493740051074178,Sell
2024-01-19,MT,0.02631578947368421,Buy
2024-01-19,CAT,-0.02631578947368421,Sell
2024-01-22,MNST,0.02631578947368421,Buy
2024-01-22,CNC,-0.026757021660116086,Sell
2024-01-22,PPG,-0.02653395654989861,Sell
2024-01-22,VWO,0.02631578947368421,Buy
2024-01-22,XLP,5.005804735569094e-05,Buy
2024-01-22,AA,-0.02631578947368421,Sell
2024-01-22,BUD,-5.7217208922179935e-05,Sell
2024-01-22,SPWR,0.02631578947368421,Buy
2024-01-22,NSC,-0.02631578947368421,Sell
2024-01-22,CAG,-0.00017960367220516,Sell
2024-01-22,QCOM,0.0002362136968916996,Buy
2024-01-22,KMB,1.4278384857013826e-05,Buy
2024-01-22,TRV,0.00035123594046962414,Buy
2024-01-22,DPZ,0.02647064094302779,Buy
2024-01-22,DHI,0.00048604152730432823,Buy
2024-01-22,BBT,-0.02631578947368421,Sell
2024-01-22,WFC,0.00030304821915228333,Buy
2024-01-22,EOG,-0.02650654935540353,Sell
2024-01-22,EWI,0.02631578947368421,Buy
2024-01-22,ANF,0.0010074694974465982,Buy
2024-01-22,DLTR,-0.02650318513492,Sell
2024-01-22,CCL,0.02631578947368421,Buy
2024-01-22,MS,0.026514569430255732,Buy
2024-01-22,KEY,0.026886232906891256,Buy
2024-01-22,ILMN,0.0006608947723672556,Buy
2024-01-22,KGC,-0.00027366901991842177,Sell
2024-01-22,GOLD,-0.026818109703736326,Sell
2024-01-22,WMB,-0.00016390357005748035,Sell
2024-01-22,TRP,-4.413762366806129e-05,Sell
2024-01-22,KO,0.02631578947368421,Buy
2024-01-22,D,6.743461168749743e-05,Buy
2024-01-22,ULTA,0.0003199989799251221,Buy
2024-01-22,PVH,-0.00016659402167148313,Sell
2024-01-22,RL,-0.02631578947368421,Sell
2024-01-22,HUM,0.000611915046276397,Buy
2024-01-22,WSM,-0.02631578947368421,Sell
2024-01-22,NWSA,0.026635589306145555,Buy
2024-01-22,BX,0.0004970732020512444,Buy
2024-01-22,MRVL,-0.0002820298881463061,Sell
2024-01-22,PCG,0.02631578947368421,Buy
2024-01-22,DUK,5.9938853213377385e-05,Buy
2024-01-22,RF,0.0007160366732823116,Buy
2024-01-22,CME,-0.02655332488313478,Sell
2024-01-22,CP,0.02627628724965752,Buy
2024-01-22,CLX,-0.026490454346666442,Sell
2024-01-22,OHI,-0.02651845011985584,Sell
2024-01-22,BSX,0.02631578947368421,Buy
2024-01-22,M,-0.027337130528124042,Sell
2024-01-22,COF,0.00042875986168692745,Buy
2024-01-22,ENB,0.02631578947368421,Buy
2024-01-22,MT,-0.02666226259020074,Sell
2024-01-22,CAT,0.00039180225563677576,Buy
2024-01-22,BMY,0.02631578947368421,Buy
2024-01-23,MNST,0.00046903978925368073,Buy
2024-01-23,CNC,0.02631578947368421,Buy
2024-01-23,BAX,0.02631578947368421,Buy
2024-01-23,VWO,-2.637183155993622e-05,Sell
2024-01-23,XLP,-0.026480567004460612,Sell
2024-01-23,AA,0.001672327277699285,Buy
2024-01-23,HYG,0.02631578947368421,Buy
2024-01-23,BUD,0.00011187993146687808,Buy
2024-01-23,SPWR,-0.00191221792108456,Sell
2024-01-23,NSC,0.026350488741209304,Buy
2024-01-23,CAG,-0.026815599110850862,Sell
2024-01-23,QCOM,-1.224143450872725e-05,Sell
2024-01-23,JNJ,0.02631578947368421,Buy
2024-01-23,KMB,-0.02675444260098037,Sell
2024-01-23,TRV,-0.0004729655988887811,Sell
2024-01-23,VTR,0.02631578947368421,Buy
2024-01-23,DHI,0.05009115883391169,Buy
2024-01-23,BBT,0.02587600406258015,Buy
2024-01-23,WFC,0.00019827161441667712,Buy
2024-01-23,EOG,0.02631578947368421,Buy
2024-01-23,QQQ,-0.02631578947368421,Sell
2024-01-23,EWI,0.00023066324791387594,Buy
2024-01-23,ANF,-0.0006357516017907634,Sell
2024-01-23,CCL,0.0007341571093288819,Buy
2024-01-23,MS,-0.02631578947368421,Sell
2024-01-23,MAR,-0.02631578947368421,Sell
2024-01-23,ILMN,0.0002325196940466505,Buy
2024-01-23,KGC,-0.026773433540855634,Sell
2024-01-23,WMB,-0.026180169690241478,Sell
2024-01-23,TRP,-0.026364637137076243,Sell
2024-01-23,KO,-0.02631871613618806,Sell
2024-01-23,D,0.00027713224460962707,Buy
2024-01-23,ULTA,4.4587322523680084e-05,Buy
2024-01-23,PVH,-0.0002340378274828768,Sell
2024-01-23,RL,-0.00022304785810576752,Sell
2024-01-23,HUM,-0.00025640840698924056,Sell
2024-01-23,WSM,4.786275657885086e-06,Buy
2024-01-23,BX,0.025764665662598406,Buy
2024-01-23,MRVL,6.288112549758529e-05,Buy
2024-01-23,PCG,0.00034032475272871565,Buy
2024-01-23,DUK,-0.02634715181363909,Sell
2024-01-23,RF,0.026058225323949823,Buy
2024-01-23,CME,0.02631578947368421,Buy
2024-01-23,OHI,0.02631578947368421,Buy
2024-01-23,CSIQ,-0.02631578947368421,Sell
2024-01-23,BSX,0.00017195344272560517,Buy
2024-01-23,M,0.02631578947368421,Buy
2024-01-23,COF,-0.00010404001350979367,Sell
2024-01-23,ENB,-0.026217547641131655,Sell
2024-01-23,VZ,-0.02631578947368421,Sell
2024-01-23,CAT,-0.00010568375561198148,Sell
2024-01-23,BMY,-0.026486246478441902,Sell
2024-01-24,MNST,0.00019791488420416517,Buy
2024-01-24,CNC,-0.026327106368497114,Sell
2024-01-24,PPG,0.02631578947368421,Buy
2024-01-24,BAX,0.00033120164988205414,Buy
2024-01-24,VWO,-0.02669494024551253,Sell
2024-01-24,XLP,0.02631578947368421,Buy
2024-01-24,NVDA,-0.02631578947368421,Sell
2024-01-24,AA,0.02657827893854044,Buy
2024-01-24,HYG,-2.554353352303418e-05,Sell
2024-01-24,BUD,0.00022022957676579025,Buy
2024-01-24,SPWR,-0.027409207323130225,Sell
2024-01-24,GREK,-0.02631578947368421,Sell
2024-01-24,QCOM,0.000188593255607529,Buy
2024-01-24,JNJ,0.0001009526700864391,Buy
2024-01-24,KMB,0.02631578947368421,Buy
2024-01-24,TRV,3.9218534483093787e-05,Buy
2024-01-24,VTR,-0.02628315319842917,Sell
2024-01-24,DHI,0.000682585309852192,Buy
2024-01-24,BDX,0.02631578947368421,Buy
2024-01-24,MU,-0.02631578947368421,Sell
2024-01-24,WFC,0.00023774083139431468,Buy
2024-01-24,EOG,-0.02676571866882718,Sell
2024-01-24,QQQ,0.00018546986660917045,Buy
2024-01-24,EWI,-0.02651444461195664,Sell
2024-01-24,ANF,-6.86564780900227e-05,Sell
2024-01-24,CCL,0.00023649611508455223,Buy
2024-01-24,TSM,-0.02631578947368421,Sell
2024-01-24,MS,0.0002914083862984515,Buy
2024-01-24,MAR,0.00012480588298516282,Buy
2024-01-24,ILMN,8.790493766485524e-05,Buy
2024-01-24,KGC,0.02631578947368421,Buy
2024-01-24,TRP,0.02631578947368421,Buy
2024-01-24,KO,0.02631578947368421,Buy
2024-01-24,D,0.0003431640732939299,Buy
2024-01-24,ULTA,-2.2838744355331564e-05,Sell
2024-01-24,PVH,-0.0003102932890594601,Sell
2024-01-24,RL,0.026258691698625023,Buy
2024-01-24,HUM,-0.0002918944887699698,Sell
2024-01-24,WSM,0.025995831284456566,Buy
2024-01-24,BX,-0.02631578947368421,Sell
2024-01-24,MRVL,0.0006663649166584774,Buy
2024-01-24,PCG,-0.026370961873477834,Sell
2024-01-24,DUK,0.02631578947368421,Buy
2024-01-24,CME,-0.02639377395984445,Sell
2024-01-24,OHI,-0.025590322106585663,Sell
2024-01-24,CSIQ,0.025752042782985356,Buy
2024-01-24,BSX,0.0002651121490875562,Buy
2024-01-24,M,3.32271113888602e-05,Buy
2024-01-24,COF,0.0003093450851266791,Buy
2024-01-24,ENB,0.02631578947368421,Buy
2024-01-24,VZ,0.025762139572277746,Buy
2024-01-24,CAT,0.00020802693471392436,Buy
2024-01-25,MNST,0.00013264547553609035,Buy
2024-01-25,CNC,0.02631578947368421,Buy
2024-01-25,PPG,-0.02647624727574607,Sell
2024-01-25,AMTD,0.02631578947368421,Buy
2024-01-25,BAX,-0.05323196555236229,Sell
2024-01-25,VWO,0.02631578947368421,Buy
2024-01-25,XLP,-0.026401945506257917,Sell
2024-01-25,NVDA,0.026258574840306463,Buy
2024-01-25,WEN,0.02631578947368421,Buy
2024-01-25,HYG,-0.026350019028492034,Sell
2024-01-25,BUD,0.0002581396518441838,Buy
2024-01-25,GREK,0.02571585415648233,Buy
2024-01-25,QCOM,-0.0001489424048288085,Sell
2024-01-25,JNJ,6.718351585656077e-05,Buy
2024-01-25,STI,0.02631578947368421,Buy
2024-01-25,KMB,-0.00037686972595683474,Sell
2024-01-25,TRV,-9.895349052082072e-05,Sell
2024-01-25,DPZ,-0.02631578947368421,Sell
2024-01-25,VTR,0.02631578947368421,Buy
2024-01-25,DHI,-0.02659322059442107,Sell
2024-01-25,BDX,-5.708065267190712e-05,Sell
2024-01-25,MU,0.00016663110508886858,Buy
2024-01-25,WFC,0.026355976084814027,Buy
2024-01-25,QQQ,-0.00013395001465069806,Sell
2024-01-25,EWI,0.02631578947368421,Buy
2024-01-25,ANF,-9.679394775699915e-05,Sell
2024-01-25,DLTR,-0.02631578947368421,Sell
2024-01-25,CCL,-0.0004683465790653388,Sell
2024-01-25,TSM,0.026158880396162622,Buy
2024-01-25,MS,0.026284281080732688,Buy
2024-01-25,MAR,0.00034530818156048096,Buy
2024-01-25,ILMN,0.00015864721532338547,Buy
2024-01-25,KGC,-0.026825361787468388,Sell
2024-01-25,TRP,-0.0001540126013387967,Sell
2024-01-25,KO,5.491338711965943e-05,Buy
2024-01-25,D,-0.02676589089071943,Sell
2024-01-25,ULTA,0.0006233594892321899,Buy
2024-01-25,PVH,0.00023895654180991835,Buy
2024-01-25,RL,-0.02631578947368421,Sell
2024-01-25,HUM,0.04940880446512075,Buy
2024-01-25,WSM,-0.02631578947368421,Sell
2024-01-25,BX,0.00045410090773882056,Buy
2024-01-25,MRVL,-0.0009907617890705898,Sell
2024-01-25,DUK,-0.026479058471855523,Sell
2024-01-25,CME,0.02631578947368421,Buy
2024-01-25,OHI,0.02631578947368421,Buy
2024-01-25,SYK,-0.02631578947368421,Sell
2024-01-25,BSX,-0.026547042764854947,Sell
2024-01-25,M,-0.0008143763885835008,Sell
2024-01-25,COF,0.0001253636124246768,Buy
2024-01-25,ENB,-0.026289860903753032,Sell
2024-01-25,CAT,0.000741826473789408,Buy
2024-01-26,MNST,-0.02647242894135522,Sell
2024-01-26,CNC,-9.214331251836821e-05,Sell
2024-01-26,AMTD,-0.001449528410774309,Sell
2024-01-26,BAX,0.026194120602269607,Buy
2024-01-26,VWO,-1.9947298480593734e-05,Sell
2024-01-26,HP,0.02631578947368421,Buy
2024-01-26,WEN,-0.00012366994681771437,Sell
2024-01-26,BUD,7.793989705386084e-06,Buy
2024-01-26,SPWR,-0.02631578947368421,Sell
2024-01-26,QCOM,0.025690000410976466,Buy
2024-01-26,JNJ,-3.494666330042945e-06,Sell
2024-01-26,STI,0.0022099622429441225,Buy
2024-01-26,KMB,-0.00016198709013903745,Sell
2024-01-26,TRV,2.185105283963873e-06,Buy
2024-01-26,DPZ,7.888645975021383e-05,Buy
2024-01-26,VTR,8.807622217599925e-06,Buy
2024-01-26,BDX,-2.228895332961195e-05,Sell
2024-01-26,MU,0.02598974021505443,Buy
2024-01-26,QQQ,-0.00014347064570311222,Sell
2024-01-26,EWI,-0.026567381062639783,Sell
2024-01-26,ANF,0.00035773202164157344,Buy
2024-01-26,DLTR,0.00011294902782549993,Buy
2024-01-26,CCL,0.0010097221756432476,Buy
2024-01-26,TSM,-0.02631578947368421,Sell
2024-01-26,MAR,-8.648854789046825e-05,Sell
2024-01-26,ILMN,-0.0003794456837632777,Sell
2024-01-26,KGC,0.02631578947368421,Buy
2024-01-26,GOLD,0.02631578947368421,Buy
2024-01-26,TRP,-0.05298348301076687,Sell
2024-01-26,KO,-0.02642264164998846,Sell
2024-01-26,D,-0.02631578947368421,Sell
2024-01-26,ULTA,3.314191602141886e-05,Buy
2024-01-26,PVH,0.0008911752453409534,Buy
2024-01-26,RL,0.0004310151780202859,Buy
2024-01-26,HUM,-0.02676410203897161,Sell
2024-01-26,NTAP,0.02631578947368421,Buy
2024-01-26,WSM,0.02612995884743304,Buy
2024-01-26,BX,0.0002436572678272235,Buy
2024-01-26,MRVL,-0.0007238226170504548,Sell
2024-01-26,CME,-0.00016321692037650146,Sell
2024-01-26,PRGO,-0.02631578947368421,Sell
2024-01-26,OHI,-0.00012267709497273613,Sell
2024-01-26,SYK,0.02628275133685189,Buy
2024-01-26,M,-0.00012530851109706503,Sell
2024-01-26,COF,0.0012389738086831907,Buy
2024-01-26,ZUMZ,0.02631578947368421,Buy
2024-01-26,CAT,-0.00010391347280363367,Sell
2024-01-29,CNC,-0.00011005747944259694,Sell
2024-01-29,AMTD,-0.025868536245334525,Sell
2024-01-29,VWO,-0.026328922988183488,Sell
2024-01-29,HP,-0.0264977602874062,Sell
2024-01-29,WEN,-0.026624299072927772,Sell
2024-01-29,BUD,-0.00013376159938645327,Sell
2024-01-29,SPWR,0.0012284687199466092,Buy
2024-01-29,NSC,-0.02631578947368421,Sell
2024-01-29,GREK,0.02631578947368421,Buy
2024-01-29,JNJ,1.653313283634522e-05,Buy
2024-01-29,STI,-0.00387187974255122,Sell
2024-01-29,KMB,-2.8296992330929804e-05,Sell
2024-01-29,TRV,-3.201303648377868e-05,Sell
2024-01-29,DPZ,0.0009059334726484077,Buy
2024-01-29,VTR,-0.026705543526021135,Sell
2024-01-29,BDX,-0.00014005779009370126,Sell
2024-01-29,MU,-0.02631578947368421,Sell
2024-01-29,QQQ,0.00027613391893891934,Buy
2024-01-29,EWI,0.02631578947368421,Buy
2024-01-29,SIRI,0.02631578947368421,Buy
2024-01-29,ANF,0.00032609899103529585,Buy
2024-01-29,DLTR,0.00021679387882960963,Buy
2024-01-29,CCL,-0.0012038074784520847,Sell
2024-01-29,TSM,0.026259516147706146,Buy
2024-01-29,MAR,6.432475446420047e-05,Buy
2024-01-29,ILMN,0.0011464755908405823,Buy
2024-01-29,KGC,-0.00010160333276932124,Sell
2024-01-29,GOLD,-0.027512193589665456,Sell
2024-01-29,TRP,0.026462697252010583,Buy
2024-01-29,D,0.05256305553674481,Buy
2024-01-29,ULTA,0.0007745090786303102,Buy
2024-01-29,PVH,0.0005763001891301474,Buy
2024-01-29,EW,-0.02631578947368421,Sell
2024-01-29,RL,0.00025318673529058783,Buy
2024-01-29,NTAP,-0.026450905965293516,Sell
2024-01-29,WSM,0.02631578947368421,Buy
2024-01-29,NWSA,-0.02631578947368421,Sell
2024-01-29,BX,0.0006954354487277922,Buy
2024-01-29,MRVL,0.0008189983475727532,Buy
2024-01-29,NTES,0.02631578947368421,Buy
2024-01-29,CME,0.000248015983281856,Buy
2024-01-29,PRGO,0.026109843960736377,Buy
2024-01-29,OHI,-0.0002513989214597209,Sell
2024-01-29,M,0.0003137395410937466,Buy
2024-01-29,COF,-3.895940636055445e-05,Sell
2024-01-29,ZUMZ,-0.00021419245016521607,Sell
2024-01-29,VZ,0.02631578947368421,Buy
2024-01-29,CAT,0.00034239651851585007,Buy
2024-01-30,CNC,-0.026689386352323662,Sell
2024-01-30,PPG,0.02631578947368421,Buy
2024-01-30,VWO,0.02631578947368421,Buy
2024-01-30,HP,-0.02631578947368421,Sell
2024-01-30,HOG,0.02631578947368421,Buy
2024-01-30,WEN,0.02631578947368421,Buy
2024-01-30,BUD,-0.026425326017552143,Sell
2024-01-30,SPWR,0.02640416606969853,Buy
2024-01-30,NSC,-8.439597679800112e-05,Sell
2024-01-30,GREK,-0.026424691864797838,Sell
2024-01-30,JNJ,9.378963375689109e-06,Buy
2024-01-30,STI,0.004298347290697498,Buy
2024-01-30,KMB,-0.00018200463993456664,Sell
2024-01-30,TRV,0.0003910401690349549,Buy
2024-01-30,DPZ,0.00016756699184945073,Buy
2024-01-30,VTR,0.02631578947368421,Buy
2024-01-30,DHI,-0.02631578947368421,Sell
2024-01-30,BDX,9.368273493838564e-05,Buy
2024-01-30,MU,0.02554152285754172,Buy
2024-01-30,QQQ,-8.738334259127123e-05,Sell
2024-01-30,EWI,-0.026658354163664553,Sell
2024-01-30,SIRI,0.0007617631560248236,Buy
2024-01-30,ANF,0.00024671234641469864,Buy
2024-01-30,DLTR,0.025912753266352652,Buy
2024-01-30,CCL,-0.026276532296582847,Sell
2024-01-30,MS,-0.02631578947368421,Sell
2024-01-30,ALK,-0.02631578947368421,Sell
2024-01-30,MAR,0.00020396569437985956,Buy
2024-01-30,ILMN,0.00017475749806745294,Buy
2024-01-30,KGC,0.00010157896228183555,Buy
2024-01-30,D,-0.00026854772601453414,Sell
2024-01-30,ULTA,0.00012735989279766616,Buy
2024-01-30,PVH,-0.0003473980516417244,Sell
2024-01-30,EW,0.02616692933922213,Buy
2024-01-30,RL,0.0002717251579542543,Buy
2024-01-30,HUM,-0.02631578947368421,Sell
2024-01-30,WSM,3.087190644212451e-05,Buy
2024-01-30,NWSA,0.05241476702475699,Buy
2024-01-30,BX,-4.175638996735745e-05,Sell
2024-01-30,MRVL,-0.0004047708792464938,Sell
2024-01-30,NTES,-0.025944105990073997,Sell
2024-01-30,CME,-0.0002598679671675895,Sell
2024-01-30,PRGO,0.02631578947368421,Buy
2024-01-30,OHI,-9.738884506684323e-05,Sell
2024-01-30,M,-3.18059943626367e-05,Sell
2024-01-30,COF,0.00011316359815749522,Buy
2024-01-30,ZUMZ,-0.026182778983438678,Sell
2024-01-30,VZ,-0.02666789180085806,Sell
2024-01-30,CAT,0.00021984898779158282,Buy
2024-01-30,BMY,0.02631578947368421,Buy
2024-01-31,MET,0.02631578947368421,Buy
2024-01-31,PPG,0.00022885563190180522,Buy
2024-01-31,VWO,-0.02636264739331571,Sell
2024-01-31,HP,0.02622787527095887,Buy
2024-01-31,HOG,0.0004667479938117586,Buy
2024-01-31,WEN,-0.02626965647039864,Sell
2024-01-31,BUD,0.02631578947368421,Buy
2024-01-31,SPWR,0.02631578947368421,Buy
2024-01-31,NSC,-3.325817047367813e-05,Sell
2024-01-31,CAG,0.02631578947368421,Buy
2024-01-31,QCOM,-0.02631578947368421,Sell
2024-01-31,JNJ,-0.026484081821096274,Sell
2024-01-31,STI,-0.017261013027665296,Sell
2024-01-31,KMB,-0.026303679904879026,Sell
2024-01-31,TRV,-0.00012352976032904348,Sell
2024-01-31,DPZ,-0.00037198808424510066,Sell
2024-01-31,VTR,0.0001968319323510971,Buy
2024-01-31,DHI,8.196937939343799e-05,Buy
2024-01-31,EWC,0.02631578947368421,Buy
2024-01-31,BBT,0.02631578947368421,Buy
2024-01-31,BDX,-0.026753687783360326,Sell
2024-01-31,QQQ,0.0259441150128927,Buy
2024-01-31,SIRI,-4.305401377189752e-05,Sell
2024-01-31,ANF,0.0255134777469962,Buy
2024-01-31,HTZ,-0.02631578947368421,Sell
2024-01-31,MS,3.1854773108453555e-05,Buy
2024-01-31,ALK,-0.00047364716822488606,Sell
2024-01-31,MAR,0.02608591432410594,Buy
2024-01-31,KEY,0.02631578947368421,Buy
2024-01-31,ILMN,-0.0006066226329832294,Sell
2024-01-31,KGC,-9.868342767461666e-05,Sell
2024-01-31,D,-0.026450842527183913,Sell
2024-01-31,ULTA,-0.00020136479836644836,Sell
2024-01-31,PVH,0.025674622878855642,Buy
2024-01-31,EW,-0.02631578947368421,Sell
2024-01-31,RL,0.025958307486388187,Buy
2024-01-31,HUM,0.00023299463650961957,Buy
2024-01-31,NTAP,0.02631578947368421,Buy
2024-01-31,WSM,0.0008019546978989128,Buy
2024-01-31,NWSA,-0.02629168292094038,Sell
2024-01-31,BX,0.025890306699718684,Buy
2024-01-31,LOW,-0.02631578947368421,Sell
2024-01-31,MRVL,-0.0002878283507292932,Sell
2024-01-31,RF,0.02631578947368421,Buy
2024-01-31,CME,-0.026427742990492734,Sell
2024-01-31,CP,-0.02631578947368421,Sell
2024-01-31,PRGO,0.000394747484132818,Buy
2024-01-31,OHI,0.00013326439830508782,Buy
2024-01-31,SYK,-0.02631578947368421,Sell
2024-01-31,CSIQ,-0.02631578947368421,Sell
2024-01-31,BSX,-0.02631578947368421,Sell
2024-01-31,M,0.00033632289691316875,Buy
2024-01-31,COF,0.025834303627158182,Buy
2024-01-31,ENB,0.02631578947368421,Buy
2024-01-31,CAT,-0.00023978085883475872,Sell
2024-01-31,BMY,-0.026183802307765246,Sell
2024-02-01,MET,0.0013746926659617235,Buy
2024-02-01,PPG,-0.026542553808638267,Sell
2024-02-01,BAX,-0.02631578947368421,Sell
2024-02-01,HOG,-0.027214486341127057,Sell
2024-02-01,BUD,-0.026846209370409414,Sell
2024-02-01,SPWR,-0.02665822247145451,Sell
2024-02-01,NSC,0.0025543260532819856,Buy
2024-02-01,ICE,-0.02631578947368421,Sell
2024-02-01,RRC,0.02631578947368421,Buy
2024-02-01,CAG,-0.02691005831059771,Sell
2024-02-01,QCOM,0.05145378419631209,Buy
2024-02-01,JNJ,0.02631578947368421,Buy
2024-02-01,STI,0.02631578947368421,Buy
2024-02-01,NDAQ,0.02631578947368421,Buy
2024-02-01,TRV,0.00022308721034666398,Buy
2024-02-01,DPZ,0.0005942191819146743,Buy
2024-02-01,VTR,-0.026935319452112996,Sell
2024-02-01,DHI,0.0009587321237174221,Buy
2024-02-01,EWC,-0.026638219066234876,Sell
2024-02-01,BBT,0.0007083347804690519,Buy
2024-02-01,WFC,0.02631578947368421,Buy
2024-02-01,EOG,0.02631578947368421,Buy
2024-02-01,SIRI,-0.027183942170753816,Sell
2024-02-01,ANF,-0.02631578947368421,Sell
2024-02-01,HTZ,0.0530255264424504,Buy
2024-02-01,DLTR,-0.02631578947368421,Sell
2024-02-01,CCL,0.02631578947368421,Buy
2024-02-01,MS,0.026328894208243307,Buy
2024-02-01,ALK,0.02677376612985916,Buy
2024-02-01,MAR,-0.02631578947368421,Sell
2024-02-01,KEY,0.0005150104548714771,Buy
2024-02-01,ILMN,0.0006455129012099686,Buy
2024-02-01,KGC,-0.027608620495464697,Sell
2024-02-01,GOLD,0.02631578947368421,Buy
2024-02-01,KO,-0.02631578947368421,Sell
2024-02-01,ULTA,0.0002179384408751081,Buy
2024-02-01,PVH,-0.02631578947368421,Sell
2024-02-01,EW,0.026537179628895444,Buy
2024-02-01,RL,-0.02631578947368421,Sell
2024-02-01,HUM,0.02629951448962692,Buy
2024-02-01,NTAP,-0.0002163220869715564,Sell
2024-02-01,WSM,-0.026947383574975912,Sell
2024-02-01,LOW,0.027374850970524552,Buy
2024-02-01,MRVL,0.026131913696049027,Buy
2024-02-01,RF,0.0004971980389100392,Buy
2024-02-01,CME,0.02631578947368421,Buy
2024-02-01,CP,0.0010281524566430195,Buy
2024-02-01,PRGO,-0.02662120103104517,Sell
2024-02-01,OHI,-0.02693065412464268,Sell
2024-02-01,SYK,0.0005410893327854813,Buy
2024-02-01,CSIQ,0.027437898787548112,Buy
2024-02-01,BSX,0.0007928901357621525,Buy
2024-02-01,M,-0.00035744756139781744,Sell
2024-02-01,ENB,-0.026724551606225257,Sell
2024-02-01,ZUMZ,0.02631578947368421,Buy
2024-02-01,CAT,0.0007906309068638241,Buy
2024-02-01,MRK,-0.02631578947368421,Sell
2024-02-01,BMY,0.02631578947368421,Buy
2024-02-02,MET,-0.00041688696776374934,Sell
2024-02-02,PPG,0.02631578947368421,Buy
2024-02-02,BAX,0.026347526685312962,Buy
2024-02-02,NVDA,-0.02631578947368421,Sell
2024-02-02,NSC,-0.00025703568085823705,Sell
2024-02-02,ICE,0.026279154473245286,Buy
2024-02-02,RRC,9.009114268140883e-06,Buy
2024-02-02,QCOM,-0.026598342574991527,Sell
2024-02-02,JNJ,0.00011905871684408931,Buy
2024-02-02,STI,0.005482928183137621,Buy
2024-02-02,NDAQ,3.0478027171963046e-05,Buy
2024-02-02,TRV,0.0005235033066373386,Buy
2024-02-02,DPZ,0.02578862603741799,Buy
2024-02-02,VTR,0.02631578947368421,Buy
2024-02-02,DHI,0.02641035136044931,Buy
2024-02-02,EWC,0.02631578947368421,Buy
2024-02-02,BBT,8.770478880835986e-06,Buy
2024-02-02,BDX,0.02631578947368421,Buy
2024-02-02,WFC,-0.026723217116858964,Sell
2024-02-02,EOG,0.00023801801037231368,Buy
2024-02-02,QQQ,-0.02631578947368421,Sell
2024-02-02,ANF,0.0008919589484486894,Buy
2024-02-02,HTZ,-0.027337881483691248,Sell
2024-02-02,DLTR,0.0007752219254612211,Buy
2024-02-02,CCL,0.00039395036008797735,Buy
2024-02-02,TSM,-0.02631578947368421,Sell
2024-02-02,MAR,0.0003313053093776108,Buy
2024-02-02,KEY,-0.02686334375371373,Sell
2024-02-02,ILMN,-0.00010441380663507929,Sell
2024-02-02,KGC,0.02631578947368421,Buy
2024-02-02,GOLD,-0.025880514624034078,Sell
2024-02-02,TRP,0.02631578947368421,Buy
2024-02-02,KO,0.026298333615552286,Buy
2024-02-02,ULTA,0.00026889791932501253,Buy
2024-02-02,PVH,0.02608967250538399,Buy
2024-02-02,EW,-0.02631578947368421,Sell
2024-02-02,RL,0.00042886449356351747,Buy
2024-02-02,NTAP,-0.026607599709526784,Sell
2024-02-02,MRVL,-0.02631578947368421,Sell
2024-02-02,RF,-0.0002899928093251479,Sell
2024-02-02,CME,-0.02658729453952692,Sell
2024-02-02,CP,0.02651813400610792,Buy
2024-02-02,CLX,-0.02631578947368421,Sell
2024-02-02,OHI,0.02631578947368421,Buy
2024-02-02,SYK,0.00028956847771158603,Buy
2024-02-02,BSX,-1.0220082073273545e-05,Sell
2024-02-02,M,-0.0004466158921041623,Sell
2024-02-02,COF,-0.02631578947368421,Sell
2024-02-02,ENB,0.02631578947368421,Buy
2024-02-02,ZUMZ,-0.02620813776496731,Sell
2024-02-02,CAT,0.0008107523571171185,Buy
2024-02-02,MRK,0.00017996995348591727,Buy
2024-02-02,BMY,-0.00019544853146483826,Sell
2024-02-05,MET,-0.000595184600171595,Sell
2024-02-05,PPG,4.148722359963164e-05,Buy
2024-02-05,HP,-0.02631578947368421,Sell
2024-02-05,NVDA,0.001722575073435425,Buy
2024-02-05,HYG,0.02631578947368421,Buy
2024-02-05,SPWR,0.02631578947368421,Buy
2024-02-05,NSC,0.00016273819883582188,Buy
2024-02-05,RRC,-0.026170309962149366,Sell
2024-02-05,JNJ,-0.0003014205762037585,Sell
2024-02-05,STI,-0.01789612299020337,Sell
2024-02-05,NDAQ,-0.00012336066788098607,Sell
2024-02-05,TRV,0.026538877383105577,Buy
2024-02-05,VTR,0.0004662916896467119,Buy
2024-02-05,EWC,-2.0716863893203985e-05,Sell
2024-02-05,BBT,0.00010528271449987414,Buy
2024-02-05,BDX,-0.00020065335692065478,Sell
2024-02-05,WFC,0.02631578947368421,Buy
2024-02-05,EOG,-0.026465952352495357,Sell
2024-02-05,QQQ,0.02672066833407279,Buy
2024-02-05,ANF,-0.0002983196407402751,Sell
2024-02-05,HTZ,-0.02631578947368421,Sell
2024-02-05,DLTR,0.02645661177752488,Buy
2024-02-05,CCL,0.0005529582877293326,Buy
2024-02-05,TSM,0.0011424906077210292,Buy
2024-02-05,ALK,-0.02631578947368421,Sell
2024-02-05,MAR,0.0003426574081468979,Buy
2024-02-05,KEY,0.02631578947368421,Buy
2024-02-05,ILMN,7.244650097175745e-05,Buy
2024-02-05,KGC,-0.026269121478808784,Sell
2024-02-05,TRP,0.0003340348876534338,Buy
2024-02-05,ULTA,0.0002836083457507903,Buy
2024-02-05,EW,0.00043047713429197887,Buy
2024-02-05,RL,0.026694030679301334,Buy
2024-02-05,NWSA,0.02631578947368421,Buy
2024-02-05,BX,0.02631578947368421,Buy
2024-02-05,MRVL,0.00023773342792967125,Buy
2024-02-05,RF,5.730245288802435e-05,Buy
2024-02-05,HMC,-0.02631578947368421,Sell
2024-02-05,CLX,0.026423631956402467,Buy
2024-02-05,OHI,-0.026499415125405004,Sell
2024-02-05,SYK,0.0005070770641486741,Buy
2024-02-05,CSIQ,-0.02631578947368421,Sell
2024-02-05,BSX,0.00047720759826777245,Buy
2024-02-05,M,-5.204031899209982e-05,Sell
2024-02-05,COF,0.00019670746829418898,Buy
2024-02-05,ENB,-0.02620986271366073,Sell
2024-02-05,MT,0.02631578947368421,Buy
2024-02-05,CAT,0.0009756068278378924,Buy
2024-02-05,MRK,0.00039111986142398303,Buy
2024-02-05,BMY,-0.026354610883176886,Sell
2024-02-06,MET,-0.026381912232779112,Sell
2024-02-06,MNST,-0.02631578947368421,Sell
2024-02-06,PPG,-0.02676580922360934,Sell
2024-02-06,BAX,-0.02631578947368421,Sell
2024-02-06,HP,0.027307305277619112,Buy
2024-02-06,HOG,0.02631578947368421,Buy
2024-02-06,NVDA,-0.000414907069408995,Sell
2024-02-06,WEN,0.02631578947368421,Buy
2024-02-06,HYG,-0.026417849792385015,Sell
2024-02-06,BUD,-0.02631578947368421,Sell
2024-02-06,SPWR,-0.05535345732709712,Sell
2024-02-06,NSC,0.00036417678131829556,Buy
2024-02-06,RRC,0.02631578947368421,Buy
2024-02-06,JNJ,-0.026703731596343625,Sell
2024-02-06,NDAQ,-0.026481781971024885,Sell
2024-02-06,VTR,-0.00018830727236818917,Sell
2024-02-06,EWC,-0.00021922762526214654,Sell
2024-02-06,BBT,0.0003199928656897298,Buy
2024-02-06,BDX,-0.0267261463067409,Sell
2024-02-06,WFC,0.00021547450466763082,Buy
2024-02-06,SIRI,0.02631578947368421,Buy
2024-02-06,ANF,0.02573588558794049,Buy
2024-02-06,HTZ,0.0286623515616169,Buy
2024-02-06,CCL,-0.00023891771935534087,Sell
2024-02-06,TSM,0.02645265173118011,Buy
2024-02-06,ALK,0.026851638072664878,Buy
2024-02-06,MAR,6.32436223027312e-05,Buy
2024-02-06,KEY,0.0005862103796621006,Buy
2024-02-06,ILMN,0.0004983987711154325,Buy
2024-02-06,GOLD,0.02631578947368421,Buy
2024-02-06,TRP,-6.856306779476698e-05,Sell
2024-02-06,ULTA,-1.3784797050029468e-05,Sell
2024-02-06,EW,0.000675949411425715,Buy
2024-02-06,NWSA,-0.05321537192084762,Sell
2024-02-06,TRIP,0.02631578947368421,Buy
2024-02-06,BX,-0.026823388650842227,Sell
2024-02-06,MRVL,2.9691101675208276e-05,Buy
2024-02-06,DUK,0.02631578947368421,Buy
2024-02-06,NTES,-0.02631578947368421,Sell
2024-02-06,RF,0.00014043251350225397,Buy
2024-02-06,HMC,0.0004414550842787267,Buy
2024-02-06,OHI,0.02631578947368421,Buy
2024-02-06,SYK,-0.0002349041619111661,Sell
2024-02-06,CSIQ,0.0006265068563882509,Buy
2024-02-06,BSX,0.00014087992253468754,Buy
2024-02-06,XLE,0.02631578947368421,Buy
2024-02-06,M,-0.0004075452837843038,Sell
2024-02-06,COF,0.026148695232140542,Buy
2024-02-06,ENB,0.02631578947368421,Buy
2024-02-06,MT,-0.026692370800481133,Sell
2024-02-06,CAT,0.00011423352932082853,Buy
2024-02-06,MRK,0.00015214822261850128,Buy
2024-02-07,MNST,0.026505701026399073,Buy
2024-02-07,BAX,0.02622956223692837,Buy
2024-02-07,A,0.02631578947368421,Buy
2024-02-07,HP,-0.02631578947368421,Sell
2024-02-07,HOG,-0.02674359544778497,Sell
2024-02-07,NVDA,0.0008608808330837874,Buy
2024-02-07,WEN,-4.9963064275640456e-05,Sell
2024-02-07,BUD,0.0008806178948843786,Buy
2024-02-07,SPWR,-5.670615592514791e-05,Sell
2024-02-07,NSC,-3.997253578410381e-06,Sell
2024-02-07,ICE,-0.02631578947368421,Sell
2024-02-07,RRC,3.5971512687138496e-05,Buy
2024-02-07,CAG,0.02631578947368421,Buy
2024-02-07,DPZ,0.02631578947368421,Buy
2024-02-07,VTR,-0.00012771449233035456,Sell
2024-02-07,EWC,-0.00020682292808254024,Sell
2024-02-07,BBT,8.618588091435092e-06,Buy
2024-02-07,WFC,-0.026553428830223005,Sell
2024-02-07,SIRI,7.345659623706965e-05,Buy
2024-02-07,ANF,-0.02631578947368421,Sell
2024-02-07,CCL,0.00028047188756813793,Buy
2024-02-07,TSM,-0.02631578947368421,Sell
2024-02-07,MAR,0.0004772154978065074,Buy
2024-02-07,KEY,-0.00013357687571166274,Sell
2024-02-07,ILMN,-0.0002223904249670748,Sell
2024-02-07,GOLD,-0.025542027292426328,Sell
2024-02-07,TRP,7.507046219799168e-05,Buy
2024-02-07,ULTA,0.0007679390065560635,Buy
2024-02-07,EW,-0.0003579465766350501,Sell
2024-02-07,NWSA,0.05232576347434441,Buy
2024-02-07,TRIP,-0.02662127419471235,Sell
2024-02-07,BX,-0.02631578947368421,Sell
2024-02-07,MRVL,0.0010365232120357198,Buy
2024-02-07,DUK,-0.026571790812335568,Sell
2024-02-07,NTES,0.026195634903585816,Buy
2024-02-07,RF,-0.00010395657823871612,Sell
2024-02-07,HMC,0.0005254740312728885,Buy
2024-02-07,OHI,-0.0002470540377294689,Sell
2024-02-07,SYK,0.00036321875440901985,Buy
2024-02-07,CSIQ,0.02743127295225096,Buy
2024-02-07,BSX,0.00031320005217303284,Buy
2024-02-07,XLE,-0.026503162735009227,Sell
2024-02-07,M,8.316760875464596e-06,Buy
2024-02-07,ENB,4.9568490017564554e-05,Buy
2024-02-07,VZ,0.02631578947368421,Buy
2024-02-07,CAT,0.00020487400049011215,Buy
2024-02-07,MRK,0.0002565648232970841,Buy
2024-02-07,BMY,0.02631578947368421,Buy
2024-02-08,PPG,0.02631578947368421,Buy
2024-02-08,BAX,-0.02631578947368421,Sell
2024-02-08,A,-0.026554299447418425,Sell
2024-02-08,HP,-0.0004619291609086855,Sell
2024-02-08,NVDA,-0.00018684376185275353,Sell
2024-02-08,WEN,-0.00020741097960508964,Sell
2024-02-08,BUD,0.026332886597463908,Buy
2024-02-08,SPWR,0.02649136595912827,Buy
2024-02-08,NSC,0.00035239802082561583,Buy
2024-02-08,ICE,0.001225283761481833,Buy
2024-02-08,RRC,-0.02682868192931275,Sell
2024-02-08,CAG,0.00025612414017404245,Buy
2024-02-08,JNJ,0.02631578947368421,Buy
2024-02-08,KMB,0.02631578947368421,Buy
2024-02-08,DPZ,-0.026589375817395174,Sell
2024-02-08,VTR,-0.00023580611410217375,Sell
2024-02-08,EWC,2.2271181026177478e-05,Buy
2024-02-08,BBT,-0.026822053054706762,Sell
2024-02-08,WFC,0.02631578947368421,Buy
2024-02-08,SIRI,0.0002914192634590057,Buy
2024-02-08,ANF,0.0008350359333507765,Buy
2024-02-08,CCL,6.520116343674762e-05,Buy
2024-02-08,TSM,0.001826340724250964,Buy
2024-02-08,MS,0.02631578947368421,Buy
2024-02-08,MAR,0.00015895938334974102,Buy
2024-02-08,KEY,7.177330232925605e-05,Buy
2024-02-08,ILMN,5.675115812848672e-05,Buy
2024-02-08,KGC,0.02631578947368421,Buy
2024-02-08,TRP,0.0002032190716484729,Buy
2024-02-08,ULTA,0.0002449096347690548,Buy
2024-02-08,PVH,-0.02631578947368421,Sell
2024-02-08,EW,0.026054809544224528,Buy
2024-02-08,RL,-0.02631578947368421,Sell
2024-02-08,WSM,-0.02631578947368421,Sell
2024-02-08,NWSA,-0.054317939252647864,Sell
2024-02-08,BX,0.026665809849399362,Buy
2024-02-08,MRVL,0.0006105594175291537,Buy
2024-02-08,DUK,0.02631578947368421,Buy
2024-02-08,RF,-5.870234059771398e-05,Sell
2024-02-08,HMC,0.026473964133263646,Buy
2024-02-08,OHI,-0.05432064106957168,Sell
2024-02-08,SYK,-0.00029818525961504763,Sell
2024-02-08,BSX,0.026216105925493595,Buy
2024-02-08,M,-0.027293792528596962,Sell
2024-02-08,COF,-0.02631578947368421,Sell
2024-02-08,ENB,6.849764160187649e-05,Buy
2024-02-08,VZ,0.00034685757765385086,Buy
2024-02-08,CAT,-0.00014423274651718249,Sell
2024-02-08,MRK,0.026123342405911732,Buy
2024-02-08,BMY,-2.2845377289335694e-05,Sell
2024-02-09,PPG,-0.02658429360896952,Sell
2024-02-09,BAX,0.025809504705823324,Buy
2024-02-09,HP,4.574750487616741e-06,Buy
2024-02-09,NVDA,0.0010323684820537256,Buy
2024-02-09,WEN,-0.026735473165902118,Sell
2024-02-09,BUD,0.02631578947368421,Buy
2024-02-09,SPWR,0.02631578947368421,Buy
2024-02-09,NSC,0.0001686247225517641,Buy
2024-02-09,ICE,0.0003572673058093341,Buy
2024-02-09,CAG,0.0005701729662319667,Buy
2024-02-09,JNJ,-0.026464124502179068,Sell
2024-02-09,STI,0.02631578947368421,Buy
2024-02-09,KMB,-0.026302368683089387,Sell
2024-02-09,VTR,-9.336380233494063e-05,Sell
2024-02-09,EWC,-0.026505460826042906,Sell
2024-02-09,WFC,7.07997147438022e-05,Buy
2024-02-09,SIRI,0.0003886482697946225,Buy
2024-02-09,ANF,0.0007739719156272633,Buy
2024-02-09,HTZ,-0.02631578947368421,Sell
2024-02-09,CCL,0.0005519061672741715,Buy
2024-02-09,TSM,-3.4847269650223334e-05,Sell
2024-02-09,MS,-0.026477336917200046,Sell
2024-02-09,MAR,0.026132528057636915,Buy
2024-02-09,KEY,-0.00012563470878941552,Sell
2024-02-09,ILMN,0.05170780840847575,Buy
2024-02-09,KGC,0.0007065243193421847,Buy
2024-02-09,GOLD,-0.02631578947368421,Sell
2024-02-09,TRP,-0.0001369003657515147,Sell
2024-02-09,ULTA,0.0002660884936205171,Buy
2024-02-09,PVH,0.00023302356163388063,Buy
2024-02-09,RL,0.0005730697442393323,Buy
2024-02-09,WSM,0.0005927289401860651,Buy
2024-02-09,NWSA,0.000291921688432166,Buy
2024-02-09,TRIP,0.02631578947368421,Buy
2024-02-09,MRVL,0.025589172406316547,Buy
2024-02-09,PCG,0.02631578947368421,Buy
2024-02-09,DUK,0.0001860135178464624,Buy
2024-02-09,RF,-0.026565705115897578,Sell
2024-02-09,HMC,0.02631578947368421,Buy
2024-02-09,OHI,0.0009968109489164184,Buy
2024-02-09,SYK,0.0003157525045412446,Buy
2024-02-09,CSIQ,-0.02631578947368421,Sell
2024-02-09,BSX,-0.02631578947368421,Sell
2024-02-09,M,0.02631578947368421,Buy
2024-02-09,COF,0.00016396130478417426,Buy
2024-02-09,ENB,4.671737976687934e-06,Buy
2024-02-09,VZ,3.813859373861042e-05,Buy
2024-02-09,CAT,-0.0003093111234931528,Sell
2024-02-09,BMY,-0.026999604577157166,Sell
2024-02-12,MET,-0.02631578947368421,Sell
2024-02-12,PPG,0.02631578947368421,Buy
2024-02-12,BAX,-0.02631578947368421,Sell
2024-02-12,VWO,0.02631578947368421,Buy
2024-02-12,A,0.02631578947368421,Buy
2024-02-12,HP,0.02642169556658767,Buy
2024-02-12,NVDA,0.00011293035936842805,Buy
2024-02-12,BUD,-0.00018129723737038417,Sell
2024-02-12,SPWR,-0.025402070299174875,Sell
2024-02-12,NSC,0.026292420522978716,Buy
2024-02-12,ICE,6.501353490413406e-05,Buy
2024-02-12,CAG,-0.026752593869584926,Sell
2024-02-12,GREK,0.02631578947368421,Buy
2024-02-12,STI,0.002567806179253524,Buy
2024-02-12,KMB,0.02631578947368421,Buy
2024-02-12,VTR,7.403171060922642e-05,Buy
2024-02-12,BBT,0.02631578947368421,Buy
2024-02-12,WFC,-0.026858816730971475,Sell
2024-02-12,SIRI,-0.0007709046289224204,Sell
2024-02-12,ANF,0.001228315337766052,Buy
2024-02-12,HTZ,0.02713698163393698,Buy
2024-02-12,ORCL,0.02631578947368421,Buy
2024-02-12,DLTR,-0.02631578947368421,Sell
2024-02-12,CCL,-0.0003810861807711369,Sell
2024-02-12,TSM,-0.0004544527734089941,Sell
2024-02-12,ALK,-0.02631578947368421,Sell
2024-02-12,KEY,-0.000526782000458189,Sell
2024-02-12,ILMN,-0.026792478551521677,Sell
2024-02-12,KGC,-0.00032654738536374434,Sell
2024-02-12,GOLD,0.02734362831594105,Buy
2024-02-12,TRP,-0.026935055638553536,Sell
2024-02-12,ULTA,0.00019354458695185553,Buy
2024-02-12,PVH,0.000452941293755383,Buy
2024-02-12,EW,-0.02631578947368421,Sell
2024-02-12,RL,0.000491516624064766,Buy
2024-02-12,WSM,0.0008840831168203736,Buy
2024-02-12,NWSA,0.02641704837446472,Buy
2024-02-12,TRIP,-0.02718882382053409,Sell
2024-02-12,MRVL,-0.02631578947368421,Sell
2024-02-12,PCG,-0.0003956207589922954,Sell
2024-02-12,DUK,-0.0003471248264974129,Sell
2024-02-12,RF,0.02631578947368421,Buy
2024-02-12,HMC,-0.026478798411778002,Sell
2024-02-12,PRGO,-0.02631578947368421,Sell
2024-02-12,OHI,0.02629283222992708,Buy
2024-02-12,SYK,3.7249640585206023e-06,Buy
2024-02-12,CSIQ,0.0008655684263348187,Buy
2024-02-12,BSX,0.02618119395375547,Buy
2024-02-12,M,-0.0007623340754625667,Sell
2024-02-12,COF,0.0005217969400043466,Buy
2024-02-12,ENB,-0.02689541454699033,Sell
2024-02-12,ZUMZ,0.02631578947368421,Buy
2024-02-12,VZ,-0.026639088714402008,Sell
2024-02-12,CAT,0.0004427512330322271,Buy
2024-02-13,MET,0.02632322141417299,Buy
2024-02-13,PPG,0.00012483753245105117,Buy
2024-02-13,AMTD,-0.02631578947368421,Sell
2024-02-13,BAX,0.026143412280468233,Buy
2024-02-13,VWO,-0.026109884248659548,Sell
2024-02-13,A,-0.026086081000220994,Sell
2024-02-13,HP,-0.02631578947368421,Sell
2024-02-13,NVDA,0.00023873737672854348,Buy
2024-02-13,BUD,0.0001687404809417592,Buy
2024-02-13,ICE,0.026392536626249446,Buy
2024-02-13,GREK,9.067385048497009e-05,Buy
2024-02-13,STI,-0.02068788510520843,Sell
2024-02-13,KMB,-0.02626198697599723,Sell
2024-02-13,NDAQ,0.02631578947368421,Buy
2024-02-13,TRV,-0.02631578947368421,Sell
2024-02-13,VTR,0.00019289115908853807,Buy
2024-02-13,BBT,0.0010781621448417537,Buy
2024-02-13,BDX,0.02631578947368421,Buy
2024-02-13,MU,0.02631578947368421,Buy
2024-02-13,EBAY,-0.02631578947368421,Sell
2024-02-13,EWI,0.02631578947368421,Buy
2024-02-13,SIRI,0.0010919573727945983,Buy
2024-02-13,ANF,0.0007249194982838804,Buy
2024-02-13,ORCL,0.00021304926200331475,Buy
2024-02-13,DLTR,0.026036305058708794,Buy
2024-02-13,CCL,0.00035242693333261896,Buy
2024-02-13,TSM,-0.0003103859237931078,Sell
2024-02-13,ALK,-0.00025860362595028774,Sell
2024-02-13,MAR,0.02631578947368421,Buy
2024-02-13,KEY,0.0008465354522583686,Buy
2024-02-13,KGC,-0.02532237909032896,Sell
2024-02-13,GOLD,-0.02631578947368421,Sell
2024-02-13,TRP,0.02631578947368421,Buy
2024-02-13,ULTA,0.0005868704620353438,Buy
2024-02-13,PVH,-0.00019113652478157037,Sell
2024-02-13,EW,2.0352160160261312e-05,Buy
2024-02-13,RL,-8.36004577259436e-05,Sell
2024-02-13,WSM,-0.00027187737330014103,Sell
2024-02-13,TRIP,-0.02631578947368421,Sell
2024-02-13,BX,0.02631578947368421,Buy
2024-02-13,MRVL,0.025733744686101657,Buy
2024-02-13,PCG,-0.026340000286014794,Sell
2024-02-13,DUK,1.5647938198005973e-05,Buy
2024-02-13,RF,0.0005383891822570222,Buy
2024-02-13,PRGO,0.026073302688698674,Buy
2024-02-13,SYK,0.0001823251708961346,Buy
2024-02-13,CSIQ,-0.001644360508458162,Sell
2024-02-13,M,0.0005593267682363207,Buy
2024-02-13,COF,0.02583448513489213,Buy
2024-02-13,ZUMZ,-0.02501678735134097,Sell
2024-02-13,CAT,-0.00044401622424309825,Sell
2024-02-13,MRK,-0.02631578947368421,Sell
2024-02-14,PPG,-0.02664322396592405,Sell
2024-02-14,AMTD,0.0006896105479573568,Buy
2024-02-14,HP,0.02671737603272254,Buy
2024-02-14,NVDA,0.0007170004304402934,Buy
2024-02-14,WEN,0.02631578947368421,Buy
2024-02-14,BUD,0.0004822628455797423,Buy
2024-02-14,ICE,-0.02631578947368421,Sell
2024-02-14,CAG,0.02631578947368421,Buy
2024-02-14,GREK,-0.02681414826654445,Sell
2024-02-14,JNJ,0.02631578947368421,Buy
2024-02-14,STI,0.02631578947368421,Buy
2024-02-14,NDAQ,-0.00012090488107823275,Sell
2024-02-14,HAS,-0.02631578947368421,Sell
2024-02-14,TRV,0.02646644745809897,Buy
2024-02-14,DPZ,-0.02631578947368421,Sell
2024-02-14,VTR,-0.02706096317618976,Sell
2024-02-14,BBT,-0.0002617394616054973,Sell
2024-02-14,BDX,-1.8031868749768254e-05,Sell
2024-02-14,MU,-0.00016588516711782408,Sell
2024-02-14,EBAY,0.027058155182850298,Buy
2024-02-14,EWI,-0.026779209918567904,Sell
2024-02-14,SIRI,-0.000290049607968728,Sell
2024-02-14,ANF,0.000610714760707301,Buy
2024-02-14,ORCL,-0.0265192022845547,Sell
2024-02-14,CCL,-0.0003305499040984969,Sell
2024-02-14,TSM,0.00042459086419651543,Buy
2024-02-14,MS,0.02631578947368421,Buy
2024-02-14,ALK,0.02691126815967398,Buy
2024-02-14,MAR,-0.00011933477154773067,Sell
2024-02-14,KEY,-0.0007123213044765916,Sell
2024-02-14,ILMN,-0.02631578947368421,Sell
2024-02-14,GOLD,0.026445500008436283,Buy
2024-02-14,TRP,-5.474855226391545e-05,Sell
2024-02-14,ULTA,-0.0001532836403899708,Sell
2024-02-14,PVH,0.026637444938414738,Buy
2024-02-14,EW,1.5049644066719714e-06,Buy
2024-02-14,RL,0.0004223958971161512,Buy
2024-02-14,NTAP,0.02631578947368421,Buy
2024-02-14,WSM,0.02642736374866441,Buy
2024-02-14,TRIP,-7.62861609583769e-05,Sell
2024-02-14,BX,-0.027018066627116234,Sell
2024-02-14,MRVL,-0.02631578947368421,Sell
2024-02-14,PCG,0.02631578947368421,Buy
2024-02-14,DUK,8.966780900673127e-06,Buy
2024-02-14,RF,-0.026974519651011518,Sell
2024-02-14,CME,-0.02631578947368421,Sell
2024-02-14,CP,-0.02631578947368421,Sell
2024-02-14,SYK,0.00081576637541797,Buy
2024-02-14,CSIQ,0.027975616861239155,Buy
2024-02-14,BSX,-0.02631578947368421,Sell
2024-02-14,M,-0.026815981601913993,Sell
2024-02-14,CAT,0.0003951949745477773,Buy
2024-02-14,MRK,0.0001508343585491026,Buy
2024-02-14,BMY,0.02631578947368421,Buy
2024-02-15,AMTD,0.002389286178445322,Buy
2024-02-15,BAX,-0.02631578947368421,Sell
2024-02-15,VWO,0.02631578947368421,Buy
2024-02-15,NVDA,0.025982750779437652,Buy
2024-02-15,WEN,0.0002863930308820324,Buy
2024-02-15,DAL,0.02631578947368421,Buy
2024-02-15,BUD,-0.0003103151330771138,Sell
2024-02-15,SPWR,0.02631578947368421,Buy
2024-02-15,NSC,-0.02631578947368421,Sell
2024-02-15,ICE,0.026471365637161688,Buy
2024-02-15,RRC,-0.02631578947368421,Sell
2024-02-15,CAG,-0.02686190524109956,Sell
2024-02-15,GREK,0.02631578947368421,Buy
2024-02-15,JNJ,-0.026796807548535917,Sell
2024-02-15,STI,0.003477731729514988,Buy
2024-02-15,NDAQ,4.042038811964341e-05,Buy
2024-02-15,HAS,0.025604343968873303,Buy
2024-02-15,TRV,-0.02631578947368421,Sell
2024-02-15,DPZ,0.02644183306343387,Buy
2024-02-15,VTR,0.02631578947368421,Buy
2024-02-15,BBT,-0.027254234745869646,Sell
2024-02-15,BDX,-0.00026062232321570275,Sell
2024-02-15,MU,-4.651293750148819e-05,Sell
2024-02-15,WFC,-0.02631578947368421,Sell
2024-02-15,SIRI,-0.02637195781606395,Sell
2024-02-15,ANF,0.00023299164440662712,Buy
2024-02-15,ORCL,0.02631578947368421,Buy
2024-02-15,CCL,-2.4573612603988326e-05,Sell
2024-02-15,TSM,6.203823403030245e-05,Buy
2024-02-15,MS,-0.026952284536599817,Sell
2024-02-15,MAR,-0.026999464022090497,Sell
2024-02-15,KEY,-0.000759387869202037,Sell
2024-02-15,ILMN,0.001111926447555523,Buy
2024-02-15,TRP,-0.027173102443132025,Sell
2024-02-15,ULTA,0.00027621330643186684,Buy
2024-02-15,EW,0.00011110591599731989,Buy
2024-02-15,RL,0.0006256687646071166,Buy
2024-02-15,HUM,0.02631578947368421,Buy
2024-02-15,NTAP,3.64463077257432e-05,Buy
2024-02-15,TRIP,0.0025534021241177263,Buy
2024-02-15,MRVL,0.025844402645289272,Buy
2024-02-15,PCG,-0.0004020497256676456,Sell
2024-02-15,DUK,-0.027025282774933664,Sell
2024-02-15,CME,0.025915996017352682,Buy
2024-02-15,CP,0.00042300157468834823,Buy
2024-02-15,PRGO,-0.02631578947368421,Sell
2024-02-15,OHI,0.02631578947368421,Buy
2024-02-15,SYK,6.345858978200683e-05,Buy
2024-02-15,BSX,0.00016720522450467193,Buy
2024-02-15,MT,0.02631578947368421,Buy
2024-02-15,CAT,0.0006417945646375878,Buy
2024-02-15,MRK,0.0002623309832087209,Buy
2024-02-15,BMY,-0.02672418970489534,Sell
2024-02-16,AMTD,-0.0013487256373053945,Sell
2024-02-16,BAX,0.00022638060909282998,Buy
2024-02-16,VWO,-0.026490810774900796,Sell
2024-02-16,HOG,0.02631578947368421,Buy
2024-02-16,NVDA,-0.02631578947368421,Sell
2024-02-16,WEN,-0.025584485234612202,Sell
2024-02-16,DAL,-0.025796058184677104,Sell
2024-02-16,AA,-0.02631578947368421,Sell
2024-02-16,BUD,0.00019730872398805027,Buy
2024-02-16,SPWR,-0.05267766170788804,Sell
2024-02-16,NSC,-0.00019230676045604508,Sell
2024-02-16,RRC,0.0005885469571927024,Buy
2024-02-16,GREK,-0.026381687027640346,Sell
2024-02-16,STI,0.000707113589029057,Buy
2024-02-16,NDAQ,-1.2825735869102795e-05,Sell
2024-02-16,TRV,0.02618252844706906,Buy
2024-02-16,VTR,0.0002222497192910372,Buy
2024-02-16,DHI,0.02631578947368421,Buy
2024-02-16,BBT,0.02631578947368421,Buy
2024-02-16,BDX,-0.00013397273928655515,Sell
2024-02-16,MU,0.0006417884524042572,Buy
2024-02-16,WFC,0.026296018497823093,Buy
2024-02-16,SIRI,0.02631578947368421,Buy
2024-02-16,ANF,0.0002881363372634546,Buy
2024-02-16,ORCL,0.00029752536131153265,Buy
2024-02-16,CCL,0.0006813788010628409,Buy
2024-02-16,TSM,0.02588379559970982,Buy
2024-02-16,KEY,0.00019525705865084536,Buy
2024-02-16,ILMN,0.025881809609294447,Buy
2024-02-16,KO,0.02631578947368421,Buy
2024-02-16,ULTA,0.00015603278003552268,Buy
2024-02-16,PVH,-0.02631578947368421,Sell
2024-02-16,EW,6.446546574025505e-05,Buy
2024-02-16,HUM,-0.00025902173384618685,Sell
2024-02-16,NTAP,0.0004251530972958148,Buy
2024-02-16,WSM,-0.02631578947368421,Sell
2024-02-16,TRIP,-0.0008212093523857003,Sell
2024-02-16,PCG,0.0001134039864149651,Buy
2024-02-16,CP,0.02625424708173001,Buy
2024-02-16,PRGO,0.02609303581303926,Buy
2024-02-16,OHI,-0.00020029647427189518,Sell
2024-02-16,SYK,8.462686731823196e-05,Buy
2024-02-16,CSIQ,-0.02631578947368421,Sell
2024-02-16,BSX,-6.16130694482131e-05,Sell
2024-02-16,M,0.02631578947368421,Buy
2024-02-16,MT,-0.026545947775201435,Sell
2024-02-16,CAT,-4.857237428108896e-05,Sell
2024-02-16,MRK,0.0003064945970881333,Buy
2024-02-20,PPG,0.02631578947368421,Buy
2024-02-20,AMTD,0.05308704910534844,Buy
2024-02-20,BAX,0.00036550206636250596,Buy
2024-02-20,HOG,-0.026135200877683482,Sell
2024-02-20,NVDA,0.051499566841249185,Buy
2024-02-20,WEN,0.02631578947368421,Buy
2024-02-20,AA,-0.0006680854044293187,Sell
2024-02-20,BUD,-0.0002722357878921569,Sell
2024-02-20,SPWR,0.0013529980090547233,Buy
2024-02-20,NSC,0.00019700103756901607,Buy
2024-02-20,RRC,0.026133032352079776,Buy
2024-02-20,CAG,-0.02631578947368421,Sell
2024-02-20,STI,0.0020380045013461863,Buy
2024-02-20,NDAQ,-0.026386988528872467,Sell
2024-02-20,TRV,-0.02631578947368421,Sell
2024-02-20,DPZ,-0.02631578947368421,Sell
2024-02-20,VTR,0.0004190260207926205,Buy
2024-02-20,DHI,-0.026740012914355876,Sell
2024-02-20,BBT,-0.02648298910424046,Sell
2024-02-20,BDX,-3.2503613664469633e-06,Sell
2024-02-20,MU,-0.026730725691229064,Sell
2024-02-20,SIRI,0.0003697987914084294,Buy
2024-02-20,ANF,-0.0009680177841500243,Sell
2024-02-20,ORCL,0.000662335627906966,Buy
2024-02-20,DLTR,-0.02631578947368421,Sell
2024-02-20,CCL,5.697793817181773e-05,Buy
2024-02-20,MS,0.02631578947368421,Buy
2024-02-20,ALK,-0.02631578947368421,Sell
2024-02-20,KEY,-0.00023874629107632425,Sell
2024-02-20,KO,-0.02691075467991276,Sell
2024-02-20,D,0.02631578947368421,Buy
2024-02-20,ULTA,0.00046943525707032405,Buy
2024-02-20,PVH,0.02583001054471599,Buy
2024-02-20,EW,0.0002588307936133398,Buy
2024-02-20,RL,0.0003781622055103774,Buy
2024-02-20,HUM,-0.026345757317195795,Sell
2024-02-20,NTAP,6.26133950912093e-05,Buy
2024-02-20,WSM,-0.00025132496494089523,Sell
2024-02-20,TRIP,0.00018151508840034275,Buy
2024-02-20,BX,0.02631578947368421,Buy
2024-02-20,PCG,-0.00033469552682767814,Sell
2024-02-20,NTES,-0.02631578947368421,Sell
2024-02-20,OHI,-0.02667026393513373,Sell
2024-02-20,SYK,-7.853094827655824e-05,Sell
2024-02-20,CSIQ,-0.00010059366330947977,Sell
2024-02-20,BSX,0.00017419694496159308,Buy
2024-02-20,M,0.00025642061388701787,Buy
2024-02-20,MT,0.02631578947368421,Buy
2024-02-20,CAT,0.025661725890972625,Buy
2024-02-20,MRK,0.026243435389705694,Buy
2024-02-21,MNST,0.02631578947368421,Buy
2024-02-21,PPG,-0.026716250199380363,Sell
2024-02-21,AMTD,-0.026146678504349666,Sell
2024-02-21,BAX,0.00041255673287748235,Buy
2024-02-21,HOG,0.02631578947368421,Buy
2024-02-21,NVDA,0.0006322859789154971,Buy
2024-02-21,WEN,2.570437526802638e-05,Buy
2024-02-21,AA,0.027695167386220087,Buy
2024-02-21,BUD,-0.02676109159464732,Sell
2024-02-21,SPWR,-0.0007314028957614467,Sell
2024-02-21,NSC,0.0005203790647162927,Buy
2024-02-21,RRC,-0.02631578947368421,Sell
2024-02-21,CAG,0.026372223280719195,Buy
2024-02-21,GREK,0.02631578947368421,Buy
2024-02-21,QCOM,-0.02631578947368421,Sell
2024-02-21,STI,0.005233494182639735,Buy
2024-02-21,TRV,4.693759021773963e-05,Buy
2024-02-21,DPZ,0.026665988211801207,Buy
2024-02-21,VTR,-0.027076014466787934,Sell
2024-02-21,BDX,-0.026949107786312317,Sell
2024-02-21,SIRI,0.00015804999333565717,Buy
2024-02-21,ANF,0.00031675244622821064,Buy
2024-02-21,ORCL,-5.0716717780629333e-05,Sell
2024-02-21,DLTR,0.026281781240285983,Buy
2024-02-21,CCL,-3.185200314041042e-05,Sell
2024-02-21,TSM,-0.02631578947368421,Sell
2024-02-21,MS,-0.026471270429601408,Sell
2024-02-21,ALK,0.0002980208706137473,Buy
2024-02-21,XRT,0.02631578947368421,Buy
2024-02-21,KEY,-0.0002518252869724985,Sell
2024-02-21,ILMN,0.02631578947368421,Buy
2024-02-21,KGC,-0.02631578947368421,Sell
2024-02-21,D,-0.026985179157687687,Sell
2024-02-21,EW,4.53527616397012e-05,Buy
2024-02-21,RL,0.0002266732826636704,Buy
2024-02-21,NTAP,0.00014463495069570037,Buy
2024-02-21,WSM,0.025981260580476926,Buy
2024-02-21,TRIP,0.02604437286139622,Buy
2024-02-21,BX,-0.026407898263854184,Sell
2024-02-21,MRVL,-0.02631578947368421,Sell
2024-02-21,PCG,-0.026675662039532744,Sell
2024-02-21,NTES,0.026252994447231916,Buy
2024-02-21,RF,0.02631578947368421,Buy
2024-02-21,PRGO,0.02631578947368421,Buy
2024-02-21,SYK,8.267494066815581e-05,Buy
2024-02-21,CSIQ,0.02584687561948778,Buy
2024-02-21,BSX,0.026249558698315936,Buy
2024-02-21,XLE,-0.02631578947368421,Sell
2024-02-21,M,0.0002492066550517577,Buy
2024-02-21,COF,0.02631578947368421,Buy
2024-02-21,ENB,0.02631578947368421,Buy
2024-02-21,MT,-0.000101318439325402,Sell
2024-02-21,VZ,-0.02631578947368421,Sell
2024-02-21,CAT,-0.02631578947368421,Sell
2024-02-21,MRK,-0.02631578947368421,Sell
2024-02-22,MNST,-5.132249086908097e-05,Sell
2024-02-22,PPG,0.02631578947368421,Buy
2024-02-22,AMTD,-0.02631578947368421,Sell
2024-02-22,BAX,0.02624402833326951,Buy
2024-02-22,VWO,-0.02631578947368421,Sell
2024-02-22,A,0.02631578947368421,Buy
2024-02-22,HOG,-9.474419027013375e-06,Sell
2024-02-22,NVDA,-0.05702404203229339,Sell
2024-02-22,WEN,-0.00021330011956941647,Sell
2024-02-22,BUD,0.02631578947368421,Buy
2024-02-22,SPWR,0.025502080829718467,Buy
2024-02-22,NSC,0.026235028005750564,Buy
2024-02-22,RRC,0.02549887016947241,Buy
2024-02-22,GREK,-0.00013759696669575147,Sell
2024-02-22,QCOM,0.0005412022118968449,Buy
2024-02-22,STI,-0.021421748559492356,Sell
2024-02-22,HAS,0.02631578947368421,Buy
2024-02-22,TRV,0.0004046381941810867,Buy
2024-02-22,DPZ,-0.02631578947368421,Sell
2024-02-22,DHI,0.02631578947368421,Buy
2024-02-22,BBT,0.02631578947368421,Buy
2024-02-22,BDX,0.02631578947368421,Buy
2024-02-22,QQQ,-0.02631578947368421,Sell
2024-02-22,SIRI,-0.026663314064815032,Sell
2024-02-22,ANF,0.0009589328064557937,Buy
2024-02-22,ORCL,-0.02707660819548327,Sell
2024-02-22,CCL,-0.027278184076161234,Sell
2024-02-22,TSM,0.0008507607964534473,Buy
2024-02-22,ALK,0.00020034379174574055,Buy
2024-02-22,MAR,-0.02631578947368421,Sell
2024-02-22,XRT,-0.026606455386644398,Sell
2024-02-22,KEY,-0.026547966638495107,Sell
2024-02-22,ILMN,-0.026215141680632936,Sell
2024-02-22,KGC,0.02622189891550797,Buy
2024-02-22,KO,0.02631578947368421,Buy
2024-02-22,D,0.02631578947368421,Buy
2024-02-22,ULTA,0.0003237179865570282,Buy
2024-02-22,EW,0.026676791365369507,Buy
2024-02-22,RL,0.0005027803485625273,Buy
2024-02-22,NTAP,-0.026827395751553372,Sell
2024-02-22,WSM,-0.02631578947368421,Sell
2024-02-22,MRVL,0.0018171975128144988,Buy
2024-02-22,NTES,-0.02631578947368421,Sell
2024-02-22,RF,7.824606872224721e-05,Buy
2024-02-22,PRGO,9.096642858007556e-05,Buy
2024-02-22,SYK,0.000489981921246864,Buy
2024-02-22,BSX,-0.02631578947368421,Sell
2024-02-22,XLE,0.026427276309266168,Buy
2024-02-22,M,-0.0002462747411833069,Sell
2024-02-22,COF,2.2257738062560206e-05,Buy
2024-02-22,ENB,-0.026457273119573684,Sell
2024-02-22,MT,7.475597481885338e-05,Buy
2024-02-22,VZ,0.05245975590199391,Buy
2024-02-22,CAT,0.00047744753847450694,Buy
2024-02-22,MRK,0.026616204037078504,Buy
2024-02-23,MNST,-0.026322538749628265,Sell
2024-02-23,PPG,-0.026417999626317773,Sell
2024-02-23,AMTD,0.025337295881914353,Buy
2024-02-23,VWO,-7.263514382093578e-05,Sell
2024-02-23,A,7.695872048233549e-05,Buy
2024-02-23,HP,0.02631578947368421,Buy
2024-02-23,HOG,0.0005830941530226633,Buy
2024-02-23,NVDA,1.4260829558739724e-05,Buy
2024-02-23,WEN,-0.02670406320056303,Sell
2024-02-23,BUD,9.136170960534831e-05,Buy
2024-02-23,GREK,0.0002345727894119791,Buy
2024-02-23,QCOM,-5.1815558211112944e-05,Sell
2024-02-23,HAS,0.00037709020623484177,Buy
2024-02-23,TRV,0.02607869186354524,Buy
2024-02-23,DPZ,0.000266781030520552,Buy
2024-02-23,VTR,0.02631578947368421,Buy
2024-02-23,DHI,-0.026412195594846255,Sell
2024-02-23,BBT,5.512177206082672e-05,Buy
2024-02-23,BDX,-0.026514692094724818,Sell
2024-02-23,EOG,0.02631578947368421,Buy
2024-02-23,QQQ,-0.00015620364289327393,Sell
2024-02-23,SIRI,0.02631578947368421,Buy
2024-02-23,ANF,0.00026735798289009155,Buy
2024-02-23,CCL,0.02631578947368421,Buy
2024-02-23,TSM,1.4560542943697213e-05,Buy
2024-02-23,ALK,-0.0005653061934373441,Sell
2024-02-23,MAR,0.0001494163467751497,Buy
2024-02-23,KEY,0.02631578947368421,Buy
2024-02-23,GOLD,0.02631578947368421,Buy
2024-02-23,TRP,0.02631578947368421,Buy
2024-02-23,KO,-0.026258298758091027,Sell
2024-02-23,D,-0.05385297221895011,Sell
2024-02-23,ULTA,0.00019689829164660014,Buy
2024-02-23,PVH,-0.02631578947368421,Sell
2024-02-23,RL,0.00010472536284125353,Buy
2024-02-23,WSM,5.0200541377783126e-05,Buy
2024-02-23,BX,0.02631578947368421,Buy
2024-02-23,MRVL,-0.0009388674507731336,Sell
2024-02-23,NTES,0.02619104286728065,Buy
2024-02-23,RF,6.983712160520128e-06,Buy
2024-02-23,PRGO,-0.0002014896209217923,Sell
2024-02-23,SYK,6.0723955579617545e-05,Buy
2024-02-23,CSIQ,-0.02631578947368421,Sell
2024-02-23,BSX,2.3266588243378572e-05,Buy
2024-02-23,M,-0.026758293672236998,Sell
2024-02-23,COF,-0.026424027666346717,Sell
2024-02-23,ENB,0.02631578947368421,Buy
2024-02-23,MT,-0.00018181570518008977,Sell
2024-02-23,VZ,-0.02619175368551828,Sell
2024-02-23,CAT,6.685982374599747e-05,Buy
2024-02-26,PPG,0.02631578947368421,Buy
2024-02-26,AMTD,-0.02631578947368421,Sell
2024-02-26,VWO,0.0263852760665143,Buy
2024-02-26,A,-5.0348174048572836e-05,Sell
2024-02-26,HP,-0.02660045214441774,Sell
2024-02-26,HOG,-0.026467203830247123,Sell
2024-02-26,XLP,0.02631578947368421,Buy
2024-02-26,NVDA,0.0002509978852322098,Buy
2024-02-26,WEN,0.02631578947368421,Buy
2024-02-26,AA,0.02631578947368421,Buy
2024-02-26,BUD,-0.026361613362177905,Sell
2024-02-26,SPWR,-0.02631578947368421,Sell
2024-02-26,GREK,-0.026494155936598696,Sell
2024-02-26,QCOM,0.0005209327764229797,Buy
2024-02-26,STI,-0.02631578947368421,Sell
2024-02-26,NDAQ,0.02631578947368421,Buy
2024-02-26,HAS,-0.02598325593515248,Sell
2024-02-26,DPZ,0.0017062515799855862,Buy
2024-02-26,VTR,0.0005547990027356467,Buy
2024-02-26,BBT,-0.00020667343146138495,Sell
2024-02-26,BDX,0.02631578947368421,Buy
2024-02-26,EBAY,-0.02631578947368421,Sell
2024-02-26,EOG,-0.0265193793852864,Sell
2024-02-26,QQQ,0.0001446821183529734,Buy
2024-02-26,SIRI,8.231938074539091e-06,Buy
2024-02-26,ANF,0.0008893530534202151,Buy
2024-02-26,CCL,0.0006236152857159311,Buy
2024-02-26,TSM,0.0003854938117976367,Buy
2024-02-26,ALK,-0.0004852581012143309,Sell
2024-02-26,MAR,0.0262364941262468,Buy
2024-02-26,KEY,0.0005477418371657682,Buy
2024-02-26,ILMN,-0.02631578947368421,Sell
2024-02-26,GOLD,-0.026338537755577873,Sell
2024-02-26,TRP,0.00015432603639987247,Buy
2024-02-26,D,0.02575529583203523,Buy
2024-02-26,ULTA,0.00047355291230417873,Buy
2024-02-26,PVH,0.00017225401469580376,Buy
2024-02-26,RL,-4.508819995136665e-05,Sell
2024-02-26,WSM,0.0005231290404033688,Buy
2024-02-26,BX,-0.026510384477627165,Sell
2024-02-26,MRVL,0.0005660473954838992,Buy
2024-02-26,DUK,0.02631578947368421,Buy
2024-02-26,RF,-8.620839872966121e-05,Sell
2024-02-26,PRGO,-0.02649088279707778,Sell
2024-02-26,SYK,0.02628276500652284,Buy
2024-02-26,CSIQ,0.00010859952743601589,Buy
2024-02-26,BSX,0.02634401557006344,Buy
2024-02-26,M,0.02631578947368421,Buy
2024-02-26,ENB,0.00015328381177531422,Buy
2024-02-26,MT,0.00016203233921268517,Buy
2024-02-26,VZ,0.02631578947368421,Buy
2024-02-26,CAT,0.00028123864014207786,Buy
2024-02-27,PPG,0.0004247710362218944,Buy
2024-02-27,AMTD,0.026307605537068294,Buy
2024-02-27,BAX,0.02631578947368421,Buy
2024-02-27,A,-4.88054901997409e-05,Sell
2024-02-27,HOG,0.02631578947368421,Buy
2024-02-27,XLP,-0.02615726857568186,Sell
2024-02-27,NVDA,-0.0002913279052454039,Sell
2024-02-27,WEN,0.000291363480364442,Buy
2024-02-27,AA,-0.02755743812546573,Sell
2024-02-27,SPWR,0.024920093224272508,Buy
2024-02-27,GREK,0.02631578947368421,Buy
2024-02-27,QCOM,4.949010719869015e-05,Buy
2024-02-27,STI,0.02482655371175555,Buy
2024-02-27,NDAQ,-0.026237539221486715,Sell
2024-02-27,TRV,-0.02631578947368421,Sell
2024-02-27,DPZ,-0.0008873878752159343,Sell
2024-02-27,VTR,0.00036288545137376504,Buy
2024-02-27,DHI,0.02631578947368421,Buy
2024-02-27,BBT,0.0004936906438809535,Buy
2024-02-27,BDX,0.00021396396896898248,Buy
2024-02-27,EBAY,0.02645773686608486,Buy
2024-02-27,QQQ,0.026216668074461397,Buy
2024-02-27,SIRI,-0.025932586382708917,Sell
2024-02-27,ANF,-0.0002511358815031513,Sell
2024-02-27,CCL,-0.054469126797339,Sell
2024-02-27,TSM,0.025743357009414283,Buy
2024-02-27,MS,0.02631578947368421,Buy
2024-02-27,ALK,0.0003858754962715906,Buy
2024-02-27,KEY,-0.027033203212049637,Sell
2024-02-27,ILMN,0.026686496410364982,Buy
2024-02-27,GOLD,0.02631578947368421,Buy
2024-02-27,TRP,-0.026253605369996744,Sell
2024-02-27,KO,0.02631578947368421,Buy
2024-02-27,ULTA,7.726044152187722e-05,Buy
2024-02-27,PVH,5.140526473122742e-05,Buy
2024-02-27,RL,-0.0007760483003690401,Sell
2024-02-27,HUM,-0.02631578947368421,Sell
2024-02-27,WSM,0.00026033829336255185,Buy
2024-02-27,TRIP,-0.02631578947368421,Sell
2024-02-27,MRVL,3.234299126567142e-05,Buy
2024-02-27,DUK,0.00010432741657556005,Buy
2024-02-27,NTES,-0.02631578947368421,Sell
2024-02-27,RF,-0.0266558853064136,Sell
2024-02-27,HMC,0.02631578947368421,Buy
2024-02-27,CP,0.02631578947368421,Buy
2024-02-27,PRGO,-0.02631578947368421,Sell
2024-02-27,OHI,0.02631578947368421,Buy
2024-02-27,SYK,-0.02631578947368421,Sell
2024-02-27,CSIQ,0.026735506355681487,Buy
2024-02-27,M,-0.027034593250706937,Sell
2024-02-27,COF,-0.02631578947368421,Sell
2024-02-27,ENB,8.598429744587771e-05,Buy
2024-02-27,MT,-0.026454374748486005,Sell
2024-02-27,VZ,3.881155824524141e-06,Buy
2024-02-27,CAT,1.881836256332689e-05,Buy
2024-02-28,CNC,0.02631578947368421,Buy
2024-02-28,PPG,0.000200375118025186,Buy
2024-02-28,AMTD,-0.02631578947368421,Sell
2024-02-28,BAX,0.0003019470559348751,Buy
2024-02-28,A,-0.027076767298384805,Sell
2024-02-28,HOG,-3.885892897692242e-05,Sell
2024-02-28,NVDA,0.025849863370705245,Buy
2024-02-28,WEN,-0.00037136093758628405,Sell
2024-02-28,AA,-0.02631578947368421,Sell
2024-02-28,BUD,0.02631578947368421,Buy
2024-02-28,SPWR,0.02631578947368421,Buy
2024-02-28,GREK,0.00026364871777134063,Buy
2024-02-28,QCOM,0.025920932348186522,Buy
2024-02-28,STI,0.02631578947368421,Buy
2024-02-28,TRV,0.02602299305193332,Buy
2024-02-28,DPZ,-0.00011455626974707714,Sell
2024-02-28,VTR,0.00021872156381040272,Buy
2024-02-28,DHI,-0.026292619376569123,Sell
2024-02-28,BBT,0.0005530144408693802,Buy
2024-02-28,BDX,0.0003473761157791119,Buy
2024-02-28,EBAY,-0.02631578947368421,Sell
2024-02-28,ANF,-7.461144563503108e-05,Sell
2024-02-28,CCL,0.02547091367448784,Buy
2024-02-28,MS,-0.026366956113578286,Sell
2024-02-28,ALK,0.025909593527845155,Buy
2024-02-28,KEY,0.02631578947368421,Buy
2024-02-28,KGC,-0.02631578947368421,Sell
2024-02-28,GOLD,-0.0259611092329455,Sell
2024-02-28,KO,-0.026221409604630524,Sell
2024-02-28,D,-0.02631578947368421,Sell
2024-02-28,ULTA,-0.00022541451151185735,Sell
2024-02-28,PVH,-0.0001567259596370503,Sell
2024-02-28,EW,-0.02631578947368421,Sell
2024-02-28,RL,3.737212280137403e-05,Buy
2024-02-28,HUM,-0.0009538842053166546,Sell
2024-02-28,WSM,-0.00019898077325665106,Sell
2024-02-28,TRIP,-0.0005055135804104584,Sell
2024-02-28,MRVL,0.025592866608272712,Buy
2024-02-28,DUK,0.0001521502992659282,Buy
2024-02-28,NTES,0.02599624439516357,Buy
2024-02-28,RF,0.02631578947368421,Buy
2024-02-28,HMC,-0.026284535387609036,Sell
2024-02-28,CP,0.00046742604093427675,Buy
2024-02-28,PRGO,0.025341370900939596,Buy
2024-02-28,OHI,-0.02643007077193761,Sell
2024-02-28,SYK,-0.0001509219144128597,Sell
2024-02-28,CSIQ,-0.02631578947368421,Sell
2024-02-28,BSX,-0.02631578947368421,Sell
2024-02-28,M,0.02631578947368421,Buy
2024-02-28,COF,3.2736096420741406e-05,Buy
2024-02-28,ENB,0.00020397237047761752,Buy
2024-02-28,MT,0.02631578947368421,Buy
2024-02-28,VZ,-0.026306883771177274,Sell
2024-02-28,CAT,3.3888178143422903e-05,Buy
2024-02-29,MNST,-0.02631578947368421,Sell
2024-02-29,CNC,-0.0001901483057505128,Sell
2024-02-29,PPG,-0.026703643334210072,Sell
2024-02-29,AMTD,-0.00028277593863942907,Sell
2024-02-29,BAX,4.804850237564648e-05,Buy
2024-02-29,VWO,0.02631578947368421,Buy
2024-02-29,HOG,-8.20118199278963e-05,Sell
2024-02-29,NVDA,-0.02631578947368421,Sell
2024-02-29,WEN,-4.562963663922934e-05,Sell
2024-02-29,AA,0.0010724593173234466,Buy
2024-02-29,BUD,0.0007057448037246922,Buy
2024-02-29,SPWR,-0.053060517204099225,Sell
2024-02-29,GREK,-0.00024282551020557083,Sell
2024-02-29,QCOM,-0.02631578947368421,Sell
2024-02-29,JNJ,0.02631578947368421,Buy
2024-02-29,STI,-0.022300015593181132,Sell
2024-02-29,NDAQ,0.02631578947368421,Buy
2024-02-29,TRV,-0.02631578947368421,Sell
2024-02-29,DPZ,0.00029414683248475335,Buy
2024-02-29,VTR,-5.813885780927078e-05,Sell
2024-02-29,BBT,-0.00023841283916270148,Sell
2024-02-29,BDX,0.00022216750547911918,Buy
2024-02-29,EBAY,0.026154977826544325,Buy
2024-02-29,ANF,0.0005466830204077441,Buy
2024-02-29,TSM,-0.02631578947368421,Sell
2024-02-29,KEY,-0.02715853676913513,Sell
2024-02-29,KGC,0.027157494728117574,Buy
2024-02-29,WMB,-0.02631578947368421,Sell
2024-02-29,KO,0.02631578947368421,Buy
2024-02-29,D,0.00025886309664527665,Buy
2024-02-29,ULTA,0.025990203363129866,Buy
2024-02-29,PVH,0.026440180109420047,Buy
2024-02-29,EW,0.026144321985028623,Buy
2024-02-29,RL,0.000496788398653282,Buy
2024-02-29,HUM,0.026429046445020223,Buy
2024-02-29,WSM,0.0004942084366057996,Buy
2024-02-29,NWSA,-0.02631578947368421,Sell
2024-02-29,TRIP,0.026502300975512573,Buy
2024-02-29,MRVL,-0.02631578947368421,Sell
2024-02-29,DUK,-0.02681066176591209,Sell
2024-02-29,RF,-0.026926007187017396,Sell
2024-02-29,CP,-0.02652049712821472,Sell
2024-02-29,PRGO,0.02631578947368421,Buy
2024-02-29,OHI,0.02631578947368421,Buy
2024-02-29,SYK,-2.8954467381721305e-05,Sell
2024-02-29,CSIQ,0.0005073083240790567,Buy
2024-02-29,BSX,0.052499743903591314,Buy
2024-02-29,M,0.0012192181093617048,Buy
2024-02-29,COF,0.026490488942491498,Buy
2024-02-29,ENB,-0.00020745095889922183,Sell
2024-02-29,MT,-0.02653311548097322,Sell
2024-02-29,CAT,0.0005303264237778993,Buy
2024-02-29,MRK,0.02631578947368421,Buy
2024-03-01,MNST,0.02621117378337638,Buy
2024-03-01,CNC,0.00011758632705020922,Buy
2024-03-01,PPG,0.02631578947368421,Buy
2024-03-01,AMTD,0.02650438058564589,Buy
2024-03-01,BAX,-0.02640733533613666,Sell
2024-03-01,VWO,-0.026702676767813918,Sell
2024-03-01,HOG,-0.00021097518877635432,Sell
2024-03-01,NVDA,0.0010884083719082949,Buy
2024-03-01,WEN,9.735018474407026e-05,Buy
2024-03-01,AA,0.026804519039691457,Buy
2024-03-01,BUD,5.369898878075999e-05,Buy
2024-03-01,SPWR,-0.0004635628626258499,Sell
2024-03-01,GREK,-0.02662523047768246,Sell
2024-03-01,QCOM,0.0009186472873171127,Buy
2024-03-01,JNJ,-0.026470202675287692,Sell
2024-03-01,STI,-0.02631578947368421,Sell
2024-03-01,NDAQ,-0.02650410577967306,Sell
2024-03-01,TRV,0.052409982144854726,Buy
2024-03-01,DPZ,-3.222980481481369e-05,Sell
2024-03-01,VTR,-0.0010990330460208184,Sell
2024-03-01,BBT,-3.359488554159282e-05,Sell
2024-03-01,BDX,-6.745828432814377e-06,Sell
2024-03-01,ANF,0.000778124401813178,Buy
2024-03-01,HTZ,0.02631578947368421,Buy
2024-03-01,TSM,0.0011046061837902063,Buy
2024-03-01,KEY,0.02631578947368421,Buy
2024-03-01,WMB,0.026686638157928374,Buy
2024-03-01,KO,0.0001815201873113792,Buy
2024-03-01,D,-0.0016411321593836313,Sell
2024-03-01,ULTA,-0.02631578947368421,Sell
2024-03-01,RL,-9.820460111179333e-05,Sell
2024-03-01,HUM,-0.02631578947368421,Sell
2024-03-01,NTAP,-0.02631578947368421,Sell
2024-03-01,WSM,0.026473566436006173,Buy
2024-03-01,NWSA,0.052126033876033644,Buy
2024-03-01,MRVL,0.002221414632858805,Buy
2024-03-01,DUK,0.02631578947368421,Buy
2024-03-01,NTES,-0.02631578947368421,Sell
2024-03-01,RF,0.02631578947368421,Buy
2024-03-01,PRGO,-0.00010383131292433442,Sell
2024-03-01,OHI,6.801233296550163e-05,Buy
2024-03-01,SYK,0.00034685983945431653,Buy
2024-03-01,CSIQ,-0.00011633153520347606,Sell
2024-03-01,BSX,-0.0530313026004455,Sell
2024-03-01,XLE,-0.02631578947368421,Sell
2024-03-01,M,-0.0008947819768805286,Sell
2024-03-01,ENB,-0.02664028404094592,Sell
2024-03-01,MT,0.02631578947368421,Buy
2024-03-01,CAT,0.00024978339542410313,Buy
2024-03-01,MRK,-0.026310010333344194,Sell
2024-03-04,MET,0.02631578947368421,Buy
2024-03-04,CNC,-0.00018201815858926232,Sell
2024-03-04,PPG,-1.0262621318642834e-05,Sell
2024-03-04,VWO,0.02631578947368421,Buy
2024-03-04,CF,0.02631578947368421,Buy
2024-03-04,HOG,-0.0529381463394176,Sell
2024-03-04,NVDA,0.0010154761971041468,Buy
2024-03-04,WEN,-0.0004622887815547705,Sell
2024-03-04,BUD,-3.629602203656518e-05,Sell
2024-03-04,SPWR,6.698805654371115e-05,Buy
2024-03-04,NSC,-0.02631578947368421,Sell
2024-03-04,QCOM,0.000628326335035654,Buy
2024-03-04,JNJ,0.02631578947368421,Buy
2024-03-04,STI,0.02956209792084927,Buy
2024-03-04,TRV,-0.026412917785934475,Sell
2024-03-04,DPZ,0.0002298026492571041,Buy
2024-03-04,VTR,-0.026442735266472592,Sell
2024-03-04,BBT,0.0006327833089097706,Buy
2024-03-04,BDX,-0.00010510821579692159,Sell
2024-03-04,WFC,-0.02631578947368421,Sell
2024-03-04,EWI,-0.02631578947368421,Sell
2024-03-04,SIRI,0.02631578947368421,Buy
2024-03-04,ANF,0.0012578998773951529,Buy
2024-03-04,HTZ,0.0019235288778337786,Buy
2024-03-04,DLTR,0.02631578947368421,Buy
2024-03-04,TSM,0.0009260516210473461,Buy
2024-03-04,MS,-0.02631578947368421,Sell
2024-03-04,KEY,-0.027107883176562275,Sell
2024-03-04,KGC,-0.02631578947368421,Sell
2024-03-04,KO,-0.026506868516986234,Sell
2024-03-04,D,0.02750783039770262,Buy
2024-03-04,ULTA,-9.803034837661123e-05,Sell
2024-03-04,EW,-0.02631578947368421,Sell
2024-03-04,RL,0.02541154791171719,Buy
2024-03-04,HUM,0.02599306862941867,Buy
2024-03-04,NTAP,0.025886740241399454,Buy
2024-03-04,NWSA,0.0003338159147183786,Buy
2024-03-04,BX,0.02631578947368421,Buy
2024-03-04,MRVL,0.0006584762404604587,Buy
2024-03-04,DUK,-0.02683575275098104,Sell
2024-03-04,NTES,0.025998342411727073,Buy
2024-03-04,RF,-0.026993032332454255,Sell
2024-03-04,PRGO,3.3217468808258155e-05,Buy
2024-03-04,OHI,-0.026799794669343513,Sell
2024-03-04,SYK,0.0002634207723030933,Buy
2024-03-04,CSIQ,-0.0007885315923940039,Sell
2024-03-04,BSX,0.00018489233327169743,Buy
2024-03-04,XLE,0.026101206458122996,Buy
2024-03-04,M,-0.029957121529153138,Sell
2024-03-04,COF,0.02631578947368421,Buy
2024-03-04,MT,0.000238251192944558,Buy
2024-03-04,CAT,0.00021978376556477247,Buy
2024-03-04,MRK,0.02631578947368421,Buy
2024-03-05,MET,-0.026441360938762763,Sell
2024-03-05,CNC,0.0003926812013712068,Buy
2024-03-05,PPG,0.00016557863369990114,Buy
2024-03-05,VWO,-0.026053823719801368,Sell
2024-03-05,CF,0.00019623178972518265,Buy
2024-03-05,HP,-0.02631578947368421,Sell
2024-03-05,HOG,0.0018110836764289075,Buy
2024-03-05,NVDA,0.0001404174584931188,Buy
2024-03-05,WEN,-0.026446366324068868,Sell
2024-03-05,BUD,6.709397496029376e-05,Buy
2024-03-05,SPWR,0.051033687851467766,Buy
2024-03-05,NSC,0.026047028056416247,Buy
2024-03-05,RRC,-0.02631578947368421,Sell
2024-03-05,QCOM,0.0254264692907603,Buy
2024-03-05,JNJ,6.321275049613398e-05,Buy
2024-03-05,DPZ,-0.0001078701007747318,Sell
2024-03-05,VTR,0.02631578947368421,Buy
2024-03-05,BBT,-0.0005549228836930244,Sell
2024-03-05,BDX,0.0003294417488299041,Buy
2024-03-05,EBAY,-0.02631578947368421,Sell
2024-03-05,WFC,0.02660254431420659,Buy
2024-03-05,QQQ,0.02631578947368421,Buy
2024-03-05,EWI,8.341219366379132e-05,Buy
2024-03-05,SIRI,-0.02623123762210281,Sell
2024-03-05,ANF,0.00042173087275036714,Buy
2024-03-05,HTZ,-0.025904707140452683,Sell
2024-03-05,ORCL,0.02631578947368421,Buy
2024-03-05,DLTR,-0.05302356847680756,Sell
2024-03-05,TSM,-0.0007087408827997771,Sell
2024-03-05,MS,0.02596613290179587,Buy
2024-03-05,MAR,-0.02631578947368421,Sell
2024-03-05,ILMN,0.02631578947368421,Buy
2024-03-05,KGC,-0.0008213879899286146,Sell
2024-03-05,KO,0.02631578947368421,Buy
2024-03-05,ULTA,5.559593206827529e-05,Buy
2024-03-05,EW,0.025953914115869066,Buy
2024-03-05,RL,-0.02631578947368421,Sell
2024-03-05,WSM,-0.02631578947368421,Sell
2024-03-05,NWSA,-0.02617054270343701,Sell
2024-03-05,BX,0.00045336097960567076,Buy
2024-03-05,MRVL,-0.0002895003778385641,Sell
2024-03-05,PCG,0.02631578947368421,Buy
2024-03-05,CLX,0.02631578947368421,Buy
2024-03-05,PRGO,-0.0009455007606838789,Sell
2024-03-05,OHI,0.02631578947368421,Buy
2024-03-05,SYK,0.025976193346060186,Buy
2024-03-05,CSIQ,-0.0008990273062011514,Sell
2024-03-05,BSX,0.02607174031470182,Buy
2024-03-05,XLE,-0.02631578947368421,Sell
2024-03-05,COF,-0.02653407670526629,Sell
2024-03-05,MT,-0.025729744559930892,Sell
2024-03-05,CAT,-0.0004811413486791802,Sell
2024-03-05,MRK,0.00034252879257518423,Buy
2024-03-06,CNC,-5.671121832476547e-05,Sell
2024-03-06,PPG,-0.0002442434684005318,Sell
2024-03-06,AMTD,-0.02631578947368421,Sell
2024-03-06,BAX,-0.02631578947368421,Sell
2024-03-06,CF,-0.02698944434008042,Sell
2024-03-06,HP,0.026577004873267272,Buy
2024-03-06,HOG,0.025826186568939015,Buy
2024-03-06,NVDA,0.0008294435156623002,Buy
2024-03-06,BUD,-0.00019773270502882953,Sell
2024-03-06,SPWR,-0.0005290286626901744,Sell
2024-03-06,RRC,0.026259836465220898,Buy
2024-03-06,QCOM,-0.02631578947368421,Sell
2024-03-06,JNJ,0.00011147840932766023,Buy
2024-03-06,STI,-0.02631578947368421,Sell
2024-03-06,TRV,-0.02631578947368421,Sell
2024-03-06,DPZ,-0.0001453747089938985,Sell
2024-03-06,VTR,-0.02659567578345577,Sell
2024-03-06,BBT,-0.0269217344615103,Sell
2024-03-06,BDX,-0.0002344197063768004,Sell
2024-03-06,EBAY,0.0002284809316909324,Buy
2024-03-06,WFC,-0.02631578947368421,Sell
2024-03-06,QQQ,-0.02647323909742476,Sell
2024-03-06,EWI,0.0003050625065272525,Buy
2024-03-06,ANF,0.025375538773108133,Buy
2024-03-06,ORCL,-0.026623306697553445,Sell
2024-03-06,DLTR,0.026318509964027945,Buy
2024-03-06,TSM,0.001278578708364543,Buy
2024-03-06,MS,0.02631578947368421,Buy
2024-03-06,MAR,0.02622514232776285,Buy
2024-03-06,XRT,0.02631578947368421,Buy
2024-03-06,KEY,0.02631578947368421,Buy
2024-03-06,ILMN,-8.00344361032157e-05,Sell
2024-03-06,KGC,0.027017579168018325,Buy
2024-03-06,KO,-5.396575622838851e-06,Sell
2024-03-06,ULTA,-6.340915253736853e-05,Sell
2024-03-06,PVH,0.02631578947368421,Buy
2024-03-06,EW,-0.02631578947368421,Sell
2024-03-06,RL,0.026147438589664503,Buy
2024-03-06,HUM,-0.02631578947368421,Sell
2024-03-06,WSM,0.026240050365279526,Buy
2024-03-06,BX,0.0003282354224257225,Buy
2024-03-06,MRVL,0.0008742920607665225,Buy
2024-03-06,PCG,-8.820842633718712e-05,Sell
2024-03-06,RF,0.02631578947368421,Buy
2024-03-06,CP,-0.02631578947368421,Sell
2024-03-06,CLX,-0.02641848533833205,Sell
2024-03-06,PRGO,-0.02710893194497344,Sell
2024-03-06,OHI,-1.767995645265974e-05,Sell
2024-03-06,SYK,-0.02631578947368421,Sell
2024-03-06,CSIQ,0.0009154532884847709,Buy
2024-03-06,XLE,0.026389705757015908,Buy
2024-03-06,COF,0.02631578947368421,Buy
2024-03-06,VZ,0.02631578947368421,Buy
2024-03-06,CAT,0.00015777850913185898,Buy
2024-03-06,MRK,-0.00018917711789161878,Sell
2024-03-07,CNC,-0.027460417768642467,Sell
2024-03-07,PPG,-0.0005799451274949435,Sell
2024-03-07,AMTD,0.026746844290183865,Buy
2024-03-07,BAX,0.027057934967784827,Buy
2024-03-07,NVDA,0.0016278732357397178,Buy
2024-03-07,WEN,0.02631578947368421,Buy
2024-03-07,DAL,-0.02631578947368421,Sell
2024-03-07,BUD,-0.0008767611259539107,Sell
2024-03-07,SPWR,-0.053330101951692126,Sell
2024-03-07,GREK,0.02631578947368421,Buy
2024-03-07,QCOM,0.0016784691506849005,Buy
2024-03-07,JNJ,-0.000352161794159183,Sell
2024-03-07,STI,0.010220104973753565,Buy
2024-03-07,TRV,0.026720052542175462,Buy
2024-03-07,DPZ,0.00043883081011435177,Buy
2024-03-07,VTR,0.02631578947368421,Buy
2024-03-07,BDX,-0.0007695932431391259,Sell
2024-03-07,EBAY,0.0005580657578346561,Buy
2024-03-07,WFC,0.026695324911882177,Buy
2024-03-07,EWI,0.02686383189990038,Buy
2024-03-07,ANF,0.02631578947368421,Buy
2024-03-07,HTZ,0.02631578947368421,Buy
2024-03-07,TSM,0.001872598177664133,Buy
2024-03-07,MS,-0.000580928120972022,Sell
2024-03-07,XRT,-0.0005054699888503641,Sell
2024-03-07,KEY,-0.0003953728391640522,Sell
2024-03-07,ILMN,-0.026919045941212645,Sell
2024-03-07,WMB,0.02631578947368421,Buy
2024-03-07,KO,-0.0003816461172739087,Sell
2024-03-07,D,0.02631578947368421,Buy
2024-03-07,ULTA,0.000432031397380607,Buy
2024-03-07,PVH,-0.02676265029916822,Sell
2024-03-07,EW,0.00209042976721803,Buy
2024-03-07,RL,-0.02631578947368421,Sell
2024-03-07,HUM,0.000560420484245653,Buy
2024-03-07,WSM,-0.02631578947368421,Sell
2024-03-07,BX,-0.027072232492700805,Sell
2024-03-07,MRVL,0.0016538404486265493,Buy
2024-03-07,PCG,-0.026909049492772223,Sell
2024-03-07,NTES,-0.02631578947368421,Sell
2024-03-07,RF,-0.027065258447012745,Sell
2024-03-07,HMC,0.02631578947368421,Buy
2024-03-07,CME,0.02631578947368421,Buy
2024-03-07,CP,0.0011423111752615622,Buy
2024-03-07,CLX,-0.02631578947368421,Sell
2024-03-07,OHI,-0.00013703450433190725,Sell
2024-03-07,SYK,0.0006284529206081607,Buy
2024-03-07,CSIQ,0.027285723989061726,Buy
2024-03-07,COF,-0.027123189060024575,Sell
2024-03-07,VZ,-0.00016311835455931623,Sell
2024-03-07,CAT,0.0007968395929112346,Buy
2024-03-07,MRK,-0.02679871870584696,Sell
2024-03-08,CNC,0.02631578947368421,Buy
2024-03-08,PPG,0.0002624437339598523,Buy
2024-03-08,BAX,-0.02631578947368421,Sell
2024-03-08,XLP,0.02631578947368421,Buy
2024-03-08,NVDA,-0.0016780774282740551,Sell
2024-03-08,WEN,0.00014572766818912036,Buy
2024-03-08,DAL,0.025755558446230828,Buy
2024-03-08,BUD,3.6242948158217436e-05,Buy
2024-03-08,SPWR,0.051884076751849785,Buy
2024-03-08,NSC,-0.02631578947368421,Sell
2024-03-08,GREK,-0.026078432027523996,Sell
2024-03-08,QCOM,-0.000995466400301407,Sell
2024-03-08,JNJ,-0.02619154686750136,Sell
2024-03-08,STI,0.0010397361095899026,Buy
2024-03-08,DPZ,-0.0003685786968564732,Sell
2024-03-08,VTR,-0.0266120293068217,Sell
2024-03-08,BDX,-1.9312049343123833e-05,Sell
2024-03-08,EBAY,-0.0003032703241569838,Sell
2024-03-08,SIRI,0.02631578947368421,Buy
2024-03-08,ANF,0.002096797442139399,Buy
2024-03-08,HTZ,-0.027336889557233984,Sell
2024-03-08,ORCL,0.02631578947368421,Buy
2024-03-08,DLTR,0.02631578947368421,Buy
2024-03-08,TSM,-0.0007257407030868135,Sell
2024-03-08,MS,-0.026357352309023013,Sell
2024-03-08,MAR,-0.02631578947368421,Sell
2024-03-08,XRT,-0.026060690260795258,Sell
2024-03-08,KEY,0.000318092207635505,Buy
2024-03-08,WMB,-0.026179220252224838,Sell
2024-03-08,KO,0.00019586568353724063,Buy
2024-03-08,D,-0.02609025323527277,Sell
2024-03-08,ULTA,0.02569948084935122,Buy
2024-03-08,EW,-0.0006953315043453714,Sell
2024-03-08,RL,0.02555066120152944,Buy
2024-03-08,HUM,-0.00033585560084069266,Sell
2024-03-08,WSM,0.05107364953766355,Buy
2024-03-08,LOW,-0.02631578947368421,Sell
2024-03-08,MRVL,0.023120427778006214,Buy
2024-03-08,PCG,0.02631578947368421,Buy
2024-03-08,NTES,-0.0002137229584268721,Sell
2024-03-08,HMC,0.0001720875280841888,Buy
2024-03-08,CME,0.0002981636591338696,Buy
2024-03-08,CP,-0.00030346980719358693,Sell
2024-03-08,CLX,8.964181347210012e-05,Buy
2024-03-08,OHI,-0.026212729119215964,Sell
2024-03-08,SYK,-0.0002127344403447598,Sell
2024-03-08,ZUMZ,-0.02631578947368421,Sell
2024-03-08,VZ,0.00024417373591477734,Buy
2024-03-08,CAT,-0.0003099382494355443,Sell
2024-03-08,MRK,0.02631578947368421,Buy
2024-03-08,BMY,-0.02631578947368421,Sell
2024-03-11,CNC,-0.027092400393819598,Sell
2024-03-11,PPG,-0.02747182223540415,Sell
2024-03-11,AMTD,-0.02631578947368421,Sell
2024-03-11,BAX,0.02695084045337034,Buy
2024-03-11,XLP,-0.027278585663419803,Sell
2024-03-11,NVDA,0.00027113057578212474,Buy
2024-03-11,WEN,-0.0008589892258542252,Sell
2024-03-11,DAL,-0.02631578947368421,Sell
2024-03-11,BUD,-0.027571988816420513,Sell
2024-03-11,SPWR,-0.05317233649045815,Sell
2024-03-11,NSC,0.026996788346264487,Buy
2024-03-11,ICE,0.02631578947368421,Buy
2024-03-11,GREK,0.02631578947368421,Buy
2024-03-11,QCOM,0.0009022815205961647,Buy
2024-03-11,STI,0.034946840215843905,Buy
2024-03-11,DPZ,0.0007471308535318931,Buy
2024-03-11,VTR,0.02631578947368421,Buy
2024-03-11,BBT,0.02631578947368421,Buy
2024-03-11,BDX,-0.0007695745286114275,Sell
2024-03-11,MU,0.02631578947368421,Buy
2024-03-11,EBAY,0.0014503796773064348,Buy
2024-03-11,EWI,0.02631578947368421,Buy
2024-03-11,SIRI,-0.0008800221924779965,Sell
2024-03-11,ANF,-0.00033457605732053683,Sell
2024-03-11,HTZ,-0.02631578947368421,Sell
2024-03-11,ORCL,-0.027543271809417708,Sell
2024-03-11,DLTR,-0.027330527205715223,Sell
2024-03-11,TSM,0.025768220333755466,Buy
2024-03-11,MAR,0.026934390308976888,Buy
2024-03-11,KEY,-0.0008148036745353783,Sell
2024-03-11,KO,-0.02745878691577081,Sell
2024-03-11,ULTA,-0.02631578947368421,Sell
2024-03-11,PVH,0.02631578947368421,Buy
2024-03-11,EW,0.0004290753152690653,Buy
2024-03-11,RL,-0.02631578947368421,Sell
2024-03-11,HUM,0.0014264070564277316,Buy
2024-03-11,WSM,-0.02729806790395108,Sell
2024-03-11,TRIP,-0.02631578947368421,Sell
2024-03-11,BX,0.02631578947368421,Buy
2024-03-11,LOW,0.02701958244114833,Buy
2024-03-11,PCG,-0.0006345893729596333,Sell
2024-03-11,NTES,0.0012194747430071713,Buy
2024-03-11,HMC,-0.00017319980208665292,Sell
2024-03-11,CME,-0.027613388775815446,Sell
2024-03-11,CP,0.0007996816361467533,Buy
2024-03-11,CLX,0.027109675171110882,Buy
2024-03-11,PRGO,0.02631578947368421,Buy
2024-03-11,SYK,0.02695774307135738,Buy
2024-03-11,BSX,0.02631578947368421,Buy
2024-03-11,ZUMZ,0.00017762021923745444,Buy
2024-03-11,MT,0.02631578947368421,Buy
2024-03-11,VZ,-0.027556339213048807,Sell
2024-03-11,CAT,0.0004772556360872274,Buy
2024-03-11,MRK,-0.0006544378076883059,Sell
2024-03-11,BMY,0.0011022994129446274,Buy
2024-03-12,CNC,0.02631578947368421,Buy
2024-03-12,PPG,0.02631578947368421,Buy
2024-03-12,AMTD,0.00025958312222361044,Buy
2024-03-12,BAX,0.02631578947368421,Buy
2024-03-12,NVDA,0.0016734394081745659,Buy
2024-03-12,WEN,0.00028093150403592573,Buy
2024-03-12,DAL,0.026168752452035808,Buy
2024-03-12,SPWR,0.02132228171045168,Buy
2024-03-12,ICE,0.0001921835977308009,Buy
2024-03-12,RRC,0.02631578947368421,Buy
2024-03-12,GREK,6.460583848455492e-05,Buy
2024-03-12,QCOM,0.00010318666812443589,Buy
2024-03-12,STI,0.02149286006217669,Buy
2024-03-12,DPZ,0.00031474982648059535,Buy
2024-03-12,VTR,0.0007238956674281045,Buy
2024-03-12,BBT,-0.025700009548209318,Sell
2024-03-12,BDX,0.00037921665018225345,Buy
2024-03-12,MU,-0.026924037253412907,Sell
2024-03-12,EBAY,0.02579551510878906,Buy
2024-03-12,EWI,-0.026433630811195687,Sell
2024-03-12,SIRI,-0.025743966534558037,Sell
2024-03-12,ANF,-0.053336575663377815,Sell
2024-03-12,HTZ,-0.0001959942592333723,Sell
2024-03-12,ORCL,-0.02631578947368421,Sell
2024-03-12,TSM,-0.02631578947368421,Sell
2024-03-12,ALK,-0.02631578947368421,Sell
2024-03-12,KEY,0.000388571154444798,Buy
2024-03-12,ILMN,0.02631578947368421,Buy
2024-03-12,D,0.02631578947368421,Buy
2024-03-12,ULTA,0.00013778877333248118,Buy
2024-03-12,PVH,-0.02648189638084091,Sell
2024-03-12,EW,-0.00017298829862780196,Sell
2024-03-12,RL,0.00010563477001554467,Buy
2024-03-12,HUM,-0.0003352495025057377,Sell
2024-03-12,WSM,-0.02631578947368421,Sell
2024-03-12,TRIP,0.026276906612526567,Buy
2024-03-12,BX,0.0003826111100159492,Buy
2024-03-12,PCG,0.00040241513835493486,Buy
2024-03-12,DUK,0.02631578947368421,Buy
2024-03-12,NTES,0.00014656896702634065,Buy
2024-03-12,RF,0.02631578947368421,Buy
2024-03-12,HMC,-0.026511444955743597,Sell
2024-03-12,CP,8.07922242549372e-05,Buy
2024-03-12,PRGO,0.00023015149140381483,Buy
2024-03-12,SYK,-0.02631578947368421,Sell
2024-03-12,BSX,-0.05297678236537781,Sell
2024-03-12,ZUMZ,0.025607317532233453,Buy
2024-03-12,MT,-0.02701876003282716,Sell
2024-03-12,VZ,0.02631578947368421,Buy
2024-03-12,CAT,-1.898442877921666e-05,Sell
2024-03-12,MRK,0.00021939739283353618,Buy
2024-03-12,BMY,0.026139016244830237,Buy
2024-03-13,MET,-0.02631578947368421,Sell
2024-03-13,CNC,-0.00010659706871712915,Sell
2024-03-13,PPG,-0.00022354918552440137,Sell
2024-03-13,AMTD,0.05274850760276138,Buy
2024-03-13,BAX,1.249565954156151e-05,Buy
2024-03-13,HP,-0.02631578947368421,Sell
2024-03-13,NVDA,-0.00017784351802733675,Sell
2024-03-13,WEN,-0.02661956797299711,Sell
2024-03-13,DAL,-0.02631578947368421,Sell
2024-03-13,SPWR,-0.02631578947368421,Sell
2024-03-13,NSC,-0.02631578947368421,Sell
2024-03-13,ICE,-0.02652533480029589,Sell
2024-03-13,RRC,-0.026351505432137066,Sell
2024-03-13,GREK,-0.00011031243679939656,Sell
2024-03-13,QCOM,0.025847796631165314,Buy
2024-03-13,JNJ,0.02631578947368421,Buy
2024-03-13,STI,0.02631578947368421,Buy
2024-03-13,NDAQ,0.02631578947368421,Buy
2024-03-13,TRV,-0.02631578947368421,Sell
2024-03-13,DPZ,0.026426879712743403,Buy
2024-03-13,VTR,2.2418225265281866e-05,Buy
2024-03-13,BBT,0.02631578947368421,Buy
2024-03-13,BDX,-0.00022585290473677716,Sell
2024-03-13,EBAY,-0.02631578947368421,Sell
2024-03-13,SIRI,0.02631578947368421,Buy
2024-03-13,ANF,0.0013030692059376216,Buy
2024-03-13,HTZ,0.026297685213733994,Buy
2024-03-13,ORCL,0.026014072835351797,Buy
2024-03-13,DLTR,0.02631578947368421,Buy
2024-03-13,TSM,-0.00029676728639413744,Sell
2024-03-13,ALK,0.026953019115715154,Buy
2024-03-13,KEY,-0.0266468916419365,Sell
2024-03-13,ILMN,-0.00013086923737687384,Sell
2024-03-13,D,-0.02704599227686648,Sell
2024-03-13,ULTA,0.000669304532842873,Buy
2024-03-13,EW,0.0007042567792186864,Buy
2024-03-13,RL,0.0004626302032478963,Buy
2024-03-13,HUM,0.026436555296342083,Buy
2024-03-13,WSM,0.0048124213236148995,Buy
2024-03-13,NWSA,0.02631578947368421,Buy
2024-03-13,BX,-0.026949919271061863,Sell
2024-03-13,LOW,-0.02631578947368421,Sell
2024-03-13,PCG,-0.0265622909984206,Sell
2024-03-13,DUK,-0.026569035360208344,Sell
2024-03-13,NTES,0.0006292067616661436,Buy
2024-03-13,RF,-0.02650101970412112,Sell
2024-03-13,CP,0.00034741209139996926,Buy
2024-03-13,PRGO,-0.026839375756304806,Sell
2024-03-13,SYK,6.293516207293154e-06,Buy
2024-03-13,BSX,0.0521806107019751,Buy
2024-03-13,VZ,-0.0002025517571507436,Sell
2024-03-13,CAT,0.0004523910160857472,Buy
2024-03-13,MRK,-9.183004527263394e-06,Sell
2024-03-13,BMY,0.02631578947368421,Buy
2024-03-14,MET,0.026021731594085617,Buy
2024-03-14,CNC,0.0002450648637634875,Buy
2024-03-14,PPG,0.0005566648694209676,Buy
2024-03-14,AMTD,-0.02554896740531105,Sell
2024-03-14,BAX,0.00042208748886837094,Buy
2024-03-14,HP,-0.0001198765799874206,Sell
2024-03-14,HOG,-0.02631578947368421,Sell
2024-03-14,NVDA,0.025448495434164567,Buy
2024-03-14,DAL,0.025791289969126132,Buy
2024-03-14,AA,-0.02631578947368421,Sell
2024-03-14,SPWR,0.024569621741765076,Buy
2024-03-14,NSC,0.0258356293768618,Buy
2024-03-14,ICE,0.02631578947368421,Buy
2024-03-14,GREK,-0.02655057287281085,Sell
2024-03-14,QCOM,-0.02631578947368421,Sell
2024-03-14,JNJ,0.00032393716117075366,Buy
2024-03-14,STI,-0.0010366336871398714,Sell
2024-03-14,KMB,0.02631578947368421,Buy
2024-03-14,NDAQ,0.00039084944487689094,Buy
2024-03-14,TRV,0.026056809754603606,Buy
2024-03-14,VTR,0.0005062424174417657,Buy
2024-03-14,DHI,0.02631578947368421,Buy
2024-03-14,BBT,-0.025458125939165376,Sell
2024-03-14,BDX,0.0001949023471132516,Buy
2024-03-14,EBAY,-9.567518844386114e-05,Sell
2024-03-14,SIRI,-0.02591923722621936,Sell
2024-03-14,ANF,-0.00014274040440033497,Sell
2024-03-14,DLTR,0.0006686933086821091,Buy
2024-03-14,CCL,-0.02631578947368421,Sell
2024-03-14,TSM,-0.00048166092958343634,Sell
2024-03-14,MAR,0.02631578947368421,Buy
2024-03-14,KEY,0.02631578947368421,Buy
2024-03-14,ILMN,0.0009423737385186523,Buy
2024-03-14,ULTA,-9.606676566571368e-05,Sell
2024-03-14,EW,0.00010631312839023618,Buy
2024-03-14,RL,-9.451225516596273e-05,Sell
2024-03-14,NTAP,-0.02631578947368421,Sell
2024-03-14,WSM,0.00014953592266624127,Buy
2024-03-14,NWSA,0.00027489307501840643,Buy
2024-03-14,LOW,0.026004885166542934,Buy
2024-03-14,NTES,0.025726212485404784,Buy
2024-03-14,CP,0.02582844186133383,Buy
2024-03-14,SYK,-0.00010750108344147191,Sell
2024-03-14,CSIQ,-0.02631578947368421,Sell
2024-03-14,BSX,-0.02662697147233703,Sell
2024-03-14,XLE,-0.02631578947368421,Sell
2024-03-14,M,-0.02631578947368421,Sell
2024-03-14,ZUMZ,-0.02631578947368421,Sell
2024-03-14,VZ,0.0003354814926399309,Buy
2024-03-14,CAT,1.5425580732798122e-05,Buy
2024-03-14,MRK,0.00020604477153000206,Buy
2024-03-14,BMY,9.53063304018828e-05,Buy
2024-03-15,MET,-0.02631578947368421,Sell
2024-03-15,CNC,0.0004967162556031163,Buy
2024-03-15,PPG,0.0005042457647316256,Buy
2024-03-15,BAX,0.0005521517411822587,Buy
2024-03-15,VWO,0.02631578947368421,Buy
2024-03-15,A,-0.02631578947368421,Sell
2024-03-15,HP,-0.0002853177868367314,Sell
2024-03-15,HOG,1.640897698632071e-05,Buy
2024-03-15,AA,0.026381500110099765,Buy
2024-03-15,BUD,0.02631578947368421,Buy
2024-03-15,ICE,0.000453875846854742,Buy
2024-03-15,QCOM,0.0258244308765693,Buy
2024-03-15,JNJ,0.00046661527141505024,Buy
2024-03-15,STI,-0.008507630770407004,Sell
2024-03-15,KMB,0.0003691685118053546,Buy
2024-03-15,NDAQ,-0.026456363757301014,Sell
2024-03-15,VTR,0.0003654881929985622,Buy
2024-03-15,DHI,-0.026254616451112895,Sell
2024-03-15,BDX,0.00034875598654563605,Buy
2024-03-15,EBAY,-0.00032318642786896556,Sell
2024-03-15,QQQ,-0.02631578947368421,Sell
2024-03-15,ANF,-0.00018829444553244631,Sell
2024-03-15,DLTR,-0.0001566967022466649,Sell
2024-03-15,CCL,-0.0002019333423216585,Sell
2024-03-15,TSM,0.025525545932766937,Buy
2024-03-15,MAR,0.0007105836627974184,Buy
2024-03-15,KEY,0.00019003722171927195,Buy
2024-03-15,ILMN,-0.025942350908814783,Sell
2024-03-15,KGC,-0.02631578947368421,Sell
2024-03-15,GOLD,-0.02631578947368421,Sell
2024-03-15,WMB,-0.02631578947368421,Sell
2024-03-15,ULTA,0.050977748208904605,Buy
2024-03-15,EW,-0.000590905686121055,Sell
2024-03-15,RL,-0.0003925065421194508,Sell
2024-03-15,NTAP,0.026073540364030496,Buy
2024-03-15,WSM,-0.0004695275482196025,Sell
2024-03-15,NWSA,0.0008766792845597005,Buy
2024-03-15,TRIP,-0.02631578947368421,Sell
2024-03-15,HMC,-0.02631578947368421,Sell
2024-03-15,SYK,0.025768037535039305,Buy
2024-03-15,CSIQ,-0.00021774021399603716,Sell
2024-03-15,XLE,0.026094451802894415,Buy
2024-03-15,M,0.025642366707258245,Buy
2024-03-15,COF,0.02631578947368421,Buy
2024-03-15,ZUMZ,-0.0022942014127934063,Sell
2024-03-15,VZ,0.00048146213121360096,Buy
2024-03-15,CAT,8.597268616082274e-05,Buy
2024-03-15,MRK,-0.026235551404109048,Sell
2024-03-15,BMY,0.00037264280668032265,Buy
2024-03-18,MET,0.026002792179344314,Buy
2024-03-18,CNC,-0.026478310350740657,Sell
2024-03-18,PPG,-0.026173170821409405,Sell
2024-03-18,BAX,0.0004139904346350705,Buy
2024-03-18,VWO,0.00031421136797232796,Buy
2024-03-18,A,0.02570090543270407,Buy
2024-03-18,HP,0.02599069995168499,Buy
2024-03-18,HOG,0.025774583782114176,Buy
2024-03-18,NVDA,-0.02631578947368421,Sell
2024-03-18,WEN,0.02631578947368421,Buy
2024-03-18,BUD,0.000686128345708522,Buy
2024-03-18,SPWR,-0.02631578947368421,Sell
2024-03-18,ICE,0.0004165972892202219,Buy
2024-03-18,GREK,0.02631578947368421,Buy
2024-03-18,JNJ,0.0006032523196419955,Buy
2024-03-18,STI,-0.014242607869922312,Sell
2024-03-18,KMB,0.0004203705640247711,Buy
2024-03-18,VTR,0.00019322099674642587,Buy
2024-03-18,BDX,-0.026056149392588473,Sell
2024-03-18,EBAY,0.02552295577076283,Buy
2024-03-18,QQQ,0.02619289917142459,Buy
2024-03-18,ANF,0.0006457115861108649,Buy
2024-03-18,HTZ,-0.02631578947368421,Sell
2024-03-18,DLTR,-0.02591083008509006,Sell
2024-03-18,CCL,-0.0004820406647636395,Sell
2024-03-18,TSM,-0.02631578947368421,Sell
2024-03-18,MAR,-0.026418495666382304,Sell
2024-03-18,KEY,0.00044201751082240115,Buy
2024-03-18,KGC,0.02589968892620433,Buy
2024-03-18,GOLD,-0.0005571986031072222,Sell
2024-03-18,WMB,-0.00021606892727600233,Sell
2024-03-18,ULTA,0.0005470296786746001,Buy
2024-03-18,PVH,0.02631578947368421,Buy
2024-03-18,EW,-0.0002185667919043753,Sell
2024-03-18,RL,-0.00017175371615787277,Sell
2024-03-18,WSM,-0.00023410223806074118,Sell
2024-03-18,NWSA,0.00043136612744198305,Buy
2024-03-18,TRIP,8.517168049512747e-05,Buy
2024-03-18,BX,0.02631578947368421,Buy
2024-03-18,PCG,0.02631578947368421,Buy
2024-03-18,HMC,-0.0001041301889225868,Sell
2024-03-18,CLX,0.02631578947368421,Buy
2024-03-18,SYK,-0.02631578947368421,Sell
2024-03-18,CSIQ,-0.0007707383058495124,Sell
2024-03-18,BSX,-0.02631578947368421,Sell
2024-03-18,XLE,-0.02631578947368421,Sell
2024-03-18,COF,0.00023253026730146037,Buy
2024-03-18,ZUMZ,-0.0009045163430106695,Sell
2024-03-18,VZ,-0.02623452780388677,Sell
2024-03-18,CAT,-1.694615691862078e-06,Sell
2024-03-18,BMY,0.0007421247070250429,Buy
2024-03-19,BAX,-0.026560363157320833,Sell
2024-03-19,VWO,0.00012226379288829067,Buy
2024-03-19,HOG,-0.02631578947368421,Sell
2024-03-19,NVDA,0.00026537028604768295,Buy
2024-03-19,WEN,-0.0002449620221808453,Sell
2024-03-19,BUD,4.566846080339068e-05,Buy
2024-03-19,SPWR,0.05304421727757232,Buy
2024-03-19,ICE,-0.026516042512850675,Sell
2024-03-19,CAG,-0.02631578947368421,Sell
2024-03-19,GREK,0.00015916675236614386,Buy
2024-03-19,JNJ,0.00010729489182122881,Buy
2024-03-19,STI,-0.02833134812445084,Sell
2024-03-19,KMB,-0.026474375900722637,Sell
2024-03-19,NDAQ,-0.02631578947368421,Sell
2024-03-19,VTR,-0.00036009316201049066,Sell
2024-03-19,BDX,0.02631578947368421,Buy
2024-03-19,EBAY,-0.02631578947368421,Sell
2024-03-19,WFC,0.02631578947368421,Buy
2024-03-19,EWI,-0.02631578947368421,Sell
2024-03-19,SIRI,0.02631578947368421,Buy
2024-03-19,ANF,3.7254937244112635e-05,Buy
2024-03-19,HTZ,0.02663369366569935,Buy
2024-03-19,CCL,0.0261220774109708,Buy
2024-03-19,TSM,0.025960082267135278,Buy
2024-03-19,KEY,-7.605595949745914e-05,Sell
2024-03-19,GOLD,0.026186295784366573,Buy
2024-03-19,WMB,0.0003594981113171254,Buy
2024-03-19,ULTA,0.00017558819953673865,Buy
2024-03-19,PVH,-0.05335978799424533,Sell
2024-03-19,EW,0.00039854485944654586,Buy
2024-03-19,RL,0.00017470357981958298,Buy
2024-03-19,HUM,0.02631578947368421,Buy
2024-03-19,WSM,0.0007317937379302565,Buy
2024-03-19,NWSA,-0.026600465852767142,Sell
2024-03-19,TRIP,0.026168419540865736,Buy
2024-03-19,BX,-0.00010217982180960039,Sell
2024-03-19,LOW,-0.02631578947368421,Sell
2024-03-19,PCG,-0.026611929898077195,Sell
2024-03-19,HMC,0.026603993741174236,Buy
2024-03-19,CME,0.02631578947368421,Buy
2024-03-19,CP,0.02631578947368421,Buy
2024-03-19,CLX,-0.02713829452703126,Sell
2024-03-19,SYK,0.00019370761228924838,Buy
2024-03-19,CSIQ,-0.0006058904523336926,Sell
2024-03-19,BSX,0.026515906140139912,Buy
2024-03-19,XLE,0.0002851052668187311,Buy
2024-03-19,COF,-0.026412715852026175,Sell
2024-03-19,ENB,-0.02631578947368421,Sell
2024-03-19,ZUMZ,0.0019990083719762623,Buy
2024-03-19,MT,0.02631578947368421,Buy
2024-03-19,VZ,0.02631578947368421,Buy
2024-03-19,CAT,0.00013446458412368079,Buy
2024-03-19,BMY,-9.203756083820888e-05,Sell
2024-03-20,MET,-0.02631578947368421,Sell
2024-03-20,MNST,0.02631578947368421,Buy
2024-03-20,AMTD,0.02631578947368421,Buy
2024-03-20,VWO,-0.02656717932314672,Sell
2024-03-20,HOG,0.0007541009680988794,Buy
2024-03-20,NVDA,0.02664485867272101,Buy
2024-03-20,WEN,-0.000285552624029628,Sell
2024-03-20,DAL,-0.02631578947368421,Sell
2024-03-20,AA,0.02631578947368421,Buy
2024-03-20,BUD,-7.704933263769781e-05,Sell
2024-03-20,SPWR,-0.027991868165612617,Sell
2024-03-20,NSC,-0.02631578947368421,Sell
2024-03-20,CAG,0.026339425271705793,Buy
2024-03-20,GREK,-0.0268925064957797,Sell
2024-03-20,JNJ,3.403145290006154e-05,Buy
2024-03-20,STI,-0.02631578947368421,Sell
2024-03-20,KMB,0.02631578947368421,Buy
2024-03-20,NDAQ,0.025690937880578385,Buy
2024-03-20,VTR,-0.00021810521020875634,Sell
2024-03-20,BDX,0.00021811819561624174,Buy
2024-03-20,EBAY,0.00011819383096587505,Buy
2024-03-20,WFC,-0.026491767106743575,Sell
2024-03-20,QQQ,0.02631578947368421,Buy
2024-03-20,EWI,0.0003797286076833474,Buy
2024-03-20,SIRI,0.0007508150335513476,Buy
2024-03-20,ANF,0.0008381797485324596,Buy
2024-03-20,TSM,-0.02631578947368421,Sell
2024-03-20,XRT,-0.02631578947368421,Sell
2024-03-20,KEY,-0.02735815621533684,Sell
2024-03-20,WMB,0.02644147283443148,Buy
2024-03-20,TRP,0.02631578947368421,Buy
2024-03-20,ULTA,-0.026102622661630354,Sell
2024-03-20,PVH,0.0010269500474151157,Buy
2024-03-20,EW,0.02600275265531558,Buy
2024-03-20,RL,0.000901377172776243,Buy
2024-03-20,HUM,0.00021298474279458912,Buy
2024-03-20,WSM,0.00019373812939011553,Buy
2024-03-20,TRIP,-0.02631578947368421,Sell
2024-03-20,BX,-0.027161308311147617,Sell
2024-03-20,LOW,0.026776404399968815,Buy
2024-03-20,MRVL,0.02631578947368421,Buy
2024-03-20,PCG,0.02631578947368421,Buy
2024-03-20,CME,0.000291895114944294,Buy
2024-03-20,CP,-0.053210353462919587,Sell
2024-03-20,CLX,0.02631578947368421,Buy
2024-03-20,SYK,0.02608443442499145,Buy
2024-03-20,CSIQ,0.0008026266208918109,Buy
2024-03-20,XLE,0.026320515937900014,Buy
2024-03-20,M,0.02631578947368421,Buy
2024-03-20,ENB,0.0002925724425001455,Buy
2024-03-20,ZUMZ,0.0008506437903799784,Buy
2024-03-20,MT,-0.026885042993752422,Sell
2024-03-20,VZ,-0.00014081905711833126,Sell
2024-03-20,CAT,0.00023181692743998866,Buy
2024-03-20,BMY,-0.02639839973850281,Sell
2024-03-21,MET,0.026426181887180395,Buy
2024-03-21,MNST,-2.8464043831437358e-05,Sell
2024-03-21,CNC,0.02631578947368421,Buy
2024-03-21,AMTD,-0.026925556701147605,Sell
2024-03-21,HOG,0.0009943536521958875,Buy
2024-03-21,WEN,-0.027171427859171367,Sell
2024-03-21,DAL,0.000504339835079224,Buy
2024-03-21,AA,-0.026458639983354345,Sell
2024-03-21,BUD,0.0002007113558592094,Buy
2024-03-21,SPWR,0.02631578947368421,Buy
2024-03-21,NSC,0.02611021792928877,Buy
2024-03-21,JNJ,-0.00014115250433143975,Sell
2024-03-21,STI,0.0038666590999200078,Buy
2024-03-21,KMB,-0.00022578832038972277,Sell
2024-03-21,VTR,-0.0002882627785035334,Sell
2024-03-21,BDX,-0.0005599663605465009,Sell
2024-03-21,MU,-0.02631578947368421,Sell
2024-03-21,EBAY,0.0001581289548084827,Buy
2024-03-21,WFC,-0.02631578947368421,Sell
2024-03-21,QQQ,-0.02658384839343531,Sell
2024-03-21,EWI,0.05245355365901634,Buy
2024-03-21,SIRI,-0.00021122275578703761,Sell
2024-03-21,ANF,0.000609169344709861,Buy
2024-03-21,DLTR,0.02631578947368421,Buy
2024-03-21,TSM,0.0006652538078239408,Buy
2024-03-21,XRT,0.026735782255218273,Buy
2024-03-21,WMB,-0.02631578947368421,Sell
2024-03-21,TRP,-0.02667654291874784,Sell
2024-03-21,KO,0.02631578947368421,Buy
2024-03-21,ULTA,-0.02631578947368421,Sell
2024-03-21,PVH,0.02656455683423532,Buy
2024-03-21,EW,-0.02631578947368421,Sell
2024-03-21,RL,0.0001567501632878214,Buy
2024-03-21,HUM,-8.2056478107502e-05,Sell
2024-03-21,NTAP,-0.02631578947368421,Sell
2024-03-21,WSM,0.0017641811537185137,Buy
2024-03-21,TRIP,0.00041639881724524555,Buy
2024-03-21,LOW,-0.02631578947368421,Sell
2024-03-21,MRVL,-0.02688252057688867,Sell
2024-03-21,PCG,-0.02683427946616,Sell
2024-03-21,DUK,0.02631578947368421,Buy
2024-03-21,CME,-0.026764571402375224,Sell
2024-03-21,CP,0.02655601065191626,Buy
2024-03-21,CLX,0.0003547088824919879,Buy
2024-03-21,SYK,-0.02631578947368421,Sell
2024-03-21,CSIQ,0.02586761539803598,Buy
2024-03-21,XLE,-0.02631578947368421,Sell
2024-03-21,M,0.00036884834722024015,Buy
2024-03-21,ENB,0.026238699248105048,Buy
2024-03-21,ZUMZ,0.026315426910399245,Buy
2024-03-21,MT,0.02631578947368421,Buy
2024-03-21,VZ,-0.0004198361202488489,Sell
2024-03-21,CAT,0.0007448452328193168,Buy
2024-03-21,BMY,0.02631578947368421,Buy
2024-03-22,MET,0.02631578947368421,Buy
2024-03-22,MNST,-0.026111253426111414,Sell
2024-03-22,CNC,-0.026192895591496602,Sell
2024-03-22,PPG,0.02631578947368421,Buy
2024-03-22,CF,0.02631578947368421,Buy
2024-03-22,HOG,-0.000294933264493126,Sell
2024-03-22,XLP,0.02631578947368421,Buy
2024-03-22,NVDA,-0.02631578947368421,Sell
2024-03-22,DAL,-0.00027199072064042554,Sell
2024-03-22,AA,-0.02631578947368421,Sell
2024-03-22,BUD,-5.530058231207821e-05,Sell
2024-03-22,SPWR,-0.026744236731587958,Sell
2024-03-22,NSC,0.02631578947368421,Buy
2024-03-22,RRC,-0.02631578947368421,Sell
2024-03-22,CAG,-0.02631578947368421,Sell
2024-03-22,GREK,0.02631578947368421,Buy
2024-03-22,JNJ,0.00012550398090902665,Buy
2024-03-22,STI,0.027557788291152324,Buy
2024-03-22,KMB,-0.026303277910412898,Sell
2024-03-22,VTR,0.0003669279225555662,Buy
2024-03-22,EWC,0.02631578947368421,Buy
2024-03-22,BDX,-0.026781558939008587,Sell
2024-03-22,MU,4.833977527581371e-05,Buy
2024-03-22,EBAY,0.025984910548705206,Buy
2024-03-22,WFC,0.05226674883184453,Buy
2024-03-22,EWI,9.388528928961498e-05,Buy
2024-03-22,SIRI,3.777463258540156e-05,Buy
2024-03-22,ANF,0.025809516390913965,Buy
2024-03-22,DLTR,-0.02596815694828117,Sell
2024-03-22,TSM,0.00016762181892882727,Buy
2024-03-22,WMB,0.026154935251141227,Buy
2024-03-22,KO,-0.02628670396542207,Sell
2024-03-22,D,-0.02631578947368421,Sell
2024-03-22,ULTA,-0.0001973847876367424,Sell
2024-03-22,EW,-0.00028479002225974964,Sell
2024-03-22,RL,-0.00042693329371548683,Sell
2024-03-22,HUM,-4.921948595241685e-05,Sell
2024-03-22,NTAP,0.02619298026422671,Buy
2024-03-22,WSM,-7.973708739233629e-05,Sell
2024-03-22,NWSA,0.02631578947368421,Buy
2024-03-22,TRIP,0.00016621778767691997,Buy
2024-03-22,LOW,-0.0002894806250193921,Sell
2024-03-22,DUK,0.00013462911397735602,Buy
2024-03-22,CLX,-0.026827918420046278,Sell
2024-03-22,SYK,-0.00010393495356758597,Sell
2024-03-22,CSIQ,-0.02631578947368421,Sell
2024-03-22,XLE,-9.453391916596984e-05,Sell
2024-03-22,M,0.0007203183137306016,Buy
2024-03-22,ENB,0.02631578947368421,Buy
2024-03-22,ZUMZ,-0.02631578947368421,Sell
2024-03-22,MT,-0.02626825083066468,Sell
2024-03-22,VZ,0.00014797279535440008,Buy
2024-03-22,CAT,0.025813085560717243,Buy
2024-03-22,BMY,-0.02645119778320364,Sell
2024-03-25,MET,-0.026503661776401632,Sell
2024-03-25,PPG,0.0002429830961171546,Buy
2024-03-25,A,0.02631578947368421,Buy
2024-03-25,CF,0.00018712277926241638,Buy
2024-03-25,HP,-0.02631578947368421,Sell
2024-03-25,HOG,-5.5154270289889396e-05,Sell
2024-03-25,XLP,5.563763904033875e-05,Buy
2024-03-25,NVDA,0.02653239035306936,Buy
2024-03-25,WEN,0.02631578947368421,Buy
2024-03-25,DAL,0.026235065337592026,Buy
2024-03-25,AA,0.02671903100687653,Buy
2024-03-25,BUD,-0.0001413933446553703,Sell
2024-03-25,SPWR,-0.02631578947368421,Sell
2024-03-25,NSC,0.0006136016383553773,Buy
2024-03-25,RRC,0.00019985000184519208,Buy
2024-03-25,CAG,0.00010831216110943412,Buy
2024-03-25,GREK,-0.026430767738398964,Sell
2024-03-25,JNJ,-1.5771002204848644e-05,Sell
2024-03-25,STI,0.02631578947368421,Buy
2024-03-25,NDAQ,0.02631578947368421,Buy
2024-03-25,HAS,-0.02631578947368421,Sell
2024-03-25,DPZ,-0.02631578947368421,Sell
2024-03-25,VTR,0.00041372071241625383,Buy
2024-03-25,EWC,-0.02632629522396934,Sell
2024-03-25,BDX,0.02631578947368421,Buy
2024-03-25,MU,0.0016709138934929424,Buy
2024-03-25,EBAY,-0.02631578947368421,Sell
2024-03-25,WFC,0.00016690380397975726,Buy
2024-03-25,EOG,-0.02631578947368421,Sell
2024-03-25,EWI,-0.05291668708599115,Sell
2024-03-25,SIRI,-8.533940132864418e-05,Sell
2024-03-25,ANF,0.02631578947368421,Buy
2024-03-25,TSM,0.02627517787326052,Buy
2024-03-25,XRT,0.02631578947368421,Buy
2024-03-25,TRP,-0.02631578947368421,Sell
2024-03-25,D,-2.0677900093631768e-05,Sell
2024-03-25,ULTA,-0.0007314793679668516,Sell
2024-03-25,EW,0.02615637845277815,Buy
2024-03-25,RL,-0.0006450704269074063,Sell
2024-03-25,HUM,9.208286843300634e-05,Buy
2024-03-25,WSM,-9.960740848410574e-05,Sell
2024-03-25,NWSA,-0.026465439280334836,Sell
2024-03-25,TRIP,0.02596444888354507,Buy
2024-03-25,LOW,0.025874851019177227,Buy
2024-03-25,DUK,-0.026397280499043815,Sell
2024-03-25,CP,0.02631578947368421,Buy
2024-03-25,SYK,-0.00010126294548084419,Sell
2024-03-25,CSIQ,0.026593987529492404,Buy
2024-03-25,XLE,0.0002625690671915655,Buy
2024-03-25,M,0.0007887891388703577,Buy
2024-03-25,ENB,-0.026697251191228236,Sell
2024-03-25,ZUMZ,0.025577799182041058,Buy
2024-03-25,VZ,-0.026659412482938617,Sell
2024-03-25,BMY,-0.02631578947368421,Sell
2024-03-26,PPG,-0.02647136348566609,Sell
2024-03-26,BAX,0.02631578947368421,Buy
2024-03-26,A,0.00017763815013968967,Buy
2024-03-26,CF,0.0003503500880039784,Buy
2024-03-26,HP,0.02586467005665432,Buy
2024-03-26,HOG,-0.0003580934083012785,Sell
2024-03-26,XLP,-0.02636027534314882,Sell
2024-03-26,WEN,5.606302736640978e-05,Buy
2024-03-26,DAL,-0.02631578947368421,Sell
2024-03-26,AA,-0.02631578947368421,Sell
2024-03-26,HYG,0.02631578947368421,Buy
2024-03-26,BUD,-0.00028172385750033224,Sell
2024-03-26,SPWR,0.05456610990013154,Buy
2024-03-26,NSC,5.5527215276199304e-05,Buy
2024-03-26,RRC,0.026078422896497328,Buy
2024-03-26,CAG,-0.00013251073149035328,Sell
2024-03-26,GREK,0.02631578947368421,Buy
2024-03-26,JNJ,-0.00012386926978045013,Sell
2024-03-26,STI,0.0001505609600881419,Buy
2024-03-26,NDAQ,-0.0268511340126324,Sell
2024-03-26,HAS,0.025729104964682968,Buy
2024-03-26,DPZ,0.0010438978240039955,Buy
2024-03-26,VTR,0.00015480447909631614,Buy
2024-03-26,EWC,0.02631578947368421,Buy
2024-03-26,BDX,-5.3407266261989994e-05,Sell
2024-03-26,MU,0.0004061518472970871,Buy
2024-03-26,EBAY,0.02626916252261958,Buy
2024-03-26,WFC,-0.0263230840841347,Sell
2024-03-26,EOG,0.026041947016582394,Buy
2024-03-26,EWI,0.026339322989749,Buy
2024-03-26,SIRI,-0.026143115573830783,Sell
2024-03-26,ANF,-0.026520249470007244,Sell
2024-03-26,CCL,-0.02631578947368421,Sell
2024-03-26,ALK,-0.02631578947368421,Sell
2024-03-26,XRT,-0.026449567283217516,Sell
2024-03-26,TRP,0.026287754795872715,Buy
2024-03-26,D,0.025489023749363054,Buy
2024-03-26,ULTA,0.000487537211998533,Buy
2024-03-26,PVH,-0.02631578947368421,Sell
2024-03-26,EW,-0.02631578947368421,Sell
2024-03-26,RL,3.195433746791543e-05,Buy
2024-03-26,HUM,-0.00012843550345128726,Sell
2024-03-26,NTAP,-0.02631578947368421,Sell
2024-03-26,WSM,-0.00020904202756711482,Sell
2024-03-26,MRVL,-0.02631578947368421,Sell
2024-03-26,DUK,0.02631578947368421,Buy
2024-03-26,RF,-0.02631578947368421,Sell
2024-03-26,CP,8.6790083090732e-06,Buy
2024-03-26,OHI,0.02631578947368421,Buy
2024-03-26,SYK,-1.8275028882925454e-05,Sell
2024-03-26,XLE,0.026142900105908026,Buy
2024-03-26,M,-0.025608128739307214,Sell
2024-03-26,VZ,0.02631578947368421,Buy
2024-03-26,CAT,-0.02631578947368421,Sell
2024-03-26,BMY,0.00018178452454311808,Buy
2024-03-27,PPG,0.02631578947368421,Buy
2024-03-27,AMTD,0.02631578947368421,Buy
2024-03-27,BAX,-0.027184321104587187,Sell
2024-03-27,A,-0.026994215714265704,Sell
2024-03-27,CF,-0.00039489562375034926,Sell
2024-03-27,HOG,0.0006993033193591069,Buy
2024-03-27,NVDA,0.02631578947368421,Buy
2024-03-27,WEN,-0.027469407547729377,Sell
2024-03-27,DAL,0.0009309999271860901,Buy
2024-03-27,AA,0.02781734078728195,Buy
2024-03-27,HYG,-0.02659197949932726,Sell
2024-03-27,BUD,-0.00035100466034618943,Sell
2024-03-27,SPWR,-0.026120334037300227,Sell
2024-03-27,NSC,-0.026933510975224503,Sell
2024-03-27,RRC,-0.02631578947368421,Sell
2024-03-27,CAG,0.02698270689677655,Buy
2024-03-27,GREK,2.7496804615837617e-05,Buy
2024-03-27,JNJ,-0.0005081275623298014,Sell
2024-03-27,STI,-0.00041082047814421097,Sell
2024-03-27,HAS,-0.02631578947368421,Sell
2024-03-27,TRV,-0.02631578947368421,Sell
2024-03-27,DPZ,0.0006362467598229685,Buy
2024-03-27,VTR,-0.0009357296737607726,Sell
2024-03-27,EWC,-0.026697463694371985,Sell
2024-03-27,BDX,-0.0006447560766347574,Sell
2024-03-27,MU,0.0002364306599395953,Buy
2024-03-27,EBAY,-0.02631578947368421,Sell
2024-03-27,WFC,-0.02631578947368421,Sell
2024-03-27,SIRI,0.02631578947368421,Buy
2024-03-27,HTZ,0.02631578947368421,Buy
2024-03-27,CCL,0.026700540780672997,Buy
2024-03-27,ALK,0.02787181861825974,Buy
2024-03-27,XRT,-0.02631578947368421,Sell
2024-03-27,WMB,-0.02631578947368421,Sell
2024-03-27,TRP,0.02631578947368421,Buy
2024-03-27,ULTA,9.405981801545449e-05,Buy
2024-03-27,PVH,0.0006015856726329649,Buy
2024-03-27,EW,0.026941874703419688,Buy
2024-03-27,RL,0.0007694345793824407,Buy
2024-03-27,HUM,-0.0002888580367090936,Sell
2024-03-27,NTAP,0.026578319220334424,Buy
2024-03-27,WSM,0.0006173893494863282,Buy
2024-03-27,TRIP,0.02631578947368421,Buy
2024-03-27,MRVL,0.0280214696314416,Buy
2024-03-27,DUK,-0.027135421464736006,Sell
2024-03-27,RF,0.0011592329772590095,Buy
2024-03-27,CP,-0.026858883268933834,Sell
2024-03-27,CLX,0.02631578947368421,Buy
2024-03-27,PRGO,0.02631578947368421,Buy
2024-03-27,OHI,-0.000342283041097749,Sell
2024-03-27,SYK,0.0008270816567407004,Buy
2024-03-27,CSIQ,0.02631578947368421,Buy
2024-03-27,VZ,-0.02689882633542956,Sell
2024-03-27,CAT,0.0007493073642308584,Buy
2024-03-27,BMY,0.000488587886100976,Buy
2024-03-28,PPG,-0.00017484588290430508,Sell
2024-03-28,AMTD,-0.026574965181872422,Sell
2024-03-28,A,0.02631578947368421,Buy
2024-03-28,CF,-0.026616752221600894,Sell
2024-03-28,HOG,0.00015745473404079127,Buy
2024-03-28,NVDA,-0.0001400719910754633,Sell
2024-03-28,DAL,0.0004218183994659126,Buy
2024-03-28,AA,-0.02631578947368421,Sell
2024-03-28,HYG,0.02631578947368421,Buy
2024-03-28,BUD,-8.297385693451648e-05,Sell
2024-03-28,SPWR,0.02631578947368421,Buy
2024-03-28,RRC,0.00017058267852384373,Buy
2024-03-28,GREK,-2.3451565052221013e-05,Sell
2024-03-28,JNJ,-0.0001475148378197247,Sell
2024-03-28,STI,0.001429396746855112,Buy
2024-03-28,NDAQ,0.02631578947368421,Buy
2024-03-28,HAS,0.02644353637125254,Buy
2024-03-28,TRV,0.026576096710242317,Buy
2024-03-28,DPZ,0.00036408484754570786,Buy
2024-03-28,VTR,-0.026645127764019713,Sell
2024-03-28,BDX,-0.00020764960492901385,Sell
2024-03-28,MU,-0.00016711334758109583,Sell
2024-03-28,EBAY,0.000546734919548552,Buy
2024-03-28,WFC,0.0002695727355519484,Buy
2024-03-28,EWI,0.02631578947368421,Buy
2024-03-28,SIRI,2.6472975280286692e-05,Buy
2024-03-28,ANF,-0.02631578947368421,Sell
2024-03-28,HTZ,-0.025575570849445752,Sell
2024-03-28,XRT,0.00032148407784160504,Buy
2024-03-28,ILMN,0.02631578947368421,Buy
2024-03-28,KGC,-0.02631578947368421,Sell
2024-03-28,WMB,0.00040386296312011627,Buy
2024-03-28,TRP,-0.05311392271827203,Sell
2024-03-28,ULTA,0.0005906829550051292,Buy
2024-03-28,PVH,0.00033840353331363385,Buy
2024-03-28,RL,0.000287554780557725,Buy
2024-03-28,HUM,0.000101158360301324,Buy
2024-03-28,WSM,0.00040440491807361076,Buy
2024-03-28,NWSA,0.02631578947368421,Buy
2024-03-28,TRIP,-5.210570756884053e-05,Sell
2024-03-28,RF,0.02688483241197543,Buy
2024-03-28,CLX,-0.000173040412461304,Sell
2024-03-28,PRGO,-0.0007221979821975047,Sell
2024-03-28,OHI,-0.026952472279182307,Sell
2024-03-28,SYK,0.02636294316604644,Buy
2024-03-28,CSIQ,-0.0269151826821266,Sell
2024-03-28,CAT,0.00023802250348025494,Buy
2024-03-28,BMY,0.0005953508100784051,Buy
2024-04-01,MNST,0.02631578947368421,Buy
2024-04-01,CNC,0.02631578947368421,Buy
2024-04-01,PPG,-1.1503521010133855e-05,Sell
2024-04-01,BAX,-0.02631578947368421,Sell
2024-04-01,A,-0.02665877740755509,Sell
2024-04-01,HOG,0.02649081818364237,Buy
2024-04-01,XLP,0.02631578947368421,Buy
2024-04-01,NVDA,-0.0266084543947996,Sell
2024-04-01,DAL,0.02680092743918478,Buy
2024-04-01,AA,0.0004717027766255773,Buy
2024-04-01,HYG,-0.0001822158968025761,Sell
2024-04-01,BUD,-0.026746473800153953,Sell
2024-04-01,SPWR,-0.022887696238967272,Sell
2024-04-01,RRC,0.000584253566160306,Buy
2024-04-01,GREK,-0.00021080633869488552,Sell
2024-04-01,JNJ,-0.0002216418135787407,Sell
2024-04-01,STI,-0.023607126861930068,Sell
2024-04-01,NDAQ,5.0931968954826684e-05,Buy
2024-04-01,DPZ,0.00013210324067353466,Buy
2024-04-01,VTR,0.02631578947368421,Buy
2024-04-01,BDX,7.49762393940645e-05,Buy
2024-04-01,MU,0.001737264906284397,Buy
2024-04-01,EBAY,0.026349302959906604,Buy
2024-04-01,WFC,0.02644572805154799,Buy
2024-04-01,EOG,-0.02631578947368421,Sell
2024-04-01,EWI,-0.0002412262261718215,Sell
2024-04-01,SIRI,5.2263402499128087e-05,Buy
2024-04-01,ANF,0.0016726147531662336,Buy
2024-04-01,HTZ,-0.02631578947368421,Sell
2024-04-01,TSM,-0.02631578947368421,Sell
2024-04-01,XRT,0.026427868746006975,Buy
2024-04-01,ILMN,0.0006006695865429859,Buy
2024-04-01,KGC,0.0004208148920621102,Buy
2024-04-01,GOLD,-0.02631578947368421,Sell
2024-04-01,WMB,0.02653811623561835,Buy
2024-04-01,TRP,0.00033692949618621335,Buy
2024-04-01,ULTA,0.0006025246300247027,Buy
2024-04-01,PVH,0.026439878775010316,Buy
2024-04-01,RL,-0.00015434594439391047,Sell
2024-04-01,HUM,-0.026969359702715533,Sell
2024-04-01,NTAP,-0.02631578947368421,Sell
2024-04-01,WSM,7.273659195190102e-05,Buy
2024-04-01,NWSA,8.54247490619034e-05,Buy
2024-04-01,TRIP,-0.0265106517288303,Sell
2024-04-01,NTES,0.02631578947368421,Buy
2024-04-01,HMC,0.02631578947368421,Buy
2024-04-01,CME,0.02631578947368421,Buy
2024-04-01,CLX,-3.6894238636162036e-05,Sell
2024-04-01,PRGO,-0.00022448399237682062,Sell
2024-04-01,XLE,-0.02631578947368421,Sell
2024-04-01,ZUMZ,-0.02631578947368421,Sell
2024-04-01,CAT,9.528015316083091e-05,Buy
2024-04-01,BMY,0.025998025262143405,Buy
2024-04-02,MNST,-0.02609484691790685,Sell
2024-04-02,CNC,-0.02467500454909918,Sell
2024-04-02,PPG,0.00015336429243459695,Buy
2024-04-02,BAX,0.02609093305058756,Buy
2024-04-02,HP,-0.02631578947368421,Sell
2024-04-02,XLP,-2.795916875179133e-05,Sell
2024-04-02,DAL,0.02631578947368421,Buy
2024-04-02,AA,0.001425246552929825,Buy
2024-04-02,HYG,-0.00011960417020034225,Sell
2024-04-02,RRC,0.0003088232620427102,Buy
2024-04-02,GREK,0.0003601350950484146,Buy
2024-04-02,JNJ,-0.02647168214262192,Sell
2024-04-02,STI,-0.02631578947368421,Sell
2024-04-02,NDAQ,0.00024381829880317993,Buy
2024-04-02,DPZ,0.0003433525492656138,Buy
2024-04-02,VTR,-0.026412117302109857,Sell
2024-04-02,DHI,0.02631578947368421,Buy
2024-04-02,BDX,0.00016447451743015554,Buy
2024-04-02,MU,-0.00016591397058804067,Sell
2024-04-02,EOG,0.000670386533499271,Buy
2024-04-02,EWI,0.00013813671210379658,Buy
2024-04-02,SIRI,0.0008036506397843118,Buy
2024-04-02,ANF,7.591444629471283e-05,Buy
2024-04-02,HTZ,-0.0005588342175184523,Sell
2024-04-02,CCL,-0.02631578947368421,Sell
2024-04-02,TSM,-7.339421510883098e-05,Sell
2024-04-02,MAR,0.02631578947368421,Buy
2024-04-02,ILMN,0.0006736879216177605,Buy
2024-04-02,KGC,0.0006371464122288187,Buy
2024-04-02,GOLD,0.02610544119779596,Buy
2024-04-02,WMB,-0.02631578947368421,Sell
2024-04-02,TRP,0.026295963941790207,Buy
2024-04-02,ULTA,-0.0003027335264240774,Sell
2024-04-02,RL,0.025270962421778696,Buy
2024-04-02,HUM,0.02631578947368421,Buy
2024-04-02,NTAP,8.361977377336141e-05,Buy
2024-04-02,WSM,-0.00022500324903729566,Sell
2024-04-02,NWSA,0.00014349864167162094,Buy
2024-04-02,BX,0.02631578947368421,Buy
2024-04-02,LOW,0.02631578947368421,Buy
2024-04-02,NTES,-0.02598111536312591,Sell
2024-04-02,HMC,0.000188013954134824,Buy
2024-04-02,CME,-0.02682728326931899,Sell
2024-04-02,CLX,0.00034907185194359494,Buy
2024-04-02,PRGO,0.0004872009376812453,Buy
2024-04-02,CSIQ,-0.02631578947368421,Sell
2024-04-02,XLE,0.0005345830457082479,Buy
2024-04-02,ZUMZ,0.02587175206907484,Buy
2024-04-02,CAT,0.00024364357842997578,Buy
2024-04-03,MNST,0.02631578947368421,Buy
2024-04-03,CNC,0.02631578947368421,Buy
2024-04-03,PPG,-0.02642444052322302,Sell
2024-04-03,HP,0.0005288769390917464,Buy
2024-04-03,XLP,0.00019529253557400844,Buy
2024-04-03,DAL,-0.026225556596772465,Sell
2024-04-03,AA,0.001236836579643897,Buy
2024-04-03,HYG,-0.026432007515955137,Sell
2024-04-03,BUD,0.02631578947368421,Buy
2024-04-03,SPWR,-0.02631578947368421,Sell
2024-04-03,RRC,0.00020124588793171694,Buy
2024-04-03,GREK,-0.00018341510002927927,Sell
2024-04-03,QCOM,-0.02631578947368421,Sell
2024-04-03,JNJ,0.02631578947368421,Buy
2024-04-03,STI,0.0008012508196692386,Buy
2024-04-03,KMB,0.02631578947368421,Buy
2024-04-03,NDAQ,-0.02651905236815349,Sell
2024-04-03,DPZ,0.0005523854963486556,Buy
2024-04-03,DHI,-0.026779614187970164,Sell
2024-04-03,BDX,-0.026693022079121984,Sell
2024-04-03,MU,0.0012273670267725564,Buy
2024-04-03,EOG,0.0004031748978572079,Buy
2024-04-03,EWI,-0.026631362883537603,Sell
2024-04-03,SIRI,0.0007633079125398852,Buy
2024-04-03,ANF,-3.906666849084334e-05,Sell
2024-04-03,HTZ,0.026941032962083417,Buy
2024-04-03,CCL,0.02617253068774067,Buy
2024-04-03,TSM,0.0004308761210070275,Buy
2024-04-03,MAR,-0.026715226794148048,Sell
2024-04-03,XRT,0.02631578947368421,Buy
2024-04-03,ILMN,-0.02625109839541939,Sell
2024-04-03,KGC,0.0006853285033375615,Buy
2024-04-03,GOLD,-0.02631578947368421,Sell
2024-04-03,WMB,0.00012920237617594296,Buy
2024-04-03,TRP,0.02631578947368421,Buy
2024-04-03,ULTA,0.04867663631048867,Buy
2024-04-03,PVH,0.02631578947368421,Buy
2024-04-03,RL,0.02631578947368421,Buy
2024-04-03,HUM,-0.00041931515870557295,Sell
2024-04-03,NTAP,0.0005394900221381838,Buy
2024-04-03,WSM,-1.6752910234837243e-05,Sell
2024-04-03,NWSA,-0.02665986998161471,Sell
2024-04-03,BX,-0.00014997019314196697,Sell
2024-04-03,LOW,0.0003095640329344729,Buy
2024-04-03,HMC,-0.00015374584940636843,Sell
2024-04-03,CLX,0.0002382912737569215,Buy
2024-04-03,PRGO,0.00014894595103418298,Buy
2024-04-03,CSIQ,0.026853654949914,Buy
2024-04-03,XLE,0.0002763531253638825,Buy
2024-04-03,ZUMZ,-0.02631578947368421,Sell
2024-04-03,CAT,0.0008890374257230597,Buy
2024-04-04,MNST,0.00013432627397833366,Buy
2024-04-04,CNC,0.0003965429195196858,Buy
2024-04-04,PPG,0.02631578947368421,Buy
2024-04-04,A,0.02631578947368421,Buy
2024-04-04,CF,-0.02631578947368421,Sell
2024-04-04,HP,-0.0002585018024837682,Sell
2024-04-04,XLP,0.00015321886845996377,Buy
2024-04-04,AA,-0.0009096550013936514,Sell
2024-04-04,BUD,-0.025970065276707654,Sell
2024-04-04,SPWR,0.02864165088519046,Buy
2024-04-04,NSC,0.02631578947368421,Buy
2024-04-04,RRC,-4.040138402654214e-05,Sell
2024-04-04,CAG,-0.02631578947368421,Sell
2024-04-04,GREK,0.00024133094784943576,Buy
2024-04-04,QCOM,0.025648377747715695,Buy
2024-04-04,JNJ,0.00034018278524246964,Buy
2024-04-04,STI,0.02881501667824912,Buy
2024-04-04,KMB,-0.02636710037390102,Sell
2024-04-04,HAS,-0.02631578947368421,Sell
2024-04-04,DPZ,-0.0012350709566588958,Sell
2024-04-04,VTR,-0.02631578947368421,Sell
2024-04-04,MU,-0.0008450264563142941,Sell
2024-04-04,EOG,8.695437370427606e-06,Buy
2024-04-04,EWI,0.02631578947368421,Buy
2024-04-04,SIRI,0.0001876010401006059,Buy
2024-04-04,ANF,0.02471369847041063,Buy
2024-04-04,HTZ,-0.02631578947368421,Sell
2024-04-04,TSM,-0.0004733897910865481,Sell
2024-04-04,XRT,0.00039899910335029765,Buy
2024-04-04,KGC,0.025742501826061973,Buy
2024-04-04,GOLD,0.02548720938829794,Buy
2024-04-04,WMB,0.02611513020768808,Buy
2024-04-04,TRP,0.0003752053994369245,Buy
2024-04-04,KO,0.02631578947368421,Buy
2024-04-04,D,-0.02631578947368421,Sell
2024-04-04,ULTA,-0.026792559214249622,Sell
2024-04-04,PVH,-0.00018377496787005954,Sell
2024-04-04,RL,-0.025971871804538776,Sell
2024-04-04,HUM,-0.052760056362311944,Sell
2024-04-04,NTAP,-0.000332954320697746,Sell
2024-04-04,WSM,-0.00026150087935903135,Sell
2024-04-04,NWSA,0.02631578947368421,Buy
2024-04-04,TRIP,0.02631578947368421,Buy
2024-04-04,BX,-0.02615913337394732,Sell
2024-04-04,LOW,-0.02598173935677094,Sell
2024-04-04,DUK,-0.02631578947368421,Sell
2024-04-04,HMC,0.00019912091553365638,Buy
2024-04-04,CLX,-0.026225282238814818,Sell
2024-04-04,PRGO,-0.026631031632638386,Sell
2024-04-04,CSIQ,0.02631578947368421,Buy
2024-04-04,XLE,-5.6641492258719534e-05,Sell
2024-04-04,ZUMZ,0.02596367713336482,Buy
2024-04-04,CAT,-0.0004599241930280107,Sell
2024-04-04,MRK,0.02631578947368421,Buy
2024-04-05,MNST,-0.02650467533975794,Sell
2024-04-05,CNC,-0.00038558276621862217,Sell
2024-04-05,PPG,2.0299883879585506e-05,Buy
2024-04-05,BAX,0.02631578947368421,Buy
2024-04-05,A,-0.05326926380663059,Sell
2024-04-05,CF,0.0261053579021726,Buy
2024-04-05,HP,0.0006586005271290891,Buy
2024-04-05,XLP,-0.00016051145147752063,Sell
2024-04-05,AA,0.0005148263739874273,Buy
2024-04-05,HYG,0.02631578947368421,Buy
2024-04-05,SPWR,0.02631578947368421,Buy
2024-04-05,NSC,-0.02659522827126986,Sell
2024-04-05,RRC,0.026350802805355258,Buy
2024-04-05,CAG,0.0005059865859068785,Buy
2024-04-05,GREK,-0.00037578365600465097,Sell
2024-04-05,QCOM,-0.02631578947368421,Sell
2024-04-05,JNJ,-9.869576068961133e-05,Sell
2024-04-05,HAS,0.00038753877614557813,Buy
2024-04-05,DPZ,0.0006838151778747019,Buy
2024-04-05,VTR,0.026699997003120344,Buy
2024-04-05,MU,9.125463545232165e-06,Buy
2024-04-05,EBAY,-0.02631578947368421,Sell
2024-04-05,WFC,-0.02631578947368421,Sell
2024-04-05,EOG,0.0004944609084232797,Buy
2024-04-05,EWI,-0.0001248946896096302,Sell
2024-04-05,SIRI,0.00032899810156526363,Buy
2024-04-05,HTZ,0.026470013856681338,Buy
2024-04-05,TSM,0.00043952584892741065,Buy
2024-04-05,ALK,-0.02631578947368421,Sell
2024-04-05,XRT,-0.00019943417862510956,Sell
2024-04-05,GOLD,-0.02631578947368421,Sell
2024-04-05,TRP,0.0002438750975336315,Buy
2024-04-05,KO,-0.0002113752961634026,Sell
2024-04-05,D,0.026390081622935286,Buy
2024-04-05,PVH,-0.02699755523595534,Sell
2024-04-05,HUM,0.0003795076957102579,Buy
2024-04-05,NTAP,0.00018081890374544926,Buy
2024-04-05,WSM,0.0003791826424609547,Buy
2024-04-05,NWSA,-0.00023156773289780344,Sell
2024-04-05,TRIP,-0.00029359672348673593,Sell
2024-04-05,DUK,0.02637580313193203,Buy
2024-04-05,HMC,-0.026798658382724837,Sell
2024-04-05,CLX,0.02631578947368421,Buy
2024-04-05,CSIQ,-0.02445174760560744,Sell
2024-04-05,XLE,0.0004010603459456835,Buy
2024-04-05,ENB,0.02631578947368421,Buy
2024-04-05,VZ,0.02631578947368421,Buy
2024-04-05,CAT,0.0007975661486339311,Buy
2024-04-05,MRK,-0.00018609372141015906,Sell
2024-04-08,CNC,-0.026560661235156796,Sell
2024-04-08,PPG,-0.0003378227165007283,Sell
2024-04-08,BAX,5.7867076734146455e-05,Buy
2024-04-08,A,0.02655036630738344,Buy
2024-04-08,HP,0.026107660735576483,Buy
2024-04-08,HOG,-0.02631578947368421,Sell
2024-04-08,XLP,-0.00013288347004117643,Sell
2024-04-08,DAL,-0.02631578947368421,Sell
2024-04-08,AA,6.31898856490419e-05,Buy
2024-04-08,HYG,-0.026549930699644248,Sell
2024-04-08,SPWR,-0.05393815006853177,Sell
2024-04-08,ICE,0.02631578947368421,Buy
2024-04-08,RRC,-0.02631578947368421,Sell
2024-04-08,CAG,0.0003339542024767654,Buy
2024-04-08,GREK,-0.026939327062222348,Sell
2024-04-08,QCOM,0.0004948226111796197,Buy
2024-04-08,JNJ,-3.302963852763047e-05,Sell
2024-04-08,STI,0.02631578947368421,Buy
2024-04-08,HAS,0.0007213692456267823,Buy
2024-04-08,DPZ,0.0006436231715981448,Buy
2024-04-08,BDX,0.02631578947368421,Buy
2024-04-08,MU,3.70486668770896e-05,Buy
2024-04-08,EBAY,0.02624364900604571,Buy
2024-04-08,WFC,0.00035205027312356155,Buy
2024-04-08,EOG,7.659957723074248e-05,Buy
2024-04-08,EWI,-0.026695088802065597,Sell
2024-04-08,SIRI,0.0006627847572849843,Buy
2024-04-08,DLTR,0.02631578947368421,Buy
2024-04-08,TSM,0.00044002859365893654,Buy
2024-04-08,ALK,0.02655022586786177,Buy
2024-04-08,XRT,-0.026541076235954173,Sell
2024-04-08,GOLD,0.005278665312989324,Buy
2024-04-08,WMB,0.02631578947368421,Buy
2024-04-08,TRP,-8.196524414605388e-05,Sell
2024-04-08,KO,-6.525295873325773e-05,Sell
2024-04-08,ULTA,-0.02631578947368421,Sell
2024-04-08,RL,0.02631578947368421,Buy
2024-04-08,HUM,0.026816952246066103,Buy
2024-04-08,NTAP,0.00036623413308988287,Buy
2024-04-08,WSM,7.277516270772985e-05,Buy
2024-04-08,NWSA,-0.00025466267498190295,Sell
2024-04-08,TRIP,1.2673169586894378e-05,Buy
2024-04-08,CLX,0.00011650457307196826,Buy
2024-04-08,PRGO,-0.02631578947368421,Sell
2024-04-08,XLE,0.026320430495296452,Buy
2024-04-08,M,-0.02631578947368421,Sell
2024-04-08,ENB,-8.966072916329754e-05,Sell
2024-04-08,VZ,7.317660877605506e-05,Buy
2024-04-08,CAT,0.02608074257091248,Buy
2024-04-08,MRK,0.00012386163793543653,Buy
2024-04-09,MET,0.02631578947368421,Buy
2024-04-09,CNC,0.02631578947368421,Buy
2024-04-09,PPG,-0.026873850672126234,Sell
2024-04-09,BAX,-0.026804053176081664,Sell
2024-04-09,A,-0.02631578947368421,Sell
2024-04-09,CF,0.02631578947368421,Buy
2024-04-09,HOG,0.02625738024032036,Buy
2024-04-09,XLP,-0.026569325840376655,Sell
2024-04-09,WEN,0.02631578947368421,Buy
2024-04-09,DAL,0.026615442160224934,Buy
2024-04-09,AA,0.000474529420045236,Buy
2024-04-09,SPWR,0.026913238685160618,Buy
2024-04-09,NSC,-0.02631578947368421,Sell
2024-04-09,ICE,0.00022628044777033007,Buy
2024-04-09,RRC,0.0003834343122389068,Buy
2024-04-09,CAG,0.02644107704732882,Buy
2024-04-09,QCOM,0.00042226087889692815,Buy
2024-04-09,JNJ,-0.0002473819508285839,Sell
2024-04-09,STI,0.004756142035093017,Buy
2024-04-09,NDAQ,-0.02631578947368421,Sell
2024-04-09,HAS,0.02632170691782885,Buy
2024-04-09,TRV,0.02631578947368421,Buy
2024-04-09,DPZ,-6.0651570414280154e-05,Sell
2024-04-09,BDX,-0.02688847189729519,Sell
2024-04-09,MU,5.647126306498537e-05,Buy
2024-04-09,EBAY,-0.02631578947368421,Sell
2024-04-09,WFC,0.02634499451098689,Buy
2024-04-09,EOG,0.0004395743511877749,Buy
2024-04-09,EWI,0.02631578947368421,Buy
2024-04-09,SIRI,-0.0006728852472118255,Sell
2024-04-09,DLTR,-0.026257544507867492,Sell
2024-04-09,TSM,0.0006085933704809594,Buy
2024-04-09,ALK,-0.02631578947368421,Sell
2024-04-09,KGC,-0.02631578947368421,Sell
2024-04-09,GOLD,-0.0007551746070439957,Sell
2024-04-09,WMB,-0.05295373339776292,Sell
2024-04-09,TRP,-0.0003058210414204794,Sell
2024-04-09,KO,-0.026641830679513544,Sell
2024-04-09,ULTA,0.026559038718094428,Buy
2024-04-09,RL,2.654774226085871e-05,Buy
2024-04-09,HUM,-0.02631578947368421,Sell
2024-04-09,NTAP,0.02602379517146698,Buy
2024-04-09,WSM,0.00018876321540243698,Buy
2024-04-09,NWSA,0.00011097682311785387,Buy
2024-04-09,TRIP,1.7851776628434457e-06,Buy
2024-04-09,RF,-0.02631578947368421,Sell
2024-04-09,CME,0.02631578947368421,Buy
2024-04-09,CLX,-6.484394434496527e-05,Sell
2024-04-09,PRGO,0.0005166992001643805,Buy
2024-04-09,OHI,0.02631578947368421,Buy
2024-04-09,M,0.026630423254268395,Buy
2024-04-09,ENB,-0.02650110508922104,Sell
2024-04-09,VZ,1.9589987804033426e-05,Buy
2024-04-09,MRK,-0.00015662657461224666,Sell
2024-04-10,MET,0.00032789568005095124,Buy
2024-04-10,CNC,-0.026171816710100715,Sell
2024-04-10,PPG,0.02631578947368421,Buy
2024-04-10,BAX,0.02631578947368421,Buy
2024-04-10,A,0.025759501946002735,Buy
2024-04-10,CF,-0.02626376554617557,Sell
2024-04-10,HOG,0.02631578947368421,Buy
2024-04-10,NVDA,-0.02631578947368421,Sell
2024-04-10,WEN,-0.05300824187155656,Sell
2024-04-10,AA,-0.000427995116974781,Sell
2024-04-10,NSC,0.025949695518029184,Buy
2024-04-10,ICE,-0.02592501816495539,Sell
2024-04-10,RRC,0.00011723673475811519,Buy
2024-04-10,QCOM,0.025631869804547475,Buy
2024-04-10,JNJ,0.000338804040222504,Buy
2024-04-10,STI,-0.05298553731933682,Sell
2024-04-10,NDAQ,-0.00020525491546651703,Sell
2024-04-10,TRV,-8.61951038648133e-05,Sell
2024-04-10,DPZ,0.0004654605734658243,Buy
2024-04-10,DHI,0.02631578947368421,Buy
2024-04-10,BDX,0.02631578947368421,Buy
2024-04-10,MU,-6.969753551237107e-05,Sell
2024-04-10,EBAY,0.00027610513453993693,Buy
2024-04-10,EOG,0.0001936855907472418,Buy
2024-04-10,EWI,0.0002966398771006018,Buy
2024-04-10,SIRI,0.0008171130154022432,Buy
2024-04-10,HTZ,-0.02631578947368421,Sell
2024-04-10,CCL,-0.02631578947368421,Sell
2024-04-10,TSM,0.00017120044532961676,Buy
2024-04-10,ALK,0.025695448491459803,Buy
2024-04-10,XRT,0.02631578947368421,Buy
2024-04-10,ILMN,-0.02631578947368421,Sell
2024-04-10,KGC,0.026012275566550967,Buy
2024-04-10,GOLD,0.0014533325096702104,Buy
2024-04-10,WMB,0.05241259829222887,Buy
2024-04-10,TRP,0.0007879698133121914,Buy
2024-04-10,ULTA,-0.02631578947368421,Sell
2024-04-10,RL,0.00047561286873542066,Buy
2024-04-10,HUM,0.026301362956390573,Buy
2024-04-10,NTAP,0.02631578947368421,Buy
2024-04-10,WSM,0.024995910972610395,Buy
2024-04-10,NWSA,0.0006794265386910261,Buy
2024-04-10,TRIP,0.0004274064222045404,Buy
2024-04-10,RF,0.02505271160146493,Buy
2024-04-10,CME,-0.0266171749285369,Sell
2024-04-10,CLX,-0.026402454214707893,Sell
2024-04-10,PRGO,0.02578257653022083,Buy
2024-04-10,OHI,-0.02546215294703461,Sell
2024-04-10,XLE,-0.02631578947368421,Sell
2024-04-10,M,-0.02631578947368421,Sell
2024-04-10,COF,0.02631578947368421,Buy
2024-04-10,VZ,0.00018371393011556644,Buy
2024-04-10,CAT,-0.02631578947368421,Sell
2024-04-10,MRK,-0.02634676038903128,Sell
2024-04-11,MET,0.00034238849834248783,Buy
2024-04-11,PPG,-0.026288879856711477,Sell
2024-04-11,BAX,-0.02638889500863642,Sell
2024-04-11,HOG,0.00047310676454905345,Buy
2024-04-11,NVDA,0.0010793210284591633,Buy
2024-04-11,WEN,0.026104322221300998,Buy
2024-04-11,DAL,-0.02631578947368421,Sell
2024-04-11,AA,2.701194971614293e-05,Buy
2024-04-11,ICE,0.02631578947368421,Buy
2024-04-11,RRC,0.026096416206936448,Buy
2024-04-11,QCOM,-0.02631578947368421,Sell
2024-04-11,JNJ,0.00024909777701992084,Buy
2024-04-11,STI,-0.0017999105643668432,Sell
2024-04-11,NDAQ,0.0263345917258535,Buy
2024-04-11,TRV,0.0004688252509963374,Buy
2024-04-11,DPZ,-0.00012200878380855956,Sell
2024-04-11,DHI,-0.026746801416616974,Sell
2024-04-11,EWC,0.02631578947368421,Buy
2024-04-11,BDX,-0.026272221449498537,Sell
2024-04-11,MU,0.0011413389050862303,Buy
2024-04-11,EBAY,0.026027801396609936,Buy
2024-04-11,EOG,-0.00013178285978954554,Sell
2024-04-11,EWI,0.00013841912023277933,Buy
2024-04-11,SIRI,2.079444350235743e-06,Buy
2024-04-11,HTZ,-0.000362542591208357,Sell
2024-04-11,ORCL,-0.02631578947368421,Sell
2024-04-11,CCL,3.312293637558472e-05,Buy
2024-04-11,TSM,0.00017427513273836348,Buy
2024-04-11,MS,0.02631578947368421,Buy
2024-04-11,ALK,-0.02631578947368421,Sell
2024-04-11,XRT,-0.02638903502392976,Sell
2024-04-11,ILMN,0.026219424281645243,Buy
2024-04-11,KGC,-0.02631578947368421,Sell
2024-04-11,GOLD,0.00016985890681561755,Buy
2024-04-11,WMB,0.00019158729383644824,Buy
2024-04-11,TRP,0.0002711654297749451,Buy
2024-04-11,ULTA,0.026136320293947853,Buy
2024-04-11,RL,0.00023127598531473906,Buy
2024-04-11,HUM,-0.02631578947368421,Sell
2024-04-11,NTAP,-0.05320911890568593,Sell
2024-04-11,NWSA,-9.329612959482411e-05,Sell
2024-04-11,TRIP,-0.026860670389520752,Sell
2024-04-11,LOW,0.02631578947368421,Buy
2024-04-11,RF,0.02631578947368421,Buy
2024-04-11,CP,0.02631578947368421,Buy
2024-04-11,CSIQ,-0.02631578947368421,Sell
2024-04-11,XLE,0.026294873496928543,Buy
2024-04-11,M,0.02597484458746078,Buy
2024-04-11,COF,-0.02638892078876189,Sell
2024-04-11,ENB,0.02631578947368421,Buy
2024-04-11,VZ,0.00023586239185748037,Buy
2024-04-11,CAT,-8.443392884728562e-06,Sell
2024-04-11,BMY,0.02631578947368421,Buy
2024-04-12,MET,0.00047651057210379086,Buy
2024-04-12,MNST,-0.02631578947368421,Sell
2024-04-12,AMTD,-0.02631578947368421,Sell
2024-04-12,BAX,0.02631578947368421,Buy
2024-04-12,HP,0.02631578947368421,Buy
2024-04-12,HOG,0.0007402684009477078,Buy
2024-04-12,NVDA,-0.0008682703089293448,Sell
2024-04-12,DAL,0.025726002524007262,Buy
2024-04-12,AA,0.025405333826200884,Buy
2024-04-12,ICE,-0.02616244769330747,Sell
2024-04-12,RRC,-0.02631578947368421,Sell
2024-04-12,QCOM,0.025575375681071967,Buy
2024-04-12,JNJ,0.00039025654433505474,Buy
2024-04-12,STI,-0.002171793901000349,Sell
2024-04-12,TRV,-0.02623178272563926,Sell
2024-04-12,DPZ,-0.0006444039259443021,Sell
2024-04-12,EWC,0.0005894829454499012,Buy
2024-04-12,BBT,-0.02631578947368421,Sell
2024-04-12,MU,-0.0011903695109418133,Sell
2024-04-12,EOG,0.02577155262387673,Buy
2024-04-12,EWI,0.0005326242939316245,Buy
2024-04-12,SIRI,0.0011848293504037807,Buy
2024-04-12,HTZ,-0.001438176394325568,Sell
2024-04-12,ORCL,0.02569679282923977,Buy
2024-04-12,CCL,-0.0012325700320330764,Sell
2024-04-12,TSM,0.025317375964086505,Buy
2024-04-12,MS,0.0003627796523366471,Buy
2024-04-12,ALK,0.025309178444963037,Buy
2024-04-12,MAR,0.02631578947368421,Buy
2024-04-12,XRT,0.02631578947368421,Buy
2024-04-12,KGC,-0.000570585098426616,Sell
2024-04-12,GOLD,0.00023774418863828709,Buy
2024-04-12,WMB,0.0005193166283911609,Buy
2024-04-12,TRP,0.0006433891094598625,Buy
2024-04-12,D,-0.02631578947368421,Sell
2024-04-12,RL,0.0009165658656871828,Buy
2024-04-12,HUM,-0.0004729521885597984,Sell
2024-04-12,NTAP,0.025388158418506702,Buy
2024-04-12,NWSA,0.000754666603619069,Buy
2024-04-12,LOW,-0.025772227030210988,Sell
2024-04-12,MRVL,-0.02631578947368421,Sell
2024-04-12,RF,-0.02585235194998903,Sell
2024-04-12,CP,-0.025967665337636833,Sell
2024-04-12,PRGO,-0.02631578947368421,Sell
2024-04-12,SYK,-0.02631578947368421,Sell
2024-04-12,CSIQ,-0.001476071400524099,Sell
2024-04-12,XLE,0.02631578947368421,Buy
2024-04-12,ENB,0.0004470885210065799,Buy
2024-04-12,ZUMZ,-0.02631578947368421,Sell
2024-04-12,VZ,0.00045354949545827264,Buy
2024-04-12,CAT,0.025702351517461103,Buy
2024-04-12,BMY,0.0006142299039832953,Buy
2024-04-15,MET,0.0004836799887871848,Buy
2024-04-15,MNST,0.025665630391529175,Buy
2024-04-15,AMTD,-0.002087020580540347,Sell
2024-04-15,BAX,0.00041089752693011447,Buy
2024-04-15,HP,-0.025992617618751632,Sell
2024-04-15,HOG,0.0006240871206318194,Buy
2024-04-15,NVDA,0.025446020378279484,Buy
2024-04-15,AA,-0.02631578947368421,Sell
2024-04-15,SPWR,-0.02631578947368421,Sell
2024-04-15,ICE,0.02631578947368421,Buy
2024-04-15,RRC,0.051712701373568995,Buy
2024-04-15,CAG,-0.02631578947368421,Sell
2024-04-15,GREK,0.02631578947368421,Buy
2024-04-15,JNJ,-0.026104902268632935,Sell
2024-04-15,STI,-0.0032846660348147955,Sell
2024-04-15,DPZ,-0.0006072988406716669,Sell
2024-04-15,EWC,0.00041290353531382024,Buy
2024-04-15,BBT,-0.0002607023724642485,Sell
2024-04-15,MU,0.025847614678631017,Buy
2024-04-15,WFC,-0.02631578947368421,Sell
2024-04-15,EWI,0.0002015087324390985,Buy
2024-04-15,SIRI,0.0004671239800273404,Buy
2024-04-15,HTZ,-3.281217756775576e-05,Sell
2024-04-15,CCL,-0.0007683772952775669,Sell
2024-04-15,MS,-0.026334704862783186,Sell
2024-04-15,ALK,-0.02631578947368421,Sell
2024-04-15,MAR,0.0004986832417175416,Buy
2024-04-15,XRT,0.000568119771489399,Buy
2024-04-15,KGC,-0.00010058051851403668,Sell
2024-04-15,GOLD,-0.0012548518415523048,Sell
2024-04-15,WMB,0.00038771934216341036,Buy
2024-04-15,TRP,0.00030275850737972176,Buy
2024-04-15,D,-0.0007514168586348832,Sell
2024-04-15,RL,-0.026071357337680158,Sell
2024-04-15,HUM,-5.214839002108673e-05,Sell
2024-04-15,NTAP,-0.02631578947368421,Sell
2024-04-15,NWSA,0.000308959399147421,Buy
2024-04-15,TRIP,0.02631578947368421,Buy
2024-04-15,BX,0.02631578947368421,Buy
2024-04-15,LOW,0.02631578947368421,Buy
2024-04-15,MRVL,0.025244584426751912,Buy
2024-04-15,CME,0.02631578947368421,Buy
2024-04-15,CLX,-0.02631578947368421,Sell
2024-04-15,PRGO,0.02592900909144119,Buy
2024-04-15,SYK,-0.000446012292566144,Sell
2024-04-15,CSIQ,-0.00032267003086201146,Sell
2024-04-15,XLE,0.0004675546554092601,Buy
2024-04-15,ENB,-0.025764263756481262,Sell
2024-04-15,ZUMZ,0.02546872295990218,Buy
2024-04-15,VZ,-0.026348715480507615,Sell
2024-04-15,BMY,-0.02621682502144422,Sell
2024-04-16,MET,0.0002703690048676023,Buy
2024-04-16,MNST,-0.02631578947368421,Sell
2024-04-16,AMTD,0.026393372404916543,Buy
2024-04-16,BAX,0.00038566034147308886,Buy
2024-04-16,HOG,0.00027227790890501855,Buy
2024-04-16,NVDA,-0.02631578947368421,Sell
2024-04-16,AA,-0.00042205912687892297,Sell
2024-04-16,HYG,0.02631578947368421,Buy
2024-04-16,SPWR,0.026742696144104558,Buy
2024-04-16,NSC,0.02631578947368421,Buy
2024-04-16,ICE,0.00020630763242774491,Buy
2024-04-16,RRC,-0.026163260578212572,Sell
2024-04-16,CAG,0.00014274178179381203,Buy
2024-04-16,GREK,0.00032468569802593383,Buy
2024-04-16,JNJ,-0.02631578947368421,Sell
2024-04-16,STI,-0.0027068494588829116,Sell
2024-04-16,DPZ,-0.00015132828736307696,Sell
2024-04-16,EWC,0.00026264981088501213,Buy
2024-04-16,BBT,0.025773168193498626,Buy
2024-04-16,BDX,0.02631578947368421,Buy
2024-04-16,MU,-0.02631578947368421,Sell
2024-04-16,WFC,0.025980205650759525,Buy
2024-04-16,EOG,-0.02631578947368421,Sell
2024-04-16,QQQ,0.02631578947368421,Buy
2024-04-16,EWI,0.0002963211391461239,Buy
2024-04-16,SIRI,-0.025990590375756156,Sell
2024-04-16,ANF,-0.02631578947368421,Sell
2024-04-16,HTZ,-0.00133253822625172,Sell
2024-04-16,ORCL,-0.02631578947368421,Sell
2024-04-16,CCL,-0.0003762591759910068,Sell
2024-04-16,MS,-0.02631578947368421,Sell
2024-04-16,ALK,0.026122869275306475,Buy
2024-04-16,MAR,0.00037236317707213876,Buy
2024-04-16,XRT,-0.026252916707544736,Sell
2024-04-16,KGC,0.025828786972830066,Buy
2024-04-16,GOLD,-0.0010024521678203245,Sell
2024-04-16,WMB,0.00020941313370439335,Buy
2024-04-16,TRP,0.0006680317567147771,Buy
2024-04-16,D,0.025657725594355904,Buy
2024-04-16,HUM,0.00016249473831363853,Buy
2024-04-16,NTAP,-3.410206349145281e-05,Sell
2024-04-16,NWSA,0.00027218795407646726,Buy
2024-04-16,TRIP,0.00035570595093122395,Buy
2024-04-16,BX,-0.02639185992767965,Sell
2024-04-16,LOW,-0.026048760498213506,Sell
2024-04-16,MRVL,-0.02631578947368421,Sell
2024-04-16,HMC,0.02631578947368421,Buy
2024-04-16,CME,-0.026269924079563998,Sell
2024-04-16,CLX,0.026602198441635087,Buy
2024-04-16,OHI,0.02631578947368421,Buy
2024-04-16,SYK,-0.00019140521281809167,Sell
2024-04-16,CSIQ,0.02553576009012698,Buy
2024-04-16,XLE,0.0003063547969586432,Buy
2024-04-17,MET,0.000158905546893906,Buy
2024-04-17,MNST,0.025950211613971454,Buy
2024-04-17,BAX,0.00018816491157592347,Buy
2024-04-17,HOG,0.0007415482297490825,Buy
2024-04-17,NVDA,0.025149150303392653,Buy
2024-04-17,DAL,-0.02631578947368421,Sell
2024-04-17,AA,-0.0005465379143367935,Sell
2024-04-17,HYG,-0.026195249224330266,Sell
2024-04-17,SPWR,-0.02631578947368421,Sell
2024-04-17,NSC,0.0005395850426296242,Buy
2024-04-17,ICE,-0.026329850663360015,Sell
2024-04-17,RRC,0.02631578947368421,Buy
2024-04-17,CAG,4.5393846271373633e-05,Buy
2024-04-17,GREK,-0.026202117411073426,Sell
2024-04-17,JNJ,0.02621863998281357,Buy
2024-04-17,STI,-0.002771175026166868,Sell
2024-04-17,TRV,0.02631578947368421,Buy
2024-04-17,DPZ,-0.00040238978749970733,Sell
2024-04-17,EWC,4.7948844596499424e-05,Buy
2024-04-17,BDX,-0.026296577424472996,Sell
2024-04-17,MU,0.024991973628916503,Buy
2024-04-17,EBAY,0.02631578947368421,Buy
2024-04-17,WFC,-0.02631578947368421,Sell
2024-04-17,EOG,0.026050491544093,Buy
2024-04-17,QQQ,0.0004743054159202856,Buy
2024-04-17,EWI,-0.026417159766006906,Sell
2024-04-17,SIRI,0.02631578947368421,Buy
2024-04-17,ANF,0.02561665698903774,Buy
2024-04-17,HTZ,-0.0008718389840644894,Sell
2024-04-17,ORCL,0.025737756205648783,Buy
2024-04-17,CCL,0.00025894833673366716,Buy
2024-04-17,MS,0.00012076455308758158,Buy
2024-04-17,ALK,-0.02631578947368421,Sell
2024-04-17,MAR,0.0009177079482150241,Buy
2024-04-17,KGC,-0.02631578947368421,Sell
2024-04-17,GOLD,-0.0006713441891953199,Sell
2024-04-17,WMB,-0.026181525552929855,Sell
2024-04-17,TRP,0.00022201138547627008,Buy
2024-04-17,D,-0.02631578947368421,Sell
2024-04-17,EW,0.02631578947368421,Buy
2024-04-17,HUM,0.026650078868120358,Buy
2024-04-17,NTAP,0.025744828914844177,Buy
2024-04-17,WSM,-0.02631578947368421,Sell
2024-04-17,NWSA,0.00010083515505017807,Buy
2024-04-17,TRIP,-4.205880978269336e-05,Sell
2024-04-17,LOW,-0.02631578947368421,Sell
2024-04-17,MRVL,-0.000844750458497235,Sell
2024-04-17,PCG,-0.02631578947368421,Sell
2024-04-17,HMC,0.0004678743189900289,Buy
2024-04-17,OHI,0.0002854350698996422,Buy
2024-04-17,SYK,0.026034398224124476,Buy
2024-04-17,XLE,0.00022993240045201743,Buy
2024-04-17,ZUMZ,-0.02631578947368421,Sell
2024-04-17,MT,0.02631578947368421,Buy
2024-04-18,MET,-0.052926673821930004,Sell
2024-04-18,MNST,0.02631578947368421,Buy
2024-04-18,BAX,-0.026305292581403177,Sell
2024-04-18,A,0.02631578947368421,Buy
2024-04-18,HOG,0.00017275939477639016,Buy
2024-04-18,DAL,-0.00011317291160493209,Sell
2024-04-18,AA,-0.00015574763069905323,Sell
2024-04-18,BUD,-0.02631578947368421,Sell
2024-04-18,SPWR,0.02724723844649064,Buy
2024-04-18,NSC,-0.02632091959977585,Sell
2024-04-18,RRC,-0.02626435208188302,Sell
2024-04-18,CAG,0.026323083065308416,Buy
2024-04-18,QCOM,-0.02631578947368421,Sell
2024-04-18,STI,-0.006452879099194338,Sell
2024-04-18,TRV,-0.00039062382380862515,Sell
2024-04-18,DPZ,-0.00011796004787508613,Sell
2024-04-18,EWC,-0.026276087349674244,Sell
2024-04-18,BBT,-0.02631578947368421,Sell
2024-04-18,EBAY,-0.05279993853697821,Sell
2024-04-18,WFC,0.0006185695016368946,Buy
2024-04-18,QQQ,0.00024636282965135453,Buy
2024-04-18,SIRI,0.00043505653576316264,Buy
2024-04-18,HTZ,0.024577786702573188,Buy
2024-04-18,ORCL,0.02631578947368421,Buy
2024-04-18,CCL,0.026330454349433235,Buy
2024-04-18,TSM,0.02631578947368421,Buy
2024-04-18,MS,0.026271430349807577,Buy
2024-04-18,ALK,0.0009588861722712935,Buy
2024-04-18,MAR,0.0003342429368926522,Buy
2024-04-18,KGC,0.0002708087315271071,Buy
2024-04-18,GOLD,-1.1154549098519456e-05,Sell
2024-04-18,WMB,0.02631578947368421,Buy
2024-04-18,TRP,-0.02636097003277313,Sell
2024-04-18,KO,-0.02631578947368421,Sell
2024-04-18,D,0.026354690773910013,Buy
2024-04-18,EW,0.00033417404540486,Buy
2024-04-18,RL,0.02631578947368421,Buy
2024-04-18,WSM,-0.0002376245588175778,Sell
2024-04-18,NWSA,0.00022702413043226496,Buy
2024-04-18,TRIP,0.00025158424831205756,Buy
2024-04-18,LOW,0.026211021683935132,Buy
2024-04-18,MRVL,0.025729997361023854,Buy
2024-04-18,PCG,6.274393980354107e-05,Buy
2024-04-18,HMC,0.0002931430515311917,Buy
2024-04-18,OHI,-0.026236543596758803,Sell
2024-04-18,SYK,0.02631578947368421,Buy
2024-04-18,CSIQ,0.02631578947368421,Buy
2024-04-18,BSX,0.02631578947368421,Buy
2024-04-18,XLE,0.00017752614472282477,Buy
2024-04-18,COF,-0.02631578947368421,Sell
2024-04-18,ENB,-0.02631578947368421,Sell
2024-04-18,ZUMZ,0.027283001777182406,Buy
2024-04-18,MT,-0.026260803514018334,Sell
2024-04-18,BMY,-0.02631578947368421,Sell
2024-04-19,MET,0.0005810725186492054,Buy
2024-04-19,MNST,1.605784487418785e-05,Buy
2024-04-19,PPG,0.02631578947368421,Buy
2024-04-19,BAX,0.02631578947368421,Buy
2024-04-19,A,-0.026516040139908995,Sell
2024-04-19,HP,-0.02631578947368421,Sell
2024-04-19,HOG,-0.026604968524144592,Sell
2024-04-19,XLP,-0.02631578947368421,Sell
2024-04-19,NVDA,0.02631578947368421,Buy
2024-04-19,DAL,0.026303283452791915,Buy
2024-04-19,AA,0.0265028522026318,Buy
2024-04-19,BUD,0.0005215290496084282,Buy
2024-04-19,SPWR,0.02631578947368421,Buy
2024-04-19,CAG,-0.02631578947368421,Sell
2024-04-19,QCOM,0.05214947929898012,Buy
2024-04-19,STI,0.024694230371666386,Buy
2024-04-19,HAS,-0.02631578947368421,Sell
2024-04-19,TRV,-0.026917051493836046,Sell
2024-04-19,DPZ,0.026012613193644403,Buy
2024-04-19,DHI,0.02631578947368421,Buy
2024-04-19,BBT,0.02737871136088268,Buy
2024-04-19,EBAY,0.0003753796374495605,Buy
2024-04-19,WFC,0.0008674991961473387,Buy
2024-04-19,EOG,-0.02631578947368421,Sell
2024-04-19,QQQ,0.00040508271818698663,Buy
2024-04-19,SIRI,-0.00040170881434334685,Sell
2024-04-19,ORCL,0.0001131427924095374,Buy
2024-04-19,TSM,0.0007718299078627068,Buy
2024-04-19,ALK,0.0004816734440763089,Buy
2024-04-19,MAR,-0.00010872204569351007,Sell
2024-04-19,KGC,0.0011990149580067104,Buy
2024-04-19,GOLD,0.027247251142067337,Buy
2024-04-19,WMB,-0.05342865707943757,Sell
2024-04-19,TRP,-0.02631578947368421,Sell
2024-04-19,KO,0.0007082125894433029,Buy
2024-04-19,EW,1.3769808982586063e-05,Buy
2024-04-19,RL,-0.026648134040482323,Sell
2024-04-19,NTAP,0.02631578947368421,Buy
2024-04-19,WSM,0.00011107997850261925,Buy
2024-04-19,NWSA,-0.026447090004852642,Sell
2024-04-19,TRIP,7.773214208154841e-05,Buy
2024-04-19,BX,0.02631578947368421,Buy
2024-04-19,PCG,0.026953981696928024,Buy
2024-04-19,HMC,9.577143340358182e-05,Buy
2024-04-19,PRGO,-0.02631578947368421,Sell
2024-04-19,SYK,2.0899120944155303e-05,Buy
2024-04-19,CSIQ,-0.02623959264776945,Sell
2024-04-19,BSX,-0.00010699660023799282,Sell
2024-04-19,XLE,-0.053092496667488526,Sell
2024-04-19,COF,0.026697220313065022,Buy
2024-04-19,ENB,0.0008915695686156147,Buy
2024-04-19,BMY,0.0004874238729347183,Buy
2024-04-22,MET,0.026609415882067035,Buy
2024-04-22,MNST,-0.026522721463547547,Sell
2024-04-22,PPG,-3.154601956221678e-05,Sell
2024-04-22,BAX,-0.053230462547423,Sell
2024-04-22,CF,-0.02631578947368421,Sell
2024-04-22,HP,0.05215341920454146,Buy
2024-04-22,HOG,-0.02631578947368421,Sell
2024-04-22,XLP,0.026545897174167735,Buy
2024-04-22,NVDA,-0.0011242886186074996,Sell
2024-04-22,WEN,-0.02631578947368421,Sell
2024-04-22,DAL,-0.02631578947368421,Sell
2024-04-22,AA,-0.02631578947368421,Sell
2024-04-22,BUD,0.026630841585767787,Buy
2024-04-22,SPWR,0.0035851345133444575,Buy
2024-04-22,NSC,0.02631578947368421,Buy
2024-04-22,ICE,0.02631578947368421,Buy
2024-04-22,RRC,-0.02631578947368421,Sell
2024-04-22,CAG,0.0003915108379638696,Buy
2024-04-22,QCOM,-0.02672047781140102,Sell
2024-04-22,STI,-0.02631578947368421,Sell
2024-04-22,NDAQ,-0.02631578947368421,Sell
2024-04-22,HAS,0.000279039307239954,Buy
2024-04-22,TRV,0.02631578947368421,Buy
2024-04-22,VTR,0.02631578947368421,Buy
2024-04-22,DHI,-0.026457841871219738,Sell
2024-04-22,BDX,0.02631578947368421,Buy
2024-04-22,EBAY,0.0002663178774151079,Buy
2024-04-22,WFC,0.026621887639669124,Buy
2024-04-22,EOG,0.026439243578354553,Buy
2024-04-22,QQQ,-0.0002437549364720272,Sell
2024-04-22,SIRI,-0.026635486118310583,Sell
2024-04-22,HTZ,-0.02631578947368421,Sell
2024-04-22,ORCL,-0.02621499090784754,Sell
2024-04-22,TSM,-0.0004014372448937868,Sell
2024-04-22,ALK,0.00028309934285325467,Buy
2024-04-22,MAR,-0.0001364125981190116,Sell
2024-04-22,KGC,0.025129877116355986,Buy
2024-04-22,GOLD,-0.02631578947368421,Sell
2024-04-22,WMB,8.173092131535248e-05,Buy
2024-04-22,TRP,0.05276556534699946,Buy
2024-04-22,KO,0.026461168351688616,Buy
2024-04-22,EW,-0.026607190374993515,Sell
2024-04-22,HUM,0.02631578947368421,Buy
2024-04-22,NTAP,3.142419972929772e-05,Buy
2024-04-22,WSM,7.537401224979451e-05,Buy
2024-04-22,TRIP,-0.026841164406080392,Sell
2024-04-22,BX,-0.027114601574218154,Sell
2024-04-22,HMC,-0.00029509894121701116,Sell
2024-04-22,PRGO,0.025663337072621764,Buy
2024-04-22,OHI,0.02631578947368421,Buy
2024-04-22,SYK,-0.0001611131476228593,Sell
2024-04-22,BSX,-0.02656457255002018,Sell
2024-04-22,XLE,0.00015097473110881401,Buy
2024-04-22,M,0.02631578947368421,Buy
2024-04-22,ENB,0.0003489141243769901,Buy
2024-04-22,BMY,0.02640795121601485,Buy
2024-04-23,PPG,0.00023736587529472886,Buy
2024-04-23,BAX,0.00031104725564413613,Buy
2024-04-23,CF,0.026137852831406974,Buy
2024-04-23,HP,-0.053233471349068695,Sell
2024-04-23,HOG,0.0004130368016448359,Buy
2024-04-23,NVDA,-0.027182423313483566,Sell
2024-04-23,WEN,0.026557012836867882,Buy
2024-04-23,DAL,0.026336728105851047,Buy
2024-04-23,AA,0.026015171381104277,Buy
2024-04-23,SPWR,-0.02898839456445523,Sell
2024-04-23,NSC,4.637669001588546e-05,Buy
2024-04-23,ICE,-4.404984745174506e-05,Sell
2024-04-23,RRC,0.0002499299050485182,Buy
2024-04-23,CAG,5.1945961560273535e-05,Buy
2024-04-23,JNJ,0.02631578947368421,Buy
2024-04-23,STI,0.02909566727199258,Buy
2024-04-23,KMB,-0.02631578947368421,Sell
2024-04-23,NDAQ,0.02617724782169599,Buy
2024-04-23,HAS,0.0009594484920001194,Buy
2024-04-23,TRV,8.52862633161193e-05,Buy
2024-04-23,DPZ,-0.02631578947368421,Sell
2024-04-23,VTR,-0.00017004996251301918,Sell
2024-04-23,BDX,3.758266557134585e-05,Buy
2024-04-23,MU,-0.02631578947368421,Sell
2024-04-23,EBAY,6.818610670760936e-05,Buy
2024-04-23,EOG,-0.02631578947368421,Sell
2024-04-23,QQQ,-0.026615729114894373,Sell
2024-04-23,SIRI,0.02631578947368421,Buy
2024-04-23,HTZ,0.024268667298236877,Buy
2024-04-23,TSM,-0.02696816060801686,Sell
2024-04-23,ALK,0.025965194920884282,Buy
2024-04-23,MAR,-0.026476235539693353,Sell
2024-04-23,GOLD,0.026597915693850515,Buy
2024-04-23,WMB,-1.0002985641105466e-05,Sell
2024-04-23,TRP,3.768694850712906e-06,Buy
2024-04-23,ULTA,0.02631578947368421,Buy
2024-04-23,HUM,-0.00012464640995844822,Sell
2024-04-23,NTAP,-0.02662882192840539,Sell
2024-04-23,WSM,0.00036248011652751516,Buy
2024-04-23,NWSA,0.02631578947368421,Buy
2024-04-23,TRIP,-0.02631578947368421,Sell
2024-04-23,NTES,0.02631578947368421,Buy
2024-04-23,HMC,6.863166867242601e-05,Buy
2024-04-23,CME,0.02631578947368421,Buy
2024-04-23,PRGO,-0.02631578947368421,Sell
2024-04-23,OHI,-0.02659704276793016,Sell
2024-04-23,SYK,-0.026803008880631064,Sell
2024-04-23,CSIQ,0.02631578947368421,Buy
2024-04-23,XLE,5.3994078168102116e-05,Buy
2024-04-23,M,-0.0002862232731538558,Sell
2024-04-23,ENB,-3.9471974601239246e-05,Sell
2024-04-23,ZUMZ,-0.02631578947368421,Sell
2024-04-23,MT,0.02631578947368421,Buy
2024-04-23,CAT,-0.02631578947368421,Sell
2024-04-23,BMY,0.02631578947368421,Buy
2024-04-24,PPG,-0.00028867917997283873,Sell
2024-04-24,BAX,0.02652778811710169,Buy
2024-04-24,HP,0.0003394353962854965,Buy
2024-04-24,HOG,0.026385424102610317,Buy
2024-04-24,NVDA,0.02631578947368421,Buy
2024-04-24,DAL,0.02631578947368421,Buy
2024-04-24,AA,-0.02631578947368421,Sell
2024-04-24,SPWR,0.02631578947368421,Buy
2024-04-24,NSC,0.0006855661936013141,Buy
2024-04-24,ICE,-0.0003185529766157845,Sell
2024-04-24,RRC,0.001135216201911371,Buy
2024-04-24,CAG,0.000525394419892241,Buy
2024-04-24,JNJ,-8.72384874330695e-05,Sell
2024-04-24,STI,-0.02631578947368421,Sell
2024-04-24,KMB,0.0006103781642645655,Buy
2024-04-24,NDAQ,-0.02631578947368421,Sell
2024-04-24,HAS,0.003420971418172814,Buy
2024-04-24,TRV,-0.026475712732251033,Sell
2024-04-24,DPZ,0.0006322456169660443,Buy
2024-04-24,VTR,-0.0003008439133628006,Sell
2024-04-24,EWC,0.02631578947368421,Buy
2024-04-24,BDX,-0.0002102083306257732,Sell
2024-04-24,MU,0.00010957145344642205,Buy
2024-04-24,EBAY,0.026549808740302376,Buy
2024-04-24,EOG,0.0004281115875781581,Buy
2024-04-24,QQQ,0.02631578947368421,Buy
2024-04-24,SIRI,-0.02658611979190607,Sell
2024-04-24,KGC,-0.02631578947368421,Sell
2024-04-24,GOLD,-0.02631578947368421,Sell
2024-04-24,WMB,0.0005925436787141414,Buy
2024-04-24,TRP,-0.0001817809255996311,Sell
2024-04-24,ULTA,-0.02603318015130704,Sell
2024-04-24,HUM,0.0007023936664672797,Buy
2024-04-24,WSM,0.0003113685010133829,Buy
2024-04-24,NWSA,-0.00021631491794482302,Sell
2024-04-24,TRIP,0.052932443381760744,Buy
2024-04-24,LOW,0.02631578947368421,Buy
2024-04-24,MRVL,-0.02631578947368421,Sell
2024-04-24,NTES,-0.02685749626862075,Sell
2024-04-24,HMC,-0.00013963034321649165,Sell
2024-04-24,CME,0.00024233377971110207,Buy
2024-04-24,PRGO,0.0009155792154318561,Buy
2024-04-24,CSIQ,-0.02674703134916272,Sell
2024-04-24,BSX,-0.02631578947368421,Sell
2024-04-24,XLE,0.0266054842360504,Buy
2024-04-24,M,-0.026180753749117474,Sell
2024-04-24,ENB,0.02676625865921534,Buy
2024-04-24,ZUMZ,0.0007422750840800837,Buy
2024-04-24,MT,-0.02659667489178616,Sell
2024-04-24,CAT,0.0266058816045932,Buy
2024-04-24,BMY,-0.00019978216041206115,Sell
2024-04-25,PPG,-0.026253017943236683,Sell
2024-04-25,BAX,0.02631578947368421,Buy
2024-04-25,HP,0.05158729477853942,Buy
2024-04-25,HOG,0.02631578947368421,Buy
2024-04-25,NVDA,-0.027498455115183073,Sell
2024-04-25,DAL,-0.053903867684659254,Sell
2024-04-25,AA,9.640865055551145e-05,Buy
2024-04-25,SPWR,-0.00032646705899692235,Sell
2024-04-25,NSC,-0.027032546150974265,Sell
2024-04-25,ICE,-4.928014476895254e-05,Sell
2024-04-25,RRC,0.00011504984189809192,Buy
2024-04-25,CAG,0.026263120316565882,Buy
2024-04-25,JNJ,0.00010596529988367992,Buy
2024-04-25,STI,0.006359366517392537,Buy
2024-04-25,KMB,0.02625528790783246,Buy
2024-04-25,NDAQ,0.025993403988048922,Buy
2024-04-25,HAS,0.00017483250354652716,Buy
2024-04-25,DPZ,0.0005831249513704659,Buy
2024-04-25,VTR,-0.026363082501074792,Sell
2024-04-25,EWC,-0.02661444483279227,Sell
2024-04-25,BDX,0.00018057890553713554,Buy
2024-04-25,MU,0.0001518560308724319,Buy
2024-04-25,WFC,0.02631578947368421,Buy
2024-04-25,EOG,0.02646815588347977,Buy
2024-04-25,QQQ,-0.02638702578264143,Sell
2024-04-25,EWI,0.02631578947368421,Buy
2024-04-25,SIRI,0.02631578947368421,Buy
2024-04-25,HTZ,-0.02631578947368421,Sell
2024-04-25,TSM,-0.02631578947368421,Sell
2024-04-25,ALK,-0.02631578947368421,Sell
2024-04-25,MAR,-0.02631578947368421,Sell
2024-04-25,KGC,0.0007215649657558547,Buy
2024-04-25,GOLD,0.0267370808401593,Buy
2024-04-25,WMB,0.000334404628839869,Buy
2024-04-25,TRP,-0.00033220496766701857,Sell
2024-04-25,HUM,0.00018418584285783898,Buy
2024-04-25,WSM,-0.0001563957210612317,Sell
2024-04-25,NWSA,0.00017856496128968585,Buy
2024-04-25,TRIP,-0.0002905527904364137,Sell
2024-04-25,LOW,-0.026477089913967782,Sell
2024-04-25,MRVL,0.0012746201889503248,Buy
2024-04-25,HMC,0.0003863341431387113,Buy
2024-04-25,CME,-0.00019306162606324076,Sell
2024-04-25,PRGO,0.00023325970685500463,Buy
2024-04-25,OHI,0.02631578947368421,Buy
2024-04-25,BSX,0.00032657961260000243,Buy
2024-04-25,ZUMZ,-0.00013985218484154419,Sell
2024-04-25,VZ,0.02631578947368421,Buy
2024-04-25,CAT,0.02631578947368421,Buy
2024-04-25,MRK,-0.02631578947368421,Sell
2024-04-25,BMY,-0.02425756084595489,Sell
2024-04-26,MET,0.02631578947368421,Buy
2024-04-26,CNC,0.02631578947368421,Buy
2024-04-26,BAX,8.403854451951437e-05,Buy
2024-04-26,HP,5.119112014112526e-05,Buy
2024-04-26,HOG,-0.0011842051335520729,Sell
2024-04-26,WEN,-0.02631578947368421,Sell
2024-04-26,DAL,2.4097995808998462e-06,Buy
2024-04-26,AA,0.0006691205061451176,Buy
2024-04-26,SPWR,0.00240361588975967,Buy
2024-04-26,ICE,4.26092565633876e-05,Buy
2024-04-26,RRC,0.026059632425389403,Buy
2024-04-26,GREK,0.02631578947368421,Buy
2024-04-26,JNJ,0.00014047236577816383,Buy
2024-04-26,STI,0.024788263127960626,Buy
2024-04-26,HAS,-0.00022105325615032895,Sell
2024-04-26,DPZ,0.00020987110636792525,Buy
2024-04-26,BDX,-0.026419197988171796,Sell
2024-04-26,MU,0.0007496387767430383,Buy
2024-04-26,EBAY,-0.02631578947368421,Sell
2024-04-26,WFC,-0.02628833490618314,Sell
2024-04-26,EOG,-0.02631578947368421,Sell
2024-04-26,EWI,-0.02643910768822798,Sell
2024-04-26,SIRI,-0.02629711392705388,Sell
2024-04-26,HTZ,-0.0014796249806716226,Sell
2024-04-26,ORCL,-0.02631578947368421,Sell
2024-04-26,CCL,-0.02631578947368421,Sell
2024-04-26,TSM,0.02662827624490815,Buy
2024-04-26,ALK,0.02594884677788913,Buy
2024-04-26,MAR,-0.0001382400139590574,Sell
2024-04-26,KGC,2.0398479534812497e-05,Buy
2024-04-26,GOLD,-0.02631578947368421,Sell
2024-04-26,WMB,0.026170459707605554,Buy
2024-04-26,TRP,1.1391283924258588e-05,Buy
2024-04-26,EW,0.02631578947368421,Buy
2024-04-26,RL,0.02631578947368421,Buy
2024-04-26,HUM,-0.02583181670258895,Sell
2024-04-26,WSM,2.6139650798399222e-05,Buy
2024-04-26,NWSA,7.814194069501873e-06,Buy
2024-04-26,TRIP,-0.027509748614985383,Sell
2024-04-26,MRVL,0.0008152856231002717,Buy
2024-04-26,HMC,-0.00013762091222965442,Sell
2024-04-26,CME,0.00021663961262209305,Buy
2024-04-26,CP,0.02631578947368421,Buy
2024-04-26,PRGO,0.0005447707750871646,Buy
2024-04-26,OHI,-0.026458814471131895,Sell
2024-04-26,CSIQ,-0.02631578947368421,Sell
2024-04-26,BSX,0.02626480646714986,Buy
2024-04-26,XLE,0.02631578947368421,Buy
2024-04-26,ZUMZ,-6.513498939298562e-05,Sell
2024-04-26,VZ,-0.026605544613982242,Sell
2024-04-26,CAT,-0.0003999007827082922,Sell
2024-04-26,MRK,0.02639367668008191,Buy
2024-04-26,BMY,0.02631578947368421,Buy
2024-04-29,MET,-0.026351764348711882,Sell
2024-04-29,CNC,0.0004939159876161531,Buy
2024-04-29,AMTD,-0.02631578947368421,Sell
2024-04-29,BAX,-0.052526036804726735,Sell
2024-04-29,HP,-0.026156869932389477,Sell
2024-04-29,HOG,-0.026246276800162067,Sell
2024-04-29,WEN,0.025791371556388696,Buy
2024-04-29,DAL,-0.00015967112009591944,Sell
2024-04-29,AA,0.0001059088867354091,Buy
2024-04-29,SPWR,-0.04958889962687912,Sell
2024-04-29,ICE,0.0006152591276957914,Buy
2024-04-29,GREK,0.0005355073777028492,Buy
2024-04-29,JNJ,0.0003140306562071406,Buy
2024-04-29,HAS,-0.000510737028277343,Sell
2024-04-29,DPZ,0.0010207055793526043,Buy
2024-04-29,MU,-0.0005426358818816437,Sell
2024-04-29,EBAY,-7.126673671307635e-05,Sell
2024-04-29,WFC,0.02631578947368421,Buy
2024-04-29,EOG,-0.0003295661156049942,Sell
2024-04-29,QQQ,0.02631578947368421,Buy
2024-04-29,EWI,0.02631578947368421,Buy
2024-04-29,SIRI,-0.02631578947368421,Sell
2024-04-29,HTZ,0.0016149664676814793,Buy
2024-04-29,ORCL,0.02572234467586429,Buy
2024-04-29,DLTR,0.02631578947368421,Buy
2024-04-29,CCL,0.02596714360815148,Buy
2024-04-29,MAR,0.025843721925499816,Buy
2024-04-29,KGC,-5.046408452467899e-05,Sell
2024-04-29,GOLD,0.0001654821716496925,Buy
2024-04-29,TRP,0.0005133183802842195,Buy
2024-04-29,EW,0.0005781957817292127,Buy
2024-04-29,RL,0.00034894956415443615,Buy
2024-04-29,WSM,-4.554269103411099e-05,Sell
2024-04-29,NWSA,0.0004772003600123746,Buy
2024-04-29,TRIP,0.02631578947368421,Buy
2024-04-29,BX,0.02631578947368421,Buy
2024-04-29,LOW,0.02631578947368421,Buy
2024-04-29,MRVL,0.025557904172903913,Buy
2024-04-29,PCG,-0.02631578947368421,Sell
2024-04-29,HMC,0.00024331325861833356,Buy
2024-04-29,CME,0.0005964179483507227,Buy
2024-04-29,CP,0.0006974560339481697,Buy
2024-04-29,PRGO,0.00027051487801031324,Buy
2024-04-29,CSIQ,0.0017692989089040378,Buy
2024-04-29,XLE,-0.02605704108785578,Sell
2024-04-29,ZUMZ,-0.0004497290886770443,Sell
2024-04-29,CAT,-0.05268100569400325,Sell
2024-04-29,BMY,0.000555640255699659,Buy
2024-04-30,CNC,-0.025978064422192217,Sell
2024-04-30,AMTD,0.0013910631229540824,Buy
2024-04-30,BAX,0.026077443029191724,Buy
2024-04-30,HP,0.02631578947368421,Buy
2024-04-30,HOG,0.02631578947368421,Buy
2024-04-30,DAL,-0.00026167166523331786,Sell
2024-04-30,AA,0.024501724747413172,Buy
2024-04-30,SPWR,-0.02631578947368421,Sell
2024-04-30,NSC,0.02631578947368421,Buy
2024-04-30,ICE,0.0004694149176204185,Buy
2024-04-30,RRC,0.02631578947368421,Buy
2024-04-30,GREK,-0.02599460888993462,Sell
2024-04-30,JNJ,-0.025853115058686073,Sell
2024-04-30,KMB,-0.02631578947368421,Sell
2024-04-30,HAS,-0.0010053332362163804,Sell
2024-04-30,DPZ,4.264501202469462e-05,Buy
2024-04-30,BBT,-0.02631578947368421,Sell
2024-04-30,MU,-0.0003853086027509091,Sell
2024-04-30,EBAY,0.05196547182435339,Buy
2024-04-30,WFC,-0.026041139012227894,Sell
2024-04-30,EOG,0.05177383470764746,Buy
2024-04-30,QQQ,-0.025756845693471326,Sell
2024-04-30,EWI,0.0006055697460259774,Buy
2024-04-30,SIRI,0.050662936078250995,Buy
2024-04-30,HTZ,-0.001274709637274024,Sell
2024-04-30,ORCL,0.02631578947368421,Buy
2024-04-30,DLTR,-0.02612812094681579,Sell
2024-04-30,CCL,-0.02631578947368421,Sell
2024-04-30,KGC,0.05107082914368527,Buy
2024-04-30,GOLD,-0.0006906557656440986,Sell
2024-04-30,WMB,0.02631578947368421,Buy
2024-04-30,TRP,0.0001660534768429811,Buy
2024-04-30,EW,0.00045488559553770805,Buy
2024-04-30,RL,-0.025719051523320133,Sell
2024-04-30,WSM,-2.9105185501018815e-05,Sell
2024-04-30,NWSA,0.00047649502474482117,Buy
2024-04-30,TRIP,0.0007153683784036011,Buy
2024-04-30,BX,0.0009366720886244267,Buy
2024-04-30,LOW,-0.025916515073057797,Sell
2024-04-30,MRVL,-0.02631578947368421,Sell
2024-04-30,PCG,-0.00029207406987102544,Sell
2024-04-30,HMC,-0.02616717607098067,Sell
2024-04-30,CME,-0.026254362229272882,Sell
2024-04-30,CP,0.0008497003226602025,Buy
2024-04-30,PRGO,-0.00018395610068325588,Sell
2024-04-30,CSIQ,0.025884583321626853,Buy
2024-04-30,XLE,0.02631578947368421,Buy
2024-04-30,ENB,-0.02631578947368421,Sell
2024-04-30,ZUMZ,0.0003389880360840092,Buy
2024-04-30,MT,-0.02631578947368421,Sell
2024-04-30,CAT,-0.001206913318516297,Sell
2024-04-30,BMY,-0.025840196865657597,Sell
2024-05-01,MET,-0.02631578947368421,Sell
2024-05-01,AMTD,0.025100370601525063,Buy
2024-05-01,HP,0.0007893570323800718,Buy
2024-05-01,HOG,-0.026267012784522845,Sell
2024-05-01,XLP,0.02631578947368421,Buy
2024-05-01,DAL,-6.737048543575819e-05,Sell
2024-05-01,SPWR,-0.0002106479249201175,Sell
2024-05-01,NSC,-0.02630431495473456,Sell
2024-05-01,ICE,5.745631610911198e-05,Buy
2024-05-01,RRC,0.0010362202388428284,Buy
2024-05-01,JNJ,-0.02631578947368421,Sell
2024-05-01,STI,-0.02631578947368421,Sell
2024-05-01,KMB,0.026263109250832216,Buy
2024-05-01,HAS,-0.0004526136113590165,Sell
2024-05-01,DPZ,-0.0006790525334712978,Sell
2024-05-01,BBT,0.0006859739018679201,Buy
2024-05-01,MU,-0.0007994153438267669,Sell
2024-05-01,EBAY,0.0002858376780727409,Buy
2024-05-01,EOG,0.0004746405633501011,Buy
2024-05-01,QQQ,0.02631578947368421,Buy
2024-05-01,EWI,6.269837684525978e-05,Buy
2024-05-01,SIRI,-0.027257717293281837,Sell
2024-05-01,HTZ,-0.0005031079380407658,Sell
2024-05-01,ORCL,-0.026477921044854556,Sell
2024-05-01,CCL,-0.0006616534718190785,Sell
2024-05-01,KGC,-0.00016254355688321426,Sell
2024-05-01,GOLD,0.0004244266217142377,Buy
2024-05-01,WMB,0.0003630559947116162,Buy
2024-05-01,TRP,0.00012908508009683295,Buy
2024-05-01,D,-0.02631578947368421,Sell
2024-05-01,EW,0.00015594995589583369,Buy
2024-05-01,HUM,-0.02631578947368421,Sell
2024-05-01,WSM,-0.00033156313256441083,Sell
2024-05-01,NWSA,-3.0245595833734706e-06,Sell
2024-05-01,TRIP,5.111288329494659e-05,Buy
2024-05-01,BX,-0.02647293679580771,Sell
2024-05-01,MRVL,-0.0008742999053119697,Sell
2024-05-01,PCG,0.0004195475646731478,Buy
2024-05-01,DUK,-0.02631578947368421,Sell
2024-05-01,HMC,0.02631578947368421,Buy
2024-05-01,CP,0.00032924235569427654,Buy
2024-05-01,CLX,0.02631578947368421,Buy
2024-05-01,PRGO,0.026467737645358414,Buy
2024-05-01,SYK,0.02631578947368421,Buy
2024-05-01,XLE,0.00045975322022632006,Buy
2024-05-01,ENB,0.026311616521271588,Buy
2024-05-01,ZUMZ,0.026152448219947846,Buy
2024-05-01,MT,0.02633768867153539,Buy
2024-05-01,CAT,-0.00031599905627706024,Sell
2024-05-02,MET,0.05232105545446977,Buy
2024-05-02,A,0.02631578947368421,Buy
2024-05-02,CF,0.02631578947368421,Buy
2024-05-02,HP,-3.199461338321968e-05,Sell
2024-05-02,XLP,-0.02683593316199323,Sell
2024-05-02,WEN,-0.02631578947368421,Sell
2024-05-02,DAL,0.0008340113320984277,Buy
2024-05-02,AA,-0.02631578947368421,Sell
2024-05-02,SPWR,0.029722993140585324,Buy
2024-05-02,ICE,0.0001459190730502373,Buy
2024-05-02,RRC,-0.0006355731403244504,Sell
2024-05-02,QCOM,-0.02631578947368421,Sell
2024-05-02,JNJ,0.026390654395430774,Buy
2024-05-02,STI,0.003746418382391623,Buy
2024-05-02,HAS,0.0006671326971967803,Buy
2024-05-02,DPZ,0.00010495691352141803,Buy
2024-05-02,VTR,-0.02631578947368421,Sell
2024-05-02,BBT,0.027074002467015152,Buy
2024-05-02,MU,0.0009346777470642421,Buy
2024-05-02,EBAY,0.0005737442010556662,Buy
2024-05-02,EOG,-0.053307098120237886,Sell
2024-05-02,QQQ,-0.0006363247419434032,Sell
2024-05-02,EWI,-0.000551701700813062,Sell
2024-05-02,HTZ,0.02976783842050273,Buy
2024-05-02,CCL,0.00027826354196575434,Buy
2024-05-02,ALK,-0.02631578947368421,Sell
2024-05-02,KGC,-0.026817161127894094,Sell
2024-05-02,GOLD,0.026990950696467134,Buy
2024-05-02,WMB,-0.05338477239075409,Sell
2024-05-02,TRP,-0.0008031396781013056,Sell
2024-05-02,D,0.02661764465408516,Buy
2024-05-02,EW,-0.026852366966299175,Sell
2024-05-02,HUM,0.027185841930130038,Buy
2024-05-02,WSM,0.0011064445044911414,Buy
2024-05-02,NWSA,-0.00047526689374009085,Sell
2024-05-02,TRIP,-0.0005292119367437086,Sell
2024-05-02,LOW,0.02631578947368421,Buy
2024-05-02,MRVL,0.0014850852418830732,Buy
2024-05-02,PCG,0.000480087617830912,Buy
2024-05-02,DUK,0.026487087165661012,Buy
2024-05-02,NTES,-0.02631578947368421,Sell
2024-05-02,HMC,-0.02703736061628698,Sell
2024-05-02,CME,0.02631578947368421,Buy
2024-05-02,CP,-0.027295169772795294,Sell
2024-05-02,CLX,-0.0003042739441976791,Sell
2024-05-02,SYK,-0.00017581112218002098,Sell
2024-05-02,XLE,-0.0004499153418539986,Sell
2024-05-02,MT,-0.02631578947368421,Sell
2024-05-02,VZ,0.02631578947368421,Buy
2024-05-02,CAT,0.0006479346320056173,Buy
2024-05-02,MRK,0.02631578947368421,Buy
2024-05-03,MET,-0.0001287421906592985,Sell
2024-05-03,MNST,-0.02631578947368421,Sell
2024-05-03,BAX,0.02631578947368421,Buy
2024-05-03,A,-0.026709193718951148,Sell
2024-05-03,CF,-0.026417979678225494,Sell
2024-05-03,HP,-0.026785141943176306,Sell
2024-05-03,WEN,0.02636598098539074,Buy
2024-05-03,DAL,0.00029214676887882526,Buy
2024-05-03,AA,0.0006320333560497701,Buy
2024-05-03,BUD,-0.02631578947368421,Sell
2024-05-03,NSC,0.02631578947368421,Buy
2024-05-03,ICE,-0.027163813971743073,Sell
2024-05-03,RRC,-0.02688153013323928,Sell
2024-05-03,CAG,0.02631578947368421,Buy
2024-05-03,QCOM,0.026272255100300724,Buy
2024-05-03,STI,0.0522235272637002,Buy
2024-05-03,HAS,0.0001529012189199902,Buy
2024-05-03,TRV,0.02631578947368421,Buy
2024-05-03,DPZ,0.00010748278082441803,Buy
2024-05-03,VTR,0.00034857490266335805,Buy
2024-05-03,BDX,0.02631578947368421,Buy
2024-05-03,MU,0.0005794664875736558,Buy
2024-05-03,EBAY,-0.00016240187151440183,Sell
2024-05-03,EOG,0.052299601927507974,Buy
2024-05-03,QQQ,-0.0005531235479663346,Sell
2024-05-03,EWI,-8.804076807102448e-05,Sell
2024-05-03,HTZ,-0.02631578947368421,Sell
2024-05-03,CCL,0.052618891906459075,Buy
2024-05-03,TSM,-0.02631578947368421,Sell
2024-05-03,ALK,0.02632719611970285,Buy
2024-05-03,ILMN,0.02631578947368421,Buy
2024-05-03,GOLD,-0.02631578947368421,Sell
2024-05-03,WMB,0.026428377389904743,Buy
2024-05-03,TRP,-0.02721486647287049,Sell
2024-05-03,PVH,-0.02631578947368421,Sell
2024-05-03,WSM,0.001146761865946793,Buy
2024-05-03,NWSA,-0.026855346201247226,Sell
2024-05-03,TRIP,0.0007302297549378056,Buy
2024-05-03,LOW,-0.026632093355608875,Sell
2024-05-03,MRVL,0.0007506777698667762,Buy
2024-05-03,PCG,8.38452777056943e-05,Buy
2024-05-03,NTES,0.0011071359459250314,Buy
2024-05-03,CME,-4.532585441459347e-05,Sell
2024-05-03,CLX,0.0002478155710545632,Buy
2024-05-03,SYK,-0.00017050475108679186,Sell
2024-05-03,BSX,-0.02631578947368421,Sell
2024-05-03,XLE,-2.6590709659535944e-05,Sell
2024-05-03,ZUMZ,-0.02631578947368421,Sell
2024-05-03,MT,0.0264910846281683,Buy
2024-05-03,VZ,-0.026312468448753804,Sell
2024-05-03,CAT,0.00012660404603470968,Buy
2024-05-03,MRK,0.00013027703294048523,Buy
2024-05-06,MET,-0.026927664969042784,Sell
2024-05-06,MNST,0.02609272526665815,Buy
2024-05-06,BAX,0.00012034201122387497,Buy
2024-05-06,DAL,0.0008608571000922952,Buy
2024-05-06,AA,0.0005482056830249452,Buy
2024-05-06,BUD,0.026414896194662644,Buy
2024-05-06,SPWR,-0.02631578947368421,Sell
2024-05-06,NSC,0.00041852559379002355,Buy
2024-05-06,RRC,-0.02631578947368421,Sell
2024-05-06,CAG,0.00019380097353319595,Buy
2024-05-06,JNJ,0.02631578947368421,Buy
2024-05-06,STI,6.826656924771579e-05,Buy
2024-05-06,HAS,-9.309417431909925e-05,Sell
2024-05-06,TRV,-0.00040726487117149004,Sell
2024-05-06,DPZ,0.0005665650709737978,Buy
2024-05-06,VTR,0.00029937797926197357,Buy
2024-05-06,BDX,-0.00036658951569659357,Sell
2024-05-06,MU,0.0014053230687677658,Buy
2024-05-06,EBAY,-8.366640288946098e-06,Sell
2024-05-06,EOG,-0.026561729095720216,Sell
2024-05-06,QQQ,-0.00044221648008872794,Sell
2024-05-06,EWI,-0.026768862646575662,Sell
2024-05-06,HTZ,0.05447914967913541,Buy
2024-05-06,ORCL,-0.02631578947368421,Sell
2024-05-06,CCL,-0.026761368112850348,Sell
2024-05-06,TSM,0.026705551416330457,Buy
2024-05-06,ALK,-0.02631578947368421,Sell
2024-05-06,MAR,0.02631578947368421,Buy
2024-05-06,ILMN,-0.00038796348345923257,Sell
2024-05-06,KGC,-0.02631578947368421,Sell
2024-05-06,GOLD,4.9812689608977334e-05,Buy
2024-05-06,ULTA,-0.02631578947368421,Sell
2024-05-06,PVH,0.00046556107299843344,Buy
2024-05-06,EW,0.02631578947368421,Buy
2024-05-06,NTAP,-0.02631578947368421,Sell
2024-05-06,WSM,0.000464153885681811,Buy
2024-05-06,TRIP,0.00014532497980431283,Buy
2024-05-06,LOW,0.02631578947368421,Buy
2024-05-06,MRVL,0.000658402545758302,Buy
2024-05-06,PCG,0.0266187361785813,Buy
2024-05-06,NTES,0.026170060363501224,Buy
2024-05-06,CME,-0.00019691200517626267,Sell
2024-05-06,CLX,-0.0003533611513341327,Sell
2024-05-06,SYK,8.5422315323571e-05,Buy
2024-05-06,BSX,0.026359095044430854,Buy
2024-05-06,XLE,-0.026676816713408928,Sell
2024-05-06,ZUMZ,0.0008609910189422802,Buy
2024-05-06,CAT,0.0005728019945116861,Buy
2024-05-06,MRK,-0.02648054625436573,Sell
2024-05-06,BMY,0.02631578947368421,Buy
2024-05-07,BAX,0.00043975824259935223,Buy
2024-05-07,DAL,0.02579469471588163,Buy
2024-05-07,AA,1.4839755617595402e-05,Buy
2024-05-07,BUD,-0.02631578947368421,Sell
2024-05-07,SPWR,0.04765388815601081,Buy
2024-05-07,NSC,-4.959067053659366e-05,Sell
2024-05-07,RRC,2.972634064833321e-05,Buy
2024-05-07,CAG,-0.0529303849730025,Sell
2024-05-07,JNJ,0.00013571748046823165,Buy
2024-05-07,STI,0.0008197446583755631,Buy
2024-05-07,HAS,-5.301344107681849e-05,Sell
2024-05-07,TRV,3.195636945698202e-05,Buy
2024-05-07,DPZ,-0.00041822646119167237,Sell
2024-05-07,VTR,0.02619989651836035,Buy
2024-05-07,BDX,9.734921893046408e-05,Buy
2024-05-07,MU,-0.00036066997056996217,Sell
2024-05-07,EBAY,-0.00020510951114708492,Sell
2024-05-07,EOG,-0.02631578947368421,Sell
2024-05-07,QQQ,0.00015620333966391564,Buy
2024-05-07,HTZ,-0.025241253547570907,Sell
2024-05-07,ORCL,0.026064807483364722,Buy
2024-05-07,CCL,-0.02631578947368421,Sell
2024-05-07,ALK,0.025749822142264622,Buy
2024-05-07,MAR,0.0002520344438388354,Buy
2024-05-07,KEY,0.02631578947368421,Buy
2024-05-07,ILMN,0.0015145196555525868,Buy
2024-05-07,KGC,-8.286750855804673e-05,Sell
2024-05-07,GOLD,0.025634352601156797,Buy
2024-05-07,D,-0.02631578947368421,Sell
2024-05-07,ULTA,0.026075279820967058,Buy
2024-05-07,PVH,0.025931681292086783,Buy
2024-05-07,EW,-0.02638596435868303,Sell
2024-05-07,HUM,-0.02631578947368421,Sell
2024-05-07,NTAP,0.026012476761330484,Buy
2024-05-07,WSM,-0.0007262481195593473,Sell
2024-05-07,NWSA,0.02631578947368421,Buy
2024-05-07,TRIP,0.000180878717590479,Buy
2024-05-07,LOW,0.0001874573564237883,Buy
2024-05-07,MRVL,0.025728367138351985,Buy
2024-05-07,NTES,0.02631578947368421,Buy
2024-05-07,RF,0.02631578947368421,Buy
2024-05-07,HMC,0.02631578947368421,Buy
2024-05-07,CME,-0.052513967619606666,Sell
2024-05-07,CLX,-0.026510343854932485,Sell
2024-05-07,PRGO,-0.02631578947368421,Sell
2024-05-07,SYK,-0.00037318965403221674,Sell
2024-05-07,BSX,-0.02631578947368421,Sell
2024-05-07,ZUMZ,2.7374461824547502e-06,Buy
2024-05-07,CAT,6.136134278260721e-05,Buy
2024-05-07,MRK,-0.02631578947368421,Sell
2024-05-07,BMY,-0.02623883894949044,Sell
2024-05-08,CNC,-0.02631578947368421,Sell
2024-05-08,AMTD,-0.02631578947368421,Sell
2024-05-08,BAX,-7.575854249567554e-05,Sell
2024-05-08,CF,0.02631578947368421,Buy
2024-05-08,DAL,-0.02631578947368421,Sell
2024-05-08,AA,0.026004641271095464,Buy
2024-05-08,BUD,0.0014142607400724483,Buy
2024-05-08,SPWR,0.0010175687554674628,Buy
2024-05-08,NSC,-0.05295981857963204,Sell
2024-05-08,RRC,0.026344030737229296,Buy
2024-05-08,CAG,0.026760172619722015,Buy
2024-05-08,JNJ,-0.02670592701567255,Sell
2024-05-08,STI,-0.0014982447504572616,Sell
2024-05-08,NDAQ,0.02631578947368421,Buy
2024-05-08,HAS,0.00041866514396757953,Buy
2024-05-08,TRV,-0.026710166163480827,Sell
2024-05-08,DPZ,0.00032003515175601724,Buy
2024-05-08,DHI,0.02631578947368421,Buy
2024-05-08,BDX,5.249963483090064e-05,Buy
2024-05-08,MU,0.00037350654667104785,Buy
2024-05-08,EBAY,-0.00014653958598900493,Sell
2024-05-08,WFC,-0.02631578947368421,Sell
2024-05-08,EOG,0.026576675433736322,Buy
2024-05-08,QQQ,-0.00033315977610146735,Sell
2024-05-08,DLTR,0.02631578947368421,Buy
2024-05-08,CCL,0.000688823593329585,Buy
2024-05-08,ALK,-0.02631578947368421,Sell
2024-05-08,MAR,-0.0002765916759156356,Sell
2024-05-08,KEY,-0.0005096480842823672,Sell
2024-05-08,ILMN,0.00017106071863973518,Buy
2024-05-08,KGC,0.0016486574609915206,Buy
2024-05-08,GOLD,0.02631578947368421,Buy
2024-05-08,D,0.00036425235024308,Buy
2024-05-08,EW,0.02631578947368421,Buy
2024-05-08,HUM,0.026624452474908022,Buy
2024-05-08,NTAP,-0.02631578947368421,Sell
2024-05-08,WSM,0.0006406371739121723,Buy
2024-05-08,NWSA,-0.026358953726001933,Sell
2024-05-08,TRIP,-0.04532013982967019,Sell
2024-05-08,LOW,-0.0004191765392325339,Sell
2024-05-08,NTES,-0.026582170433962396,Sell
2024-05-08,RF,-0.026786823447571235,Sell
2024-05-08,CME,0.027112647870075307,Buy
2024-05-08,PRGO,0.02751372606914957,Buy
2024-05-08,SYK,-0.00011930358918760611,Sell
2024-05-08,CSIQ,-0.02631578947368421,Sell
2024-05-08,BSX,0.026406871439019708,Buy
2024-05-08,XLE,0.02631578947368421,Buy
2024-05-08,ZUMZ,0.0005892620688107281,Buy
2024-05-08,CAT,0.0003102587977874584,Buy
2024-05-08,MRK,0.02649494560975454,Buy
2024-05-09,CNC,0.0006605767540040844,Buy
2024-05-09,AMTD,0.026351027649697507,Buy
2024-05-09,BAX,-0.00018266229829716138,Sell
2024-05-09,CF,-0.026725156836936537,Sell
2024-05-09,NVDA,0.02631578947368421,Buy
2024-05-09,DAL,0.00027213515156149226,Buy
2024-05-09,BUD,0.026560197402780008,Buy
2024-05-09,SPWR,0.0009264772410554241,Buy
2024-05-09,NSC,0.052007309030258256,Buy
2024-05-09,STI,0.0010536472640568471,Buy
2024-05-09,NDAQ,-0.00015399431827992777,Sell
2024-05-09,HAS,0.026222109022015088,Buy
2024-05-09,TRV,0.02631578947368421,Buy
2024-05-09,DPZ,6.533320246459792e-05,Buy
2024-05-09,DHI,-0.02666494022372627,Sell
2024-05-09,BDX,-0.00019543422034900074,Sell
2024-05-09,MU,-0.0002982300260071201,Sell
2024-05-09,EBAY,-0.0003799362842041125,Sell
2024-05-09,WFC,0.00020837099996985284,Buy
2024-05-09,EOG,-0.02631578947368421,Sell
2024-05-09,QQQ,-9.272246204060017e-05,Sell
2024-05-09,SIRI,0.02631578947368421,Buy
2024-05-09,HTZ,-0.02631578947368421,Sell
2024-05-09,ORCL,0.02631578947368421,Buy
2024-05-09,DLTR,-0.02647884938028215,Sell
2024-05-09,CCL,0.026830138502886847,Buy
2024-05-09,MS,-0.02631578947368421,Sell
2024-05-09,ALK,0.00038220231094000107,Buy
2024-05-09,MAR,-0.00028043763710442274,Sell
2024-05-09,KEY,-0.00014049858783580366,Sell
2024-05-09,ILMN,-0.02652492360248561,Sell
2024-05-09,KGC,0.0016311439119735746,Buy
2024-05-09,GOLD,-0.05453866854323382,Sell
2024-05-09,D,0.026699679482816253,Buy
2024-05-09,ULTA,0.02631578947368421,Buy
2024-05-09,PVH,-0.02631578947368421,Sell
2024-05-09,EW,-0.02707259240838145,Sell
2024-05-09,HUM,-0.02631578947368421,Sell
2024-05-09,NTAP,0.026038128468617965,Buy
2024-05-09,WSM,0.0012044955849393815,Buy
2024-05-09,TRIP,0.00025289479102139426,Buy
2024-05-09,LOW,-0.02681203014669679,Sell
2024-05-09,RF,0.02631578947368421,Buy
2024-05-09,HMC,-8.190396549736384e-05,Sell
2024-05-09,OHI,0.02631578947368421,Buy
2024-05-09,SYK,-0.0001616746553921855,Sell
2024-05-09,CSIQ,0.025871918523365567,Buy
2024-05-09,BSX,-0.02631578947368421,Sell
2024-05-09,XLE,-0.026704823022950644,Sell
2024-05-09,ZUMZ,0.0007856027905925184,Buy
2024-05-09,CAT,0.0005920883799109718,Buy
2024-05-09,BMY,-0.02631578947368421,Sell
2024-05-10,CNC,0.026370651392473198,Buy
2024-05-10,AMTD,-0.02631578947368421,Sell
2024-05-10,BAX,0.00018297700899554473,Buy
2024-05-10,A,-0.02631578947368421,Sell
2024-05-10,HP,0.02631578947368421,Buy
2024-05-10,HOG,-0.02631578947368421,Sell
2024-05-10,NVDA,-0.02665865627983368,Sell
2024-05-10,WEN,0.02631578947368421,Buy
2024-05-10,DAL,-6.74490485505462e-05,Sell
2024-05-10,HYG,0.02631578947368421,Buy
2024-05-10,BUD,-0.02631578947368421,Sell
2024-05-10,SPWR,0.0028243363631488203,Buy
2024-05-10,NSC,-0.0004679664672549537,Sell
2024-05-10,ICE,0.02631578947368421,Buy
2024-05-10,RRC,0.02631578947368421,Buy
2024-05-10,CAG,-0.02631578947368421,Sell
2024-05-10,STI,0.0010137558941945117,Buy
2024-05-10,NDAQ,-0.026533144322548694,Sell
2024-05-10,TRV,0.00010296568029660377,Buy
2024-05-10,DPZ,7.813881456329025e-05,Buy
2024-05-10,BDX,-0.026398246099437788,Sell
2024-05-10,MU,0.0007737911070528174,Buy
2024-05-10,EBAY,-0.026668311288156242,Sell
2024-05-10,WFC,0.0002694287521671189,Buy
2024-05-10,EOG,0.026230450893077625,Buy
2024-05-10,QQQ,-6.94796958054314e-05,Sell
2024-05-10,SIRI,-0.026065118754247642,Sell
2024-05-10,HTZ,0.02621596920677462,Buy
2024-05-10,ORCL,-1.4170840582597433e-05,Sell
2024-05-10,CCL,-0.02631578947368421,Sell
2024-05-10,MS,0.02636880248528035,Buy
2024-05-10,ALK,0.02626317411518976,Buy
2024-05-10,MAR,-0.02664677801908043,Sell
2024-05-10,KEY,-0.026323191885388387,Sell
2024-05-10,KGC,0.00021715172871341476,Buy
2024-05-10,GOLD,0.050255334567439844,Buy
2024-05-10,ULTA,-0.026649684057301625,Sell
2024-05-10,PVH,0.026006128227259746,Buy
2024-05-10,HUM,7.897354562899292e-05,Buy
2024-05-10,WSM,-0.00020007216158979962,Sell
2024-05-10,NWSA,0.02631578947368421,Buy
2024-05-10,TRIP,-0.00017948961197740768,Sell
2024-05-10,RF,-0.026389731784472067,Sell
2024-05-10,HMC,0.0001166905475061264,Buy
2024-05-10,CME,0.02631578947368421,Buy
2024-05-10,PRGO,-0.02631578947368421,Sell
2024-05-10,OHI,4.395978299679207e-05,Buy
2024-05-10,SYK,-0.05261670488302746,Sell
2024-05-10,CSIQ,0.02631578947368421,Buy
2024-05-10,BSX,0.026177545401398647,Buy
2024-05-10,XLE,0.02631578947368421,Buy
2024-05-10,ENB,-0.02631578947368421,Sell
2024-05-10,ZUMZ,-0.0005642190144110951,Sell
2024-05-10,CAT,0.02654842590790615,Buy
2024-05-10,BMY,0.00012507322734505583,Buy
2024-05-13,MNST,0.02631578947368421,Buy
2024-05-13,AMTD,0.026344452734586476,Buy
2024-05-13,BAX,0.00016325211063313028,Buy
2024-05-13,A,0.025992629444226468,Buy
2024-05-13,HP,-1.506252040529496e-05,Sell
2024-05-13,HOG,0.0004007799456902175,Buy
2024-05-13,WEN,0.0008587268841566825,Buy
2024-05-13,DAL,0.00027454523792836555,Buy
2024-05-13,AA,-0.02631578947368421,Sell
2024-05-13,HYG,-0.026337604757137086,Sell
2024-05-13,BUD,0.00023380594420476658,Buy
2024-05-13,SPWR,-0.0510053274615182,Sell
2024-05-13,NSC,-0.00010759708862751599,Sell
2024-05-13,ICE,2.0485553905900955e-05,Buy
2024-05-13,CAG,0.026192126052494148,Buy
2024-05-13,GREK,0.02631578947368421,Buy
2024-05-13,STI,-0.0020369847698169345,Sell
2024-05-13,HAS,-0.02631578947368421,Sell
2024-05-13,TRV,0.00020282677865917156,Buy
2024-05-13,DPZ,-0.00039851614663882415,Sell
2024-05-13,DHI,0.02631578947368421,Buy
2024-05-13,MU,0.00041109864685549835,Buy
2024-05-13,WFC,0.02607628589817669,Buy
2024-05-13,QQQ,-8.944754699870966e-05,Sell
2024-05-13,ORCL,3.907411749199535e-05,Buy
2024-05-13,CCL,0.00026600129125421354,Buy
2024-05-13,ALK,-0.02631578947368421,Sell
2024-05-13,MAR,0.02631578947368421,Buy
2024-05-13,XRT,-0.02631578947368421,Sell
2024-05-13,KGC,2.8663260902266757e-05,Buy
2024-05-13,GOLD,-0.02631609756768182,Sell
2024-05-13,ULTA,-0.02631578947368421,Sell
2024-05-13,EW,0.02631578947368421,Buy
2024-05-13,HUM,0.0003418874278551323,Buy
2024-05-13,WSM,1.9783075333318356e-06,Buy
2024-05-13,NWSA,-0.00048124472002321686,Sell
2024-05-13,TRIP,0.027011032709031962,Buy
2024-05-13,HMC,-3.646093312779583e-05,Sell
2024-05-13,CME,-0.0002131731473819544,Sell
2024-05-13,PRGO,0.026421657797320877,Buy
2024-05-13,OHI,-0.026387372257290338,Sell
2024-05-13,SYK,-0.00045107627447806,Sell
2024-05-13,CSIQ,-0.026948528789046314,Sell
2024-05-13,XLE,4.152824230487656e-05,Buy
2024-05-13,ENB,4.957068790734098e-05,Buy
2024-05-13,ZUMZ,0.00018947655493734006,Buy
2024-05-13,MT,-0.02631578947368421,Sell
2024-05-13,BMY,0.026414799267745603,Buy
2024-05-14,MNST,-0.00010375259737747597,Sell
2024-05-14,AMTD,-0.02631578947368421,Sell
2024-05-14,BAX,-7.783334438113063e-05,Sell
2024-05-14,HP,-0.026741477096693684,Sell
2024-05-14,HOG,0.02721479500812587,Buy
2024-05-14,WEN,-0.0006103684845167982,Sell
2024-05-14,DAL,0.00025519346547366734,Buy
2024-05-14,AA,0.026317882303507796,Buy
2024-05-14,BUD,0.0006138089017446134,Buy
2024-05-14,SPWR,0.059437629140782516,Buy
2024-05-14,NSC,-0.00010066159277594133,Sell
2024-05-14,ICE,-0.026664893491103455,Sell
2024-05-14,RRC,-0.05362932507206318,Sell
2024-05-14,GREK,-0.026529588366985737,Sell
2024-05-14,QCOM,-0.02631578947368421,Sell
2024-05-14,STI,0.0002221264153631948,Buy
2024-05-14,NDAQ,0.02631578947368421,Buy
2024-05-14,HAS,0.0007467670585187755,Buy
2024-05-14,TRV,-0.0003438863521163134,Sell
2024-05-14,DPZ,0.0002445802220835021,Buy
2024-05-14,DHI,-0.026741914347138476,Sell
2024-05-14,BDX,0.02631578947368421,Buy
2024-05-14,MU,0.0006106257316349228,Buy
2024-05-14,WFC,-0.02631578947368421,Sell
2024-05-14,QQQ,-0.026706617315875095,Sell
2024-05-14,ORCL,-0.027562062143227206,Sell
2024-05-14,DLTR,0.02631578947368421,Buy
2024-05-14,CCL,0.0001472379694050091,Buy
2024-05-14,ALK,0.026481489562487144,Buy
2024-05-14,MAR,-3.802192780249375e-05,Sell
2024-05-14,XRT,0.0009748382956072214,Buy
2024-05-14,KGC,0.0009543332809826451,Buy
2024-05-14,GOLD,-0.02631578947368421,Sell
2024-05-14,WMB,-0.02631578947368421,Sell
2024-05-14,KO,0.02631578947368421,Buy
2024-05-14,ULTA,7.036708786629237e-05,Buy
2024-05-14,PVH,-0.02631578947368421,Sell
2024-05-14,EW,-0.02708732514060629,Sell
2024-05-14,HUM,0.0006046003778988895,Buy
2024-05-14,WSM,0.00034877619542666993,Buy
2024-05-14,NWSA,-0.0003347879334287436,Sell
2024-05-14,LOW,0.02631578947368421,Buy
2024-05-14,HMC,-8.103097272931653e-06,Sell
2024-05-14,CME,-0.0003313829317783297,Sell
2024-05-14,CLX,0.02631578947368421,Buy
2024-05-14,SYK,0.00019887892091332085,Buy
2024-05-14,XLE,-0.00025416135599348397,Sell
2024-05-14,ENB,0.02641452935253209,Buy
2024-05-14,ZUMZ,0.027092116159538143,Buy
2024-05-14,MT,0.02680417815161262,Buy
2024-05-14,MRK,0.02631578947368421,Buy
2024-05-15,MNST,0.0002937822742046653,Buy
2024-05-15,AMTD,0.0003864852958167103,Buy
2024-05-15,BAX,3.7718790836586275e-05,Buy
2024-05-15,VWO,0.02631578947368421,Buy
2024-05-15,HP,0.02631578947368421,Buy
2024-05-15,WEN,0.0004732592140017783,Buy
2024-05-15,DAL,0.026235666036955773,Buy
2024-05-15,BUD,0.026280432766438728,Buy
2024-05-15,SPWR,-0.03600022192380839,Sell
2024-05-15,NSC,1.723598594366091e-05,Buy
2024-05-15,RRC,0.02630886830659836,Buy
2024-05-15,CAG,0.02631578947368421,Buy
2024-05-15,QCOM,0.0006014470934489966,Buy
2024-05-15,STI,0.0023936542029319337,Buy
2024-05-15,KMB,0.02631578947368421,Buy
2024-05-15,NDAQ,-0.026543853339942077,Sell
2024-05-15,HAS,0.025435167241331606,Buy
2024-05-15,TRV,0.0005678356043173523,Buy
2024-05-15,DPZ,0.00017806895776128692,Buy
2024-05-15,VTR,-0.02631578947368421,Sell
2024-05-15,DHI,-0.02631578947368421,Sell
2024-05-15,BDX,-0.026391843445918866,Sell
2024-05-15,MU,0.00044960310950230287,Buy
2024-05-15,EBAY,0.02631578947368421,Buy
2024-05-15,WFC,1.1404791240322842e-05,Buy
2024-05-15,EWI,0.02631578947368421,Buy
2024-05-15,DLTR,0.00019622933196647083,Buy
2024-05-15,CCL,0.00043338331313755654,Buy
2024-05-15,MS,-0.02631578947368421,Sell
2024-05-15,MAR,0.0001642386575702072,Buy
2024-05-15,XRT,0.025807392236778085,Buy
2024-05-15,KGC,-1.1096098739862142e-05,Sell
2024-05-15,GOLD,0.050811158564051086,Buy
2024-05-15,WMB,0.026208382096592247,Buy
2024-05-15,KO,-0.026149574633488583,Sell
2024-05-15,D,-0.02631578947368421,Sell
2024-05-15,ULTA,-6.60705922654152e-05,Sell
2024-05-15,PVH,0.026197824811585228,Buy
2024-05-15,EW,-0.02631578947368421,Sell
2024-05-15,HUM,2.241453193437687e-05,Buy
2024-05-15,WSM,7.600856087063707e-05,Buy
2024-05-15,NWSA,-0.02656646413835268,Sell
2024-05-15,BX,-0.02631578947368421,Sell
2024-05-15,LOW,-0.02664503668447411,Sell
2024-05-15,MRVL,-0.02631578947368421,Sell
2024-05-15,PCG,-0.02631578947368421,Sell
2024-05-15,HMC,-0.02638666737392743,Sell
2024-05-15,CME,0.0004935776638353359,Buy
2024-05-15,CLX,0.00020505441753258455,Buy
2024-05-15,SYK,0.0004411389576112791,Buy
2024-05-15,XLE,0.00012005889042705428,Buy
2024-05-15,CAT,0.02631578947368421,Buy
2024-05-15,MRK,-0.02676081172702187,Sell
2024-05-16,MNST,0.00017721920480659806,Buy
2024-05-16,PPG,0.02631578947368421,Buy
2024-05-16,AMTD,0.02593369191146066,Buy
2024-05-16,BAX,0.00029707988610969127,Buy
2024-05-16,VWO,4.376013283850094e-06,Buy
2024-05-16,CF,-0.02631578947368421,Sell
2024-05-16,HP,-0.026300536166074914,Sell
2024-05-16,WEN,-0.026467194522331244,Sell
2024-05-16,DAL,0.02631578947368421,Buy
2024-05-16,BUD,-0.02631578947368421,Sell
2024-05-16,SPWR,-0.02631578947368421,Sell
2024-05-16,NSC,-3.0086771415822194e-05,Sell
2024-05-16,CAG,-0.053017977937213905,Sell
2024-05-16,QCOM,0.026030582733899316,Buy
2024-05-16,STI,-0.0003806578120958276,Sell
2024-05-16,KMB,-0.026320504755647813,Sell
2024-05-16,TRV,-0.026806565775129583,Sell
2024-05-16,DPZ,-0.0003264983109247596,Sell
2024-05-16,VTR,0.02621105733512949,Buy
2024-05-16,DHI,0.02511158171815479,Buy
2024-05-16,BBT,-0.02631578947368421,Sell
2024-05-16,BDX,0.02631578947368421,Buy
2024-05-16,MU,-8.83238590999591e-05,Sell
2024-05-16,EBAY,-3.527288577808915e-05,Sell
2024-05-16,WFC,0.051988666576133456,Buy
2024-05-16,EOG,0.02631578947368421,Buy
2024-05-16,EWI,-0.026144379162721495,Sell
2024-05-16,DLTR,-0.026762636810336027,Sell
2024-05-16,CCL,-3.4178988104285185e-05,Sell
2024-05-16,MS,0.025965949757024563,Buy
2024-05-16,MAR,-0.02653980665172376,Sell
2024-05-16,XRT,0.02631578947368421,Buy
2024-05-16,KGC,-0.00013812164845308436,Sell
2024-05-16,GOLD,-0.026063484794824225,Sell
2024-05-16,D,-6.53344258332092e-05,Sell
2024-05-16,ULTA,-0.00025871958888232585,Sell
2024-05-16,PVH,-0.02631578947368421,Sell
2024-05-16,EW,0.02619652059152567,Buy
2024-05-16,HUM,0.0005023207305554639,Buy
2024-05-16,WSM,0.025623387963431832,Buy
2024-05-16,BX,0.025526386385570626,Buy
2024-05-16,LOW,0.02631578947368421,Buy
2024-05-16,MRVL,0.0009900393905608526,Buy
2024-05-16,PCG,9.567914470479805e-05,Buy
2024-05-16,DUK,-0.02631578947368421,Sell
2024-05-16,NTES,-0.02631578947368421,Sell
2024-05-16,RF,0.02631578947368421,Buy
2024-05-16,HMC,0.02631578947368421,Buy
2024-05-16,CME,-0.02677363708828683,Sell
2024-05-16,CLX,0.0003774240048741509,Buy
2024-05-16,SYK,0.026368171548860245,Buy
2024-05-16,CSIQ,-0.02631578947368421,Sell
2024-05-16,XLE,0.0001773008893354265,Buy
2024-05-16,COF,0.02631578947368421,Buy
2024-05-16,ZUMZ,-0.02631578947368421,Sell
2024-05-16,CAT,0.0007832371930793988,Buy
2024-05-17,MNST,-0.00013616729949186487,Sell
2024-05-17,CNC,-0.02631578947368421,Sell
2024-05-17,PPG,-5.969027685807232e-05,Sell
2024-05-17,BAX,-0.02650231995871813,Sell
2024-05-17,VWO,-0.026632027330863384,Sell
2024-05-17,CF,0.026065996802685596,Buy
2024-05-17,WEN,0.02631578947368421,Buy
2024-05-17,DAL,-0.026537857645286357,Sell
2024-05-17,AA,-0.02631578947368421,Sell
2024-05-17,BUD,0.0005043073321057412,Buy
2024-05-17,SPWR,0.0580464060082688,Buy
2024-05-17,NSC,-3.5878043158805994e-06,Sell
2024-05-17,RRC,-0.02631578947368421,Sell
2024-05-17,CAG,0.0262203358366095,Buy
2024-05-17,STI,0.0007149521021244769,Buy
2024-05-17,HAS,-0.02631578947368421,Sell
2024-05-17,DPZ,0.0001124824864816229,Buy
2024-05-17,VTR,-0.02631578947368421,Sell
2024-05-17,BBT,0.00020552399401814123,Buy
2024-05-17,BDX,-9.062775019122796e-05,Sell
2024-05-17,MU,0.02590460982900642,Buy
2024-05-17,EBAY,0.0004857448034152126,Buy
2024-05-17,WFC,-0.02645084068246789,Sell
2024-05-17,EOG,-0.02685973040061931,Sell
2024-05-17,ANF,-0.02631578947368421,Sell
2024-05-17,DLTR,0.02631578947368421,Buy
2024-05-17,CCL,0.026619645929249997,Buy
2024-05-17,MS,-0.02631578947368421,Sell
2024-05-17,MAR,0.02631578947368421,Buy
2024-05-17,XRT,8.091774505243621e-05,Buy
2024-05-17,KGC,0.0006660251825176995,Buy
2024-05-17,WMB,-0.02631578947368421,Sell
2024-05-17,TRP,-0.02631578947368421,Sell
2024-05-17,KO,0.02631578947368421,Buy
2024-05-17,D,0.00022561306109316476,Buy
2024-05-17,ULTA,2.8806898989489765e-05,Buy
2024-05-17,PVH,0.02591960756768759,Buy
2024-05-17,HUM,0.00020157661494510024,Buy
2024-05-17,NWSA,-0.02631578947368421,Sell
2024-05-17,BX,0.02631578947368421,Buy
2024-05-17,LOW,4.531411308468514e-06,Buy
2024-05-17,MRVL,0.026022461429131987,Buy
2024-05-17,PCG,0.00034137156628483503,Buy
2024-05-17,DUK,0.0003963635385571228,Buy
2024-05-17,NTES,0.02663501749200562,Buy
2024-05-17,RF,-0.026547421365834635,Sell
2024-05-17,HMC,-0.0004647736874596013,Sell
2024-05-17,CLX,0.00013423100404074892,Buy
2024-05-17,OHI,0.02631578947368421,Buy
2024-05-17,CSIQ,0.0259482420896696,Buy
2024-05-17,XLE,-0.026812054318958747,Sell
2024-05-17,COF,-0.0265846568373569,Sell
2024-05-17,ZUMZ,0.026227086347463055,Buy
2024-05-17,VZ,0.02631578947368421,Buy
2024-05-17,CAT,-0.0005448303528348963,Sell
2024-05-20,MNST,0.00010620226534851021,Buy
2024-05-20,CNC,0.02630269518766023,Buy
2024-05-20,PPG,-2.1142806962203692e-05,Sell
2024-05-20,WEN,0.00027874121743876046,Buy
2024-05-20,DAL,-0.02631578947368421,Sell
2024-05-20,AA,0.0010606667077065826,Buy
2024-05-20,BUD,0.02604483916119071,Buy
2024-05-20,SPWR,-0.024578212780831943,Sell
2024-05-20,NSC,-2.269710012089282e-05,Sell
2024-05-20,RRC,0.0009027050879825659,Buy
2024-05-20,GREK,-0.02631578947368421,Sell
2024-05-20,STI,-0.0001530558300523316,Sell
2024-05-20,HAS,0.0010114388524735465,Buy
2024-05-20,TRV,0.02631578947368421,Buy
2024-05-20,DPZ,0.026626205915727518,Buy
2024-05-20,VTR,5.564458899449953e-05,Buy
2024-05-20,BBT,-0.00027567933276789747,Sell
2024-05-20,BDX,-0.02656182071888584,Sell
2024-05-20,MU,-0.02631578947368421,Sell
2024-05-20,EBAY,-2.9659943539431938e-05,Sell
2024-05-20,WFC,0.02631578947368421,Buy
2024-05-20,ANF,0.0011446176611979025,Buy
2024-05-20,DLTR,0.0007111119829877784,Buy
2024-05-20,CCL,-0.02631578947368421,Sell
2024-05-20,MS,0.00018210720455419382,Buy
2024-05-20,ALK,-0.02631578947368421,Sell
2024-05-20,MAR,-0.02675833112735116,Sell
2024-05-20,XRT,-0.02636077771214895,Sell
2024-05-20,KEY,0.02631578947368421,Buy
2024-05-20,KGC,0.0006824381062408152,Buy
2024-05-20,WMB,0.02657787811280292,Buy
2024-05-20,TRP,0.0002550935537118555,Buy
2024-05-20,KO,4.011693636406938e-05,Buy
2024-05-20,D,0.0002915783649622937,Buy
2024-05-20,ULTA,0.02560368598559208,Buy
2024-05-20,HUM,0.026396024953103232,Buy
2024-05-20,WSM,-0.02631578947368421,Sell
2024-05-20,NWSA,0.026599728605059665,Buy
2024-05-20,BX,-0.02646884530373654,Sell
2024-05-20,LOW,6.913254821950404e-05,Buy
2024-05-20,MRVL,-0.02631578947368421,Sell
2024-05-20,PCG,0.00022420554212862834,Buy
2024-05-20,DUK,0.026410249849137757,Buy
2024-05-20,HMC,-0.02696254790380073,Sell
2024-05-20,CME,0.02631578947368421,Buy
2024-05-20,CLX,1.1297048189869152e-06,Buy
2024-05-20,OHI,-0.026667600044022754,Sell
2024-05-20,SYK,0.02631578947368421,Buy
2024-05-20,BSX,-0.02631578947368421,Sell
2024-05-20,XLE,0.02631578947368421,Buy
2024-05-20,COF,0.02631578947368421,Buy
2024-05-20,VZ,-0.00019269606532435618,Sell
2024-05-20,CAT,-0.0006344819874748615,Sell
2024-05-21,MNST,8.298861841938773e-05,Buy
2024-05-21,CNC,-0.02631578947368421,Sell
2024-05-21,PPG,-0.0263232130426911,Sell
2024-05-21,AMTD,-0.02631578947368421,Sell
2024-05-21,BAX,0.02631578947368421,Buy
2024-05-21,WEN,0.0003485904218411863,Buy
2024-05-21,DAL,0.02595343740090749,Buy
2024-05-21,AA,0.0009811207784357623,Buy
2024-05-21,BUD,-0.02631578947368421,Sell
2024-05-21,NSC,0.0006271760866659211,Buy
2024-05-21,RRC,0.025456774926109902,Buy
2024-05-21,GREK,-3.944284068334303e-05,Sell
2024-05-21,STI,-0.000633399419312914,Sell
2024-05-21,HAS,0.00018495393288081238,Buy
2024-05-21,TRV,-0.02641046865984541,Sell
2024-05-21,VTR,-0.00017923003268461093,Sell
2024-05-21,BBT,7.233590199130432e-05,Buy
2024-05-21,BDX,0.02631578947368421,Buy
2024-05-21,MU,0.02602491515632872,Buy
2024-05-21,EBAY,-0.026808991463283943,Sell
2024-05-21,WFC,-0.0529765571066481,Sell
2024-05-21,EOG,0.02631578947368421,Buy
2024-05-21,ANF,0.026258371613038,Buy
2024-05-21,DLTR,-0.0002983773426612907,Sell
2024-05-21,CCL,0.0001953160409151125,Buy
2024-05-21,MS,0.00033023025579452525,Buy
2024-05-21,ALK,0.02624709788325773,Buy
2024-05-21,MAR,0.02631578947368421,Buy
2024-05-21,KEY,-0.00017089905496966637,Sell
2024-05-21,KGC,0.0002089106449645814,Buy
2024-05-21,TRP,8.270907105022152e-05,Buy
2024-05-21,KO,-0.026474168042029986,Sell
2024-05-21,D,9.364114785673922e-05,Buy
2024-05-21,WSM,0.026148103373681782,Buy
2024-05-21,LOW,0.00047990612432752267,Buy
2024-05-21,MRVL,0.025917398708880535,Buy
2024-05-21,PCG,0.00039649768055909085,Buy
2024-05-21,DUK,-0.02631578947368421,Sell
2024-05-21,NTES,0.02631578947368421,Buy
2024-05-21,CME,9.936494842304258e-05,Buy
2024-05-21,CLX,7.648596977789454e-05,Buy
2024-05-21,OHI,-0.02631578947368421,Sell
2024-05-21,SYK,-7.75845706272385e-05,Sell
2024-05-21,CSIQ,0.02631578947368421,Buy
2024-05-21,BSX,0.00012361315419324656,Buy
2024-05-21,XLE,0.00011309045286278518,Buy
2024-05-21,COF,2.215055180347994e-05,Buy
2024-05-21,ZUMZ,-0.02631578947368421,Sell
2024-05-21,VZ,-0.026002933145681553,Sell
2024-05-21,CAT,0.00025181999060273214,Buy
2024-05-22,MNST,0.00035195262887327897,Buy
2024-05-22,CNC,0.026110734362189258,Buy
2024-05-22,AMTD,7.327896876852327e-05,Buy
2024-05-22,BAX,-0.026024981631854276,Sell
2024-05-22,HOG,-0.02631578947368421,Sell
2024-05-22,WEN,-0.026144642361138053,Sell
2024-05-22,DAL,0.02631578947368421,Buy
2024-05-22,AA,0.024952288264482567,Buy
2024-05-22,BUD,0.025687017952303152,Buy
2024-05-22,NSC,-0.02678721019694993,Sell
2024-05-22,GREK,0.05165526342806538,Buy
2024-05-22,QCOM,-0.02631578947368421,Sell
2024-05-22,STI,-0.05193762391827385,Sell
2024-05-22,HAS,0.02520259441629028,Buy
2024-05-22,DPZ,-0.02631578947368421,Sell
2024-05-22,VTR,-0.00016107831980539597,Sell
2024-05-22,BBT,-0.0003843017979520587,Sell
2024-05-22,BDX,-0.026055179184380297,Sell
2024-05-22,MU,-0.02631578947368421,Sell
2024-05-22,WFC,0.02587566941569568,Buy
2024-05-22,EOG,0.0007921311704040188,Buy
2024-05-22,EWI,0.02631578947368421,Buy
2024-05-22,SIRI,0.02631578947368421,Buy
2024-05-22,DLTR,-0.025889119482563342,Sell
2024-05-22,CCL,-0.0011011824836862569,Sell
2024-05-22,TSM,-0.02631578947368421,Sell
2024-05-22,MS,-0.0004181291372499646,Sell
2024-05-22,MAR,0.00044726122028079796,Buy
2024-05-22,XRT,0.02631578947368421,Buy
2024-05-22,KEY,0.0007091167164061489,Buy
2024-05-22,KGC,0.051495700908260666,Buy
2024-05-22,GOLD,-0.02631578947368421,Sell
2024-05-22,WMB,0.02631578947368421,Buy
2024-05-22,TRP,0.025880799807795236,Buy
2024-05-22,D,0.0258878386579335,Buy
2024-05-22,PVH,0.02631578947368421,Buy
2024-05-22,RL,0.02631578947368421,Buy
2024-05-22,NTAP,-0.02631578947368421,Sell
2024-05-22,WSM,0.02631578947368421,Buy
2024-05-22,LOW,-0.051983571080897524,Sell
2024-05-22,MRVL,-0.02631578947368421,Sell
2024-05-22,PCG,0.02583863737155893,Buy
2024-05-22,DUK,0.025865698218794562,Buy
2024-05-22,NTES,-0.025958236803046535,Sell
2024-05-22,CME,-0.026240957268137542,Sell
2024-05-22,CLX,-0.026038583385236565,Sell
2024-05-22,PRGO,-0.02631578947368421,Sell
2024-05-22,OHI,-5.0471797032693166e-05,Sell
2024-05-22,SYK,-0.02648849619325858,Sell
2024-05-22,CSIQ,-0.029991952525947777,Sell
2024-05-22,BSX,-0.0003185192395849454,Sell
2024-05-22,XLE,0.0007154802377683581,Buy
2024-05-22,COF,0.00039905916959697904,Buy
2024-05-22,ENB,0.02631578947368421,Buy
2024-05-22,ZUMZ,0.051564501388929644,Buy
2024-05-22,MT,-0.02631578947368421,Sell
2024-05-22,CAT,0.00044256406422913536,Buy
2024-05-23,MNST,-0.025977029093946037,Sell
2024-05-23,PPG,0.02631578947368421,Buy
2024-05-23,AMTD,-0.0008501104739235821,Sell
2024-05-23,HOG,-0.00045015847901090644,Sell
2024-05-23,NVDA,-0.02631578947368421,Sell
2024-05-23,DAL,-0.02601097944994349,Sell
2024-05-23,SPWR,-0.02631578947368421,Sell
2024-05-23,NSC,0.02631578947368421,Buy
2024-05-23,RRC,0.02631578947368421,Buy
2024-05-23,GREK,-0.026254018418557432,Sell
2024-05-23,QCOM,-0.00026284100551181994,Sell
2024-05-23,STI,0.025224441593787065,Buy
2024-05-23,KMB,0.02631578947368421,Buy
2024-05-23,HAS,-0.02631578947368421,Sell
2024-05-23,DPZ,-0.0006128848738650369,Sell
2024-05-23,VTR,0.025512029787358732,Buy
2024-05-23,BBT,0.025633881317006654,Buy
2024-05-23,BDX,0.02631578947368421,Buy
2024-05-23,MU,-0.0001138320481847907,Sell
2024-05-23,EBAY,-0.02631578947368421,Sell
2024-05-23,WFC,0.02631578947368421,Buy
2024-05-23,EOG,0.0005316903784988308,Buy
2024-05-23,EWI,-0.026094938351856438,Sell
2024-05-23,SIRI,-0.025548928035344115,Sell
2024-05-23,ANF,-0.02631578947368421,Sell
2024-05-23,HTZ,-0.02631578947368421,Sell
2024-05-23,CCL,-0.0015684682868236828,Sell
2024-05-23,TSM,4.598538593935872e-05,Buy
2024-05-23,MS,0.025730622493133706,Buy
2024-05-23,ALK,0.02631578947368421,Buy
2024-05-23,MAR,0.0004978158124472158,Buy
2024-05-23,XRT,-0.025992680977363857,Sell
2024-05-23,KEY,-0.025210266899687056,Sell
2024-05-23,KGC,-0.026038815722797756,Sell
2024-05-23,GOLD,-0.0006795234046955492,Sell
2024-05-23,WMB,0.0005043066260634228,Buy
2024-05-23,KO,0.02631578947368421,Buy
2024-05-23,D,0.02631578947368421,Buy
2024-05-23,PVH,-0.02641362815346876,Sell
2024-05-23,RL,-0.05337679895675969,Sell
2024-05-23,NTAP,-0.00012783383719902966,Sell
2024-05-23,WSM,-0.0003216493828149536,Sell
2024-05-23,LOW,0.052087294615592306,Buy
2024-05-23,MRVL,0.0003648071198123458,Buy
2024-05-23,PCG,0.02631578947368421,Buy
2024-05-23,PRGO,-0.0011927982980913729,Sell
2024-05-23,OHI,0.025711474030104892,Buy
2024-05-23,BSX,0.02585983447433418,Buy
2024-05-23,XLE,0.0003508103328504243,Buy
2024-05-23,COF,0.0004763537154221231,Buy
2024-05-23,ENB,0.0005698444572191513,Buy
2024-05-23,ZUMZ,-0.025938748459875132,Sell
2024-05-23,MT,-0.0003858798756587768,Sell
2024-05-23,CAT,0.0004975210040083708,Buy
2024-05-24,MNST,0.02631578947368421,Buy
2024-05-24,CNC,0.02631578947368421,Buy
2024-05-24,PPG,-0.00033604460175989254,Sell
2024-05-24,AMTD,0.02718388441613816,Buy
2024-05-24,BAX,0.02631578947368421,Buy
2024-05-24,HOG,0.02660849636641736,Buy
2024-05-24,NVDA,0.027254184973623485,Buy
2024-05-24,DAL,-0.02631578947368421,Sell
2024-05-24,SPWR,0.003435928606970739,Buy
2024-05-24,NSC,-0.026636465685330898,Sell
2024-05-24,RRC,-0.0001366408584517649,Sell
2024-05-24,CAG,0.02631578947368421,Buy
2024-05-24,QCOM,0.0013875011392136677,Buy
2024-05-24,JNJ,0.02631578947368421,Buy
2024-05-24,STI,-0.02631578947368421,Sell
2024-05-24,KMB,-0.0002750871998905488,Sell
2024-05-24,HAS,0.00039141148748795054,Buy
2024-05-24,DPZ,0.0002565112363704866,Buy
2024-05-24,BBT,0.02631578947368421,Buy
2024-05-24,BDX,-7.49825896308419e-05,Sell
2024-05-24,MU,0.0009325066058419873,Buy
2024-05-24,EBAY,0.0010599482265436673,Buy
2024-05-24,WFC,-0.02680668351214938,Sell
2024-05-24,EOG,-9.211533966106342e-05,Sell
2024-05-24,ANF,0.0010363091810707027,Buy
2024-05-24,HTZ,0.0002549259419330832,Buy
2024-05-24,CCL,0.0008841394238794133,Buy
2024-05-24,TSM,0.0007471340908395963,Buy
2024-05-24,ALK,-0.026790309548936807,Sell
2024-05-24,MAR,-0.0270893958551475,Sell
2024-05-24,GOLD,0.026307637621418797,Buy
2024-05-24,WMB,-0.000268179768118184,Sell
2024-05-24,KO,-0.00021640879550797673,Sell
2024-05-24,D,-0.026697146783430548,Sell
2024-05-24,RL,0.02717868904159802,Buy
2024-05-24,NTAP,0.0006347049034463662,Buy
2024-05-24,WSM,-0.026874185128263634,Sell
2024-05-24,NWSA,-0.02631578947368421,Sell
2024-05-24,LOW,-0.02629337703511206,Sell
2024-05-24,MRVL,0.0008428717693395871,Buy
2024-05-24,PCG,-0.02668636542512671,Sell
2024-05-24,NTES,0.02631578947368421,Buy
2024-05-24,PRGO,0.02634393547986094,Buy
2024-05-24,CSIQ,-0.02631578947368421,Sell
2024-05-24,BSX,-0.02631578947368421,Sell
2024-05-24,XLE,-0.0002927916900116283,Sell
2024-05-24,COF,-0.0002800446165228468,Sell
2024-05-24,ENB,-0.0004543730052389769,Sell
2024-05-24,ZUMZ,-0.02631578947368421,Sell
2024-05-24,MT,0.000494209369590836,Buy
2024-05-24,CAT,-0.026434334496410708,Sell
2024-05-24,MRK,0.02631578947368421,Buy
2024-05-24,BMY,0.02631578947368421,Buy
2024-05-28,MNST,-0.02593796639253819,Sell
2024-05-28,CNC,-0.025787940404281937,Sell
2024-05-28,PPG,0.00021703401023011326,Buy
2024-05-28,AMTD,-0.02631578947368421,Sell
2024-05-28,BAX,-0.02642622589229361,Sell
2024-05-28,XLP,0.02631578947368421,Buy
2024-05-28,NVDA,-0.02631578947368421,Sell
2024-05-28,DAL,0.05198464385000193,Buy
2024-05-28,AA,-0.02631578947368421,Sell
2024-05-28,BUD,0.02631578947368421,Buy
2024-05-28,SPWR,0.05361329212500224,Buy
2024-05-28,ICE,0.02631578947368421,Buy
2024-05-28,RRC,-0.053587289032647895,Sell
2024-05-28,CAG,0.0003312386233893898,Buy
2024-05-28,QCOM,0.0004916765966299086,Buy
2024-05-28,JNJ,0.00031691437171283907,Buy
2024-05-28,STI,-0.00203773874755854,Sell
2024-05-28,KMB,0.00041016546703881787,Buy
2024-05-28,NDAQ,0.02631578947368421,Buy
2024-05-28,HAS,0.0006250264348257074,Buy
2024-05-28,TRV,0.02631578947368421,Buy
2024-05-28,DPZ,0.0005141776909972882,Buy
2024-05-28,BBT,-0.026063015078230067,Sell
2024-05-28,BDX,8.071834714941037e-05,Buy
2024-05-28,MU,0.0007994011316311972,Buy
2024-05-28,EBAY,0.025730791395030844,Buy
2024-05-28,WFC,0.02631578947368421,Buy
2024-05-28,EOG,-0.027019168966010507,Sell
2024-05-28,EWI,-0.02631578947368421,Sell
2024-05-28,ANF,0.0005407157263791137,Buy
2024-05-28,HTZ,0.02580086063047062,Buy
2024-05-28,CCL,0.001059051445144999,Buy
2024-05-28,TSM,0.026367675076167597,Buy
2024-05-28,ALK,0.02631578947368421,Buy
2024-05-28,MAR,-0.02631578947368421,Sell
2024-05-28,WMB,-0.0268213844255567,Sell
2024-05-28,KO,-7.26382567735745e-05,Sell
2024-05-28,ULTA,-0.02631578947368421,Sell
2024-05-28,RL,-0.02631578947368421,Sell
2024-05-28,NTAP,0.0006848662724640193,Buy
2024-05-28,NWSA,0.026356392384974052,Buy
2024-05-28,MRVL,0.0007189560574650707,Buy
2024-05-28,PCG,0.02631578947368421,Buy
2024-05-28,NTES,-0.026672937830560635,Sell
2024-05-28,CME,0.02631578947368421,Buy
2024-05-28,CSIQ,0.0014145691364209553,Buy
2024-05-28,BSX,0.026304294673504845,Buy
2024-05-28,XLE,-0.026737531353177874,Sell
2024-05-28,COF,4.2827265937992604e-05,Buy
2024-05-28,ENB,-0.026370322058541795,Sell
2024-05-28,ZUMZ,0.0009261722837935887,Buy
2024-05-28,MT,0.026485803436707638,Buy
2024-05-28,MRK,0.0005454244187677697,Buy
2024-05-28,BMY,-0.025983962111836956,Sell
2024-05-29,PPG,0.00029952820467171737,Buy
2024-05-29,AMTD,-0.00018254192051223028,Sell
2024-05-29,VWO,0.02631578947368421,Buy
2024-05-29,A,0.02631578947368421,Buy
2024-05-29,XLP,-0.026326914075792202,Sell
2024-05-29,NVDA,0.00041688822270454645,Buy
2024-05-29,DAL,-0.026317150663156923,Sell
2024-05-29,AA,0.0006498694864136949,Buy
2024-05-29,BUD,-0.02600399209425217,Sell
2024-05-29,SPWR,0.0006066912539691889,Buy
2024-05-29,ICE,0.00014140291174193076,Buy
2024-05-29,RRC,0.02598534280545303,Buy
2024-05-29,CAG,0.0002531226280703333,Buy
2024-05-29,GREK,0.02631578947368421,Buy
2024-05-29,QCOM,-0.0003980731565709425,Sell
2024-05-29,JNJ,-0.00021279227879827944,Sell
2024-05-29,STI,-0.0006343691017083805,Sell
2024-05-29,KMB,1.4983040820468196e-06,Buy
2024-05-29,NDAQ,-0.02636338474334241,Sell
2024-05-29,HAS,0.02586481765405015,Buy
2024-05-29,TRV,-0.026479747614778188,Sell
2024-05-29,DPZ,0.0002502152506224202,Buy
2024-05-29,VTR,-0.02631578947368421,Sell
2024-05-29,MU,-1.6095802895313427e-05,Sell
2024-05-29,WFC,0.00012368074069595003,Buy
2024-05-29,EOG,0.02631578947368421,Buy
2024-05-29,EWI,0.026025985556063804,Buy
2024-05-29,ANF,0.006650623105718012,Buy
2024-05-29,HTZ,-0.02631578947368421,Sell
2024-05-29,CCL,-0.0005268276154970913,Sell
2024-05-29,ALK,0.0004907104972106183,Buy
2024-05-29,MAR,-0.0004415169811092974,Sell
2024-05-29,WMB,0.02631578947368421,Buy
2024-05-29,TRP,0.02631578947368421,Buy
2024-05-29,KO,-0.02646608637516046,Sell
2024-05-29,ULTA,3.477704705035639e-06,Buy
2024-05-29,RL,0.0005192465692415195,Buy
2024-05-29,NTAP,8.717041427526093e-05,Buy
2024-05-29,MRVL,0.02565428543279468,Buy
2024-05-29,PCG,-2.712186945217493e-05,Sell
2024-05-29,CME,-0.026185616942594494,Sell
2024-05-29,CSIQ,0.0008414190351330245,Buy
2024-05-29,COF,-1.349370739816072e-05,Sell
2024-05-29,ENB,0.02631578947368421,Buy
2024-05-29,ZUMZ,0.0003557774040698035,Buy
2024-05-29,MT,-0.02631578947368421,Sell
2024-05-29,CAT,-0.02631578947368421,Sell
2024-05-29,MRK,-0.00016181361737961295,Sell
2024-05-30,MNST,0.02631578947368421,Buy
2024-05-30,CNC,0.02631578947368421,Buy
2024-05-30,PPG,-0.02668793647054616,Sell
2024-05-30,AMTD,0.00011955725099470002,Buy
2024-05-30,BAX,0.02631578947368421,Buy
2024-05-30,VWO,8.333206638228702e-05,Buy
2024-05-30,A,0.0025749521942689327,Buy
2024-05-30,HOG,-0.02631578947368421,Sell
2024-05-30,NVDA,0.025290861398662684,Buy
2024-05-30,WEN,0.02631578947368421,Buy
2024-05-30,AA,0.00032988866160134356,Buy
2024-05-30,BUD,0.02631578947368421,Buy
2024-05-30,SPWR,-0.02859478259173795,Sell
2024-05-30,ICE,-0.026537687279456632,Sell
2024-05-30,CAG,8.899642283609344e-05,Buy
2024-05-30,GREK,-0.00011257329522253862,Sell
2024-05-30,QCOM,-0.00036574449856303926,Sell
2024-05-30,JNJ,-0.00011780043883181934,Sell
2024-05-30,STI,0.0010650893255833085,Buy
2024-05-30,KMB,-0.026590396776864776,Sell
2024-05-30,NDAQ,0.02631578947368421,Buy
2024-05-30,DPZ,-8.193045884804032e-05,Sell
2024-05-30,VTR,0.0008463498056756752,Buy
2024-05-30,BDX,-0.02648042851395333,Sell
2024-05-30,MU,0.051539963974925135,Buy
2024-05-30,WFC,-0.02648652607735496,Sell
2024-05-30,EOG,-3.609834030190995e-05,Sell
2024-05-30,QQQ,0.02631578947368421,Buy
2024-05-30,ANF,-0.0015581948020568816,Sell
2024-05-30,HTZ,0.02704336604386235,Buy
2024-05-30,ORCL,0.02631578947368421,Buy
2024-05-30,CCL,-6.956986050545705e-05,Sell
2024-05-30,ALK,-0.02662340530243081,Sell
2024-05-30,MAR,0.02633827393060978,Buy
2024-05-30,KEY,0.02631578947368421,Buy
2024-05-30,WMB,-0.026634663406418038,Sell
2024-05-30,TRP,-0.00016771608633148194,Sell
2024-05-30,D,-0.02631578947368421,Sell
2024-05-30,ULTA,0.0004721265833096365,Buy
2024-05-30,RL,0.0002543968247691285,Buy
2024-05-30,NTAP,0.026057088958368488,Buy
2024-05-30,MRVL,-0.02631578947368421,Sell
2024-05-30,PCG,-0.02654210851548191,Sell
2024-05-30,PRGO,-0.02631578947368421,Sell
2024-05-30,OHI,-0.02631578947368421,Sell
2024-05-30,CSIQ,0.026442232050163897,Buy
2024-05-30,XLE,0.02631578947368421,Buy
2024-05-30,COF,-0.02638343620102288,Sell
2024-05-30,ENB,-0.02633967878288966,Sell
2024-05-30,ZUMZ,-0.00017298988448775227,Sell
2024-05-30,MT,0.0009204360653431339,Buy
2024-05-30,VZ,-0.02631578947368421,Sell
2024-05-30,CAT,5.357548009235144e-05,Buy
2024-05-30,MRK,0.0003210159133645307,Buy
2024-05-31,MNST,-0.00017072788368159217,Sell
2024-05-31,CNC,-0.027136536559323462,Sell
2024-05-31,AMTD,0.026277199401075833,Buy
2024-05-31,BAX,-0.0005731563804195067,Sell
2024-05-31,VWO,0.00039875780301635785,Buy
2024-05-31,A,0.0003770518480293271,Buy
2024-05-31,HOG,0.026682495383355938,Buy
2024-05-31,WEN,-0.00026559330794316896,Sell
2024-05-31,DAL,-0.02631578947368421,Sell
2024-05-31,AA,0.02598116946421019,Buy
2024-05-31,BUD,-0.02644996192780494,Sell
2024-05-31,SPWR,0.02631578947368421,Buy
2024-05-31,ICE,0.02631578947368421,Buy
2024-05-31,CAG,-0.02678504211204569,Sell
2024-05-31,GREK,0.00018251781710084194,Buy
2024-05-31,QCOM,-0.0002718958560028531,Sell
2024-05-31,JNJ,-0.026389722874874275,Sell
2024-05-31,STI,0.02438920209643011,Buy
2024-05-31,KMB,-0.02631578947368421,Sell
2024-05-31,NDAQ,0.00018501899013407055,Buy
2024-05-31,DPZ,-0.00020286531938026875,Sell
2024-05-31,VTR,0.0004959943358948359,Buy
2024-05-31,MU,0.00044317454927786035,Buy
2024-05-31,EOG,-0.02663141091917389,Sell
2024-05-31,QQQ,0.00022479423512421215,Buy
2024-05-31,ANF,-0.0009963715253108116,Sell
2024-05-31,HTZ,-0.02631578947368421,Sell
2024-05-31,ORCL,0.00015384122296161276,Buy
2024-05-31,CCL,0.02593325896047528,Buy
2024-05-31,TSM,0.02631578947368421,Buy
2024-05-31,KEY,-0.026849635868388427,Sell
2024-05-31,GOLD,0.02631578947368421,Buy
2024-05-31,TRP,-0.026608865421824508,Sell
2024-05-31,KO,-0.02631578947368421,Sell
2024-05-31,D,0.00036214051845513337,Buy
2024-05-31,ULTA,0.0004685458998709355,Buy
2024-05-31,PVH,-0.02631578947368421,Sell
2024-05-31,EW,0.02631578947368421,Buy
2024-05-31,RL,0.02634261044218488,Buy
2024-05-31,NTAP,-0.02631578947368421,Sell
2024-05-31,NWSA,-0.02631578947368421,Sell
2024-05-31,MRVL,0.023404908817972397,Buy
2024-05-31,PCG,-0.02631578947368421,Sell
2024-05-31,DUK,-0.02631578947368421,Sell
2024-05-31,CME,0.02631578947368421,Buy
2024-05-31,PRGO,4.985653727395539e-05,Buy
2024-05-31,OHI,0.0004785664425305605,Buy
2024-05-31,BSX,-0.02631578947368421,Sell
2024-05-31,XLE,-0.02678923495881088,Sell
2024-05-31,ENB,-0.02631578947368421,Sell
2024-05-31,ZUMZ,0.025905125263834202,Buy
2024-05-31,MT,0.026693856457899227,Buy
2024-05-31,VZ,0.026671099053572605,Buy
2024-05-31,CAT,0.05239916844780358,Buy
2024-05-31,MRK,-3.58405119313121e-05,Sell
2024-05-31,BMY,0.02631578947368421,Buy
2024-06-03,MNST,9.620885043797045e-05,Buy
2024-06-03,BAX,8.874740882709731e-05,Buy
2024-06-03,VWO,-0.026496599008148318,Sell
2024-06-03,A,-0.00011810533887112243,Sell
2024-06-03,HOG,-0.02631578947368421,Sell
2024-06-03,NVDA,-0.02631578947368421,Sell
2024-06-03,WEN,-0.00011723163789516267,Sell
2024-06-03,DAL,0.02611647046495379,Buy
2024-06-03,HYG,-0.02631578947368421,Sell
2024-06-03,SPWR,-0.0002187745804675366,Sell
2024-06-03,NSC,0.02631578947368421,Buy
2024-06-03,ICE,-0.02618575560731192,Sell
2024-06-03,GREK,-0.026292091226247784,Sell
2024-06-03,QCOM,0.00015809261025635096,Buy
2024-06-03,KMB,0.00023187261205259713,Buy
2024-06-03,NDAQ,0.0002099316534036194,Buy
2024-06-03,HAS,0.02631578947368421,Buy
2024-06-03,TRV,0.02631578947368421,Buy
2024-06-03,DPZ,0.00066176302805512,Buy
2024-06-03,VTR,-0.00020110765516770726,Sell
2024-06-03,MU,-0.05321584111355135,Sell
2024-06-03,EBAY,0.02631578947368421,Buy
2024-06-03,WFC,0.02631578947368421,Buy
2024-06-03,EOG,0.02631578947368421,Buy
2024-06-03,QQQ,-0.02637560447054962,Sell
2024-06-03,EWI,-0.02631578947368421,Sell
2024-06-03,ANF,0.00034236078851157883,Buy
2024-06-03,HTZ,-0.0014649934324579526,Sell
2024-06-03,ORCL,-0.026702616921167346,Sell
2024-06-03,TSM,-0.026913878209288727,Sell
2024-06-03,MAR,0.02631578947368421,Buy
2024-06-03,KEY,0.02631578947368421,Buy
2024-06-03,GOLD,0.00069646810757161,Buy
2024-06-03,KO,-8.1050719360206e-05,Sell
2024-06-03,D,0.026113098073705578,Buy
2024-06-03,ULTA,-0.00042501223662983617,Sell
2024-06-03,PVH,0.0004589073624416927,Buy
2024-06-03,EW,-0.02652761168326033,Sell
2024-06-03,HUM,-0.02631578947368421,Sell
2024-06-03,NTAP,0.025914510166534312,Buy
2024-06-03,NWSA,1.5436937746100138e-05,Buy
2024-06-03,LOW,0.02631578947368421,Buy
2024-06-03,PCG,0.052126017192968555,Buy
2024-06-03,DUK,0.026194211493657506,Buy
2024-06-03,CME,-0.026075762042736095,Sell
2024-06-03,PRGO,2.377251238447342e-05,Buy
2024-06-03,OHI,0.026218508272088378,Buy
2024-06-03,BSX,-0.00010535168156759062,Sell
2024-06-03,XLE,0.02631578947368421,Buy
2024-06-03,M,0.02631578947368421,Buy
2024-06-03,ENB,0.026127157271145642,Buy
2024-06-03,CAT,-0.0519956396854711,Sell
2024-06-03,MRK,-0.026836585354052128,Sell
2024-06-03,BMY,-0.026668898412165777,Sell
2024-06-04,MNST,-0.00021296258120722875,Sell
2024-06-04,AMTD,-0.02631578947368421,Sell
2024-06-04,BAX,0.0005432115390592747,Buy
2024-06-04,VWO,0.02631578947368421,Buy
2024-06-04,A,4.992927998991731e-05,Buy
2024-06-04,HOG,0.02498390111411841,Buy
2024-06-04,XLP,-0.02631578947368421,Sell
2024-06-04,NVDA,0.000390058061977807,Buy
2024-06-04,WEN,1.5627630182039193e-05,Buy
2024-06-04,DAL,0.02631578947368421,Buy
2024-06-04,HYG,0.02636255925799338,Buy
2024-06-04,SPWR,0.0029198975704268527,Buy
2024-06-04,NSC,-0.05244689855202166,Sell
2024-06-04,RRC,0.02631578947368421,Buy
2024-06-04,GREK,0.02631578947368421,Buy
2024-06-04,QCOM,-0.00013679897852198614,Sell
2024-06-04,KMB,0.0005493224057785406,Buy
2024-06-04,NDAQ,-0.02668608935784938,Sell
2024-06-04,HAS,0.0004700233434072852,Buy
2024-06-04,TRV,2.7308734272261243e-05,Buy
2024-06-04,DPZ,-4.0397576083726905e-05,Sell
2024-06-04,VTR,4.465626195087127e-05,Buy
2024-06-04,MU,0.02606140219220653,Buy
2024-06-04,EBAY,-0.02644513971007037,Sell
2024-06-04,WFC,0.00022400370733965946,Buy
2024-06-04,EOG,-9.574170953712685e-05,Sell
2024-06-04,EWI,0.026132725079942253,Buy
2024-06-04,ANF,-0.0008419644272202424,Sell
2024-06-04,HTZ,-0.001152966322549017,Sell
2024-06-04,CCL,-0.02631578947368421,Sell
2024-06-04,MAR,-0.02662225516298944,Sell
2024-06-04,KEY,-0.025909253257028975,Sell
2024-06-04,KGC,0.02631578947368421,Buy
2024-06-04,GOLD,0.0012316421052548307,Buy
2024-06-04,KO,0.00048379704157523046,Buy
2024-06-04,ULTA,0.026342435611195064,Buy
2024-06-04,PVH,0.02568067145995697,Buy
2024-06-04,HUM,0.026135092751600593,Buy
2024-06-04,NTAP,-0.02631578947368421,Sell
2024-06-04,NWSA,2.475060524687739e-06,Buy
2024-06-04,LOW,-0.026351917569797823,Sell
2024-06-04,PCG,-0.026491943928601276,Sell
2024-06-04,DUK,-0.02631578947368421,Sell
2024-06-04,PRGO,-0.00039758357303027597,Sell
2024-06-04,OHI,-0.02631578947368421,Sell
2024-06-04,CSIQ,0.02631578947368421,Buy
2024-06-04,BSX,0.0002071978785256022,Buy
2024-06-04,XLE,0.00019236828573320972,Buy
2024-06-04,M,-0.02556295568397218,Sell
2024-06-04,COF,0.02631578947368421,Buy
2024-06-04,ENB,0.02631578947368421,Buy
2024-06-04,ZUMZ,-0.02631578947368421,Sell
2024-06-04,CAT,0.026074575603069545,Buy
2024-06-05,MET,0.02631578947368421,Buy
2024-06-05,MNST,5.194292258134392e-05,Buy
2024-06-05,AMTD,-0.0005689996287775584,Sell
2024-06-05,BAX,4.3055530576964485e-05,Buy
2024-06-05,VWO,-0.02669830877077595,Sell
2024-06-05,A,-0.026905733157624404,Sell
2024-06-05,XLP,0.02630234497708997,Buy
2024-06-05,NVDA,0.0014030226910678803,Buy
2024-06-05,WEN,0.000596670895342568,Buy
2024-06-05,DAL,-0.053183127513899746,Sell
2024-06-05,SPWR,0.002642330967557175,Buy
2024-06-05,NSC,0.02654885263431774,Buy
2024-06-05,RRC,-0.027024718319852814,Sell
2024-06-05,GREK,-0.05310410690703855,Sell
2024-06-05,QCOM,0.0010152465507948585,Buy
2024-06-05,JNJ,0.02631578947368421,Buy
2024-06-05,KMB,0.02625428393534896,Buy
2024-06-05,HAS,-0.02685500281578979,Sell
2024-06-05,TRV,0.0001106359879186232,Buy
2024-06-05,DPZ,-0.00015229575352508282,Sell
2024-06-05,VTR,0.026238553352732317,Buy
2024-06-05,BDX,0.02631578947368421,Buy
2024-06-05,MU,-0.02631578947368421,Sell
2024-06-05,EBAY,0.02631578947368421,Buy
2024-06-05,WFC,-3.503546117730738e-05,Sell
2024-06-05,EOG,-0.00015623844119070154,Sell
2024-06-05,SIRI,0.02631578947368421,Buy
2024-06-05,ANF,0.0005179226110334396,Buy
2024-06-05,HTZ,0.00024472945671435986,Buy
2024-06-05,DLTR,0.02631578947368421,Buy
2024-06-05,CCL,5.958116986348391e-05,Buy
2024-06-05,TSM,-0.02631578947368421,Sell
2024-06-05,ALK,0.02631578947368421,Buy
2024-06-05,ILMN,-0.02631578947368421,Sell
2024-06-05,KGC,-0.02708153141884031,Sell
2024-06-05,GOLD,-0.00022730339087468493,Sell
2024-06-05,WMB,-0.02631578947368421,Sell
2024-06-05,TRP,-0.02631578947368421,Sell
2024-06-05,KO,0.02635156343065484,Buy
2024-06-05,D,0.02631578947368421,Buy
2024-06-05,PVH,-0.02631578947368421,Sell
2024-06-05,NTAP,0.0007661453360260015,Buy
2024-06-05,NWSA,0.026998718174186524,Buy
2024-06-05,MRVL,-0.02631578947368421,Sell
2024-06-05,DUK,0.026006996841311882,Buy
2024-06-05,NTES,-0.02631578947368421,Sell
2024-06-05,CME,0.02631578947368421,Buy
2024-06-05,PRGO,0.025622200842718056,Buy
2024-06-05,OHI,0.026311620250025328,Buy
2024-06-05,CSIQ,-0.026697755883225947,Sell
2024-06-05,BSX,0.026349394183284115,Buy
2024-06-05,XLE,-4.1091630898607706e-05,Sell
2024-06-05,COF,-0.00024003280062849172,Sell
2024-06-05,ENB,-0.026542710118404235,Sell
2024-06-05,ZUMZ,0.00022249715884364515,Buy
2024-06-06,MET,0.0001983550606946237,Buy
2024-06-06,MNST,-0.00013673359503644025,Sell
2024-06-06,PPG,0.02631578947368421,Buy
2024-06-06,AMTD,0.0005342007899831053,Buy
2024-06-06,BAX,-1.2499860199848e-05,Sell
2024-06-06,NVDA,-0.0003990820170747568,Sell
2024-06-06,WEN,-0.00018976989152016607,Sell
2024-06-06,DAL,0.026024313906390237,Buy
2024-06-06,BUD,-0.02631578947368421,Sell
2024-06-06,SPWR,-0.0008397672832219927,Sell
2024-06-06,CAG,0.02631578947368421,Buy
2024-06-06,GREK,0.00020851992905030967,Buy
2024-06-06,QCOM,-0.00039467916327285205,Sell
2024-06-06,JNJ,-0.026306418277454842,Sell
2024-06-06,NDAQ,0.02631578947368421,Buy
2024-06-06,TRV,-0.02638915846005601,Sell
2024-06-06,DPZ,-0.0002631595878760766,Sell
2024-06-06,DHI,0.02631578947368421,Buy
2024-06-06,BDX,-0.02665508101332206,Sell
2024-06-06,MU,0.025511630585835696,Buy
2024-06-06,EBAY,-0.026413567866186417,Sell
2024-06-06,WFC,0.0005147964063427247,Buy
2024-06-06,EOG,-0.026421757137340896,Sell
2024-06-06,EWI,-0.02631578947368421,Sell
2024-06-06,SIRI,-0.05274544583070981,Sell
2024-06-06,ANF,0.00036990535128581664,Buy
2024-06-06,HTZ,0.025036501504414076,Buy
2024-06-06,DLTR,0.0005510796071461072,Buy
2024-06-06,CCL,0.025714982963841376,Buy
2024-06-06,TSM,-0.00022704221539277328,Sell
2024-06-06,ALK,0.000387590374832561,Buy
2024-06-06,MAR,0.02631578947368421,Buy
2024-06-06,ILMN,0.0018572358194864254,Buy
2024-06-06,KGC,-0.02631578947368421,Sell
2024-06-06,GOLD,-0.02669863571421097,Sell
2024-06-06,WMB,0.026124656258817127,Buy
2024-06-06,TRP,0.00013381668598948238,Buy
2024-06-06,D,0.00021505423023060466,Buy
2024-06-06,ULTA,0.02631578947368421,Buy
2024-06-06,PVH,0.02570847661975059,Buy
2024-06-06,NTAP,-0.00025967824863697836,Sell
2024-06-06,MRVL,0.025586844751631897,Buy
2024-06-06,PCG,0.02631578947368421,Buy
2024-06-06,NTES,-2.1615011671076434e-05,Sell
2024-06-06,CME,-4.0585491731911366e-05,Sell
2024-06-06,PRGO,-0.02631578947368421,Sell
2024-06-06,CSIQ,-0.02631578947368421,Sell
2024-06-06,BSX,-0.02631578947368421,Sell
2024-06-06,XLE,-4.692018601887976e-05,Sell
2024-06-06,COF,-0.026397853839306165,Sell
2024-06-06,ZUMZ,-0.0001309216435694746,Sell
2024-06-06,BMY,0.02631578947368421,Buy
2024-06-07,MET,-0.026210347394398446,Sell
2024-06-07,MNST,-1.0735310157699435e-05,Sell
2024-06-07,PPG,0.0005525723033131674,Buy
2024-06-07,AMTD,0.025353371637863668,Buy
2024-06-07,BAX,0.00023501559216088097,Buy
2024-06-07,HOG,-0.02631578947368421,Sell
2024-06-07,NVDA,-0.0001330040331195166,Sell
2024-06-07,WEN,0.0006782223424934633,Buy
2024-06-07,AA,0.02631578947368421,Buy
2024-06-07,BUD,0.025755413703727078,Buy
2024-06-07,SPWR,-7.031768088025872e-05,Sell
2024-06-07,NSC,-0.02631578947368421,Sell
2024-06-07,ICE,0.02631578947368421,Buy
2024-06-07,CAG,-5.050823985053299e-05,Sell
2024-06-07,GREK,0.026062171708503536,Buy
2024-06-07,QCOM,-0.00046203873893452957,Sell
2024-06-07,STI,-0.02631578947368421,Sell
2024-06-07,NDAQ,0.0003214488288365465,Buy
2024-06-07,DPZ,-0.00011632531081524553,Sell
2024-06-07,VTR,-0.02631578947368421,Sell
2024-06-07,DHI,0.0007438260249357474,Buy
2024-06-07,BBT,0.02631578947368421,Buy
2024-06-07,MU,-0.02631578947368421,Sell
2024-06-07,WFC,-0.026492601981228922,Sell
2024-06-07,EWI,0.025890786537325516,Buy
2024-06-07,SIRI,-0.00041272984672581156,Sell
2024-06-07,ANF,-0.00018970865769326814,Sell
2024-06-07,HTZ,0.02631578947368421,Buy
2024-06-07,DLTR,0.00036105440390965526,Buy
2024-06-07,CCL,-0.02631578947368421,Sell
2024-06-07,TSM,0.00026596219369291393,Buy
2024-06-07,MS,-0.02631578947368421,Sell
2024-06-07,ALK,0.00026265752198472575,Buy
2024-06-07,MAR,-0.026101570669951703,Sell
2024-06-07,ILMN,0.02597360140900472,Buy
2024-06-07,KGC,0.05058724592977881,Buy
2024-06-07,GOLD,0.02631578947368421,Buy
2024-06-07,TRP,0.025703893018445,Buy
2024-06-07,D,0.0005253175749130867,Buy
2024-06-07,ULTA,0.00026374587141546335,Buy
2024-06-07,NTAP,-0.00021489438799205882,Sell
2024-06-07,NWSA,0.02631578947368421,Buy
2024-06-07,MRVL,-0.02631578947368421,Sell
2024-06-07,PCG,-0.02597635257093378,Sell
2024-06-07,NTES,0.026206610001657894,Buy
2024-06-07,CME,-0.026078419180878713,Sell
2024-06-07,PRGO,0.02614837162163401,Buy
2024-06-07,CSIQ,-0.0014531089592020804,Sell
2024-06-07,BSX,0.00023165719353000422,Buy
2024-06-07,XLE,-0.026102187314904303,Sell
2024-06-07,COF,-0.02631578947368421,Sell
2024-06-07,ZUMZ,0.02545979051582198,Buy
2024-06-07,BMY,-0.052907035886212116,Sell
2024-06-10,MNST,0.0007784400843706477,Buy
2024-06-10,PPG,-7.807097995990789e-05,Sell
2024-06-10,AMTD,-0.02631578947368421,Sell
2024-06-10,BAX,0.00014702743123945136,Buy
2024-06-10,HP,-0.02631578947368421,Sell
2024-06-10,HOG,0.026237731445654736,Buy
2024-06-10,NVDA,0.0002646538813084222,Buy
2024-06-10,WEN,0.00035952988872506655,Buy
2024-06-10,AA,-0.026544815850694875,Sell
2024-06-10,BUD,0.02631578947368421,Buy
2024-06-10,SPWR,0.00011168312043436518,Buy
2024-06-10,NSC,0.026506041268464783,Buy
2024-06-10,ICE,-0.02640133664467279,Sell
2024-06-10,RRC,-0.02631578947368421,Sell
2024-06-10,CAG,0.0003139295617607431,Buy
2024-06-10,QCOM,0.000416395827245529,Buy
2024-06-10,STI,-0.004935986735388812,Sell
2024-06-10,NDAQ,-0.02661698901768636,Sell
2024-06-10,DPZ,0.0007356721948573938,Buy
2024-06-10,VTR,0.00016864041295248933,Buy
2024-06-10,DHI,-0.02675990588308377,Sell
2024-06-10,BBT,0.0005780825426501823,Buy
2024-06-10,MU,0.0008495972213863404,Buy
2024-06-10,WFC,0.02631578947368421,Buy
2024-06-10,EWI,0.02631578947368421,Buy
2024-06-10,SIRI,0.026074404831073227,Buy
2024-06-10,ANF,0.0015647596626576395,Buy
2024-06-10,HTZ,-0.05216887443083236,Sell
2024-06-10,DLTR,0.00019298040482342363,Buy
2024-06-10,CCL,0.026115010214786,Buy
2024-06-10,TSM,0.0006728572070300795,Buy
2024-06-10,MS,0.02617988583812113,Buy
2024-06-10,ALK,-0.02677862569204286,Sell
2024-06-10,KGC,-0.0005312892623015493,Sell
2024-06-10,GOLD,-0.0002635665590285073,Sell
2024-06-10,TRP,0.02631578947368421,Buy
2024-06-10,KO,0.02631578947368421,Buy
2024-06-10,D,-7.805517134425177e-05,Sell
2024-06-10,ULTA,-0.026376002112497347,Sell
2024-06-10,EW,0.02631578947368421,Buy
2024-06-10,RL,-0.02631578947368421,Sell
2024-06-10,NTAP,0.0004886964117775117,Buy
2024-06-10,NWSA,-0.02640299187426435,Sell
2024-06-10,MRVL,0.0006421131885425077,Buy
2024-06-10,PCG,-0.02631578947368421,Sell
2024-06-10,CME,0.02631578947368421,Buy
2024-06-10,CSIQ,0.00041674819649224065,Buy
2024-06-10,BSX,0.00017386415555392318,Buy
2024-06-10,COF,0.026591183175243328,Buy
2024-06-10,ZUMZ,0.02631578947368421,Buy
2024-06-10,BMY,0.0007610932224359282,Buy
2024-06-11,MET,0.02631578947368421,Buy
2024-06-11,MNST,-0.0002772403013102179,Sell
2024-06-11,PPG,-0.026738929831984146,Sell
2024-06-11,AMTD,0.0006618928160416586,Buy
2024-06-11,BAX,-0.00017794985806487626,Sell
2024-06-11,VWO,0.02631578947368421,Buy
2024-06-11,HP,0.00020152835812450517,Buy
2024-06-11,HOG,-0.02631578947368421,Sell
2024-06-11,NVDA,4.686587560000927e-06,Buy
2024-06-11,WEN,-0.00033955074647492797,Sell
2024-06-11,DAL,0.02631578947368421,Buy
2024-06-11,BUD,3.831892455155583e-05,Buy
2024-06-11,SPWR,-0.002009814357483781,Sell
2024-06-11,RRC,0.026700984734871817,Buy
2024-06-11,CAG,-0.00014881700618673763,Sell
2024-06-11,QCOM,8.897081754239908e-05,Buy
2024-06-11,STI,0.007150560708115664,Buy
2024-06-11,TRV,0.02631578947368421,Buy
2024-06-11,DPZ,0.0002645555936428255,Buy
2024-06-11,VTR,0.026345168809829872,Buy
2024-06-11,BBT,0.00011972400746151218,Buy
2024-06-11,BDX,0.02631578947368421,Buy
2024-06-11,MU,0.00024323043496379468,Buy
2024-06-11,WFC,0.00017202000275944387,Buy
2024-06-11,QQQ,-0.02631578947368421,Sell
2024-06-11,EWI,0.000341035998564717,Buy
2024-06-11,ANF,0.00028857983482373506,Buy
2024-06-11,HTZ,0.025022988976739477,Buy
2024-06-11,DLTR,-0.026377540175319868,Sell
2024-06-11,CCL,-0.02631578947368421,Sell
2024-06-11,TSM,-0.00019216399150908184,Sell
2024-06-11,MS,0.02631578947368421,Buy
2024-06-11,ALK,0.02631578947368421,Buy
2024-06-11,KGC,-8.845681097674127e-05,Sell
2024-06-11,GOLD,0.000526873714972443,Buy
2024-06-11,TRP,-0.02627225862562291,Sell
2024-06-11,KO,-0.026493183518577008,Sell
2024-06-11,D,-0.026545921334767734,Sell
2024-06-11,EW,-0.026786968703470776,Sell
2024-06-11,RL,0.026226907559676993,Buy
2024-06-11,NTAP,0.00074622379703582,Buy
2024-06-11,NWSA,-0.02631578947368421,Sell
2024-06-11,MRVL,0.0005489630789905393,Buy
2024-06-11,PCG,0.026322973651853123,Buy
2024-06-11,CME,-0.026536573662438324,Sell
2024-06-11,PRGO,-0.02631578947368421,Sell
2024-06-11,CSIQ,0.0007206562217164439,Buy
2024-06-11,BSX,0.00010162096235577164,Buy
2024-06-11,COF,0.02631578947368421,Buy
2024-06-11,ZUMZ,-0.026089761447251027,Sell
2024-06-11,BMY,0.00047430477118679676,Buy
2024-06-12,MET,-0.00015479335258837892,Sell
2024-06-12,MNST,0.0005494810994721433,Buy
2024-06-12,AMTD,0.026332823981656588,Buy
2024-06-12,BAX,-0.0005246790932989347,Sell
2024-06-12,VWO,-0.026693653638441374,Sell
2024-06-12,CF,0.02631578947368421,Buy
2024-06-12,HP,0.02624013473133517,Buy
2024-06-12,HOG,0.026383809429813748,Buy
2024-06-12,XLP,0.02631578947368421,Buy
2024-06-12,NVDA,0.0011098780977694712,Buy
2024-06-12,WEN,-0.0004431867373949072,Sell
2024-06-12,DAL,-0.0535163835193774,Sell
2024-06-12,BUD,-0.026663767257640112,Sell
2024-06-12,SPWR,0.0011881189733741228,Buy
2024-06-12,CAG,0.00030089129541756646,Buy
2024-06-12,QCOM,0.0010427505527876232,Buy
2024-06-12,STI,0.0006165241111371275,Buy
2024-06-12,HAS,0.02631578947368421,Buy
2024-06-12,TRV,0.00010180046171736831,Buy
2024-06-12,DPZ,0.0003432148091162997,Buy
2024-06-12,BBT,-0.053664687919339565,Sell
2024-06-12,BDX,-6.303086549298842e-05,Sell
2024-06-12,MU,0.0012839233477013705,Buy
2024-06-12,WFC,-0.02656473301909255,Sell
2024-06-12,QQQ,0.0005170362399663786,Buy
2024-06-12,EWI,-0.026934591127004463,Sell
2024-06-12,SIRI,-0.02631578947368421,Sell
2024-06-12,ANF,0.0011038900390579823,Buy
2024-06-12,HTZ,-0.02631578947368421,Sell
2024-06-12,ORCL,-0.02631578947368421,Sell
2024-06-12,DLTR,0.02631578947368421,Buy
2024-06-12,CCL,0.000818500906216657,Buy
2024-06-12,TSM,0.0013321220306864584,Buy
2024-06-12,MS,-0.026546982406048913,Sell
2024-06-12,ALK,-0.027321831939622856,Sell
2024-06-12,KGC,-9.950298504824567e-05,Sell
2024-06-12,GOLD,6.897048517902002e-05,Buy
2024-06-12,KO,0.02631578947368421,Buy
2024-06-12,D,0.02631578947368421,Buy
2024-06-12,NTAP,0.00022502100061473976,Buy
2024-06-12,WSM,-0.02631578947368421,Sell
2024-06-12,NWSA,0.00036381351872180265,Buy
2024-06-12,MRVL,0.0012837463400611274,Buy
2024-06-12,PCG,0.02631578947368421,Buy
2024-06-12,DUK,0.02631578947368421,Buy
2024-06-12,CME,0.02631578947368421,Buy
2024-06-12,PRGO,0.02612001882422842,Buy
2024-06-12,CSIQ,0.027075482552789385,Buy
2024-06-12,BSX,0.0002593920056980191,Buy
2024-06-12,COF,-0.026870064369592293,Sell
2024-06-12,BMY,0.02611036314419129,Buy
2024-06-13,MET,-0.026236933512309893,Sell
2024-06-13,MNST,0.0004977188520622448,Buy
2024-06-13,CNC,-0.02631578947368421,Sell
2024-06-13,BAX,-0.026714956019031254,Sell
2024-06-13,CF,0.0007270251135228292,Buy
2024-06-13,XLP,-0.026408878095503,Sell
2024-06-13,NVDA,0.0009877097702340222,Buy
2024-06-13,WEN,-0.00037532420524119883,Sell
2024-06-13,DAL,0.0261400287546852,Buy
2024-06-13,AA,0.02631578947368421,Buy
2024-06-13,BUD,0.02631578947368421,Buy
2024-06-13,SPWR,-0.0004151164039721787,Sell
2024-06-13,RRC,0.02631578947368421,Buy
2024-06-13,CAG,7.904237067960646e-05,Buy
2024-06-13,GREK,0.02631578947368421,Buy
2024-06-13,QCOM,0.000355030975373611,Buy
2024-06-13,STI,0.001224428163369172,Buy
2024-06-13,KMB,-0.02631578947368421,Sell
2024-06-13,HAS,7.246455826920989e-05,Buy
2024-06-13,TRV,-3.452729516080846e-05,Sell
2024-06-13,DPZ,-7.282461267384827e-05,Sell
2024-06-13,VTR,-0.02631578947368421,Sell
2024-06-13,BBT,0.026019570220449376,Buy
2024-06-13,BDX,0.000168982548392288,Buy
2024-06-13,MU,0.0005065556744148388,Buy
2024-06-13,EBAY,-0.02631578947368421,Sell
2024-06-13,QQQ,0.00020165876470524396,Buy
2024-06-13,EWI,0.02631578947368421,Buy
2024-06-13,SIRI,0.02537546259210437,Buy
2024-06-13,ANF,-0.0001497228175775904,Sell
2024-06-13,HTZ,0.025189124727483865,Buy
2024-06-13,ORCL,-4.086773434800947e-05,Sell
2024-06-13,DLTR,0.0005081771142682219,Buy
2024-06-13,CCL,0.026012122641407644,Buy
2024-06-13,TSM,0.00013119876449387696,Buy
2024-06-13,KGC,0.00029389413600390546,Buy
2024-06-13,GOLD,-0.025932725570610757,Sell
2024-06-13,KO,-0.026420634977987034,Sell
2024-06-13,D,-1.5929725580149379e-06,Sell
2024-06-13,PVH,0.02631578947368421,Buy
2024-06-13,HUM,-0.02631578947368421,Sell
2024-06-13,NTAP,0.0003880441988942142,Buy
2024-06-13,WSM,0.0009347427523345789,Buy
2024-06-13,NWSA,0.026029855733304828,Buy
2024-06-13,MRVL,-0.00011746097253767518,Sell
2024-06-13,PCG,-0.05302468849532646,Sell
2024-06-13,DUK,-0.02635887456653508,Sell
2024-06-13,CME,-0.026362370002133175,Sell
2024-06-13,OHI,-0.02631578947368421,Sell
2024-06-13,BSX,0.026221172313403818,Buy
2024-06-13,XLE,0.02631578947368421,Buy
2024-06-13,MT,0.02631578947368421,Buy
2024-06-14,MET,0.02631578947368421,Buy
2024-06-14,MNST,0.0002616949097879462,Buy
2024-06-14,CNC,0.026409231845715198,Buy
2024-06-14,PPG,0.02631578947368421,Buy
2024-06-14,AMTD,-0.02631578947368421,Sell
2024-06-14,CF,-0.026540696444314282,Sell
2024-06-14,NVDA,0.0005754723936385528,Buy
2024-06-14,WEN,0.00016955565732976186,Buy
2024-06-14,DAL,0.02631578947368421,Buy
2024-06-14,AA,-0.02598951235223969,Sell
2024-06-14,BUD,0.0003071044183100245,Buy
2024-06-14,SPWR,-0.025195063802653756,Sell
2024-06-14,NSC,0.02631578947368421,Buy
2024-06-14,RRC,0.000623540659935095,Buy
2024-06-14,CAG,0.00010015761644534271,Buy
2024-06-14,GREK,0.0006216992425571027,Buy
2024-06-14,QCOM,-0.0001883164085067536,Sell
2024-06-14,STI,0.0033287533284152675,Buy
2024-06-14,KMB,0.02643976456922788,Buy
2024-06-14,HAS,-0.0543293358546713,Sell
2024-06-14,TRV,4.310816691155059e-05,Buy
2024-06-14,DPZ,-0.00017963245217435947,Sell
2024-06-14,VTR,0.00014429160595849644,Buy
2024-06-14,BDX,-0.02662890675208292,Sell
2024-06-14,MU,-0.00021604825493165558,Sell
2024-06-14,EBAY,0.025660491009696803,Buy
2024-06-14,QQQ,0.0002495306399451225,Buy
2024-06-14,EWI,0.0006368818081154866,Buy
2024-06-14,ANF,-0.0005466567266073849,Sell
2024-06-14,HTZ,-0.02631578947368421,Sell
2024-06-14,ORCL,-0.0002124438813837816,Sell
2024-06-14,DLTR,-0.0263043475672035,Sell
2024-06-14,TSM,5.146493085362788e-05,Buy
2024-06-14,ALK,0.02631578947368421,Buy
2024-06-14,KGC,-0.026535822143128298,Sell
2024-06-14,GOLD,0.02631578947368421,Buy
2024-06-14,D,2.2956215675842828e-05,Buy
2024-06-14,PVH,-0.02643772666462341,Sell
2024-06-14,RL,0.02631578947368421,Buy
2024-06-14,HUM,0.00017385353351991387,Buy
2024-06-14,NTAP,-0.00012199994290294433,Sell
2024-06-14,WSM,0.024807308278428118,Buy
2024-06-14,MRVL,0.00025767135838661304,Buy
2024-06-14,PCG,0.026255747068792606,Buy
2024-06-14,DUK,-0.02631578947368421,Sell
2024-06-14,OHI,0.0003265958246676283,Buy
2024-06-14,CSIQ,-0.02631578947368421,Sell
2024-06-14,XLE,8.404650461870528e-05,Buy
2024-06-14,COF,0.02631578947368421,Buy
2024-06-14,MT,0.0006915948455516706,Buy
2024-06-17,MET,-0.026535175920972962,Sell
2024-06-17,MNST,-0.0005023928440318869,Sell
2024-06-17,PPG,-0.026413356506252803,Sell
2024-06-17,AMTD,0.02637286764187557,Buy
2024-06-17,BAX,0.02631578947368421,Buy
2024-06-17,HOG,-0.02631578947368421,Sell
2024-06-17,XLP,-0.02631578947368421,Sell
2024-06-17,NVDA,-0.00027697808899313295,Sell
2024-06-17,WEN,0.00020808179707550167,Buy
2024-06-17,DAL,-0.026750483706519595,Sell
2024-06-17,BUD,-0.026310280440777486,Sell
2024-06-17,SPWR,0.02631578947368421,Buy
2024-06-17,NSC,-2.1166871275971055e-05,Sell
2024-06-17,RRC,0.0008120742035296717,Buy
2024-06-17,CAG,-0.02655077126031728,Sell
2024-06-17,GREK,-6.107887971991757e-05,Sell
2024-06-17,QCOM,0.0007408435395206067,Buy
2024-06-17,STI,0.023868030767813332,Buy
2024-06-17,HAS,0.0262518358121637,Buy
2024-06-17,TRV,-0.02650812078161385,Sell
2024-06-17,DPZ,0.0004424792862847138,Buy
2024-06-17,VTR,0.026165401397267984,Buy
2024-06-17,BDX,0.02631578947368421,Buy
2024-06-17,MU,0.0011019223979110183,Buy
2024-06-17,EBAY,-0.02631578947368421,Sell
2024-06-17,QQQ,0.00022310908498048357,Buy
2024-06-17,EWI,-0.026559477974833875,Sell
2024-06-17,ANF,-0.00012201065441646425,Sell
2024-06-17,HTZ,6.278864146639501e-05,Buy
2024-06-17,ORCL,0.0005055247048402003,Buy
2024-06-17,TSM,0.0006207993238494525,Buy
2024-06-17,MS,-0.02631578947368421,Sell
2024-06-17,ALK,-0.02675079879590165,Sell
2024-06-17,KGC,0.02631578947368421,Buy
2024-06-17,GOLD,4.973156046432503e-05,Buy
2024-06-17,TRP,0.02631578947368421,Buy
2024-06-17,D,0.000607540997576931,Buy
2024-06-17,ULTA,-0.02631578947368421,Sell
2024-06-17,RL,-0.00037615889419720383,Sell
2024-06-17,HUM,-0.00036685579182218,Sell
2024-06-17,NTAP,-0.0001250678753773951,Sell
2024-06-17,MRVL,0.02569888939822024,Buy
2024-06-17,PCG,0.02631578947368421,Buy
2024-06-17,DUK,0.0521339523653333,Buy
2024-06-17,CLX,-0.02631578947368421,Sell
2024-06-17,OHI,0.026306825785720453,Buy
2024-06-17,CSIQ,0.025309959463856686,Buy
2024-06-17,BSX,0.02631578947368421,Buy
2024-06-17,XLE,-0.026286225408569196,Sell
2024-06-17,M,-0.02631578947368421,Sell
2024-06-17,COF,-0.026884452141212455,Sell
2024-06-17,ENB,0.02631578947368421,Buy
2024-06-17,ZUMZ,-0.02631578947368421,Sell
2024-06-17,MT,-0.026612238336982376,Sell
2024-06-17,VZ,0.02631578947368421,Buy
2024-06-17,MRK,0.02631578947368421,Buy
2024-06-18,MNST,0.0003367347447704311,Buy
2024-06-18,CNC,0.02631578947368421,Buy
2024-06-18,BAX,9.571529385843727e-05,Buy
2024-06-18,HOG,0.026721409238778415,Buy
2024-06-18,XLP,0.02639392979059723,Buy
2024-06-18,NVDA,0.0009699649397859333,Buy
2024-06-18,WEN,-0.026233039403820282,Sell
2024-06-18,DAL,0.02631578947368421,Buy
2024-06-18,SPWR,-0.05356632562738334,Sell
2024-06-18,NSC,-0.026484101525508938,Sell
2024-06-18,RRC,-0.026321554293184814,Sell
2024-06-18,CAG,0.02631578947368421,Buy
2024-06-18,GREK,-0.02665156263732978,Sell
2024-06-18,QCOM,0.0006218909271608446,Buy
2024-06-18,STI,-0.02631578947368421,Sell
2024-06-18,DPZ,0.00011751617284179797,Buy
2024-06-18,VTR,-0.02631578947368421,Sell
2024-06-18,DHI,0.02631578947368421,Buy
2024-06-18,EWC,0.02631578947368421,Buy
2024-06-18,BDX,-0.00015519595602692116,Sell
2024-06-18,MU,0.0010463260531770671,Buy
2024-06-18,EBAY,0.0007436337666063275,Buy
2024-06-18,QQQ,5.235733248988572e-05,Buy
2024-06-18,ANF,-4.22935788191095e-05,Sell
2024-06-18,HTZ,-0.0014827443796406083,Sell
2024-06-18,ORCL,0.0006653927271001066,Buy
2024-06-18,CCL,-0.02631578947368421,Sell
2024-06-18,TSM,0.0004085794997450605,Buy
2024-06-18,MS,0.026503964679292488,Buy
2024-06-18,KEY,0.02631578947368421,Buy
2024-06-18,KGC,-0.026788034843419108,Sell
2024-06-18,GOLD,-0.027006671106610657,Sell
2024-06-18,WMB,-0.02631578947368421,Sell
2024-06-18,TRP,1.7898118970603033e-05,Buy
2024-06-18,D,-2.8210316065365587e-05,Sell
2024-06-18,ULTA,-0.0004001498573740665,Sell
2024-06-18,RL,0.00010565414207754087,Buy
2024-06-18,HUM,-0.0003787405333484442,Sell
2024-06-18,NTAP,0.0006026130554323793,Buy
2024-06-18,PCG,-4.42071154680701e-05,Sell
2024-06-18,DUK,0.00015715348002401028,Buy
2024-06-18,RF,0.02631578947368421,Buy
2024-06-18,HMC,0.02631578947368421,Buy
2024-06-18,CLX,0.02648801140044398,Buy
2024-06-18,PRGO,0.02631578947368421,Buy
2024-06-18,CSIQ,-0.02631578947368421,Sell
2024-06-18,BSX,-0.026401512152591327,Sell
2024-06-18,XLE,0.02631578947368421,Buy
2024-06-18,M,0.026088098362191916,Buy
2024-06-18,ENB,-6.387271237605352e-06,Sell
2024-06-18,ZUMZ,0.026938561600007318,Buy
2024-06-18,VZ,-0.02677416738475118,Sell
2024-06-18,MRK,-0.02646130145638618,Sell
2024-06-20,MNST,0.0002012466218568633,Buy
2024-06-20,CNC,-0.026401527537110118,Sell
2024-06-20,BAX,0.00013280322276393308,Buy
2024-06-20,A,0.02631578947368421,Buy
2024-06-20,NVDA,0.025055460373400586,Buy
2024-06-20,WEN,0.02631578947368421,Buy
2024-06-20,DAL,0.00032500839200332726,Buy
2024-06-20,AA,-0.02631578947368421,Sell
2024-06-20,SPWR,0.02308894633591689,Buy
2024-06-20,RRC,0.02631578947368421,Buy
2024-06-20,CAG,0.0004947419953040648,Buy
2024-06-20,QCOM,0.024645944010369812,Buy
2024-06-20,STI,-0.004795752048433698,Sell
2024-06-20,DPZ,-0.0007612762507232251,Sell
2024-06-20,VTR,-0.0004389191316130983,Sell
2024-06-20,DHI,-0.026301153722862042,Sell
2024-06-20,EWC,-0.025989286159930167,Sell
2024-06-20,BBT,-0.02631578947368421,Sell
2024-06-20,BDX,-0.026494053675389366,Sell
2024-06-20,MU,0.024407586637586902,Buy
2024-06-20,EBAY,0.025636979829407186,Buy
2024-06-20,QQQ,-0.0005409397916842501,Sell
2024-06-20,SIRI,-0.02631578947368421,Sell
2024-06-20,ANF,-0.0017034072442759854,Sell
2024-06-20,HTZ,0.029505655813867642,Buy
2024-06-20,ORCL,-0.0006514138455162577,Sell
2024-06-20,DLTR,-0.02631578947368421,Sell
2024-06-20,CCL,-0.0001615867568457996,Sell
2024-06-20,TSM,-0.0009637520402542878,Sell
2024-06-20,ALK,0.02631578947368421,Buy
2024-06-20,MAR,0.02631578947368421,Buy
2024-06-20,KEY,0.0002259613775242135,Buy
2024-06-20,KGC,-0.02631578947368421,Sell
2024-06-20,WMB,2.5820075155939815e-05,Buy
2024-06-20,TRP,-0.02600914634966426,Sell
2024-06-20,KO,0.02631578947368421,Buy
2024-06-20,D,-0.026180052836783707,Sell
2024-06-20,ULTA,-0.0006251961399325254,Sell
2024-06-20,PVH,0.02631578947368421,Buy
2024-06-20,RL,-0.026359214213247585,Sell
2024-06-20,HUM,0.00024409765195522806,Buy
2024-06-20,NTAP,0.02572481660775339,Buy
2024-06-20,LOW,0.02631578947368421,Buy
2024-06-20,MRVL,-0.02631578947368421,Sell
2024-06-20,PCG,-0.026048106424515445,Sell
2024-06-20,DUK,-0.02599324323718066,Sell
2024-06-20,RF,0.0004365230387386801,Buy
2024-06-20,HMC,-0.025762754858519678,Sell
2024-06-20,CLX,0.02631578947368421,Buy
2024-06-20,PRGO,0.0002797258613098687,Buy
2024-06-20,SYK,0.02631578947368421,Buy
2024-06-20,CSIQ,-0.0005975863078785427,Sell
2024-06-20,BSX,-0.02631578947368421,Sell
2024-06-20,XLE,-0.02645271880536147,Sell
2024-06-20,COF,0.02631578947368421,Buy
2024-06-20,ENB,0.00037804671531127196,Buy
2024-06-21,MNST,-0.00012100638085867435,Sell
2024-06-21,BAX,-0.00012381378523292422,Sell
2024-06-21,A,-0.026318700917003918,Sell
2024-06-21,HP,-0.02631578947368421,Sell
2024-06-21,WEN,-0.026615140808080327,Sell
2024-06-21,DAL,0.0002213324711474729,Buy
2024-06-21,AA,0.0008552341781908161,Buy
2024-06-21,RRC,0.0005539119023961966,Buy
2024-06-21,CAG,-0.02651034596149867,Sell
2024-06-21,STI,0.02437627665338602,Buy
2024-06-21,HAS,-0.02631578947368421,Sell
2024-06-21,TRV,0.02631578947368421,Buy
2024-06-21,DPZ,-0.0002580918373954119,Sell
2024-06-21,VTR,8.346007355006582e-05,Buy
2024-06-21,EWC,0.02631578947368421,Buy
2024-06-21,BBT,0.026068648315195182,Buy
2024-06-21,MU,-0.02631578947368421,Sell
2024-06-21,WFC,0.02631578947368421,Buy
2024-06-21,QQQ,-0.00017003331572924135,Sell
2024-06-21,SIRI,0.026487194599217532,Buy
2024-06-21,ANF,-0.0002580809759573609,Sell
2024-06-21,HTZ,-0.02631578947368421,Sell
2024-06-21,ORCL,-0.0003584459877995841,Sell
2024-06-21,DLTR,0.026042977124152964,Buy
2024-06-21,CCL,-8.347157491962395e-05,Sell
2024-06-21,TSM,-0.00031205259593633516,Sell
2024-06-21,MS,0.02631578947368421,Buy
2024-06-21,ALK,0.0002012586386118051,Buy
2024-06-21,MAR,0.00014814942806358825,Buy
2024-06-21,KEY,0.00017667330386955324,Buy
2024-06-21,KGC,0.025977358284243024,Buy
2024-06-21,GOLD,0.02631578947368421,Buy
2024-06-21,WMB,0.02600576974759243,Buy
2024-06-21,KO,-0.052780535676780184,Sell
2024-06-21,D,0.02631578947368421,Buy
2024-06-21,ULTA,0.0002777894139410486,Buy
2024-06-21,PVH,-0.026801540153067613,Sell
2024-06-21,EW,-0.02631578947368421,Sell
2024-06-21,HUM,-0.000242087347991915,Sell
2024-06-21,NTAP,-0.02631578947368421,Sell
2024-06-21,LOW,-0.026338129966213732,Sell
2024-06-21,MRVL,0.025732768857093396,Buy
2024-06-21,PCG,0.02631578947368421,Buy
2024-06-21,RF,7.206576761491917e-05,Buy
2024-06-21,CME,0.02631578947368421,Buy
2024-06-21,CLX,-0.026389818771615683,Sell
2024-06-21,PRGO,-0.02639002051898548,Sell
2024-06-21,CSIQ,-0.0005089073559447592,Sell
2024-06-21,BSX,0.0001419377686084529,Buy
2024-06-21,COF,0.0003579118020373244,Buy
2024-06-21,ENB,0.00013751530867561063,Buy
2024-06-24,MNST,-4.5445226362503255e-05,Sell
2024-06-24,BAX,0.00024387817979176774,Buy
2024-06-24,HP,0.026733003218137243,Buy
2024-06-24,NVDA,0.02631578947368421,Buy
2024-06-24,DAL,0.00015703007693630006,Buy
2024-06-24,AA,-6.406439643138681e-05,Sell
2024-06-24,SPWR,0.02631578947368421,Buy
2024-06-24,NSC,0.02631578947368421,Buy
2024-06-24,RRC,-0.02720284469151712,Sell
2024-06-24,CAG,0.02631578947368421,Buy
2024-06-24,QCOM,0.02631578947368421,Buy
2024-06-24,HAS,0.025946579161221422,Buy
2024-06-24,TRV,6.841128274710784e-06,Buy
2024-06-24,DPZ,0.00041313805469204296,Buy
2024-06-24,VTR,-2.7595027545408712e-05,Sell
2024-06-24,EWC,-0.026570951852133134,Sell
2024-06-24,BBT,0.02631578947368421,Buy
2024-06-24,BDX,0.02631578947368421,Buy
2024-06-24,MU,-0.000266936990247376,Sell
2024-06-24,WFC,-0.026557715011145688,Sell
2024-06-24,QQQ,-0.0004653076713489433,Sell
2024-06-24,SIRI,-0.02631578947368421,Sell
2024-06-24,ANF,-0.0008554124432629644,Sell
2024-06-24,HTZ,-0.0013240492377754216,Sell
2024-06-24,ORCL,-0.00046514047769955283,Sell
2024-06-24,CCL,0.0003530665531436758,Buy
2024-06-24,TSM,-0.0010920379543702466,Sell
2024-06-24,MS,-0.026403779245820325,Sell
2024-06-24,ALK,-0.026548204172630433,Sell
2024-06-24,MAR,-0.026376871858356743,Sell
2024-06-24,KEY,-0.02676342163770873,Sell
2024-06-24,GOLD,-0.0002702732370899359,Sell
2024-06-24,WMB,-0.02631578947368421,Sell
2024-06-24,TRP,-0.02631578947368421,Sell
2024-06-24,KO,0.00033226833172374584,Buy
2024-06-24,D,-0.02651480742143107,Sell
2024-06-24,ULTA,0.0002322500822899698,Buy
2024-06-24,EW,0.025938179000547776,Buy
2024-06-24,HUM,2.0686304104372555e-05,Buy
2024-06-24,NTAP,0.025890048330489877,Buy
2024-06-24,NWSA,-0.02631578947368421,Sell
2024-06-24,PCG,9.359258690910463e-05,Buy
2024-06-24,RF,-0.026673071430114412,Sell
2024-06-24,CME,8.694887865348319e-05,Buy
2024-06-24,OHI,-0.02631578947368421,Sell
2024-06-24,SYK,0.00044006012233777786,Buy
2024-06-24,CSIQ,0.00011425612249157252,Buy
2024-06-24,BSX,0.052127476253938515,Buy
2024-06-24,COF,-6.350743111629975e-06,Sell
2024-06-24,ENB,-0.00014886813307867994,Sell
2024-06-24,CAT,0.02631578947368421,Buy
2024-06-25,MNST,-0.026664722960532863,Sell
2024-06-25,PPG,0.02631578947368421,Buy
2024-06-25,BAX,-0.02614199852197246,Sell
2024-06-25,NVDA,-0.05441306498923058,Sell
2024-06-25,DAL,0.00031107866026652137,Buy
2024-06-25,AA,0.025916737238680026,Buy
2024-06-25,SPWR,-0.0007948108025888426,Sell
2024-06-25,NSC,0.0006358188147921086,Buy
2024-06-25,CAG,0.00023893694809501778,Buy
2024-06-25,QCOM,-0.026493338203519887,Sell
2024-06-25,JNJ,0.02631578947368421,Buy
2024-06-25,HAS,0.02631578947368421,Buy
2024-06-25,TRV,0.00029223456167307843,Buy
2024-06-25,DPZ,-0.00027057397105196765,Sell
2024-06-25,VTR,0.025903679891078075,Buy
2024-06-25,DHI,0.02631578947368421,Buy
2024-06-25,EWC,0.02631578947368421,Buy
2024-06-25,BBT,-0.026160356771033195,Sell
2024-06-25,BDX,-0.026091458778255316,Sell
2024-06-25,MU,0.0004027496063022072,Buy
2024-06-25,WFC,0.02631578947368421,Buy
2024-06-25,QQQ,0.0003042353004125767,Buy
2024-06-25,SIRI,0.05234132226595009,Buy
2024-06-25,ANF,0.0005190782962728492,Buy
2024-06-25,HTZ,-0.001417561818904095,Sell
2024-06-25,ORCL,-0.0001321938409968547,Sell
2024-06-25,CCL,0.002299554218653365,Buy
2024-06-25,TSM,0.0007545174285415908,Buy
2024-06-25,MS,-0.02631578947368421,Sell
2024-06-25,GOLD,-0.026024895036454734,Sell
2024-06-25,WMB,0.026184729521075097,Buy
2024-06-25,TRP,6.382436722722484e-05,Buy
2024-06-25,KO,0.026265564032245923,Buy
2024-06-25,ULTA,0.026215724900699688,Buy
2024-06-25,HUM,-0.0001614007123447378,Sell
2024-06-25,NTAP,-0.02631578947368421,Sell
2024-06-25,WSM,0.02631578947368421,Buy
2024-06-25,NWSA,0.00034767515400798907,Buy
2024-06-25,LOW,0.02631578947368421,Buy
2024-06-25,PCG,-0.026155584790323837,Sell
2024-06-25,NTES,-0.02631578947368421,Sell
2024-06-25,HMC,-0.02631578947368421,Sell
2024-06-25,CME,0.00012895313975215886,Buy
2024-06-25,OHI,0.026044891733456046,Buy
2024-06-25,SYK,-4.0517867464447826e-05,Sell
2024-06-25,CSIQ,-0.0011360195148219752,Sell
2024-06-25,BSX,-0.05290931961702185,Sell
2024-06-25,COF,-0.052095769524881895,Sell
2024-06-25,ENB,8.666430040410456e-05,Buy
2024-06-25,MT,0.02631578947368421,Buy
2024-06-25,CAT,0.00020410254996717017,Buy
2024-06-26,PPG,-0.00010768485346294293,Sell
2024-06-26,CF,-0.02631578947368421,Sell
2024-06-26,HP,-0.02631578947368421,Sell
2024-06-26,NVDA,0.00016630410376857266,Buy
2024-06-26,DAL,0.0002396135613257494,Buy
2024-06-26,SPWR,0.0018269026283722553,Buy
2024-06-26,NSC,7.596701810479861e-06,Buy
2024-06-26,CAG,-0.025890077319899295,Sell
2024-06-26,JNJ,-0.026350741987210807,Sell
2024-06-26,HAS,0.0005079263286688861,Buy
2024-06-26,TRV,0.0002758130978330539,Buy
2024-06-26,DPZ,-0.00032402751928383225,Sell
2024-06-26,DHI,-0.026394574192665526,Sell
2024-06-26,EWC,-3.713360227582119e-05,Sell
2024-06-26,BDX,0.02631578947368421,Buy
2024-06-26,MU,0.0003334813005215348,Buy
2024-06-26,WFC,-0.026329398637355082,Sell
2024-06-26,QQQ,0.00015591263562151833,Buy
2024-06-26,EWI,0.02631578947368421,Buy
2024-06-26,SIRI,-0.053130181631331916,Sell
2024-06-26,ANF,0.0001288035192055989,Buy
2024-06-26,HTZ,-0.0013343581133885216,Sell
2024-06-26,ORCL,-7.707852070711757e-05,Sell
2024-06-26,DLTR,0.02631578947368421,Buy
2024-06-26,CCL,0.0009167028889779209,Buy
2024-06-26,TSM,2.024089781040364e-05,Buy
2024-06-26,MS,0.026171340808391595,Buy
2024-06-26,MAR,0.02631578947368421,Buy
2024-06-26,KEY,-0.02631578947368421,Sell
2024-06-26,KGC,-0.02631578947368421,Sell
2024-06-26,GOLD,0.02631578947368421,Buy
2024-06-26,WMB,0.02631578947368421,Buy
2024-06-26,TRP,0.025965630616788592,Buy
2024-06-26,D,0.02631578947368421,Buy
2024-06-26,PVH,0.02631578947368421,Buy
2024-06-26,HUM,0.0004941213595834951,Buy
2024-06-26,NTAP,0.0002461288600018492,Buy
2024-06-26,WSM,-0.0003005180644109033,Sell
2024-06-26,NWSA,0.00010135666703749158,Buy
2024-06-26,LOW,-0.026603191625642092,Sell
2024-06-26,PCG,0.02631578947368421,Buy
2024-06-26,NTES,0.0011519075313025234,Buy
2024-06-26,HMC,0.026115561218360627,Buy
2024-06-26,CME,-0.02656685466328198,Sell
2024-06-26,SYK,-0.02649183634066541,Sell
2024-06-26,CSIQ,0.0003265522094306923,Buy
2024-06-26,BSX,0.026277407702305227,Buy
2024-06-26,COF,0.026791291902904683,Buy
2024-06-26,ENB,-0.026673766769488048,Sell
2024-06-26,MT,0.0004836937299685755,Buy
2024-06-26,CAT,-4.729927795179417e-05,Sell
2024-06-27,MNST,-0.02631578947368421,Sell
2024-06-27,PPG,-2.1172818899104634e-05,Sell
2024-06-27,BAX,0.02631578947368421,Buy
2024-06-27,CF,0.025904863457582746,Buy
2024-06-27,HP,0.026703390585065507,Buy
2024-06-27,XLP,0.02631578947368421,Buy
2024-06-27,NVDA,0.025907202876361217,Buy
2024-06-27,WEN,-0.02631578947368421,Sell
2024-06-27,DAL,-0.02664099169139129,Sell
2024-06-27,SPWR,0.0013607365080708818,Buy
2024-06-27,NSC,0.00022694219883803365,Buy
2024-06-27,CAG,0.02631578947368421,Buy
2024-06-27,JNJ,0.02631578947368421,Buy
2024-06-27,HAS,-0.00015414114274326166,Sell
2024-06-27,TRV,-0.026566088316628513,Sell
2024-06-27,DPZ,0.026238886583491723,Buy
2024-06-27,VTR,-0.02631578947368421,Sell
2024-06-27,EWC,-0.026618158126717768,Sell
2024-06-27,BBT,-0.02631578947368421,Sell
2024-06-27,BDX,-1.7436653670949848e-05,Sell
2024-06-27,MU,0.024531434067601256,Buy
2024-06-27,QQQ,0.0001631473521831149,Buy
2024-06-27,EWI,0.0001312560925224998,Buy
2024-06-27,SIRI,0.053020004249021854,Buy
2024-06-27,ANF,-4.056777872894074e-05,Sell
2024-06-27,HTZ,0.026638441714992155,Buy
2024-06-27,ORCL,0.00046755008567993597,Buy
2024-06-27,DLTR,-0.026865284122602397,Sell
2024-06-27,CCL,0.00044002516922839185,Buy
2024-06-27,TSM,2.7433414391920402e-05,Buy
2024-06-27,MS,0.02631578947368421,Buy
2024-06-27,MAR,-0.02649168755855062,Sell
2024-06-27,KEY,0.026586443655808704,Buy
2024-06-27,KGC,0.0016051202313980516,Buy
2024-06-27,GOLD,0.0005810072078113945,Buy
2024-06-27,WMB,-0.02637953330046858,Sell
2024-06-27,TRP,-0.02631578947368421,Sell
2024-06-27,D,-0.0002880275861091644,Sell
2024-06-27,PVH,0.0005083959263173302,Buy
2024-06-27,EW,-0.02631578947368421,Sell
2024-06-27,HUM,0.00023321406897112984,Buy
2024-06-27,NTAP,0.0002183603225182698,Buy
2024-06-27,WSM,-0.025574878114998464,Sell
2024-06-27,NWSA,0.0262401880423657,Buy
2024-06-27,MRVL,-0.02631578947368421,Sell
2024-06-27,PCG,5.526057917171895e-05,Buy
2024-06-27,NTES,0.026225115846315178,Buy
2024-06-27,CSIQ,0.00030103904143357826,Buy
2024-06-27,XLE,0.02631578947368421,Buy
2024-06-27,M,-0.02631578947368421,Sell
2024-06-27,ZUMZ,-0.02631578947368421,Sell
2024-06-27,MT,-0.052450483992664707,Sell
2024-06-27,CAT,-0.0001539787819111009,Sell
2024-06-27,MRK,0.02631578947368421,Buy
2024-06-28,MNST,0.052398786579686676,Buy
2024-06-28,PPG,-0.026616059356178362,Sell
2024-06-28,AMTD,0.02631578947368421,Buy
2024-06-28,BAX,-0.026351600323022254,Sell
2024-06-28,XLP,2.575813841380198e-05,Buy
2024-06-28,WEN,0.00012213197230003664,Buy
2024-06-28,DAL,0.02631578947368421,Buy
2024-06-28,SPWR,0.001669490851793451,Buy
2024-06-28,NSC,-0.027009361210423792,Sell
2024-06-28,RRC,0.02631578947368421,Buy
2024-06-28,CAG,-0.026481289429519987,Sell
2024-06-28,QCOM,-0.02631578947368421,Sell
2024-06-28,JNJ,-0.026471949750878743,Sell
2024-06-28,STI,0.02631578947368421,Buy
2024-06-28,HAS,-0.00024533382706022275,Sell
2024-06-28,TRV,0.02631578947368421,Buy
2024-06-28,VTR,0.00032482526180787827,Buy
2024-06-28,EWC,0.02631578947368421,Buy
2024-06-28,BBT,0.027144899221266745,Buy
2024-06-28,BDX,-0.026723484215804737,Sell
2024-06-28,QQQ,-4.6115589468969514e-05,Sell
2024-06-28,EWI,-6.888195375611209e-05,Sell
2024-06-28,SIRI,-0.00105824000180961,Sell
2024-06-28,ANF,0.0009036869104173742,Buy
2024-06-28,HTZ,-0.02631578947368421,Sell
2024-06-28,ORCL,0.0002831057267042719,Buy
2024-06-28,CCL,0.00024704268702671617,Buy
2024-06-28,TSM,0.00042637061749889807,Buy
2024-06-28,MS,-0.026798288537973964,Sell
2024-06-28,KEY,-0.02631578947368421,Sell
2024-06-28,ILMN,0.02631578947368421,Buy
2024-06-28,KGC,0.02640674946033823,Buy
2024-06-28,GOLD,-0.026414908171534735,Sell
2024-06-28,WMB,-0.02631578947368421,Sell
2024-06-28,TRP,8.331264298732516e-05,Buy
2024-06-28,D,0.0002337394414044791,Buy
2024-06-28,PVH,0.00017081136653667242,Buy
2024-06-28,EW,0.026132329289470683,Buy
2024-06-28,HUM,0.0009336409089506087,Buy
2024-06-28,NTAP,4.3890601085391084e-05,Buy
2024-06-28,TRIP,-0.02631578947368421,Sell
2024-06-28,MRVL,0.0005404869058993553,Buy
2024-06-28,PCG,-7.584446316561896e-05,Sell
2024-06-28,RF,-0.02631578947368421,Sell
2024-06-28,OHI,-0.02631578947368421,Sell
2024-06-28,CSIQ,-0.0011867859549752474,Sell
2024-06-28,XLE,-0.000192747955027283,Sell
2024-06-28,M,0.02711281134293647,Buy
2024-06-28,ZUMZ,0.026515643170837794,Buy
2024-06-28,MT,0.05296661994521092,Buy
2024-06-28,CAT,-0.026861564677149584,Sell
2024-06-28,MRK,0.001133570186732824,Buy
2024-07-01,MNST,-0.026110071310456028,Sell
2024-07-01,PPG,0.02631578947368421,Buy
2024-07-01,AMTD,-0.02566672056907781,Sell
2024-07-01,BAX,0.02631578947368421,Buy
2024-07-01,A,0.02631578947368421,Buy
2024-07-01,HP,-0.02631578947368421,Sell
2024-07-01,XLP,0.00036385733207262155,Buy
2024-07-01,NVDA,-0.02631578947368421,Sell
2024-07-01,WEN,-0.0009963114303562642,Sell
2024-07-01,DAL,0.0004660416257650825,Buy
2024-07-01,SPWR,-0.06085295521254163,Sell
2024-07-01,NSC,-0.02631578947368421,Sell
2024-07-01,RRC,0.00026529744447156833,Buy
2024-07-01,QCOM,-6.80168691265734e-05,Sell
2024-07-01,STI,-0.023760212096865636,Sell
2024-07-01,HAS,0.0006173983920159803,Buy
2024-07-01,TRV,-0.026088676187459848,Sell
2024-07-01,DPZ,0.02631578947368421,Buy
2024-07-01,VTR,-0.00014354576150081913,Sell
2024-07-01,DHI,-0.02631578947368421,Sell
2024-07-01,EWC,-0.02602348625793908,Sell
2024-07-01,BDX,0.02631578947368421,Buy
2024-07-01,QQQ,-2.626369758445407e-05,Sell
2024-07-01,EWI,-0.026580947621437367,Sell
2024-07-01,SIRI,-0.00028221561789240623,Sell
2024-07-01,ANF,0.0008124567571374912,Buy
2024-07-01,HTZ,0.026728555314323957,Buy
2024-07-01,ORCL,0.00017028367227686636,Buy
2024-07-01,CCL,-0.001589685223479305,Sell
2024-07-01,TSM,-0.00040210633545384455,Sell
2024-07-01,MS,-0.02631578947368421,Sell
2024-07-01,KEY,0.026154628005847898,Buy
2024-07-01,ILMN,-0.026416676436068466,Sell
2024-07-01,WMB,0.026068588257860622,Buy
2024-07-01,TRP,0.02590176678479555,Buy
2024-07-01,D,0.0007076115203950156,Buy
2024-07-01,PVH,-0.025956013914187562,Sell
2024-07-01,HUM,-0.0001907492544823801,Sell
2024-07-01,NTAP,0.00011264970437504726,Buy
2024-07-01,NWSA,0.02631578947368421,Buy
2024-07-01,TRIP,0.025798708215224484,Buy
2024-07-01,MRVL,0.0002317395236985549,Buy
2024-07-01,PCG,0.0006136671791076333,Buy
2024-07-01,DUK,0.02631578947368421,Buy
2024-07-01,RF,0.025953641421467315,Buy
2024-07-01,CLX,0.02631578947368421,Buy
2024-07-01,OHI,0.025922566476407977,Buy
2024-07-01,SYK,0.02631578947368421,Buy
2024-07-01,CSIQ,-0.0014907972969448562,Sell
2024-07-01,BSX,0.02631578947368421,Buy
2024-07-01,XLE,-0.026150567905623825,Sell
2024-07-01,ZUMZ,0.02631578947368421,Buy
2024-07-01,MT,-0.026022247650519553,Sell
2024-07-01,VZ,-0.02631578947368421,Sell
2024-07-01,CAT,0.02631578947368421,Buy
2024-07-01,MRK,-0.027001811385099925,Sell
2024-07-02,MNST,0.02631578947368421,Buy
2024-07-02,PPG,-0.02645928791192958,Sell
2024-07-02,AMTD,0.02631578947368421,Buy
2024-07-02,BAX,0.00021404914978219447,Buy
2024-07-02,A,0.000333085927248674,Buy
2024-07-02,HP,-8.394407008481541e-05,Sell
2024-07-02,XLP,-0.02645169379979387,Sell
2024-07-02,NVDA,0.02592412458332589,Buy
2024-07-02,WEN,0.026060751602283813,Buy
2024-07-02,DAL,0.00016476138375703595,Buy
2024-07-02,SPWR,-0.0012896244731919783,Sell
2024-07-02,NSC,0.00013565730584448252,Buy
2024-07-02,ICE,-0.02631578947368421,Sell
2024-07-02,RRC,-0.02684239375349477,Sell
2024-07-02,QCOM,-3.0116490168412974e-05,Sell
2024-07-02,HAS,0.0002572631707834436,Buy
2024-07-02,TRV,0.02631578947368421,Buy
2024-07-02,DPZ,0.0007094285623927173,Buy
2024-07-02,VTR,0.0004226296800958901,Buy
2024-07-02,DHI,-0.00039418789119875786,Sell
2024-07-02,BDX,5.063242295165124e-05,Buy
2024-07-02,QQQ,0.00022862078807741465,Buy
2024-07-02,SIRI,-0.028275228390642917,Sell
2024-07-02,ANF,-0.00022222779805056506,Sell
2024-07-02,ORCL,-1.2309382627358895e-05,Sell
2024-07-02,CCL,0.026046112387141482,Buy
2024-07-02,TSM,0.00046650122511380024,Buy
2024-07-02,MS,0.026398406574013357,Buy
2024-07-02,MAR,-0.02631578947368421,Sell
2024-07-02,KGC,0.02631578947368421,Buy
2024-07-02,GOLD,0.02631578947368421,Buy
2024-07-02,TRP,-0.02631578947368421,Sell
2024-07-02,D,-0.00024279774910958285,Sell
2024-07-02,PVH,0.02631578947368421,Buy
2024-07-02,RL,0.02631578947368421,Buy
2024-07-02,HUM,4.6353433268381955e-05,Buy
2024-07-02,NTAP,0.0261959916313939,Buy
2024-07-02,NWSA,-0.052911660222254644,Sell
2024-07-02,LOW,-0.02631578947368421,Sell
2024-07-02,MRVL,0.00017479670513531262,Buy
2024-07-02,PCG,0.00018487640199196798,Buy
2024-07-02,DUK,-0.026390223080295566,Sell
2024-07-02,CLX,-0.026133576800548106,Sell
2024-07-02,OHI,-0.02631578947368421,Sell
2024-07-02,SYK,0.0002189328050311544,Buy
2024-07-02,CSIQ,0.0009465540072516147,Buy
2024-07-02,BSX,-0.026316729349881118,Sell
2024-07-02,ZUMZ,-0.02645092462292558,Sell
2024-07-02,VZ,0.025865825311490055,Buy
2024-07-02,CAT,0.0001525562593842067,Buy
2024-07-02,MRK,0.02631578947368421,Buy
2024-07-02,BMY,0.02631578947368421,Buy
2024-07-03,MNST,0.00015090134533445737,Buy
2024-07-03,AMTD,-0.00018582545232246825,Sell
2024-07-03,BAX,-0.026508508613194877,Sell
2024-07-03,VWO,-0.02631578947368421,Sell
2024-07-03,A,-1.79767603242717e-05,Sell
2024-07-03,HP,0.00020243137684863854,Buy
2024-07-03,NVDA,-0.02631578947368421,Sell
2024-07-03,WEN,0.02631578947368421,Buy
2024-07-03,DAL,-0.026642995883986303,Sell
2024-07-03,HYG,-0.02631578947368421,Sell
2024-07-03,SPWR,0.049410298929566186,Buy
2024-07-03,NSC,0.02635206461125225,Buy
2024-07-03,ICE,0.026324092655225804,Buy
2024-07-03,CAG,0.02631578947368421,Buy
2024-07-03,QCOM,0.0004237742678413099,Buy
2024-07-03,JNJ,0.02631578947368421,Buy
2024-07-03,STI,-0.02631578947368421,Sell
2024-07-03,HAS,6.890873397516137e-05,Buy
2024-07-03,TRV,5.1230111424608454e-05,Buy
2024-07-03,DPZ,-0.02651231058582354,Sell
2024-07-03,VTR,-3.9884416493451286e-05,Sell
2024-07-03,DHI,0.02641994883303362,Buy
2024-07-03,BDX,-0.026214871725801916,Sell
2024-07-03,MU,-0.02631578947368421,Sell
2024-07-03,QQQ,0.00016383814876014952,Buy
2024-07-03,ANF,-0.0005721198626223271,Sell
2024-07-03,ORCL,0.00014651470720083645,Buy
2024-07-03,DLTR,0.02631578947368421,Buy
2024-07-03,TSM,0.0009597631586850883,Buy
2024-07-03,MAR,0.026281484494758776,Buy
2024-07-03,ILMN,0.02631578947368421,Buy
2024-07-03,KGC,-0.027144775432186883,Sell
2024-07-03,GOLD,-0.026927368463602323,Sell
2024-07-03,WMB,-0.02631578947368421,Sell
2024-07-03,TRP,0.00023707561965209678,Buy
2024-07-03,D,-0.02662316767392046,Sell
2024-07-03,PVH,-0.02664249616139006,Sell
2024-07-03,RL,-0.026101948885135343,Sell
2024-07-03,HUM,-0.0008937449962854623,Sell
2024-07-03,NTAP,-0.02631578947368421,Sell
2024-07-03,NWSA,-2.6584944261533183e-05,Sell
2024-07-03,LOW,0.026211536268413504,Buy
2024-07-03,MRVL,0.026480754211481744,Buy
2024-07-03,PCG,-0.00016015106524221862,Sell
2024-07-03,CME,0.02631578947368421,Buy
2024-07-03,CP,-0.02631578947368421,Sell
2024-07-03,CLX,0.02631578947368421,Buy
2024-07-03,OHI,0.02615233855522208,Buy
2024-07-03,SYK,0.0002341995896213908,Buy
2024-07-03,CSIQ,0.00207610025071046,Buy
2024-07-03,BSX,0.02631578947368421,Buy
2024-07-03,ZUMZ,0.02631578947368421,Buy
2024-07-03,CAT,-0.026489035389808607,Sell
2024-07-03,MRK,0.0004395913421420296,Buy
2024-07-03,BMY,0.00030828836855287256,Buy
2024-07-05,MET,0.02631578947368421,Buy
2024-07-05,MNST,-7.075032689022459e-05,Sell
2024-07-05,AMTD,0.00024217555267973256,Buy
2024-07-05,BAX,-0.02631578947368421,Sell
2024-07-05,VWO,0.026067775258138092,Buy
2024-07-05,A,-0.02612322805387435,Sell
2024-07-05,HP,-0.0007413681875298971,Sell
2024-07-05,XLP,-0.02631578947368421,Sell
2024-07-05,NVDA,-0.0007401515432552443,Sell
2024-07-05,WEN,-0.026041583939013926,Sell
2024-07-05,DAL,0.02631578947368421,Buy
2024-07-05,HYG,-0.00016450252111528674,Sell
2024-07-05,SPWR,-0.0037529736333019627,Sell
2024-07-05,RRC,0.02631578947368421,Buy
2024-07-05,CAG,0.00014021324977916277,Buy
2024-07-05,QCOM,6.010854407535043e-06,Buy
2024-07-05,JNJ,-0.02621499583131122,Sell
2024-07-05,STI,0.0007472254364530653,Buy
2024-07-05,HAS,0.0004433392433687358,Buy
2024-07-05,TRV,0.0004751480001630552,Buy
2024-07-05,VTR,7.481170592953806e-05,Buy
2024-07-05,BBT,0.02631578947368421,Buy
2024-07-05,BDX,0.02631578947368421,Buy
2024-07-05,MU,0.025078845200840298,Buy
2024-07-05,WFC,0.02631578947368421,Buy
2024-07-05,EOG,0.02631578947368421,Buy
2024-07-05,QQQ,2.9692718388707462e-05,Buy
2024-07-05,SIRI,-0.02631578947368421,Sell
2024-07-05,ANF,-0.0014330770566921246,Sell
2024-07-05,HTZ,-0.02631578947368421,Sell
2024-07-05,ORCL,-0.00016090931816020032,Sell
2024-07-05,DLTR,-0.026253263059635618,Sell
2024-07-05,TSM,-2.7858581975313823e-05,Sell
2024-07-05,ILMN,-0.02687603085094671,Sell
2024-07-05,WMB,0.025878666792555023,Buy
2024-07-05,TRP,0.025868685936744407,Buy
2024-07-05,KO,-0.02631578947368421,Sell
2024-07-05,D,0.02631578947368421,Buy
2024-07-05,HUM,0.0001868179757252876,Buy
2024-07-05,NTAP,0.02594298373417428,Buy
2024-07-05,NWSA,0.02590393799730847,Buy
2024-07-05,MRVL,-0.02631578947368421,Sell
2024-07-05,PCG,-0.0260887554332666,Sell
2024-07-05,CME,0.00019696121110861567,Buy
2024-07-05,CP,0.02591531605491023,Buy
2024-07-05,CLX,-0.026223210648706596,Sell
2024-07-05,SYK,-0.02648432675631745,Sell
2024-07-05,CSIQ,0.025459922190533103,Buy
2024-07-05,BSX,-0.0261729618627672,Sell
2024-07-05,M,-0.02631578947368421,Sell
2024-07-05,COF,0.02631578947368421,Buy
2024-07-05,ENB,0.02631578947368421,Buy
2024-07-05,ZUMZ,-0.027387076472503668,Sell
2024-07-05,VZ,-0.02631578947368421,Sell
2024-07-05,CAT,0.02631578947368421,Buy
2024-07-05,MRK,0.00011786920718612551,Buy
2024-07-05,BMY,-0.02620576027476002,Sell
2024-07-08,MET,-0.026176011073691142,Sell
2024-07-08,MNST,-0.02643648830283146,Sell
2024-07-08,AMTD,0.00042353565572911256,Buy
2024-07-08,BAX,0.02523393282891989,Buy
2024-07-08,HP,7.211566943884917e-05,Buy
2024-07-08,XLP,0.026169304372242422,Buy
2024-07-08,NVDA,0.00038781921456990803,Buy
2024-07-08,WEN,0.02631578947368421,Buy
2024-07-08,DAL,-8.210394687778802e-05,Sell
2024-07-08,HYG,-0.00011259987577653605,Sell
2024-07-08,SPWR,-0.0008105935667145868,Sell
2024-07-08,RRC,-0.026451403940421593,Sell
2024-07-08,CAG,-0.02635844681579148,Sell
2024-07-08,QCOM,0.00016677046166621232,Buy
2024-07-08,JNJ,0.02631578947368421,Buy
2024-07-08,STI,-0.0008385904488968331,Sell
2024-07-08,HAS,-0.026321108781698268,Sell
2024-07-08,TRV,-0.0002005759479017273,Sell
2024-07-08,VTR,0.02592511290870798,Buy
2024-07-08,BBT,-0.026376210609578805,Sell
2024-07-08,BDX,0.0003613073124923913,Buy
2024-07-08,WFC,0.00037400818134253333,Buy
2024-07-08,EOG,-0.02635469343355671,Sell
2024-07-08,QQQ,0.026272282469149852,Buy
2024-07-08,SIRI,0.022960199323299825,Buy
2024-07-08,ANF,0.0009621777849056039,Buy
2024-07-08,HTZ,-0.00039386245294839237,Sell
2024-07-08,ORCL,-6.965023122575131e-05,Sell
2024-07-08,CCL,-0.02631578947368421,Sell
2024-07-08,TSM,0.0002702339987641911,Buy
2024-07-08,MAR,0.02631578947368421,Buy
2024-07-08,GOLD,0.02631578947368421,Buy
2024-07-08,KO,0.05219688341914688,Buy
2024-07-08,D,-1.1577396644375793e-05,Sell
2024-07-08,PVH,-0.02631578947368421,Sell
2024-07-08,RL,-0.02631578947368421,Sell
2024-07-08,HUM,8.573080774305214e-06,Buy
2024-07-08,NTAP,-0.02631578947368421,Sell
2024-07-08,TRIP,-0.02631578947368421,Sell
2024-07-08,BX,0.02631578947368421,Buy
2024-07-08,MRVL,0.0009232133884452334,Buy
2024-07-08,PCG,0.02631578947368421,Buy
2024-07-08,CME,0.0002966733940314714,Buy
2024-07-08,CSIQ,-0.02631578947368421,Sell
2024-07-08,BSX,0.02631578947368421,Buy
2024-07-08,XLE,0.02631578947368421,Buy
2024-07-08,M,0.025262441327565333,Buy
2024-07-08,COF,0.00014245863168230177,Buy
2024-07-08,ENB,-0.026040664103357786,Sell
2024-07-08,VZ,5.9283253812148634e-05,Buy
2024-07-08,CAT,-0.026266623636273353,Sell
2024-07-08,MRK,0.0002447105732410644,Buy
2024-07-08,BMY,-0.02631578947368421,Sell
2024-07-09,MNST,0.02631578947368421,Buy
2024-07-09,CNC,0.02631578947368421,Buy
2024-07-09,AMTD,-0.026099219775974285,Sell
2024-07-09,A,-0.02631578947368421,Sell
2024-07-09,HP,1.0938650070690253e-05,Buy
2024-07-09,NVDA,0.0005959298565042827,Buy
2024-07-09,WEN,3.8874468791503386e-05,Buy
2024-07-09,DAL,-0.026566274426648953,Sell
2024-07-09,AA,0.02631578947368421,Buy
2024-07-09,HYG,0.02622978908522278,Buy
2024-07-09,SPWR,-0.00012197090615759243,Sell
2024-07-09,CAG,0.02631578947368421,Buy
2024-07-09,QCOM,-0.00015272804595657316,Sell
2024-07-09,JNJ,-0.02654372418250847,Sell
2024-07-09,STI,0.026086032164402934,Buy
2024-07-09,TRV,0.00019562158263022877,Buy
2024-07-09,DPZ,0.02631578947368421,Buy
2024-07-09,VTR,-0.02631578947368421,Sell
2024-07-09,EWC,0.02631578947368421,Buy
2024-07-09,BDX,0.0005293452142977606,Buy
2024-07-09,WFC,-0.0003316990128486817,Sell
2024-07-09,ANF,4.897271618742316e-05,Buy
2024-07-09,HTZ,-0.0020249879137138015,Sell
2024-07-09,ORCL,0.02547267463795385,Buy
2024-07-09,DLTR,0.02631578947368421,Buy
2024-07-09,CCL,0.0004529922352567821,Buy
2024-07-09,TSM,-0.0003523552485545471,Sell
2024-07-09,MS,-0.02631578947368421,Sell
2024-07-09,MAR,0.00031165201119338556,Buy
2024-07-09,GOLD,-0.026543710632161082,Sell
2024-07-09,KO,0.00016808164677982462,Buy
2024-07-09,D,-2.4385175071663795e-05,Sell
2024-07-09,ULTA,-0.02631578947368421,Sell
2024-07-09,PVH,0.026211066832325196,Buy
2024-07-09,RL,0.00030343401546765666,Buy
2024-07-09,HUM,0.0001522492944111692,Buy
2024-07-09,NTAP,0.0003421169051118708,Buy
2024-07-09,NWSA,-0.02631578947368421,Sell
2024-07-09,TRIP,0.052018946105427,Buy
2024-07-09,BX,-0.02637121956805391,Sell
2024-07-09,MRVL,0.025885225259400655,Buy
2024-07-09,PCG,-0.026504890077830818,Sell
2024-07-09,NTES,-0.02631578947368421,Sell
2024-07-09,CME,0.00010260402351409265,Buy
2024-07-09,CLX,0.02631578947368421,Buy
2024-07-09,PRGO,-0.02631578947368421,Sell
2024-07-09,CSIQ,0.02644633054835745,Buy
2024-07-09,BSX,-0.026398338928891825,Sell
2024-07-09,XLE,0.0002871321270950175,Buy
2024-07-09,M,-0.02631578947368421,Sell
2024-07-09,COF,-0.02648848712450324,Sell
2024-07-09,VZ,0.026114889400039996,Buy
2024-07-09,MRK,-0.02631460589405968,Sell
2024-07-09,BMY,0.0005158392475358813,Buy
2024-07-10,MNST,-8.846110313664307e-05,Sell
2024-07-10,CNC,-0.026746913911111798,Sell
2024-07-10,AMTD,0.02631578947368421,Buy
2024-07-10,A,0.026724789758548275,Buy
2024-07-10,HP,0.026850909416408678,Buy
2024-07-10,NVDA,0.0007707170187380048,Buy
2024-07-10,WEN,-0.026411074592154648,Sell
2024-07-10,DAL,0.02631578947368421,Buy
2024-07-10,AA,0.0011610957457657625,Buy
2024-07-10,SPWR,0.00029208584563332127,Buy
2024-07-10,RRC,0.02631578947368421,Buy
2024-07-10,CAG,-0.00012622419814299277,Sell
2024-07-10,QCOM,0.00027593201686251095,Buy
2024-07-10,NDAQ,-0.02631578947368421,Sell
2024-07-10,TRV,-0.026903662580694432,Sell
2024-07-10,DPZ,-0.026386599979321256,Sell
2024-07-10,VTR,0.026312123258393837,Buy
2024-07-10,EWC,-0.02678530500501982,Sell
2024-07-10,BDX,-0.00034782639340998067,Sell
2024-07-10,MU,-0.02631578947368421,Sell
2024-07-10,WFC,8.50190955021396e-06,Buy
2024-07-10,QQQ,-0.02631578947368421,Sell
2024-07-10,SIRI,0.02631578947368421,Buy
2024-07-10,ANF,-0.0006944476781538533,Sell
2024-07-10,HTZ,0.02709068113260521,Buy
2024-07-10,DLTR,0.00033103785432092234,Buy
2024-07-10,CCL,0.02614198771818529,Buy
2024-07-10,TSM,0.0009954582045268827,Buy
2024-07-10,MS,0.026596273052888444,Buy
2024-07-10,MAR,-0.026933045766861452,Sell
2024-07-10,ILMN,-0.02631578947368421,Sell
2024-07-10,TRP,-0.02631578947368421,Sell
2024-07-10,KO,-0.00012088796482225342,Sell
2024-07-10,D,-0.0002059119857248555,Sell
2024-07-10,ULTA,0.026379098723445925,Buy
2024-07-10,RL,-1.2973564952105388e-05,Sell
2024-07-10,HUM,0.00047245334148786,Buy
2024-07-10,NTAP,0.0005672054170381621,Buy
2024-07-10,NWSA,0.00012858935184602988,Buy
2024-07-10,TRIP,-0.026468049759182953,Sell
2024-07-10,PCG,-0.02631578947368421,Sell
2024-07-10,NTES,0.05173195310114055,Buy
2024-07-10,CME,7.897978767774233e-05,Buy
2024-07-10,CP,-0.02631578947368421,Sell
2024-07-10,CLX,-0.02694392941297492,Sell
2024-07-10,PRGO,0.0007291392418984112,Buy
2024-07-10,OHI,-0.02631578947368421,Sell
2024-07-10,BSX,-0.02631578947368421,Sell
2024-07-10,XLE,-0.0002402884098885935,Sell
2024-07-10,M,0.026307869642033646,Buy
2024-07-10,COF,0.02631578947368421,Buy
2024-07-10,ZUMZ,0.02631578947368421,Buy
2024-07-10,MT,0.02631578947368421,Buy
2024-07-10,BMY,0.00022982315013083884,Buy
2024-07-11,MNST,-0.02627466011401711,Sell
2024-07-11,AMTD,-0.025732274120381073,Sell
2024-07-11,BAX,-0.02631578947368421,Sell
2024-07-11,A,-0.02631578947368421,Sell
2024-07-11,HP,-0.02631578947368421,Sell
2024-07-11,HOG,-0.02631578947368421,Sell
2024-07-11,NVDA,0.024599835889616724,Buy
2024-07-11,WEN,-0.02631578947368421,Sell
2024-07-11,DAL,0.001305380355398695,Buy
2024-07-11,AA,-0.02653763097858592,Sell
2024-07-11,HYG,-0.02631578947368421,Sell
2024-07-11,SPWR,-0.0022151146483209427,Sell
2024-07-11,NSC,-0.02631578947368421,Sell
2024-07-11,ICE,-0.02631578947368421,Sell
2024-07-11,RRC,-0.0002008719591251526,Sell
2024-07-11,CAG,0.000654637517017137,Buy
2024-07-11,GREK,0.02631578947368421,Buy
2024-07-11,QCOM,0.05124914275792698,Buy
2024-07-11,JNJ,0.02631578947368421,Buy
2024-07-11,NDAQ,0.0262908880333889,Buy
2024-07-11,HAS,-0.02631578947368421,Sell
2024-07-11,DPZ,0.02631578947368421,Buy
2024-07-11,VTR,-0.02631578947368421,Sell
2024-07-11,DHI,-0.02631578947368421,Sell
2024-07-11,BBT,-0.02631578947368421,Sell
2024-07-11,BDX,0.00014132669441448142,Buy
2024-07-11,MU,0.05118920517055661,Buy
2024-07-11,WFC,7.390384295634725e-05,Buy
2024-07-11,QQQ,0.051794465592393604,Buy
2024-07-11,SIRI,-0.026792121602095865,Sell
2024-07-11,ANF,-0.00031221936080048224,Sell
2024-07-11,DLTR,-0.027130287109581562,Sell
2024-07-11,TSM,0.025156858587191643,Buy
2024-07-11,MAR,0.02631578947368421,Buy
2024-07-11,XRT,-0.02631578947368421,Sell
2024-07-11,ILMN,0.0008459573043664292,Buy
2024-07-11,TRP,0.026307340457186447,Buy
2024-07-11,KO,-0.02616189994625352,Sell
2024-07-11,D,-0.027034361969477894,Sell
2024-07-11,EW,0.02631578947368421,Buy
2024-07-11,RL,0.0004560804965023611,Buy
2024-07-11,HUM,-0.0002273584433942176,Sell
2024-07-11,NTAP,0.05175426483896906,Buy
2024-07-11,NWSA,0.026096825970886275,Buy
2024-07-11,TRIP,-0.02631578947368421,Sell
2024-07-11,PCG,0.026522516166367006,Buy
2024-07-11,NTES,-0.026538413028842283,Sell
2024-07-11,CME,-0.026348704433872598,Sell
2024-07-11,CP,0.02671074980462466,Buy
2024-07-11,PRGO,0.00038637510174344483,Buy
2024-07-11,OHI,0.026333109432394294,Buy
2024-07-11,BSX,0.025975633529579188,Buy
2024-07-11,XLE,-0.02632107079568611,Sell
2024-07-11,COF,-0.00018800875338727957,Sell
2024-07-11,ENB,0.02631578947368421,Buy
2024-07-11,ZUMZ,-0.027403693220874926,Sell
2024-07-11,MT,-0.00035687480179827716,Sell
2024-07-11,VZ,0.02631578947368421,Buy
2024-07-11,BMY,0.025815558574851676,Buy
2024-07-12,AMTD,0.02631578947368421,Buy
2024-07-12,BAX,2.273233486024817e-05,Buy
2024-07-12,A,0.00023122467274125022,Buy
2024-07-12,HP,0.0002377012388153285,Buy
2024-07-12,HOG,0.026541871235487607,Buy
2024-07-12,NVDA,-0.02631578947368421,Sell
2024-07-12,WEN,0.02615431754002437,Buy
2024-07-12,DAL,0.0008516187999524985,Buy
2024-07-12,HYG,0.026331482503124705,Buy
2024-07-12,SPWR,-0.0022319790250578952,Sell
2024-07-12,NSC,0.026312683316527703,Buy
2024-07-12,ICE,0.0001712668811177931,Buy
2024-07-12,RRC,-0.0005105749669746355,Sell
2024-07-12,CAG,7.960159197445069e-05,Buy
2024-07-12,GREK,-0.026497374612956547,Sell
2024-07-12,QCOM,-0.026603002704920813,Sell
2024-07-12,JNJ,2.0267331902128205e-05,Buy
2024-07-12,STI,0.02631578947368421,Buy
2024-07-12,HAS,0.00046823846389758284,Buy
2024-07-12,TRV,0.02631578947368421,Buy
2024-07-12,DPZ,-0.05360067094964057,Sell
2024-07-12,VTR,0.0523219533011528,Buy
2024-07-12,DHI,0.0006515452899450262,Buy
2024-07-12,BBT,0.026361906422802086,Buy
2024-07-12,BDX,-0.026750831393622897,Sell
2024-07-12,MU,-0.053249299388720486,Sell
2024-07-12,WFC,0.0016322192223745986,Buy
2024-07-12,QQQ,-0.02641824540037187,Sell
2024-07-12,SIRI,-0.02631578947368421,Sell
2024-07-12,ANF,-0.0001349589194618514,Sell
2024-07-12,HTZ,-0.02631578947368421,Sell
2024-07-12,ORCL,-0.02631578947368421,Sell
2024-07-12,TSM,-0.02631578947368421,Sell
2024-07-12,ALK,-0.02631578947368421,Sell
2024-07-12,MAR,-0.02659364536786511,Sell
2024-07-12,XRT,0.026462992799346545,Buy
2024-07-12,ILMN,0.02583882661293821,Buy
2024-07-12,WMB,-0.02631578947368421,Sell
2024-07-12,D,0.02631578947368421,Buy
2024-07-12,EW,0.0005779699406219356,Buy
2024-07-12,RL,0.025926974557854587,Buy
2024-07-12,HUM,0.00012037691296535105,Buy
2024-07-12,NTAP,0.0003095694741511064,Buy
2024-07-12,TRIP,0.02616146853214626,Buy
2024-07-12,RF,0.02631578947368421,Buy
2024-07-12,CME,0.02631578947368421,Buy
2024-07-12,PRGO,0.025924322632061195,Buy
2024-07-12,CSIQ,-0.02631578947368421,Sell
2024-07-12,BSX,-0.02631578947368421,Sell
2024-07-12,XLE,0.02631578947368421,Buy
2024-07-12,COF,0.00016144429686442904,Buy
2024-07-12,ENB,-0.02648403675871667,Sell
2024-07-12,MT,-0.0004364203625878138,Sell
2024-07-12,VZ,-0.026346618647920463,Sell
2024-07-12,MRK,0.02631578947368421,Buy
2024-07-15,CNC,0.02631578947368421,Buy
2024-07-15,AMTD,0.0008534288236736708,Buy
2024-07-15,BAX,0.02526904198273501,Buy
2024-07-15,A,0.02603085773202747,Buy
2024-07-15,HP,0.0014039005403125651,Buy
2024-07-15,NVDA,-0.00020516024721465784,Sell
2024-07-15,WEN,-0.02631578947368421,Sell
2024-07-15,DAL,0.0004159623243807087,Buy
2024-07-15,SPWR,0.001994254459756182,Buy
2024-07-15,ICE,0.026170579444167754,Buy
2024-07-15,RRC,-0.02628835433284225,Sell
2024-07-15,CAG,-0.00018915957659121352,Sell
2024-07-15,QCOM,-0.02631578947368421,Sell
2024-07-15,JNJ,0.00015470866892854096,Buy
2024-07-15,STI,-0.051722900999394535,Sell
2024-07-15,HAS,0.026172108978857415,Buy
2024-07-15,TRV,-0.026496760052662632,Sell
2024-07-15,DPZ,-0.0004942411282562904,Sell
2024-07-15,VTR,-0.02636341240798362,Sell
2024-07-15,DHI,0.02600325348012158,Buy
2024-07-15,BBT,-0.02631578947368421,Sell
2024-07-15,MU,0.025746020121896744,Buy
2024-07-15,WFC,-0.0005104491784874432,Sell
2024-07-15,EOG,-0.02631578947368421,Sell
2024-07-15,QQQ,-0.02631578947368421,Sell
2024-07-15,EWI,0.02631578947368421,Buy
2024-07-15,SIRI,0.027547977853335487,Buy
2024-07-15,ANF,-0.0009388267878124301,Sell
2024-07-15,HTZ,0.02776901826807272,Buy
2024-07-15,ORCL,0.025964745788639308,Buy
2024-07-15,DLTR,0.02631578947368421,Buy
2024-07-15,TSM,-0.0003412300646516257,Sell
2024-07-15,ALK,0.026300624538470666,Buy
2024-07-15,WMB,0.05233231370631738,Buy
2024-07-15,D,0.0005177386936158594,Buy
2024-07-15,ULTA,0.02631578947368421,Buy
2024-07-15,PVH,0.02631578947368421,Buy
2024-07-15,EW,0.00047276168350070605,Buy
2024-07-15,RL,0.02631578947368421,Buy
2024-07-15,HUM,9.425834412690043e-05,Buy
2024-07-15,NTAP,-0.026315652029632115,Sell
2024-07-15,TRIP,-0.02631578947368421,Sell
2024-07-15,BX,-0.02631578947368421,Sell
2024-07-15,PCG,0.02631578947368421,Buy
2024-07-15,RF,-0.05326930835427325,Sell
2024-07-15,CME,-0.026759530513901963,Sell
2024-07-15,OHI,-0.02631578947368421,Sell
2024-07-15,SYK,0.02631578947368421,Buy
2024-07-15,CSIQ,-0.002976982651279419,Sell
2024-07-15,BSX,0.02638486074059747,Buy
2024-07-15,XLE,-0.026670898167941222,Sell
2024-07-15,M,-0.02631578947368421,Sell
2024-07-15,COF,-0.027450161798499028,Sell
2024-07-15,ENB,0.02631578947368421,Buy
2024-07-15,MT,-0.0261394433938827,Sell
2024-07-15,VZ,0.02631578947368421,Buy
2024-07-15,CAT,-0.02631578947368421,Sell
2024-07-15,MRK,-0.026347294068543407,Sell
2024-07-16,CNC,-0.05398721904882409,Sell
2024-07-16,AMTD,-0.0004470446116901991,Sell
2024-07-16,BAX,-0.02631578947368421,Sell
2024-07-16,A,-0.02631578947368421,Sell
2024-07-16,HP,0.02724556119458609,Buy
2024-07-16,NVDA,-0.0003175534879005064,Sell
2024-07-16,WEN,0.0013095023534485314,Buy
2024-07-16,DAL,-0.028282175334597946,Sell
2024-07-16,SPWR,-0.00011040551734403659,Sell
2024-07-16,RRC,0.02631578947368421,Buy
2024-07-16,CAG,-0.0004707578823054809,Sell
2024-07-16,QCOM,0.0002957399351056246,Buy
2024-07-16,JNJ,-0.000423819592844054,Sell
2024-07-16,STI,0.02798774196042597,Buy
2024-07-16,DPZ,0.026799312892577087,Buy
2024-07-16,VTR,-0.02631578947368421,Sell
2024-07-16,BBT,0.001360296417983499,Buy
2024-07-16,MU,0.02631578947368421,Buy
2024-07-16,WFC,-0.027575155938565667,Sell
2024-07-16,EOG,0.026201081028217704,Buy
2024-07-16,QQQ,0.026436314744900068,Buy
2024-07-16,EWI,-0.000293529907512205,Sell
2024-07-16,ANF,0.0005447092012626047,Buy
2024-07-16,HTZ,0.02631578947368421,Buy
2024-07-16,DLTR,-0.00036237388994643516,Sell
2024-07-16,TSM,0.0002274006082962389,Buy
2024-07-16,MAR,-0.02631578947368421,Sell
2024-07-16,KEY,-0.02631578947368421,Sell
2024-07-16,ILMN,-0.02631578947368421,Sell
2024-07-16,WMB,1.9992874461575993e-05,Buy
2024-07-16,D,-0.00024504748234669554,Sell
2024-07-16,ULTA,-0.02739855326974684,Sell
2024-07-16,PVH,-0.027087549625155624,Sell
2024-07-16,EW,0.0004122120963223133,Buy
2024-07-16,RL,-0.026755246981680785,Sell
2024-07-16,HUM,0.0008938184770804804,Buy
2024-07-16,NTAP,-0.02631578947368421,Sell
2024-07-16,TRIP,0.026470215201193904,Buy
2024-07-16,BX,0.027352521337060568,Buy
2024-07-16,PCG,-0.00018518273073292457,Sell
2024-07-16,NTES,0.02631578947368421,Buy
2024-07-16,RF,0.001079366104512515,Buy
2024-07-16,CME,0.02631578947368421,Buy
2024-07-16,OHI,0.000662047463473564,Buy
2024-07-16,SYK,-0.0005021034172409122,Sell
2024-07-16,CSIQ,0.028870833295319014,Buy
2024-07-16,M,4.766955094085562e-05,Buy
2024-07-16,ENB,-0.0002728448257065669,Sell
2024-07-16,MT,0.02631578947368421,Buy
2024-07-16,VZ,-0.026853785581271546,Sell
2024-07-16,CAT,0.0012422903947462809,Buy
2024-07-16,MRK,0.02631578947368421,Buy
2024-07-17,CNC,0.025565311510812674,Buy
2024-07-17,AMTD,-0.02605927160161513,Sell
2024-07-17,BAX,-0.00015386909603700913,Sell
2024-07-17,VWO,0.02631578947368421,Buy
2024-07-17,A,0.02556895950046521,Buy
2024-07-17,XLP,-0.02631578947368421,Sell
2024-07-17,NVDA,0.024333122258769022,Buy
2024-07-17,WEN,0.0001350220150222771,Buy
2024-07-17,DAL,-0.02631578947368421,Sell
2024-07-17,SPWR,0.0017042557159357673,Buy
2024-07-17,RRC,-0.025275075893016013,Sell
2024-07-17,CAG,-0.05339082642023306,Sell
2024-07-17,QCOM,0.050132602268681895,Buy
2024-07-17,JNJ,-0.05333625509298784,Sell
2024-07-17,KMB,-0.02631578947368421,Sell
2024-07-17,DPZ,0.02631578947368421,Buy
2024-07-17,VTR,-9.456563179637695e-05,Sell
2024-07-17,EWC,0.02631578947368421,Buy
2024-07-17,BBT,0.0003467522630380415,Buy
2024-07-17,MU,0.0018896919353411645,Buy
2024-07-17,QQQ,0.02631578947368421,Buy
2024-07-17,EWI,0.00028410784903091374,Buy
2024-07-17,ANF,-0.0024475318620609393,Sell
2024-07-17,HTZ,-0.026407504855670078,Sell
2024-07-17,ORCL,0.02631578947368421,Buy
2024-07-17,DLTR,-0.02618854782555186,Sell
2024-07-17,TSM,0.05029637102147387,Buy
2024-07-17,MS,-0.02631578947368421,Sell
2024-07-17,MAR,0.025287025503800555,Buy
2024-07-17,KEY,0.00010202163635947628,Buy
2024-07-17,ILMN,0.02494806334475229,Buy
2024-07-17,KGC,0.02631578947368421,Buy
2024-07-17,WMB,-0.026243873698065013,Sell
2024-07-17,D,-0.026440331415301402,Sell
2024-07-17,EW,0.0003812761617577355,Buy
2024-07-17,RL,0.02631578947368421,Buy
2024-07-17,HUM,0.00017626743729534655,Buy
2024-07-17,NTAP,0.05154926010834682,Buy
2024-07-17,WSM,0.02631578947368421,Buy
2024-07-17,TRIP,0.02631578947368421,Buy
2024-07-17,PCG,-0.026382813139402737,Sell
2024-07-17,NTES,-0.026050868782286785,Sell
2024-07-17,RF,0.00015047006318278516,Buy
2024-07-17,CME,-0.0265992868831232,Sell
2024-07-17,PRGO,-0.02631578947368421,Sell
2024-07-17,OHI,-0.0001835175892133771,Sell
2024-07-17,SYK,0.00016195084929893772,Buy
2024-07-17,CSIQ,-0.02631578947368421,Sell
2024-07-17,BSX,0.02631578947368421,Buy
2024-07-17,M,-0.0002565178720690779,Sell
2024-07-17,ENB,-0.02622571762078362,Sell
2024-07-17,MT,-0.026194471063653565,Sell
2024-07-17,CAT,0.025858358014610346,Buy
2024-07-17,MRK,0.00016303400430098952,Buy
2024-07-17,BMY,-0.02631578947368421,Sell
2024-07-18,AMTD,0.02631578947368421,Buy
2024-07-18,BAX,0.00017220466955931643,Buy
2024-07-18,VWO,5.86393466148194e-05,Buy
2024-07-18,HP,-0.02631578947368421,Sell
2024-07-18,XLP,0.02635679935204531,Buy
2024-07-18,NVDA,-0.02631578947368421,Sell
2024-07-18,WEN,0.02624112422375757,Buy
2024-07-18,DAL,0.026001763313518934,Buy
2024-07-18,SPWR,0.0019052851885657043,Buy
2024-07-18,CAG,0.02646161144001809,Buy
2024-07-18,QCOM,-0.0001528467140722127,Sell
2024-07-18,JNJ,0.026291762454599393,Buy
2024-07-18,STI,-0.02631578947368421,Sell
2024-07-18,KMB,0.0002663151668756032,Buy
2024-07-18,NDAQ,-0.02631578947368421,Sell
2024-07-18,DPZ,0.003422621293174489,Buy
2024-07-18,VTR,0.026378928857170175,Buy
2024-07-18,DHI,-0.02631578947368421,Sell
2024-07-18,EWC,3.2863215085922326e-05,Buy
2024-07-18,BBT,0.0003392256410943567,Buy
2024-07-18,MU,-0.026033593110902274,Sell
2024-07-18,WFC,0.02631578947368421,Buy
2024-07-18,QQQ,-4.6850464834033434e-05,Sell
2024-07-18,EWI,-0.02644587953264473,Sell
2024-07-18,SIRI,-0.02631578947368421,Sell
2024-07-18,ANF,0.00037624570426224996,Buy
2024-07-18,HTZ,-0.02631578947368421,Sell
2024-07-18,ORCL,-0.02625403849180071,Sell
2024-07-18,TSM,-0.026591650880782053,Sell
2024-07-18,MS,0.0259555560254601,Buy
2024-07-18,KEY,0.02542586024338356,Buy
2024-07-18,KGC,0.00023755475041519966,Buy
2024-07-18,GOLD,-0.02631578947368421,Sell
2024-07-18,WMB,-0.02631578947368421,Sell
2024-07-18,ULTA,0.02631578947368421,Buy
2024-07-18,PVH,0.02631578947368421,Buy
2024-07-18,EW,0.0002828633905239651,Buy
2024-07-18,RL,0.00013212800513108178,Buy
2024-07-18,HUM,0.025613340314648906,Buy
2024-07-18,NTAP,0.00010427410876737847,Buy
2024-07-18,WSM,-0.02625678864077662,Sell
2024-07-18,TRIP,0.00019527581698849938,Buy
2024-07-18,BX,-0.02631578947368421,Sell
2024-07-18,PCG,0.02631578947368421,Buy
2024-07-18,RF,0.00014824862571233277,Buy
2024-07-18,PRGO,0.026421105589667343,Buy
2024-07-18,OHI,0.00025359483653632914,Buy
2024-07-18,SYK,9.77105576758508e-05,Buy
2024-07-18,CSIQ,0.0004932724900068609,Buy
2024-07-18,BSX,0.0004642464729631979,Buy
2024-07-18,XLE,-0.02631578947368421,Sell
2024-07-18,M,-0.00039505522117403574,Sell
2024-07-18,MRK,0.0001728633575733378,Buy
2024-07-18,BMY,0.026021461167961543,Buy
2024-07-19,PPG,0.02631578947368421,Buy
2024-07-19,AMTD,-0.025665560811873656,Sell
2024-07-19,BAX,-0.0003922519572469238,Sell
2024-07-19,VWO,0.00040388094330559565,Buy
2024-07-19,HP,0.02548522762238804,Buy
2024-07-19,NVDA,0.025482718768099814,Buy
2024-07-19,SPWR,-0.0005920376848733838,Sell
2024-07-19,NSC,0.02631578947368421,Buy
2024-07-19,GREK,-0.02631578947368421,Sell
2024-07-19,QCOM,-0.02544805630387908,Sell
2024-07-19,STI,0.05102768911014996,Buy
2024-07-19,KMB,0.026087437297926067,Buy
2024-07-19,NDAQ,0.026178102502442173,Buy
2024-07-19,TRV,0.02631578947368421,Buy
2024-07-19,DPZ,0.00046177643105911603,Buy
2024-07-19,DHI,-8.687677652487527e-05,Sell
2024-07-19,EWC,0.00019788415003448023,Buy
2024-07-19,BBT,5.228979585198551e-05,Buy
2024-07-19,EBAY,0.02631578947368421,Buy
2024-07-19,WFC,0.00015466564965661844,Buy
2024-07-19,EOG,0.02631578947368421,Buy
2024-07-19,QQQ,-0.02593362216600145,Sell
2024-07-19,SIRI,0.025787428453127093,Buy
2024-07-19,ANF,0.00010477263625409405,Buy
2024-07-19,HTZ,-0.0022939324549598773,Sell
2024-07-19,ORCL,-0.02631578947368421,Sell
2024-07-19,TSM,0.02631578947368421,Buy
2024-07-19,MS,0.02631578947368421,Buy
2024-07-19,KGC,0.00041454733245595635,Buy
2024-07-19,GOLD,-0.00021445351499647589,Sell
2024-07-19,WMB,0.00028503719097536587,Buy
2024-07-19,TRP,-0.02631578947368421,Sell
2024-07-19,D,0.02631578947368421,Buy
2024-07-19,ULTA,-0.026019112954374948,Sell
2024-07-19,PVH,0.0003797485057286387,Buy
2024-07-19,EW,-6.01497276166707e-05,Sell
2024-07-19,RL,0.0005339153008019626,Buy
2024-07-19,HUM,-0.02631578947368421,Sell
2024-07-19,NTAP,-0.02619251789166356,Sell
2024-07-19,TRIP,0.00029749482693318743,Buy
2024-07-19,BX,0.00026791012220064164,Buy
2024-07-19,PCG,-0.02638542271193531,Sell
2024-07-19,RF,0.026165540791551974,Buy
2024-07-19,HMC,-0.02631578947368421,Sell
2024-07-19,CP,-0.02631578947368421,Sell
2024-07-19,PRGO,-0.02631578947368421,Sell
2024-07-19,OHI,-0.00015024868213223477,Sell
2024-07-19,SYK,-0.02693337629589022,Sell
2024-07-19,CSIQ,-0.001576036825448511,Sell
2024-07-19,BSX,-0.05317745986331682,Sell
2024-07-19,XLE,0.025879762345271267,Buy
2024-07-19,M,0.026038295419080388,Buy
2024-07-19,MRK,-0.026485634392030114,Sell
2024-07-19,BMY,-0.02631578947368421,Sell
2024-07-22,MNST,-0.02631578947368421,Sell
2024-07-22,PPG,-0.026387917902528906,Sell
2024-07-22,AMTD,0.02631578947368421,Buy
2024-07-22,BAX,1.1742458414273904e-05,Buy
2024-07-22,VWO,-0.026523783383929866,Sell
2024-07-22,HP,0.02631578947368421,Buy
2024-07-22,NVDA,-0.02631578947368421,Sell
2024-07-22,DAL,0.02631578947368421,Buy
2024-07-22,SPWR,-0.053543457100161576,Sell
2024-07-22,NSC,-0.02632931599457993,Sell
2024-07-22,GREK,0.0005894620002937813,Buy
2024-07-22,STI,-0.0006235860873639691,Sell
2024-07-22,NDAQ,-0.02631578947368421,Sell
2024-07-22,TRV,-0.00025523220027209165,Sell
2024-07-22,DPZ,-0.027061162330437077,Sell
2024-07-22,DHI,0.026822739659024274,Buy
2024-07-22,EWC,-0.00018944917746740314,Sell
2024-07-22,BBT,0.05259735668183962,Buy
2024-07-22,EBAY,-0.026472306053069793,Sell
2024-07-22,WFC,3.570237489562006e-05,Buy
2024-07-22,EOG,0.00047018381321429353,Buy
2024-07-22,QQQ,-0.02631578947368421,Sell
2024-07-22,ANF,-1.0653507721385125e-05,Sell
2024-07-22,HTZ,0.0009714328681598161,Buy
2024-07-22,ORCL,0.00031011730776808397,Buy
2024-07-22,TSM,-0.053204286211814,Sell
2024-07-22,MS,-9.45223544294195e-05,Sell
2024-07-22,KEY,0.02631578947368421,Buy
2024-07-22,KGC,-0.000272862603326738,Sell
2024-07-22,GOLD,0.0004071131305783543,Buy
2024-07-22,WMB,0.00046489725886342953,Buy
2024-07-22,TRP,0.026704406070496768,Buy
2024-07-22,D,-0.00020395737411985082,Sell
2024-07-22,ULTA,0.02631578947368421,Buy
2024-07-22,PVH,-0.026665500376913235,Sell
2024-07-22,EW,-0.026773453702182273,Sell
2024-07-22,RL,-0.00046602093144648693,Sell
2024-07-22,HUM,0.026155655252302724,Buy
2024-07-22,NTAP,-0.02631578947368421,Sell
2024-07-22,TRIP,-0.02672225464198794,Sell
2024-07-22,BX,0.0004961603387048825,Buy
2024-07-22,HMC,0.0007579688222288002,Buy
2024-07-22,CME,0.02631578947368421,Buy
2024-07-22,CP,0.026338984454992068,Buy
2024-07-22,CLX,0.02631578947368421,Buy
2024-07-22,PRGO,0.026085078842986675,Buy
2024-07-22,OHI,0.0003047933030704518,Buy
2024-07-22,SYK,0.02631578947368421,Buy
2024-07-22,CSIQ,0.0003543355520035027,Buy
2024-07-22,BSX,0.026561018624607136,Buy
2024-07-22,COF,0.02631578947368421,Buy
2024-07-22,ZUMZ,-0.02631578947368421,Sell
2024-07-22,BMY,0.026338603292379588,Buy
2024-07-23,MNST,-7.893059309403011e-06,Sell
2024-07-23,CNC,0.02631578947368421,Buy
2024-07-23,PPG,0.02631578947368421,Buy
2024-07-23,AMTD,-0.027373544544495653,Sell
2024-07-23,BAX,-4.877685114016567e-05,Sell
2024-07-23,VWO,0.02631578947368421,Buy
2024-07-23,A,0.02631578947368421,Buy
2024-07-23,HP,-0.02630616080273097,Sell
2024-07-23,NVDA,-0.00018425405208839785,Sell
2024-07-23,DAL,0.00011392984676152768,Buy
2024-07-23,SPWR,0.05317651161475527,Buy
2024-07-23,GREK,0.026132972036154244,Buy
2024-07-23,JNJ,0.02631578947368421,Buy
2024-07-23,STI,-0.026878884975232928,Sell
2024-07-23,NDAQ,6.003534322345655e-05,Buy
2024-07-23,TRV,-0.00041693897991313886,Sell
2024-07-23,EWC,0.00015889735776563468,Buy
2024-07-23,BBT,-0.026719891109992122,Sell
2024-07-23,EBAY,0.02631578947368421,Buy
2024-07-23,WFC,-0.00025425043699647126,Sell
2024-07-23,EOG,0.00040086737674936007,Buy
2024-07-23,QQQ,0.026241222420623805,Buy
2024-07-23,SIRI,0.02631578947368421,Buy
2024-07-23,ANF,0.0005136148697028782,Buy
2024-07-23,HTZ,-0.0009151067983877853,Sell
2024-07-23,ORCL,0.0005705974155498575,Buy
2024-07-23,CCL,-0.02631578947368421,Sell
2024-07-23,TSM,9.133606852847545e-05,Buy
2024-07-23,MS,-0.026606533318561946,Sell
2024-07-23,KEY,-0.026484327171651674,Sell
2024-07-23,KGC,-0.02668870938380824,Sell
2024-07-23,GOLD,0.026681378712069537,Buy
2024-07-23,WMB,0.025928174195680047,Buy
2024-07-23,D,0.000530797463800102,Buy
2024-07-23,ULTA,-0.02617402151988373,Sell
2024-07-23,PVH,0.02631578947368421,Buy
2024-07-23,RL,-0.026146176495626276,Sell
2024-07-23,NTAP,0.0001947144747670125,Buy
2024-07-23,NWSA,-0.02631578947368421,Sell
2024-07-23,BX,0.0004733856836746028,Buy
2024-07-23,HMC,0.02622000218997175,Buy
2024-07-23,CME,0.00030321454834681544,Buy
2024-07-23,CLX,7.47847427862644e-05,Buy
2024-07-23,PRGO,-0.02631578947368421,Sell
2024-07-23,OHI,0.00047503818804757805,Buy
2024-07-23,SYK,3.250752952118838e-05,Buy
2024-07-23,CSIQ,0.0002980516532967471,Buy
2024-07-23,BSX,-0.02631578947368421,Sell
2024-07-23,M,-0.02631578947368421,Sell
2024-07-23,COF,-0.026404819015329376,Sell
2024-07-23,ZUMZ,0.0004444801148338097,Buy
2024-07-23,VZ,0.02631578947368421,Buy
2024-07-23,BMY,-0.02631578947368421,Sell
2024-07-24,MNST,-0.0007184781761029081,Sell
2024-07-24,CNC,-0.026461207750114846,Sell
2024-07-24,PPG,0.0006501288678334889,Buy
2024-07-24,BAX,-0.00018484494319161854,Sell
2024-07-24,VWO,0.0006194990869363599,Buy
2024-07-24,A,-0.02666663237369773,Sell
2024-07-24,NVDA,0.024202250594419703,Buy
2024-07-24,DAL,-0.02556999105088715,Sell
2024-07-24,AA,-0.02631578947368421,Sell
2024-07-24,HYG,0.02631578947368421,Buy
2024-07-24,SPWR,0.0005165603550549083,Buy
2024-07-24,QCOM,0.02631578947368421,Buy
2024-07-24,JNJ,-0.026638854628780576,Sell
2024-07-24,KMB,0.02631578947368421,Buy
2024-07-24,NDAQ,0.025804416466131682,Buy
2024-07-24,TRV,-0.02586933399394568,Sell
2024-07-24,DPZ,-0.02631578947368421,Sell
2024-07-24,EWC,0.0005768242832421451,Buy
2024-07-24,EBAY,-0.026173825470727274,Sell
2024-07-24,WFC,-0.02586886377791758,Sell
2024-07-24,EOG,0.0003052444131632845,Buy
2024-07-24,QQQ,0.02631578947368421,Buy
2024-07-24,SIRI,-0.027267410619922175,Sell
2024-07-24,ANF,0.024786360786246363,Buy
2024-07-24,HTZ,-0.0013010678753760004,Sell
2024-07-24,ORCL,0.02518141504321825,Buy
2024-07-24,DLTR,0.02631578947368421,Buy
2024-07-24,CCL,0.02477060228973808,Buy
2024-07-24,TSM,-0.0018790931820216357,Sell
2024-07-24,MS,0.02631578947368421,Buy
2024-07-24,MAR,0.02631578947368421,Buy
2024-07-24,ILMN,-0.02631578947368421,Sell
2024-07-24,KGC,0.02631578947368421,Buy
2024-07-24,WMB,0.02631578947368421,Buy
2024-07-24,TRP,-0.02631578947368421,Sell
2024-07-24,KO,-0.02631578947368421,Sell
2024-07-24,D,-0.02669089245238453,Sell
2024-07-24,ULTA,-0.02631578947368421,Sell
2024-07-24,PVH,0.0011438973216265393,Buy
2024-07-24,RL,-0.02631578947368421,Sell
2024-07-24,HUM,-0.02631578947368421,Sell
2024-07-24,NTAP,0.051581254407562074,Buy
2024-07-24,NWSA,0.051554663071009726,Buy
2024-07-24,BX,0.02488586743760995,Buy
2024-07-24,MRVL,-0.02631578947368421,Sell
2024-07-24,CME,0.00037182006686672237,Buy
2024-07-24,CLX,-0.026015975674875545,Sell
2024-07-24,PRGO,-0.0003189124651542634,Sell
2024-07-24,OHI,0.02557538357960661,Buy
2024-07-24,SYK,-0.02586940950159515,Sell
2024-07-24,CSIQ,-0.0008446882795358525,Sell
2024-07-24,BSX,0.025694700800244642,Buy
2024-07-24,M,-0.0008566308474044493,Sell
2024-07-24,ENB,-0.02631578947368421,Sell
2024-07-24,ZUMZ,-0.0005927673427088415,Sell
2024-07-24,VZ,-0.026489805702100765,Sell
2024-07-24,CAT,0.02631578947368421,Buy
2024-07-24,BMY,0.0006682445089396631,Buy
2024-07-25,MNST,0.0004114199695533713,Buy
2024-07-25,PPG,-0.026603003113221897,Sell
2024-07-25,BAX,0.02615697077467241,Buy
2024-07-25,VWO,-7.222273299493584e-05,Sell
2024-07-25,CF,-0.02631578947368421,Sell
2024-07-25,HP,-0.02631578947368421,Sell
2024-07-25,HOG,-0.02631578947368421,Sell
2024-07-25,NVDA,0.02631578947368421,Buy
2024-07-25,AA,0.026511526564732376,Buy
2024-07-25,HYG,-0.026458531148806072,Sell
2024-07-25,SPWR,0.0010789800611571802,Buy
2024-07-25,CAG,0.02631578947368421,Buy
2024-07-25,QCOM,0.0006905233168993732,Buy
2024-07-25,STI,-0.02631578947368421,Sell
2024-07-25,KMB,-0.026560580647469117,Sell
2024-07-25,NDAQ,-0.02631578947368421,Sell
2024-07-25,HAS,-0.02631578947368421,Sell
2024-07-25,DPZ,0.0001667538004814055,Buy
2024-07-25,VTR,0.02631578947368421,Buy
2024-07-25,EWC,-0.0001045866231756537,Sell
2024-07-25,BBT,-0.02631578947368421,Sell
2024-07-25,BDX,0.02631578947368421,Buy
2024-07-25,MU,0.02631578947368421,Buy
2024-07-25,EOG,-0.026865390045008944,Sell
2024-07-25,QQQ,-0.02616339634698492,Sell
2024-07-25,SIRI,-0.02631578947368421,Sell
2024-07-25,HTZ,0.027896832371965757,Buy
2024-07-25,DLTR,0.00013109888009732104,Buy
2024-07-25,CCL,0.02631578947368421,Buy
2024-07-25,TSM,0.0265346027741441,Buy
2024-07-25,MS,-0.026867647369841183,Sell
2024-07-25,MAR,5.850859914439954e-06,Buy
2024-07-25,KEY,-0.02631578947368421,Sell
2024-07-25,ILMN,0.026684905146303436,Buy
2024-07-25,KGC,0.0007873304571046902,Buy
2024-07-25,WMB,0.0002778139704180324,Buy
2024-07-25,TRP,0.02651264900955117,Buy
2024-07-25,KO,0.00024386748618699175,Buy
2024-07-25,ULTA,-0.0003122957679497461,Sell
2024-07-25,PVH,-0.02624166252818444,Sell
2024-07-25,RL,0.026008058269234614,Buy
2024-07-25,HUM,0.02646198475972752,Buy
2024-07-25,NTAP,-0.026425672889653935,Sell
2024-07-25,NWSA,1.564681636205545e-05,Buy
2024-07-25,MRVL,0.02630713798263248,Buy
2024-07-25,PCG,0.02631578947368421,Buy
2024-07-25,RF,-0.02631578947368421,Sell
2024-07-25,CME,-0.02674081502322876,Sell
2024-07-25,PRGO,0.00026243977085946973,Buy
2024-07-25,OHI,0.02631578947368421,Buy
2024-07-25,SYK,0.02631578947368421,Buy
2024-07-25,CSIQ,0.027022272881621952,Buy
2024-07-25,BSX,0.02631578947368421,Buy
2024-07-25,XLE,-0.02631578947368421,Sell
2024-07-25,M,0.02642303289064011,Buy
2024-07-25,ENB,-3.4274630410290746e-05,Sell
2024-07-25,ZUMZ,0.0007831919873980651,Buy
2024-07-25,CAT,-0.027105415531895143,Sell
2024-07-25,BMY,0.0005006936423791498,Buy
2024-07-26,MNST,0.0005252954105560599,Buy
2024-07-26,CNC,-0.02631578947368421,Sell
2024-07-26,AMTD,0.02631578947368421,Buy
2024-07-26,VWO,-0.02666011598492023,Sell
2024-07-26,CF,0.026916213053827444,Buy
2024-07-26,HP,0.05206030210565466,Buy
2024-07-26,HOG,0.026686231876834804,Buy
2024-07-26,NVDA,-0.026550592119250097,Sell
2024-07-26,WEN,0.02631578947368421,Buy
2024-07-26,DAL,0.02631578947368421,Buy
2024-07-26,SPWR,0.0004939060095679945,Buy
2024-07-26,NSC,-0.02631578947368421,Sell
2024-07-26,CAG,-0.026733510037929755,Sell
2024-07-26,QCOM,-0.027067985485666447,Sell
2024-07-26,STI,0.027721245144895646,Buy
2024-07-26,NDAQ,-6.598012709897738e-05,Sell
2024-07-26,HAS,0.001050265543826534,Buy
2024-07-26,DPZ,0.025888652397746237,Buy
2024-07-26,VTR,-0.026645021065548433,Sell
2024-07-26,EWC,-0.026596397564735582,Sell
2024-07-26,BBT,9.872732180930127e-05,Buy
2024-07-26,BDX,-0.000563620088038029,Sell
2024-07-26,MU,-0.02684839314269194,Sell
2024-07-26,WFC,0.02631578947368421,Buy
2024-07-26,QQQ,-0.02631578947368421,Sell
2024-07-26,SIRI,0.05133793121518615,Buy
2024-07-26,HTZ,-0.02631578947368421,Sell
2024-07-26,DLTR,-0.02670141110178269,Sell
2024-07-26,CCL,-0.0003137613374489326,Sell
2024-07-26,MAR,-0.026688907700061423,Sell
2024-07-26,KEY,0.000591076638604044,Buy
2024-07-26,KGC,-0.0002677519862594076,Sell
2024-07-26,GOLD,-0.02631578947368421,Sell
2024-07-26,WMB,-0.026808769529495752,Sell
2024-07-26,KO,0.0004427307075569979,Buy
2024-07-26,ULTA,0.000498706290089055,Buy
2024-07-26,EW,0.02631578947368421,Buy
2024-07-26,HUM,-0.02631578947368421,Sell
2024-07-26,NWSA,-0.026697617826602942,Sell
2024-07-26,BX,-0.02631578947368421,Sell
2024-07-26,PCG,-6.626074866469128e-05,Sell
2024-07-26,DUK,0.02631578947368421,Buy
2024-07-26,NTES,0.02631578947368421,Buy
2024-07-26,RF,0.00029718331083445834,Buy
2024-07-26,CLX,0.02631578947368421,Buy
2024-07-26,PRGO,0.02640499065039847,Buy
2024-07-26,OHI,-0.053103843601419454,Sell
2024-07-26,SYK,-0.0003922560573495215,Sell
2024-07-26,BSX,-0.00028597247436880704,Sell
2024-07-26,XLE,0.02645061916177911,Buy
2024-07-26,ENB,0.00029113180893527643,Buy
2024-07-26,ZUMZ,0.0009689502064812103,Buy
2024-07-26,VZ,0.02631578947368421,Buy
2024-07-26,MRK,0.02631578947368421,Buy
2024-07-26,BMY,0.0030687064925220935,Buy
2024-07-29,MNST,8.984151382300173e-05,Buy
2024-07-29,CNC,0.026403117242252454,Buy
2024-07-29,AMTD,-0.026436034028326918,Sell
2024-07-29,HP,0.0006454417548769978,Buy
2024-07-29,HOG,-0.02631578947368421,Sell
2024-07-29,WEN,-0.026735897906698187,Sell
2024-07-29,DAL,0.0006146663861390199,Buy
2024-07-29,SPWR,0.0004191684292466462,Buy
2024-07-29,NSC,-5.65399600157418e-06,Sell
2024-07-29,RRC,0.02631578947368421,Buy
2024-07-29,GREK,0.02631578947368421,Buy
2024-07-29,QCOM,-0.02631578947368421,Sell
2024-07-29,NDAQ,0.00032736690328037665,Buy
2024-07-29,HAS,0.02661624066557526,Buy
2024-07-29,VTR,-0.02631578947368421,Sell
2024-07-29,DHI,-0.02631578947368421,Sell
2024-07-29,BBT,0.025779458110440745,Buy
2024-07-29,BDX,-0.026326339553137307,Sell
2024-07-29,MU,0.02631578947368421,Buy
2024-07-29,WFC,-0.025918609055504697,Sell
2024-07-29,EOG,0.02631578947368421,Buy
2024-07-29,QQQ,0.026319337481669775,Buy
2024-07-29,EWI,0.02631578947368421,Buy
2024-07-29,SIRI,0.001320178469752905,Buy
2024-07-29,HTZ,-0.0017917182793911815,Sell
2024-07-29,ORCL,-0.02631578947368421,Sell
2024-07-29,CCL,-0.026236156548923677,Sell
2024-07-29,MS,0.02631578947368421,Buy
2024-07-29,KEY,0.025867625028185782,Buy
2024-07-29,KGC,-0.026724181635509953,Sell
2024-07-29,GOLD,0.025828792440566385,Buy
2024-07-29,WMB,-0.02631578947368421,Sell
2024-07-29,KO,0.026180387683735113,Buy
2024-07-29,ULTA,0.05237974214910385,Buy
2024-07-29,EW,-0.0005277474713993903,Sell
2024-07-29,HUM,-8.333610472559955e-05,Sell
2024-07-29,NTAP,0.02631578947368421,Buy
2024-07-29,NWSA,-0.02631578947368421,Sell
2024-07-29,BX,-8.642672416770206e-05,Sell
2024-07-29,MRVL,-0.02631578947368421,Sell
2024-07-29,PCG,-0.026630777044648783,Sell
2024-07-29,DUK,-0.026424609955868216,Sell
2024-07-29,NTES,0.0004492122550791358,Buy
2024-07-29,RF,0.025885730531469652,Buy
2024-07-29,CME,0.02631578947368421,Buy
2024-07-29,CLX,0.00018971372768761263,Buy
2024-07-29,OHI,0.00015339804047130243,Buy
2024-07-29,SYK,-0.026394074705123127,Sell
2024-07-29,CSIQ,-0.02631578947368421,Sell
2024-07-29,BSX,-0.00018568092275708312,Sell
2024-07-29,M,-0.02631578947368421,Sell
2024-07-29,ENB,-3.488213394324188e-05,Sell
2024-07-29,ZUMZ,0.0004569461930271912,Buy
2024-07-29,VZ,8.853358204420625e-05,Buy
2024-07-29,CAT,0.02631578947368421,Buy
2024-07-29,MRK,-0.026795009654743268,Sell
2024-07-29,BMY,0.02550122343225706,Buy
2024-07-30,MET,-0.02631578947368421,Sell
2024-07-30,MNST,0.000279174578159784,Buy
2024-07-30,VWO,0.02631578947368421,Buy
2024-07-30,HP,-0.00025268700933319885,Sell
2024-07-30,HOG,0.02683896138544082,Buy
2024-07-30,XLP,0.02631578947368421,Buy
2024-07-30,DAL,-0.0002473577513854193,Sell
2024-07-30,BUD,0.02631578947368421,Buy
2024-07-30,SPWR,0.0019529855870934996,Buy
2024-07-30,NSC,0.0003465494247282541,Buy
2024-07-30,RRC,-0.00012446313793445726,Sell
2024-07-30,GREK,5.0100404348624866e-05,Buy
2024-07-30,QCOM,-0.0016072319700863175,Sell
2024-07-30,KMB,-0.02631578947368421,Sell
2024-07-30,NDAQ,0.0006032850944892483,Buy
2024-07-30,VTR,0.0004513671576882247,Buy
2024-07-30,DHI,0.0266962046170755,Buy
2024-07-30,BBT,-0.02631578947368421,Sell
2024-07-30,MU,0.0011724201131691758,Buy
2024-07-30,EOG,-0.02664513617941166,Sell
2024-07-30,EWI,-0.026532846424180953,Sell
2024-07-30,SIRI,-0.02606680204669351,Sell
2024-07-30,HTZ,0.026509832158271327,Buy
2024-07-30,ORCL,0.025935572211184383,Buy
2024-07-30,TSM,0.02631578947368421,Buy
2024-07-30,MS,-0.026770498431076692,Sell
2024-07-30,MAR,-0.02631578947368421,Sell
2024-07-30,KGC,0.02631578947368421,Buy
2024-07-30,WMB,0.026452571980844854,Buy
2024-07-30,ULTA,-0.052822394308120954,Sell
2024-07-30,EW,-8.298077664687514e-05,Sell
2024-07-30,HUM,0.000960582232273896,Buy
2024-07-30,NTAP,0.0003874589849440259,Buy
2024-07-30,WSM,-0.02631578947368421,Sell
2024-07-30,NWSA,0.05249822894914184,Buy
2024-07-30,BX,0.02650776793903349,Buy
2024-07-30,MRVL,0.025751363774991532,Buy
2024-07-30,NTES,-0.026576542189109816,Sell
2024-07-30,RF,-0.02631578947368421,Sell
2024-07-30,CME,0.00010415812665971746,Buy
2024-07-30,CLX,-0.02601370210914506,Sell
2024-07-30,PRGO,-0.02631578947368421,Sell
2024-07-30,OHI,0.026404108199797823,Buy
2024-07-30,SYK,-0.02631578947368421,Sell
2024-07-30,CSIQ,-0.0010582677806782181,Sell
2024-07-30,BSX,0.0004212007266112226,Buy
2024-07-30,M,0.00044935755900381985,Buy
2024-07-30,ENB,0.0005065059700185559,Buy
2024-07-30,ZUMZ,0.0006562461621192825,Buy
2024-07-30,VZ,-0.00013106675634557557,Sell
2024-07-30,CAT,9.118641961112714e-05,Buy
2024-07-30,MRK,0.02631578947368421,Buy
2024-07-31,MET,0.026103310761398348,Buy
2024-07-31,MNST,-0.0003071060920216834,Sell
2024-07-31,VWO,-0.026573328090789515,Sell
2024-07-31,HP,-0.026764614051373852,Sell
2024-07-31,XLP,-0.02602254535221551,Sell
2024-07-31,NVDA,-0.02631578947368421,Sell
2024-07-31,DAL,0.00037308563075163365,Buy
2024-07-31,AA,-0.02631578947368421,Sell
2024-07-31,BUD,-0.026034339207011696,Sell
2024-07-31,SPWR,-0.0005619084486350664,Sell
2024-07-31,NSC,0.026053685731208802,Buy
2024-07-31,RRC,0.0003793215632821624,Buy
2024-07-31,GREK,-0.05288634841668872,Sell
2024-07-31,QCOM,0.0019413526902527234,Buy
2024-07-31,JNJ,0.02631578947368421,Buy
2024-07-31,STI,0.02631578947368421,Buy
2024-07-31,KMB,0.05213090108099799,Buy
2024-07-31,NDAQ,-0.0008006307425074306,Sell
2024-07-31,VTR,0.025869762004243426,Buy
2024-07-31,EWC,-0.02631578947368421,Sell
2024-07-31,BBT,0.02589110801948098,Buy
2024-07-31,MU,-0.05423052647540181,Sell
2024-07-31,QQQ,-0.02631578947368421,Sell
2024-07-31,EWI,0.02631578947368421,Buy
2024-07-31,ORCL,-0.02631578947368421,Sell
2024-07-31,DLTR,0.02631578947368421,Buy
2024-07-31,CCL,0.02631578947368421,Buy
2024-07-31,TSM,-0.05428458355027456,Sell
2024-07-31,MAR,-0.0014987625852374495,Sell
2024-07-31,KEY,0.02631578947368421,Buy
2024-07-31,KGC,-0.053339615827746295,Sell
2024-07-31,KO,0.02631578947368421,Buy
2024-07-31,ULTA,0.02588208724601232,Buy
2024-07-31,EW,0.00048813130021758966,Buy
2024-07-31,HUM,-0.003011790054154445,Sell
2024-07-31,NTAP,-0.05332309641563421,Sell
2024-07-31,WSM,0.027023228918050642,Buy
2024-07-31,NWSA,-0.026221460268290944,Sell
2024-07-31,TRIP,0.02631578947368421,Buy
2024-07-31,MRVL,-0.02631578947368421,Sell
2024-07-31,PCG,0.02631578947368421,Buy
2024-07-31,DUK,0.02631578947368421,Buy
2024-07-31,RF,0.025656455936166205,Buy
2024-07-31,CME,0.000707813006289023,Buy
2024-07-31,PRGO,-0.0002648755237152009,Sell
2024-07-31,SYK,0.052166458287539956,Buy
2024-07-31,CSIQ,0.0003157411422280085,Buy
2024-07-31,BSX,-0.026016522103215436,Sell
2024-07-31,M,0.026039209679108326,Buy
2024-07-31,ENB,-9.932443724856854e-05,Sell
2024-07-31,ZUMZ,0.026131022202379523,Buy
2024-07-31,VZ,-0.026381863186685183,Sell
2024-07-31,CAT,-9.53291871535096e-05,Sell
2024-07-31,MRK,0.000725985241067633,Buy
2024-08-01,MNST,-0.00025872408656214124,Sell
2024-08-01,CNC,-0.02631578947368421,Sell
2024-08-01,HP,0.02631578947368421,Buy
2024-08-01,NVDA,0.024351131389863313,Buy
2024-08-01,DAL,-0.025170656206405823,Sell
2024-08-01,AA,-0.0014630930433895406,Sell
2024-08-01,SPWR,0.0023812560822491606,Buy
2024-08-01,RRC,-0.02593381862697662,Sell
2024-08-01,GREK,0.051946540343821526,Buy
2024-08-01,QCOM,0.023648413138429036,Buy
2024-08-01,JNJ,-0.026573585159989883,Sell
2024-08-01,STI,-9.266647416648899e-05,Sell
2024-08-01,KMB,-0.02675525808191466,Sell
2024-08-01,NDAQ,-0.0003620159665475506,Sell
2024-08-01,TRV,-0.02631578947368421,Sell
2024-08-01,VTR,-0.02631578947368421,Sell
2024-08-01,EWC,0.02550930520406908,Buy
2024-08-01,BDX,0.02631578947368421,Buy
2024-08-01,MU,0.024118156904237003,Buy
2024-08-01,EOG,0.02631578947368421,Buy
2024-08-01,QQQ,0.02546056575202695,Buy
2024-08-01,EWI,0.0009890011790093557,Buy
2024-08-01,HTZ,0.02631578947368421,Buy
2024-08-01,ORCL,0.025729571204940134,Buy
2024-08-01,DLTR,0.0013710560819831172,Buy
2024-08-01,CCL,-0.024683003745955955,Sell
2024-08-01,TSM,0.024893376660483652,Buy
2024-08-01,MAR,-0.001201262564513056,Sell
2024-08-01,KEY,0.0016952765991633117,Buy
2024-08-01,KGC,0.026351760422538298,Buy
2024-08-01,TRP,-0.02631578947368421,Sell
2024-08-01,KO,-0.05288532308093025,Sell
2024-08-01,D,-0.02631578947368421,Sell
2024-08-01,ULTA,0.02631578947368421,Buy
2024-08-01,EW,-0.02560009716408275,Sell
2024-08-01,HUM,-0.0004129919022480416,Sell
2024-08-01,NTAP,0.051489832433781905,Buy
2024-08-01,TRIP,-0.02493815975815329,Sell
2024-08-01,BX,0.02631578947368421,Buy
2024-08-01,MRVL,-0.0017502939441335665,Sell
2024-08-01,PCG,-0.02636421469350717,Sell
2024-08-01,DUK,-0.053203524178463205,Sell
2024-08-01,RF,0.02631578947368421,Buy
2024-08-01,CME,-0.0001269927522033129,Sell
2024-08-01,PRGO,-0.00030629420081453376,Sell
2024-08-01,OHI,-0.02631578947368421,Sell
2024-08-01,SYK,-0.0002325653290346577,Sell
2024-08-01,CSIQ,-0.001702536611696892,Sell
2024-08-01,COF,0.02631578947368421,Buy
2024-08-01,ENB,-9.771174480024611e-05,Sell
2024-08-01,MT,-0.02631578947368421,Sell
2024-08-01,CAT,0.001329632460899649,Buy
2024-08-01,MRK,6.407808799451659e-05,Buy
2024-08-01,BMY,-0.02631578947368421,Sell
2024-08-02,MNST,0.00029320728809378513,Buy
2024-08-02,CNC,0.026551613836546212,Buy
2024-08-02,HP,0.0012901886065963507,Buy
2024-08-02,XLP,-0.02631578947368421,Sell
2024-08-02,AA,-0.0015089104291959865,Sell
2024-08-02,HYG,0.02631578947368421,Buy
2024-08-02,BUD,-0.02631578947368421,Sell
2024-08-02,SPWR,0.0002596441440250001,Buy
2024-08-02,GREK,0.00013939192483795881,Buy
2024-08-02,STI,0.0009027373241785597,Buy
2024-08-02,NDAQ,0.026309405900627848,Buy
2024-08-02,TRV,0.0268002264965458,Buy
2024-08-02,VTR,0.0007015585655305197,Buy
2024-08-02,BBT,0.02631578947368421,Buy
2024-08-02,BDX,-0.02714816075203202,Sell
2024-08-02,EOG,-0.02644953072394563,Sell
2024-08-02,EWI,-0.026358143950895214,Sell
2024-08-02,SIRI,-0.02631578947368421,Sell
2024-08-02,ANF,0.02631578947368421,Buy
2024-08-02,HTZ,-0.02599855000298084,Sell
2024-08-02,DLTR,-0.00011619921601074487,Sell
2024-08-02,MS,0.02631578947368421,Buy
2024-08-02,MAR,-0.00044411015648845517,Sell
2024-08-02,KEY,0.0011655613587517044,Buy
2024-08-02,KGC,0.02631578947368421,Buy
2024-08-02,WMB,0.02631578947368421,Buy
2024-08-02,TRP,0.026318120060262584,Buy
2024-08-02,KO,0.0007086431581668461,Buy
2024-08-02,D,0.00048042858922325155,Buy
2024-08-02,ULTA,0.0005021131847257644,Buy
2024-08-02,PVH,0.02631578947368421,Buy
2024-08-02,RL,0.02631578947368421,Buy
2024-08-02,HUM,0.026832815503006188,Buy
2024-08-02,NTAP,0.0005735344159641075,Buy
2024-08-02,BX,0.0005947746394481361,Buy
2024-08-02,MRVL,-0.001425890651194344,Sell
2024-08-02,DUK,0.0004851707766164136,Buy
2024-08-02,RF,0.0006370588567967822,Buy
2024-08-02,HMC,-0.02631578947368421,Sell
2024-08-02,CME,-0.026965410313933718,Sell
2024-08-02,CLX,-0.02631578947368421,Sell
2024-08-02,PRGO,0.025926389689394178,Buy
2024-08-02,OHI,0.0013006446653326294,Buy
2024-08-02,SYK,-0.05267819354101372,Sell
2024-08-02,CSIQ,-0.001773200970898059,Sell
2024-08-02,COF,0.001255848974428285,Buy
2024-08-02,ENB,0.0004282597896780489,Buy
2024-08-02,MT,0.0260946639572662,Buy
2024-08-02,CAT,-0.05195520251891875,Sell
2024-08-02,MRK,-0.026811590879164637,Sell
2024-08-02,BMY,0.0005045853740400924,Buy
2024-08-05,MET,0.02631578947368421,Buy
2024-08-05,MNST,-0.0005426752901131413,Sell
2024-08-05,PPG,0.02631578947368421,Buy
2024-08-05,AMTD,-0.02631578947368421,Sell
2024-08-05,VWO,-0.02631578947368421,Sell
2024-08-05,A,0.02631578947368421,Buy
2024-08-05,HP,-0.024906773121717265,Sell
2024-08-05,XLP,0.025836536747216327,Buy
2024-08-05,AA,-0.000881657227030784,Sell
2024-08-05,HYG,0.00012332788223447244,Buy
2024-08-05,BUD,0.025299061718286647,Buy
2024-08-05,SPWR,-0.02635526860655448,Sell
2024-08-05,GREK,-0.024825044784423957,Sell
2024-08-05,QCOM,-0.02631578947368421,Sell
2024-08-05,STI,-0.02569802996292802,Sell
2024-08-05,VTR,0.02601414462462989,Buy
2024-08-05,BBT,0.0008542665605683654,Buy
2024-08-05,WFC,0.02631578947368421,Buy
2024-08-05,QQQ,0.02631578947368421,Buy
2024-08-05,SIRI,-0.0008897119616520129,Sell
2024-08-05,ANF,-0.000496013109465978,Sell
2024-08-05,HTZ,-0.02631578947368421,Sell
2024-08-05,ORCL,0.02631578947368421,Buy
2024-08-05,DLTR,-0.0518687227774625,Sell
2024-08-05,MS,0.000999886481875191,Buy
2024-08-05,MAR,0.02606910682931509,Buy
2024-08-05,KEY,-0.025753387611344276,Sell
2024-08-05,KGC,0.001014732544632302,Buy
2024-08-05,WMB,0.0005600722453756729,Buy
2024-08-05,KO,0.025887691128610942,Buy
2024-08-05,D,-0.0009192349980207543,Sell
2024-08-05,ULTA,-0.02529413222594112,Sell
2024-08-05,PVH,-0.025704727457281976,Sell
2024-08-05,RL,0.0006979515623344729,Buy
2024-08-05,HUM,-0.02631578947368421,Sell
2024-08-05,NTAP,0.0007220651024084819,Buy
2024-08-05,WSM,0.02631578947368421,Buy
2024-08-05,BX,0.0006617528491063389,Buy
2024-08-05,MRVL,0.02565245721375226,Buy
2024-08-05,DUK,0.0256820448139064,Buy
2024-08-05,RF,0.0005537646441519488,Buy
2024-08-05,HMC,-0.0008469298388065621,Sell
2024-08-05,CLX,-0.0002202524276032243,Sell
2024-08-05,PRGO,-0.02631578947368421,Sell
2024-08-05,OHI,0.025941607730375557,Buy
2024-08-05,SYK,-0.0012021313045007843,Sell
2024-08-05,CSIQ,-0.0007426291203026548,Sell
2024-08-05,M,-0.02631578947368421,Sell
2024-08-05,COF,0.0008705265913595481,Buy
2024-08-05,ENB,0.025897038633468903,Buy
2024-08-05,ZUMZ,0.02631578947368421,Buy
2024-08-05,MT,-0.02631578947368421,Sell
2024-08-05,CAT,-0.000294818975598226,Sell
2024-08-05,BMY,-0.0005981901298460941,Sell
2024-08-06,MET,-0.0003721505352947997,Sell
2024-08-06,MNST,0.052714205907732695,Buy
2024-08-06,PPG,0.00016135011305045896,Buy
2024-08-06,AMTD,0.02622693168623263,Buy
2024-08-06,BAX,-0.02631578947368421,Sell
2024-08-06,VWO,0.052724239567824974,Buy
2024-08-06,A,-0.026530671567772227,Sell
2024-08-06,HP,0.02631578947368421,Buy
2024-08-06,AA,0.027103004126190627,Buy
2024-08-06,HYG,-0.02632542845206859,Sell
2024-08-06,SPWR,0.02631578947368421,Buy
2024-08-06,NSC,-0.02631578947368421,Sell
2024-08-06,ICE,-0.02631578947368421,Sell
2024-08-06,GREK,0.02631578947368421,Buy
2024-08-06,QCOM,3.899660651903239e-05,Buy
2024-08-06,NDAQ,-0.02631578947368421,Sell
2024-08-06,TRV,0.02631578947368421,Buy
2024-08-06,VTR,-0.02631578947368421,Sell
2024-08-06,EWC,-0.02631578947368421,Sell
2024-08-06,BBT,9.932211024351115e-05,Buy
2024-08-06,EBAY,-0.02631578947368421,Sell
2024-08-06,WFC,-0.026347701012265228,Sell
2024-08-06,QQQ,-0.026477533557870952,Sell
2024-08-06,EWI,0.02631578947368421,Buy
2024-08-06,SIRI,0.0005210697992115432,Buy
2024-08-06,ANF,-0.026934816926789302,Sell
2024-08-06,HTZ,-0.0009956391375325162,Sell
2024-08-06,ORCL,1.7061312767921444e-05,Buy
2024-08-06,DLTR,0.026248674717920143,Buy
2024-08-06,MS,-0.00016752166533993973,Sell
2024-08-06,KGC,-0.026820160449982002,Sell
2024-08-06,WMB,-0.05355389579856263,Sell
2024-08-06,TRP,-0.02631578947368421,Sell
2024-08-06,D,0.02629002356990882,Buy
2024-08-06,ULTA,-0.02631578947368421,Sell
2024-08-06,EW,-0.02631578947368421,Sell
2024-08-06,RL,-0.0270721639167124,Sell
2024-08-06,HUM,0.02615037496187979,Buy
2024-08-06,NTAP,-0.026560407916934807,Sell
2024-08-06,WSM,-0.0008224580316330554,Sell
2024-08-06,BX,-0.026388938879572076,Sell
2024-08-06,PCG,0.02631578947368421,Buy
2024-08-06,DUK,-0.02631578947368421,Sell
2024-08-06,NTES,0.02631578947368421,Buy
2024-08-06,RF,-0.02658672894513241,Sell
2024-08-06,HMC,0.02675111027904292,Buy
2024-08-06,CLX,0.026329878059557905,Buy
2024-08-06,PRGO,-0.0003721446758770397,Sell
2024-08-06,SYK,0.026785602089271457,Buy
2024-08-06,CSIQ,-0.00010751179256559412,Sell
2024-08-06,M,0.0004812957759139508,Buy
2024-08-06,COF,-0.0003641602833072931,Sell
2024-08-06,ENB,-0.02631578947368421,Sell
2024-08-06,ZUMZ,-0.02654691027502232,Sell
2024-08-06,MT,0.0529530998153417,Buy
2024-08-06,CAT,0.05334079424419125,Buy
2024-08-06,MRK,0.02631578947368421,Buy
2024-08-06,BMY,0.026072621709019136,Buy
2024-08-07,MET,0.00010095847269978725,Buy
2024-08-07,MNST,0.00028961242491157627,Buy
2024-08-07,PPG,0.00031316910040915524,Buy
2024-08-07,AMTD,0.02631578947368421,Buy
2024-08-07,BAX,-0.0003844120509774486,Sell
2024-08-07,VWO,-0.026369903144566036,Sell
2024-08-07,A,0.02631578947368421,Buy
2024-08-07,HP,-0.02628118984007549,Sell
2024-08-07,SPWR,-0.02874212447750258,Sell
2024-08-07,NSC,0.02574999194791129,Buy
2024-08-07,ICE,-4.450125515555181e-05,Sell
2024-08-07,CAG,0.02631578947368421,Buy
2024-08-07,GREK,-2.6426172767275713e-05,Sell
2024-08-07,QCOM,-0.0005791647318778154,Sell
2024-08-07,NDAQ,9.058865964397741e-05,Buy
2024-08-07,TRV,-0.026302171660869195,Sell
2024-08-07,DPZ,0.02631578947368421,Buy
2024-08-07,VTR,0.00013779191760417142,Buy
2024-08-07,EWC,0.026151116460844274,Buy
2024-08-07,BBT,-0.026071277316757936,Sell
2024-08-07,BDX,0.02631578947368421,Buy
2024-08-07,EBAY,0.025786243735170657,Buy
2024-08-07,EWI,-0.026314934183913837,Sell
2024-08-07,SIRI,0.00010431217004736731,Buy
2024-08-07,HTZ,-0.00022262715345739564,Sell
2024-08-07,ORCL,0.0006219787755478087,Buy
2024-08-07,MS,0.00039258646689891916,Buy
2024-08-07,XRT,0.02631578947368421,Buy
2024-08-07,ILMN,-0.02631578947368421,Sell
2024-08-07,KGC,0.02631578947368421,Buy
2024-08-07,WMB,-4.669247938192053e-05,Sell
2024-08-07,TRP,-8.966544283714808e-05,Sell
2024-08-07,D,-0.02631578947368421,Sell
2024-08-07,ULTA,-0.0005601546761894831,Sell
2024-08-07,EW,0.02576861020459271,Buy
2024-08-07,RL,0.02631578947368421,Buy
2024-08-07,WSM,-0.025924417049679033,Sell
2024-08-07,TRIP,-0.02631578947368421,Sell
2024-08-07,BX,0.02631578947368421,Buy
2024-08-07,LOW,0.02631578947368421,Buy
2024-08-07,MRVL,-0.02631578947368421,Sell
2024-08-07,PCG,-0.02650314581737651,Sell
2024-08-07,DUK,-1.3830680390045785e-05,Sell
2024-08-07,NTES,-0.026482236930447628,Sell
2024-08-07,RF,0.02631578947368421,Buy
2024-08-07,PRGO,0.025584612782685805,Buy
2024-08-07,OHI,-0.02631578947368421,Sell
2024-08-07,SYK,0.02631578947368421,Buy
2024-08-07,CSIQ,-0.0012865460042231006,Sell
2024-08-07,M,-0.000639770199332243,Sell
2024-08-07,COF,0.00042454816566377465,Buy
2024-08-07,ENB,-3.434388178127912e-05,Sell
2024-08-07,MT,-0.026262963979985243,Sell
2024-08-07,CAT,-0.026113940169408115,Sell
2024-08-07,MRK,-0.026480686837244263,Sell
2024-08-08,MET,-0.0005116451595800278,Sell
2024-08-08,MNST,-0.023581102072590412,Sell
2024-08-08,PPG,-0.0003608873855007848,Sell
2024-08-08,AMTD,-0.02637818946317539,Sell
2024-08-08,BAX,0.0007577932794295972,Buy
2024-08-08,A,-0.0270264033418567,Sell
2024-08-08,CF,-0.02631578947368421,Sell
2024-08-08,NVDA,0.02631578947368421,Buy
2024-08-08,AA,0.02631578947368421,Buy
2024-08-08,ICE,0.0006197530637640052,Buy
2024-08-08,RRC,-0.02631578947368421,Sell
2024-08-08,CAG,-0.026935331705477423,Sell
2024-08-08,GREK,-0.0268155957178023,Sell
2024-08-08,QCOM,0.02797037648506842,Buy
2024-08-08,KMB,0.02631578947368421,Buy
2024-08-08,NDAQ,0.0006487029712733197,Buy
2024-08-08,TRV,0.02631578947368421,Buy
2024-08-08,DPZ,-0.0007789067028584375,Sell
2024-08-08,VTR,0.0007023224939716431,Buy
2024-08-08,DHI,-0.02631578947368421,Sell
2024-08-08,BBT,-0.02631578947368421,Sell
2024-08-08,BDX,-0.0003587202631375741,Sell
2024-08-08,EOG,-0.02631578947368421,Sell
2024-08-08,EWI,0.02631578947368421,Buy
2024-08-08,SIRI,0.0005828966228235942,Buy
2024-08-08,HTZ,0.0006691970341656042,Buy
2024-08-08,ORCL,-0.0271165060321125,Sell
2024-08-08,DLTR,0.02631578947368421,Buy
2024-08-08,MS,-0.0271973392761773,Sell
2024-08-08,ALK,-0.02631578947368421,Sell
2024-08-08,XRT,-0.027187753604933196,Sell
2024-08-08,ILMN,0.0013814735923143862,Buy
2024-08-08,KGC,-0.027483755443877052,Sell
2024-08-08,WMB,0.027002539160450412,Buy
2024-08-08,TRP,0.02672502201849089,Buy
2024-08-08,D,0.052356374490197706,Buy
2024-08-08,ULTA,0.026950942155583933,Buy
2024-08-08,PVH,-0.02631578947368421,Sell
2024-08-08,RL,-0.000527664095157334,Sell
2024-08-08,HUM,-0.02631578947368421,Sell
2024-08-08,TRIP,0.027290025261603103,Buy
2024-08-08,BX,-0.027107978629697382,Sell
2024-08-08,LOW,-0.027014906508899542,Sell
2024-08-08,MRVL,0.0025193505838487368,Buy
2024-08-08,PCG,0.02631578947368421,Buy
2024-08-08,DUK,0.05253698463346761,Buy
2024-08-08,RF,-0.02691235357292386,Sell
2024-08-08,HMC,0.02631578947368421,Buy
2024-08-08,CME,0.02631578947368421,Buy
2024-08-08,CLX,0.02631578947368421,Buy
2024-08-08,OHI,0.026430481357285575,Buy
2024-08-08,SYK,-0.05331815559611796,Sell
2024-08-08,CSIQ,0.053714634709850516,Buy
2024-08-08,M,0.027412328565665712,Buy
2024-08-08,COF,-0.026889311881865323,Sell
2024-08-08,ENB,0.0003500658268063249,Buy
2024-08-08,ZUMZ,-0.02631578947368421,Sell
2024-08-08,VZ,0.02631578947368421,Buy
2024-08-09,MET,-0.02646895698747235,Sell
2024-08-09,MNST,0.02631578947368421,Buy
2024-08-09,PPG,2.579020136193877e-05,Buy
2024-08-09,BAX,0.026098118018926177,Buy
2024-08-09,CF,5.794254979940919e-05,Buy
2024-08-09,HOG,0.02631578947368421,Buy
2024-08-09,NVDA,-0.026232697477997283,Sell
2024-08-09,AA,-0.02622771777792835,Sell
2024-08-09,BUD,0.02631578947368421,Buy
2024-08-09,ICE,2.6717074690485454e-05,Buy
2024-08-09,RRC,0.00014057147348596477,Buy
2024-08-09,CAG,0.02631578947368421,Buy
2024-08-09,GREK,0.02631578947368421,Buy
2024-08-09,KMB,0.0002010782495861299,Buy
2024-08-09,NDAQ,-8.678204890134184e-06,Sell
2024-08-09,TRV,-0.02638714272172885,Sell
2024-08-09,DPZ,-1.9464574372633076e-05,Sell
2024-08-09,VTR,0.0001413407339304132,Buy
2024-08-09,DHI,8.53455883852508e-06,Buy
2024-08-09,BBT,0.026112471511208827,Buy
2024-08-09,BDX,-0.00014135375463400837,Sell
2024-08-09,EOG,0.02623388663155153,Buy
2024-08-09,EWI,-0.02636192717409222,Sell
2024-08-09,SIRI,0.02634652731145982,Buy
2024-08-09,HTZ,-0.0013103277509243783,Sell
2024-08-09,DLTR,-5.234978347510438e-06,Sell
2024-08-09,CCL,-0.02631578947368421,Sell
2024-08-09,ALK,0.026379069817158603,Buy
2024-08-09,ILMN,-0.0006794849129844564,Sell
2024-08-09,KGC,-0.02631578947368421,Sell
2024-08-09,GOLD,0.02631578947368421,Buy
2024-08-09,TRP,0.02631578947368421,Buy
2024-08-09,D,-0.026423622428328936,Sell
2024-08-09,PVH,0.026125168320977547,Buy
2024-08-09,RL,-0.026375627036956565,Sell
2024-08-09,HUM,1.0274792581477232e-05,Buy
2024-08-09,NTAP,-0.02631578947368421,Sell
2024-08-09,NWSA,-0.02631578947368421,Sell
2024-08-09,TRIP,0.02631578947368421,Buy
2024-08-09,MRVL,-0.0002858858616016091,Sell
2024-08-09,PCG,-0.0264038547679334,Sell
2024-08-09,DUK,-0.026343910939028863,Sell
2024-08-09,HMC,-0.026332438669642782,Sell
2024-08-09,CME,-0.00016549890334720263,Sell
2024-08-09,CP,0.02631578947368421,Buy
2024-08-09,CLX,0.0002647791608136156,Buy
2024-08-09,PRGO,0.02631578947368421,Buy
2024-08-09,OHI,-0.02631578947368421,Sell
2024-08-09,SYK,0.05275196224785148,Buy
2024-08-09,CSIQ,-0.051904339284584405,Sell
2024-08-09,M,-0.02631578947368421,Sell
2024-08-09,ENB,0.026369243175827253,Buy
2024-08-09,ZUMZ,0.0268892189406981,Buy
2024-08-09,MT,-0.02631578947368421,Sell
2024-08-09,VZ,-0.00012122151401616071,Sell
2024-08-09,BMY,-0.02631578947368421,Sell
2024-08-12,MNST,6.718179734003724e-05,Buy
2024-08-12,PPG,-0.026310293150851708,Sell
2024-08-12,BAX,-0.02631578947368421,Sell
2024-08-12,A,0.02631578947368421,Buy
2024-08-12,CF,0.00038005870002449926,Buy
2024-08-12,HOG,-0.02593663155963221,Sell
2024-08-12,WEN,0.02631578947368421,Buy
2024-08-12,BUD,0.00020877839004814283,Buy
2024-08-12,NSC,-0.02631578947368421,Sell
2024-08-12,ICE,0.026313362271501488,Buy
2024-08-12,RRC,0.02664623625213044,Buy
2024-08-12,CAG,0.0002495652075144607,Buy
2024-08-12,GREK,-0.02665832544720104,Sell
2024-08-12,STI,-0.02631578947368421,Sell
2024-08-12,KMB,0.00034921253748000647,Buy
2024-08-12,NDAQ,-1.2500893411593328e-05,Sell
2024-08-12,DPZ,-0.00042067498581703847,Sell
2024-08-12,VTR,0.02617278398568093,Buy
2024-08-12,DHI,0.026208763617223005,Buy
2024-08-12,BBT,0.02631578947368421,Buy
2024-08-12,BDX,0.00016761727005510513,Buy
2024-08-12,EWI,0.02631578947368421,Buy
2024-08-12,HTZ,0.025370075877023026,Buy
2024-08-12,DLTR,0.0002886984695390227,Buy
2024-08-12,CCL,0.02604261380641144,Buy
2024-08-12,XRT,0.02631578947368421,Buy
2024-08-12,KEY,-0.02631578947368421,Sell
2024-08-12,ILMN,0.00023901695330848238,Buy
2024-08-12,KGC,0.0013970573278879808,Buy
2024-08-12,GOLD,-0.05331677215096438,Sell
2024-08-12,TRP,-0.05277724204015159,Sell
2024-08-12,D,-0.02631578947368421,Sell
2024-08-12,RL,0.02631578947368421,Buy
2024-08-12,HUM,-0.0001606875988166348,Sell
2024-08-12,NTAP,0.0264404876160854,Buy
2024-08-12,NWSA,0.052063302676436926,Buy
2024-08-12,TRIP,-0.05293364261249901,Sell
2024-08-12,MRVL,8.303407143851055e-06,Buy
2024-08-12,DUK,-0.02631578947368421,Sell
2024-08-12,HMC,0.02631578947368421,Buy
2024-08-12,CME,-0.026336919513716063,Sell
2024-08-12,CP,0.0001663959352549843,Buy
2024-08-12,CLX,0.00019834799396130018,Buy
2024-08-12,PRGO,0.00044949138419819734,Buy
2024-08-12,OHI,0.02617274607891015,Buy
2024-08-12,SYK,0.00018129922052890005,Buy
2024-08-12,CSIQ,0.025684281918769248,Buy
2024-08-12,M,0.026734775787293493,Buy
2024-08-12,ENB,-0.02631578947368421,Sell
2024-08-12,ZUMZ,-0.02631578947368421,Sell
2024-08-12,MT,0.02615450341754114,Buy
2024-08-12,VZ,-0.026203610744002,Sell
2024-08-12,MRK,-0.02631578947368421,Sell
2024-08-12,BMY,0.00022179199196183802,Buy
2024-08-13,MNST,-0.00030678018823590905,Sell
2024-08-13,AMTD,0.02631578947368421,Buy
2024-08-13,BAX,0.024551655534623594,Buy
2024-08-13,A,-0.026625958390179557,Sell
2024-08-13,CF,-1.6466499409131807e-05,Sell
2024-08-13,HOG,-0.02631578947368421,Sell
2024-08-13,WEN,-0.026838683427126826,Sell
2024-08-13,HYG,-0.02631578947368421,Sell
2024-08-13,BUD,-0.02640880100589939,Sell
2024-08-13,SPWR,0.02631578947368421,Buy
2024-08-13,NSC,0.026515919848282287,Buy
2024-08-13,ICE,-0.02631578947368421,Sell
2024-08-13,RRC,0.02631578947368421,Buy
2024-08-13,CAG,-0.05305592250614478,Sell
2024-08-13,JNJ,0.02631578947368421,Buy
2024-08-13,STI,0.026652999373028917,Buy
2024-08-13,KMB,1.5862001687898253e-05,Buy
2024-08-13,NDAQ,0.00032082765828955404,Buy
2024-08-13,HAS,-0.02631578947368421,Sell
2024-08-13,DPZ,0.00025505641641474994,Buy
2024-08-13,VTR,-0.02631578947368421,Sell
2024-08-13,DHI,-0.02631578947368421,Sell
2024-08-13,BBT,-0.05305301282586803,Sell
2024-08-13,BDX,-0.00019879720467602321,Sell
2024-08-13,EOG,0.02631578947368421,Buy
2024-08-13,EWI,-0.02659005216807527,Sell
2024-08-13,DLTR,0.00044817539943856066,Buy
2024-08-13,XRT,-0.026724887558832608,Sell
2024-08-13,KEY,0.02586126416768027,Buy
2024-08-13,ILMN,0.02525648560689427,Buy
2024-08-13,KGC,0.02647950801947672,Buy
2024-08-13,GOLD,0.00015485463596626517,Buy
2024-08-13,TRP,0.00019918660003191702,Buy
2024-08-13,D,0.00013038911443735007,Buy
2024-08-13,RL,-0.026830083784901204,Sell
2024-08-13,HUM,0.0006025102734165295,Buy
2024-08-13,NWSA,-0.0003742648259239881,Sell
2024-08-13,TRIP,0.026522636166066996,Buy
2024-08-13,BX,-0.02631578947368421,Sell
2024-08-13,LOW,-0.02631578947368421,Sell
2024-08-13,MRVL,0.02781039164082624,Buy
2024-08-13,DUK,0.02635444153411746,Buy
2024-08-13,NTES,0.02631578947368421,Buy
2024-08-13,HMC,-0.0005047108744530085,Sell
2024-08-13,CP,-0.026395840857630096,Sell
2024-08-13,CLX,-0.026614276004674052,Sell
2024-08-13,PRGO,-0.02664113461486286,Sell
2024-08-13,OHI,0.02631578947368421,Buy
2024-08-13,SYK,-0.0002637359669136925,Sell
2024-08-13,CSIQ,0.02631578947368421,Buy
2024-08-13,BSX,0.02631578947368421,Buy
2024-08-13,XLE,0.02631578947368421,Buy
2024-08-13,ENB,0.00017283426959125228,Buy
2024-08-13,ZUMZ,0.0007555838195301354,Buy
2024-08-13,VZ,0.02631578947368421,Buy
2024-08-13,MRK,0.026484015141911878,Buy
2024-08-13,BMY,0.0010741211848002245,Buy
2024-08-14,MNST,0.00011632495355641537,Buy
2024-08-14,CNC,-0.02631578947368421,Sell
2024-08-14,AMTD,0.0013793502604637388,Buy
2024-08-14,BAX,-0.02631578947368421,Sell
2024-08-14,A,0.02631578947368421,Buy
2024-08-14,CF,0.02622307195376851,Buy
2024-08-14,HOG,0.0261433308202186,Buy
2024-08-14,HYG,0.026393829152548134,Buy
2024-08-14,BUD,0.02631578947368421,Buy
2024-08-14,SPWR,-0.0003603238354292007,Sell
2024-08-14,ICE,0.00027969597142802824,Buy
2024-08-14,RRC,-0.026399643133254304,Sell
2024-08-14,CAG,0.000430181080773237,Buy
2024-08-14,JNJ,-0.02636174722556103,Sell
2024-08-14,KMB,-0.026799719894301004,Sell
2024-08-14,NDAQ,0.0001762605440342388,Buy
2024-08-14,HAS,0.0002571608454152892,Buy
2024-08-14,DPZ,-8.710989195537602e-05,Sell
2024-08-14,VTR,0.05232479031316156,Buy
2024-08-14,DHI,-9.393979097968921e-05,Sell
2024-08-14,BBT,0.026253274822809196,Buy
2024-08-14,BDX,0.00021432289895135376,Buy
2024-08-14,WFC,-0.02631578947368421,Sell
2024-08-14,EOG,-0.026384311924345108,Sell
2024-08-14,QQQ,0.02631578947368421,Buy
2024-08-14,ANF,0.02631578947368421,Buy
2024-08-14,HTZ,-0.02631578947368421,Sell
2024-08-14,DLTR,-8.19234294520757e-06,Sell
2024-08-14,TSM,0.02631578947368421,Buy
2024-08-14,MS,-0.02631578947368421,Sell
2024-08-14,GOLD,0.02578781611586928,Buy
2024-08-14,TRP,0.026214716820454512,Buy
2024-08-14,D,0.0002366718190991851,Buy
2024-08-14,PVH,0.02631578947368421,Buy
2024-08-14,RL,-0.02631578947368421,Sell
2024-08-14,HUM,-2.976072846223865e-06,Sell
2024-08-14,WSM,0.02631578947368421,Buy
2024-08-14,NWSA,0.00017948109896964368,Buy
2024-08-14,TRIP,0.02631578947368421,Buy
2024-08-14,BX,0.0005861729825980648,Buy
2024-08-14,LOW,0.00019273441806752847,Buy
2024-08-14,MRVL,-0.02631578947368421,Sell
2024-08-14,PCG,-0.02631578947368421,Sell
2024-08-14,NTES,0.0004902355966218963,Buy
2024-08-14,HMC,-0.026963594672079053,Sell
2024-08-14,OHI,-0.026549932014180988,Sell
2024-08-14,SYK,-0.00032649655060346117,Sell
2024-08-14,CSIQ,-0.0256058889480521,Sell
2024-08-14,BSX,-0.00020450614328768393,Sell
2024-08-14,XLE,-0.02650074756861459,Sell
2024-08-14,ENB,0.00014476288195159823,Buy
2024-08-14,ZUMZ,0.02626608439602559,Buy
2024-08-14,VZ,-0.026424303732778473,Sell
2024-08-14,BMY,-0.0003180816225691538,Sell
2024-08-15,MNST,-0.026681032646401474,Sell
2024-08-15,CNC,0.0004438410711226047,Buy
2024-08-15,AMTD,-0.00032676307791078274,Sell
2024-08-15,BAX,0.026402967662044263,Buy
2024-08-15,A,-0.027000205321367137,Sell
2024-08-15,HOG,-0.02631578947368421,Sell
2024-08-15,AA,0.02631578947368421,Buy
2024-08-15,BUD,-4.374943716759991e-05,Sell
2024-08-15,SPWR,0.00022267744091725855,Buy
2024-08-15,ICE,0.026150917943395222,Buy
2024-08-15,CAG,0.05201724759458856,Buy
2024-08-15,NDAQ,0.00012124063521775502,Buy
2024-08-15,HAS,0.0005163326895925961,Buy
2024-08-15,TRV,0.02631578947368421,Buy
2024-08-15,DPZ,-7.831150799233674e-05,Sell
2024-08-15,VTR,0.00027596123184630075,Buy
2024-08-15,DHI,0.0001021515394504513,Buy
2024-08-15,BBT,-0.02631578947368421,Sell
2024-08-15,BDX,6.733527512372411e-05,Buy
2024-08-15,WFC,0.026700435865284006,Buy
2024-08-15,QQQ,-0.0006026790728096837,Sell
2024-08-15,ANF,-0.027793650988798106,Sell
2024-08-15,HTZ,0.0015403174819394738,Buy
2024-08-15,DLTR,-0.05394100349845736,Sell
2024-08-15,TSM,-0.0005557306529851529,Sell
2024-08-15,MS,0.02657201575657443,Buy
2024-08-15,ILMN,-0.02631578947368421,Sell
2024-08-15,KGC,0.02631578947368421,Buy
2024-08-15,TRP,-0.02631578947368421,Sell
2024-08-15,D,0.02615112613076144,Buy
2024-08-15,ULTA,-0.02631578947368421,Sell
2024-08-15,PVH,-0.02727918360391719,Sell
2024-08-15,RL,0.027205821994641114,Buy
2024-08-15,HUM,0.026317807603461422,Buy
2024-08-15,WSM,-0.026711637944670207,Sell
2024-08-15,NWSA,-0.00018925756442798175,Sell
2024-08-15,TRIP,-0.02718251530838597,Sell
2024-08-15,BX,-3.93946637047525e-05,Sell
2024-08-15,LOW,0.00020676133792382756,Buy
2024-08-15,MRVL,0.0022195870500674175,Buy
2024-08-15,PCG,-3.205198389234776e-05,Sell
2024-08-15,NTES,-0.02696470123836072,Sell
2024-08-15,HMC,0.02631578947368421,Buy
2024-08-15,CME,0.02631578947368421,Buy
2024-08-15,OHI,0.02631578947368421,Buy
2024-08-15,SYK,-5.698349956649584e-05,Sell
2024-08-15,CSIQ,-0.02631578947368421,Sell
2024-08-15,BSX,-0.026653716707144216,Sell
2024-08-15,ENB,-0.0002645938958749511,Sell
2024-08-15,ZUMZ,-0.02631578947368421,Sell
2024-08-15,VZ,0.02631578947368421,Buy
2024-08-15,MRK,0.02631578947368421,Buy
2024-08-15,BMY,0.00031903589114389355,Buy
2024-08-16,MET,-0.02631578947368421,Sell
2024-08-16,MNST,0.02631578947368421,Buy
2024-08-16,CNC,0.02620761908643919,Buy
2024-08-16,AMTD,0.0007825145097847819,Buy
2024-08-16,BAX,-0.02631578947368421,Sell
2024-08-16,HP,-0.02631578947368421,Sell
2024-08-16,HOG,0.02609169989181855,Buy
2024-08-16,AA,-5.066120035684962e-05,Sell
2024-08-16,BUD,-3.907660026763321e-05,Sell
2024-08-16,SPWR,-0.0001896525848315081,Sell
2024-08-16,ICE,-0.02631578947368421,Sell
2024-08-16,CAG,-0.026560104546142126,Sell
2024-08-16,KMB,0.02631578947368421,Buy
2024-08-16,NDAQ,4.4919529310235434e-05,Buy
2024-08-16,HAS,0.026461491181989077,Buy
2024-08-16,TRV,-4.308332369234308e-05,Sell
2024-08-16,DPZ,7.290715540437046e-05,Buy
2024-08-16,VTR,-0.026514292309547684,Sell
2024-08-16,DHI,0.00043629504590404766,Buy
2024-08-16,BBT,0.0007603078582736449,Buy
2024-08-16,BDX,-0.00028605667716581976,Sell
2024-08-16,EBAY,0.02631578947368421,Buy
2024-08-16,QQQ,-5.990568620921691e-05,Sell
2024-08-16,SIRI,-0.02631578947368421,Sell
2024-08-16,HTZ,0.026039049029080767,Buy
2024-08-16,DLTR,0.026772771986623714,Buy
2024-08-16,TSM,-0.00011385600855444433,Sell
2024-08-16,MAR,0.02631578947368421,Buy
2024-08-16,ILMN,0.00033485889530044874,Buy
2024-08-16,KGC,-0.027110502008822975,Sell
2024-08-16,GOLD,-0.02631578947368421,Sell
2024-08-16,TRP,0.00038079304365871286,Buy
2024-08-16,KO,-0.02631578947368421,Sell
2024-08-16,D,-0.02631578947368421,Sell
2024-08-16,ULTA,0.0008491327214121061,Buy
2024-08-16,NWSA,0.00014587968340290178,Buy
2024-08-16,BX,0.025957148442956504,Buy
2024-08-16,LOW,0.026461433897604445,Buy
2024-08-16,MRVL,0.02633803168897407,Buy
2024-08-16,PCG,0.026341828375164245,Buy
2024-08-16,RF,-0.02631578947368421,Sell
2024-08-16,HMC,-6.762734458513886e-05,Sell
2024-08-16,CME,-0.02667416105310488,Sell
2024-08-16,OHI,7.910998688052256e-05,Buy
2024-08-16,SYK,-0.0003192755307489803,Sell
2024-08-16,CSIQ,9.766854984258333e-05,Buy
2024-08-16,ENB,0.00011482653321452999,Buy
2024-08-16,ZUMZ,-5.087147405391165e-05,Sell
2024-08-16,VZ,-0.00040103754748599743,Sell
2024-08-16,MRK,-0.00010973053672699504,Sell
2024-08-16,BMY,0.00016013579079952878,Buy
2024-08-19,MET,0.02628587006792125,Buy
2024-08-19,MNST,-0.026135582321923676,Sell
2024-08-19,AMTD,-0.026651004321782586,Sell
2024-08-19,BAX,0.00014507093758211673,Buy
2024-08-19,CF,0.02631578947368421,Buy
2024-08-19,HP,0.00020590131207377446,Buy
2024-08-19,HOG,-0.02631578947368421,Sell
2024-08-19,NVDA,0.02631578947368421,Buy
2024-08-19,DAL,-0.02631578947368421,Sell
2024-08-19,AA,-0.027748430085275187,Sell
2024-08-19,BUD,2.2759628737489823e-06,Buy
2024-08-19,SPWR,-0.02961222811372526,Sell
2024-08-19,ICE,0.026336349410298644,Buy
2024-08-19,CAG,-0.02631578947368421,Sell
2024-08-19,QCOM,0.02631578947368421,Buy
2024-08-19,KMB,-8.232448362543304e-05,Sell
2024-08-19,NDAQ,0.026266658332510125,Buy
2024-08-19,TRV,-0.00018639147121423186,Sell
2024-08-19,DPZ,0.0006976907021072794,Buy
2024-08-19,DHI,0.0004033943045207121,Buy
2024-08-19,BBT,9.578255088527401e-05,Buy
2024-08-19,BDX,0.00014938324133373718,Buy
2024-08-19,EBAY,-0.0267714472929068,Sell
2024-08-19,WFC,-0.02631578947368421,Sell
2024-08-19,EOG,0.02631578947368421,Buy
2024-08-19,QQQ,-0.00024266139184841995,Sell
2024-08-19,SIRI,0.02656362467751366,Buy
2024-08-19,ORCL,0.02631578947368421,Buy
2024-08-19,TSM,-3.4989671495622154e-05,Sell
2024-08-19,MAR,-0.0004438451450761022,Sell
2024-08-19,ILMN,0.0010228377205316538,Buy
2024-08-19,GOLD,0.00022873885086462445,Buy
2024-08-19,TRP,0.00018760906305433783,Buy
2024-08-19,KO,0.026138317847499152,Buy
2024-08-19,D,2.9358420954739978e-05,Buy
2024-08-19,ULTA,0.026202288629826674,Buy
2024-08-19,HUM,0.02631578947368421,Buy
2024-08-19,NWSA,-0.02661592566843251,Sell
2024-08-19,TRIP,-0.02631578947368421,Sell
2024-08-19,PCG,-0.02631578947368421,Sell
2024-08-19,RF,0.00021532446290247267,Buy
2024-08-19,HMC,-0.026833921372175582,Sell
2024-08-19,OHI,-0.026403199783929524,Sell
2024-08-19,SYK,-0.0001442488374668975,Sell
2024-08-19,CSIQ,9.380796036118078e-05,Buy
2024-08-19,BSX,0.02631578947368421,Buy
2024-08-19,M,-0.02631578947368421,Sell
2024-08-19,COF,-0.02631578947368421,Sell
2024-08-19,ENB,0.00018958563006487086,Buy
2024-08-19,ZUMZ,0.026281269189056544,Buy
2024-08-19,VZ,1.7772704131124167e-05,Buy
2024-08-19,CAT,0.02631578947368421,Buy
2024-08-19,MRK,-7.127401582988566e-05,Sell
2024-08-19,BMY,0.026182239190540673,Buy
2024-08-20,AMTD,-0.02631578947368421,Sell
2024-08-20,BAX,-0.0002421369233953051,Sell
2024-08-20,VWO,0.02631578947368421,Buy
2024-08-20,CF,0.00041871400697416836,Buy
2024-08-20,HP,-0.0013706565573763235,Sell
2024-08-20,HOG,-0.0002619259567573119,Sell
2024-08-20,NVDA,-0.02569121288946585,Sell
2024-08-20,DAL,0.026019432441124653,Buy
2024-08-20,AA,-0.02631578947368421,Sell
2024-08-20,BUD,0.0002116346554289876,Buy
2024-08-20,ICE,-0.02631578947368421,Sell
2024-08-20,RRC,-0.02631578947368421,Sell
2024-08-20,CAG,0.02597627771929311,Buy
2024-08-20,QCOM,0.00039319086768923803,Buy
2024-08-20,STI,-0.02631578947368421,Sell
2024-08-20,KMB,-7.334045594139388e-05,Sell
2024-08-20,TRV,0.00030072387823893224,Buy
2024-08-20,DPZ,-0.025895938030374627,Sell
2024-08-20,VTR,-0.02631578947368421,Sell
2024-08-20,DHI,-0.0003355193423753705,Sell
2024-08-20,BBT,0.025775459078544328,Buy
2024-08-20,BDX,0.00019842836533526947,Buy
2024-08-20,WFC,0.02610693866581759,Buy
2024-08-20,EOG,0.0006813223250728487,Buy
2024-08-20,QQQ,0.00012444408207342578,Buy
2024-08-20,HTZ,-0.02631578947368421,Sell
2024-08-20,ORCL,-0.02648430619338249,Sell
2024-08-20,CCL,-0.02631578947368421,Sell
2024-08-20,TSM,0.0005794859402445222,Buy
2024-08-20,MAR,0.0003048430035711841,Buy
2024-08-20,ILMN,-0.0007240786461796475,Sell
2024-08-20,GOLD,0.02630450598598076,Buy
2024-08-20,WMB,0.02631578947368421,Buy
2024-08-20,TRP,0.026012552259304222,Buy
2024-08-20,KO,-0.02631578947368421,Sell
2024-08-20,D,0.02625108567542497,Buy
2024-08-20,ULTA,0.02631578947368421,Buy
2024-08-20,HUM,-0.00020777049344137405,Sell
2024-08-20,WSM,0.02631578947368421,Buy
2024-08-20,TRIP,0.025542425999403377,Buy
2024-08-20,MRVL,-0.02631578947368421,Sell
2024-08-20,PCG,1.5433515874220538e-05,Buy
2024-08-20,NTES,0.02631578947368421,Buy
2024-08-20,RF,0.026342917785817967,Buy
2024-08-20,SYK,-7.45441652156946e-05,Sell
2024-08-20,CSIQ,-0.0007228776559677248,Sell
2024-08-20,BSX,0.00013608250935606345,Buy
2024-08-20,M,-0.00018719858310776993,Sell
2024-08-20,COF,0.025985666108925415,Buy
2024-08-20,ENB,0.02619276152371113,Buy
2024-08-20,VZ,-1.4977702004585758e-06,Sell
2024-08-20,CAT,-0.026143615191102407,Sell
2024-08-20,MRK,-0.02641158381109298,Sell
2024-08-20,BMY,-0.02631578947368421,Sell
2024-08-21,AMTD,0.026133220516083588,Buy
2024-08-21,BAX,-0.0002114274223173722,Sell
2024-08-21,VWO,-0.026255855382850118,Sell
2024-08-21,CF,-0.026156068577442106,Sell
2024-08-21,HP,0.02616511144687866,Buy
2024-08-21,HOG,6.066165706436824e-05,Buy
2024-08-21,XLP,-0.02631578947368421,Sell
2024-08-21,NVDA,0.02631578947368421,Buy
2024-08-21,AA,-0.0005463909141231703,Sell
2024-08-21,BUD,-0.026297226441387097,Sell
2024-08-21,ICE,-0.0001229297225301719,Sell
2024-08-21,RRC,0.025989117148793556,Buy
2024-08-21,QCOM,-0.0001378130326995554,Sell
2024-08-21,STI,-0.0013025641225756293,Sell
2024-08-21,KMB,0.00012097308888085398,Buy
2024-08-21,NDAQ,-0.02631578947368421,Sell
2024-08-21,HAS,-0.02631578947368421,Sell
2024-08-21,TRV,-0.02612117653562481,Sell
2024-08-21,VTR,0.02607113776285671,Buy
2024-08-21,DHI,0.000814106563882696,Buy
2024-08-21,BDX,0.00017032396490931911,Buy
2024-08-21,EBAY,-0.02631578947368421,Sell
2024-08-21,EOG,0.00023890030803170453,Buy
2024-08-21,QQQ,6.068223729632782e-05,Buy
2024-08-21,HTZ,-0.0004091573562021826,Sell
2024-08-21,ORCL,0.02631578947368421,Buy
2024-08-21,CCL,0.0264232096829969,Buy
2024-08-21,TSM,0.00027370844554550425,Buy
2024-08-21,MS,0.02631578947368421,Buy
2024-08-21,MAR,2.0941768485886053e-05,Buy
2024-08-21,ILMN,-0.00016087496977789176,Sell
2024-08-21,KGC,0.02631578947368421,Buy
2024-08-21,GOLD,-0.02631578947368421,Sell
2024-08-21,WMB,-0.026239365586221235,Sell
2024-08-21,TRP,0.02631578947368421,Buy
2024-08-21,KO,0.026204785601655064,Buy
2024-08-21,ULTA,-0.026973762468950183,Sell
2024-08-21,HUM,-0.026249617862822323,Sell
2024-08-21,WSM,-0.02731426879129597,Sell
2024-08-21,NWSA,0.02631578947368421,Buy
2024-08-21,BX,-0.02631578947368421,Sell
2024-08-21,MRVL,0.0005440848270921693,Buy
2024-08-21,PCG,-0.00011242316465513366,Sell
2024-08-21,NTES,-0.026819714205809097,Sell
2024-08-21,CP,0.02631578947368421,Buy
2024-08-21,PRGO,-0.02631578947368421,Sell
2024-08-21,CSIQ,-5.6320343910003234e-05,Sell
2024-08-21,BSX,7.268349796586693e-05,Buy
2024-08-21,XLE,0.02631578947368421,Buy
2024-08-21,M,-0.003556023259106724,Sell
2024-08-21,COF,0.02631578947368421,Buy
2024-08-21,VZ,5.4617769035258945e-05,Buy
2024-08-21,BMY,0.025845103881308437,Buy
2024-08-22,CNC,-0.02631578947368421,Sell
2024-08-22,BAX,0.00017255833493265427,Buy
2024-08-22,VWO,0.02631578947368421,Buy
2024-08-22,HOG,0.025835920237119357,Buy
2024-08-22,XLP,0.02622475400535553,Buy
2024-08-22,NVDA,-0.02529045189784427,Sell
2024-08-22,DAL,-0.02631578947368421,Sell
2024-08-22,AA,-0.000659945970240515,Sell
2024-08-22,SPWR,0.02631578947368421,Buy
2024-08-22,ICE,2.8922630502976887e-05,Buy
2024-08-22,RRC,-0.02631578947368421,Sell
2024-08-22,QCOM,0.0008393775832319927,Buy
2024-08-22,STI,0.031045591572400204,Buy
2024-08-22,KMB,-0.026266955900847235,Sell
2024-08-22,NDAQ,9.33474313434858e-05,Buy
2024-08-22,HAS,4.6157621182478514e-05,Buy
2024-08-22,DPZ,0.02631578947368421,Buy
2024-08-22,VTR,-0.02631578947368421,Sell
2024-08-22,DHI,-0.0001538840682091154,Sell
2024-08-22,BBT,-0.02631578947368421,Sell
2024-08-22,BDX,-0.026313642453172522,Sell
2024-08-22,MU,0.02631578947368421,Buy
2024-08-22,EBAY,0.026415490371426754,Buy
2024-08-22,EOG,2.042260987534378e-06,Buy
2024-08-22,QQQ,0.0004688749164625215,Buy
2024-08-22,ANF,0.02631578947368421,Buy
2024-08-22,HTZ,-0.0024261262672458823,Sell
2024-08-22,ORCL,0.0004496151905689673,Buy
2024-08-22,DLTR,0.02631578947368421,Buy
2024-08-22,TSM,0.0008184338456254034,Buy
2024-08-22,MS,-0.026229408001385776,Sell
2024-08-22,MAR,9.809357394307758e-05,Buy
2024-08-22,XRT,0.02631578947368421,Buy
2024-08-22,ILMN,-0.000704004104832151,Sell
2024-08-22,KGC,0.0007316931339621732,Buy
2024-08-22,GOLD,0.02561257075753412,Buy
2024-08-22,TRP,-0.026447721908860456,Sell
2024-08-22,NTAP,0.02631578947368421,Buy
2024-08-22,WSM,0.02631578947368421,Buy
2024-08-22,NWSA,-0.026329518390919637,Sell
2024-08-22,TRIP,-0.02631578947368421,Sell
2024-08-22,BX,-4.4681938618736095e-05,Sell
2024-08-22,MRVL,-0.001039094282664528,Sell
2024-08-22,PCG,0.026207073177344907,Buy
2024-08-22,CP,-0.026437679599066614,Sell
2024-08-22,PRGO,0.026041217391961663,Buy
2024-08-22,OHI,-0.02631578947368421,Sell
2024-08-22,SYK,-0.026674012219557737,Sell
2024-08-22,CSIQ,0.02215065369939067,Buy
2024-08-22,BSX,-0.026519919919289776,Sell
2024-08-22,XLE,-1.552844430346284e-05,Sell
2024-08-22,M,-0.000528441254523733,Sell
2024-08-22,COF,-0.026206950805564035,Sell
2024-08-22,ENB,0.02631578947368421,Buy
2024-08-22,ZUMZ,-0.02631578947368421,Sell
2024-08-22,VZ,0.0001676356474967708,Buy
2024-08-23,CNC,0.02655591597053157,Buy
2024-08-23,BAX,0.0008929794424084002,Buy
2024-08-23,VWO,-0.02682870238027312,Sell
2024-08-23,CF,-0.02631578947368421,Sell
2024-08-23,HOG,-0.02631578947368421,Sell
2024-08-23,DAL,0.0009489634363688167,Buy
2024-08-23,AA,0.02758631693690878,Buy
2024-08-23,SPWR,-0.0014617168306563268,Sell
2024-08-23,NSC,-0.02631578947368421,Sell
2024-08-23,ICE,0.00036706769644113263,Buy
2024-08-23,RRC,0.02679849571571764,Buy
2024-08-23,QCOM,-0.0008361752400408012,Sell
2024-08-23,KMB,0.02631578947368421,Buy
2024-08-23,NDAQ,0.026342885337855414,Buy
2024-08-23,HAS,0.0006069104390645404,Buy
2024-08-23,DPZ,-0.027022780433019238,Sell
2024-08-23,VTR,0.0002837346198105335,Buy
2024-08-23,DHI,0.0009934025229045608,Buy
2024-08-23,BBT,0.001317801831241968,Buy
2024-08-23,MU,0.0002257363987043376,Buy
2024-08-23,EOG,-0.02680256875549844,Sell
2024-08-23,QQQ,-0.00041878125818900144,Sell
2024-08-23,ANF,-0.027188973268179685,Sell
2024-08-23,HTZ,0.0278887945664787,Buy
2024-08-23,ORCL,-0.00034455657102887977,Sell
2024-08-23,DLTR,0.00012724326861583354,Buy
2024-08-23,TSM,-0.0009010289082189912,Sell
2024-08-23,MAR,-0.00026646844652144716,Sell
2024-08-23,XRT,-0.027093474623559727,Sell
2024-08-23,ILMN,0.000553207554206684,Buy
2024-08-23,KGC,-0.0004537585247089172,Sell
2024-08-23,TRP,-0.02631578947368421,Sell
2024-08-23,ULTA,0.02631578947368421,Buy
2024-08-23,HUM,0.02631578947368421,Buy
2024-08-23,NTAP,-0.0004313168417520649,Sell
2024-08-23,WSM,-0.02827373914775393,Sell
2024-08-23,NWSA,0.02631578947368421,Buy
2024-08-23,TRIP,0.02734680553384692,Buy
2024-08-23,BX,0.0010129500595818762,Buy
2024-08-23,LOW,-0.02631578947368421,Sell
2024-08-23,MRVL,0.027672664547284145,Buy
2024-08-23,PCG,-0.02631578947368421,Sell
2024-08-23,CME,0.02631578947368421,Buy
2024-08-23,OHI,0.0004350684661389957,Buy
2024-08-23,SYK,0.02631578947368421,Buy
2024-08-23,CSIQ,0.02631578947368421,Buy
2024-08-23,BSX,0.02631578947368421,Buy
2024-08-23,XLE,-0.026842699166853053,Sell
2024-08-23,M,0.02782503419839672,Buy
2024-08-23,ENB,-0.0531835372313707,Sell
2024-08-23,ZUMZ,0.001378221435258828,Buy
2024-08-23,VZ,-0.026667754768705636,Sell
2024-08-23,MRK,0.02631578947368421,Buy
2024-08-23,BMY,-0.02631578947368421,Sell
2024-08-26,AMTD,-0.02631578947368421,Sell
2024-08-26,BAX,0.026680224819589222,Buy
2024-08-26,VWO,0.02631578947368421,Buy
2024-08-26,CF,0.0004940371847021868,Buy
2024-08-26,HOG,0.026385124994895672,Buy
2024-08-26,DAL,0.026150648026115293,Buy
2024-08-26,AA,0.02631578947368421,Buy
2024-08-26,HYG,0.02631578947368421,Buy
2024-08-26,BUD,0.02631578947368421,Buy
2024-08-26,SPWR,-0.0006519410980702252,Sell
2024-08-26,NSC,0.00027884516591159675,Buy
2024-08-26,ICE,0.0001396217019005129,Buy
2024-08-26,CAG,-0.02631578947368421,Sell
2024-08-26,QCOM,0.0005201869949031691,Buy
2024-08-26,KMB,-0.00018757068318147815,Sell
2024-08-26,NDAQ,-0.02631578947368421,Sell
2024-08-26,HAS,0.0002803349922590147,Buy
2024-08-26,DPZ,-0.02631578947368421,Sell
2024-08-26,VTR,0.00021420801339007423,Buy
2024-08-26,DHI,-0.00028575500879674323,Sell
2024-08-26,BBT,0.02626306585094225,Buy
2024-08-26,BDX,0.02631578947368421,Buy
2024-08-26,MU,0.000921447164124671,Buy
2024-08-26,QQQ,0.0001662414574976588,Buy
2024-08-26,ANF,0.02631578947368421,Buy
2024-08-26,ORCL,-3.509285009382218e-05,Sell
2024-08-26,DLTR,3.2386881758782876e-05,Buy
2024-08-26,TSM,-0.026065190166958664,Sell
2024-08-26,MAR,-2.0952643427801787e-05,Sell
2024-08-26,ILMN,-0.00010483060480183728,Sell
2024-08-26,KGC,0.00016960960235584688,Buy
2024-08-26,TRP,0.000306891323809573,Buy
2024-08-26,KO,-0.02631578947368421,Sell
2024-08-26,ULTA,0.0001658195881030014,Buy
2024-08-26,HUM,-9.759587730237551e-05,Sell
2024-08-26,NTAP,-0.02628292051547268,Sell
2024-08-26,WSM,0.02631578947368421,Buy
2024-08-26,NWSA,-0.026293294973217463,Sell
2024-08-26,BX,0.0005982167866480821,Buy
2024-08-26,LOW,0.0001355184008054837,Buy
2024-08-26,PCG,0.00042721690125457207,Buy
2024-08-26,NTES,0.02631578947368421,Buy
2024-08-26,CME,-0.02658190013538739,Sell
2024-08-26,OHI,0.02641270297964825,Buy
2024-08-26,SYK,-0.026481389862499333,Sell
2024-08-26,CSIQ,-0.052819637970847565,Sell
2024-08-26,BSX,-0.026505964657814997,Sell
2024-08-26,ENB,0.00024325167195364192,Buy
2024-08-26,ZUMZ,0.02584349588901567,Buy
2024-08-26,MRK,-0.026331169058354024,Sell
2024-08-26,BMY,0.00016147145681259106,Buy
2024-08-27,CNC,-0.02631578947368421,Sell
2024-08-27,AMTD,0.024077963931417545,Buy
2024-08-27,BAX,-0.02631578947368421,Sell
2024-08-27,VWO,-0.02626057100179764,Sell
2024-08-27,CF,-9.094006065278257e-05,Sell
2024-08-27,HOG,-0.02631578947368421,Sell
2024-08-27,AA,0.00028185832794733884,Buy
2024-08-27,HYG,6.795980416717667e-05,Buy
2024-08-27,BUD,-0.026475191348912328,Sell
2024-08-27,SPWR,8.451144810181846e-05,Buy
2024-08-27,NSC,0.0006211388005826941,Buy
2024-08-27,ICE,-3.705868226407463e-05,Sell
2024-08-27,CAG,0.026425643594688707,Buy
2024-08-27,QCOM,-0.02691843029525156,Sell
2024-08-27,KMB,0.00019370566039021708,Buy
2024-08-27,NDAQ,8.643173441971047e-05,Buy
2024-08-27,HAS,-0.0002989238512247708,Sell
2024-08-27,DPZ,0.025856173447141154,Buy
2024-08-27,VTR,9.953821761819401e-05,Buy
2024-08-27,DHI,-0.0002954063163353067,Sell
2024-08-27,EWC,0.02631578947368421,Buy
2024-08-27,BDX,-0.026420017064899923,Sell
2024-08-27,MU,-0.025952815363668485,Sell
2024-08-27,EBAY,-0.02631578947368421,Sell
2024-08-27,QQQ,6.150243721598364e-06,Buy
2024-08-27,EWI,0.02631578947368421,Buy
2024-08-27,ANF,-0.02647118768192172,Sell
2024-08-27,HTZ,0.02631578947368421,Buy
2024-08-27,ORCL,0.00016382611179509635,Buy
2024-08-27,DLTR,0.00039695068996286817,Buy
2024-08-27,MAR,-0.026575703170843772,Sell
2024-08-27,ILMN,1.2029738502547516e-05,Buy
2024-08-27,KGC,0.0004029978098390209,Buy
2024-08-27,TRP,5.403386130476903e-05,Buy
2024-08-27,KO,0.00015987811385865386,Buy
2024-08-27,ULTA,0.0003384440965777079,Buy
2024-08-27,HUM,5.1073522721611225e-05,Buy
2024-08-27,WSM,0.00019534857200452851,Buy
2024-08-27,NWSA,0.02631578947368421,Buy
2024-08-27,TRIP,0.02631578947368421,Buy
2024-08-27,BX,-0.00021570660138322054,Sell
2024-08-27,LOW,-0.00028661172145929073,Sell
2024-08-27,MRVL,0.02631578947368421,Buy
2024-08-27,PCG,-0.0002773943039710257,Sell
2024-08-27,DUK,0.02631578947368421,Buy
2024-08-27,NTES,-0.026561994551692378,Sell
2024-08-27,CSIQ,0.025281291293701675,Buy
2024-08-27,XLE,0.02631578947368421,Buy
2024-08-27,M,-0.02631578947368421,Sell
2024-08-27,ENB,0.026086602429110883,Buy
2024-08-27,BMY,-0.00014976594220668035,Sell
2024-08-28,CNC,0.00021263874075404254,Buy
2024-08-28,AMTD,-0.02631578947368421,Sell
2024-08-28,BAX,0.026407891171936405,Buy
2024-08-28,VWO,0.02631578947368421,Buy
2024-08-28,CF,0.026545330113998074,Buy
2024-08-28,HP,-0.02631578947368421,Sell
2024-08-28,HOG,-0.00020435051773269944,Sell
2024-08-28,XLP,0.02631578947368421,Buy
2024-08-28,AA,-0.024765192471777994,Sell
2024-08-28,HYG,-0.0001416048713237944,Sell
2024-08-28,SPWR,-1.707844262658839e-05,Sell
2024-08-28,NSC,0.00030384312901289914,Buy
2024-08-28,ICE,0.026498754820179864,Buy
2024-08-28,CAG,-0.02631578947368421,Sell
2024-08-28,STI,-0.02631578947368421,Sell
2024-08-28,KMB,-0.026529750001307917,Sell
2024-08-28,NDAQ,0.00011767897501783336,Buy
2024-08-28,HAS,0.026381135547943843,Buy
2024-08-28,VTR,0.0005457714681700102,Buy
2024-08-28,DHI,0.00015918115778107422,Buy
2024-08-28,EWC,4.185871867562127e-05,Buy
2024-08-28,EBAY,0.05207760629110045,Buy
2024-08-28,QQQ,-0.0261703611241212,Sell
2024-08-28,EWI,-0.00010689468981900721,Sell
2024-08-28,ANF,0.02631578947368421,Buy
2024-08-28,HTZ,-0.02502549443375918,Sell
2024-08-28,ORCL,-4.025470259567954e-05,Sell
2024-08-28,DLTR,0.00010587670892813969,Buy
2024-08-28,CCL,-0.02631578947368421,Sell
2024-08-28,XRT,0.02631578947368421,Buy
2024-08-28,KEY,-0.02631578947368421,Sell
2024-08-28,ILMN,0.00031672420128603385,Buy
2024-08-28,KGC,0.00031827866987892486,Buy
2024-08-28,WMB,0.02631578947368421,Buy
2024-08-28,TRP,0.026337454050243618,Buy
2024-08-28,KO,0.000247501743276729,Buy
2024-08-28,ULTA,-0.026147826819011184,Sell
2024-08-28,PVH,0.02631578947368421,Buy
2024-08-28,HUM,-7.85598967339915e-05,Sell
2024-08-28,WSM,-0.026616557089334386,Sell
2024-08-28,NWSA,-0.02656534305590733,Sell
2024-08-28,TRIP,-0.025981208075091976,Sell
2024-08-28,BX,-6.43171805779115e-05,Sell
2024-08-28,LOW,0.00019434993861192074,Buy
2024-08-28,MRVL,-0.025988483486961953,Sell
2024-08-28,PCG,0.026498750349382757,Buy
2024-08-28,DUK,-0.026659982040652005,Sell
2024-08-28,NTES,0.02631578947368421,Buy
2024-08-28,CSIQ,-0.02631578947368421,Sell
2024-08-28,BSX,0.02631578947368421,Buy
2024-08-28,XLE,-0.026300808580014216,Sell
2024-08-28,M,0.00018941557465299713,Buy
2024-08-28,ENB,0.02631578947368421,Buy
2024-08-28,CAT,0.02631578947368421,Buy
2024-08-28,BMY,0.0006720390857435712,Buy
2024-08-29,CNC,6.942067689741371e-05,Buy
2024-08-29,AMTD,0.002119832517696256,Buy
2024-08-29,VWO,-6.446516576386757e-05,Sell
2024-08-29,CF,-0.02631578947368421,Sell
2024-08-29,HP,0.026780480513947696,Buy
2024-08-29,HOG,0.02617047918435919,Buy
2024-08-29,XLP,0.00010231347486177114,Buy
2024-08-29,NVDA,0.02631578947368421,Buy
2024-08-29,HYG,-0.026371348376742827,Sell
2024-08-29,SPWR,-2.8977483000531407e-05,Sell
2024-08-29,NSC,0.00021107273145083358,Buy
2024-08-29,CAG,0.025927128671513484,Buy
2024-08-29,GREK,0.02631578947368421,Buy
2024-08-29,STI,0.05024562001765791,Buy
2024-08-29,KMB,0.02631578947368421,Buy
2024-08-29,NDAQ,0.00011810078580170788,Buy
2024-08-29,HAS,-0.02631578947368421,Sell
2024-08-29,DPZ,-0.02631578947368421,Sell
2024-08-29,VTR,7.444837126502346e-06,Buy
2024-08-29,DHI,-7.214675312656321e-05,Sell
2024-08-29,EWC,-0.0001473806630285443,Sell
2024-08-29,EBAY,-0.026718643997971133,Sell
2024-08-29,EWI,-0.00012479816830856388,Sell
2024-08-29,ANF,-0.0007737402412705367,Sell
2024-08-29,HTZ,-0.02631578947368421,Sell
2024-08-29,ORCL,-0.026639014238501253,Sell
2024-08-29,DLTR,0.002667972026861455,Buy
2024-08-29,CCL,-0.00011359526702267933,Sell
2024-08-29,XRT,0.000101776554293595,Buy
2024-08-29,KEY,0.026565091178667632,Buy
2024-08-29,ILMN,0.0004450531457064928,Buy
2024-08-29,KGC,-0.000688350901754016,Sell
2024-08-29,WMB,-0.02667312608800301,Sell
2024-08-29,TRP,-0.02631578947368421,Sell
2024-08-29,KO,0.00013912980639065736,Buy
2024-08-29,PVH,0.00020280470628953468,Buy
2024-08-29,HUM,5.1009010401035365e-05,Buy
2024-08-29,NTAP,0.02631578947368421,Buy
2024-08-29,WSM,0.02631578947368421,Buy
2024-08-29,BX,0.026438799221655096,Buy
2024-08-29,LOW,-0.00020066950154341845,Sell
2024-08-29,PCG,-0.02631578947368421,Sell
2024-08-29,NTES,-8.142233573929167e-05,Sell
2024-08-29,CLX,-0.02631578947368421,Sell
2024-08-29,CSIQ,0.000262682364771203,Buy
2024-08-29,BSX,-0.026725759455151515,Sell
2024-08-29,M,0.026670220255985654,Buy
2024-08-29,ENB,-0.026471912742302622,Sell
2024-08-29,VZ,0.02631578947368421,Buy
2024-08-29,CAT,-0.026605035835177773,Sell
2024-08-29,BMY,0.0003833919862917014,Buy
2024-08-30,CNC,0.00011409363681669227,Buy
2024-08-30,AMTD,0.05121357883475632,Buy
2024-08-30,VWO,-3.670298817461115e-06,Sell
2024-08-30,CF,0.026299473440076646,Buy
2024-08-30,XLP,-0.02645725744808588,Sell
2024-08-30,NVDA,-0.02664617383170909,Sell
2024-08-30,WEN,0.02631578947368421,Buy
2024-08-30,HYG,0.02631578947368421,Buy
2024-08-30,SPWR,0.0010289544503667564,Buy
2024-08-30,NSC,0.00036423932414485563,Buy
2024-08-30,GREK,9.825779380768021e-05,Buy
2024-08-30,QCOM,-0.02631578947368421,Sell
2024-08-30,JNJ,-0.02631578947368421,Sell
2024-08-30,STI,-0.05232380835473833,Sell
2024-08-30,KMB,-0.00019695890315258452,Sell
2024-08-30,NDAQ,0.0002611997367963602,Buy
2024-08-30,HAS,-1.6790772954536348e-05,Sell
2024-08-30,DPZ,1.2496855920765548e-05,Buy
2024-08-30,VTR,0.0003582129885113597,Buy
2024-08-30,DHI,0.00020136130043757125,Buy
2024-08-30,EWC,-0.00010268792891849135,Sell
2024-08-30,BBT,0.02631578947368421,Buy
2024-08-30,EOG,0.02631578947368421,Buy
2024-08-30,EWI,-8.253332263598659e-05,Sell
2024-08-30,ANF,-0.027236257075334003,Sell
2024-08-30,HTZ,0.0249363909000901,Buy
2024-08-30,DLTR,0.00015982956080643623,Buy
2024-08-30,CCL,0.02618535343165155,Buy
2024-08-30,XRT,1.8721674259675192e-05,Buy
2024-08-30,KEY,-0.02631578947368421,Sell
2024-08-30,ILMN,0.025781854985111284,Buy
2024-08-30,KGC,-2.044520504029465e-05,Sell
2024-08-30,TRP,0.0002715531987545587,Buy
2024-08-30,KO,8.605627644327554e-05,Buy
2024-08-30,D,-0.02631578947368421,Sell
2024-08-30,ULTA,0.02631578947368421,Buy
2024-08-30,PVH,-0.02673648254454855,Sell
2024-08-30,RL,0.02631578947368421,Buy
2024-08-30,HUM,-0.0001653804732291292,Sell
2024-08-30,NTAP,-0.00026776291146033554,Sell
2024-08-30,WSM,-0.02653925861512457,Sell
2024-08-30,LOW,0.00011706132773104186,Buy
2024-08-30,MRVL,-0.02631578947368421,Sell
2024-08-30,PCG,0.026382753608611243,Buy
2024-08-30,NTES,9.629145446656343e-05,Buy
2024-08-30,CLX,0.0001083042128300106,Buy
2024-08-30,CSIQ,0.026500620371473434,Buy
2024-08-30,ENB,-0.02631578947368421,Sell
2024-08-30,VZ,-0.026586093747822795,Sell
2024-08-30,BMY,5.446878483238507e-05,Buy
2024-09-03,CNC,0.000518967533721236,Buy
2024-09-03,AMTD,-0.025548929556132624,Sell
2024-09-03,VWO,-0.02596557104385801,Sell
2024-09-03,A,0.02631578947368421,Buy
2024-09-03,NVDA,0.02631578947368421,Buy
2024-09-03,WEN,0.00024981278550481253,Buy
2024-09-03,AA,-0.02631578947368421,Sell
2024-09-03,HYG,4.2789186817788344e-05,Buy
2024-09-03,SPWR,0.0016688489791627896,Buy
2024-09-03,NSC,-0.00011398216731225985,Sell
2024-09-03,RRC,-0.02631578947368421,Sell
2024-09-03,CAG,-0.02631578947368421,Sell
2024-09-03,GREK,-0.026492409591516528,Sell
2024-09-03,QCOM,0.024552576901970467,Buy
2024-09-03,JNJ,0.00025736345523466944,Buy
2024-09-03,STI,0.025471333937154967,Buy
2024-09-03,KMB,-0.0268567914742835,Sell
2024-09-03,NDAQ,0.026114090102806554,Buy
2024-09-03,HAS,0.026018342675233987,Buy
2024-09-03,DPZ,-0.0006278583882541183,Sell
2024-09-03,VTR,0.00019079088234636235,Buy
2024-09-03,DHI,0.025770048813809558,Buy
2024-09-03,EWC,0.00040512618713650986,Buy
2024-09-03,BBT,0.0002365135134293067,Buy
2024-09-03,EOG,0.0010115681760464526,Buy
2024-09-03,QQQ,-0.02631578947368421,Sell
2024-09-03,EWI,0.0004990185290311318,Buy
2024-09-03,SIRI,-0.02631578947368421,Sell
2024-09-03,DLTR,0.0008355625544701033,Buy
2024-09-03,CCL,-0.02631578947368421,Sell
2024-09-03,TSM,0.02631578947368421,Buy
2024-09-03,MS,0.02631578947368421,Buy
2024-09-03,XRT,-0.025924290978093997,Sell
2024-09-03,KEY,0.02585647581148717,Buy
2024-09-03,KGC,0.0012326179505699648,Buy
2024-09-03,TRP,0.026309597251085986,Buy
2024-09-03,KO,0.0002471724111439595,Buy
2024-09-03,D,0.0004421949852686999,Buy
2024-09-03,ULTA,-0.053127653238875625,Sell
2024-09-03,RL,-0.02676986236681668,Sell
2024-09-03,HUM,-0.05335619271718205,Sell
2024-09-03,NTAP,0.0003358814838337887,Buy
2024-09-03,BX,0.02631578947368421,Buy
2024-09-03,LOW,0.026043945253231563,Buy
2024-09-03,MRVL,0.024215396344941152,Buy
2024-09-03,DUK,-0.02631578947368421,Sell
2024-09-03,NTES,-0.02556671250330132,Sell
2024-09-03,CME,0.02631578947368421,Buy
2024-09-03,CLX,0.000518704193853723,Buy
2024-09-03,ENB,0.02637961972734902,Buy
2024-09-03,ZUMZ,0.02631578947368421,Buy
2024-09-03,MT,-0.02631578947368421,Sell
2024-09-03,CAT,0.02631578947368421,Buy
2024-09-03,MRK,0.02631578947368421,Buy
2024-09-03,BMY,0.00035158485867820694,Buy
2024-09-04,MNST,-0.02631578947368421,Sell
2024-09-04,CNC,0.024138008384679117,Buy
2024-09-04,PPG,0.02631578947368421,Buy
2024-09-04,AMTD,0.02631578947368421,Buy
2024-09-04,A,3.346216106941968e-05,Buy
2024-09-04,NVDA,-0.025996387126167045,Sell
2024-09-04,WEN,-0.0005678560815548378,Sell
2024-09-04,AA,0.00034615409000047365,Buy
2024-09-04,HYG,-0.02653194342206806,Sell
2024-09-04,SPWR,-0.026818735405956164,Sell
2024-09-04,NSC,0.0006514449108356024,Buy
2024-09-04,ICE,-0.02631578947368421,Sell
2024-09-04,RRC,-0.0005762024594108371,Sell
2024-09-04,CAG,0.000524515833428333,Buy
2024-09-04,JNJ,0.026466140537931483,Buy
2024-09-04,NDAQ,-0.02631578947368421,Sell
2024-09-04,HAS,-0.02631578947368421,Sell
2024-09-04,TRV,-0.02631578947368421,Sell
2024-09-04,DPZ,0.00024842591085229987,Buy
2024-09-04,VTR,0.00016529826870235326,Buy
2024-09-04,DHI,-0.02631578947368421,Sell
2024-09-04,EWC,-0.00018515603743763515,Sell
2024-09-04,BBT,0.00036649442361158177,Buy
2024-09-04,BDX,0.02631578947368421,Buy
2024-09-04,EOG,6.302609238463541e-05,Buy
2024-09-04,QQQ,0.05268161205896482,Buy
2024-09-04,EWI,-0.00015346660650522245,Sell
2024-09-04,SIRI,-0.0014910741477156125,Sell
2024-09-04,DLTR,-0.02057780360189634,Sell
2024-09-04,CCL,0.026127132785318953,Buy
2024-09-04,TSM,-0.00018131068669772002,Sell
2024-09-04,MS,-0.026668846805785948,Sell
2024-09-04,KGC,-0.026342294269234075,Sell
2024-09-04,TRP,-0.02631578947368421,Sell
2024-09-04,KO,0.05258737254602516,Buy
2024-09-04,D,0.00047286211274170584,Buy
2024-09-04,ULTA,0.026517030854864027,Buy
2024-09-04,HUM,0.0006909986459687836,Buy
2024-09-04,NTAP,-0.00014761409575334353,Sell
2024-09-04,NWSA,0.02631578947368421,Buy
2024-09-04,BX,-0.02637901942352128,Sell
2024-09-04,DUK,0.0004086582209424268,Buy
2024-09-04,RF,0.02631578947368421,Buy
2024-09-04,CME,-0.026852217173889185,Sell
2024-09-04,CLX,0.0006207730243310457,Buy
2024-09-04,OHI,-0.02631578947368421,Sell
2024-09-04,COF,0.02631578947368421,Buy
2024-09-04,ZUMZ,0.0005248312055350472,Buy
2024-09-04,MT,0.026374705053383695,Buy
2024-09-04,CAT,0.00015242280728192462,Buy
2024-09-04,MRK,5.814139167886062e-05,Buy
2024-09-04,BMY,0.02614149121806219,Buy
2024-09-05,MNST,0.02628267277199201,Buy
2024-09-05,CNC,0.02631578947368421,Buy
2024-09-05,PPG,0.0002352738820372638,Buy
2024-09-05,AMTD,-0.026369881887019896,Sell
2024-09-05,BAX,-0.02631578947368421,Sell
2024-09-05,A,-0.026408053627918555,Sell
2024-09-05,HP,-0.02631578947368421,Sell
2024-09-05,WEN,-2.2622585145657542e-05,Sell
2024-09-05,AA,-0.00012758794797409698,Sell
2024-09-05,SPWR,0.02631578947368421,Buy
2024-09-05,NSC,0.025666180891616635,Buy
2024-09-05,ICE,0.026397481814699284,Buy
2024-09-05,RRC,0.026547869485654622,Buy
2024-09-05,CAG,0.02646751505518979,Buy
2024-09-05,JNJ,0.02631578947368421,Buy
2024-09-05,NDAQ,2.5377372429167405e-05,Buy
2024-09-05,HAS,0.026296201133731715,Buy
2024-09-05,TRV,0.026418885583270338,Buy
2024-09-05,DPZ,0.00036166595984841315,Buy
2024-09-05,VTR,0.00016791784200339416,Buy
2024-09-05,DHI,-1.3194643089992075e-05,Sell
2024-09-05,EWC,1.862457655050359e-05,Buy
2024-09-05,BBT,6.424660174825583e-05,Buy
2024-09-05,BDX,0.00029067708422636854,Buy
2024-09-05,WFC,-0.02631578947368421,Sell
2024-09-05,EOG,0.0002100762784866539,Buy
2024-09-05,QQQ,-7.871282462903681e-05,Sell
2024-09-05,EWI,-0.0001648588578863179,Sell
2024-09-05,SIRI,-0.00012590321497785162,Sell
2024-09-05,TSM,-0.026833779811564627,Sell
2024-09-05,MS,0.02631578947368421,Buy
2024-09-05,ALK,-0.02631578947368421,Sell
2024-09-05,GOLD,-0.02631578947368421,Sell
2024-09-05,TRP,0.0001843806635937889,Buy
2024-09-05,KO,0.0004510678062612204,Buy
2024-09-05,D,-1.4710984125056864e-05,Sell
2024-09-05,ULTA,-0.02631578947368421,Sell
2024-09-05,HUM,0.025925416438677063,Buy
2024-09-05,NTAP,0.0004463793381715153,Buy
2024-09-05,NWSA,0.00014994616492842658,Buy
2024-09-05,PCG,-0.02631578947368421,Sell
2024-09-05,DUK,0.026322578839224994,Buy
2024-09-05,RF,-0.026115768842442766,Sell
2024-09-05,CME,-0.02631578947368421,Sell
2024-09-05,CLX,0.00015688810317180182,Buy
2024-09-05,OHI,0.00012683074575966027,Buy
2024-09-05,BSX,0.02631578947368421,Buy
2024-09-05,COF,0.0002540513627898103,Buy
2024-09-05,ZUMZ,0.0007235455974524303,Buy
2024-09-05,CAT,0.00019571124511880492,Buy
2024-09-05,MRK,-0.027005214648453926,Sell
2024-09-05,BMY,-0.02631578947368421,Sell
2024-09-06,CNC,0.0006961849547131478,Buy
2024-09-06,PPG,-0.02617663551636348,Sell
2024-09-06,BAX,6.05186761329958e-05,Buy
2024-09-06,HP,-0.0003085654803006155,Sell
2024-09-06,NVDA,0.02631578947368421,Buy
2024-09-06,WEN,-0.026674022023817273,Sell
2024-09-06,AA,-0.0015449967989351991,Sell
2024-09-06,SPWR,0.0004873924720766032,Buy
2024-09-06,ICE,0.02631578947368421,Buy
2024-09-06,QCOM,0.02631578947368421,Buy
2024-09-06,JNJ,-0.02618435960500994,Sell
2024-09-06,NDAQ,0.025762343377237543,Buy
2024-09-06,TRV,-0.02631578947368421,Sell
2024-09-06,DPZ,0.026168138017783168,Buy
2024-09-06,VTR,-1.752940964698177e-05,Sell
2024-09-06,DHI,0.000311917808641482,Buy
2024-09-06,EWC,0.0003447756453478744,Buy
2024-09-06,BBT,0.0005081578376476548,Buy
2024-09-06,BDX,9.961215436132473e-05,Buy
2024-09-06,EBAY,-0.02631578947368421,Sell
2024-09-06,WFC,0.024959592801370622,Buy
2024-09-06,EOG,0.00029372980673396734,Buy
2024-09-06,QQQ,0.0007382734552138642,Buy
2024-09-06,EWI,0.0003846810794983224,Buy
2024-09-06,SIRI,-0.0016599257786045901,Sell
2024-09-06,HTZ,-0.02631578947368421,Sell
2024-09-06,CCL,-0.02631578947368421,Sell
2024-09-06,TSM,0.02631578947368421,Buy
2024-09-06,MS,0.0008182766299520382,Buy
2024-09-06,ALK,-0.0001940923087918149,Sell
2024-09-06,ILMN,0.02631578947368421,Buy
2024-09-06,GOLD,0.0001649791066949055,Buy
2024-09-06,TRP,0.026230964808598548,Buy
2024-09-06,KO,4.533793147285317e-05,Buy
2024-09-06,D,0.02617610508128855,Buy
2024-09-06,ULTA,0.026556782121891376,Buy
2024-09-06,EW,-0.02631578947368421,Sell
2024-09-06,NTAP,0.0006281942447919041,Buy
2024-09-06,NWSA,-0.02593019246203383,Sell
2024-09-06,PCG,0.02561810741998163,Buy
2024-09-06,RF,0.02631578947368421,Buy
2024-09-06,HMC,-0.02631578947368421,Sell
2024-09-06,CME,9.990744841737592e-05,Buy
2024-09-06,CLX,-4.542877714452942e-05,Sell
2024-09-06,OHI,0.026051503832398865,Buy
2024-09-06,CSIQ,-0.02631578947368421,Sell
2024-09-06,BSX,-0.02635581216842568,Sell
2024-09-06,M,-0.02631578947368421,Sell
2024-09-06,COF,0.0006058015904836581,Buy
2024-09-06,ZUMZ,-0.053641615330090764,Sell
2024-09-06,CAT,0.0003651843466991392,Buy
2024-09-06,BMY,0.02570101189573306,Buy
2024-09-09,MET,0.02631578947368421,Buy
2024-09-09,MNST,-0.02631578947368421,Sell
2024-09-09,CNC,0.0001342019179746308,Buy
2024-09-09,AMTD,-0.02631578947368421,Sell
2024-09-09,BAX,4.351518635764551e-05,Buy
2024-09-09,HP,0.02666107118264733,Buy
2024-09-09,NVDA,-0.02710454483142128,Sell
2024-09-09,WEN,0.02631578947368421,Buy
2024-09-09,DAL,-0.02631578947368421,Sell
2024-09-09,AA,0.026581618279524988,Buy
2024-09-09,SPWR,-0.0009337128739016973,Sell
2024-09-09,NSC,-0.02631578947368421,Sell
2024-09-09,ICE,-0.026375258225949123,Sell
2024-09-09,QCOM,-0.02660483906263787,Sell
2024-09-09,JNJ,-0.02631578947368421,Sell
2024-09-09,HAS,-0.02631578947368421,Sell
2024-09-09,TRV,0.0006034735957252922,Buy
2024-09-09,VTR,0.000403487238053786,Buy
2024-09-09,DHI,5.618395835993786e-05,Buy
2024-09-09,EWC,-0.00015511483796506673,Sell
2024-09-09,BBT,0.0003482001349121751,Buy
2024-09-09,BDX,-0.026799239845980434,Sell
2024-09-09,EBAY,-3.6191208419137505e-05,Sell
2024-09-09,EOG,0.00010526622380751388,Buy
2024-09-09,QQQ,-0.00019874170711647182,Sell
2024-09-09,EWI,-0.00011181147867751415,Sell
2024-09-09,SIRI,-0.0007132305772927991,Sell
2024-09-09,HTZ,0.02724046401252136,Buy
2024-09-09,ORCL,0.02631578947368421,Buy
2024-09-09,CCL,0.02677930030992016,Buy
2024-09-09,TSM,-0.027172792558755394,Sell
2024-09-09,MS,-0.02660881966687994,Sell
2024-09-09,ALK,0.0014011603915598074,Buy
2024-09-09,XRT,0.02631578947368421,Buy
2024-09-09,ILMN,0.0005272282158487671,Buy
2024-09-09,KGC,0.02631578947368421,Buy
2024-09-09,GOLD,0.026046581592388443,Buy
2024-09-09,WMB,0.02631578947368421,Buy
2024-09-09,TRP,-0.02631578947368421,Sell
2024-09-09,KO,-0.026439159208685285,Sell
2024-09-09,D,-0.02631578947368421,Sell
2024-09-09,EW,0.02574688571381098,Buy
2024-09-09,NTAP,4.160342102337011e-05,Buy
2024-09-09,NWSA,0.02631578947368421,Buy
2024-09-09,RF,-0.026626587386109877,Sell
2024-09-09,HMC,0.026361833954419704,Buy
2024-09-09,CME,0.02608122714946679,Buy
2024-09-09,CLX,-6.639343291112501e-05,Sell
2024-09-09,CSIQ,-0.00015987602721852234,Sell
2024-09-09,M,0.025998719714057344,Buy
2024-09-09,COF,-0.02685588728304457,Sell
2024-09-09,ENB,-0.02631578947368421,Sell
2024-09-09,ZUMZ,0.04922757668965112,Buy
2024-09-09,VZ,-0.02631578947368421,Sell
2024-09-09,CAT,-0.0002340725691563801,Sell
2024-09-09,MRK,0.02631578947368421,Buy
2024-09-10,MET,0.00030408818750241734,Buy
2024-09-10,MNST,0.026095392673608057,Buy
2024-09-10,CNC,-0.02636739262031283,Sell
2024-09-10,AMTD,0.0008691138319426306,Buy
2024-09-10,BAX,0.0262945629196073,Buy
2024-09-10,HP,-0.02631578947368421,Sell
2024-09-10,HOG,-0.02631578947368421,Sell
2024-09-10,WEN,0.0008054922275984658,Buy
2024-09-10,DAL,-0.00017645576911686292,Sell
2024-09-10,AA,-0.02631578947368421,Sell
2024-09-10,SPWR,-0.02660356669541515,Sell
2024-09-10,NSC,4.954981438563821e-05,Buy
2024-09-10,JNJ,0.026429558487335778,Buy
2024-09-10,HAS,-1.948245910729507e-05,Sell
2024-09-10,TRV,-0.00013932755994143162,Sell
2024-09-10,VTR,0.0003243131096719795,Buy
2024-09-10,DHI,0.026309374001804532,Buy
2024-09-10,EWC,-0.026175604931056633,Sell
2024-09-10,BBT,-9.364270449308335e-05,Sell
2024-09-10,BDX,0.02631578947368421,Buy
2024-09-10,EBAY,0.0003595964258806088,Buy
2024-09-10,EOG,0.0003418492101256547,Buy
2024-09-10,QQQ,-0.02655110149520364,Sell
2024-09-10,EWI,0.0002702056419488716,Buy
2024-09-10,SIRI,0.026977983093210315,Buy
2024-09-10,HTZ,-0.02631578947368421,Sell
2024-09-10,ORCL,-0.05563274865615754,Sell
2024-09-10,MS,0.02631578947368421,Buy
2024-09-10,ALK,-7.817689702729197e-06,Sell
2024-09-10,MAR,0.02631578947368421,Buy
2024-09-10,XRT,-0.026235448913478794,Sell
2024-09-10,ILMN,-0.026649326268079254,Sell
2024-09-10,KGC,-0.027851866974641936,Sell
2024-09-10,WMB,-0.026467521944606665,Sell
2024-09-10,TRP,0.05190835741015849,Buy
2024-09-10,D,0.00014809941086646114,Buy
2024-09-10,ULTA,0.02631578947368421,Buy
2024-09-10,PVH,0.02631578947368421,Buy
2024-09-10,EW,-0.02631578947368421,Sell
2024-09-10,NTAP,-0.02639290914329528,Sell
2024-09-10,NWSA,0.00022540110985552753,Buy
2024-09-10,PCG,0.02631578947368421,Buy
2024-09-10,RF,0.02631578947368421,Buy
2024-09-10,CLX,0.0002740515414251764,Buy
2024-09-10,OHI,-0.02631578947368421,Sell
2024-09-10,CSIQ,0.027347026755395402,Buy
2024-09-10,COF,0.02631578947368421,Buy
2024-09-10,ENB,0.05228193342187636,Buy
2024-09-10,ZUMZ,0.0003006292696057268,Buy
2024-09-10,VZ,0.000558610978899237,Buy
2024-09-10,CAT,-1.634451425112926e-06,Sell
2024-09-10,MRK,2.605435838110362e-05,Buy
2024-09-10,BMY,-0.02631578947368421,Sell
2024-09-11,MET,-0.00011317180229898291,Sell
2024-09-11,CNC,-0.02631578947368421,Sell
2024-09-11,AMTD,0.025964416695830776,Buy
2024-09-11,BAX,-0.02631578947368421,Sell
2024-09-11,CF,-0.02631578947368421,Sell
2024-09-11,HP,0.026763953438393915,Buy
2024-09-11,HOG,0.026548998466722137,Buy
2024-09-11,XLP,0.02631578947368421,Buy
2024-09-11,WEN,-0.0003916504099079378,Sell
2024-09-11,DAL,0.0006093635436434548,Buy
2024-09-11,AA,0.027973279803612007,Buy
2024-09-11,SPWR,-0.02631578947368421,Sell
2024-09-11,NSC,-0.00029486162156737786,Sell
2024-09-11,ICE,0.02631578947368421,Buy
2024-09-11,RRC,-0.02631578947368421,Sell
2024-09-11,CAG,0.02631578947368421,Buy
2024-09-11,QCOM,-0.02631578947368421,Sell
2024-09-11,JNJ,0.02631578947368421,Buy
2024-09-11,KMB,0.02631578947368421,Buy
2024-09-11,NDAQ,-0.02631578947368421,Sell
2024-09-11,HAS,4.001439276795499e-06,Buy
2024-09-11,TRV,0.05187166528475791,Buy
2024-09-11,DPZ,0.02631578947368421,Buy
2024-09-11,VTR,0.00022049902008462394,Buy
2024-09-11,BBT,0.00014877493200123396,Buy
2024-09-11,BDX,0.00014967056746263002,Buy
2024-09-11,MU,-0.02631578947368421,Sell
2024-09-11,EBAY,0.0002801073542864109,Buy
2024-09-11,EOG,0.00016307835952542732,Buy
2024-09-11,EWI,-0.026488010100264997,Sell
2024-09-11,SIRI,-0.02631578947368421,Sell
2024-09-11,HTZ,0.026994416882097864,Buy
2024-09-11,ORCL,0.0002926527247335692,Buy
2024-09-11,MS,-0.026502047641803316,Sell
2024-09-11,ALK,-0.0001312761412630356,Sell
2024-09-11,MAR,-0.02658418600067891,Sell
2024-09-11,TRP,-0.00012614331978365312,Sell
2024-09-11,KO,0.02631578947368421,Buy
2024-09-11,D,0.02617056192288393,Buy
2024-09-11,ULTA,-0.026305274243507246,Sell
2024-09-11,PVH,-0.02641844188886097,Sell
2024-09-11,EW,0.0005105700578198723,Buy
2024-09-11,HUM,0.02631578947368421,Buy
2024-09-11,NWSA,-0.026058680441116627,Sell
2024-09-11,MRVL,-0.02631578947368421,Sell
2024-09-11,PCG,-0.026390062455262618,Sell
2024-09-11,DUK,0.02631578947368421,Buy
2024-09-11,RF,0.0003040785176112379,Buy
2024-09-11,CLX,0.02591907277452036,Buy
2024-09-11,OHI,0.026324550641525373,Buy
2024-09-11,COF,-0.026097464164068346,Sell
2024-09-11,ENB,-0.026376954346973774,Sell
2024-09-11,ZUMZ,0.0001656378062273138,Buy
2024-09-11,VZ,0.0001649555151309358,Buy
2024-09-11,CAT,-0.02645640513321769,Sell
2024-09-11,MRK,6.759963675155925e-05,Buy
2024-09-11,BMY,0.026020559731237004,Buy
2024-09-12,MET,-0.0002527643302175954,Sell
2024-09-12,CNC,0.0004792379812848177,Buy
2024-09-12,PPG,0.02631578947368421,Buy
2024-09-12,BAX,6.946836903376497e-05,Buy
2024-09-12,A,0.02631578947368421,Buy
2024-09-12,CF,8.069686493984013e-05,Buy
2024-09-12,XLP,-0.026473561397255034,Sell
2024-09-12,WEN,-0.00010520224080877785,Sell
2024-09-12,DAL,-1.0169992331176408e-05,Sell
2024-09-12,SPWR,0.028804230317858694,Buy
2024-09-12,NSC,8.07901036370233e-05,Buy
2024-09-12,ICE,-0.026500680932188884,Sell
2024-09-12,RRC,0.0261851048508382,Buy
2024-09-12,CAG,-0.00022987016488108802,Sell
2024-09-12,GREK,0.02631578947368421,Buy
2024-09-12,QCOM,0.026061965274992778,Buy
2024-09-12,JNJ,3.297390422929772e-05,Buy
2024-09-12,STI,0.02631578947368421,Buy
2024-09-12,KMB,0.00015489358418412785,Buy
2024-09-12,NDAQ,0.00017462900542183912,Buy
2024-09-12,HAS,-4.7156490918177224e-05,Sell
2024-09-12,TRV,-0.0266312060392602,Sell
2024-09-12,DPZ,0.00014160412698453057,Buy
2024-09-12,VTR,-0.00013714089385638562,Sell
2024-09-12,EWC,-0.02631578947368421,Sell
2024-09-12,BBT,-4.674071157936138e-05,Sell
2024-09-12,BDX,-0.00019956296495622292,Sell
2024-09-12,MU,0.02531308569980186,Buy
2024-09-12,EBAY,0.0010572403296330753,Buy
2024-09-12,EOG,-6.718140740360687e-05,Sell
2024-09-12,SIRI,-0.0025972789692606697,Sell
2024-09-12,ORCL,0.0006988400893663226,Buy
2024-09-12,CCL,-0.02631578947368421,Sell
2024-09-12,MS,0.02631578947368421,Buy
2024-09-12,ALK,0.0003022577420500397,Buy
2024-09-12,TRP,-0.00011619707980261781,Sell
2024-09-12,KO,-0.02636707942731374,Sell
2024-09-12,EW,0.02626529403788243,Buy
2024-09-12,RL,0.02631578947368421,Buy
2024-09-12,HUM,-0.026015722185970414,Sell
2024-09-12,NWSA,0.02631578947368421,Buy
2024-09-12,MRVL,-0.0002115187710068321,Sell
2024-09-12,DUK,5.631312290854673e-05,Buy
2024-09-12,RF,8.795005468234876e-05,Buy
2024-09-12,CLX,-0.02631578947368421,Sell
2024-09-12,OHI,-0.02631578947368421,Sell
2024-09-12,BSX,-0.02631578947368421,Sell
2024-09-12,M,-0.02631578947368421,Sell
2024-09-12,ZUMZ,-0.026690884920676398,Sell
2024-09-12,VZ,0.02634759740970964,Buy
2024-09-12,MRK,-0.02643541998263323,Sell
2024-09-13,MET,-0.026478106567163723,Sell
2024-09-13,CNC,9.789020835142964e-05,Buy
2024-09-13,PPG,-0.026539307909601687,Sell
2024-09-13,AMTD,0.02631578947368421,Buy
2024-09-13,BAX,0.00013854674921923854,Buy
2024-09-13,A,-8.901553462956416e-05,Sell
2024-09-13,CF,0.0004015583939074828,Buy
2024-09-13,HP,0.02631578947368421,Buy
2024-09-13,NVDA,0.02631578947368421,Buy
2024-09-13,WEN,-0.027267693384016564,Sell
2024-09-13,DAL,0.000451233518943165,Buy
2024-09-13,NSC,-0.0009934458948214105,Sell
2024-09-13,CAG,-0.02647571275554735,Sell
2024-09-13,GREK,-0.00014072235573922912,Sell
2024-09-13,JNJ,-0.026368083525871118,Sell
2024-09-13,STI,-0.0017313778565014697,Sell
2024-09-13,KMB,-0.0001220958159895251,Sell
2024-09-13,NDAQ,0.00015505537905466035,Buy
2024-09-13,HAS,0.0004654202303923001,Buy
2024-09-13,TRV,-0.02631578947368421,Sell
2024-09-13,DPZ,0.0002053079112371639,Buy
2024-09-13,VTR,-6.368733651166553e-05,Sell
2024-09-13,DHI,-0.02631578947368421,Sell
2024-09-13,EWC,0.026318778980950846,Buy
2024-09-13,BBT,-0.026876993713214316,Sell
2024-09-13,BDX,0.0002349135310698615,Buy
2024-09-13,EBAY,0.02633582335149049,Buy
2024-09-13,EOG,-0.0001672387903980388,Sell
2024-09-13,QQQ,0.02631578947368421,Buy
2024-09-13,SIRI,-0.0011259157612104782,Sell
2024-09-13,ORCL,1.774264941260817e-05,Buy
2024-09-13,CCL,0.026754926835398797,Buy
2024-09-13,TSM,0.02631578947368421,Buy
2024-09-13,MS,-0.026664840250599255,Sell
2024-09-13,ALK,0.001021615324141259,Buy
2024-09-13,ILMN,-0.02631578947368421,Sell
2024-09-13,TRP,-0.026489659783881476,Sell
2024-09-13,KO,-0.02631578947368421,Sell
2024-09-13,D,-0.02631578947368421,Sell
2024-09-13,ULTA,0.02631578947368421,Buy
2024-09-13,PVH,0.02631578947368421,Buy
2024-09-13,RL,-0.02671846145109866,Sell
2024-09-13,HUM,-0.02631578947368421,Sell
2024-09-13,NWSA,-0.02640974792518639,Sell
2024-09-13,BX,-0.02631578947368421,Sell
2024-09-13,MRVL,0.02629142964613916,Buy
2024-09-13,DUK,-0.026530947943880476,Sell
2024-09-13,NTES,0.02631578947368421,Buy
2024-09-13,RF,4.0066853940839975e-05,Buy
2024-09-13,CP,0.02631578947368421,Buy
2024-09-13,CLX,0.02643456893273492,Buy
2024-09-13,PRGO,-0.02631578947368421,Sell
2024-09-13,OHI,0.02626022204906002,Buy
2024-09-13,BSX,0.02606519673184063,Buy
2024-09-13,M,0.0271023966596963,Buy
2024-09-13,CAT,0.02631578947368421,Buy
2024-09-13,MRK,0.02631578947368421,Buy
2024-09-16,CNC,0.026757608626017927,Buy
2024-09-16,AMTD,-0.0006184943450841356,Sell
2024-09-16,BAX,0.0003734588214868058,Buy
2024-09-16,A,-0.026523040657377987,Sell
2024-09-16,CF,0.00020843739906600475,Buy
2024-09-16,HP,-0.0009328875610986852,Sell
2024-09-16,NVDA,0.0004974326821987445,Buy
2024-09-16,DAL,9.708026653680243e-05,Buy
2024-09-16,AA,-0.02631578947368421,Sell
2024-09-16,HYG,-0.02631578947368421,Sell
2024-09-16,BUD,0.02631578947368421,Buy
2024-09-16,SPWR,-0.02631578947368421,Sell
2024-09-16,NSC,0.02646732213669785,Buy
2024-09-16,GREK,-0.026546170856571478,Sell
2024-09-16,QCOM,0.02631578947368421,Buy
2024-09-16,STI,0.0013366614888810219,Buy
2024-09-16,KMB,-0.00014024422618207424,Sell
2024-09-16,NDAQ,0.0001236979896029923,Buy
2024-09-16,HAS,0.00042157879874719223,Buy
2024-09-16,TRV,0.0005059505222622766,Buy
2024-09-16,DPZ,-0.00043742012724959367,Sell
2024-09-16,VTR,0.052501363404058386,Buy
2024-09-16,DHI,0.026304244929933978,Buy
2024-09-16,MU,0.02631578947368421,Buy
2024-09-16,EBAY,-0.02631578947368421,Sell
2024-09-16,EOG,-0.0268386201678155,Sell
2024-09-16,QQQ,0.0001008451239754779,Buy
2024-09-16,SIRI,-0.0009191612742175219,Sell
2024-09-16,ANF,0.02631578947368421,Buy
2024-09-16,HTZ,-0.02631578947368421,Sell
2024-09-16,ORCL,0.0013643122618276667,Buy
2024-09-16,CCL,-0.02631578947368421,Sell
2024-09-16,TSM,0.0005065644054047455,Buy
2024-09-16,ALK,0.02614156954128143,Buy
2024-09-16,ILMN,8.479211140548573e-05,Buy
2024-09-16,KO,0.00026991186320117835,Buy
2024-09-16,D,0.00018300129654302832,Buy
2024-09-16,ULTA,-0.02709336212228426,Sell
2024-09-16,PVH,-0.026656523329473387,Sell
2024-09-16,HUM,0.05212873380196018,Buy
2024-09-16,NWSA,0.02631578947368421,Buy
2024-09-16,BX,0.026918196297635533,Buy
2024-09-16,NTES,0.0001684080584881155,Buy
2024-09-16,RF,-0.026726792192401917,Sell
2024-09-16,CP,-0.026624117388193775,Sell
2024-09-16,PRGO,0.02676775640778207,Buy
2024-09-16,SYK,-0.02631578947368421,Sell
2024-09-16,ENB,-0.02631578947368421,Sell
2024-09-16,ZUMZ,0.02631578947368421,Buy
2024-09-16,CAT,-0.0002175531189560556,Sell
2024-09-16,MRK,-0.02698790157084844,Sell
2024-09-17,MET,-0.02631578947368421,Sell
2024-09-17,AMTD,-0.027140265415337896,Sell
2024-09-17,BAX,0.026059033391806957,Buy
2024-09-17,A,0.02631578947368421,Buy
2024-09-17,CF,0.0006129347256166838,Buy
2024-09-17,HP,-0.02724086290132714,Sell
2024-09-17,XLP,0.02631578947368421,Buy
2024-09-17,NVDA,0.00023074114307334442,Buy
2024-09-17,DAL,0.0008286374410159843,Buy
2024-09-17,AA,0.025948746248736235,Buy
2024-09-17,HYG,0.026360202717796207,Buy
2024-09-17,BUD,0.0001657016779032794,Buy
2024-09-17,SPWR,0.00238508608779682,Buy
2024-09-17,QCOM,-0.026684174163507945,Sell
2024-09-17,STI,-0.0004132096362623808,Sell
2024-09-17,KMB,0.0004264013695392324,Buy
2024-09-17,NDAQ,0.026137874106735192,Buy
2024-09-17,HAS,0.0002756971340883846,Buy
2024-09-17,TRV,0.026275269767841624,Buy
2024-09-17,DPZ,-0.00026140489756103225,Sell
2024-09-17,VTR,7.217431460591547e-05,Buy
2024-09-17,DHI,-0.02631578947368421,Sell
2024-09-17,BDX,0.00027410539973277484,Buy
2024-09-17,MU,-0.026822145241862824,Sell
2024-09-17,EBAY,0.0002507243695672595,Buy
2024-09-17,WFC,-0.02631578947368421,Sell
2024-09-17,QQQ,-5.172784827947238e-05,Sell
2024-09-17,SIRI,-0.00037466996333542293,Sell
2024-09-17,ANF,-0.026312483280552645,Sell
2024-09-17,HTZ,0.02862140995143498,Buy
2024-09-17,ORCL,-0.0004047021317899295,Sell
2024-09-17,CCL,0.0003334155326327193,Buy
2024-09-17,TSM,0.00023183953406841207,Buy
2024-09-17,KEY,-0.02631578947368421,Sell
2024-09-17,ILMN,0.00017819795996918547,Buy
2024-09-17,GOLD,-0.02631578947368421,Sell
2024-09-17,TRP,0.02631578947368421,Buy
2024-09-17,KO,0.026243938482114943,Buy
2024-09-17,D,0.02627254375370691,Buy
2024-09-17,ULTA,-0.02631578947368421,Sell
2024-09-17,HUM,-0.05238262631220364,Sell
2024-09-17,NWSA,-0.026606115591908053,Sell
2024-09-17,TRIP,-0.02631578947368421,Sell
2024-09-17,MRVL,-0.02631578947368421,Sell
2024-09-17,DUK,0.02631578947368421,Buy
2024-09-17,NTES,-0.02643596562058336,Sell
2024-09-17,OHI,0.02631578947368421,Buy
2024-09-17,SYK,0.05210187166331126,Buy
2024-09-17,CSIQ,0.02631578947368421,Buy
2024-09-17,BSX,0.02631578947368421,Buy
2024-09-17,M,-0.02631578947368421,Sell
2024-09-17,ENB,0.052438993483475804,Buy
2024-09-17,ZUMZ,-0.027269624287264146,Sell
2024-09-17,CAT,-0.0004717810121256695,Sell
2024-09-18,MET,0.00043701199650196185,Buy
2024-09-18,MNST,-0.02631578947368421,Sell
2024-09-18,AMTD,-0.02631578947368421,Sell
2024-09-18,A,-0.026551415531710032,Sell
2024-09-18,CF,0.00011604493360075144,Buy
2024-09-18,XLP,-8.24251381987065e-06,Sell
2024-09-18,NVDA,-0.0259178300912164,Sell
2024-09-18,DAL,0.026561218577142737,Buy
2024-09-18,BUD,0.00023591927773779914,Buy
2024-09-18,SPWR,0.001976038194850878,Buy
2024-09-18,ICE,0.02631578947368421,Buy
2024-09-18,RRC,-0.02631578947368421,Sell
2024-09-18,STI,0.001597692457944118,Buy
2024-09-18,KMB,-1.2555820102115589e-05,Sell
2024-09-18,NDAQ,-0.02631578947368421,Sell
2024-09-18,HAS,0.00038725241694239493,Buy
2024-09-18,DPZ,0.00010956128381692243,Buy
2024-09-18,VTR,-1.9335341221400626e-05,Sell
2024-09-18,DHI,-4.735347106064186e-05,Sell
2024-09-18,EWC,0.02631578947368421,Buy
2024-09-18,BDX,-0.00014612451672577076,Sell
2024-09-18,EBAY,0.025728878391191427,Buy
2024-09-18,WFC,-1.1631949567134786e-05,Sell
2024-09-18,QQQ,4.848218160807133e-06,Buy
2024-09-18,SIRI,0.00010956296488841277,Buy
2024-09-18,ORCL,0.02596144204714181,Buy
2024-09-18,CCL,0.0005932200773655361,Buy
2024-09-18,TSM,-0.02641430159269603,Sell
2024-09-18,ALK,0.02631578947368421,Buy
2024-09-18,KEY,0.02645724492593856,Buy
2024-09-18,ILMN,0.0002637993650035815,Buy
2024-09-18,GOLD,0.025729481746369208,Buy
2024-09-18,WMB,0.02631578947368421,Buy
2024-09-18,TRP,0.00010124677372096852,Buy
2024-09-18,D,0.02631578947368421,Buy
2024-09-18,ULTA,0.0004903011215789572,Buy
2024-09-18,HUM,0.0004053412392076121,Buy
2024-09-18,TRIP,0.00037533583798812775,Buy
2024-09-18,MRVL,-0.0003334587822264347,Sell
2024-09-18,PCG,0.02631578947368421,Buy
2024-09-18,DUK,8.286031056099069e-05,Buy
2024-09-18,OHI,-0.053223386086300395,Sell
2024-09-18,SYK,7.849110139525328e-05,Buy
2024-09-18,CSIQ,-0.02753423837772338,Sell
2024-09-18,BSX,-0.00012557542634571844,Sell
2024-09-18,M,0.0002678000177156019,Buy
2024-09-18,ENB,8.464747188213426e-05,Buy
2024-09-18,CAT,-0.026532194026897892,Sell
2024-09-19,MET,0.0008313428481438595,Buy
2024-09-19,MNST,0.02626760740934989,Buy
2024-09-19,AMTD,0.0008093341042484554,Buy
2024-09-19,BAX,0.02631578947368421,Buy
2024-09-19,CF,0.027065090550938312,Buy
2024-09-19,XLP,-5.899398678396381e-05,Sell
2024-09-19,DAL,-0.02631578947368421,Sell
2024-09-19,BUD,-0.026694320685395997,Sell
2024-09-19,SPWR,0.0020577925438004657,Buy
2024-09-19,ICE,0.00017137024671181125,Buy
2024-09-19,RRC,0.026991171379986387,Buy
2024-09-19,JNJ,0.02631578947368421,Buy
2024-09-19,STI,-0.028204280365565746,Sell
2024-09-19,KMB,-1.9866790714712784e-05,Sell
2024-09-19,NDAQ,0.0007212252173049057,Buy
2024-09-19,HAS,0.00046142372628666176,Buy
2024-09-19,DPZ,-0.0003898425060110955,Sell
2024-09-19,VTR,0.0006151644580584294,Buy
2024-09-19,DHI,0.0006074683941466943,Buy
2024-09-19,EWC,-0.05327939796012304,Sell
2024-09-19,BDX,-0.026879411062255686,Sell
2024-09-19,WFC,0.027284143731638233,Buy
2024-09-19,QQQ,-0.02720196376722526,Sell
2024-09-19,SIRI,0.0010704652811626414,Buy
2024-09-19,HTZ,0.02631578947368421,Buy
2024-09-19,ORCL,-0.02631578947368421,Sell
2024-09-19,CCL,0.0007933731480013924,Buy
2024-09-19,ALK,-8.189943983082787e-05,Sell
2024-09-19,MAR,-0.02631578947368421,Sell
2024-09-19,ILMN,0.0009081572606324737,Buy
2024-09-19,WMB,-4.505787687692636e-05,Sell
2024-09-19,TRP,0.00037281508998639537,Buy
2024-09-19,KO,0.02631578947368421,Buy
2024-09-19,D,-0.026563488002041176,Sell
2024-09-19,ULTA,0.026568695349453848,Buy
2024-09-19,HUM,-6.149302721348768e-05,Sell
2024-09-19,TRIP,0.001139980733296974,Buy
2024-09-19,BX,-0.02631578947368421,Sell
2024-09-19,LOW,-0.02631578947368421,Sell
2024-09-19,MRVL,0.0014501341466507216,Buy
2024-09-19,PCG,-0.026653537586264476,Sell
2024-09-19,DUK,-4.5930282667659694e-05,Sell
2024-09-19,CME,0.02631578947368421,Buy
2024-09-19,CLX,0.02631578947368421,Buy
2024-09-19,OHI,0.052326459019117075,Buy
2024-09-19,SYK,-0.026802066643692276,Sell
2024-09-19,BSX,-0.026897444504762162,Sell
2024-09-19,M,0.02689963111632169,Buy
2024-09-19,ENB,-0.00013023441577019942,Sell
2024-09-19,CAT,-0.02631578947368421,Sell
2024-09-19,MRK,0.02631578947368421,Buy
2024-09-19,BMY,0.02631578947368421,Buy
2024-09-20,MET,0.02610595155427315,Buy
2024-09-20,PPG,0.02631578947368421,Buy
2024-09-20,AMTD,0.025036722701935882,Buy
2024-09-20,BAX,0.0003147337636953407,Buy
2024-09-20,XLP,-0.026310159358138182,Sell
2024-09-20,WEN,0.02631578947368421,Buy
2024-09-20,DAL,0.026077888242571276,Buy
2024-09-20,BUD,0.02631578947368421,Buy
2024-09-20,SPWR,-0.001832567474125281,Sell
2024-09-20,NSC,0.02631578947368421,Buy
2024-09-20,ICE,-0.026343304325750053,Sell
2024-09-20,CAG,0.02631578947368421,Buy
2024-09-20,QCOM,0.02631578947368421,Buy
2024-09-20,JNJ,0.000237191009103941,Buy
2024-09-20,KMB,1.0871768314716507e-05,Buy
2024-09-20,NDAQ,-0.00013234541317638793,Sell
2024-09-20,HAS,-0.0003547324654314468,Sell
2024-09-20,DPZ,-4.000381789248317e-05,Sell
2024-09-20,VTR,0.00014497898769874965,Buy
2024-09-20,DHI,0.025496502929539457,Buy
2024-09-20,EWC,0.0261579899131195,Buy
2024-09-20,BDX,0.02631578947368421,Buy
2024-09-20,WFC,-0.02631578947368421,Sell
2024-09-20,EWI,0.02631578947368421,Buy
2024-09-20,SIRI,0.0008814174824211957,Buy
2024-09-20,HTZ,-0.025267404272673755,Sell
2024-09-20,ORCL,-6.828977874788478e-05,Sell
2024-09-20,CCL,0.00020262491544912123,Buy
2024-09-20,ALK,-0.02648790209584819,Sell
2024-09-20,MAR,0.026175945390617142,Buy
2024-09-20,ILMN,0.0255619301766118,Buy
2024-09-20,GOLD,-0.02631578947368421,Sell
2024-09-20,WMB,-0.026469253419167744,Sell
2024-09-20,TRP,-0.05319179230134412,Sell
2024-09-20,KO,-0.02656162052175929,Sell
2024-09-20,D,-0.02631578947368421,Sell
2024-09-20,ULTA,-0.02631578947368421,Sell
2024-09-20,HUM,-0.000265781945679347,Sell
2024-09-20,NWSA,0.02631578947368421,Buy
2024-09-20,TRIP,0.0004974958458447906,Buy
2024-09-20,BX,-0.0003849023737916221,Sell
2024-09-20,LOW,0.026097167728189076,Buy
2024-09-20,MRVL,-0.00048551149490767137,Sell
2024-09-20,PCG,-0.02631578947368421,Sell
2024-09-20,DUK,-0.026463152038635026,Sell
2024-09-20,CME,0.00032741917624328626,Buy
2024-09-20,CP,0.02631578947368421,Buy
2024-09-20,CLX,-0.05270767996126896,Sell
2024-09-20,OHI,0.0001776234360995367,Buy
2024-09-20,CSIQ,-0.02631578947368421,Sell
2024-09-20,M,-0.02631578947368421,Sell
2024-09-20,ENB,4.8071106622648435e-05,Buy
2024-09-20,ZUMZ,0.02631578947368421,Buy
2024-09-20,CAT,0.02586851689179875,Buy
2024-09-20,MRK,-0.026170041034572433,Sell
2024-09-20,BMY,-0.026391757210583393,Sell
2024-09-23,PPG,-0.026386855182963336,Sell
2024-09-23,AMTD,-0.02631578947368421,Sell
2024-09-23,BAX,-0.05288425172673224,Sell
2024-09-23,A,0.02631578947368421,Buy
2024-09-23,CF,-0.02631578947368421,Sell
2024-09-23,WEN,-0.0002811214111750823,Sell
2024-09-23,DAL,-0.02631578947368421,Sell
2024-09-23,HYG,0.02631578947368421,Buy
2024-09-23,BUD,0.00014044418808575182,Buy
2024-09-23,SPWR,-0.0006410296282041879,Sell
2024-09-23,NSC,0.00029152546559654477,Buy
2024-09-23,CAG,8.663817213404659e-05,Buy
2024-09-23,QCOM,0.0005542284564954147,Buy
2024-09-23,JNJ,0.00024490264519563126,Buy
2024-09-23,KMB,9.062864290344808e-06,Buy
2024-09-23,NDAQ,0.026122211364554174,Buy
2024-09-23,DPZ,-0.0003025893221957482,Sell
2024-09-23,VTR,-0.05339722468484536,Sell
2024-09-23,DHI,-0.02631578947368421,Sell
2024-09-23,BDX,-4.336563587618858e-05,Sell
2024-09-23,EBAY,-0.02631578947368421,Sell
2024-09-23,WFC,0.02567136593651761,Buy
2024-09-23,EWI,0.00023068709163603582,Buy
2024-09-23,SIRI,0.0005883565566071336,Buy
2024-09-23,ANF,0.02631578947368421,Buy
2024-09-23,ORCL,-0.00041471412416838743,Sell
2024-09-23,CCL,0.0261796285933309,Buy
2024-09-23,ALK,-0.02631578947368421,Sell
2024-09-23,MAR,0.02631578947368421,Buy
2024-09-23,GOLD,0.026111396599144306,Buy
2024-09-23,WMB,-0.02631578947368421,Sell
2024-09-23,TRP,0.0004332994817570282,Buy
2024-09-23,D,0.026189349598958005,Buy
2024-09-23,ULTA,-0.0006276441848753651,Sell
2024-09-23,HUM,0.0001045987618661301,Buy
2024-09-23,NWSA,-5.456408971016985e-05,Sell
2024-09-23,TRIP,0.025657897237769588,Buy
2024-09-23,BX,-0.00024565772541239664,Sell
2024-09-23,MRVL,0.025489808516149383,Buy
2024-09-23,PCG,0.026155738879156062,Buy
2024-09-23,RF,0.02631578947368421,Buy
2024-09-23,CME,-0.026553167165433385,Sell
2024-09-23,CP,0.0001833214182022265,Buy
2024-09-23,CLX,0.00014765949988077356,Buy
2024-09-23,OHI,-0.026610360338704262,Sell
2024-09-23,CSIQ,0.026930214161702784,Buy
2024-09-23,M,0.025963960025219158,Buy
2024-09-23,ENB,-0.02645399301487544,Sell
2024-09-23,ZUMZ,0.00017728635026964187,Buy
2024-09-23,CAT,-0.02631578947368421,Sell
2024-09-23,MRK,0.02631578947368421,Buy
2024-09-24,CNC,0.02631578947368421,Buy
2024-09-24,AMTD,0.0018826608583730718,Buy
2024-09-24,BAX,0.026359129592340023,Buy
2024-09-24,VWO,-0.02631578947368421,Sell
2024-09-24,A,-0.0267650659957049,Sell
2024-09-24,CF,0.026885723273269567,Buy
2024-09-24,WEN,0.00010713194100372969,Buy
2024-09-24,DAL,0.00041476296520012376,Buy
2024-09-24,AA,-0.02631578947368421,Sell
2024-09-24,HYG,-6.014916014213459e-05,Sell
2024-09-24,BUD,-0.026853901915772364,Sell
2024-09-24,SPWR,0.0016467026158760792,Buy
2024-09-24,NSC,-0.026472349717643586,Sell
2024-09-24,ICE,0.02631578947368421,Buy
2024-09-24,CAG,-0.026380811655548096,Sell
2024-09-24,QCOM,-0.026529970530077447,Sell
2024-09-24,JNJ,1.424055870919913e-05,Buy
2024-09-24,STI,-0.02631578947368421,Sell
2024-09-24,KMB,-2.6985258960152136e-05,Sell
2024-09-24,NDAQ,0.02631578947368421,Buy
2024-09-24,HAS,0.0002339821025072325,Buy
2024-09-24,DPZ,-0.0004229550790640253,Sell
2024-09-24,VTR,0.026269969612788983,Buy
2024-09-24,DHI,0.026224063287059004,Buy
2024-09-24,BBT,0.02631578947368421,Buy
2024-09-24,BDX,-0.00030628436619580326,Sell
2024-09-24,EBAY,0.0008839929807037579,Buy
2024-09-24,EWI,-0.026571922251679515,Sell
2024-09-24,SIRI,-0.0014884134713294035,Sell
2024-09-24,ANF,-0.02664453599129066,Sell
2024-09-24,ORCL,3.302440004325155e-05,Buy
2024-09-24,ALK,0.026328369629693534,Buy
2024-09-24,MAR,-0.026995763288521882,Sell
2024-09-24,KEY,0.02631578947368421,Buy
2024-09-24,WMB,0.02626423356130286,Buy
2024-09-24,TRP,0.026322269273190247,Buy
2024-09-24,KO,0.02631578947368421,Buy
2024-09-24,D,0.02631578947368421,Buy
2024-09-24,ULTA,0.0006367597923705899,Buy
2024-09-24,RL,-0.02631578947368421,Sell
2024-09-24,HUM,0.026327121553891258,Buy
2024-09-24,NWSA,-0.026591676089389293,Sell
2024-09-24,BX,0.0001138962981009975,Buy
2024-09-24,LOW,-0.02631578947368421,Sell
2024-09-24,DUK,0.02631578947368421,Buy
2024-09-24,NTES,-0.02631578947368421,Sell
2024-09-24,RF,-6.83762247485481e-05,Sell
2024-09-24,CP,-0.026625377914969335,Sell
2024-09-24,CLX,0.026332649722275482,Buy
2024-09-24,SYK,0.02631578947368421,Buy
2024-09-24,M,-0.02631578947368421,Sell
2024-09-24,COF,0.02631578947368421,Buy
2024-09-24,ZUMZ,-4.496530026651749e-05,Sell
2024-09-24,MT,-0.02631578947368421,Sell
2024-09-24,VZ,-0.02631578947368421,Sell
2024-09-24,CAT,0.0011056029496860943,Buy
2024-09-24,MRK,9.595106978530984e-05,Buy
2024-09-25,MNST,0.02631578947368421,Buy
2024-09-25,CNC,-0.02618064432094122,Sell
2024-09-25,AMTD,0.02476705275402553,Buy
2024-09-25,BAX,0.02631578947368421,Buy
2024-09-25,VWO,0.026012578394933587,Buy
2024-09-25,A,0.02631578947368421,Buy
2024-09-25,HP,-0.02631578947368421,Sell
2024-09-25,WEN,-0.025920780733565765,Sell
2024-09-25,DAL,0.00048604506674272685,Buy
2024-09-25,AA,0.025729372949676966,Buy
2024-09-25,HYG,6.576895955167153e-05,Buy
2024-09-25,BUD,0.02631578947368421,Buy
2024-09-25,SPWR,5.16473011047576e-05,Buy
2024-09-25,NSC,0.02631578947368421,Buy
2024-09-25,ICE,-0.02639542486832318,Sell
2024-09-25,JNJ,0.0003881848367685084,Buy
2024-09-25,STI,0.0002549431507481645,Buy
2024-09-25,KMB,-0.026307489760806838,Sell
2024-09-25,NDAQ,0.00026097754904921486,Buy
2024-09-25,HAS,0.026020219058890848,Buy
2024-09-25,DPZ,7.444286239870201e-05,Buy
2024-09-25,VTR,-0.02631578947368421,Sell
2024-09-25,DHI,0.02631578947368421,Buy
2024-09-25,BBT,0.0002425467337735833,Buy
2024-09-25,BDX,0.00023033311440611576,Buy
2024-09-25,EBAY,0.02574142729402086,Buy
2024-09-25,EOG,0.02631578947368421,Buy
2024-09-25,QQQ,-0.02631578947368421,Sell
2024-09-25,SIRI,-1.4435527453469932e-05,Sell
2024-09-25,HTZ,-0.02631578947368421,Sell
2024-09-25,ORCL,3.983716714951735e-05,Buy
2024-09-25,ALK,-0.02631578947368421,Sell
2024-09-25,KEY,0.00041573469732375176,Buy
2024-09-25,TRP,-0.02631578947368421,Sell
2024-09-25,KO,-0.02632375799064877,Sell
2024-09-25,D,-0.026371724483695104,Sell
2024-09-25,ULTA,-5.1913224433514094e-05,Sell
2024-09-25,RL,0.026100316407037017,Buy
2024-09-25,NWSA,0.02631578947368421,Buy
2024-09-25,BX,0.025482237917918003,Buy
2024-09-25,LOW,-0.000141938397637726,Sell
2024-09-25,MRVL,-0.02631578947368421,Sell
2024-09-25,DUK,-0.026331663371629902,Sell
2024-09-25,NTES,-6.343490037875876e-05,Sell
2024-09-25,RF,0.00047194301668391017,Buy
2024-09-25,CP,0.02631578947368421,Buy
2024-09-25,SYK,-0.026170348250922643,Sell
2024-09-25,CSIQ,-0.02631578947368421,Sell
2024-09-25,M,-0.00040245022259612073,Sell
2024-09-25,COF,-0.026097634963721177,Sell
2024-09-25,ZUMZ,0.0006410533788691088,Buy
2024-09-25,MT,0.025922287912730626,Buy
2024-09-25,VZ,-0.00010096747241872955,Sell
2024-09-25,CAT,-0.0005592086649414234,Sell
2024-09-25,MRK,8.881843243442947e-05,Buy
2024-09-26,MNST,-0.0002511069145777582,Sell
2024-09-26,CNC,0.02631578947368421,Buy
2024-09-26,PPG,-0.02631578947368421,Sell
2024-09-26,BAX,-0.026647931147621942,Sell
2024-09-26,A,-0.05409075729916368,Sell
2024-09-26,HP,0.025122281646132023,Buy
2024-09-26,DAL,0.0017341177691236366,Buy
2024-09-26,HYG,-0.026436106503789927,Sell
2024-09-26,BUD,-0.027383750658387898,Sell
2024-09-26,SPWR,0.025513449809760724,Buy
2024-09-26,NSC,-0.026506041613357702,Sell
2024-09-26,ICE,0.02631578947368421,Buy
2024-09-26,GREK,-0.02631578947368421,Sell
2024-09-26,JNJ,-0.00020726902416948537,Sell
2024-09-26,STI,0.026465532170016574,Buy
2024-09-26,NDAQ,9.601813974593684e-05,Buy
2024-09-26,HAS,-0.02631578947368421,Sell
2024-09-26,DPZ,-0.00047588674514948207,Sell
2024-09-26,VTR,0.0259620801827516,Buy
2024-09-26,DHI,-0.026511671304706448,Sell
2024-09-26,BBT,-0.026502611985481983,Sell
2024-09-26,BDX,-0.0003097240457838983,Sell
2024-09-26,MU,-0.02631578947368421,Sell
2024-09-26,EOG,0.00081039152132268,Buy
2024-09-26,QQQ,0.00027573197678970596,Buy
2024-09-26,EWI,-0.02631578947368421,Sell
2024-09-26,SIRI,0.02664490187601699,Buy
2024-09-26,ANF,0.02631578947368421,Buy
2024-09-26,HTZ,0.025826497963185313,Buy
2024-09-26,ORCL,0.00036631487140821595,Buy
2024-09-26,CCL,-0.02631578947368421,Sell
2024-09-26,ALK,0.001320930541727671,Buy
2024-09-26,KEY,-0.026667142685717682,Sell
2024-09-26,ILMN,-0.02631578947368421,Sell
2024-09-26,GOLD,-0.02631578947368421,Sell
2024-09-26,WMB,0.02631578947368421,Buy
2024-09-26,TRP,0.026420804122498812,Buy
2024-09-26,KO,0.02631578947368421,Buy
2024-09-26,D,0.02631578947368421,Buy
2024-09-26,ULTA,0.0003300395309828105,Buy
2024-09-26,RL,-0.02631578947368421,Sell
2024-09-26,NWSA,-0.00020814093596989436,Sell
2024-09-26,BX,-0.02631578947368421,Sell
2024-09-26,LOW,0.00014118308380986835,Buy
2024-09-26,MRVL,0.0009191392549657319,Buy
2024-09-26,PCG,0.02631578947368421,Buy
2024-09-26,DUK,0.02631578947368421,Buy
2024-09-26,NTES,0.027681140112487766,Buy
2024-09-26,RF,-0.026814764789494367,Sell
2024-09-26,CP,-0.026576208798120407,Sell
2024-09-26,CLX,0.02631578947368421,Buy
2024-09-26,OHI,0.02631578947368421,Buy
2024-09-26,CSIQ,0.028150250981050156,Buy
2024-09-26,M,0.027014868881994718,Buy
2024-09-26,ENB,0.02631578947368421,Buy
2024-09-26,ZUMZ,-0.02650294104758063,Sell
2024-09-26,VZ,0.02643468960663845,Buy
2024-09-26,CAT,0.0009643030848195469,Buy
2024-09-26,MRK,0.0002998453203961783,Buy
2024-09-27,MET,-0.02631578947368421,Sell
2024-09-27,MNST,-0.00010726852893412284,Sell
2024-09-27,CNC,-0.026509196172852113,Sell
2024-09-27,PPG,0.026198353741806884,Buy
2024-09-27,AMTD,0.02631578947368421,Buy
2024-09-27,A,0.026432049897396632,Buy
2024-09-27,CF,-0.02631578947368421,Sell
2024-09-27,DAL,-0.000255903980526731,Sell
2024-09-27,AA,-0.02631578947368421,Sell
2024-09-27,SPWR,0.02631578947368421,Buy
2024-09-27,ICE,-0.026279240587930002,Sell
2024-09-27,GREK,0.02619045960004788,Buy
2024-09-27,QCOM,0.02631578947368421,Buy
2024-09-27,JNJ,0.00011777229884722337,Buy
2024-09-27,NDAQ,-0.026210842763554943,Sell
2024-09-27,HAS,-7.9357110257295e-05,Sell
2024-09-27,DPZ,-0.025995240738919168,Sell
2024-09-27,DHI,-0.02631578947368421,Sell
2024-09-27,EWC,0.02631578947368421,Buy
2024-09-27,BDX,-0.026664527979014765,Sell
2024-09-27,MU,0.02562898841299561,Buy
2024-09-27,EOG,-0.00033111219062521846,Sell
2024-09-27,QQQ,0.02605082563448793,Buy
2024-09-27,EWI,0.026269666718037085,Buy
2024-09-27,SIRI,-0.02631578947368421,Sell
2024-09-27,ANF,-0.027444212483414537,Sell
2024-09-27,HTZ,-0.02631578947368421,Sell
2024-09-27,ORCL,0.026296141140808447,Buy
2024-09-27,CCL,-0.0003157211845757381,Sell
2024-09-27,TSM,0.02631578947368421,Buy
2024-09-27,ALK,0.00020475159280663666,Buy
2024-09-27,MAR,-0.02631578947368421,Sell
2024-09-27,ILMN,0.025770586937634357,Buy
2024-09-27,KGC,0.02631578947368421,Buy
2024-09-27,GOLD,3.2883912019148615e-05,Buy
2024-09-27,WMB,-0.00012653350217131654,Sell
2024-09-27,TRP,0.02631578947368421,Buy
2024-09-27,KO,-0.02633949452645226,Sell
2024-09-27,D,0.00010563236687070529,Buy
2024-09-27,ULTA,-0.00025484826126883145,Sell
2024-09-27,RL,-0.00015333704160949355,Sell
2024-09-27,NTAP,0.02631578947368421,Buy
2024-09-27,TRIP,-0.02631578947368421,Sell
2024-09-27,BX,0.00013152375849337025,Buy
2024-09-27,LOW,3.1510868526679614e-05,Buy
2024-09-27,MRVL,0.02531902524507254,Buy
2024-09-27,PCG,3.984653310624975e-05,Buy
2024-09-27,DUK,-0.0263783667273614,Sell
2024-09-27,NTES,-0.02631578947368421,Sell
2024-09-27,CLX,-0.026440711254171547,Sell
2024-09-27,OHI,0.00020355410642617505,Buy
2024-09-27,ENB,0.00016435423595803286,Buy
2024-09-27,ZUMZ,0.02631578947368421,Buy
2024-09-27,CAT,-0.00011134824553354905,Sell
2024-09-27,MRK,-1.959721407432391e-05,Sell
2024-09-30,MET,-6.846919350243091e-05,Sell
2024-09-30,MNST,0.00021356540097921053,Buy
2024-09-30,AMTD,-0.026434800963723026,Sell
2024-09-30,BAX,0.02631578947368421,Buy
2024-09-30,CF,0.026296357618210146,Buy
2024-09-30,DAL,-0.00045041811348573574,Sell
2024-09-30,AA,0.025786135206068678,Buy
2024-09-30,HYG,0.02631578947368421,Buy
2024-09-30,SPWR,0.001143445854233066,Buy
2024-09-30,QCOM,8.081337514808176e-05,Buy
2024-09-30,JNJ,-0.02635465655043551,Sell
2024-09-30,STI,-0.02631578947368421,Sell
2024-09-30,KMB,0.02631578947368421,Buy
2024-09-30,HAS,1.1619687585100874e-05,Buy
2024-09-30,TRV,0.02631578947368421,Buy
2024-09-30,DHI,-1.0559631030550992e-05,Sell
2024-09-30,EWC,-0.026291648663018023,Sell
2024-09-30,EBAY,-0.02631578947368421,Sell
2024-09-30,EOG,-3.656886414291419e-05,Sell
2024-09-30,SIRI,-0.0008543807183918339,Sell
2024-09-30,ANF,0.02631578947368421,Buy
2024-09-30,HTZ,0.026733381301876767,Buy
2024-09-30,CCL,-0.00015341492775793747,Sell
2024-09-30,TSM,0.0007026419529263701,Buy
2024-09-30,ALK,5.40177671353205e-05,Buy
2024-09-30,MAR,0.02578677146289662,Buy
2024-09-30,KGC,0.0003459202889035083,Buy
2024-09-30,GOLD,0.025763099240819414,Buy
2024-09-30,WMB,-0.026532111567130864,Sell
2024-09-30,TRP,-0.05300655251077965,Sell
2024-09-30,D,-0.05285240076938685,Sell
2024-09-30,ULTA,-0.0010358288479844144,Sell
2024-09-30,RL,-0.0004237209669325018,Sell
2024-09-30,HUM,0.02631578947368421,Buy
2024-09-30,NTAP,-0.02673875504744905,Sell
2024-09-30,NWSA,-0.02637607878055493,Sell
2024-09-30,TRIP,0.025749739544008384,Buy
2024-09-30,BX,0.025940707581580704,Buy
2024-09-30,LOW,0.0002960479443291468,Buy
2024-09-30,MRVL,-0.02631578947368421,Sell
2024-09-30,PCG,0.00012146885414104219,Buy
2024-09-30,DUK,0.02631578947368421,Buy
2024-09-30,NTES,0.026227691499572266,Buy
2024-09-30,RF,-0.02631578947368421,Sell
2024-09-30,CP,0.02631578947368421,Buy
2024-09-30,OHI,-0.026488115916843403,Sell
2024-09-30,SYK,-0.02631578947368421,Sell
2024-09-30,CSIQ,0.02631578947368421,Buy
2024-09-30,ENB,0.0001329427226573962,Buy
2024-09-30,ZUMZ,0.0009036121126498597,Buy
2024-09-30,CAT,-6.578073129978601e-05,Sell
2024-09-30,MRK,9.8480481619697e-05,Buy
2024-09-30,BMY,-0.02631578947368421,Sell
2024-10-01,MET,0.026252843079193143,Buy
2024-10-01,MNST,-0.026183198851488117,Sell
2024-10-01,AMTD,-0.02631578947368421,Sell
2024-10-01,BAX,0.0005773956806542808,Buy
2024-10-01,XLP,0.02631578947368421,Buy
2024-10-01,NVDA,0.02631578947368421,Buy
2024-10-01,DAL,0.026044870406442842,Buy
2024-10-01,HYG,-0.00014851348382914978,Sell
2024-10-01,SPWR,0.003183257651985589,Buy
2024-10-01,QCOM,0.0005030864596895814,Buy
2024-10-01,STI,0.02611878762488392,Buy
2024-10-01,KMB,-0.026501755214800644,Sell
2024-10-01,HAS,0.00037045589895039546,Buy
2024-10-01,TRV,-0.026590653905247993,Sell
2024-10-01,DHI,0.0004324243121834777,Buy
2024-10-01,BBT,0.02631578947368421,Buy
2024-10-01,EBAY,0.0004545661207681004,Buy
2024-10-01,EOG,-0.027345572262008323,Sell
2024-10-01,QQQ,0.02631578947368421,Buy
2024-10-01,EWI,-0.02631578947368421,Sell
2024-10-01,SIRI,-0.0009465936082084826,Sell
2024-10-01,ANF,-0.025688345649307404,Sell
2024-10-01,CCL,0.025818489622589154,Buy
2024-10-01,TSM,8.215962080255004e-05,Buy
2024-10-01,ALK,0.00010320786356413092,Buy
2024-10-01,XRT,0.02631578947368421,Buy
2024-10-01,KEY,0.02631578947368421,Buy
2024-10-01,KGC,-0.02695845961673467,Sell
2024-10-01,TRP,0.0006183769865464872,Buy
2024-10-01,D,0.0003679460842465551,Buy
2024-10-01,ULTA,-0.0005179934238360717,Sell
2024-10-01,PVH,0.02631578947368421,Buy
2024-10-01,RL,0.02625357791260374,Buy
2024-10-01,HUM,0.002955437655958921,Buy
2024-10-01,NTAP,0.02631578947368421,Buy
2024-10-01,LOW,0.00033676231594841066,Buy
2024-10-01,MRVL,0.025813052756954294,Buy
2024-10-01,PCG,-0.026557917412713954,Sell
2024-10-01,DUK,-0.026688832449203944,Sell
2024-10-01,NTES,-0.02631578947368421,Sell
2024-10-01,RF,0.05189676830547539,Buy
2024-10-01,CME,-0.02631578947368421,Sell
2024-10-01,CP,0.00025919779056033515,Buy
2024-10-01,CLX,-0.02631578947368421,Sell
2024-10-01,PRGO,-0.02631578947368421,Sell
2024-10-01,OHI,0.02631578947368421,Buy
2024-10-01,SYK,-0.00013066771206248287,Sell
2024-10-01,CSIQ,-0.025545475917861056,Sell
2024-10-01,COF,0.02631578947368421,Buy
2024-10-01,ENB,-0.05313891333461816,Sell
2024-10-01,ZUMZ,0.0009072728454690843,Buy
2024-10-01,CAT,0.00024774608336351756,Buy
2024-10-01,MRK,-0.026752687861448358,Sell
2024-10-01,BMY,0.0007553919598506376,Buy
2024-10-02,MNST,0.02631578947368421,Buy
2024-10-02,AMTD,0.0041011298904818395,Buy
2024-10-02,BAX,0.0004983139355992615,Buy
2024-10-02,CF,-0.02631578947368421,Sell
2024-10-02,XLP,4.7818863980780835e-05,Buy
2024-10-02,NVDA,-0.026911050111871285,Sell
2024-10-02,AA,-0.02631578947368421,Sell
2024-10-02,HYG,-0.026495473057068158,Sell
2024-10-02,SPWR,-0.00044614598667206545,Sell
2024-10-02,RRC,-0.02631578947368421,Sell
2024-10-02,GREK,0.02631578947368421,Buy
2024-10-02,QCOM,-0.02689805915964917,Sell
2024-10-02,JNJ,0.02631578947368421,Buy
2024-10-02,HAS,0.02629952901455473,Buy
2024-10-02,VTR,0.02631578947368421,Buy
2024-10-02,DHI,-0.00012056094158608907,Sell
2024-10-02,BBT,0.00018904397272858503,Buy
2024-10-02,EBAY,0.026238619871550364,Buy
2024-10-02,QQQ,-0.052845379139909526,Sell
2024-10-02,EWI,0.05266946430935723,Buy
2024-10-02,SIRI,0.027637891246861813,Buy
2024-10-02,ORCL,-0.02631578947368421,Sell
2024-10-02,TSM,-0.02706643558643771,Sell
2024-10-02,ALK,0.025940113147447826,Buy
2024-10-02,MAR,-0.02631578947368421,Sell
2024-10-02,XRT,-0.026148330355773033,Sell
2024-10-02,KEY,-0.00012742728074858697,Sell
2024-10-02,ILMN,-0.02631578947368421,Sell
2024-10-02,GOLD,-0.02631578947368421,Sell
2024-10-02,TRP,0.050430939132889874,Buy
2024-10-02,KO,0.02631578947368421,Buy
2024-10-02,D,0.02654674344949066,Buy
2024-10-02,ULTA,-0.0001904825660272516,Sell
2024-10-02,PVH,0.0005643455443153471,Buy
2024-10-02,RL,-0.02631578947368421,Sell
2024-10-02,HUM,-0.04968329730742033,Sell
2024-10-02,NTAP,-0.02686559401078557,Sell
2024-10-02,NWSA,0.02631578947368421,Buy
2024-10-02,TRIP,-0.02631578947368421,Sell
2024-10-02,LOW,0.0001005696472475559,Buy
2024-10-02,NTES,0.002265260324110306,Buy
2024-10-02,RF,-0.00019987428733066193,Sell
2024-10-02,CME,0.026291063408585495,Buy
2024-10-02,CP,5.0225236812022345e-05,Buy
2024-10-02,CLX,7.701095989122789e-05,Buy
2024-10-02,PRGO,0.02609675195349651,Buy
2024-10-02,OHI,4.66439957245296e-05,Buy
2024-10-02,SYK,0.026331989029551587,Buy
2024-10-02,CSIQ,0.02631578947368421,Buy
2024-10-02,COF,-0.026441625897956126,Sell
2024-10-02,ENB,0.026440639443300412,Buy
2024-10-02,ZUMZ,-0.026543999322448223,Sell
2024-10-02,CAT,0.00028844208469673213,Buy
2024-10-02,MRK,0.02631578947368421,Buy
2024-10-02,BMY,0.0006070509931543344,Buy
2024-10-03,MNST,0.00020017303524400704,Buy
2024-10-03,AMTD,0.0013210395789823477,Buy
2024-10-03,BAX,0.0005274150849437532,Buy
2024-10-03,CF,0.00046882071583765825,Buy
2024-10-03,XLP,0.00013750408116177185,Buy
2024-10-03,AA,0.025767567975072916,Buy
2024-10-03,HYG,0.02631578947368421,Buy
2024-10-03,SPWR,0.0012592528419508864,Buy
2024-10-03,ICE,-0.02631578947368421,Sell
2024-10-03,RRC,0.0012651680864462778,Buy
2024-10-03,CAG,0.02631578947368421,Buy
2024-10-03,GREK,-0.026110698749409862,Sell
2024-10-03,JNJ,-0.02633271920505025,Sell
2024-10-03,KMB,0.02631578947368421,Buy
2024-10-03,VTR,0.00015329296385976562,Buy
2024-10-03,DHI,0.026394078509987443,Buy
2024-10-03,BBT,-0.026565920012597603,Sell
2024-10-03,BDX,0.02631578947368421,Buy
2024-10-03,QQQ,0.02642289127206322,Buy
2024-10-03,EWI,-0.02603968083241405,Sell
2024-10-03,SIRI,-0.02631578947368421,Sell
2024-10-03,ORCL,-7.1586252033233044e-06,Sell
2024-10-03,MAR,0.00019699132755961885,Buy
2024-10-03,KEY,-0.026703644579356922,Sell
2024-10-03,ILMN,-0.00037909786767561376,Sell
2024-10-03,GOLD,7.95090610211692e-05,Buy
2024-10-03,WMB,-0.02631578947368421,Sell
2024-10-03,TRP,-0.0003190304107764455,Sell
2024-10-03,KO,5.561015601059788e-05,Buy
2024-10-03,ULTA,0.026360602990378457,Buy
2024-10-03,PVH,-0.026434282774005877,Sell
2024-10-03,RL,2.9644278710560384e-05,Buy
2024-10-03,HUM,0.025937373655673585,Buy
2024-10-03,NWSA,4.478517873668028e-05,Buy
2024-10-03,TRIP,-0.00032842495584748874,Sell
2024-10-03,LOW,0.026282163698572718,Buy
2024-10-03,MRVL,-0.02631578947368421,Sell
2024-10-03,PCG,0.02631578947368421,Buy
2024-10-03,NTES,-0.0005832871549053195,Sell
2024-10-03,RF,-0.02629027129161937,Sell
2024-10-03,CME,-0.02631578947368421,Sell
2024-10-03,CP,0.0003737348487087601,Buy
2024-10-03,CLX,0.05222380292868897,Buy
2024-10-03,OHI,-8.064035263249947e-05,Sell
2024-10-03,CSIQ,-0.05169464892365222,Sell
2024-10-03,M,-0.02631578947368421,Sell
2024-10-03,ENB,0.02631578947368421,Buy
2024-10-03,VZ,0.02631578947368421,Buy
2024-10-03,CAT,-7.17784788393655e-05,Sell
2024-10-03,MRK,0.00032140557338878467,Buy
2024-10-03,BMY,0.00034327553836022845,Buy
2024-10-04,MET,-0.02631578947368421,Sell
2024-10-04,MNST,-0.02662062358101441,Sell
2024-10-04,AMTD,-0.0014899029641174122,Sell
2024-10-04,BAX,-0.05353117892622107,Sell
2024-10-04,CF,0.0002236222315980356,Buy
2024-10-04,XLP,-5.784448381958296e-05,Sell
2024-10-04,DAL,-0.02631578947368421,Sell
2024-10-04,HYG,5.92506858850296e-05,Buy
2024-10-04,SPWR,-0.004332841392457147,Sell
2024-10-04,ICE,0.026205727269037644,Buy
2024-10-04,RRC,0.025964793587549346,Buy
2024-10-04,CAG,-0.00011374018072720857,Sell
2024-10-04,GREK,0.02631578947368421,Buy
2024-10-04,JNJ,-0.02631578947368421,Sell
2024-10-04,KMB,-0.026445782835637355,Sell
2024-10-04,NDAQ,0.02631578947368421,Buy
2024-10-04,HAS,-0.02631578947368421,Sell
2024-10-04,VTR,4.63604674043952e-05,Buy
2024-10-04,DHI,0.02631578947368421,Buy
2024-10-04,BDX,-6.56806132805568e-05,Sell
2024-10-04,QQQ,-0.02631578947368421,Sell
2024-10-04,EWI,0.02631578947368421,Buy
2024-10-04,SIRI,-0.0005398581491225102,Sell
2024-10-04,ANF,-0.02631578947368421,Sell
2024-10-04,ORCL,0.0006005770011749643,Buy
2024-10-04,MAR,0.0005109616181456812,Buy
2024-10-04,ILMN,0.027263580028157833,Buy
2024-10-04,KGC,0.02631578947368421,Buy
2024-10-04,GOLD,0.025944400971344275,Buy
2024-10-04,WMB,0.027060481617777875,Buy
2024-10-04,TRP,-0.000420897211215486,Sell
2024-10-04,KO,0.00016002088501262252,Buy
2024-10-04,ULTA,-0.02631578947368421,Sell
2024-10-04,RL,0.0004841154772108995,Buy
2024-10-04,NWSA,-9.166972813659871e-05,Sell
2024-10-04,TRIP,0.0007809506163894177,Buy
2024-10-04,MRVL,0.026711964456358393,Buy
2024-10-04,PCG,-0.000267158155073062,Sell
2024-10-04,DUK,0.02631578947368421,Buy
2024-10-04,NTES,0.00019584469491466805,Buy
2024-10-04,CME,0.026304985890264605,Buy
2024-10-04,CP,-0.0264595922121805,Sell
2024-10-04,CLX,-0.026318813535298937,Sell
2024-10-04,OHI,0.00044377435103218343,Buy
2024-10-04,CSIQ,0.02770285745664467,Buy
2024-10-04,BSX,-0.02631578947368421,Sell
2024-10-04,M,0.027021635251313507,Buy
2024-10-04,COF,-0.02631578947368421,Sell
2024-10-04,ENB,-0.026499105198196815,Sell
2024-10-04,ZUMZ,0.02631578947368421,Buy
2024-10-04,VZ,0.00023030720137731317,Buy
2024-10-04,CAT,0.00037372366324087136,Buy
2024-10-04,MRK,-0.026188416225121174,Sell
2024-10-04,BMY,0.026462786380003243,Buy
2024-10-07,MET,0.026093546818787963,Buy
2024-10-07,AMTD,0.0018315451875747513,Buy
2024-10-07,BAX,0.05233620373281486,Buy
2024-10-07,CF,0.02584021954127986,Buy
2024-10-07,HP,-0.02631578947368421,Sell
2024-10-07,XLP,0.00015796111656709091,Buy
2024-10-07,WEN,-0.02631578947368421,Sell
2024-10-07,DAL,0.00020657902410018553,Buy
2024-10-07,HYG,8.129568501675372e-06,Buy
2024-10-07,BUD,0.02631578947368421,Buy
2024-10-07,SPWR,0.0026916159033823946,Buy
2024-10-07,ICE,0.02631578947368421,Buy
2024-10-07,RRC,-0.02631578947368421,Sell
2024-10-07,CAG,0.00026236131925657866,Buy
2024-10-07,GREK,-0.02600103119354857,Sell
2024-10-07,JNJ,-2.0555675071795565e-05,Sell
2024-10-07,STI,-0.02631578947368421,Sell
2024-10-07,NDAQ,0.00035320956935233974,Buy
2024-10-07,HAS,0.00017048005887495415,Buy
2024-10-07,DPZ,0.02631578947368421,Buy
2024-10-07,VTR,-0.02645852773817966,Sell
2024-10-07,DHI,-0.026494913412584493,Sell
2024-10-07,BDX,-0.026336218177735335,Sell
2024-10-07,MU,-0.02631578947368421,Sell
2024-10-07,EBAY,-0.02631578947368421,Sell
2024-10-07,QQQ,0.026137496577548765,Buy
2024-10-07,EWI,-0.026434476713489176,Sell
2024-10-07,SIRI,0.026873828227712566,Buy
2024-10-07,ANF,0.02510597663066443,Buy
2024-10-07,ORCL,-3.290823749714164e-05,Sell
2024-10-07,CCL,-0.02631578947368421,Sell
2024-10-07,MAR,0.026477577613249884,Buy
2024-10-07,KGC,-0.026168074398978686,Sell
2024-10-07,GOLD,0.02631578947368421,Buy
2024-10-07,TRP,4.170681255489042e-05,Buy
2024-10-07,KO,0.00033205149853117455,Buy
2024-10-07,D,0.02631578947368421,Buy
2024-10-07,ULTA,-0.000711150349624972,Sell
2024-10-07,RL,2.1214635815770128e-05,Buy
2024-10-07,NWSA,-0.026268894283864842,Sell
2024-10-07,TRIP,-0.0005239182358258085,Sell
2024-10-07,MRVL,-0.02631578947368421,Sell
2024-10-07,PCG,-0.026420503897182385,Sell
2024-10-07,DUK,0.00078021389829434,Buy
2024-10-07,NTES,-0.0006130521531256851,Sell
2024-10-07,CP,0.02631578947368421,Buy
2024-10-07,OHI,-0.00020543068500162437,Sell
2024-10-07,SYK,0.02631578947368421,Buy
2024-10-07,BSX,0.026379877058959562,Buy
2024-10-07,M,-0.02631578947368421,Sell
2024-10-07,COF,0.02617255481977379,Buy
2024-10-07,ENB,0.02631578947368421,Buy
2024-10-07,ZUMZ,-0.02579898215815611,Sell
2024-10-07,VZ,9.861238115578888e-05,Buy
2024-10-07,CAT,0.00018189426889269472,Buy
2024-10-08,MET,-0.02631578947368421,Sell
2024-10-08,AMTD,0.05155476755920522,Buy
2024-10-08,BAX,-0.05350826484441812,Sell
2024-10-08,VWO,0.02631578947368421,Buy
2024-10-08,HP,0.025493517070239727,Buy
2024-10-08,XLP,-0.026333464598255515,Sell
2024-10-08,NVDA,-0.02631578947368421,Sell
2024-10-08,WEN,0.02607073375098637,Buy
2024-10-08,DAL,0.0004968737933873993,Buy
2024-10-08,HYG,-0.026266341687848485,Sell
2024-10-08,BUD,0.00043063885871763227,Buy
2024-10-08,SPWR,0.0011817985107645083,Buy
2024-10-08,ICE,-0.026622345340272642,Sell
2024-10-08,RRC,0.02578759672033044,Buy
2024-10-08,CAG,2.22170969775351e-05,Buy
2024-10-08,GREK,0.02631578947368421,Buy
2024-10-08,JNJ,0.026229803353609416,Buy
2024-10-08,STI,-0.001236276114305889,Sell
2024-10-08,NDAQ,-0.05300736975933456,Sell
2024-10-08,HAS,0.026066170573241135,Buy
2024-10-08,DPZ,-0.026277023407630783,Sell
2024-10-08,EWC,0.02631578947368421,Buy
2024-10-08,BBT,0.02631578947368421,Buy
2024-10-08,BDX,0.02631578947368421,Buy
2024-10-08,MU,-0.000206476442259719,Sell
2024-10-08,EBAY,4.470747031815395e-05,Buy
2024-10-08,ORCL,0.0005660607133590907,Buy
2024-10-08,DLTR,-0.02631578947368421,Sell
2024-10-08,CCL,0.0011389861469074322,Buy
2024-10-08,ALK,-0.02631578947368421,Sell
2024-10-08,GOLD,-0.025917077563624057,Sell
2024-10-08,TRP,0.00021156717440971168,Buy
2024-10-08,KO,4.771252267833301e-05,Buy
2024-10-08,D,0.00024077972971549982,Buy
2024-10-08,ULTA,-0.0005010599993639925,Sell
2024-10-08,EW,-0.02631578947368421,Sell
2024-10-08,RL,0.026072204201840327,Buy
2024-10-08,TRIP,-2.1027159652436955e-05,Sell
2024-10-08,LOW,-0.02631578947368421,Sell
2024-10-08,MRVL,0.02598669781949983,Buy
2024-10-08,DUK,7.668378561778016e-06,Buy
2024-10-08,NTES,0.024855837462863063,Buy
2024-10-08,CP,0.00029625067821899623,Buy
2024-10-08,PRGO,0.02631578947368421,Buy
2024-10-08,OHI,0.00010563520557500469,Buy
2024-10-08,SYK,-0.05294827571454891,Sell
2024-10-08,BSX,-0.02631578947368421,Sell
2024-10-08,M,-0.0003510965097844876,Sell
2024-10-08,ENB,0.00024707416694937437,Buy
2024-10-08,ZUMZ,0.02631578947368421,Buy
2024-10-08,VZ,-0.026305137081993203,Sell
2024-10-08,CAT,0.025526477245521255,Buy
2024-10-08,BMY,0.02631578947368421,Buy
2024-10-09,MET,0.026917543372174856,Buy
2024-10-09,AMTD,-0.02499631325635704,Sell
2024-10-09,BAX,0.000714895103839909,Buy
2024-10-09,VWO,-1.8421937020205587e-05,Sell
2024-10-09,HP,-0.02631578947368421,Sell
2024-10-09,NVDA,0.02646847150952508,Buy
2024-10-09,DAL,0.00038914906365890636,Buy
2024-10-09,AA,-0.02631578947368421,Sell
2024-10-09,HYG,0.02631578947368421,Buy
2024-10-09,BUD,-0.00021708187777521107,Sell
2024-10-09,SPWR,-0.024372485929527225,Sell
2024-10-09,CAG,-0.026616246622292828,Sell
2024-10-09,GREK,-8.561481943416757e-05,Sell
2024-10-09,STI,0.026442082660605295,Buy
2024-10-09,KMB,0.02631578947368421,Buy
2024-10-09,NDAQ,0.026619207336485602,Buy
2024-10-09,TRV,-0.02631578947368421,Sell
2024-10-09,DHI,0.02631578947368421,Buy
2024-10-09,EWC,-0.026658160812161824,Sell
2024-10-09,BBT,-0.053232201459862696,Sell
2024-10-09,BDX,-0.0003168458500733204,Sell
2024-10-09,MU,0.026299136703289365,Buy
2024-10-09,EBAY,0.02642951555273685,Buy
2024-10-09,EWI,0.02631578947368421,Buy
2024-10-09,ORCL,0.0007966870929031582,Buy
2024-10-09,DLTR,0.0002578140984834734,Buy
2024-10-09,CCL,0.0020695052838022414,Buy
2024-10-09,ALK,0.00023779353829880487,Buy
2024-10-09,MAR,-0.02631578947368421,Sell
2024-10-09,XRT,0.02631578947368421,Buy
2024-10-09,TRP,-0.0005031743336137047,Sell
2024-10-09,KO,-0.0003500498454963065,Sell
2024-10-09,ULTA,0.05248880123592563,Buy
2024-10-09,EW,0.026315183625935695,Buy
2024-10-09,RL,-0.02631578947368421,Sell
2024-10-09,WSM,0.02631578947368421,Buy
2024-10-09,NWSA,-0.02631578947368421,Sell
2024-10-09,TRIP,0.0007342097810358571,Buy
2024-10-09,LOW,0.0005799707643053369,Buy
2024-10-09,PCG,0.02631578947368421,Buy
2024-10-09,DUK,-0.00035630756828160595,Sell
2024-10-09,CP,-0.0001479392529901112,Sell
2024-10-09,PRGO,-0.026397114367440338,Sell
2024-10-09,OHI,-0.026643874334782654,Sell
2024-10-09,SYK,0.00044018739775391474,Buy
2024-10-09,CSIQ,-0.02631578947368421,Sell
2024-10-09,BSX,0.0004662284490260758,Buy
2024-10-09,XLE,0.02631578947368421,Buy
2024-10-09,M,0.026917063426273577,Buy
2024-10-09,ENB,-0.02669918961140116,Sell
2024-10-09,ZUMZ,7.451983639662069e-05,Buy
2024-10-09,CAT,-0.02631578947368421,Sell
2024-10-09,BMY,-0.026678046322305454,Sell
2024-10-10,MNST,-0.02631578947368421,Sell
2024-10-10,AMTD,-0.02631578947368421,Sell
2024-10-10,BAX,0.025728775026944147,Buy
2024-10-10,VWO,-0.026346677761635597,Sell
2024-10-10,A,0.02631578947368421,Buy
2024-10-10,HP,0.026725201084306482,Buy
2024-10-10,WEN,-0.02631578947368421,Sell
2024-10-10,DAL,-0.0003035294372348493,Sell
2024-10-10,AA,0.0005297896720233009,Buy
2024-10-10,HYG,3.747155520440054e-05,Buy
2024-10-10,BUD,0.00010603553029950655,Buy
2024-10-10,SPWR,-0.02631578947368421,Sell
2024-10-10,GREK,0.00018321824805107162,Buy
2024-10-10,KMB,0.00023132983852946348,Buy
2024-10-10,TRV,0.00017228306868737747,Buy
2024-10-10,VTR,0.02631578947368421,Buy
2024-10-10,DHI,0.00028960371516716446,Buy
2024-10-10,BBT,0.026391764815575508,Buy
2024-10-10,BDX,0.0003189156686797777,Buy
2024-10-10,MU,-0.02631578947368421,Sell
2024-10-10,EWI,-0.026360884532703136,Sell
2024-10-10,HTZ,0.02631578947368421,Buy
2024-10-10,ORCL,-0.0003907575240939716,Sell
2024-10-10,DLTR,-0.000126168865277599,Sell
2024-10-10,CCL,0.00022307414138115697,Buy
2024-10-10,ALK,7.406522706117358e-05,Buy
2024-10-10,MAR,0.026157035126717423,Buy
2024-10-10,XRT,0.00022973599401949693,Buy
2024-10-10,ILMN,-0.02631578947368421,Sell
2024-10-10,KGC,-0.02631578947368421,Sell
2024-10-10,GOLD,-0.02631578947368421,Sell
2024-10-10,TRP,0.00010565353886989731,Buy
2024-10-10,KO,0.0001451501045228662,Buy
2024-10-10,D,0.00043925122615549525,Buy
2024-10-10,ULTA,-0.02623018772675193,Sell
2024-10-10,RL,0.0004311405427987747,Buy
2024-10-10,WSM,0.0005620466455331721,Buy
2024-10-10,NWSA,0.025691302635194906,Buy
2024-10-10,TRIP,0.0256298081821582,Buy
2024-10-10,LOW,0.025914998756885344,Buy
2024-10-10,PCG,-0.026278120830250076,Sell
2024-10-10,DUK,-0.026716693091911336,Sell
2024-10-10,CP,-0.026536671633800017,Sell
2024-10-10,CLX,0.02631578947368421,Buy
2024-10-10,PRGO,-0.02631578947368421,Sell
2024-10-10,OHI,0.02631578947368421,Buy
2024-10-10,SYK,-6.804292412085702e-05,Sell
2024-10-10,CSIQ,0.024056958670284314,Buy
2024-10-10,BSX,0.026139944740370256,Buy
2024-10-10,XLE,-0.00015369738497070934,Sell
2024-10-10,ZUMZ,0.0007791760629851756,Buy
2024-10-10,VZ,0.02631578947368421,Buy
2024-10-10,CAT,5.645664453952232e-06,Buy
2024-10-11,MET,-0.02631578947368421,Sell
2024-10-11,MNST,0.026664355285422003,Buy
2024-10-11,CNC,0.02631578947368421,Buy
2024-10-11,AMTD,0.02638373209538698,Buy
2024-10-11,BAX,0.02631578947368421,Buy
2024-10-11,A,-0.00026756568697041197,Sell
2024-10-11,WEN,0.0009313053996132074,Buy
2024-10-11,DAL,0.0006135597878249091,Buy
2024-10-11,AA,0.0012577308269630418,Buy
2024-10-11,HYG,-0.02645355253714874,Sell
2024-10-11,BUD,-0.026704930331241283,Sell
2024-10-11,SPWR,0.0008815371154873644,Buy
2024-10-11,CAG,0.02631578947368421,Buy
2024-10-11,GREK,-0.0003119426936470243,Sell
2024-10-11,QCOM,0.02631578947368421,Buy
2024-10-11,JNJ,0.02631578947368421,Buy
2024-10-11,KMB,-0.00029052229613339003,Sell
2024-10-11,NDAQ,0.02631578947368421,Buy
2024-10-11,TRV,0.0004503484387524473,Buy
2024-10-11,DPZ,-0.02631578947368421,Sell
2024-10-11,VTR,-0.053290874289940865,Sell
2024-10-11,DHI,1.4061662032677918e-05,Buy
2024-10-11,BDX,-0.02649126549296976,Sell
2024-10-11,MU,0.026690778968733363,Buy
2024-10-11,WFC,-0.02631578947368421,Sell
2024-10-11,EOG,0.02631578947368421,Buy
2024-10-11,SIRI,0.02631578947368421,Buy
2024-10-11,HTZ,-0.02571366772040871,Sell
2024-10-11,ORCL,0.00012209103125716825,Buy
2024-10-11,DLTR,0.026223969709682035,Buy
2024-10-11,CCL,0.00011970093841619234,Buy
2024-10-11,ALK,0.0010935684567628043,Buy
2024-10-11,MAR,-0.02631578947368421,Sell
2024-10-11,XRT,-0.026785357394486106,Sell
2024-10-11,ILMN,0.00039461911528632446,Buy
2024-10-11,KGC,0.026303373317486355,Buy
2024-10-11,GOLD,0.026760279170320422,Buy
2024-10-11,TRP,-0.00042510971272395615,Sell
2024-10-11,KO,-0.00018985646569764925,Sell
2024-10-11,D,-0.026730823381659812,Sell
2024-10-11,RL,0.0004349745365203536,Buy
2024-10-11,WSM,-0.026869558611932007,Sell
2024-10-11,BX,-0.02631578947368421,Sell
2024-10-11,CLX,-0.05307512171163442,Sell
2024-10-11,PRGO,0.0265142897736931,Buy
2024-10-11,OHI,-0.026523755762407824,Sell
2024-10-11,SYK,0.026550235111656415,Buy
2024-10-11,XLE,-0.00023098097527736103,Sell
2024-10-11,M,-0.02631578947368421,Sell
2024-10-11,ZUMZ,-0.001256511819932856,Sell
2024-10-11,VZ,-9.865665786206942e-05,Sell
2024-10-11,CAT,0.0004258067101065195,Buy
2024-10-11,MRK,0.02631578947368421,Buy
2024-10-11,BMY,0.02631578947368421,Buy
2024-10-14,MET,3.8991223430304145e-05,Buy
2024-10-14,CNC,-0.02640787168429221,Sell
2024-10-14,PPG,0.02631578947368421,Buy
2024-10-14,BAX,-0.02650695992234256,Sell
2024-10-14,VWO,0.02631578947368421,Buy
2024-10-14,A,-3.904883664251901e-06,Sell
2024-10-14,CF,0.02631578947368421,Buy
2024-10-14,WEN,0.0010247023762335362,Buy
2024-10-14,DAL,0.0008712152098021737,Buy
2024-10-14,AA,0.00042442665693229187,Buy
2024-10-14,SPWR,-0.001644538644665055,Sell
2024-10-14,RRC,0.02631578947368421,Buy
2024-10-14,CAG,3.07660557537226e-06,Buy
2024-10-14,GREK,0.0005301541404718474,Buy
2024-10-14,QCOM,-0.027485532298464076,Sell
2024-10-14,JNJ,5.180253244846736e-05,Buy
2024-10-14,STI,0.02631578947368421,Buy
2024-10-14,KMB,-0.00016341958890228603,Sell
2024-10-14,NDAQ,-0.026589307528687555,Sell
2024-10-14,HAS,0.02631578947368421,Buy
2024-10-14,TRV,0.0003181028727670329,Buy
2024-10-14,DPZ,0.05245992235000997,Buy
2024-10-14,VTR,0.00033396899732443877,Buy
2024-10-14,DHI,-0.026857006447778893,Sell
2024-10-14,BDX,0.02631578947368421,Buy
2024-10-14,WFC,0.00042884397054217954,Buy
2024-10-14,EOG,0.0002687139625556431,Buy
2024-10-14,SIRI,-0.02831485347366487,Sell
2024-10-14,ANF,-0.02631578947368421,Sell
2024-10-14,ORCL,-2.2298891721159175e-05,Sell
2024-10-14,CCL,0.025958659053370418,Buy
2024-10-14,ALK,-3.9274539128560104e-05,Sell
2024-10-14,MAR,0.026134319845676886,Buy
2024-10-14,ILMN,0.00056191919300521,Buy
2024-10-14,TRP,-0.0005632378152724896,Sell
2024-10-14,KO,-0.026531679479605115,Sell
2024-10-14,RL,0.0004726554562651704,Buy
2024-10-14,BX,0.00034554780985941724,Buy
2024-10-14,LOW,-0.02631578947368421,Sell
2024-10-14,MRVL,-0.02631578947368421,Sell
2024-10-14,NTES,0.02631578947368421,Buy
2024-10-14,CLX,0.00012352066613694618,Buy
2024-10-14,SYK,-0.02631578947368421,Sell
2024-10-14,CSIQ,-0.02631578947368421,Sell
2024-10-14,XLE,-0.02622992730736124,Sell
2024-10-14,M,0.02557606510354388,Buy
2024-10-14,ENB,0.02631578947368421,Buy
2024-10-14,ZUMZ,0.00013346894992531666,Buy
2024-10-14,VZ,-0.026357188566295014,Sell
2024-10-14,CAT,0.025714483732263947,Buy
2024-10-14,MRK,8.411927628671281e-05,Buy
2024-10-14,BMY,-0.02647751051979487,Sell
2024-10-15,MET,0.0262620020563442,Buy
2024-10-15,MNST,-0.02631578947368421,Sell
2024-10-15,CNC,0.02631578947368421,Buy
2024-10-15,PPG,-0.026610162873862257,Sell
2024-10-15,BAX,0.02631578947368421,Buy
2024-10-15,VWO,0.0005138095024400831,Buy
2024-10-15,A,-7.389826123361046e-05,Sell
2024-10-15,CF,0.0005704281568391575,Buy
2024-10-15,NVDA,0.02631578947368421,Buy
2024-10-15,WEN,0.00017652359525200181,Buy
2024-10-15,DAL,-0.00020913672150152385,Sell
2024-10-15,AA,0.026014505241955116,Buy
2024-10-15,HYG,0.02631578947368421,Buy
2024-10-15,SPWR,0.025491696280538476,Buy
2024-10-15,RRC,0.0005718191748281566,Buy
2024-10-15,CAG,-0.02644567489383911,Sell
2024-10-15,GREK,3.1563079856081894e-05,Buy
2024-10-15,QCOM,0.02631578947368421,Buy
2024-10-15,JNJ,-0.026736774420690255,Sell
2024-10-15,STI,-0.025891843208691586,Sell
2024-10-15,KMB,-0.02663944358064902,Sell
2024-10-15,HAS,-0.026355200125057647,Sell
2024-10-15,TRV,9.699555269374396e-05,Buy
2024-10-15,DPZ,-0.05259480424730686,Sell
2024-10-15,VTR,0.026477715762118104,Buy
2024-10-15,EWC,0.02631578947368421,Buy
2024-10-15,BDX,-0.00021111813799148602,Sell
2024-10-15,WFC,0.026697959572949088,Buy
2024-10-15,EOG,0.000825467792248933,Buy
2024-10-15,EWI,0.02631578947368421,Buy
2024-10-15,ANF,0.0008127548360038449,Buy
2024-10-15,HTZ,-0.02631578947368421,Sell
2024-10-15,ORCL,-0.0002898220057722979,Sell
2024-10-15,CCL,-0.02631578947368421,Sell
2024-10-15,ALK,0.0004319648180294289,Buy
2024-10-15,ILMN,-0.0002442120609097119,Sell
2024-10-15,TRP,-2.491775301931287e-05,Sell
2024-10-15,RL,0.025709860284207582,Buy
2024-10-15,NTAP,0.02631578947368421,Buy
2024-10-15,TRIP,-0.02631578947368421,Sell
2024-10-15,BX,0.00015420453916942592,Buy
2024-10-15,LOW,0.00011682333040874057,Buy
2024-10-15,MRVL,0.00060004080481375,Buy
2024-10-15,NTES,0.0009031160175043615,Buy
2024-10-15,CP,0.02631578947368421,Buy
2024-10-15,CLX,0.00031199133284732367,Buy
2024-10-15,SYK,0.02627602119063896,Buy
2024-10-15,CSIQ,-0.0014458003373984465,Sell
2024-10-15,M,-0.02631578947368421,Sell
2024-10-15,ENB,-0.026419024729574334,Sell
2024-10-15,ZUMZ,-0.0007127782702588542,Sell
2024-10-15,VZ,-0.02631578947368421,Sell
2024-10-15,MRK,-0.02677111505353847,Sell
2024-10-16,MNST,0.0006797697368468233,Buy
2024-10-16,CNC,-0.0005135462440477717,Sell
2024-10-16,BAX,-0.00027565580003558604,Sell
2024-10-16,VWO,-0.00044449637713168955,Sell
2024-10-16,A,0.0008069632960564406,Buy
2024-10-16,CF,-4.3377129054136127e-05,Sell
2024-10-16,HP,-0.02631578947368421,Sell
2024-10-16,NVDA,-0.027341884535437025,Sell
2024-10-16,WEN,0.0008344364710595568,Buy
2024-10-16,DAL,0.0019960594345967073,Buy
2024-10-16,AA,-0.02631578947368421,Sell
2024-10-16,HYG,-0.026558510725737294,Sell
2024-10-16,NSC,0.02631578947368421,Buy
2024-10-16,RRC,-8.081328637693161e-05,Sell
2024-10-16,CAG,0.02631578947368421,Buy
2024-10-16,GREK,-0.026863800372610377,Sell
2024-10-16,QCOM,0.0002013897730614167,Buy
2024-10-16,JNJ,0.02631578947368421,Buy
2024-10-16,KMB,0.02631578947368421,Buy
2024-10-16,TRV,0.0004239136790461402,Buy
2024-10-16,DPZ,0.026580127208710915,Buy
2024-10-16,EWC,-0.02676113952648611,Sell
2024-10-16,BDX,-2.2858828915676283e-05,Sell
2024-10-16,EOG,-0.00021275224064317907,Sell
2024-10-16,QQQ,0.02631578947368421,Buy
2024-10-16,EWI,-0.026712984261267444,Sell
2024-10-16,SIRI,0.02631578947368421,Buy
2024-10-16,ANF,0.027097570287168363,Buy
2024-10-16,HTZ,0.028690932961601936,Buy
2024-10-16,ORCL,0.00029964585113146855,Buy
2024-10-16,DLTR,-0.02631578947368421,Sell
2024-10-16,CCL,0.02632733682816825,Buy
2024-10-16,MS,-0.02631578947368421,Sell
2024-10-16,ALK,0.0007742063725668102,Buy
2024-10-16,ILMN,0.025843734324260927,Buy
2024-10-16,WMB,-0.02631578947368421,Sell
2024-10-16,TRP,-0.0005019928938204757,Sell
2024-10-16,D,-0.02631578947368421,Sell
2024-10-16,EW,0.02631578947368421,Buy
2024-10-16,NTAP,-0.02661760248840445,Sell
2024-10-16,NWSA,0.02631578947368421,Buy
2024-10-16,TRIP,0.0003377651485590265,Buy
2024-10-16,BX,0.0007710303518154368,Buy
2024-10-16,LOW,0.00040492475964658617,Buy
2024-10-16,MRVL,0.0009539461619844751,Buy
2024-10-16,NTES,-0.026450482541163528,Sell
2024-10-16,CP,-0.02670406169666358,Sell
2024-10-16,CLX,0.026526480016837,Buy
2024-10-16,CSIQ,0.026638022526195952,Buy
2024-10-16,M,0.0012470699177003948,Buy
2024-10-16,COF,-0.02631578947368421,Sell
2024-10-16,ZUMZ,-0.027023283735690466,Sell
2024-10-16,VZ,0.026614916951231807,Buy
2024-10-16,MRK,0.02631578947368421,Buy
2024-10-16,BMY,-0.02631578947368421,Sell
2024-10-17,MET,-0.02631578947368421,Sell
2024-10-17,MNST,0.02634989634629125,Buy
2024-10-17,CNC,0.0022985829448541675,Buy
2024-10-17,BAX,-0.026339874034603514,Sell
2024-10-17,VWO,-0.0263353242194912,Sell
2024-10-17,A,0.00021781278547565452,Buy
2024-10-17,CF,-0.02679375229803748,Sell
2024-10-17,HP,0.00024030124261345195,Buy
2024-10-17,XLP,0.02631578947368421,Buy
2024-10-17,WEN,0.026009229058890193,Buy
2024-10-17,DAL,-0.0003894900764631233,Sell
2024-10-17,AA,0.025338806807681295,Buy
2024-10-17,HYG,0.02631578947368421,Buy
2024-10-17,SPWR,-0.02631578947368421,Sell
2024-10-17,NSC,0.0006626127266601833,Buy
2024-10-17,RRC,-0.026507673560569666,Sell
2024-10-17,CAG,-0.026943392743315493,Sell
2024-10-17,QCOM,-4.459807679257563e-05,Sell
2024-10-17,JNJ,-0.026449487926643207,Sell
2024-10-17,KMB,-0.0001302961062148271,Sell
2024-10-17,TRV,0.002481334351361223,Buy
2024-10-17,DPZ,0.02631578947368421,Buy
2024-10-17,BDX,-0.00011303775103136196,Sell
2024-10-17,EBAY,0.02631578947368421,Buy
2024-10-17,WFC,-0.02631578947368421,Sell
2024-10-17,EOG,-0.02654219362269194,Sell
2024-10-17,QQQ,-0.00012143453964953699,Sell
2024-10-17,SIRI,-0.0001324170494156375,Sell
2024-10-17,ORCL,0.00024069394910217895,Buy
2024-10-17,DLTR,0.026356785976223488,Buy
2024-10-17,TSM,-0.02631578947368421,Sell
2024-10-17,MS,8.766374961906645e-05,Buy
2024-10-17,ALK,0.025997502374099438,Buy
2024-10-17,MAR,-0.02631578947368421,Sell
2024-10-17,ILMN,-0.02631578947368421,Sell
2024-10-17,WMB,0.00019056929033578127,Buy
2024-10-17,TRP,-0.00020917098274237517,Sell
2024-10-17,KO,0.02631578947368421,Buy
2024-10-17,D,0.02606551343471889,Buy
2024-10-17,EW,-0.02648468484941809,Sell
2024-10-17,HUM,-0.02631578947368421,Sell
2024-10-17,WSM,0.02631578947368421,Buy
2024-10-17,NWSA,-0.026489058216702124,Sell
2024-10-17,TRIP,0.0004893296499670734,Buy
2024-10-17,BX,0.001760628321320349,Buy
2024-10-17,LOW,0.02616408541533501,Buy
2024-10-17,MRVL,0.025846432138774817,Buy
2024-10-17,PCG,0.02631578947368421,Buy
2024-10-17,CP,0.02631578947368421,Buy
2024-10-17,PRGO,-0.02631578947368421,Sell
2024-10-17,BSX,0.02631578947368421,Buy
2024-10-17,M,0.00015188271057780395,Buy
2024-10-17,COF,0.0003839247396575929,Buy
2024-10-17,CAT,-0.02631578947368421,Sell
2024-10-17,MRK,5.716443649347522e-05,Buy
2024-10-17,BMY,0.02632487765020785,Buy
2024-10-18,MET,0.0261879465675638,Buy
2024-10-18,CNC,0.00042340800848452917,Buy
2024-10-18,A,-0.0002555953419882233,Sell
2024-10-18,CF,0.02631578947368421,Buy
2024-10-18,HP,0.026271330713496875,Buy
2024-10-18,XLP,-0.02635920847316345,Sell
2024-10-18,WEN,-0.02631578947368421,Sell
2024-10-18,DAL,0.00024274656833795163,Buy
2024-10-18,AA,-0.02631578947368421,Sell
2024-10-18,HYG,-0.026364288525609538,Sell
2024-10-18,SPWR,0.05228437516016472,Buy
2024-10-18,NSC,-0.00042330644033845496,Sell
2024-10-18,QCOM,4.1945656151370914e-05,Buy
2024-10-18,JNJ,0.02631578947368421,Buy
2024-10-18,KMB,0.00013669829702916275,Buy
2024-10-18,HAS,-0.02631578947368421,Sell
2024-10-18,TRV,4.829518744378647e-05,Buy
2024-10-18,DPZ,4.674005767862574e-05,Buy
2024-10-18,BBT,0.02631578947368421,Buy
2024-10-18,BDX,-0.0003600078327153679,Sell
2024-10-18,EBAY,0.00017926677789033285,Buy
2024-10-18,WFC,0.02629334552023432,Buy
2024-10-18,EOG,0.02631578947368421,Buy
2024-10-18,QQQ,-0.02647391877730875,Sell
2024-10-18,SIRI,-0.0004807029805261702,Sell
2024-10-18,ANF,0.02631578947368421,Buy
2024-10-18,ORCL,0.0261533034679236,Buy
2024-10-18,TSM,-0.000660822213888218,Sell
2024-10-18,MS,0.00034245871081276316,Buy
2024-10-18,MAR,0.026403908440100626,Buy
2024-10-18,ILMN,0.00045304076290779427,Buy
2024-10-18,KGC,-0.02631578947368421,Sell
2024-10-18,WMB,0.00040418125092306356,Buy
2024-10-18,TRP,-0.0003011432049396662,Sell
2024-10-18,KO,-0.026504709586513485,Sell
2024-10-18,RL,-0.02631578947368421,Sell
2024-10-18,HUM,0.026380520591237855,Buy
2024-10-18,WSM,-0.026711375219343036,Sell
2024-10-18,NWSA,0.02631578947368421,Buy
2024-10-18,TRIP,0.0003991094416785253,Buy
2024-10-18,BX,0.00039327378806122346,Buy
2024-10-18,MRVL,-0.02631578947368421,Sell
2024-10-18,PCG,-0.02643120787011435,Sell
2024-10-18,CP,0.00037065871441589737,Buy
2024-10-18,PRGO,0.026638443840551727,Buy
2024-10-18,OHI,-0.02631578947368421,Sell
2024-10-18,SYK,-0.02631578947368421,Sell
2024-10-18,CSIQ,-0.02631578947368421,Sell
2024-10-18,BSX,-0.05311947556785353,Sell
2024-10-18,M,0.02612391055454221,Buy
2024-10-18,COF,-0.0001328148749893225,Sell
2024-10-18,CAT,0.02625951084128457,Buy
2024-10-18,MRK,0.00026590654761858915,Buy
2024-10-21,CNC,0.00040976483649624376,Buy
2024-10-21,A,0.00036931063717818985,Buy
2024-10-21,CF,-0.02639879495421118,Sell
2024-10-21,XLP,0.02631578947368421,Buy
2024-10-21,NVDA,-0.02631578947368421,Sell
2024-10-21,WEN,0.0257509223906905,Buy
2024-10-21,DAL,-0.00030700465240255867,Sell
2024-10-21,AA,-9.656865020127303e-05,Sell
2024-10-21,HYG,0.02631578947368421,Buy
2024-10-21,SPWR,-0.02667688937692182,Sell
2024-10-21,NSC,-0.02589982412738022,Sell
2024-10-21,RRC,-0.02631578947368421,Sell
2024-10-21,QCOM,0.0002709186424763553,Buy
2024-10-21,JNJ,0.0003418669974230258,Buy
2024-10-21,KMB,0.00019394389352275082,Buy
2024-10-21,HAS,0.0259780984776712,Buy
2024-10-21,TRV,-0.0005471250241465796,Sell
2024-10-21,DPZ,-0.026489068896973157,Sell
2024-10-21,DHI,0.02631578947368421,Buy
2024-10-21,EWC,0.02631578947368421,Buy
2024-10-21,BBT,-0.025615909426653868,Sell
2024-10-21,BDX,0.00032561120399557733,Buy
2024-10-21,EBAY,0.0002969448013683401,Buy
2024-10-21,WFC,-0.02631578947368421,Sell
2024-10-21,EOG,-0.0261499115711264,Sell
2024-10-21,SIRI,-0.02592899699006309,Sell
2024-10-21,ANF,-0.026866831752966405,Sell
2024-10-21,CCL,-0.02631578947368421,Sell
2024-10-21,TSM,0.000176902654732667,Buy
2024-10-21,MS,-0.0005814290116810845,Sell
2024-10-21,ALK,-0.02631578947368421,Sell
2024-10-21,MAR,-0.02631578947368421,Sell
2024-10-21,ILMN,0.026184133030369008,Buy
2024-10-21,KGC,0.0261654324803399,Buy
2024-10-21,WMB,0.026158114950409074,Buy
2024-10-21,TRP,-0.025933991724866497,Sell
2024-10-21,KO,0.02631578947368421,Buy
2024-10-21,ULTA,-0.02631578947368421,Sell
2024-10-21,PVH,0.02631578947368421,Buy
2024-10-21,RL,0.02599438483633399,Buy
2024-10-21,NWSA,-0.026339207538643192,Sell
2024-10-21,TRIP,-0.0004011339522872158,Sell
2024-10-21,BX,-0.00021955415096269054,Sell
2024-10-21,LOW,0.02631578947368421,Buy
2024-10-21,MRVL,0.0006765356885418267,Buy
2024-10-21,CP,0.00041403718531153946,Buy
2024-10-21,CLX,0.02631578947368421,Buy
2024-10-21,OHI,0.026155636453455658,Buy
2024-10-21,SYK,0.026174571055235383,Buy
2024-10-21,CSIQ,0.00019131723320959734,Buy
2024-10-21,BSX,1.7437643321339263e-05,Buy
2024-10-21,M,-0.02631578947368421,Sell
2024-10-21,COF,0.026006304700353203,Buy
2024-10-21,ENB,0.02631578947368421,Buy
2024-10-21,CAT,-0.02631578947368421,Sell
2024-10-21,MRK,0.000548433384998704,Buy
2024-10-21,BMY,0.02631578947368421,Buy
2024-10-22,CNC,-8.933759380306758e-05,Sell
2024-10-22,PPG,0.02631578947368421,Buy
2024-10-22,A,0.0005731315482458456,Buy
2024-10-22,XLP,-0.02652797453841198,Sell
2024-10-22,NVDA,4.136900864529572e-05,Buy
2024-10-22,DAL,-8.023429710729557e-05,Sell
2024-10-22,AA,0.0003810634773793939,Buy
2024-10-22,HYG,-2.688103628075561e-05,Sell
2024-10-22,RRC,0.026335141883488084,Buy
2024-10-22,GREK,-0.02631578947368421,Sell
2024-10-22,QCOM,-0.02703003837183759,Sell
2024-10-22,JNJ,-0.00016382685626910656,Sell
2024-10-22,STI,0.02631578947368421,Buy
2024-10-22,KMB,0.0011182890874473946,Buy
2024-10-22,HAS,0.02631578947368421,Buy
2024-10-22,TRV,1.4635262304742852e-05,Buy
2024-10-22,DHI,-0.02554646603871411,Sell
2024-10-22,EWC,-0.02641075389118446,Sell
2024-10-22,BDX,2.5448765393339817e-05,Buy
2024-10-22,EBAY,0.0002819756508686648,Buy
2024-10-22,WFC,0.00038890751411670144,Buy
2024-10-22,EWI,0.02631578947368421,Buy
2024-10-22,HTZ,-0.02631578947368421,Sell
2024-10-22,ORCL,-0.02631578947368421,Sell
2024-10-22,CCL,0.00027412674779767054,Buy
2024-10-22,TSM,-0.00038987009363780634,Sell
2024-10-22,MS,7.231043526622835e-05,Buy
2024-10-22,ALK,2.9011747532257243e-05,Buy
2024-10-22,MAR,0.00011614953275211615,Buy
2024-10-22,KGC,-0.02631578947368421,Sell
2024-10-22,GOLD,0.02631578947368421,Buy
2024-10-22,KO,-6.33902657595116e-05,Sell
2024-10-22,ULTA,0.026079805893679642,Buy
2024-10-22,PVH,0.00029589877457994115,Buy
2024-10-22,HUM,0.02631578947368421,Buy
2024-10-22,NTAP,0.02631578947368421,Buy
2024-10-22,TRIP,0.00021896891360250956,Buy
2024-10-22,BX,-0.00028726470675359203,Sell
2024-10-22,LOW,0.0003768321091032027,Buy
2024-10-22,MRVL,0.0005533833746642104,Buy
2024-10-22,CP,-0.02668065817406555,Sell
2024-10-22,CLX,0.00013726084011177198,Buy
2024-10-22,CSIQ,0.00020959252345885762,Buy
2024-10-22,BSX,0.026367195738264095,Buy
2024-10-22,M,0.02585225349405658,Buy
2024-10-22,ENB,-6.239665170146291e-06,Sell
2024-10-22,CAT,-7.307483472276943e-05,Sell
2024-10-22,MRK,-0.026453598025850296,Sell
2024-10-22,BMY,-0.026703099638051016,Sell
2024-10-23,CNC,0.0005684950039482987,Buy
2024-10-23,PPG,-0.026214575697936938,Sell
2024-10-23,AMTD,-0.02631578947368421,Sell
2024-10-23,A,0.00011946019999988303,Buy
2024-10-23,NVDA,0.02554339844149598,Buy
2024-10-23,WEN,-0.02631578947368421,Sell
2024-10-23,DAL,-0.00010671536094187736,Sell
2024-10-23,AA,-0.00012234314024166248,Sell
2024-10-23,HYG,0.00011425369554910608,Buy
2024-10-23,SPWR,0.02631578947368421,Buy
2024-10-23,RRC,-0.02631578947368421,Sell
2024-10-23,CAG,0.02631578947368421,Buy
2024-10-23,GREK,0.025904167745730504,Buy
2024-10-23,QCOM,0.02631578947368421,Buy
2024-10-23,JNJ,-0.026668514198344834,Sell
2024-10-23,STI,0.00024902919068585036,Buy
2024-10-23,KMB,0.0001988581326770808,Buy
2024-10-23,HAS,0.00029744222817202834,Buy
2024-10-23,TRV,-0.00022437320511395006,Sell
2024-10-23,VTR,-0.02631578947368421,Sell
2024-10-23,EWC,0.02631578947368421,Buy
2024-10-23,BDX,-0.026369814574354312,Sell
2024-10-23,EBAY,-0.026426273478010784,Sell
2024-10-23,WFC,-0.00013615786721238657,Sell
2024-10-23,EWI,8.274149102074219e-05,Buy
2024-10-23,HTZ,5.430568244879294e-05,Buy
2024-10-23,ORCL,-0.0003660887561926507,Sell
2024-10-23,CCL,0.025729655846902188,Buy
2024-10-23,TSM,0.00028035605249225257,Buy
2024-10-23,MS,-4.3666358859939525e-05,Sell
2024-10-23,ALK,-0.00012051729613025627,Sell
2024-10-23,MAR,0.05183657755825453,Buy
2024-10-23,KGC,-1.0221599137529014e-05,Sell
2024-10-23,GOLD,0.001057142597238856,Buy
2024-10-23,TRP,0.02631578947368421,Buy
2024-10-23,KO,0.0005797045358072635,Buy
2024-10-23,PVH,0.0009788459060789435,Buy
2024-10-23,HUM,-0.025914311369010387,Sell
2024-10-23,NTAP,0.00019718679521713023,Buy
2024-10-23,TRIP,-0.00012038860144997568,Sell
2024-10-23,BX,-0.00028121539537555307,Sell
2024-10-23,LOW,-0.02618793238794508,Sell
2024-10-23,MRVL,-0.000514049558313398,Sell
2024-10-23,CLX,-0.026459036981565733,Sell
2024-10-23,CSIQ,-0.00156611621108416,Sell
2024-10-23,ENB,0.00018061392081343552,Buy
2024-10-23,VZ,0.02631578947368421,Buy
2024-10-23,CAT,-0.00021947651876528043,Sell
2024-10-24,CNC,-0.027286575367817662,Sell
2024-10-24,AMTD,0.02748534435188656,Buy
2024-10-24,A,0.000292239997936726,Buy
2024-10-24,WEN,0.0005742267976790068,Buy
2024-10-24,DAL,0.00023187211127109059,Buy
2024-10-24,AA,0.00026226042525784657,Buy
2024-10-24,HYG,-0.026566494518949706,Sell
2024-10-24,SPWR,0.000608679557256353,Buy
2024-10-24,RRC,0.0005930900522190738,Buy
2024-10-24,CAG,-0.02639955610099915,Sell
2024-10-24,GREK,0.02631578947368421,Buy
2024-10-24,QCOM,-0.026727999470911368,Sell
2024-10-24,JNJ,0.02631578947368421,Buy
2024-10-24,STI,-0.026924942208121312,Sell
2024-10-24,KMB,-0.0001969273106411061,Sell
2024-10-24,NDAQ,-0.02631578947368421,Sell
2024-10-24,HAS,0.0014195035927628483,Buy
2024-10-24,TRV,7.79852412976477e-05,Buy
2024-10-24,VTR,0.02652972513987798,Buy
2024-10-24,EWC,-0.00012266562264993605,Sell
2024-10-24,BDX,0.02631578947368421,Buy
2024-10-24,MU,-0.02631578947368421,Sell
2024-10-24,WFC,0.0005306780552565248,Buy
2024-10-24,QQQ,-0.02631578947368421,Sell
2024-10-24,EWI,-0.02656560212042071,Sell
2024-10-24,ANF,0.02631578947368421,Buy
2024-10-24,HTZ,0.028010856540998226,Buy
2024-10-24,ORCL,0.000369589346187537,Buy
2024-10-24,TSM,-0.00021269945489069825,Sell
2024-10-24,MS,0.0003730312682775107,Buy
2024-10-24,ALK,4.655046868349416e-05,Buy
2024-10-24,MAR,-0.0267782104756428,Sell
2024-10-24,KGC,0.0002726448829781236,Buy
2024-10-24,GOLD,-0.00018041237022823134,Sell
2024-10-24,TRP,-0.02650642291017989,Sell
2024-10-24,KO,0.00010283059214685406,Buy
2024-10-24,PVH,-0.0003020770359843279,Sell
2024-10-24,HUM,0.02631578947368421,Buy
2024-10-24,NTAP,-0.0003584525407269168,Sell
2024-10-24,TRIP,0.02640293216736764,Buy
2024-10-24,BX,0.0006085364905471444,Buy
2024-10-24,MRVL,0.00020608040246147125,Buy
2024-10-24,DUK,0.02631578947368421,Buy
2024-10-24,CME,-0.02631578947368421,Sell
2024-10-24,CSIQ,0.0007274202864419044,Buy
2024-10-24,BSX,0.02631578947368421,Buy
2024-10-24,M,0.02631578947368421,Buy
2024-10-24,ENB,-0.0001158722071792212,Sell
2024-10-24,VZ,0.0004443413112142115,Buy
2024-10-24,CAT,0.0002650470900730749,Buy
2024-10-25,MET,0.02631578947368421,Buy
2024-10-25,CNC,-0.02631578947368421,Sell
2024-10-25,A,-0.026287821869356166,Sell
2024-10-25,XLP,0.02631578947368421,Buy
2024-10-25,WEN,0.00016786968085255247,Buy
2024-10-25,DAL,-0.00024018635416872547,Sell
2024-10-25,AA,0.025811012976064345,Buy
2024-10-25,BUD,0.02631578947368421,Buy
2024-10-25,SPWR,0.00038594455462059515,Buy
2024-10-25,RRC,0.026296452767923705,Buy
2024-10-25,GREK,3.311910384638447e-05,Buy
2024-10-25,JNJ,0.00037684427067127477,Buy
2024-10-25,KMB,0.00021399008941572206,Buy
2024-10-25,NDAQ,0.026195879270577257,Buy
2024-10-25,HAS,-0.00020074409497759793,Sell
2024-10-25,TRV,-0.0005362535049219623,Sell
2024-10-25,EWC,0.0001053093763983999,Buy
2024-10-25,BDX,-0.026334589368837147,Sell
2024-10-25,MU,0.0003347813222786926,Buy
2024-10-25,WFC,0.026025796861152285,Buy
2024-10-25,QQQ,0.00023379371831831058,Buy
2024-10-25,ANF,-0.026183426722358794,Sell
2024-10-25,HTZ,-0.02631578947368421,Sell
2024-10-25,ORCL,-5.7150303718559586e-05,Sell
2024-10-25,TSM,0.0008076042648039496,Buy
2024-10-25,MS,0.025881687529350283,Buy
2024-10-25,ALK,3.24902848917244e-05,Buy
2024-10-25,MAR,-0.02631578947368421,Sell
2024-10-25,KGC,0.02584873112489694,Buy
2024-10-25,GOLD,0.00025403260949156264,Buy
2024-10-25,KO,7.601051794215927e-05,Buy
2024-10-25,PVH,-0.026374642670481282,Sell
2024-10-25,RL,-0.02631578947368421,Sell
2024-10-25,HUM,-0.026608194650993622,Sell
2024-10-25,NTAP,-0.026294096454527217,Sell
2024-10-25,TRIP,-0.02631578947368421,Sell
2024-10-25,BX,-0.00026297301739677467,Sell
2024-10-25,MRVL,-3.0075119349565888e-05,Sell
2024-10-25,DUK,0.0003283149532288081,Buy
2024-10-25,CME,0.025980926160028,Buy
2024-10-25,CP,0.02631578947368421,Buy
2024-10-25,CLX,0.02631578947368421,Buy
2024-10-25,CSIQ,0.002666481769029106,Buy
2024-10-25,BSX,4.17419951767202e-05,Buy
2024-10-25,M,-0.026354532334312564,Sell
2024-10-25,COF,-0.02631578947368421,Sell
2024-10-25,ENB,4.891007046015777e-05,Buy
2024-10-25,MT,-0.02631578947368421,Sell
2024-10-25,VZ,0.0002296001247437951,Buy
2024-10-25,CAT,-1.3232720998505865e-06,Sell
2024-10-25,MRK,0.02631578947368421,Buy
2024-10-25,BMY,0.02631578947368421,Buy
2024-10-28,MET,-0.026752109833811877,Sell
2024-10-28,CNC,0.051780959737267256,Buy
2024-10-28,AMTD,0.02631578947368421,Buy
2024-10-28,CF,0.02631578947368421,Buy
2024-10-28,HOG,-0.02631578947368421,Sell
2024-10-28,XLP,-0.02657582345059872,Sell
2024-10-28,WEN,0.0013784438495536497,Buy
2024-10-28,DAL,0.0008285295442757024,Buy
2024-10-28,AA,-0.02631578947368421,Sell
2024-10-28,BUD,-0.026730146546798443,Sell
2024-10-28,SPWR,0.000728052860504147,Buy
2024-10-28,GREK,-0.0002979591893506814,Sell
2024-10-28,JNJ,-0.026645451352846634,Sell
2024-10-28,KMB,-0.00023051787631289677,Sell
2024-10-28,HAS,3.666634754356801e-05,Buy
2024-10-28,TRV,0.00040897066870819454,Buy
2024-10-28,VTR,0.02631578947368421,Buy
2024-10-28,EWC,-0.026700746542143588,Sell
2024-10-28,MU,0.026153082148874105,Buy
2024-10-28,WFC,-0.02631578947368421,Sell
2024-10-28,EOG,0.02631578947368421,Buy
2024-10-28,QQQ,0.00021522889438247914,Buy
2024-10-28,EWI,0.02631578947368421,Buy
2024-10-28,HTZ,0.026354483830413836,Buy
2024-10-28,ORCL,0.02635857277795036,Buy
2024-10-28,CCL,-0.02631578947368421,Sell
2024-10-28,TSM,0.025384513181159786,Buy
2024-10-28,MS,-0.02631578947368421,Sell
2024-10-28,ALK,0.0011196334998691375,Buy
2024-10-28,MAR,0.0265702533199955,Buy
2024-10-28,GOLD,-0.000564183330920634,Sell
2024-10-28,TRP,0.02631578947368421,Buy
2024-10-28,KO,-0.00011184426706066161,Sell
2024-10-28,RL,0.0009412763713794667,Buy
2024-10-28,TRIP,0.0009058169513451592,Buy
2024-10-28,BX,0.0007410334876344141,Buy
2024-10-28,MRVL,0.0008057705561243349,Buy
2024-10-28,DUK,-0.00017699799079163095,Sell
2024-10-28,NTES,-0.02631578947368421,Sell
2024-10-28,CP,-0.0004827150404680021,Sell
2024-10-28,CLX,-0.026701110628742527,Sell
2024-10-28,SYK,-0.02631578947368421,Sell
2024-10-28,CSIQ,0.03068081086270046,Buy
2024-10-28,BSX,-0.00022033755265124522,Sell
2024-10-28,COF,0.0008853433960244288,Buy
2024-10-28,ENB,-0.00016558494698985446,Sell
2024-10-28,MT,0.0012269585391032796,Buy
2024-10-28,VZ,-0.00036479873139290755,Sell
2024-10-28,CAT,0.0005298387993546323,Buy
2024-10-28,MRK,-0.00027472292251286973,Sell
2024-10-28,BMY,-0.02689459162013915,Sell
2024-10-29,CNC,-0.02597907399490987,Sell
2024-10-29,AMTD,-0.02717535876565243,Sell
2024-10-29,CF,-0.026243081962217762,Sell
2024-10-29,HOG,0.026235563683142882,Buy
2024-10-29,XLP,0.02631578947368421,Buy
2024-10-29,WEN,-5.0710452196196104e-05,Sell
2024-10-29,DAL,0.0010397698325124542,Buy
2024-10-29,AA,-0.00011914976086206674,Sell
2024-10-29,SPWR,0.00025888586044489625,Buy
2024-10-29,GREK,-0.026613194854729794,Sell
2024-10-29,KMB,-0.02620424752457485,Sell
2024-10-29,HAS,-3.643487336931622e-05,Sell
2024-10-29,TRV,-0.0002826524255121893,Sell
2024-10-29,VTR,-0.026946939509305202,Sell
2024-10-29,DHI,0.02631578947368421,Buy
2024-10-29,EWC,0.02631578947368421,Buy
2024-10-29,MU,-0.02631578947368421,Sell
2024-10-29,WFC,0.02629565330502285,Buy
2024-10-29,EOG,0.00023727125283838635,Buy
2024-10-29,QQQ,0.026674348693226636,Buy
2024-10-29,EWI,9.323268967202994e-05,Buy
2024-10-29,ORCL,-0.02631578947368421,Sell
2024-10-29,CCL,0.02663744508605084,Buy
2024-10-29,TSM,-0.02631578947368421,Sell
2024-10-29,MS,0.00014239897051243622,Buy
2024-10-29,ALK,9.338930071392526e-06,Buy
2024-10-29,ILMN,-0.02631578947368421,Sell
2024-10-29,KGC,-0.02631578947368421,Sell
2024-10-29,GOLD,8.225748505802724e-05,Buy
2024-10-29,TRP,0.00017763152817478617,Buy
2024-10-29,KO,0.0003351779213620065,Buy
2024-10-29,D,0.02631578947368421,Buy
2024-10-29,RL,0.00017366931378209188,Buy
2024-10-29,NWSA,-0.02631578947368421,Sell
2024-10-29,TRIP,0.000728540384302187,Buy
2024-10-29,BX,7.982886837415437e-05,Buy
2024-10-29,LOW,0.02631578947368421,Buy
2024-10-29,MRVL,0.0005575000361928983,Buy
2024-10-29,PCG,0.02631578947368421,Buy
2024-10-29,DUK,0.0004934062606426169,Buy
2024-10-29,NTES,0.0005087575445342635,Buy
2024-10-29,CP,-0.026451009335556483,Sell
2024-10-29,CLX,0.02631578947368421,Buy
2024-10-29,SYK,0.026643128306018945,Buy
2024-10-29,BSX,-4.2355174814129315e-05,Sell
2024-10-29,COF,-0.0002755478198028932,Sell
2024-10-29,ENB,0.00019912924969850074,Buy
2024-10-29,MT,0.0262933624542857,Buy
2024-10-29,VZ,7.939167585786083e-05,Buy
2024-10-29,CAT,-0.00010497975084703542,Sell
2024-10-29,MRK,2.2040313396181482e-05,Buy
2024-10-30,VWO,0.02631578947368421,Buy
2024-10-30,HOG,-0.02631578947368421,Sell
2024-10-30,XLP,0.00011651460946341882,Buy
2024-10-30,WEN,-3.527298276442825e-05,Sell
2024-10-30,DAL,0.0004384794071682595,Buy
2024-10-30,AA,-0.00033035689449360806,Sell
2024-10-30,SPWR,-0.00041412723495764386,Sell
2024-10-30,NSC,-0.02631578947368421,Sell
2024-10-30,GREK,0.02631578947368421,Buy
2024-10-30,QCOM,0.02631578947368421,Buy
2024-10-30,STI,-0.02631578947368421,Sell
2024-10-30,KMB,0.02631578947368421,Buy
2024-10-30,HAS,-0.026649542146320444,Sell
2024-10-30,TRV,7.576163364612226e-05,Buy
2024-10-30,DHI,-0.00023487742767546588,Sell
2024-10-30,EWC,9.952654666751243e-05,Buy
2024-10-30,BDX,0.02631578947368421,Buy
2024-10-30,MU,0.02524714646763508,Buy
2024-10-30,WFC,-0.02631578947368421,Sell
2024-10-30,EOG,-0.02624823357668806,Sell
2024-10-30,EWI,0.0002789963626084295,Buy
2024-10-30,ORCL,9.68845226099399e-05,Buy
2024-10-30,CCL,-0.02631578947368421,Sell
2024-10-30,TSM,-0.00040188088847027334,Sell
2024-10-30,MS,-0.00037763991350695664,Sell
2024-10-30,ALK,0.00011602686425820144,Buy
2024-10-30,ILMN,0.026540064717344058,Buy
2024-10-30,KGC,0.02570215134215499,Buy
2024-10-30,GOLD,0.00020099279536483008,Buy
2024-10-30,WMB,-0.02631578947368421,Sell
2024-10-30,TRP,-0.026343741591310376,Sell
2024-10-30,KO,-7.000719968886654e-05,Sell
2024-10-30,D,-0.02616560017074015,Sell
2024-10-30,ULTA,0.02631578947368421,Buy
2024-10-30,RL,-0.0003151603860079774,Sell
2024-10-30,NTAP,0.02631578947368421,Buy
2024-10-30,NWSA,0.026193692422157532,Buy
2024-10-30,TRIP,8.950916885398785e-05,Buy
2024-10-30,BX,0.0001932542986960474,Buy
2024-10-30,LOW,-0.0260840285538537,Sell
2024-10-30,MRVL,0.025601656460227728,Buy
2024-10-30,PCG,-0.026332997187757362,Sell
2024-10-30,DUK,0.0001681320853978395,Buy
2024-10-30,NTES,0.02572528284018996,Buy
2024-10-30,CLX,0.00012763010782559578,Buy
2024-10-30,BSX,0.00025097926649836344,Buy
2024-10-30,COF,0.0005344974934878462,Buy
2024-10-30,ENB,-4.932678820122882e-05,Sell
2024-10-30,VZ,0.00010584138573184812,Buy
2024-10-30,CAT,-0.0006341267984161479,Sell
2024-10-30,MRK,-0.026519977805599622,Sell
2024-10-31,MET,0.02631578947368421,Buy
2024-10-31,VWO,-0.02617927234184958,Sell
2024-10-31,CF,-0.02631578947368421,Sell
2024-10-31,HOG,-0.0003001521756626456,Sell
2024-10-31,XLP,0.00013258338946371337,Buy
2024-10-31,NVDA,0.02631578947368421,Buy
2024-10-31,WEN,0.024685386069884394,Buy
2024-10-31,DAL,-0.0006367857611066369,Sell
2024-10-31,AA,-0.0003843117456731847,Sell
2024-10-31,SPWR,0.0011584726324185349,Buy
2024-10-31,NSC,0.0259956994136522,Buy
2024-10-31,ICE,0.02631578947368421,Buy
2024-10-31,GREK,-1.2615550835436834e-05,Sell
2024-10-31,QCOM,-0.051792169963186405,Sell
2024-10-31,STI,0.000532419698053066,Buy
2024-10-31,KMB,-0.02619058883060368,Sell
2024-10-31,NDAQ,0.02631578947368421,Buy
2024-10-31,TRV,0.025800134525234115,Buy
2024-10-31,DHI,-0.026190541335759068,Sell
2024-10-31,EWC,0.0004620914280417006,Buy
2024-10-31,BDX,0.0004151613638998346,Buy
2024-10-31,EBAY,0.02631578947368421,Buy
2024-10-31,WFC,0.026038950708045492,Buy
2024-10-31,QQQ,-0.02631578947368421,Sell
2024-10-31,EWI,0.0001491234121568097,Buy
2024-10-31,SIRI,-0.02631578947368421,Sell
2024-10-31,HTZ,-0.02631578947368421,Sell
2024-10-31,ORCL,0.051541299700129384,Buy
2024-10-31,CCL,-0.00026972644466448717,Sell
2024-10-31,TSM,0.025703978691473117,Buy
2024-10-31,MS,-0.0002473620060621379,Sell
2024-10-31,ALK,0.00027490828160583666,Buy
2024-10-31,KGC,0.02631578947368421,Buy
2024-10-31,GOLD,0.00024804257909601113,Buy
2024-10-31,WMB,0.02617550781984054,Buy
2024-10-31,KO,-0.02599271766302209,Sell
2024-10-31,D,-0.02631578947368421,Sell
2024-10-31,ULTA,0.0005776502090855638,Buy
2024-10-31,EW,0.02631578947368421,Buy
2024-10-31,RL,0.025746396397881014,Buy
2024-10-31,HUM,0.02631578947368421,Buy
2024-10-31,NTAP,0.0008424468496350535,Buy
2024-10-31,TRIP,-0.00024284706043904702,Sell
2024-10-31,BX,-0.0006599425331645752,Sell
2024-10-31,DUK,-0.02652776301563738,Sell
2024-10-31,NTES,-0.02631578947368421,Sell
2024-10-31,CLX,-0.02657744693143423,Sell
2024-10-31,BSX,-0.02624485999212911,Sell
2024-10-31,COF,0.02560936943451058,Buy
2024-10-31,ENB,0.00020310997426882874,Buy
2024-10-31,ZUMZ,-0.02631578947368421,Sell
2024-10-31,VZ,-0.02677570700899552,Sell
2024-10-31,CAT,-0.00029060305308135567,Sell
2024-10-31,BMY,-0.02631578947368421,Sell
2024-11-01,MET,7.574670950916129e-05,Buy
2024-11-01,A,-0.02631578947368421,Sell
2024-11-01,CF,0.0005047885415854006,Buy
2024-11-01,HOG,-0.00014478915181636784,Sell
2024-11-01,XLP,-0.026246515490397165,Sell
2024-11-01,NVDA,-0.02675842239671468,Sell
2024-11-01,DAL,0.00045737513334339827,Buy
2024-11-01,AA,0.00023503781895653844,Buy
2024-11-01,SPWR,-0.0004206524042065299,Sell
2024-11-01,ICE,0.0002861354310204553,Buy
2024-11-01,GREK,7.248001959663311e-05,Buy
2024-11-01,QCOM,0.026639670018461768,Buy
2024-11-01,STI,-0.0029096115994923545,Sell
2024-11-01,NDAQ,-0.026378665834738843,Sell
2024-11-01,VTR,0.02631578947368421,Buy
2024-11-01,DHI,-0.02631578947368421,Sell
2024-11-01,EWC,5.326683565281404e-05,Buy
2024-11-01,BDX,-0.026422014996047894,Sell
2024-11-01,EBAY,-0.0001946302408885013,Sell
2024-11-01,WFC,-0.02631578947368421,Sell
2024-11-01,QQQ,0.02643081637186638,Buy
2024-11-01,EWI,-5.20199218245615e-05,Sell
2024-11-01,SIRI,0.027210966274443197,Buy
2024-11-01,HTZ,0.026331069326961283,Buy
2024-11-01,ORCL,-0.026577471021729953,Sell
2024-11-01,CCL,0.026117434814931853,Buy
2024-11-01,TSM,-0.02631578947368421,Sell
2024-11-01,MS,5.6318549730597495e-05,Buy
2024-11-01,ALK,0.000643767608031285,Buy
2024-11-01,ILMN,-0.02631578947368421,Sell
2024-11-01,KGC,0.00033938685406417063,Buy
2024-11-01,GOLD,0.0011393703012957598,Buy
2024-11-01,WMB,0.02631578947368421,Buy
2024-11-01,TRP,0.02631578947368421,Buy
2024-11-01,D,0.02599869895518929,Buy
2024-11-01,ULTA,-0.026853180631719712,Sell
2024-11-01,EW,-0.026444205354455304,Sell
2024-11-01,HUM,-0.026529766872654896,Sell
2024-11-01,NTAP,-0.00010065583347827756,Sell
2024-11-01,WSM,-0.02631578947368421,Sell
2024-11-01,TRIP,6.811383447044919e-05,Buy
2024-11-01,BX,0.026297683993281914,Buy
2024-11-01,MRVL,-0.02631578947368421,Sell
2024-11-01,PCG,0.02631578947368421,Buy
2024-11-01,NTES,0.025783717676934367,Buy
2024-11-01,RF,0.02631578947368421,Buy
2024-11-01,CME,0.02631578947368421,Buy
2024-11-01,CLX,-0.02631578947368421,Sell
2024-11-01,OHI,0.02631578947368421,Buy
2024-11-01,BSX,0.02631578947368421,Buy
2024-11-01,COF,-0.02631578947368421,Sell
2024-11-01,ENB,6.611258173119111e-05,Buy
2024-11-01,ZUMZ,-0.001416405241822724,Sell
2024-11-01,CAT,0.0001601164602300989,Buy
2024-11-01,BMY,0.025554547429245966,Buy
2024-11-04,MET,0.00010407367092758399,Buy
2024-11-04,MNST,-0.02631578947368421,Sell
2024-11-04,AMTD,-0.02631578947368421,Sell
2024-11-04,A,0.02669984763774064,Buy
2024-11-04,CF,0.0005841188151632544,Buy
2024-11-04,HP,-0.02631578947368421,Sell
2024-11-04,HOG,-0.00018850750605298172,Sell
2024-11-04,DAL,-0.0008196975044175922,Sell
2024-11-04,AA,-4.424900238754123e-05,Sell
2024-11-04,SPWR,2.516852790523244e-05,Buy
2024-11-04,ICE,0.00017283095601321186,Buy
2024-11-04,RRC,-0.02631578947368421,Sell
2024-11-04,GREK,3.5337923749045874e-05,Buy
2024-11-04,JNJ,0.02631578947368421,Buy
2024-11-04,STI,-0.004042273857548736,Sell
2024-11-04,KMB,0.02631578947368421,Buy
2024-11-04,VTR,8.222652773371905e-05,Buy
2024-11-04,DHI,0.026652247134937402,Buy
2024-11-04,EWC,-0.02631632791326583,Sell
2024-11-04,BDX,0.02631578947368421,Buy
2024-11-04,MU,-0.02631578947368421,Sell
2024-11-04,EBAY,-0.02712302665644414,Sell
2024-11-04,WFC,0.0257718458933595,Buy
2024-11-04,EWI,0.00014745036375136966,Buy
2024-11-04,SIRI,-0.02631578947368421,Sell
2024-11-04,TSM,0.025979827958133243,Buy
2024-11-04,MS,0.026009337255124627,Buy
2024-11-04,ALK,0.025105233712684888,Buy
2024-11-04,MAR,0.02631578947368421,Buy
2024-11-04,ILMN,0.0005043137652166914,Buy
2024-11-04,KGC,-0.02614212181331128,Sell
2024-11-04,GOLD,-0.00025265732247344366,Sell
2024-11-04,WMB,-0.05277849470325248,Sell
2024-11-04,TRP,-0.026518755758651417,Sell
2024-11-04,KO,0.02631578947368421,Buy
2024-11-04,RL,-0.02631578947368421,Sell
2024-11-04,NTAP,0.0002939573361535122,Buy
2024-11-04,WSM,0.026764149216636567,Buy
2024-11-04,TRIP,0.00019324259677700253,Buy
2024-11-04,MRVL,-0.0002678413152597814,Sell
2024-11-04,PCG,0.00026496931983652564,Buy
2024-11-04,DUK,0.02631578947368421,Buy
2024-11-04,RF,0.0003362708958563332,Buy
2024-11-04,CME,0.00020947451232822614,Buy
2024-11-04,CLX,0.026067266033276745,Buy
2024-11-04,OHI,0.00048319528064135614,Buy
2024-11-04,BSX,-0.026512576518994465,Sell
2024-11-04,COF,0.025750028903536653,Buy
2024-11-04,ENB,-0.026433780572071394,Sell
2024-11-04,ZUMZ,5.333178199753985e-05,Buy
2024-11-04,VZ,0.02631578947368421,Buy
2024-11-04,CAT,-0.00036182675577729057,Sell
2024-11-04,BMY,-0.02631578947368421,Sell
2024-11-05,MET,-0.00021810706481037792,Sell
2024-11-05,MNST,0.026512559120885203,Buy
2024-11-05,AMTD,0.00017227126032954426,Buy
2024-11-05,CF,0.026534037826799896,Buy
2024-11-05,HP,0.0009420922997771426,Buy
2024-11-05,HOG,0.02677941090621165,Buy
2024-11-05,DAL,0.000824114626385708,Buy
2024-11-05,AA,0.001505456032095065,Buy
2024-11-05,SPWR,-0.001773873334168289,Sell
2024-11-05,NSC,0.02631578947368421,Buy
2024-11-05,ICE,-0.0007483599558998945,Sell
2024-11-05,RRC,0.026678746778724487,Buy
2024-11-05,GREK,-0.026846993621161976,Sell
2024-11-05,QCOM,0.02631578947368421,Buy
2024-11-05,JNJ,-0.00019068702795937628,Sell
2024-11-05,STI,0.055264490936328015,Buy
2024-11-05,KMB,-0.0003881563746270904,Sell
2024-11-05,DPZ,0.02631578947368421,Buy
2024-11-05,VTR,-0.00022166451950834942,Sell
2024-11-05,BDX,-0.026823784051085327,Sell
2024-11-05,MU,0.001151280452845585,Buy
2024-11-05,EWI,-0.0002207951914221136,Sell
2024-11-05,SIRI,0.027190006323458256,Buy
2024-11-05,HTZ,0.02631578947368421,Buy
2024-11-05,ORCL,-0.02631578947368421,Sell
2024-11-05,CCL,-0.02631578947368421,Sell
2024-11-05,MS,-0.02631578947368421,Sell
2024-11-05,ALK,-0.02631578947368421,Sell
2024-11-05,MAR,-0.026821706956848667,Sell
2024-11-05,ILMN,0.0004259521530231916,Buy
2024-11-05,GOLD,-2.530755587592387e-05,Sell
2024-11-05,WMB,0.0006345660591319628,Buy
2024-11-05,KO,-0.0002780459014546724,Sell
2024-11-05,RL,0.0006320874228282966,Buy
2024-11-05,NTAP,-0.026706021510579086,Sell
2024-11-05,TRIP,0.00041542909194556416,Buy
2024-11-05,MRVL,0.001054368978570374,Buy
2024-11-05,PCG,-0.02687309658737777,Sell
2024-11-05,DUK,-0.026855297272553764,Sell
2024-11-05,RF,-0.026748527156080955,Sell
2024-11-05,HMC,0.02631578947368421,Buy
2024-11-05,CME,-0.026738599313870497,Sell
2024-11-05,PRGO,0.02631578947368421,Buy
2024-11-05,OHI,-0.026885284119027148,Sell
2024-11-05,SYK,0.02631578947368421,Buy
2024-11-05,CSIQ,-0.02631578947368421,Sell
2024-11-05,COF,-0.02631578947368421,Sell
2024-11-05,ZUMZ,0.001584070371233634,Buy
2024-11-05,VZ,-0.00030129066209525976,Sell
2024-11-05,CAT,0.0006541681412333411,Buy
2024-11-05,MRK,0.02631578947368421,Buy
2024-11-05,BMY,0.0004111187117228042,Buy
2024-11-06,MET,-0.02865945341877609,Sell
2024-11-06,AMTD,0.028237810471482463,Buy
2024-11-06,HP,0.02849315368558936,Buy
2024-11-06,XLP,0.02631578947368421,Buy
2024-11-06,DAL,0.002447997643015478,Buy
2024-11-06,AA,0.002210479146865025,Buy
2024-11-06,SPWR,0.0018900242483484327,Buy
2024-11-06,NSC,-0.055875649453059756,Sell
2024-11-06,ICE,-0.000236844604602892,Sell
2024-11-06,QCOM,-0.028051822137164343,Sell
2024-11-06,JNJ,-0.0005080957822677298,Sell
2024-11-06,STI,-0.025827593286450446,Sell
2024-11-06,KMB,4.857391959779342e-05,Buy
2024-11-06,HAS,0.02631578947368421,Buy
2024-11-06,DPZ,-0.0277806275615953,Sell
2024-11-06,VTR,-6.632371737111398e-05,Sell
2024-11-06,BBT,-0.02631578947368421,Sell
2024-11-06,MU,0.002204884767218942,Buy
2024-11-06,WFC,-0.02631578947368421,Sell
2024-11-06,EWI,-0.026137675139204605,Sell
2024-11-06,HTZ,-0.028085324056362958,Sell
2024-11-06,ORCL,0.0020695544698249614,Buy
2024-11-06,CCL,0.0027210764074886637,Buy
2024-11-06,MS,0.003711993043459816,Buy
2024-11-06,ALK,0.028599075181443338,Buy
2024-11-06,MAR,-0.02631578947368421,Sell
2024-11-06,KEY,-0.02631578947368421,Sell
2024-11-06,ILMN,0.026360318860851484,Buy
2024-11-06,KGC,0.02631578947368421,Buy
2024-11-06,GOLD,-0.0005808091745623453,Sell
2024-11-06,WMB,0.0017442315324404725,Buy
2024-11-06,KO,9.935499364711192e-05,Buy
2024-11-06,D,0.02631578947368421,Buy
2024-11-06,EW,0.02631578947368421,Buy
2024-11-06,RL,0.027522890821691348,Buy
2024-11-06,HUM,-0.02631578947368421,Sell
2024-11-06,WSM,0.02631578947368421,Buy
2024-11-06,TRIP,0.002088949733763581,Buy
2024-11-06,LOW,0.02631578947368421,Buy
2024-11-06,MRVL,0.0016494151078998605,Buy
2024-11-06,RF,-0.02631578947368421,Sell
2024-11-06,HMC,-0.02474611572967867,Sell
2024-11-06,CME,0.02631578947368421,Buy
2024-11-06,PRGO,-0.028983871778547037,Sell
2024-11-06,OHI,0.02631578947368421,Buy
2024-11-06,SYK,-0.0005268533407025294,Sell
2024-11-06,CSIQ,-0.004766435882986551,Sell
2024-11-06,COF,0.004625539759132127,Buy
2024-11-06,ZUMZ,0.028641140410029253,Buy
2024-11-06,VZ,-0.0005227480036758721,Sell
2024-11-06,CAT,0.0029395826997843655,Buy
2024-11-06,MRK,-0.00034445481931208444,Sell
2024-11-06,BMY,0.02658156939279068,Buy
2024-11-07,AMTD,0.02631578947368421,Buy
2024-11-07,XLP,0.00012969976102272796,Buy
2024-11-07,WEN,0.02631578947368421,Buy
2024-11-07,DAL,0.025299713615738916,Buy
2024-11-07,AA,-3.499216591781526e-05,Sell
2024-11-07,SPWR,0.0004768917340443636,Buy
2024-11-07,NSC,0.025498522390643808,Buy
2024-11-07,ICE,0.0001712080543850858,Buy
2024-11-07,GREK,0.02631578947368421,Buy
2024-11-07,JNJ,0.0004148534335599481,Buy
2024-11-07,STI,-0.02631578947368421,Sell
2024-11-07,KMB,0.00010390044146187799,Buy
2024-11-07,HAS,-4.231002423010083e-05,Sell
2024-11-07,VTR,-0.02659860282802781,Sell
2024-11-07,BBT,0.025120620423161173,Buy
2024-11-07,BDX,0.02631578947368421,Buy
2024-11-07,MU,0.0001438220493322588,Buy
2024-11-07,WFC,-0.0011788682666549338,Sell
2024-11-07,QQQ,-0.02631578947368421,Sell
2024-11-07,EWI,0.02631578947368421,Buy
2024-11-07,SIRI,-0.02631578947368421,Sell
2024-11-07,ORCL,0.0005137015741520992,Buy
2024-11-07,CCL,0.025498744131098403,Buy
2024-11-07,MS,-0.0008300029439730766,Sell
2024-11-07,ALK,-0.02631578947368421,Sell
2024-11-07,MAR,-9.069541390436045e-05,Sell
2024-11-07,KEY,0.025032715426606057,Buy
2024-11-07,ILMN,-0.02631578947368421,Sell
2024-11-07,KGC,-0.028316000195301963,Sell
2024-11-07,GOLD,0.004412675181859452,Buy
2024-11-07,WMB,-0.0001729373821263737,Sell
2024-11-07,KO,0.00024119117525048597,Buy
2024-11-07,D,0.0004259631270305958,Buy
2024-11-07,ULTA,-0.02631578947368421,Sell
2024-11-07,EW,0.00018909271969939218,Buy
2024-11-07,RL,-0.02631578947368421,Sell
2024-11-07,HUM,-0.00029263068606042233,Sell
2024-11-07,WSM,-0.026985741307242198,Sell
2024-11-07,TRIP,0.023168674439912433,Buy
2024-11-07,LOW,-0.026546553515482317,Sell
2024-11-07,MRVL,0.0007280946931279772,Buy
2024-11-07,DUK,0.02631578947368421,Buy
2024-11-07,RF,0.025198474264492204,Buy
2024-11-07,CME,0.0001221716343333644,Buy
2024-11-07,OHI,-0.02685545836062269,Sell
2024-11-07,SYK,0.0001675377330569959,Buy
2024-11-07,CSIQ,-0.00012506860176450182,Sell
2024-11-07,COF,-0.0010650401226803795,Sell
2024-11-07,VZ,0.0005988066502479773,Buy
2024-11-07,CAT,-0.0007674317714258215,Sell
2024-11-07,MRK,-0.02620495410218356,Sell
2024-11-08,PPG,0.02631578947368421,Buy
2024-11-08,AMTD,-0.025228367327280628,Sell
2024-11-08,A,0.02631578947368421,Buy
2024-11-08,XLP,-0.026572831535501527,Sell
2024-11-08,WEN,0.0005238604645877824,Buy
2024-11-08,DAL,-0.02631578947368421,Sell
2024-11-08,AA,0.02573101591305616,Buy
2024-11-08,BUD,0.02631578947368421,Buy
2024-11-08,SPWR,0.0014706248175891633,Buy
2024-11-08,ICE,9.745329513203421e-06,Buy
2024-11-08,GREK,-0.02636498639572468,Sell
2024-11-08,JNJ,0.0002729360648206121,Buy
2024-11-08,STI,0.0008647294144439634,Buy
2024-11-08,KMB,-0.02652389001607909,Sell
2024-11-08,HAS,-0.026352144980826362,Sell
2024-11-08,DPZ,-0.02631578947368421,Sell
2024-11-08,EWC,0.02631578947368421,Buy
2024-11-08,BDX,-0.00046178827144348,Sell
2024-11-08,MU,-0.00041143892779336305,Sell
2024-11-08,WFC,0.00017259953453726065,Buy
2024-11-08,QQQ,0.026284589260523804,Buy
2024-11-08,EWI,0.0003216146749286733,Buy
2024-11-08,SIRI,-5.18282818612395e-05,Sell
2024-11-08,HTZ,0.02631578947368421,Buy
2024-11-08,ORCL,0.0003438265854128486,Buy
2024-11-08,MS,0.00016092404234093263,Buy
2024-11-08,ALK,-5.673178242653412e-05,Sell
2024-11-08,MAR,0.000233108885950125,Buy
2024-11-08,ILMN,0.025566891908433042,Buy
2024-11-08,GOLD,7.01904704363647e-05,Buy
2024-11-08,WMB,0.0003501159993247044,Buy
2024-11-08,KO,-4.5347818864956146e-05,Sell
2024-11-08,D,-0.02679169260533071,Sell
2024-11-08,ULTA,0.025719832335314885,Buy
2024-11-08,EW,-0.026409426270416706,Sell
2024-11-08,RL,4.233164159549857e-05,Buy
2024-11-08,HUM,-2.9034478741057912e-05,Sell
2024-11-08,WSM,0.02631578947368421,Buy
2024-11-08,NWSA,-0.02631578947368421,Sell
2024-11-08,TRIP,0.02631578947368421,Buy
2024-11-08,LOW,-0.02631578947368421,Sell
2024-11-08,MRVL,-0.00010100723660803196,Sell
2024-11-08,DUK,-0.026762063661873555,Sell
2024-11-08,HMC,0.02631578947368421,Buy
2024-11-08,CME,-0.026681936808536276,Sell
2024-11-08,CP,0.02631578947368421,Buy
2024-11-08,SYK,-0.02668907561872299,Sell
2024-11-08,CSIQ,-0.002121401441248571,Sell
2024-11-08,COF,-6.478797255918267e-06,Sell
2024-11-08,VZ,0.00012011756987535122,Buy
2024-11-08,CAT,-0.0010163107997926378,Sell
2024-11-08,BMY,0.02631578947368421,Buy
2024-11-11,MNST,-0.02631578947368421,Sell
2024-11-11,PPG,-0.02647341244639146,Sell
2024-11-11,BAX,0.02631578947368421,Buy
2024-11-11,VWO,0.02631578947368421,Buy
2024-11-11,A,0.0004791482480149892,Buy
2024-11-11,WEN,0.0009474263017763308,Buy
2024-11-11,DAL,0.0011497715635119636,Buy
2024-11-11,BUD,3.157066269609404e-05,Buy
2024-11-11,SPWR,0.0010227268926581226,Buy
2024-11-11,ICE,-0.02649224801190105,Sell
2024-11-11,GREK,0.02631578947368421,Buy
2024-11-11,QCOM,0.02631578947368421,Buy
2024-11-11,JNJ,7.822409720560641e-06,Buy
2024-11-11,STI,-0.0005344188190683254,Sell
2024-11-11,KMB,0.02631578947368421,Buy
2024-11-11,NDAQ,-0.02631578947368421,Sell
2024-11-11,HAS,0.02631578947368421,Buy
2024-11-11,DPZ,0.02564298131519097,Buy
2024-11-11,EWC,-0.0264948384309243,Sell
2024-11-11,BBT,-0.02631578947368421,Sell
2024-11-11,BDX,-0.026719183053117962,Sell
2024-11-11,MU,0.02561473528332651,Buy
2024-11-11,WFC,0.0010143163246908692,Buy
2024-11-11,EWI,-0.026487802693432014,Sell
2024-11-11,SIRI,0.0013877256957814943,Buy
2024-11-11,HTZ,-0.028223413129540027,Sell
2024-11-11,ORCL,4.8416014862235485e-05,Buy
2024-11-11,CCL,-0.02631578947368421,Sell
2024-11-11,MS,0.0008777775573214561,Buy
2024-11-11,ALK,0.0005048288329192845,Buy
2024-11-11,MAR,0.0005452293144167751,Buy
2024-11-11,KGC,0.02631578947368421,Buy
2024-11-11,GOLD,0.00016040575321283473,Buy
2024-11-11,WMB,0.00034155752899974606,Buy
2024-11-11,KO,0.00016597667794987156,Buy
2024-11-11,ULTA,0.02631578947368421,Buy
2024-11-11,RL,0.025348597004450208,Buy
2024-11-11,HUM,0.025860862266550155,Buy
2024-11-11,WSM,-7.327909059618234e-05,Sell
2024-11-11,NWSA,0.026121774529843787,Buy
2024-11-11,TRIP,-0.02520580217381375,Sell
2024-11-11,BX,-0.02631578947368421,Sell
2024-11-11,LOW,0.0267127665379245,Buy
2024-11-11,MRVL,-0.00037078455892985626,Sell
2024-11-11,HMC,-0.02654828014142534,Sell
2024-11-11,CSIQ,0.001111662812703626,Buy
2024-11-11,COF,0.0007773402107050312,Buy
2024-11-11,VZ,-3.9076847353575195e-05,Sell
2024-11-11,CAT,0.00027774121346927846,Buy
2024-11-11,MRK,0.02631578947368421,Buy
2024-11-11,BMY,-0.055464432600866684,Sell
2024-11-12,MNST,0.00021551512631740738,Buy
2024-11-12,PPG,0.02631578947368421,Buy
2024-11-12,BAX,0.00021795492281907747,Buy
2024-11-12,VWO,0.00036539784621284627,Buy
2024-11-12,A,-0.02636122753680272,Sell
2024-11-12,WEN,0.0004931195082976403,Buy
2024-11-12,DAL,0.00028641825508908536,Buy
2024-11-12,BUD,0.00041203904987340695,Buy
2024-11-12,SPWR,-0.024553625946797566,Sell
2024-11-12,RRC,-0.02631578947368421,Sell
2024-11-12,CAG,0.02631578947368421,Buy
2024-11-12,GREK,-4.1274819730929835e-06,Sell
2024-11-12,QCOM,0.000682585066022541,Buy
2024-11-12,JNJ,0.0003257387577154658,Buy
2024-11-12,STI,-0.0009914601159241483,Sell
2024-11-12,KMB,0.00013896596678523304,Buy
2024-11-12,NDAQ,0.026223056798084357,Buy
2024-11-12,HAS,0.00021750335769412169,Buy
2024-11-12,DHI,0.02631578947368421,Buy
2024-11-12,BBT,0.026172492714019148,Buy
2024-11-12,BDX,0.02631578947368421,Buy
2024-11-12,EBAY,0.02631578947368421,Buy
2024-11-12,WFC,9.74643122669018e-05,Buy
2024-11-12,QQQ,-0.02631578947368421,Sell
2024-11-12,SIRI,0.026129321989590358,Buy
2024-11-12,ORCL,0.00014572082129514496,Buy
2024-11-12,CCL,7.21753379506751e-05,Buy
2024-11-12,MS,-0.00015632944016711475,Sell
2024-11-12,ALK,-0.0001207466546541483,Sell
2024-11-12,MAR,9.305811261791849e-05,Buy
2024-11-12,KGC,-0.02653837195649483,Sell
2024-11-12,GOLD,0.0006506216984847601,Buy
2024-11-12,WMB,8.677412697329773e-06,Buy
2024-11-12,TRP,0.02631578947368421,Buy
2024-11-12,KO,-0.02633203635273878,Sell
2024-11-12,D,0.02631578947368421,Buy
2024-11-12,ULTA,-0.02634666726388993,Sell
2024-11-12,RL,-0.02631578947368421,Sell
2024-11-12,WSM,-0.02625434090165007,Sell
2024-11-12,NWSA,-0.02631578947368421,Sell
2024-11-12,BX,-0.0002774203430068421,Sell
2024-11-12,MRVL,0.00023457358484215915,Buy
2024-11-12,CP,9.104095022322012e-05,Buy
2024-11-12,CSIQ,0.025370448394657834,Buy
2024-11-12,COF,-0.00039175230269976324,Sell
2024-11-12,VZ,-0.026372584913797535,Sell
2024-11-12,CAT,-0.0001520921194905038,Sell
2024-11-12,MRK,0.0004805486988689253,Buy
2024-11-12,BMY,-0.00027013358024277276,Sell
2024-11-13,MNST,0.0002847332187286278,Buy
2024-11-13,PPG,-0.0004774222643174064,Sell
2024-11-13,BAX,0.0008226520136927068,Buy
2024-11-13,VWO,2.3827845444211737e-05,Buy
2024-11-13,WEN,-0.00017240358218819501,Sell
2024-11-13,DAL,0.0002840703586425679,Buy
2024-11-13,BUD,-0.02633627608521332,Sell
2024-11-13,SPWR,0.02631578947368421,Buy
2024-11-13,RRC,0.02629112259927717,Buy
2024-11-13,CAG,-0.026392477811991864,Sell
2024-11-13,GREK,-5.554785000396953e-05,Sell
2024-11-13,QCOM,0.0003687404645906951,Buy
2024-11-13,JNJ,-0.00021877475053535406,Sell
2024-11-13,STI,0.05675110829329532,Buy
2024-11-13,KMB,-0.00012488547043529655,Sell
2024-11-13,NDAQ,-0.02631578947368421,Sell
2024-11-13,HAS,0.000147671217312767,Buy
2024-11-13,DPZ,-0.02631578947368421,Sell
2024-11-13,DHI,-0.02631634470666591,Sell
2024-11-13,BDX,-0.00010916845676547937,Sell
2024-11-13,EBAY,-0.026598284545908894,Sell
2024-11-13,WFC,0.00017676835563737447,Buy
2024-11-13,QQQ,8.087346238125348e-05,Buy
2024-11-13,ORCL,0.00012185360340132359,Buy
2024-11-13,CCL,7.188577026149764e-05,Buy
2024-11-13,MS,0.00020477677902779393,Buy
2024-11-13,ALK,0.00022789824761510272,Buy
2024-11-13,MAR,0.00015647034558070871,Buy
2024-11-13,GOLD,-0.02626569574825062,Sell
2024-11-13,WMB,0.025899633431186595,Buy
2024-11-13,TRP,-0.026479872786114012,Sell
2024-11-13,KO,0.02631578947368421,Buy
2024-11-13,D,9.366691163669241e-05,Buy
2024-11-13,ULTA,-0.02631578947368421,Sell
2024-11-13,RL,0.0002636897956868889,Buy
2024-11-13,HUM,-0.02631578947368421,Sell
2024-11-13,NTAP,0.02631578947368421,Buy
2024-11-13,NWSA,-0.00031766886282693155,Sell
2024-11-13,BX,0.00024655558997374594,Buy
2024-11-13,MRVL,-0.000657128571727443,Sell
2024-11-13,DUK,0.02631578947368421,Buy
2024-11-13,CP,0.0001910506539431027,Buy
2024-11-13,OHI,0.02631578947368421,Buy
2024-11-13,SYK,-0.02631578947368421,Sell
2024-11-13,COF,-6.340277003534858e-05,Sell
2024-11-13,CAT,0.026031193741761174,Buy
2024-11-13,MRK,-9.343059696496903e-05,Sell
2024-11-13,BMY,0.026157495886462188,Buy
2024-11-14,MNST,0.026039103610674404,Buy
2024-11-14,CNC,-0.02631578947368421,Sell
2024-11-14,PPG,5.999497962553765e-05,Buy
2024-11-14,AMTD,-0.02631578947368421,Sell
2024-11-14,BAX,0.0008289703214520924,Buy
2024-11-14,VWO,0.00024273117418674786,Buy
2024-11-14,A,0.02631578947368421,Buy
2024-11-14,WEN,-4.200826100461685e-06,Sell
2024-11-14,DAL,7.747425796043525e-05,Buy
2024-11-14,HYG,0.02631578947368421,Buy
2024-11-14,SPWR,-0.05808085071084588,Sell
2024-11-14,GREK,0.000455095513001616,Buy
2024-11-14,QCOM,-0.02681509262356911,Sell
2024-11-14,JNJ,0.00031579868295626007,Buy
2024-11-14,STI,-0.024163389718706872,Sell
2024-11-14,KMB,-0.026133320713648774,Sell
2024-11-14,NDAQ,0.051955799202292596,Buy
2024-11-14,HAS,-3.1560291672373675e-05,Sell
2024-11-14,DPZ,-0.0002949227545776742,Sell
2024-11-14,VTR,0.02631578947368421,Buy
2024-11-14,BDX,0.0005407706125651404,Buy
2024-11-14,WFC,-7.043649574825853e-05,Sell
2024-11-14,QQQ,0.026052215450551756,Buy
2024-11-14,HTZ,-0.02631578947368421,Sell
2024-11-14,ORCL,0.02587760100176095,Buy
2024-11-14,CCL,0.02597806874129459,Buy
2024-11-14,MS,-0.00014646413067448405,Sell
2024-11-14,ALK,0.0005331057336889558,Buy
2024-11-14,MAR,-0.0004887797471790876,Sell
2024-11-14,KO,0.0002686448530098348,Buy
2024-11-14,D,0.000262086646641433,Buy
2024-11-14,ULTA,0.026236593645799142,Buy
2024-11-14,RL,5.876308354857418e-06,Buy
2024-11-14,HUM,-0.0006505025375376089,Sell
2024-11-14,NTAP,-0.02588161648239782,Sell
2024-11-14,NWSA,0.00015517701021175445,Buy
2024-11-14,BX,-0.00013182337419031728,Sell
2024-11-14,MRVL,0.00010224581938107768,Buy
2024-11-14,DUK,0.00022973738128850146,Buy
2024-11-14,NTES,-0.02631578947368421,Sell
2024-11-14,CME,0.02631578947368421,Buy
2024-11-14,CP,0.0001261285419501025,Buy
2024-11-14,OHI,0.0002908194994202355,Buy
2024-11-14,SYK,0.02589270296348515,Buy
2024-11-14,BSX,0.02631578947368421,Buy
2024-11-14,COF,-0.0003550482801980004,Sell
2024-11-14,CAT,-0.02631578947368421,Sell
2024-11-14,MRK,-0.026197251416934006,Sell
2024-11-14,BMY,-0.02631578947368421,Sell
2024-11-15,CNC,0.025625039281916773,Buy
2024-11-15,PPG,0.0003564174976044797,Buy
2024-11-15,AMTD,0.02616911480754539,Buy
2024-11-15,BAX,-6.795541258803467e-05,Sell
2024-11-15,VWO,0.00019877346002853194,Buy
2024-11-15,A,0.0007796991372973142,Buy
2024-11-15,HOG,-0.02631578947368421,Sell
2024-11-15,XLP,0.02631578947368421,Buy
2024-11-15,WEN,0.0006564589590939453,Buy
2024-11-15,DAL,-0.0004614281629387422,Sell
2024-11-15,AA,-0.02631578947368421,Sell
2024-11-15,HYG,-0.026165810140398253,Sell
2024-11-15,SPWR,0.049213765278456244,Buy
2024-11-15,GREK,0.0003723279114917627,Buy
2024-11-15,JNJ,-0.026536147191018423,Sell
2024-11-15,NDAQ,-0.02640378593769597,Sell
2024-11-15,HAS,0.0004994177706991176,Buy
2024-11-15,TRV,-0.02631578947368421,Sell
2024-11-15,DPZ,0.025836575331077104,Buy
2024-11-15,VTR,0.0001054618973162745,Buy
2024-11-15,EWC,0.02631578947368421,Buy
2024-11-15,BDX,0.0003793700689844401,Buy
2024-11-15,EBAY,0.02631578947368421,Buy
2024-11-15,WFC,0.00040690234857864577,Buy
2024-11-15,SIRI,-0.02631578947368421,Sell
2024-11-15,HTZ,-0.000528705162498283,Sell
2024-11-15,TSM,-0.02631578947368421,Sell
2024-11-15,MS,0.00017542227946054298,Buy
2024-11-15,ALK,0.0003877918904252285,Buy
2024-11-15,MAR,-0.0004473199114505416,Sell
2024-11-15,ILMN,0.02631578947368421,Buy
2024-11-15,WMB,-0.02631578947368421,Sell
2024-11-15,KO,0.0004855518478366211,Buy
2024-11-15,D,-0.02683975956764064,Sell
2024-11-15,ULTA,0.02631578947368421,Buy
2024-11-15,RL,0.025786731090460684,Buy
2024-11-15,HUM,-0.0008370824105472796,Sell
2024-11-15,NWSA,0.025728617914510372,Buy
2024-11-15,BX,-0.00011779449098978795,Sell
2024-11-15,MRVL,0.02534105231225895,Buy
2024-11-15,DUK,-0.026774201028271917,Sell
2024-11-15,NTES,0.0002479466705845104,Buy
2024-11-15,CME,-0.026386980112758644,Sell
2024-11-15,CP,0.0007951226668895077,Buy
2024-11-15,OHI,-0.026360081407140603,Sell
2024-11-15,SYK,-0.02631578947368421,Sell
2024-11-15,BSX,0.00032593519371158786,Buy
2024-11-15,COF,0.00015934576849022802,Buy
2024-11-15,ZUMZ,-0.02631578947368421,Sell
2024-11-15,CAT,-0.0003689377371713168,Sell
2024-11-15,MRK,0.02631578947368421,Buy
2024-11-15,BMY,0.02514919096778606,Buy
2024-11-18,MNST,0.02631578947368421,Buy
2024-11-18,PPG,-0.0002036051463892019,Sell
2024-11-18,AMTD,-0.02631578947368421,Sell
2024-11-18,BAX,-0.05351716006926379,Sell
2024-11-18,VWO,-0.0002341062161238805,Sell
2024-11-18,A,1.8712603120942667e-05,Buy
2024-11-18,HOG,0.026384182795997975,Buy
2024-11-18,XLP,-0.026512550049031417,Sell
2024-11-18,WEN,8.934035638104645e-05,Buy
2024-11-18,DAL,0.025987089483006407,Buy
2024-11-18,AA,-1.1553549040900501e-05,Sell
2024-11-18,SPWR,0.0002562839017595901,Buy
2024-11-18,GREK,4.824562614234862e-05,Buy
2024-11-18,HAS,0.00020769957403752107,Buy
2024-11-18,TRV,0.0002011331944596316,Buy
2024-11-18,DPZ,-0.02631578947368421,Sell
2024-11-18,VTR,-0.02643578899861401,Sell
2024-11-18,DHI,0.02631578947368421,Buy
2024-11-18,EWC,-0.026523793161277422,Sell
2024-11-18,BDX,0.00011041428297442132,Buy
2024-11-18,EBAY,-3.7987057465230234e-06,Sell
2024-11-18,WFC,-7.616966677446296e-05,Sell
2024-11-18,SIRI,-0.0006815453687033582,Sell
2024-11-18,HTZ,0.027043243566146923,Buy
2024-11-18,TSM,0.00022043632929640705,Buy
2024-11-18,MS,-4.2620481312847375e-05,Sell
2024-11-18,ALK,0.02577681180208713,Buy
2024-11-18,MAR,0.0002645263584456492,Buy
2024-11-18,ILMN,-0.025487920813168582,Sell
2024-11-18,WMB,0.0006222715429765949,Buy
2024-11-18,KO,-6.35416975792516e-05,Sell
2024-11-18,ULTA,0.0008398326421591926,Buy
2024-11-18,PVH,0.02631578947368421,Buy
2024-11-18,EW,-0.02631578947368421,Sell
2024-11-18,HUM,-0.00040022208245942686,Sell
2024-11-18,NWSA,0.02631578947368421,Buy
2024-11-18,BX,0.0002445761795270736,Buy
2024-11-18,MRVL,-0.02631578947368421,Sell
2024-11-18,NTES,0.02718122666569915,Buy
2024-11-18,HMC,0.02631578947368421,Buy
2024-11-18,CP,1.8648175056021343e-06,Buy
2024-11-18,OHI,0.02631578947368421,Buy
2024-11-18,SYK,-3.35288541153389e-05,Sell
2024-11-18,BSX,-0.05369114354348213,Sell
2024-11-18,COF,-0.0003118591293756641,Sell
2024-11-18,ZUMZ,0.02641505361412764,Buy
2024-11-18,CAT,3.910700144343221e-05,Buy
2024-11-18,MRK,-8.071141707700902e-05,Sell
2024-11-19,MNST,-0.026635862934246832,Sell
2024-11-19,PPG,0.00040864540329431723,Buy
2024-11-19,AMTD,0.027822528664131773,Buy
2024-11-19,BAX,0.026007953707438924,Buy
2024-11-19,VWO,-0.026448454360526417,Sell
2024-11-19,A,-0.026151905661109778,Sell
2024-11-19,NVDA,-0.02631578947368421,Sell
2024-11-19,WEN,-4.814690057726445e-05,Sell
2024-11-19,DAL,-0.02631578947368421,Sell
2024-11-19,AA,0.0010647626374506655,Buy
2024-11-19,SPWR,-0.00022815830537957493,Sell
2024-11-19,GREK,-0.025960920577835975,Sell
2024-11-19,JNJ,0.02631578947368421,Buy
2024-11-19,STI,-0.02631578947368421,Sell
2024-11-19,KMB,0.02631578947368421,Buy
2024-11-19,HAS,-0.00012199787793083783,Sell
2024-11-19,TRV,-0.0002517755547709159,Sell
2024-11-19,DPZ,-0.00021068708694421678,Sell
2024-11-19,DHI,-0.00023106997605353355,Sell
2024-11-19,BDX,8.001141046333482e-05,Buy
2024-11-19,EBAY,4.1272243104885364e-05,Buy
2024-11-19,WFC,-0.00014320855081129125,Sell
2024-11-19,SIRI,0.026460385211032396,Buy
2024-11-19,ORCL,-0.02631578947368421,Sell
2024-11-19,CCL,-0.02631578947368421,Sell
2024-11-19,TSM,0.0004005122709700472,Buy
2024-11-19,MS,-0.00021194941546841262,Sell
2024-11-19,ALK,-0.02631578947368421,Sell
2024-11-19,MAR,-0.00011251275950579717,Sell
2024-11-19,XRT,0.02631578947368421,Buy
2024-11-19,WMB,0.0004297772751194577,Buy
2024-11-19,KO,-0.026719456298075116,Sell
2024-11-19,D,0.02631578947368421,Buy
2024-11-19,ULTA,0.0007435078434611386,Buy
2024-11-19,PVH,0.00047630140038958796,Buy
2024-11-19,EW,0.026524957187521653,Buy
2024-11-19,HUM,0.02703358859730256,Buy
2024-11-19,NWSA,-0.0265832003597438,Sell
2024-11-19,BX,0.026681994212305576,Buy
2024-11-19,LOW,0.02631578947368421,Buy
2024-11-19,MRVL,0.0002795750500875667,Buy
2024-11-19,HMC,-0.00029118852223251543,Sell
2024-11-19,CP,-3.1327074446772796e-05,Sell
2024-11-19,CLX,0.02631578947368421,Buy
2024-11-19,OHI,-0.026835590502615348,Sell
2024-11-19,SYK,4.320681223144232e-05,Buy
2024-11-19,BSX,0.026372791270307214,Buy
2024-11-19,COF,-0.00017657810368731236,Sell
2024-11-19,VZ,0.02631578947368421,Buy
2024-11-19,CAT,-5.427068570219157e-05,Sell
2024-11-19,MRK,-8.657023407231818e-05,Sell
2024-11-19,BMY,-0.02631578947368421,Sell
2024-11-20,PPG,0.00012989369503996206,Buy
2024-11-20,XLP,0.02631578947368421,Buy
2024-11-20,NVDA,-0.0003743811462924261,Sell
2024-11-20,WEN,0.0003202972218995133,Buy
2024-11-20,DAL,0.025692435333343828,Buy
2024-11-20,AA,0.02622081797610766,Buy
2024-11-20,BUD,0.02631578947368421,Buy
2024-11-20,SPWR,-0.026944882857206934,Sell
2024-11-20,ICE,0.02631578947368421,Buy
2024-11-20,RRC,-0.02631578947368421,Sell
2024-11-20,GREK,0.02631578947368421,Buy
2024-11-20,QCOM,0.02631578947368421,Buy
2024-11-20,JNJ,0.00015643685065406046,Buy
2024-11-20,STI,0.021035945081888153,Buy
2024-11-20,KMB,-0.02628705700891442,Sell
2024-11-20,HAS,-0.0001629787636623671,Sell
2024-11-20,TRV,-0.00038493957883494606,Sell
2024-11-20,DPZ,-0.00022456318178162848,Sell
2024-11-20,DHI,-0.026272629804064262,Sell
2024-11-20,BDX,0.00020458310694717458,Buy
2024-11-20,EBAY,0.0002950230214132897,Buy
2024-11-20,WFC,-0.0001218281001471172,Sell
2024-11-20,EWI,0.02631578947368421,Buy
2024-11-20,ANF,0.02631578947368421,Buy
2024-11-20,HTZ,-0.02631578947368421,Sell
2024-11-20,ORCL,8.077717340763263e-05,Buy
2024-11-20,CCL,-0.00022723951093881964,Sell
2024-11-20,TSM,-0.00035577959091703804,Sell
2024-11-20,MS,-0.0002839571280512411,Sell
2024-11-20,ALK,0.02617010603959781,Buy
2024-11-20,MAR,-9.004151336767727e-05,Sell
2024-11-20,XRT,0.00040555680278181114,Buy
2024-11-20,WMB,-0.000130618246210034,Sell
2024-11-20,D,-0.02623587853237171,Sell
2024-11-20,ULTA,9.195891348833668e-05,Buy
2024-11-20,PVH,0.0007554807680140996,Buy
2024-11-20,HUM,-0.02631578947368421,Sell
2024-11-20,WSM,-0.02631578947368421,Sell
2024-11-20,NWSA,-0.02631578947368421,Sell
2024-11-20,BX,-0.02631578947368421,Sell
2024-11-20,LOW,-0.0265206816803213,Sell
2024-11-20,MRVL,-2.3076285208843e-05,Sell
2024-11-20,HMC,-0.02561226897065648,Sell
2024-11-20,CP,0.0002638088827187045,Buy
2024-11-20,CLX,-0.026126565489611592,Sell
2024-11-20,OHI,0.02631578947368421,Buy
2024-11-20,SYK,0.025938799010089164,Buy
2024-11-20,COF,-0.00022000085285276902,Sell
2024-11-20,VZ,-5.562385912542128e-06,Sell
2024-11-20,CAT,-0.00023198029126814818,Sell
2024-11-20,MRK,-0.026384254372295423,Sell
2024-11-20,BMY,0.025983435633830675,Buy
2024-11-21,PPG,-0.0004033907527926893,Sell
2024-11-21,BAX,0.02631578947368421,Buy
2024-11-21,VWO,0.02631578947368421,Buy
2024-11-21,XLP,-0.026702936777328795,Sell
2024-11-21,NVDA,0.026557683275942913,Buy
2024-11-21,WEN,-0.026696532596365882,Sell
2024-11-21,DAL,-0.02631578947368421,Sell
2024-11-21,BUD,0.00014340993433837115,Buy
2024-11-21,SPWR,0.02631578947368421,Buy
2024-11-21,ICE,-0.0005381922577965652,Sell
2024-11-21,RRC,0.00040869373332414263,Buy
2024-11-21,GREK,-0.0004013891143574491,Sell
2024-11-21,QCOM,-0.0003044269118518614,Sell
2024-11-21,JNJ,-0.02682879786064558,Sell
2024-11-21,STI,-0.02631578947368421,Sell
2024-11-21,HAS,-0.00012628215938656484,Sell
2024-11-21,TRV,0.00047247029493796555,Buy
2024-11-21,DPZ,0.02683047183593578,Buy
2024-11-21,DHI,0.02631578947368421,Buy
2024-11-21,BDX,-0.000464138304514361,Sell
2024-11-21,EBAY,-0.0003569154861251672,Sell
2024-11-21,WFC,0.0005494243290651672,Buy
2024-11-21,QQQ,-0.02631578947368421,Sell
2024-11-21,EWI,5.9972251651826264e-05,Buy
2024-11-21,ANF,-0.02733554951072712,Sell
2024-11-21,HTZ,0.054356196652462774,Buy
2024-11-21,ORCL,0.000333316630853165,Buy
2024-11-21,CCL,0.00038504287352089314,Buy
2024-11-21,TSM,0.0005045592519454765,Buy
2024-11-21,MS,0.0007626248669292089,Buy
2024-11-21,MAR,0.00046824254930232304,Buy
2024-11-21,XRT,-0.02685887851161665,Sell
2024-11-21,WMB,0.0005686787238387732,Buy
2024-11-21,ULTA,0.00024411404260627975,Buy
2024-11-21,PVH,-0.027235197876761284,Sell
2024-11-21,RL,-0.02631578947368421,Sell
2024-11-21,HUM,0.026572802489914303,Buy
2024-11-21,WSM,0.02603160882763351,Buy
2024-11-21,NWSA,0.0004540858886266652,Buy
2024-11-21,BX,0.0013827185820655605,Buy
2024-11-21,MRVL,0.0010060937659678929,Buy
2024-11-21,HMC,0.02631578947368421,Buy
2024-11-21,CME,0.02631578947368421,Buy
2024-11-21,CP,-0.027012823431630337,Sell
2024-11-21,OHI,-0.02658866806151168,Sell
2024-11-21,SYK,-0.02631578947368421,Sell
2024-11-21,COF,0.00038574284263263175,Buy
2024-11-21,MT,0.02631578947368421,Buy
2024-11-21,VZ,-0.0002758487228498724,Sell
2024-11-21,CAT,0.0006608358278834547,Buy
2024-11-22,PPG,0.00013408129293903878,Buy
2024-11-22,BAX,-4.695967859271247e-05,Sell
2024-11-22,VWO,0.00012191099002184166,Buy
2024-11-22,WEN,0.02631578947368421,Buy
2024-11-22,DAL,-0.0001276779001351501,Sell
2024-11-22,BUD,0.00010852436547414968,Buy
2024-11-22,SPWR,0.0001276779001351501,Buy
2024-11-22,ICE,-2.7774974987026385e-05,Sell
2024-11-22,RRC,-1.7236630166020395e-05,Sell
2024-11-22,GREK,0.00045595321924331994,Buy
2024-11-22,QCOM,-0.052727939887527095,Sell
2024-11-22,JNJ,0.02631578947368421,Buy
2024-11-22,STI,0.049023948503678305,Buy
2024-11-22,HAS,-0.026446145995474894,Sell
2024-11-22,TRV,3.900230729928303e-05,Buy
2024-11-22,DPZ,-0.02631578947368421,Sell
2024-11-22,VTR,0.02631578947368421,Buy
2024-11-22,DHI,-0.00014251635337456797,Sell
2024-11-22,BDX,-0.026019680976750028,Sell
2024-11-22,EBAY,-0.026968511393051623,Sell
2024-11-22,WFC,0.0002677823903121518,Buy
2024-11-22,QQQ,0.026230117242726475,Buy
2024-11-22,EWI,9.854823296136933e-05,Buy
2024-11-22,HTZ,-0.027435165730109165,Sell
2024-11-22,ORCL,-0.00014673031709564258,Sell
2024-11-22,CCL,0.025723234607539575,Buy
2024-11-22,TSM,-0.0002865237912889236,Sell
2024-11-22,MS,-0.00018587571349403323,Sell
2024-11-22,MAR,-4.914057628578952e-05,Sell
2024-11-22,WMB,-0.0001671292616204252,Sell
2024-11-22,D,0.02631578947368421,Buy
2024-11-22,ULTA,-0.02615719155221482,Sell
2024-11-22,RL,0.0005083143907843209,Buy
2024-11-22,NTAP,0.02631578947368421,Buy
2024-11-22,NWSA,0.026143785053316673,Buy
2024-11-22,TRIP,-0.02631578947368421,Sell
2024-11-22,BX,0.0005526376644877408,Buy
2024-11-22,LOW,0.02631578947368421,Buy
2024-11-22,MRVL,-0.00024884364803877054,Sell
2024-11-22,RF,-0.02631578947368421,Sell
2024-11-22,HMC,-0.026617425774320996,Sell
2024-11-22,CME,-0.026474775518876992,Sell
2024-11-22,PRGO,-0.02631578947368421,Sell
2024-11-22,OHI,0.02631578947368421,Buy
2024-11-22,SYK,0.025833022120429622,Buy
2024-11-22,BSX,0.02631578947368421,Buy
2024-11-22,COF,0.0005060877180652797,Buy
2024-11-22,ENB,0.02631578947368421,Buy
2024-11-22,MT,-0.026001719987524145,Sell
2024-11-22,VZ,-0.026588640376176722,Sell
2024-11-22,CAT,0.0004033586737490179,Buy
2024-11-25,PPG,-0.02686499139138409,Sell
2024-11-25,BAX,-4.422290398914397e-05,Sell
2024-11-25,VWO,0.00010987047590837323,Buy
2024-11-25,CF,0.02631578947368421,Buy
2024-11-25,NVDA,0.02631578947368421,Buy
2024-11-25,WEN,-0.027068496347083602,Sell
2024-11-25,DAL,0.0003541736673368309,Buy
2024-11-25,BUD,-2.6961528393088657e-05,Sell
2024-11-25,SPWR,0.0013366127803503339,Buy
2024-11-25,ICE,6.549341849080084e-05,Buy
2024-11-25,RRC,0.026275045975468144,Buy
2024-11-25,GREK,-0.026262245924450426,Sell
2024-11-25,QCOM,0.02653353635308406,Buy
2024-11-25,JNJ,-0.02629735912559218,Sell
2024-11-25,STI,-0.029800359428070803,Sell
2024-11-25,TRV,-0.00024615494267680657,Sell
2024-11-25,DPZ,0.027109031448073407,Buy
2024-11-25,VTR,0.00026567213322139377,Buy
2024-11-25,DHI,-0.027701684153547814,Sell
2024-11-25,BBT,-0.02631578947368421,Sell
2024-11-25,BDX,0.02631578947368421,Buy
2024-11-25,WFC,0.00020274630058865484,Buy
2024-11-25,EOG,0.02631578947368421,Buy
2024-11-25,QQQ,-0.02631578947368421,Sell
2024-11-25,EWI,9.958168106004306e-05,Buy
2024-11-25,ORCL,0.02560862065011903,Buy
2024-11-25,TSM,0.025505343493550697,Buy
2024-11-25,MS,-0.00032172448435646706,Sell
2024-11-25,ALK,-0.02631578947368421,Sell
2024-11-25,MAR,0.00022042570585381616,Buy
2024-11-25,XRT,-0.02631578947368421,Sell
2024-11-25,KGC,0.02631578947368421,Buy
2024-11-25,WMB,0.05186903070363082,Buy
2024-11-25,TRP,0.02631578947368421,Buy
2024-11-25,D,-0.026370091581740408,Sell
2024-11-25,ULTA,-0.02631578947368421,Sell
2024-11-25,PVH,-0.02631578947368421,Sell
2024-11-25,RL,0.0008478360880128308,Buy
2024-11-25,NTAP,-0.027016569006516205,Sell
2024-11-25,TRIP,0.026836492314436182,Buy
2024-11-25,BX,-0.0009017787402748299,Sell
2024-11-25,LOW,-0.027247389264724746,Sell
2024-11-25,MRVL,-0.0001978556557981244,Sell
2024-11-25,RF,6.1029563293405614e-05,Buy
2024-11-25,CLX,0.02631578947368421,Buy
2024-11-25,PRGO,0.02650233003962608,Buy
2024-11-25,OHI,0.00013447094183764718,Buy
2024-11-25,CSIQ,-0.02631578947368421,Sell
2024-11-25,BSX,0.00033969565749532304,Buy
2024-11-25,XLE,0.02631578947368421,Buy
2024-11-25,COF,0.000554946382462243,Buy
2024-11-25,ENB,0.000309115987461573,Buy
2024-11-25,VZ,-0.02631578947368421,Sell
2024-11-25,CAT,0.0004163307562976559,Buy
2024-11-26,PPG,0.02631578947368421,Buy
2024-11-26,AMTD,-0.02631578947368421,Sell
2024-11-26,BAX,0.0004785157873741057,Buy
2024-11-26,VWO,0.00018497558377298176,Buy
2024-11-26,CF,-0.02649504411979484,Sell
2024-11-26,HP,-0.02631578947368421,Sell
2024-11-26,HOG,-0.02631578947368421,Sell
2024-11-26,NVDA,-0.026443410376853296,Sell
2024-11-26,DAL,-0.00018876569741697186,Sell
2024-11-26,HYG,0.02631578947368421,Buy
2024-11-26,BUD,0.0005759815261153524,Buy
2024-11-26,SPWR,0.0006141905620695616,Buy
2024-11-26,ICE,-9.532910380915388e-05,Sell
2024-11-26,RRC,-0.02631578947368421,Sell
2024-11-26,GREK,0.02631578947368421,Buy
2024-11-26,NDAQ,-0.02631578947368421,Sell
2024-11-26,TRV,0.0002102418032122605,Buy
2024-11-26,VTR,-0.02670603138605421,Sell
2024-11-26,DHI,0.02631578947368421,Buy
2024-11-26,EWC,0.02631578947368421,Buy
2024-11-26,BBT,-0.00033137313323150855,Sell
2024-11-26,BDX,0.00018949808688183134,Buy
2024-11-26,MU,-0.02631578947368421,Sell
2024-11-26,WFC,0.00010752480247164589,Buy
2024-11-26,EOG,-0.02638105574332975,Sell
2024-11-26,QQQ,9.485098592366958e-05,Buy
2024-11-26,EWI,0.0002649291054726173,Buy
2024-11-26,ANF,0.02631578947368421,Buy
2024-11-26,HTZ,-0.02631578947368421,Sell
2024-11-26,TSM,-0.02631578947368421,Sell
2024-11-26,MS,0.025801824219946683,Buy
2024-11-26,ALK,0.026018890472565462,Buy
2024-11-26,MAR,0.026286011208628536,Buy
2024-11-26,XRT,0.025866215085008082,Buy
2024-11-26,KGC,-0.0004090305171260515,Sell
2024-11-26,WMB,-0.026350853165890156,Sell
2024-11-26,TRP,0.0002175440687583914,Buy
2024-11-26,KO,0.02631578947368421,Buy
2024-11-26,ULTA,0.026111677202157717,Buy
2024-11-26,PVH,0.026233003147947763,Buy
2024-11-26,RL,0.02665647535290507,Buy
2024-11-26,BX,-0.0002447973483418811,Sell
2024-11-26,MRVL,0.00021011470911422303,Buy
2024-11-26,PCG,-0.02631578947368421,Sell
2024-11-26,RF,0.02611658233949248,Buy
2024-11-26,CP,0.02631578947368421,Buy
2024-11-26,CLX,-0.00011648827897637465,Sell
2024-11-26,OHI,-0.026715172752923403,Sell
2024-11-26,CSIQ,0.02498324670742346,Buy
2024-11-26,BSX,-0.026552154617563575,Sell
2024-11-26,XLE,-0.02623377372993916,Sell
2024-11-26,M,0.02631578947368421,Buy
2024-11-26,COF,-0.00010643616567778888,Sell
2024-11-26,ENB,-0.026116684540876855,Sell
2024-11-26,MT,-0.02631578947368421,Sell
2024-11-26,VZ,0.026502542936370933,Buy
2024-11-26,CAT,9.497514473355562e-05,Buy
2024-11-27,PPG,0.0001293120058956758,Buy
2024-11-27,AMTD,-0.0005725433283722721,Sell
2024-11-27,BAX,-0.026515516867027477,Sell
2024-11-27,VWO,5.20929068019739e-05,Buy
2024-11-27,HP,0.026515150683233242,Buy
2024-11-27,HOG,6.843055744976123e-05,Buy
2024-11-27,DAL,-0.0003626521277752433,Sell
2024-11-27,HYG,-0.026244115994002393,Sell
2024-11-27,BUD,7.774699532303586e-05,Buy
2024-11-27,SPWR,-0.05551680539532916,Sell
2024-11-27,ICE,-0.026279390816740213,Sell
2024-11-27,RRC,0.02566763536521607,Buy
2024-11-27,GREK,0.00015052331212743464,Buy
2024-11-27,JNJ,0.02631578947368421,Buy
2024-11-27,KMB,0.02631578947368421,Buy
2024-11-27,NDAQ,-2.3894527162959117e-05,Sell
2024-11-27,HAS,0.02631578947368421,Buy
2024-11-27,TRV,0.00013615686866693885,Buy
2024-11-27,DHI,-0.02627692720825098,Sell
2024-11-27,EWC,-0.026306536129520285,Sell
2024-11-27,BBT,0.026097701080202117,Buy
2024-11-27,BDX,0.00041538088704547865,Buy
2024-11-27,MU,0.02523997064174963,Buy
2024-11-27,WFC,-0.0001978775964683599,Sell
2024-11-27,QQQ,-0.000356534757545119,Sell
2024-11-27,EWI,-3.987943899926363e-05,Sell
2024-11-27,ANF,-0.02651147187649281,Sell
2024-11-27,HTZ,0.0004283537082005809,Buy
2024-11-27,ORCL,0.02631578947368421,Buy
2024-11-27,DLTR,-0.02631578947368421,Sell
2024-11-27,TSM,-0.0005276857243427767,Sell
2024-11-27,KGC,-0.025770818091696516,Sell
2024-11-27,TRP,0.000327676309326997,Buy
2024-11-27,KO,0.00019916730187063622,Buy
2024-11-27,NTAP,0.02631578947368421,Buy
2024-11-27,TRIP,-0.02631578947368421,Sell
2024-11-27,BX,-0.0005109308486207706,Sell
2024-11-27,LOW,0.02631578947368421,Buy
2024-11-27,MRVL,0.025311255197302065,Buy
2024-11-27,PCG,-4.55061091401629e-06,Sell
2024-11-27,HMC,0.02631578947368421,Buy
2024-11-27,CP,-0.00018713949195306098,Sell
2024-11-27,CLX,0.0001817957894506457,Buy
2024-11-27,PRGO,-0.02631578947368421,Sell
2024-11-27,CSIQ,-0.02631578947368421,Sell
2024-11-27,XLE,0.02631578947368421,Buy
2024-11-27,M,-0.0262805293086155,Sell
2024-11-27,COF,-0.00017238999865045943,Sell
2024-11-27,ENB,0.02631578947368421,Buy
2024-11-27,ZUMZ,-0.02631578947368421,Sell
2024-11-27,MT,0.026842894564069783,Buy
2024-11-27,CAT,0.025900299829026575,Buy
2024-11-27,BMY,-0.02631578947368421,Sell
2024-11-29,PPG,-0.00015945524763898156,Sell
2024-11-29,AMTD,0.026494804168782044,Buy
2024-11-29,VWO,-0.0264010618425129,Sell
2024-11-29,HOG,0.026193728469122362,Buy
2024-11-29,WEN,0.02631578947368421,Buy
2024-11-29,DAL,4.622427383244032e-05,Buy
2024-11-29,BUD,0.00017245160252314998,Buy
2024-11-29,SPWR,0.052465093025173715,Buy
2024-11-29,ICE,0.02631578947368421,Buy
2024-11-29,GREK,2.9627944605377377e-05,Buy
2024-11-29,JNJ,0.00010234030744172423,Buy
2024-11-29,STI,-0.02631578947368421,Sell
2024-11-29,KMB,-0.026307727479743432,Sell
2024-11-29,NDAQ,0.026260410103305144,Buy
2024-11-29,HAS,-0.02679766608259724,Sell
2024-11-29,TRV,-9.749102057303796e-05,Sell
2024-11-29,DPZ,-0.02631578947368421,Sell
2024-11-29,VTR,0.02631578947368421,Buy
2024-11-29,BDX,4.586092680365639e-05,Buy
2024-11-29,WFC,-0.0003903684519424161,Sell
2024-11-29,QQQ,0.05282610436103226,Buy
2024-11-29,EWI,-0.0265349644246212,Sell
2024-11-29,HTZ,0.001670065629881385,Buy
2024-11-29,ORCL,-0.026587215810293736,Sell
2024-11-29,DLTR,-0.0001209263730461603,Sell
2024-11-29,TSM,0.02678267935868697,Buy
2024-11-29,MS,-0.02631578947368421,Sell
2024-11-29,MAR,-0.02631578947368421,Sell
2024-11-29,KGC,0.02631578947368421,Buy
2024-11-29,GOLD,-0.02631578947368421,Sell
2024-11-29,TRP,-0.026561678942722537,Sell
2024-11-29,KO,-0.02633488267940019,Sell
2024-11-29,D,0.02631578947368421,Buy
2024-11-29,ULTA,0.02631578947368421,Buy
2024-11-29,RL,-0.02631578947368421,Sell
2024-11-29,NTAP,-8.685604612614778e-06,Sell
2024-11-29,TRIP,0.0003922801822640841,Buy
2024-11-29,BX,0.0002513966111889615,Buy
2024-11-29,LOW,0.00010949673181558095,Buy
2024-11-29,MRVL,-0.02631578947368421,Sell
2024-11-29,PCG,0.02627939946560712,Buy
2024-11-29,HMC,-0.0002404521599637284,Sell
2024-11-29,CP,-0.026711865921451323,Sell
2024-11-29,CLX,3.3247909124792946e-05,Buy
2024-11-29,PRGO,-5.8469815913415185e-05,Sell
2024-11-29,OHI,0.02631578947368421,Buy
2024-11-29,CSIQ,-0.0007572207034354586,Sell
2024-11-29,XLE,-0.026392672462809286,Sell
2024-11-29,COF,6.252410642573411e-05,Buy
2024-11-29,ENB,-0.02657343377867957,Sell
2024-11-29,ZUMZ,0.02528275172988957,Buy
2024-11-29,CAT,-0.02631578947368421,Sell
2024-11-29,MRK,0.02631578947368421,Buy
2024-11-29,BMY,-5.855969712493039e-05,Sell
2024-12-02,PPG,-0.02667875931580008,Sell
2024-12-02,AMTD,-0.02631578947368421,Sell
2024-12-02,VWO,-0.02631578947368421,Sell
2024-12-02,HOG,-0.02631578947368421,Sell
2024-12-02,WEN,4.861880229463378e-05,Buy
2024-12-02,DAL,-0.00014510739770537406,Sell
2024-12-02,BUD,-0.026506357914549604,Sell
2024-12-02,SPWR,-0.02620885432963682,Sell
2024-12-02,ICE,0.00041282314635408476,Buy
2024-12-02,RRC,0.02631578947368421,Buy
2024-12-02,GREK,-0.026895278232897352,Sell
2024-12-02,JNJ,1.1571713365233355e-05,Buy
2024-12-02,STI,0.02711460187970295,Buy
2024-12-02,NDAQ,0.02631578947368421,Buy
2024-12-02,TRV,0.0260894164445801,Buy
2024-12-02,DPZ,-0.0005295843329255791,Sell
2024-12-02,VTR,0.000720002674892941,Buy
2024-12-02,BBT,-0.02631578947368421,Sell
2024-12-02,BDX,-0.00013331226768056176,Sell
2024-12-02,WFC,-0.0002836598617388039,Sell
2024-12-02,EOG,0.02631578947368421,Buy
2024-12-02,QQQ,-0.026626680107073707,Sell
2024-12-02,HTZ,-0.0010466200927950232,Sell
2024-12-02,ORCL,0.02631578947368421,Buy
2024-12-02,DLTR,0.000593261095780357,Buy
2024-12-02,CCL,-0.02631578947368421,Sell
2024-12-02,TSM,-0.02631578947368421,Sell
2024-12-02,MS,-9.197067738582129e-05,Sell
2024-12-02,ALK,-0.02631578947368421,Sell
2024-12-02,MAR,0.026080230992551075,Buy
2024-12-02,KGC,0.00046417143246787335,Buy
2024-12-02,GOLD,0.02607041622722831,Buy
2024-12-02,WMB,0.02631578947368421,Buy
2024-12-02,TRP,0.02631578947368421,Buy
2024-12-02,KO,0.02631578947368421,Buy
2024-12-02,D,0.0006080488241873225,Buy
2024-12-02,ULTA,-0.02684538572322042,Sell
2024-12-02,PVH,-0.02631578947368421,Sell
2024-12-02,RL,0.00025290616066874286,Buy
2024-12-02,NTAP,-0.02647950198412172,Sell
2024-12-02,WSM,-0.02631578947368421,Sell
2024-12-02,TRIP,0.026542088274269134,Buy
2024-12-02,BX,0.025783027808254543,Buy
2024-12-02,LOW,-0.026303154200377182,Sell
2024-12-02,MRVL,0.0012091067267965862,Buy
2024-12-02,DUK,0.02631578947368421,Buy
2024-12-02,HMC,-0.026502615869913915,Sell
2024-12-02,CLX,7.515334410351793e-05,Buy
2024-12-02,PRGO,0.026284524400719145,Buy
2024-12-02,OHI,0.0004947746212096427,Buy
2024-12-02,CSIQ,0.026997866218512554,Buy
2024-12-02,XLE,0.02631578947368421,Buy
2024-12-02,COF,-0.0005918275823464172,Sell
2024-12-02,CAT,0.026106408672427448,Buy
2024-12-02,MRK,0.00024281359795024285,Buy
2024-12-02,BMY,0.00034434853318949035,Buy
2024-12-03,MET,0.02631578947368421,Buy
2024-12-03,AMTD,0.027167815963548933,Buy
2024-12-03,BAX,0.02631578947368421,Buy
2024-12-03,VWO,0.026386079381922268,Buy
2024-12-03,CF,-0.02631578947368421,Sell
2024-12-03,HOG,-0.00020088311293277664,Sell
2024-12-03,WEN,0.0003442671247239522,Buy
2024-12-03,DAL,-0.0003868199437985845,Sell
2024-12-03,AA,-0.02631578947368421,Sell
2024-12-03,BUD,0.02631578947368421,Buy
2024-12-03,SPWR,0.02631578947368421,Buy
2024-12-03,ICE,0.00037570960750148846,Buy
2024-12-03,RRC,-0.026457724498026646,Sell
2024-12-03,GREK,0.02631578947368421,Buy
2024-12-03,JNJ,0.00045291146531804133,Buy
2024-12-03,KMB,0.02631578947368421,Buy
2024-12-03,NDAQ,0.0002511289130509853,Buy
2024-12-03,DPZ,-0.0002619341429338125,Sell
2024-12-03,VTR,-0.00017652534453017898,Sell
2024-12-03,BBT,0.025926478895870905,Buy
2024-12-03,BDX,0.00022269134378697514,Buy
2024-12-03,WFC,-0.00043664747610162175,Sell
2024-12-03,EOG,-0.026389191015986038,Sell
2024-12-03,EWI,0.02631578947368421,Buy
2024-12-03,HTZ,0.02510796175009162,Buy
2024-12-03,ORCL,-0.02649144162438615,Sell
2024-12-03,DLTR,0.026157971488546077,Buy
2024-12-03,CCL,0.026398391869208965,Buy
2024-12-03,TSM,0.0005681928184936881,Buy
2024-12-03,MS,-0.00015704376429431788,Sell
2024-12-03,ALK,0.02597554191599117,Buy
2024-12-03,KGC,-0.02735241526578234,Sell
2024-12-03,WMB,-3.109741885838277e-05,Sell
2024-12-03,TRP,-0.02632033758248938,Sell
2024-12-03,KO,-0.026223397395225202,Sell
2024-12-03,D,0.00034576232707725016,Buy
2024-12-03,PVH,6.055051303094708e-05,Buy
2024-12-03,RL,-0.000217722434829197,Sell
2024-12-03,WSM,0.0006442044905108496,Buy
2024-12-03,NWSA,-0.02631578947368421,Sell
2024-12-03,MRVL,-0.0002964484462581879,Sell
2024-12-03,PCG,-0.02631578947368421,Sell
2024-12-03,DUK,0.00039005554803307405,Buy
2024-12-03,CME,-0.02631578947368421,Sell
2024-12-03,CP,0.02631578947368421,Buy
2024-12-03,CLX,-0.026370159612518207,Sell
2024-12-03,PRGO,-0.02631578947368421,Sell
2024-12-03,OHI,0.00021693877812170928,Buy
2024-12-03,CSIQ,-0.02631578947368421,Sell
2024-12-03,XLE,-0.026274285254523046,Sell
2024-12-03,COF,-0.00010318351046737645,Sell
2024-12-03,ZUMZ,0.02631578947368421,Buy
2024-12-03,CAT,-0.02631578947368421,Sell
2024-12-03,MRK,-0.026600926051807614,Sell
2024-12-03,BMY,0.02572908028591958,Buy
2024-12-04,MET,-0.026411933795584548,Sell
2024-12-04,BAX,-0.00011327443925332817,Sell
2024-12-04,CF,0.025773488022269447,Buy
2024-12-04,HOG,0.026085881617144178,Buy
2024-12-04,WEN,-0.00037958844825623436,Sell
2024-12-04,DAL,0.0009175450722303594,Buy
2024-12-04,AA,0.026499782489478534,Buy
2024-12-04,HYG,-0.02631578947368421,Sell
2024-12-04,BUD,0.000143243317029116,Buy
2024-12-04,SPWR,0.0008593604794674484,Buy
2024-12-04,ICE,-0.00017417561124158376,Sell
2024-12-04,GREK,-0.00046136003396334696,Sell
2024-12-04,JNJ,0.00012761569630781108,Buy
2024-12-04,STI,0.02631578947368421,Buy
2024-12-04,KMB,-0.026513233232742586,Sell
2024-12-04,NDAQ,-0.026464728333884156,Sell
2024-12-04,HAS,-0.02631578947368421,Sell
2024-12-04,DPZ,0.0004675130359438895,Buy
2024-12-04,VTR,6.90421105801961e-05,Buy
2024-12-04,DHI,0.02631578947368421,Buy
2024-12-04,BDX,-0.026537482519556056,Sell
2024-12-04,WFC,-0.00018494896546577405,Sell
2024-12-04,EOG,0.02631578947368421,Buy
2024-12-04,EWI,-0.0003026201046944822,Sell
2024-12-04,ANF,-0.02631578947368421,Sell
2024-12-04,ORCL,-0.02631578947368421,Sell
2024-12-04,CCL,-0.02631578947368421,Sell
2024-12-04,TSM,0.02675709454998846,Buy
2024-12-04,MS,0.026425635747462473,Buy
2024-12-04,ALK,-0.02631578947368421,Sell
2024-12-04,MAR,-0.02631578947368421,Sell
2024-12-04,WMB,-0.026376566564316365,Sell
2024-12-04,KO,0.02631578947368421,Buy
2024-12-04,D,-5.6268143077169847e-05,Sell
2024-12-04,PVH,0.0005031157866256311,Buy
2024-12-04,EW,-0.02631578947368421,Sell
2024-12-04,RL,0.0003214280198353993,Buy
2024-12-04,WSM,0.0009298556333988441,Buy
2024-12-04,NWSA,0.026330620652412155,Buy
2024-12-04,MRVL,0.006350220592312536,Buy
2024-12-04,PCG,0.02609742076114617,Buy
2024-12-04,DUK,-0.0001173219475221858,Sell
2024-12-04,HMC,0.02631578947368421,Buy
2024-12-04,CME,0.00045137252708696285,Buy
2024-12-04,CP,-0.02678372565750282,Sell
2024-12-04,PRGO,0.000658517575243777,Buy
2024-12-04,OHI,-0.0001342551690758781,Sell
2024-12-04,CSIQ,-0.000873693974651233,Sell
2024-12-04,XLE,0.02631578947368421,Buy
2024-12-04,COF,0.026295972948223934,Buy
2024-12-04,ZUMZ,-0.026658286499367478,Sell
2024-12-04,VZ,0.02631578947368421,Buy
2024-12-04,CAT,0.00021793064275647117,Buy
2024-12-05,MNST,0.02631578947368421,Buy
2024-12-05,CNC,-0.02631578947368421,Sell
2024-12-05,PPG,0.02631578947368421,Buy
2024-12-05,AMTD,-0.02631578947368421,Sell
2024-12-05,BAX,0.0009588504996416551,Buy
2024-12-05,CF,0.02631578947368421,Buy
2024-12-05,WEN,0.00047754752940686734,Buy
2024-12-05,DAL,0.0005481914972125489,Buy
2024-12-05,AA,-0.02631578947368421,Sell
2024-12-05,HYG,0.02622419736323319,Buy
2024-12-05,BUD,8.832107693546032e-05,Buy
2024-12-05,SPWR,0.001845730613625092,Buy
2024-12-05,ICE,-0.026292608121682107,Sell
2024-12-05,GREK,-0.0004673487226725184,Sell
2024-12-05,JNJ,-0.02608150068688304,Sell
2024-12-05,STI,-0.024828444770840386,Sell
2024-12-05,HAS,0.026184774431987086,Buy
2024-12-05,DPZ,-0.0001500933092110808,Sell
2024-12-05,VTR,6.85755281957974e-05,Buy
2024-12-05,DHI,0.0003402431288262106,Buy
2024-12-05,EWC,-0.02631578947368421,Sell
2024-12-05,BDX,0.02631578947368421,Buy
2024-12-05,WFC,0.00014697568716425316,Buy
2024-12-05,EOG,-0.026346507140525513,Sell
2024-12-05,EWI,-0.02683936207226542,Sell
2024-12-05,ANF,0.02436707247968352,Buy
2024-12-05,HTZ,0.02631578947368421,Buy
2024-12-05,ORCL,0.025975245453369617,Buy
2024-12-05,CCL,0.025923778432052264,Buy
2024-12-05,MS,-0.02631578947368421,Sell
2024-12-05,ALK,0.0006405484682777858,Buy
2024-12-05,MAR,0.00018970422954978777,Buy
2024-12-05,WMB,-0.02631578947368421,Sell
2024-12-05,KO,-0.026546772625364055,Sell
2024-12-05,D,-0.0001875636838528337,Sell
2024-12-05,PVH,0.02531695523500806,Buy
2024-12-05,EW,0.02562110232171346,Buy
2024-12-05,RL,-3.250737741160997e-05,Sell
2024-12-05,WSM,-0.0006384679287176238,Sell
2024-12-05,BX,-0.02631578947368421,Sell
2024-12-05,LOW,0.02631578947368421,Buy
2024-12-05,MRVL,-0.0011304617439553653,Sell
2024-12-05,DUK,-0.026416357560982467,Sell
2024-12-05,HMC,0.0001500253110977498,Buy
2024-12-05,CME,0.0002576233087912168,Buy
2024-12-05,PRGO,0.02581142788992886,Buy
2024-12-05,OHI,7.523076478959528e-05,Buy
2024-12-05,SYK,0.02631578947368421,Buy
2024-12-05,CSIQ,-0.001395070300382724,Sell
2024-12-05,XLE,-3.387268655689543e-05,Sell
2024-12-05,VZ,5.006225998536312e-05,Buy
2024-12-05,CAT,-0.0003661913195295331,Sell
2024-12-05,BMY,-0.02631578947368421,Sell
2024-12-06,MNST,-0.025885940842138345,Sell
2024-12-06,CNC,0.02575697681013007,Buy
2024-12-06,PPG,-0.026311650707567105,Sell
2024-12-06,AMTD,-1.8804450134742717e-05,Sell
2024-12-06,BAX,0.0001012414559404505,Buy
2024-12-06,CF,0.0002924566335567036,Buy
2024-12-06,HP,-0.02631578947368421,Sell
2024-12-06,WEN,0.0003309784677022476,Buy
2024-12-06,DAL,0.02580119508454535,Buy
2024-12-06,AA,0.05051676288633024,Buy
2024-12-06,HYG,-0.02631578947368421,Sell
2024-12-06,BUD,0.00012769476624304582,Buy
2024-12-06,SPWR,-0.052025132921698275,Sell
2024-12-06,RRC,0.02631578947368421,Buy
2024-12-06,GREK,-0.026200732449182515,Sell
2024-12-06,JNJ,0.02631578947368421,Buy
2024-12-06,KMB,0.02631578947368421,Buy
2024-12-06,NDAQ,-0.02631578947368421,Sell
2024-12-06,DPZ,-0.0003476510112499255,Sell
2024-12-06,VTR,-0.026093821827418564,Sell
2024-12-06,DHI,-0.02610430484286488,Sell
2024-12-06,EWC,0.05236973452140406,Buy
2024-12-06,BDX,0.0002814894790296209,Buy
2024-12-06,WFC,0.00022039185523705165,Buy
2024-12-06,QQQ,-0.02631578947368421,Sell
2024-12-06,HTZ,-0.0006100372723843311,Sell
2024-12-06,ORCL,-0.02631578947368421,Sell
2024-12-06,MS,0.026224341414092415,Buy
2024-12-06,ALK,0.02557226454685315,Buy
2024-12-06,MAR,-8.916344272268117e-06,Sell
2024-12-06,XRT,-0.02631578947368421,Sell
2024-12-06,WMB,0.026154366884092884,Buy
2024-12-06,TRP,0.02631578947368421,Buy
2024-12-06,D,0.0004161949251184349,Buy
2024-12-06,ULTA,-0.02631578947368421,Sell
2024-12-06,RL,-0.0002950905972232479,Sell
2024-12-06,WSM,0.02714370187818841,Buy
2024-12-06,TRIP,-0.02631578947368421,Sell
2024-12-06,BX,-4.68993822150196e-05,Sell
2024-12-06,LOW,-0.02662414987918852,Sell
2024-12-06,MRVL,1.3668560193323687e-05,Buy
2024-12-06,HMC,-0.0003290946224890831,Sell
2024-12-06,CME,0.02558724081750121,Buy
2024-12-06,CLX,0.02631578947368421,Buy
2024-12-06,OHI,0.000138850693986909,Buy
2024-12-06,SYK,-0.026473694342176127,Sell
2024-12-06,CSIQ,0.027559057164086975,Buy
2024-12-06,XLE,0.00046470851532365645,Buy
2024-12-06,COF,-0.02631578947368421,Sell
2024-12-06,ENB,0.02631578947368421,Buy
2024-12-06,VZ,0.00013004747698829727,Buy
2024-12-06,CAT,-1.5475961945388833e-05,Sell
2024-12-06,BMY,0.00022253569231150613,Buy
2024-12-09,MET,0.02631578947368421,Buy
2024-12-09,AMTD,0.0008449639865429383,Buy
2024-12-09,BAX,-0.02631154444385999,Sell
2024-12-09,CF,-0.02620488575470473,Sell
2024-12-09,HP,0.0006025064135943767,Buy
2024-12-09,HOG,-0.02631578947368421,Sell
2024-12-09,WEN,-0.02640549112942813,Sell
2024-12-09,DAL,0.02631578947368421,Buy
2024-12-09,AA,0.0003546896476239528,Buy
2024-12-09,HYG,0.026237357250326162,Buy
2024-12-09,BUD,-2.8922584076166574e-05,Sell
2024-12-09,SPWR,0.027471160850082704,Buy
2024-12-09,RRC,-0.052881805356444725,Sell
2024-12-09,JNJ,-0.026321263081909328,Sell
2024-12-09,KMB,0.00039262242504450873,Buy
2024-12-09,NDAQ,0.05211980515129436,Buy
2024-12-09,TRV,0.02631578947368421,Buy
2024-12-09,DPZ,-0.00015130210805933825,Sell
2024-12-09,VTR,0.02631578947368421,Buy
2024-12-09,EWC,-0.02615995684285435,Sell
2024-12-09,BDX,-0.02675369872869388,Sell
2024-12-09,EBAY,-0.02631578947368421,Sell
2024-12-09,WFC,0.025665873365374462,Buy
2024-12-09,QQQ,-0.00025013008363547126,Sell
2024-12-09,SIRI,-0.02631578947368421,Sell
2024-12-09,HTZ,-0.025991356876862094,Sell
2024-12-09,ORCL,-0.00021549301413114133,Sell
2024-12-09,CCL,0.02631578947368421,Buy
2024-12-09,MAR,0.025765644174591696,Buy
2024-12-09,XRT,0.026245103652972435,Buy
2024-12-09,KEY,0.02631578947368421,Buy
2024-12-09,WMB,0.02631578947368421,Buy
2024-12-09,TRP,0.0005246800679169772,Buy
2024-12-09,D,0.00026114970824688347,Buy
2024-12-09,ULTA,0.02564687137207908,Buy
2024-12-09,PVH,-0.02631578947368421,Sell
2024-12-09,RL,-0.0003427082952141107,Sell
2024-12-09,HUM,-0.02631578947368421,Sell
2024-12-09,TRIP,-0.0006321884480411967,Sell
2024-12-09,BX,0.02603843841944999,Buy
2024-12-09,MRVL,-0.0015452561097501413,Sell
2024-12-09,PCG,0.02631578947368421,Buy
2024-12-09,NTES,-0.02631578947368421,Sell
2024-12-09,RF,0.02631578947368421,Buy
2024-12-09,HMC,-3.515295385222994e-05,Sell
2024-12-09,CLX,-0.026337894375108535,Sell
2024-12-09,OHI,5.2244805481556356e-05,Buy
2024-12-09,BSX,0.02631578947368421,Buy
2024-12-09,XLE,-0.026226943388609356,Sell
2024-12-09,COF,-0.0004983956518104585,Sell
2024-12-09,ENB,0.0005266274255478556,Buy
2024-12-09,ZUMZ,-0.02631578947368421,Sell
2024-12-09,VZ,-0.026264037670485237,Sell
2024-12-09,CAT,0.0002357485133668881,Buy
2024-12-09,BMY,-0.00034197077665114664,Sell
2024-12-10,MET,0.00037255200285768106,Buy
2024-12-10,AMTD,-0.00041521733185517773,Sell
2024-12-10,HP,-0.0003315062084427098,Sell
2024-12-10,HOG,0.025976134793395295,Buy
2024-12-10,DAL,-0.02632854553106891,Sell
2024-12-10,AA,-0.025554892463742793,Sell
2024-12-10,BUD,0.00025038343357463785,Buy
2024-12-10,RRC,-0.00031593526283618667,Sell
2024-12-10,GREK,0.02631578947368421,Buy
2024-12-10,KMB,-0.026138198092324632,Sell
2024-12-10,NDAQ,-0.026353822308682065,Sell
2024-12-10,TRV,0.0005363563220046087,Buy
2024-12-10,DPZ,-0.000405405102743471,Sell
2024-12-10,VTR,-0.026153114684023326,Sell
2024-12-10,DHI,-0.02631578947368421,Sell
2024-12-10,EWC,0.02631578947368421,Buy
2024-12-10,BDX,0.02631578947368421,Buy
2024-12-10,EBAY,0.025348908291284132,Buy
2024-12-10,QQQ,-0.0002901539592476375,Sell
2024-12-10,SIRI,-0.0033996143726872895,Sell
2024-12-10,ORCL,0.05068761205667026,Buy
2024-12-10,DLTR,-0.02631578947368421,Sell
2024-12-10,CCL,-0.026567182990508673,Sell
2024-12-10,TSM,0.02631578947368421,Buy
2024-12-10,ALK,-0.02631578947368421,Sell
2024-12-10,MAR,-0.02631578947368421,Sell
2024-12-10,XRT,-0.02631578947368421,Sell
2024-12-10,KEY,0.0003842784353301383,Buy
2024-12-10,WMB,0.00025848002440342216,Buy
2024-12-10,TRP,0.0003114215621972706,Buy
2024-12-10,D,0.0004736342713684491,Buy
2024-12-10,PVH,8.880839685555114e-05,Buy
2024-12-10,RL,-0.00027900621308758755,Sell
2024-12-10,HUM,0.026076309074149904,Buy
2024-12-10,NTAP,0.02631578947368421,Buy
2024-12-10,NWSA,0.02631578947368421,Buy
2024-12-10,TRIP,-0.00025708447706141585,Sell
2024-12-10,BX,-0.02631578947368421,Sell
2024-12-10,MRVL,-0.0002865564786153456,Sell
2024-12-10,PCG,0.0006275777778461111,Buy
2024-12-10,NTES,0.02495581509359687,Buy
2024-12-10,RF,0.0006071395901015401,Buy
2024-12-10,HMC,0.00028114669998445876,Buy
2024-12-10,OHI,0.0001811999299427651,Buy
2024-12-10,CSIQ,-0.02631578947368421,Sell
2024-12-10,BSX,-0.02655026121842333,Sell
2024-12-10,COF,-0.0003128511548242778,Sell
2024-12-10,ENB,0.0002258253143908838,Buy
2024-12-10,ZUMZ,-0.0005381269613141046,Sell
2024-12-10,CAT,0.025403646177386493,Buy
2024-12-10,BMY,0.025852191818543716,Buy
2024-12-11,MET,0.000285630523829114,Buy
2024-12-11,PPG,0.02631578947368421,Buy
2024-12-11,AMTD,0.026268152014226255,Buy
2024-12-11,HP,0.026924731730607238,Buy
2024-12-11,WEN,0.02631578947368421,Buy
2024-12-11,DAL,-0.02631578947368421,Sell
2024-12-11,BUD,0.00011881074733658889,Buy
2024-12-11,SPWR,-0.02631578947368421,Sell
2024-12-11,NSC,0.02631578947368421,Buy
2024-12-11,RRC,0.0017302368711418215,Buy
2024-12-11,GREK,-0.000171263589868402,Sell
2024-12-11,JNJ,0.02631578947368421,Buy
2024-12-11,STI,0.02631578947368421,Buy
2024-12-11,KMB,0.02631578947368421,Buy
2024-12-11,NDAQ,-0.02631578947368421,Sell
2024-12-11,TRV,9.718796644686556e-05,Buy
2024-12-11,DPZ,0.00035730954515350577,Buy
2024-12-11,DHI,0.025926946548824506,Buy
2024-12-11,EWC,-0.026630293334121636,Sell
2024-12-11,BBT,-0.02631578947368421,Sell
2024-12-11,BDX,-0.00012342342000812648,Sell
2024-12-11,QQQ,0.0006454499114571244,Buy
2024-12-11,SIRI,0.02680212718640423,Buy
2024-12-11,ORCL,-0.02661222829703351,Sell
2024-12-11,DLTR,0.026061366190390543,Buy
2024-12-11,CCL,-0.02631578947368421,Sell
2024-12-11,TSM,-0.026854125256964158,Sell
2024-12-11,MS,-0.02631578947368421,Sell
2024-12-11,ALK,0.0013813080705669077,Buy
2024-12-11,MAR,0.0005450891848603028,Buy
2024-12-11,XRT,0.0002880103152998227,Buy
2024-12-11,KEY,-2.739349464862817e-05,Sell
2024-12-11,WMB,-0.026894919001192796,Sell
2024-12-11,TRP,-0.026560053168664007,Sell
2024-12-11,D,0.00018503962922248457,Buy
2024-12-11,ULTA,-0.02631578947368421,Sell
2024-12-11,PVH,0.0002900411096273363,Buy
2024-12-11,RL,0.0001666063619501848,Buy
2024-12-11,NTAP,-0.026801697921055134,Sell
2024-12-11,NWSA,-0.02649616767110495,Sell
2024-12-11,TRIP,-5.609287940908092e-05,Sell
2024-12-11,BX,0.0005680723230422034,Buy
2024-12-11,MRVL,0.0013332344171085413,Buy
2024-12-11,PCG,-7.799981667398065e-05,Sell
2024-12-11,DUK,0.02631578947368421,Buy
2024-12-11,RF,-0.02656024887782676,Sell
2024-12-11,HMC,-0.02649722249613974,Sell
2024-12-11,CLX,0.02631578947368421,Buy
2024-12-11,OHI,0.00011202024830559917,Buy
2024-12-11,CSIQ,0.026759252275671205,Buy
2024-12-11,COF,0.00047655974067108836,Buy
2024-12-11,ENB,-0.00019004167249495052,Sell
2024-12-11,ZUMZ,0.02691984851841875,Buy
2024-12-11,BMY,0.02631578947368421,Buy
2024-12-12,MET,-0.05343335650922451,Sell
2024-12-12,PPG,-0.026481187673693205,Sell
2024-12-12,AMTD,-0.02631578947368421,Sell
2024-12-12,HP,-0.02631578947368421,Sell
2024-12-12,WEN,-0.02601036932330831,Sell
2024-12-12,DAL,0.025413006412003832,Buy
2024-12-12,BUD,-0.026735544691719723,Sell
2024-12-12,SPWR,-0.0005912479096605722,Sell
2024-12-12,NSC,-0.026288070188664383,Sell
2024-12-12,RRC,-7.446443700254851e-05,Sell
2024-12-12,GREK,0.0001975531758706961,Buy
2024-12-12,JNJ,0.00021134336518817756,Buy
2024-12-12,STI,0.0008896073688103301,Buy
2024-12-12,KMB,8.382298133619709e-05,Buy
2024-12-12,NDAQ,0.026034204354901343,Buy
2024-12-12,TRV,0.00027448154833259464,Buy
2024-12-12,DPZ,0.00029160209519055527,Buy
2024-12-12,VTR,0.02631578947368421,Buy
2024-12-12,EWC,0.02631578947368421,Buy
2024-12-12,BBT,0.025876548803756748,Buy
2024-12-12,BDX,-0.026901769894541367,Sell
2024-12-12,QQQ,-0.0003088753551298423,Sell
2024-12-12,SIRI,-0.02631578947368421,Sell
2024-12-12,CCL,0.02575286336216654,Buy
2024-12-12,MS,-7.42906932978682e-05,Sell
2024-12-12,ALK,-0.00041358347772153803,Sell
2024-12-12,MAR,0.02601972017342618,Buy
2024-12-12,XRT,0.025899531016342243,Buy
2024-12-12,KEY,0.0004973428141952368,Buy
2024-12-12,ILMN,0.02631578947368421,Buy
2024-12-12,D,0.000352163542959541,Buy
2024-12-12,ULTA,-0.0005160631723381826,Sell
2024-12-12,PVH,0.02555817981894376,Buy
2024-12-12,RL,-0.000295333018178804,Sell
2024-12-12,WSM,-0.02631578947368421,Sell
2024-12-12,TRIP,-0.0004987718028670284,Sell
2024-12-12,BX,0.02588880407705682,Buy
2024-12-12,LOW,0.02631578947368421,Buy
2024-12-12,MRVL,-0.0006923199667400147,Sell
2024-12-12,PCG,-0.0263212004389815,Sell
2024-12-12,DUK,0.00024264677563098913,Buy
2024-12-12,NTES,-0.02631578947368421,Sell
2024-12-12,RF,0.02631578947368421,Buy
2024-12-12,HMC,0.02631578947368421,Buy
2024-12-12,CLX,0.00014153041453816503,Buy
2024-12-12,PRGO,-0.02631578947368421,Sell
2024-12-12,OHI,0.0001736302867237395,Buy
2024-12-12,CSIQ,-0.02631578947368421,Sell
2024-12-12,XLE,0.02631578947368421,Buy
2024-12-12,COF,-0.0003228385924120003,Sell
2024-12-12,ENB,0.00031923006437366286,Buy
2024-12-12,CAT,0.02631578947368421,Buy
2024-12-12,BMY,-0.026004882121292563,Sell
2024-12-13,MET,0.026318134270037655,Buy
2024-12-13,CNC,-0.02631578947368421,Sell
2024-12-13,AMTD,0.027538513446248934,Buy
2024-12-13,HP,-0.00011194264823583336,Sell
2024-12-13,WEN,0.02631578947368421,Buy
2024-12-13,HYG,0.02631578947368421,Buy
2024-12-13,BUD,0.02631578947368421,Buy
2024-12-13,SPWR,7.52843164761978e-05,Buy
2024-12-13,RRC,-0.00039402120700638213,Sell
2024-12-13,GREK,-0.00026933856558905914,Sell
2024-12-13,JNJ,-0.00014385557531603269,Sell
2024-12-13,STI,-0.05290139156492185,Sell
2024-12-13,KMB,-0.00016601381096039217,Sell
2024-12-13,HAS,0.02631578947368421,Buy
2024-12-13,TRV,-0.02665295062289913,Sell
2024-12-13,DPZ,-0.0005062106889713314,Sell
2024-12-13,VTR,-0.0263339313313262,Sell
2024-12-13,EWC,1.2372672155726988e-05,Buy
2024-12-13,QQQ,0.00027729011216051647,Buy
2024-12-13,SIRI,-0.0006693225331469987,Sell
2024-12-13,ORCL,0.02631578947368421,Buy
2024-12-13,MS,-2.994529075417418e-05,Sell
2024-12-13,ALK,-0.00027842702221378066,Sell
2024-12-13,KEY,-0.026493367349256846,Sell
2024-12-13,ILMN,-0.02592968549643107,Sell
2024-12-13,TRP,0.02631578947368421,Buy
2024-12-13,D,-0.00017823748846364576,Sell
2024-12-13,ULTA,0.02640352391277475,Buy
2024-12-13,PVH,-0.02631578947368421,Sell
2024-12-13,RL,0.00023755891769259435,Buy
2024-12-13,WSM,0.0006613517408067537,Buy
2024-12-13,NWSA,0.02631578947368421,Buy
2024-12-13,TRIP,0.00026834338243687805,Buy
2024-12-13,LOW,-0.02627990306818328,Sell
2024-12-13,MRVL,0.00292235152605113,Buy
2024-12-13,PCG,0.02631578947368421,Buy
2024-12-13,DUK,6.913163234201214e-06,Buy
2024-12-13,NTES,0.02616356269178531,Buy
2024-12-13,RF,-0.026454287819014485,Sell
2024-12-13,HMC,2.7968577477530815e-05,Buy
2024-12-13,CLX,-0.026431143103178626,Sell
2024-12-13,PRGO,0.026257157707822224,Buy
2024-12-13,OHI,-0.0003541615186200206,Sell
2024-12-13,SYK,-0.02631578947368421,Sell
2024-12-13,CSIQ,0.0007361258919986874,Buy
2024-12-13,XLE,5.715507933481273e-05,Buy
2024-12-13,COF,4.385447069898962e-05,Buy
2024-12-13,ENB,1.2579355680625987e-05,Buy
2024-12-13,ZUMZ,-0.02631578947368421,Sell
2024-12-13,CAT,-0.02637235822434099,Sell
2024-12-13,BMY,0.02631578947368421,Buy
2024-12-16,CNC,0.026281472902633725,Buy
2024-12-16,CF,0.02631578947368421,Buy
2024-12-16,HP,-0.0004025651702450374,Sell
2024-12-16,XLP,0.02631578947368421,Buy
2024-12-16,WEN,-0.02605315905610924,Sell
2024-12-16,HYG,-0.026442361745425257,Sell
2024-12-16,BUD,0.00036784253734621977,Buy
2024-12-16,SPWR,0.025620803071865417,Buy
2024-12-16,NSC,0.02631578947368421,Buy
2024-12-16,RRC,0.02579522548142824,Buy
2024-12-16,GREK,-1.2508671042809477e-05,Sell
2024-12-16,JNJ,0.0004218844860123701,Buy
2024-12-16,STI,0.0012997944099663872,Buy
2024-12-16,KMB,-0.026396535882108805,Sell
2024-12-16,NDAQ,-0.02631578947368421,Sell
2024-12-16,HAS,0.00032497510540122065,Buy
2024-12-16,DPZ,-0.00024068137959556632,Sell
2024-12-16,EWC,5.520521399378711e-05,Buy
2024-12-16,BBT,0.02631578947368421,Buy
2024-12-16,MU,-0.02631578947368421,Sell
2024-12-16,WFC,-0.02631578947368421,Sell
2024-12-16,EOG,0.02631578947368421,Buy
2024-12-16,QQQ,0.0004567960435012709,Buy
2024-12-16,SIRI,-0.0015324418348777354,Sell
2024-12-16,ORCL,-0.026063730251022595,Sell
2024-12-16,MS,0.00041440444880783134,Buy
2024-12-16,ALK,0.0004268269159427192,Buy
2024-12-16,MAR,-0.02631578947368421,Sell
2024-12-16,ILMN,0.02631578947368421,Buy
2024-12-16,WMB,0.02631578947368421,Buy
2024-12-16,TRP,0.00016749306214042248,Buy
2024-12-16,D,-0.026143436581115304,Sell
2024-12-16,PVH,0.0004950392969608926,Buy
2024-12-16,RL,0.000565241377418757,Buy
2024-12-16,HUM,0.02631578947368421,Buy
2024-12-16,WSM,-0.00013913007985771886,Sell
2024-12-16,NWSA,-0.026429414828821954,Sell
2024-12-16,TRIP,5.755853783382878e-05,Buy
2024-12-16,MRVL,0.0009530507000960857,Buy
2024-12-16,PCG,0.00012372126804746988,Buy
2024-12-16,DUK,0.0002579736944516818,Buy
2024-12-16,HMC,0.00037938872784050795,Buy
2024-12-16,OHI,-0.0262578912951877,Sell
2024-12-16,SYK,-5.714232883201678e-05,Sell
2024-12-16,CSIQ,0.024250333532867915,Buy
2024-12-16,XLE,0.0005030674112836003,Buy
2024-12-16,COF,0.00015968199041620917,Buy
2024-12-16,ENB,0.0001625741167937747,Buy
2024-12-16,ZUMZ,0.0005308480759327987,Buy
2024-12-16,BMY,-0.026435099853661846,Sell
2024-12-17,AMTD,-0.02631578947368421,Sell
2024-12-17,A,0.02631578947368421,Buy
2024-12-17,CF,-0.026262702443453113,Sell
2024-12-17,HP,0.02599195002578137,Buy
2024-12-17,XLP,-0.026217647951914128,Sell
2024-12-17,HYG,0.02631578947368421,Buy
2024-12-17,BUD,0.0004330532866892202,Buy
2024-12-17,NSC,-0.026224846417725538,Sell
2024-12-17,GREK,0.0002452500724817834,Buy
2024-12-17,JNJ,-0.026730083746947353,Sell
2024-12-17,STI,-0.001399892702897445,Sell
2024-12-17,NDAQ,0.02598525754576082,Buy
2024-12-17,HAS,0.0003423966529661551,Buy
2024-12-17,DPZ,0.026205215972580742,Buy
2024-12-17,VTR,-0.02631578947368421,Sell
2024-12-17,EWC,0.00021225456502111176,Buy
2024-12-17,BBT,0.0007037216429811935,Buy
2024-12-17,MU,2.9392083469772373e-05,Buy
2024-12-17,WFC,0.025835813720505318,Buy
2024-12-17,EOG,0.0003628772182551962,Buy
2024-12-17,QQQ,-0.00016874194534327244,Sell
2024-12-17,SIRI,-0.0004010909938115363,Sell
2024-12-17,MS,-0.00031565582905047906,Sell
2024-12-17,ALK,-0.00013593498605328144,Sell
2024-12-17,MAR,0.026175880341478858,Buy
2024-12-17,KEY,0.02631578947368421,Buy
2024-12-17,ILMN,-0.026029903077181983,Sell
2024-12-17,WMB,0.0001893424490316542,Buy
2024-12-17,TRP,-0.026279816249742346,Sell
2024-12-17,PVH,0.02616502455270358,Buy
2024-12-17,EW,-0.02631578947368421,Sell
2024-12-17,RL,0.025839840655919925,Buy
2024-12-17,HUM,0.0027321928713959186,Buy
2024-12-17,WSM,0.0005126932336149623,Buy
2024-12-17,NWSA,0.02631578947368421,Buy
2024-12-17,TRIP,-0.0005684170857466302,Sell
2024-12-17,BX,0.02631578947368421,Buy
2024-12-17,LOW,-0.02631578947368421,Sell
2024-12-17,MRVL,-0.0026903001962822436,Sell
2024-12-17,PCG,-0.026410093609081278,Sell
2024-12-17,DUK,-0.026372700148347892,Sell
2024-12-17,NTES,-0.02631578947368421,Sell
2024-12-17,RF,0.02631578947368421,Buy
2024-12-17,HMC,-0.00019883317505760278,Sell
2024-12-17,CP,0.02631578947368421,Buy
2024-12-17,CLX,0.02631578947368421,Buy
2024-12-17,SYK,-0.00018626459205955959,Sell
2024-12-17,CSIQ,-0.02631578947368421,Sell
2024-12-17,XLE,0.0002487217570110445,Buy
2024-12-17,COF,-0.0006106652451003738,Sell
2024-12-17,ENB,0.0001352951890091006,Buy
2024-12-17,ZUMZ,0.00036502523880706586,Buy
2024-12-17,BMY,-0.02631578947368421,Sell
2024-12-18,CNC,-0.02631578947368421,Sell
2024-12-18,AMTD,0.025368936353204485,Buy
2024-12-18,A,-0.025580982661931213,Sell
2024-12-18,HP,-0.02631578947368421,Sell
2024-12-18,HOG,-0.02631578947368421,Sell
2024-12-18,HYG,-0.02597500991447025,Sell
2024-12-18,BUD,0.0009128144521994182,Buy
2024-12-18,ICE,0.02631578947368421,Buy
2024-12-18,GREK,0.000658084932182109,Buy
2024-12-18,STI,-7.128728603432097e-05,Sell
2024-12-18,NDAQ,0.02631578947368421,Buy
2024-12-18,HAS,-0.025354413333008575,Sell
2024-12-18,TRV,0.02631578947368421,Buy
2024-12-18,DPZ,-0.02631578947368421,Sell
2024-12-18,VTR,0.02558207160734159,Buy
2024-12-18,EWC,-0.025508373608131466,Sell
2024-12-18,BBT,-0.025334551010380322,Sell
2024-12-18,MU,0.025108690094973758,Buy
2024-12-18,WFC,0.02631578947368421,Buy
2024-12-18,EOG,0.0008214360968926589,Buy
2024-12-18,QQQ,-0.0010181098991082077,Sell
2024-12-18,EWI,-0.02631578947368421,Sell
2024-12-18,SIRI,-0.0010463521983752992,Sell
2024-12-18,HTZ,-0.02631578947368421,Sell
2024-12-18,DLTR,-0.02631578947368421,Sell
2024-12-18,CCL,0.02631578947368421,Buy
2024-12-18,MS,0.0511837605207307,Buy
2024-12-18,ALK,-0.0003868866133465987,Sell
2024-12-18,MAR,0.02631578947368421,Buy
2024-12-18,KEY,0.0013097900055237706,Buy
2024-12-18,ILMN,0.02631578947368421,Buy
2024-12-18,WMB,0.0008924982483022384,Buy
2024-12-18,EW,0.0257806539314708,Buy
2024-12-18,HUM,-0.02691327042474843,Sell
2024-12-18,WSM,-0.0016787158399884476,Sell
2024-12-18,NWSA,0.0006008223021051647,Buy
2024-12-18,TRIP,-0.0011218455084684442,Sell
2024-12-18,BX,0.0017066436856742855,Buy
2024-12-18,LOW,0.025436040426075425,Buy
2024-12-18,MRVL,-0.0017009015789524115,Sell
2024-12-18,DUK,0.02631578947368421,Buy
2024-12-18,NTES,-0.0006963546655641938,Sell
2024-12-18,RF,0.0014789508033504623,Buy
2024-12-18,HMC,0.0013388349672367773,Buy
2024-12-18,CP,-0.026062449777096364,Sell
2024-12-18,CLX,-0.02598739354024462,Sell
2024-12-18,SYK,0.025420664880055777,Buy
2024-12-18,CSIQ,-0.0008583983157779973,Sell
2024-12-18,XLE,-0.02546877307533349,Sell
2024-12-18,COF,0.02526819496789848,Buy
2024-12-18,ENB,0.0006418181374170627,Buy
2024-12-18,ZUMZ,-0.0012151457993235457,Sell
2024-12-18,MT,-0.02631578947368421,Sell
2024-12-18,BMY,-0.00044002891487125023,Sell
2024-12-19,CNC,4.0016822083495385e-05,Buy
2024-12-19,PPG,0.02631578947368421,Buy
2024-12-19,AMTD,-0.02631578947368421,Sell
2024-12-19,HP,-0.00032302237218866797,Sell
2024-12-19,HOG,0.025991635261112773,Buy
2024-12-19,DAL,-0.02631578947368421,Sell
2024-12-19,HYG,0.02631578947368421,Buy
2024-12-19,BUD,6.23315296959838e-05,Buy
2024-12-19,SPWR,-0.02631578947368421,Sell
2024-12-19,ICE,0.0002870304798781448,Buy
2024-12-19,RRC,-0.02631578947368421,Sell
2024-12-19,CAG,0.02631578947368421,Buy
2024-12-19,GREK,-0.026476477803666795,Sell
2024-12-19,STI,0.025355451492972456,Buy
2024-12-19,NDAQ,8.759653672165552e-05,Buy
2024-12-19,TRV,-0.026445603889755646,Sell
2024-12-19,DPZ,0.02607153507908638,Buy
2024-12-19,DHI,0.02631578947368421,Buy
2024-12-19,EWC,0.02631578947368421,Buy
2024-12-19,BBT,0.02631578947368421,Buy
2024-12-19,MU,-0.02631578947368421,Sell
2024-12-19,WFC,-0.026293070720334103,Sell
2024-12-19,EOG,0.0003665817443144273,Buy
2024-12-19,QQQ,-0.00017402883794380777,Sell
2024-12-19,EWI,0.0261776293992067,Buy
2024-12-19,SIRI,0.02512338610507812,Buy
2024-12-19,ANF,-0.02631578947368421,Sell
2024-12-19,HTZ,0.025746910927997517,Buy
2024-12-19,ORCL,-0.02631578947368421,Sell
2024-12-19,DLTR,0.02617909419387771,Buy
2024-12-19,CCL,-0.0266395666251408,Sell
2024-12-19,MS,0.00017423735861615136,Buy
2024-12-19,ALK,0.0010068853674026386,Buy
2024-12-19,MAR,-0.02638826465143501,Sell
2024-12-19,KEY,0.0002893283694807604,Buy
2024-12-19,ILMN,-0.02625282287234919,Sell
2024-12-19,WMB,-0.02654143143699153,Sell
2024-12-19,ULTA,-0.02631578947368421,Sell
2024-12-19,EW,-0.02631578947368421,Sell
2024-12-19,HUM,-0.02631578947368421,Sell
2024-12-19,WSM,-0.0009715658176216377,Sell
2024-12-19,NWSA,0.00012349500587366044,Buy
2024-12-19,TRIP,0.0018489486888431765,Buy
2024-12-19,BX,-0.025832013413078544,Sell
2024-12-19,LOW,0.02631578947368421,Buy
2024-12-19,MRVL,0.0008981781038086764,Buy
2024-12-19,DUK,-0.02658643874955371,Sell
2024-12-19,NTES,6.06994149208763e-05,Buy
2024-12-19,RF,0.00019239390562614603,Buy
2024-12-19,HMC,0.0004284699141582117,Buy
2024-12-19,CP,0.02631578947368421,Buy
2024-12-19,OHI,0.02631578947368421,Buy
2024-12-19,CSIQ,0.024959684367066207,Buy
2024-12-19,COF,-0.02631578947368421,Sell
2024-12-19,ENB,-0.02639485060626915,Sell
2024-12-19,ZUMZ,0.025546097539429567,Buy
2024-12-19,MT,0.026213446908946107,Buy
2024-12-19,CAT,0.02631578947368421,Buy
2024-12-19,BMY,0.026009231812152176,Buy
2024-12-20,CNC,0.02627491398791546,Buy
2024-12-20,PPG,-0.00016847150790852763,Sell
2024-12-20,AMTD,0.027056982988777102,Buy
2024-12-20,A,0.02631578947368421,Buy
2024-12-20,HP,0.026462602221420387,Buy
2024-12-20,XLP,0.02631578947368421,Buy
2024-12-20,WEN,0.02631578947368421,Buy
2024-12-20,DAL,0.026572100468651452,Buy
2024-12-20,HYG,-0.026497473487296887,Sell
2024-12-20,BUD,-7.426999512776325e-05,Sell
2024-12-20,SPWR,1.6453593574151243e-05,Buy
2024-12-20,ICE,-0.0003751488245230805,Sell
2024-12-20,RRC,0.026364028829252196,Buy
2024-12-20,CAG,-0.02662689907394307,Sell
2024-12-20,GREK,-0.02631578947368421,Sell
2024-12-20,JNJ,0.02631578947368421,Buy
2024-12-20,KMB,0.02631578947368421,Buy
2024-12-20,NDAQ,-0.00012534981271349055,Sell
2024-12-20,HAS,0.02631578947368421,Buy
2024-12-20,DHI,-0.026786974725887813,Sell
2024-12-20,EWC,-0.00020909612573228112,Sell
2024-12-20,BBT,-0.027071061495354362,Sell
2024-12-20,BDX,0.02631578947368421,Buy
2024-12-20,MU,0.027248380983446455,Buy
2024-12-20,WFC,-0.02631578947368421,Sell
2024-12-20,EOG,-0.026514889970858588,Sell
2024-12-20,QQQ,0.026562195943826552,Buy
2024-12-20,SIRI,-0.02631578947368421,Sell
2024-12-20,ANF,0.026557333926184333,Buy
2024-12-20,HTZ,-0.02631578947368421,Sell
2024-12-20,ORCL,0.026467970668065686,Buy
2024-12-20,DLTR,-0.02631578947368421,Sell
2024-12-20,CCL,-0.02631578947368421,Sell
2024-12-20,MS,-0.05329049476392225,Sell
2024-12-20,ALK,0.00044201514754820675,Buy
2024-12-20,MAR,-0.02631578947368421,Sell
2024-12-20,KEY,-0.0004550630375351125,Sell
2024-12-20,GOLD,0.02631578947368421,Buy
2024-12-20,ULTA,0.026610096801207548,Buy
2024-12-20,EW,0.026645678769677796,Buy
2024-12-20,RL,-0.02631578947368421,Sell
2024-12-20,HUM,0.0012806908411815664,Buy
2024-12-20,WSM,0.0006161473307965473,Buy
2024-12-20,NWSA,-0.02657067334059935,Sell
2024-12-20,TRIP,-0.00017312410884435386,Sell
2024-12-20,LOW,-0.02667684942537757,Sell
2024-12-20,MRVL,0.0006897844988714083,Buy
2024-12-20,NTES,0.026412551568891555,Buy
2024-12-20,RF,-0.02701413525533567,Sell
2024-12-20,HMC,-0.0002275549794447801,Sell
2024-12-20,CP,-0.00044606835230617467,Sell
2024-12-20,OHI,-3.0385794142592792e-05,Sell
2024-12-20,SYK,-0.02631578947368421,Sell
2024-12-20,CSIQ,-0.02631578947368421,Sell
2024-12-20,COF,0.0004646645104069459,Buy
2024-12-20,ZUMZ,-0.02631578947368421,Sell
2024-12-20,VZ,0.02631578947368421,Buy
2024-12-20,CAT,-0.02674655379568481,Sell
2024-12-20,MRK,0.02631578947368421,Buy
2024-12-23,PPG,-5.540667933138371e-05,Sell
2024-12-23,BAX,0.02631578947368421,Buy
2024-12-23,A,-0.02640201882908115,Sell
2024-12-23,XLP,7.043882764799433e-05,Buy
2024-12-23,WEN,0.00020081746548573573,Buy
2024-12-23,HYG,0.02631578947368421,Buy
2024-12-23,BUD,-0.00024198250639902164,Sell
2024-12-23,SPWR,0.055355722313288974,Buy
2024-12-23,NSC,-0.02631578947368421,Sell
2024-12-23,ICE,-4.2245584075437104e-05,Sell
2024-12-23,RRC,-0.02631578947368421,Sell
2024-12-23,GREK,0.05244116294606556,Buy
2024-12-23,QCOM,-0.02631578947368421,Sell
2024-12-23,JNJ,-0.00021467509792921433,Sell
2024-12-23,KMB,-9.268046320483683e-05,Sell
2024-12-23,NDAQ,-0.026465860399946445,Sell
2024-12-23,HAS,0.00029800398277922413,Buy
2024-12-23,TRV,-0.02631578947368421,Sell
2024-12-23,EWC,-0.00021394313588809707,Sell
2024-12-23,BDX,7.512606707195738e-05,Buy
2024-12-23,EBAY,0.02631578947368421,Buy
2024-12-23,WFC,0.00014359454532710328,Buy
2024-12-23,QQQ,-0.02631578947368421,Sell
2024-12-23,SIRI,0.026590127697251647,Buy
2024-12-23,HTZ,0.02638436228984716,Buy
2024-12-23,DLTR,0.0003543374126383711,Buy
2024-12-23,CCL,0.02533095959493959,Buy
2024-12-23,MS,0.0002844539424604296,Buy
2024-12-23,ALK,0.0006480555190346467,Buy
2024-12-23,MAR,0.026353703514833317,Buy
2024-12-23,KEY,-0.026585061035771913,Sell
2024-12-23,GOLD,-0.02593422188447169,Sell
2024-12-23,RL,8.346661467912436e-05,Buy
2024-12-23,HUM,0.0009911156668095875,Buy
2024-12-23,NTAP,0.02631578947368421,Buy
2024-12-23,WSM,0.00047652126040953827,Buy
2024-12-23,TRIP,0.02690095329171574,Buy
2024-12-23,BX,-0.02631578947368421,Sell
2024-12-23,MRVL,0.0005071342915178266,Buy
2024-12-23,NTES,-0.02631578947368421,Sell
2024-12-23,RF,0.02631578947368421,Buy
2024-12-23,HMC,-0.029741771373353747,Sell
2024-12-23,CP,-0.026709329864211057,Sell
2024-12-23,CLX,-0.02631578947368421,Sell
2024-12-23,OHI,-0.000138311304040295,Sell
2024-12-23,SYK,0.00020534195054724286,Buy
2024-12-23,CSIQ,0.026912048485400405,Buy
2024-12-23,COF,0.0002635252530957567,Buy
2024-12-23,ZUMZ,0.02635657401549436,Buy
2024-12-23,VZ,-7.517759324141352e-05,Sell
2024-12-23,CAT,-0.02631578947368421,Sell
2024-12-23,MRK,-0.026739563601754748,Sell
