Date,Ticker,Trade_Weight,Direction
2023-05-31,DLTR,0.1111111111111111,Buy
2023-05-31,PPG,0.1111111111111111,Buy
2023-05-31,GOLD,0.1111111111111111,Buy
2023-05-31,RL,0.1111111111111111,Buy
2023-05-31,NSC,0.1111111111111111,Buy
2023-05-31,HMC,0.1111111111111111,Buy
2023-05-31,ENB,0.1111111111111111,Buy
2023-05-31,TRV,0.1111111111111111,Buy
2023-05-31,CAT,0.1111111111111111,Buy
2023-06-01,PPG,-0.11305153389602943,Sell
2023-06-01,NSC,-0.11208966826710827,Sell
2023-06-01,JNJ,0.1111111111111111,Buy
2023-06-01,KMB,0.1111111111111111,Buy
2023-06-01,TRV,-0.11129943884316872,Sell
2023-06-01,DLTR,0.005487245077007236,Buy
2023-06-01,XRT,0.1111111111111111,Buy
2023-06-01,GOLD,-0.11194141782278746,Sell
2023-06-01,D,0.1111111111111111,Buy
2023-06-01,RL,0.0013776565185169842,Buy
2023-06-01,WSM,0.1111111111111111,Buy
2023-06-01,HMC,-0.11162531895719228,Sell
2023-06-01,PRGO,0.1111111111111111,Buy
2023-06-01,XLE,0.1111111111111111,Buy
2023-06-01,ENB,-0.1131473691193,Sell
2023-06-01,CAT,-0.11173534472943603,Sell
2023-06-02,JNJ,-0.1094344539484838,Sell
2023-06-02,KMB,-0.10947797520480501,Sell
2023-06-02,BDX,0.1111111111111111,Buy
2023-06-02,SIRI,0.1111111111111111,Buy
2023-06-02,DLTR,-0.1111082798799983,Sell
2023-06-02,XRT,-0.11244772049050727,Sell
2023-06-02,KGC,0.1111111111111111,Buy
2023-06-02,D,-0.10958655459872263,Sell
2023-06-02,PVH,0.1111111111111111,Buy
2023-06-02,RL,-0.11433131307342075,Sell
2023-06-02,HUM,0.1111111111111111,Buy
2023-06-02,WSM,-0.0009978477429118393,Sell
2023-06-02,PCG,0.1111111111111111,Buy
2023-06-02,NTES,0.1111111111111111,Buy
2023-06-02,PRGO,-0.11086571524217864,Sell
2023-06-02,SYK,0.1111111111111111,Buy
2023-06-02,XLE,-0.11101950823691453,Sell
2023-06-05,BAX,0.1111111111111111,Buy
2023-06-05,QCOM,0.1111111111111111,Buy
2023-06-05,DPZ,0.1111111111111111,Buy
2023-06-05,BDX,-0.11195013246024367,Sell
2023-06-05,EWI,0.1111111111111111,Buy
2023-06-05,SIRI,-0.1116004605691882,Sell
2023-06-05,DLTR,0.1111111111111111,Buy
2023-06-05,XRT,0.1111111111111111,Buy
2023-06-05,KGC,-0.11098046906142155,Sell
2023-06-05,PVH,-0.11000847439740302,Sell
2023-06-05,HUM,-0.111653887259112,Sell
2023-06-05,WSM,0.0010198816391431137,Buy
2023-06-05,PCG,-0.11218022786793803,Sell
2023-06-05,NTES,-0.11113424294091943,Sell
2023-06-05,SYK,0.0002662182550171033,Buy
2023-06-05,BSX,0.1111111111111111,Buy
2023-06-06,MNST,0.1111111111111111,Buy
2023-06-06,BAX,0.002978184373718981,Buy
2023-06-06,CAG,0.1111111111111111,Buy
2023-06-06,QCOM,-0.11349513655531537,Sell
2023-06-06,DPZ,0.001189815227721741,Buy
2023-06-06,BDX,0.1111111111111111,Buy
2023-06-06,EWI,-0.11100100783375831,Sell
2023-06-06,DLTR,-0.11084096039384,Sell
2023-06-06,XRT,-0.11338824896835727,Sell
2023-06-06,KO,0.1111111111111111,Buy
2023-06-06,WSM,-0.11581637418026434,Sell
2023-06-06,CLX,0.1111111111111111,Buy
2023-06-06,SYK,-0.10939674124334973,Sell
2023-06-06,BSX,0.002718215905893717,Buy
2023-06-06,MRK,0.1111111111111111,Buy
2023-06-07,MNST,0.0024367002207084515,Buy
2023-06-07,BAX,-0.003503919740480546,Sell
2023-06-07,CAG,-0.11069143888387084,Sell
2023-06-07,DPZ,-0.00022712951108536106,Sell
2023-06-07,BDX,-0.11219288982188996,Sell
2023-06-07,KGC,0.1111111111111111,Buy
2023-06-07,KO,-0.1112393508591897,Sell
2023-06-07,EW,0.1111111111111111,Buy
2023-06-07,CME,0.1111111111111111,Buy
2023-06-07,CLX,0.0009841037343981257,Buy
2023-06-07,BSX,-0.00036045016228450355,Sell
2023-06-07,MRK,0.001123276016677513,Buy
2023-06-08,MNST,-0.11136369704016938,Sell
2023-06-08,BAX,0.003057953467202182,Buy
2023-06-08,CAG,0.1111111111111111,Buy
2023-06-08,STI,0.1111111111111111,Buy
2023-06-08,DPZ,-0.11101035088967205,Sell
2023-06-08,BDX,0.1111111111111111,Buy
2023-06-08,KGC,-0.11295636288749084,Sell
2023-06-08,EW,0.0003336210976953857,Buy
2023-06-08,NTAP,0.1111111111111111,Buy
2023-06-08,LOW,0.1111111111111111,Buy
2023-06-08,CME,-0.11257226749973034,Sell
2023-06-08,CLX,-0.11060792866884508,Sell
2023-06-08,SYK,0.1111111111111111,Buy
2023-06-08,BSX,-0.1109479910446912,Sell
2023-06-08,MRK,-0.11187830655623462,Sell
2023-06-08,BMY,0.1111111111111111,Buy
2023-06-09,MNST,0.1111111111111111,Buy
2023-06-09,PPG,0.1111111111111111,Buy
2023-06-09,BAX,-0.11269598870129897,Sell
2023-06-09,CAG,0.00036447459406037386,Buy
2023-06-09,STI,0.00026438577142932906,Buy
2023-06-09,BDX,-0.11189414206157677,Sell
2023-06-09,WMB,0.1111111111111111,Buy
2023-06-09,EW,-0.11118942186674664,Sell
2023-06-09,NTAP,-0.11002575446769569,Sell
2023-06-09,LOW,0.0008135474908474161,Buy
2023-06-09,PCG,0.1111111111111111,Buy
2023-06-09,SYK,-0.11255648838217197,Sell
2023-06-09,ENB,0.1111111111111111,Buy
2023-06-09,BMY,0.0009735809166380449,Buy
2023-06-12,MNST,-0.11198814961399996,Sell
2023-06-12,PPG,-0.11096548751592701,Sell
2023-06-12,ICE,0.1111111111111111,Buy
2023-06-12,CAG,0.0005925190596768881,Buy
2023-06-12,STI,-0.11134146217761934,Sell
2023-06-12,EOG,0.1111111111111111,Buy
2023-06-12,WMB,-0.00022001352274340913,Sell
2023-06-12,LOW,-0.11295654509960468,Sell
2023-06-12,PCG,5.748614305259303e-06,Buy
2023-06-12,CME,0.1111111111111111,Buy
2023-06-12,BSX,0.1111111111111111,Buy
2023-06-12,XLE,0.1111111111111111,Buy
2023-06-12,ENB,0.0016832346935560516,Buy
2023-06-12,BMY,-0.11064348041243138,Sell
2023-06-13,ICE,-0.11173439339483966,Sell
2023-06-13,CAG,-0.11178304646239595,Sell
2023-06-13,STI,0.1111111111111111,Buy
2023-06-13,KMB,0.1111111111111111,Buy
2023-06-13,EOG,0.0010507587845608457,Buy
2023-06-13,WMB,0.00017021732331945483,Buy
2023-06-13,HUM,0.1111111111111111,Buy
2023-06-13,PCG,-0.0002522713085994638,Sell
2023-06-13,CME,0.0008775784954038884,Buy
2023-06-13,CLX,0.1111111111111111,Buy
2023-06-13,SYK,0.1111111111111111,Buy
2023-06-13,BSX,-0.1111451673811072,Sell
2023-06-13,XLE,-0.11175679748911252,Sell
2023-06-13,ENB,-0.11126172588516246,Sell
2023-06-14,STI,-0.00016005582791492334,Sell
2023-06-14,KMB,-0.11266764976378385,Sell
2023-06-14,NDAQ,0.1111111111111111,Buy
2023-06-14,TRV,0.1111111111111111,Buy
2023-06-14,EOG,0.0010327982845352301,Buy
2023-06-14,KGC,0.1111111111111111,Buy
2023-06-14,WMB,2.372882647065644e-05,Buy
2023-06-14,HUM,-0.09951308066044283,Sell
2023-06-14,PCG,-0.0028572316601400694,Sell
2023-06-14,CME,-0.11449545170320287,Sell
2023-06-14,CLX,0.0007360866821854856,Buy
2023-06-14,SYK,-0.1168250111957595,Sell
2023-06-14,MRK,0.1111111111111111,Buy
2023-06-15,CAG,0.1111111111111111,Buy
2023-06-15,STI,0.0008584035423794129,Buy
2023-06-15,NDAQ,-0.0019127642134810774,Sell
2023-06-15,TRV,-0.11168392662468031,Sell
2023-06-15,EOG,-0.11117314019974395,Sell
2023-06-15,MAR,0.1111111111111111,Buy
2023-06-15,KGC,0.0005088935099192143,Buy
2023-06-15,GOLD,0.1111111111111111,Buy
2023-06-15,WMB,-0.11149751428526036,Sell
2023-06-15,HUM,0.1111111111111111,Buy
2023-06-15,PCG,0.0008992279186337687,Buy
2023-06-15,CLX,0.0002332531274057692,Buy
2023-06-15,MRK,-0.1108981315114474,Sell
2023-06-16,CAG,-0.00013698879228993266,Sell
2023-06-16,STI,-0.0006187112436593228,Sell
2023-06-16,NDAQ,0.0016257081391746336,Buy
2023-06-16,MAR,-0.11152746781225016,Sell
2023-06-16,KGC,-0.0008481276868842202,Sell
2023-06-16,GOLD,-0.11135841465170207,Sell
2023-06-16,ULTA,0.1111111111111111,Buy
2023-06-16,HUM,0.0037652058618704715,Buy
2023-06-16,PCG,-0.0015902945334334007,Sell
2023-06-16,HMC,0.1111111111111111,Buy
2023-06-16,CLX,-0.0017579036182717445,Sell
2023-06-20,A,0.1111111111111111,Buy
2023-06-20,CAG,-0.0001501338188630158,Sell
2023-06-20,STI,-0.0016637033698352205,Sell
2023-06-20,NDAQ,-0.11344004700137518,Sell
2023-06-20,EOG,0.1111111111111111,Buy
2023-06-20,KGC,0.004085871109242523,Buy
2023-06-20,ULTA,-0.112354953253771,Sell
2023-06-20,HUM,-0.11282876326851829,Sell
2023-06-20,WSM,0.1111111111111111,Buy
2023-06-20,PCG,-0.10913242858341414,Sell
2023-06-20,DUK,0.1111111111111111,Buy
2023-06-20,NTES,0.1111111111111111,Buy
2023-06-20,HMC,0.0016049027321011211,Buy
2023-06-20,CLX,-0.11179164868137499,Sell
2023-06-21,BAX,0.1111111111111111,Buy
2023-06-21,A,-0.11081970243294192,Sell
2023-06-21,CAG,-0.11114525658140562,Sell
2023-06-21,QCOM,0.1111111111111111,Buy
2023-06-21,JNJ,0.1111111111111111,Buy
2023-06-21,STI,-0.11108005394397268,Sell
2023-06-21,HAS,0.1111111111111111,Buy
2023-06-21,TRV,0.1111111111111111,Buy
2023-06-21,EOG,-0.11120210000933255,Sell
2023-06-21,ILMN,0.1111111111111111,Buy
2023-06-21,KGC,-2.636831696470332e-05,Sell
2023-06-21,WSM,-0.1100147926234113,Sell
2023-06-21,BX,0.1111111111111111,Buy
2023-06-21,DUK,-0.11151218944767888,Sell
2023-06-21,NTES,-0.11034679261340385,Sell
2023-06-21,HMC,-0.11302114670740052,Sell
2023-06-21,PRGO,0.1111111111111111,Buy
2023-06-22,BAX,-0.0006510596782682149,Sell
2023-06-22,WEN,0.1111111111111111,Buy
2023-06-22,QCOM,-0.11136180726073014,Sell
2023-06-22,JNJ,-0.11192534129694871,Sell
2023-06-22,STI,0.1111111111111111,Buy
2023-06-22,HAS,-0.11087830088361499,Sell
2023-06-22,TRV,0.0005384951286363376,Buy
2023-06-22,EOG,0.1111111111111111,Buy
2023-06-22,MS,0.1111111111111111,Buy
2023-06-22,ILMN,-0.11201287435836776,Sell
2023-06-22,KGC,-0.10979887001537393,Sell
2023-06-22,NWSA,0.1111111111111111,Buy
2023-06-22,BX,-0.110761952010374,Sell
2023-06-22,HMC,0.1111111111111111,Buy
2023-06-22,PRGO,-0.0002580239852617572,Sell
2023-06-23,BAX,-0.0009733284619711929,Sell
2023-06-23,WEN,-0.10894336135847965,Sell
2023-06-23,QCOM,0.1111111111111111,Buy
2023-06-23,STI,-0.0016022723022196816,Sell
2023-06-23,TRV,-0.11177702029512393,Sell
2023-06-23,EOG,-8.370683696357073e-06,Sell
2023-06-23,MS,-0.0002699057688003853,Sell
2023-06-23,D,0.1111111111111111,Buy
2023-06-23,NWSA,-0.1121288902211073,Sell
2023-06-23,PCG,0.1111111111111111,Buy
2023-06-23,HMC,0.001450170853300417,Buy
2023-06-23,PRGO,-0.11052967248723845,Sell
2023-06-23,CSIQ,0.1111111111111111,Buy
2023-06-26,MNST,0.1111111111111111,Buy
2023-06-26,BAX,-0.10980334631542887,Sell
2023-06-26,WEN,0.1111111111111111,Buy
2023-06-26,GREK,0.1111111111111111,Buy
2023-06-26,QCOM,-0.11373430714052143,Sell
2023-06-26,JNJ,0.1111111111111111,Buy
2023-06-26,STI,0.000706041925080253,Buy
2023-06-26,TRV,0.1111111111111111,Buy
2023-06-26,EOG,-0.11390670557752249,Sell
2023-06-26,CCL,0.1111111111111111,Buy
2023-06-26,MS,-0.11062699542346306,Sell
2023-06-26,ILMN,0.1111111111111111,Buy
2023-06-26,D,-0.11268431357691476,Sell
2023-06-26,PCG,-0.11041730095700042,Sell
2023-06-26,HMC,0.0011944154131175583,Buy
2023-06-26,CSIQ,-0.10872729968700336,Sell
2023-06-27,MNST,-0.11099040239220662,Sell
2023-06-27,A,0.1111111111111111,Buy
2023-06-27,WEN,0.00019804915276327995,Buy
2023-06-27,GREK,-0.11161387067908604,Sell
2023-06-27,JNJ,0.0011515942414039165,Buy
2023-06-27,STI,0.0009226386744087267,Buy
2023-06-27,TRV,-0.11031630341620052,Sell
2023-06-27,CCL,-0.11992429918929783,Sell
2023-06-27,ILMN,0.005775114440291287,Buy
2023-06-27,KO,0.1111111111111111,Buy
2023-06-27,PCG,0.1111111111111111,Buy
2023-06-27,HMC,-0.11114473342683255,Sell
2023-06-27,PRGO,0.1111111111111111,Buy
2023-06-27,MT,0.1111111111111111,Buy
2023-06-28,MNST,0.1111111111111111,Buy
2023-06-28,A,-0.1107724055299521,Sell
2023-06-28,WEN,-0.11161812726171601,Sell
2023-06-28,CAG,0.1111111111111111,Buy
2023-06-28,JNJ,-0.11118500741821641,Sell
2023-06-28,STI,-0.00029905423941406495,Sell
2023-06-28,NDAQ,0.1111111111111111,Buy
2023-06-28,ILMN,-0.0009550150391674506,Sell
2023-06-28,KO,0.0007404469447009482,Buy
2023-06-28,PCG,-0.11121284866863859,Sell
2023-06-28,DUK,0.1111111111111111,Buy
2023-06-28,PRGO,-3.1470124068164185e-05,Sell
2023-06-28,ZUMZ,0.1111111111111111,Buy
2023-06-28,MT,-0.11050473108488115,Sell
2023-06-29,MNST,3.8235127051103324e-05,Buy
2023-06-29,VWO,0.1111111111111111,Buy
2023-06-29,XLP,0.1111111111111111,Buy
2023-06-29,CAG,-0.00030920199006051474,Sell
2023-06-29,STI,0.0006650050673345231,Buy
2023-06-29,NDAQ,-0.11115260551774216,Sell
2023-06-29,ILMN,-0.1111377712421,Sell
2023-06-29,KO,0.001473858377574258,Buy
2023-06-29,DUK,0.0008334950486952042,Buy
2023-06-29,PRGO,-0.11191459764884037,Sell
2023-06-29,ZUMZ,-0.002106565709342964,Sell
2023-06-29,BMY,0.1111111111111111,Buy
2023-06-30,MNST,0.00023118449129681806,Buy
2023-06-30,VWO,-0.11180322843217508,Sell
2023-06-30,CF,0.1111111111111111,Buy
2023-06-30,XLP,-0.11180609673597364,Sell
2023-06-30,CAG,-0.11220561034287403,Sell
2023-06-30,STI,-0.11084131851845255,Sell
2023-06-30,MU,0.1111111111111111,Buy
2023-06-30,KO,-9.954326942647473e-05,Sell
2023-06-30,DUK,-0.11191382305287972,Sell
2023-06-30,HMC,0.1111111111111111,Buy
2023-06-30,OHI,0.1111111111111111,Buy
2023-06-30,ZUMZ,0.0023586729846510474,Buy
2023-06-30,MT,0.1111111111111111,Buy
2023-06-30,BMY,0.00035637466499893744,Buy
2023-07-03,MNST,0.0018487676798939062,Buy
2023-07-03,CF,-0.11180577858345656,Sell
2023-07-03,WEN,0.1111111111111111,Buy
2023-07-03,JNJ,0.1111111111111111,Buy
2023-07-03,KMB,0.1111111111111111,Buy
2023-07-03,MU,-0.11158194002583177,Sell
2023-07-03,KO,0.0002498634893917384,Buy
2023-07-03,EW,0.1111111111111111,Buy
2023-07-03,HMC,-0.1115113443047022,Sell
2023-07-03,OHI,-0.11034607729879271,Sell
2023-07-03,SYK,0.1111111111111111,Buy
2023-07-03,BSX,0.1111111111111111,Buy
2023-07-03,ZUMZ,-0.11403901570477996,Sell
2023-07-03,MT,-0.10983967026886367,Sell
2023-07-03,MRK,0.1111111111111111,Buy
2023-07-03,BMY,-0.11102959153634842,Sell
2023-07-05,MNST,-0.000393776248265601,Sell
2023-07-05,WEN,0.0009747668569803636,Buy
2023-07-05,JNJ,1.3870797071893759e-05,Buy
2023-07-05,KMB,-0.11159546304626389,Sell
2023-07-05,TRV,0.1111111111111111,Buy
2023-07-05,BDX,0.1111111111111111,Buy
2023-07-05,KO,-0.11229371293923228,Sell
2023-07-05,EW,-0.11082002368503885,Sell
2023-07-05,CME,0.1111111111111111,Buy
2023-07-05,SYK,-0.00011897198139508569,Sell
2023-07-05,BSX,0.00024912708345652124,Buy
2023-07-05,MRK,0.00025959759678460814,Buy
2023-07-06,MNST,-0.00023319679742610233,Sell
2023-07-06,WEN,-0.11069984461442743,Sell
2023-07-06,JNJ,-0.00010849898887183018,Sell
2023-07-06,TRV,0.00014945678389821637,Buy
2023-07-06,DHI,0.1111111111111111,Buy
2023-07-06,BDX,-0.0003256850457305227,Sell
2023-07-06,HUM,0.1111111111111111,Buy
2023-07-06,HMC,0.1111111111111111,Buy
2023-07-06,CME,-0.11168670120476835,Sell
2023-07-06,SYK,-0.00030445861435163257,Sell
2023-07-06,BSX,-0.11127380333497303,Sell
2023-07-06,MRK,0.00098046624655862,Buy
2023-07-07,MNST,0.00048097248502655676,Buy
2023-07-07,JNJ,0.000645734796849956,Buy
2023-07-07,KMB,0.1111111111111111,Buy
2023-07-07,TRV,-0.1125807928995968,Sell
2023-07-07,DHI,-0.11261269058005152,Sell
2023-07-07,BDX,-0.00013994265542217887,Sell
2023-07-07,HUM,-0.1093374870890504,Sell
2023-07-07,HMC,-0.11239336814319059,Sell
2023-07-07,CME,0.1111111111111111,Buy
2023-07-07,CLX,0.1111111111111111,Buy
2023-07-07,SYK,-0.00044979262413859245,Sell
2023-07-07,BSX,0.1111111111111111,Buy
2023-07-07,MRK,0.0017741665286917369,Buy
2023-07-10,MNST,-0.11191725139859858,Sell
2023-07-10,CAG,0.1111111111111111,Buy
2023-07-10,JNJ,2.521486865590672e-05,Buy
2023-07-10,KMB,0.00035374821678363366,Buy
2023-07-10,TRV,0.1111111111111111,Buy
2023-07-10,BDX,-0.11118113746445359,Sell
2023-07-10,TRP,0.1111111111111111,Buy
2023-07-10,KO,0.1111111111111111,Buy
2023-07-10,HMC,0.1111111111111111,Buy
2023-07-10,CME,0.0006024365039884461,Buy
2023-07-10,CLX,0.0012872798002339786,Buy
2023-07-10,SYK,-0.11129305203658232,Sell
2023-07-10,BSX,-0.11177446273773546,Sell
2023-07-10,MRK,-0.1118816309040852,Sell
2023-07-11,MNST,0.1111111111111111,Buy
2023-07-11,XLP,0.1111111111111111,Buy
2023-07-11,CAG,-0.11152088623719209,Sell
2023-07-11,JNJ,0.0009086428306943756,Buy
2023-07-11,STI,0.1111111111111111,Buy
2023-07-11,KMB,0.0002727011574537169,Buy
2023-07-11,TRV,-0.11297014886916616,Sell
2023-07-11,KGC,0.1111111111111111,Buy
2023-07-11,TRP,-0.11126840809447551,Sell
2023-07-11,KO,-0.11120614965089355,Sell
2023-07-11,HMC,-3.679296297784407e-05,Sell
2023-07-11,CME,-0.11144333344187614,Sell
2023-07-11,CLX,0.0014305982597849765,Buy
2023-07-11,MRK,0.1111111111111111,Buy
2023-07-12,MNST,-0.11180235566293226,Sell
2023-07-12,CNC,0.1111111111111111,Buy
2023-07-12,XLP,-0.11070513029318048,Sell
2023-07-12,JNJ,0.0010442260670662923,Buy
2023-07-12,STI,0.0011798279187016786,Buy
2023-07-12,KMB,0.0011105902410926127,Buy
2023-07-12,NDAQ,0.1111111111111111,Buy
2023-07-12,HTZ,0.1111111111111111,Buy
2023-07-12,CCL,0.1111111111111111,Buy
2023-07-12,KGC,-0.1161785614472007,Sell
2023-07-12,HMC,-0.11159343282625293,Sell
2023-07-12,CME,0.1111111111111111,Buy
2023-07-12,CLX,0.000311809833577259,Buy
2023-07-12,MRK,-0.10920002129384236,Sell
2023-07-13,CNC,0.0004655533936424455,Buy
2023-07-13,JNJ,-0.11141844758155166,Sell
2023-07-13,STI,-0.11090630524319008,Sell
2023-07-13,KMB,0.00010596680709062944,Buy
2023-07-13,NDAQ,-0.0023903819786357944,Sell
2023-07-13,TRV,0.1111111111111111,Buy
2023-07-13,HTZ,-0.11233275155034898,Sell
2023-07-13,CCL,0.0030657334943546277,Buy
2023-07-13,HUM,0.1111111111111111,Buy
2023-07-13,CME,-0.11207463864794699,Sell
2023-07-13,CLX,0.000761671987566645,Buy
2023-07-13,VZ,0.1111111111111111,Buy
2023-07-13,MRK,0.1111111111111111,Buy
2023-07-14,CNC,-0.11463840790736478,Sell
2023-07-14,STI,0.1111111111111111,Buy
2023-07-14,KMB,-0.11146859731922479,Sell
2023-07-14,NDAQ,0.0011479750552705476,Buy
2023-07-14,HAS,0.1111111111111111,Buy
2023-07-14,TRV,0.0014315327252621413,Buy
2023-07-14,CCL,0.0031883342217929322,Buy
2023-07-14,ALK,0.1111111111111111,Buy
2023-07-14,WMB,0.1111111111111111,Buy
2023-07-14,HUM,-0.0028568347671611705,Sell
2023-07-14,HMC,0.1111111111111111,Buy
2023-07-14,CLX,-0.11117987419766481,Sell
2023-07-14,VZ,-0.10915781378676671,Sell
2023-07-14,MRK,-0.11224649998402089,Sell
2023-07-17,CAG,0.1111111111111111,Buy
2023-07-17,STI,-0.11179990492410273,Sell
2023-07-17,NDAQ,-0.00017457329032126434,Sell
2023-07-17,HAS,-0.1104790101439935,Sell
2023-07-17,TRV,-0.112411935321124,Sell
2023-07-17,BDX,0.1111111111111111,Buy
2023-07-17,HTZ,0.1111111111111111,Buy
2023-07-17,CCL,-0.11373420512520048,Sell
2023-07-17,ALK,-0.11022897453372803,Sell
2023-07-17,ILMN,0.1111111111111111,Buy
2023-07-17,WMB,0.0016860141002019435,Buy
2023-07-17,D,0.1111111111111111,Buy
2023-07-17,HUM,0.000591767147232275,Buy
2023-07-17,HMC,-0.11039540157926951,Sell
2023-07-17,MRK,0.1111111111111111,Buy
2023-07-18,WEN,0.1111111111111111,Buy
2023-07-18,CAG,0.0006187673717588105,Buy
2023-07-18,KMB,0.1111111111111111,Buy
2023-07-18,NDAQ,-0.0007350294464491119,Sell
2023-07-18,HAS,0.1111111111111111,Buy
2023-07-18,BDX,-0.11066309858896704,Sell
2023-07-18,HTZ,-0.1130612668526907,Sell
2023-07-18,ILMN,0.002602415463797844,Buy
2023-07-18,WMB,-0.11190895208298406,Sell
2023-07-18,D,-0.11023978020134219,Sell
2023-07-18,HUM,-0.0013021456298163425,Sell
2023-07-18,PCG,0.1111111111111111,Buy
2023-07-18,VZ,0.1111111111111111,Buy
2023-07-18,MRK,-0.11120007477196311,Sell
2023-07-19,WEN,-0.0006489080926202484,Sell
2023-07-19,CAG,-0.11057343158826333,Sell
2023-07-19,KMB,-0.11046679355036375,Sell
2023-07-19,NDAQ,0.003848374493588075,Buy
2023-07-19,HAS,-0.11172147617912864,Sell
2023-07-19,TRV,0.1111111111111111,Buy
2023-07-19,BDX,0.1111111111111111,Buy
2023-07-19,ILMN,-0.0007175182901939942,Sell
2023-07-19,KGC,0.1111111111111111,Buy
2023-07-19,HUM,-0.110902518918601,Sell
2023-07-19,NWSA,0.1111111111111111,Buy
2023-07-19,PCG,-0.1107188008343291,Sell
2023-07-19,SYK,0.1111111111111111,Buy
2023-07-19,BSX,0.1111111111111111,Buy
2023-07-19,VZ,-0.11504046821381167,Sell
2023-07-20,NVDA,0.1111111111111111,Buy
2023-07-20,WEN,-0.00011568593912997249,Sell
2023-07-20,NDAQ,0.0020955065204588674,Buy
2023-07-20,HAS,0.1111111111111111,Buy
2023-07-20,TRV,-0.11281213101550555,Sell
2023-07-20,BDX,-0.1145172096854716,Sell
2023-07-20,HTZ,0.1111111111111111,Buy
2023-07-20,CCL,0.1111111111111111,Buy
2023-07-20,TSM,0.1111111111111111,Buy
2023-07-20,ILMN,-0.11060131137787445,Sell
2023-07-20,KGC,-0.10823537543214043,Sell
2023-07-20,ULTA,0.1111111111111111,Buy
2023-07-20,NWSA,0.001778501580658079,Buy
2023-07-20,SYK,-0.11140456789904124,Sell
2023-07-20,BSX,-0.113188833564874,Sell
2023-07-21,NVDA,0.002726425603370969,Buy
2023-07-21,WEN,0.0003787932918850878,Buy
2023-07-21,NSC,0.1111111111111111,Buy
2023-07-21,STI,0.1111111111111111,Buy
2023-07-21,NDAQ,-0.11381579231370707,Sell
2023-07-21,HAS,-0.1115561987913136,Sell
2023-07-21,HTZ,-0.11153016420561601,Sell
2023-07-21,CCL,-0.11279789453811098,Sell
2023-07-21,TSM,0.00045825565748038033,Buy
2023-07-21,ULTA,0.0003036481318631906,Buy
2023-07-21,PVH,0.1111111111111111,Buy
2023-07-21,NWSA,0.0010524170477657496,Buy
2023-07-21,MT,0.1111111111111111,Buy
2023-07-24,PPG,0.1111111111111111,Buy
2023-07-24,NVDA,-0.000710759540539882,Sell
2023-07-24,WEN,-0.11003498059068921,Sell
2023-07-24,NSC,-0.11218728121855907,Sell
2023-07-24,STI,4.87114112577014e-05,Buy
2023-07-24,EWC,0.1111111111111111,Buy
2023-07-24,TSM,-0.1122044331158382,Sell
2023-07-24,TRP,0.1111111111111111,Buy
2023-07-24,ULTA,0.00136182426556479,Buy
2023-07-24,PVH,-0.1115406693045407,Sell
2023-07-24,NTAP,0.1111111111111111,Buy
2023-07-24,NWSA,0.001800827508277661,Buy
2023-07-24,SYK,0.1111111111111111,Buy
2023-07-24,MT,-0.1123134624409698,Sell
2023-07-25,PPG,-0.11224804107551244,Sell
2023-07-25,NVDA,-0.11404147182999742,Sell
2023-07-25,DAL,0.1111111111111111,Buy
2023-07-25,STI,-0.00026649403883564904,Sell
2023-07-25,KMB,0.1111111111111111,Buy
2023-07-25,HAS,0.1111111111111111,Buy
2023-07-25,TRV,0.1111111111111111,Buy
2023-07-25,EWC,-0.11103739229209134,Sell
2023-07-25,ALK,0.1111111111111111,Buy
2023-07-25,TRP,0.004950736654784044,Buy
2023-07-25,ULTA,-0.11063536572865494,Sell
2023-07-25,NTAP,-0.11224365611630205,Sell
2023-07-25,NWSA,2.1452508135649806e-05,Buy
2023-07-25,CLX,0.1111111111111111,Buy
2023-07-25,SYK,-0.11144654459538192,Sell
2023-07-26,DAL,-0.11099249306855416,Sell
2023-07-26,CAG,0.1111111111111111,Buy
2023-07-26,STI,-9.912303483572416e-06,Sell
2023-07-26,KMB,0.0009549989408586812,Buy
2023-07-26,NDAQ,0.1111111111111111,Buy
2023-07-26,HAS,-0.11171396173494276,Sell
2023-07-26,TRV,-0.11233218348831912,Sell
2023-07-26,ALK,0.0008320649444001071,Buy
2023-07-26,TRP,-0.0006287122984196258,Sell
2023-07-26,NWSA,0.0006126766232946307,Buy
2023-07-26,CLX,-0.00039141406018258773,Sell
2023-07-26,OHI,0.1111111111111111,Buy
2023-07-27,ICE,0.1111111111111111,Buy
2023-07-27,CAG,-0.11209098724248788,Sell
2023-07-27,GREK,0.1111111111111111,Buy
2023-07-27,STI,-0.0011829934931019276,Sell
2023-07-27,KMB,0.0001537328601297211,Buy
2023-07-27,NDAQ,-0.11086067700267993,Sell
2023-07-27,HAS,0.1111111111111111,Buy
2023-07-27,ALK,0.0005063481567456618,Buy
2023-07-27,TRP,0.002694436853667645,Buy
2023-07-27,NWSA,-0.11270350147253966,Sell
2023-07-27,CLX,0.000884894648939552,Buy
2023-07-27,OHI,-0.11201543634929119,Sell
2023-07-27,SYK,0.1111111111111111,Buy
2023-07-28,WEN,0.1111111111111111,Buy
2023-07-28,ICE,-0.11139034832302049,Sell
2023-07-28,GREK,0.00022686208508677919,Buy
2023-07-28,STI,1.896697543522785e-05,Buy
2023-07-28,KMB,-0.00017106877097390616,Sell
2023-07-28,HAS,-0.1108785382899304,Sell
2023-07-28,EBAY,0.1111111111111111,Buy
2023-07-28,HTZ,0.1111111111111111,Buy
2023-07-28,ALK,-0.11350853494331921,Sell
2023-07-28,TRP,0.004947491418102926,Buy
2023-07-28,EW,0.1111111111111111,Buy
2023-07-28,CLX,-0.11343773830782294,Sell
2023-07-28,SYK,-0.11158720490695766,Sell
2023-07-28,ENB,0.1111111111111111,Buy
2023-07-31,BAX,0.1111111111111111,Buy
2023-07-31,A,0.1111111111111111,Buy
2023-07-31,WEN,0.0007256877241264142,Buy
2023-07-31,GREK,-0.11032114460136867,Sell
2023-07-31,STI,0.0009311615126049583,Buy
2023-07-31,KMB,-0.10906480592918608,Sell
2023-07-31,EBAY,0.0021551144562437646,Buy
2023-07-31,HTZ,-0.11639700407311039,Sell
2023-07-31,TRP,-0.004550424856181623,Sell
2023-07-31,EW,0.0031284426062028886,Buy
2023-07-31,CLX,0.1111111111111111,Buy
2023-07-31,BSX,0.1111111111111111,Buy
2023-07-31,ENB,-0.11132955172572415,Sell
2023-08-01,BAX,-0.11093540508652674,Sell
2023-08-01,A,-0.001041417316725593,Sell
2023-08-01,XLP,0.1111111111111111,Buy
2023-08-01,WEN,-0.11098351341889587,Sell
2023-08-01,GREK,0.1111111111111111,Buy
2023-08-01,STI,-0.00039129060889581124,Sell
2023-08-01,KMB,0.1111111111111111,Buy
2023-08-01,EBAY,-0.1091225558338773,Sell
2023-08-01,TRP,0.00032365547863121014,Buy
2023-08-01,EW,-0.11147523376903173,Sell
2023-08-01,DUK,0.1111111111111111,Buy
2023-08-01,CP,0.1111111111111111,Buy
2023-08-01,CLX,-0.11167904020164285,Sell
2023-08-01,BSX,-0.0004773117908351693,Sell
2023-08-02,A,-0.11564776538308667,Sell
2023-08-02,XLP,-0.11130925383859493,Sell
2023-08-02,NVDA,0.1111111111111111,Buy
2023-08-02,NSC,0.1111111111111111,Buy
2023-08-02,GREK,0.001812207012917122,Buy
2023-08-02,STI,-0.11174801767829176,Sell
2023-08-02,KMB,-0.11131584245832025,Sell
2023-08-02,EWC,0.1111111111111111,Buy
2023-08-02,WMB,0.1111111111111111,Buy
2023-08-02,TRP,-0.0009520540071225464,Sell
2023-08-02,MRVL,0.1111111111111111,Buy
2023-08-02,DUK,-0.1113691077870132,Sell
2023-08-02,HMC,0.1111111111111111,Buy
2023-08-02,CP,-0.10932825335171696,Sell
2023-08-02,BSX,0.0029139234073106007,Buy
2023-08-03,PPG,0.1111111111111111,Buy
2023-08-03,NVDA,-0.11141180618957591,Sell
2023-08-03,NSC,-0.11002642279198972,Sell
2023-08-03,ICE,0.1111111111111111,Buy
2023-08-03,GREK,-0.11266462330363122,Sell
2023-08-03,TRV,0.1111111111111111,Buy
2023-08-03,EWC,0.000886242873057122,Buy
2023-08-03,WMB,-0.11329629523712514,Sell
2023-08-03,TRP,-0.0006080866274582319,Sell
2023-08-03,LOW,0.1111111111111111,Buy
2023-08-03,MRVL,-0.11122427541640706,Sell
2023-08-03,DUK,0.1111111111111111,Buy
2023-08-03,HMC,-0.10840208873632834,Sell
2023-08-03,OHI,0.1111111111111111,Buy
2023-08-03,BSX,-0.00025412522655716974,Sell
2023-08-04,PPG,-0.11150542796905824,Sell
2023-08-04,NSC,0.1111111111111111,Buy
2023-08-04,ICE,-0.11319171993801266,Sell
2023-08-04,KMB,0.1111111111111111,Buy
2023-08-04,TRV,0.0003283482788848796,Buy
2023-08-04,EWC,-0.1115637736727477,Sell
2023-08-04,EWI,0.1111111111111111,Buy
2023-08-04,CCL,0.1111111111111111,Buy
2023-08-04,GOLD,0.1111111111111111,Buy
2023-08-04,TRP,0.000785743954967888,Buy
2023-08-04,LOW,0.0016026134405129344,Buy
2023-08-04,DUK,0.0009562204887863385,Buy
2023-08-04,OHI,-0.11237643146335087,Sell
2023-08-04,BSX,-0.11092548249388647,Sell
2023-08-07,HOG,0.1111111111111111,Buy
2023-08-07,NSC,0.0009055302620193662,Buy
2023-08-07,QCOM,0.1111111111111111,Buy
2023-08-07,STI,0.1111111111111111,Buy
2023-08-07,KMB,-0.11108227133591686,Sell
2023-08-07,TRV,-0.11134462355199887,Sell
2023-08-07,VTR,0.1111111111111111,Buy
2023-08-07,EWI,7.589445297633002e-05,Buy
2023-08-07,CCL,-0.11604312196411772,Sell
2023-08-07,GOLD,-0.10972764438587365,Sell
2023-08-07,TRP,0.0013725058366046011,Buy
2023-08-07,D,0.1111111111111111,Buy
2023-08-07,LOW,-0.1104715421373557,Sell
2023-08-07,DUK,-0.11062925750283004,Sell
2023-08-07,BSX,0.1111111111111111,Buy
2023-08-08,HOG,-0.00039721867122975707,Sell
2023-08-08,NSC,0.001755193638125152,Buy
2023-08-08,GREK,0.1111111111111111,Buy
2023-08-08,QCOM,-0.11012423197129229,Sell
2023-08-08,STI,-0.11169662131411538,Sell
2023-08-08,VTR,-0.1114516203404956,Sell
2023-08-08,EWI,0.0012461435932044213,Buy
2023-08-08,DLTR,0.1111111111111111,Buy
2023-08-08,CCL,0.1111111111111111,Buy
2023-08-08,TRP,-0.0018650786825469279,Sell
2023-08-08,D,-0.11199210627174302,Sell
2023-08-08,LOW,0.1111111111111111,Buy
2023-08-08,BSX,-0.00025524728766775084,Sell
2023-08-09,AMTD,0.1111111111111111,Buy
2023-08-09,HOG,-0.11082222334107619,Sell
2023-08-09,NVDA,0.1111111111111111,Buy
2023-08-09,NSC,0.0005260630853223952,Buy
2023-08-09,CAG,0.1111111111111111,Buy
2023-08-09,GREK,-0.11144439046015407,Sell
2023-08-09,VTR,0.1111111111111111,Buy
2023-08-09,EWI,-0.11215737539344744,Sell
2023-08-09,ORCL,0.1111111111111111,Buy
2023-08-09,DLTR,-0.11261573935923067,Sell
2023-08-09,CCL,0.0037648130596031337,Buy
2023-08-09,TRP,-0.11206348580150657,Sell
2023-08-09,LOW,-0.11074620780314312,Sell
2023-08-09,MRVL,0.1111111111111111,Buy
2023-08-09,BSX,-0.11244359353797258,Sell
2023-08-09,COF,0.1111111111111111,Buy
2023-08-10,AMTD,-0.00012638355444348492,Sell
2023-08-10,NVDA,-0.1115277582598989,Sell
2023-08-10,NSC,-0.11170260192672146,Sell
2023-08-10,CAG,-6.593996800607904e-05,Sell
2023-08-10,GREK,0.1111111111111111,Buy
2023-08-10,VTR,0.001536262555859494,Buy
2023-08-10,ORCL,-0.1118556366092044,Sell
2023-08-10,CCL,-0.0014369073335985805,Sell
2023-08-10,GOLD,0.1111111111111111,Buy
2023-08-10,RL,0.1111111111111111,Buy
2023-08-10,MRVL,0.0010331936268744013,Buy
2023-08-10,OHI,0.1111111111111111,Buy
2023-08-10,COF,-0.11069276727043358,Sell
2023-08-11,PPG,0.1111111111111111,Buy
2023-08-11,AMTD,-0.11157837485851325,Sell
2023-08-11,DAL,0.1111111111111111,Buy
2023-08-11,CAG,-0.11310796994258238,Sell
2023-08-11,GREK,0.0005631841137426069,Buy
2023-08-11,VTR,0.000732437396553598,Buy
2023-08-11,CCL,0.0024863385225428053,Buy
2023-08-11,ILMN,0.1111111111111111,Buy
2023-08-11,GOLD,-0.1122509504196647,Sell
2023-08-11,RL,-0.00042993800401383564,Sell
2023-08-11,MRVL,0.00230545019625239,Buy
2023-08-11,NTES,0.1111111111111111,Buy
2023-08-11,OHI,-0.11339064455270562,Sell
2023-08-14,PPG,-0.11322667425653674,Sell
2023-08-14,DAL,0.00015852416568368222,Buy
2023-08-14,CAG,0.1111111111111111,Buy
2023-08-14,GREK,0.0012522821406293488,Buy
2023-08-14,VTR,-0.11077619264038735,Sell
2023-08-14,DLTR,0.1111111111111111,Buy
2023-08-14,CCL,4.506837346877901e-05,Buy
2023-08-14,ILMN,-0.10752367710029462,Sell
2023-08-14,GOLD,0.1111111111111111,Buy
2023-08-14,RL,0.0006648182278066878,Buy
2023-08-14,MRVL,-0.11561533662229319,Sell
2023-08-14,NTES,-0.11075906357262422,Sell
2023-08-14,RF,0.1111111111111111,Buy
2023-08-14,HMC,0.1111111111111111,Buy
2023-08-15,DAL,0.0011146242180475052,Buy
2023-08-15,CAG,-0.11085775554965435,Sell
2023-08-15,GREK,-0.0006137109312625011,Sell
2023-08-15,TRV,0.1111111111111111,Buy
2023-08-15,WFC,0.1111111111111111,Buy
2023-08-15,EWI,0.1111111111111111,Buy
2023-08-15,DLTR,-0.11222048269961225,Sell
2023-08-15,CCL,-0.0005008653435567001,Sell
2023-08-15,GOLD,0.001476396111785766,Buy
2023-08-15,RL,-0.11174518610922542,Sell
2023-08-15,RF,0.0010863748715375515,Buy
2023-08-15,HMC,-0.11246770113279178,Sell
2023-08-15,OHI,0.1111111111111111,Buy
2023-08-16,DAL,9.433517103243916e-05,Buy
2023-08-16,GREK,-0.0007554971000899302,Sell
2023-08-16,TRV,-0.1132213771771185,Sell
2023-08-16,WFC,-0.11059149944344247,Sell
2023-08-16,EWI,-0.00017791122793306413,Sell
2023-08-16,CCL,0.0020812797584167098,Buy
2023-08-16,ILMN,0.1111111111111111,Buy
2023-08-16,GOLD,-0.0008483955111932007,Sell
2023-08-16,RF,-0.11050987591467265,Sell
2023-08-16,HMC,0.1111111111111111,Buy
2023-08-16,OHI,0.0003698296090982045,Buy
2023-08-16,COF,0.1111111111111111,Buy
2023-08-17,DAL,0.0015820326998950696,Buy
2023-08-17,GREK,-0.1122574303874743,Sell
2023-08-17,DHI,0.1111111111111111,Buy
2023-08-17,EWC,0.1111111111111111,Buy
2023-08-17,EWI,0.00038956096621303726,Buy
2023-08-17,CCL,0.001876017309832792,Buy
2023-08-17,ILMN,-0.11197443640815659,Sell
2023-08-17,GOLD,-0.11211859474330993,Sell
2023-08-17,ULTA,0.1111111111111111,Buy
2023-08-17,LOW,0.1111111111111111,Buy
2023-08-17,HMC,-0.1119733870101231,Sell
2023-08-17,OHI,0.0007737574049736101,Buy
2023-08-17,SYK,0.1111111111111111,Buy
2023-08-17,COF,-0.11202220694076365,Sell
2023-08-18,DAL,0.0008318295868481318,Buy
2023-08-18,GREK,0.1111111111111111,Buy
2023-08-18,TRV,0.1111111111111111,Buy
2023-08-18,DHI,-0.11182219170558301,Sell
2023-08-18,EWC,6.10166043254895e-05,Buy
2023-08-18,EWI,-1.0492538512943406e-05,Sell
2023-08-18,CCL,0.0015370027451940688,Buy
2023-08-18,ALK,0.1111111111111111,Buy
2023-08-18,ULTA,-0.11260643647335596,Sell
2023-08-18,LOW,-0.11166095903772305,Sell
2023-08-18,NTES,0.1111111111111111,Buy
2023-08-18,OHI,-1.2085185140231491e-05,Sell
2023-08-18,SYK,-0.1110421053517122,Sell
2023-08-21,WEN,0.1111111111111111,Buy
2023-08-21,DAL,-6.894002109901487e-05,Sell
2023-08-21,GREK,-0.11213670447946747,Sell
2023-08-21,JNJ,0.1111111111111111,Buy
2023-08-21,TRV,0.001188711982387028,Buy
2023-08-21,EWC,-0.11035035096437083,Sell
2023-08-21,EWI,-0.111687544161827,Sell
2023-08-21,CCL,-0.0002536901386738094,Sell
2023-08-21,MS,0.1111111111111111,Buy
2023-08-21,ALK,-0.1109792507960321,Sell
2023-08-21,MAR,0.1111111111111111,Buy
2023-08-21,NTES,-0.11288657763875826,Sell
2023-08-21,OHI,0.001396484357287106,Buy
2023-08-21,ENB,0.1111111111111111,Buy
2023-08-22,XLP,0.1111111111111111,Buy
2023-08-22,WEN,-0.11019124741796174,Sell
2023-08-22,DAL,-0.00019224891241451103,Sell
2023-08-22,JNJ,-0.11076376042729104,Sell
2023-08-22,TRV,0.0006069501455788495,Buy
2023-08-22,CCL,-0.0001846294629944678,Sell
2023-08-22,MS,0.0011430473324677143,Buy
2023-08-22,MAR,-0.11396448389602334,Sell
2023-08-22,ILMN,0.1111111111111111,Buy
2023-08-22,WSM,0.1111111111111111,Buy
2023-08-22,RF,0.1111111111111111,Buy
2023-08-22,OHI,-0.11202092576368775,Sell
2023-08-22,COF,0.1111111111111111,Buy
2023-08-22,ENB,-0.11026873962688566,Sell
2023-08-23,XLP,-0.10892351268182815,Sell
2023-08-23,DAL,0.0013735091280591555,Buy
2023-08-23,RRC,0.1111111111111111,Buy
2023-08-23,JNJ,0.1111111111111111,Buy
2023-08-23,TRV,-0.10887310807936638,Sell
2023-08-23,CCL,-0.0011688697692988914,Sell
2023-08-23,MS,-0.1087379546540004,Sell
2023-08-23,XRT,0.1111111111111111,Buy
2023-08-23,ILMN,-0.10886740171134611,Sell
2023-08-23,ULTA,0.1111111111111111,Buy
2023-08-23,WSM,-0.1227889600029444,Sell
2023-08-23,PCG,0.1111111111111111,Buy
2023-08-23,RF,-0.11043554825614797,Sell
2023-08-23,COF,-0.10962736049467758,Sell
2023-08-23,ENB,0.1111111111111111,Buy
2023-08-23,BMY,0.1111111111111111,Buy
2023-08-24,DAL,-0.00043972490772160866,Sell
2023-08-24,RRC,-0.11329517723478696,Sell
2023-08-24,GREK,0.1111111111111111,Buy
2023-08-24,JNJ,-0.0016207923438159993,Sell
2023-08-24,ORCL,0.1111111111111111,Buy
2023-08-24,CCL,0.0024950445480985267,Buy
2023-08-24,MAR,0.1111111111111111,Buy
2023-08-24,XRT,-0.10999815220279574,Sell
2023-08-24,ULTA,-0.10844515607838362,Sell
2023-08-24,MRVL,0.1111111111111111,Buy
2023-08-24,PCG,-0.001305682495169866,Sell
2023-08-24,ENB,-0.00039027720021908574,Sell
2023-08-24,BMY,-0.11183851291056662,Sell
2023-08-25,DAL,0.0005783752789694369,Buy
2023-08-25,GREK,-0.001245632297646293,Sell
2023-08-25,JNJ,-0.11265531104588315,Sell
2023-08-25,WFC,0.1111111111111111,Buy
2023-08-25,ORCL,-0.11416132983113579,Sell
2023-08-25,DLTR,0.1111111111111111,Buy
2023-08-25,CCL,-0.0012949696754857298,Sell
2023-08-25,MAR,-0.11162158167388173,Sell
2023-08-25,NTAP,0.1111111111111111,Buy
2023-08-25,MRVL,0.007395560872243925,Buy
2023-08-25,PCG,0.00011469020869499247,Buy
2023-08-25,ENB,-0.000666606350586671,Sell
2023-08-28,BAX,0.1111111111111111,Buy
2023-08-28,WEN,0.1111111111111111,Buy
2023-08-28,DAL,-0.11177245172802572,Sell
2023-08-28,GREK,-0.11143171719685628,Sell
2023-08-28,JNJ,0.1111111111111111,Buy
2023-08-28,TRV,0.1111111111111111,Buy
2023-08-28,EWC,0.1111111111111111,Buy
2023-08-28,WFC,-0.11163385872284982,Sell
2023-08-28,DLTR,-0.1110152949342331,Sell
2023-08-28,CCL,0.002523165971310276,Buy
2023-08-28,NTAP,-0.11179856982146698,Sell
2023-08-28,MRVL,-0.11333176787220604,Sell
2023-08-28,PCG,0.001341509848587677,Buy
2023-08-28,ENB,0.00028341042440395425,Buy
2023-08-28,MT,0.1111111111111111,Buy
2023-08-29,BAX,-0.11178007426261845,Sell
2023-08-29,WEN,0.001126690745819392,Buy
2023-08-29,NSC,0.1111111111111111,Buy
2023-08-29,JNJ,-0.10999781446356982,Sell
2023-08-29,TRV,-0.11029216169224804,Sell
2023-08-29,EWC,-0.0006890885505062838,Sell
2023-08-29,EWI,0.1111111111111111,Buy
2023-08-29,DLTR,0.1111111111111111,Buy
2023-08-29,CCL,-0.0011836182600585554,Sell
2023-08-29,PCG,0.001126690745819392,Buy
2023-08-29,ENB,-4.6407619295335545e-05,Sell
2023-08-29,MT,-0.0019295980482988556,Sell
2023-08-30,WEN,-0.11094463539551684,Sell
2023-08-30,NSC,-0.1120181459693573,Sell
2023-08-30,GREK,0.1111111111111111,Buy
2023-08-30,STI,0.1111111111111111,Buy
2023-08-30,NDAQ,0.1111111111111111,Buy
2023-08-30,EWC,-0.11165667652498526,Sell
2023-08-30,WFC,0.1111111111111111,Buy
2023-08-30,EWI,-0.0001690318340639846,Sell
2023-08-30,DLTR,-0.11236345285066883,Sell
2023-08-30,CCL,0.001179855410905567,Buy
2023-08-30,PCG,0.0010014326103480464,Buy
2023-08-30,ENB,-0.000631558861544701,Sell
2023-08-30,MT,0.000989896012737565,Buy
2023-08-31,HP,0.1111111111111111,Buy
2023-08-31,DAL,0.1111111111111111,Buy
2023-08-31,NSC,0.1111111111111111,Buy
2023-08-31,GREK,0.0008788811688105191,Buy
2023-08-31,STI,-0.11193351497090982,Sell
2023-08-31,NDAQ,-0.11155090533359462,Sell
2023-08-31,WFC,-0.11125985528718742,Sell
2023-08-31,EWI,0.0004871700222950498,Buy
2023-08-31,CCL,-0.00046974534019521286,Sell
2023-08-31,GOLD,0.1111111111111111,Buy
2023-08-31,HUM,0.1111111111111111,Buy
2023-08-31,PCG,-0.11037601109692805,Sell
2023-08-31,PRGO,0.1111111111111111,Buy
2023-08-31,ENB,-0.11136211824985479,Sell
2023-08-31,MT,-0.11130607421590706,Sell
2023-09-01,HP,-0.11366589345492685,Sell
2023-09-01,DAL,0.0019477787845610384,Buy
2023-09-01,NSC,-0.10994412192352072,Sell
2023-09-01,CAG,0.1111111111111111,Buy
2023-09-01,GREK,0.0034080447213977044,Buy
2023-09-01,KMB,0.1111111111111111,Buy
2023-09-01,NDAQ,0.1111111111111111,Buy
2023-09-01,EWI,0.00278143013057941,Buy
2023-09-01,DLTR,0.1111111111111111,Buy
2023-09-01,CCL,0.002518143029594397,Buy
2023-09-01,GOLD,-0.12115357882644992,Sell
2023-09-01,HUM,-0.10897294378970639,Sell
2023-09-01,DUK,0.1111111111111111,Buy
2023-09-01,PRGO,-0.1128027838565349,Sell
2023-09-05,PPG,0.1111111111111111,Buy
2023-09-05,DAL,0.0009204753930735082,Buy
2023-09-05,NSC,0.1111111111111111,Buy
2023-09-05,CAG,-0.0013263392104389815,Sell
2023-09-05,GREK,0.00146629632025988,Buy
2023-09-05,KMB,-0.11270275269865497,Sell
2023-09-05,NDAQ,-0.11041498537319874,Sell
2023-09-05,VTR,0.1111111111111111,Buy
2023-09-05,DHI,0.1111111111111111,Buy
2023-09-05,EWI,-0.11220518658768723,Sell
2023-09-05,DLTR,-0.11074062919033788,Sell
2023-09-05,CCL,0.0006062179930612366,Buy
2023-09-05,ILMN,0.1111111111111111,Buy
2023-09-05,DUK,-0.1114468914108201,Sell
2023-09-06,PPG,-0.11146903645407974,Sell
2023-09-06,DAL,0.00024670868182471994,Buy
2023-09-06,NSC,-0.10952351023525952,Sell
2023-09-06,ICE,0.1111111111111111,Buy
2023-09-06,CAG,-0.11061650290940908,Sell
2023-09-06,GREK,0.00045364381973082846,Buy
2023-09-06,JNJ,0.1111111111111111,Buy
2023-09-06,VTR,-0.11202188381749802,Sell
2023-09-06,DHI,-0.11230851267060267,Sell
2023-09-06,BDX,0.1111111111111111,Buy
2023-09-06,WFC,0.1111111111111111,Buy
2023-09-06,CCL,-0.00031947541968639637,Sell
2023-09-06,ILMN,-0.111387157820312,Sell
2023-09-06,WMB,0.1111111111111111,Buy
2023-09-06,PRGO,0.1111111111111111,Buy
2023-09-07,A,0.1111111111111111,Buy
2023-09-07,DAL,0.0010801826025385874,Buy
2023-09-07,NSC,0.1111111111111111,Buy
2023-09-07,ICE,-0.1131736329531399,Sell
2023-09-07,GREK,0.001927173218539635,Buy
2023-09-07,JNJ,-0.11300903934741101,Sell
2023-09-07,BDX,-0.11214105378380419,Sell
2023-09-07,WFC,0.001133476009872278,Buy
2023-09-07,CCL,0.0004686565422728356,Buy
2023-09-07,ALK,0.1111111111111111,Buy
2023-09-07,WMB,-0.11273663213148526,Sell
2023-09-07,PRGO,0.00167125600603725,Buy
2023-09-07,ENB,0.1111111111111111,Buy
2023-09-08,A,0.00221638445328895,Buy
2023-09-08,DAL,0.0008849358933765289,Buy
2023-09-08,NSC,0.0003592000125043765,Buy
2023-09-08,GREK,-0.00137805883051266,Sell
2023-09-08,QCOM,0.1111111111111111,Buy
2023-09-08,WFC,-0.11262906901741734,Sell
2023-09-08,CCL,4.7851581663385656e-05,Buy
2023-09-08,ALK,0.0006306397514023593,Buy
2023-09-08,CP,0.1111111111111111,Buy
2023-09-08,PRGO,-0.11155747086738771,Sell
2023-09-08,ENB,-0.001021984494204306,Sell
2023-09-11,A,0.0016622816677778485,Buy
2023-09-11,DAL,0.0007469610028425222,Buy
2023-09-11,NSC,-0.11049615985568477,Sell
2023-09-11,GREK,0.0023236036345743727,Buy
2023-09-11,QCOM,-0.11461274794851672,Sell
2023-09-11,STI,0.1111111111111111,Buy
2023-09-11,BBT,0.1111111111111111,Buy
2023-09-11,WFC,0.1111111111111111,Buy
2023-09-11,CCL,-0.0004967527643483238,Sell
2023-09-11,ALK,-0.11202806538844257,Sell
2023-09-11,RF,0.1111111111111111,Buy
2023-09-11,CP,-0.11189788889361797,Sell
2023-09-11,ENB,0.0002419034816973087,Buy
2023-09-12,PPG,0.1111111111111111,Buy
2023-09-12,A,-0.11043031870033347,Sell
2023-09-12,DAL,0.0007742246125394953,Buy
2023-09-12,GREK,0.0006205139426240236,Buy
2023-09-12,STI,-0.11064138863333221,Sell
2023-09-12,BBT,-0.10948268651304768,Sell
2023-09-12,BDX,0.1111111111111111,Buy
2023-09-12,WFC,-0.11398583209680432,Sell
2023-09-12,CCL,0.0005105461390233629,Buy
2023-09-12,ILMN,0.1111111111111111,Buy
2023-09-12,RF,-0.11209942664553445,Sell
2023-09-12,CLX,0.1111111111111111,Buy
2023-09-12,PRGO,0.1111111111111111,Buy
2023-09-12,ENB,-0.0010451821115553955,Sell
2023-09-13,PPG,-0.0003953899854891446,Sell
2023-09-13,DAL,0.0020441331441442417,Buy
2023-09-13,GREK,-0.1101869034903057,Sell
2023-09-13,BDX,-0.11276817089275884,Sell
2023-09-13,ORCL,0.1111111111111111,Buy
2023-09-13,CCL,0.00209393866862341,Buy
2023-09-13,ALK,0.1111111111111111,Buy
2023-09-13,ILMN,-0.1124643592523174,Sell
2023-09-13,RL,0.1111111111111111,Buy
2023-09-13,NWSA,0.1111111111111111,Buy
2023-09-13,CLX,0.0005880234539877016,Buy
2023-09-13,PRGO,-0.11194600858693071,Sell
2023-09-13,ENB,-0.0016912529911015939,Sell
2023-09-14,PPG,-0.11070853505317997,Sell
2023-09-14,DAL,0.002157107063750871,Buy
2023-09-14,GREK,0.1111111111111111,Buy
2023-09-14,ORCL,-0.00023532923802416228,Sell
2023-09-14,CCL,-0.002902000477453079,Sell
2023-09-14,ALK,0.000903649687625338,Buy
2023-09-14,GOLD,0.1111111111111111,Buy
2023-09-14,ULTA,0.1111111111111111,Buy
2023-09-14,RL,-0.11035971715852536,Sell
2023-09-14,NWSA,-0.11075143168127503,Sell
2023-09-14,CLX,-0.11112495059472183,Sell
2023-09-14,PRGO,0.1111111111111111,Buy
2023-09-14,ENB,-0.0016447634635381458,Sell
2023-09-15,DAL,-0.11359742158031823,Sell
2023-09-15,GREK,-0.11412169074330972,Sell
2023-09-15,JNJ,0.1111111111111111,Buy
2023-09-15,ORCL,-0.11222088656098937,Sell
2023-09-15,CCL,0.002288719335360137,Buy
2023-09-15,ALK,-0.1122875277965802,Sell
2023-09-15,GOLD,-0.10488927459223757,Sell
2023-09-15,ULTA,-0.00025491122552215306,Sell
2023-09-15,NTAP,0.1111111111111111,Buy
2023-09-15,NWSA,0.1111111111111111,Buy
2023-09-15,LOW,0.1111111111111111,Buy
2023-09-15,CLX,0.1111111111111111,Buy
2023-09-15,PRGO,-0.0005638053341837368,Sell
2023-09-15,ENB,-0.0001343043190888682,Sell
2023-09-18,PPG,0.1111111111111111,Buy
2023-09-18,A,0.1111111111111111,Buy
2023-09-18,JNJ,-0.11285198136374708,Sell
2023-09-18,CCL,7.50184563783618e-05,Buy
2023-09-18,ALK,0.1111111111111111,Buy
2023-09-18,ULTA,-0.11060331149072027,Sell
2023-09-18,NTAP,0.0012041163228102142,Buy
2023-09-18,NWSA,0.0009583333724558218,Buy
2023-09-18,LOW,0.000139927450622232,Buy
2023-09-18,CLX,0.0016522784321145179,Buy
2023-09-18,PRGO,-0.1133806195262153,Sell
2023-09-18,ENB,-0.0008086656309286289,Sell
2023-09-19,PPG,-0.11126696152317803,Sell
2023-09-19,A,-0.11112659645061478,Sell
2023-09-19,KMB,0.1111111111111111,Buy
2023-09-19,EOG,0.1111111111111111,Buy
2023-09-19,CCL,-0.11187327690489898,Sell
2023-09-19,ALK,-0.11207616429344712,Sell
2023-09-19,D,0.1111111111111111,Buy
2023-09-19,ULTA,0.1111111111111111,Buy
2023-09-19,NTAP,-0.0002011861203272819,Sell
2023-09-19,NWSA,-0.0005594195005343,Sell
2023-09-19,LOW,-0.0002788040694681193,Sell
2023-09-19,CLX,0.002937231734313761,Buy
2023-09-19,ENB,-0.00016861377655981447,Sell
2023-09-20,RRC,0.1111111111111111,Buy
2023-09-20,KMB,-0.1123981379865815,Sell
2023-09-20,BBT,0.1111111111111111,Buy
2023-09-20,EOG,0.0022526889938055544,Buy
2023-09-20,QQQ,0.1111111111111111,Buy
2023-09-20,CCL,0.1111111111111111,Buy
2023-09-20,ALK,0.1111111111111111,Buy
2023-09-20,D,-0.11217495212421869,Sell
2023-09-20,ULTA,-0.11176659577773734,Sell
2023-09-20,NTAP,-0.11195316001239594,Sell
2023-09-20,NWSA,0.0007872499082209744,Buy
2023-09-20,LOW,0.0005492388216108424,Buy
2023-09-20,CLX,0.0008171131267854514,Buy
2023-09-20,ENB,-0.11189431072938251,Sell
2023-09-21,PPG,0.1111111111111111,Buy
2023-09-21,HP,0.1111111111111111,Buy
2023-09-21,ICE,0.1111111111111111,Buy
2023-09-21,RRC,-0.11063615558780739,Sell
2023-09-21,BBT,-0.1142007207324112,Sell
2023-09-21,EOG,-0.1095848010466734,Sell
2023-09-21,QQQ,0.000980787673525857,Buy
2023-09-21,CCL,0.0004565758645337509,Buy
2023-09-21,ALK,0.0002616121421521317,Buy
2023-09-21,EW,0.1111111111111111,Buy
2023-09-21,NWSA,-0.11361192219428534,Sell
2023-09-21,LOW,0.0011696998253335755,Buy
2023-09-21,CLX,-0.11067337803925764,Sell
2023-09-21,PRGO,0.1111111111111111,Buy
2023-09-22,MNST,0.1111111111111111,Buy
2023-09-22,PPG,-0.11359312294141935,Sell
2023-09-22,BAX,0.1111111111111111,Buy
2023-09-22,HP,-0.11238059751376667,Sell
2023-09-22,ICE,0.0013655178849678734,Buy
2023-09-22,QQQ,-0.0008914886192299132,Sell
2023-09-22,CCL,0.002224159000160056,Buy
2023-09-22,ALK,0.0010322124960509549,Buy
2023-09-22,ULTA,0.1111111111111111,Buy
2023-09-22,EW,-4.606231536968819e-05,Sell
2023-09-22,LOW,-0.11192313272173894,Sell
2023-09-22,PRGO,0.0005976971660241331,Buy
2023-09-25,MNST,-0.1117320407995481,Sell
2023-09-25,BAX,-0.11087492407519024,Sell
2023-09-25,HP,0.1111111111111111,Buy
2023-09-25,ICE,0.0006464998404508981,Buy
2023-09-25,STI,0.1111111111111111,Buy
2023-09-25,QQQ,-0.11199568448665101,Sell
2023-09-25,CCL,0.0008348921221067035,Buy
2023-09-25,ALK,6.099662830233443e-05,Buy
2023-09-25,MAR,0.1111111111111111,Buy
2023-09-25,GOLD,0.1111111111111111,Buy
2023-09-25,ULTA,-0.11137120628107662,Sell
2023-09-25,EW,-0.11114621660141136,Sell
2023-09-25,CME,0.1111111111111111,Buy
2023-09-25,PRGO,-0.0001477600134470458,Sell
2023-09-26,HP,0.000237408988711732,Buy
2023-09-26,XLP,0.1111111111111111,Buy
2023-09-26,ICE,0.0004969270284429506,Buy
2023-09-26,STI,-0.1128342765105763,Sell
2023-09-26,BDX,0.1111111111111111,Buy
2023-09-26,CCL,-0.11149135544982594,Sell
2023-09-26,ALK,5.299762586054302e-05,Buy
2023-09-26,MAR,-0.11194269817964722,Sell
2023-09-26,GOLD,-0.10930772149866241,Sell
2023-09-26,ULTA,0.1111111111111111,Buy
2023-09-26,BX,0.1111111111111111,Buy
2023-09-26,CME,-0.11205374885845477,Sell
2023-09-26,PRGO,0.001004522264916402,Buy
2023-09-26,SYK,0.1111111111111111,Buy
2023-09-27,HP,-0.11665664726883729,Sell
2023-09-27,XLP,0.001144773503103741,Buy
2023-09-27,ICE,-0.11195276264388743,Sell
2023-09-27,CAG,0.1111111111111111,Buy
2023-09-27,JNJ,0.1111111111111111,Buy
2023-09-27,BDX,0.0011430061202672287,Buy
2023-09-27,ALK,0.001527867611046202,Buy
2023-09-27,ULTA,-0.11165127104484399,Sell
2023-09-27,BX,-0.11151585163720841,Sell
2023-09-27,PRGO,0.00016322836071161473,Buy
2023-09-27,SYK,0.0030750545223163367,Buy
2023-09-27,COF,0.1111111111111111,Buy
2023-09-27,MRK,0.1111111111111111,Buy
2023-09-28,XLP,0.0006305311088677379,Buy
2023-09-28,CAG,0.0013666777146106174,Buy
2023-09-28,GREK,0.1111111111111111,Buy
2023-09-28,JNJ,-0.10998314883099554,Sell
2023-09-28,KMB,0.1111111111111111,Buy
2023-09-28,BDX,-0.11182124447881321,Sell
2023-09-28,ALK,-0.11141495043614774,Sell
2023-09-28,GOLD,0.1111111111111111,Buy
2023-09-28,D,0.1111111111111111,Buy
2023-09-28,PCG,0.1111111111111111,Buy
2023-09-28,DUK,0.1111111111111111,Buy
2023-09-28,PRGO,-0.11105382747558397,Sell
2023-09-28,SYK,-0.1133021255621402,Sell
2023-09-28,COF,-0.11189767230767544,Sell
2023-09-28,MRK,-0.11052587151652422,Sell
2023-09-28,BMY,0.1111111111111111,Buy
2023-09-29,HP,0.1111111111111111,Buy
2023-09-29,XLP,-0.1110864380159496,Sell
2023-09-29,CAG,-0.11132809604529055,Sell
2023-09-29,GREK,-0.0010406883700509323,Sell
2023-09-29,KMB,-0.1107221606723981,Sell
2023-09-29,TRV,0.1111111111111111,Buy
2023-09-29,DPZ,0.1111111111111111,Buy
2023-09-29,BDX,0.1111111111111111,Buy
2023-09-29,GOLD,-0.10987339577147708,Sell
2023-09-29,D,-0.11274699984197573,Sell
2023-09-29,PCG,0.000728329772391581,Buy
2023-09-29,DUK,-0.1108816487003497,Sell
2023-09-29,HMC,0.1111111111111111,Buy
2023-09-29,CME,0.1111111111111111,Buy
2023-09-29,MRK,0.1111111111111111,Buy
2023-09-29,BMY,-0.11121767008202894,Sell
2023-10-02,MET,0.1111111111111111,Buy
2023-10-02,HP,0.0031878666702611635,Buy
2023-10-02,GREK,-0.11069440862430754,Sell
2023-10-02,KMB,0.1111111111111111,Buy
2023-10-02,TRV,-0.0009352094792985655,Sell
2023-10-02,DPZ,-0.11328540531462156,Sell
2023-10-02,BBT,0.1111111111111111,Buy
2023-10-02,BDX,-0.11242854956656892,Sell
2023-10-02,EOG,0.1111111111111111,Buy
2023-10-02,GOLD,0.1111111111111111,Buy
2023-10-02,WMB,0.1111111111111111,Buy
2023-10-02,PCG,-0.1064026505913793,Sell
2023-10-02,DUK,0.1111111111111111,Buy
2023-10-02,HMC,-0.11256329772995192,Sell
2023-10-02,CME,-0.11272499275632648,Sell
2023-10-02,MRK,-0.11232627462765712,Sell
2023-10-03,MET,0.002293287148579376,Buy
2023-10-03,HP,-0.11278054815427455,Sell
2023-10-03,KMB,-0.11284164960429731,Sell
2023-10-03,TRV,0.0006377889907513562,Buy
2023-10-03,DPZ,0.1111111111111111,Buy
2023-10-03,BBT,-0.11029222197954576,Sell
2023-10-03,EOG,-0.11192260678331516,Sell
2023-10-03,ALK,0.1111111111111111,Buy
2023-10-03,GOLD,-0.10991061721736706,Sell
2023-10-03,WMB,-0.11153546033247756,Sell
2023-10-03,NWSA,0.1111111111111111,Buy
2023-10-03,BX,0.1111111111111111,Buy
2023-10-03,DUK,-0.11181734741589312,Sell
2023-10-03,RF,0.1111111111111111,Buy
2023-10-03,HMC,0.1111111111111111,Buy
2023-10-03,SYK,0.1111111111111111,Buy
2023-10-04,MET,0.0009391975015042853,Buy
2023-10-04,STI,0.1111111111111111,Buy
2023-10-04,TRV,-0.11173574652196452,Sell
2023-10-04,DPZ,-0.0016103485123635242,Sell
2023-10-04,EOG,0.1111111111111111,Buy
2023-10-04,ALK,-0.11166926432425528,Sell
2023-10-04,KO,0.1111111111111111,Buy
2023-10-04,NWSA,-0.11287025446854852,Sell
2023-10-04,BX,-0.11174272382913103,Sell
2023-10-04,RF,-0.11091949203172312,Sell
2023-10-04,HMC,0.0033397759804010135,Buy
2023-10-04,PRGO,0.1111111111111111,Buy
2023-10-04,SYK,-0.11078663997428992,Sell
2023-10-04,XLE,0.1111111111111111,Buy
2023-10-04,CAT,0.1111111111111111,Buy
2023-10-05,MET,-0.11241130874403407,Sell
2023-10-05,CAG,0.1111111111111111,Buy
2023-10-05,STI,-0.0007595071069768783,Sell
2023-10-05,KMB,0.1111111111111111,Buy
2023-10-05,DPZ,0.001583455160333716,Buy
2023-10-05,EOG,8.403174450186124e-05,Buy
2023-10-05,KO,-0.10646406824823064,Sell
2023-10-05,D,0.1111111111111111,Buy
2023-10-05,HMC,-0.11341705437661141,Sell
2023-10-05,CLX,0.1111111111111111,Buy
2023-10-05,PRGO,-0.11435581723985785,Sell
2023-10-05,XLE,-6.806840252986113e-05,Sell
2023-10-05,CAT,0.001026028931121331,Buy
2023-10-06,BAX,0.1111111111111111,Buy
2023-10-06,WEN,0.1111111111111111,Buy
2023-10-06,CAG,-0.11263920121160367,Sell
2023-10-06,STI,0.00042514383071384776,Buy
2023-10-06,KMB,-0.11119002730769566,Sell
2023-10-06,HAS,0.1111111111111111,Buy
2023-10-06,DPZ,0.006836189415999144,Buy
2023-10-06,EOG,-0.11296873315283498,Sell
2023-10-06,ALK,0.1111111111111111,Buy
2023-10-06,KO,0.1111111111111111,Buy
2023-10-06,D,-0.0017277590792066783,Sell
2023-10-06,CLX,-0.11095268831297707,Sell
2023-10-06,XLE,-0.11155419386664399,Sell
2023-10-06,MT,0.1111111111111111,Buy
2023-10-06,CAT,-0.11311860649023195,Sell
2023-10-09,PPG,0.1111111111111111,Buy
2023-10-09,BAX,-0.11057519688111657,Sell
2023-10-09,WEN,-0.11237007094840043,Sell
2023-10-09,STI,-0.1109691079428364,Sell
2023-10-09,HAS,-0.11093134648637418,Sell
2023-10-09,DPZ,-0.11375666394385163,Sell
2023-10-09,ALK,0.0021038146594483803,Buy
2023-10-09,MAR,0.1111111111111111,Buy
2023-10-09,KO,0.0006849422853410919,Buy
2023-10-09,D,-0.0011353538375794003,Sell
2023-10-09,RF,0.1111111111111111,Buy
2023-10-09,CLX,0.1111111111111111,Buy
2023-10-09,PRGO,0.1111111111111111,Buy
2023-10-09,MT,-0.11005427265271386,Sell
2023-10-09,BMY,0.1111111111111111,Buy
2023-10-10,PPG,-0.1111734296490313,Sell
2023-10-10,NVDA,0.1111111111111111,Buy
2023-10-10,STI,0.1111111111111111,Buy
2023-10-10,TRV,0.1111111111111111,Buy
2023-10-10,ALK,-0.0002961685809639708,Sell
2023-10-10,MAR,-0.11215379866773244,Sell
2023-10-10,KO,-0.0011547554479207633,Sell
2023-10-10,D,0.00016674504089078668,Buy
2023-10-10,RL,0.1111111111111111,Buy
2023-10-10,HUM,0.1111111111111111,Buy
2023-10-10,RF,-0.11094767060979499,Sell
2023-10-10,CLX,-0.1106528308095705,Sell
2023-10-10,PRGO,-0.11133649728632715,Sell
2023-10-10,BMY,0.0016617593157085553,Buy
2023-10-11,NVDA,-0.11356288056037755,Sell
2023-10-11,JNJ,0.1111111111111111,Buy
2023-10-11,STI,-6.114214271421559e-06,Sell
2023-10-11,TRV,-0.11124050942799876,Sell
2023-10-11,BDX,0.1111111111111111,Buy
2023-10-11,ALK,0.0012027224287500249,Buy
2023-10-11,KO,0.0006519929689720594,Buy
2023-10-11,D,-0.0009714370704135694,Sell
2023-10-11,RL,-0.1107112811158876,Sell
2023-10-11,HUM,0.0015438427291128848,Buy
2023-10-11,RF,0.1111111111111111,Buy
2023-10-11,BMY,-0.000518459214360098,Sell
2023-10-12,MNST,0.1111111111111111,Buy
2023-10-12,A,0.1111111111111111,Buy
2023-10-12,CAG,0.1111111111111111,Buy
2023-10-12,JNJ,-0.11245132376928874,Sell
2023-10-12,STI,-0.11234343270157796,Sell
2023-10-12,BDX,-0.11052476913544991,Sell
2023-10-12,MS,0.1111111111111111,Buy
2023-10-12,ALK,0.001726651169987728,Buy
2023-10-12,ILMN,0.1111111111111111,Buy
2023-10-12,KO,0.0006501845231592779,Buy
2023-10-12,D,-0.10865618468174676,Sell
2023-10-12,HUM,-0.11379833168137525,Sell
2023-10-12,RF,0.00013024072063047565,Buy
2023-10-12,PRGO,0.1111111111111111,Buy
2023-10-12,BMY,-0.11157000485618955,Sell
2023-10-13,MNST,-0.11140420395832873,Sell
2023-10-13,A,-0.11258343586516388,Sell
2023-10-13,CAG,-0.11490158071287657,Sell
2023-10-13,DPZ,0.1111111111111111,Buy
2023-10-13,QQQ,0.1111111111111111,Buy
2023-10-13,MS,-0.11095545291448501,Sell
2023-10-13,ALK,0.002007649244040191,Buy
2023-10-13,MAR,0.1111111111111111,Buy
2023-10-13,ILMN,-0.10988605856952592,Sell
2023-10-13,KO,-4.0994452764855915e-05,Sell
2023-10-13,ULTA,0.1111111111111111,Buy
2023-10-13,RF,0.0018985114880965964,Buy
2023-10-13,PRGO,-2.4236404452496196e-05,Sell
2023-10-13,CAT,0.1111111111111111,Buy
2023-10-16,MNST,0.1111111111111111,Buy
2023-10-16,BAX,0.1111111111111111,Buy
2023-10-16,DAL,0.1111111111111111,Buy
2023-10-16,DPZ,-0.11037832480517377,Sell
2023-10-16,QQQ,0.0010306128401871006,Buy
2023-10-16,HTZ,0.1111111111111111,Buy
2023-10-16,ALK,-0.11289833243108545,Sell
2023-10-16,MAR,-0.11116863266981487,Sell
2023-10-16,GOLD,0.1111111111111111,Buy
2023-10-16,KO,0.0011499587621703056,Buy
2023-10-16,ULTA,1.5065098510860797e-05,Buy
2023-10-16,RF,-0.11231290217507156,Sell
2023-10-16,PRGO,-0.11237061777517168,Sell
2023-10-16,MT,0.1111111111111111,Buy
2023-10-16,CAT,-0.11000761318643242,Sell
2023-10-17,MNST,-0.11323335347170169,Sell
2023-10-17,BAX,0.000909453498819629,Buy
2023-10-17,DAL,-0.11152234216343604,Sell
2023-10-17,JNJ,0.1111111111111111,Buy
2023-10-17,EBAY,0.1111111111111111,Buy
2023-10-17,QQQ,0.0007874302052682108,Buy
2023-10-17,HTZ,-0.11137127983225417,Sell
2023-10-17,ALK,0.1111111111111111,Buy
2023-10-17,GOLD,-0.00016681083228380078,Sell
2023-10-17,KO,-0.0009009348590145044,Sell
2023-10-17,ULTA,-0.10965727251704854,Sell
2023-10-17,NTES,0.1111111111111111,Buy
2023-10-17,BSX,0.1111111111111111,Buy
2023-10-17,MT,-0.11073366613874588,Sell
2023-10-18,BAX,-0.11316507745970428,Sell
2023-10-18,A,0.1111111111111111,Buy
2023-10-18,DAL,0.1111111111111111,Buy
2023-10-18,ICE,0.1111111111111111,Buy
2023-10-18,JNJ,0.0011418501800479625,Buy
2023-10-18,EBAY,-0.11061923361622866,Sell
2023-10-18,QQQ,-0.11091420142012386,Sell
2023-10-18,ALK,0.004562237890349111,Buy
2023-10-18,GOLD,-0.11108123129058886,Sell
2023-10-18,KO,-0.0012358303369366802,Sell
2023-10-18,NTES,-0.11269176316995913,Sell
2023-10-18,RF,0.1111111111111111,Buy
2023-10-18,BSX,-0.1129453311808281,Sell
2023-10-18,CAT,0.1111111111111111,Buy
2023-10-18,MRK,0.1111111111111111,Buy
2023-10-19,A,-0.1128359626955408,Sell
2023-10-19,DAL,0.0006545188568997939,Buy
2023-10-19,HYG,0.1111111111111111,Buy
2023-10-19,ICE,-0.11183721128664774,Sell
2023-10-19,JNJ,-0.11160820037520622,Sell
2023-10-19,EBAY,0.1111111111111111,Buy
2023-10-19,ALK,-0.11019540760952821,Sell
2023-10-19,MAR,0.1111111111111111,Buy
2023-10-19,KO,-0.11252977767063502,Sell
2023-10-19,NWSA,0.1111111111111111,Buy
2023-10-19,BX,0.1111111111111111,Buy
2023-10-19,LOW,0.1111111111111111,Buy
2023-10-19,RF,-0.11150268312578146,Sell
2023-10-19,CAT,0.001935215960129591,Buy
2023-10-19,MRK,0.0009141718458572923,Buy
2023-10-20,DAL,0.0010037011787834282,Buy
2023-10-20,HYG,-0.11198069767564645,Sell
2023-10-20,QCOM,0.1111111111111111,Buy
2023-10-20,TRV,0.1111111111111111,Buy
2023-10-20,EBAY,0.0003960530282786229,Buy
2023-10-20,MAR,0.001885749419729757,Buy
2023-10-20,NWSA,0.0014830485438295238,Buy
2023-10-20,BX,-0.0008733265633916326,Sell
2023-10-20,LOW,-0.1117707093646877,Sell
2023-10-20,SYK,0.1111111111111111,Buy
2023-10-20,COF,0.1111111111111111,Buy
2023-10-20,CAT,-0.11068569487209896,Sell
2023-10-20,MRK,-0.11423965699909995,Sell
2023-10-23,MET,0.1111111111111111,Buy
2023-10-23,DAL,-0.11123103096623589,Sell
2023-10-23,NSC,0.1111111111111111,Buy
2023-10-23,QCOM,-0.11192151457698218,Sell
2023-10-23,TRV,0.0008823390761801553,Buy
2023-10-23,EBAY,0.0008401249104889735,Buy
2023-10-23,MAR,-0.112289443911432,Sell
2023-10-23,NWSA,-0.00019922761570798087,Sell
2023-10-23,BX,0.001211351222516005,Buy
2023-10-23,LOW,0.1111111111111111,Buy
2023-10-23,HMC,0.1111111111111111,Buy
2023-10-23,SYK,-0.11099780825462151,Sell
2023-10-23,COF,-0.0009655014273559498,Sell
2023-10-24,MET,-0.0008047334866858463,Sell
2023-10-24,CNC,0.1111111111111111,Buy
2023-10-24,A,0.1111111111111111,Buy
2023-10-24,NSC,-0.11018434982680389,Sell
2023-10-24,KMB,0.1111111111111111,Buy
2023-10-24,TRV,0.001438150756302367,Buy
2023-10-24,EBAY,-0.1128117307321476,Sell
2023-10-24,WMB,0.1111111111111111,Buy
2023-10-24,NWSA,-0.001330053155640054,Sell
2023-10-24,BX,-0.1134517298415125,Sell
2023-10-24,LOW,-0.10994100155351369,Sell
2023-10-24,RF,0.1111111111111111,Buy
2023-10-24,HMC,-0.11069230650763018,Sell
2023-10-24,COF,0.0019995730955320035,Buy
2023-10-25,MET,-0.11145810210425167,Sell
2023-10-25,CNC,0.0007544074172483872,Buy
2023-10-25,A,0.0015537912889682925,Buy
2023-10-25,HYG,0.1111111111111111,Buy
2023-10-25,NSC,0.1111111111111111,Buy
2023-10-25,QCOM,0.1111111111111111,Buy
2023-10-25,KMB,0.0007780731438386396,Buy
2023-10-25,TRV,-0.11675747953752888,Sell
2023-10-25,QQQ,0.1111111111111111,Buy
2023-10-25,WMB,-0.11193070953757041,Sell
2023-10-25,NWSA,0.003926763877101558,Buy
2023-10-25,RF,4.93031036051389e-05,Buy
2023-10-25,COF,-0.11164210647758152,Sell
2023-10-26,CNC,-0.10985527089675388,Sell
2023-10-26,A,-0.111798349085526,Sell
2023-10-26,HYG,-0.11120677346049378,Sell
2023-10-26,NSC,0.0005803816942329121,Buy
2023-10-26,QCOM,-0.000600368420763317,Sell
2023-10-26,JNJ,0.1111111111111111,Buy
2023-10-26,STI,0.1111111111111111,Buy
2023-10-26,KMB,-0.11211990101492354,Sell
2023-10-26,DPZ,0.1111111111111111,Buy
2023-10-26,MU,0.1111111111111111,Buy
2023-10-26,QQQ,0.002401170710541245,Buy
2023-10-26,WSM,0.1111111111111111,Buy
2023-10-26,NWSA,0.0005577263812401728,Buy
2023-10-26,RF,-0.11373940972603996,Sell
2023-10-27,NSC,-0.11086437530359262,Sell
2023-10-27,QCOM,-0.11221234385498229,Sell
2023-10-27,JNJ,0.0023244762217517895,Buy
2023-10-27,STI,-0.11132696220946237,Sell
2023-10-27,DPZ,-0.10960847971684741,Sell
2023-10-27,EWC,0.1111111111111111,Buy
2023-10-27,BDX,0.1111111111111111,Buy
2023-10-27,MU,-0.11325921923536117,Sell
2023-10-27,QQQ,-0.11186147404951259,Sell
2023-10-27,ALK,0.1111111111111111,Buy
2023-10-27,EW,0.1111111111111111,Buy
2023-10-27,RL,0.1111111111111111,Buy
2023-10-27,WSM,-0.1125542722787765,Sell
2023-10-27,NWSA,0.0013047257473252222,Buy
2023-10-27,CME,0.1111111111111111,Buy
2023-10-27,BMY,0.1111111111111111,Buy
2023-10-30,A,0.1111111111111111,Buy
2023-10-30,JNJ,-0.11098277453962119,Sell
2023-10-30,EWC,-0.1110903844846591,Sell
2023-10-30,BDX,0.0014305009058765694,Buy
2023-10-30,ALK,-0.00072655761397733,Sell
2023-10-30,EW,5.0108835597917345e-05,Buy
2023-10-30,RL,-0.11214506670814188,Sell
2023-10-30,NTAP,0.1111111111111111,Buy
2023-10-30,NWSA,-0.11207752523199915,Sell
2023-10-30,RF,0.1111111111111111,Buy
2023-10-30,CME,-0.11111266891468331,Sell
2023-10-30,XLE,0.1111111111111111,Buy
2023-10-30,MT,0.1111111111111111,Buy
2023-10-30,BMY,0.0007122862414869063,Buy
2023-10-31,VWO,0.1111111111111111,Buy
2023-10-31,A,-0.11202605524717797,Sell
2023-10-31,HYG,0.1111111111111111,Buy
2023-10-31,STI,0.1111111111111111,Buy
2023-10-31,EWC,0.1111111111111111,Buy
2023-10-31,BDX,-0.11037976691417865,Sell
2023-10-31,ALK,0.0020554317909578235,Buy
2023-10-31,XRT,0.1111111111111111,Buy
2023-10-31,EW,-0.11203297823583436,Sell
2023-10-31,NTAP,-0.11210637669411318,Sell
2023-10-31,RF,-0.0009209296607029516,Sell
2023-10-31,PRGO,0.1111111111111111,Buy
2023-10-31,XLE,-0.11000336126432983,Sell
2023-10-31,MT,-0.1123981838591236,Sell
2023-10-31,BMY,0.0008702715775215641,Buy
2023-11-01,VWO,-0.11172524076443605,Sell
2023-11-01,HYG,-0.11199316888212765,Sell
2023-11-01,STI,0.00017534386307244132,Buy
2023-11-01,EWC,-0.0009780503073071878,Sell
2023-11-01,EBAY,0.1111111111111111,Buy
2023-11-01,ALK,0.0021043539474239342,Buy
2023-11-01,XRT,-0.1106333470395665,Sell
2023-11-01,ULTA,0.1111111111111111,Buy
2023-11-01,HUM,0.1111111111111111,Buy
2023-11-01,RF,9.897149789928061e-05,Buy
2023-11-01,PRGO,-0.11254120359232117,Sell
2023-11-01,XLE,0.1111111111111111,Buy
2023-11-01,BMY,0.000713560276153935,Buy
2023-11-02,AMTD,0.1111111111111111,Buy
2023-11-02,WEN,0.1111111111111111,Buy
2023-11-02,ICE,0.1111111111111111,Buy
2023-11-02,STI,0.001978594998169367,Buy
2023-11-02,EWC,-0.11342024044835489,Sell
2023-11-02,EBAY,-0.10992190223673322,Sell
2023-11-02,ALK,-0.1127843085452492,Sell
2023-11-02,MAR,0.1111111111111111,Buy
2023-11-02,ULTA,-0.11054514534699848,Sell
2023-11-02,HUM,0.00375375644177188,Buy
2023-11-02,TRIP,0.1111111111111111,Buy
2023-11-02,RF,-0.11581254951800939,Sell
2023-11-02,PRGO,0.1111111111111111,Buy
2023-11-02,XLE,-0.11243255299435669,Sell
2023-11-02,BMY,0.0022978152725640633,Buy
2023-11-03,AMTD,0.0016719176804659425,Buy
2023-11-03,BAX,0.1111111111111111,Buy
2023-11-03,WEN,-0.11175788850425099,Sell
2023-11-03,ICE,-0.11025063447264939,Sell
2023-11-03,STI,0.002546271537616801,Buy
2023-11-03,KMB,0.1111111111111111,Buy
2023-11-03,HAS,0.1111111111111111,Buy
2023-11-03,TRV,0.1111111111111111,Buy
2023-11-03,MAR,-0.11183876670517715,Sell
2023-11-03,HUM,0.003536306484462237,Buy
2023-11-03,TRIP,-0.11663685136970713,Sell
2023-11-03,CME,0.1111111111111111,Buy
2023-11-03,PRGO,-0.11211346496761553,Sell
2023-11-03,XLE,0.1111111111111111,Buy
2023-11-03,BMY,-0.11215322764724846,Sell
2023-11-06,AMTD,-0.1131153754898492,Sell
2023-11-06,BAX,-0.11204600917477688,Sell
2023-11-06,CF,0.1111111111111111,Buy
2023-11-06,RRC,0.1111111111111111,Buy
2023-11-06,STI,0.0007868904770471224,Buy
2023-11-06,KMB,-0.11161792053628523,Sell
2023-11-06,HAS,-0.10771536075081116,Sell
2023-11-06,TRV,-0.11107103471647191,Sell
2023-11-06,ALK,0.1111111111111111,Buy
2023-11-06,HUM,-0.0015953256721664144,Sell
2023-11-06,RF,0.1111111111111111,Buy
2023-11-06,CME,-0.11266163906597683,Sell
2023-11-06,PRGO,0.1111111111111111,Buy
2023-11-06,OHI,0.1111111111111111,Buy
2023-11-06,XLE,0.002034203977455018,Buy
2023-11-07,CF,0.0008585288287882575,Buy
2023-11-07,RRC,0.00398611424129261,Buy
2023-11-07,STI,-0.11160856305622632,Sell
2023-11-07,EWC,0.1111111111111111,Buy
2023-11-07,BDX,0.1111111111111111,Buy
2023-11-07,EOG,0.1111111111111111,Buy
2023-11-07,EWI,0.1111111111111111,Buy
2023-11-07,ALK,-0.11233406549719874,Sell
2023-11-07,HUM,-0.11373157709403224,Sell
2023-11-07,RF,-0.11038761589466385,Sell
2023-11-07,PRGO,-0.11574379347934535,Sell
2023-11-07,OHI,0.000742627501315804,Buy
2023-11-07,XLE,-0.10878356842544365,Sell
2023-11-07,MT,0.1111111111111111,Buy
2023-11-07,CAT,0.1111111111111111,Buy
2023-11-08,CF,-0.11379575398910133,Sell
2023-11-08,RRC,0.0024340698701350583,Buy
2023-11-08,EWC,-0.0002500863211413046,Sell
2023-11-08,BDX,-0.11164852213651244,Sell
2023-11-08,EOG,0.0006825135698021872,Buy
2023-11-08,EWI,-0.0008006858429043806,Sell
2023-11-08,XRT,0.1111111111111111,Buy
2023-11-08,KGC,0.1111111111111111,Buy
2023-11-08,OHI,0.0008432790279837982,Buy
2023-11-08,XLE,0.1111111111111111,Buy
2023-11-08,MT,0.0005476252568534928,Buy
2023-11-08,CAT,-0.11168386049275486,Sell
2023-11-09,BAX,0.1111111111111111,Buy
2023-11-09,RRC,-0.0002563940974365936,Sell
2023-11-09,JNJ,0.1111111111111111,Buy
2023-11-09,EWC,-0.1116030168112382,Sell
2023-11-09,EOG,-0.11138293667418701,Sell
2023-11-09,EWI,-0.11108500759629931,Sell
2023-11-09,XRT,0.0017637930026082743,Buy
2023-11-09,KGC,-0.11491809335183704,Sell
2023-11-09,ULTA,0.1111111111111111,Buy
2023-11-09,LOW,0.1111111111111111,Buy
2023-11-09,OHI,-0.00022519419430831744,Sell
2023-11-09,XLE,0.00014705866761703656,Buy
2023-11-09,MT,-0.10816505717966483,Sell
2023-11-09,BMY,0.1111111111111111,Buy
2023-11-10,BAX,0.0008244921322993481,Buy
2023-11-10,RRC,-0.10968718682885856,Sell
2023-11-10,JNJ,-0.11019300409890402,Sell
2023-11-10,BDX,0.1111111111111111,Buy
2023-11-10,XRT,-0.00011994380802615723,Sell
2023-11-10,ILMN,0.1111111111111111,Buy
2023-11-10,KGC,0.1111111111111111,Buy
2023-11-10,ULTA,-0.1105642057447593,Sell
2023-11-10,NWSA,0.1111111111111111,Buy
2023-11-10,LOW,-0.11270047760638531,Sell
2023-11-10,CP,0.1111111111111111,Buy
2023-11-10,OHI,-0.11331923411280428,Sell
2023-11-10,XLE,-0.1115370724057875,Sell
2023-11-10,MRK,0.1111111111111111,Buy
2023-11-10,BMY,0.00035317460900329,Buy
2023-11-13,BAX,-0.11512563506631256,Sell
2023-11-13,STI,0.1111111111111111,Buy
2023-11-13,BDX,-0.0015530113182208732,Sell
2023-11-13,EBAY,0.1111111111111111,Buy
2023-11-13,XRT,-0.00018830587397609955,Sell
2023-11-13,ILMN,0.005383015905240832,Buy
2023-11-13,KGC,-0.00032588316137567575,Sell
2023-11-13,NWSA,0.0015431500353732391,Buy
2023-11-13,DUK,0.1111111111111111,Buy
2023-11-13,CP,0.0009438370903738086,Buy
2023-11-13,MRK,-0.11328005633577261,Sell
2023-11-13,BMY,-0.11106736680381843,Sell
2023-11-14,AMTD,0.1111111111111111,Buy
2023-11-14,NVDA,0.1111111111111111,Buy
2023-11-14,JNJ,0.1111111111111111,Buy
2023-11-14,STI,-0.10853337228509619,Sell
2023-11-14,TRV,0.1111111111111111,Buy
2023-11-14,BDX,0.004032059361051707,Buy
2023-11-14,EBAY,-0.11273481517643004,Sell
2023-11-14,QQQ,0.1111111111111111,Buy
2023-11-14,XRT,-0.11359078701446068,Sell
2023-11-14,ILMN,-0.11371781936891226,Sell
2023-11-14,KGC,-0.11138797009336295,Sell
2023-11-14,NWSA,-0.11093472470143663,Sell
2023-11-14,DUK,-0.11175543887672418,Sell
2023-11-14,CME,0.1111111111111111,Buy
2023-11-14,CP,-0.11043228915971294,Sell
2023-11-14,OHI,0.1111111111111111,Buy
2023-11-14,MRK,0.1111111111111111,Buy
2023-11-15,AMTD,-0.007415498741946969,Sell
2023-11-15,NVDA,-0.10875180341417932,Sell
2023-11-15,JNJ,-0.11131301248194242,Sell
2023-11-15,STI,0.1111111111111111,Buy
2023-11-15,TRV,0.00010090279815805347,Buy
2023-11-15,BDX,0.00045207591100694666,Buy
2023-11-15,EOG,0.1111111111111111,Buy
2023-11-15,QQQ,0.0005677529062986381,Buy
2023-11-15,NWSA,0.1111111111111111,Buy
2023-11-15,CME,-0.11009506948571213,Sell
2023-11-15,OHI,0.0011399864470290622,Buy
2023-11-15,MRK,0.0015374463375222164,Buy
2023-11-16,AMTD,-0.10256483629192131,Sell
2023-11-16,WEN,0.1111111111111111,Buy
2023-11-16,STI,-0.0007778045755802293,Sell
2023-11-16,TRV,-0.11330783254164102,Sell
2023-11-16,BDX,-0.0014048213169215729,Sell
2023-11-16,EOG,0.001376878932560055,Buy
2023-11-16,QQQ,-0.11198468470112063,Sell
2023-11-16,DLTR,0.1111111111111111,Buy
2023-11-16,XRT,0.1111111111111111,Buy
2023-11-16,TRP,0.1111111111111111,Buy
2023-11-16,NWSA,-0.11290708195824632,Sell
2023-11-16,NTES,0.1111111111111111,Buy
2023-11-16,OHI,-0.11267086112451612,Sell
2023-11-16,CAT,0.1111111111111111,Buy
2023-11-16,MRK,-0.1125954805874685,Sell
2023-11-17,CF,0.1111111111111111,Buy
2023-11-17,WEN,-0.11177014386007966,Sell
2023-11-17,SPWR,0.1111111111111111,Buy
2023-11-17,JNJ,0.1111111111111111,Buy
2023-11-17,STI,0.0020896747410681926,Buy
2023-11-17,KMB,0.1111111111111111,Buy
2023-11-17,BDX,0.0027254246342781063,Buy
2023-11-17,EOG,-0.1122082041866262,Sell
2023-11-17,DLTR,-0.11047083142392727,Sell
2023-11-17,XRT,-0.11225694088097384,Sell
2023-11-17,TRP,-0.11097587992110741,Sell
2023-11-17,NTES,-0.11387865555569815,Sell
2023-11-17,OHI,0.1111111111111111,Buy
2023-11-17,CAT,-0.0002494947741648462,Sell
2023-11-17,MRK,0.1111111111111111,Buy
2023-11-20,CNC,0.1111111111111111,Buy
2023-11-20,CF,0.0011973884212252012,Buy
2023-11-20,SPWR,-0.007930657807731167,Sell
2023-11-20,RRC,0.1111111111111111,Buy
2023-11-20,JNJ,-0.11157409129623108,Sell
2023-11-20,STI,0.005294136334903818,Buy
2023-11-20,KMB,0.0011142995717379756,Buy
2023-11-20,BDX,-0.11078876412610732,Sell
2023-11-20,HTZ,0.1111111111111111,Buy
2023-11-20,OHI,-0.11213809020964202,Sell
2023-11-20,CAT,0.001657036315922511,Buy
2023-11-20,MRK,-0.11160997708572373,Sell
2023-11-20,BMY,0.1111111111111111,Buy
2023-11-21,CNC,-0.11228607347024402,Sell
2023-11-21,CF,-0.1101483238988265,Sell
2023-11-21,DAL,0.1111111111111111,Buy
2023-11-21,SPWR,0.002615764635819487,Buy
2023-11-21,RRC,0.0019131941786977719,Buy
2023-11-21,STI,-0.12311182617761804,Sell
2023-11-21,KMB,-0.11178278975883432,Sell
2023-11-21,EWI,0.1111111111111111,Buy
2023-11-21,HTZ,-0.10490870509410534,Sell
2023-11-21,MS,0.1111111111111111,Buy
2023-11-21,ALK,0.1111111111111111,Buy
2023-11-21,LOW,0.1111111111111111,Buy
2023-11-21,CP,0.1111111111111111,Buy
2023-11-21,CAT,-0.11039361541093319,Sell
2023-11-21,BMY,0.001209296365859272,Buy
2023-11-22,CF,0.1111111111111111,Buy
2023-11-22,NVDA,0.1111111111111111,Buy
2023-11-22,DAL,-0.11118847500274522,Sell
2023-11-22,SPWR,-0.10775541380354059,Sell
2023-11-22,RRC,-0.0014428254546543229,Sell
2023-11-22,EWI,-0.11069857417052159,Sell
2023-11-22,MS,-0.11100025262614545,Sell
2023-11-22,ALK,-0.11178929754471773,Sell
2023-11-22,LOW,-9.62095686627279e-05,Sell
2023-11-22,HMC,0.1111111111111111,Buy
2023-11-22,CP,9.222000487785209e-05,Buy
2023-11-22,OHI,0.1111111111111111,Buy
2023-11-22,CAT,0.1111111111111111,Buy
2023-11-22,MRK,0.1111111111111111,Buy
2023-11-22,BMY,-0.1131236765383816,Sell
2023-11-24,CNC,0.1111111111111111,Buy
2023-11-24,VWO,0.1111111111111111,Buy
2023-11-24,CF,-0.11328352758882115,Sell
2023-11-24,NVDA,0.002778158121973684,Buy
2023-11-24,SPWR,0.1111111111111111,Buy
2023-11-24,RRC,-0.11053047732555336,Sell
2023-11-24,MU,0.1111111111111111,Buy
2023-11-24,QQQ,0.1111111111111111,Buy
2023-11-24,NTAP,0.1111111111111111,Buy
2023-11-24,LOW,-0.11079279285428936,Sell
2023-11-24,HMC,-0.11191510310020447,Sell
2023-11-24,CP,-0.11233172012250361,Sell
2023-11-24,OHI,-0.11140350919798614,Sell
2023-11-24,CAT,4.050933358759612e-05,Buy
2023-11-24,MRK,0.0004402734811815856,Buy
2023-11-27,CNC,-0.11128663415023128,Sell
2023-11-27,VWO,-2.8382554006237126e-05,Sell
2023-11-27,NVDA,-0.1127511827718077,Sell
2023-11-27,SPWR,-0.10684210464511978,Sell
2023-11-27,NSC,0.1111111111111111,Buy
2023-11-27,ICE,0.1111111111111111,Buy
2023-11-27,STI,0.1111111111111111,Buy
2023-11-27,EWC,0.1111111111111111,Buy
2023-11-27,MU,-0.11259171239045818,Sell
2023-11-27,QQQ,-0.11156456519519886,Sell
2023-11-27,TRP,0.1111111111111111,Buy
2023-11-27,NTAP,-0.11130569428741265,Sell
2023-11-27,HMC,0.1111111111111111,Buy
2023-11-27,CP,0.1111111111111111,Buy
2023-11-27,CAT,-0.11167559266585143,Sell
2023-11-27,MRK,-6.86160927187568e-05,Sell
2023-11-28,CNC,0.1111111111111111,Buy
2023-11-28,VWO,-0.11178179918121967,Sell
2023-11-28,NSC,-0.11114845515262206,Sell
2023-11-28,ICE,0.0005875847860740691,Buy
2023-11-28,RRC,0.1111111111111111,Buy
2023-11-28,STI,-0.11127770965387243,Sell
2023-11-28,EWC,-0.11126269055406166,Sell
2023-11-28,CCL,0.1111111111111111,Buy
2023-11-28,MAR,0.1111111111111111,Buy
2023-11-28,TRP,-0.11287248557136605,Sell
2023-11-28,HMC,0.0009471018080436794,Buy
2023-11-28,CP,-0.0007364196714281512,Sell
2023-11-28,MRK,0.001601166420420394,Buy
2023-11-28,BMY,0.1111111111111111,Buy
2023-11-29,CNC,0.003433315862896663,Buy
2023-11-29,ICE,-0.11137774147400721,Sell
2023-11-29,RRC,0.0007783172105782499,Buy
2023-11-29,CAG,0.1111111111111111,Buy
2023-11-29,STI,0.1111111111111111,Buy
2023-11-29,KMB,0.1111111111111111,Buy
2023-11-29,BDX,0.1111111111111111,Buy
2023-11-29,CCL,-0.11360000987319709,Sell
2023-11-29,MAR,0.0008317660957501416,Buy
2023-11-29,HMC,-0.110313457074871,Sell
2023-11-29,CME,0.1111111111111111,Buy
2023-11-29,CP,-0.11316451257070792,Sell
2023-11-29,OHI,0.1111111111111111,Buy
2023-11-29,MRK,-0.11252371963649511,Sell
2023-11-29,BMY,-0.11101096219409051,Sell
2023-11-30,CNC,-0.11396579643337473,Sell
2023-11-30,HP,0.1111111111111111,Buy
2023-11-30,NVDA,0.1111111111111111,Buy
2023-11-30,WEN,0.1111111111111111,Buy
2023-11-30,RRC,-0.11034022014650835,Sell
2023-11-30,CAG,-0.1100666309204418,Sell
2023-11-30,STI,-0.11513952132328988,Sell
2023-11-30,KMB,-0.11077087056483115,Sell
2023-11-30,BDX,0.0018683205187310092,Buy
2023-11-30,EOG,0.1111111111111111,Buy
2023-11-30,MAR,0.0019764961297600997,Buy
2023-11-30,HUM,0.1111111111111111,Buy
2023-11-30,HMC,0.1111111111111111,Buy
2023-11-30,CME,-0.11080229951707939,Sell
2023-11-30,OHI,-0.11086684687713683,Sell
2023-11-30,XLE,0.1111111111111111,Buy
2023-12-01,HP,0.0007147880076657925,Buy
2023-12-01,NVDA,0.001663092553683132,Buy
2023-12-01,WEN,-0.11407164232429728,Sell
2023-12-01,STI,0.1111111111111111,Buy
2023-12-01,BDX,0.0006920216355870007,Buy
2023-12-01,EOG,0.0011800055679432597,Buy
2023-12-01,MAR,-0.11301297707290854,Sell
2023-12-01,HUM,-0.11179630064263887,Sell
2023-12-01,MRVL,0.1111111111111111,Buy
2023-12-01,NTES,0.1111111111111111,Buy
2023-12-01,HMC,-0.000169371330274809,Sell
2023-12-01,XLE,0.0010819662178745276,Buy
2023-12-04,AMTD,0.1111111111111111,Buy
2023-12-04,HP,-0.11338873500533284,Sell
2023-12-04,NVDA,-0.10944720774748033,Sell
2023-12-04,STI,-0.1142389439297281,Sell
2023-12-04,BDX,-0.0010332670896694984,Sell
2023-12-04,MU,0.1111111111111111,Buy
2023-12-04,EOG,-0.000808311473058973,Sell
2023-12-04,QQQ,0.1111111111111111,Buy
2023-12-04,ORCL,0.1111111111111111,Buy
2023-12-04,MRVL,-0.11078265193490694,Sell
2023-12-04,NTES,0.003992402755182825,Buy
2023-12-04,HMC,-0.10918197485478061,Sell
2023-12-04,OHI,0.1111111111111111,Buy
2023-12-04,SYK,0.1111111111111111,Buy
2023-12-04,XLE,-0.11194947131855809,Sell
2023-12-05,MNST,0.1111111111111111,Buy
2023-12-05,AMTD,-0.11152117481219936,Sell
2023-12-05,RRC,0.1111111111111111,Buy
2023-12-05,GREK,0.1111111111111111,Buy
2023-12-05,KMB,0.1111111111111111,Buy
2023-12-05,BDX,-0.1102634113051452,Sell
2023-12-05,MU,-0.11123163412367272,Sell
2023-12-05,EOG,-6.894495686994573e-05,Sell
2023-12-05,QQQ,-0.11241890025456536,Sell
2023-12-05,ORCL,0.00018447263041604378,Buy
2023-12-05,MAR,0.1111111111111111,Buy
2023-12-05,NTES,0.0005345473694925162,Buy
2023-12-05,OHI,0.0008587599734232176,Buy
2023-12-05,SYK,-0.11196773994598759,Sell
2023-12-06,MNST,-0.11247083742965135,Sell
2023-12-06,BUD,0.1111111111111111,Buy
2023-12-06,SPWR,0.1111111111111111,Buy
2023-12-06,RRC,-0.10611031837003516,Sell
2023-12-06,GREK,-0.00103061212482225,Sell
2023-12-06,KMB,-0.11331334963521418,Sell
2023-12-06,EWC,0.1111111111111111,Buy
2023-12-06,EOG,0.0007506172559455238,Buy
2023-12-06,ORCL,0.0011763673263283092,Buy
2023-12-06,MAR,-0.11353565418110381,Sell
2023-12-06,NTES,-0.0010908746348150256,Sell
2023-12-06,CME,0.1111111111111111,Buy
2023-12-06,OHI,0.0008983638430305474,Buy
2023-12-07,BUD,-0.10998098425290723,Sell
2023-12-07,SPWR,-0.1243944639945446,Sell
2023-12-07,ICE,0.1111111111111111,Buy
2023-12-07,GREK,0.0022148700979086333,Buy
2023-12-07,JNJ,0.1111111111111111,Buy
2023-12-07,NDAQ,0.1111111111111111,Buy
2023-12-07,EWC,-0.10925378658768677,Sell
2023-12-07,EOG,-0.108038324385538,Sell
2023-12-07,ORCL,-0.11013599008418265,Sell
2023-12-07,WMB,0.1111111111111111,Buy
2023-12-07,NTES,-0.11166127661030442,Sell
2023-12-07,CME,0.0030359029948911764,Buy
2023-12-07,OHI,0.0013272942958304224,Buy
2023-12-07,XLE,0.1111111111111111,Buy
2023-12-07,MRK,0.1111111111111111,Buy
2023-12-08,VWO,0.1111111111111111,Buy
2023-12-08,SPWR,0.1111111111111111,Buy
2023-12-08,NSC,0.1111111111111111,Buy
2023-12-08,ICE,-0.11155000459279042,Sell
2023-12-08,GREK,-0.11118006423181237,Sell
2023-12-08,JNJ,0.0010567452587044862,Buy
2023-12-08,KMB,0.1111111111111111,Buy
2023-12-08,NDAQ,0.0006856629293650746,Buy
2023-12-08,WMB,-0.1126235562383264,Sell
2023-12-08,CME,-0.00010944456329896324,Sell
2023-12-08,PRGO,0.1111111111111111,Buy
2023-12-08,OHI,-0.1107165242832171,Sell
2023-12-08,XLE,-0.11195087847204013,Sell
2023-12-08,MRK,0.0004969169549242647,Buy
2023-12-11,VWO,-0.11093957984502596,Sell
2023-12-11,HYG,0.1111111111111111,Buy
2023-12-11,SPWR,-0.0018828041454452965,Sell
2023-12-11,NSC,-0.11081999025451203,Sell
2023-12-11,GREK,0.1111111111111111,Buy
2023-12-11,JNJ,-0.11090291271878765,Sell
2023-12-11,KMB,-0.11139362594738976,Sell
2023-12-11,NDAQ,-0.11095676713638372,Sell
2023-12-11,CCL,0.1111111111111111,Buy
2023-12-11,KGC,0.1111111111111111,Buy
2023-12-11,WMB,0.1111111111111111,Buy
2023-12-11,CME,-0.1124336340026052,Sell
2023-12-11,CLX,0.1111111111111111,Buy
2023-12-11,PRGO,0.002379420503041199,Buy
2023-12-11,VZ,0.1111111111111111,Buy
2023-12-11,MRK,-0.1111051935094649,Sell
2023-12-12,HYG,-0.11207870001462246,Sell
2023-12-12,SPWR,-0.10678302313378178,Sell
2023-12-12,GREK,-0.11374052648631305,Sell
2023-12-12,STI,0.1111111111111111,Buy
2023-12-12,EWC,0.1111111111111111,Buy
2023-12-12,EOG,0.1111111111111111,Buy
2023-12-12,CCL,-0.11303307763369366,Sell
2023-12-12,KGC,0.0014337335369140197,Buy
2023-12-12,WMB,-0.11028940829031832,Sell
2023-12-12,TRP,0.1111111111111111,Buy
2023-12-12,CME,0.1111111111111111,Buy
2023-12-12,CLX,-0.11368890429198981,Sell
2023-12-12,PRGO,0.0007390082417225441,Buy
2023-12-12,ENB,0.1111111111111111,Buy
2023-12-12,VZ,0.0003815666109195509,Buy
2023-12-13,HP,0.1111111111111111,Buy
2023-12-13,NVDA,0.1111111111111111,Buy
2023-12-13,JNJ,0.1111111111111111,Buy
2023-12-13,STI,-0.10119927237548708,Sell
2023-12-13,EWC,-0.1128471151185319,Sell
2023-12-13,EOG,0.00024921741185951474,Buy
2023-12-13,ORCL,0.1111111111111111,Buy
2023-12-13,KGC,-0.11756196223455598,Sell
2023-12-13,TRP,-0.11203917685803663,Sell
2023-12-13,HUM,0.1111111111111111,Buy
2023-12-13,HMC,0.1111111111111111,Buy
2023-12-13,CME,0.0015059096486072787,Buy
2023-12-13,PRGO,-0.11438430029149207,Sell
2023-12-13,ENB,-0.11264386988674932,Sell
2023-12-13,VZ,0.0019222282728325324,Buy
2023-12-14,HP,-0.11543132665057508,Sell
2023-12-14,NVDA,-0.11167474207723828,Sell
2023-12-14,BUD,0.1111111111111111,Buy
2023-12-14,JNJ,-0.11183962269557214,Sell
2023-12-14,STI,0.1111111111111111,Buy
2023-12-14,KMB,0.1111111111111111,Buy
2023-12-14,TRV,0.1111111111111111,Buy
2023-12-14,EOG,-0.11450669993542469,Sell
2023-12-14,ORCL,0.002931755282987239,Buy
2023-12-14,KO,0.1111111111111111,Buy
2023-12-14,HUM,0.00437423861005326,Buy
2023-12-14,NTES,0.1111111111111111,Buy
2023-12-14,HMC,-0.10874809750883438,Sell
2023-12-14,CME,0.0016046751522847263,Buy
2023-12-14,VZ,-0.11371197656206937,Sell
2023-12-15,BUD,-0.002166484685841491,Sell
2023-12-15,GREK,0.1111111111111111,Buy
2023-12-15,STI,0.01642369596128751,Buy
2023-12-15,KMB,-0.0013556221668977464,Sell
2023-12-15,TRV,-0.11380990403503377,Sell
2023-12-15,EBAY,0.1111111111111111,Buy
2023-12-15,EWI,0.1111111111111111,Buy
2023-12-15,ORCL,-0.1171993528439176,Sell
2023-12-15,KO,-0.11293699115357449,Sell
2023-12-15,HUM,-0.0008326656364026491,Sell
2023-12-15,NTES,-0.11209630471541061,Sell
2023-12-15,CME,-0.0008168185123821753,Sell
2023-12-15,OHI,0.1111111111111111,Buy
2023-12-18,MET,0.1111111111111111,Buy
2023-12-18,BUD,-0.10976047670041253,Sell
2023-12-18,GREK,-0.11043096518158821,Sell
2023-12-18,STI,-0.11892315342503726,Sell
2023-12-18,KMB,-0.11021780104323334,Sell
2023-12-18,BDX,0.1111111111111111,Buy
2023-12-18,EBAY,-0.11118010353242398,Sell
2023-12-18,EWI,0.0015871131193036653,Buy
2023-12-18,WMB,0.1111111111111111,Buy
2023-12-18,HUM,0.002282705083840153,Buy
2023-12-18,PCG,0.1111111111111111,Buy
2023-12-18,HMC,0.1111111111111111,Buy
2023-12-18,CME,-0.0004107735726478351,Sell
2023-12-18,OHI,0.0012714131488787417,Buy
2023-12-19,MET,-0.11191321732108368,Sell
2023-12-19,AMTD,0.1111111111111111,Buy
2023-12-19,SPWR,0.1111111111111111,Buy
2023-12-19,KMB,0.1111111111111111,Buy
2023-12-19,BDX,-0.0001542920222100952,Sell
2023-12-19,EWI,-0.11109797270150343,Sell
2023-12-19,WMB,1.4598732328521824e-05,Buy
2023-12-19,HUM,-0.11077268900088516,Sell
2023-12-19,PCG,-0.11182842677424189,Sell
2023-12-19,NTES,0.1111111111111111,Buy
2023-12-19,HMC,-0.00021453765047819984,Sell
2023-12-19,CME,0.00027063928312730245,Buy
2023-12-19,OHI,0.0009740428372093657,Buy
2023-12-20,CNC,0.1111111111111111,Buy
2023-12-20,PPG,0.1111111111111111,Buy
2023-12-20,AMTD,-0.11187321384745527,Sell
2023-12-20,VWO,0.1111111111111111,Buy
2023-12-20,SPWR,-0.10710114422614368,Sell
2023-12-20,CAG,0.1111111111111111,Buy
2023-12-20,JNJ,0.1111111111111111,Buy
2023-12-20,KMB,0.000451392301454287,Buy
2023-12-20,BDX,-0.11212070462456014,Sell
2023-12-20,EWI,0.1111111111111111,Buy
2023-12-20,WMB,-0.11121161829782657,Sell
2023-12-20,KO,0.1111111111111111,Buy
2023-12-20,NTES,-0.11123051034957027,Sell
2023-12-20,HMC,-0.11316545045494106,Sell
2023-12-20,CME,-0.11149100102240786,Sell
2023-12-20,OHI,-0.11137233552692571,Sell
2023-12-20,BSX,0.1111111111111111,Buy
2023-12-21,CNC,-0.11178045956436351,Sell
2023-12-21,PPG,-0.11102782268540831,Sell
2023-12-21,VWO,-0.11208959371736457,Sell
2023-12-21,WEN,0.1111111111111111,Buy
2023-12-21,CAG,0.0007313956871946858,Buy
2023-12-21,JNJ,3.1599648867952634e-05,Buy
2023-12-21,KMB,0.0005748076130497048,Buy
2023-12-21,EOG,0.1111111111111111,Buy
2023-12-21,EWI,-0.1115750492882337,Sell
2023-12-21,KO,0.0004326242850597878,Buy
2023-12-21,PCG,0.1111111111111111,Buy
2023-12-21,HMC,0.1111111111111111,Buy
2023-12-21,OHI,0.1111111111111111,Buy
2023-12-21,BSX,-0.11129314962752619,Sell
2023-12-22,NVDA,0.1111111111111111,Buy
2023-12-22,WEN,0.0001890259950333012,Buy
2023-12-22,HYG,0.1111111111111111,Buy
2023-12-22,CAG,-0.11132377675012357,Sell
2023-12-22,GREK,0.1111111111111111,Buy
2023-12-22,JNJ,-0.11102859115199071,Sell
2023-12-22,KMB,-0.1113080205517341,Sell
2023-12-22,EOG,-0.11167262821662537,Sell
2023-12-22,KO,-0.11121507839139445,Sell
2023-12-22,HUM,0.1111111111111111,Buy
2023-12-22,PCG,-0.1115991627704109,Sell
2023-12-22,NTES,0.1111111111111111,Buy
2023-12-22,HMC,0.0004167678398030311,Buy
2023-12-22,OHI,0.0005973423762401092,Buy
2023-12-22,M,0.1111111111111111,Buy
2023-12-26,NVDA,-8.723738069038589e-05,Sell
2023-12-26,WEN,0.0004805046275117436,Buy
2023-12-26,HYG,-0.11039851938672907,Sell
2023-12-26,GREK,-0.11050516719382586,Sell
2023-12-26,KMB,0.1111111111111111,Buy
2023-12-26,HUM,0.0010158776627477717,Buy
2023-12-26,NTES,-0.00480711923843842,Sell
2023-12-26,HMC,0.0008898847091796253,Buy
2023-12-26,CME,0.1111111111111111,Buy
2023-12-26,OHI,0.0017514061876880982,Buy
2023-12-26,M,-0.1120041842663242,Sell
2023-12-26,BMY,0.1111111111111111,Buy
2023-12-27,NVDA,-0.1121330004330742,Sell
2023-12-27,WEN,0.0009795242657183734,Buy
2023-12-27,STI,0.1111111111111111,Buy
2023-12-27,KMB,-0.11202470994615218,Sell
2023-12-27,CCL,0.1111111111111111,Buy
2023-12-27,HUM,-0.00036057615178376745,Sell
2023-12-27,PCG,0.1111111111111111,Buy
2023-12-27,NTES,0.004833717204090482,Buy
2023-12-27,HMC,-0.0003798434374137488,Sell
2023-12-27,CME,-0.1123481227329626,Sell
2023-12-27,OHI,-0.0018830965551182577,Sell
2023-12-27,VZ,0.1111111111111111,Buy
2023-12-27,BMY,-0.11129823180029633,Sell
2023-12-28,WEN,-0.10835048488230865,Sell
2023-12-28,GREK,0.1111111111111111,Buy
2023-12-28,STI,-0.12492641666333953,Sell
2023-12-28,EOG,0.1111111111111111,Buy
2023-12-28,CCL,-0.10933369895347324,Sell
2023-12-28,KGC,0.1111111111111111,Buy
2023-12-28,WMB,0.1111111111111111,Buy
2023-12-28,HUM,0.0013157063140624703,Buy
2023-12-28,PCG,0.001629908719692652,Buy
2023-12-28,NTES,0.0004696075433166247,Buy
2023-12-28,HMC,0.002040487422544604,Buy
2023-12-28,OHI,0.0015866359348289671,Buy
2023-12-28,VZ,-0.10909621641859824,Sell
2023-12-29,HYG,0.1111111111111111,Buy
2023-12-29,GREK,-0.110760564744842,Sell
2023-12-29,STI,0.1111111111111111,Buy
2023-12-29,EOG,0.0006974579013162979,Buy
2023-12-29,KGC,-0.1102140559603583,Sell
2023-12-29,WMB,0.0006676306165615681,Buy
2023-12-29,HUM,-0.00018427597979917,Sell
2023-12-29,PCG,0.0005956873774729116,Buy
2023-12-29,NTES,-0.11554822586734154,Sell
2023-12-29,HMC,-0.0005890146800270751,Sell
2023-12-29,CME,0.1111111111111111,Buy
2023-12-29,OHI,0.0017769419771433426,Buy
2024-01-02,PPG,0.1111111111111111,Buy
2024-01-02,HYG,-0.00020597801969865492,Sell
2024-01-02,SPWR,0.1111111111111111,Buy
2024-01-02,QCOM,0.1111111111111111,Buy
2024-01-02,STI,-0.10153852730758545,Sell
2024-01-02,NDAQ,0.1111111111111111,Buy
2024-01-02,EOG,-0.11229262756119651,Sell
2024-01-02,EWI,0.1111111111111111,Buy
2024-01-02,CCL,0.1111111111111111,Buy
2024-01-02,WMB,-0.11390508990033348,Sell
2024-01-02,HUM,-0.11469080919441783,Sell
2024-01-02,NTAP,0.1111111111111111,Buy
2024-01-02,PCG,-0.11181625588327743,Sell
2024-01-02,HMC,-0.11125877164379108,Sell
2024-01-02,CME,-0.11096577004006698,Sell
2024-01-02,OHI,-0.0012734219990772344,Sell
2024-01-03,PPG,-0.11115520424691938,Sell
2024-01-03,A,0.1111111111111111,Buy
2024-01-03,HYG,-0.0010051090790454825,Sell
2024-01-03,SPWR,-0.11538077365552495,Sell
2024-01-03,QCOM,0.0007972665279840363,Buy
2024-01-03,NDAQ,-0.11062433111499788,Sell
2024-01-03,BDX,0.1111111111111111,Buy
2024-01-03,EWI,0.0003906556304995312,Buy
2024-01-03,CCL,0.004800846862927796,Buy
2024-01-03,KGC,0.1111111111111111,Buy
2024-01-03,NTAP,-0.11255269211641881,Sell
2024-01-03,LOW,0.1111111111111111,Buy
2024-01-03,CME,0.1111111111111111,Buy
2024-01-03,OHI,-0.11121973526495296,Sell
2024-01-04,A,0.0006569968833337742,Buy
2024-01-04,HYG,0.0009533752991584682,Buy
2024-01-04,QCOM,0.001671407717309184,Buy
2024-01-04,BDX,-0.1117111563249104,Sell
2024-01-04,EOG,0.1111111111111111,Buy
2024-01-04,EWI,-0.1118222257178345,Sell
2024-01-04,CCL,-0.11397094529399245,Sell
2024-01-04,TSM,0.1111111111111111,Buy
2024-01-04,KGC,-0.000251288718692122,Sell
2024-01-04,LOW,0.001069132124127653,Buy
2024-01-04,PCG,0.1111111111111111,Buy
2024-01-04,CME,-0.11131929120108412,Sell
2024-01-04,OHI,0.1111111111111111,Buy
2024-01-05,A,-0.11070840058057739,Sell
2024-01-05,HYG,-5.736311702687902e-05,Sell
2024-01-05,CAG,0.1111111111111111,Buy
2024-01-05,QCOM,-0.00042721214789619155,Sell
2024-01-05,NDAQ,0.1111111111111111,Buy
2024-01-05,EOG,0.0006170706673460369,Buy
2024-01-05,TSM,-0.11161935942737063,Sell
2024-01-05,KGC,0.0009938777289083822,Buy
2024-01-05,HUM,0.1111111111111111,Buy
2024-01-05,LOW,-0.11175990679401666,Sell
2024-01-05,PCG,-0.11221050229830222,Sell
2024-01-05,CME,0.1111111111111111,Buy
2024-01-05,OHI,0.0005029438023970295,Buy
2024-01-08,VWO,0.1111111111111111,Buy
2024-01-08,CF,0.1111111111111111,Buy
2024-01-08,HYG,-0.11107734641626807,Sell
2024-01-08,CAG,-0.11249402035377162,Sell
2024-01-08,QCOM,-0.11231600674484622,Sell
2024-01-08,NDAQ,-0.11252143342943631,Sell
2024-01-08,EOG,0.003048063073382637,Buy
2024-01-08,KGC,0.0010400688665900548,Buy
2024-01-08,HUM,5.7825835689473415e-05,Buy
2024-01-08,PCG,0.1111111111111111,Buy
2024-01-08,CME,0.00014301836452518257,Buy
2024-01-08,OHI,-0.0005466359862149328,Sell
2024-01-08,XLE,0.1111111111111111,Buy
2024-01-09,VWO,-3.7588394740259434e-05,Sell
2024-01-09,CF,-0.11130154557123412,Sell
2024-01-09,VTR,0.1111111111111111,Buy
2024-01-09,BDX,0.1111111111111111,Buy
2024-01-09,EOG,0.0002825780230864827,Buy
2024-01-09,KGC,0.0004380400816853397,Buy
2024-01-09,TRP,0.1111111111111111,Buy
2024-01-09,HUM,-0.11210031835523358,Sell
2024-01-09,TRIP,0.1111111111111111,Buy
2024-01-09,PCG,-0.11251407239087419,Sell
2024-01-09,CME,0.00035643158628011207,Buy
2024-01-09,OHI,-0.11025475448447748,Sell
2024-01-09,XLE,-0.1106514561294658,Sell
2024-01-09,MT,0.1111111111111111,Buy
2024-01-10,VWO,0.0005304162697096909,Buy
2024-01-10,VTR,-0.11165506190837815,Sell
2024-01-10,BDX,0.00015467146924434683,Buy
2024-01-10,EOG,0.0014499014968505919,Buy
2024-01-10,KGC,-0.1112841417430944,Sell
2024-01-10,WMB,0.1111111111111111,Buy
2024-01-10,TRP,-0.11097108877710066,Sell
2024-01-10,HUM,0.1111111111111111,Buy
2024-01-10,NWSA,0.1111111111111111,Buy
2024-01-10,TRIP,-0.001521981909229267,Sell
2024-01-10,CME,4.342558097475413e-06,Buy
2024-01-10,COF,0.1111111111111111,Buy
2024-01-10,MT,-0.11142882283669903,Sell
2024-01-11,VWO,-0.11242088181411287,Sell
2024-01-11,BDX,-0.11034923224365106,Sell
2024-01-11,EOG,-0.11193597269685315,Sell
2024-01-11,WMB,0.0005953070956647849,Buy
2024-01-11,TRP,0.1111111111111111,Buy
2024-01-11,D,0.1111111111111111,Buy
2024-01-11,HUM,-0.11094835908214931,Sell
2024-01-11,NWSA,-0.11208451905935815,Sell
2024-01-11,TRIP,0.0017021068546549945,Buy
2024-01-11,PCG,0.1111111111111111,Buy
2024-01-11,DUK,0.1111111111111111,Buy
2024-01-11,CME,-0.11113649130150077,Sell
2024-01-11,COF,-0.11142477448172712,Sell
2024-01-11,ENB,0.1111111111111111,Buy
2024-01-11,MT,0.1111111111111111,Buy
2024-01-11,VZ,0.1111111111111111,Buy
2024-01-12,CF,0.1111111111111111,Buy
2024-01-12,WFC,0.1111111111111111,Buy
2024-01-12,CCL,0.1111111111111111,Buy
2024-01-12,KEY,0.1111111111111111,Buy
2024-01-12,WMB,-0.11124346985247316,Sell
2024-01-12,TRP,-0.11107894453679841,Sell
2024-01-12,D,-0.11131494236529564,Sell
2024-01-12,RL,0.1111111111111111,Buy
2024-01-12,HUM,0.1111111111111111,Buy
2024-01-12,TRIP,-0.10917797967965856,Sell
2024-01-12,PCG,0.0006919691056971738,Buy
2024-01-12,DUK,-0.11229150357541119,Sell
2024-01-12,OHI,0.1111111111111111,Buy
2024-01-12,M,0.1111111111111111,Buy
2024-01-12,ENB,-0.11146313714426016,Sell
2024-01-12,MT,-0.11067290965270744,Sell
2024-01-12,VZ,-0.11272696402038349,Sell
2024-01-16,BAX,0.1111111111111111,Buy
2024-01-16,CF,-0.11093617115394876,Sell
2024-01-16,HYG,0.1111111111111111,Buy
2024-01-16,BUD,0.1111111111111111,Buy
2024-01-16,EWC,0.1111111111111111,Buy
2024-01-16,WFC,6.502972950302166e-05,Buy
2024-01-16,CCL,-0.11288574586262519,Sell
2024-01-16,MS,0.1111111111111111,Buy
2024-01-16,KEY,0.000906143472881718,Buy
2024-01-16,RL,-0.1120958965364196,Sell
2024-01-16,HUM,-0.11244223968462196,Sell
2024-01-16,NWSA,0.1111111111111111,Buy
2024-01-16,PCG,-0.10985357813121106,Sell
2024-01-16,OHI,-0.11080731885590057,Sell
2024-01-16,M,0.0009329749865526066,Buy
2024-01-17,BAX,-0.11131231397674414,Sell
2024-01-17,HYG,-0.0007567318827778197,Sell
2024-01-17,BUD,0.00033500349745362035,Buy
2024-01-17,EWC,0.00023108987156741922,Buy
2024-01-17,WFC,-0.11198807435430756,Sell
2024-01-17,MS,-0.11030938136812948,Sell
2024-01-17,KEY,-0.11170232828332122,Sell
2024-01-17,KGC,0.1111111111111111,Buy
2024-01-17,TRP,0.1111111111111111,Buy
2024-01-17,NWSA,4.0310188954312265e-05,Buy
2024-01-17,M,0.000679861338074253,Buy
2024-01-17,ENB,0.1111111111111111,Buy
2024-01-17,CAT,0.1111111111111111,Buy
2024-01-18,HYG,-0.11116149753645937,Sell
2024-01-18,BUD,0.0002158690473032937,Buy
2024-01-18,CAG,0.1111111111111111,Buy
2024-01-18,EWC,-0.11146184524114662,Sell
2024-01-18,EBAY,0.1111111111111111,Buy
2024-01-18,KEY,0.1111111111111111,Buy
2024-01-18,KGC,-2.3789706436141977e-05,Sell
2024-01-18,WMB,0.1111111111111111,Buy
2024-01-18,TRP,0.0005514223043578126,Buy
2024-01-18,NWSA,-0.11140305517557786,Sell
2024-01-18,DUK,0.1111111111111111,Buy
2024-01-18,M,-0.1113653959633693,Sell
2024-01-18,ENB,0.0011026187221644251,Buy
2024-01-18,CAT,-0.11223246972967985,Sell
2024-01-19,CNC,0.1111111111111111,Buy
2024-01-19,PPG,0.1111111111111111,Buy
2024-01-19,BUD,-0.11092281384029465,Sell
2024-01-19,CAG,0.0010800084791786624,Buy
2024-01-19,EBAY,-0.11129711788504258,Sell
2024-01-19,DLTR,0.1111111111111111,Buy
2024-01-19,KEY,-0.1165649014040645,Sell
2024-01-19,KGC,0.0015456048836475084,Buy
2024-01-19,WMB,0.0007013925966523893,Buy
2024-01-19,TRP,-0.11049106131004097,Sell
2024-01-19,DUK,0.0010794642613586453,Buy
2024-01-19,M,0.1111111111111111,Buy
2024-01-19,ENB,-0.11096305812463032,Sell
2024-01-19,MT,0.1111111111111111,Buy
2024-01-22,MNST,0.1111111111111111,Buy
2024-01-22,CNC,-0.11169822187878807,Sell
2024-01-22,PPG,-0.11076702794805147,Sell
2024-01-22,VWO,0.1111111111111111,Buy
2024-01-22,XLP,0.1111111111111111,Buy
2024-01-22,BUD,0.1111111111111111,Buy
2024-01-22,SPWR,0.1111111111111111,Buy
2024-01-22,CAG,0.0005050675847244057,Buy
2024-01-22,KMB,0.1111111111111111,Buy
2024-01-22,DLTR,-0.11063857148598835,Sell
2024-01-22,CCL,0.1111111111111111,Buy
2024-01-22,KGC,-0.11099872295885295,Sell
2024-01-22,WMB,-0.11054050284269301,Sell
2024-01-22,PCG,0.1111111111111111,Buy
2024-01-22,DUK,-0.10960606398854869,Sell
2024-01-22,M,-0.11411990878683403,Sell
2024-01-22,MT,-0.11130264647615616,Sell
2024-01-23,MNST,0.002567726526322686,Buy
2024-01-23,VWO,-0.11062386490600025,Sell
2024-01-23,XLP,-0.11120509942183684,Sell
2024-01-23,HYG,0.1111111111111111,Buy
2024-01-23,BUD,0.0010678342661614854,Buy
2024-01-23,SPWR,-0.11854347258828823,Sell
2024-01-23,CAG,-0.11261206622486486,Sell
2024-01-23,JNJ,0.1111111111111111,Buy
2024-01-23,KMB,-0.11235523955800027,Sell
2024-01-23,DHI,0.1111111111111111,Buy
2024-01-23,EWI,0.1111111111111111,Buy
2024-01-23,CCL,0.003681086294353611,Buy
2024-01-23,D,0.1111111111111111,Buy
2024-01-23,PCG,0.002027187933193883,Buy
2024-01-24,MNST,0.00010023368172730474,Buy
2024-01-24,HYG,-0.11196066049599177,Sell
2024-01-24,BUD,0.00019507959242137662,Buy
2024-01-24,JNJ,-0.0003118925205725098,Sell
2024-01-24,DHI,0.002160266898860966,Buy
2024-01-24,EWI,-0.11269645050335246,Sell
2024-01-24,CCL,0.00026421855261193894,Buy
2024-01-24,TRP,0.1111111111111111,Buy
2024-01-24,D,0.0007175978501445801,Buy
2024-01-24,PCG,-0.1120865944203112,Sell
2024-01-24,BSX,0.1111111111111111,Buy
2024-01-24,M,0.1111111111111111,Buy
2024-01-25,MNST,0.0014389041394086005,Buy
2024-01-25,CNC,0.1111111111111111,Buy
2024-01-25,BUD,0.0019645561878706974,Buy
2024-01-25,JNJ,0.0011647064498089832,Buy
2024-01-25,STI,0.1111111111111111,Buy
2024-01-25,KMB,0.1111111111111111,Buy
2024-01-25,DHI,-0.11138987713934469,Sell
2024-01-25,CCL,-0.0010784453815373407,Sell
2024-01-25,TRP,0.00023819180557441144,Buy
2024-01-25,D,-0.11211313376867987,Sell
2024-01-25,OHI,0.1111111111111111,Buy
2024-01-25,BSX,-0.11119645405455249,Sell
2024-01-25,M,-0.11363895664453771,Sell
2024-01-26,MNST,-0.11291278489866932,Sell
2024-01-26,CNC,-0.001526578498430256,Sell
2024-01-26,BUD,-0.001100316173414967,Sell
2024-01-26,JNJ,-0.11225957676085661,Sell
2024-01-26,STI,0.008292586564730767,Buy
2024-01-26,KMB,-0.001824482988285095,Sell
2024-01-26,CCL,0.0031732056100728795,Buy
2024-01-26,KGC,0.1111111111111111,Buy
2024-01-26,TRP,-0.11374564649004583,Sell
2024-01-26,NTAP,0.1111111111111111,Buy
2024-01-26,OHI,-0.0016568141643017453,Sell
2024-01-26,M,0.1111111111111111,Buy
2024-01-29,CNC,-0.10905196689705078,Sell
2024-01-29,BUD,-0.10914978706940047,Sell
2024-01-29,JNJ,0.1111111111111111,Buy
2024-01-29,STI,-0.01346482811639206,Sell
2024-01-29,KMB,0.0023965465289153,Buy
2024-01-29,CCL,-0.0024544514673647128,Sell
2024-01-29,KGC,-0.10901707903424009,Sell
2024-01-29,D,0.1111111111111111,Buy
2024-01-29,NTAP,-0.10915537832488975,Sell
2024-01-29,WSM,0.1111111111111111,Buy
2024-01-29,CME,0.1111111111111111,Buy
2024-01-29,OHI,0.0014758682160053577,Buy
2024-01-29,M,0.003808034182906886,Buy
2024-01-30,HOG,0.1111111111111111,Buy
2024-01-30,JNJ,-0.0016708626446736569,Sell
2024-01-30,STI,-0.0943941244084993,Sell
2024-01-30,KMB,-0.11360248176531978,Sell
2024-01-30,VTR,0.1111111111111111,Buy
2024-01-30,BDX,0.1111111111111111,Buy
2024-01-30,SIRI,0.1111111111111111,Buy
2024-01-30,CCL,-0.1126538785937725,Sell
2024-01-30,D,-0.11397351300347336,Sell
2024-01-30,WSM,-0.0015787171754199497,Sell
2024-01-30,CME,-0.11393630076829978,Sell
2024-01-30,PRGO,0.1111111111111111,Buy
2024-01-30,OHI,-0.0021286021817727846,Sell
2024-01-30,M,-0.0018474325655663953,Sell
2024-01-31,MET,0.1111111111111111,Buy
2024-01-31,HOG,0.0011597837419894397,Buy
2024-01-31,JNJ,-0.11265253114508636,Sell
2024-01-31,VTR,1.167040637682637e-05,Buy
2024-01-31,BBT,0.1111111111111111,Buy
2024-01-31,BDX,-0.11379932544462137,Sell
2024-01-31,SIRI,-0.001008707011252316,Sell
2024-01-31,WSM,0.002585616962386003,Buy
2024-01-31,PRGO,0.0008535228070678386,Buy
2024-01-31,OHI,-0.11136983118522398,Sell
2024-01-31,M,0.0006050083342663964,Buy
2024-01-31,ENB,0.1111111111111111,Buy
2024-02-01,MET,-0.10443980179986388,Sell
2024-02-01,HOG,-0.11395952557597072,Sell
2024-02-01,QCOM,0.1111111111111111,Buy
2024-02-01,STI,0.1111111111111111,Buy
2024-02-01,NDAQ,0.1111111111111111,Buy
2024-02-01,VTR,-0.11279052588111024,Sell
2024-02-01,BBT,0.0038809634806227095,Buy
2024-02-01,WFC,0.1111111111111111,Buy
2024-02-01,SIRI,-0.11383162313749677,Sell
2024-02-01,HTZ,0.1111111111111111,Buy
2024-02-01,KEY,0.1111111111111111,Buy
2024-02-01,WSM,-0.11284104389202236,Sell
2024-02-01,RF,0.1111111111111111,Buy
2024-02-01,PRGO,-0.11147516810470917,Sell
2024-02-01,M,-0.0005819555884338384,Sell
2024-02-01,ENB,-0.1119079443242525,Sell
2024-02-02,MET,0.1111111111111111,Buy
2024-02-02,QCOM,-0.11355991946632325,Sell
2024-02-02,JNJ,0.1111111111111111,Buy
2024-02-02,STI,0.022166544593950677,Buy
2024-02-02,NDAQ,-0.00111234200809536,Sell
2024-02-02,BBT,-0.0012050209947202517,Sell
2024-02-02,BDX,0.1111111111111111,Buy
2024-02-02,WFC,-0.11409306332210593,Sell
2024-02-02,HTZ,-0.11671733345470894,Sell
2024-02-02,CCL,0.1111111111111111,Buy
2024-02-02,KEY,-0.1146913250202343,Sell
2024-02-02,RF,-0.11359168282304277,Sell
2024-02-02,M,-0.0031492639290051916,Sell
2024-02-02,ENB,0.1111111111111111,Buy
2024-02-05,MET,-0.11758636493236772,Sell
2024-02-05,SPWR,0.1111111111111111,Buy
2024-02-05,JNJ,-0.005191664322359901,Sell
2024-02-05,STI,-0.07819635376353658,Sell
2024-02-05,NDAQ,-0.115524750182419,Sell
2024-02-05,VTR,0.1111111111111111,Buy
2024-02-05,EWC,0.1111111111111111,Buy
2024-02-05,BBT,-0.0034145914661851268,Sell
2024-02-05,BDX,-0.11586247732358748,Sell
2024-02-05,CCL,-0.0014584919515188421,Sell
2024-02-05,NWSA,0.1111111111111111,Buy
2024-02-05,M,-0.004102007818253414,Sell
2024-02-05,ENB,-0.1145228884475749,Sell
2024-02-05,MT,0.1111111111111111,Buy
2024-02-06,SPWR,-0.12019873284480607,Sell
2024-02-06,RRC,0.1111111111111111,Buy
2024-02-06,JNJ,-0.11053762018050835,Sell
2024-02-06,VTR,0.0013998608773148347,Buy
2024-02-06,EWC,-0.10983924216674797,Sell
2024-02-06,BBT,0.0035039221541305204,Buy
2024-02-06,WFC,0.1111111111111111,Buy
2024-02-06,CCL,0.0011903636261142714,Buy
2024-02-06,KEY,0.1111111111111111,Buy
2024-02-06,TRP,0.1111111111111111,Buy
2024-02-06,NWSA,-0.11134832661237312,Sell
2024-02-06,RF,0.1111111111111111,Buy
2024-02-06,M,0.0004923454633131985,Buy
2024-02-06,MT,-0.11049059321974573,Sell
2024-02-07,RRC,-0.11089952368069121,Sell
2024-02-07,VTR,-0.00047915936305396867,Sell
2024-02-07,BBT,9.615945015611915e-05,Buy
2024-02-07,WFC,-0.11205414792946075,Sell
2024-02-07,CCL,0.0012433668420693822,Buy
2024-02-07,KEY,-0.0005038983291147381,Sell
2024-02-07,TRP,0.00037658305115076396,Buy
2024-02-07,NWSA,0.1111111111111111,Buy
2024-02-07,RF,-0.0003789021481706706,Sell
2024-02-07,M,9.488575432860247e-05,Buy
2024-02-07,ENB,0.1111111111111111,Buy
2024-02-08,CAG,0.1111111111111111,Buy
2024-02-08,JNJ,0.1111111111111111,Buy
2024-02-08,VTR,-0.11069067516914678,Sell
2024-02-08,BBT,-0.11181818253566168,Sell
2024-02-08,SIRI,0.1111111111111111,Buy
2024-02-08,CCL,0.0016753021013802272,Buy
2024-02-08,KEY,0.001702700623962869,Buy
2024-02-08,TRP,0.002250683546720436,Buy
2024-02-08,NWSA,-0.1167378756946288,Sell
2024-02-08,DUK,0.1111111111111111,Buy
2024-02-08,RF,0.001158762051195597,Buy
2024-02-08,M,-0.11378481240150916,Sell
2024-02-08,ENB,-0.10942206635563793,Sell
2024-02-08,VZ,0.1111111111111111,Buy
2024-02-09,SPWR,0.1111111111111111,Buy
2024-02-09,CAG,0.001881214996980296,Buy
2024-02-09,JNJ,-0.11227828120906401,Sell
2024-02-09,STI,0.1111111111111111,Buy
2024-02-09,VTR,0.1111111111111111,Buy
2024-02-09,SIRI,0.001111067436976823,Buy
2024-02-09,CCL,0.0018037151805777862,Buy
2024-02-09,KEY,-0.001070860360624773,Sell
2024-02-09,TRP,-0.0011186567122589003,Sell
2024-02-09,DUK,-0.11085975402125313,Sell
2024-02-09,RF,-0.11270925321085977,Sell
2024-02-09,ENB,0.1111111111111111,Buy
2024-02-09,VZ,-0.11148713703977631,Sell
2024-02-12,BUD,0.1111111111111111,Buy
2024-02-12,SPWR,-0.10738669161700054,Sell
2024-02-12,CAG,-0.11309600020756158,Sell
2024-02-12,GREK,0.1111111111111111,Buy
2024-02-12,STI,0.010717035804282835,Buy
2024-02-12,VTR,0.00017465927069164333,Buy
2024-02-12,BBT,0.1111111111111111,Buy
2024-02-12,SIRI,-0.003397290458627425,Sell
2024-02-12,CCL,-0.0017493415715794658,Sell
2024-02-12,KEY,-0.11347637854520295,Sell
2024-02-12,KGC,0.1111111111111111,Buy
2024-02-12,TRP,-0.11386735330931096,Sell
2024-02-12,M,0.1111111111111111,Buy
2024-02-12,ENB,-0.11369977146952692,Sell
2024-02-13,BUD,-0.11537899432966289,Sell
2024-02-13,GREK,-0.11572347868486908,Sell
2024-02-13,STI,-0.09128936037520326,Sell
2024-02-13,VTR,-0.004161313603077102,Sell
2024-02-13,BBT,-0.0002548813294470237,Sell
2024-02-13,MU,0.1111111111111111,Buy
2024-02-13,EWI,0.1111111111111111,Buy
2024-02-13,SIRI,-0.00019400717388975974,Sell
2024-02-13,CCL,-0.1145684417447527,Sell
2024-02-13,MAR,0.1111111111111111,Buy
2024-02-13,KEY,0.1111111111111111,Buy
2024-02-13,KGC,-0.11173997625076533,Sell
2024-02-13,TRP,0.1111111111111111,Buy
2024-02-13,M,-0.0025443444345187582,Sell
2024-02-14,BUD,0.1111111111111111,Buy
2024-02-14,STI,0.1111111111111111,Buy
2024-02-14,NDAQ,0.1111111111111111,Buy
2024-02-14,VTR,-0.11271221993179321,Sell
2024-02-14,BBT,0.00041245389429288293,Buy
2024-02-14,MU,-0.1102994123617346,Sell
2024-02-14,EWI,-0.11153868316841901,Sell
2024-02-14,SIRI,0.0002945386736697697,Buy
2024-02-14,MAR,0.0010055868378841815,Buy
2024-02-14,KEY,-0.11257538567767526,Sell
2024-02-14,TRP,0.0012745963371057767,Buy
2024-02-14,PCG,0.1111111111111111,Buy
2024-02-14,DUK,0.1111111111111111,Buy
2024-02-14,M,-0.11169184172502994,Sell
2024-02-15,BUD,-0.0011335090337400433,Sell
2024-02-15,SPWR,0.1111111111111111,Buy
2024-02-15,STI,0.014835326342748908,Buy
2024-02-15,NDAQ,0.0003450465390506946,Buy
2024-02-15,VTR,0.1111111111111111,Buy
2024-02-15,BBT,-0.11489255644296976,Sell
2024-02-15,SIRI,-0.11117324262252234,Sell
2024-02-15,ORCL,0.1111111111111111,Buy
2024-02-15,CCL,0.1111111111111111,Buy
2024-02-15,MAR,-0.11381854867739681,Sell
2024-02-15,TRP,-0.11455053628505492,Sell
2024-02-15,NTAP,0.1111111111111111,Buy
2024-02-15,PCG,-0.1126313351619946,Sell
2024-02-15,DUK,-0.11392738983716447,Sell
2024-02-15,OHI,0.1111111111111111,Buy
2024-02-16,BUD,-0.0002732405791366077,Sell
2024-02-16,SPWR,-0.11242231415707803,Sell
2024-02-16,STI,0.0019008630728067355,Buy
2024-02-16,NDAQ,-0.0011693758024398232,Sell
2024-02-16,VTR,-0.0001668777083802253,Sell
2024-02-16,MU,0.1111111111111111,Buy
2024-02-16,ORCL,0.00015414129210727934,Buy
2024-02-16,CCL,0.001791115009702554,Buy
2024-02-16,NTAP,0.0006984199875849778,Buy
2024-02-16,PCG,0.1111111111111111,Buy
2024-02-16,OHI,-0.1130799708826991,Sell
2024-02-20,WEN,0.1111111111111111,Buy
2024-02-20,BUD,-0.11329996029748884,Sell
2024-02-20,STI,0.007655813231129113,Buy
2024-02-20,NDAQ,-0.11244327938156518,Sell
2024-02-20,VTR,0.0007568353730671301,Buy
2024-02-20,MU,-0.11390805182948578,Sell
2024-02-20,SIRI,0.1111111111111111,Buy
2024-02-20,ORCL,0.0017936543378020559,Buy
2024-02-20,CCL,-0.0007859656805334486,Sell
2024-02-20,NTAP,-0.0007619512214322721,Sell
2024-02-20,PCG,-0.1135661209420634,Sell
2024-02-20,M,0.1111111111111111,Buy
2024-02-20,MT,0.1111111111111111,Buy
2024-02-21,NVDA,0.1111111111111111,Buy
2024-02-21,WEN,-0.0022468059827145115,Sell
2024-02-21,STI,0.020208207115043647,Buy
2024-02-21,VTR,-0.11674669715474884,Sell
2024-02-21,SIRI,-0.11278726760583496,Sell
2024-02-21,ORCL,-0.0025763194056494243,Sell
2024-02-21,CCL,-0.0024949782935845682,Sell
2024-02-21,ILMN,0.1111111111111111,Buy
2024-02-21,NTAP,-0.0017339996430323634,Sell
2024-02-21,M,-0.0012831060628716723,Sell
2024-02-21,MT,-0.0027945045402430896,Sell
2024-02-22,A,0.1111111111111111,Buy
2024-02-22,HOG,0.1111111111111111,Buy
2024-02-22,NVDA,-0.1285774797896381,Sell
2024-02-22,WEN,3.206242529564529e-05,Buy
2024-02-22,BUD,0.1111111111111111,Buy
2024-02-22,STI,-0.08969427476245774,Sell
2024-02-22,HAS,0.1111111111111111,Buy
2024-02-22,BBT,0.1111111111111111,Buy
2024-02-22,ORCL,-0.11337154520212724,Sell
2024-02-22,CCL,-0.11421555671579063,Sell
2024-02-22,ILMN,-0.10976452805938314,Sell
2024-02-22,D,0.1111111111111111,Buy
2024-02-22,NTAP,-0.11232807625476313,Sell
2024-02-22,RF,0.1111111111111111,Buy
2024-02-22,M,-0.11121711560238909,Sell
2024-02-22,MT,0.0012381723002812123,Buy
2024-02-23,A,0.0005624651134624598,Buy
2024-02-23,HP,0.1111111111111111,Buy
2024-02-23,HOG,0.002694899568528239,Buy
2024-02-23,WEN,-0.1125087492360017,Sell
2024-02-23,BUD,-0.11048796376066772,Sell
2024-02-23,GREK,0.1111111111111111,Buy
2024-02-23,HAS,-0.10928414112381185,Sell
2024-02-23,VTR,0.1111111111111111,Buy
2024-02-23,BBT,0.000470462344611039,Buy
2024-02-23,EOG,0.1111111111111111,Buy
2024-02-23,SIRI,0.1111111111111111,Buy
2024-02-23,D,-0.116018823236149,Sell
2024-02-23,RF,-0.11084346258061345,Sell
2024-02-23,ENB,0.1111111111111111,Buy
2024-02-23,MT,-0.11163890656012852,Sell
2024-02-26,PPG,0.1111111111111111,Buy
2024-02-26,A,-0.11119277770624479,Sell
2024-02-26,HP,-0.11218094215002261,Sell
2024-02-26,HOG,-0.11161899976865228,Sell
2024-02-26,WEN,0.1111111111111111,Buy
2024-02-26,GREK,-0.11173266372695763,Sell
2024-02-26,VTR,0.0024703945526436816,Buy
2024-02-26,BBT,-0.0007409303761854169,Sell
2024-02-26,BDX,0.1111111111111111,Buy
2024-02-26,EOG,-0.11183903749168529,Sell
2024-02-26,SIRI,-0.11094573032022495,Sell
2024-02-26,KEY,0.1111111111111111,Buy
2024-02-26,DUK,0.1111111111111111,Buy
2024-02-26,ENB,0.0007771018159287435,Buy
2024-02-26,VZ,0.1111111111111111,Buy
2024-02-27,PPG,0.0011703819456308634,Buy
2024-02-27,HOG,0.1111111111111111,Buy
2024-02-27,WEN,0.0006038949994885412,Buy
2024-02-27,VTR,0.0009075979095578973,Buy
2024-02-27,BBT,0.0014630344706034748,Buy
2024-02-27,BDX,0.0002752343583313499,Buy
2024-02-27,KEY,-0.1147907750322796,Sell
2024-02-27,DUK,-0.00019031405346389696,Sell
2024-02-27,ENB,-0.0002682042259635753,Sell
2024-02-27,VZ,-0.0006168378372072431,Sell
2024-02-28,CNC,0.1111111111111111,Buy
2024-02-28,PPG,0.00024313438093981343,Buy
2024-02-28,HOG,-0.11188359893684506,Sell
2024-02-28,WEN,-0.11329517236436946,Sell
2024-02-28,GREK,0.1111111111111111,Buy
2024-02-28,VTR,0.0003210206934714105,Buy
2024-02-28,BBT,0.001740196909100003,Buy
2024-02-28,BDX,0.0008671988884502158,Buy
2024-02-28,DUK,-0.11107270593765023,Sell
2024-02-28,CP,0.1111111111111111,Buy
2024-02-28,M,0.1111111111111111,Buy
2024-02-28,ENB,0.0002584058254498367,Buy
2024-02-28,VZ,-0.11168082336607454,Sell
2024-02-29,CNC,-0.000786428100520084,Sell
2024-02-29,PPG,-0.11273217352081592,Sell
2024-02-29,HOG,0.1111111111111111,Buy
2024-02-29,WEN,0.1111111111111111,Buy
2024-02-29,BUD,0.1111111111111111,Buy
2024-02-29,GREK,-0.11211992144160994,Sell
2024-02-29,VTR,-0.00022913665510017334,Sell
2024-02-29,BBT,-0.0009901817863908619,Sell
2024-02-29,BDX,0.0009542054525564642,Buy
2024-02-29,CP,-0.11195900299814432,Sell
2024-02-29,M,0.005163357000874613,Buy
2024-02-29,ENB,-0.000859473028237176,Sell
2024-03-01,CNC,0.0015423415607237895,Buy
2024-03-01,PPG,0.1111111111111111,Buy
2024-03-01,HOG,-0.11094291268567147,Sell
2024-03-01,WEN,0.0014577079238090734,Buy
2024-03-01,BUD,0.0012751454860596978,Buy
2024-03-01,VTR,-0.11465703789354213,Sell
2024-03-01,BBT,0.0009100562337452517,Buy
2024-03-01,BDX,0.0010223470704309318,Buy
2024-03-01,KO,0.1111111111111111,Buy
2024-03-01,PRGO,0.1111111111111111,Buy
2024-03-01,M,-0.002691687344718724,Sell
2024-03-01,ENB,-0.11141768488860262,Sell
2024-03-04,CNC,-0.11005710619651082,Sell
2024-03-04,PPG,0.0017673815707961033,Buy
2024-03-04,CF,0.1111111111111111,Buy
2024-03-04,WEN,-0.11122119396345152,Sell
2024-03-04,BUD,0.001659253351766421,Buy
2024-03-04,JNJ,0.1111111111111111,Buy
2024-03-04,BBT,0.004438235522735312,Buy
2024-03-04,BDX,0.0013734458985085046,Buy
2024-03-04,KO,-0.11009474005531554,Sell
2024-03-04,NWSA,0.1111111111111111,Buy
2024-03-04,PRGO,0.0019479736017647964,Buy
2024-03-04,M,-0.12442516570541315,Sell
2024-03-04,MRK,0.1111111111111111,Buy
2024-03-05,CNC,0.1111111111111111,Buy
2024-03-05,PPG,-0.11034803302626255,Sell
2024-03-05,CF,-0.11021868357305413,Sell
2024-03-05,BUD,0.00034749488203317247,Buy
2024-03-05,SPWR,0.1111111111111111,Buy
2024-03-05,JNJ,0.00033111698405083323,Buy
2024-03-05,VTR,0.1111111111111111,Buy
2024-03-05,BBT,-0.0022772769517992036,Sell
2024-03-05,BDX,0.0014545437311791892,Buy
2024-03-05,NWSA,-0.11043382893641765,Sell
2024-03-05,BX,0.1111111111111111,Buy
2024-03-05,PRGO,-0.11503653922823912,Sell
2024-03-05,MRK,0.0015097681247512595,Buy
2024-03-06,CNC,0.0005077984499266136,Buy
2024-03-06,BUD,-8.362986277035689e-05,Sell
2024-03-06,SPWR,-0.0014730479849474065,Sell
2024-03-06,JNJ,0.0012131669013623336,Buy
2024-03-06,VTR,-0.11153928398623057,Sell
2024-03-06,BBT,-0.11290673754461403,Sell
2024-03-06,BDX,-0.00023749103536369054,Sell
2024-03-06,XRT,0.1111111111111111,Buy
2024-03-06,BX,0.0021222215250087523,Buy
2024-03-06,OHI,0.1111111111111111,Buy
2024-03-06,VZ,0.1111111111111111,Buy
2024-03-06,MRK,-0.11115885980014718,Sell
2024-03-07,CNC,-0.11337664494997608,Sell
2024-03-07,BUD,-0.1122706937889329,Sell
2024-03-07,SPWR,-0.11153479674603742,Sell
2024-03-07,JNJ,0.0010063462123717087,Buy
2024-03-07,BDX,-0.11182822655837941,Sell
2024-03-07,ANF,0.1111111111111111,Buy
2024-03-07,MS,0.1111111111111111,Buy
2024-03-07,XRT,-0.11073773300956223,Sell
2024-03-07,KO,0.1111111111111111,Buy
2024-03-07,D,0.1111111111111111,Buy
2024-03-07,BX,-0.11177393283626952,Sell
2024-03-07,HMC,0.1111111111111111,Buy
2024-03-07,CME,0.1111111111111111,Buy
2024-03-07,OHI,0.0018945486630150415,Buy
2024-03-07,VZ,0.0017868554934836328,Buy
2024-03-08,PPG,0.1111111111111111,Buy
2024-03-08,XLP,0.1111111111111111,Buy
2024-03-08,SPWR,0.1111111111111111,Buy
2024-03-08,JNJ,-0.11224390983068956,Sell
2024-03-08,ANF,0.007320587720835298,Buy
2024-03-08,DLTR,0.1111111111111111,Buy
2024-03-08,MS,-0.11295446927651924,Sell
2024-03-08,KEY,0.1111111111111111,Buy
2024-03-08,KO,-0.11193696903498049,Sell
2024-03-08,D,-0.1118098158315911,Sell
2024-03-08,WSM,0.1111111111111111,Buy
2024-03-08,HMC,-0.11203887035261223,Sell
2024-03-08,CME,-0.00038745980989705886,Sell
2024-03-08,OHI,-0.11233468639930892,Sell
2024-03-08,VZ,-0.0006188336995045091,Sell
2024-03-11,PPG,-0.11208234064066769,Sell
2024-03-11,XLP,-0.11129395437710661,Sell
2024-03-11,SPWR,-0.1095720780868645,Sell
2024-03-11,ICE,0.1111111111111111,Buy
2024-03-11,GREK,0.1111111111111111,Buy
2024-03-11,ANF,0.0023802332665807113,Buy
2024-03-11,DLTR,-0.11150587077591957,Sell
2024-03-11,KEY,-0.1106901594282749,Sell
2024-03-11,PVH,0.1111111111111111,Buy
2024-03-11,WSM,-0.11137344000790891,Sell
2024-03-11,PCG,0.1111111111111111,Buy
2024-03-11,HMC,0.1111111111111111,Buy
2024-03-11,CME,-0.11265991824253681,Sell
2024-03-11,PRGO,0.1111111111111111,Buy
2024-03-11,BSX,0.1111111111111111,Buy
2024-03-11,VZ,-0.1124271616211296,Sell
2024-03-11,MRK,0.1111111111111111,Buy
2024-03-12,CNC,0.1111111111111111,Buy
2024-03-12,WEN,0.1111111111111111,Buy
2024-03-12,ICE,-0.11020733565785695,Sell
2024-03-12,GREK,0.0003655647252829991,Buy
2024-03-12,VTR,0.1111111111111111,Buy
2024-03-12,BDX,0.1111111111111111,Buy
2024-03-12,ANF,-0.11399225924197066,Sell
2024-03-12,KEY,0.1111111111111111,Buy
2024-03-12,ILMN,0.1111111111111111,Buy
2024-03-12,PVH,-0.11171885141577562,Sell
2024-03-12,PCG,0.0017906766748331804,Buy
2024-03-12,RF,0.1111111111111111,Buy
2024-03-12,HMC,-0.11184350762625342,Sell
2024-03-12,PRGO,-0.11004716097056025,Sell
2024-03-12,BSX,-0.11247440366918264,Sell
2024-03-12,MRK,-0.11009252915428114,Sell
2024-03-13,CNC,-0.11084743990585984,Sell
2024-03-13,BAX,0.1111111111111111,Buy
2024-03-13,WEN,-0.11167465726351379,Sell
2024-03-13,GREK,0.00024808445877905205,Buy
2024-03-13,JNJ,0.1111111111111111,Buy
2024-03-13,STI,0.1111111111111111,Buy
2024-03-13,VTR,0.0008049173573996538,Buy
2024-03-13,BDX,-0.11134774308988138,Sell
2024-03-13,DLTR,0.1111111111111111,Buy
2024-03-13,KEY,-0.11178928577165048,Sell
2024-03-13,ILMN,-0.11094926673185748,Sell
2024-03-13,PCG,-0.11143436837109406,Sell
2024-03-13,RF,-0.11117732247170428,Sell
2024-03-13,BSX,0.1111111111111111,Buy
2024-03-13,MRK,0.1111111111111111,Buy
2024-03-13,BMY,0.1111111111111111,Buy
2024-03-14,PPG,0.1111111111111111,Buy
2024-03-14,BAX,0.0014432413344702272,Buy
2024-03-14,GREK,-0.11244992199331297,Sell
2024-03-14,JNJ,0.0010275442138812513,Buy
2024-03-14,STI,-0.00473489588456126,Sell
2024-03-14,VTR,0.0017996635931824684,Buy
2024-03-14,DHI,0.1111111111111111,Buy
2024-03-14,DLTR,0.00248769357035962,Buy
2024-03-14,KEY,0.1111111111111111,Buy
2024-03-14,BSX,-0.112773493789608,Sell
2024-03-14,MRK,0.0005282333296222075,Buy
2024-03-14,BMY,-0.11105188947197753,Sell
2024-03-15,PPG,0.004998443156551263,Buy
2024-03-15,BAX,0.005195387245965868,Buy
2024-03-15,JNJ,-0.10626736897079093,Sell
2024-03-15,STI,-0.03204987418562211,Sell
2024-03-15,VTR,0.004428003189786131,Buy
2024-03-15,DHI,-0.10793416423152473,Sell
2024-03-15,DLTR,0.0022812725244356485,Buy
2024-03-15,MAR,0.1111111111111111,Buy
2024-03-15,KEY,-0.10740439646057677,Sell
2024-03-15,ULTA,0.1111111111111111,Buy
2024-03-15,NWSA,0.1111111111111111,Buy
2024-03-15,COF,0.1111111111111111,Buy
2024-03-15,MRK,-0.10785578678052571,Sell
2024-03-18,PPG,-0.10521123588413245,Sell
2024-03-18,BAX,0.006990738875140401,Buy
2024-03-18,BUD,0.1111111111111111,Buy
2024-03-18,JNJ,0.1111111111111111,Buy
2024-03-18,STI,-0.05192603632194004,Sell
2024-03-18,VTR,0.006103287157341278,Buy
2024-03-18,DLTR,-0.10415667534657871,Sell
2024-03-18,MAR,-0.10619739573113,Sell
2024-03-18,ULTA,0.007525531674300992,Buy
2024-03-18,PVH,0.1111111111111111,Buy
2024-03-18,NWSA,0.007060585900058869,Buy
2024-03-18,COF,-0.10484980806165575,Sell
2024-03-18,BMY,0.1111111111111111,Buy
2024-03-19,BAX,-0.11058394628399888,Sell
2024-03-19,VWO,0.1111111111111111,Buy
2024-03-19,BUD,0.001735586621648591,Buy
2024-03-19,GREK,0.1111111111111111,Buy
2024-03-19,JNJ,0.0019921679754872357,Buy
2024-03-19,STI,-0.11795743381181885,Sell
2024-03-19,VTR,4.620002570551729e-05,Buy
2024-03-19,WFC,0.1111111111111111,Buy
2024-03-19,SIRI,0.1111111111111111,Buy
2024-03-19,ULTA,-0.10883460427221164,Sell
2024-03-19,PVH,-0.11259755982959775,Sell
2024-03-19,NWSA,-0.11075091366666644,Sell
2024-03-19,CP,0.1111111111111111,Buy
2024-03-19,VZ,0.1111111111111111,Buy
2024-03-19,BMY,-0.10994886285874607,Sell
2024-03-20,VWO,-0.11162841878639207,Sell
2024-03-20,BUD,0.00021522610208550563,Buy
2024-03-20,GREK,-0.11299535945508497,Sell
2024-03-20,JNJ,0.0006819588438759239,Buy
2024-03-20,KMB,0.1111111111111111,Buy
2024-03-20,VTR,-0.00037745422661110417,Sell
2024-03-20,BDX,0.1111111111111111,Buy
2024-03-20,WFC,-0.11131155615028503,Sell
2024-03-20,SIRI,0.003693698131171652,Buy
2024-03-20,CME,0.1111111111111111,Buy
2024-03-20,CP,-0.11300400451063743,Sell
2024-03-20,CLX,0.1111111111111111,Buy
2024-03-20,VZ,-5.2717793035325644e-05,Sell
2024-03-21,BUD,0.0016268790459904037,Buy
2024-03-21,SPWR,0.1111111111111111,Buy
2024-03-21,JNJ,0.00019365713354115022,Buy
2024-03-21,KMB,-0.11127227915881346,Sell
2024-03-21,VTR,-0.0004230844792525723,Sell
2024-03-21,BDX,-0.11267327922224499,Sell
2024-03-21,EWI,0.1111111111111111,Buy
2024-03-21,SIRI,-0.00010010372126517675,Sell
2024-03-21,HUM,0.1111111111111111,Buy
2024-03-21,CME,-0.11220715225588582,Sell
2024-03-21,CLX,0.0022724946121108064,Buy
2024-03-21,M,0.1111111111111111,Buy
2024-03-21,VZ,-0.11208580053736918,Sell
2024-03-22,BUD,-0.0003993936041717938,Sell
2024-03-22,SPWR,-0.11308836039131688,Sell
2024-03-22,NSC,0.1111111111111111,Buy
2024-03-22,JNJ,0.0003651408939016748,Buy
2024-03-22,VTR,0.0013860052391446998,Buy
2024-03-22,EWI,0.00023144083624647427,Buy
2024-03-22,SIRI,-5.8238212139044565e-06,Sell
2024-03-22,HUM,-0.11148479071852173,Sell
2024-03-22,NWSA,0.1111111111111111,Buy
2024-03-22,CLX,-0.11344220952290758,Sell
2024-03-22,M,0.0028803212040055676,Buy
2024-03-22,VZ,0.1111111111111111,Buy
2024-03-25,PPG,0.1111111111111111,Buy
2024-03-25,BUD,-0.000992370852718999,Sell
2024-03-25,NSC,0.002206668404100845,Buy
2024-03-25,JNJ,-0.11157119921483709,Sell
2024-03-25,STI,0.1111111111111111,Buy
2024-03-25,VTR,0.0013597396917816446,Buy
2024-03-25,BDX,0.1111111111111111,Buy
2024-03-25,WFC,0.1111111111111111,Buy
2024-03-25,EWI,-0.11271242543767145,Sell
2024-03-25,SIRI,-0.11186597208729203,Sell
2024-03-25,ANF,0.1111111111111111,Buy
2024-03-25,NWSA,-0.11213846596589581,Sell
2024-03-25,CP,0.1111111111111111,Buy
2024-03-25,M,-0.10816214414336062,Sell
2024-03-25,VZ,-0.11296036267231635,Sell
2024-03-26,PPG,-0.11164851750042343,Sell
2024-03-26,CF,0.1111111111111111,Buy
2024-03-26,WEN,0.1111111111111111,Buy
2024-03-26,BUD,-0.0010694697733034525,Sell
2024-03-26,SPWR,0.1111111111111111,Buy
2024-03-26,NSC,0.00035295723244245514,Buy
2024-03-26,STI,0.0007537819472899498,Buy
2024-03-26,VTR,0.0007716798771228578,Buy
2024-03-26,EWC,0.1111111111111111,Buy
2024-03-26,BDX,-0.11121760786089371,Sell
2024-03-26,WFC,-0.11102311808094154,Sell
2024-03-26,ANF,-0.11185470437406876,Sell
2024-03-26,DUK,0.1111111111111111,Buy
2024-03-26,CP,-0.11095574599961343,Sell
2024-03-27,CF,0.0005743984626962739,Buy
2024-03-27,WEN,-0.11367653048394445,Sell
2024-03-27,BUD,0.0007560322467781988,Buy
2024-03-27,SPWR,-0.10809366540879074,Sell
2024-03-27,NSC,-0.11145883201502979,Sell
2024-03-27,GREK,0.1111111111111111,Buy
2024-03-27,STI,0.0005084967066132096,Buy
2024-03-27,VTR,-0.11277484385914228,Sell
2024-03-27,EWC,-0.11048199857328703,Sell
2024-03-27,TRP,0.1111111111111111,Buy
2024-03-27,HUM,0.1111111111111111,Buy
2024-03-27,TRIP,0.1111111111111111,Buy
2024-03-27,DUK,-0.11229439732076497,Sell
2024-03-27,PRGO,0.1111111111111111,Buy
2024-03-27,OHI,0.1111111111111111,Buy
2024-03-28,A,0.1111111111111111,Buy
2024-03-28,CF,-0.11205507956208374,Sell
2024-03-28,BUD,-2.624707312423591e-05,Sell
2024-03-28,SPWR,0.1111111111111111,Buy
2024-03-28,GREK,0.00022433853916453694,Buy
2024-03-28,STI,0.0063407509333970324,Buy
2024-03-28,EWI,0.1111111111111111,Buy
2024-03-28,SIRI,0.1111111111111111,Buy
2024-03-28,TRP,-0.11281868380623185,Sell
2024-03-28,HUM,0.0007489395492150663,Buy
2024-03-28,NWSA,0.1111111111111111,Buy
2024-03-28,TRIP,-0.11100740495386721,Sell
2024-03-28,PRGO,-0.11382845699366173,Sell
2024-03-28,OHI,-0.11346844274966088,Sell
2024-04-01,A,-0.11472085354156004,Sell
2024-04-01,XLP,0.1111111111111111,Buy
2024-04-01,HYG,0.1111111111111111,Buy
2024-04-01,BUD,-0.11509823787759514,Sell
2024-04-01,SPWR,-0.09849274060820801,Sell
2024-04-01,GREK,-0.003040924694014513,Sell
2024-04-01,STI,-0.10158867009771409,Sell
2024-04-01,NDAQ,0.1111111111111111,Buy
2024-04-01,EWI,-0.11428294186291817,Sell
2024-04-01,SIRI,-0.001908855327540801,Sell
2024-04-01,HUM,-0.11605738392519292,Sell
2024-04-01,NWSA,-0.0017661519348041582,Sell
2024-04-01,HMC,0.1111111111111111,Buy
2024-04-01,CME,0.1111111111111111,Buy
2024-04-01,PRGO,0.1111111111111111,Buy
2024-04-02,XLP,-0.000896819586751349,Sell
2024-04-02,HYG,-0.1123975854546847,Sell
2024-04-02,GREK,0.0007532734199040547,Buy
2024-04-02,NDAQ,0.0002587195191031816,Buy
2024-04-02,EWI,0.1111111111111111,Buy
2024-04-02,SIRI,-0.10847210536539144,Sell
2024-04-02,ILMN,0.1111111111111111,Buy
2024-04-02,HUM,0.1111111111111111,Buy
2024-04-02,NWSA,-0.00016781800052391438,Sell
2024-04-02,BX,0.1111111111111111,Buy
2024-04-02,HMC,2.145149566844251e-05,Buy
2024-04-02,CME,-0.11406381551945856,Sell
2024-04-02,PRGO,-0.1098175811662584,Sell
2024-04-03,CNC,0.1111111111111111,Buy
2024-04-03,XLP,0.0014986089460909818,Buy
2024-04-03,GREK,-9.06062830767912e-05,Sell
2024-04-03,JNJ,0.1111111111111111,Buy
2024-04-03,NDAQ,-0.1112850070198095,Sell
2024-04-03,EWI,-0.11175630879633637,Sell
2024-04-03,ILMN,-0.11016056036452442,Sell
2024-04-03,TRP,0.1111111111111111,Buy
2024-04-03,ULTA,0.1111111111111111,Buy
2024-04-03,PVH,0.1111111111111111,Buy
2024-04-03,HUM,-0.0010805413426451527,Sell
2024-04-03,NWSA,-0.11187593647252869,Sell
2024-04-03,BX,-0.11106136861226079,Sell
2024-04-03,LOW,0.1111111111111111,Buy
2024-04-03,HMC,-0.11107721284108373,Sell
2024-04-04,CNC,0.001149408887399006,Buy
2024-04-04,PPG,0.1111111111111111,Buy
2024-04-04,XLP,0.00011711318425877693,Buy
2024-04-04,GREK,0.0004909262970701211,Buy
2024-04-04,JNJ,0.000910302542632066,Buy
2024-04-04,EWI,0.1111111111111111,Buy
2024-04-04,XRT,0.1111111111111111,Buy
2024-04-04,TRP,-0.11005222607534605,Sell
2024-04-04,ULTA,-0.11366670755539855,Sell
2024-04-04,PVH,-0.11242368515963166,Sell
2024-04-04,HUM,-0.11218908678749531,Sell
2024-04-04,TRIP,0.1111111111111111,Buy
2024-04-04,LOW,-0.11022682624793756,Sell
2024-04-04,CSIQ,0.1111111111111111,Buy
2024-04-05,CNC,-0.11288796399178741,Sell
2024-04-05,PPG,-6.086369564464733e-05,Sell
2024-04-05,XLP,-0.11193640830971247,Sell
2024-04-05,SPWR,0.1111111111111111,Buy
2024-04-05,GREK,-0.0017354242383186141,Sell
2024-04-05,JNJ,-0.0005639530469564169,Sell
2024-04-05,EWI,-0.0006747167829162792,Sell
2024-04-05,SIRI,0.1111111111111111,Buy
2024-04-05,XRT,-0.11210096567332739,Sell
2024-04-05,TRP,0.1111111111111111,Buy
2024-04-05,TRIP,-0.0013879546253219716,Sell
2024-04-05,CLX,0.1111111111111111,Buy
2024-04-05,CSIQ,-0.10337700918281088,Sell
2024-04-08,PPG,-0.11163378228449007,Sell
2024-04-08,BAX,0.1111111111111111,Buy
2024-04-08,SPWR,-0.11569120788680216,Sell
2024-04-08,GREK,-0.11283044679633475,Sell
2024-04-08,JNJ,0.0007538989164641713,Buy
2024-04-08,BDX,0.1111111111111111,Buy
2024-04-08,EWI,-0.1118074994912816,Sell
2024-04-08,SIRI,0.0036681903160052654,Buy
2024-04-08,TRP,0.0005489410779323384,Buy
2024-04-08,NWSA,0.1111111111111111,Buy
2024-04-08,TRIP,0.000945316773617727,Buy
2024-04-08,CLX,0.0013801956263690268,Buy
2024-04-08,VZ,0.1111111111111111,Buy
2024-04-09,MET,0.1111111111111111,Buy
2024-04-09,BAX,-0.11214715814586244,Sell
2024-04-09,ICE,0.1111111111111111,Buy
2024-04-09,JNJ,-0.11113931788714544,Sell
2024-04-09,STI,0.1111111111111111,Buy
2024-04-09,TRV,0.1111111111111111,Buy
2024-04-09,BDX,-0.11250036292486404,Sell
2024-04-09,SIRI,-0.11291960779918228,Sell
2024-04-09,TRP,-0.00027271375008995624,Sell
2024-04-09,NWSA,0.0014711529599995693,Buy
2024-04-09,TRIP,0.0010142991905115611,Buy
2024-04-09,CME,0.1111111111111111,Buy
2024-04-09,CLX,-0.1103755856804426,Sell
2024-04-09,VZ,0.0010887938516564166,Buy
2024-04-10,MET,-0.1107186185650141,Sell
2024-04-10,HOG,0.1111111111111111,Buy
2024-04-10,ICE,-0.1104507437305277,Sell
2024-04-10,JNJ,0.1111111111111111,Buy
2024-04-10,STI,-0.11362358421178907,Sell
2024-04-10,TRV,-0.0013716965767202327,Sell
2024-04-10,DHI,0.1111111111111111,Buy
2024-04-10,EWI,0.1111111111111111,Buy
2024-04-10,SIRI,0.1111111111111111,Buy
2024-04-10,TRP,0.0023525887692337905,Buy
2024-04-10,NWSA,0.001890151854722369,Buy
2024-04-10,TRIP,0.0008164473302405134,Buy
2024-04-10,CME,-0.11339960296870691,Sell
2024-04-10,VZ,-0.11133288935978869,Sell
2024-04-11,MET,0.1111111111111111,Buy
2024-04-11,HOG,0.0017204829124946586,Buy
2024-04-11,JNJ,0.0007722654172852561,Buy
2024-04-11,TRV,0.0017023595054767443,Buy
2024-04-11,DHI,-0.11321771203858465,Sell
2024-04-11,EWI,0.0003037688633324709,Buy
2024-04-11,SIRI,-0.00027334934691877755,Sell
2024-04-11,WMB,0.1111111111111111,Buy
2024-04-11,TRP,0.0008656765551656037,Buy
2024-04-11,NWSA,-0.000677068808480924,Sell
2024-04-11,TRIP,-0.11369971302193739,Sell
2024-04-12,MET,-0.0005107358539533369,Sell
2024-04-12,HOG,0.0006286587908891916,Buy
2024-04-12,JNJ,-0.11199445155377587,Sell
2024-04-12,TRV,-0.11331740518668414,Sell
2024-04-12,EWI,-0.000268332910188393,Sell
2024-04-12,SIRI,0.00254909606221701,Buy
2024-04-12,WMB,-0.00032582004874508186,Sell
2024-04-12,TRP,0.0002101546410741284,Buy
2024-04-12,RL,0.1111111111111111,Buy
2024-04-12,NWSA,0.0006908568878746246,Buy
2024-04-12,XLE,0.1111111111111111,Buy
2024-04-15,MET,0.0003993990691956578,Buy
2024-04-15,BAX,0.1111111111111111,Buy
2024-04-15,HOG,-0.11010995267114077,Sell
2024-04-15,ICE,0.1111111111111111,Buy
2024-04-15,RRC,0.1111111111111111,Buy
2024-04-15,EWC,0.1111111111111111,Buy
2024-04-15,EWI,-0.11192104660661988,Sell
2024-04-15,SIRI,-0.11078266807728898,Sell
2024-04-15,WMB,-1.1870768545571564e-05,Sell
2024-04-15,TRP,-0.11148710852912416,Sell
2024-04-15,RL,-0.11173708472390487,Sell
2024-04-15,NWSA,-0.00034942152632329304,Sell
2024-04-15,TRIP,0.1111111111111111,Buy
2024-04-15,XLE,0.00033028882999661113,Buy
2024-04-16,MET,-0.11113649738213503,Sell
2024-04-16,BAX,0.0004665649088074625,Buy
2024-04-16,ICE,-0.00029873784002555637,Sell
2024-04-16,RRC,-0.11163932424281385,Sell
2024-04-16,GREK,0.1111111111111111,Buy
2024-04-16,EWC,-5.8324275724816466e-05,Sell
2024-04-16,WMB,-0.0002854865840162396,Sell
2024-04-16,TRP,0.1111111111111111,Buy
2024-04-16,NWSA,-0.11112873587779566,Sell
2024-04-16,TRIP,0.00033874873283037954,Buy
2024-04-16,HMC,0.1111111111111111,Buy
2024-04-16,XLE,0.0001281660547413077,Buy
2024-04-17,BAX,-0.11096653573458032,Sell
2024-04-17,NSC,0.1111111111111111,Buy
2024-04-17,ICE,-0.11182540944648901,Sell
2024-04-17,GREK,-0.11128291403246234,Sell
2024-04-17,TRV,0.1111111111111111,Buy
2024-04-17,EWC,-0.11156204686380863,Sell
2024-04-17,EBAY,0.1111111111111111,Buy
2024-04-17,MAR,0.1111111111111111,Buy
2024-04-17,WMB,-0.1111954584294052,Sell
2024-04-17,TRP,-0.11082278650293377,Sell
2024-04-17,EW,0.1111111111111111,Buy
2024-04-17,NWSA,0.1111111111111111,Buy
2024-04-17,TRIP,-0.0008332069221378274,Sell
2024-04-17,HMC,0.0013325281458050897,Buy
2024-04-17,XLE,0.0003219659210058762,Buy
2024-04-18,NSC,-0.1116666977960655,Sell
2024-04-18,TRV,-0.0021910465738868984,Sell
2024-04-18,EBAY,-0.11235920001298086,Sell
2024-04-18,ORCL,0.1111111111111111,Buy
2024-04-18,TSM,0.1111111111111111,Buy
2024-04-18,MAR,0.0008842060669946861,Buy
2024-04-18,EW,0.000883913794343702,Buy
2024-04-18,NWSA,-0.11068178163053968,Sell
2024-04-18,TRIP,0.0005335259639322326,Buy
2024-04-18,HMC,0.0007098394966811583,Buy
2024-04-18,SYK,0.1111111111111111,Buy
2024-04-18,XLE,0.00021933390686902643,Buy
2024-04-19,PPG,0.1111111111111111,Buy
2024-04-19,NVDA,0.1111111111111111,Buy
2024-04-19,SPWR,0.1111111111111111,Buy
2024-04-19,TRV,-0.11363170220073303,Sell
2024-04-19,QQQ,0.1111111111111111,Buy
2024-04-19,ORCL,-0.11061580594142936,Sell
2024-04-19,TSM,0.0032759863361822433,Buy
2024-04-19,MAR,-0.11155241964215036,Sell
2024-04-19,EW,-0.11103531404625117,Sell
2024-04-19,NTAP,0.1111111111111111,Buy
2024-04-19,TRIP,0.0003458173079177729,Buy
2024-04-19,HMC,0.00042197109392538845,Buy
2024-04-19,SYK,0.00010589381798681297,Buy
2024-04-19,XLE,-0.1130392315985786,Sell
2024-04-22,PPG,-0.0005576220855242897,Sell
2024-04-22,NVDA,-0.11630013821201786,Sell
2024-04-22,SPWR,0.014771067739302354,Buy
2024-04-22,NSC,0.1111111111111111,Buy
2024-04-22,ICE,0.1111111111111111,Buy
2024-04-22,QQQ,-0.11256814486315564,Sell
2024-04-22,TSM,-0.1132364547054732,Sell
2024-04-22,TRP,0.1111111111111111,Buy
2024-04-22,HUM,0.1111111111111111,Buy
2024-04-22,NTAP,-0.0002907334424886443,Sell
2024-04-22,TRIP,-0.1137617436692191,Sell
2024-04-22,HMC,-0.001674646647609801,Sell
2024-04-22,SYK,-0.0011067704826427383,Sell
2024-04-23,PPG,0.0024841924606999466,Buy
2024-04-23,SPWR,-0.1207480953087044,Sell
2024-04-23,NSC,0.00168864718496195,Buy
2024-04-23,ICE,0.001311984995536461,Buy
2024-04-23,TRP,0.001511168082085887,Buy
2024-04-23,HUM,-0.11013484258271028,Sell
2024-04-23,NTAP,-0.11091954475161661,Sell
2024-04-23,NTES,0.1111111111111111,Buy
2024-04-23,HMC,0.0017813479476046779,Buy
2024-04-23,CME,0.1111111111111111,Buy
2024-04-23,SYK,-0.11164510210051058,Sell
2024-04-23,CSIQ,0.1111111111111111,Buy
2024-04-23,MT,0.1111111111111111,Buy
2024-04-24,PPG,-0.0006524377587497077,Sell
2024-04-24,DAL,0.1111111111111111,Buy
2024-04-24,SPWR,0.1111111111111111,Buy
2024-04-24,NSC,0.0034403002635044477,Buy
2024-04-24,ICE,-0.1118890466414757,Sell
2024-04-24,TRP,-0.00020336552083824455,Sell
2024-04-24,HUM,0.1111111111111111,Buy
2024-04-24,NWSA,0.1111111111111111,Buy
2024-04-24,NTES,-0.11282650053330374,Sell
2024-04-24,HMC,-2.6293813998379267e-05,Sell
2024-04-24,CME,0.0015783112797960186,Buy
2024-04-24,CSIQ,-0.1123624449798937,Sell
2024-04-24,MT,-0.11173080781056448,Sell
2024-04-25,PPG,-0.10992925792485238,Sell
2024-04-25,HP,0.1111111111111111,Buy
2024-04-25,DAL,-0.11551955557500282,Sell
2024-04-25,SPWR,-0.00044800549840225135,Sell
2024-04-25,NSC,-0.11319337626710792,Sell
2024-04-25,JNJ,0.1111111111111111,Buy
2024-04-25,BDX,0.1111111111111111,Buy
2024-04-25,TRP,-0.0004720318424784875,Sell
2024-04-25,HUM,0.0016902513176118572,Buy
2024-04-25,NWSA,0.0016667150011012571,Buy
2024-04-25,HMC,0.0025367068637397044,Buy
2024-04-25,CME,-0.11100050806106944,Sell
2024-04-25,CAT,0.1111111111111111,Buy
2024-04-26,HP,-0.0009720864477242019,Sell
2024-04-26,HOG,0.1111111111111111,Buy
2024-04-26,SPWR,0.00906679884746571,Buy
2024-04-26,JNJ,-0.11170219316050667,Sell
2024-04-26,BDX,-0.1127429457551475,Sell
2024-04-26,TRP,-0.0011419307699353093,Sell
2024-04-26,EW,0.1111111111111111,Buy
2024-04-26,HUM,-0.11023631794427659,Sell
2024-04-26,NWSA,-0.1122683069790875,Sell
2024-04-26,HMC,-0.001777834780168977,Sell
2024-04-26,CP,0.1111111111111111,Buy
2024-04-26,CAT,-0.0028971043818911413,Sell
2024-04-26,BMY,0.1111111111111111,Buy
2024-04-29,HP,-0.10166083189339692,Sell
2024-04-29,HOG,-0.10200831905750479,Sell
2024-04-29,SPWR,-0.19273134751127935,Sell
2024-04-29,ICE,0.1111111111111111,Buy
2024-04-29,EWI,0.1111111111111111,Buy
2024-04-29,TRP,0.010827679529251927,Buy
2024-04-29,EW,0.011079830899772491,Buy
2024-04-29,NWSA,0.1111111111111111,Buy
2024-04-29,BX,0.1111111111111111,Buy
2024-04-29,HMC,0.0097782823592166,Buy
2024-04-29,CME,0.1111111111111111,Buy
2024-04-29,CP,0.011543345704247712,Buy
2024-04-29,CAT,-0.1024705869217152,Sell
2024-04-29,BMY,-0.10011894412318605,Sell
2024-04-30,NSC,0.1111111111111111,Buy
2024-04-30,ICE,-7.091798637975932e-06,Sell
2024-04-30,RRC,0.1111111111111111,Buy
2024-04-30,EWI,0.0005782622446184049,Buy
2024-04-30,KGC,0.1111111111111111,Buy
2024-04-30,WMB,0.1111111111111111,Buy
2024-04-30,TRP,-0.0013112970773389576,Sell
2024-04-30,EW,-0.11118066707298502,Sell
2024-04-30,NWSA,-0.1110877642585423,Sell
2024-04-30,TRIP,0.1111111111111111,Buy
2024-04-30,BX,-0.10910938047215588,Sell
2024-04-30,HMC,-0.11249738619717557,Sell
2024-04-30,CME,-0.11287221513912336,Sell
2024-04-30,CP,-0.10948328770300829,Sell
2024-04-30,XLE,0.1111111111111111,Buy
2024-05-01,HP,0.1111111111111111,Buy
2024-05-01,NSC,-0.11205012967189519,Sell
2024-05-01,ICE,-0.11185425814499435,Sell
2024-05-01,RRC,0.003426154643397114,Buy
2024-05-01,EOG,0.1111111111111111,Buy
2024-05-01,EWI,-0.0007208171010853748,Sell
2024-05-01,KGC,-0.11279140531415693,Sell
2024-05-01,WMB,0.0005586349617332786,Buy
2024-05-01,TRP,-0.00043802552409014095,Sell
2024-05-01,TRIP,-0.000770168549958275,Sell
2024-05-01,SYK,0.1111111111111111,Buy
2024-05-01,XLE,0.0009705421593348973,Buy
2024-05-02,HP,0.0019688120900735046,Buy
2024-05-02,ICE,0.1111111111111111,Buy
2024-05-02,RRC,-0.00053143414894255,Sell
2024-05-02,EBAY,0.1111111111111111,Buy
2024-05-02,EOG,-0.11180801655032704,Sell
2024-05-02,QQQ,0.1111111111111111,Buy
2024-05-02,EWI,-0.1112951186339576,Sell
2024-05-02,WMB,-0.11212977220275333,Sell
2024-05-02,TRP,-0.11233666804136709,Sell
2024-05-02,TRIP,-9.084657440169841e-05,Sell
2024-05-02,CLX,0.1111111111111111,Buy
2024-05-02,SYK,0.0013730707421334837,Buy
2024-05-02,XLE,0.00023762934760385157,Buy
2024-05-03,BAX,0.1111111111111111,Buy
2024-05-03,HP,-0.1122564605671185,Sell
2024-05-03,NSC,0.1111111111111111,Buy
2024-05-03,ICE,-0.11384347405888404,Sell
2024-05-03,RRC,-0.11266042322223135,Sell
2024-05-03,BDX,0.1111111111111111,Buy
2024-05-03,EBAY,0.00014107970576582307,Buy
2024-05-03,QQQ,-0.11260754494021452,Sell
2024-05-03,ILMN,0.1111111111111111,Buy
2024-05-03,TRIP,0.003882096542203492,Buy
2024-05-03,CME,0.1111111111111111,Buy
2024-05-03,CLX,0.0018602999459788189,Buy
2024-05-03,SYK,0.00010712055844720736,Buy
2024-05-03,XLE,-0.11040084717747455,Sell
2024-05-06,BAX,0.0007302690104510623,Buy
2024-05-06,NSC,0.0019867375243564217,Buy
2024-05-06,CAG,0.1111111111111111,Buy
2024-05-06,STI,0.1111111111111111,Buy
2024-05-06,BDX,-0.11243264564644277,Sell
2024-05-06,EBAY,0.00018792403390563428,Buy
2024-05-06,HTZ,0.1111111111111111,Buy
2024-05-06,ILMN,-0.001411598908694786,Sell
2024-05-06,TRIP,0.0008355407800604425,Buy
2024-05-06,CME,-0.11171766849159104,Sell
2024-05-06,CLX,-0.11237690473955293,Sell
2024-05-06,SYK,0.0005831264413119763,Buy
2024-05-07,BAX,-0.11072346997114671,Sell
2024-05-07,SPWR,0.1111111111111111,Buy
2024-05-07,NSC,-0.001706281579680946,Sell
2024-05-07,CAG,-0.1138837845435479,Sell
2024-05-07,STI,0.002013602019393934,Buy
2024-05-07,EBAY,-0.11348285740307748,Sell
2024-05-07,QQQ,0.1111111111111111,Buy
2024-05-07,HTZ,-0.10800725792335483,Sell
2024-05-07,MAR,0.1111111111111111,Buy
2024-05-07,ILMN,0.004986542415455153,Buy
2024-05-07,TRIP,-0.0007201036705701686,Sell
2024-05-07,LOW,0.1111111111111111,Buy
2024-05-07,HMC,0.1111111111111111,Buy
2024-05-07,SYK,-0.11420207189494792,Sell
2024-05-08,BAX,0.1111111111111111,Buy
2024-05-08,SPWR,0.0016562790398895466,Buy
2024-05-08,NSC,-0.11527758271917826,Sell
2024-05-08,STI,-0.009228594955031949,Sell
2024-05-08,NDAQ,0.1111111111111111,Buy
2024-05-08,EBAY,0.1111111111111111,Buy
2024-05-08,QQQ,-0.1152988701260491,Sell
2024-05-08,MAR,-0.11505412358931065,Sell
2024-05-08,ILMN,-0.002006207585155975,Sell
2024-05-08,GOLD,0.1111111111111111,Buy
2024-05-08,TRIP,-0.08222388443861009,Sell
2024-05-08,LOW,-0.11567102872442203,Sell
2024-05-08,HMC,-0.0027436382310728896,Sell
2024-05-08,SYK,0.1111111111111111,Buy
2024-05-09,BAX,-0.0002866997083265377,Sell
2024-05-09,SPWR,0.004376052577744802,Buy
2024-05-09,STI,0.004910667289808657,Buy
2024-05-09,NDAQ,-0.00016618133834721271,Sell
2024-05-09,EBAY,-0.11222713814583245,Sell
2024-05-09,QQQ,0.1111111111111111,Buy
2024-05-09,ORCL,0.1111111111111111,Buy
2024-05-09,KEY,0.1111111111111111,Buy
2024-05-09,ILMN,-0.11150909671613572,Sell
2024-05-09,GOLD,-0.11864719382186269,Sell
2024-05-09,HMC,0.00013688193305756713,Buy
2024-05-09,SYK,-0.00019846898850968409,Sell
2024-05-10,BAX,-0.11217856991100957,Sell
2024-05-10,SPWR,0.010270927199325916,Buy
2024-05-10,RRC,0.1111111111111111,Buy
2024-05-10,STI,0.0024987699548446873,Buy
2024-05-10,NDAQ,-0.11389704760510536,Sell
2024-05-10,QQQ,-0.0021511627505270553,Sell
2024-05-10,ORCL,-0.11302485325141123,Sell
2024-05-10,KEY,-0.11299579887109332,Sell
2024-05-10,GOLD,0.1111111111111111,Buy
2024-05-10,HMC,-0.0013520022436778745,Sell
2024-05-10,CME,0.1111111111111111,Buy
2024-05-10,OHI,0.1111111111111111,Buy
2024-05-10,SYK,-0.11290017413767525,Sell
2024-05-10,CSIQ,0.1111111111111111,Buy
2024-05-13,BAX,0.1111111111111111,Buy
2024-05-13,WEN,0.1111111111111111,Buy
2024-05-13,SPWR,-0.1036381957204269,Sell
2024-05-13,RRC,0.0006506361058512544,Buy
2024-05-13,STI,-0.007904091510865421,Sell
2024-05-13,DHI,0.1111111111111111,Buy
2024-05-13,QQQ,-0.11084011064695821,Sell
2024-05-13,MAR,0.1111111111111111,Buy
2024-05-13,GOLD,-0.11046593385672861,Sell
2024-05-13,EW,0.1111111111111111,Buy
2024-05-13,HMC,0.000493420059919425,Buy
2024-05-13,CME,-0.11135946819809847,Sell
2024-05-13,OHI,-0.11076512050960159,Sell
2024-05-13,CSIQ,-0.11312066278408964,Sell
2024-05-13,XLE,0.1111111111111111,Buy
2024-05-14,BAX,0.0010111192915328027,Buy
2024-05-14,WEN,-0.11232144186365652,Sell
2024-05-14,SPWR,0.1111111111111111,Buy
2024-05-14,NSC,0.1111111111111111,Buy
2024-05-14,RRC,-0.11393737292809111,Sell
2024-05-14,STI,0.002262389998919284,Buy
2024-05-14,DHI,-0.11155287666097015,Sell
2024-05-14,DLTR,0.1111111111111111,Buy
2024-05-14,MAR,0.001177191098720748,Buy
2024-05-14,KO,0.1111111111111111,Buy
2024-05-14,EW,-0.11299374462355882,Sell
2024-05-14,HMC,0.001301996360175861,Buy
2024-05-14,XLE,0.00027557371031781963,Buy
2024-05-15,MNST,0.1111111111111111,Buy
2024-05-15,BAX,0.0031703761398173547,Buy
2024-05-15,VWO,0.1111111111111111,Buy
2024-05-15,HP,0.1111111111111111,Buy
2024-05-15,WEN,0.1111111111111111,Buy
2024-05-15,SPWR,-0.14787578816134248,Sell
2024-05-15,NSC,-0.10802487086700313,Sell
2024-05-15,STI,0.01284769998126889,Buy
2024-05-15,TRV,0.1111111111111111,Buy
2024-05-15,DLTR,-0.10728963145168013,Sell
2024-05-15,MAR,-0.10742103748023663,Sell
2024-05-15,KO,-0.10741292004240797,Sell
2024-05-15,HMC,-0.10838681059046985,Sell
2024-05-15,CME,0.1111111111111111,Buy
2024-05-15,XLE,0.0035085992527191107,Buy
2024-05-16,MNST,0.0010866856270351083,Buy
2024-05-16,PPG,0.1111111111111111,Buy
2024-05-16,BAX,-0.109519898937182,Sell
2024-05-16,VWO,-0.1107519699767741,Sell
2024-05-16,HP,-0.11070618445573498,Sell
2024-05-16,WEN,-0.11140769527712278,Sell
2024-05-16,STI,-0.0012615720490376653,Sell
2024-05-16,TRV,-0.11283620214382799,Sell
2024-05-16,WFC,0.1111111111111111,Buy
2024-05-16,HMC,0.1111111111111111,Buy
2024-05-16,CME,-0.11269759625167125,Sell
2024-05-16,CLX,0.1111111111111111,Buy
2024-05-16,XLE,0.0010870294596649344,Buy
2024-05-16,COF,0.1111111111111111,Buy
2024-05-16,CAT,0.1111111111111111,Buy
2024-05-17,MNST,-2.2710248363852492e-05,Sell
2024-05-17,PPG,-0.11081251493045088,Sell
2024-05-17,SPWR,0.1111111111111111,Buy
2024-05-17,NSC,0.1111111111111111,Buy
2024-05-17,STI,0.0035531367993952706,Buy
2024-05-17,EBAY,0.1111111111111111,Buy
2024-05-17,WFC,-0.11112913227630247,Sell
2024-05-17,DLTR,0.1111111111111111,Buy
2024-05-17,LOW,0.1111111111111111,Buy
2024-05-17,HMC,-0.11251441047547646,Sell
2024-05-17,CLX,0.0011133265680569188,Buy
2024-05-17,XLE,-0.11264671572370508,Sell
2024-05-17,COF,-0.11169134023618876,Sell
2024-05-17,CAT,-0.0017396451109104732,Sell
2024-05-20,MNST,-0.0004237463627237148,Sell
2024-05-20,SPWR,-0.1045925461428032,Sell
2024-05-20,NSC,-0.0009722774113746779,Sell
2024-05-20,STI,-0.0015270187832170101,Sell
2024-05-20,EBAY,-0.001001907780679115,Sell
2024-05-20,DLTR,0.002150445996932218,Buy
2024-05-20,KO,0.1111111111111111,Buy
2024-05-20,LOW,-0.0005814964861313721,Sell
2024-05-20,CLX,-0.11198199359123785,Sell
2024-05-20,SYK,0.1111111111111111,Buy
2024-05-20,CAT,-0.0035757270450251233,Sell
2024-05-21,MNST,0.00044032301028891496,Buy
2024-05-21,NSC,0.002736137945099734,Buy
2024-05-21,STI,-0.0025819706883240395,Sell
2024-05-21,EBAY,-0.11310161769609092,Sell
2024-05-21,DLTR,-0.0011685814944374928,Sell
2024-05-21,KEY,0.1111111111111111,Buy
2024-05-21,KO,-0.11168906658844385,Sell
2024-05-21,LOW,0.0021148362821361427,Buy
2024-05-21,CME,0.1111111111111111,Buy
2024-05-21,SYK,-0.11134821333946522,Sell
2024-05-21,XLE,0.1111111111111111,Buy
2024-05-21,CAT,0.001152587824052545,Buy
2024-05-22,MNST,-0.11133194063136903,Sell
2024-05-22,NSC,-0.11486253411436233,Sell
2024-05-22,STI,-0.10986544740292957,Sell
2024-05-22,EOG,0.1111111111111111,Buy
2024-05-22,DLTR,-0.11101155543608372,Sell
2024-05-22,MAR,0.1111111111111111,Buy
2024-05-22,KEY,0.0013106764442318009,Buy
2024-05-22,KGC,0.1111111111111111,Buy
2024-05-22,WMB,0.1111111111111111,Buy
2024-05-22,RL,0.1111111111111111,Buy
2024-05-22,WSM,0.1111111111111111,Buy
2024-05-22,LOW,-0.11006246708118338,Sell
2024-05-22,CME,-0.11252022242122725,Sell
2024-05-22,XLE,0.0013379629807610122,Buy
2024-05-22,COF,0.1111111111111111,Buy
2024-05-22,CAT,-0.1109434022577127,Sell
2024-05-23,PPG,0.1111111111111111,Buy
2024-05-23,KMB,0.1111111111111111,Buy
2024-05-23,EOG,0.0009572365501057112,Buy
2024-05-23,MAR,0.0008125188818294965,Buy
2024-05-23,KEY,-0.10770236987788108,Sell
2024-05-23,KGC,-0.1112420655171073,Sell
2024-05-23,WMB,-0.11027086241540529,Sell
2024-05-23,KO,0.1111111111111111,Buy
2024-05-23,D,0.1111111111111111,Buy
2024-05-23,RL,-0.11560904389517676,Sell
2024-05-23,WSM,-0.11379948112956026,Sell
2024-05-23,XLE,0.00018448750871435937,Buy
2024-05-23,COF,0.0007208293046683523,Buy
2024-05-23,ENB,0.1111111111111111,Buy
2024-05-24,PPG,4.936496480256736e-06,Buy
2024-05-24,JNJ,0.1111111111111111,Buy
2024-05-24,KMB,-0.11085205537777167,Sell
2024-05-24,BDX,0.1111111111111111,Buy
2024-05-24,EOG,0.0010218288841355172,Buy
2024-05-24,MAR,-0.11293028230503582,Sell
2024-05-24,WMB,0.1111111111111111,Buy
2024-05-24,KO,0.0005036742847300407,Buy
2024-05-24,D,-0.11129507424651182,Sell
2024-05-24,NTES,0.1111111111111111,Buy
2024-05-24,XLE,0.00018524924912947938,Buy
2024-05-24,COF,-0.11087272185785055,Sell
2024-05-24,ENB,-0.000488350990662384,Sell
2024-05-28,PPG,0.001585618421992327,Buy
2024-05-28,DAL,0.1111111111111111,Buy
2024-05-28,JNJ,0.002004774263223194,Buy
2024-05-28,KMB,0.1111111111111111,Buy
2024-05-28,BDX,0.0010135589542117768,Buy
2024-05-28,EOG,-0.11338808079169593,Sell
2024-05-28,ALK,0.1111111111111111,Buy
2024-05-28,WMB,-0.11255806231553422,Sell
2024-05-28,KO,-0.11074112528149964,Sell
2024-05-28,PCG,0.1111111111111111,Buy
2024-05-28,NTES,-0.11193509443196085,Sell
2024-05-28,CME,0.1111111111111111,Buy
2024-05-28,XLE,-0.11220616626138527,Sell
2024-05-28,ENB,-0.11066514339646903,Sell
2024-05-28,MRK,0.1111111111111111,Buy
2024-05-29,PPG,0.000985949302581987,Buy
2024-05-29,DAL,-0.11139880727487798,Sell
2024-05-29,SPWR,0.1111111111111111,Buy
2024-05-29,CAG,0.1111111111111111,Buy
2024-05-29,GREK,0.1111111111111111,Buy
2024-05-29,JNJ,-0.11229378148668237,Sell
2024-05-29,KMB,-0.0002755921113378329,Sell
2024-05-29,BDX,-0.111390893820597,Sell
2024-05-29,EOG,0.1111111111111111,Buy
2024-05-29,ALK,0.0017952116590393835,Buy
2024-05-29,PCG,-0.0003967394664037144,Sell
2024-05-29,CME,-0.11084203348980425,Sell
2024-05-29,ENB,0.1111111111111111,Buy
2024-05-29,MRK,-0.11207799208944876,Sell
2024-05-30,CNC,0.1111111111111111,Buy
2024-05-30,PPG,-0.11105198930934015,Sell
2024-05-30,VWO,0.1111111111111111,Buy
2024-05-30,A,0.1111111111111111,Buy
2024-05-30,SPWR,-0.11898662506879097,Sell
2024-05-30,CAG,0.001977999800109209,Buy
2024-05-30,GREK,0.0011392418766692086,Buy
2024-05-30,KMB,-0.11064611390447712,Sell
2024-05-30,NDAQ,0.1111111111111111,Buy
2024-05-30,EOG,0.0014574641523273646,Buy
2024-05-30,ORCL,0.1111111111111111,Buy
2024-05-30,ALK,-0.11078346669053168,Sell
2024-05-30,PCG,-0.1104451801420345,Sell
2024-05-30,ENB,-0.10960284358579543,Sell
2024-05-30,MRK,0.1111111111111111,Buy
2024-05-31,CNC,-0.11444828739896319,Sell
2024-05-31,VWO,0.0018060830841087477,Buy
2024-05-31,A,0.0017145382633762252,Buy
2024-05-31,CAG,-0.11296586028696813,Sell
2024-05-31,GREK,0.0008940913860855243,Buy
2024-05-31,NDAQ,0.0009046400782340425,Buy
2024-05-31,MU,0.1111111111111111,Buy
2024-05-31,EOG,-0.1123179210454662,Sell
2024-05-31,QQQ,0.1111111111111111,Buy
2024-05-31,ORCL,0.0007731479089953253,Buy
2024-05-31,GOLD,0.1111111111111111,Buy
2024-05-31,CME,0.1111111111111111,Buy
2024-05-31,MRK,-0.11113794553080764,Sell
2024-06-03,BAX,0.1111111111111111,Buy
2024-06-03,VWO,-0.11182425228284837,Sell
2024-06-03,A,-0.00044850910386219633,Sell
2024-06-03,WEN,0.1111111111111111,Buy
2024-06-03,SPWR,0.1111111111111111,Buy
2024-06-03,GREK,-0.11096116303165737,Sell
2024-06-03,NDAQ,0.000935913529810789,Buy
2024-06-03,TRV,0.1111111111111111,Buy
2024-06-03,MU,-0.11352695340534454,Sell
2024-06-03,EOG,0.1111111111111111,Buy
2024-06-03,QQQ,-0.11131361604258513,Sell
2024-06-03,ORCL,-0.11269371477775729,Sell
2024-06-03,GOLD,0.0029892553635666036,Buy
2024-06-03,PCG,0.1111111111111111,Buy
2024-06-03,CME,-0.1100481836268019,Sell
2024-06-04,BAX,0.0003171043809091084,Buy
2024-06-04,A,-0.11291458302916023,Sell
2024-06-04,WEN,-0.0019509316416868316,Sell
2024-06-04,DAL,0.1111111111111111,Buy
2024-06-04,SPWR,0.010534264993357897,Buy
2024-06-04,NDAQ,-0.11472111060896725,Sell
2024-06-04,TRV,-0.11301182673139445,Sell
2024-06-04,EOG,-0.11354080958030283,Sell
2024-06-04,KGC,0.1111111111111111,Buy
2024-06-04,GOLD,0.003276605792751769,Buy
2024-06-04,PCG,-0.11388649677835569,Sell
2024-06-04,CSIQ,0.1111111111111111,Buy
2024-06-04,XLE,0.1111111111111111,Buy
2024-06-04,COF,0.1111111111111111,Buy
2024-06-05,MNST,0.1111111111111111,Buy
2024-06-05,BAX,-0.0003556630871581895,Sell
2024-06-05,WEN,0.001993149144969994,Buy
2024-06-05,DAL,-0.11398948846063955,Sell
2024-06-05,SPWR,0.01067222798959036,Buy
2024-06-05,EBAY,0.1111111111111111,Buy
2024-06-05,ALK,0.1111111111111111,Buy
2024-06-05,KGC,-0.11489824219070942,Sell
2024-06-05,GOLD,-0.11261382029233766,Sell
2024-06-05,D,0.1111111111111111,Buy
2024-06-05,CME,0.1111111111111111,Buy
2024-06-05,CSIQ,-0.11327000581973332,Sell
2024-06-05,XLE,-0.0007126724744543345,Sell
2024-06-05,COF,-0.11266782709063196,Sell
2024-06-06,MNST,-0.000250847039673735,Sell
2024-06-06,BAX,0.0002721621244746869,Buy
2024-06-06,WEN,-0.0004741235042343833,Sell
2024-06-06,SPWR,-0.003210534777547347,Sell
2024-06-06,CAG,0.1111111111111111,Buy
2024-06-06,EBAY,-0.11119796140752135,Sell
2024-06-06,WFC,0.1111111111111111,Buy
2024-06-06,DLTR,0.1111111111111111,Buy
2024-06-06,ALK,0.0019564941594366753,Buy
2024-06-06,D,-0.10988097348351623,Sell
2024-06-06,CME,-0.11095718613608288,Sell
2024-06-06,XLE,0.0001272566697686356,Buy
2024-06-07,MNST,-0.11185625722613202,Sell
2024-06-07,PPG,0.1111111111111111,Buy
2024-06-07,BAX,0.00029900142701140553,Buy
2024-06-07,WEN,0.002182100266550857,Buy
2024-06-07,SPWR,-0.0009982999604451204,Sell
2024-06-07,CAG,-0.11202524462917461,Sell
2024-06-07,BBT,0.1111111111111111,Buy
2024-06-07,WFC,-0.11256188677134711,Sell
2024-06-07,DLTR,0.0008345156987659558,Buy
2024-06-07,ALK,0.0004164465831035802,Buy
2024-06-07,KGC,0.1111111111111111,Buy
2024-06-07,D,0.1111111111111111,Buy
2024-06-07,XLE,-0.1109030911764168,Sell
2024-06-10,MNST,0.1111111111111111,Buy
2024-06-10,PPG,-0.11157843609865964,Sell
2024-06-10,BAX,0.0004842648238028435,Buy
2024-06-10,WEN,0.0013826060086783998,Buy
2024-06-10,BUD,0.1111111111111111,Buy
2024-06-10,SPWR,0.00033484890446271176,Buy
2024-06-10,CAG,0.1111111111111111,Buy
2024-06-10,BBT,0.002306524030182111,Buy
2024-06-10,DLTR,-0.11043258289277422,Sell
2024-06-10,ALK,-0.11320500768871032,Sell
2024-06-10,KGC,-0.002383277647971832,Sell
2024-06-10,D,-0.0004672581575895368,Sell
2024-06-11,MNST,0.0002678900500465292,Buy
2024-06-11,BAX,0.000681745584485971,Buy
2024-06-11,WEN,8.171977068635594e-06,Buy
2024-06-11,DAL,0.1111111111111111,Buy
2024-06-11,BUD,0.0015831821143958424,Buy
2024-06-11,SPWR,-0.006953704884340814,Sell
2024-06-11,CAG,-0.11030793599534607,Sell
2024-06-11,BBT,-0.1091886219799207,Sell
2024-06-11,EWI,0.1111111111111111,Buy
2024-06-11,MS,0.1111111111111111,Buy
2024-06-11,KGC,-0.1100563468188754,Sell
2024-06-11,D,-0.11064686692999828,Sell
2024-06-11,COF,0.1111111111111111,Buy
2024-06-12,MNST,0.003146955761694839,Buy
2024-06-12,BAX,-0.1124650250990993,Sell
2024-06-12,WEN,-0.11212356161722084,Sell
2024-06-12,DAL,-0.11397399730280268,Sell
2024-06-12,BUD,-0.11172462382254507,Sell
2024-06-12,SPWR,0.005822930822948935,Buy
2024-06-12,CAG,0.1111111111111111,Buy
2024-06-12,TRV,0.1111111111111111,Buy
2024-06-12,EWI,-0.1128594107652352,Sell
2024-06-12,MS,-0.11123528023181675,Sell
2024-06-12,GOLD,0.1111111111111111,Buy
2024-06-12,KO,0.1111111111111111,Buy
2024-06-12,D,0.1111111111111111,Buy
2024-06-12,PCG,0.1111111111111111,Buy
2024-06-12,CME,0.1111111111111111,Buy
2024-06-12,COF,-0.11258903532920982,Sell
2024-06-13,MNST,0.002075035018433341,Buy
2024-06-13,AA,0.1111111111111111,Buy
2024-06-13,BUD,0.1111111111111111,Buy
2024-06-13,SPWR,-0.0017800932711954376,Sell
2024-06-13,CAG,-0.11080425007249563,Sell
2024-06-13,TRV,-0.11128388276495658,Sell
2024-06-13,EWI,0.1111111111111111,Buy
2024-06-13,DLTR,0.1111111111111111,Buy
2024-06-13,KGC,0.1111111111111111,Buy
2024-06-13,GOLD,-0.10952029220338413,Sell
2024-06-13,KO,-0.1115808538947934,Sell
2024-06-13,D,-3.36818915620124e-05,Sell
2024-06-13,PVH,0.1111111111111111,Buy
2024-06-13,PCG,-0.11279826400492186,Sell
2024-06-13,CME,-0.11133478654011589,Sell
2024-06-14,MNST,-3.290113746626244e-05,Sell
2024-06-14,PPG,0.1111111111111111,Buy
2024-06-14,DAL,0.1111111111111111,Buy
2024-06-14,AA,-0.11086851136307184,Sell
2024-06-14,BUD,0.00016081102393709912,Buy
2024-06-14,SPWR,-0.10747947786165819,Sell
2024-06-14,GREK,0.1111111111111111,Buy
2024-06-14,EWI,0.001567606495641291,Buy
2024-06-14,DLTR,-0.11221156509700242,Sell
2024-06-14,KGC,-0.11319901115998979,Sell
2024-06-14,D,-0.001051335160476785,Sell
2024-06-14,PVH,-0.11278054622206078,Sell
2024-06-14,RL,0.1111111111111111,Buy
2024-06-14,MT,0.1111111111111111,Buy
2024-06-17,MNST,-0.0014873845875649494,Sell
2024-06-17,PPG,-0.11089879894627347,Sell
2024-06-17,DAL,-0.11231425712906278,Sell
2024-06-17,BUD,-0.11046602502529851,Sell
2024-06-17,SPWR,0.1111111111111111,Buy
2024-06-17,NSC,0.1111111111111111,Buy
2024-06-17,RRC,0.1111111111111111,Buy
2024-06-17,GREK,-0.11074560022933916,Sell
2024-06-17,EWI,-0.11151230277574967,Sell
2024-06-17,TRP,0.1111111111111111,Buy
2024-06-17,D,0.003172770206283468,Buy
2024-06-17,RL,-0.11206849136470978,Sell
2024-06-17,PCG,0.1111111111111111,Buy
2024-06-17,BSX,0.1111111111111111,Buy
2024-06-17,ENB,0.1111111111111111,Buy
2024-06-17,MT,-0.11173382179370765,Sell
2024-06-18,MNST,0.001803017133207449,Buy
2024-06-18,CNC,0.1111111111111111,Buy
2024-06-18,SPWR,-0.11465791184163494,Sell
2024-06-18,NSC,-0.11143310211547926,Sell
2024-06-18,RRC,-0.11074917699456409,Sell
2024-06-18,EWC,0.1111111111111111,Buy
2024-06-18,TRP,0.0004614970424961645,Buy
2024-06-18,D,0.0002674936346478973,Buy
2024-06-18,PCG,0.0002001863491942063,Buy
2024-06-18,DUK,0.1111111111111111,Buy
2024-06-18,HMC,0.1111111111111111,Buy
2024-06-18,BSX,-0.11108560344662248,Sell
2024-06-18,ENB,0.00035931512160378154,Buy
2024-06-20,MNST,-0.00030662726980831834,Sell
2024-06-20,CNC,-0.11264215899458255,Sell
2024-06-20,DAL,0.1111111111111111,Buy
2024-06-20,CAG,0.1111111111111111,Buy
2024-06-20,EWC,-0.11088333050683011,Sell
2024-06-20,KEY,0.1111111111111111,Buy
2024-06-20,TRP,-0.11096806403774212,Sell
2024-06-20,D,-0.11169723683534842,Sell
2024-06-20,PVH,0.1111111111111111,Buy
2024-06-20,PCG,-0.1111342872587152,Sell
2024-06-20,DUK,-0.11090021338317796,Sell
2024-06-20,RF,0.1111111111111111,Buy
2024-06-20,HMC,-0.10991683435107308,Sell
2024-06-20,PRGO,0.1111111111111111,Buy
2024-06-20,SYK,0.1111111111111111,Buy
2024-06-20,ENB,0.00044769060854761566,Buy
2024-06-21,MNST,-0.0004283042734395809,Sell
2024-06-21,DAL,0.001016056670537016,Buy
2024-06-21,RRC,0.1111111111111111,Buy
2024-06-21,CAG,-0.11184973044604515,Sell
2024-06-21,ALK,0.1111111111111111,Buy
2024-06-21,KEY,-0.11028347581497767,Sell
2024-06-21,D,0.1111111111111111,Buy
2024-06-21,PVH,-0.11307830708860357,Sell
2024-06-21,PCG,0.1111111111111111,Buy
2024-06-21,RF,-0.110724825194186,Sell
2024-06-21,CME,0.1111111111111111,Buy
2024-06-21,PRGO,-0.11134206569016279,Sell
2024-06-21,SYK,8.526654705655334e-05,Buy
2024-06-21,ENB,0.0006624239023021034,Buy
2024-06-24,MNST,0.00012189425080635918,Buy
2024-06-24,DAL,0.0009743799405850517,Buy
2024-06-24,SPWR,0.1111111111111111,Buy
2024-06-24,NSC,0.1111111111111111,Buy
2024-06-24,RRC,-0.11453266370253261,Sell
2024-06-24,CAG,0.1111111111111111,Buy
2024-06-24,QCOM,0.1111111111111111,Buy
2024-06-24,ALK,-0.11177641805080188,Sell
2024-06-24,D,-0.11163580706260376,Sell
2024-06-24,PCG,-0.11040382326305576,Sell
2024-06-24,CME,0.0006793157145521117,Buy
2024-06-24,SYK,0.0021660268207287503,Buy
2024-06-24,ENB,-0.0003135492158012204,Sell
2024-06-25,MNST,-0.11262849823585855,Sell
2024-06-25,PPG,0.1111111111111111,Buy
2024-06-25,DAL,0.0012704227113807393,Buy
2024-06-25,SPWR,-0.003400717866401226,Sell
2024-06-25,NSC,0.0026420850374897636,Buy
2024-06-25,CAG,0.0009657050244928495,Buy
2024-06-25,QCOM,-0.11190459017833028,Sell
2024-06-25,LOW,0.1111111111111111,Buy
2024-06-25,CME,-0.11060996411642608,Sell
2024-06-25,SYK,-0.00021467761994070633,Sell
2024-06-25,ENB,0.0003225241575020299,Buy
2024-06-25,CAT,0.1111111111111111,Buy
2024-06-26,PPG,-0.1123072520922307,Sell
2024-06-26,DAL,0.00027997567704574067,Buy
2024-06-26,SPWR,0.007026403916911492,Buy
2024-06-26,NSC,-0.0007061617100600354,Sell
2024-06-26,CAG,-0.11004016369134312,Sell
2024-06-26,HAS,0.1111111111111111,Buy
2024-06-26,BDX,0.1111111111111111,Buy
2024-06-26,DLTR,0.1111111111111111,Buy
2024-06-26,MAR,0.1111111111111111,Buy
2024-06-26,PVH,0.1111111111111111,Buy
2024-06-26,LOW,-0.1130711015276802,Sell
2024-06-26,SYK,-0.1125978100177583,Sell
2024-06-26,ENB,-0.11337106588411648,Sell
2024-06-26,MT,0.1111111111111111,Buy
2024-06-26,CAT,-0.1120505962880885,Sell
2024-06-27,PPG,0.1111111111111111,Buy
2024-06-27,DAL,-0.1130258836648254,Sell
2024-06-27,SPWR,0.005237915923245809,Buy
2024-06-27,NSC,0.0004277307327071461,Buy
2024-06-27,HAS,-0.11230014757427707,Sell
2024-06-27,BDX,-0.000609060092266106,Sell
2024-06-27,SIRI,0.1111111111111111,Buy
2024-06-27,DLTR,-0.11397745673427534,Sell
2024-06-27,MAR,-0.11239245260698004,Sell
2024-06-27,PVH,0.0016218137693902873,Buy
2024-06-27,PCG,0.1111111111111111,Buy
2024-06-27,MT,-0.11087788985244704,Sell
2024-06-27,CAT,0.1111111111111111,Buy
2024-06-27,MRK,0.1111111111111111,Buy
2024-06-28,PPG,-0.11235964657531332,Sell
2024-06-28,DAL,0.1111111111111111,Buy
2024-06-28,SPWR,0.007066805923519395,Buy
2024-06-28,NSC,-0.11401996964376838,Sell
2024-06-28,RRC,0.1111111111111111,Buy
2024-06-28,STI,0.1111111111111111,Buy
2024-06-28,TRV,0.1111111111111111,Buy
2024-06-28,BDX,-0.1128131404265066,Sell
2024-06-28,EWI,0.1111111111111111,Buy
2024-06-28,SIRI,-0.00444830495604337,Sell
2024-06-28,D,0.1111111111111111,Buy
2024-06-28,PVH,-0.11037097793203147,Sell
2024-06-28,PCG,-0.11141223507232473,Sell
2024-06-28,MT,0.1111111111111111,Buy
2024-06-28,CAT,-0.1133960468450731,Sell
2024-06-28,MRK,-0.10630669330871834,Sell
2024-07-01,PPG,0.1111111111111111,Buy
2024-07-01,BAX,0.1111111111111111,Buy
2024-07-01,A,0.1111111111111111,Buy
2024-07-01,DAL,0.003852236490865288,Buy
2024-07-01,SPWR,-0.14330575104704388,Sell
2024-07-01,RRC,0.003019284653238835,Buy
2024-07-01,STI,-0.09858872222822514,Sell
2024-07-01,HAS,0.1111111111111111,Buy
2024-07-01,TRV,-0.10825026474771603,Sell
2024-07-01,BDX,0.1111111111111111,Buy
2024-07-01,EWI,-0.1102928564328173,Sell
2024-07-01,SIRI,-0.11036363333407637,Sell
2024-07-01,D,0.004854587275583841,Buy
2024-07-01,PCG,0.1111111111111111,Buy
2024-07-01,MT,-0.10797463149369732,Sell
2024-07-02,MNST,0.1111111111111111,Buy
2024-07-02,PPG,-0.11189273134923931,Sell
2024-07-02,AMTD,0.1111111111111111,Buy
2024-07-02,BAX,-0.11038071120928312,Sell
2024-07-02,A,0.0012337902502783799,Buy
2024-07-02,DAL,0.0005219686401472384,Buy
2024-07-02,RRC,-0.11351283386867451,Sell
2024-07-02,HAS,0.0009131461215489273,Buy
2024-07-02,DPZ,0.1111111111111111,Buy
2024-07-02,BDX,-0.1110717783299889,Sell
2024-07-02,D,-0.001201543523693449,Sell
2024-07-02,PCG,0.0006070323175575432,Buy
2024-07-02,CAT,0.1111111111111111,Buy
2024-07-03,MNST,0.0011458081885419164,Buy
2024-07-03,AMTD,-0.000269380904751787,Sell
2024-07-03,A,-0.11067506066946474,Sell
2024-07-03,DAL,-0.11197468526428987,Sell
2024-07-03,SPWR,0.1111111111111111,Buy
2024-07-03,HAS,0.0008012111735916372,Buy
2024-07-03,DPZ,-0.11142544353508776,Sell
2024-07-03,D,-0.1118913516335246,Sell
2024-07-03,PCG,-0.11127258818158005,Sell
2024-07-03,CME,0.1111111111111111,Buy
2024-07-03,BSX,0.1111111111111111,Buy
2024-07-03,ZUMZ,0.1111111111111111,Buy
2024-07-03,CAT,-0.1113276229761842,Sell
2024-07-03,MRK,0.1111111111111111,Buy
2024-07-03,BMY,0.1111111111111111,Buy
2024-07-05,MNST,-0.10975849173313584,Sell
2024-07-05,AMTD,0.0026542782095404227,Buy
2024-07-05,DAL,0.1111111111111111,Buy
2024-07-05,SPWR,-0.013964101927315176,Sell
2024-07-05,CAG,0.1111111111111111,Buy
2024-07-05,HAS,-0.10762006447917162,Sell
2024-07-05,TRV,0.1111111111111111,Buy
2024-07-05,BBT,0.1111111111111111,Buy
2024-07-05,D,0.1111111111111111,Buy
2024-07-05,CME,-0.1086449082601838,Sell
2024-07-05,BSX,-0.10887008451876189,Sell
2024-07-05,COF,0.1111111111111111,Buy
2024-07-05,ZUMZ,-0.11392036353840578,Sell
2024-07-05,CAT,0.1111111111111111,Buy
2024-07-05,MRK,-0.10897390247936879,Sell
2024-07-05,BMY,-0.10900651408697286,Sell
2024-07-08,AMTD,0.002018890842689164,Buy
2024-07-08,WEN,0.1111111111111111,Buy
2024-07-08,DAL,-0.00011152805756808881,Sell
2024-07-08,SPWR,-0.0031808842684740712,Sell
2024-07-08,CAG,-0.11105643819881682,Sell
2024-07-08,TRV,-0.11172179902251862,Sell
2024-07-08,BBT,-0.11113128265686496,Sell
2024-07-08,BDX,0.1111111111111111,Buy
2024-07-08,WFC,0.1111111111111111,Buy
2024-07-08,D,-0.11092548859975111,Sell
2024-07-08,BX,0.1111111111111111,Buy
2024-07-08,CME,0.1111111111111111,Buy
2024-07-08,COF,0.0008346248133470902,Buy
2024-07-08,CAT,-0.11066955822320064,Sell
2024-07-09,AMTD,-0.1102065340078595,Sell
2024-07-09,WEN,-0.11095686966758139,Sell
2024-07-09,DAL,-0.11217871841355925,Sell
2024-07-09,SPWR,-0.0005249440431051161,Sell
2024-07-09,CAG,0.1111111111111111,Buy
2024-07-09,DPZ,0.1111111111111111,Buy
2024-07-09,BDX,0.0022253026230770884,Buy
2024-07-09,WFC,-0.11252165280505991,Sell
2024-07-09,DLTR,0.1111111111111111,Buy
2024-07-09,MAR,0.1111111111111111,Buy
2024-07-09,KO,0.1111111111111111,Buy
2024-07-09,BX,-0.11135508000246233,Sell
2024-07-09,CME,0.00042334578458384786,Buy
2024-07-09,CLX,0.1111111111111111,Buy
2024-07-09,COF,-0.1118502538451589,Sell
2024-07-10,AA,0.1111111111111111,Buy
2024-07-10,SPWR,0.0017548073757208682,Buy
2024-07-10,RRC,0.1111111111111111,Buy
2024-07-10,CAG,-3.0069944619709466e-06,Sell
2024-07-10,DPZ,-0.11088125975937489,Sell
2024-07-10,BDX,-0.11204533056174035,Sell
2024-07-10,WFC,0.1111111111111111,Buy
2024-07-10,DLTR,0.0019184907527692169,Buy
2024-07-10,MAR,-0.11317752367212396,Sell
2024-07-10,KO,-0.1110916942891876,Sell
2024-07-10,D,0.1111111111111111,Buy
2024-07-10,CME,0.0008592972233334023,Buy
2024-07-10,CLX,-0.11322325871918507,Sell
2024-07-10,MT,0.1111111111111111,Buy
2024-07-11,DAL,0.1111111111111111,Buy
2024-07-11,AA,-0.11029378672690093,Sell
2024-07-11,SPWR,-0.007466973605544117,Sell
2024-07-11,RRC,-0.11020663461405764,Sell
2024-07-11,CAG,0.004460083242079832,Buy
2024-07-11,MU,0.1111111111111111,Buy
2024-07-11,WFC,0.002046479855866673,Buy
2024-07-11,QQQ,0.1111111111111111,Buy
2024-07-11,DLTR,-0.1127569413682165,Sell
2024-07-11,MAR,0.1111111111111111,Buy
2024-07-11,D,-0.11235826422356558,Sell
2024-07-11,EW,0.1111111111111111,Buy
2024-07-11,CME,-0.10950858385606156,Sell
2024-07-11,MT,0.00025610874062245714,Buy
2024-07-12,DAL,0.0038034806897838946,Buy
2024-07-12,SPWR,-0.009190996138615876,Sell
2024-07-12,CAG,0.0005501512060134689,Buy
2024-07-12,STI,0.1111111111111111,Buy
2024-07-12,VTR,0.1111111111111111,Buy
2024-07-12,MU,-0.11349951918494258,Sell
2024-07-12,WFC,0.0070929803836581595,Buy
2024-07-12,QQQ,-0.11132816183671879,Sell
2024-07-12,MAR,-0.11206730842542326,Sell
2024-07-12,EW,0.0026503070389116284,Buy
2024-07-12,CME,0.1111111111111111,Buy
2024-07-12,MT,-0.0016243980419846094,Sell
2024-07-15,DAL,0.00043943170811822085,Buy
2024-07-15,SPWR,0.0071835786942588825,Buy
2024-07-15,CAG,-0.11325740542494803,Sell
2024-07-15,STI,-0.10856627286043935,Sell
2024-07-15,VTR,-0.11265260996399006,Sell
2024-07-15,WFC,-0.003519186094604318,Sell
2024-07-15,DLTR,0.1111111111111111,Buy
2024-07-15,D,0.1111111111111111,Buy
2024-07-15,ULTA,0.1111111111111111,Buy
2024-07-15,EW,0.0006821391372677094,Buy
2024-07-15,RL,0.1111111111111111,Buy
2024-07-15,PCG,0.1111111111111111,Buy
2024-07-15,CME,-0.1143452489059876,Sell
2024-07-15,MT,-0.1116955755103664,Sell
2024-07-16,AMTD,0.1111111111111111,Buy
2024-07-16,DAL,-0.11686182288763527,Sell
2024-07-16,SPWR,0.0019181907611051235,Buy
2024-07-16,WFC,-0.1139404218829476,Sell
2024-07-16,EWI,0.1111111111111111,Buy
2024-07-16,DLTR,-0.11023405254666295,Sell
2024-07-16,WMB,0.1111111111111111,Buy
2024-07-16,D,0.001361850759629482,Buy
2024-07-16,ULTA,-0.11321070043964185,Sell
2024-07-16,EW,0.004077644419944543,Buy
2024-07-16,RL,-0.11055256171413472,Sell
2024-07-16,PCG,0.0016092116474514112,Buy
2024-07-16,SYK,0.1111111111111111,Buy
2024-07-16,MRK,0.1111111111111111,Buy
2024-07-17,AMTD,-0.1113908773602899,Sell
2024-07-17,VWO,0.1111111111111111,Buy
2024-07-17,SPWR,0.0059086181032836915,Buy
2024-07-17,QCOM,0.1111111111111111,Buy
2024-07-17,MU,0.1111111111111111,Buy
2024-07-17,QQQ,0.1111111111111111,Buy
2024-07-17,EWI,-0.11127294345227007,Sell
2024-07-17,TSM,0.1111111111111111,Buy
2024-07-17,KGC,0.1111111111111111,Buy
2024-07-17,WMB,-0.1121799627115791,Sell
2024-07-17,D,-0.11301972515090242,Sell
2024-07-17,EW,0.0002535155538907763,Buy
2024-07-17,NTAP,0.1111111111111111,Buy
2024-07-17,PCG,-0.11277386213083984,Sell
2024-07-17,SYK,-0.11179510598942256,Sell
2024-07-17,MRK,-0.11179047602171507,Sell
2024-07-18,VWO,-0.000929725915464405,Sell
2024-07-18,SPWR,0.006950022831926209,Buy
2024-07-18,QCOM,-0.11294326075284275,Sell
2024-07-18,DPZ,0.1111111111111111,Buy
2024-07-18,MU,-0.11108690580809552,Sell
2024-07-18,QQQ,-0.0013798572783620122,Sell
2024-07-18,TSM,-0.11346817183825983,Sell
2024-07-18,KGC,-0.0001662831388594549,Sell
2024-07-18,PVH,0.1111111111111111,Buy
2024-07-18,EW,2.7051550463425e-05,Buy
2024-07-18,NTAP,-0.0007349996437883977,Sell
2024-07-18,BSX,0.1111111111111111,Buy
2024-07-19,VWO,0.0012379252375038924,Buy
2024-07-19,SPWR,-0.002985027017078576,Sell
2024-07-19,STI,0.1111111111111111,Buy
2024-07-19,TRV,0.1111111111111111,Buy
2024-07-19,DPZ,0.0014834170614553416,Buy
2024-07-19,EOG,0.1111111111111111,Buy
2024-07-19,QQQ,-0.10996525729783219,Sell
2024-07-19,KGC,0.0012831534829009505,Buy
2024-07-19,PVH,-0.10997551364295571,Sell
2024-07-19,EW,-0.11184079578923822,Sell
2024-07-19,RL,0.1111111111111111,Buy
2024-07-19,NTAP,-0.11106304205398809,Sell
2024-07-19,TRIP,0.1111111111111111,Buy
2024-07-19,BSX,-0.11390042150448076,Sell
2024-07-22,VWO,-0.11042602050483852,Sell
2024-07-22,SPWR,-0.11335648991319887,Sell
2024-07-22,STI,-0.0010451373030656574,Sell
2024-07-22,TRV,0.0004884242292491209,Buy
2024-07-22,DPZ,-0.11266328121937998,Sell
2024-07-22,BBT,0.1111111111111111,Buy
2024-07-22,WFC,0.1111111111111111,Buy
2024-07-22,EOG,0.0035085364968044097,Buy
2024-07-22,MS,0.1111111111111111,Buy
2024-07-22,KEY,0.1111111111111111,Buy
2024-07-22,KGC,-0.11069608724187249,Sell
2024-07-22,RL,-0.11150026005511281,Sell
2024-07-22,TRIP,-0.11125231254978188,Sell
2024-07-22,CLX,0.1111111111111111,Buy
2024-07-22,COF,0.1111111111111111,Buy
2024-07-23,PPG,0.1111111111111111,Buy
2024-07-23,VWO,0.1111111111111111,Buy
2024-07-23,SPWR,0.1111111111111111,Buy
2024-07-23,STI,-0.11271217595677252,Sell
2024-07-23,TRV,-0.11209929266198561,Sell
2024-07-23,EWC,0.1111111111111111,Buy
2024-07-23,BBT,-0.11204546137647718,Sell
2024-07-23,WFC,-0.11141708505953966,Sell
2024-07-23,EOG,0.0024411546755220004,Buy
2024-07-23,MS,-0.11157011415334936,Sell
2024-07-23,KEY,-0.1110576628092463,Sell
2024-07-23,D,0.1111111111111111,Buy
2024-07-23,CME,0.1111111111111111,Buy
2024-07-23,CLX,0.0010737808707841079,Buy
2024-07-23,COF,-0.11072425845435378,Sell
2024-07-23,VZ,0.1111111111111111,Buy
2024-07-24,PPG,-0.1097010569720388,Sell
2024-07-24,VWO,0.0012791352669326433,Buy
2024-07-24,SPWR,0.0008391509679046144,Buy
2024-07-24,QCOM,0.1111111111111111,Buy
2024-07-24,KMB,0.1111111111111111,Buy
2024-07-24,EWC,0.0010967331404795888,Buy
2024-07-24,EOG,-0.11117517407315569,Sell
2024-07-24,QQQ,0.1111111111111111,Buy
2024-07-24,MAR,0.1111111111111111,Buy
2024-07-24,KGC,0.1111111111111111,Buy
2024-07-24,D,-0.11408313849853245,Sell
2024-07-24,NTAP,0.1111111111111111,Buy
2024-07-24,CME,-0.1108906141044087,Sell
2024-07-24,CLX,-0.11119838579343277,Sell
2024-07-24,VZ,-0.1132236465342316,Sell
2024-07-25,VWO,-0.0013799535379145494,Sell
2024-07-25,SPWR,0.0035275789782454187,Buy
2024-07-25,QCOM,0.0018716030604915973,Buy
2024-07-25,KMB,-0.11322671716719347,Sell
2024-07-25,VTR,0.1111111111111111,Buy
2024-07-25,EWC,-0.11262903064790797,Sell
2024-07-25,QQQ,-0.11153353601836724,Sell
2024-07-25,MAR,-0.11215823997399663,Sell
2024-07-25,KGC,0.0022842881154336026,Buy
2024-07-25,WMB,0.1111111111111111,Buy
2024-07-25,NTAP,-0.11265161066856143,Sell
2024-07-25,PCG,0.1111111111111111,Buy
2024-07-25,OHI,0.1111111111111111,Buy
2024-07-25,SYK,0.1111111111111111,Buy
2024-07-26,AMTD,0.1111111111111111,Buy
2024-07-26,VWO,-0.11136286573721782,Sell
2024-07-26,SPWR,0.003249654584703457,Buy
2024-07-26,QCOM,-0.11306659112519434,Sell
2024-07-26,VTR,-0.11129981224261688,Sell
2024-07-26,KGC,6.810739357410167e-05,Buy
2024-07-26,WMB,-0.11198381145010555,Sell
2024-07-26,EW,0.1111111111111111,Buy
2024-07-26,PCG,0.0009097632082816776,Buy
2024-07-26,NTES,0.1111111111111111,Buy
2024-07-26,OHI,-0.11189728044978084,Sell
2024-07-26,SYK,-0.0004519627426694123,Sell
2024-07-26,BSX,0.1111111111111111,Buy
2024-07-26,VZ,0.1111111111111111,Buy
2024-07-29,AMTD,-0.1113310176968683,Sell
2024-07-29,DAL,0.1111111111111111,Buy
2024-07-29,SPWR,0.002051742648426627,Buy
2024-07-29,RRC,0.1111111111111111,Buy
2024-07-29,EOG,0.1111111111111111,Buy
2024-07-29,SIRI,0.1111111111111111,Buy
2024-07-29,MS,0.1111111111111111,Buy
2024-07-29,KGC,-0.11254450404358092,Sell
2024-07-29,EW,-0.0019360382259400871,Sell
2024-07-29,NTAP,0.1111111111111111,Buy
2024-07-29,PCG,-0.11215114594202184,Sell
2024-07-29,NTES,0.002178267289068808,Buy
2024-07-29,SYK,-0.11115431289503817,Sell
2024-07-29,BSX,-0.11160659221945948,Sell
2024-07-29,VZ,-0.11045178284623586,Sell
2024-07-30,DAL,-0.11271214794222459,Sell
2024-07-30,SPWR,0.0077354104576423804,Buy
2024-07-30,RRC,-0.0010795731756504529,Sell
2024-07-30,GREK,0.1111111111111111,Buy
2024-07-30,MU,0.1111111111111111,Buy
2024-07-30,EOG,-0.11306004162640014,Sell
2024-07-30,SIRI,-0.11060606726204296,Sell
2024-07-30,TSM,0.1111111111111111,Buy
2024-07-30,MS,-0.11359197590874694,Sell
2024-07-30,EW,-0.11201466726578047,Sell
2024-07-30,NTAP,0.0010926032445563172,Buy
2024-07-30,NTES,-0.11276898515190407,Sell
2024-07-30,CME,0.1111111111111111,Buy
2024-07-30,CAT,0.1111111111111111,Buy
2024-07-30,MRK,0.1111111111111111,Buy
2024-07-31,SPWR,-0.0009702702644243527,Sell
2024-07-31,RRC,-0.10815640386322434,Sell
2024-07-31,GREK,-0.11080059605026828,Sell
2024-07-31,JNJ,0.1111111111111111,Buy
2024-07-31,KMB,0.1111111111111111,Buy
2024-07-31,MU,-0.11640588762213847,Sell
2024-07-31,TSM,-0.11663130840193772,Sell
2024-07-31,KO,0.1111111111111111,Buy
2024-07-31,EW,0.1111111111111111,Buy
2024-07-31,NTAP,-0.11262185764701246,Sell
2024-07-31,PCG,0.1111111111111111,Buy
2024-07-31,CME,0.0043245334438899025,Buy
2024-07-31,SYK,0.1111111111111111,Buy
2024-07-31,CAT,-0.11013572188121529,Sell
2024-07-31,MRK,0.004400312596648956,Buy
2024-08-01,SPWR,0.009245018598489849,Buy
2024-08-01,JNJ,-0.11309797605113234,Sell
2024-08-01,STI,0.1111111111111111,Buy
2024-08-01,KMB,-0.11387118145978468,Sell
2024-08-01,EOG,0.1111111111111111,Buy
2024-08-01,DLTR,0.1111111111111111,Buy
2024-08-01,KEY,0.1111111111111111,Buy
2024-08-01,KO,-0.11308073252104656,Sell
2024-08-01,EW,-0.10895478192116077,Sell
2024-08-01,NTAP,0.1111111111111111,Buy
2024-08-01,PCG,-0.1122068890614954,Sell
2024-08-01,RF,0.1111111111111111,Buy
2024-08-01,CME,-0.11254127483752266,Sell
2024-08-01,SYK,-0.11299059489329387,Sell
2024-08-01,COF,0.1111111111111111,Buy
2024-08-01,CAT,0.1111111111111111,Buy
2024-08-01,MRK,-0.11172807160662025,Sell
2024-08-02,SPWR,-0.0014355287362842473,Sell
2024-08-02,STI,0.001342241176315706,Buy
2024-08-02,EOG,-0.11424582457836104,Sell
2024-08-02,ANF,0.1111111111111111,Buy
2024-08-02,DLTR,-0.11417005370028128,Sell
2024-08-02,MS,0.1111111111111111,Buy
2024-08-02,KEY,-0.10863363056657338,Sell
2024-08-02,KGC,0.1111111111111111,Buy
2024-08-02,ULTA,0.1111111111111111,Buy
2024-08-02,NTAP,-7.971439995110852e-05,Sell
2024-08-02,RF,0.00019467240106829653,Buy
2024-08-02,COF,0.0028674679212455506,Buy
2024-08-02,CAT,-0.1107466108049361,Sell
2024-08-05,PPG,0.1111111111111111,Buy
2024-08-05,SPWR,-0.1138338783893536,Sell
2024-08-05,STI,-0.1109951281968114,Sell
2024-08-05,BBT,0.1111111111111111,Buy
2024-08-05,QQQ,0.1111111111111111,Buy
2024-08-05,ANF,-0.11580574344405008,Sell
2024-08-05,ORCL,0.1111111111111111,Buy
2024-08-05,MS,0.001766468660016382,Buy
2024-08-05,KGC,0.001830591888190708,Buy
2024-08-05,ULTA,-0.10925060999211104,Sell
2024-08-05,NTAP,0.0005665004261008882,Buy
2024-08-05,WSM,0.1111111111111111,Buy
2024-08-05,RF,-0.11127153531568092,Sell
2024-08-05,COF,0.0012077364283230446,Buy
2024-08-06,MET,0.1111111111111111,Buy
2024-08-06,PPG,0.0015696996161889548,Buy
2024-08-06,VWO,0.1111111111111111,Buy
2024-08-06,GREK,0.1111111111111111,Buy
2024-08-06,BBT,-0.10980120046940542,Sell
2024-08-06,QQQ,-0.11089461176517729,Sell
2024-08-06,ORCL,0.0009653816024123851,Buy
2024-08-06,MS,0.00019230137381055779,Buy
2024-08-06,KGC,-0.11232961990511295,Sell
2024-08-06,NTAP,-0.11124171055568916,Sell
2024-08-06,WSM,-0.11366184899782036,Sell
2024-08-06,PCG,0.1111111111111111,Buy
2024-08-06,COF,-0.0006312709256964671,Sell
2024-08-06,CAT,0.1111111111111111,Buy
2024-08-07,MET,-0.1115576179538707,Sell
2024-08-07,PPG,0.000456558758955089,Buy
2024-08-07,AMTD,0.1111111111111111,Buy
2024-08-07,VWO,-0.1122175298544401,Sell
2024-08-07,GREK,-0.11209970527885364,Sell
2024-08-07,DPZ,0.1111111111111111,Buy
2024-08-07,ORCL,0.001770703098023449,Buy
2024-08-07,MS,0.0007945205878692324,Buy
2024-08-07,KGC,0.1111111111111111,Buy
2024-08-07,RL,0.1111111111111111,Buy
2024-08-07,BX,0.1111111111111111,Buy
2024-08-07,LOW,0.1111111111111111,Buy
2024-08-07,PCG,-0.11278454610520232,Sell
2024-08-07,COF,-0.11018057702081524,Sell
2024-08-07,CAT,-0.11112827546283519,Sell
2024-08-08,PPG,0.001255369545556967,Buy
2024-08-08,AMTD,-0.1086265571956383,Sell
2024-08-08,TRV,0.1111111111111111,Buy
2024-08-08,DPZ,-0.00046605259181993486,Sell
2024-08-08,BDX,0.1111111111111111,Buy
2024-08-08,ORCL,-0.11166697765800916,Sell
2024-08-08,DLTR,0.1111111111111111,Buy
2024-08-08,MS,-0.11199985255156363,Sell
2024-08-08,KGC,-0.11317932706651569,Sell
2024-08-08,D,0.1111111111111111,Buy
2024-08-08,RL,0.0005685756389585545,Buy
2024-08-08,BX,-0.11163186143566688,Sell
2024-08-08,LOW,-0.11124858630348694,Sell
2024-08-08,HMC,0.1111111111111111,Buy
2024-08-08,CSIQ,0.1111111111111111,Buy
2024-08-09,MNST,0.1111111111111111,Buy
2024-08-09,PPG,-0.11119489869157058,Sell
2024-08-09,CAG,0.1111111111111111,Buy
2024-08-09,GREK,0.1111111111111111,Buy
2024-08-09,KMB,0.1111111111111111,Buy
2024-08-09,TRV,-0.11160577188724563,Sell
2024-08-09,DPZ,-0.00027519497271501214,Sell
2024-08-09,BDX,-0.0007907315047008118,Sell
2024-08-09,DLTR,-0.11132612127849213,Sell
2024-08-09,D,-0.11176006467507257,Sell
2024-08-09,RL,-0.11155706570858223,Sell
2024-08-09,TRIP,0.1111111111111111,Buy
2024-08-09,HMC,-0.11137439829659923,Sell
2024-08-09,PRGO,0.1111111111111111,Buy
2024-08-09,SYK,0.1111111111111111,Buy
2024-08-09,CSIQ,-0.10822808226102776,Sell
2024-08-12,MNST,5.326973278681202e-05,Buy
2024-08-12,CAG,-0.11028617729286336,Sell
2024-08-12,GREK,-0.11279135699053372,Sell
2024-08-12,KMB,0.0012465416041365363,Buy
2024-08-12,DPZ,-0.11312196309888423,Sell
2024-08-12,BBT,0.1111111111111111,Buy
2024-08-12,BDX,0.0004782121501173686,Buy
2024-08-12,EWI,0.1111111111111111,Buy
2024-08-12,DLTR,0.1111111111111111,Buy
2024-08-12,RL,0.1111111111111111,Buy
2024-08-12,TRIP,-0.11262011868104332,Sell
2024-08-12,PRGO,0.001670821336979919,Buy
2024-08-12,SYK,0.0005361004733458047,Buy
2024-08-13,MNST,-0.00045325952891556165,Sell
2024-08-13,AMTD,0.1111111111111111,Buy
2024-08-13,SPWR,0.1111111111111111,Buy
2024-08-13,KMB,0.0008988027745312765,Buy
2024-08-13,BBT,-0.11204483766324279,Sell
2024-08-13,BDX,-0.11111185783778119,Sell
2024-08-13,EOG,0.1111111111111111,Buy
2024-08-13,EWI,-0.11142810303770048,Sell
2024-08-13,DLTR,0.002710452542070113,Buy
2024-08-13,RL,-0.11243397800037161,Sell
2024-08-13,NWSA,0.1111111111111111,Buy
2024-08-13,PRGO,-0.1116421688134307,Sell
2024-08-13,SYK,-0.00027287868955684635,Sell
2024-08-13,BSX,0.1111111111111111,Buy
2024-08-14,MNST,-0.1107553377917752,Sell
2024-08-14,AMTD,0.0056950730748180495,Buy
2024-08-14,A,0.1111111111111111,Buy
2024-08-14,SPWR,-0.11277031781518695,Sell
2024-08-14,KMB,-0.11329285097937519,Sell
2024-08-14,DPZ,0.1111111111111111,Buy
2024-08-14,VTR,0.1111111111111111,Buy
2024-08-14,BDX,0.1111111111111111,Buy
2024-08-14,EOG,-0.11153675974329232,Sell
2024-08-14,QQQ,0.1111111111111111,Buy
2024-08-14,DLTR,-0.00017060977617969209,Sell
2024-08-14,NWSA,0.0006227589370570302,Buy
2024-08-14,NTES,0.1111111111111111,Buy
2024-08-14,SYK,-0.11262731671092487,Sell
2024-08-14,BSX,-0.11211161575989072,Sell
2024-08-15,AMTD,-0.11089094567433419,Sell
2024-08-15,A,-0.11237955881627218,Sell
2024-08-15,SPWR,0.1111111111111111,Buy
2024-08-15,CAG,0.1111111111111111,Buy
2024-08-15,DPZ,0.0012542641587058867,Buy
2024-08-15,VTR,0.002728809027155124,Buy
2024-08-15,BDX,0.001860471446197845,Buy
2024-08-15,QQQ,-0.11203935611818193,Sell
2024-08-15,DLTR,-0.1149809539356461,Sell
2024-08-15,NWSA,-0.11031862376951618,Sell
2024-08-15,NTES,-0.1122317846368929,Sell
2024-08-15,CME,0.1111111111111111,Buy
2024-08-15,OHI,0.1111111111111111,Buy
2024-08-15,SYK,0.1111111111111111,Buy
2024-08-15,VZ,0.1111111111111111,Buy
2024-08-16,MNST,0.1111111111111111,Buy
2024-08-16,AMTD,0.1111111111111111,Buy
2024-08-16,AA,0.1111111111111111,Buy
2024-08-16,SPWR,-0.1110838307822461,Sell
2024-08-16,CAG,-0.1113129202844028,Sell
2024-08-16,DPZ,0.0011276634762278498,Buy
2024-08-16,VTR,-0.11112092202508767,Sell
2024-08-16,BDX,-0.0003767474876090193,Sell
2024-08-16,NWSA,0.1111111111111111,Buy
2024-08-16,HMC,0.1111111111111111,Buy
2024-08-16,CME,-0.11179092905298298,Sell
2024-08-16,OHI,0.001153659431343268,Buy
2024-08-16,SYK,-0.0005159671053035775,Sell
2024-08-16,VZ,-0.11196974135750015,Sell
2024-08-19,MNST,-0.10955247841513434,Sell
2024-08-19,AMTD,-0.11171297198358497,Sell
2024-08-19,CF,0.1111111111111111,Buy
2024-08-19,AA,-0.11631304979269448,Sell
2024-08-19,BUD,0.1111111111111111,Buy
2024-08-19,DPZ,0.0037277676622940875,Buy
2024-08-19,BDX,0.001429428160179269,Buy
2024-08-19,QQQ,0.1111111111111111,Buy
2024-08-19,TSM,0.1111111111111111,Buy
2024-08-19,MAR,0.1111111111111111,Buy
2024-08-19,NWSA,-0.11156593284871395,Sell
2024-08-19,HMC,-0.11247970508974306,Sell
2024-08-19,OHI,-0.11067425010052415,Sell
2024-08-19,SYK,0.00019861104737999014,Buy
2024-08-19,VZ,0.1111111111111111,Buy
2024-08-20,CF,-0.11039698863925021,Sell
2024-08-20,BUD,-0.0001686388596007643,Sell
2024-08-20,DPZ,-0.11039213984671532,Sell
2024-08-20,BDX,-0.0002249361298974767,Sell
2024-08-20,EOG,0.1111111111111111,Buy
2024-08-20,QQQ,-0.0005403247184367355,Sell
2024-08-20,TSM,0.001399479291922412,Buy
2024-08-20,MAR,0.00022870025168862662,Buy
2024-08-20,NTES,0.1111111111111111,Buy
2024-08-20,SYK,-0.0013885943735783002,Sell
2024-08-20,VZ,-0.0010772039213629014,Sell
2024-08-21,BUD,-0.1112020408622383,Sell
2024-08-21,BDX,0.0005508156993768304,Buy
2024-08-21,EOG,0.0008408017679485541,Buy
2024-08-21,QQQ,8.717806438132691e-05,Buy
2024-08-21,TSM,0.0009879935616829705,Buy
2024-08-21,MAR,-8.087088353313232e-05,Sell
2024-08-21,TRP,0.1111111111111111,Buy
2024-08-21,NTES,-0.11341146419662589,Sell
2024-08-21,SYK,-0.00016757119812957355,Sell
2024-08-21,XLE,0.1111111111111111,Buy
2024-08-21,VZ,6.15334874188439e-05,Buy
2024-08-22,VWO,0.1111111111111111,Buy
2024-08-22,QCOM,0.1111111111111111,Buy
2024-08-22,BDX,-0.11161009842076795,Sell
2024-08-22,EOG,-0.11161054276141072,Sell
2024-08-22,QQQ,0.0014806529661237355,Buy
2024-08-22,ORCL,0.1111111111111111,Buy
2024-08-22,TSM,0.0029633175784881116,Buy
2024-08-22,MAR,-0.11120313825587753,Sell
2024-08-22,KGC,0.1111111111111111,Buy
2024-08-22,TRP,-0.11217880042666335,Sell
2024-08-22,WSM,0.1111111111111111,Buy
2024-08-22,SYK,-0.11313861752129536,Sell
2024-08-22,XLE,-0.0005739583202709342,Sell
2024-08-22,VZ,0.0002029376320608206,Buy
2024-08-23,VWO,-0.1103700901399527,Sell
2024-08-23,SPWR,0.1111111111111111,Buy
2024-08-23,QCOM,-0.11169995292557036,Sell
2024-08-23,KMB,0.1111111111111111,Buy
2024-08-23,MU,0.1111111111111111,Buy
2024-08-23,QQQ,0.0011282673750903083,Buy
2024-08-23,ORCL,-0.109677492202564,Sell
2024-08-23,DLTR,0.1111111111111111,Buy
2024-08-23,TSM,-0.11196675320168048,Sell
2024-08-23,MAR,0.1111111111111111,Buy
2024-08-23,KGC,-0.11012673604970537,Sell
2024-08-23,ULTA,0.1111111111111111,Buy
2024-08-23,HUM,0.1111111111111111,Buy
2024-08-23,WSM,-0.11631479950463945,Sell
2024-08-23,CME,0.1111111111111111,Buy
2024-08-23,XLE,-0.11042767125493175,Sell
2024-08-23,VZ,-0.10970797081175238,Sell
2024-08-26,AA,0.1111111111111111,Buy
2024-08-26,HYG,0.1111111111111111,Buy
2024-08-26,BUD,0.1111111111111111,Buy
2024-08-26,SPWR,-0.11394433435763764,Sell
2024-08-26,QCOM,0.1111111111111111,Buy
2024-08-26,KMB,-0.1119822716739019,Sell
2024-08-26,MU,0.003814673125209389,Buy
2024-08-26,QQQ,0.0006237701563539533,Buy
2024-08-26,DLTR,-0.11105290469371205,Sell
2024-08-26,MAR,-0.0001671642965424408,Sell
2024-08-26,ULTA,-0.11048912344169026,Sell
2024-08-26,HUM,-0.11160210919276269,Sell
2024-08-26,WSM,0.1111111111111111,Buy
2024-08-26,NTES,0.1111111111111111,Buy
2024-08-26,CME,-0.11231411960412752,Sell
2024-08-27,AA,-0.10979373313595525,Sell
2024-08-27,HYG,-0.11069581424336186,Sell
2024-08-27,BUD,-0.11165467394891798,Sell
2024-08-27,SPWR,0.1111111111111111,Buy
2024-08-27,QCOM,-0.11352395977891452,Sell
2024-08-27,KMB,0.1111111111111111,Buy
2024-08-27,MU,-0.1094516409455874,Sell
2024-08-27,QQQ,0.0001546254252835222,Buy
2024-08-27,HTZ,0.1111111111111111,Buy
2024-08-27,MAR,-0.11207856568053441,Sell
2024-08-27,KGC,0.1111111111111111,Buy
2024-08-27,HUM,0.1111111111111111,Buy
2024-08-27,WSM,0.0009525376056983836,Buy
2024-08-27,MRVL,0.1111111111111111,Buy
2024-08-27,NTES,-0.11202075188113758,Sell
2024-08-27,XLE,0.1111111111111111,Buy
2024-08-28,SPWR,-0.0008181977814415708,Sell
2024-08-28,KMB,-0.11276616706451816,Sell
2024-08-28,EWC,0.1111111111111111,Buy
2024-08-28,QQQ,-0.11123856480049497,Sell
2024-08-28,EWI,0.1111111111111111,Buy
2024-08-28,ANF,0.1111111111111111,Buy
2024-08-28,HTZ,-0.10637224572603703,Sell
2024-08-28,KGC,0.0006072561400317367,Buy
2024-08-28,PVH,0.1111111111111111,Buy
2024-08-28,HUM,-0.0010795280964616266,Sell
2024-08-28,WSM,-0.11313514538471699,Sell
2024-08-28,MRVL,-0.11046548386244662,Sell
2024-08-28,NTES,0.1111111111111111,Buy
2024-08-28,XLE,-0.11179303891365655,Sell
2024-08-28,ENB,0.1111111111111111,Buy
2024-08-29,XLP,0.1111111111111111,Buy
2024-08-29,SPWR,-0.1104556284196462,Sell
2024-08-29,STI,0.1111111111111111,Buy
2024-08-29,KMB,0.1111111111111111,Buy
2024-08-29,EWC,0.00015905402013212389,Buy
2024-08-29,EWI,0.00025373558059837986,Buy
2024-08-29,ANF,-0.0024670819766347413,Sell
2024-08-29,DLTR,0.1111111111111111,Buy
2024-08-29,KGC,-0.11322018145028696,Sell
2024-08-29,PVH,-0.10948383590325733,Sell
2024-08-29,HUM,0.000990841831603806,Buy
2024-08-29,NTAP,0.1111111111111111,Buy
2024-08-29,NTES,-0.11067551380243058,Sell
2024-08-29,ENB,-0.11098871218821488,Sell
2024-08-30,AMTD,0.1111111111111111,Buy
2024-08-30,XLP,-0.1110781584646689,Sell
2024-08-30,SPWR,0.1111111111111111,Buy
2024-08-30,STI,-0.10919207511551192,Sell
2024-08-30,KMB,-0.11131113159838243,Sell
2024-08-30,EWC,0.00019576680228960974,Buy
2024-08-30,EOG,0.1111111111111111,Buy
2024-08-30,EWI,0.00028038390800563806,Buy
2024-08-30,ANF,-0.11434871075865374,Sell
2024-08-30,DLTR,0.0012979203184138588,Buy
2024-08-30,KGC,0.1111111111111111,Buy
2024-08-30,HUM,-6.744159658372828e-05,Sell
2024-08-30,NTAP,-0.0004972840592864514,Sell
2024-09-03,AMTD,-0.11071728419569409,Sell
2024-09-03,A,0.1111111111111111,Buy
2024-09-03,HYG,0.1111111111111111,Buy
2024-09-03,SPWR,-0.10680847936469702,Sell
2024-09-03,EWC,-0.001173760334981927,Sell
2024-09-03,BBT,0.1111111111111111,Buy
2024-09-03,EOG,0.0014542797121294415,Buy
2024-09-03,EWI,-0.0007668742038621779,Sell
2024-09-03,DLTR,-0.11041955863502081,Sell
2024-09-03,TSM,0.1111111111111111,Buy
2024-09-03,KGC,-0.10869890356668077,Sell
2024-09-03,HUM,-0.11718064367819644,Sell
2024-09-03,NTAP,-0.11258494607261585,Sell
2024-09-03,ZUMZ,0.1111111111111111,Buy
2024-09-03,CAT,0.1111111111111111,Buy
2024-09-04,A,-8.578314156112987e-05,Sell
2024-09-04,HYG,-0.11225298551112468,Sell
2024-09-04,EWC,-0.001010726523170677,Sell
2024-09-04,BBT,0.00132323033126229,Buy
2024-09-04,BDX,0.1111111111111111,Buy
2024-09-04,EOG,3.9297765660251116e-05,Buy
2024-09-04,EWI,-0.0008766529208444618,Sell
2024-09-04,TSM,-0.0009944573756745373,Sell
2024-09-04,ZUMZ,0.001993131371091486,Buy
2024-09-04,CAT,0.0004175229104402961,Buy
2024-09-05,CNC,0.1111111111111111,Buy
2024-09-05,PPG,0.1111111111111111,Buy
2024-09-05,A,-0.11185081345094353,Sell
2024-09-05,JNJ,0.1111111111111111,Buy
2024-09-05,EWC,-0.00027003521041869816,Sell
2024-09-05,BBT,-0.11118791509360418,Sell
2024-09-05,BDX,0.000882238058700413,Buy
2024-09-05,EOG,0.0005408548650046308,Buy
2024-09-05,EWI,-0.11215828695013086,Sell
2024-09-05,TSM,-0.11365396867847749,Sell
2024-09-05,KO,0.1111111111111111,Buy
2024-09-05,NTAP,0.1111111111111111,Buy
2024-09-05,ZUMZ,0.002715644488565025,Buy
2024-09-05,CAT,-0.11063109907421043,Sell
2024-09-06,CNC,-0.10883086413523724,Sell
2024-09-06,PPG,-0.1111971053764492,Sell
2024-09-06,ICE,0.1111111111111111,Buy
2024-09-06,JNJ,-0.11122991693844769,Sell
2024-09-06,EWC,0.0007874769069576987,Buy
2024-09-06,BBT,0.1111111111111111,Buy
2024-09-06,BDX,-0.0002539659677252559,Sell
2024-09-06,EOG,-0.11054047450403959,Sell
2024-09-06,QQQ,0.1111111111111111,Buy
2024-09-06,TSM,0.1111111111111111,Buy
2024-09-06,KO,-0.0004845202907963614,Sell
2024-09-06,NTAP,-0.1091196854442632,Sell
2024-09-06,COF,0.1111111111111111,Buy
2024-09-06,ZUMZ,-0.1160788114024007,Sell
2024-09-06,CAT,0.1111111111111111,Buy
2024-09-09,MET,0.1111111111111111,Buy
2024-09-09,SPWR,0.1111111111111111,Buy
2024-09-09,ICE,-0.11032599419381751,Sell
2024-09-09,EWC,-0.11072607556573125,Sell
2024-09-09,BBT,0.0024903694268386817,Buy
2024-09-09,BDX,-0.1120994818066834,Sell
2024-09-09,EOG,0.1111111111111111,Buy
2024-09-09,QQQ,0.00020254718179839315,Buy
2024-09-09,EWI,0.1111111111111111,Buy
2024-09-09,ORCL,0.1111111111111111,Buy
2024-09-09,TSM,-0.11366202857182363,Sell
2024-09-09,ILMN,0.1111111111111111,Buy
2024-09-09,KO,-0.1105932878593405,Sell
2024-09-09,COF,-0.11233643436119843,Sell
2024-09-09,ZUMZ,0.1111111111111111,Buy
2024-09-09,CAT,-0.11105635063330951,Sell
2024-09-10,MET,0.002495659962414909,Buy
2024-09-10,SPWR,-0.11108686690639367,Sell
2024-09-10,BBT,-0.11027623141810572,Sell
2024-09-10,EOG,0.002653336327483616,Buy
2024-09-10,QQQ,-0.11086779121703816,Sell
2024-09-10,EWI,0.0023541787139999826,Buy
2024-09-10,ORCL,-0.12241701197775315,Sell
2024-09-10,MS,0.1111111111111111,Buy
2024-09-10,ILMN,-0.11127794232182311,Sell
2024-09-10,TRP,0.1111111111111111,Buy
2024-09-10,PCG,0.1111111111111111,Buy
2024-09-10,RF,0.1111111111111111,Buy
2024-09-10,COF,0.1111111111111111,Buy
2024-09-10,ENB,0.1111111111111111,Buy
2024-09-10,ZUMZ,-0.10862989433807864,Sell
2024-09-11,MET,-0.11160418422456357,Sell
2024-09-11,XLP,0.1111111111111111,Buy
2024-09-11,WEN,0.1111111111111111,Buy
2024-09-11,ICE,0.1111111111111111,Buy
2024-09-11,CAG,0.1111111111111111,Buy
2024-09-11,KMB,0.1111111111111111,Buy
2024-09-11,EOG,0.0006734757202443431,Buy
2024-09-11,EWI,-0.11185353552500153,Sell
2024-09-11,MS,-0.11191281323764195,Sell
2024-09-11,TRP,-0.0005478492210684444,Sell
2024-09-11,PCG,-0.11143992233365976,Sell
2024-09-11,RF,0.0012688910093424377,Buy
2024-09-11,COF,-0.11020433863995202,Sell
2024-09-11,ENB,-0.11138456943056882,Sell
2024-09-11,ZUMZ,0.1111111111111111,Buy
2024-09-12,A,0.1111111111111111,Buy
2024-09-12,XLP,-0.11134747168030747,Sell
2024-09-12,WEN,-1.5253133942225161e-05,Sell
2024-09-12,ICE,-0.11146153610869008,Sell
2024-09-12,CAG,-0.11165071599118916,Sell
2024-09-12,STI,0.1111111111111111,Buy
2024-09-12,KMB,0.0010787066878204105,Buy
2024-09-12,DPZ,0.1111111111111111,Buy
2024-09-12,BBT,0.1111111111111111,Buy
2024-09-12,EOG,0.00014466202092933145,Buy
2024-09-12,TRP,-0.11117260840182264,Sell
2024-09-12,DUK,0.1111111111111111,Buy
2024-09-12,RF,0.0007971430310261401,Buy
2024-09-12,ZUMZ,-0.11226153173088056,Sell
2024-09-13,AMTD,0.1111111111111111,Buy
2024-09-13,A,-0.1098511717154002,Sell
2024-09-13,WEN,-0.11344102208925089,Sell
2024-09-13,STI,-0.005572734633960921,Sell
2024-09-13,KMB,0.001122316426447445,Buy
2024-09-13,DPZ,0.0024844049951195935,Buy
2024-09-13,BBT,-0.11181560517695274,Sell
2024-09-13,BDX,0.1111111111111111,Buy
2024-09-13,EOG,0.0009345093726959713,Buy
2024-09-13,QQQ,0.1111111111111111,Buy
2024-09-13,DUK,-0.11037596064193304,Sell
2024-09-13,RF,0.0017969572463565342,Buy
2024-09-13,CAT,0.1111111111111111,Buy
2024-09-16,AMTD,-0.11331282435851615,Sell
2024-09-16,HP,0.1111111111111111,Buy
2024-09-16,STI,0.006023648566494233,Buy
2024-09-16,KMB,-0.11130082091757719,Sell
2024-09-16,DPZ,-0.001439932047674633,Sell
2024-09-16,BDX,0.00040136922012370957,Buy
2024-09-16,EOG,-0.11291036634066605,Sell
2024-09-16,QQQ,0.0008245557063253084,Buy
2024-09-16,ANF,0.1111111111111111,Buy
2024-09-16,HUM,0.1111111111111111,Buy
2024-09-16,RF,-0.11243990483436904,Sell
2024-09-16,ZUMZ,0.1111111111111111,Buy
2024-09-16,CAT,-0.0005149491574431841,Sell
2024-09-17,HP,-0.11381697508681468,Sell
2024-09-17,XLP,0.1111111111111111,Buy
2024-09-17,STI,-0.11167832079372458,Sell
2024-09-17,KMB,0.1111111111111111,Buy
2024-09-17,DPZ,6.705642802395939e-05,Buy
2024-09-17,BDX,0.002304509859165166,Buy
2024-09-17,QQQ,0.0009431229307922256,Buy
2024-09-17,ANF,-0.10993804656125579,Sell
2024-09-17,HUM,-0.10891169379576768,Sell
2024-09-17,OHI,0.1111111111111111,Buy
2024-09-17,SYK,0.1111111111111111,Buy
2024-09-17,BSX,0.1111111111111111,Buy
2024-09-17,ENB,0.1111111111111111,Buy
2024-09-17,ZUMZ,-0.11393714506669059,Sell
2024-09-17,CAT,-0.11192304199993526,Sell
2024-09-18,XLP,0.00021199568958898962,Buy
2024-09-18,STI,0.1111111111111111,Buy
2024-09-18,KMB,0.00019382439077465785,Buy
2024-09-18,DPZ,-0.11040282606290798,Sell
2024-09-18,BDX,-0.11147999118409795,Sell
2024-09-18,QQQ,-0.11084396617244179,Sell
2024-09-18,TRP,0.1111111111111111,Buy
2024-09-18,D,0.1111111111111111,Buy
2024-09-18,PCG,0.1111111111111111,Buy
2024-09-18,DUK,0.1111111111111111,Buy
2024-09-18,OHI,-0.1133575838182687,Sell
2024-09-18,SYK,0.0005773911278423027,Buy
2024-09-18,BSX,-0.11139342101327662,Sell
2024-09-18,ENB,0.0006033269738983382,Buy
2024-09-19,XLP,0.0010409818768376267,Buy
2024-09-19,ICE,0.1111111111111111,Buy
2024-09-19,STI,-0.11770518569187895,Sell
2024-09-19,KMB,0.001204271768273979,Buy
2024-09-19,VTR,0.1111111111111111,Buy
2024-09-19,TRP,0.0028430547149287805,Buy
2024-09-19,KO,0.1111111111111111,Buy
2024-09-19,D,-0.11085765165352547,Sell
2024-09-19,PCG,-0.11123345642128052,Sell
2024-09-19,DUK,0.001095500754784623,Buy
2024-09-19,OHI,0.1111111111111111,Buy
2024-09-19,SYK,-0.1118533141187144,Sell
2024-09-19,ENB,0.0007436735316535548,Buy
2024-09-20,PPG,0.1111111111111111,Buy
2024-09-20,BAX,0.1111111111111111,Buy
2024-09-20,XLP,-0.1108343811806245,Sell
2024-09-20,BUD,0.1111111111111111,Buy
2024-09-20,ICE,-0.11097400792801541,Sell
2024-09-20,JNJ,0.1111111111111111,Buy
2024-09-20,KMB,-0.11081230015355531,Sell
2024-09-20,DPZ,0.1111111111111111,Buy
2024-09-20,VTR,0.0008637520690844835,Buy
2024-09-20,TRP,-0.11321805776486152,Sell
2024-09-20,KO,-0.11189368842698233,Sell
2024-09-20,DUK,-0.11147887933197406,Sell
2024-09-20,CME,0.1111111111111111,Buy
2024-09-20,OHI,0.001001270325368439,Buy
2024-09-20,ENB,-0.11065559393275422,Sell
2024-09-20,ZUMZ,0.1111111111111111,Buy
2024-09-23,PPG,-0.11081727540988458,Sell
2024-09-23,BAX,-0.1115799733730337,Sell
2024-09-23,BUD,0.0011821170210608856,Buy
2024-09-23,QCOM,0.1111111111111111,Buy
2024-09-23,JNJ,0.0016208127856820048,Buy
2024-09-23,DPZ,-0.000678497522970542,Sell
2024-09-23,VTR,-0.11373431367553963,Sell
2024-09-23,EWI,0.1111111111111111,Buy
2024-09-23,NWSA,0.1111111111111111,Buy
2024-09-23,RF,0.1111111111111111,Buy
2024-09-23,CME,-0.11151573836189435,Sell
2024-09-23,OHI,-0.11175593339802037,Sell
2024-09-23,ZUMZ,0.0013368436076555412,Buy
2024-09-23,MRK,0.1111111111111111,Buy
2024-09-24,BUD,-0.11260154983487021,Sell
2024-09-24,ICE,0.1111111111111111,Buy
2024-09-24,QCOM,-0.11124326766850907,Sell
2024-09-24,JNJ,0.0008256419762003031,Buy
2024-09-24,DPZ,-0.0010075704392139007,Sell
2024-09-24,BBT,0.1111111111111111,Buy
2024-09-24,EWI,-0.11141917614115673,Sell
2024-09-24,KO,0.1111111111111111,Buy
2024-09-24,D,0.1111111111111111,Buy
2024-09-24,NWSA,-0.11150200629180985,Sell
2024-09-24,DUK,0.1111111111111111,Buy
2024-09-24,RF,-0.1106318909654847,Sell
2024-09-24,COF,0.1111111111111111,Buy
2024-09-24,ZUMZ,-0.11053372622249832,Sell
2024-09-24,MRK,0.001168263700738803,Buy
2024-09-25,BAX,0.1111111111111111,Buy
2024-09-25,HYG,0.1111111111111111,Buy
2024-09-25,ICE,-0.11188755695812355,Sell
2024-09-25,JNJ,0.0012065971632398281,Buy
2024-09-25,DPZ,-0.11123443468991562,Sell
2024-09-25,DHI,0.1111111111111111,Buy
2024-09-25,BBT,0.0005892518609608016,Buy
2024-09-25,EOG,0.1111111111111111,Buy
2024-09-25,KO,-0.1115837682561872,Sell
2024-09-25,D,-0.11178709340626816,Sell
2024-09-25,DUK,-0.11161727837277803,Sell
2024-09-25,RF,0.1111111111111111,Buy
2024-09-25,COF,-0.11062525543886682,Sell
2024-09-25,ZUMZ,0.1111111111111111,Buy
2024-09-25,MRK,-6.238698016283739e-05,Sell
2024-09-26,BAX,-0.11225805569348542,Sell
2024-09-26,HYG,-0.11136571540136976,Sell
2024-09-26,ICE,0.1111111111111111,Buy
2024-09-26,JNJ,-0.11173201257236573,Sell
2024-09-26,DHI,-0.11168404246333798,Sell
2024-09-26,BBT,-0.11164587884168903,Sell
2024-09-26,EOG,0.0036661328139415,Buy
2024-09-26,WMB,0.1111111111111111,Buy
2024-09-26,D,0.1111111111111111,Buy
2024-09-26,PCG,0.1111111111111111,Buy
2024-09-26,DUK,0.1111111111111111,Buy
2024-09-26,RF,-0.11296086523457556,Sell
2024-09-26,OHI,0.1111111111111111,Buy
2024-09-26,ENB,0.1111111111111111,Buy
2024-09-26,ZUMZ,-0.11164726506079892,Sell
2024-09-26,MRK,0.0015153870941253117,Buy
2024-09-27,SPWR,0.1111111111111111,Buy
2024-09-27,ICE,-0.11100480302930059,Sell
2024-09-27,EWC,0.1111111111111111,Buy
2024-09-27,EOG,-0.11255782147473403,Sell
2024-09-27,WMB,-0.0005825599350809257,Sell
2024-09-27,D,0.0003981200992946715,Buy
2024-09-27,NTAP,0.1111111111111111,Buy
2024-09-27,PCG,0.0001202375061996469,Buy
2024-09-27,DUK,-0.11142351671114463,Sell
2024-09-27,OHI,0.0008117463369049643,Buy
2024-09-27,ENB,0.0006461641586251038,Buy
2024-09-27,ZUMZ,0.1111111111111111,Buy
2024-09-27,MRK,-0.11124196691276501,Sell
2024-09-30,BAX,0.1111111111111111,Buy
2024-09-30,SPWR,0.004220444577393387,Buy
2024-09-30,EWC,-0.11164363129417672,Sell
2024-09-30,TSM,0.1111111111111111,Buy
2024-09-30,WMB,-0.11266472176099337,Sell
2024-09-30,D,-0.11268382919864516,Sell
2024-09-30,HUM,0.1111111111111111,Buy
2024-09-30,NTAP,-0.11354220300310507,Sell
2024-09-30,PCG,-0.00011923091621278414,Sell
2024-09-30,DUK,0.1111111111111111,Buy
2024-09-30,OHI,-0.11247790068247539,Sell
2024-09-30,ENB,-7.050881580074331e-05,Sell
2024-09-30,ZUMZ,0.0032020257570140598,Buy
2024-09-30,MRK,0.1111111111111111,Buy
2024-10-01,BAX,-0.1116009072471359,Sell
2024-10-01,SPWR,0.0108091435919134,Buy
2024-10-01,QCOM,0.1111111111111111,Buy
2024-10-01,BBT,0.1111111111111111,Buy
2024-10-01,TSM,-0.11374823602084971,Sell
2024-10-01,KEY,0.1111111111111111,Buy
2024-10-01,HUM,0.00982132288911182,Buy
2024-10-01,PCG,-0.11515433720094918,Sell
2024-10-01,DUK,-0.11572198089161845,Sell
2024-10-01,RF,0.1111111111111111,Buy
2024-10-01,CP,0.1111111111111111,Buy
2024-10-01,OHI,0.1111111111111111,Buy
2024-10-01,ENB,-0.11630426444455044,Sell
2024-10-01,ZUMZ,0.0009405414044403038,Buy
2024-10-01,MRK,-0.11599885605315421,Sell
2024-10-02,MNST,0.1111111111111111,Buy
2024-10-02,XLP,0.1111111111111111,Buy
2024-10-02,SPWR,-0.0027162947835052548,Sell
2024-10-02,QCOM,-0.11440638522868742,Sell
2024-10-02,BBT,-1.4620779545906903e-05,Sell
2024-10-02,KEY,-0.112471789311537,Sell
2024-10-02,TRP,0.1111111111111111,Buy
2024-10-02,KO,0.1111111111111111,Buy
2024-10-02,HUM,-0.09938977705392381,Sell
2024-10-02,RF,-0.11277993050843525,Sell
2024-10-02,CP,-0.0006050630000780932,Sell
2024-10-02,OHI,-0.0006202952086557106,Sell
2024-10-02,ZUMZ,-0.1129004510685907,Sell
2024-10-02,MRK,0.1111111111111111,Buy
2024-10-03,MNST,-0.11109336253892244,Sell
2024-10-03,XLP,-0.0002488392317869098,Sell
2024-10-03,HYG,0.1111111111111111,Buy
2024-10-03,SPWR,0.004522973911268088,Buy
2024-10-03,CAG,0.1111111111111111,Buy
2024-10-03,KMB,0.1111111111111111,Buy
2024-10-03,VTR,0.1111111111111111,Buy
2024-10-03,BBT,-0.11300891135755214,Sell
2024-10-03,TRP,-0.0021908937853896554,Sell
2024-10-03,KO,-0.11170831935566862,Sell
2024-10-03,PCG,0.1111111111111111,Buy
2024-10-03,CP,-0.11035504699842567,Sell
2024-10-03,OHI,-0.11228791613403608,Sell
2024-10-03,ENB,0.1111111111111111,Buy
2024-10-03,MRK,-0.11057765078678443,Sell
2024-10-04,XLP,-0.10890865925322056,Sell
2024-10-04,HYG,0.0026859907573120873,Buy
2024-10-04,SPWR,-0.015450943285970992,Sell
2024-10-04,CAG,0.001971633252534799,Buy
2024-10-04,KMB,-0.10920659459261337,Sell
2024-10-04,NDAQ,0.1111111111111111,Buy
2024-10-04,VTR,-0.1084783498941221,Sell
2024-10-04,DHI,0.1111111111111111,Buy
2024-10-04,TRP,-0.11040786811623213,Sell
2024-10-04,KO,0.1111111111111111,Buy
2024-10-04,PCG,-0.10977301004144782,Sell
2024-10-04,DUK,0.1111111111111111,Buy
2024-10-04,OHI,0.1111111111111111,Buy
2024-10-04,ENB,-0.1094267867369315,Sell
2024-10-04,VZ,0.1111111111111111,Buy
2024-10-07,HYG,-0.001981437015311699,Sell
2024-10-07,SPWR,0.009554454377837682,Buy
2024-10-07,ICE,0.1111111111111111,Buy
2024-10-07,CAG,-0.0008885341645397116,Sell
2024-10-07,NDAQ,-0.0004979916330798279,Sell
2024-10-07,DPZ,0.1111111111111111,Buy
2024-10-07,DHI,-0.11389752190113417,Sell
2024-10-07,KO,-0.11170005800783768,Sell
2024-10-07,D,0.1111111111111111,Buy
2024-10-07,DUK,0.0013376337245199488,Buy
2024-10-07,OHI,-0.11401061052095963,Sell
2024-10-07,VZ,-0.0015924654427134227,Sell
2024-10-08,AMTD,0.1111111111111111,Buy
2024-10-08,HYG,-0.11132989452251094,Sell
2024-10-08,BUD,0.1111111111111111,Buy
2024-10-08,SPWR,0.004580685363771542,Buy
2024-10-08,ICE,-0.11283881607485431,Sell
2024-10-08,CAG,-0.11144531180270872,Sell
2024-10-08,NDAQ,-0.1131322684047514,Sell
2024-10-08,DPZ,-0.11137516899395483,Sell
2024-10-08,EWC,0.1111111111111111,Buy
2024-10-08,TRP,0.1111111111111111,Buy
2024-10-08,KO,0.1111111111111111,Buy
2024-10-08,D,0.0005921770711852653,Buy
2024-10-08,DUK,-0.0003958654375265519,Sell
2024-10-08,ENB,0.1111111111111111,Buy
2024-10-08,VZ,-0.11149432880838975,Sell
2024-10-09,AMTD,-0.10607326562255456,Sell
2024-10-09,HYG,0.1111111111111111,Buy
2024-10-09,BUD,-0.0014826254822907503,Sell
2024-10-09,SPWR,-0.10342601916413541,Sell
2024-10-09,GREK,0.1111111111111111,Buy
2024-10-09,EWC,-0.11312540948886027,Sell
2024-10-09,TRP,-0.0026966749602891776,Sell
2024-10-09,KO,-0.1131579936666238,Sell
2024-10-09,D,-0.0005608460007885535,Sell
2024-10-09,ULTA,0.1111111111111111,Buy
2024-10-09,WSM,0.1111111111111111,Buy
2024-10-09,PCG,0.1111111111111111,Buy
2024-10-09,DUK,-0.0020734375552196455,Sell
2024-10-09,ENB,-0.1132995175133219,Sell
2024-10-10,HYG,-0.00041712521752404474,Sell
2024-10-10,BUD,-0.11123724284717415,Sell
2024-10-10,GREK,0.00020144069123563535,Buy
2024-10-10,KMB,0.1111111111111111,Buy
2024-10-10,VTR,0.1111111111111111,Buy
2024-10-10,BDX,0.1111111111111111,Buy
2024-10-10,TRP,-0.0001277529521001297,Sell
2024-10-10,D,0.0012880744163673852,Buy
2024-10-10,ULTA,-0.11132396619938939,Sell
2024-10-10,WSM,0.0018092324522398645,Buy
2024-10-10,PCG,-0.11152739986327495,Sell
2024-10-10,DUK,-0.11338875152959847,Sell
2024-10-10,VZ,0.1111111111111111,Buy
2024-10-11,CNC,0.1111111111111111,Buy
2024-10-11,BAX,0.1111111111111111,Buy
2024-10-11,HYG,-0.11028907997843071,Sell
2024-10-11,CAG,0.1111111111111111,Buy
2024-10-11,GREK,9.584847207806668e-05,Buy
2024-10-11,KMB,0.00018515352595442625,Buy
2024-10-11,NDAQ,0.1111111111111111,Buy
2024-10-11,VTR,-0.11246343123658747,Sell
2024-10-11,BDX,-0.11044631130662098,Sell
2024-10-11,TRP,-0.0003759628810613147,Sell
2024-10-11,D,-0.11144506635504402,Sell
2024-10-11,WSM,-0.11202347565889191,Sell
2024-10-11,VZ,0.000985071975270535,Buy
2024-10-11,MRK,0.1111111111111111,Buy
2024-10-14,CNC,-0.1111986157386762,Sell
2024-10-14,BAX,-0.11161585780342531,Sell
2024-10-14,RRC,0.1111111111111111,Buy
2024-10-14,CAG,-0.11079791973555163,Sell
2024-10-14,GREK,0.002532616438212426,Buy
2024-10-14,JNJ,0.1111111111111111,Buy
2024-10-14,STI,0.1111111111111111,Buy
2024-10-14,KMB,-0.11149900411573233,Sell
2024-10-14,NDAQ,-0.11196260819453704,Sell
2024-10-14,HAS,0.1111111111111111,Buy
2024-10-14,BDX,0.1111111111111111,Buy
2024-10-14,TRP,-0.1131825639970803,Sell
2024-10-14,NTES,0.1111111111111111,Buy
2024-10-14,ZUMZ,0.1111111111111111,Buy
2024-10-14,VZ,-0.1109851985943495,Sell
2024-10-14,MRK,0.0006544469264271602,Buy
2024-10-15,CNC,0.1111111111111111,Buy
2024-10-15,BAX,0.1111111111111111,Buy
2024-10-15,VWO,0.1111111111111111,Buy
2024-10-15,CF,0.1111111111111111,Buy
2024-10-15,RRC,0.002330124386697635,Buy
2024-10-15,GREK,4.727561035515471e-05,Buy
2024-10-15,JNJ,-0.11297607437963766,Sell
2024-10-15,STI,-0.10940582278718791,Sell
2024-10-15,HAS,-0.11136373456158588,Sell
2024-10-15,BDX,-0.11208928348063159,Sell
2024-10-15,EOG,0.1111111111111111,Buy
2024-10-15,EWI,0.1111111111111111,Buy
2024-10-15,NTES,0.00373001713931638,Buy
2024-10-15,ZUMZ,-0.11420904525610137,Sell
2024-10-15,MRK,-0.11312118051061139,Sell
2024-10-16,CNC,-0.0009521758348473436,Sell
2024-10-16,BAX,-0.11106964381705237,Sell
2024-10-16,VWO,-0.11177487298255633,Sell
2024-10-16,A,0.1111111111111111,Buy
2024-10-16,CF,0.0010116706427915484,Buy
2024-10-16,RRC,0.0008553037880786457,Buy
2024-10-16,GREK,-0.11220724215043182,Sell
2024-10-16,QCOM,0.1111111111111111,Buy
2024-10-16,BDX,0.1111111111111111,Buy
2024-10-16,EOG,-0.11080690232765145,Sell
2024-10-16,EWI,-0.11157729926480432,Sell
2024-10-16,SIRI,0.1111111111111111,Buy
2024-10-16,NWSA,0.1111111111111111,Buy
2024-10-16,NTES,-0.11048085744852892,Sell
2024-10-16,MRK,0.1111111111111111,Buy
2024-10-17,CNC,0.009050170822794024,Buy
2024-10-17,A,0.00020795352599388417,Buy
2024-10-17,CF,-0.11385985085764982,Sell
2024-10-17,NSC,0.1111111111111111,Buy
2024-10-17,RRC,-0.11264416139320642,Sell
2024-10-17,QCOM,-0.11201827059015448,Sell
2024-10-17,BDX,-0.0011979933650513863,Sell
2024-10-17,EBAY,0.1111111111111111,Buy
2024-10-17,SIRI,-0.11239145666032897,Sell
2024-10-17,TRP,0.1111111111111111,Buy
2024-10-17,KO,0.1111111111111111,Buy
2024-10-17,WSM,0.1111111111111111,Buy
2024-10-17,NWSA,-0.11256505562806962,Sell
2024-10-17,BSX,0.1111111111111111,Buy
2024-10-17,MRK,-0.11158583154777002,Sell
2024-10-18,CNC,0.0025803695929829673,Buy
2024-10-18,A,-0.0002657470231786918,Sell
2024-10-18,CF,0.1111111111111111,Buy
2024-10-18,SPWR,0.1111111111111111,Buy
2024-10-18,NSC,-0.11207983749867288,Sell
2024-10-18,KMB,0.1111111111111111,Buy
2024-10-18,BDX,-0.11181451447955887,Sell
2024-10-18,EBAY,0.0015570249915159706,Buy
2024-10-18,TRP,-0.00045666585956809225,Sell
2024-10-18,KO,-0.11109738163765169,Sell
2024-10-18,WSM,-0.11196364318286531,Sell
2024-10-18,CP,0.1111111111111111,Buy
2024-10-18,BSX,-0.1123505742849174,Sell
2024-10-18,MRK,0.1111111111111111,Buy
2024-10-21,CNC,0.0006873938475766006,Buy
2024-10-21,A,0.0005149589359998152,Buy
2024-10-21,CF,-0.11252413718225578,Sell
2024-10-21,HYG,0.1111111111111111,Buy
2024-10-21,SPWR,-0.11370950700784778,Sell
2024-10-21,JNJ,0.1111111111111111,Buy
2024-10-21,KMB,-0.11134364809507723,Sell
2024-10-21,DHI,0.1111111111111111,Buy
2024-10-21,EBAY,0.00020650155186162367,Buy
2024-10-21,TRP,-0.11054292620530574,Sell
2024-10-21,CP,-0.11040550649425444,Sell
2024-10-21,ENB,0.1111111111111111,Buy
2024-10-21,MRK,0.001278464720380429,Buy
2024-10-21,BMY,0.1111111111111111,Buy
2024-10-22,CNC,-0.11190377319682442,Sell
2024-10-22,PPG,0.1111111111111111,Buy
2024-10-22,A,0.0020148531529850244,Buy
2024-10-22,HYG,-0.0005279739276230905,Sell
2024-10-22,JNJ,-0.11221945543199388,Sell
2024-10-22,KMB,0.1111111111111111,Buy
2024-10-22,HAS,0.1111111111111111,Buy
2024-10-22,DHI,-0.10826480532625897,Sell
2024-10-22,EBAY,0.0007809471989731059,Buy
2024-10-22,GOLD,0.1111111111111111,Buy
2024-10-22,NTAP,0.1111111111111111,Buy
2024-10-22,CLX,0.1111111111111111,Buy
2024-10-22,ENB,-0.11155160781109846,Sell
2024-10-22,MRK,-0.11210919099759566,Sell
2024-10-22,BMY,-0.11316656791354807,Sell
2024-10-23,PPG,-0.1115841066466564,Sell
2024-10-23,A,-0.11150643951318133,Sell
2024-10-23,HYG,-0.00041749023885089,Sell
2024-10-23,SPWR,0.1111111111111111,Buy
2024-10-23,QCOM,0.1111111111111111,Buy
2024-10-23,KMB,-5.736575527928722e-05,Sell
2024-10-23,HAS,0.00036226408546759237,Buy
2024-10-23,EBAY,-0.11248521250245247,Sell
2024-10-23,GOLD,0.0035959798616923694,Buy
2024-10-23,PVH,0.1111111111111111,Buy
2024-10-23,NTAP,-6.447991571897904e-05,Sell
2024-10-23,CLX,-0.11262467256150203,Sell
2024-10-23,ENB,0.1111111111111111,Buy
2024-10-24,HYG,-0.11229528832062059,Sell
2024-10-24,SPWR,0.002448399969600723,Buy
2024-10-24,QCOM,-0.11297796194671027,Sell
2024-10-24,KMB,-0.0009568613244359814,Sell
2024-10-24,HAS,-0.10523539713214629,Sell
2024-10-24,ANF,0.1111111111111111,Buy
2024-10-24,GOLD,-0.000887053469510346,Sell
2024-10-24,KO,0.1111111111111111,Buy
2024-10-24,PVH,-0.11251243524247964,Sell
2024-10-24,HUM,0.1111111111111111,Buy
2024-10-24,NTAP,-0.11275073177628746,Sell
2024-10-24,BSX,0.1111111111111111,Buy
2024-10-24,ENB,-0.0006142453196553155,Sell
2024-10-24,VZ,0.1111111111111111,Buy
2024-10-25,SPWR,0.0010923388950908886,Buy
2024-10-25,JNJ,0.1111111111111111,Buy
2024-10-25,KMB,0.00036274644292032254,Buy
2024-10-25,HAS,0.1111111111111111,Buy
2024-10-25,EWC,0.1111111111111111,Buy
2024-10-25,ANF,-0.11109470455352327,Sell
2024-10-25,GOLD,0.0005326444468971986,Buy
2024-10-25,KO,-0.11133380368997427,Sell
2024-10-25,HUM,-0.11289696932336724,Sell
2024-10-25,BSX,-0.0003680918595792143,Sell
2024-10-25,ENB,-0.00033767814733767776,Sell
2024-10-25,VZ,0.0004289788838162667,Buy
2024-10-28,CNC,0.1111111111111111,Buy
2024-10-28,SPWR,0.0037337586632851805,Buy
2024-10-28,JNJ,-0.11181598686506221,Sell
2024-10-28,KMB,-0.00028882408443460517,Sell
2024-10-28,HAS,0.0008323979684278782,Buy
2024-10-28,EWC,-0.11204802970337835,Sell
2024-10-28,EWI,0.1111111111111111,Buy
2024-10-28,GOLD,-0.11280014161711034,Sell
2024-10-28,KO,0.1111111111111111,Buy
2024-10-28,BSX,-0.000246102986497132,Sell
2024-10-28,ENB,-1.633706681387903e-05,Sell
2024-10-28,VZ,-0.0008523253788591534,Sell
2024-10-29,CNC,-0.11033016965817437,Sell
2024-10-29,XLP,0.1111111111111111,Buy
2024-10-29,SPWR,0.0004504079244360415,Buy
2024-10-29,KMB,-0.11128645600368978,Sell
2024-10-29,HAS,-0.0008037856111642733,Sell
2024-10-29,DHI,0.1111111111111111,Buy
2024-10-29,EWC,0.1111111111111111,Buy
2024-10-29,EWI,-0.00025310223298394274,Sell
2024-10-29,KO,0.0007744116216504143,Buy
2024-10-29,DUK,0.1111111111111111,Buy
2024-10-29,BSX,-0.11194003956851241,Sell
2024-10-29,ENB,0.00019662840161166484,Buy
2024-10-29,VZ,-0.111422994554028,Sell
2024-10-30,XLP,0.0006720630981736919,Buy
2024-10-30,SPWR,-0.0015647766784005757,Sell
2024-10-30,GREK,0.1111111111111111,Buy
2024-10-30,HAS,-0.11233708107851544,Sell
2024-10-30,DHI,-0.0008091764499461307,Sell
2024-10-30,EWC,-0.1105106586011116,Sell
2024-10-30,EWI,0.0013569801514053265,Buy
2024-10-30,GOLD,0.1111111111111111,Buy
2024-10-30,KO,-0.11122530225635392,Sell
2024-10-30,ULTA,0.1111111111111111,Buy
2024-10-30,DUK,0.0008896486967282929,Buy
2024-10-30,ENB,-2.7016024211914957e-05,Sell
2024-10-31,MET,0.1111111111111111,Buy
2024-10-31,XLP,-0.11168749134913222,Sell
2024-10-31,SPWR,0.0037996688821336777,Buy
2024-10-31,ICE,0.1111111111111111,Buy
2024-10-31,GREK,-0.001195743097420432,Sell
2024-10-31,DHI,-0.11171878071225004,Sell
2024-10-31,EWC,0.1111111111111111,Buy
2024-10-31,BDX,0.1111111111111111,Buy
2024-10-31,EWI,-0.0005058268598172461,Sell
2024-10-31,ORCL,0.1111111111111111,Buy
2024-10-31,GOLD,-0.11119498683300245,Sell
2024-10-31,ULTA,-0.10978900739699857,Sell
2024-10-31,NTAP,0.1111111111111111,Buy
2024-10-31,DUK,-0.11315723875795312,Sell
2024-10-31,ENB,-0.11138665205141716,Sell
2024-11-01,MET,0.000494699400326648,Buy
2024-11-01,SPWR,-0.001597899656356705,Sell
2024-11-01,ICE,0.001381605174343603,Buy
2024-11-01,GREK,0.0004809284808375419,Buy
2024-11-01,VTR,0.1111111111111111,Buy
2024-11-01,EWC,-0.11071117691387687,Sell
2024-11-01,BDX,-0.11138352613592781,Sell
2024-11-01,EBAY,0.1111111111111111,Buy
2024-11-01,EWI,-4.390819347677155e-05,Sell
2024-11-01,ORCL,-0.11203885996652836,Sell
2024-11-01,GOLD,0.1111111111111111,Buy
2024-11-01,NTAP,-0.11136004679161478,Sell
2024-11-01,OHI,0.1111111111111111,Buy
2024-11-04,MET,-0.11069179624409378,Sell
2024-11-04,SPWR,8.609928968673908e-05,Buy
2024-11-04,ICE,0.0007096761485246988,Buy
2024-11-04,GREK,0.0001290445398618445,Buy
2024-11-04,JNJ,0.1111111111111111,Buy
2024-11-04,KMB,0.1111111111111111,Buy
2024-11-04,VTR,0.0003270546143452624,Buy
2024-11-04,EBAY,-0.11454025225859095,Sell
2024-11-04,EWI,0.0006024941781285903,Buy
2024-11-04,GOLD,-0.11219826742410509,Sell
2024-11-04,RF,0.1111111111111111,Buy
2024-11-04,OHI,0.0020203413808847076,Buy
2024-11-05,MET,0.1111111111111111,Buy
2024-11-05,SPWR,-0.005020003182583763,Sell
2024-11-05,ICE,-0.00078022244345341,Sell
2024-11-05,GREK,-0.11099354613077386,Sell
2024-11-05,JNJ,0.0015253651663435647,Buy
2024-11-05,KMB,-0.11040214361476586,Sell
2024-11-05,VTR,-0.1097138162116203,Sell
2024-11-05,EWI,0.0014008889632583926,Buy
2024-11-05,GOLD,0.1111111111111111,Buy
2024-11-05,KO,0.1111111111111111,Buy
2024-11-05,RF,-0.11058645614935823,Sell
2024-11-05,HMC,0.1111111111111111,Buy
2024-11-05,OHI,-0.11115185056519733,Sell
2024-11-05,VZ,0.1111111111111111,Buy
2024-11-06,MET,-0.12080899022586167,Sell
2024-11-06,SPWR,0.008148504349268726,Buy
2024-11-06,ICE,-0.0008169450161943925,Sell
2024-11-06,JNJ,-0.11307146875253707,Sell
2024-11-06,KMB,0.1111111111111111,Buy
2024-11-06,HAS,0.1111111111111111,Buy
2024-11-06,VTR,0.1111111111111111,Buy
2024-11-06,EWI,-0.11017886818281707,Sell
2024-11-06,GOLD,-0.002266868424121299,Sell
2024-11-06,KO,-0.11051086462035534,Sell
2024-11-06,HMC,-0.10431298914291932,Sell
2024-11-06,CME,0.1111111111111111,Buy
2024-11-06,OHI,0.1111111111111111,Buy
2024-11-06,SYK,0.1111111111111111,Buy
2024-11-06,VZ,-0.11313323266851336,Sell
2024-11-07,SPWR,-0.0001803314641626863,Sell
2024-11-07,ICE,-0.11260806134221168,Sell
2024-11-07,JNJ,0.1111111111111111,Buy
2024-11-07,KMB,-0.1128979638533018,Sell
2024-11-07,HAS,-0.0024165999477574474,Sell
2024-11-07,VTR,-0.1145635897105893,Sell
2024-11-07,BDX,0.1111111111111111,Buy
2024-11-07,EWI,0.1111111111111111,Buy
2024-11-07,GOLD,-0.09433951908438687,Sell
2024-11-07,KO,0.1111111111111111,Buy
2024-11-07,D,0.1111111111111111,Buy
2024-11-07,DUK,0.1111111111111111,Buy
2024-11-07,CME,-0.11281926748503066,Sell
2024-11-07,OHI,-0.11566989939314477,Sell
2024-11-07,SYK,-0.11262386988634675,Sell
2024-11-07,VZ,0.1111111111111111,Buy
2024-11-08,WEN,0.1111111111111111,Buy
2024-11-08,SPWR,0.005848625731320084,Buy
2024-11-08,JNJ,0.0007743307297406882,Buy
2024-11-08,HAS,-0.11164716813779996,Sell
2024-11-08,BDX,-0.002338504736423233,Sell
2024-11-08,EWI,0.0009805693099930318,Buy
2024-11-08,HTZ,0.1111111111111111,Buy
2024-11-08,KO,-0.11168526621822542,Sell
2024-11-08,D,-0.11350941683039457,Sell
2024-11-08,WSM,0.1111111111111111,Buy
2024-11-08,DUK,-0.11338388672139156,Sell
2024-11-08,CP,0.1111111111111111,Buy
2024-11-08,VZ,0.000126878607261377,Buy
2024-11-11,A,0.1111111111111111,Buy
2024-11-11,WEN,0.00425482065770251,Buy
2024-11-11,SPWR,0.004572000830347159,Buy
2024-11-11,GREK,0.1111111111111111,Buy
2024-11-11,JNJ,0.0002970333254931068,Buy
2024-11-11,HAS,0.1111111111111111,Buy
2024-11-11,BDX,-0.11254619644374325,Sell
2024-11-11,EWI,-0.11157157909250653,Sell
2024-11-11,HTZ,-0.11888229486939586,Sell
2024-11-11,GOLD,0.1111111111111111,Buy
2024-11-11,ULTA,0.1111111111111111,Buy
2024-11-11,WSM,-0.1111556924737761,Sell
2024-11-11,CP,-0.1108493381716274,Sell
2024-11-11,VZ,-0.11101162622821963,Sell
2024-11-11,MRK,0.1111111111111111,Buy
2024-11-12,PPG,0.1111111111111111,Buy
2024-11-12,BAX,0.1111111111111111,Buy
2024-11-12,A,-0.11318079014114002,Sell
2024-11-12,WEN,0.00024259460685981116,Buy
2024-11-12,SPWR,-0.10541993090453794,Sell
2024-11-12,GREK,-0.0018923138368223125,Sell
2024-11-12,QCOM,0.1111111111111111,Buy
2024-11-12,JNJ,-0.0004760474054994468,Sell
2024-11-12,HAS,-0.11205186252474354,Sell
2024-11-12,GOLD,0.0009188234474724472,Buy
2024-11-12,TRP,0.1111111111111111,Buy
2024-11-12,ULTA,-0.11311827623921192,Sell
2024-11-12,MRK,0.00018862238034382528,Buy
2024-11-13,PPG,-0.1131808299267811,Sell
2024-11-13,BAX,0.003422100798585029,Buy
2024-11-13,WEN,-0.0007812481416748646,Sell
2024-11-13,SPWR,0.1111111111111111,Buy
2024-11-13,GREK,-0.11139873314779933,Sell
2024-11-13,QCOM,-0.10960643948611976,Sell
2024-11-13,JNJ,-0.0009771308663563127,Sell
2024-11-13,STI,0.1111111111111111,Buy
2024-11-13,HAS,0.1111111111111111,Buy
2024-11-13,GOLD,-0.11095247827922614,Sell
2024-11-13,TRP,-0.1118572124758457,Sell
2024-11-13,D,0.1111111111111111,Buy
2024-11-13,CP,0.1111111111111111,Buy
2024-11-13,OHI,0.1111111111111111,Buy
2024-11-13,MRK,-0.11155875878350432,Sell
2024-11-14,BAX,0.004145798096494818,Buy
2024-11-14,WEN,0.0006490725121685859,Buy
2024-11-14,SPWR,-0.13331438881669466,Sell
2024-11-14,JNJ,0.00199207445549969,Buy
2024-11-14,STI,-0.10141102855235194,Sell
2024-11-14,HAS,-0.11057686319832985,Sell
2024-11-14,VTR,0.1111111111111111,Buy
2024-11-14,BDX,0.1111111111111111,Buy
2024-11-14,D,0.001766651081058515,Buy
2024-11-14,CME,0.1111111111111111,Buy
2024-11-14,CP,0.001196050209356217,Buy
2024-11-14,OHI,0.0018872396320632479,Buy
2024-11-15,BAX,-0.0007826504207309459,Sell
2024-11-15,A,0.1111111111111111,Buy
2024-11-15,XLP,0.1111111111111111,Buy
2024-11-15,WEN,-0.10882151195906067,Sell
2024-11-15,SPWR,0.1111111111111111,Buy
2024-11-15,JNJ,-0.11254010143611563,Sell
2024-11-15,HAS,0.1111111111111111,Buy
2024-11-15,VTR,-0.11115829675216164,Sell
2024-11-15,BDX,0.0011144620239936787,Buy
2024-11-15,EBAY,0.1111111111111111,Buy
2024-11-15,D,-0.11382772497152811,Sell
2024-11-15,ULTA,0.1111111111111111,Buy
2024-11-15,CME,-0.11190748216409237,Sell
2024-11-15,CP,0.002877673510716272,Buy
2024-11-15,OHI,-0.11179340444825202,Sell
2024-11-18,BAX,-0.11505822001566646,Sell
2024-11-18,A,-0.11123317649419692,Sell
2024-11-18,XLP,-0.11214459969945602,Sell
2024-11-18,WEN,0.1111111111111111,Buy
2024-11-18,SPWR,0.00088282996408523,Buy
2024-11-18,GREK,0.1111111111111111,Buy
2024-11-18,HAS,0.0006773246477734252,Buy
2024-11-18,BDX,0.0002658206618218889,Buy
2024-11-18,EBAY,-0.11132839636995327,Sell
2024-11-18,ULTA,0.003351164385942393,Buy
2024-11-18,HMC,0.1111111111111111,Buy
2024-11-18,CP,-0.0001933293003687775,Sell
2024-11-18,OHI,0.1111111111111111,Buy
2024-11-19,PPG,0.1111111111111111,Buy
2024-11-19,WEN,-0.11131027129529522,Sell
2024-11-19,SPWR,-0.11207029127183993,Sell
2024-11-19,GREK,-0.10960871212751452,Sell
2024-11-19,JNJ,0.1111111111111111,Buy
2024-11-19,HAS,-0.11162207497316612,Sell
2024-11-19,BDX,0.000341932624119079,Buy
2024-11-19,EBAY,0.1111111111111111,Buy
2024-11-19,ULTA,0.0031432581512337715,Buy
2024-11-19,PVH,0.1111111111111111,Buy
2024-11-19,LOW,0.1111111111111111,Buy
2024-11-19,HMC,-0.11233640898803011,Sell
2024-11-19,CP,-0.00012814577331819732,Sell
2024-11-19,OHI,-0.1133016260095279,Sell
2024-11-19,VZ,0.1111111111111111,Buy
2024-11-20,PPG,-0.11139306766392187,Sell
2024-11-20,ICE,0.1111111111111111,Buy
2024-11-20,QCOM,0.1111111111111111,Buy
2024-11-20,JNJ,-0.11128015483656133,Sell
2024-11-20,BDX,3.576726250906215e-05,Buy
2024-11-20,EBAY,-0.11069061843776237,Sell
2024-11-20,EWI,0.1111111111111111,Buy
2024-11-20,ANF,0.1111111111111111,Buy
2024-11-20,XRT,0.1111111111111111,Buy
2024-11-20,ULTA,-0.0004433286030135486,Sell
2024-11-20,PVH,0.0023792494543679182,Buy
2024-11-20,LOW,-0.11281722473357818,Sell
2024-11-20,CP,0.0002877097930887307,Buy
2024-11-20,VZ,-0.11196928886783186,Sell
2024-11-21,BAX,0.1111111111111111,Buy
2024-11-21,VWO,0.1111111111111111,Buy
2024-11-21,BUD,0.1111111111111111,Buy
2024-11-21,SPWR,0.1111111111111111,Buy
2024-11-21,ICE,-0.11144687778175609,Sell
2024-11-21,QCOM,-0.11047672675537894,Sell
2024-11-21,HAS,0.1111111111111111,Buy
2024-11-21,DHI,0.1111111111111111,Buy
2024-11-21,BDX,-0.11113954600640813,Sell
2024-11-21,EWI,0.002146679606576163,Buy
2024-11-21,ANF,-0.11344543523867069,Sell
2024-11-21,HTZ,0.1111111111111111,Buy
2024-11-21,XRT,-0.11146719993966862,Sell
2024-11-21,ULTA,-0.1082002235045363,Sell
2024-11-21,PVH,-0.113028965294004,Sell
2024-11-21,CP,-0.11210608771644008,Sell
2024-11-21,VZ,0.1111111111111111,Buy
2024-11-22,BAX,0.00033975837910280027,Buy
2024-11-22,VWO,0.0010493214178869115,Buy
2024-11-22,BUD,0.0009930733194394442,Buy
2024-11-22,SPWR,0.0010735528980957976,Buy
2024-11-22,GREK,0.1111111111111111,Buy
2024-11-22,STI,0.1111111111111111,Buy
2024-11-22,HAS,-0.11112177070553823,Sell
2024-11-22,VTR,0.1111111111111111,Buy
2024-11-22,DHI,-0.11117286404886746,Sell
2024-11-22,EWI,-0.11015995563897549,Sell
2024-11-22,HTZ,-0.11527744708250773,Sell
2024-11-22,NTAP,0.1111111111111111,Buy
2024-11-22,BSX,0.1111111111111111,Buy
2024-11-22,VZ,-0.11172050550424521,Sell
2024-11-25,BAX,-0.11032648670871235,Sell
2024-11-25,VWO,0.0014295626894370167,Buy
2024-11-25,CF,0.1111111111111111,Buy
2024-11-25,BUD,0.0008568696994792901,Buy
2024-11-25,SPWR,0.006563936930500114,Buy
2024-11-25,GREK,-0.10991729762535696,Sell
2024-11-25,STI,-0.12472562270648287,Sell
2024-11-25,VTR,0.00208165075481663,Buy
2024-11-25,EOG,0.1111111111111111,Buy
2024-11-25,TRP,0.1111111111111111,Buy
2024-11-25,NTAP,-0.11307442116138736,Sell
2024-11-25,CLX,0.1111111111111111,Buy
2024-11-25,BSX,0.002391466822044927,Buy
2024-11-26,PPG,0.1111111111111111,Buy
2024-11-26,VWO,0.0004730675845208143,Buy
2024-11-26,CF,-0.11218019679427406,Sell
2024-11-26,BUD,0.0021285894006527334,Buy
2024-11-26,SPWR,0.002290366718451564,Buy
2024-11-26,GREK,0.1111111111111111,Buy
2024-11-26,VTR,-0.11307351831293418,Sell
2024-11-26,BDX,0.1111111111111111,Buy
2024-11-26,EOG,-0.11169756923395381,Sell
2024-11-26,EWI,0.1111111111111111,Buy
2024-11-26,TRP,0.0006109627711993193,Buy
2024-11-26,CP,0.1111111111111111,Buy
2024-11-26,CLX,-0.11191444356943146,Sell
2024-11-26,BSX,-0.11242200302980053,Sell
2024-11-27,PPG,-0.1096882226673303,Sell
2024-11-27,VWO,-0.11001167303387843,Sell
2024-11-27,BUD,0.0012068962635231745,Buy
2024-11-27,SPWR,-0.12231532631548497,Sell
2024-11-27,GREK,0.001511736991046328,Buy
2024-11-27,BDX,0.002621155265744593,Buy
2024-11-27,EWI,0.0007141902653460819,Buy
2024-11-27,ORCL,0.1111111111111111,Buy
2024-11-27,TRP,0.002253784004697265,Buy
2024-11-27,NTAP,0.1111111111111111,Buy
2024-11-27,CP,9.735688260997799e-05,Buy
2024-11-27,CLX,0.1111111111111111,Buy
2024-11-29,WEN,0.1111111111111111,Buy
2024-11-29,BUD,0.0011088118652844148,Buy
2024-11-29,SPWR,0.1111111111111111,Buy
2024-11-29,GREK,0.0005078583514263046,Buy
2024-11-29,JNJ,0.1111111111111111,Buy
2024-11-29,BDX,0.0005761612350988904,Buy
2024-11-29,EWI,-0.1116501309625967,Sell
2024-11-29,ORCL,-0.11186998707244332,Sell
2024-11-29,KGC,0.1111111111111111,Buy
2024-11-29,TRP,-0.11176253659453526,Sell
2024-11-29,NTAP,-0.11076446318074952,Sell
2024-11-29,LOW,0.1111111111111111,Buy
2024-11-29,HMC,0.1111111111111111,Buy
2024-11-29,CP,-0.11239447246509503,Sell
2024-11-29,CLX,-0.11058802117669846,Sell
2024-12-02,WEN,-0.1107342550903249,Sell
2024-12-02,BUD,-0.11174259441738014,Sell
2024-12-02,SPWR,-0.11048841145743535,Sell
2024-12-02,ICE,0.1111111111111111,Buy
2024-12-02,RRC,0.1111111111111111,Buy
2024-12-02,GREK,-0.11338216200844309,Sell
2024-12-02,JNJ,-0.11089043414162753,Sell
2024-12-02,NDAQ,0.1111111111111111,Buy
2024-12-02,BDX,-0.1115012201267775,Sell
2024-12-02,ORCL,0.1111111111111111,Buy
2024-12-02,KGC,0.0021286971889398904,Buy
2024-12-02,WMB,0.1111111111111111,Buy
2024-12-02,D,0.1111111111111111,Buy
2024-12-02,LOW,-0.11088595050235889,Sell
2024-12-02,DUK,0.1111111111111111,Buy
2024-12-02,HMC,-0.11172681911632348,Sell
2024-12-02,OHI,0.1111111111111111,Buy
2024-12-03,BAX,0.1111111111111111,Buy
2024-12-03,WEN,0.1111111111111111,Buy
2024-12-03,ICE,0.0014475776437195415,Buy
2024-12-03,RRC,-0.11185191298284701,Sell
2024-12-03,GREK,0.1111111111111111,Buy
2024-12-03,JNJ,0.1111111111111111,Buy
2024-12-03,KMB,0.1111111111111111,Buy
2024-12-03,NDAQ,-0.11019020721804082,Sell
2024-12-03,BDX,0.1111111111111111,Buy
2024-12-03,ORCL,-0.11199445453376065,Sell
2024-12-03,KGC,-0.11563428186755702,Sell
2024-12-03,WMB,-0.11138333911872825,Sell
2024-12-03,D,-0.1097901377263608,Sell
2024-12-03,DUK,0.001508226128139098,Buy
2024-12-03,OHI,0.0007763626647697836,Buy
2024-12-04,BAX,0.00026655619792412266,Buy
2024-12-04,WEN,-0.1119614865567865,Sell
2024-12-04,BUD,0.1111111111111111,Buy
2024-12-04,ICE,1.1134238033019828e-05,Buy
2024-12-04,GREK,-0.001193328758441553,Sell
2024-12-04,JNJ,0.0012768590957948495,Buy
2024-12-04,KMB,-0.11119756441900491,Sell
2024-12-04,BDX,-0.1112992669012667,Sell
2024-12-04,KO,0.1111111111111111,Buy
2024-12-04,D,0.1111111111111111,Buy
2024-12-04,DUK,-0.11086153032533351,Sell
2024-12-04,OHI,0.0001785621748820604,Buy
2024-12-04,VZ,0.1111111111111111,Buy
2024-12-05,BAX,0.0037780385997973898,Buy
2024-12-05,CF,0.1111111111111111,Buy
2024-12-05,WEN,0.1111111111111111,Buy
2024-12-05,BUD,9.3185402563839e-05,Buy
2024-12-05,SPWR,0.1111111111111111,Buy
2024-12-05,ICE,-0.11129365484236724,Sell
2024-12-05,GREK,-0.11337001351199721,Sell
2024-12-05,JNJ,-0.11040006079972034,Sell
2024-12-05,KO,-0.11236950461790297,Sell
2024-12-05,D,-0.0010746037799068409,Sell
2024-12-05,OHI,3.777558262517411e-05,Buy
2024-12-05,SYK,0.1111111111111111,Buy
2024-12-05,VZ,-6.8759869225693e-05,Sell
2024-12-06,BAX,-0.0005337344639983338,Sell
2024-12-06,CF,-0.11083048139220864,Sell
2024-12-06,WEN,-0.1106664211832919,Sell
2024-12-06,AA,0.1111111111111111,Buy
2024-12-06,BUD,-0.0004210727563967315,Sell
2024-12-06,SPWR,-0.10949323547932854,Sell
2024-12-06,KMB,0.1111111111111111,Buy
2024-12-06,BDX,0.1111111111111111,Buy
2024-12-06,D,0.0008076173459173053,Buy
2024-12-06,OHI,-0.00037356090040868706,Sell
2024-12-06,SYK,-0.11274852095997688,Sell
2024-12-06,XLE,0.1111111111111111,Buy
2024-12-06,ENB,0.1111111111111111,Buy
2024-12-06,VZ,-0.11152216393400913,Sell
2024-12-09,BAX,-0.11169655198425207,Sell
2024-12-09,AA,-0.11020886069523678,Sell
2024-12-09,BUD,-0.0007262424941983092,Sell
2024-12-09,KMB,0.0010632808887947875,Buy
2024-12-09,TRV,0.1111111111111111,Buy
2024-12-09,BDX,-0.11357356491165296,Sell
2024-12-09,CCL,0.1111111111111111,Buy
2024-12-09,KEY,0.1111111111111111,Buy
2024-12-09,WMB,0.1111111111111111,Buy
2024-12-09,D,-0.11060595212115162,Sell
2024-12-09,PCG,0.1111111111111111,Buy
2024-12-09,RF,0.1111111111111111,Buy
2024-12-09,OHI,-0.11149278555585476,Sell
2024-12-09,XLE,-0.11133740749595009,Sell
2024-12-09,ENB,0.00163215272133993,Buy
2024-12-10,MET,0.1111111111111111,Buy
2024-12-10,BUD,-0.00030465798017349777,Sell
2024-12-10,KMB,-0.11172691645913276,Sell
2024-12-10,TRV,0.0009177242552941695,Buy
2024-12-10,ORCL,0.1111111111111111,Buy
2024-12-10,CCL,-0.11356059909143756,Sell
2024-12-10,TSM,0.1111111111111111,Buy
2024-12-10,KEY,-0.11084343906216049,Sell
2024-12-10,WMB,-0.11138116046509178,Sell
2024-12-10,PCG,0.0013076475369253188,Buy
2024-12-10,RF,0.0012202851377787483,Buy
2024-12-10,HMC,0.1111111111111111,Buy
2024-12-10,ENB,-0.0004096308983809749,Sell
2024-12-11,MET,0.001655973264225702,Buy
2024-12-11,BUD,0.0009545068741529106,Buy
2024-12-11,NSC,0.1111111111111111,Buy
2024-12-11,STI,0.1111111111111111,Buy
2024-12-11,KMB,0.1111111111111111,Buy
2024-12-11,TRV,0.0008635844765034345,Buy
2024-12-11,ORCL,-0.11190270187269842,Sell
2024-12-11,TSM,-0.11291986297205846,Sell
2024-12-11,PCG,0.00012693115880678396,Buy
2024-12-11,RF,-0.11168413177078561,Sell
2024-12-11,HMC,-0.11141910990484802,Sell
2024-12-11,CLX,0.1111111111111111,Buy
2024-12-11,OHI,0.1111111111111111,Buy
2024-12-11,ENB,-0.11145530872247934,Sell
2024-12-12,MET,-0.11470451345643269,Sell
2024-12-12,BUD,-0.1130885983184708,Sell
2024-12-12,NSC,-0.11119582729333229,Sell
2024-12-12,JNJ,0.1111111111111111,Buy
2024-12-12,STI,0.0035609815743481155,Buy
2024-12-12,KMB,-0.1109585144407212,Sell
2024-12-12,TRV,-0.1101520483541818,Sell
2024-12-12,KEY,0.1111111111111111,Buy
2024-12-12,LOW,0.1111111111111111,Buy
2024-12-12,PCG,-0.11133596483732121,Sell
2024-12-12,RF,0.1111111111111111,Buy
2024-12-12,HMC,0.1111111111111111,Buy
2024-12-12,CLX,-0.11071441794638688,Sell
2024-12-12,OHI,0.0005324723154214173,Buy
2024-12-12,ENB,0.1111111111111111,Buy
2024-12-12,CAT,0.1111111111111111,Buy
2024-12-13,HYG,0.1111111111111111,Buy
2024-12-13,GREK,0.1111111111111111,Buy
2024-12-13,JNJ,-0.11126227138457574,Sell
2024-12-13,STI,-0.1117919181954178,Sell
2024-12-13,EWC,0.1111111111111111,Buy
2024-12-13,KEY,-0.11140407297397403,Sell
2024-12-13,TRP,0.1111111111111111,Buy
2024-12-13,NWSA,0.1111111111111111,Buy
2024-12-13,LOW,-0.11050645999663676,Sell
2024-12-13,PCG,0.1111111111111111,Buy
2024-12-13,RF,-0.11123974434101787,Sell
2024-12-13,HMC,0.0005713568080433912,Buy
2024-12-13,OHI,-0.11214660361557678,Sell
2024-12-13,XLE,0.1111111111111111,Buy
2024-12-13,ENB,0.000506645442157963,Buy
2024-12-13,CAT,-0.1108952320552291,Sell
2024-12-16,HYG,-0.11222897092342732,Sell
2024-12-16,BUD,0.1111111111111111,Buy
2024-12-16,NSC,0.1111111111111111,Buy
2024-12-16,GREK,-0.11174485227134062,Sell
2024-12-16,JNJ,0.1111111111111111,Buy
2024-12-16,EWC,-0.11145745511264321,Sell
2024-12-16,TRP,0.0001302378471706861,Buy
2024-12-16,HUM,0.1111111111111111,Buy
2024-12-16,NWSA,-0.11217402049422553,Sell
2024-12-16,PCG,-5.554220734256543e-05,Sell
2024-12-16,HMC,0.0010295838561847764,Buy
2024-12-16,XLE,0.0015545116785032204,Buy
2024-12-16,ENB,0.00010936043162068643,Buy
2024-12-17,BUD,0.0004162022447290331,Buy
2024-12-17,NSC,-0.11215804091468548,Sell
2024-12-17,GREK,0.1111111111111111,Buy
2024-12-17,JNJ,-0.11431883256013,Sell
2024-12-17,EWC,0.1111111111111111,Buy
2024-12-17,KEY,0.1111111111111111,Buy
2024-12-17,TRP,-0.11239313509103298,Sell
2024-12-17,HUM,0.010249128909108396,Buy
2024-12-17,NWSA,0.1111111111111111,Buy
2024-12-17,PCG,-0.11295030340257424,Sell
2024-12-17,RF,0.1111111111111111,Buy
2024-12-17,HMC,-0.11339735167581388,Sell
2024-12-17,XLE,-0.0003721441546434695,Sell
2024-12-17,ENB,-0.0008572452474062409,Sell
2024-12-18,BUD,0.0007190643972468796,Buy
2024-12-18,GREK,-0.11149900812485519,Sell
2024-12-18,TRV,0.1111111111111111,Buy
2024-12-18,EWC,-0.11085007045678547,Sell
2024-12-18,CCL,0.1111111111111111,Buy
2024-12-18,MAR,0.1111111111111111,Buy
2024-12-18,KEY,0.0024441750895882464,Buy
2024-12-18,ILMN,0.1111111111111111,Buy
2024-12-18,HUM,-0.11695523864582515,Sell
2024-12-18,NWSA,-0.11174785059031707,Sell
2024-12-18,BX,0.1111111111111111,Buy
2024-12-18,RF,0.003179286102374959,Buy
2024-12-18,XLE,-0.1106779810120322,Sell
2024-12-18,ENB,-0.0004585865595972405,Sell
2024-12-19,BUD,4.185908828904794e-06,Buy
2024-12-19,TRV,-0.111920103613669,Sell
2024-12-19,DHI,0.1111111111111111,Buy
2024-12-19,EWC,0.1111111111111111,Buy
2024-12-19,BBT,0.1111111111111111,Buy
2024-12-19,CCL,-0.11274097083727234,Sell
2024-12-19,MAR,-0.11167743895300454,Sell
2024-12-19,KEY,0.0009648563451931519,Buy
2024-12-19,ILMN,-0.11110423752368204,Sell
2024-12-19,BX,-0.1093233351673011,Sell
2024-12-19,LOW,0.1111111111111111,Buy
2024-12-19,RF,0.0005546212345271112,Buy
2024-12-19,HMC,0.1111111111111111,Buy
2024-12-19,ENB,-0.11170531128862995,Sell
2024-12-19,CAT,0.1111111111111111,Buy
2024-12-20,PPG,0.1111111111111111,Buy
2024-12-20,XLP,0.1111111111111111,Buy
2024-12-20,BUD,0.001356272837150771,Buy
2024-12-20,NDAQ,0.1111111111111111,Buy
2024-12-20,DHI,-0.11140558748505286,Sell
2024-12-20,EWC,0.0007955382098911862,Buy
2024-12-20,BBT,-0.11258708908323688,Sell
2024-12-20,KEY,-0.00022742495006568275,Sell
2024-12-20,LOW,-0.11094758228193244,Sell
2024-12-20,RF,-0.11235033591205969,Sell
2024-12-20,HMC,0.0007187688298777584,Buy
2024-12-20,OHI,0.1111111111111111,Buy
2024-12-20,CAT,-0.11123747900986898,Sell
2024-12-20,MRK,0.1111111111111111,Buy
2024-12-23,PPG,-0.1091414206593718,Sell
2024-12-23,BAX,0.1111111111111111,Buy
2024-12-23,XLP,0.0024905222462333065,Buy
2024-12-23,WEN,0.1111111111111111,Buy
2024-12-23,HYG,0.1111111111111111,Buy
2024-12-23,BUD,0.001197516496917378,Buy
2024-12-23,GREK,0.1111111111111111,Buy
2024-12-23,NDAQ,-0.10953320381307229,Sell
2024-12-23,EWC,0.0013135619244436791,Buy
2024-12-23,BDX,0.1111111111111111,Buy
2024-12-23,KEY,-0.11002653474360743,Sell
2024-12-23,HMC,-0.12309108626621287,Sell
2024-12-23,OHI,0.001626576378814401,Buy
2024-12-23,MRK,-0.1106659683684245,Sell
