Date,Ticker,Trade_Weight,Direction
2023-05-31,DRUG,-0.16666666666666666,Sell
2023-05-31,PVLA,-0.16666666666666666,Sell
2023-05-31,CVCO,0.16666666666666666,Buy
2023-05-31,TQQQ,0.16666666666666666,Buy
2023-05-31,INTC,-0.16666666666666666,Sell
2023-05-31,ZION,0.16666666666666666,Buy
2023-06-01,DRUG,0.14226094859195745,Buy
2023-06-01,CVCO,-0.16717570049687358,Sell
2023-06-01,JOYY,-0.16666666666666666,Sell
2023-06-01,CRDO,-0.16666666666666666,Sell
2023-06-01,INOD,-0.16666666666666666,Sell
2023-06-01,PVLA,0.16138626655260035,Buy
2023-06-01,WGS,0.16666666666666666,Buy
2023-06-01,TQQQ,-0.00017772690356845922,Sell
2023-06-01,INTC,0.1594189794203881,Buy
2023-06-01,ZION,0.0034182091965886396,Buy
2023-06-02,DRUG,-0.16666666666666666,Sell
2023-06-02,CVCO,-0.16666666666666666,Sell
2023-06-02,JOYY,0.1773226733368343,Buy
2023-06-02,CRDO,0.16916596720376295,Buy
2023-06-02,INOD,0.015474949859540593,Buy
2023-06-02,WGS,0.010034707386346986,Buy
2023-06-02,TQQQ,-0.0071452037610032215,Sell
2023-06-02,ZION,-0.011922298942232623,Sell
2023-06-05,DRUG,-0.009547163275094389,Sell
2023-06-05,CVCO,0.16234374856016215,Buy
2023-06-05,BLTE,0.16666666666666666,Buy
2023-06-05,INOD,0.16340698523546984,Buy
2023-06-05,WGS,-0.16700672051556004,Sell
2023-06-05,TQQQ,0.0016003022025032343,Buy
2023-06-05,OLLI,-0.16666666666666666,Sell
2023-06-05,WLDN,-0.16666666666666666,Sell
2023-06-05,ZION,0.003941296364853575,Buy
2023-06-06,DRUG,0.16665146914225562,Buy
2023-06-06,CVCO,-0.16666666666666666,Sell
2023-06-06,BLTE,0.0016592226997842185,Buy
2023-06-06,COIN,0.16666666666666666,Buy
2023-06-06,IREN,-0.16666666666666666,Sell
2023-06-06,TQQQ,-0.0025282035034616956,Sell
2023-06-06,OLLI,0.01036283005534197,Buy
2023-06-06,WLDN,0.1841713834840112,Buy
2023-06-06,ZION,-0.17763510959111767,Sell
2023-06-07,INTU,0.16666666666666666,Buy
2023-06-07,CVCO,0.004579433496971819,Buy
2023-06-07,ROOT,-0.16666666666666666,Sell
2023-06-07,BLTE,-0.1677818768955271,Sell
2023-06-07,COIN,-0.17257451793047224,Sell
2023-06-07,BLBD,0.16666666666666666,Buy
2023-06-07,IREN,0.16625020832178297,Buy
2023-06-07,ACNB,-0.16666666666666666,Sell
2023-06-07,TQQQ,0.007967816755390988,Buy
2023-06-07,OLLI,0.16466620433164814,Buy
2023-06-08,INTU,-0.16276580664772747,Sell
2023-06-08,CVCO,0.15872894059603676,Buy
2023-06-08,ROOT,0.1594142177793574,Buy
2023-06-08,BLTE,0.16666666666666666,Buy
2023-06-08,AAOI,-0.16666666666666666,Sell
2023-06-08,BLBD,-0.17231194263856403,Sell
2023-06-08,WGS,0.16666666666666666,Buy
2023-06-08,AFRM,-0.16666666666666666,Sell
2023-06-08,IREN,-0.16666666666666666,Sell
2023-06-08,ACNB,0.15884550840479172,Buy
2023-06-08,TQQQ,-0.001285259811877132,Sell
2023-06-09,XMTR,-0.16666666666666666,Sell
2023-06-09,BLTE,-0.1693690359172766,Sell
2023-06-09,AAOI,0.17158812280933985,Buy
2023-06-09,BLBD,0.16666666666666666,Buy
2023-06-09,SYM,-0.16666666666666666,Sell
2023-06-09,WGS,0.009597359331670635,Buy
2023-06-09,AFRM,0.15385973035796385,Buy
2023-06-09,IREN,0.0033807159948506527,Buy
2023-06-09,TQQQ,-0.0021387736907880484,Sell
2023-06-12,XMTR,0.02568376912587436,Buy
2023-06-12,NUTX,0.16666666666666666,Buy
2023-06-12,KYMR,-0.16666666666666666,Sell
2023-06-12,SQQQ,0.16666666666666666,Buy
2023-06-12,BLBD,-0.16844273630294682,Sell
2023-06-12,SYM,0.15741363423959523,Buy
2023-06-12,WGS,-0.17819088158636734,Sell
2023-06-12,IREN,0.004485052596888639,Buy
2023-06-12,TQQQ,-0.008415003259274245,Sell
2023-06-13,XMTR,0.15666310657777224,Buy
2023-06-13,NUTX,0.004722187635629288,Buy
2023-06-13,KYMR,0.17227298134139757,Buy
2023-06-13,AAOI,-0.16666666666666666,Sell
2023-06-13,SQQQ,0.004685853349029573,Buy
2023-06-13,SYM,-0.16666666666666666,Sell
2023-06-13,IPX,-0.16666666666666666,Sell
2023-06-13,IREN,0.15865525109840023,Buy
2023-06-13,TQQQ,-0.0027826426910810553,Sell
2023-06-14,DRUG,-0.16666666666666666,Sell
2023-06-14,NUTX,0.011393530418595033,Buy
2023-06-14,AAOI,-0.00202328201348409,Sell
2023-06-14,INOD,-0.16666666666666666,Sell
2023-06-14,SQQQ,0.010746228573043803,Buy
2023-06-14,SYM,0.16360023027251053,Buy
2023-06-14,IPX,0.10183508823265484,Buy
2023-06-14,TQQQ,0.003875388014752401,Buy
2023-06-15,DRUG,0.012965024161134847,Buy
2023-06-15,NUTX,-0.0023880103063037283,Sell
2023-06-15,KYMR,-0.16666666666666666,Sell
2023-06-15,AAOI,0.03135611794523119,Buy
2023-06-15,INOD,0.16726155971924048,Buy
2023-06-15,SQQQ,0.0003622596327738925,Buy
2023-06-15,TQQQ,-0.011321222206796322,Sell
2023-06-16,DRUG,0.010474742630396217,Buy
2023-06-16,BLTE,0.16666666666666666,Buy
2023-06-16,NUTX,-0.17552120570905752,Sell
2023-06-16,KYMR,0.15747811310450452,Buy
2023-06-16,AAOI,0.02206930153175271,Buy
2023-06-16,INOD,-0.16666666666666666,Sell
2023-06-16,SQQQ,-0.17167132727717666,Sell
2023-06-16,WGS,0.16666666666666666,Buy
2023-06-16,TQQQ,0.0014067072314396245,Buy
2023-06-20,DRUG,0.16504353617488213,Buy
2023-06-20,BITS,-0.16666666666666666,Sell
2023-06-20,BLTE,-0.18020496132084202,Sell
2023-06-20,AAOI,0.18077515825695584,Buy
2023-06-20,INOD,0.17185549465253672,Buy
2023-06-20,COIN,-0.16666666666666666,Sell
2023-06-20,WGS,0.008361462311533702,Buy
2023-06-20,IREN,-0.16666666666666666,Sell
2023-06-20,TQQQ,-0.0011144215538817503,Sell
2023-06-20,PDD,0.16666666666666666,Buy
2023-06-21,BITS,0.17955774732741847,Buy
2023-06-21,ROOT,-0.16666666666666666,Sell
2023-06-21,TEAM,0.16666666666666666,Buy
2023-06-21,INOD,-0.16666666666666666,Sell
2023-06-21,COIN,0.17359525231098594,Buy
2023-06-21,PVLA,0.16666666666666666,Buy
2023-06-21,WGS,-0.16678688797448477,Sell
2023-06-21,IPX,-0.16666666666666666,Sell
2023-06-21,IREN,0.1681053729286472,Buy
2023-06-21,TQQQ,0.002925395815968679,Buy
2023-06-21,PDD,-0.16761672881265202,Sell
2023-06-22,DRUG,-0.16666666666666666,Sell
2023-06-22,ROOT,0.07251406045278033,Buy
2023-06-22,BLTE,0.16666666666666666,Buy
2023-06-22,TEAM,-0.17998652110115548,Sell
2023-06-22,KYMR,0.16666666666666666,Buy
2023-06-22,INOD,0.17527428474138326,Buy
2023-06-22,PVLA,-0.15103004178146434,Sell
2023-06-22,IPX,0.17059197155110556,Buy
2023-06-22,IREN,-0.16666666666666666,Sell
2023-06-22,TQQQ,-0.0176217108020017,Sell
2023-06-23,DRUG,0.1566961437326164,Buy
2023-06-23,ROOT,0.14060775837927061,Buy
2023-06-23,BLTE,0.016146775186334783,Buy
2023-06-23,KYMR,-0.16195163917105376,Sell
2023-06-23,AAOI,-0.16666666666666666,Sell
2023-06-23,COIN,-0.16666666666666666,Sell
2023-06-23,SYM,0.16666666666666666,Buy
2023-06-23,IPX,-0.16666666666666666,Sell
2023-06-23,IREN,0.16627933017171606,Buy
2023-06-23,TQQQ,0.006369165100499619,Buy
2023-06-26,GPCR,-0.16666666666666666,Sell
2023-06-26,BLTE,-0.1973612268250003,Sell
2023-06-26,TEAM,0.16666666666666666,Buy
2023-06-26,AAOI,0.01015499398320005,Buy
2023-06-26,COIN,0.16629539292968945,Buy
2023-06-26,SYM,0.01178322744700619,Buy
2023-06-26,IPX,-0.009154754080834882,Sell
2023-06-26,TQQQ,0.008158221947310584,Buy
2023-06-27,GPCR,0.18044524128491835,Buy
2023-06-27,TEAM,-0.1703533744429305,Sell
2023-06-27,AAOI,0.007347712181688865,Buy
2023-06-27,INOD,-0.16666666666666666,Sell
2023-06-27,COIN,-0.16666666666666666,Sell
2023-06-27,SQQQ,0.16666666666666666,Buy
2023-06-27,SYM,-0.1754774147485308,Sell
2023-06-27,WGS,0.16666666666666666,Buy
2023-06-27,IPX,0.16730718200699293,Buy
2023-06-27,TQQQ,-0.008422387115330693,Sell
2023-06-28,ROOT,-0.16666666666666666,Sell
2023-06-28,ASTS,0.16666666666666666,Buy
2023-06-28,AAOI,0.01124756787505557,Buy
2023-06-28,INOD,0.17407428181927062,Buy
2023-06-28,COIN,0.1689558698260256,Buy
2023-06-28,BHRB,-0.16666666666666666,Sell
2023-06-28,SQQQ,-0.16580518349606946,Sell
2023-06-28,WGS,-0.1861484961492954,Sell
2023-06-28,TQQQ,-0.0012557558308347316,Sell
2023-06-28,RRBI,0.16666666666666666,Buy
2023-06-29,ROOT,0.15615426172680047,Buy
2023-06-29,ASTS,-0.1677569060982321,Sell
2023-06-29,AAOI,0.00802082353591213,Buy
2023-06-29,INOD,0.16666666666666666,Buy
2023-06-29,BHRB,0.1693513090597993,Buy
2023-06-29,IPX,-0.16666666666666666,Sell
2023-06-29,SENEA,0.16666666666666666,Buy
2023-06-29,IREN,-0.16666666666666666,Sell
2023-06-29,TQQQ,0.0014804684455334838,Buy
2023-06-29,RRBI,-0.16965426071293577,Sell
2023-06-30,ROOT,0.16666666666666666,Buy
2023-06-30,AAOI,0.019545011640112686,Buy
2023-06-30,INOD,-0.3384418039923849,Sell
2023-06-30,IPX,0.011285467604611438,Buy
2023-06-30,SENEA,0.0030713153864478926,Buy
2023-06-30,IREN,0.166088436409713,Buy
2023-06-30,TQQQ,-0.010640384519723323,Sell
2023-07-03,ROOT,-0.3501208396182469,Sell
2023-07-03,AZN,0.16666666666666666,Buy
2023-07-03,AAOI,0.16570934677702984,Buy
2023-07-03,INOD,0.15954702226864798,Buy
2023-07-03,WGS,0.16666666666666666,Buy
2023-07-03,IPX,-0.0028443333069070043,Sell
2023-07-03,SENEA,-0.16574342905234143,Sell
2023-07-03,IREN,-0.16666666666666666,Sell
2023-07-03,TQQQ,0.002849122358506817,Buy
2023-07-05,PI,0.16666666666666666,Buy
2023-07-05,ROOT,-0.004098776746190219,Sell
2023-07-05,PTGX,-0.16666666666666666,Sell
2023-07-05,AZN,-0.17185105283981575,Sell
2023-07-05,WGS,-0.164666305339429,Sell
2023-07-05,IPX,0.004190975137709052,Buy
2023-07-05,IREN,0.1731212662116087,Buy
2023-07-05,TQQQ,-0.00042448615418991253,Sell
2023-07-05,INTC,0.16666666666666666,Buy
2023-07-06,PI,-0.16726609744105608,Sell
2023-07-06,ROOT,0.16953477483443635,Buy
2023-07-06,PTGX,0.0034365222342216395,Buy
2023-07-06,MRCY,0.16666666666666666,Buy
2023-07-06,WGS,0.16666666666666666,Buy
2023-07-06,IPX,-0.0007467999147324211,Sell
2023-07-06,IREN,-0.16666666666666666,Sell
2023-07-06,TQQQ,0.00245900938530888,Buy
2023-07-06,INTC,-0.16536879850646688,Sell
2023-07-07,ROOT,-0.16666666666666666,Sell
2023-07-07,PTGX,0.1659937615986673,Buy
2023-07-07,MRCY,-0.1718621017974109,Sell
2023-07-07,WGS,-0.0013774701205742368,Sell
2023-07-07,IPX,0.00657726004999909,Buy
2023-07-07,IREN,0.019060950672957183,Buy
2023-07-07,TQQQ,-0.0011846556421090948,Sell
2023-07-07,INTC,0.16666666666666666,Buy
2023-07-10,ROOT,0.00837869932380686,Buy
2023-07-10,BLTE,0.16666666666666666,Buy
2023-07-10,AAOI,-0.16666666666666666,Sell
2023-07-10,WGS,-0.019495564337700416,Sell
2023-07-10,IPX,0.006421979162212266,Buy
2023-07-10,IREN,0.1761911177857344,Buy
2023-07-10,TQQQ,-0.0001530595377959576,Sell
2023-07-10,INTC,-0.17135231490343497,Sell
2023-07-11,ROOT,0.16982981637863143,Buy
2023-07-11,BLTE,0.00014647765511952016,Buy
2023-07-11,AAOI,0.03243412498484827,Buy
2023-07-11,WGS,-0.01004154611699487,Sell
2023-07-11,AFRM,-0.16666666666666666,Sell
2023-07-11,IPX,0.002035644163525918,Buy
2023-07-11,TQQQ,-0.006074045532795946,Sell
2023-07-12,DRUG,0.16666666666666666,Buy
2023-07-12,BLTE,-0.1611102387014576,Sell
2023-07-12,TREE,-0.16666666666666666,Sell
2023-07-12,PTGX,0.16666666666666666,Buy
2023-07-12,AAOI,-0.00915220801847444,Sell
2023-07-12,WGS,-0.1797418442300423,Sell
2023-07-12,AFRM,0.16247142623508806,Buy
2023-07-12,IPX,-0.013054956495481107,Sell
2023-07-12,TQQQ,-0.00028179832398750326,Sell
2023-07-13,DRUG,-0.1917702654134176,Sell
2023-07-13,GPCR,0.16666666666666666,Buy
2023-07-13,ROOT,-0.16666666666666666,Sell
2023-07-13,BLTE,0.16666666666666666,Buy
2023-07-13,TREE,0.1696833529696905,Buy
2023-07-13,PTGX,-0.17186035671496053,Sell
2023-07-13,AAOI,0.18346496276581276,Buy
2023-07-13,IPX,0.0010628915526335603,Buy
2023-07-13,IREN,-0.16666666666666666,Sell
2023-07-13,TQQQ,-0.0056986502857575005,Sell
2023-07-14,GPCR,-0.17090445114724992,Sell
2023-07-14,ROOT,-0.019839994524981558,Sell
2023-07-14,BLTE,-0.16581475497503873,Sell
2023-07-14,TREE,-0.16666666666666666,Sell
2023-07-14,BHRB,0.16666666666666666,Buy
2023-07-14,IPX,-0.006809995900479732,Sell
2023-07-14,IREN,0.14708035916662557,Buy
2023-07-14,TQQQ,0.0071655656947769986,Buy
2023-07-14,PRAX,0.16666666666666666,Buy
2023-07-17,ROOT,0.010589640087001362,Buy
2023-07-17,TREE,0.16826715683604904,Buy
2023-07-17,BBIO,-0.16666666666666666,Sell
2023-07-17,PTGX,0.16666666666666666,Buy
2023-07-17,ASTS,0.16666666666666666,Buy
2023-07-17,BHRB,-0.16873380851842895,Sell
2023-07-17,SYM,-0.16666666666666666,Sell
2023-07-17,IPX,0.16421722391564922,Buy
2023-07-17,TQQQ,-0.0050428006792473945,Sell
2023-07-17,PRAX,-0.16707892067074828,Sell
2023-07-18,MASI,0.16666666666666666,Buy
2023-07-18,ROOT,0.004824897349107321,Buy
2023-07-18,BBIO,0.17079198051896183,Buy
2023-07-18,PTGX,-0.16492318278282542,Sell
2023-07-18,ASTS,-0.1728640603645964,Sell
2023-07-18,AAOI,0.16666666666666666,Buy
2023-07-18,INOD,-0.16666666666666666,Sell
2023-07-18,PVLA,-0.16666666666666666,Sell
2023-07-18,SYM,0.17707733357096242,Buy
2023-07-18,TQQQ,-0.005621458991924594,Sell
2023-07-19,MASI,-0.1625046865275827,Sell
2023-07-19,ROOT,0.03540452829139634,Buy
2023-07-19,SIMO,0.16666666666666666,Buy
2023-07-19,PTGX,0.16666666666666666,Buy
2023-07-19,AAOI,-0.35927469274704416,Sell
2023-07-19,INOD,0.17586388967988967,Buy
2023-07-19,PVLA,0.16957729297435967,Buy
2023-07-19,IREN,-0.16666666666666666,Sell
2023-07-19,TQQQ,-0.0037259010070819776,Sell
2023-07-20,ROOT,0.1476141327366989,Buy
2023-07-20,SIMO,0.010747519863246208,Buy
2023-07-20,PTGX,-0.1625001315254249,Sell
2023-07-20,ASTS,0.16666666666666666,Buy
2023-07-20,AAOI,-0.014169162407457442,Sell
2023-07-20,SLGL,-0.16666666666666666,Sell
2023-07-20,IPX,-0.16666666666666666,Sell
2023-07-20,IREN,0.14632698786181142,Buy
2023-07-20,TQQQ,0.015264467376172819,Buy
2023-07-21,MASI,-0.16666666666666666,Sell
2023-07-21,SIMO,-0.16605544278361828,Sell
2023-07-21,NUTX,0.16666666666666666,Buy
2023-07-21,ASTS,-0.1676387006462873,Sell
2023-07-21,AAOI,0.16494859684142182,Buy
2023-07-21,SLGL,0.01315852025322431,Buy
2023-07-21,SYM,0.16666666666666666,Buy
2023-07-21,IPX,0.17246761351314469,Buy
2023-07-21,TQQQ,-0.0011671368869116405,Sell
2023-07-21,NVEC,-0.16666666666666666,Sell
2023-07-24,DRUG,-0.16666666666666666,Sell
2023-07-24,RYAAY,0.16666666666666666,Buy
2023-07-24,MASI,0.16598901396059404,Buy
2023-07-24,NUTX,-0.16252596541141398,Sell
2023-07-24,AAOI,-0.16666666666666666,Sell
2023-07-24,PVLA,0.16666666666666666,Buy
2023-07-24,SLGL,0.16575249739970016,Buy
2023-07-24,SYM,-0.15787303076580622,Sell
2023-07-24,TQQQ,-0.0023192854553646114,Sell
2023-07-24,NVEC,0.0005295411933252114,Buy
2023-07-25,DRUG,-0.006805928010123141,Sell
2023-07-25,RYAAY,-0.17175013666884126,Sell
2023-07-25,AAOI,-0.0023090959982292603,Sell
2023-07-25,PVLA,0.00922110553185132,Buy
2023-07-25,TQQQ,-0.0027786982592397924,Sell
2023-07-25,PRAX,0.16666666666666666,Buy
2023-07-25,NVEC,0.004100456239193223,Buy
2023-07-26,DRUG,0.00047593743323032234,Buy
2023-07-26,SIMO,-0.16666666666666666,Sell
2023-07-26,VICR,-0.16666666666666666,Sell
2023-07-26,AAOI,0.15674988116472283,Buy
2023-07-26,PVLA,0.0027399785818140454,Buy
2023-07-26,TQQQ,0.0021634214056187318,Buy
2023-07-26,PRAX,0.0037874416440816516,Buy
2023-07-26,NVEC,0.1646102215975996,Buy
2023-07-27,DRUG,-0.006675354483515861,Sell
2023-07-27,TARS,-0.16666666666666666,Sell
2023-07-27,SIMO,0.2988958329744724,Buy
2023-07-27,VICR,0.16709152117555148,Buy
2023-07-27,NEGG,-0.16666666666666666,Sell
2023-07-27,PVLA,-0.15537759602914833,Sell
2023-07-27,TQQQ,0.0035113303708851074,Buy
2023-07-27,PRAX,0.013098658622822251,Buy
2023-07-28,DRUG,0.18514818669112804,Buy
2023-07-28,TARS,0.16348447833160534,Buy
2023-07-28,ROKU,-0.16666666666666666,Sell
2023-07-28,ROOT,-0.16666666666666666,Sell
2023-07-28,SIMO,-0.18589401428795913,Sell
2023-07-28,NEGG,0.17993168841220042,Buy
2023-07-28,AAOI,-0.16666666666666666,Sell
2023-07-28,PVLA,0.16666666666666666,Buy
2023-07-28,PSIX,0.16666666666666666,Buy
2023-07-28,TQQQ,-0.0062606623390252525,Sell
2023-07-28,PRAX,-0.18565155542254602,Sell
2023-07-31,ROKU,0.1808915030406733,Buy
2023-07-31,ROOT,0.014701241310760754,Buy
2023-07-31,AAOI,0.0027144302977687718,Buy
2023-07-31,PVLA,-0.004027808747125772,Sell
2023-07-31,SYM,-0.16666666666666666,Sell
2023-07-31,PSIX,-0.18240879065614152,Sell
2023-07-31,TQQQ,-0.002045816843615933,Sell
2023-07-31,PRAX,0.16666666666666666,Buy
2023-08-01,TARS,0.16666666666666666,Buy
2023-08-01,ROOT,0.0005419620023127958,Buy
2023-08-01,IPGP,0.16666666666666666,Buy
2023-08-01,ANAB,-0.16666666666666666,Sell
2023-08-01,AAOI,0.006840720417696261,Buy
2023-08-01,PVLA,-0.16584287331454114,Sell
2023-08-01,SYM,0.1510487263229071,Buy
2023-08-01,TQQQ,0.0013568201110739642,Buy
2023-08-01,PRAX,-0.1612117544346103,Sell
2023-08-02,XMTR,0.16666666666666666,Buy
2023-08-02,TARS,-0.1594677493830737,Sell
2023-08-02,ROOT,0.15953308747901093,Buy
2023-08-02,IPGP,-0.17378413370164467,Sell
2023-08-02,ANAB,-8.408300326473439e-05,Sell
2023-08-02,AAOI,0.010776679476589834,Buy
2023-08-02,PVLA,0.16666666666666666,Buy
2023-08-02,TQQQ,0.008905429299926854,Buy
2023-08-02,POWL,-0.16666666666666666,Sell
2023-08-03,XMTR,0.012948516897169277,Buy
2023-08-03,RMBS,-0.16666666666666666,Sell
2023-08-03,NEGG,-0.16666666666666666,Sell
2023-08-03,ANAB,0.15268152654140899,Buy
2023-08-03,AAOI,0.1445602375692089,Buy
2023-08-03,PVLA,-0.1665104258540792,Sell
2023-08-03,SHOP,0.16666666666666666,Buy
2023-08-03,ZBRA,-0.16666666666666666,Sell
2023-08-03,TQQQ,0.0057147561996510055,Buy
2023-08-03,POWL,0.15634814638337474,Buy
2023-08-04,XMTR,-0.16755843696111847,Sell
2023-08-04,RMBS,0.16768635591813824,Buy
2023-08-04,CLMB,-0.16666666666666666,Sell
2023-08-04,NEGG,0.16335967092490547,Buy
2023-08-04,AAOI,-0.16666666666666666,Sell
2023-08-04,SHOP,0.00259194998606907,Buy
2023-08-04,ZBRA,0.001798246567849493,Buy
2023-08-04,TQQQ,0.001772821771797134,Buy
2023-08-04,FTNT,0.16666666666666666,Buy
2023-08-07,XMTR,0.16666666666666666,Buy
2023-08-07,SATS,-0.16666666666666666,Sell
2023-08-07,CLMB,0.15933043089475904,Buy
2023-08-07,ALNT,-0.16666666666666666,Sell
2023-08-07,AAOI,0.1883344050327104,Buy
2023-08-07,PVLA,0.16666666666666666,Buy
2023-08-07,SHOP,-0.1664520085498148,Sell
2023-08-07,ZBRA,0.1653743115172936,Buy
2023-08-07,TQQQ,-0.004978915798884764,Sell
2023-08-07,FTNT,-0.3369033952404791,Sell
2023-08-08,XMTR,-0.16243146196245284,Sell
2023-08-08,SATS,0.16967726909092098,Buy
2023-08-08,ALNT,0.160467154964875,Buy
2023-08-08,CECO,-0.16666666666666666,Sell
2023-08-08,AAOI,-0.16666666666666666,Sell
2023-08-08,PVLA,-0.0005352404052587079,Sell
2023-08-08,TQQQ,0.0030073720958065375,Buy
2023-08-08,DDOG,0.16666666666666666,Buy
2023-08-08,FTNT,0.0038277731975620566,Buy
2023-08-09,DRUG,0.16666666666666666,Buy
2023-08-09,CECO,0.1577089048189154,Buy
2023-08-09,AAOI,-7.825631460878224e-05,Sell
2023-08-09,PVLA,-0.1669993978429599,Sell
2023-08-09,WGS,0.16666666666666666,Buy
2023-08-09,PSIX,-0.16666666666666666,Sell
2023-08-09,TQQQ,0.005236629850321556,Buy
2023-08-09,DDOG,-0.16457142165986785,Sell
2023-08-09,FTNT,0.0037827759014142093,Buy
2023-08-10,DRUG,0.014900122233154428,Buy
2023-08-10,ALRM,-0.16666666666666666,Sell
2023-08-10,AAOI,0.047884249884784263,Buy
2023-08-10,WGS,0.0012298056508560362,Buy
2023-08-10,PSIX,0.01822352571661634,Buy
2023-08-10,TQQQ,-0.014826733326505331,Sell
2023-08-10,FTNT,0.18303187872511537,Buy
2023-08-11,DRUG,-0.15479112634756897,Sell
2023-08-11,ALRM,0.16448019911912973,Buy
2023-08-11,ROOT,-0.16666666666666666,Sell
2023-08-11,DXPE,-0.16666666666666666,Sell
2023-08-11,AAOI,0.1412220172190175,Buy
2023-08-11,INOD,-0.16666666666666666,Sell
2023-08-11,SLGL,0.16666666666666666,Buy
2023-08-11,WGS,0.003625512810554482,Buy
2023-08-11,PSIX,0.1608352215236186,Buy
2023-08-11,TQQQ,0.005379449924550583,Buy
2023-08-14,RMBS,-0.16666666666666666,Sell
2023-08-14,NVDL,-0.16666666666666666,Sell
2023-08-14,ROOT,0.16422608882045064,Buy
2023-08-14,DXPE,0.1648433734686181,Buy
2023-08-14,AAOI,-0.16666666666666666,Sell
2023-08-14,INOD,0.1770663683712312,Buy
2023-08-14,PVLA,0.16666666666666666,Buy
2023-08-14,SLGL,-0.17457774115104685,Sell
2023-08-14,WGS,0.002249598269083608,Buy
2023-08-14,TQQQ,-0.00484558821729919,Sell
2023-08-15,RMBS,0.16387289373750932,Buy
2023-08-15,TAYD,-0.16666666666666666,Sell
2023-08-15,NVDL,0.16801914212606223,Buy
2023-08-15,MNPR,-0.16666666666666666,Sell
2023-08-15,COPJ,0.16666666666666666,Buy
2023-08-15,AAOI,-0.0003968994311357721,Sell
2023-08-15,ICOP,0.16666666666666666,Buy
2023-08-15,PVLA,-0.17184400012898,Sell
2023-08-15,WGS,-0.16395547003862737,Sell
2023-08-15,TQQQ,0.0049566074292203,Buy
2023-08-16,DRUG,0.16666666666666666,Buy
2023-08-16,TAYD,0.16577364187133434,Buy
2023-08-16,ROOT,-0.16666666666666666,Sell
2023-08-16,MNPR,0.15046458775113117,Buy
2023-08-16,COPJ,-0.16370337750189332,Sell
2023-08-16,AAOI,-0.0231310101202456,Sell
2023-08-16,ICOP,-0.16134384882373892,Sell
2023-08-16,FPXI,0.16666666666666666,Buy
2023-08-16,PSIX,-0.16666666666666666,Sell
2023-08-16,TQQQ,0.009153229731888035,Buy
2023-08-17,DRUG,-0.3320749943486878,Sell
2023-08-17,TARK,0.16666666666666666,Buy
2023-08-17,ROOT,0.16061355341668052,Buy
2023-08-17,BLTE,-0.16666666666666666,Sell
2023-08-17,ON,0.16666666666666666,Buy
2023-08-17,AAOI,-0.0018891018745409716,Sell
2023-08-17,FPXI,-0.1668982904666267,Sell
2023-08-17,PSIX,0.16332977886980538,Buy
2023-08-17,TQQQ,0.00623019999560287,Buy
2023-08-18,DRUG,0.009668254436882018,Buy
2023-08-18,TARK,-0.17321636940158933,Sell
2023-08-18,BLTE,0.20499306087255512,Buy
2023-08-18,ON,-0.17365182631702694,Sell
2023-08-18,AAOI,0.003912941903121248,Buy
2023-08-18,WGS,0.16666666666666666,Buy
2023-08-18,FRHC,-0.16666666666666666,Sell
2023-08-18,FCAP,0.16666666666666666,Buy
2023-08-18,TQQQ,-0.004844403159087657,Sell
2023-08-21,DRUG,0.00547130675476748,Buy
2023-08-21,NVDL,-0.16666666666666666,Sell
2023-08-21,AAOI,0.04256589455529286,Buy
2023-08-21,SLGL,0.16666666666666666,Buy
2023-08-21,WGS,0.0007201268748724399,Buy
2023-08-21,FRHC,0.1792270496287524,Buy
2023-08-21,FCAP,-0.17234324648466837,Sell
2023-08-21,TQQQ,-0.015177287306260084,Sell
2023-08-22,DRUG,-0.0020311259662138814,Sell
2023-08-22,NVDL,0.16013545050197742,Buy
2023-08-22,BLTE,-0.16666666666666666,Sell
2023-08-22,AAOI,0.0009644474569370787,Buy
2023-08-22,SLGL,-0.16908364563669048,Sell
2023-08-22,WGS,0.012801299620011058,Buy
2023-08-22,FCAP,0.16666666666666666,Buy
2023-08-22,TQQQ,0.00021352282589004457,Buy
2023-08-23,DRUG,0.16489647245390668,Buy
2023-08-23,BLTE,0.17598210358182192,Buy
2023-08-23,CRDO,-0.16666666666666666,Sell
2023-08-23,PODD,0.16666666666666666,Buy
2023-08-23,AAOI,-0.0020872517632500864,Sell
2023-08-23,PVLA,-0.16666666666666666,Sell
2023-08-23,WGS,-0.16833038797483688,Sell
2023-08-23,FCAP,0.0005287816350075802,Buy
2023-08-23,TQQQ,-0.007353545106806386,Sell
2023-08-24,DRUG,-0.16666666666666666,Sell
2023-08-24,TARK,0.16666666666666666,Buy
2023-08-24,ROOT,-0.16666666666666666,Sell
2023-08-24,CRDO,0.15149834800597842,Buy
2023-08-24,MCHP,0.16666666666666666,Buy
2023-08-24,PODD,-0.16302396861712634,Sell
2023-08-24,AAOI,0.1503798600241702,Buy
2023-08-24,PVLA,-0.006406791936264172,Sell
2023-08-24,FCAP,-0.16484125431233937,Sell
2023-08-24,TQQQ,0.013828512474751392,Buy
2023-08-25,DRUG,-0.003238637936990918,Sell
2023-08-25,TARK,-0.16473237234184954,Sell
2023-08-25,ROOT,0.0037001010362770204,Buy
2023-08-25,CRDO,-0.16666666666666666,Sell
2023-08-25,MCHP,-0.1639713264433059,Sell
2023-08-25,HTHT,0.16666666666666666,Buy
2023-08-25,PVLA,0.12291224255613017,Buy
2023-08-25,WGS,0.16666666666666666,Buy
2023-08-25,TQQQ,0.0022171927119384316,Buy
2023-08-28,DRUG,0.15153382560717105,Buy
2023-08-28,ROOT,0.16162522209727534,Buy
2023-08-28,BLTE,-0.16666666666666666,Sell
2023-08-28,CRDO,0.161691924217403,Buy
2023-08-28,HTHT,-0.16546132659546148,Sell
2023-08-28,DXCM,0.16666666666666666,Buy
2023-08-28,AAOI,-0.16666666666666666,Sell
2023-08-28,SYM,-0.16666666666666666,Sell
2023-08-28,WGS,0.002747476607927596,Buy
2023-08-28,TQQQ,-0.00013039911016446415,Sell
2023-08-29,BLTE,0.1722263367269135,Buy
2023-08-29,NUTX,0.16666666666666666,Buy
2023-08-29,DXCM,-0.16808343967276534,Sell
2023-08-29,HUT,-0.16666666666666666,Sell
2023-08-29,AAOI,0.18038397037472204,Buy
2023-08-29,SQQQ,0.16666666666666666,Buy
2023-08-29,SYM,0.1640300466212347,Buy
2023-08-29,WGS,-0.17680817613670896,Sell
2023-08-29,IREN,-0.16666666666666666,Sell
2023-08-29,TQQQ,-0.009842091719870771,Sell
2023-08-29,BKCH,-0.16666666666666666,Sell
2023-08-30,TARK,-0.16666666666666666,Sell
2023-08-30,NUTX,-0.1746314394264212,Sell
2023-08-30,HUT,0.16387478712024078,Buy
2023-08-30,AAOI,-0.16666666666666666,Sell
2023-08-30,SQQQ,0.004372133830141678,Buy
2023-08-30,WGS,0.16666666666666666,Buy
2023-08-30,IREN,0.0009704726452131052,Buy
2023-08-30,TQQQ,-0.0012035092582896867,Sell
2023-08-30,BKCH,0.16355961457664653,Buy
2023-08-31,TARK,0.16294481704286112,Buy
2023-08-31,BLTE,-0.16666666666666666,Sell
2023-08-31,NUTX,0.16666666666666666,Buy
2023-08-31,AAOI,0.14644176694944377,Buy
2023-08-31,SQQQ,-0.16077291707269173,Sell
2023-08-31,SYM,-0.16666666666666666,Sell
2023-08-31,WGS,-0.1622268301810022,Sell
2023-08-31,IREN,0.31453333941937933,Buy
2023-08-31,TQQQ,0.0033419800028725577,Buy
2023-08-31,PRAX,-0.16666666666666666,Sell
2023-09-01,DRUG,-0.16666666666666666,Sell
2023-09-01,BLTE,0.1628739753626635,Buy
2023-09-01,NUTX,-0.002870327429743247,Sell
2023-09-01,AAOI,-0.16666666666666666,Sell
2023-09-01,SYM,0.1700643772766549,Buy
2023-09-01,IREN,0.007943758377883553,Buy
2023-09-01,TQQQ,-0.0022711361044416845,Sell
2023-09-01,PRAX,0.014403456678890397,Buy
2023-09-05,DRUG,-0.006267872206276032,Sell
2023-09-05,VSAT,0.16666666666666666,Buy
2023-09-05,BLTE,-0.16666666666666666,Sell
2023-09-05,NUTX,-0.17451764798525557,Sell
2023-09-05,HUT,0.16666666666666666,Buy
2023-09-05,AAOI,-0.016972506193400294,Sell
2023-09-05,IREN,-0.15617985569366385,Sell
2023-09-05,TQQQ,0.005109594398358647,Buy
2023-09-05,PRAX,0.14882168640559398,Buy
2023-09-06,DRUG,-0.008483031723568624,Sell
2023-09-06,VSAT,-0.16100305844028673,Sell
2023-09-06,BLTE,0.15977938263223873,Buy
2023-09-06,NUTX,0.16666666666666666,Buy
2023-09-06,HUT,-0.16502813100270364,Sell
2023-09-06,AAOI,-0.008010278267566534,Sell
2023-09-06,RAPT,-0.16666666666666666,Sell
2023-09-06,FCAP,0.16666666666666666,Buy
2023-09-06,TQQQ,0.005997746005073384,Buy
2023-09-07,DRUG,-0.01198858358184099,Sell
2023-09-07,VSAT,0.16666666666666666,Buy
2023-09-07,NUTX,-0.1714980749721165,Sell
2023-09-07,AAOI,-0.004232504470721099,Sell
2023-09-07,RAPT,0.16092799366446725,Buy
2023-09-07,FCAP,0.0053345307929762165,Buy
2023-09-07,TQQQ,0.006097335812561416,Buy
2023-09-07,PRAX,-0.16666666666666666,Sell
2023-09-08,DRUG,-0.005742711850524579,Sell
2023-09-08,VSAT,-0.1609019232258574,Sell
2023-09-08,NUTX,0.16666666666666666,Buy
2023-09-08,AAOI,-0.009323866385625795,Sell
2023-09-08,INOD,0.16666666666666666,Buy
2023-09-08,FCAP,-0.16568417756408307,Sell
2023-09-08,IREN,-0.16666666666666666,Sell
2023-09-08,TQQQ,0.0019019122361045582,Buy
2023-09-08,PRAX,0.15857249750867064,Buy
2023-09-11,DRUG,0.15570402794960492,Buy
2023-09-11,CRNX,-0.16666666666666666,Sell
2023-09-11,GPCR,-0.16666666666666666,Sell
2023-09-11,NUTX,-0.15870153507635312,Sell
2023-09-11,AAOI,-0.004495529182016456,Sell
2023-09-11,INOD,0.015633127269238684,Buy
2023-09-11,FCAP,0.16666666666666666,Buy
2023-09-11,IREN,0.14702427359977258,Buy
2023-09-11,TQQQ,-0.0031894952728871717,Sell
2023-09-12,CRNX,0.0344682332871927,Buy
2023-09-12,GPCR,0.1656057930213543,Buy
2023-09-12,NUTX,0.16666666666666666,Buy
2023-09-12,AAOI,0.0005455281967965131,Buy
2023-09-12,INOD,-0.17111003778539108,Sell
2023-09-12,FCAP,-0.0015505149522109518,Sell
2023-09-12,TQQQ,0.0006725937659127768,Buy
2023-09-12,PRAX,-0.16666666666666666,Sell
2023-09-13,CRNX,0.14804971157336536,Buy
2023-09-13,NUTX,-0.15433647654928437,Sell
2023-09-13,AAOI,0.29406084343846395,Buy
2023-09-13,INOD,0.16666666666666666,Buy
2023-09-13,DNTH,-0.16666666666666666,Sell
2023-09-13,FCAP,-0.16181483676909836,Sell
2023-09-13,IREN,-0.16666666666666666,Sell
2023-09-13,TQQQ,0.006416984104586326,Buy
2023-09-13,DAVE,-0.16666666666666666,Sell
2023-09-13,PRAX,0.152892585724795,Buy
2023-09-14,NXST,-0.16666666666666666,Sell
2023-09-14,NUTX,0.16666666666666666,Buy
2023-09-14,AAOI,-0.34697938834213105,Sell
2023-09-14,INOD,0.006091558314431478,Buy
2023-09-14,DNTH,0.17383062939039437,Buy
2023-09-14,IREN,0.02397944811654476,Buy
2023-09-14,TQQQ,-0.005861527465615413,Sell
2023-09-14,DAVE,0.15999044198355133,Buy
2023-09-15,TARS,-0.16666666666666666,Sell
2023-09-15,NXST,0.15841691565655966,Buy
2023-09-15,NUTX,-0.17460391346483184,Sell
2023-09-15,AAOI,-0.0007628981072097807,Sell
2023-09-15,INOD,0.01214619669801087,Buy
2023-09-15,FCAP,0.16666666666666666,Buy
2023-09-15,IREN,0.1473998352459266,Buy
2023-09-15,TQQQ,0.010635409691238357,Buy
2023-09-15,PRAX,-0.16666666666666666,Sell
2023-09-18,DRUG,-0.16666666666666666,Sell
2023-09-18,TARS,0.17223637686389412,Buy
2023-09-18,PI,0.16666666666666666,Buy
2023-09-18,AAOI,0.0019856307005666207,Buy
2023-09-18,INOD,-0.0013028285362979564,Sell
2023-09-18,FCAP,-0.1686001074782082,Sell
2023-09-18,IREN,-0.16666666666666666,Sell
2023-09-18,TQQQ,-0.001683113770257788,Sell
2023-09-18,PRAX,0.1715947268208344,Buy
2023-09-19,DRUG,0.17332442079735078,Buy
2023-09-19,TARS,-0.16666666666666666,Sell
2023-09-19,PI,-0.16789160762760974,Sell
2023-09-19,NUTX,0.16666666666666666,Buy
2023-09-19,AAOI,-0.004435107858611204,Sell
2023-09-19,INOD,-0.16396119929664563,Sell
2023-09-19,FCAP,0.16666666666666666,Buy
2023-09-19,IREN,0.15893504991542987,Buy
2023-09-19,TQQQ,0.001397786639186882,Buy
2023-09-19,PTCT,-0.16666666666666666,Sell
2023-09-20,TARS,0.16613497957443127,Buy
2023-09-20,USLM,0.16666666666666666,Buy
2023-09-20,NUTX,-0.16623974855803797,Sell
2023-09-20,AAOI,0.005446164350874166,Buy
2023-09-20,FCAP,-0.16698458099013322,Sell
2023-09-20,IREN,0.16666666666666666,Buy
2023-09-20,TQQQ,0.005363053764843556,Buy
2023-09-20,DAVE,-0.16666666666666666,Sell
2023-09-20,PRAX,-0.16666666666666666,Sell
2023-09-20,PTCT,0.16762971025135145,Buy
2023-09-21,USLM,-0.17101850978667232,Sell
2023-09-21,AAOI,-0.005327464305497659,Sell
2023-09-21,INOD,-0.16666666666666666,Sell
2023-09-21,FCAP,0.16666666666666666,Buy
2023-09-21,IREN,0.010319324358091991,Buy
2023-09-21,TQQQ,0.0058547050183633265,Buy
2023-09-21,DAVE,0.014706243735013946,Buy
2023-09-21,PRAX,0.16826533170322344,Buy
2023-09-22,VSAT,0.16666666666666666,Buy
2023-09-22,BLTE,-0.16666666666666666,Sell
2023-09-22,AAOI,0.003937662368995565,Buy
2023-09-22,INOD,0.1643043317862992,Buy
2023-09-22,SHOP,0.16666666666666666,Buy
2023-09-22,FCAP,-0.3377507621542738,Sell
2023-09-22,IREN,-0.1645075045296483,Sell
2023-09-22,TQQQ,0.0007308824420400872,Buy
2023-09-22,DAVE,0.16121888598669082,Buy
2023-09-25,VSAT,0.00926991774522809,Buy
2023-09-25,BLTE,0.1654336721469599,Buy
2023-09-25,AAOI,-0.0033213532089488296,Sell
2023-09-25,INOD,-0.16666666666666666,Sell
2023-09-25,SHOP,-0.1682202875688779,Sell
2023-09-25,AFRM,-0.16666666666666666,Sell
2023-09-25,FCAP,0.3319233561079452,Buy
2023-09-25,TQQQ,-0.002182155406001446,Sell
2023-09-26,VSAT,0.0046307005253604094,Buy
2023-09-26,APGE,-0.16666666666666666,Sell
2023-09-26,AAOI,0.009709005893589528,Buy
2023-09-26,INOD,0.17028380970033383,Buy
2023-09-26,AFRM,0.167259115364911,Buy
2023-09-26,FCAP,-0.1706731185694504,Sell
2023-09-26,IREN,0.16666666666666666,Buy
2023-09-26,TQQQ,0.004378949571859553,Buy
2023-09-26,PRAX,-0.16666666666666666,Sell
2023-09-27,DRUG,0.16666666666666666,Buy
2023-09-27,VSAT,0.0008034583759447267,Buy
2023-09-27,APGE,0.008048897262290522,Buy
2023-09-27,AAOI,0.011880803855128103,Buy
2023-09-27,INOD,-0.16666666666666666,Sell
2023-09-27,IREN,-0.17172060604538575,Sell
2023-09-27,TQQQ,-0.0037065771851512164,Sell
2023-09-27,PRAX,0.17048640764749118,Buy
2023-09-28,DRUG,-0.1717472835756,Sell
2023-09-28,IRTC,-0.16666666666666666,Sell
2023-09-28,VSAT,-0.1696829532621262,Sell
2023-09-28,APGE,0.1583972720568662,Buy
2023-09-28,AAOI,0.00953717193137335,Buy
2023-09-28,INOD,0.16123699240722522,Buy
2023-09-28,SLGL,0.16666666666666666,Buy
2023-09-28,GH,-0.16666666666666666,Sell
2023-09-28,FCAP,0.16666666666666666,Buy
2023-09-28,TQQQ,-0.0016840179818442547,Sell
2023-09-29,DRUG,0.16666666666666666,Buy
2023-09-29,IRTC,0.16239640095166444,Buy
2023-09-29,TARS,-0.16666666666666666,Sell
2023-09-29,GPCR,-0.16666666666666666,Sell
2023-09-29,NEGG,-0.16666666666666666,Sell
2023-09-29,AAOI,0.16478094270944035,Buy
2023-09-29,SLGL,0.0070115480437487054,Buy
2023-09-29,GH,0.16321917537564845,Buy
2023-09-29,FCAP,-0.17197727082700978,Sell
2023-09-29,TQQQ,0.0007620668902096339,Buy
2023-10-02,DRUG,-0.16081888724418236,Sell
2023-10-02,TARS,0.16613935279224515,Buy
2023-10-02,PI,0.16666666666666666,Buy
2023-10-02,GPCR,0.023365470811085337,Buy
2023-10-02,NEGG,0.1553420910973011,Buy
2023-10-02,AAOI,-0.16666666666666666,Sell
2023-10-02,INOD,-0.16666666666666666,Sell
2023-10-02,SLGL,0.0046534352396479794,Buy
2023-10-02,TQQQ,-0.006655982855219539,Sell
2023-10-03,PI,0.009364143578035222,Buy
2023-10-03,GPCR,0.0077867257165547266,Buy
2023-10-03,KYMR,-0.16666666666666666,Sell
2023-10-03,AAOI,0.1534056898230407,Buy
2023-10-03,INOD,0.14765436009619196,Buy
2023-10-03,SLGL,0.012026044343044856,Buy
2023-10-03,IREN,0.16666666666666666,Buy
2023-10-03,TQQQ,-0.15866175732394427,Sell
2023-10-03,PRAX,-0.16666666666666666,Sell
2023-10-04,PI,-0.16907459251192897,Sell
2023-10-04,GPCR,0.150751337858071,Buy
2023-10-04,ROOT,-0.16666666666666666,Sell
2023-10-04,NUVL,-0.16666666666666666,Sell
2023-10-04,KYMR,0.1613538770149767,Buy
2023-10-04,SLGL,0.0038430695250308844,Buy
2023-10-04,WGS,0.16666666666666666,Buy
2023-10-04,IREN,-0.16633056358171786,Sell
2023-10-04,TQQQ,0.16666666666666666,Buy
2023-10-04,VSEC,-0.16666666666666666,Sell
2023-10-04,PRAX,0.16282359714163577,Buy
2023-10-05,VSAT,0.16666666666666666,Buy
2023-10-05,RVMD,-0.16666666666666666,Sell
2023-10-05,ROOT,0.1759672879445122,Buy
2023-10-05,NUVL,0.02258849237802696,Buy
2023-10-05,AAOI,-0.16666666666666666,Sell
2023-10-05,SLGL,0.00922569108266627,Buy
2023-10-05,WGS,-0.16492893036732426,Sell
2023-10-05,TQQQ,-0.00588553512067258,Sell
2023-10-05,VSEC,0.17564559924379053,Buy
2023-10-06,VSAT,-0.16445035823481,Sell
2023-10-06,OMAB,-0.16666666666666666,Sell
2023-10-06,RVMD,0.16249324415084404,Buy
2023-10-06,CYTK,-0.16666666666666666,Sell
2023-10-06,ROOT,-0.16666666666666666,Sell
2023-10-06,NUVL,0.16946283739326343,Buy
2023-10-06,AAOI,0.1632019453198504,Buy
2023-10-06,SLGL,-0.008602594183488854,Sell
2023-10-06,TQQQ,-0.005505583790751917,Sell
2023-10-06,PTCT,0.16666666666666666,Buy
2023-10-09,NYAX,0.16666666666666666,Buy
2023-10-09,OMAB,0.003713691540804004,Buy
2023-10-09,CYTK,0.00900247854046568,Buy
2023-10-09,ROOT,0.1742045607939519,Buy
2023-10-09,AAOI,0.16666666666666666,Buy
2023-10-09,SLGL,-0.16347360686136472,Sell
2023-10-09,AFRM,-0.16666666666666666,Sell
2023-10-09,TQQQ,-0.0054038059272488725,Sell
2023-10-09,PTCT,-0.16761071379188835,Sell
2023-10-10,NYAX,-0.18038565540448717,Sell
2023-10-10,OMAB,0.019212499159038277,Buy
2023-10-10,CYTK,0.022403261397325264,Buy
2023-10-10,KYMR,0.16666666666666666,Buy
2023-10-10,AAOI,-0.16904916888917873,Sell
2023-10-10,AFRM,0.013539330206101513,Buy
2023-10-10,IREN,0.16666666666666666,Buy
2023-10-10,TQQQ,-0.008026884655836286,Sell
2023-10-11,VSAT,0.16666666666666666,Buy
2023-10-11,OMAB,0.16368519705111959,Buy
2023-10-11,CYTK,0.0065671472912510465,Buy
2023-10-11,ROOT,-0.16666666666666666,Sell
2023-10-11,KYMR,-0.16356005015547956,Sell
2023-10-11,AFRM,0.005030532590907244,Buy
2023-10-11,IREN,0.0012063608884810006,Buy
2023-10-11,TQQQ,-0.0049398239085843565,Sell
2023-10-12,VSAT,-0.17315154013286924,Sell
2023-10-12,CYTK,0.1496213555933266,Buy
2023-10-12,GPCR,-0.16666666666666666,Sell
2023-10-12,ROOT,0.15537259735606795,Buy
2023-10-12,KYMR,0.16666666666666666,Buy
2023-10-12,SLGL,-0.16666666666666666,Sell
2023-10-12,AFRM,0.1488487782685284,Buy
2023-10-12,IREN,-0.15508931684128976,Sell
2023-10-12,TQQQ,0.007457567076869315,Buy
2023-10-12,PRAX,-0.16666666666666666,Sell
2023-10-12,ESTA,0.16666666666666666,Buy
2023-10-13,NTRA,-0.16666666666666666,Sell
2023-10-13,RVMD,-0.16666666666666666,Sell
2023-10-13,TARS,0.16666666666666666,Buy
2023-10-13,GPCR,0.1647898760597607,Buy
2023-10-13,KYMR,-0.16737671673343002,Sell
2023-10-13,SLGL,0.16989864405593666,Buy
2023-10-13,AFRM,0.16666666666666666,Buy
2023-10-13,TQQQ,0.007278522857941644,Buy
2023-10-13,PRAX,0.15644833287202004,Buy
2023-10-13,KARO,-0.16666666666666666,Sell
2023-10-13,ESTA,-0.1708681470300616,Sell
2023-10-16,NTRA,0.00461297922997142,Buy
2023-10-16,RVMD,0.025075031335147463,Buy
2023-10-16,TARS,-0.1816799311174939,Sell
2023-10-16,NEGG,0.16666666666666666,Buy
2023-10-16,AFRM,-0.1763004563618096,Sell
2023-10-16,TQQQ,-0.007077591063130023,Sell
2023-10-16,PRAX,0.16666666666666666,Buy
2023-10-16,KARO,0.17678067292631525,Buy
2023-10-16,ESTA,-0.16666666666666666,Sell
2023-10-17,NTRA,0.1634875359797754,Buy
2023-10-17,VSAT,-0.16666666666666666,Sell
2023-10-17,RVMD,0.15324111753884745,Buy
2023-10-17,KYMR,0.16666666666666666,Buy
2023-10-17,NEGG,-0.1735112082400052,Sell
2023-10-17,CELH,-0.16666666666666666,Sell
2023-10-17,SLGL,0.16666666666666666,Buy
2023-10-17,AFRM,-0.16666666666666666,Sell
2023-10-17,TQQQ,0.005391088703151026,Buy
2023-10-17,PRAX,-0.17110247299847917,Sell
2023-10-17,ESTA,0.1659004421559759,Buy
2023-10-18,SMTC,0.16666666666666666,Buy
2023-10-18,VSAT,-0.00010986927149170267,Sell
2023-10-18,KYMR,-0.16254387315993024,Sell
2023-10-18,CELC,-0.16666666666666666,Sell
2023-10-18,CELH,0.16567937441256156,Buy
2023-10-18,SLGL,-0.16198114024462376,Sell
2023-10-18,SYM,-0.16666666666666666,Sell
2023-10-18,AFRM,0.15774931799722286,Buy
2023-10-18,TQQQ,0.006187630164190938,Buy
2023-10-18,ESTA,0.16666666666666666,Buy
2023-10-19,SMTC,0.025114119903233756,Buy
2023-10-19,VSAT,0.009786826643795488,Buy
2023-10-19,CELC,0.015796094975154967,Buy
2023-10-19,VEON,-0.16666666666666666,Sell
2023-10-19,SYM,0.1788821442525218,Buy
2023-10-19,TQQQ,-0.00507244627152853,Sell
2023-10-19,ESTA,0.000531266166948291,Buy
2023-10-20,SMTC,-0.17402765548801166,Sell
2023-10-20,VSAT,0.16597093997182982,Buy
2023-10-20,CELC,0.1679721040484837,Buy
2023-10-20,NEGG,0.16666666666666666,Buy
2023-10-20,CELH,0.16666666666666666,Buy
2023-10-20,VEON,0.010384699104181883,Buy
2023-10-20,XPEL,-0.16666666666666666,Sell
2023-10-20,TQQQ,0.00562689309451056,Buy
2023-10-20,NVEC,-0.16666666666666666,Sell
2023-10-20,ESTA,-0.16415650957768205,Sell
2023-10-23,RVMD,0.16666666666666666,Buy
2023-10-23,NEGG,-0.15564171793345274,Sell
2023-10-23,HUT,-0.16666666666666666,Sell
2023-10-23,AAOI,-0.16666666666666666,Sell
2023-10-23,CELH,-0.1684863908300894,Sell
2023-10-23,VEON,0.0012811880889051774,Buy
2023-10-23,XPEL,0.15985257827802615,Buy
2023-10-23,TQQQ,-0.0013630630796545307,Sell
2023-10-23,PRAX,0.16666666666666666,Buy
2023-10-23,NVEC,0.16340259319491868,Buy
2023-10-24,SMTC,-0.16666666666666666,Sell
2023-10-24,RVMD,-0.3558188035256383,Sell
2023-10-24,BIDU,-0.16666666666666666,Sell
2023-10-24,HUT,0.17926104372218035,Buy
2023-10-24,AAOI,0.1713904769522197,Buy
2023-10-24,VEON,0.1641984940329113,Buy
2023-10-24,TQQQ,-0.003162797854537991,Sell
2023-10-24,PRAX,0.001496004923073918,Buy
2023-10-24,ESTA,0.16666666666666666,Buy
2023-10-25,SMTC,0.15944854656559293,Buy
2023-10-25,RVMD,0.15993277654357227,Buy
2023-10-25,TARK,0.16666666666666666,Buy
2023-10-25,BIDU,0.16280371449525813,Buy
2023-10-25,VICR,0.16666666666666666,Buy
2023-10-25,NUVL,-0.16666666666666666,Sell
2023-10-25,HUT,-0.16666666666666666,Sell
2023-10-25,TQQQ,-0.15569952693711556,Sell
2023-10-25,PRAX,-0.1620051712265366,Sell
2023-10-25,BKCH,-0.16666666666666666,Sell
2023-10-25,ESTA,0.009871816903693903,Buy
2023-10-26,ALGN,0.16666666666666666,Buy
2023-10-26,TARK,-0.1609636811505429,Sell
2023-10-26,BELFB,-0.16666666666666666,Sell
2023-10-26,VICR,-0.16944244950999932,Sell
2023-10-26,NUVL,0.16930702980785803,Buy
2023-10-26,HUT,-0.007482579846833343,Sell
2023-10-26,AFRM,-0.16666666666666666,Sell
2023-10-26,HAS,0.16666666666666666,Buy
2023-10-26,BKCH,0.15790417364462317,Buy
2023-10-26,ESTA,0.004269360893208091,Buy
2023-10-27,ALGN,-0.16675382388676796,Sell
2023-10-27,TARK,0.16666666666666666,Buy
2023-10-27,BELFB,0.007740023694132486,Buy
2023-10-27,VICR,-0.16666666666666666,Sell
2023-10-27,BELFA,-0.16666666666666666,Sell
2023-10-27,SNY,0.16666666666666666,Buy
2023-10-27,HUT,0.15964459219477106,Buy
2023-10-27,AFRM,0.16174074150288112,Buy
2023-10-27,HAS,-0.15771721703388955,Sell
2023-10-27,PTCT,0.16666666666666666,Buy
2023-10-27,ESTA,-0.17312277865807904,Sell
2023-10-30,SMTC,0.16666666666666666,Buy
2023-10-30,ITIC,-0.16666666666666666,Sell
2023-10-30,TARK,-0.16799039023453663,Sell
2023-10-30,BELFB,0.005782837711032496,Buy
2023-10-30,VICR,0.1635278820041029,Buy
2023-10-30,ON,0.16666666666666666,Buy
2023-10-30,BELFA,0.17219871725671343,Buy
2023-10-30,SNY,-0.3398261912049512,Sell
2023-10-30,TQQQ,0.16666666666666666,Buy
2023-10-30,PTCT,-0.16855037777528414,Sell
2023-10-31,SMTC,-0.17163554815926954,Sell
2023-10-31,ITIC,0.00527189754619109,Buy
2023-10-31,BELFB,0.17151320902159156,Buy
2023-10-31,ON,-0.16136074701045036,Sell
2023-10-31,SNY,0.16977924017889612,Buy
2023-10-31,RGEN,-0.16666666666666666,Sell
2023-10-31,WGS,0.16666666666666666,Buy
2023-10-31,LSCC,0.16666666666666666,Buy
2023-10-31,HAS,-0.16666666666666666,Sell
2023-10-31,TQQQ,-0.17076435845050472,Sell
2023-10-31,ESTA,0.16666666666666666,Buy
2023-11-01,SMTC,0.16666666666666666,Buy
2023-11-01,ITIC,0.1670211988261772,Buy
2023-11-01,TREE,-0.16666666666666666,Sell
2023-11-01,ASTE,0.16666666666666666,Buy
2023-11-01,SNY,-0.16666666666666666,Sell
2023-11-01,APGE,-0.16666666666666666,Sell
2023-11-01,RGEN,0.16123374934316234,Buy
2023-11-01,WGS,-0.16681041939883623,Sell
2023-11-01,LSCC,-0.16206810541271988,Sell
2023-11-01,HAS,0.16825245425680657,Buy
2023-11-01,PRAX,0.16666666666666666,Buy
2023-11-01,ESTA,-0.17783062062951552,Sell
2023-11-02,SMTC,-0.17771976229639333,Sell
2023-11-02,TARK,-0.16666666666666666,Sell
2023-11-02,ROKU,-0.16666666666666666,Sell
2023-11-02,PLPC,0.16666666666666666,Buy
2023-11-02,TREE,0.1758442639053611,Buy
2023-11-02,ASTE,-0.1600632558290944,Sell
2023-11-02,SNY,0.16790814947066832,Buy
2023-11-02,APGE,0.1734150779932418,Buy
2023-11-02,AAOI,-0.16666666666666666,Sell
2023-11-02,OMCL,0.16666666666666666,Buy
2023-11-02,TQQQ,0.16666666666666666,Buy
2023-11-02,PRAX,-0.17633706841248845,Sell
2023-11-03,TARK,0.19054803790163513,Buy
2023-11-03,ROKU,0.1863753583359082,Buy
2023-11-03,PCTY,0.16666666666666666,Buy
2023-11-03,PLPC,-0.34755302885503836,Sell
2023-11-03,RGEN,-0.16666666666666666,Sell
2023-11-03,AAOI,0.022999948502087864,Buy
2023-11-03,OMCL,-0.17868537165629458,Sell
2023-11-03,WGS,0.16666666666666666,Buy
2023-11-03,TQQQ,-0.01102699451990849,Sell
2023-11-06,CRAI,-0.16666666666666666,Sell
2023-11-06,PCTY,-0.16535069367102956,Sell
2023-11-06,PLPC,0.16913224003731936,Buy
2023-11-06,RGEN,0.16206140471000596,Buy
2023-11-06,AAOI,0.006543757309039999,Buy
2023-11-06,ECPG,-0.16666666666666666,Sell
2023-11-06,WGS,0.014130544458724026,Buy
2023-11-06,TQQQ,-0.004548124168825302,Sell
2023-11-06,PRAX,0.16666666666666666,Buy
2023-11-07,CRAI,0.16796852803718085,Buy
2023-11-07,RVMD,0.16666666666666666,Buy
2023-11-07,TARK,-0.16666666666666666,Sell
2023-11-07,PCTY,-0.16666666666666666,Sell
2023-11-07,PXI,0.16666666666666666,Buy
2023-11-07,AAOI,0.1695473432745472,Buy
2023-11-07,ECPG,0.1656660183916536,Buy
2023-11-07,WGS,0.00763842275968854,Buy
2023-11-07,TMDX,-0.16666666666666666,Sell
2023-11-07,TQQQ,-0.17079501951618342,Sell
2023-11-07,PRAX,-0.1769012190905383,Sell
2023-11-08,RVMD,-0.16675055097497096,Sell
2023-11-08,NOVT,-0.16666666666666666,Sell
2023-11-08,TARK,0.16480873660703432,Buy
2023-11-08,PCTY,0.171894068054593,Buy
2023-11-08,MNPR,-0.16666666666666666,Sell
2023-11-08,PXI,-0.16834175066956936,Sell
2023-11-08,APGE,0.16666666666666666,Buy
2023-11-08,SYM,0.16666666666666666,Buy
2023-11-08,ACMR,-0.16666666666666666,Sell
2023-11-08,WGS,0.00932964436283168,Buy
2023-11-08,TMDX,0.17044424666451927,Buy
2023-11-09,XMTR,-0.16666666666666666,Sell
2023-11-09,RVMD,0.16666666666666666,Buy
2023-11-09,DUOL,-0.16666666666666666,Sell
2023-11-09,NOVT,0.1621742429127298,Buy
2023-11-09,MNPR,0.1597476211164065,Buy
2023-11-09,APGE,-0.1619940720140546,Sell
2023-11-09,SYM,0.008697739065502808,Buy
2023-11-09,ACMR,0.15193130527955143,Buy
2023-11-09,WGS,-0.16586809212418313,Sell
2023-11-09,AFRM,-0.16666666666666666,Sell
2023-11-09,ESTA,0.16666666666666666,Buy
2023-11-10,XMTR,0.16413533916755357,Buy
2023-11-10,RVMD,-0.16423286833884296,Sell
2023-11-10,DUOL,0.1738083718013453,Buy
2023-11-10,KYMR,-0.16666666666666666,Sell
2023-11-10,CRSP,-0.16666666666666666,Sell
2023-11-10,SYM,0.0016907999295572296,Buy
2023-11-10,ACMR,-0.16666666666666666,Sell
2023-11-10,WGS,0.16666666666666666,Buy
2023-11-10,AFRM,0.1505101197986178,Buy
2023-11-10,ESTA,0.007905929036952447,Buy
2023-11-13,MNPR,0.16666666666666666,Buy
2023-11-13,KYMR,0.004518228992034634,Buy
2023-11-13,CRSP,0.16233872890232526,Buy
2023-11-13,SYM,-0.17539321639116728,Sell
2023-11-13,ACMR,0.0012102070049601066,Buy
2023-11-13,WGS,0.004658000481616575,Buy
2023-11-13,TMDX,-0.16666666666666666,Sell
2023-11-13,PRAX,0.16666666666666666,Buy
2023-11-13,ESTA,-0.16876001962740209,Sell
2023-11-14,DIOD,-0.16666666666666666,Sell
2023-11-14,MNPR,-0.013029261438174289,Sell
2023-11-14,KYMR,0.031078435273245525,Buy
2023-11-14,ACMR,0.010315114732596081,Buy
2023-11-14,WGS,-0.008399007371160866,Sell
2023-11-14,TMDX,0.18571651278478393,Buy
2023-11-14,TQQQ,0.16666666666666666,Buy
2023-11-14,PRAX,-0.180360907148576,Sell
2023-11-15,DIOD,0.17317866387241695,Buy
2023-11-15,NOVT,-0.16666666666666666,Sell
2023-11-15,MNPR,-0.17184970153712176,Sell
2023-11-15,KYMR,0.008971072098510141,Buy
2023-11-15,NEGG,-0.16666666666666666,Sell
2023-11-15,ACMR,0.17203143112673192,Buy
2023-11-15,WGS,-0.0042418915468630525,Sell
2023-11-15,TQQQ,-0.0020623924301503282,Sell
2023-11-15,ESTA,0.16666666666666666,Buy
2023-11-16,SPRB,-0.16666666666666666,Sell
2023-11-16,NOVT,0.1560974008450097,Buy
2023-11-16,KYMR,-0.006801831918753859,Sell
2023-11-16,NEGG,0.15094044680829202,Buy
2023-11-16,KRUS,-0.16666666666666666,Sell
2023-11-16,APGE,0.16666666666666666,Buy
2023-11-16,HUT,0.16666666666666666,Buy
2023-11-16,WGS,-0.18298076586870501,Sell
2023-11-16,TQQQ,0.0058306949204380565,Buy
2023-11-16,ESTA,-0.15988489595737718,Sell
2023-11-17,SPRB,0.16868782168142885,Buy
2023-11-17,GPCR,-0.16666666666666666,Sell
2023-11-17,MNPR,0.16666666666666666,Buy
2023-11-17,KYMR,0.013973301911630764,Buy
2023-11-17,NEGG,-0.16666666666666666,Sell
2023-11-17,KRUS,0.17584156702942685,Buy
2023-11-17,APGE,-0.18227962730453404,Sell
2023-11-17,HUT,-0.17103910202814634,Sell
2023-11-17,TQQQ,-0.0008881068464554609,Sell
2023-11-17,ESTA,0.16666666666666666,Buy
2023-11-20,GPCR,0.16386045873244365,Buy
2023-11-20,MNPR,0.007899072702342719,Buy
2023-11-20,KYMR,0.01052809521619405,Buy
2023-11-20,CRSP,-0.16666666666666666,Sell
2023-11-20,NEGG,0.14173716115178028,Buy
2023-11-20,WGS,0.16666666666666666,Buy
2023-11-20,TQQQ,-0.004024608615691455,Sell
2023-11-20,PRAX,-0.16666666666666666,Sell
2023-11-20,ESTA,-0.16481064519157337,Sell
2023-11-21,SPRB,-0.16666666666666666,Sell
2023-11-21,MNPR,0.004504230456213287,Buy
2023-11-21,KYMR,0.1441869583882406,Buy
2023-11-21,CRSP,0.1487178619613985,Buy
2023-11-21,NEGG,-0.16666666666666666,Sell
2023-11-21,SYM,-0.16666666666666666,Sell
2023-11-21,WGS,-0.16000712734962272,Sell
2023-11-21,TQQQ,0.010681193532697392,Buy
2023-11-21,PRAX,0.3048656103121493,Buy
2023-11-22,SPRB,0.16430220378461888,Buy
2023-11-22,MNPR,-0.17336502709839377,Sell
2023-11-22,NEGG,0.006199648241157513,Buy
2023-11-22,PVLA,0.16666666666666666,Buy
2023-11-22,SYM,0.004500479811042818,Buy
2023-11-22,TQQQ,-0.0007668785395405775,Sell
2023-11-22,PRAX,-0.34145794293021137,Sell
2023-11-22,ESTA,0.16666666666666666,Buy
2023-11-24,MNPR,0.16666666666666666,Buy
2023-11-24,NEGG,0.17149475179426013,Buy
2023-11-24,ASTS,-0.16666666666666666,Sell
2023-11-24,PVLA,-0.17515206588883514,Sell
2023-11-24,SYM,0.15869276133053492,Buy
2023-11-24,IREN,-0.16666666666666666,Sell
2023-11-24,TQQQ,0.00129938405543506,Buy
2023-11-24,PRAX,0.006877694567010678,Buy
2023-11-24,ESTA,0.00034361186054199244,Buy
2023-11-27,MNPR,0.0022292941864160976,Buy
2023-11-27,NEGG,-0.16666666666666666,Sell
2023-11-27,ASTS,0.16942031847267686,Buy
2023-11-27,SYM,-0.16666666666666666,Sell
2023-11-27,IREN,0.018253480049878035,Buy
2023-11-27,TQQQ,-0.005094174889881259,Sell
2023-11-27,PRAX,0.17664739229698528,Buy
2023-11-27,ESTA,0.005221335712313896,Buy
2023-11-28,MNPR,-0.171363797209251,Sell
2023-11-28,NEGG,0.030661343241416422,Buy
2023-11-28,PVLA,0.16666666666666666,Buy
2023-11-28,SYM,0.15843568270657846,Buy
2023-11-28,AFRM,-0.16666666666666666,Sell
2023-11-28,IREN,0.03040169743605664,Buy
2023-11-28,TQQQ,-0.006058717599583263,Sell
2023-11-28,ESTA,-0.014075979000385513,Sell
2023-11-29,MNPR,0.16666666666666666,Buy
2023-11-29,NEGG,0.0509810911189377,Buy
2023-11-29,ASTS,-0.16666666666666666,Sell
2023-11-29,PVLA,-0.17500243124700593,Sell
2023-11-29,AFRM,0.18596959721160963,Buy
2023-11-29,IREN,0.031034028135877245,Buy
2023-11-29,TQQQ,-0.011192556477422705,Sell
2023-11-29,ESTA,-0.010974166807701968,Sell
2023-11-30,XMTR,-0.16666666666666666,Sell
2023-11-30,GPCR,-0.16666666666666666,Sell
2023-11-30,MNPR,0.010430954052173425,Buy
2023-11-30,NEGG,0.14894910669840075,Buy
2023-11-30,ASTS,0.15875234441906635,Buy
2023-11-30,IREN,0.0008754159666563011,Buy
2023-11-30,TQQQ,0.0037240638349891886,Buy
2023-11-30,ESTA,-0.0036941858599747746,Sell
2023-12-01,XMTR,0.17735836654431475,Buy
2023-12-01,GPCR,0.1812027917180586,Buy
2023-12-01,MNPR,-0.19276599090428348,Sell
2023-12-01,NEGG,-0.16666666666666666,Sell
2023-12-01,SYM,-0.16666666666666666,Sell
2023-12-01,IREN,0.024530983422784258,Buy
2023-12-01,PSIX,0.16666666666666666,Buy
2023-12-01,TQQQ,-0.0041624822837479925,Sell
2023-12-01,ESTA,-0.0032621015082729132,Sell
2023-12-04,ARWR,-0.16666666666666666,Sell
2023-12-04,GPCR,-0.16666666666666666,Sell
2023-12-04,ROOT,-0.16666666666666666,Sell
2023-12-04,MNPR,0.16666666666666666,Buy
2023-12-04,NTES,0.16666666666666666,Buy
2023-12-04,NEGG,0.13258362860624925,Buy
2023-12-04,SYM,0.15826582058014094,Buy
2023-12-04,IREN,0.15574989453853938,Buy
2023-12-04,PSIX,-0.16376989151980695,Sell
2023-12-04,TQQQ,0.010008904361729937,Buy
2023-12-04,ESTA,-0.15893156726179328,Sell
2023-12-05,ARWR,0.1520354887394337,Buy
2023-12-05,GPCR,0.155037962759475,Buy
2023-12-05,ROOT,0.15517272611655714,Buy
2023-12-05,MNPR,-0.16957123709391447,Sell
2023-12-05,NTES,-0.15951733940905358,Sell
2023-12-05,NEGG,0.16666666666666666,Buy
2023-12-05,APGE,-0.16666666666666666,Sell
2023-12-05,HUT,-0.16666666666666666,Sell
2023-12-05,IREN,-0.16666666666666666,Sell
2023-12-05,TQQQ,0.0037309998325400218,Buy
2023-12-05,ESTA,0.16666666666666666,Buy
2023-12-06,BABX,0.16666666666666666,Buy
2023-12-06,NEGG,-0.15955823736922647,Sell
2023-12-06,ASTS,-0.16666666666666666,Sell
2023-12-06,APGE,0.1687415385621819,Buy
2023-12-06,HUT,0.147350192764949,Buy
2023-12-06,DNTH,-0.16666666666666666,Sell
2023-12-06,IREN,-0.005296449048529911,Sell
2023-12-06,TQQQ,0.0034704349975907267,Buy
2023-12-06,ESTA,0.008462661735210486,Buy
2023-12-07,BABX,-0.17130703873438907,Sell
2023-12-07,ASTS,0.16806447764079863,Buy
2023-12-07,AAOI,-0.16666666666666666,Sell
2023-12-07,DNTH,0.003969242088816549,Buy
2023-12-07,WGS,0.16666666666666666,Buy
2023-12-07,IREN,0.013804384168409484,Buy
2023-12-07,TQQQ,-0.008090734997093924,Sell
2023-12-07,ESTA,-0.0002766810796626662,Sell
2023-12-08,MNPR,-0.16666666666666666,Sell
2023-12-08,AAOI,0.017707737130491258,Buy
2023-12-08,DNTH,0.1478195984189533,Buy
2023-12-08,WGS,-0.1768638196344561,Sell
2023-12-08,IREN,0.16506357559117626,Buy
2023-12-08,PSIX,0.16666666666666666,Buy
2023-12-08,TQQQ,-8.471198374374045e-05,Sell
2023-12-08,SITM,-0.16666666666666666,Sell
2023-12-08,ESTA,0.0015312817550180158,Buy
2023-12-11,SPRB,-0.16666666666666666,Sell
2023-12-11,MNPR,0.15456764483981805,Buy
2023-12-11,AAOI,-0.012243429218685736,Sell
2023-12-11,INOD,-0.16666666666666666,Sell
2023-12-11,PVLA,0.16666666666666666,Buy
2023-12-11,PSIX,0.014216077160337043,Buy
2023-12-11,TQQQ,-0.0019215894539084122,Sell
2023-12-11,SITM,0.16066999360293507,Buy
2023-12-11,ESTA,-0.16242584771434346,Sell
2023-12-12,SPRB,0.012703801444301749,Buy
2023-12-12,MNPR,0.16666666666666666,Buy
2023-12-12,NEGG,-0.16666666666666666,Sell
2023-12-12,AAOI,0.16930297341528955,Buy
2023-12-12,INOD,0.16711454242483362,Buy
2023-12-12,PVLA,0.007672919838274811,Buy
2023-12-12,IREN,-0.16666666666666666,Sell
2023-12-12,PSIX,-0.16912072707605594,Sell
2023-12-12,TQQQ,-0.0065376954104070795,Sell
2023-12-13,SPRB,0.17140406108640255,Buy
2023-12-13,MNPR,-0.17562143517709428,Sell
2023-12-13,NEGG,0.17666324184900062,Buy
2023-12-13,AAOI,-0.16666666666666666,Sell
2023-12-13,PVLA,0.01294387272846112,Buy
2023-12-13,SLGL,0.16666666666666666,Buy
2023-12-13,IREN,0.0271455870276133,Buy
2023-12-13,PSIX,-0.16666666666666666,Sell
2023-12-13,TQQQ,-0.011800784906312256,Sell
2023-12-14,ARWR,-0.16666666666666666,Sell
2023-12-14,HUT,-0.16666666666666666,Sell
2023-12-14,AAOI,0.008023276186328449,Buy
2023-12-14,PVLA,-0.1861293288834448,Sell
2023-12-14,SLGL,-0.17702517494468276,Sell
2023-12-14,DNTH,0.16666666666666666,Buy
2023-12-14,IREN,0.16511342359441322,Buy
2023-12-14,PSIX,0.1628631575726209,Buy
2023-12-14,TQQQ,0.004070833626460102,Buy
2023-12-14,PRAX,0.16666666666666666,Buy
2023-12-15,ARWR,0.17105770672216314,Buy
2023-12-15,HUT,0.0202330195715881,Buy
2023-12-15,AAOI,0.1602513436053851,Buy
2023-12-15,SLGL,0.16666666666666666,Buy
2023-12-15,DNTH,0.008312347598163045,Buy
2023-12-15,WGS,-0.16666666666666666,Sell
2023-12-15,IREN,-0.16666666666666666,Sell
2023-12-15,TQQQ,-0.006429965012999028,Sell
2023-12-15,PRAX,-0.16076304132507654,Sell
2023-12-18,LNTH,0.16666666666666666,Buy
2023-12-18,HUT,0.021711972756655762,Buy
2023-12-18,SLGL,-0.18073609420514972,Sell
2023-12-18,DNTH,0.015253322180755952,Buy
2023-12-18,SYM,-0.16666666666666666,Sell
2023-12-18,WGS,0.12316829534079288,Buy
2023-12-18,IREN,-0.0042748473766970885,Sell
2023-12-18,TQQQ,0.0006016292856240446,Buy
2023-12-19,LNTH,-0.1742497093258353,Sell
2023-12-19,SEZL,-0.16666666666666666,Sell
2023-12-19,NEGG,-0.16666666666666666,Sell
2023-12-19,HUT,0.16095633847680824,Buy
2023-12-19,PVLA,0.16666666666666666,Buy
2023-12-19,DNTH,0.00034558407035414906,Buy
2023-12-19,SYM,0.15993827323360674,Buy
2023-12-19,WGS,-0.16666666666666666,Sell
2023-12-19,IREN,0.15420591473755696,Buy
2023-12-19,TQQQ,0.002498937642673088,Buy
2023-12-20,GPCR,0.16666666666666666,Buy
2023-12-20,MNPR,-0.16666666666666666,Sell
2023-12-20,SEZL,0.14892400737787032,Buy
2023-12-20,NEGG,0.15681548254259772,Buy
2023-12-20,HUT,-0.16666666666666666,Sell
2023-12-20,INOD,0.16666666666666666,Buy
2023-12-20,PVLA,-0.1611437261041886,Sell
2023-12-20,DNTH,-0.18280032922441417,Sell
2023-12-20,WGS,0.028924802639992503,Buy
2023-12-20,TQQQ,0.007617572199460437,Buy
2023-12-21,GPCR,-0.0028129045385343054,Sell
2023-12-21,MNPR,0.16776716292888705,Buy
2023-12-21,HUT,0.01586959065293539,Buy
2023-12-21,INOD,-0.1755892525649805,Sell
2023-12-21,PVLA,0.16666666666666666,Buy
2023-12-21,DNTH,-0.16666666666666666,Sell
2023-12-21,WGS,0.18603883272737956,Buy
2023-12-21,IREN,-0.16666666666666666,Sell
2023-12-21,TQQQ,-0.008381255540739346,Sell
2023-12-22,GPCR,-0.19364885317586203,Sell
2023-12-22,SEZL,-0.16666666666666666,Sell
2023-12-22,HUT,0.20356126129697977,Buy
2023-12-22,INOD,0.16666666666666666,Buy
2023-12-22,PVLA,-0.18303169150746457,Sell
2023-12-22,ARGX,-0.16666666666666666,Sell
2023-12-22,DNTH,0.06809048680659843,Buy
2023-12-22,IREN,0.1956884174605835,Buy
2023-12-22,TQQQ,-0.013605786887203042,Sell
2023-12-22,PTCT,0.16666666666666666,Buy
2023-12-26,SPRB,-0.16666666666666666,Sell
2023-12-26,GPCR,0.16666666666666666,Buy
2023-12-26,SEZL,0.2926851109651271,Buy
2023-12-26,INOD,-0.16038111613892167,Sell
2023-12-26,ARGX,0.16386485987954114,Buy
2023-12-26,DNTH,-0.0054443849141176115,Sell
2023-12-26,WGS,-0.16666666666666666,Sell
2023-12-26,TQQQ,0.0033550518227040416,Buy
2023-12-26,PTCT,-0.16549285987253634,Sell
2023-12-27,SPRB,0.014721633337081846,Buy
2023-12-27,CYTK,-0.16666666666666666,Sell
2023-12-27,GPCR,-0.1696388476726463,Sell
2023-12-27,SEZL,0.0008460730190732457,Buy
2023-12-27,HUT,-0.16666666666666666,Sell
2023-12-27,XPEL,0.16666666666666666,Buy
2023-12-27,DNTH,0.15877660273069977,Buy
2023-12-27,WGS,0.15780324908850069,Buy
2023-12-27,TQQQ,-0.00020122007739656333,Sell
2023-12-28,SPRB,0.006942598947793699,Buy
2023-12-28,CYTK,0.1646853939802437,Buy
2023-12-28,GPCR,-0.16666666666666666,Sell
2023-12-28,SEZL,-0.0011715546760393825,Sell
2023-12-28,NEGG,-0.16666666666666666,Sell
2023-12-28,HUT,0.1469107785887577,Buy
2023-12-28,PVLA,0.16666666666666666,Buy
2023-12-28,XPEL,-0.16246409043571816,Sell
2023-12-28,TQQQ,0.0020019734250417698,Buy
2023-12-29,SPRB,0.005814642217613408,Buy
2023-12-29,GPCR,0.018404594552985598,Buy
2023-12-29,MNPR,0.16666666666666666,Buy
2023-12-29,SEZL,-0.1767289349113851,Sell
2023-12-29,NEGG,0.15430119019919625,Buy
2023-12-29,HUT,0.16666666666666666,Buy
2023-12-29,PVLA,-0.16328604564351828,Sell
2023-12-29,TQQQ,0.0012117408381311923,Buy
2023-12-29,PRAX,-0.16666666666666666,Sell
2024-01-02,SPRB,0.0005548661180881098,Buy
2024-01-02,GPCR,0.16402415096074924,Buy
2024-01-02,MNPR,-0.18013201604069579,Sell
2024-01-02,VICR,0.16666666666666666,Buy
2024-01-02,NEGG,-0.16666666666666666,Sell
2024-01-02,HUT,-0.15634458101112075,Sell
2024-01-02,DNTH,-0.16666666666666666,Sell
2024-01-02,IREN,0.16666666666666666,Buy
2024-01-02,TQQQ,0.009530546925958339,Buy
2024-01-02,PRAX,0.15527415966090796,Buy
2024-01-03,SPRB,-0.01069538206465978,Sell
2024-01-03,VICR,-0.16045069771871542,Sell
2024-01-03,NEGG,0.1530058344134228,Buy
2024-01-03,AAOI,0.16666666666666666,Buy
2024-01-03,DNTH,0.025485611505137645,Buy
2024-01-03,IREN,0.0040209861270536496,Buy
2024-01-03,TQQQ,0.002965963829867607,Buy
2024-01-03,PRAX,-0.16666666666666666,Sell
2024-01-04,SPRB,0.012537404320028533,Buy
2024-01-04,GPCR,-0.16666666666666666,Sell
2024-01-04,HUT,0.16666666666666666,Buy
2024-01-04,AAOI,-0.1802807056977848,Sell
2024-01-04,SLGL,0.16666666666666666,Buy
2024-01-04,DNTH,0.17026222972109123,Buy
2024-01-04,IREN,-0.17506533799627513,Sell
2024-01-04,TQQQ,-0.000359941747549386,Sell
2024-01-04,PRAX,0.025287033227145234,Buy
2024-01-05,SPRB,0.0036580058525177983,Buy
2024-01-05,GPCR,0.004588705515754771,Buy
2024-01-05,HUT,0.008207048285359508,Buy
2024-01-05,AAOI,-0.16666666666666666,Sell
2024-01-05,SLGL,-0.16980172953516603,Sell
2024-01-05,IREN,0.16666666666666666,Buy
2024-01-05,TQQQ,-0.0008011564081566169,Sell
2024-01-05,PRAX,0.1549748404894997,Buy
2024-01-08,SPRB,0.15607547793121934,Buy
2024-01-08,CYTK,-0.16666666666666666,Sell
2024-01-08,GPCR,0.005220847587545957,Buy
2024-01-08,HUT,0.0014102729713998674,Buy
2024-01-08,AAOI,0.16412324637740125,Buy
2024-01-08,PVLA,0.16666666666666666,Buy
2024-01-08,IREN,-0.16996846518766892,Sell
2024-01-08,TQQQ,-0.0070852194685247505,Sell
2024-01-08,CROX,-0.16666666666666666,Sell
2024-01-09,CYTK,0.15805104249113414,Buy
2024-01-09,GPCR,0.018579284322556178,Buy
2024-01-09,SEZL,0.16666666666666666,Buy
2024-01-09,HUT,-0.1637218497683495,Sell
2024-01-09,PVLA,-0.16749038993104942,Sell
2024-01-09,SYM,0.16666666666666666,Buy
2024-01-09,WGS,-0.16666666666666666,Sell
2024-01-09,TQQQ,-0.0019231764875821122,Sell
2024-01-09,PRAX,-0.16666666666666666,Sell
2024-01-09,CROX,0.16119521769387934,Buy
2024-01-10,DRUG,-0.16666666666666666,Sell
2024-01-10,GPCR,0.15068834845122445,Buy
2024-01-10,SEZL,-0.1596767799879469,Sell
2024-01-10,DNTH,0.16666666666666666,Buy
2024-01-10,SYM,-0.16223361743291628,Sell
2024-01-10,WGS,0.1539662998411533,Buy
2024-01-10,TQQQ,0.0003772831429458279,Buy
2024-01-10,PRAX,-0.005052938852261296,Sell
2024-01-10,CROX,-0.16666666666666666,Sell
2024-01-10,ENLT,0.16666666666666666,Buy
2024-01-11,DRUG,0.16108790173772783,Buy
2024-01-11,GPCR,-0.16666666666666666,Sell
2024-01-11,ASTS,0.16666666666666666,Buy
2024-01-11,AAOI,0.16666666666666666,Buy
2024-01-11,DNTH,-0.1661674915247428,Sell
2024-01-11,WGS,-0.16666666666666666,Sell
2024-01-11,TQQQ,-0.0029839080245001037,Sell
2024-01-11,PRAX,0.021854166603765712,Buy
2024-01-11,CROX,0.16842334897585765,Buy
2024-01-11,ENLT,-0.169498128885682,Sell
2024-01-12,GPCR,0.0028079857524087037,Buy
2024-01-12,ASTS,-0.16375522980489438,Sell
2024-01-12,HUT,0.16666666666666666,Buy
2024-01-12,AAOI,-0.15937033388924682,Sell
2024-01-12,WGS,-0.005392733919019954,Sell
2024-01-12,IREN,0.16666666666666666,Buy
2024-01-12,TQQQ,-0.1680838556924899,Sell
2024-01-12,PRAX,0.0007536030208034339,Buy
2024-01-12,BKCH,0.16666666666666666,Buy
2024-01-16,SATS,-0.16666666666666666,Sell
2024-01-16,GPCR,0.16260603257500147,Buy
2024-01-16,SEZL,-0.16666666666666666,Sell
2024-01-16,NEGG,0.16666666666666666,Buy
2024-01-16,HUT,-0.16142591499884432,Sell
2024-01-16,WGS,0.15114594342643556,Buy
2024-01-16,IREN,0.01150972809233447,Buy
2024-01-16,TQQQ,0.16666666666666666,Buy
2024-01-16,PRAX,-0.009045763400246598,Sell
2024-01-16,BKCH,-0.1582929853378147,Sell
2024-01-17,SATS,0.1737894656545944,Buy
2024-01-17,CYTK,-0.16666666666666666,Sell
2024-01-17,SEZL,0.03627399986756891,Buy
2024-01-17,NEGG,0.005056393691516198,Buy
2024-01-17,MSTR,-0.16666666666666666,Sell
2024-01-17,HUT,0.16666666666666666,Buy
2024-01-17,IREN,-0.16969017163679562,Sell
2024-01-17,TQQQ,-0.0036295736895529396,Sell
2024-01-17,PRAX,0.1642808440318351,Buy
2024-01-18,CYTK,0.17387184580594386,Buy
2024-01-18,SEZL,0.06769476600407598,Buy
2024-01-18,BFC,-0.16666666666666666,Sell
2024-01-18,NEGG,-0.1778807527126107,Sell
2024-01-18,MSTR,0.17557584325713022,Buy
2024-01-18,HUT,0.028524825020527306,Buy
2024-01-18,IREN,0.16666666666666666,Buy
2024-01-18,TQQQ,-0.1877706098491601,Sell
2024-01-18,PRAX,-0.16666666666666666,Sell
2024-01-18,BKCH,0.16666666666666666,Buy
2024-01-19,SMTC,-0.16666666666666666,Sell
2024-01-19,SEZL,0.03342211754832489,Buy
2024-01-19,BFC,0.17396517329080843,Buy
2024-01-19,NEGG,-0.16666666666666666,Sell
2024-01-19,ASTS,0.16666666666666666,Buy
2024-01-19,HUT,3.224758526917948e-05,Buy
2024-01-19,IREN,-0.17130204044231798,Sell
2024-01-19,TQQQ,0.16666666666666666,Buy
2024-01-19,PRAX,0.1651236171121676,Buy
2024-01-19,BKCH,-0.17143038845297426,Sell
2024-01-22,SMTC,0.007336666017413618,Buy
2024-01-22,TREE,-0.16666666666666666,Sell
2024-01-22,SEZL,0.00047793863411521587,Buy
2024-01-22,NEGG,0.16146438818337824,Buy
2024-01-22,ASTS,-0.0012466143692373421,Sell
2024-01-22,HUT,0.003897156531640411,Buy
2024-01-22,TQQQ,-0.001380060469455463,Sell
2024-01-23,SMTC,0.167949536931876,Buy
2024-01-23,BABX,-0.16666666666666666,Sell
2024-01-23,NUTX,0.16666666666666666,Buy
2024-01-23,TREE,-0.0008857231043468972,Sell
2024-01-23,SEZL,0.15018735174984263,Buy
2024-01-23,ASTS,-0.16668855497594126,Sell
2024-01-23,HUT,0.010658501395395897,Buy
2024-01-23,TQQQ,-0.0009192875798238187,Sell
2024-01-23,DAVE,-0.16666666666666666,Sell
2024-01-24,BABX,0.17653006658294979,Buy
2024-01-24,NUTX,-0.16752246522753172,Sell
2024-01-24,TREE,0.017900714125723388,Buy
2024-01-24,ASTS,0.16666666666666666,Buy
2024-01-24,HUT,-0.005092125458639879,Sell
2024-01-24,DNTH,-0.16666666666666666,Sell
2024-01-24,TQQQ,-0.007363087660264639,Sell
2024-01-24,DAVE,0.012597687533130564,Buy
2024-01-25,SPRB,-0.16666666666666666,Sell
2024-01-25,SATS,0.16666666666666666,Buy
2024-01-25,TREE,0.16210892977479024,Buy
2024-01-25,SEZL,-0.16666666666666666,Sell
2024-01-25,NEGG,-0.16666666666666666,Sell
2024-01-25,ASTS,-0.1548947713823915,Sell
2024-01-25,HUT,-0.19024458826124804,Sell
2024-01-25,DNTH,0.16144930372284527,Buy
2024-01-25,WGS,0.16666666666666666,Buy
2024-01-25,TQQQ,0.004486607355694949,Buy
2024-01-25,DAVE,0.15391026108063463,Buy
2024-01-26,SPRB,0.020264438182416966,Buy
2024-01-26,SATS,-0.16624778439392168,Sell
2024-01-26,SEZL,0.00848330986001547,Buy
2024-01-26,NEGG,0.1656432306387053,Buy
2024-01-26,ASTS,0.16666666666666666,Buy
2024-01-26,AAOI,0.16666666666666666,Buy
2024-01-26,WGS,-0.19116454884107956,Sell
2024-01-26,IREN,-0.16666666666666666,Sell
2024-01-26,TQQQ,0.0020662186542709793,Buy
2024-01-29,SPRB,0.009029177326047189,Buy
2024-01-29,NUTX,0.16666666666666666,Buy
2024-01-29,SEZL,0.02805231159039187,Buy
2024-01-29,ASTS,-0.18515959460771467,Sell
2024-01-29,HUT,0.16666666666666666,Buy
2024-01-29,AAOI,-0.17921706197631532,Sell
2024-01-29,IREN,0.17654775334268363,Buy
2024-01-29,TQQQ,-0.0065528019421704775,Sell
2024-01-29,DAVE,-0.16666666666666666,Sell
2024-01-30,SPRB,-0.005632865659662645,Sell
2024-01-30,NUTX,-0.1692923339189724,Sell
2024-01-30,SEZL,-0.005140028937183461,Sell
2024-01-30,MSTR,-0.16666666666666666,Sell
2024-01-30,ASTS,0.16666666666666666,Buy
2024-01-30,HUT,0.011875581738303276,Buy
2024-01-30,TQQQ,0.0033282751275822697,Buy
2024-01-30,DAVE,0.1645960500612801,Buy
2024-01-31,SPRB,0.0150735151347971,Buy
2024-01-31,TARK,0.16666666666666666,Buy
2024-01-31,SEZL,0.16607887289438156,Buy
2024-01-31,MSTR,0.1643197602757481,Buy
2024-01-31,ASTS,-0.167402912417471,Sell
2024-01-31,HUT,0.003970312945357629,Buy
2024-01-31,AAOI,0.16666666666666666,Buy
2024-01-31,TQQQ,-0.16030054227457785,Sell
2024-01-31,DAVE,-0.16666666666666666,Sell
2024-01-31,POWL,-0.16666666666666666,Sell
2024-02-01,SPRB,0.15399701657331655,Buy
2024-02-01,RKLB,0.16666666666666666,Buy
2024-02-01,TARK,-0.16823546437321577,Sell
2024-02-01,NUTX,0.16666666666666666,Buy
2024-02-01,SEZL,-0.16666666666666666,Sell
2024-02-01,HUT,-0.16384566298207515,Sell
2024-02-01,AAOI,-0.17207441234811754,Sell
2024-02-01,TQQQ,0.16666666666666666,Buy
2024-02-01,DAVE,0.005887143461254435,Buy
2024-02-01,PRAX,-0.16666666666666666,Sell
2024-02-01,POWL,0.1603484240993399,Buy
2024-02-02,RKLB,-0.16850658312161293,Sell
2024-02-02,NUTX,0.0034733992791700086,Buy
2024-02-02,MKTX,-0.16666666666666666,Sell
2024-02-02,SEZL,0.16421734452493486,Buy
2024-02-02,NEGG,0.16666666666666666,Buy
2024-02-02,AAOI,-0.16666666666666666,Sell
2024-02-02,TQQQ,-0.012315181340948028,Sell
2024-02-02,DAVE,0.03908302359177723,Buy
2024-02-02,PRAX,0.16277616338320247,Buy
2024-02-05,TIGO,0.16666666666666666,Buy
2024-02-05,CHRW,-0.16666666666666666,Sell
2024-02-05,NUTX,-0.002051270678446654,Sell
2024-02-05,MKTX,0.16469266737595087,Buy
2024-02-05,NEGG,-0.16966169543006812,Sell
2024-02-05,HIFS,0.16666666666666666,Buy
2024-02-05,AAOI,0.008653423105216496,Buy
2024-02-05,TQQQ,-0.16639066682555947,Sell
2024-02-05,DAVE,0.0012551381704027642,Buy
2024-02-06,SPRB,-0.16666666666666666,Sell
2024-02-06,TIGO,-0.17057975879802584,Sell
2024-02-06,CHRW,0.16836801578669489,Buy
2024-02-06,MNPR,0.16666666666666666,Buy
2024-02-06,NUTX,-0.16728355279324447,Sell
2024-02-06,HIFS,-0.16498972506650558,Sell
2024-02-06,AAOI,0.1640633091048684,Buy
2024-02-06,SYM,0.16666666666666666,Buy
2024-02-06,IREN,-0.16666666666666666,Sell
2024-02-06,TQQQ,0.16666666666666666,Buy
2024-02-06,DAVE,0.007202248558247276,Buy
2024-02-07,SPRB,0.01992539316281619,Buy
2024-02-07,MNPR,0.00681159127141992,Buy
2024-02-07,SEZL,-0.16666666666666666,Sell
2024-02-07,ASTS,0.16666666666666666,Buy
2024-02-07,SYM,-0.17631788421246591,Sell
2024-02-07,IREN,0.01590974703793599,Buy
2024-02-07,TQQQ,-0.008580859441304461,Sell
2024-02-07,DAVE,0.1628341080653298,Buy
2024-02-08,ITIC,0.16666666666666666,Buy
2024-02-08,SPRB,0.16157946901850975,Buy
2024-02-08,CSGS,-0.16666666666666666,Sell
2024-02-08,MNPR,-0.17515094394310737,Sell
2024-02-08,PYPL,0.16666666666666666,Buy
2024-02-08,SEZL,0.173546161151211,Buy
2024-02-08,ASTS,-0.36936296183526685,Sell
2024-02-08,IREN,0.03887476469228368,Buy
2024-02-08,TQQQ,-6.200994464325427e-05,Sell
2024-02-09,ITIC,-0.1717611012999697,Sell
2024-02-09,CSGS,0.006086561713606609,Buy
2024-02-09,PYPL,-0.18009382724334685,Sell
2024-02-09,ASTS,0.018418608854129187,Buy
2024-02-09,DXCM,0.16666666666666666,Buy
2024-02-09,AFRM,0.16666666666666666,Buy
2024-02-09,IREN,0.0331911559349824,Buy
2024-02-09,TQQQ,-0.009969290287811738,Sell
2024-02-12,CSGS,0.1760560660989875,Buy
2024-02-12,MNPR,0.16666666666666666,Buy
2024-02-12,NEGG,-0.16666666666666666,Sell
2024-02-12,ASTS,0.17740500927404912,Buy
2024-02-12,DXCM,-0.16992742690206344,Sell
2024-02-12,MDGL,-0.16666666666666666,Sell
2024-02-12,AFRM,-0.17736226501750316,Sell
2024-02-12,IREN,0.03501393144455142,Buy
2024-02-12,TQQQ,-0.004165992389295187,Sell
2024-02-12,NBIX,0.16666666666666666,Buy
2024-02-13,SMTC,0.16666666666666666,Buy
2024-02-13,ITIC,0.16666666666666666,Buy
2024-02-13,SPRB,-0.16666666666666666,Sell
2024-02-13,MNPR,-0.16508568636549192,Sell
2024-02-13,NEGG,0.16380544475757355,Buy
2024-02-13,MDGL,0.15676051341559216,Buy
2024-02-13,ACMR,-0.16666666666666666,Sell
2024-02-13,IREN,-0.0013196559550045506,Sell
2024-02-13,TQQQ,0.008920766072921554,Buy
2024-02-13,NBIX,-0.16991507774810882,Sell
2024-02-14,SMTC,-0.18151984534951085,Sell
2024-02-14,ITIC,-0.1845153279008772,Sell
2024-02-14,SPRB,0.18726187053768859,Buy
2024-02-14,TIGO,0.16666666666666666,Buy
2024-02-14,CAR,0.16666666666666666,Buy
2024-02-14,HUT,-0.16666666666666666,Sell
2024-02-14,ACMR,0.019230395781329013,Buy
2024-02-14,IREN,0.04052091204866162,Buy
2024-02-14,TQQQ,-0.011552799752829274,Sell
2024-02-15,SPRB,-0.16666666666666666,Sell
2024-02-15,TIGO,-0.16683322229096775,Sell
2024-02-15,CAR,-0.16496909416760944,Sell
2024-02-15,NUTX,0.16666666666666666,Buy
2024-02-15,NEGG,-0.16666666666666666,Sell
2024-02-15,HUT,0.15922275816280476,Buy
2024-02-15,INOD,0.16666666666666666,Buy
2024-02-15,ACMR,0.1649443085639831,Buy
2024-02-15,SMBC,-0.16666666666666666,Sell
2024-02-15,IREN,0.15235209570334154,Buy
2024-02-15,TQQQ,0.0019241927387774194,Buy
2024-02-16,SPRB,-0.002934239347208517,Sell
2024-02-16,VSAT,-0.16666666666666666,Sell
2024-02-16,ROKU,0.16666666666666666,Buy
2024-02-16,NUTX,-0.16640100744676106,Sell
2024-02-16,NEGG,0.1496130428366033,Buy
2024-02-16,HIFS,0.16666666666666666,Buy
2024-02-16,INOD,-0.1586447707131216,Sell
2024-02-16,WGS,-0.16666666666666666,Sell
2024-02-16,SMBC,0.1620237002227446,Buy
2024-02-16,TQQQ,0.0061588063048648445,Buy
2024-02-20,SPRB,0.010927054079248405,Buy
2024-02-20,VSAT,0.16327578013030686,Buy
2024-02-20,CAR,0.16666666666666666,Buy
2024-02-20,ROKU,-0.1589131471459319,Sell
2024-02-20,MNPR,-0.16666666666666666,Sell
2024-02-20,HIFS,-0.17180902707673074,Sell
2024-02-20,RAPT,0.16666666666666666,Buy
2024-02-20,WGS,0.17653869416455992,Buy
2024-02-20,IREN,-0.16666666666666666,Sell
2024-02-20,TQQQ,0.0004706773706068812,Buy
2024-02-21,SPRB,-0.01782406313771598,Sell
2024-02-21,CAR,0.022785864205059708,Buy
2024-02-21,MNPR,0.12878271095983207,Buy
2024-02-21,RAPT,-0.22397518530301402,Sell
2024-02-21,ARM,-0.16666666666666666,Sell
2024-02-21,WGS,-0.16666666666666666,Sell
2024-02-21,PANW,0.16666666666666666,Buy
2024-02-21,IREN,0.1460898974386052,Buy
2024-02-21,TQQQ,0.017403125202293646,Buy
2024-02-22,SPRB,0.1780078912058507,Buy
2024-02-22,CAR,-0.16951897852509662,Sell
2024-02-22,BELFB,0.16666666666666666,Buy
2024-02-22,MNPR,-0.16666666666666666,Sell
2024-02-22,ALNY,-0.16666666666666666,Sell
2024-02-22,SYM,0.16666666666666666,Buy
2024-02-22,ARM,0.17850431078748458,Buy
2024-02-22,WGS,0.0356436155476349,Buy
2024-02-22,PANW,-0.17519254543399507,Sell
2024-02-22,TQQQ,-0.019521124018973407,Sell
2024-02-23,BELFB,-0.16963669379277288,Sell
2024-02-23,ROOT,-0.16666666666666666,Sell
2024-02-23,MNPR,0.029331832506149513,Buy
2024-02-23,SEZL,-0.16666666666666666,Sell
2024-02-23,ALNY,0.1635084860205402,Buy
2024-02-23,AAOI,0.16666666666666666,Buy
2024-02-23,INOD,0.16666666666666666,Buy
2024-02-23,SYM,-0.17192424407359574,Sell
2024-02-23,WGS,0.16217169324967187,Buy
2024-02-23,TQQQ,-0.0006500646690646983,Sell
2024-02-26,GGLL,0.16666666666666666,Buy
2024-02-26,KRYS,-0.16666666666666666,Sell
2024-02-26,ROOT,0.07609109431887073,Buy
2024-02-26,MNPR,0.021185886381551167,Buy
2024-02-26,SEZL,0.20450296842612897,Buy
2024-02-26,AAOI,-0.021643163120387415,Sell
2024-02-26,INOD,-0.18115090760582025,Sell
2024-02-26,TQQQ,-0.013985653239798279,Sell
2024-02-27,GGLL,-0.16971056435255585,Sell
2024-02-27,KRYS,0.18125272521115912,Buy
2024-02-27,ROOT,0.018507565066304493,Buy
2024-02-27,MNPR,-0.016765892713208053,Sell
2024-02-27,SEZL,-0.16666666666666666,Sell
2024-02-27,AAOI,-0.17507893742606145,Sell
2024-02-27,SLGL,0.16666666666666666,Buy
2024-02-27,RAPT,0.16666666666666666,Buy
2024-02-27,TQQQ,-0.0016173149941229592,Sell
2024-02-28,ROOT,0.008351982167616429,Buy
2024-02-28,MNPR,0.13031879059855822,Buy
2024-02-28,SEZL,0.14300654499740922,Buy
2024-02-28,AAOI,0.16666666666666666,Buy
2024-02-28,SLGL,-0.19545080792364053,Sell
2024-02-28,RAPT,-0.1518975008812983,Sell
2024-02-28,ACMR,-0.16666666666666666,Sell
2024-02-28,PANW,-0.16666666666666666,Sell
2024-02-28,IREN,0.16666666666666666,Buy
2024-02-28,TQQQ,0.011534026546990678,Buy
2024-02-29,XMTR,0.16666666666666666,Buy
2024-02-29,ESEA,-0.16666666666666666,Sell
2024-02-29,ROOT,0.024855841484662633,Buy
2024-02-29,AAOI,-0.1893416129918978,Sell
2024-02-29,SLGL,0.16666666666666666,Buy
2024-02-29,ARM,-0.16666666666666666,Sell
2024-02-29,ACMR,0.16813421059230732,Buy
2024-02-29,PANW,0.1638740930726862,Buy
2024-02-29,IREN,-0.16269289709420998,Sell
2024-02-29,TQQQ,-0.0041818017499699045,Sell
2024-03-01,XMTR,0.006206854323116934,Buy
2024-03-01,ESEA,0.1775936713612758,Buy
2024-03-01,ROOT,0.04571162464316564,Buy
2024-03-01,MNPR,-0.16666666666666666,Sell
2024-03-01,ZS,0.16666666666666666,Buy
2024-03-01,SLGL,-0.17639022130835044,Sell
2024-03-01,ARM,0.17508337508065713,Buy
2024-03-01,WGS,-0.16666666666666666,Sell
2024-03-01,TQQQ,-0.015701561670534214,Sell
2024-03-04,XMTR,-0.16667781049314326,Sell
2024-03-04,BABX,0.16666666666666666,Buy
2024-03-04,ROOT,0.0218510383628506,Buy
2024-03-04,MNPR,0.027758775101355104,Buy
2024-03-04,MSTR,-0.16666666666666666,Sell
2024-03-04,ZS,-0.17194358208834956,Sell
2024-03-04,SLGL,0.16666666666666666,Buy
2024-03-04,WGS,0.18505222935414165,Buy
2024-03-04,TQQQ,-0.007207673755184801,Sell
2024-03-05,BABX,-0.1621189975638679,Sell
2024-03-05,ROOT,-0.015493629566599554,Sell
2024-03-05,MNPR,0.1734532092443242,Buy
2024-03-05,MSTR,0.1276319450941049,Buy
2024-03-05,APGE,-0.16666666666666666,Sell
2024-03-05,HUT,0.16666666666666666,Buy
2024-03-05,SLGL,-0.16508442730009823,Sell
2024-03-05,IREN,0.16666666666666666,Buy
2024-03-05,TQQQ,0.013341782542381775,Buy
2024-03-05,DAVE,-0.16666666666666666,Sell
2024-03-06,AXSM,0.16666666666666666,Buy
2024-03-06,ROOT,0.021630991452436826,Buy
2024-03-06,SEZL,-0.16666666666666666,Sell
2024-03-06,MSTR,-0.16666666666666666,Sell
2024-03-06,APGE,0.18766885807288794,Buy
2024-03-06,HUT,-0.17463973046604406,Sell
2024-03-06,ZS,0.16666666666666666,Buy
2024-03-06,IREN,-0.17703622401725486,Sell
2024-03-06,TQQQ,-0.003287193229063484,Sell
2024-03-06,DAVE,0.14657015334692614,Buy
2024-03-07,AXSM,-0.17201886927190488,Sell
2024-03-07,ROOT,0.007098708068402765,Buy
2024-03-07,SEZL,0.03646245523201269,Buy
2024-03-07,MSTR,0.013053790255459774,Buy
2024-03-07,ASTS,0.16666666666666666,Buy
2024-03-07,HUT,0.16666666666666666,Buy
2024-03-07,ZS,-0.17130276097452038,Sell
2024-03-07,TQQQ,-0.013293444854574732,Sell
2024-03-08,ROOT,0.006179200435716264,Buy
2024-03-08,SEZL,0.15576414427693397,Buy
2024-03-08,MSTR,0.0176152504186797,Buy
2024-03-08,ASTS,-0.17146779579473795,Sell
2024-03-08,HUT,-0.005954474462789877,Sell
2024-03-08,MDB,0.16666666666666666,Buy
2024-03-08,WGS,-0.16666666666666666,Sell
2024-03-08,TQQQ,0.005974503369962164,Buy
2024-03-11,ROOT,-0.004839961355727035,Sell
2024-03-11,MNPR,-0.16666666666666666,Sell
2024-03-11,MSTR,0.18080840617003166,Buy
2024-03-11,HUT,0.01161653724538017,Buy
2024-03-11,MDB,-0.1662231464417454,Sell
2024-03-11,GSAT,-0.16666666666666666,Sell
2024-03-11,WGS,0.19208703064731678,Buy
2024-03-11,TQQQ,-0.004974163214032962,Sell
2024-03-11,GSHD,0.16666666666666666,Buy
2024-03-12,ROOT,0.0013322378279660152,Buy
2024-03-12,MNPR,0.14846699891330692,Buy
2024-03-12,MSTR,-0.16666666666666666,Sell
2024-03-12,HUT,-0.16508248100005812,Sell
2024-03-12,INOD,0.16666666666666666,Buy
2024-03-12,SQQQ,0.16666666666666666,Buy
2024-03-12,GSAT,0.16736378871953903,Buy
2024-03-12,TQQQ,-0.004217196654094424,Sell
2024-03-12,DAVE,-0.16666666666666666,Sell
2024-03-12,GSHD,-0.16457523064298735,Sell
2024-03-13,DRUG,0.16666666666666666,Buy
2024-03-13,MRVL,0.16666666666666666,Buy
2024-03-13,ROOT,0.013401021677800273,Buy
2024-03-13,MNPR,-0.16666666666666666,Sell
2024-03-13,MSTR,0.019870599961756524,Buy
2024-03-13,INOD,-0.18205282138443157,Sell
2024-03-13,SQQQ,-0.17256899783703322,Sell
2024-03-13,TQQQ,0.002296358275574506,Buy
2024-03-13,DAVE,0.16177339226776702,Buy
2024-03-14,DRUG,-0.14892553459145844,Sell
2024-03-14,SPRB,0.16666666666666666,Buy
2024-03-14,BABX,0.16666666666666666,Buy
2024-03-14,MRVL,-0.1634215807311206,Sell
2024-03-14,ROOT,-0.0011998818795158628,Sell
2024-03-14,BLTE,-0.16666666666666666,Sell
2024-03-14,MNPR,-0.00942042168567303,Sell
2024-03-14,MSTR,0.158798102331986,Buy
2024-03-14,HUT,0.16666666666666666,Buy
2024-03-14,TQQQ,-0.16589888571420808,Sell
2024-03-15,SPRB,-0.000593324843518539,Sell
2024-03-15,BABX,-0.16824281562132948,Sell
2024-03-15,ROOT,0.025233619360784276,Buy
2024-03-15,BLTE,0.004144819286250906,Buy
2024-03-15,MNPR,0.15458350255985354,Buy
2024-03-15,HUT,-0.17483740626274533,Sell
2024-03-15,UCYB,0.16666666666666666,Buy
2024-03-15,WGS,-0.16666666666666666,Sell
2024-03-15,TQQQ,0.16666666666666666,Buy
2024-03-18,SPRB,0.00955686813054532,Buy
2024-03-18,ROOT,0.020318511043652177,Buy
2024-03-18,BLTE,0.011454952126952495,Buy
2024-03-18,MNPR,-0.16666666666666666,Sell
2024-03-18,MSTR,0.16666666666666666,Buy
2024-03-18,UCYB,-0.1672929890331836,Sell
2024-03-18,WGS,0.13452622656105837,Buy
2024-03-18,TQQQ,-0.005305829753281449,Sell
2024-03-19,SPRB,9.901695552935741e-05,Buy
2024-03-19,ROOT,0.29951897864803734,Buy
2024-03-19,BLTE,0.017080005782834334,Buy
2024-03-19,MNPR,0.02505027399517723,Buy
2024-03-19,MSTR,-0.15921502675022048,Sell
2024-03-19,AAOI,-0.16666666666666666,Sell
2024-03-19,TQQQ,-0.0032901010095647554,Sell
2024-03-20,SPRB,-0.16330067207452267,Sell
2024-03-20,ROOT,-0.18432040854184564,Sell
2024-03-20,BLTE,-0.004292947989181617,Sell
2024-03-20,MNPR,0.16547188754224212,Buy
2024-03-20,AAOI,0.17467998085092312,Buy
2024-03-20,IREN,-0.16666666666666666,Sell
2024-03-20,PSIX,0.16666666666666666,Buy
2024-03-20,TQQQ,-0.003338339472372276,Sell
2024-03-20,BKCH,-0.16666666666666666,Sell
2024-03-20,POWL,0.16666666666666666,Buy
2024-03-21,XMTR,0.16666666666666666,Buy
2024-03-21,GPCR,-0.16666666666666666,Sell
2024-03-21,BLTE,0.1644287768614412,Buy
2024-03-21,MNPR,-0.16666666666666666,Sell
2024-03-21,RAPT,0.16666666666666666,Buy
2024-03-21,WGS,-0.16666666666666666,Sell
2024-03-21,IREN,0.16512153956656864,Buy
2024-03-21,PSIX,-0.164881632647274,Sell
2024-03-21,TQQQ,-0.0011879281969152944,Sell
2024-03-21,BKCH,0.16744292534685784,Buy
2024-03-21,POWL,-0.17035932918163738,Sell
2024-03-22,XMTR,0.006560714231139936,Buy
2024-03-22,GPCR,0.16164214663547924,Buy
2024-03-22,ROOT,-0.16666666666666666,Sell
2024-03-22,BLTE,-0.16666666666666666,Sell
2024-03-22,MNPR,-0.003617903774333603,Sell
2024-03-22,RAPT,-0.16191305863626426,Sell
2024-03-22,WGS,0.15514110835098305,Buy
2024-03-22,IREN,0.16666666666666666,Buy
2024-03-22,TQQQ,0.0009108252934863781,Buy
2024-03-25,XMTR,0.007591671967149466,Buy
2024-03-25,ROOT,0.1746600754464047,Buy
2024-03-25,BLTE,0.16658342493763156,Buy
2024-03-25,MNPR,0.005528859032217781,Buy
2024-03-25,MSTR,-0.16666666666666666,Sell
2024-03-25,RAPT,0.16666666666666666,Buy
2024-03-25,IREN,-0.3515745447894091,Sell
2024-03-25,TQQQ,0.0010317723563404158,Buy
2024-03-26,XMTR,-0.167487302907825,Sell
2024-03-26,MNPR,0.008129988031773755,Buy
2024-03-26,MSTR,0.003862088566371269,Buy
2024-03-26,KLAC,0.16666666666666666,Buy
2024-03-26,RAPT,-0.17127239476448314,Sell
2024-03-26,IREN,0.171945856654553,Buy
2024-03-26,PSIX,-0.16666666666666666,Sell
2024-03-26,TQQQ,-0.00037742370931212466,Sell
2024-03-26,GSHD,0.16666666666666666,Buy
2024-03-27,BLTE,0.16666666666666666,Buy
2024-03-27,MNPR,-0.00078107904581598,Sell
2024-03-27,MSTR,0.002715705212768399,Buy
2024-03-27,KLAC,-0.1676938890169387,Sell
2024-03-27,PVLA,-0.16666666666666666,Sell
2024-03-27,IREN,0.16666666666666666,Buy
2024-03-27,PSIX,0.16430818160399238,Buy
2024-03-27,TQQQ,-0.00045055390524065264,Sell
2024-03-27,GSHD,-0.17105619028024144,Sell
2024-03-28,BLTE,0.011758074114784411,Buy
2024-03-28,MNPR,-0.01770906827810123,Sell
2024-03-28,MSTR,0.30984724987982554,Buy
2024-03-28,HUT,-0.16666666666666666,Sell
2024-03-28,ANAB,-0.16666666666666666,Sell
2024-03-28,PVLA,0.15206609434038942,Buy
2024-03-28,IREN,-0.16210728251693754,Sell
2024-03-28,TQQQ,0.006474843071635622,Buy
2024-04-01,DRUG,-0.16666666666666666,Sell
2024-04-01,IRON,0.16666666666666666,Buy
2024-04-01,BLTE,-0.1602449152731983,Sell
2024-04-01,MNPR,-0.000572390968509584,Sell
2024-04-01,MSTR,-0.15995558568195922,Sell
2024-04-01,HUT,0.16326390435137045,Buy
2024-04-01,ANAB,0.15770693836327454,Buy
2024-04-01,AFRM,0.16666666666666666,Buy
2024-04-01,IREN,-0.16666666666666666,Sell
2024-04-01,TQQQ,-0.0009451072617546186,Sell
2024-04-02,DRUG,0.16574144951576625,Buy
2024-04-02,SATS,0.16666666666666666,Buy
2024-04-02,IRON,-0.15520395942826376,Sell
2024-04-02,BLTE,-0.16666666666666666,Sell
2024-04-02,MNPR,-0.01044497319588239,Sell
2024-04-02,ASTS,0.16666666666666666,Buy
2024-04-02,WGS,-0.16666666666666666,Sell
2024-04-02,AFRM,-0.16222009021673137,Sell
2024-04-02,IREN,0.15088363943982067,Buy
2024-04-02,TQQQ,0.00536710926000622,Buy
2024-04-03,DRUG,0.16666666666666666,Buy
2024-04-03,SATS,-0.1700622283151139,Sell
2024-04-03,BLTE,0.005792336404747689,Buy
2024-04-03,MNPR,-0.002977082057690733,Sell
2024-04-03,SEZL,-0.16666666666666666,Sell
2024-04-03,ASTS,-0.188346654670854,Sell
2024-04-03,WGS,0.1652784203330431,Buy
2024-04-03,ULTA,0.16666666666666666,Buy
2024-04-03,TQQQ,0.0024041880060549914,Buy
2024-04-04,DRUG,-0.16499402870270083,Sell
2024-04-04,ROOT,-0.16666666666666666,Sell
2024-04-04,BLTE,0.15705792763312887,Buy
2024-04-04,MNPR,-0.005223189137289641,Sell
2024-04-04,SEZL,0.1414263720096068,Buy
2024-04-04,KLAC,0.16666666666666666,Buy
2024-04-04,AFRM,0.16666666666666666,Buy
2024-04-04,ULTA,-0.16565323076381697,Sell
2024-04-04,TQQQ,0.011867938588938892,Buy
2024-04-04,DAVE,-0.16666666666666666,Sell
2024-04-05,DRUG,0.16666666666666666,Buy
2024-04-05,ROOT,0.1960335417908035,Buy
2024-04-05,MNPR,-0.008402857963994204,Sell
2024-04-05,SEZL,-0.16666666666666666,Sell
2024-04-05,MSTR,0.16666666666666666,Buy
2024-04-05,KLAC,-0.17024370447597725,Sell
2024-04-05,AFRM,-0.1716979800149319,Sell
2024-04-05,TMDX,-0.16666666666666666,Sell
2024-04-05,TQQQ,-0.006979175694783235,Sell
2024-04-05,DAVE,0.16732842268801923,Buy
2024-04-08,DRUG,-0.1733651895662964,Sell
2024-04-08,MNPR,0.0006889757668976926,Buy
2024-04-08,NUTX,0.16666666666666666,Buy
2024-04-08,SEZL,0.011524725141324826,Buy
2024-04-08,MSTR,-0.17625345181365185,Sell
2024-04-08,HUT,0.16666666666666666,Buy
2024-04-08,TMDX,0.010606784365275124,Buy
2024-04-08,TQQQ,-0.0010794436505920935,Sell
2024-04-09,MNPR,-0.001948197841755539,Sell
2024-04-09,NUTX,-0.17191363895961703,Sell
2024-04-09,SEZL,0.0013954238552074671,Buy
2024-04-09,MSTR,-0.16666666666666666,Sell
2024-04-09,HUT,0.006233533151908804,Buy
2024-04-09,TMDX,0.17366156022995016,Buy
2024-04-09,IREN,0.16666666666666666,Buy
2024-04-09,TQQQ,-0.0025727185441813405,Sell
2024-04-10,DRUG,0.16666666666666666,Buy
2024-04-10,MNPR,0.019310743222994142,Buy
2024-04-10,SEZL,-0.0038847221313811076,Sell
2024-04-10,MSTR,0.01996676230092123,Buy
2024-04-10,HUT,-0.1699454109227053,Sell
2024-04-10,AFRM,0.16666666666666666,Buy
2024-04-10,IREN,-0.16796779729490352,Sell
2024-04-10,TQQQ,-0.000559885806048821,Sell
2024-04-11,DRUG,-0.17483014152771228,Sell
2024-04-11,MNPR,0.0369983054689437,Buy
2024-04-11,NUTX,0.16666666666666666,Buy
2024-04-11,SEZL,0.16659417732415888,Buy
2024-04-11,MSTR,0.0010794129181379841,Buy
2024-04-11,HUT,0.16666666666666666,Buy
2024-04-11,AFRM,-0.17043977858339854,Sell
2024-04-11,IREN,-0.16666666666666666,Sell
2024-04-11,TQQQ,-0.010570285756140385,Sell
2024-04-12,ROOT,-0.16666666666666666,Sell
2024-04-12,MNPR,0.005648197933325189,Buy
2024-04-12,NUTX,0.015879924801639633,Buy
2024-04-12,MSTR,-0.004686324636983541,Sell
2024-04-12,HUT,0.004948473830900801,Buy
2024-04-12,IREN,0.15894944587802254,Buy
2024-04-12,TQQQ,0.004984046887094029,Buy
2024-04-15,TARK,0.16666666666666666,Buy
2024-04-15,ROOT,-0.00457347150077933,Sell
2024-04-15,MNPR,0.16492082177139647,Buy
2024-04-15,NUTX,-0.13551402301778842,Sell
2024-04-15,SEZL,-0.16666666666666666,Sell
2024-04-15,MSTR,0.15403115340875448,Buy
2024-04-15,HUT,0.006673725492237881,Buy
2024-04-15,WGS,-0.16666666666666666,Sell
2024-04-15,AFRM,0.16666666666666666,Buy
2024-04-15,TQQQ,-0.1620295289427271,Sell
2024-04-16,TARK,-0.15888840164876433,Sell
2024-04-16,LLYVK,0.16666666666666666,Buy
2024-04-16,ROOT,-0.006656650757312171,Sell
2024-04-16,MNPR,-0.16666666666666666,Sell
2024-04-16,NUTX,-0.16666666666666666,Sell
2024-04-16,SEZL,0.15153727866294261,Buy
2024-04-16,LLYVA,0.16666666666666666,Buy
2024-04-16,HUT,-0.16417586685762042,Sell
2024-04-16,WGS,0.15968927184832335,Buy
2024-04-16,AFRM,-0.16343586294421814,Sell
2024-04-16,TQQQ,0.16666666666666666,Buy
2024-04-17,LLYVK,-0.16096362340529205,Sell
2024-04-17,ROOT,0.1393079597172056,Buy
2024-04-17,BLTE,0.16666666666666666,Buy
2024-04-17,UAL,-0.16666666666666666,Sell
2024-04-17,MNPR,0.3109510476585575,Buy
2024-04-17,NUTX,0.15385736310142875,Buy
2024-04-17,SEZL,-0.16666666666666666,Sell
2024-04-17,LLYVA,-0.1602766701766026,Sell
2024-04-17,CFFI,-0.16666666666666666,Sell
2024-04-17,TQQQ,0.012252889613805884,Buy
2024-04-18,PCAR,0.16666666666666666,Buy
2024-04-18,LLYVK,0.16666666666666666,Buy
2024-04-18,ROOT,-0.16666666666666666,Sell
2024-04-18,BLTE,-0.34189286910319083,Sell
2024-04-18,UAL,0.17273296008296024,Buy
2024-04-18,MNPR,-0.16947946840792685,Sell
2024-04-18,SEZL,0.14945846522185655,Buy
2024-04-18,CFFI,0.1653049340706123,Buy
2024-04-18,WGS,-0.16666666666666666,Sell
2024-04-18,TQQQ,0.00586296317221896,Buy
2024-04-19,PCAR,-0.1639167038334503,Sell
2024-04-19,ADSK,-0.16666666666666666,Sell
2024-04-19,LLYVK,-0.17166659670229292,Sell
2024-04-19,NVDL,0.16666666666666666,Buy
2024-04-19,ROOT,0.0010713477420566941,Buy
2024-04-19,BLTE,0.16203445669382185,Buy
2024-04-19,CHPS,0.16666666666666666,Buy
2024-04-19,NVDU,0.16666666666666666,Buy
2024-04-19,WGS,0.168932108155699,Buy
2024-04-19,IREN,-0.16666666666666666,Sell
2024-04-19,TQQQ,-0.1573092641242069,Sell
2024-04-22,ADSK,0.16703947313141607,Buy
2024-04-22,NVDL,-0.18068040574978037,Sell
2024-04-22,ROOT,0.17636548895109397,Buy
2024-04-22,IRON,0.16666666666666666,Buy
2024-04-22,CHPS,-0.16784688818874435,Sell
2024-04-22,SEZL,0.16666666666666666,Buy
2024-04-22,NVDU,-0.18136050252091684,Sell
2024-04-22,CFFI,-0.16666666666666666,Sell
2024-04-22,HUT,-0.16666666666666666,Sell
2024-04-22,IREN,0.18539738523252322,Buy
2024-04-22,TQQQ,0.16666666666666666,Buy
2024-04-22,BKCH,-0.16666666666666666,Sell
2024-04-23,NVDL,-0.16666666666666666,Sell
2024-04-23,IRON,0.002826493796384222,Buy
2024-04-23,SEZL,-0.18547048412729825,Sell
2024-04-23,CFFI,0.1588961074883723,Buy
2024-04-23,HUT,0.004332474819098042,Buy
2024-04-23,ANAB,0.16666666666666666,Buy
2024-04-23,TQQQ,-0.004350703128810723,Sell
2024-04-23,BKCH,0.005573383719687963,Buy
2024-04-24,BABX,-0.16666666666666666,Sell
2024-04-24,NVDL,0.15084176568008972,Buy
2024-04-24,ROOT,-0.16666666666666666,Sell
2024-04-24,IRON,-0.1634014476570308,Sell
2024-04-24,MNPR,-0.16666666666666666,Sell
2024-04-24,NVDU,0.16666666666666666,Buy
2024-04-24,HUT,0.31736451494954887,Buy
2024-04-24,ANAB,-0.1623641503937168,Sell
2024-04-24,TQQQ,0.0034809498231527514,Buy
2024-04-24,BKCH,0.15687827067556082,Buy
2024-04-25,BABX,0.0009367780482545385,Buy
2024-04-25,ROOT,0.006401604112294734,Buy
2024-04-25,MNPR,0.15845915536450497,Buy
2024-04-25,NVDU,-0.34485801782664466,Sell
2024-04-25,CELC,0.16666666666666666,Buy
2024-04-25,HUT,-0.16356126089139414,Sell
2024-04-25,EXAS,0.16666666666666666,Buy
2024-04-25,TQQQ,0.0035445359838413015,Buy
2024-04-26,BABX,0.17150154180372634,Buy
2024-04-26,ODFL,0.16666666666666666,Buy
2024-04-26,NVDL,-0.16666666666666666,Sell
2024-04-26,ROOT,0.1744240461753885,Buy
2024-04-26,MNPR,-0.16666666666666666,Sell
2024-04-26,NVDU,0.02414307993027731,Buy
2024-04-26,CELC,-0.17132558686373317,Sell
2024-04-26,SAIA,0.16666666666666666,Buy
2024-04-26,EXAS,-0.1698845396020229,Sell
2024-04-26,TQQQ,-0.010847878657529592,Sell
2024-04-29,DJCO,0.16666666666666666,Buy
2024-04-29,ODFL,-0.16830556637857602,Sell
2024-04-29,NVDL,0.000198015041766475,Buy
2024-04-29,MNPR,0.16461691506955609,Buy
2024-04-29,NVDU,4.141078300712309e-06,Buy
2024-04-29,SAIA,-0.16170364538825552,Sell
2024-04-29,IREN,0.16666666666666666,Buy
2024-04-29,TQQQ,-0.0019658701944011703,Sell
2024-04-29,PTCT,-0.16666666666666666,Sell
2024-04-30,DJCO,-0.16724883657184608,Sell
2024-04-30,TARK,0.16666666666666666,Buy
2024-04-30,NVDL,0.16341277534370005,Buy
2024-04-30,ROOT,-0.16666666666666666,Sell
2024-04-30,TREE,-0.16666666666666666,Sell
2024-04-30,NVDU,0.1628477190221626,Buy
2024-04-30,MSTR,0.16666666666666666,Buy
2024-04-30,ANAB,-0.16666666666666666,Sell
2024-04-30,ARCB,0.16666666666666666,Buy
2024-04-30,IREN,-0.15619889545851035,Sell
2024-04-30,TQQQ,-0.15913979056476285,Sell
2024-04-30,PTCT,0.1688481067689213,Buy
2024-05-01,TARK,-0.005658177237161666,Sell
2024-05-01,UFPT,-0.16666666666666666,Sell
2024-05-01,CG,0.16666666666666666,Buy
2024-05-01,ROOT,0.17042575775912572,Buy
2024-05-01,MNPR,-0.16666666666666666,Sell
2024-05-01,TREE,0.16845525662451868,Buy
2024-05-01,MSTR,0.0027351773053453377,Buy
2024-05-01,ANAB,0.014844673063447528,Buy
2024-05-01,ARCB,-0.1658881498471374,Sell
2024-05-02,TARK,-0.17411080863735515,Sell
2024-05-02,UFPT,0.17961241008649273,Buy
2024-05-02,CG,-0.16435506582419648,Sell
2024-05-02,MNPR,0.16848746004482743,Buy
2024-05-02,PXI,0.16666666666666666,Buy
2024-05-02,CELC,-0.16666666666666666,Sell
2024-05-02,MSTR,-0.34892412513904764,Sell
2024-05-02,ANAB,0.1679753226580643,Buy
2024-05-02,ARCB,-0.16666666666666666,Sell
2024-05-02,XPEL,0.16666666666666666,Buy
2024-05-02,TQQQ,0.16666666666666666,Buy
2024-05-03,DRUG,0.16666666666666666,Buy
2024-05-03,TARK,0.16666666666666666,Buy
2024-05-03,MNPR,-0.16666666666666666,Sell
2024-05-03,PXI,-0.17050432603218516,Sell
2024-05-03,CELC,0.16835892806299407,Buy
2024-05-03,MSTR,0.015540239436293152,Buy
2024-05-03,ARCB,0.1715193296035037,Buy
2024-05-03,XPEL,-0.16421835018180747,Sell
2024-05-03,DNTH,-0.16666666666666666,Sell
2024-05-03,TQQQ,-0.011628021488342438,Sell
2024-05-06,DRUG,-0.1702088490023238,Sell
2024-05-06,TARK,-0.1728191651502801,Sell
2024-05-06,NVDL,-0.16666666666666666,Sell
2024-05-06,MNPR,0.013306577855103863,Buy
2024-05-06,NUTX,0.16666666666666666,Buy
2024-05-06,MSTR,0.17138931169233154,Buy
2024-05-06,SLGL,0.16666666666666666,Buy
2024-05-06,XPEL,-0.16666666666666666,Sell
2024-05-06,DNTH,0.15316468907517639,Buy
2024-05-06,TQQQ,-0.003955402050004386,Sell
2024-05-07,NVDL,0.16360929650300735,Buy
2024-05-07,ROOT,-0.16666666666666666,Sell
2024-05-07,MNPR,0.16315982983837604,Buy
2024-05-07,NUTX,-0.15345664629918146,Sell
2024-05-07,HUT,0.16666666666666666,Buy
2024-05-07,SLGL,0.011559849613546225,Buy
2024-05-07,XPEL,0.1685346918190601,Buy
2024-05-07,WGS,-0.16666666666666666,Sell
2024-05-07,TQQQ,-0.002916782700174675,Sell
2024-05-07,STRL,-0.16666666666666666,Sell
2024-05-08,TARK,0.16666666666666666,Buy
2024-05-08,TAYD,-0.16666666666666666,Sell
2024-05-08,ROOT,0.16688708984573716,Buy
2024-05-08,ALAB,0.16666666666666666,Buy
2024-05-08,HUT,-0.16819590794333605,Sell
2024-05-08,INOD,-0.16666666666666666,Sell
2024-05-08,SLGL,-0.163262166015519,Sell
2024-05-08,WGS,0.16802151732678947,Buy
2024-05-08,PSIX,-0.16666666666666666,Sell
2024-05-08,TQQQ,-0.0012133041454731042,Sell
2024-05-08,STRL,0.17326935870203108,Buy
2024-05-09,DUOL,0.16666666666666666,Buy
2024-05-09,TARK,-0.16596455869442064,Sell
2024-05-09,TAYD,0.16895352180934897,Buy
2024-05-09,ROOT,-0.16666666666666666,Sell
2024-05-09,SEZL,-0.16666666666666666,Sell
2024-05-09,ALAB,-0.17051378640667306,Sell
2024-05-09,INOD,0.18514970684552345,Buy
2024-05-09,RAPT,0.16666666666666666,Buy
2024-05-09,PSIX,0.16284181983834242,Buy
2024-05-09,TQQQ,-0.0028229295862971793,Sell
2024-05-09,SITM,-0.16666666666666666,Sell
2024-05-10,DUOL,-0.1587608940058821,Sell
2024-05-10,TARK,0.16666666666666666,Buy
2024-05-10,ROOT,0.15368192257132166,Buy
2024-05-10,SEZL,0.013702327571063683,Buy
2024-05-10,MSTR,0.16666666666666666,Buy
2024-05-10,RAPT,-0.1572889430924344,Sell
2024-05-10,WGS,-0.16666666666666666,Sell
2024-05-10,PSIX,-0.16666666666666666,Sell
2024-05-10,TQQQ,-0.17042843312688827,Sell
2024-05-10,SITM,0.1676562620793543,Buy
2024-05-10,BKCH,0.16666666666666666,Buy
2024-05-13,TARK,-0.17456092584753327,Sell
2024-05-13,SEZL,0.15383544124221718,Buy
2024-05-13,CGON,0.16666666666666666,Buy
2024-05-13,MSTR,-0.17409399497186237,Sell
2024-05-13,SLGL,0.16666666666666666,Buy
2024-05-13,DNTH,-0.16666666666666666,Sell
2024-05-13,WGS,0.019184246699148755,Buy
2024-05-13,PSIX,-0.0031198227916951204,Sell
2024-05-13,TQQQ,0.16666666666666666,Buy
2024-05-13,BKCH,-0.16531964333095428,Sell
2024-05-14,CGON,-0.014131264855965275,Sell
2024-05-14,MSTR,-0.16666666666666666,Sell
2024-05-14,SLGL,0.002860595142887362,Buy
2024-05-14,DNTH,0.017025794614249024,Buy
2024-05-14,WGS,0.15615599973413452,Buy
2024-05-14,PSIX,0.03795302909457185,Buy
2024-05-14,TQQQ,-0.007523847546636014,Sell
2024-05-15,MNPR,0.16666666666666666,Buy
2024-05-15,SEZL,-0.16666666666666666,Sell
2024-05-15,CGON,-0.17339950223027314,Sell
2024-05-15,MSTR,0.02928967012143588,Buy
2024-05-15,SLGL,-0.17937814765444324,Sell
2024-05-15,DNTH,0.16761465143884488,Buy
2024-05-15,PSIX,0.014139180993595402,Buy
2024-05-15,TQQQ,-0.010266791901569927,Sell
2024-05-15,CZFS,0.16666666666666666,Buy
2024-05-16,TARK,0.16666666666666666,Buy
2024-05-16,MNPR,-0.16812906334032243,Sell
2024-05-16,SEZL,0.1556451284737495,Buy
2024-05-16,MSTR,0.15581785169368884,Buy
2024-05-16,ASTS,-0.16666666666666666,Sell
2024-05-16,COIN,0.16666666666666666,Buy
2024-05-16,IREN,-0.16666666666666666,Sell
2024-05-16,PSIX,-0.005790328385811588,Sell
2024-05-16,TQQQ,0.004978313025665704,Buy
2024-05-16,CZFS,-0.16665602309048377,Sell
2024-05-17,TARK,-0.1736371993519791,Sell
2024-05-17,CGON,0.16666666666666666,Buy
2024-05-17,MSTR,-0.16666666666666666,Sell
2024-05-17,ASTS,0.02466949926562595,Buy
2024-05-17,COIN,-0.17703116577906514,Sell
2024-05-17,RAPT,0.16666666666666666,Buy
2024-05-17,IREN,0.17537764237560213,Buy
2024-05-17,PSIX,0.0054709655051749795,Buy
2024-05-17,TQQQ,-0.0027988395643655795,Sell
2024-05-20,SEZL,-0.16666666666666666,Sell
2024-05-20,CGON,-0.004539931901952954,Sell
2024-05-20,MSTR,0.021532487738504552,Buy
2024-05-20,ASTS,0.03412020300585811,Buy
2024-05-20,SLGL,0.16666666666666666,Buy
2024-05-20,RAPT,-0.17093690988572205,Sell
2024-05-20,PSIX,0.16497311678968332,Buy
2024-05-20,TQQQ,-0.009545546427777496,Sell
2024-05-21,XMTR,0.16666666666666666,Buy
2024-05-21,CAR,0.16666666666666666,Buy
2024-05-21,SEZL,-0.0007433615229360258,Sell
2024-05-21,CGON,-0.15643082614337503,Sell
2024-05-21,MSTR,0.15385949029023402,Buy
2024-05-21,ASTS,-0.023462475932811838,Sell
2024-05-21,SLGL,-0.1821669616273958,Sell
2024-05-21,IREN,-0.16666666666666666,Sell
2024-05-21,TQQQ,0.0053073557338603194,Buy
2024-05-22,XMTR,-0.16496186538646196,Sell
2024-05-22,BABX,0.16666666666666666,Buy
2024-05-22,CAR,-0.1643580245949177,Sell
2024-05-22,SEZL,0.14611451633625475,Buy
2024-05-22,CGON,-0.16666666666666666,Sell
2024-05-22,ASTS,-0.003942037553951866,Sell
2024-05-22,DNTH,0.16666666666666666,Buy
2024-05-22,IREN,0.005990458281734723,Buy
2024-05-22,TQQQ,0.0021214228567301707,Buy
2024-05-23,TARK,0.16666666666666666,Buy
2024-05-23,BABX,0.010799085561391641,Buy
2024-05-23,SEZL,-0.16666666666666666,Sell
2024-05-23,CGON,0.1594144254318543,Buy
2024-05-23,ASTS,-0.02101231354460595,Sell
2024-05-23,DNTH,-0.1546786487084542,Sell
2024-05-23,WGS,-0.16666666666666666,Sell
2024-05-23,IREN,0.14921089549710437,Buy
2024-05-23,TQQQ,0.005329862627964921,Buy
2024-05-24,TARK,-0.1760182914670786,Sell
2024-05-24,BABX,-0.17272187464115532,Sell
2024-05-24,SEZL,0.006167577209457958,Buy
2024-05-24,ASTS,0.028400150087449033,Buy
2024-05-24,EXAS,0.16666666666666666,Buy
2024-05-24,RAPT,0.16666666666666666,Buy
2024-05-24,WGS,0.17797775988510575,Buy
2024-05-24,IREN,-0.16666666666666666,Sell
2024-05-24,TQQQ,-0.008478759556497656,Sell
2024-05-28,ROOT,-0.16666666666666666,Sell
2024-05-28,SEZL,0.17237458397406674,Buy
2024-05-28,ASTS,0.0273319942008321,Buy
2024-05-28,EXAS,0.003904132144334521,Buy
2024-05-28,RAPT,-0.0015237237916936042,Sell
2024-05-28,INSM,-0.16666666666666666,Sell
2024-05-28,IREN,0.17384615431949074,Buy
2024-05-28,TQQQ,-0.007731858354088239,Sell
2024-05-29,ROOT,0.1880300947058075,Buy
2024-05-29,SEZL,-0.16666666666666666,Sell
2024-05-29,ASTS,0.1632486443867264,Buy
2024-05-29,EXAS,-0.019161839047463797,Sell
2024-05-29,RAPT,-0.02230322867961393,Sell
2024-05-29,INSM,0.05055283075290637,Buy
2024-05-29,TQQQ,-0.024210731694234378,Sell
2024-05-30,ITIC,-0.16666666666666666,Sell
2024-05-30,SEZL,0.005722350256522818,Buy
2024-05-30,MSTR,0.16666666666666666,Buy
2024-05-30,ASTS,-0.010628906120791926,Sell
2024-05-30,SLGL,0.16666666666666666,Buy
2024-05-30,EXAS,-0.16896121141165285,Sell
2024-05-30,RAPT,-0.1715924689669871,Sell
2024-05-30,INSM,0.17807512291603833,Buy
2024-05-30,TQQQ,0.004692919904657561,Buy
2024-05-31,ITIC,0.1629716696123684,Buy
2024-05-31,SEZL,-0.005420396574186609,Sell
2024-05-31,MSTR,-0.1614883172527397,Sell
2024-05-31,ASTS,-0.006049794223357802,Sell
2024-05-31,AAOI,0.16666666666666666,Buy
2024-05-31,SLGL,-0.18112311991831243,Sell
2024-05-31,RAPT,0.16666666666666666,Buy
2024-05-31,IREN,-0.16666666666666666,Sell
2024-05-31,TQQQ,0.0036119978508669937,Buy
2024-06-03,GPCR,-0.16666666666666666,Sell
2024-06-03,SEZL,-0.0056034592101049385,Sell
2024-06-03,ASTS,0.001689566396919695,Buy
2024-06-03,AAOI,-0.1700502921985724,Sell
2024-06-03,RAPT,0.0016636688927178234,Buy
2024-06-03,IREN,0.17072836813307157,Buy
2024-06-03,TQQQ,-0.001201889509854448,Sell
2024-06-03,DAVE,0.16666666666666666,Buy
2024-06-04,GPCR,0.17676336581408056,Buy
2024-06-04,SEZL,0.17699996130380383,Buy
2024-06-04,ASTS,0.010992503639790763,Buy
2024-06-04,COPJ,0.16666666666666666,Buy
2024-06-04,RAPT,-0.1699909131415049,Sell
2024-06-04,INSM,-0.16666666666666666,Sell
2024-06-04,TQQQ,-0.006328259143210363,Sell
2024-06-04,DAVE,0.008354002416285394,Buy
2024-06-04,QQQH,-0.16666666666666666,Sell
2024-06-05,SPRB,0.16666666666666666,Buy
2024-06-05,MLAB,-0.16666666666666666,Sell
2024-06-05,NUTX,0.16666666666666666,Buy
2024-06-05,SEZL,-0.16666666666666666,Sell
2024-06-05,ASTS,0.16596827168219314,Buy
2024-06-05,COPJ,-0.16661640787817164,Sell
2024-06-05,INSM,0.1660862387295399,Buy
2024-06-05,TQQQ,-0.006918192692685343,Sell
2024-06-05,DAVE,-0.17681367599153267,Sell
2024-06-05,QQQH,0.0002510472113333162,Buy
2024-06-06,SPRB,-0.16035404129279382,Sell
2024-06-06,MLAB,0.17225251739384015,Buy
2024-06-06,NUTX,-0.15957071987375274,Sell
2024-06-06,SEZL,0.012312910094672974,Buy
2024-06-06,ASTS,-0.16666666666666666,Sell
2024-06-06,DNTH,0.16666666666666666,Buy
2024-06-06,TQQQ,-0.005141152415580469,Sell
2024-06-06,DAVE,0.16666666666666666,Buy
2024-06-06,QQQH,0.0055566368642246955,Buy
2024-06-07,SEZL,0.1491463786626584,Buy
2024-06-07,KRUS,0.16666666666666666,Buy
2024-06-07,ASTS,0.1505872912154571,Buy
2024-06-07,AUMI,0.16666666666666666,Buy
2024-06-07,DNTH,-0.15659268883690955,Sell
2024-06-07,WGS,-0.16666666666666666,Sell
2024-06-07,IREN,-0.16666666666666666,Sell
2024-06-07,TQQQ,0.004454884810474624,Buy
2024-06-07,DAVE,-0.16689743604233098,Sell
2024-06-07,QQQH,-0.004050636694036824,Sell
2024-06-10,VSAT,0.16666666666666666,Buy
2024-06-10,KRUS,-0.16852173517247793,Sell
2024-06-10,ASTS,-0.16666666666666666,Sell
2024-06-10,CELH,0.16666666666666666,Buy
2024-06-10,AUMI,-0.1692441771063795,Sell
2024-06-10,WGS,0.0033502100765054332,Buy
2024-06-10,IREN,0.1621216547024301,Buy
2024-06-10,TQQQ,-0.0006659316295512807,Sell
2024-06-10,POWL,-0.16666666666666666,Sell
2024-06-10,QQQH,0.16612396071210447,Buy
2024-06-11,VSAT,-0.16951362872770315,Sell
2024-06-11,SEZL,0.16666666666666666,Buy
2024-06-11,ASTS,0.03333925035026725,Buy
2024-06-11,CELH,-0.17092999448327897,Sell
2024-06-11,DNTH,-0.16666666666666666,Sell
2024-06-11,RAPT,0.16666666666666666,Buy
2024-06-11,WGS,0.18093942368831406,Buy
2024-06-11,IREN,-0.16666666666666666,Sell
2024-06-11,TQQQ,-0.008718958451632147,Sell
2024-06-11,POWL,0.16557286158846854,Buy
2024-06-12,MNPR,-0.16666666666666666,Sell
2024-06-12,SEZL,-0.0015230782023312461,Sell
2024-06-12,ASTS,0.0024655401884368378,Buy
2024-06-12,CELH,0.16666666666666666,Buy
2024-06-12,DNTH,0.1796046069814369,Buy
2024-06-12,RAPT,-0.16454913730924187,Sell
2024-06-12,IREN,0.02099085036971085,Buy
2024-06-12,TQQQ,-0.01111643047700192,Sell
2024-06-13,MLAB,0.16666666666666666,Buy
2024-06-13,MNPR,0.16911700551350875,Buy
2024-06-13,SEZL,-0.17763880396595527,Sell
2024-06-13,ASTS,0.16933424185964494,Buy
2024-06-13,RGEN,0.16666666666666666,Buy
2024-06-13,CELH,-0.16656782469915865,Sell
2024-06-13,DNTH,-0.16666666666666666,Sell
2024-06-13,WGS,-0.16666666666666666,Sell
2024-06-13,IREN,0.0007679892364024499,Buy
2024-06-13,TQQQ,-0.0015812572102639755,Sell
2024-06-14,MLAB,-0.16239374768690334,Sell
2024-06-14,BABX,0.16666666666666666,Buy
2024-06-14,MNPR,-0.16666666666666666,Sell
2024-06-14,ASTS,-0.16666666666666666,Sell
2024-06-14,RGEN,-0.16445680519766198,Sell
2024-06-14,CELH,0.16666666666666666,Buy
2024-06-14,DNTH,0.15900479560948377,Buy
2024-06-14,WGS,-0.0017336208303473655,Sell
2024-06-14,IREN,0.1590990736050891,Buy
2024-06-14,TQQQ,-0.000599564956874854,Sell
2024-06-17,BABX,-0.17200133033136078,Sell
2024-06-17,ROOT,-0.16666666666666666,Sell
2024-06-17,MNPR,0.1521100476094017,Buy
2024-06-17,ASTS,0.024483300252655826,Buy
2024-06-17,APGE,0.16666666666666666,Buy
2024-06-17,CELH,0.0046770457044073566,Buy
2024-06-17,WGS,0.16025180168674386,Buy
2024-06-17,IREN,-0.16666666666666666,Sell
2024-06-17,TQQQ,-0.00562305277930808,Sell
2024-06-18,VSAT,0.16666666666666666,Buy
2024-06-18,ROOT,0.15683374016761759,Buy
2024-06-18,ASTS,-0.008283251556098825,Sell
2024-06-18,APGE,0.01425652492646054,Buy
2024-06-18,CELH,-0.34364852691596137,Sell
2024-06-18,IREN,0.15773577097921332,Buy
2024-06-18,TQQQ,0.003192263320361488,Buy
2024-06-18,KARO,-0.16666666666666666,Sell
2024-06-20,VSAT,-0.16555240615933195,Sell
2024-06-20,MNPR,0.16666666666666666,Buy
2024-06-20,ASTS,0.16222120175880933,Buy
2024-06-20,APGE,-0.17228594461811658,Sell
2024-06-20,AAOI,0.16666666666666666,Buy
2024-06-20,CELH,0.16108781171814526,Buy
2024-06-20,SLGL,-0.16666666666666666,Sell
2024-06-20,MIRM,-0.16666666666666666,Sell
2024-06-20,IREN,-0.16666666666666666,Sell
2024-06-20,TQQQ,0.005863604946504591,Buy
2024-06-20,KARO,0.16315570984445787,Buy
2024-06-21,ROOT,-0.16666666666666666,Sell
2024-06-21,MNPR,-0.16668868017975627,Sell
2024-06-21,HIFS,0.16666666666666666,Buy
2024-06-21,AAOI,-0.16679762900076767,Sell
2024-06-21,SLGL,0.14699666553462606,Buy
2024-06-21,MIRM,0.16733296267528758,Buy
2024-06-21,IREN,-0.011336662251421076,Sell
2024-06-21,TCOM,0.16666666666666666,Buy
2024-06-21,PSIX,-0.16666666666666666,Sell
2024-06-21,TQQQ,0.00557879587286686,Buy
2024-06-24,NVDL,0.16666666666666666,Buy
2024-06-24,ROOT,0.16196091086099265,Buy
2024-06-24,MNPR,-0.16666666666666666,Sell
2024-06-24,ASTS,-0.16666666666666666,Sell
2024-06-24,HIFS,-0.16956880344458222,Sell
2024-06-24,ALNY,-0.16666666666666666,Sell
2024-06-24,CELH,0.16666666666666666,Buy
2024-06-24,IREN,0.15699713219750322,Buy
2024-06-24,TCOM,-0.16634020260283255,Sell
2024-06-24,PSIX,0.16656860589822847,Buy
2024-06-24,TQQQ,0.0071810377902400135,Buy
2024-06-25,VSAT,0.16666666666666666,Buy
2024-06-25,NVDL,-0.1916187156687594,Sell
2024-06-25,MNPR,0.00621268781528464,Buy
2024-06-25,ASTS,0.012384873278483949,Buy
2024-06-25,HUT,-0.16666666666666666,Sell
2024-06-25,ALNY,0.1814882780897292,Buy
2024-06-25,CELH,0.009234405274302443,Buy
2024-06-25,TQQQ,-0.007409734053927641,Sell
2024-06-26,VSAT,-0.17224260515491246,Sell
2024-06-26,NVDL,-0.16666666666666666,Sell
2024-06-26,GPCR,0.16666666666666666,Buy
2024-06-26,MNPR,0.14949707913377858,Buy
2024-06-26,ASTS,0.001401373827119995,Buy
2024-06-26,HUT,0.00552776665512672,Buy
2024-06-26,CELH,-0.16638577553657125,Sell
2024-06-26,TQQQ,0.0013119380245120438,Buy
2024-06-26,DAVE,0.16666666666666666,Buy
2024-06-27,NVDL,0.15889874160830206,Buy
2024-06-27,GPCR,-0.17094910265118898,Sell
2024-06-27,ROOT,-0.16666666666666666,Sell
2024-06-27,SEZL,-0.16666666666666666,Sell
2024-06-27,ASTS,0.0020203798345259094,Buy
2024-06-27,HUT,0.16414997439064746,Buy
2024-06-27,FCAP,0.16666666666666666,Buy
2024-06-27,TQQQ,2.0912308655890444e-05,Buy
2024-06-27,DAVE,0.00495385817551422,Buy
2024-06-28,GPCR,-0.16666666666666666,Sell
2024-06-28,ROOT,0.16912003588254393,Buy
2024-06-28,SEZL,0.16681751621011204,Buy
2024-06-28,MSTR,0.16666666666666666,Buy
2024-06-28,KRUS,0.16666666666666666,Buy
2024-06-28,ASTS,0.0019258923005593953,Buy
2024-06-28,FCAP,-0.17496182562525026,Sell
2024-06-28,TQQQ,0.0030134828352214316,Buy
2024-06-28,DAVE,-0.16854985628385355,Sell
2024-06-28,KARO,-0.16666666666666666,Sell
2024-07-01,GPCR,0.16979834175489894,Buy
2024-07-01,MNPR,-0.16666666666666666,Sell
2024-07-01,MSTR,0.0013600581260948263,Buy
2024-07-01,KRUS,0.007074790343009785,Buy
2024-07-01,ASTS,0.15564366224032972,Buy
2024-07-01,IPX,-0.16666666666666666,Sell
2024-07-01,IREN,-0.16666666666666666,Sell
2024-07-01,TQQQ,-0.0027652634072447557,Sell
2024-07-01,KARO,0.16874772430228807,Buy
2024-07-02,IRON,0.16666666666666666,Buy
2024-07-02,MNPR,0.16690790473197306,Buy
2024-07-02,MSTR,0.0006476308602478831,Buy
2024-07-02,KRUS,-0.17399434946065906,Sell
2024-07-02,IPX,0.018009557024651707,Buy
2024-07-02,IREN,0.02920159669143632,Buy
2024-07-02,TQQQ,-0.010375074895742326,Sell
2024-07-02,CENX,-0.16666666666666666,Sell
2024-07-03,TARS,-0.16666666666666666,Sell
2024-07-03,FSLR,-0.16666666666666666,Sell
2024-07-03,GPCR,0.16666666666666666,Buy
2024-07-03,IRON,-0.178210019618502,Sell
2024-07-03,MSTR,0.0020163996739239742,Buy
2024-07-03,IPX,0.17082609419934877,Buy
2024-07-03,IREN,-0.0001916853465922519,Sell
2024-07-03,TQQQ,-0.0043740582223561475,Sell
2024-07-03,CENX,0.1780506551302946,Buy
2024-07-05,TARS,0.15930467494337966,Buy
2024-07-05,FSLR,0.15887410579119948,Buy
2024-07-05,GPCR,-0.16671679850049734,Sell
2024-07-05,MNPR,-0.16666666666666666,Sell
2024-07-05,MSTR,0.003948384206139882,Buy
2024-07-05,ASTS,-0.16666666666666666,Sell
2024-07-05,AAOI,0.16666666666666666,Buy
2024-07-05,IREN,0.00647088141851021,Buy
2024-07-05,TQQQ,-0.003644967849045111,Sell
2024-07-08,MNPR,-3.427380282111647e-05,Sell
2024-07-08,NUTX,0.16666666666666666,Buy
2024-07-08,MSTR,-0.1636919499396316,Sell
2024-07-08,ASTS,0.15863509005246557,Buy
2024-07-08,HUT,-0.16666666666666666,Sell
2024-07-08,AAOI,-0.18100811584965193,Sell
2024-07-08,PVLA,0.16666666666666666,Buy
2024-07-08,DNTH,-0.16666666666666666,Sell
2024-07-08,IREN,0.1582416868763537,Buy
2024-07-08,TQQQ,0.0030230520373287773,Buy
2024-07-09,MASI,0.16666666666666666,Buy
2024-07-09,MNPR,0.16752211074922063,Buy
2024-07-09,NUTX,-0.15572096591077708,Sell
2024-07-09,KYMR,-0.16666666666666666,Sell
2024-07-09,KRUS,0.16666666666666666,Buy
2024-07-09,HUT,0.15300387499656498,Buy
2024-07-09,PVLA,-0.16595523067187706,Sell
2024-07-09,DNTH,0.16908975773224727,Buy
2024-07-09,PSIX,-0.16666666666666666,Sell
2024-07-09,TQQQ,-0.0005427217244681204,Sell
2024-07-09,DAVE,-0.16666666666666666,Sell
2024-07-10,LNTH,-0.16666666666666666,Sell
2024-07-10,MASI,-0.16240541312383844,Sell
2024-07-10,GPCR,-0.16666666666666666,Sell
2024-07-10,KYMR,0.14917203373741114,Buy
2024-07-10,KRUS,0.030459724446809056,Buy
2024-07-10,PSIX,0.12745040986628106,Buy
2024-07-10,TQQQ,-0.0007173015956887796,Sell
2024-07-10,DAVE,-0.0038982984266991427,Sell
2024-07-10,LOGI,0.16666666666666666,Buy
2024-07-11,LNTH,0.19954880461762114,Buy
2024-07-11,MLAB,-0.16666666666666666,Sell
2024-07-11,GPCR,0.1752075834930017,Buy
2024-07-11,KRUS,-0.1922146794775741,Sell
2024-07-11,PVLA,0.16666666666666666,Buy
2024-07-11,IREN,0.16666666666666666,Buy
2024-07-11,TQQQ,0.006530754257023458,Buy
2024-07-11,DAVE,0.012882645616460853,Buy
2024-07-11,LOGI,-0.17382381174708209,Sell
2024-07-11,CZFS,-0.16666666666666666,Sell
2024-07-12,SPRB,0.16666666666666666,Buy
2024-07-12,MLAB,0.16421960705213504,Buy
2024-07-12,SEZL,-0.16666666666666666,Sell
2024-07-12,KRUS,0.16666666666666666,Buy
2024-07-12,PVLA,-0.17143444008853945,Sell
2024-07-12,IREN,-0.34628917450643903,Sell
2024-07-12,PSIX,-0.16666666666666666,Sell
2024-07-12,TQQQ,0.000583956578580902,Buy
2024-07-12,DAVE,0.1675182222180781,Buy
2024-07-12,CZFS,0.16560703502161558,Buy
2024-07-15,SPRB,-0.16812085974251,Sell
2024-07-15,SEZL,0.16299859077728798,Buy
2024-07-15,KRUS,0.005045777116304745,Buy
2024-07-15,CFFI,-0.16666666666666666,Sell
2024-07-15,HUT,-0.16666666666666666,Sell
2024-07-15,CELH,0.16666666666666666,Buy
2024-07-15,IREN,0.16240658480104136,Buy
2024-07-15,PSIX,0.005190217832801131,Buy
2024-07-15,TQQQ,-0.0012449842799016342,Sell
2024-07-16,SPRB,0.16666666666666666,Buy
2024-07-16,NUTX,-0.16666666666666666,Sell
2024-07-16,KRUS,-0.17880944285228964,Sell
2024-07-16,CFFI,0.16945771809756133,Buy
2024-07-16,HUT,0.1725699903003206,Buy
2024-07-16,AAOI,-0.16666666666666666,Sell
2024-07-16,CELH,-0.16540335955552976,Sell
2024-07-16,PVLA,0.16666666666666666,Buy
2024-07-16,PSIX,0.15637262164522578,Buy
2024-07-16,TQQQ,0.001642804231908629,Buy
2024-07-16,DAVE,-0.16666666666666666,Sell
2024-07-17,SPRB,-0.15797326876404588,Sell
2024-07-17,FIVE,0.16666666666666666,Buy
2024-07-17,NUTX,-0.016606601851063635,Sell
2024-07-17,CHPS,0.16666666666666666,Buy
2024-07-17,KRUS,0.16666666666666666,Buy
2024-07-17,AAOI,0.15280227222242665,Buy
2024-07-17,PVLA,-0.1631973816115114,Sell
2024-07-17,PSIX,-0.16666666666666666,Sell
2024-07-17,TQQQ,-0.1512585174331174,Sell
2024-07-17,DAVE,-0.0024542241450131452,Sell
2024-07-18,FIVE,-0.16447525040812055,Sell
2024-07-18,NVDL,-0.16666666666666666,Sell
2024-07-18,NUTX,0.0034883579398123643,Buy
2024-07-18,CHPS,-0.165174606861994,Sell
2024-07-18,INBX,0.16666666666666666,Buy
2024-07-18,NVDU,-0.16666666666666666,Sell
2024-07-18,KRUS,0.003749430299078066,Buy
2024-07-18,DPZ,0.16666666666666666,Buy
2024-07-18,PSIX,0.1681800198389401,Buy
2024-07-18,DAVE,0.15052772586618665,Buy
2024-07-19,NVDL,0.1556980144213135,Buy
2024-07-19,NUTX,0.16685358483796967,Buy
2024-07-19,LPLA,-0.16666666666666666,Sell
2024-07-19,CHPS,0.16666666666666666,Buy
2024-07-19,INBX,-0.16326012598099154,Sell
2024-07-19,NVDU,0.15584353660070624,Buy
2024-07-19,MSTR,-0.16666666666666666,Sell
2024-07-19,KRUS,-0.16572651689172685,Sell
2024-07-19,DPZ,-0.16256881835079026,Sell
2024-07-19,IREN,-0.16666666666666666,Sell
2024-07-19,TQQQ,0.16666666666666666,Buy
2024-07-19,CENX,0.16666666666666666,Buy
2024-07-22,NVDL,-0.16666666666666666,Sell
2024-07-22,LPLA,0.16843551045924074,Buy
2024-07-22,CHPS,-0.17156489129854566,Sell
2024-07-22,NVDU,-0.16666666666666666,Sell
2024-07-22,MSTR,0.16854484696268354,Buy
2024-07-22,KRUS,0.16666666666666666,Buy
2024-07-22,DPZ,-0.16666666666666666,Sell
2024-07-22,CRWD,0.16666666666666666,Buy
2024-07-22,IREN,0.17064958774776381,Buy
2024-07-22,TQQQ,-0.007121272670039036,Sell
2024-07-22,CENX,-0.16362908190273248,Sell
2024-07-23,NVDL,0.16173933744148145,Buy
2024-07-23,NUTX,-0.16666666666666666,Sell
2024-07-23,NVDU,0.16149084651593126,Buy
2024-07-23,KRUS,-0.002642411664840749,Sell
2024-07-23,DPZ,0.16807191199902352,Buy
2024-07-23,CRWD,-0.16824504395992929,Sell
2024-07-23,SLGL,0.16666666666666666,Buy
2024-07-23,HQY,-0.16666666666666666,Sell
2024-07-23,PSIX,-0.16666666666666666,Sell
2024-07-23,TQQQ,0.003312868492228227,Buy
2024-07-24,NVDL,0.16666666666666666,Buy
2024-07-24,NUTX,0.17068045820854946,Buy
2024-07-24,PTGX,-0.16666666666666666,Sell
2024-07-24,CHPS,0.16666666666666666,Buy
2024-07-24,KRUS,-0.1663719435648161,Sell
2024-07-24,PVLA,-0.16666666666666666,Sell
2024-07-24,SLGL,-0.16223117254376307,Sell
2024-07-24,HQY,0.17054198955555658,Buy
2024-07-24,PSIX,0.00524995159895128,Buy
2024-07-24,TQQQ,0.013286893332704108,Buy
2024-07-25,NVDL,-0.16782182778856164,Sell
2024-07-25,LPLA,-0.16666666666666666,Sell
2024-07-25,PTGX,0.1729681995399558,Buy
2024-07-25,CHPS,-0.003221682184586072,Sell
2024-07-25,HUT,0.16666666666666666,Buy
2024-07-25,PVLA,0.03380691360500429,Buy
2024-07-25,SLGL,0.16666666666666666,Buy
2024-07-25,PSIX,0.01153972244635515,Buy
2024-07-25,TQQQ,-0.16849416540947396,Sell
2024-07-26,MNPR,-0.16666666666666666,Sell
2024-07-26,LPLA,0.14824853746211125,Buy
2024-07-26,CHPS,-0.16295869418330364,Sell
2024-07-26,DXCM,0.16666666666666666,Buy
2024-07-26,HUT,-0.1644013345828446,Sell
2024-07-26,PVLA,-0.009161358905094008,Sell
2024-07-26,SAIA,0.16666666666666666,Buy
2024-07-26,SLGL,-0.17844860636674903,Sell
2024-07-26,TER,-0.16666666666666666,Sell
2024-07-26,PSIX,0.16149948826795638,Buy
2024-07-26,TQQQ,0.16666666666666666,Buy
2024-07-29,NVDL,0.16666666666666666,Buy
2024-07-29,MNPR,0.0010504003618128088,Buy
2024-07-29,NUTX,-0.16666666666666666,Sell
2024-07-29,DXCM,-0.17441426173836894,Sell
2024-07-29,HUT,0.16666666666666666,Buy
2024-07-29,AAOI,0.16666666666666666,Buy
2024-07-29,PVLA,-0.007665496632242308,Sell
2024-07-29,SAIA,-0.16115503286307348,Sell
2024-07-29,TER,0.16734245729069275,Buy
2024-07-29,TQQQ,-0.16638542541838172,Sell
2024-07-30,NVDL,0.018990665637165255,Buy
2024-07-30,MNPR,0.16484753571023286,Buy
2024-07-30,NUTX,0.17328234420169977,Buy
2024-07-30,NVDU,0.16666666666666666,Buy
2024-07-30,CVLT,-0.16666666666666666,Sell
2024-07-30,HUT,-0.161943140220965,Sell
2024-07-30,AAOI,-0.16982103453117353,Sell
2024-07-30,PVLA,0.00577148598833932,Buy
2024-07-30,SYM,0.16666666666666666,Buy
2024-07-30,PSIX,-0.16666666666666666,Sell
2024-07-31,NVDL,-0.35990039987644556,Sell
2024-07-31,ROOT,0.16666666666666666,Buy
2024-07-31,NVDU,-0.3591687000661288,Sell
2024-07-31,CVLT,0.15489568227139341,Buy
2024-07-31,PVLA,0.15524604835143882,Buy
2024-07-31,SLGL,0.16666666666666666,Buy
2024-07-31,SYM,-0.15089908037424157,Sell
2024-07-31,PSIX,0.1464335674285885,Buy
2024-07-31,TQQQ,0.16666666666666666,Buy
2024-07-31,POWL,-0.16666666666666666,Sell
2024-08-01,RMBS,0.16666666666666666,Buy
2024-08-01,NVDL,0.13866166906627697,Buy
2024-08-01,ROOT,-0.15331424665505308,Sell
2024-08-01,CHPS,0.16666666666666666,Buy
2024-08-01,NVDU,0.13873408755867733,Buy
2024-08-01,PVLA,-0.16666666666666666,Sell
2024-08-01,SLGL,-0.15691545263577847,Sell
2024-08-01,EXAS,-0.16666666666666666,Sell
2024-08-01,ARM,0.16666666666666666,Buy
2024-08-01,OMCL,-0.16666666666666666,Sell
2024-08-01,TQQQ,-0.14840217215518964,Sell
2024-08-01,POWL,0.14031287481049676,Buy
2024-08-02,RMBS,-0.16185780639356973,Sell
2024-08-02,CRAI,-0.16666666666666666,Sell
2024-08-02,COCO,-0.16666666666666666,Sell
2024-08-02,GRAL,-0.16666666666666666,Sell
2024-08-02,FORM,0.16666666666666666,Buy
2024-08-02,CHPS,0.003670350570265657,Buy
2024-08-02,PVLA,0.17567749536680194,Buy
2024-08-02,EXAS,0.1708772616096567,Buy
2024-08-02,ARM,-0.16110050016714017,Sell
2024-08-02,OMCL,0.17418912015437335,Buy
2024-08-02,INTC,0.16666666666666666,Buy
2024-08-05,BITS,0.16666666666666666,Buy
2024-08-05,CRAI,0.0033590921407089525,Buy
2024-08-05,COCO,0.16243708065598245,Buy
2024-08-05,NVDL,0.16666666666666666,Buy
2024-08-05,GRAL,0.1744560701659594,Buy
2024-08-05,FORM,-0.17030300133315374,Sell
2024-08-05,CHPS,-0.16580533233964118,Sell
2024-08-05,STRA,-0.16666666666666666,Sell
2024-08-05,NVDU,0.16666666666666666,Buy
2024-08-05,INTC,-0.15808820211500998,Sell
2024-08-05,NVMI,-0.16666666666666666,Sell
2024-08-06,BITS,-0.3376807426171129,Sell
2024-08-06,CRAI,0.162729567787565,Buy
2024-08-06,OPPJ,-0.16666666666666666,Sell
2024-08-06,NVDL,-0.17340629487516693,Sell
2024-08-06,STRA,0.1607523503158928,Buy
2024-08-06,NVDU,-0.17365549810494216,Sell
2024-08-06,CELH,0.16666666666666666,Buy
2024-08-06,AFRM,0.16666666666666666,Buy
2024-08-06,TQQQ,0.16666666666666666,Buy
2024-08-06,NVMI,0.0014376947404447782,Buy
2024-08-07,BITS,0.15834457054497988,Buy
2024-08-07,OPPJ,0.17061185749311258,Buy
2024-08-07,NVDL,0.16666666666666666,Buy
2024-08-07,MSTR,0.16666666666666666,Buy
2024-08-07,CELH,-0.16315374309267905,Sell
2024-08-07,ACMR,-0.16666666666666666,Sell
2024-08-07,AFRM,-0.16693504582954674,Sell
2024-08-07,IREN,0.16666666666666666,Buy
2024-08-07,PSIX,-0.16666666666666666,Sell
2024-08-07,TQQQ,-0.1618267863585567,Sell
2024-08-07,NVMI,0.16580997306923684,Buy
2024-08-07,CRUS,-0.16666666666666666,Sell
2024-08-08,BITS,-0.16666666666666666,Sell
2024-08-08,NVDL,-0.18013862860210642,Sell
2024-08-08,ALNT,0.16666666666666666,Buy
2024-08-08,ROOT,0.16666666666666666,Buy
2024-08-08,MSTR,-0.1743001220319361,Sell
2024-08-08,FROG,0.16666666666666666,Buy
2024-08-08,ACMR,0.17707240738000177,Buy
2024-08-08,AMBA,-0.16666666666666666,Sell
2024-08-08,IREN,-0.17966843179326003,Sell
2024-08-08,PSIX,0.14585410992443548,Buy
2024-08-08,NVMI,-0.16666666666666666,Sell
2024-08-08,CRUS,0.16956652289014199,Buy
2024-08-09,BITS,0.16571407713729314,Buy
2024-08-09,OPPJ,-0.16666666666666666,Sell
2024-08-09,ALNT,-0.1656311753275745,Sell
2024-08-09,ROOT,-0.1765592540908271,Sell
2024-08-09,MNPR,0.16666666666666666,Buy
2024-08-09,STRT,-0.16666666666666666,Sell
2024-08-09,FROG,-0.174237156697349,Sell
2024-08-09,AAOI,0.16666666666666666,Buy
2024-08-09,AMBA,0.1657260130822814,Buy
2024-08-09,TQQQ,0.16666666666666666,Buy
2024-08-09,NVMI,0.0048536137486279995,Buy
2024-08-12,IRTC,0.16666666666666666,Buy
2024-08-12,OPPJ,0.16938691131324382,Buy
2024-08-12,ALGT,0.16666666666666666,Buy
2024-08-12,MNPR,-0.17924308887568907,Sell
2024-08-12,MSTR,0.16666666666666666,Buy
2024-08-12,STRT,0.025089194193136904,Buy
2024-08-12,AAOI,-0.17059743193200708,Sell
2024-08-12,PSIX,-0.16666666666666666,Sell
2024-08-12,TQQQ,-0.16935017065427457,Sell
2024-08-12,CENX,-0.16666666666666666,Sell
2024-08-12,NVMI,0.16686386070966913,Buy
2024-08-13,IRTC,-0.17020729704061452,Sell
2024-08-13,VSAT,0.16666666666666666,Buy
2024-08-13,SATS,-0.16666666666666666,Sell
2024-08-13,ROOT,0.16666666666666666,Buy
2024-08-13,ALGT,-0.16834742504619252,Sell
2024-08-13,MSTR,-0.17043130179721483,Sell
2024-08-13,STRT,0.01866990939537952,Buy
2024-08-13,AMBA,-0.16666666666666666,Sell
2024-08-13,PSIX,0.15402765417201678,Buy
2024-08-13,TQQQ,0.16666666666666666,Buy
2024-08-13,CENX,0.16217458724901762,Buy
2024-08-14,VSAT,-0.1665414360224728,Sell
2024-08-14,SATS,-0.00099478884232862,Sell
2024-08-14,NVDL,-0.16666666666666666,Sell
2024-08-14,ROOT,-0.16819124842172783,Sell
2024-08-14,NVDU,-0.16666666666666666,Sell
2024-08-14,MSTR,0.16666666666666666,Buy
2024-08-14,STRT,0.1700632005247547,Buy
2024-08-14,AMBA,0.16257159950763422,Buy
2024-08-14,TQQQ,0.0001354506310267123,Buy
2024-08-14,CENX,0.16666666666666666,Buy
2024-08-15,SATS,0.17338358464414277,Buy
2024-08-15,NVDL,0.016219258349414734,Buy
2024-08-15,NVDU,0.01665170784342987,Buy
2024-08-15,MSTR,-0.004653909768579073,Sell
2024-08-15,SQQQ,0.16666666666666666,Buy
2024-08-15,PSIX,-0.16666666666666666,Sell
2024-08-15,TQQQ,-0.01536447177631306,Sell
2024-08-15,CENX,-0.1708063788982897,Sell
2024-08-16,NVDL,0.011224312199902525,Buy
2024-08-16,ALGT,0.16666666666666666,Buy
2024-08-16,NVDU,0.01104303485685948,Buy
2024-08-16,MSTR,-0.17484411230360095,Sell
2024-08-16,SQQQ,-0.17275560555622257,Sell
2024-08-16,LSCC,0.16666666666666666,Buy
2024-08-16,PSIX,0.03929553579781378,Buy
2024-08-16,TQQQ,-0.007174513403744226,Sell
2024-08-19,NVDL,0.01754634413472339,Buy
2024-08-19,ALGT,-0.1730125038143213,Sell
2024-08-19,NVDU,0.017588530147145343,Buy
2024-08-19,SLGL,-0.16666666666666666,Sell
2024-08-19,SQQQ,0.16666666666666666,Buy
2024-08-19,RAPT,0.16666666666666666,Buy
2024-08-19,LSCC,-0.17158001974618364,Sell
2024-08-19,PSIX,0.16901005988668713,Buy
2024-08-19,TQQQ,-0.009403118296209212,Sell
2024-08-20,NVDL,0.15460180301044352,Buy
2024-08-20,ROOT,0.16666666666666666,Buy
2024-08-20,NUTX,-0.16666666666666666,Sell
2024-08-20,NVDU,0.15471923437009372,Buy
2024-08-20,DXCM,0.16666666666666666,Buy
2024-08-20,SLGL,0.15424802502019452,Buy
2024-08-20,SQQQ,-0.16268398005156426,Sell
2024-08-20,RAPT,-0.17190167933903647,Sell
2024-08-20,PSIX,-0.16666666666666666,Sell
2024-08-20,TQQQ,0.006200786441919598,Buy
2024-08-20,TEM,-0.16666666666666666,Sell
2024-08-21,ROOT,-0.17161444524249497,Sell
2024-08-21,NUTX,0.00448397386550814,Buy
2024-08-21,DXCM,-0.17306346472171882,Sell
2024-08-21,SLGL,-0.16666666666666666,Sell
2024-08-21,PSIX,0.17144409022988819,Buy
2024-08-21,TQQQ,-0.007927044708515102,Sell
2024-08-21,TSLA,0.16666666666666666,Buy
2024-08-21,TEM,0.04300299480454897,Buy
2024-08-21,ENLT,0.16666666666666666,Buy
2024-08-22,NUTX,0.01446118050228215,Buy
2024-08-22,ASTS,-0.16666666666666666,Sell
2024-08-22,SLGL,0.03328830809373942,Buy
2024-08-22,LSCC,0.16666666666666666,Buy
2024-08-22,TQQQ,0.0023347696491695935,Buy
2024-08-22,INTC,0.16666666666666666,Buy
2024-08-22,TSLA,-0.16287348085595774,Sell
2024-08-22,TEM,0.1558606699507275,Buy
2024-08-22,ENLT,-0.1742775444722232,Sell
2024-08-23,MNPR,0.16666666666666666,Buy
2024-08-23,NUTX,-0.004254619543750504,Sell
2024-08-23,NVDU,-0.16666666666666666,Sell
2024-08-23,ASTS,0.1554555426239095,Buy
2024-08-23,SLGL,0.15012391470362885,Buy
2024-08-23,ACMR,0.16666666666666666,Buy
2024-08-23,LSCC,-0.16754224889417374,Sell
2024-08-23,IREN,-0.16666666666666666,Sell
2024-08-23,TQQQ,7.73944520256753e-05,Buy
2024-08-23,INTC,-0.16504658618286047,Sell
2024-08-26,MNPR,-0.17207717322205943,Sell
2024-08-26,NUTX,0.022103986346779098,Buy
2024-08-26,NVDU,0.16146104448793222,Buy
2024-08-26,SLGL,-0.16666666666666666,Sell
2024-08-26,ACMR,0.005581251063291465,Buy
2024-08-26,IREN,0.1591982885095905,Buy
2024-08-26,PSIX,-0.16666666666666666,Sell
2024-08-26,TQQQ,0.0028273657832731114,Buy
2024-08-26,PDD,0.16666666666666666,Buy
2024-08-27,MNPR,0.16666666666666666,Buy
2024-08-27,NUTX,-0.00249325450286611,Sell
2024-08-27,SLGL,0.01959494332540726,Buy
2024-08-27,RAPT,0.16666666666666666,Buy
2024-08-27,ACMR,-0.16728721217422401,Sell
2024-08-27,PSIX,0.1624906908696947,Buy
2024-08-27,TQQQ,-0.0036864055485675284,Sell
2024-08-27,PDD,-0.16201304209791453,Sell
2024-08-27,TEM,-0.16666666666666666,Sell
2024-08-28,ROOT,0.16666666666666666,Buy
2024-08-28,MNPR,0.012888328669140858,Buy
2024-08-28,NUTX,-0.018365953932354073,Sell
2024-08-28,SLGL,-0.005323842788514499,Sell
2024-08-28,RAPT,-0.1597849479905224,Sell
2024-08-28,PSIX,-0.16666666666666666,Sell
2024-08-28,TQQQ,0.008897215307036799,Buy
2024-08-28,TEM,0.14126656274262855,Buy
2024-08-29,NVDL,0.16666666666666666,Buy
2024-08-29,ROOT,-0.17390139531803447,Sell
2024-08-29,MNPR,-0.1743317025818497,Sell
2024-08-29,NUTX,0.003544781426615129,Buy
2024-08-29,NVDU,0.16666666666666666,Buy
2024-08-29,ASTS,-0.16666666666666666,Sell
2024-08-29,SLGL,0.005131893703720886,Buy
2024-08-29,PSIX,0.16886382545591375,Buy
2024-08-29,TQQQ,0.0012985907114733963,Buy
2024-08-30,NVDL,-0.1689040679023686,Sell
2024-08-30,NUTX,0.16063053538762,Buy
2024-08-30,NVDU,-0.16899571614018843,Sell
2024-08-30,KRUS,0.16666666666666666,Buy
2024-08-30,ASTS,-0.0036851857201024296,Sell
2024-08-30,AAOI,-0.16666666666666666,Sell
2024-08-30,SLGL,0.1687468758319036,Buy
2024-08-30,RAPT,0.16666666666666666,Buy
2024-08-30,TQQQ,-0.0030849826424492743,Sell
2024-08-30,TEM,-0.16666666666666666,Sell
2024-09-03,DRUG,-0.16666666666666666,Sell
2024-09-03,TARK,0.16666666666666666,Buy
2024-09-03,NVDL,0.16666666666666666,Buy
2024-09-03,NVDU,0.16666666666666666,Buy
2024-09-03,KRUS,-0.15924594257695954,Sell
2024-09-03,ASTS,0.006410740978384538,Buy
2024-09-03,AAOI,0.017935412150857033,Buy
2024-09-03,RAPT,-0.16798925736499004,Sell
2024-09-03,TQQQ,-0.15530697729477508,Sell
2024-09-03,TEM,0.14991881570238458,Buy
2024-09-04,DRUG,0.008377717291857406,Buy
2024-09-04,TARK,-0.17333406123293466,Sell
2024-09-04,NVDL,-0.0017628665276864242,Sell
2024-09-04,NVDU,-0.0016443987815609462,Sell
2024-09-04,ASTS,0.0294979000363291,Buy
2024-09-04,AAOI,0.018261444844277747,Buy
2024-09-04,TQQQ,0.16666666666666666,Buy
2024-09-05,DRUG,0.01119232761043043,Buy
2024-09-05,VSAT,-0.16666666666666666,Sell
2024-09-05,SATS,-0.16666666666666666,Sell
2024-09-05,NVDL,0.0011246417273017284,Buy
2024-09-05,NVDU,0.0008920369483869095,Buy
2024-09-05,ASTS,0.1399824150232771,Buy
2024-09-05,AAOI,0.15324798814244542,Buy
2024-09-05,TQQQ,0.0033767117760737653,Buy
2024-09-06,DRUG,-0.0017380743078997118,Sell
2024-09-06,VSAT,0.1696787250811371,Buy
2024-09-06,SATS,0.17308957030606587,Buy
2024-09-06,TARS,-0.16666666666666666,Sell
2024-09-06,NVDL,0.008434430020013622,Buy
2024-09-06,NVDU,0.008209272271985979,Buy
2024-09-06,ASTS,-0.16666666666666666,Sell
2024-09-06,TQQQ,0.008467198747194177,Buy
2024-09-09,DRUG,0.005761872710067062,Buy
2024-09-09,VSAT,0.16666666666666666,Buy
2024-09-09,TARS,0.16734135238863057,Buy
2024-09-09,NVDL,-0.1751980499636984,Sell
2024-09-09,NVDU,-0.17474186566646213,Sell
2024-09-09,ASTS,-0.0039260974652828295,Sell
2024-09-09,HUT,-0.16666666666666666,Sell
2024-09-09,SLGL,0.16666666666666666,Buy
2024-09-09,TQQQ,-0.0032339780641419402,Sell
2024-09-10,DRUG,0.005720070795019655,Buy
2024-09-10,VSAT,0.010095306176726798,Buy
2024-09-10,ROOT,0.16666666666666666,Buy
2024-09-10,ASTS,0.0017959587487679507,Buy
2024-09-10,HUT,0.008672898460677314,Buy
2024-09-10,SLGL,-0.18381378592398873,Sell
2024-09-10,TQQQ,-0.005201071747237357,Sell
2024-09-11,DRUG,0.1604848616887656,Buy
2024-09-11,VSAT,-0.1652132894189822,Sell
2024-09-11,ROOT,-0.16835371051818313,Sell
2024-09-11,NVDU,-0.16666666666666666,Sell
2024-09-11,ASTS,0.010704047065976025,Buy
2024-09-11,HUT,0.001469766926524424,Buy
2024-09-11,SLGL,0.16666666666666666,Buy
2024-09-11,RAPT,0.16666666666666666,Buy
2024-09-11,TQQQ,-0.009907316173183273,Sell
2024-09-12,AGMI,-0.16666666666666666,Sell
2024-09-12,MNPR,-0.16666666666666666,Sell
2024-09-12,NVDU,0.17499956450525703,Buy
2024-09-12,ASTS,0.16117032087750102,Buy
2024-09-12,HUT,0.0060995282797382255,Buy
2024-09-12,SLGL,0.00522494164154072,Buy
2024-09-12,RAPT,-0.16784814249089644,Sell
2024-09-12,TQQQ,-0.006146525253889007,Sell
2024-09-12,TEM,0.16666666666666666,Buy
2024-09-13,VSAT,0.16666666666666666,Buy
2024-09-13,AGMI,0.17358428595703654,Buy
2024-09-13,MNPR,0.16214867873863514,Buy
2024-09-13,CRDO,-0.16666666666666666,Sell
2024-09-13,ASTS,-0.16666666666666666,Sell
2024-09-13,HUT,0.004595577718731814,Buy
2024-09-13,SLGL,0.0033711219762862232,Buy
2024-09-13,TQQQ,-0.0014340751768005255,Sell
2024-09-13,TEM,-0.18027704150890833,Sell
2024-09-16,VSAT,-0.17327873038590486,Sell
2024-09-16,NVDL,0.16666666666666666,Buy
2024-09-16,CRDO,0.1590223646422281,Buy
2024-09-16,NUVL,-0.16666666666666666,Sell
2024-09-16,BMRN,0.16666666666666666,Buy
2024-09-16,ASTS,-0.003293197473314774,Sell
2024-09-16,HUT,0.16026738913855487,Buy
2024-09-16,SLGL,-0.16858707156264977,Sell
2024-09-16,TQQQ,0.005530351189974109,Buy
2024-09-16,TEM,-0.16666666666666666,Sell
2024-09-17,VSAT,0.16666666666666666,Buy
2024-09-17,CAR,-0.16666666666666666,Sell
2024-09-17,NVDL,0.008987753243547142,Buy
2024-09-17,NUVL,0.15023552387372746,Buy
2024-09-17,BMRN,-0.32913314573177976,Sell
2024-09-17,ASTS,0.15095744170862027,Buy
2024-09-17,SYM,-0.16666666666666666,Sell
2024-09-17,TQQQ,0.005692348000769842,Buy
2024-09-17,TEM,0.14486920913920942,Buy
2024-09-18,VSAT,-0.16391445825499024,Sell
2024-09-18,CAR,0.17425447888785545,Buy
2024-09-18,NVDL,0.003104618662313985,Buy
2024-09-18,BMRN,0.0049352045033971,Buy
2024-09-18,NVDU,0.16666666666666666,Buy
2024-09-18,ASTS,-0.16666666666666666,Sell
2024-09-18,SYM,0.0036483964802698776,Buy
2024-09-18,TQQQ,-0.0012853109566281495,Sell
2024-09-19,NVDL,-0.17366560929719546,Sell
2024-09-19,MNPR,-0.16666666666666666,Sell
2024-09-19,BMRN,-0.005390291106100814,Sell
2024-09-19,NVDU,-0.17418716514083252,Sell
2024-09-19,ASTS,-0.004240124157309871,Sell
2024-09-19,SYM,0.16079522182111394,Buy
2024-09-19,IREN,0.16666666666666666,Buy
2024-09-19,TQQQ,-0.00614416117174002,Sell
2024-09-19,TEM,0.16666666666666666,Buy
2024-09-20,NVDL,0.16666666666666666,Buy
2024-09-20,MNPR,-0.0017544424360529665,Sell
2024-09-20,BMRN,0.161811153965333,Buy
2024-09-20,NVDU,0.16666666666666666,Buy
2024-09-20,ASTS,-0.015262606865014405,Sell
2024-09-20,IREN,-0.15758395949420934,Sell
2024-09-20,TQQQ,0.004249563152446206,Buy
2024-09-20,TEM,-0.3442886918879965,Sell
2024-09-23,NVDL,-0.16636298731148583,Sell
2024-09-23,ROOT,0.16666666666666666,Buy
2024-09-23,MNPR,-0.006951078780635389,Sell
2024-09-23,DLTR,0.16666666666666666,Buy
2024-09-23,NVDU,-0.16625566541354952,Sell
2024-09-23,ASTS,-4.911881551558639e-05,Sell
2024-09-23,INOD,-0.16666666666666666,Sell
2024-09-23,TQQQ,-0.000492432603504539,Sell
2024-09-23,TEM,0.1687638706420357,Buy
2024-09-24,FIVE,0.16666666666666666,Buy
2024-09-24,FCNCA,0.16666666666666666,Buy
2024-09-24,ROOT,-0.17128376152520106,Sell
2024-09-24,MNPR,-0.00021212951548807424,Sell
2024-09-24,DLTR,-0.16386442031294615,Sell
2024-09-24,NVDU,-0.16666666666666666,Sell
2024-09-24,ASTS,-0.0064328571821421765,Sell
2024-09-24,INOD,0.16515812412327824,Buy
2024-09-24,TQQQ,-0.0006127543277521796,Sell
2024-09-25,FIVE,-0.00035480632775750087,Sell
2024-09-25,CAR,0.16666666666666666,Buy
2024-09-25,FCNCA,-0.17062559457433035,Sell
2024-09-25,MNPR,0.035483298514568384,Buy
2024-09-25,NVDU,0.013513554736145933,Buy
2024-09-25,ASTS,-0.003972144245442871,Sell
2024-09-25,TQQQ,-0.006370456796059881,Sell
2024-09-26,VSAT,0.16666666666666666,Buy
2024-09-26,FIVE,-0.17418321063260936,Sell
2024-09-26,BABX,-0.16666666666666666,Sell
2024-09-26,CAR,-0.1735873232156583,Sell
2024-09-26,MNPR,0.021927681339883265,Buy
2024-09-26,NUTX,-0.16666666666666666,Sell
2024-09-26,NVDU,0.16819703706068723,Buy
2024-09-26,ASTS,0.16312428299159534,Buy
2024-09-26,AFRM,0.16666666666666666,Buy
2024-09-26,TQQQ,-0.003831892828222744,Sell
2024-09-27,VSAT,-0.17797339578324287,Sell
2024-09-27,FIVE,0.16666666666666666,Buy
2024-09-27,BABX,0.1821850993729509,Buy
2024-09-27,MNPR,0.035583043693970084,Buy
2024-09-27,NUTX,0.017230476393302774,Buy
2024-09-27,AAOI,0.16666666666666666,Buy
2024-09-27,AFRM,-0.17245538078261105,Sell
2024-09-27,TQQQ,-0.004796313511719885,Sell
2024-09-27,TEM,-0.16666666666666666,Sell
2024-09-30,FIVE,0.0033469324752970764,Buy
2024-09-30,MNPR,0.00373247363240925,Buy
2024-09-30,NUTX,0.023801026872805886,Buy
2024-09-30,AAOI,-0.17832292475616318,Sell
2024-09-30,SYM,0.16666666666666666,Buy
2024-09-30,TQQQ,-0.005823461332923635,Sell
2024-09-30,TEM,0.013264978988873077,Buy
2024-10-01,FIVE,-0.16062971814352375,Sell
2024-10-01,BABX,-0.16666666666666666,Sell
2024-10-01,NVDL,0.16666666666666666,Buy
2024-10-01,MNPR,-0.04719423887601079,Sell
2024-10-01,NUTX,-0.01648143977220573,Sell
2024-10-01,SYM,-0.1548731446263039,Sell
2024-10-01,AFRM,0.16666666666666666,Buy
2024-10-01,TQQQ,0.014867135494768258,Buy
2024-10-01,TEM,0.14862659582282298,Buy
2024-10-02,SMTC,0.16666666666666666,Buy
2024-10-02,BABX,0.17407550897351173,Buy
2024-10-02,NVDL,-0.17196681309062348,Sell
2024-10-02,MNPR,-0.007507481832460305,Sell
2024-10-02,NUTX,0.008554013550892497,Buy
2024-10-02,ASTS,-0.16666666666666666,Sell
2024-10-02,SYM,0.16666666666666666,Buy
2024-10-02,AFRM,-0.16917635101749698,Sell
2024-10-02,TQQQ,-0.0006646297139315527,Sell
2024-10-03,SMTC,-0.16273983100002554,Sell
2024-10-03,FUTU,-0.16666666666666666,Sell
2024-10-03,MNPR,0.3211460199831011,Buy
2024-10-03,NUTX,0.15696875265579727,Buy
2024-10-03,NVDU,-0.16666666666666666,Sell
2024-10-03,ASTS,0.1603823994696666,Buy
2024-10-03,AAOI,-0.16666666666666666,Sell
2024-10-03,SYM,0.009596544408827956,Buy
2024-10-03,TQQQ,0.0023799972718636653,Buy
2024-10-04,FUTU,0.17596677690691556,Buy
2024-10-04,MNPR,-0.17105709650516968,Sell
2024-10-04,NVDU,0.17437750662694607,Buy
2024-10-04,ASTS,-0.16666666666666666,Sell
2024-10-04,AAOI,0.016020227075755317,Buy
2024-10-04,SLGL,0.16666666666666666,Buy
2024-10-04,SYM,-0.007874765013237445,Sell
2024-10-04,TQQQ,-0.00811399443171909,Sell
2024-10-04,TEM,-0.16666666666666666,Sell
2024-10-07,TAYD,0.16666666666666666,Buy
2024-10-07,FUTU,-0.16666666666666666,Sell
2024-10-07,MNPR,-0.16666666666666666,Sell
2024-10-07,HALO,0.16666666666666666,Buy
2024-10-07,NVDU,-0.16666666666666666,Sell
2024-10-07,ASTS,0.15543194903142052,Buy
2024-10-07,AAOI,0.15846480817351488,Buy
2024-10-07,SLGL,-0.172546709733842,Sell
2024-10-07,SYM,-0.16209957202513586,Sell
2024-10-07,TQQQ,0.009112053256540548,Buy
2024-10-07,TEM,0.15556456453828404,Buy
2024-10-08,TAYD,-0.17089427608821067,Sell
2024-10-08,NVDL,-0.16666666666666666,Sell
2024-10-08,FUTU,0.14285388510773134,Buy
2024-10-08,MNPR,0.0060743388903503615,Buy
2024-10-08,HALO,-0.16518485255909648,Sell
2024-10-08,NVDU,0.010854868986168942,Buy
2024-10-08,SLGL,0.16666666666666666,Buy
2024-10-08,SYM,0.16666666666666666,Buy
2024-10-08,TQQQ,-0.0047941732248744096,Sell
2024-10-09,DRUG,-0.16666666666666666,Sell
2024-10-09,NVDL,0.16382115435989433,Buy
2024-10-09,FUTU,-0.16666666666666666,Sell
2024-10-09,MNPR,0.32330431515768876,Buy
2024-10-09,ALAB,-0.16666666666666666,Sell
2024-10-09,NVDU,0.1639139264917992,Buy
2024-10-09,SLGL,-0.164401611844312,Sell
2024-10-09,SYM,-0.16366859210459217,Sell
2024-10-09,IREN,0.16666666666666666,Buy
2024-10-09,TQQQ,-0.0019557435195095285,Sell
2024-10-10,DRUG,0.1712941320776654,Buy
2024-10-10,FSLR,0.16666666666666666,Buy
2024-10-10,FUTU,0.16302818115093712,Buy
2024-10-10,MNPR,-0.3383887504122003,Sell
2024-10-10,HALO,-0.16666666666666666,Sell
2024-10-10,ALAB,0.18221038814232762,Buy
2024-10-10,ASTS,-0.16666666666666666,Sell
2024-10-10,IREN,-0.16468851968758927,Sell
2024-10-10,TQQQ,-0.0014761541460841243,Sell
2024-10-10,ESTA,0.16666666666666666,Buy
2024-10-11,FSLR,-0.17394860725819333,Sell
2024-10-11,MNPR,0.012741342220803531,Buy
2024-10-11,HALO,0.17145802707724767,Buy
2024-10-11,ASTS,0.010091056835261791,Buy
2024-10-11,AAOI,-0.16666666666666666,Sell
2024-10-11,TQQQ,-0.0024092012521654826,Sell
2024-10-11,INTC,0.16666666666666666,Buy
2024-10-11,PDD,0.16666666666666666,Buy
2024-10-11,ESTA,-0.17316504211732453,Sell
2024-10-14,DRUG,-0.16666666666666666,Sell
2024-10-14,MNPR,0.16586621263685683,Buy
2024-10-14,ASTS,0.009164238080932696,Buy
2024-10-14,AAOI,0.1745581061713283,Buy
2024-10-14,SLGL,0.16666666666666666,Buy
2024-10-14,IREN,-0.16666666666666666,Sell
2024-10-14,TQQQ,-0.006912659019124218,Sell
2024-10-14,INTC,-0.16838918857746285,Sell
2024-10-14,PDD,0.007622406796715914,Buy
2024-10-15,DRUG,-0.16666666666666666,Sell
2024-10-15,BABX,0.16666666666666666,Buy
2024-10-15,NUTX,-0.16666666666666666,Sell
2024-10-15,SEZL,-0.16666666666666666,Sell
2024-10-15,TQQQ,0.16666666666666666,Buy
2024-10-15,PDD,0.16666666666666666,Buy
2024-10-16,DRUG,-0.045790402535504746,Sell
2024-10-16,BABX,0.004052920862665538,Buy
2024-10-16,NUTX,0.1692208620983885,Buy
2024-10-16,SEZL,0.16353413956729052,Buy
2024-10-16,ASTS,-0.16666666666666666,Sell
2024-10-16,IREN,-0.16666666666666666,Sell
2024-10-16,TQQQ,0.005208924320824926,Buy
2024-10-16,PDD,0.006141180813830388,Buy
2024-10-17,DRUG,0.12136804108582047,Buy
2024-10-17,BABX,0.012660740747535454,Buy
2024-10-17,MNPR,-0.16666666666666666,Sell
2024-10-17,NUTX,-0.16666666666666666,Sell
2024-10-17,ASTS,-0.004047205992072173,Sell
2024-10-17,IREN,0.15418725152719517,Buy
2024-10-17,TQQQ,0.00510369002419464,Buy
2024-10-17,PDD,-0.1563117034279281,Sell
2024-10-17,ERIE,0.16666666666666666,Buy
2024-10-18,DRUG,-0.16666666666666666,Sell
2024-10-18,BABX,-0.17173430527333394,Sell
2024-10-18,MNPR,-0.008964256158388334,Sell
2024-10-18,NUTX,0.16431324036436792,Buy
2024-10-18,ASTS,0.1617124255545632,Buy
2024-10-18,HUT,-0.16666666666666666,Sell
2024-10-18,ACMR,0.16666666666666666,Buy
2024-10-18,WFRD,0.16666666666666666,Buy
2024-10-18,TQQQ,4.077821959408423e-05,Buy
2024-10-18,ERIE,-0.16325943430600187,Sell
2024-10-21,DRUG,0.17056443901474594,Buy
2024-10-21,MNPR,0.16006520539958724,Buy
2024-10-21,ASTS,-0.16666666666666666,Sell
2024-10-21,STRT,-0.16666666666666666,Sell
2024-10-21,FBIZ,0.16666666666666666,Buy
2024-10-21,HUT,0.010986901991607012,Buy
2024-10-21,RAPT,0.16666666666666666,Buy
2024-10-21,ACMR,-0.16716361246728006,Sell
2024-10-21,WFRD,-0.16672318729017427,Sell
2024-10-21,TQQQ,-0.001941817722761946,Sell
2024-10-22,UFPT,0.16666666666666666,Buy
2024-10-22,MNPR,-0.16666666666666666,Sell
2024-10-22,NUTX,-0.16666666666666666,Sell
2024-10-22,ASTS,0.16729933130187186,Buy
2024-10-22,STRT,0.009785081646141836,Buy
2024-10-22,FBIZ,-0.17195599318173832,Sell
2024-10-22,HUT,0.1693687686939983,Buy
2024-10-22,RAPT,-0.18041425691456384,Sell
2024-10-22,TQQQ,0.0003809633427568071,Buy
2024-10-22,PDD,0.16666666666666666,Buy
2024-10-23,UFPT,-0.16545480335630433,Sell
2024-10-23,MNPR,0.31088116766108687,Buy
2024-10-23,NUTX,-0.01111256765419344,Sell
2024-10-23,STRT,0.15814885549800692,Buy
2024-10-23,HUT,-0.16666666666666666,Sell
2024-10-23,TQQQ,0.010700899241088968,Buy
2024-10-23,PDD,0.010991696429832748,Buy
2024-10-23,PTCT,-0.16666666666666666,Sell
2024-10-24,MNPR,-0.7525515103470414,Sell
2024-10-24,NUTX,0.0864695035627142,Buy
2024-10-24,SEZL,-0.16666666666666666,Sell
2024-10-24,ICLR,0.16666666666666666,Buy
2024-10-24,HUT,0.0841290480686599,Buy
2024-10-24,COLL,0.16666666666666666,Buy
2024-10-24,PSIX,-0.16666666666666666,Sell
2024-10-24,TQQQ,0.0816311377054632,Buy
2024-10-24,PDD,-0.08240541424547346,Sell
2024-10-24,PTCT,0.08094554294504215,Buy
2024-10-25,FUTU,-0.16666666666666666,Sell
2024-10-25,MNPR,0.08127335008360599,Buy
2024-10-25,NUTX,-0.16666666666666666,Sell
2024-10-25,SEZL,0.15999402589519576,Buy
2024-10-25,ICLR,-0.15589508747387423,Sell
2024-10-25,ICOP,0.16666666666666666,Buy
2024-10-25,COLL,-0.15856820977195443,Sell
2024-10-25,PSIX,0.006245099043547475,Buy
2024-10-25,TQQQ,0.0072355192200022345,Buy
2024-10-25,ERIE,0.16666666666666666,Buy
2024-10-28,NVDL,0.16666666666666666,Buy
2024-10-28,FUTU,0.17395312763296372,Buy
2024-10-28,NUTX,0.1642475897710763,Buy
2024-10-28,HUT,-0.16666666666666666,Sell
2024-10-28,AAOI,0.16666666666666666,Buy
2024-10-28,ICOP,-0.16650503306701595,Sell
2024-10-28,LASR,-0.16666666666666666,Sell
2024-10-28,IREN,-0.16666666666666666,Sell
2024-10-28,PSIX,0.16038347282812293,Buy
2024-10-28,TQQQ,0.00027871290941081095,Buy
2024-10-28,ERIE,-0.16860584109848548,Sell
2024-10-29,NVDL,-0.16758536745428065,Sell
2024-10-29,CVLT,-0.16666666666666666,Sell
2024-10-29,ICLR,-0.16666666666666666,Sell
2024-10-29,HUT,0.16564268142497449,Buy
2024-10-29,TRNS,0.16666666666666666,Buy
2024-10-29,AAOI,-0.15663572905471032,Sell
2024-10-29,LASR,0.16367434858350957,Buy
2024-10-29,WGS,-0.16666666666666666,Sell
2024-10-29,TMDX,0.16666666666666666,Buy
2024-10-29,IREN,0.16060383706459647,Buy
2024-10-29,TQQQ,-0.0038565872637182086,Sell
2024-10-30,CECO,-0.16666666666666666,Sell
2024-10-30,QRVO,0.16666666666666666,Buy
2024-10-30,CVLT,0.16006627250060917,Buy
2024-10-30,ICLR,0.16425415794983209,Buy
2024-10-30,TRNS,-0.16674684971054693,Sell
2024-10-30,ANAB,0.16666666666666666,Buy
2024-10-30,OMCL,-0.16666666666666666,Sell
2024-10-30,WGS,0.1658700088156445,Buy
2024-10-30,TMDX,-0.15505075326339074,Sell
2024-10-30,PSIX,-0.16666666666666666,Sell
2024-10-30,TQQQ,0.002887630165045396,Buy
2024-10-31,NVDL,0.16666666666666666,Buy
2024-10-31,NXT,-0.16666666666666666,Sell
2024-10-31,CECO,0.15988143502239335,Buy
2024-10-31,FORM,0.16666666666666666,Buy
2024-10-31,ROOT,-0.16666666666666666,Sell
2024-10-31,MNPR,-0.16666666666666666,Sell
2024-10-31,QRVO,-0.16116275654417445,Sell
2024-10-31,ANAB,-0.16109222526608433,Sell
2024-10-31,OMCL,0.15145646102428464,Buy
2024-10-31,PSIX,0.15425784504387585,Buy
2024-10-31,TQQQ,0.01404809071300503,Buy
2024-11-01,NVDL,-0.1719462293189682,Sell
2024-11-01,NXT,0.16467224966142197,Buy
2024-11-01,FORM,-0.1689015260783606,Sell
2024-11-01,ACGL,0.16666666666666666,Buy
2024-11-01,ROOT,0.00522061671119009,Buy
2024-11-01,MNPR,-0.000439650676800879,Sell
2024-11-01,MDGL,-0.16666666666666666,Sell
2024-11-01,PSIX,0.16666666666666666,Buy
2024-11-01,TQQQ,-0.0024064605876174816,Sell
2024-11-04,ACGL,-0.17164658177760564,Sell
2024-11-04,ROOT,0.1733673596236369,Buy
2024-11-04,MNPR,0.034453099034105344,Buy
2024-11-04,EBAY,-0.16666666666666666,Sell
2024-11-04,ANAB,0.16666666666666666,Buy
2024-11-04,CEG,0.16666666666666666,Buy
2024-11-04,MDGL,0.17986279900248717,Buy
2024-11-04,GSAT,-0.16666666666666666,Sell
2024-11-04,PSIX,-0.17015475394366128,Sell
2024-11-04,TQQQ,-0.005208538404657875,Sell
2024-11-05,ROKU,-0.16666666666666666,Sell
2024-11-05,UFPT,-0.16666666666666666,Sell
2024-11-05,MNPR,0.15085473194075527,Buy
2024-11-05,DXPE,-0.16666666666666666,Sell
2024-11-05,EBAY,0.1658964524740693,Buy
2024-11-05,MSTR,0.16666666666666666,Buy
2024-11-05,ANAB,-0.1619553876510515,Sell
2024-11-05,WYNN,0.16666666666666666,Buy
2024-11-05,CEG,-0.16805193662927737,Sell
2024-11-05,GSAT,0.15619634841908375,Buy
2024-11-05,TQQQ,-0.001949819142778919,Sell
2024-11-06,ROKU,0.17160060909068264,Buy
2024-11-06,UFPT,0.17267745903355128,Buy
2024-11-06,DXPE,0.1767080265949702,Buy
2024-11-06,AZN,0.16666666666666666,Buy
2024-11-06,HWKN,-0.16666666666666666,Sell
2024-11-06,MSTR,-0.18722016290607796,Sell
2024-11-06,ASTS,0.16666666666666666,Buy
2024-11-06,COIN,-0.16666666666666666,Sell
2024-11-06,WYNN,-0.16275644148690832,Sell
2024-11-06,IREN,-0.16666666666666666,Sell
2024-11-06,TQQQ,-0.01218688984638272,Sell
2024-11-07,MNPR,-0.16666666666666666,Sell
2024-11-07,DXPE,-0.16666666666666666,Sell
2024-11-07,AZN,-0.16947334232200004,Sell
2024-11-07,HWKN,0.0025176762956264365,Buy
2024-11-07,ASTS,0.00730449354122048,Buy
2024-11-07,ANAB,0.16666666666666666,Buy
2024-11-07,COIN,0.1681080676952965,Buy
2024-11-07,IREN,0.1698484794283271,Buy
2024-11-07,TQQQ,-0.008433064399323426,Sell
2024-11-08,MNPR,0.18120194537781706,Buy
2024-11-08,DXPE,0.1670014556745874,Buy
2024-11-08,SEZL,-0.16666666666666666,Sell
2024-11-08,HWKN,0.17445541896067748,Buy
2024-11-08,ASTS,-0.17306763250243132,Sell
2024-11-08,ANAB,-0.1674426825874768,Sell
2024-11-08,INOD,-0.16666666666666666,Sell
2024-11-08,SLGL,0.16666666666666666,Buy
2024-11-08,LASR,0.16666666666666666,Buy
2024-11-08,TQQQ,-0.002599451904187089,Sell
2024-11-08,TEM,-0.16666666666666666,Sell
2024-11-11,RING,0.16666666666666666,Buy
2024-11-11,SEZL,0.16978777055654468,Buy
2024-11-11,INOD,0.1839914201224903,Buy
2024-11-11,COIN,-0.16666666666666666,Sell
2024-11-11,SLGL,-0.16812235207073797,Sell
2024-11-11,LASR,-0.16644562471810798,Sell
2024-11-11,RAPT,0.16666666666666666,Buy
2024-11-11,IREN,-0.16666666666666666,Sell
2024-11-11,TQQQ,-0.17117392876071888,Sell
2024-11-11,MPWR,0.16666666666666666,Buy
2024-11-11,TEM,0.013767812126526752,Buy
2024-11-12,RING,-0.16028438281613422,Sell
2024-11-12,AGMI,0.16666666666666666,Buy
2024-11-12,ROOT,-0.16666666666666666,Sell
2024-11-12,MNPR,-0.16666666666666666,Sell
2024-11-12,NUTX,-0.16666666666666666,Sell
2024-11-12,ANAB,0.16666666666666666,Buy
2024-11-12,COIN,0.16037603859105104,Buy
2024-11-12,RAPT,-0.16201290998508072,Sell
2024-11-12,IREN,0.1584710398580988,Buy
2024-11-12,TQQQ,0.16666666666666666,Buy
2024-11-12,MPWR,-0.16213597576373182,Sell
2024-11-12,TEM,0.14283317090895134,Buy
2024-11-13,AGMI,0.0014839014393645267,Buy
2024-11-13,ROOT,0.0026491287362438165,Buy
2024-11-13,MNPR,0.020684544345930617,Buy
2024-11-13,NUTX,0.1459121771604319,Buy
2024-11-13,ANAB,-0.1621981779636055,Sell
2024-11-13,TQQQ,-0.000657595445909015,Sell
2024-11-13,MPWR,0.16666666666666666,Buy
2024-11-13,DAVE,-0.16666666666666666,Sell
2024-11-14,AGMI,-0.16576298015793137,Sell
2024-11-14,ROOT,0.005267257739498488,Buy
2024-11-14,MNPR,-0.010415908935346607,Sell
2024-11-14,ANAB,0.16666666666666666,Buy
2024-11-14,RAPT,0.16666666666666666,Buy
2024-11-14,GSAT,-0.16666666666666666,Sell
2024-11-14,TQQQ,-0.16133557205220503,Sell
2024-11-14,MPWR,0.008607934847919108,Buy
2024-11-14,DAVE,0.1457387352904187,Buy
2024-11-15,ROOT,0.030390908642182718,Buy
2024-11-15,MNPR,0.006664130109466371,Buy
2024-11-15,ANAB,0.002126655768950797,Buy
2024-11-15,COIN,-0.16666666666666666,Sell
2024-11-15,RAPT,0.015875414979660163,Buy
2024-11-15,GSAT,0.16635448559919108,Buy
2024-11-15,TMDX,0.16666666666666666,Buy
2024-11-15,MPWR,-0.17363957765488408,Sell
2024-11-18,ROOT,0.017371142581148746,Buy
2024-11-18,MNPR,0.17476627000955763,Buy
2024-11-18,ANAB,-0.17027393361290913,Sell
2024-11-18,INOD,-0.16666666666666666,Sell
2024-11-18,COIN,0.01564825099088188,Buy
2024-11-18,RAPT,-0.00391415751484156,Sell
2024-11-18,TMDX,-0.17231431406472694,Sell
2024-11-18,IREN,0.16666666666666666,Buy
2024-11-18,TQQQ,0.16666666666666666,Buy
2024-11-19,ROOT,0.013560753568037015,Buy
2024-11-19,SEZL,-0.16666666666666666,Sell
2024-11-19,INOD,0.01692371326103051,Buy
2024-11-19,COIN,0.1698376496430997,Buy
2024-11-19,SLGL,0.16666666666666666,Buy
2024-11-19,RAPT,0.001033391344424317,Buy
2024-11-19,IREN,-0.17293517720969503,Sell
2024-11-19,TQQQ,-0.007026446790539181,Sell
2024-11-20,LNTH,-0.16666666666666666,Sell
2024-11-20,ROOT,0.004011367242473779,Buy
2024-11-20,SEZL,0.15082519414813522,Buy
2024-11-20,ALNY,-0.16666666666666666,Sell
2024-11-20,INOD,0.1638028942907627,Buy
2024-11-20,SLGL,-0.16847065946931433,Sell
2024-11-20,RAPT,0.002016200046157879,Buy
2024-11-20,TQQQ,0.0022079688326677727,Buy
2024-11-20,MPWR,0.16666666666666666,Buy
2024-11-21,LNTH,0.16931561664717695,Buy
2024-11-21,ROOT,0.008369853810252958,Buy
2024-11-21,ALNY,0.1662878528990881,Buy
2024-11-21,INOD,-0.16666666666666666,Sell
2024-11-21,RAPT,-0.16449539851168934,Sell
2024-11-21,TQQQ,-0.0026122336081321196,Sell
2024-11-21,MPWR,-0.17134299512867723,Sell
2024-11-21,PDD,0.16666666666666666,Buy
2024-11-21,TEM,0.16666666666666666,Buy
2024-11-21,DAVE,-0.16666666666666666,Sell
2024-11-22,LNTH,-0.16666666666666666,Sell
2024-11-22,VSAT,-0.16666666666666666,Sell
2024-11-22,ROOT,0.1645907074451459,Buy
2024-11-22,PTGX,-0.16666666666666666,Sell
2024-11-22,INOD,0.1596408026431731,Buy
2024-11-22,TMDX,0.16666666666666666,Buy
2024-11-22,TQQQ,0.001206599276210446,Buy
2024-11-22,PDD,0.008186252250725001,Buy
2024-11-22,TEM,-0.1840706199869419,Sell
2024-11-22,DAVE,0.17252719322152194,Buy
2024-11-25,LNTH,0.1667697016354922,Buy
2024-11-25,DIOD,-0.16666666666666666,Sell
2024-11-25,VSAT,0.004587382512966337,Buy
2024-11-25,ROKU,0.16666666666666666,Buy
2024-11-25,NVDL,0.16666666666666666,Buy
2024-11-25,PTGX,0.1626408649927931,Buy
2024-11-25,ANAB,-0.16666666666666666,Sell
2024-11-25,TMDX,-0.17150672533682465,Sell
2024-11-25,TQQQ,-5.987362007348063e-05,Sell
2024-11-25,PDD,-0.16699123883569006,Sell
2024-11-26,DIOD,0.16468531364981007,Buy
2024-11-26,MLAB,-0.16666666666666666,Sell
2024-11-26,VSAT,0.1477199272130673,Buy
2024-11-26,ROKU,-0.16043748676992775,Sell
2024-11-26,NVDL,-0.16726143232824048,Sell
2024-11-26,MNPR,-0.16666666666666666,Sell
2024-11-26,ANAB,0.0062683316962305335,Buy
2024-11-26,IREN,0.16666666666666666,Buy
2024-11-26,TQQQ,-0.000953707892118405,Sell
2024-11-26,MPWR,0.16666666666666666,Buy
2024-11-27,MLAB,0.16459113639267117,Buy
2024-11-27,IRTC,-0.16666666666666666,Sell
2024-11-27,VSAT,-0.16666666666666666,Sell
2024-11-27,MNPR,0.17235678942825605,Buy
2024-11-27,ANAB,0.16111498085594386,Buy
2024-11-27,SYM,0.16666666666666666,Buy
2024-11-27,IREN,-0.37672572650419667,Sell
2024-11-27,TQQQ,0.008633229901550965,Buy
2024-11-27,MPWR,0.008069684057010168,Buy
2024-11-29,IRTC,0.15964161547614342,Buy
2024-11-29,VSAT,0.15881795310238167,Buy
2024-11-29,BLTE,0.16666666666666666,Buy
2024-11-29,INOD,-0.16666666666666666,Sell
2024-11-29,DNTH,-0.16666666666666666,Sell
2024-11-29,SYM,-0.18319799189225988,Sell
2024-11-29,TMDX,0.16666666666666666,Buy
2024-11-29,IREN,0.011375507512471572,Buy
2024-11-29,TQQQ,-0.000921832803356254,Sell
2024-11-29,MPWR,-0.16557246194526645,Sell
2024-12-02,VSAT,-0.16666666666666666,Sell
2024-12-02,ROKU,-0.16666666666666666,Sell
2024-12-02,BLTE,-0.1677156287255335,Sell
2024-12-02,TREE,0.16666666666666666,Buy
2024-12-02,INOD,0.16351655320608785,Buy
2024-12-02,DNTH,0.01092624558973182,Buy
2024-12-02,SYM,0.16666666666666666,Buy
2024-12-02,TMDX,-0.1627748102527302,Sell
2024-12-02,IREN,0.1548555343961973,Buy
2024-12-02,TQQQ,-0.004484170819311739,Sell
2024-12-03,VSAT,0.16017708436252634,Buy
2024-12-03,ROKU,0.16285382561816922,Buy
2024-12-03,MNPR,-0.16666666666666666,Sell
2024-12-03,TREE,-0.1615655830621164,Sell
2024-12-03,CRDO,-0.16666666666666666,Sell
2024-12-03,DNTH,-0.0017252604998043153,Sell
2024-12-03,SYM,-0.16481051768309385,Sell
2024-12-03,TMDX,0.16666666666666666,Buy
2024-12-03,TQQQ,-0.0005805803600071047,Sell
2024-12-03,INTC,0.16666666666666666,Buy
2024-12-04,MNPR,0.17688624741089803,Buy
2024-12-04,TREE,0.16666666666666666,Buy
2024-12-04,CRDO,0.16224864496676658,Buy
2024-12-04,MSTR,-0.16666666666666666,Sell
2024-12-04,INOD,-0.16666666666666666,Sell
2024-12-04,DNTH,0.16041370592640317,Buy
2024-12-04,RAPT,0.16666666666666666,Buy
2024-12-04,TMDX,-0.16798979998893884,Sell
2024-12-04,IREN,-0.16666666666666666,Sell
2024-12-04,TQQQ,-0.005603673085157995,Sell
2024-12-04,INTC,-0.1624262780805268,Sell
2024-12-05,RKLB,-0.16666666666666666,Sell
2024-12-05,ROOT,-0.16666666666666666,Sell
2024-12-05,TREE,-0.1647046995465284,Sell
2024-12-05,MSTR,0.15777609644479837,Buy
2024-12-05,INOD,-0.0028117159415398385,Sell
2024-12-05,RAPT,-0.16263650292998932,Sell
2024-12-05,TMDX,0.16666666666666666,Buy
2024-12-05,IREN,0.16438514562956485,Buy
2024-12-05,TQQQ,0.0022520788208173492,Buy
2024-12-05,TEM,0.16666666666666666,Buy
2024-12-06,RKLB,0.17301730962072526,Buy
2024-12-06,ROOT,0.17114093909358213,Buy
2024-12-06,BLTE,-0.16666666666666666,Sell
2024-12-06,INOD,0.16553427370639331,Buy
2024-12-06,RAPT,0.16666666666666666,Buy
2024-12-06,TMDX,-0.17277702249930224,Sell
2024-12-06,IREN,-0.16666666666666666,Sell
2024-12-06,PSIX,-0.16666666666666666,Sell
2024-12-06,TQQQ,-0.005335524848688905,Sell
2024-12-06,TEM,0.00755732984384852,Buy
2024-12-09,BLTE,0.1418366987706313,Buy
2024-12-09,MNPR,-0.16666666666666666,Sell
2024-12-09,ASTS,-0.16666666666666666,Sell
2024-12-09,RAPT,-0.1780551216779787,Sell
2024-12-09,ACMR,-0.16666666666666666,Sell
2024-12-09,IREN,0.15137349994478713,Buy
2024-12-09,PSIX,0.15265617195109424,Buy
2024-12-09,TQQQ,0.009863939070064692,Buy
2024-12-09,TEM,0.01865397738106056,Buy
2024-12-09,LIF,0.16666666666666666,Buy
2024-12-10,DRUG,-0.16666666666666666,Sell
2024-12-10,NVDL,0.16666666666666666,Buy
2024-12-10,MNPR,0.004273575586044048,Buy
2024-12-10,MSTR,-0.16666666666666666,Sell
2024-12-10,ASTS,0.156184467349473,Buy
2024-12-10,ACMR,0.1641072412221534,Buy
2024-12-10,TQQQ,0.0018716648912749934,Buy
2024-12-10,TEM,0.005437786255218208,Buy
2024-12-10,LIF,-0.1659186609798371,Sell
2024-12-11,DRUG,0.17033667669869978,Buy
2024-12-11,NVDL,-0.34615424312825055,Sell
2024-12-11,MNPR,0.17934981872137146,Buy
2024-12-11,NVDU,-0.16666666666666666,Sell
2024-12-11,MSTR,0.017673460810316954,Buy
2024-12-11,ANAB,0.16666666666666666,Buy
2024-12-11,TMDX,0.16666666666666666,Buy
2024-12-11,TQQQ,-0.011438824215238896,Sell
2024-12-11,TEM,-0.16226920678746132,Sell
2024-12-12,NVDL,0.16112116827434145,Buy
2024-12-12,ROOT,0.16666666666666666,Buy
2024-12-12,MNPR,-0.16666666666666666,Sell
2024-12-12,NVDU,0.16061636181639824,Buy
2024-12-12,MSTR,-0.008545557244365065,Sell
2024-12-12,ANAB,0.006040699079785938,Buy
2024-12-12,SYM,-0.16666666666666666,Sell
2024-12-12,TMDX,-0.16180315804459955,Sell
2024-12-12,PSIX,0.16666666666666666,Buy
2024-12-12,TQQQ,-0.16257809507984278,Sell
2024-12-13,ROOT,-0.1706684239387546,Sell
2024-12-13,MNPR,0.1785509772013286,Buy
2024-12-13,MSTR,0.011103395558339058,Buy
2024-12-13,ANAB,-0.1770755276096081,Sell
2024-12-13,AAOI,-0.16666666666666666,Sell
2024-12-13,SYM,0.003050378944830928,Buy
2024-12-13,RAPT,0.16666666666666666,Buy
2024-12-13,PSIX,0.011640738011194834,Buy
2024-12-13,TQQQ,0.16666666666666666,Buy
2024-12-16,MSTR,0.16811461609948258,Buy
2024-12-16,AAOI,0.16199827110376386,Buy
2024-12-16,INOD,-0.16666666666666666,Sell
2024-12-16,SYM,0.16887308701211756,Buy
2024-12-16,RAPT,0.0037863758151771842,Buy
2024-12-16,IREN,-0.16666666666666666,Sell
2024-12-16,PSIX,0.014905741880361673,Buy
2024-12-16,TQQQ,-0.008836007880919622,Sell
2024-12-16,DAVE,-0.16666666666666666,Sell
2024-12-17,RKLB,-0.16666666666666666,Sell
2024-12-17,HUT,-0.16666666666666666,Sell
2024-12-17,ANAB,0.16666666666666666,Buy
2024-12-17,INOD,0.0020881822669504,Buy
2024-12-17,RAPT,0.0047949769862752345,Buy
2024-12-17,IREN,0.1674134833646856,Buy
2024-12-17,PSIX,0.004294539022510091,Buy
2024-12-17,TQQQ,-0.16733567330927035,Sell
2024-12-17,DAVE,0.17279964601533854,Buy
2024-12-18,RKLB,0.13998098762956773,Buy
2024-12-18,QMOM,0.16666666666666666,Buy
2024-12-18,MNPR,-0.16666666666666666,Sell
2024-12-18,HUT,-0.024591258794992882,Sell
2024-12-18,ANAB,-0.15450462653672498,Sell
2024-12-18,AAOI,-0.16666666666666666,Sell
2024-12-18,INOD,0.14656236826055966,Buy
2024-12-18,RAPT,-0.1566283144812707,Sell
2024-12-18,EXEEL,0.16666666666666666,Buy
2024-12-18,PSIX,0.015243315916717598,Buy
2024-12-19,RKLB,-0.16666666666666666,Sell
2024-12-19,QMOM,-0.16066937206638202,Sell
2024-12-19,MNPR,0.12654246588997203,Buy
2024-12-19,CTAS,0.16666666666666666,Buy
2024-12-19,PXI,0.16666666666666666,Buy
2024-12-19,HUT,0.14505449302780862,Buy
2024-12-19,AAOI,0.15184797878961645,Buy
2024-12-19,INOD,-0.16666666666666666,Sell
2024-12-19,GSAT,-0.16666666666666666,Sell
2024-12-19,EXEEL,-0.15925520599093043,Sell
2024-12-19,PSIX,0.018365997368401665,Buy
2024-12-20,RKLB,0.17101024800250897,Buy
2024-12-20,CTAS,-0.32995621532675,Sell
2024-12-20,PXI,-0.16108446972748305,Sell
2024-12-20,ANAB,0.16666666666666666,Buy
2024-12-20,INOD,0.006048950044684531,Buy
2024-12-20,RAPT,0.16666666666666666,Buy
2024-12-20,GSAT,0.16560951671136087,Buy
2024-12-20,PSIX,-0.3940226595370403,Sell
2024-12-20,TQQQ,0.16666666666666666,Buy
2024-12-23,CTAS,0.14385584147800257,Buy
2024-12-23,HUT,0.16666666666666666,Buy
2024-12-23,ANAB,0.028678141552583802,Buy
2024-12-23,INOD,0.1445528404626212,Buy
2024-12-23,SYM,-0.16666666666666666,Sell
2024-12-23,RAPT,-0.46963298275547505,Sell
2024-12-23,PSIX,-0.0044676661040917165,Sell
2024-12-23,TQQQ,0.018946175619400846,Buy
2024-12-24,CTAS,-0.16666666666666666,Sell
2024-12-24,PNRG,-0.16666666666666666,Sell
2024-12-24,HUT,-0.1889396161577663,Sell
2024-12-24,ANAB,-0.0008423036968105146,Sell
2024-12-24,SLGL,0.16666666666666666,Buy
2024-12-24,SYM,0.16200666561447713,Buy
2024-12-24,RAPT,0.1675055049280661,Buy
2024-12-24,PSIX,0.045991584862394436,Buy
2024-12-24,TQQQ,-0.008501671687448198,Sell
2024-12-26,CTAS,0.15810404428515135,Buy
2024-12-26,PNRG,0.014813731979016392,Buy
2024-12-26,ANAB,0.0075497677080434145,Buy
2024-12-26,INOD,-0.16666666666666666,Sell
2024-12-26,SLGL,-0.3669134630976423,Sell
2024-12-26,TMDX,0.16666666666666666,Buy
2024-12-26,PSIX,0.14515251144648633,Buy
2024-12-26,TQQQ,0.006158261193391856,Buy
