Date,Ticker,Trade_Weight,Direction
2023-05-31,FGM,0.2,Buy
2023-05-31,CVCO,0.2,Buy
2023-05-31,BLTE,0.2,Buy
2023-05-31,TQQQ,0.2,Buy
2023-05-31,ZION,0.2,Buy
2023-06-01,XMTR,0.2,Buy
2023-06-01,FGM,-0.19984036322797655,Sell
2023-06-01,CVCO,-0.2016849041341638,Sell
2023-06-01,BLTE,-0.20048534729285955,Sell
2023-06-01,SQQQ,0.2,Buy
2023-06-01,WGS,0.2,Buy
2023-06-01,TQQQ,-0.0012852072551349514,Sell
2023-06-01,ZION,0.003053019086834724,Buy
2023-06-02,XMTR,-0.20766095819524985,Sell
2023-06-02,SQQQ,0.004799038141870493,Buy
2023-06-02,WGS,0.01616502720114102,Buy
2023-06-02,TQQQ,-0.003998600406987657,Sell
2023-06-02,SYNA,0.2,Buy
2023-06-02,ZION,-0.009605356312576419,Sell
2023-06-05,BLTE,0.2,Buy
2023-06-05,SQQQ,-0.20128599400881306,Sell
2023-06-05,WGS,-0.004470872178936519,Sell
2023-06-05,TQQQ,-0.0020952414681366105,Sell
2023-06-05,SYNA,0.006969733034220743,Buy
2023-06-05,ZION,0.0007709013832642164,Buy
2023-06-06,BLTE,0.010105856086169707,Buy
2023-06-06,COIN,0.2,Buy
2023-06-06,BLBD,0.2,Buy
2023-06-06,WGS,-0.011615224203279512,Sell
2023-06-06,TQQQ,0.00528687522717694,Buy
2023-06-06,SYNA,-0.19945243330738016,Sell
2023-06-06,ZION,-0.20442633528469673,Sell
2023-06-07,INTU,0.2,Buy
2023-06-07,BABX,0.2,Buy
2023-06-07,BLTE,-0.20479028654618467,Sell
2023-06-07,COIN,-0.21064006215377643,Sell
2023-06-07,BLBD,0.01303655015455732,Buy
2023-06-07,WGS,-0.004114421309053179,Sell
2023-06-07,TQQQ,0.006296224900875946,Buy
2023-06-08,INTU,-0.19820737430380286,Sell
2023-06-08,BABX,-0.20104615143024518,Sell
2023-06-08,BLTE,0.2,Buy
2023-06-08,KYMR,0.2,Buy
2023-06-08,SQQQ,0.2,Buy
2023-06-08,BLBD,-0.2098321411295885,Sell
2023-06-08,WGS,0.013401068023594448,Buy
2023-06-08,TQQQ,-0.0045227498465034155,Sell
2023-06-09,BLTE,-0.20602451999094226,Sell
2023-06-09,NUTX,0.2,Buy
2023-06-09,KYMR,-0.19740519103614282,Sell
2023-06-09,SQQQ,-0.20047965915917615,Sell
2023-06-09,BLBD,0.2,Buy
2023-06-09,WGS,0.008937162133887872,Buy
2023-06-09,PSIX,0.2,Buy
2023-06-09,TQQQ,-0.005338948959304313,Sell
2023-06-12,BABX,0.2,Buy
2023-06-12,NUTX,0.008272829570776158,Buy
2023-06-12,COIN,0.2,Buy
2023-06-12,SQQQ,0.2,Buy
2023-06-12,BLBD,-0.1978784060039168,Sell
2023-06-12,WGS,-0.2093300571259255,Sell
2023-06-12,PSIX,-0.19568483681283377,Sell
2023-06-12,TQQQ,-0.005677505161990087,Sell
2023-06-13,BABX,-0.2046258556097378,Sell
2023-06-13,NUTX,0.006277067822114346,Buy
2023-06-13,COIN,-0.20548595653338322,Sell
2023-06-13,SQQQ,0.006233603638705287,Buy
2023-06-13,WGS,0.2,Buy
2023-06-13,TECH,0.2,Buy
2023-06-13,TQQQ,-0.00270043943893411,Sell
2023-06-14,NUTX,0.00296245252277208,Buy
2023-06-14,SQQQ,0.0021410434161695524,Buy
2023-06-14,WGS,-0.2013770096711212,Sell
2023-06-14,TECH,-0.19735727528750757,Sell
2023-06-14,IPX,0.2,Buy
2023-06-14,TQQQ,-0.0065778734900355795,Sell
2023-06-14,ZION,0.2,Buy
2023-06-15,NUTX,0.0012330379126637703,Buy
2023-06-15,PVLA,0.2,Buy
2023-06-15,SQQQ,0.004466682852271003,Buy
2023-06-15,IPX,-0.18782835785429888,Sell
2023-06-15,TQQQ,-0.009270234891952334,Sell
2023-06-15,ZION,-0.008805937455238833,Sell
2023-06-16,BLTE,0.2,Buy
2023-06-16,NUTX,-0.20668404274386684,Sell
2023-06-16,PVLA,-0.0006460930459743497,Sell
2023-06-16,SQQQ,-0.20215063930033925,Sell
2023-06-16,WGS,0.2,Buy
2023-06-16,TQQQ,0.005399032089730249,Buy
2023-06-16,ZION,0.003979656562457107,Buy
2023-06-20,BLTE,-0.21509213217319406,Sell
2023-06-20,HTHT,0.2,Buy
2023-06-20,PVLA,-0.2001315000003529,Sell
2023-06-20,AMBA,0.2,Buy
2023-06-20,WGS,0.011047355803735032,Buy
2023-06-20,TQQQ,-0.0002630323781359911,Sell
2023-06-20,PDD,0.2,Buy
2023-06-20,ZION,-0.1957666851328267,Sell
2023-06-21,TEAM,0.2,Buy
2023-06-21,HTHT,-0.20050202204373216,Sell
2023-06-21,PVLA,0.2,Buy
2023-06-21,AMBA,-0.19951710715537924,Sell
2023-06-21,WGS,-0.20098836023348737,Sell
2023-06-21,TQQQ,0.0026817939317644035,Buy
2023-06-21,INTC,0.2,Buy
2023-06-21,PDD,-0.0019883689952284733,Sell
2023-06-22,BLTE,0.2,Buy
2023-06-22,TEAM,-0.2067870061240027,Sell
2023-06-22,KYMR,0.2,Buy
2023-06-22,PVLA,-0.1735188278750033,Sell
2023-06-22,SQQQ,0.2,Buy
2023-06-22,WGS,0.2,Buy
2023-06-22,TQQQ,-0.01172942066466437,Sell
2023-06-22,INTC,-0.2037414918992794,Sell
2023-06-22,PDD,-0.20453209521094337,Sell
2023-06-23,BLTE,0.013947250321441812,Buy
2023-06-23,TEAM,0.2,Buy
2023-06-23,KYMR,-0.2001831617494986,Sell
2023-06-23,SQQQ,-0.2105007911525832,Sell
2023-06-23,SYM,0.2,Buy
2023-06-23,WGS,-0.2055332243989032,Sell
2023-06-23,TQQQ,0.001861464025268822,Buy
2023-06-23,PDD,0.2,Buy
2023-06-26,BLTE,-0.23604601327882543,Sell
2023-06-26,TEAM,0.007321551342395399,Buy
2023-06-26,PVLA,0.2,Buy
2023-06-26,SYM,0.014757848140397656,Buy
2023-06-26,MRCY,0.2,Buy
2023-06-26,TQQQ,0.010422305085247913,Buy
2023-06-26,PDD,-0.1967596656329284,Sell
2023-06-27,TREE,0.2,Buy
2023-06-27,TEAM,-0.19993831184233168,Sell
2023-06-27,PVLA,0.016685649329904545,Buy
2023-06-27,SQQQ,0.2,Buy
2023-06-27,SYM,-0.20595223420732126,Sell
2023-06-27,MRCY,-0.2055104740340133,Sell
2023-06-27,WGS,0.2,Buy
2023-06-27,TQQQ,-0.005496427351201955,Sell
2023-06-28,TREE,-0.2015269765277801,Sell
2023-06-28,ASTS,0.2,Buy
2023-06-28,PVLA,0.014345865174548084,Buy
2023-06-28,SQQQ,-0.1955444250841009,Sell
2023-06-28,WGS,-0.01953656630190237,Sell
2023-06-28,TQQQ,0.00195858251450981,Buy
2023-06-28,RRBI,0.2,Buy
2023-06-29,ASTS,-0.19990725818350313,Sell
2023-06-29,INOD,0.2,Buy
2023-06-29,PVLA,-0.19700468404529625,Sell
2023-06-29,WGS,-0.004282294426024652,Sell
2023-06-29,SENEA,0.2,Buy
2023-06-29,TQQQ,0.003156121889807545,Buy
2023-06-29,RRBI,-0.20216823788114452,Sell
2023-06-29,ENLT,0.2,Buy
2023-06-30,ROOT,0.2,Buy
2023-06-30,INOD,-0.203315258441842,Sell
2023-06-30,SQQQ,0.2,Buy
2023-06-30,WGS,0.01241603465563293,Buy
2023-06-30,SENEA,0.006366441364843017,Buy
2023-06-30,TQQQ,-0.009862902727101969,Sell
2023-06-30,ENLT,-0.2059071555013463,Sell
2023-07-03,ROOT,-0.21947954928091187,Sell
2023-07-03,MNPR,0.2,Buy
2023-07-03,AZN,0.2,Buy
2023-07-03,SQQQ,-0.19342218633320943,Sell
2023-07-03,WGS,0.00697558878085508,Buy
2023-07-03,SENEA,-0.19829090022543067,Sell
2023-07-03,TQQQ,0.004013175549021919,Buy
2023-07-03,ENLT,0.2,Buy
2023-07-05,PI,0.2,Buy
2023-07-05,MNPR,-0.19692382000721578,Sell
2023-07-05,AZN,-0.20563451314235542,Sell
2023-07-05,WGS,0.002962653007507615,Buy
2023-07-05,SENEA,0.2,Buy
2023-07-05,TQQQ,6.111517548393341e-05,Buy
2023-07-05,INTC,0.2,Buy
2023-07-05,ENLT,-0.20077110917878488,Sell
2023-07-06,PI,-0.20179527055902372,Sell
2023-07-06,BHRB,0.2,Buy
2023-07-06,MRCY,0.2,Buy
2023-07-06,WGS,0.0072328005660742545,Buy
2023-07-06,SENEA,-0.2081316793858602,Sell
2023-07-06,TQQQ,0.0018945313133036656,Buy
2023-07-06,INTC,-0.19950630729812321,Sell
2023-07-06,PDD,0.2,Buy
2023-07-07,PI,0.2,Buy
2023-07-07,BHRB,-0.19757877078670225,Sell
2023-07-07,MRCY,-0.2019521679561253,Sell
2023-07-07,JBSS,0.2,Buy
2023-07-07,WGS,0.002534256351040237,Buy
2023-07-07,TQQQ,0.002760829292556277,Buy
2023-07-07,INTC,0.2,Buy
2023-07-07,PDD,-0.2060676712201256,Sell
2023-07-10,PI,-0.1992582662591352,Sell
2023-07-10,GGLL,0.2,Buy
2023-07-10,BLTE,0.2,Buy
2023-07-10,SLGL,0.2,Buy
2023-07-10,JBSS,-0.19402174546796752,Sell
2023-07-10,WGS,-0.015516570047805267,Sell
2023-07-10,TQQQ,0.006875889841176347,Buy
2023-07-10,INTC,-0.19837140422362814,Sell
2023-07-11,GGLL,-0.2003004861564741,Sell
2023-07-11,BLTE,0.0060481803078070995,Buy
2023-07-11,SLGL,-0.19903348021725686,Sell
2023-07-11,JBSS,0.2,Buy
2023-07-11,WGS,-0.00581816311516295,Sell
2023-07-11,TQQQ,-0.0011970780533278602,Sell
2023-07-11,CENX,0.2,Buy
2023-07-12,DRUG,0.2,Buy
2023-07-12,BLTE,0.006858435708414962,Buy
2023-07-12,NUTX,0.2,Buy
2023-07-12,PTGX,0.2,Buy
2023-07-12,JBSS,-0.19397723895132515,Sell
2023-07-12,WGS,-0.21547743484865622,Sell
2023-07-12,TQQQ,-0.00014052455179025536,Sell
2023-07-12,CENX,-0.19745921557375853,Sell
2023-07-13,DRUG,-0.21879071460073907,Sell
2023-07-13,VSAT,0.2,Buy
2023-07-13,GPCR,0.2,Buy
2023-07-13,BLTE,0.006701423365625042,Buy
2023-07-13,NUTX,-0.1954678467344718,Sell
2023-07-13,PTGX,-0.19607549781580103,Sell
2023-07-13,SQQQ,0.2,Buy
2023-07-13,TQQQ,0.0033483929997982775,Buy
2023-07-14,VSAT,-0.19400142598376044,Sell
2023-07-14,GPCR,-0.21007447365006687,Sell
2023-07-14,BLTE,-0.2038182571663031,Sell
2023-07-14,PTGX,0.2,Buy
2023-07-14,AAOI,0.2,Buy
2023-07-14,BHRB,0.2,Buy
2023-07-14,SQQQ,-0.19634763598732888,Sell
2023-07-14,TQQQ,0.003942439132808562,Buy
2023-07-14,PRAX,0.2,Buy
2023-07-17,BLTE,0.2,Buy
2023-07-17,PTGX,0.0013839322408915333,Buy
2023-07-17,ASTS,0.2,Buy
2023-07-17,AAOI,-0.1944646353597118,Sell
2023-07-17,BHRB,-0.20191357393562273,Sell
2023-07-17,PVLA,0.2,Buy
2023-07-17,TQQQ,-0.005474365421017202,Sell
2023-07-17,PRAX,-0.19993326943872436,Sell
2023-07-18,MASI,0.2,Buy
2023-07-18,BLTE,-0.19373027608410848,Sell
2023-07-18,PTGX,0.00946484651741994,Buy
2023-07-18,ASTS,-0.19970922048334547,Sell
2023-07-18,AAOI,0.2,Buy
2023-07-18,PVLA,-0.2172738794358512,Sell
2023-07-18,TQQQ,0.0009561547886630939,Buy
2023-07-18,PRAX,0.2,Buy
2023-07-19,MASI,0.013768132890573825,Buy
2023-07-19,SIMO,0.2,Buy
2023-07-19,PTGX,0.011807020426072595,Buy
2023-07-19,ASTS,0.2,Buy
2023-07-19,AAOI,-0.22073057142952868,Sell
2023-07-19,TQQQ,0.004728548465183224,Buy
2023-07-19,PRAX,-0.20987119620527137,Sell
2023-07-20,MASI,-0.20529671229365937,Sell
2023-07-20,SIMO,0.002973928633352385,Buy
2023-07-20,NUTX,0.2,Buy
2023-07-20,PTGX,-0.20534208381337568,Sell
2023-07-20,ASTS,-0.0012382876582636704,Sell
2023-07-20,TQQQ,0.008681735796787632,Buy
2023-07-20,PRAX,0.2,Buy
2023-07-21,VSAT,0.2,Buy
2023-07-21,SIMO,-0.19834224406857054,Sell
2023-07-21,NUTX,-0.0007709288286550098,Sell
2023-07-21,ASTS,-0.2002333408742933,Sell
2023-07-21,SYM,0.2,Buy
2023-07-21,TQQQ,-0.00046637839361640676,Sell
2023-07-21,AVT,0.2,Buy
2023-07-21,PRAX,-0.2003953080471048,Sell
2023-07-24,VSAT,-0.20222662086078858,Sell
2023-07-24,RYAAY,0.2,Buy
2023-07-24,NUTX,-0.1970341647870977,Sell
2023-07-24,ASTS,0.2,Buy
2023-07-24,PVLA,0.2,Buy
2023-07-24,SYM,-0.1913932994066919,Sell
2023-07-24,TQQQ,-0.004865763158719116,Sell
2023-07-24,AVT,-0.20478628467414997,Sell
2023-07-24,PRAX,0.2,Buy
2023-07-25,RYAAY,-0.21133340015869145,Sell
2023-07-25,ASTS,-0.20072752884050232,Sell
2023-07-25,PVLA,0.006267951689204715,Buy
2023-07-25,WGS,0.2,Buy
2023-07-25,PSIX,0.2,Buy
2023-07-25,TQQQ,-0.008497447544789122,Sell
2023-07-25,PRAX,0.013881554264759649,Buy
2023-07-26,NUTX,0.2,Buy
2023-07-26,PVLA,-0.0009354450445680507,Sell
2023-07-26,WGS,-0.0012712973934300154,Sell
2023-07-26,PSIX,-0.19671369342184206,Sell
2023-07-26,TQQQ,-0.0016421681178267478,Sell
2023-07-26,PRAX,0.0003484975461316431,Buy
2023-07-27,SIMO,0.2,Buy
2023-07-27,NUTX,-0.20190164438465888,Sell
2023-07-27,PVLA,0.004441386011494686,Buy
2023-07-27,WGS,-0.20401477816749924,Sell
2023-07-27,PSIX,0.2,Buy
2023-07-27,TQQQ,-0.005347696490592968,Sell
2023-07-27,PRAX,0.00671893777790189,Buy
2023-07-28,SIMO,-0.21320134457630974,Sell
2023-07-28,PVLA,-0.002057704575456981,Sell
2023-07-28,SQQQ,0.2,Buy
2023-07-28,WGS,0.2,Buy
2023-07-28,PSIX,0.026318777717389302,Buy
2023-07-28,TQQQ,0.0016701118687312833,Buy
2023-07-28,PRAX,-0.21292326915624568,Sell
2023-07-31,MASI,0.2,Buy
2023-07-31,PVLA,0.002496632757998829,Buy
2023-07-31,SQQQ,-0.1942479804307308,Sell
2023-07-31,WGS,-0.002189559193907925,Sell
2023-07-31,PSIX,-0.21105750658769262,Sell
2023-07-31,TQQQ,0.004789911868764651,Buy
2023-07-31,PRAX,0.2,Buy
2023-08-01,MASI,-0.19956281073542376,Sell
2023-08-01,TARS,0.2,Buy
2023-08-01,IPGP,0.2,Buy
2023-08-01,PVLA,-6.665993679819127e-05,Sell
2023-08-01,WGS,-0.20667173172475672,Sell
2023-08-01,TQQQ,0.0005763636745781675,Buy
2023-08-01,PRAX,0.005520149237212696,Buy
2023-08-02,XMTR,0.2,Buy
2023-08-02,TARS,-0.19061228064529143,Sell
2023-08-02,CTEC,0.2,Buy
2023-08-02,IPGP,-0.20772469789651873,Sell
2023-08-02,PVLA,-0.002683422752015052,Sell
2023-08-02,UCYB,0.2,Buy
2023-08-02,TQQQ,0.011427518302398021,Buy
2023-08-02,PRAX,-0.2106120101141515,Sell
2023-08-03,XMTR,0.009159184966143097,Buy
2023-08-03,CTEC,-0.20009752677024492,Sell
2023-08-03,PVLA,-0.006722403498071794,Sell
2023-08-03,UCYB,-0.2028254271909298,Sell
2023-08-03,SHOP,0.2,Buy
2023-08-03,WGS,0.2,Buy
2023-08-03,TQQQ,0.00017848366740680355,Buy
2023-08-04,XMTR,-0.20103707009346397,Sell
2023-08-04,TARK,0.2,Buy
2023-08-04,PVLA,-0.007699917790906924,Sell
2023-08-04,SHOP,0.003142707009515411,Buy
2023-08-04,WGS,-0.19677102384451764,Sell
2023-08-04,TQQQ,0.002159914741846236,Buy
2023-08-04,FTNT,0.2,Buy
2023-08-07,XMTR,0.2,Buy
2023-08-07,DRUG,0.2,Buy
2023-08-07,TARK,-0.19939046288450998,Sell
2023-08-07,PVLA,0.010557862836836018,Buy
2023-08-07,SHOP,-0.20019113614551515,Sell
2023-08-07,WGS,0.2,Buy
2023-08-07,TQQQ,-0.006437425823274501,Sell
2023-08-07,FTNT,-0.20474300312626117,Sell
2023-08-08,XMTR,-0.18510501144187613,Sell
2023-08-08,DRUG,-0.24787859651600241,Sell
2023-08-08,NOVT,0.2,Buy
2023-08-08,PVLA,0.009458644601705646,Buy
2023-08-08,SHOP,0.2,Buy
2023-08-08,WGS,-0.19026301355211372,Sell
2023-08-08,TQQQ,0.013495764748388789,Buy
2023-08-08,DDOG,0.2,Buy
2023-08-09,DRUG,0.2,Buy
2023-08-09,NOVT,-0.20285637700653691,Sell
2023-08-09,PVLA,-0.0026841552428094884,Sell
2023-08-09,SHOP,-0.19911311260863268,Sell
2023-08-09,SYM,0.2,Buy
2023-08-09,WGS,0.2,Buy
2023-08-09,TQQQ,0.004075277722231152,Buy
2023-08-09,DDOG,-0.19973736436825537,Sell
2023-08-10,DRUG,0.02535652274169195,Buy
2023-08-10,ROKU,0.2,Buy
2023-08-10,PVLA,-0.21357914035219586,Sell
2023-08-10,SYM,-0.012865731448251316,Sell
2023-08-10,WGS,0.009625574711835366,Buy
2023-08-10,TQQQ,-0.00885128927822823,Sell
2023-08-11,DRUG,-0.19338534420512596,Sell
2023-08-11,ROKU,-0.20674657005605515,Sell
2023-08-11,SLGL,0.2,Buy
2023-08-11,SYM,0.0052045079226586966,Buy
2023-08-11,WGS,-0.0036923588711926802,Sell
2023-08-11,TER,0.2,Buy
2023-08-11,TQQQ,-0.0015011109585527926,Sell
2023-08-14,NUTX,0.2,Buy
2023-08-14,PVLA,0.2,Buy
2023-08-14,SLGL,-0.2052063569802922,Sell
2023-08-14,SYM,-0.19923796019598589,Sell
2023-08-14,WGS,0.006736944762873481,Buy
2023-08-14,TER,-0.20088726042755553,Sell
2023-08-14,IREN,0.2,Buy
2023-08-14,TQQQ,-0.0016030495649640153,Sell
2023-08-15,NUTX,-0.20577304223738457,Sell
2023-08-15,CTEC,0.2,Buy
2023-08-15,COPJ,0.2,Buy
2023-08-15,ICOP,0.2,Buy
2023-08-15,PVLA,-0.2064258236127159,Sell
2023-08-15,SYM,0.2,Buy
2023-08-15,WGS,-0.19694980862369957,Sell
2023-08-15,IREN,-0.19690282574780113,Sell
2023-08-15,TQQQ,0.005747467822581814,Buy
2023-08-16,DRUG,0.2,Buy
2023-08-16,ON,0.2,Buy
2023-08-16,CTEC,-0.19833314754170214,Sell
2023-08-16,COPJ,-0.20443367562724124,Sell
2023-08-16,ICOP,-0.20148708327353484,Sell
2023-08-16,SYM,-0.1994523697920571,Sell
2023-08-16,FPXI,0.2,Buy
2023-08-16,TQQQ,0.0032963561006307263,Buy
2023-08-16,INTC,0.2,Buy
2023-08-17,DRUG,-0.20272225357429896,Sell
2023-08-17,TARK,0.2,Buy
2023-08-17,ON,0.0012356258702259093,Buy
2023-08-17,HUT,0.2,Buy
2023-08-17,FPXI,-0.20454833221054347,Sell
2023-08-17,TQQQ,0.003371193368330555,Buy
2023-08-17,INTC,0.0022549630441434654,Buy
2023-08-18,TARK,-0.20087644556263134,Sell
2023-08-18,ON,-0.20138143846642542,Sell
2023-08-18,HUT,-0.19817625540763886,Sell
2023-08-18,SLGL,0.2,Buy
2023-08-18,SYM,0.2,Buy
2023-08-18,WGS,0.2,Buy
2023-08-18,FCAP,0.2,Buy
2023-08-18,TQQQ,0.0011011649749675112,Buy
2023-08-18,INTC,-0.20087038331757145,Sell
2023-08-21,SLGL,0.003847292789787321,Buy
2023-08-21,SYM,0.0038373016857561615,Buy
2023-08-21,WGS,0.005991125858188201,Buy
2023-08-21,FCAP,-0.2014872937898319,Sell
2023-08-21,IREN,0.2,Buy
2023-08-21,TQQQ,-0.012594615254083563,Sell
2023-08-22,HUT,0.2,Buy
2023-08-22,SLGL,-0.004647972179523646,Sell
2023-08-22,SYM,-0.20920195815903592,Sell
2023-08-22,WGS,0.013771253652675286,Buy
2023-08-22,FCAP,0.2,Buy
2023-08-22,IREN,-0.19856534567852144,Sell
2023-08-22,TQQQ,-0.0014641819535601563,Sell
2023-08-23,PODD,0.2,Buy
2023-08-23,HUT,-0.2086991445485766,Sell
2023-08-23,SLGL,-0.1941460294808906,Sell
2023-08-23,SQQQ,0.2,Buy
2023-08-23,WGS,0.0022505791823493604,Buy
2023-08-23,FCAP,0.0048262649653538214,Buy
2023-08-23,TQQQ,-0.004433652787121128,Sell
2023-08-24,QQQA,0.2,Buy
2023-08-24,TARK,0.2,Buy
2023-08-24,MCHP,0.2,Buy
2023-08-24,PODD,-0.2003580699160589,Sell
2023-08-24,SQQQ,-0.21460867177410695,Sell
2023-08-24,WGS,0.005193185185294241,Buy
2023-08-24,FCAP,-0.20259153201042174,Sell
2023-08-24,TQQQ,0.012160396761386777,Buy
2023-08-25,QQQA,-0.1980354086149154,Sell
2023-08-25,TARK,-0.20143229483516753,Sell
2023-08-25,MCHP,-0.20050169922946343,Sell
2023-08-25,HTHT,0.2,Buy
2023-08-25,SYM,0.2,Buy
2023-08-25,WGS,0.0007525493840845887,Buy
2023-08-25,IREN,0.2,Buy
2023-08-25,TQQQ,-0.001086370894943095,Sell
2023-08-28,NUTX,0.2,Buy
2023-08-28,TREE,0.2,Buy
2023-08-28,HTHT,-0.19736175266063982,Sell
2023-08-28,DXCM,0.2,Buy
2023-08-28,SYM,-0.20779441826881456,Sell
2023-08-28,WGS,0.0044777029752603725,Buy
2023-08-28,IREN,-0.2006588635120917,Sell
2023-08-28,TQQQ,0.0010449818231399455,Buy
2023-08-29,GPCR,0.2,Buy
2023-08-29,NUTX,0.0006423934801799425,Buy
2023-08-29,TREE,-0.19784365464850465,Sell
2023-08-29,DXCM,-0.1944174505872043,Sell
2023-08-29,SQQQ,0.2,Buy
2023-08-29,WGS,-0.20450911115571407,Sell
2023-08-29,FCAP,0.2,Buy
2023-08-29,TQQQ,-0.004162782952517874,Sell
2023-08-30,GPCR,-0.19490251652893792,Sell
2023-08-30,NUTX,-0.20828815410916188,Sell
2023-08-30,HTHT,0.2,Buy
2023-08-30,ASTS,0.2,Buy
2023-08-30,SQQQ,0.0064264443014486194,Buy
2023-08-30,WGS,0.2,Buy
2023-08-30,FCAP,-0.20330777777368075,Sell
2023-08-30,TQQQ,-0.0002237923951926568,Sell
2023-08-31,NUTX,0.2,Buy
2023-08-31,PODD,0.2,Buy
2023-08-31,HTHT,-0.19757617126040206,Sell
2023-08-31,ASTS,-0.19893077887688007,Sell
2023-08-31,HUT,0.2,Buy
2023-08-31,SQQQ,-0.19960817484947724,Sell
2023-08-31,WGS,-0.20141328573023812,Sell
2023-08-31,IREN,0.2,Buy
2023-08-31,TQQQ,-0.00277633326813706,Sell
2023-09-01,NUTX,-0.003730733739724462,Sell
2023-09-01,PODD,-0.20423018907077056,Sell
2023-09-01,HUT,-0.19870035788732618,Sell
2023-09-01,INOD,0.2,Buy
2023-09-01,WGS,0.2,Buy
2023-09-01,IREN,0.009264433763713081,Buy
2023-09-01,TQQQ,-0.0030106921405160247,Sell
2023-09-05,VSAT,0.2,Buy
2023-09-05,NUTX,-0.21661111234988897,Sell
2023-09-05,HUT,0.2,Buy
2023-09-05,INOD,-0.19477649833535815,Sell
2023-09-05,MRCY,0.2,Buy
2023-09-05,WGS,0.005557597046453505,Buy
2023-09-05,IREN,-0.19385026476696432,Sell
2023-09-05,TQQQ,-0.0005244600533821919,Sell
2023-09-06,VSAT,0.004322447623661602,Buy
2023-09-06,NUTX,0.2,Buy
2023-09-06,HUT,-0.20056948644753497,Sell
2023-09-06,INOD,0.2,Buy
2023-09-06,MRCY,-0.20637983952704803,Sell
2023-09-06,WGS,-0.20240536105094042,Sell
2023-09-06,FCAP,0.2,Buy
2023-09-06,TQQQ,0.004728547130867289,Buy
2023-09-07,VSAT,0.006622686116859955,Buy
2023-09-07,BABX,0.2,Buy
2023-09-07,NUTX,-0.21249472209201087,Sell
2023-09-07,PODD,0.2,Buy
2023-09-07,INOD,-0.19558565213091988,Sell
2023-09-07,FCAP,0.00010138666242021088,Buy
2023-09-07,TQQQ,0.001046540365594456,Buy
2023-09-08,VSAT,-0.19768671051477865,Sell
2023-09-08,BABX,-0.20216416200790435,Sell
2023-09-08,NUTX,0.2,Buy
2023-09-08,PODD,-0.1943600461303988,Sell
2023-09-08,INOD,0.2,Buy
2023-09-08,PVLA,0.2,Buy
2023-09-08,FCAP,-0.0035622656978066825,Sell
2023-09-08,TQQQ,-0.0024326475354319588,Sell
2023-09-11,NUTX,-0.19530282175581207,Sell
2023-09-11,INOD,0.014133641430161242,Buy
2023-09-11,PVLA,-0.21292315673282936,Sell
2023-09-11,FCAP,0.002819108515202118,Buy
2023-09-11,IREN,0.2,Buy
2023-09-11,TQQQ,-0.009030036813739262,Sell
2023-09-11,PRAX,0.2,Buy
2023-09-12,NUTX,0.2,Buy
2023-09-12,INOD,0.0031377539232907703,Buy
2023-09-12,SYM,0.2,Buy
2023-09-12,FCAP,0.0064659874383284355,Buy
2023-09-12,IREN,-0.2076724617405943,Sell
2023-09-12,TQQQ,0.009023675936249614,Buy
2023-09-12,PRAX,-0.2111606806424799,Sell
2023-09-13,DRUG,0.2,Buy
2023-09-13,NUTX,0.0030821938378801372,Buy
2023-09-13,AAOI,0.2,Buy
2023-09-13,INOD,0.0058707040469248295,Buy
2023-09-13,SYM,-0.19824294057848313,Sell
2023-09-13,FCAP,-0.2064594409143269,Sell
2023-09-13,TQQQ,-0.004462461718984317,Sell
2023-09-14,DRUG,-0.20234062219515175,Sell
2023-09-14,NUTX,0.004181107766865366,Buy
2023-09-14,AAOI,-0.21143856326603028,Sell
2023-09-14,INOD,0.011706185282967435,Buy
2023-09-14,PVLA,0.2,Buy
2023-09-14,FCAP,0.2,Buy
2023-09-14,TQQQ,-0.002310259371878176,Sell
2023-09-15,NUTX,-0.2175325670889512,Sell
2023-09-15,INOD,0.007488653415301888,Buy
2023-09-15,PVLA,-0.19491240246592306,Sell
2023-09-15,FCAP,-0.0008632018167394895,Sell
2023-09-15,IREN,0.2,Buy
2023-09-15,TQQQ,0.005606419681897901,Buy
2023-09-15,PTCT,0.2,Buy
2023-09-18,PI,0.2,Buy
2023-09-18,INOD,-0.00041207763296582933,Sell
2023-09-18,PVLA,0.2,Buy
2023-09-18,WGS,0.2,Buy
2023-09-18,FCAP,-0.20116448994515213,Sell
2023-09-18,IREN,-0.21246360446161727,Sell
2023-09-18,TQQQ,-0.0008658133171681182,Sell
2023-09-18,PTCT,-0.18530104113208,Sell
2023-09-19,PI,-0.2034703819257918,Sell
2023-09-19,NUTX,0.2,Buy
2023-09-19,INOD,0.001292939454746761,Buy
2023-09-19,PVLA,-0.19834736061194053,Sell
2023-09-19,WGS,-0.19948564906855523,Sell
2023-09-19,FCAP,0.2,Buy
2023-09-19,IREN,0.2,Buy
2023-09-19,TQQQ,-0.00029185862717992506,Sell
2023-09-20,NVDL,0.2,Buy
2023-09-20,USLM,0.2,Buy
2023-09-20,NUTX,-0.2034855925266928,Sell
2023-09-20,INOD,-0.20401412735512336,Sell
2023-09-20,FCAP,-0.20439730389592098,Sell
2023-09-20,IREN,0.009030210624856566,Buy
2023-09-20,TQQQ,0.002556479225156283,Buy
2023-09-20,INTC,0.2,Buy
2023-09-21,NVDL,0.0015379493999222449,Buy
2023-09-21,USLM,-0.20824763243319136,Sell
2023-09-21,SHOP,0.2,Buy
2023-09-21,FCAP,0.2,Buy
2023-09-21,IREN,0.009617310350813507,Buy
2023-09-21,TQQQ,0.004180785331541065,Buy
2023-09-21,INTC,-0.20740597606920722,Sell
2023-09-22,VSAT,0.2,Buy
2023-09-22,NVDL,-0.20312291387920128,Sell
2023-09-22,HUT,0.2,Buy
2023-09-22,SHOP,0.003688470629045426,Buy
2023-09-22,AFRM,0.2,Buy
2023-09-22,FCAP,-0.2049389775632384,Sell
2023-09-22,IREN,-0.19706098152313686,Sell
2023-09-22,TQQQ,0.001228104440529565,Buy
2023-09-25,VSAT,0.010273768213670209,Buy
2023-09-25,NUTX,0.2,Buy
2023-09-25,HUT,-0.20299523546521547,Sell
2023-09-25,SHOP,-0.20277293838125035,Sell
2023-09-25,AFRM,-0.20127886168859274,Sell
2023-09-25,FCAP,0.2,Buy
2023-09-25,TQQQ,-0.003530574633389988,Sell
2023-09-25,PTCT,0.2,Buy
2023-09-26,VSAT,0.006924328351338771,Buy
2023-09-26,PI,0.2,Buy
2023-09-26,NUTX,-0.20772885008654846,Sell
2023-09-26,SHOP,0.2,Buy
2023-09-26,FCAP,-0.20336736210423284,Sell
2023-09-26,IREN,0.2,Buy
2023-09-26,TQQQ,0.006624351836291564,Buy
2023-09-26,PTCT,-0.20276134716391322,Sell
2023-09-27,DRUG,0.2,Buy
2023-09-27,VSAT,0.005952036169989294,Buy
2023-09-27,PI,-0.20660507389960142,Sell
2023-09-27,NUTX,0.2,Buy
2023-09-27,SLGL,0.2,Buy
2023-09-27,SHOP,-0.19942585137073343,Sell
2023-09-27,IREN,-0.20090069578514544,Sell
2023-09-27,TQQQ,0.0006756205836125906,Buy
2023-09-28,DRUG,-0.20710703856167764,Sell
2023-09-28,VSAT,-0.2046176988240365,Sell
2023-09-28,NUTX,-0.000288399893776381,Sell
2023-09-28,KYMR,0.2,Buy
2023-09-28,SLGL,0.014723597910845376,Buy
2023-09-28,FCAP,0.2,Buy
2023-09-28,TQQQ,-0.0030111394573314187,Sell
2023-09-29,DRUG,0.2,Buy
2023-09-29,NUTX,-0.2091708848728551,Sell
2023-09-29,KYMR,0.006695817736613097,Buy
2023-09-29,SLGL,0.008193467330542159,Buy
2023-09-29,FCAP,-0.20661012499820955,Sell
2023-09-29,IREN,0.2,Buy
2023-09-29,TQQQ,0.0006854630687145868,Buy
2023-10-02,DRUG,-0.1948123086539027,Sell
2023-10-02,PI,0.2,Buy
2023-10-02,KYMR,-0.20019713094265423,Sell
2023-10-02,SLGL,0.003740890217369064,Buy
2023-10-02,IREN,0.0010145255737982473,Buy
2023-10-02,TQQQ,-0.009959079272210042,Sell
2023-10-02,PTCT,0.2,Buy
2023-10-03,PI,-0.0009449769376511652,Sell
2023-10-03,SLGL,0.0024554490525524053,Buy
2023-10-03,AFRM,0.2,Buy
2023-10-03,IREN,0.006799585096691929,Buy
2023-10-03,TQQQ,-0.0026813209371298885,Sell
2023-10-03,PTCT,-0.2058453441150637,Sell
2023-10-04,PI,-0.2044418734885465,Sell
2023-10-04,DXCM,0.2,Buy
2023-10-04,SLGL,0.0031167146214960972,Buy
2023-10-04,WGS,0.2,Buy
2023-10-04,AFRM,0.007209485733508408,Buy
2023-10-04,IREN,-0.20112384440407866,Sell
2023-10-04,TQQQ,-0.004863532816971661,Sell
2023-10-05,VSAT,0.2,Buy
2023-10-05,DXCM,-0.20067622828728357,Sell
2023-10-05,SLGL,0.010854029456163566,Buy
2023-10-05,WGS,-0.19814182736971403,Sell
2023-10-05,AFRM,-0.2049506745731675,Sell
2023-10-05,IPX,0.2,Buy
2023-10-05,IREN,0.2,Buy
2023-10-05,TQQQ,-0.00730025049374064,Sell
2023-10-06,DRUG,0.2,Buy
2023-10-06,VSAT,-0.19089515935107657,Sell
2023-10-06,SLGL,-0.003453819368169686,Sell
2023-10-06,WGS,0.2,Buy
2023-10-06,IPX,-0.19707629447198588,Sell
2023-10-06,IREN,-0.20900657462973732,Sell
2023-10-06,TQQQ,0.00014121258420407568,Buy
2023-10-06,PTCT,0.2,Buy
2023-10-09,DRUG,-0.20236428564197317,Sell
2023-10-09,NYAX,0.2,Buy
2023-10-09,NEGG,0.2,Buy
2023-10-09,AAOI,0.2,Buy
2023-10-09,SLGL,-0.1950849945917706,Sell
2023-10-09,WGS,-0.19748804234748146,Sell
2023-10-09,IREN,0.2,Buy
2023-10-09,TQQQ,-0.005344262354566948,Sell
2023-10-09,PTCT,-0.20002210645137025,Sell
2023-10-10,NYAX,-0.2062987582902962,Sell
2023-10-10,TREE,0.2,Buy
2023-10-10,KYMR,0.2,Buy
2023-10-10,NEGG,-0.20499782076048245,Sell
2023-10-10,AAOI,0.0066662587241589355,Buy
2023-10-10,IREN,0.00402606046758977,Buy
2023-10-10,TQQQ,0.00021103874173131199,Buy
2023-10-11,VSAT,0.2,Buy
2023-10-11,TREE,-0.1952476715785166,Sell
2023-10-11,KYMR,0.005263963242749525,Buy
2023-10-11,NEGG,0.2,Buy
2023-10-11,AAOI,-0.20890720326345205,Sell
2023-10-11,IREN,0.003001502156196295,Buy
2023-10-11,TQQQ,-0.004316199614012417,Sell
2023-10-12,VSAT,-0.21916448355882046,Sell
2023-10-12,KYMR,0.01206148025006118,Buy
2023-10-12,NEGG,-0.19528571567075773,Sell
2023-10-12,RAPT,0.2,Buy
2023-10-12,IREN,-0.1963024412311261,Sell
2023-10-12,TQQQ,-0.0015170067946685961,Sell
2023-10-12,PTCT,0.2,Buy
2023-10-12,ESTA,0.2,Buy
2023-10-13,TARS,0.2,Buy
2023-10-13,KYMR,-0.2031888025571009,Sell
2023-10-13,INOD,0.2,Buy
2023-10-13,RAPT,-0.19628320472328858,Sell
2023-10-13,AFRM,0.2,Buy
2023-10-13,TQQQ,0.00650901323466202,Buy
2023-10-13,PRAX,0.2,Buy
2023-10-13,PTCT,-0.19991750042641585,Sell
2023-10-13,ESTA,-0.20742726269080036,Sell
2023-10-16,TARS,-0.20972781119496575,Sell
2023-10-16,NEGG,0.2,Buy
2023-10-16,HIFS,0.2,Buy
2023-10-16,INOD,-0.20396038412383233,Sell
2023-10-16,AFRM,-0.2035178492088034,Sell
2023-10-16,TQQQ,-0.0005670227703844233,Sell
2023-10-16,PRAX,0.017381771552040848,Buy
2023-10-16,PTCT,0.2,Buy
2023-10-17,NUVL,0.2,Buy
2023-10-17,KYMR,0.2,Buy
2023-10-17,NEGG,-0.20641941604817243,Sell
2023-10-17,HIFS,-0.19903704724785726,Sell
2023-10-17,SLGL,0.2,Buy
2023-10-17,RAPT,0.2,Buy
2023-10-17,TQQQ,0.008136828947601815,Buy
2023-10-17,PRAX,-0.20355383908047184,Sell
2023-10-17,PTCT,-0.19942561418900964,Sell
2023-10-18,SMTC,0.2,Buy
2023-10-18,NUVL,-0.20578348620293488,Sell
2023-10-18,KYMR,-0.20002901892071157,Sell
2023-10-18,SLGL,-0.1993365110409935,Sell
2023-10-18,RAPT,-0.19777967723069165,Sell
2023-10-18,AFRM,0.2,Buy
2023-10-18,TQQQ,0.002512001191536911,Buy
2023-10-18,PRAX,0.2,Buy
2023-10-18,ESTA,0.2,Buy
2023-10-19,SMTC,0.027105780612243724,Buy
2023-10-19,AFRM,-0.009676105721926037,Sell
2023-10-19,TQQQ,-0.009764504763155851,Sell
2023-10-19,PRAX,-0.005177627656084566,Sell
2023-10-19,ESTA,-0.0029200536396937204,Sell
2023-10-20,SMTC,-0.20778144381524097,Sell
2023-10-20,NEGG,0.2,Buy
2023-10-20,AAOI,0.2,Buy
2023-10-20,CELH,0.2,Buy
2023-10-20,AFRM,-0.2009148392503625,Sell
2023-10-20,TQQQ,0.007725521724292084,Buy
2023-10-20,PRAX,-0.20304726687510022,Sell
2023-10-20,ESTA,0.0040042746305291865,Buy
2023-10-23,RVMD,0.2,Buy
2023-10-23,NEGG,0.012319372905484377,Buy
2023-10-23,AAOI,-0.2084085612559071,Sell
2023-10-23,CELH,-0.2031693809843656,Sell
2023-10-23,TQQQ,-0.0026187160359876505,Sell
2023-10-23,PRAX,0.2,Buy
2023-10-23,ESTA,0.0015701152570356536,Buy
2023-10-24,RVMD,-0.22126659822454545,Sell
2023-10-24,TREE,0.2,Buy
2023-10-24,NEGG,0.003396754612969649,Buy
2023-10-24,TQQQ,0.0013366990354423958,Buy
2023-10-24,PRAX,0.006786478559581838,Buy
2023-10-24,ESTA,0.00954666921603975,Buy
2023-10-25,TARK,0.2,Buy
2023-10-25,TREE,-0.19972666574416223,Sell
2023-10-25,VICR,0.2,Buy
2023-10-25,KYMR,0.2,Buy
2023-10-25,NEGG,-0.2039116630630776,Sell
2023-10-25,AFRM,0.2,Buy
2023-10-25,TQQQ,-0.19572497373272515,Sell
2023-10-25,PRAX,-0.20365160066084237,Sell
2023-10-25,ESTA,0.0028981304247695516,Buy
2023-10-26,ALGN,0.2,Buy
2023-10-26,TARK,0.007079069366803942,Buy
2023-10-26,VICR,-0.20308304839067826,Sell
2023-10-26,KYMR,-0.20189035655405776,Sell
2023-10-26,AFRM,-0.20786506453498155,Sell
2023-10-26,HAS,0.2,Buy
2023-10-26,TQQQ,0.2,Buy
2023-10-26,ESTA,0.005360817184357353,Buy
2023-10-27,ALGN,-0.2018219363861312,Sell
2023-10-27,SMTC,0.2,Buy
2023-10-27,RVMD,0.2,Buy
2023-10-27,TARK,0.006220757433268803,Buy
2023-10-27,SNY,0.2,Buy
2023-10-27,HAS,-0.19088494285339805,Sell
2023-10-27,TQQQ,-0.20429209900161854,Sell
2023-10-27,PTCT,0.2,Buy
2023-10-27,ESTA,-0.20953027407063624,Sell
2023-10-30,SMTC,0.010784527335200994,Buy
2023-10-30,RVMD,-0.19761090386646532,Sell
2023-10-30,TARK,-0.2022269725094002,Sell
2023-10-30,ON,0.2,Buy
2023-10-30,SNY,-0.20844958071503622,Sell
2023-10-30,HAS,0.2,Buy
2023-10-30,TQQQ,0.2,Buy
2023-10-30,PTCT,-0.20290108598011866,Sell
2023-10-30,ESTA,0.2,Buy
2023-10-31,SMTC,-0.2066597682180851,Sell
2023-10-31,ON,-0.19428827497746873,Sell
2023-10-31,DORM,0.2,Buy
2023-10-31,WGS,0.2,Buy
2023-10-31,LSCC,0.2,Buy
2023-10-31,HAS,-0.20636497454119812,Sell
2023-10-31,TQQQ,-0.005610802166365725,Sell
2023-10-31,ESTA,0.012512927978835048,Buy
2023-11-01,SMTC,0.2,Buy
2023-11-01,VSAT,0.2,Buy
2023-11-01,DORM,-0.2033572046821569,Sell
2023-11-01,ASTE,0.2,Buy
2023-11-01,WGS,-0.19542378723755668,Sell
2023-11-01,LSCC,-0.18986801342692528,Sell
2023-11-01,TQQQ,-0.0033128509864925604,Sell
2023-11-01,PRAX,0.2,Buy
2023-11-01,ESTA,-0.2083343084650715,Sell
2023-11-02,SMTC,-0.20438949470766427,Sell
2023-11-02,VSAT,-0.006542264772429585,Sell
2023-11-02,PLPC,0.2,Buy
2023-11-02,ASTE,-0.18408334310964877,Sell
2023-11-02,OMCL,0.2,Buy
2023-11-02,WGS,0.2,Buy
2023-11-02,TQQQ,-0.0025703797513445537,Sell
2023-11-02,PRAX,-0.20279930518335362,Sell
2023-11-03,SMTC,0.2,Buy
2023-11-03,VSAT,-0.20255784891971995,Sell
2023-11-03,PCTY,0.2,Buy
2023-11-03,PLPC,-0.20408854972412882,Sell
2023-11-03,OMCL,-0.20160523942801944,Sell
2023-11-03,WGS,0.008447381378284269,Buy
2023-11-03,TQQQ,-0.00048632283827398926,Sell
2023-11-03,ESTA,0.2,Buy
2023-11-06,SMTC,-0.20490246725136185,Sell
2023-11-06,VSAT,0.2,Buy
2023-11-06,PCTY,-0.20179383872712453,Sell
2023-11-06,WGS,0.013845052829775217,Buy
2023-11-06,TQQQ,-0.00895037766393722,Sell
2023-11-06,PRAX,0.2,Buy
2023-11-06,ESTA,0.0014873130927506861,Buy
2023-11-07,VSAT,0.006243942204427921,Buy
2023-11-07,RVMD,0.2,Buy
2023-11-07,PXI,0.2,Buy
2023-11-07,WGS,0.007671455147396866,Buy
2023-11-07,TQQQ,-0.0065592674898305725,Sell
2023-11-07,PRAX,-0.2139440970638917,Sell
2023-11-07,ESTA,-0.19362071624942628,Sell
2023-11-08,VSAT,-0.20471710344542934,Sell
2023-11-08,RVMD,-0.20039920489800706,Sell
2023-11-08,PXI,-0.2023114933538295,Sell
2023-11-08,APGE,0.2,Buy
2023-11-08,SYM,0.2,Buy
2023-11-08,WGS,0.010913883124493151,Buy
2023-11-08,TQQQ,-0.003696540425492445,Sell
2023-11-08,ESTA,0.2,Buy
2023-11-09,SMTC,0.2,Buy
2023-11-09,RVMD,0.2,Buy
2023-11-09,APGE,-0.00356140048745468,Sell
2023-11-09,SYM,0.0014965872750926645,Buy
2023-11-09,WGS,-0.2084294857780442,Sell
2023-11-09,TQQQ,-0.20209404607161657,Sell
2023-11-09,ESTA,0.012272124952450392,Buy
2023-11-10,SMTC,-0.21477296041168487,Sell
2023-11-10,RVMD,-0.19942665830365933,Sell
2023-11-10,ILMN,0.2,Buy
2023-11-10,APGE,-0.19289922813614957,Sell
2023-11-10,SYM,-0.00032887531533287717,Sell
2023-11-10,WGS,0.2,Buy
2023-11-10,TQQQ,0.2,Buy
2023-11-10,ESTA,0.007218106244146372,Buy
2023-11-13,MNPR,0.2,Buy
2023-11-13,ILMN,-0.18929228823775873,Sell
2023-11-13,SYM,-0.21212258313549698,Sell
2023-11-13,WGS,0.004064846585253079,Buy
2023-11-13,TQQQ,0.0011456559923400111,Buy
2023-11-13,PRAX,0.2,Buy
2023-11-13,ESTA,-0.004100318301503397,Sell
2023-11-14,MNPR,0.0039759967585859535,Buy
2023-11-14,HUT,0.2,Buy
2023-11-14,WGS,0.009026978980683137,Buy
2023-11-14,TQQQ,0.0018150851188611927,Buy
2023-11-14,PRAX,0.0032505943769107204,Buy
2023-11-14,ESTA,-0.21825761700211532,Sell
2023-11-15,RVMD,0.2,Buy
2023-11-15,GPCR,0.2,Buy
2023-11-15,MNPR,-0.19683273924453362,Sell
2023-11-15,HUT,-0.21062276303264477,Sell
2023-11-15,WGS,0.004245224911047452,Buy
2023-11-15,TQQQ,0.006741573624408165,Buy
2023-11-15,PRAX,-0.20363640715916229,Sell
2023-11-15,ESTA,0.2,Buy
2023-11-16,RVMD,-0.19435740835020288,Sell
2023-11-16,GPCR,-0.19368602162934587,Sell
2023-11-16,APGE,0.2,Buy
2023-11-16,HUT,0.2,Buy
2023-11-16,WGS,-0.2224150796540853,Sell
2023-11-16,TQQQ,0.004502154653524965,Buy
2023-11-16,PRAX,0.2,Buy
2023-11-16,ESTA,0.0056581974557845804,Buy
2023-11-17,MNPR,0.2,Buy
2023-11-17,APGE,-0.2121845639797937,Sell
2023-11-17,HUT,-0.19909990943038844,Sell
2023-11-17,SLGL,0.2,Buy
2023-11-17,WGS,0.2,Buy
2023-11-17,TQQQ,0.004956060716443195,Buy
2023-11-17,PRAX,-0.20890279347725504,Sell
2023-11-17,ESTA,0.014933820181362634,Buy
2023-11-20,MNPR,0.0017474478675591487,Buy
2023-11-20,SLGL,-0.00433892026901006,Sell
2023-11-20,WGS,0.021212566704943925,Buy
2023-11-20,TQQQ,-0.013141612255411272,Sell
2023-11-20,ESTA,-0.005798489553010988,Sell
2023-11-21,MNPR,0.0008083079758473555,Buy
2023-11-21,TREE,0.2,Buy
2023-11-21,SLGL,-0.19792805598257912,Sell
2023-11-21,WGS,-0.19654422551553205,Sell
2023-11-21,TQQQ,0.008395760135105623,Buy
2023-11-21,PRAX,0.2,Buy
2023-11-21,ESTA,-0.014743065489479706,Sell
2023-11-22,MNPR,-0.20330572425276663,Sell
2023-11-22,TREE,-0.19409447019394693,Sell
2023-11-22,INOD,0.2,Buy
2023-11-22,PVLA,0.2,Buy
2023-11-22,SLGL,0.2,Buy
2023-11-22,TQQQ,0.003650143618431745,Buy
2023-11-22,PRAX,-0.20497829123088815,Sell
2023-11-22,ESTA,-0.001470221294292473,Sell
2023-11-24,MNPR,0.2,Buy
2023-11-24,INOD,-0.2010627463873528,Sell
2023-11-24,PVLA,-0.20814275100934143,Sell
2023-11-24,SLGL,0.0030731209788757985,Buy
2023-11-24,TQQQ,0.003485040527660521,Buy
2023-11-24,PTCT,0.2,Buy
2023-11-24,ESTA,0.0023492443098212246,Buy
2023-11-27,MNPR,0.0037772291981501283,Buy
2023-11-27,NUTX,0.2,Buy
2023-11-27,ILMN,0.2,Buy
2023-11-27,SLGL,-0.20260891162497094,Sell
2023-11-27,TQQQ,-0.004961851050808014,Sell
2023-11-27,PTCT,-0.20376431354713523,Sell
2023-11-27,ESTA,0.007347626059340362,Buy
2023-11-28,MNPR,0.002677858317251952,Buy
2023-11-28,NUTX,-0.19460669482555046,Sell
2023-11-28,ILMN,-0.20126233557644438,Sell
2023-11-28,PVLA,0.2,Buy
2023-11-28,TQQQ,0.00111001680959405,Buy
2023-11-28,PRAX,0.2,Buy
2023-11-28,ESTA,-0.00812170666876108,Sell
2023-11-29,MNPR,-0.0048312260778003435,Sell
2023-11-29,KYMR,0.2,Buy
2023-11-29,PVLA,0.006427567642225657,Buy
2023-11-29,TQQQ,0.003267633506922718,Buy
2023-11-29,PRAX,-0.20857253586773897,Sell
2023-11-29,ESTA,0.003509197119887536,Buy
2023-11-30,VSAT,0.2,Buy
2023-11-30,MNPR,0.01179258576947545,Buy
2023-11-30,NUTX,0.2,Buy
2023-11-30,KYMR,-0.20848715269638576,Sell
2023-11-30,PVLA,-0.20190111252194856,Sell
2023-11-30,TQQQ,0.003713213619659095,Buy
2023-11-30,ESTA,-0.005223088905811163,Sell
2023-12-01,VSAT,-0.20228959486445294,Sell
2023-12-01,MNPR,-0.014460964543847016,Sell
2023-12-01,NUTX,-0.20433649872620474,Sell
2023-12-01,JOYY,0.2,Buy
2023-12-01,PSIX,0.2,Buy
2023-12-01,TQQQ,0.009944773534757673,Buy
2023-12-01,ESTA,0.010946488249367309,Buy
2023-12-04,MNPR,0.008410410949176494,Buy
2023-12-04,JOYY,-0.20427807472649778,Sell
2023-12-04,NTES,0.2,Buy
2023-12-04,PSIX,-0.20647089557362563,Sell
2023-12-04,TQQQ,0.0024956346890631087,Buy
2023-12-04,PRAX,0.2,Buy
2023-12-04,ESTA,-0.000371037209202979,Sell
2023-12-05,TIGO,0.2,Buy
2023-12-05,MNPR,-0.205573127283989,Sell
2023-12-05,KYMR,0.2,Buy
2023-12-05,NTES,-0.1933846734878688,Sell
2023-12-05,NEGG,0.2,Buy
2023-12-05,TQQQ,0.0024712495395505796,Buy
2023-12-05,PRAX,-0.21456062918956162,Sell
2023-12-05,ESTA,0.010845666658646613,Buy
2023-12-06,TIGO,-0.2062793835121217,Sell
2023-12-06,BABX,0.2,Buy
2023-12-06,KYMR,-0.21455817555753362,Sell
2023-12-06,NEGG,0.0077606987984985,Buy
2023-12-06,MCHI,0.2,Buy
2023-12-06,TQQQ,0.003377562625091618,Buy
2023-12-06,ESTA,0.009392308057874665,Buy
2023-12-07,SPRB,0.2,Buy
2023-12-07,BABX,-0.20356485344991698,Sell
2023-12-07,NEGG,0.008915528678873436,Buy
2023-12-07,MCHI,-0.19951590757464238,Sell
2023-12-07,WGS,0.2,Buy
2023-12-07,TQQQ,-0.00766493380420738,Sell
2023-12-07,ESTA,0.0016205383649658123,Buy
2023-12-08,SPRB,-0.20303688578919155,Sell
2023-12-08,NEGG,0.00880693560877227,Buy
2023-12-08,WGS,-0.2106620507050414,Sell
2023-12-08,PSIX,0.2,Buy
2023-12-08,TQQQ,0.0013828523154616745,Buy
2023-12-08,PRAX,0.2,Buy
2023-12-08,ESTA,0.003307658393028351,Buy
2023-12-11,NEGG,-0.19344931956202752,Sell
2023-12-11,PVLA,0.2,Buy
2023-12-11,DNTH,0.2,Buy
2023-12-11,PSIX,0.010561015749218028,Buy
2023-12-11,TQQQ,-0.009492059686436377,Sell
2023-12-11,PRAX,-0.20599638453318236,Sell
2023-12-11,ESTA,-0.0018344940922638275,Sell
2023-12-12,MNPR,0.2,Buy
2023-12-12,PVLA,0.009044622133875885,Buy
2023-12-12,SLGL,0.2,Buy
2023-12-12,DNTH,0.004386228531033348,Buy
2023-12-12,PSIX,-0.20311812878187369,Sell
2023-12-12,TQQQ,-0.00802267427653608,Sell
2023-12-12,ESTA,-0.20249858220355532,Sell
2023-12-13,MNPR,-0.21087261064682333,Sell
2023-12-13,PVLA,0.015421580850963401,Buy
2023-12-13,SLGL,0.01863600235451876,Buy
2023-12-13,DNTH,-0.2091090816184276,Sell
2023-12-13,WGS,0.2,Buy
2023-12-13,TQQQ,-0.014289886600289264,Sell
2023-12-13,PRAX,0.2,Buy
2023-12-14,ACGL,0.2,Buy
2023-12-14,SEZL,0.2,Buy
2023-12-14,PVLA,-0.2163249107607577,Sell
2023-12-14,SLGL,-0.20574379869115914,Sell
2023-12-14,DNTH,0.2,Buy
2023-12-14,WGS,-0.20337992814901162,Sell
2023-12-14,TQQQ,0.011026401462396113,Buy
2023-12-14,PRAX,0.01421678480142513,Buy
2023-12-15,ROKU,0.2,Buy
2023-12-15,ACGL,-0.19985053461433952,Sell
2023-12-15,SEZL,-0.21561198439087728,Sell
2023-12-15,SLGL,0.2,Buy
2023-12-15,DNTH,0.011841283016955723,Buy
2023-12-15,TQQQ,-0.005675729733919943,Sell
2023-12-15,PRAX,0.00897920705949981,Buy
2023-12-18,LNTH,0.2,Buy
2023-12-18,ROKU,-0.1915125179750407,Sell
2023-12-18,GPCR,0.2,Buy
2023-12-18,PVLA,0.2,Buy
2023-12-18,SLGL,-0.21834536118527884,Sell
2023-12-18,DNTH,0.017079142185505825,Buy
2023-12-18,TQQQ,-0.0006214128211332881,Sell
2023-12-18,PRAX,-0.20680666770412992,Sell
2023-12-19,DRUG,0.2,Buy
2023-12-19,LNTH,-0.20614156546255683,Sell
2023-12-19,SPRB,0.2,Buy
2023-12-19,GPCR,-0.21059147502337514,Sell
2023-12-19,PVLA,0.007413934190351329,Buy
2023-12-19,DNTH,0.003238189214312376,Buy
2023-12-19,TQQQ,0.005785657890786083,Buy
2023-12-20,DRUG,-0.19173190515962027,Sell
2023-12-20,SPRB,-0.2086616557983432,Sell
2023-12-20,GPCR,0.2,Buy
2023-12-20,INOD,0.2,Buy
2023-12-20,PVLA,0.007838086262879518,Buy
2023-12-20,DNTH,-0.21798714690776938,Sell
2023-12-20,SYM,0.2,Buy
2023-12-20,TQQQ,0.01033590875754245,Buy
2023-12-21,GPCR,0.005139008226808961,Buy
2023-12-21,AAOI,0.2,Buy
2023-12-21,INOD,-0.0018856647807911908,Sell
2023-12-21,PVLA,0.001353275333306786,Buy
2023-12-21,SYM,-0.20364445859019575,Sell
2023-12-21,TQQQ,-0.0012632642778645509,Sell
2023-12-22,GPCR,-0.010949164566692732,Sell
2023-12-22,AAOI,-0.19710665631259602,Sell
2023-12-22,INOD,0.0037159911342346252,Buy
2023-12-22,PVLA,0.0006165191297864692,Buy
2023-12-22,TQQQ,0.0036222634531104525,Buy
2023-12-22,PTCT,0.2,Buy
2023-12-26,GPCR,0.007115021121659737,Buy
2023-12-26,SEZL,0.2,Buy
2023-12-26,SNPS,0.2,Buy
2023-12-26,INOD,0.00673490035916946,Buy
2023-12-26,PVLA,-0.21772902689076165,Sell
2023-12-26,TQQQ,0.0032035424420910064,Buy
2023-12-26,PTCT,-0.19942493744342882,Sell
2023-12-27,GPCR,-0.20348949856911802,Sell
2023-12-27,VICR,0.2,Buy
2023-12-27,SEZL,0.0010906704642561493,Buy
2023-12-27,SNPS,-0.1982941177409077,Sell
2023-12-27,INOD,-0.19934908011168556,Sell
2023-12-27,PVLA,0.2,Buy
2023-12-27,XPEL,0.2,Buy
2023-12-27,TQQQ,-0.00016560514701652318,Sell
2023-12-28,VICR,-0.19961469419462066,Sell
2023-12-28,SEZL,-0.002772778768219797,Sell
2023-12-28,PVLA,-0.0026935326431591355,Sell
2023-12-28,XPEL,0.0037199464808700122,Buy
2023-12-28,DNTH,0.2,Buy
2023-12-28,TQQQ,0.0010613008973487381,Buy
2023-12-29,MNPR,0.2,Buy
2023-12-29,SLMBP,0.2,Buy
2023-12-29,SEZL,-0.20917080677477032,Sell
2023-12-29,HUT,0.2,Buy
2023-12-29,INOD,0.2,Buy
2023-12-29,PVLA,-0.19326022600341264,Sell
2023-12-29,XPEL,-0.197981322857738,Sell
2023-12-29,DNTH,-0.20386213272813503,Sell
2023-12-29,TQQQ,0.0041727556510893216,Buy
2024-01-02,BL,0.2,Buy
2024-01-02,MNPR,-0.21950072841141421,Sell
2024-01-02,VICR,0.2,Buy
2024-01-02,SLMBP,-0.20588078664900125,Sell
2024-01-02,HUT,0.009485564146657716,Buy
2024-01-02,INOD,-0.19303061648103115,Sell
2024-01-02,IREN,0.2,Buy
2024-01-02,TQQQ,0.008521030847529698,Buy
2024-01-03,BL,-0.19861585334331494,Sell
2024-01-03,RYAAY,0.2,Buy
2024-01-03,TARK,0.2,Buy
2024-01-03,VICR,-0.1972055056512915,Sell
2024-01-03,HUT,-0.2033965837969728,Sell
2024-01-03,AAOI,0.2,Buy
2024-01-03,IREN,9.670179781634536e-05,Buy
2024-01-03,TQQQ,-0.0011999968675562578,Sell
2024-01-04,RYAAY,-0.1984273330798603,Sell
2024-01-04,TARK,-0.199140985168812,Sell
2024-01-04,HUT,0.2,Buy
2024-01-04,AAOI,-0.20801210343124757,Sell
2024-01-04,SLGL,0.2,Buy
2024-01-04,SYM,0.2,Buy
2024-01-04,IREN,-0.2019944899458809,Sell
2024-01-04,TQQQ,0.007280784647742178,Buy
2024-01-04,SITM,0.2,Buy
2024-01-05,HUT,0.007938882365608024,Buy
2024-01-05,SLGL,-0.2058083332770659,Sell
2024-01-05,SYM,0.005697101920041192,Buy
2024-01-05,IREN,0.2,Buy
2024-01-05,TQQQ,-0.0029795199313911724,Sell
2024-01-05,SITM,-0.20525634451674152,Sell
2024-01-05,QLYS,0.2,Buy
2024-01-08,MNPR,0.2,Buy
2024-01-08,HUT,0.004884324517800548,Buy
2024-01-08,PVLA,0.2,Buy
2024-01-08,SYM,-0.20160565852269607,Sell
2024-01-08,IREN,-0.0006791456245761052,Sell
2024-01-08,TQQQ,-0.005146172390091769,Sell
2024-01-08,QLYS,-0.1976535324735795,Sell
2024-01-09,MNPR,-0.20733333592666658,Sell
2024-01-09,SEZL,0.2,Buy
2024-01-09,HUT,-0.19715354859340867,Sell
2024-01-09,PVLA,-0.20169161768525146,Sell
2024-01-09,SYM,0.2,Buy
2024-01-09,IREN,0.008989874522497915,Buy
2024-01-09,TQQQ,-0.0030155772225576027,Sell
2024-01-09,ENLT,0.2,Buy
2024-01-10,GPCR,0.2,Buy
2024-01-10,SEZL,0.006390340393035487,Buy
2024-01-10,DNTH,0.2,Buy
2024-01-10,SYM,-0.1967098500506109,Sell
2024-01-10,IREN,-0.2097513199925035,Sell
2024-01-10,TQQQ,-0.0016275061578132632,Sell
2024-01-10,ENLT,0.0013972630490082516,Buy
2024-01-11,GPCR,-0.19895308056364164,Sell
2024-01-11,SEZL,-0.005287106187103957,Sell
2024-01-11,ASTS,0.2,Buy
2024-01-11,AAOI,0.2,Buy
2024-01-11,DNTH,-0.19597562875858357,Sell
2024-01-11,TQQQ,-8.352860887853031e-05,Sell
2024-01-11,ENLT,9.626385417998984e-05,Buy
2024-01-12,SEZL,-0.2146400284987869,Sell
2024-01-12,ASTS,-0.19491532455211716,Sell
2024-01-12,HUT,0.2,Buy
2024-01-12,AAOI,0.010303949431034465,Buy
2024-01-12,IREN,0.2,Buy
2024-01-12,TQQQ,-6.762118869244049e-05,Sell
2024-01-12,BKCH,0.2,Buy
2024-01-12,ENLT,-0.20088090316614868,Sell
2024-01-16,NEGG,0.2,Buy
2024-01-16,HUT,-0.2003730033446433,Sell
2024-01-16,AAOI,-0.20478378592526383,Sell
2024-01-16,IREN,0.007408483500794427,Buy
2024-01-16,TQQQ,-0.006082170666918879,Sell
2024-01-16,BKCH,0.0035158054965673258,Buy
2024-01-16,ENLT,0.2,Buy
2024-01-17,NEGG,0.007971161415103678,Buy
2024-01-17,HUT,0.2,Buy
2024-01-17,IREN,-0.0016295497730888786,Sell
2024-01-17,TQQQ,-0.002349693797049024,Sell
2024-01-17,BKCH,0.0014665032623569219,Buy
2024-01-17,ENLT,-0.20567003609022666,Sell
2024-01-18,NEGG,-0.21196864017488218,Sell
2024-01-18,HUT,0.035385572196816095,Buy
2024-01-18,WGS,0.2,Buy
2024-01-18,IREN,0.002756431164197659,Buy
2024-01-18,TQQQ,-0.02375372392784525,Sell
2024-01-18,BKCH,-0.0025320350416181137,Sell
2024-01-19,GPCR,0.2,Buy
2024-01-19,MNPR,0.2,Buy
2024-01-19,ASTS,0.2,Buy
2024-01-19,HUT,0.00658360117360593,Buy
2024-01-19,WGS,-0.19807180285723883,Sell
2024-01-19,IREN,-0.19883421418345665,Sell
2024-01-19,TQQQ,-0.010813072423535769,Sell
2024-01-19,BKCH,-0.19898319066835407,Sell
2024-01-22,GPCR,-0.20570279813497833,Sell
2024-01-22,MNPR,-0.1943173941030518,Sell
2024-01-22,NEGG,0.2,Buy
2024-01-22,ASTS,-0.0021053019480249957,Sell
2024-01-22,HUT,0.004085890104562395,Buy
2024-01-22,IREN,0.2,Buy
2024-01-22,TQQQ,-0.0022659215500718533,Sell
2024-01-23,MNPR,0.2,Buy
2024-01-23,NUTX,0.2,Buy
2024-01-23,NEGG,-0.20699846101685937,Sell
2024-01-23,ASTS,-0.003373606476267804,Sell
2024-01-23,HUT,0.009657338408486565,Buy
2024-01-23,IREN,-0.19502097546702943,Sell
2024-01-23,TQQQ,-0.004468506639791953,Sell
2024-01-24,MNPR,-0.20602063180190075,Sell
2024-01-24,NUTX,0.0050168507040655175,Buy
2024-01-24,ASTS,0.0032706684602880065,Buy
2024-01-24,HUT,8.60949463030447e-05,Buy
2024-01-24,SYM,0.2,Buy
2024-01-24,TQQQ,-0.0025571288231382716,Sell
2024-01-25,SATS,0.2,Buy
2024-01-25,NUTX,-0.19632058475958974,Sell
2024-01-25,ASTS,0.01333817593832154,Buy
2024-01-25,HUT,-0.029261462771005387,Sell
2024-01-25,SYM,-0.19241646488952951,Sell
2024-01-25,WGS,0.2,Buy
2024-01-25,TQQQ,0.004558763170371238,Buy
2024-01-26,SATS,-0.19106343567781428,Sell
2024-01-26,NUTX,0.2,Buy
2024-01-26,ASTS,0.01773369630911803,Buy
2024-01-26,HUT,-0.2180019214670525,Sell
2024-01-26,AAOI,0.2,Buy
2024-01-26,WGS,-0.21969950224919446,Sell
2024-01-26,TQQQ,0.010829797064618146,Buy
2024-01-26,INTC,0.2,Buy
2024-01-29,NUTX,0.019106108036675035,Buy
2024-01-29,ASTS,-0.2147211967067731,Sell
2024-01-29,HUT,0.2,Buy
2024-01-29,AAOI,-0.20782991072839063,Sell
2024-01-29,SQQQ,0.2,Buy
2024-01-29,TQQQ,-0.0008747733078647291,Sell
2024-01-29,INTC,-0.19598691719249092,Sell
2024-01-29,PDD,0.2,Buy
2024-01-30,NUTX,-0.007048972380256424,Sell
2024-01-30,ASTS,0.2,Buy
2024-01-30,HUT,0.010686436141979977,Buy
2024-01-30,SQQQ,-0.20797430434666292,Sell
2024-01-30,TQQQ,0.00023285558460051092,Buy
2024-01-30,PDD,0.0037884120882112626,Buy
2024-01-31,TARK,0.2,Buy
2024-01-31,NUTX,-0.20569714515787269,Sell
2024-01-31,ASTS,-0.20061973268352934,Sell
2024-01-31,HUT,0.005020722036449654,Buy
2024-01-31,AAOI,0.2,Buy
2024-01-31,SMBC,0.2,Buy
2024-01-31,TQQQ,0.007891920900688687,Buy
2024-01-31,PDD,-0.20670540819625316,Sell
2024-02-01,RKLB,0.2,Buy
2024-02-01,TARK,-0.20153867599917227,Sell
2024-02-01,NUTX,0.2,Buy
2024-02-01,HUT,0.0037201127084639796,Buy
2024-02-01,AAOI,-0.2061375665777665,Sell
2024-02-01,SMBC,-0.1931293485642375,Sell
2024-02-01,IREN,0.2,Buy
2024-02-01,TQQQ,-0.003215304529395252,Sell
2024-02-02,RKLB,-0.19853825232199324,Sell
2024-02-02,NUTX,0.007722015973430418,Buy
2024-02-02,NEGG,0.2,Buy
2024-02-02,HIFS,0.2,Buy
2024-02-02,HUT,-0.19567886707025947,Sell
2024-02-02,ACMR,0.2,Buy
2024-02-02,IREN,-0.2029275728303188,Sell
2024-02-02,TQQQ,-0.010880445395695021,Sell
2024-02-05,TIGO,0.2,Buy
2024-02-05,NUTX,-0.0033938842657827983,Sell
2024-02-05,NEGG,-0.2045316093098814,Sell
2024-02-05,HIFS,0.004851389000256362,Buy
2024-02-05,CFFI,0.2,Buy
2024-02-05,ACMR,-0.19664397968422268,Sell
2024-02-05,TQQQ,-0.000588298812583099,Sell
2024-02-06,RMBS,0.2,Buy
2024-02-06,TIGO,-0.20556007151215538,Sell
2024-02-06,MNPR,0.2,Buy
2024-02-06,NUTX,-0.20158792178679477,Sell
2024-02-06,HIFS,-0.19882370524159898,Sell
2024-02-06,CFFI,0.006187362581768219,Buy
2024-02-06,SYM,0.2,Buy
2024-02-06,TQQQ,-0.0004197741204802208,Sell
2024-02-07,RMBS,-0.19460448602450803,Sell
2024-02-07,VSAT,0.2,Buy
2024-02-07,BABX,0.2,Buy
2024-02-07,MNPR,0.011598367917033975,Buy
2024-02-07,ASTS,0.2,Buy
2024-02-07,CFFI,-0.2029507065516929,Sell
2024-02-07,SYM,-0.20780433194823514,Sell
2024-02-07,TQQQ,-0.006542831721849135,Sell
2024-02-08,ITIC,0.2,Buy
2024-02-08,VSAT,-0.20082502811130537,Sell
2024-02-08,BABX,0.02468744001412873,Buy
2024-02-08,MNPR,-0.20074532414421886,Sell
2024-02-08,PYPL,0.2,Buy
2024-02-08,ASTS,-0.2323158103542392,Sell
2024-02-08,MDGL,0.2,Buy
2024-02-08,TQQQ,0.008907668568741561,Buy
2024-02-09,ITIC,-0.19168723124452702,Sell
2024-02-09,BABX,-0.1983154395953876,Sell
2024-02-09,PYPL,-0.20098664276853603,Sell
2024-02-09,DXCM,0.2,Buy
2024-02-09,OMCL,0.2,Buy
2024-02-09,MDGL,-0.21218647039761124,Sell
2024-02-09,AFRM,0.2,Buy
2024-02-09,TQQQ,0.0028723775606264157,Buy
2024-02-09,NBIX,0.2,Buy
2024-02-12,MNPR,0.2,Buy
2024-02-12,NUTX,0.2,Buy
2024-02-12,DXCM,0.004785942019514905,Buy
2024-02-12,OMCL,-0.2093889494648391,Sell
2024-02-12,AFRM,-0.20375526257236928,Sell
2024-02-12,TQQQ,0.0037460037035020877,Buy
2024-02-12,NBIX,0.0042135779767841774,Buy
2024-02-13,SMTC,0.2,Buy
2024-02-13,ITIC,0.2,Buy
2024-02-13,VSAT,0.2,Buy
2024-02-13,TIGO,0.2,Buy
2024-02-13,MNPR,-0.19978421438390964,Sell
2024-02-13,NUTX,-0.20585480126019615,Sell
2024-02-13,DXCM,-0.19803747177931463,Sell
2024-02-13,TQQQ,0.009098283950368435,Buy
2024-02-13,NBIX,-0.20562867119037342,Sell
2024-02-14,SMTC,-0.2037150107505171,Sell
2024-02-14,ITIC,-0.2070767630645939,Sell
2024-02-14,VSAT,-0.1967179882331259,Sell
2024-02-14,TIGO,0.0071286613918138675,Buy
2024-02-14,CAR,0.2,Buy
2024-02-14,AKAM,0.2,Buy
2024-02-14,TQQQ,-1.1081144835667356e-05,Sell
2024-02-14,NBIX,0.2,Buy
2024-02-15,TIGO,-0.2031541638031994,Sell
2024-02-15,CAR,-0.20088419991397832,Sell
2024-02-15,MNPR,0.2,Buy
2024-02-15,NUTX,0.2,Buy
2024-02-15,AKAM,-0.19334560717864516,Sell
2024-02-15,INOD,0.2,Buy
2024-02-15,TQQQ,-0.0006082426156115706,Sell
2024-02-15,SITM,0.2,Buy
2024-02-15,NBIX,-0.2023098440885943,Sell
2024-02-16,ROKU,0.2,Buy
2024-02-16,MNPR,-0.20542148272146288,Sell
2024-02-16,NUTX,-0.2053076404187191,Sell
2024-02-16,HIFS,0.2,Buy
2024-02-16,ADBE,0.2,Buy
2024-02-16,INOD,-0.1957378987041325,Sell
2024-02-16,TQQQ,0.001963398027610863,Buy
2024-02-16,SITM,-0.19590370265655083,Sell
2024-02-16,CZFS,0.2,Buy
2024-02-20,CAR,0.2,Buy
2024-02-20,ROKU,-0.19014259482373366,Sell
2024-02-20,NUTX,0.2,Buy
2024-02-20,HIFS,-0.20557275976990796,Sell
2024-02-20,ADBE,-0.2018038707569412,Sell
2024-02-20,ACLS,0.2,Buy
2024-02-20,RAPT,0.2,Buy
2024-02-20,TQQQ,0.0011433464027319762,Buy
2024-02-20,CZFS,-0.20403236942050554,Sell
2024-02-21,CAR,0.024441852712689116,Buy
2024-02-21,NUTX,-0.18923922756848258,Sell
2024-02-21,ACLS,-0.18015971778958698,Sell
2024-02-21,SLGL,0.2,Buy
2024-02-21,UCYB,0.2,Buy
2024-02-21,RAPT,-0.27328641415258714,Sell
2024-02-21,PANW,0.2,Buy
2024-02-21,TQQQ,0.017874029413893405,Buy
2024-02-22,CAR,-0.19186438915706008,Sell
2024-02-22,BELFB,0.2,Buy
2024-02-22,HUT,0.2,Buy
2024-02-22,SLGL,-0.1957019879838186,Sell
2024-02-22,UCYB,-0.20372890962879478,Sell
2024-02-22,SHOP,0.2,Buy
2024-02-22,SYM,0.2,Buy
2024-02-22,PANW,-0.19828582620669608,Sell
2024-02-22,TQQQ,-0.010730426995312875,Sell
2024-02-23,BELFB,-0.20199767808091548,Sell
2024-02-23,VICR,0.2,Buy
2024-02-23,HUT,0.00986800040212582,Buy
2024-02-23,AAOI,0.2,Buy
2024-02-23,INOD,0.2,Buy
2024-02-23,SHOP,-0.20431578600528372,Sell
2024-02-23,SYM,-0.20472161613280915,Sell
2024-02-23,TQQQ,0.0007648553019253546,Buy
2024-02-26,GGLL,0.2,Buy
2024-02-26,VICR,-0.20288581197038147,Sell
2024-02-26,HUT,-0.22278203678538663,Sell
2024-02-26,AAOI,0.0033009310158181315,Buy
2024-02-26,INOD,0.010778784559476867,Buy
2024-02-26,RAPT,0.2,Buy
2024-02-26,TQQQ,0.01129958443689727,Buy
2024-02-27,GGLL,-0.19945932950327044,Sell
2024-02-27,AAOI,-0.005768731029626939,Sell
2024-02-27,INOD,-0.009609733774703672,Sell
2024-02-27,SLGL,0.2,Buy
2024-02-27,RAPT,0.012411370222061707,Buy
2024-02-27,TQQQ,0.002217320552465346,Buy
2024-02-28,BABX,0.2,Buy
2024-02-28,ASTS,0.2,Buy
2024-02-28,AAOI,0.020277767607430636,Buy
2024-02-28,INOD,-0.19317670956228444,Sell
2024-02-28,SLGL,-0.24396558838725893,Sell
2024-02-28,RAPT,-0.18960148372237984,Sell
2024-02-28,IREN,0.2,Buy
2024-02-28,TQQQ,0.006360351093294719,Buy
2024-02-29,XMTR,0.2,Buy
2024-02-29,BABX,0.007320954319316619,Buy
2024-02-29,ASTS,0.005579134844198919,Buy
2024-02-29,AAOI,-0.2220487842208111,Sell
2024-02-29,SLGL,0.2,Buy
2024-02-29,IREN,-0.1907967267748835,Sell
2024-02-29,TQQQ,-0.0003611044526443119,Sell
2024-03-01,XMTR,0.01607359978167791,Buy
2024-03-01,BABX,-0.20266593342316652,Sell
2024-03-01,GGLL,0.2,Buy
2024-03-01,ASTS,-0.20238865738411035,Sell
2024-03-01,AAOI,0.2,Buy
2024-03-01,ZS,0.2,Buy
2024-03-01,SLGL,-0.20218656600131707,Sell
2024-03-01,TQQQ,-0.009038831981425494,Sell
2024-03-04,XMTR,-0.19571158840461092,Sell
2024-03-04,BABX,0.2,Buy
2024-03-04,GGLL,0.002032385857024116,Buy
2024-03-04,AAOI,-0.20058277859732332,Sell
2024-03-04,ZS,-0.0018946101279260497,Sell
2024-03-04,SLGL,0.2,Buy
2024-03-04,TQQQ,-0.0041616892259601634,Sell
2024-03-05,TARK,0.2,Buy
2024-03-05,BABX,-0.20337651881694122,Sell
2024-03-05,GGLL,-0.2016177503070118,Sell
2024-03-05,HUT,0.2,Buy
2024-03-05,ZS,-0.19576905263292094,Sell
2024-03-05,SLGL,-0.2070966181613328,Sell
2024-03-05,IREN,0.2,Buy
2024-03-05,TQQQ,0.007655600825416414,Buy
2024-03-05,BKCH,0.2,Buy
2024-03-06,AXSM,0.2,Buy
2024-03-06,TARK,-0.19802050610434022,Sell
2024-03-06,HUT,-0.2011678271971187,Sell
2024-03-06,ZS,0.2,Buy
2024-03-06,SLGL,0.2,Buy
2024-03-06,PANW,0.2,Buy
2024-03-06,IREN,-0.20392835253291977,Sell
2024-03-06,TQQQ,0.004229835743847943,Buy
2024-03-06,BKCH,-0.2015013206461071,Sell
2024-03-07,AXSM,0.004502215705937007,Buy
2024-03-07,GPCR,0.2,Buy
2024-03-07,ASTS,0.2,Buy
2024-03-07,HUT,0.2,Buy
2024-03-07,ZS,-0.19468393412724225,Sell
2024-03-07,SLGL,-0.20453554840157295,Sell
2024-03-07,PANW,-0.2011535617927339,Sell
2024-03-07,TQQQ,-0.0045229294473758674,Sell
2024-03-08,AXSM,-0.20310910062427756,Sell
2024-03-08,GPCR,-0.2026158343274965,Sell
2024-03-08,ASTS,-0.2019694191716422,Sell
2024-03-08,HUT,-0.003327927842484868,Sell
2024-03-08,ZS,0.2,Buy
2024-03-08,MDB,0.2,Buy
2024-03-08,IREN,0.2,Buy
2024-03-08,TQQQ,0.010723041396522887,Buy
2024-03-11,HUT,0.013866754226205813,Buy
2024-03-11,ZS,-0.21063075869850745,Sell
2024-03-11,MDB,0.0004538668531601786,Buy
2024-03-11,IREN,0.002041658335062424,Buy
2024-03-11,TQQQ,-0.006049907163870966,Sell
2024-03-11,GSHD,0.2,Buy
2024-03-12,HUT,-0.00029439785854495915,Sell
2024-03-12,INOD,0.2,Buy
2024-03-12,SQQQ,0.2,Buy
2024-03-12,RAPT,0.2,Buy
2024-03-12,MDB,-0.19978403231277725,Sell
2024-03-12,IREN,-0.19301706923808612,Sell
2024-03-12,TQQQ,-0.0073332088312974275,Sell
2024-03-12,GSHD,-0.1996789515421488,Sell
2024-03-13,DRUG,0.2,Buy
2024-03-13,MRVL,0.2,Buy
2024-03-13,GPCR,0.2,Buy
2024-03-13,HUT,-0.20677410627370843,Sell
2024-03-13,INOD,-0.20632620755659098,Sell
2024-03-13,SQQQ,-0.19557789104718296,Sell
2024-03-13,RAPT,-0.20532184977740392,Sell
2024-03-13,IREN,0.2,Buy
2024-03-13,TQQQ,0.013713942429779163,Buy
2024-03-14,DRUG,0.015486442152493757,Buy
2024-03-14,SPRB,0.2,Buy
2024-03-14,BABX,0.2,Buy
2024-03-14,MRVL,-0.20247365485362487,Sell
2024-03-14,GPCR,-0.2150472707030301,Sell
2024-03-14,HUT,0.2,Buy
2024-03-14,INOD,0.2,Buy
2024-03-14,IREN,-0.19284419161017788,Sell
2024-03-14,TQQQ,-0.20554294956897884,Sell
2024-03-15,DRUG,-0.19792785202688168,Sell
2024-03-15,SPRB,0.0028043101877677223,Buy
2024-03-15,INTU,0.2,Buy
2024-03-15,BABX,-0.1983544168742828,Sell
2024-03-15,HUT,-0.20612928783309245,Sell
2024-03-15,INOD,-0.2007963764672017,Sell
2024-03-15,UCYB,0.2,Buy
2024-03-15,MDB,0.2,Buy
2024-03-15,TQQQ,0.2,Buy
2024-03-18,SPRB,0.011230648652541114,Buy
2024-03-18,SATS,0.2,Buy
2024-03-18,INTU,-0.20252059157719357,Sell
2024-03-18,MSTR,0.2,Buy
2024-03-18,UCYB,-0.20100457972079358,Sell
2024-03-18,MDB,-0.20148183440090087,Sell
2024-03-18,GSAT,0.2,Buy
2024-03-18,TQQQ,-0.006627065283475286,Sell
2024-03-19,SPRB,-0.0010215661254657504,Sell
2024-03-19,SATS,-0.2041866218202331,Sell
2024-03-19,ROOT,0.2,Buy
2024-03-19,MSTR,0.00785192032461493,Buy
2024-03-19,GSAT,0.0021565982826728114,Buy
2024-03-19,TQQQ,-0.005111710894324856,Sell
2024-03-20,SPRB,-0.18679682073199141,Sell
2024-03-20,ROOT,-0.21084093454267064,Sell
2024-03-20,NUTX,0.2,Buy
2024-03-20,MSTR,-0.20489316837995453,Sell
2024-03-20,SQQQ,0.2,Buy
2024-03-20,GSAT,-0.20310195554078625,Sell
2024-03-20,PSIX,0.2,Buy
2024-03-20,TQQQ,0.00553420722724865,Buy
2024-03-20,POWL,0.2,Buy
2024-03-21,XMTR,0.2,Buy
2024-03-21,DRUG,0.2,Buy
2024-03-21,NUTX,-0.19760349612263015,Sell
2024-03-21,HUT,0.2,Buy
2024-03-21,SQQQ,-0.1970351175360381,Sell
2024-03-21,RAPT,0.2,Buy
2024-03-21,PSIX,-0.19852933826495373,Sell
2024-03-21,TQQQ,-0.0021089984855251764,Sell
2024-03-21,POWL,-0.2051248786579204,Sell
2024-03-22,XMTR,0.0036201641714136423,Buy
2024-03-22,DRUG,-0.2028877684754914,Sell
2024-03-22,TARK,0.2,Buy
2024-03-22,HUT,-0.19923213654086208,Sell
2024-03-22,RAPT,0.0014036368429336532,Buy
2024-03-22,IREN,0.2,Buy
2024-03-22,TQQQ,-0.0033097734426981718,Sell
2024-03-25,XMTR,0.012459633078873211,Buy
2024-03-25,TARK,-0.20352038839778794,Sell
2024-03-25,INOD,0.2,Buy
2024-03-25,RAPT,0.004130868977694713,Buy
2024-03-25,IREN,-0.2179958665109505,Sell
2024-03-25,TQQQ,0.004725884715085754,Buy
2024-03-25,PTH,0.2,Buy
2024-03-26,XMTR,-0.1989094556384466,Sell
2024-03-26,DRUG,0.2,Buy
2024-03-26,SATS,0.2,Buy
2024-03-26,INOD,-0.19893055381660102,Sell
2024-03-26,KLAC,0.2,Buy
2024-03-26,RAPT,-0.2034046654106389,Sell
2024-03-26,TQQQ,0.001616907625580588,Buy
2024-03-26,PTH,-0.20058321142349347,Sell
2024-03-26,GSHD,0.2,Buy
2024-03-27,DRUG,-0.20031362131370864,Sell
2024-03-27,SATS,-0.20930107478187815,Sell
2024-03-27,BLTE,0.2,Buy
2024-03-27,AAOI,0.2,Buy
2024-03-27,KLAC,-0.19583996287474814,Sell
2024-03-27,ACMR,0.2,Buy
2024-03-27,IREN,0.2,Buy
2024-03-27,TQQQ,0.004833494742151528,Buy
2024-03-27,GSHD,-0.1997665994292407,Sell
2024-03-28,PTF,0.2,Buy
2024-03-28,BLTE,0.006512589926935403,Buy
2024-03-28,MSTR,0.2,Buy
2024-03-28,AAOI,-0.19991161969417262,Sell
2024-03-28,ACMR,-0.2044409394039841,Sell
2024-03-28,IREN,-0.002478879521675137,Sell
2024-03-28,TQQQ,-8.638999094165434e-05,Sell
2024-04-01,PTF,-0.1952410218504671,Sell
2024-04-01,IRON,0.2,Buy
2024-04-01,BLTE,0.012351512520492575,Buy
2024-04-01,MSTR,-0.18730967947373378,Sell
2024-04-01,RAPT,0.2,Buy
2024-04-01,AFRM,0.2,Buy
2024-04-01,IREN,-0.23372400036295268,Sell
2024-04-01,TQQQ,0.0037248432638044005,Buy
2024-04-02,DJCO,0.2,Buy
2024-04-02,NYAX,0.2,Buy
2024-04-02,SATS,0.2,Buy
2024-04-02,IRON,-0.19140736635853503,Sell
2024-04-02,BLTE,-0.2113252078928214,Sell
2024-04-02,ASTS,0.2,Buy
2024-04-02,RAPT,-0.19859734763575562,Sell
2024-04-02,AFRM,-0.20006010383504466,Sell
2024-04-02,TQQQ,0.0010751556098262671,Buy
2024-04-03,DRUG,0.2,Buy
2024-04-03,DJCO,-0.1922551184119198,Sell
2024-04-03,NYAX,-0.20575241233872726,Sell
2024-04-03,SATS,-0.1959936035404593,Sell
2024-04-03,IRON,0.2,Buy
2024-04-03,ASTS,-0.21706607004661038,Sell
2024-04-03,AFRM,0.2,Buy
2024-04-03,ULTA,0.2,Buy
2024-04-03,TQQQ,0.010690501717247725,Buy
2024-04-04,DRUG,-0.2069615478578226,Sell
2024-04-04,MRVL,0.2,Buy
2024-04-04,IRON,-0.1970962965720838,Sell
2024-04-04,KLAC,0.2,Buy
2024-04-04,RAPT,0.2,Buy
2024-04-04,AFRM,0.00560616325420063,Buy
2024-04-04,ULTA,-0.20778842310895965,Sell
2024-04-04,TQQQ,0.005827007066321277,Buy
2024-04-05,DRUG,0.2,Buy
2024-04-05,MRVL,-0.20162092241083676,Sell
2024-04-05,MSTR,0.2,Buy
2024-04-05,HUT,0.2,Buy
2024-04-05,AAOI,0.2,Buy
2024-04-05,KLAC,-0.19965899558661487,Sell
2024-04-05,RAPT,-0.19400735681659,Sell
2024-04-05,AFRM,-0.20136454584063232,Sell
2024-04-05,TQQQ,-0.003648966523581265,Sell
2024-04-08,DRUG,-0.003800185366532982,Sell
2024-04-08,NUTX,0.2,Buy
2024-04-08,MSTR,-0.20719549432602336,Sell
2024-04-08,HUT,0.0024981211753292987,Buy
2024-04-08,AAOI,-0.19470198865150568,Sell
2024-04-08,DNTH,0.2,Buy
2024-04-08,TQQQ,0.002805347124781782,Buy
2024-04-09,DRUG,-0.20847716705072994,Sell
2024-04-09,CAR,0.2,Buy
2024-04-09,NUTX,-0.20226229876647622,Sell
2024-04-09,HUT,0.011244910064253794,Buy
2024-04-09,AAOI,0.2,Buy
2024-04-09,DNTH,-0.20158928299330514,Sell
2024-04-09,IREN,0.2,Buy
2024-04-09,TQQQ,0.000884052587519335,Buy
2024-04-10,DRUG,0.2,Buy
2024-04-10,CAR,-0.19885018937955978,Sell
2024-04-10,NUTX,0.2,Buy
2024-04-10,ASTS,0.2,Buy
2024-04-10,HUT,-0.2027130015067124,Sell
2024-04-10,AAOI,-0.19892635695571334,Sell
2024-04-10,AFRM,0.2,Buy
2024-04-10,IREN,-0.20035407935555996,Sell
2024-04-10,TQQQ,0.0005300866948277916,Buy
2024-04-11,DRUG,-0.21315614731116292,Sell
2024-04-11,NUTX,0.04013288951662783,Buy
2024-04-11,ASTS,-0.00349596397079871,Sell
2024-04-11,HUT,0.2,Buy
2024-04-11,SLGL,0.2,Buy
2024-04-11,AFRM,-0.20780333547717333,Sell
2024-04-11,TQQQ,-0.016090575741077612,Sell
2024-04-12,NUTX,0.015073324414955847,Buy
2024-04-12,NTES,0.2,Buy
2024-04-12,ASTS,-0.21032748322072883,Sell
2024-04-12,HUT,0.0016668613377899266,Buy
2024-04-12,SLGL,-0.20835255572180705,Sell
2024-04-12,AFRM,0.2,Buy
2024-04-12,TQQQ,0.0017104885621788135,Buy
2024-04-15,TARK,0.2,Buy
2024-04-15,PFI,0.2,Buy
2024-04-15,NUTX,-0.17144195326138456,Sell
2024-04-15,NTES,-0.2158771866041052,Sell
2024-04-15,HUT,-0.00241080393117174,Sell
2024-04-15,AFRM,-0.005508565277067695,Sell
2024-04-15,TQQQ,-0.004987338648464262,Sell
2024-04-16,TARK,-0.19503123899097718,Sell
2024-04-16,LLYVK,0.2,Buy
2024-04-16,PFI,-0.20147817100042634,Sell
2024-04-16,LLYVA,0.2,Buy
2024-04-16,HUT,-0.0015214603042010555,Sell
2024-04-16,EXAS,0.2,Buy
2024-04-16,AFRM,-0.20061312540630175,Sell
2024-04-16,TQQQ,-0.0015575826498514245,Sell
2024-04-17,LLYVK,-0.20146488311031077,Sell
2024-04-17,BLTE,0.2,Buy
2024-04-17,MNPR,0.2,Buy
2024-04-17,FV,0.2,Buy
2024-04-17,LLYVA,-0.20060508044811734,Sell
2024-04-17,MSTR,0.2,Buy
2024-04-17,HUT,-0.2062601848439144,Sell
2024-04-17,EXAS,-0.19870399450613227,Sell
2024-04-17,TQQQ,0.006733019011092883,Buy
2024-04-18,PCAR,0.2,Buy
2024-04-18,PTF,0.2,Buy
2024-04-18,LLYVK,0.2,Buy
2024-04-18,QMOM,0.2,Buy
2024-04-18,BLTE,-0.20996397952423598,Sell
2024-04-18,MNPR,-0.20307798228675816,Sell
2024-04-18,FV,-0.19516172689875091,Sell
2024-04-18,MSTR,-0.19950977785013996,Sell
2024-04-18,TQQQ,0.00731771254267638,Buy
2024-04-19,PCAR,-0.19974950713846806,Sell
2024-04-19,PTF,-0.19790133481663574,Sell
2024-04-19,TARK,0.2,Buy
2024-04-19,LLYVK,-0.20919355551623522,Sell
2024-04-19,NVDL,0.2,Buy
2024-04-19,QMOM,-0.20187051879962825,Sell
2024-04-19,CHPS,0.2,Buy
2024-04-19,NVDU,0.2,Buy
2024-04-19,ARM,0.2,Buy
2024-04-19,TQQQ,-0.1916976564453895,Sell
2024-04-22,DRUG,0.2,Buy
2024-04-22,TARK,-0.19458770981570506,Sell
2024-04-22,NVDL,-0.20573315012502755,Sell
2024-04-22,IRON,0.2,Buy
2024-04-22,CHPS,-0.1911201654792367,Sell
2024-04-22,SEZL,0.2,Buy
2024-04-22,CGON,0.2,Buy
2024-04-22,NVDU,-0.20650754760623274,Sell
2024-04-22,ARM,-0.20252564709508114,Sell
2024-04-22,TQQQ,0.2,Buy
2024-04-23,DRUG,0.009823329673856712,Buy
2024-04-23,IRON,0.0096823504104383,Buy
2024-04-23,SEZL,-0.21544353859594817,Sell
2024-04-23,CGON,-0.20588297472327619,Sell
2024-04-23,ANAB,0.2,Buy
2024-04-23,GH,0.2,Buy
2024-04-23,TQQQ,0.0013452788271093585,Buy
2024-04-24,DRUG,0.006962075895086711,Buy
2024-04-24,NVDL,0.2,Buy
2024-04-24,IRON,-0.20055478242837285,Sell
2024-04-24,NVDU,0.2,Buy
2024-04-24,HUT,0.2,Buy
2024-04-24,ANAB,-0.19928163014030903,Sell
2024-04-24,GH,-0.2070444717268289,Sell
2024-04-24,TQQQ,-0.0002899999127443098,Sell
2024-04-25,DRUG,-0.19547757606769137,Sell
2024-04-25,NVDL,-0.20948941921950734,Sell
2024-04-25,NVDU,-0.21011666873360063,Sell
2024-04-25,CELC,0.2,Buy
2024-04-25,HUT,-0.19286540591699577,Sell
2024-04-25,INOD,0.2,Buy
2024-04-25,EXAS,0.2,Buy
2024-04-25,GH,0.2,Buy
2024-04-25,TQQQ,0.007652400227713935,Buy
2024-04-26,ODFL,0.2,Buy
2024-04-26,CELC,-0.19771140913899427,Sell
2024-04-26,INOD,-0.2037651053880221,Sell
2024-04-26,ARCB,0.2,Buy
2024-04-26,SAIA,0.2,Buy
2024-04-26,EXAS,-0.19604842645226203,Sell
2024-04-26,GH,-0.1980170475785292,Sell
2024-04-26,TQQQ,-0.004853527959191778,Sell
2024-04-26,INTC,0.2,Buy
2024-04-29,DJCO,0.2,Buy
2024-04-29,ODFL,-0.20255599109770114,Sell
2024-04-29,HUT,0.2,Buy
2024-04-29,ARCB,-0.20300139245844903,Sell
2024-04-29,SAIA,-0.19461056969473256,Sell
2024-04-29,IREN,0.2,Buy
2024-04-29,TQQQ,-0.002949500543442507,Sell
2024-04-29,INTC,0.002716244538923024,Buy
2024-04-30,DJCO,-0.2076544554500359,Sell
2024-04-30,BITS,0.2,Buy
2024-04-30,TARK,0.2,Buy
2024-04-30,MSTR,0.2,Buy
2024-04-30,HUT,-0.19751300886115816,Sell
2024-04-30,ARCB,0.2,Buy
2024-04-30,IREN,0.006065039116726012,Buy
2024-04-30,TQQQ,-0.19758634635382225,Sell
2024-04-30,INTC,-0.2036271190058468,Sell
2024-05-01,BITS,-0.1969308199729569,Sell
2024-05-01,TARK,-0.006180218540369514,Sell
2024-05-01,CG,0.2,Buy
2024-05-01,MSTR,0.003862115662043475,Buy
2024-05-01,IBIT,0.2,Buy
2024-05-01,ARCB,-0.1984789552911385,Sell
2024-05-01,IREN,-0.20268158170923709,Sell
2024-05-01,TQQQ,0.2,Buy
2024-05-02,TARK,-0.20111965042035893,Sell
2024-05-02,CG,-0.18985055346119148,Sell
2024-05-02,ROOT,0.2,Buy
2024-05-02,PXI,0.2,Buy
2024-05-02,MSTR,-0.210530044753373,Sell
2024-05-02,IBIT,-0.20001913014994305,Sell
2024-05-02,XPEL,0.2,Buy
2024-05-02,RAPT,0.2,Buy
2024-05-02,TQQQ,0.0012299172955496096,Buy
2024-05-03,DRUG,0.2,Buy
2024-05-03,SPRB,0.2,Buy
2024-05-03,TARK,0.2,Buy
2024-05-03,ROOT,-0.19559410118414589,Sell
2024-05-03,PXI,-0.2001704940009453,Sell
2024-05-03,XPEL,-0.1927908167779135,Sell
2024-05-03,RAPT,-0.20252404009531336,Sell
2024-05-03,TQQQ,-0.009316306725236895,Sell
2024-05-03,FTNT,0.2,Buy
2024-05-06,DRUG,-0.2012521828381099,Sell
2024-05-06,SPRB,0.0020415498397055865,Buy
2024-05-06,TARK,-0.2043385783207948,Sell
2024-05-06,NUTX,0.2,Buy
2024-05-06,MSTR,0.2,Buy
2024-05-06,SLGL,0.2,Buy
2024-05-06,TQQQ,-0.0017407671273026726,Sell
2024-05-06,FTNT,-0.1951007841974881,Sell
2024-05-07,SPRB,-0.2178622297185087,Sell
2024-05-07,NUTX,0.014191515530210863,Buy
2024-05-07,SEZL,0.2,Buy
2024-05-07,MSTR,-0.2034967399473597,Sell
2024-05-07,HUT,0.2,Buy
2024-05-07,SLGL,0.0121934546165898,Buy
2024-05-07,TQQQ,-0.00533515150969438,Sell
2024-05-08,TARK,0.2,Buy
2024-05-08,NUTX,-0.21035838379309812,Sell
2024-05-08,SEZL,-0.20202228793725704,Sell
2024-05-08,ALAB,0.2,Buy
2024-05-08,HUT,-0.19800349782703194,Sell
2024-05-08,AAOI,0.2,Buy
2024-05-08,SLGL,0.00780459923685603,Buy
2024-05-08,TQQQ,0.0023684295155249613,Buy
2024-05-09,DUOL,0.2,Buy
2024-05-09,TARK,-0.197045127886454,Sell
2024-05-09,NUTX,0.2,Buy
2024-05-09,CGON,0.2,Buy
2024-05-09,ALAB,-0.2024463000607847,Sell
2024-05-09,AAOI,-0.19477552447107832,Sell
2024-05-09,SLGL,-0.20480808484140509,Sell
2024-05-09,RAPT,0.2,Buy
2024-05-09,TQQQ,-0.0012303074331703745,Sell
2024-05-10,DUOL,-0.19632019947262672,Sell
2024-05-10,TARK,0.2,Buy
2024-05-10,NUTX,-0.20012580175715172,Sell
2024-05-10,CGON,-0.19872468821066402,Sell
2024-05-10,MSTR,0.2,Buy
2024-05-10,RAPT,-0.1945000176277748,Sell
2024-05-10,IREN,0.2,Buy
2024-05-10,TQQQ,-0.010748019509377926,Sell
2024-05-10,BKCH,0.2,Buy
2024-05-13,TARK,-0.2061693085998978,Sell
2024-05-13,CGON,0.2,Buy
2024-05-13,MSTR,-0.20561782884958357,Sell
2024-05-13,HUT,0.2,Buy
2024-05-13,SLGL,0.2,Buy
2024-05-13,IREN,-0.1972520418562253,Sell
2024-05-13,TQQQ,0.003904127107135086,Buy
2024-05-13,BKCH,0.004745326607087402,Buy
2024-05-14,TARK,0.2,Buy
2024-05-14,MNPR,0.2,Buy
2024-05-14,CGON,-0.009901679767939542,Sell
2024-05-14,HUT,-0.19651262878802087,Sell
2024-05-14,SLGL,0.00982542621222135,Buy
2024-05-14,TQQQ,-0.002230640721885141,Sell
2024-05-14,BKCH,-0.20148266269835788,Sell
2024-05-15,TARK,-0.2029713307842794,Sell
2024-05-15,CAR,0.2,Buy
2024-05-15,MNPR,0.019205747514888016,Buy
2024-05-15,CGON,-0.001788708459527777,Sell
2024-05-15,SLGL,-0.20874618597799624,Sell
2024-05-15,TQQQ,-0.005901249014823029,Sell
2024-05-15,CZFS,0.2,Buy
2024-05-16,TARK,0.2,Buy
2024-05-16,CAR,-0.19377012808941016,Sell
2024-05-16,MNPR,-0.2004644208790453,Sell
2024-05-16,CGON,-0.21447570763913595,Sell
2024-05-16,ALAB,0.2,Buy
2024-05-16,COIN,0.2,Buy
2024-05-16,TQQQ,0.007214995839711136,Buy
2024-05-16,BKCH,0.2,Buy
2024-05-16,CZFS,-0.1987080787288621,Sell
2024-05-17,TARK,-0.2019707264676795,Sell
2024-05-17,CAR,0.2,Buy
2024-05-17,SEZL,0.2,Buy
2024-05-17,CGON,0.2,Buy
2024-05-17,ALAB,-0.19620365272598925,Sell
2024-05-17,COIN,-0.2059185087830113,Sell
2024-05-17,RAPT,0.2,Buy
2024-05-17,TQQQ,0.002881689335975074,Buy
2024-05-17,BKCH,-0.19918752856428582,Sell
2024-05-20,SPRB,0.2,Buy
2024-05-20,CAR,-0.1956774798029193,Sell
2024-05-20,SEZL,-0.2170118687330633,Sell
2024-05-20,CGON,0.005888624152177946,Buy
2024-05-20,SLGL,0.2,Buy
2024-05-20,RAPT,0.00619439298191643,Buy
2024-05-20,TQQQ,0.00021333633795150853,Buy
2024-05-21,XMTR,0.2,Buy
2024-05-21,SPRB,-0.1929376271251314,Sell
2024-05-21,CAR,0.2,Buy
2024-05-21,CGON,-0.18457383147950102,Sell
2024-05-21,HTHT,0.2,Buy
2024-05-21,ANAB,0.2,Buy
2024-05-21,SLGL,-0.21494007866282466,Sell
2024-05-21,RAPT,-0.2173548092151424,Sell
2024-05-21,TQQQ,0.009611014670067808,Buy
2024-05-22,XMTR,-0.19954244979177843,Sell
2024-05-22,VSAT,0.2,Buy
2024-05-22,TARK,0.2,Buy
2024-05-22,BABX,0.2,Buy
2024-05-22,CAR,-0.19881202721473817,Sell
2024-05-22,HTHT,-0.1947841451822353,Sell
2024-05-22,ANAB,-0.2082260428150182,Sell
2024-05-22,DNTH,0.2,Buy
2024-05-22,TQQQ,0.0009615072277499304,Buy
2024-05-23,VSAT,-0.19638213399715707,Sell
2024-05-23,TARK,0.0022451343893381825,Buy
2024-05-23,BABX,-0.00026168337058460334,Sell
2024-05-23,CGON,0.2,Buy
2024-05-23,DNTH,-0.19873412002795246,Sell
2024-05-23,AFRM,0.2,Buy
2024-05-23,TQQQ,-0.007288646794346709,Sell
2024-05-24,SPRB,0.2,Buy
2024-05-24,TARK,-0.19958410273023428,Sell
2024-05-24,BABX,-0.19584635258538757,Sell
2024-05-24,NUTX,0.2,Buy
2024-05-24,CGON,-0.21070634686854234,Sell
2024-05-24,EXAS,0.2,Buy
2024-05-24,RAPT,0.2,Buy
2024-05-24,AFRM,-0.1954631930737641,Sell
2024-05-24,TQQQ,0.0014056241047385454,Buy
2024-05-28,SPRB,-0.20071114259887055,Sell
2024-05-28,NUTX,0.00555557613316382,Buy
2024-05-28,CGON,0.2,Buy
2024-05-28,EXAS,0.005059621005128384,Buy
2024-05-28,RAPT,-0.0014413117580789059,Sell
2024-05-28,TQQQ,-0.008876782752654272,Sell
2024-05-29,NUTX,-0.20128728467859447,Sell
2024-05-29,PTGX,0.2,Buy
2024-05-29,CGON,-0.20459849438794495,Sell
2024-05-29,EXAS,0.004793814159139709,Buy
2024-05-29,RAPT,0.0014938969264445823,Buy
2024-05-29,AFRM,0.2,Buy
2024-05-29,TQQQ,-0.0005098666325048795,Sell
2024-05-30,PTGX,-0.19812746597215333,Sell
2024-05-30,MSTR,0.2,Buy
2024-05-30,SLGL,0.2,Buy
2024-05-30,EXAS,-0.2011832824289834,Sell
2024-05-30,DNTH,0.2,Buy
2024-05-30,RAPT,-0.004316338989571594,Sell
2024-05-30,AFRM,-0.2037120834151325,Sell
2024-05-30,TQQQ,0.007136740032543942,Buy
2024-05-31,NUTX,0.2,Buy
2024-05-31,MSTR,-0.19283185687691595,Sell
2024-05-31,AAOI,0.2,Buy
2024-05-31,SLGL,-0.2162776114790184,Sell
2024-05-31,DNTH,-0.20348915220491165,Sell
2024-05-31,RAPT,0.007004937458369637,Buy
2024-05-31,MDB,0.2,Buy
2024-05-31,TQQQ,0.005297775745645911,Buy
2024-06-03,SPRB,0.2,Buy
2024-06-03,NUTX,-0.1986017093968551,Sell
2024-06-03,AAOI,-0.2040417223755518,Sell
2024-06-03,SLGL,0.2,Buy
2024-06-03,RAPT,0.00201447802505747,Buy
2024-06-03,MDB,-0.19825259401409806,Sell
2024-06-03,TQQQ,-0.0014238781486903829,Sell
2024-06-03,DAVE,0.2,Buy
2024-06-04,SPRB,-0.19793056421207744,Sell
2024-06-04,IESC,0.2,Buy
2024-06-04,COPJ,0.2,Buy
2024-06-04,ICOP,0.2,Buy
2024-06-04,SLGL,-0.2096272572096115,Sell
2024-06-04,RAPT,-0.20100149162871206,Sell
2024-06-04,TQQQ,-0.004553511063490334,Sell
2024-06-04,DAVE,0.01280716086539635,Buy
2024-06-05,SPRB,0.2,Buy
2024-06-05,IESC,-0.1964644819174035,Sell
2024-06-05,NUTX,0.2,Buy
2024-06-05,COPJ,-0.19595449613415458,Sell
2024-06-05,ICOP,-0.19577877137641708,Sell
2024-06-05,SLGL,0.2,Buy
2024-06-05,RAPT,0.2,Buy
2024-06-05,TQQQ,-0.004149963892818742,Sell
2024-06-05,DAVE,-0.2079473158122718,Sell
2024-06-06,SPRB,0.007458115066191373,Buy
2024-06-06,NUTX,-0.19160132751900796,Sell
2024-06-06,SLGL,-0.21036960927316214,Sell
2024-06-06,DNTH,0.2,Buy
2024-06-06,RAPT,0.0003944439739828054,Buy
2024-06-06,TQQQ,-0.00629477789125879,Sell
2024-06-06,DAVE,0.2,Buy
2024-06-07,SPRB,-0.2033540858201876,Sell
2024-06-07,MSTR,0.2,Buy
2024-06-07,KRUS,0.2,Buy
2024-06-07,AUMI,0.2,Buy
2024-06-07,DNTH,0.005285339074188572,Buy
2024-06-07,RAPT,-0.1929080169011817,Sell
2024-06-07,TQQQ,-0.0017017035526846191,Sell
2024-06-07,DAVE,-0.20752806475030017,Sell
2024-06-10,VSAT,0.2,Buy
2024-06-10,SEZL,0.2,Buy
2024-06-10,MSTR,-0.1958501352567848,Sell
2024-06-10,KRUS,-0.19886488659857932,Sell
2024-06-10,CELH,0.2,Buy
2024-06-10,AUMI,-0.19971740768799462,Sell
2024-06-10,DNTH,-0.20840165495291296,Sell
2024-06-10,RAPT,0.2,Buy
2024-06-10,TQQQ,0.0025383601090670505,Buy
2024-06-11,VSAT,-0.20224562968016743,Sell
2024-06-11,OMAB,0.2,Buy
2024-06-11,BABX,0.2,Buy
2024-06-11,SEZL,0.013063975305463132,Buy
2024-06-11,CELH,-0.20393548663293198,Sell
2024-06-11,RAPT,0.001957195490075031,Buy
2024-06-11,TQQQ,-0.009251471136156514,Sell
2024-06-12,MLAB,0.2,Buy
2024-06-12,VSAT,0.2,Buy
2024-06-12,OMAB,-0.19846834360350848,Sell
2024-06-12,BABX,-0.2023194678730567,Sell
2024-06-12,SEZL,0.002522886128031726,Buy
2024-06-12,CELH,0.2,Buy
2024-06-12,RAPT,-0.19320255673888584,Sell
2024-06-12,TQQQ,-0.008740984454771283,Sell
2024-06-13,MLAB,0.006441889925157179,Buy
2024-06-13,VSAT,0.007811516178438338,Buy
2024-06-13,SEZL,-0.21303038241295724,Sell
2024-06-13,RGEN,0.2,Buy
2024-06-13,CELH,-0.19975369458216322,Sell
2024-06-13,AUMI,0.2,Buy
2024-06-13,TQQQ,-0.0017685255894753782,Sell
2024-06-14,MLAB,-0.19800636425804663,Sell
2024-06-14,VSAT,-0.19535128554365178,Sell
2024-06-14,BABX,0.2,Buy
2024-06-14,ROOT,0.2,Buy
2024-06-14,RGEN,-0.20052184605940365,Sell
2024-06-14,CELH,0.2,Buy
2024-06-14,AUMI,-0.2023814015203406,Sell
2024-06-14,RAPT,0.2,Buy
2024-06-14,TQQQ,-0.003947373951717625,Sell
2024-06-17,BABX,-0.202217675817871,Sell
2024-06-17,ROOT,-0.21029067260949708,Sell
2024-06-17,PNRG,0.2,Buy
2024-06-17,APGE,0.2,Buy
2024-06-17,CELH,0.009552841280359659,Buy
2024-06-17,RAPT,-0.1948787510469964,Sell
2024-06-17,TQQQ,-0.002556727709946832,Sell
2024-06-17,PRAX,0.2,Buy
2024-06-18,VSAT,0.2,Buy
2024-06-18,ROOT,0.2,Buy
2024-06-18,PNRG,-0.1997783202659896,Sell
2024-06-18,APGE,0.015517512956000568,Buy
2024-06-18,CELH,-0.214224941776629,Sell
2024-06-18,RAPT,0.2,Buy
2024-06-18,TQQQ,0.002124949475035498,Buy
2024-06-18,PRAX,-0.20394067846900282,Sell
2024-06-20,VSAT,-0.20247211721010872,Sell
2024-06-20,ROOT,-0.19537758613604111,Sell
2024-06-20,MNPR,0.2,Buy
2024-06-20,APGE,-0.21070729675049962,Sell
2024-06-20,AAOI,0.2,Buy
2024-06-20,RAPT,-0.19509043981691518,Sell
2024-06-20,TQQQ,0.0033363747729876214,Buy
2024-06-20,WLDN,0.2,Buy
2024-06-20,POWL,0.2,Buy
2024-06-21,TIGO,0.2,Buy
2024-06-21,MNPR,-0.2039416119668896,Sell
2024-06-21,HIFS,0.2,Buy
2024-06-21,AAOI,-0.2040749095498748,Sell
2024-06-21,RAPT,0.2,Buy
2024-06-21,TCOM,0.2,Buy
2024-06-21,TQQQ,0.0029109115113662154,Buy
2024-06-21,WLDN,-0.20019161831455304,Sell
2024-06-21,POWL,-0.19510234210178526,Sell
2024-06-24,BITS,0.2,Buy
2024-06-24,TIGO,-0.20424535730833832,Sell
2024-06-24,NVDL,0.2,Buy
2024-06-24,NVDU,0.2,Buy
2024-06-24,HIFS,-0.20278884335471806,Sell
2024-06-24,CELH,0.2,Buy
2024-06-24,RAPT,-0.20370415273209636,Sell
2024-06-24,TCOM,-0.19892773083252907,Sell
2024-06-24,TQQQ,0.00926971497961751,Buy
2024-06-25,BITS,-0.19996210640326298,Sell
2024-06-25,VSAT,0.2,Buy
2024-06-25,NVDL,-0.21449163468448454,Sell
2024-06-25,GPCR,0.2,Buy
2024-06-25,NVDU,-0.2148480402867636,Sell
2024-06-25,CELH,0.02377554833163603,Buy
2024-06-25,RAPT,0.2,Buy
2024-06-25,TQQQ,0.005144650822648977,Buy
2024-06-26,VSAT,-0.20948388840132046,Sell
2024-06-26,GPCR,0.01054665650990494,Buy
2024-06-26,MNPR,0.2,Buy
2024-06-26,MSTR,0.2,Buy
2024-06-26,CELH,-0.20236072952288459,Sell
2024-06-26,RAPT,-0.19790961228170653,Sell
2024-06-26,TQQQ,-0.0011067557318341914,Sell
2024-06-26,DAVE,0.2,Buy
2024-06-27,GPCR,-0.2042495965384269,Sell
2024-06-27,MNPR,-0.19687943274254066,Sell
2024-06-27,MSTR,-0.206850712693642,Sell
2024-06-27,RAPT,0.2,Buy
2024-06-27,FCAP,0.2,Buy
2024-06-27,TCOM,0.2,Buy
2024-06-27,TQQQ,0.0008920341517290875,Buy
2024-06-27,DAVE,0.006785906581744494,Buy
2024-06-28,MSTR,0.2,Buy
2024-06-28,KRUS,0.2,Buy
2024-06-28,AAOI,0.2,Buy
2024-06-28,RAPT,-0.20719472335945502,Sell
2024-06-28,FCAP,-0.20658954706618424,Sell
2024-06-28,TCOM,-0.19425891926674083,Sell
2024-06-28,TQQQ,0.006763349645809963,Buy
2024-06-28,DAVE,-0.19901849070970418,Sell
2024-06-28,PTCT,0.2,Buy
2024-07-01,MASI,0.2,Buy
2024-07-01,MSTR,-3.5432045508293486e-05,Sell
2024-07-01,KRUS,0.006879892986729613,Buy
2024-07-01,AAOI,-0.19661103997148502,Sell
2024-07-01,CELH,0.2,Buy
2024-07-01,TQQQ,-0.005027431352333883,Sell
2024-07-01,PTCT,-0.2056129175783745,Sell
2024-07-02,MASI,-0.19593537718320508,Sell
2024-07-02,IRON,0.2,Buy
2024-07-02,MSTR,0.005655848723503554,Buy
2024-07-02,KRUS,-0.20368016238973086,Sell
2024-07-02,CELH,0.0010025278055811604,Buy
2024-07-02,RAPT,0.2,Buy
2024-07-02,TQQQ,-0.007247481214012252,Sell
2024-07-03,GPCR,0.2,Buy
2024-07-03,IRON,-0.2110899182367729,Sell
2024-07-03,NUTX,0.2,Buy
2024-07-03,MSTR,0.004971620161628304,Buy
2024-07-03,CELH,-0.19870668731472008,Sell
2024-07-03,RAPT,0.007221786430934629,Buy
2024-07-03,TQQQ,-0.0025978825953382745,Sell
2024-07-05,GPCR,-0.20240003880040833,Sell
2024-07-05,NUTX,0.013090922813113776,Buy
2024-07-05,MSTR,0.0024542998679994155,Buy
2024-07-05,AAOI,0.2,Buy
2024-07-05,RAPT,-0.20658774139023187,Sell
2024-07-05,TQQQ,-0.006764295764941669,Sell
2024-07-05,LOGI,0.2,Buy
2024-07-08,MASI,0.2,Buy
2024-07-08,NUTX,0.017076120869004202,Buy
2024-07-08,MSTR,0.001155798442749656,Buy
2024-07-08,AAOI,-0.219878951193263,Sell
2024-07-08,PVLA,0.2,Buy
2024-07-08,TQQQ,0.001214513585344773,Buy
2024-07-08,LOGI,-0.1997726865148205,Sell
2024-07-09,MASI,0.005767349011242956,Buy
2024-07-09,NUTX,0.009018783854332801,Buy
2024-07-09,MSTR,-0.20639691933916746,Sell
2024-07-09,KRUS,0.2,Buy
2024-07-09,PVLA,-0.20353284860568877,Sell
2024-07-09,IREN,0.2,Buy
2024-07-09,TQQQ,-0.005070988091668782,Sell
2024-07-10,SPRB,0.2,Buy
2024-07-10,MASI,-0.205202665279374,Sell
2024-07-10,NUTX,-0.20506842113033968,Sell
2024-07-10,KRUS,0.027899655341193375,Buy
2024-07-10,IREN,-0.20634809807538448,Sell
2024-07-10,TQQQ,-0.011493174715072468,Sell
2024-07-10,LOGI,0.2,Buy
2024-07-10,KARO,0.2,Buy
2024-07-11,SPRB,-0.00016755567105400382,Sell
2024-07-11,BITS,0.2,Buy
2024-07-11,KRUS,-0.2165615749508074,Sell
2024-07-11,PVLA,0.2,Buy
2024-07-11,IREN,0.2,Buy
2024-07-11,TQQQ,0.019580453002482873,Buy
2024-07-11,LOGI,-0.1958412257493199,Sell
2024-07-11,KARO,-0.20731327747698008,Sell
2024-07-12,SPRB,0.005326232760802491,Buy
2024-07-12,BITS,-0.198174696831973,Sell
2024-07-12,COCO,0.2,Buy
2024-07-12,MSTR,0.2,Buy
2024-07-12,KRUS,0.2,Buy
2024-07-12,PVLA,-0.20137243317091452,Sell
2024-07-12,IREN,-0.21099040214600787,Sell
2024-07-12,TQQQ,0.00491388182686861,Buy
2024-07-15,SPRB,-0.19654612010276026,Sell
2024-07-15,MASI,0.2,Buy
2024-07-15,COCO,-0.19372463293625278,Sell
2024-07-15,MSTR,-0.22477788753660777,Sell
2024-07-15,KRUS,0.011052841287319232,Buy
2024-07-15,CELH,0.2,Buy
2024-07-15,PVLA,0.2,Buy
2024-07-15,TQQQ,0.00369846095158774,Buy
2024-07-16,SPRB,0.2,Buy
2024-07-16,MU,0.2,Buy
2024-07-16,MASI,-0.19746855767636137,Sell
2024-07-16,NVDL,0.2,Buy
2024-07-16,KRUS,-0.2121738366921572,Sell
2024-07-16,CELH,-0.19626628682949196,Sell
2024-07-16,PVLA,0.00142386392822888,Buy
2024-07-16,TQQQ,0.004184021380428921,Buy
2024-07-17,SPRB,-0.20481447980204479,Sell
2024-07-17,MU,-0.20154317357255727,Sell
2024-07-17,FIVE,0.2,Buy
2024-07-17,NVDL,0.013728356534320613,Buy
2024-07-17,CHPS,0.2,Buy
2024-07-17,KRUS,0.2,Buy
2024-07-17,PVLA,-0.21158761277354124,Sell
2024-07-17,TQQQ,0.0038912861266096888,Buy
2024-07-18,FIVE,-0.19786413230403804,Sell
2024-07-18,NVDL,-0.2109173153802695,Sell
2024-07-18,CHPS,-0.19870545984464694,Sell
2024-07-18,INBX,0.2,Buy
2024-07-18,KRUS,0.004010162433209258,Buy
2024-07-18,DPZ,0.2,Buy
2024-07-18,TQQQ,0.0031681269544597823,Buy
2024-07-18,CENX,0.2,Buy
2024-07-19,CHPS,0.2,Buy
2024-07-19,INBX,-0.20293486594958834,Sell
2024-07-19,KRUS,-0.0060006280629143205,Sell
2024-07-19,DPZ,-0.20207555985496264,Sell
2024-07-19,PVLA,0.2,Buy
2024-07-19,TQQQ,0.0010334904416483826,Buy
2024-07-19,CENX,0.009667048786241556,Buy
2024-07-22,GPCR,0.2,Buy
2024-07-22,CHPS,-0.20244322928364794,Sell
2024-07-22,KRUS,0.0031690362704472064,Buy
2024-07-22,CRWD,0.2,Buy
2024-07-22,PVLA,-0.2027821225885237,Sell
2024-07-22,TQQQ,-0.0050663826589772976,Sell
2024-07-22,CENX,0.006920871196982009,Buy
2024-07-23,MEDP,0.2,Buy
2024-07-23,GPCR,-0.19555760905823627,Sell
2024-07-23,KRUS,-0.004126643377189626,Sell
2024-07-23,CRWD,-0.2028437956595798,Sell
2024-07-23,SLGL,0.2,Buy
2024-07-23,IREN,0.2,Buy
2024-07-23,TQQQ,0.00305331035484277,Buy
2024-07-23,CENX,-0.20072942901209068,Sell
2024-07-24,MEDP,-0.22229629768679368,Sell
2024-07-24,NVDL,0.2,Buy
2024-07-24,JTEK,0.2,Buy
2024-07-24,CHPS,0.2,Buy
2024-07-24,KRUS,-0.001279962104801552,Sell
2024-07-24,SLGL,-0.196270378058694,Sell
2024-07-24,IREN,-0.19490519902696476,Sell
2024-07-24,TQQQ,0.014438214143506461,Buy
2024-07-25,NVDL,-0.19611256918319048,Sell
2024-07-25,JTEK,-0.2026734834700562,Sell
2024-07-25,CHPS,0.0014725437892047222,Buy
2024-07-25,KRUS,-0.20610119983872907,Sell
2024-07-25,HUT,0.2,Buy
2024-07-25,SLGL,0.2,Buy
2024-07-25,IREN,0.2,Buy
2024-07-25,TQQQ,0.0031017531732448755,Buy
2024-07-26,FGM,0.2,Buy
2024-07-26,CHPS,-0.1957255726250193,Sell
2024-07-26,DXCM,0.2,Buy
2024-07-26,HUT,0.0025417084199887696,Buy
2024-07-26,SAIA,0.2,Buy
2024-07-26,SLGL,-0.21433011500436502,Sell
2024-07-26,IREN,-0.19475769737762585,Sell
2024-07-26,TQQQ,0.001980631653100806,Buy
2024-07-29,FGM,-0.19881788049598126,Sell
2024-07-29,NVDL,0.2,Buy
2024-07-29,NVDU,0.2,Buy
2024-07-29,DXCM,-0.21063319834886493,Sell
2024-07-29,HUT,0.00470673481836037,Buy
2024-07-29,AAOI,0.2,Buy
2024-07-29,SAIA,-0.19462055260643987,Sell
2024-07-29,SLGL,0.2,Buy
2024-07-29,TQQQ,-0.2009370906094919,Sell
2024-07-30,RMBS,0.2,Buy
2024-07-30,NVDL,0.013525914486781365,Buy
2024-07-30,CHPS,0.2,Buy
2024-07-30,NVDU,0.012856113136430813,Buy
2024-07-30,HUT,-0.20448954987486867,Sell
2024-07-30,AAOI,-0.21443715901260832,Sell
2024-07-30,SLGL,-0.2078921110425955,Sell
2024-07-30,SYM,0.2,Buy
2024-07-31,RMBS,-0.18837365155492206,Sell
2024-07-31,NVDL,-0.22413175153908624,Sell
2024-07-31,ROOT,0.2,Buy
2024-07-31,CHPS,-0.18946242491107407,Sell
2024-07-31,NVDU,-0.2232830531396764,Sell
2024-07-31,HUT,0.2,Buy
2024-07-31,SLGL,0.2,Buy
2024-07-31,SYM,-0.1750277998986801,Sell
2024-07-31,RAPT,0.2,Buy
2024-07-31,TQQQ,0.2,Buy
2024-08-01,RMBS,0.2,Buy
2024-08-01,ROOT,-0.19937317918864847,Sell
2024-08-01,CHPS,0.2,Buy
2024-08-01,HUT,-0.1974588044974069,Sell
2024-08-01,SLGL,-0.2040562657311914,Sell
2024-08-01,RAPT,-0.20664633982843894,Sell
2024-08-01,ARM,0.2,Buy
2024-08-01,AMBA,0.2,Buy
2024-08-01,TQQQ,-0.19298541072736053,Sell
2024-08-01,CAMT,0.2,Buy
2024-08-02,RMBS,-0.20207279307759976,Sell
2024-08-02,FORM,0.2,Buy
2024-08-02,CHPS,-0.003494175467014138,Sell
2024-08-02,ARM,-0.2011273275001313,Sell
2024-08-02,AMBA,0.003008028493214715,Buy
2024-08-02,OLED,0.2,Buy
2024-08-02,INTC,0.2,Buy
2024-08-02,CAMT,-0.19685241329436537,Sell
2024-08-05,BITS,0.2,Buy
2024-08-05,TARK,0.2,Buy
2024-08-05,NVDL,0.2,Buy
2024-08-05,GGLL,0.2,Buy
2024-08-05,FORM,-0.208212929063684,Sell
2024-08-05,CHPS,-0.20271406628518135,Sell
2024-08-05,NVDU,0.2,Buy
2024-08-05,AMBA,-0.1962018714163367,Sell
2024-08-05,OLED,-0.19990341302041228,Sell
2024-08-05,INTC,-0.19327908113836623,Sell
2024-08-06,BITS,-0.20242659817891498,Sell
2024-08-06,TARK,-0.19744337718967156,Sell
2024-08-06,NVDL,-0.20525822906274205,Sell
2024-08-06,GGLL,-0.18979900061568739,Sell
2024-08-06,NVDU,-0.20555320689879583,Sell
2024-08-06,AAOI,0.2,Buy
2024-08-06,CELH,0.2,Buy
2024-08-06,LEGR,0.2,Buy
2024-08-06,AFRM,0.2,Buy
2024-08-06,TQQQ,0.2,Buy
2024-08-07,NVDL,0.2,Buy
2024-08-07,NVDU,0.2,Buy
2024-08-07,MSTR,0.2,Buy
2024-08-07,DXCM,0.2,Buy
2024-08-07,AAOI,-0.193220361485472,Sell
2024-08-07,CELH,-0.2000569295600626,Sell
2024-08-07,LEGR,-0.204112069244804,Sell
2024-08-07,AFRM,-0.20469351221477436,Sell
2024-08-07,IREN,0.2,Buy
2024-08-07,TQQQ,-0.1984298330261096,Sell
2024-08-08,NVDL,-0.20507596898756933,Sell
2024-08-08,ALNT,0.2,Buy
2024-08-08,ROOT,0.2,Buy
2024-08-08,MNPR,0.2,Buy
2024-08-08,NVDU,-0.20475401342538452,Sell
2024-08-08,MSTR,-0.19842921364359106,Sell
2024-08-08,DXCM,-0.18765507356821196,Sell
2024-08-08,FROG,0.2,Buy
2024-08-08,IREN,-0.20454068087675542,Sell
2024-08-08,TQQQ,0.2,Buy
2024-08-09,SATS,0.2,Buy
2024-08-09,ALNT,-0.20323775088696241,Sell
2024-08-09,ROOT,-0.21664705106832313,Sell
2024-08-09,ALGT,0.2,Buy
2024-08-09,MNPR,0.03778080313358878,Buy
2024-08-09,FROG,-0.2137977212204995,Sell
2024-08-09,AAOI,0.2,Buy
2024-08-09,TQQQ,-0.004603035909189479,Sell
2024-08-12,IRTC,0.2,Buy
2024-08-12,SATS,-0.18658679185563,Sell
2024-08-12,ROOT,0.2,Buy
2024-08-12,ALGT,0.009004358772955218,Buy
2024-08-12,MNPR,-0.21499177901863453,Sell
2024-08-12,MSTR,0.2,Buy
2024-08-12,AAOI,-0.20462181062115786,Sell
2024-08-12,TQQQ,-0.0031257924333283615,Sell
2024-08-13,IRTC,-0.20033729403414816,Sell
2024-08-13,VSAT,0.2,Buy
2024-08-13,ROOT,0.007751953135078149,Buy
2024-08-13,ALGT,-0.19814818857809072,Sell
2024-08-13,MSTR,-0.0006009519828281129,Sell
2024-08-13,TQQQ,-0.008962170522931079,Sell
2024-08-13,CENX,0.2,Buy
2024-08-14,VSAT,-0.2019584633505686,Sell
2024-08-14,ROOT,-0.20395912807958716,Sell
2024-08-14,ALGT,0.2,Buy
2024-08-14,MSTR,0.005863339504313142,Buy
2024-08-14,RAPT,0.2,Buy
2024-08-14,TQQQ,-0.0019460699613585708,Sell
2024-08-14,CENX,0.0017947430325934155,Buy
2024-08-15,ROOT,0.2,Buy
2024-08-15,ALGT,-0.21168142202527956,Sell
2024-08-15,MSTR,0.007825427080050185,Buy
2024-08-15,IBIT,0.2,Buy
2024-08-15,SQQQ,0.2,Buy
2024-08-15,RAPT,-0.2005509290537228,Sell
2024-08-15,TQQQ,-0.004188878045445904,Sell
2024-08-15,CENX,-0.19159778468985436,Sell
2024-08-16,ROOT,-0.21033273788647303,Sell
2024-08-16,ALGT,0.2,Buy
2024-08-16,ALAB,0.2,Buy
2024-08-16,MSTR,-0.1964760633452333,Sell
2024-08-16,IBIT,-0.2040091021269298,Sell
2024-08-16,SQQQ,-0.1941291637065292,Sell
2024-08-16,RAPT,0.2,Buy
2024-08-16,LSCC,0.2,Buy
2024-08-16,TQQQ,0.004650953025996135,Buy
2024-08-19,ROOT,0.2,Buy
2024-08-19,ALGT,-0.1988350190110681,Sell
2024-08-19,ALAB,-0.19565662348023646,Sell
2024-08-19,SQQQ,0.2,Buy
2024-08-19,RAPT,-0.006362953853282033,Sell
2024-08-19,LSCC,-0.19718873339215767,Sell
2024-08-19,TQQQ,-0.0023486064217642932,Sell
2024-08-19,TSLA,0.2,Buy
2024-08-20,ROOT,0.008241104306373953,Buy
2024-08-20,ALAB,0.2,Buy
2024-08-20,DXCM,0.2,Buy
2024-08-20,SQQQ,-0.20071508713847563,Sell
2024-08-20,SYM,0.2,Buy
2024-08-20,RAPT,-0.21208763479261364,Sell
2024-08-20,TQQQ,0.0020215443348897133,Buy
2024-08-20,TSLA,-0.19775883602241698,Sell
2024-08-21,ROOT,-0.19561800266314014,Sell
2024-08-21,MNPR,0.2,Buy
2024-08-21,ALAB,-0.20384663598053776,Sell
2024-08-21,DXCM,-0.19726969518788778,Sell
2024-08-21,SYM,-0.20455129024355498,Sell
2024-08-21,ACMR,0.2,Buy
2024-08-21,TQQQ,0.0009860239416446814,Buy
2024-08-21,TSLA,0.2,Buy
2024-08-21,ENLT,0.2,Buy
2024-08-22,NVDL,0.2,Buy
2024-08-22,MNPR,-0.21669546742545878,Sell
2024-08-22,ACMR,0.004751079175978806,Buy
2024-08-22,LSCC,0.2,Buy
2024-08-22,TQQQ,0.007165987879273944,Buy
2024-08-22,INTC,0.2,Buy
2024-08-22,TSLA,-0.19112264479109928,Sell
2024-08-22,ENLT,-0.20450465632699924,Sell
2024-08-23,NVDL,-0.2094372241032079,Sell
2024-08-23,MNPR,0.2,Buy
2024-08-23,CELH,0.2,Buy
2024-08-23,RAPT,0.2,Buy
2024-08-23,ACMR,0.004623242725747989,Buy
2024-08-23,LSCC,-0.1998649405634159,Sell
2024-08-23,TQQQ,0.0012718868856023136,Buy
2024-08-23,INTC,-0.19688780803263545,Sell
2024-08-26,NVDL,0.2,Buy
2024-08-26,MNPR,-0.20368498285880698,Sell
2024-08-26,CELH,-0.20277917265433973,Sell
2024-08-26,RAPT,-0.2092303975527127,Sell
2024-08-26,ACMR,0.009325783881652505,Buy
2024-08-26,TQQQ,0.0060660541595016215,Buy
2024-08-26,INTC,0.2,Buy
2024-08-26,PDD,0.2,Buy
2024-08-27,NVDL,-0.2065078871159381,Sell
2024-08-27,MNPR,0.2,Buy
2024-08-27,SYM,0.2,Buy
2024-08-27,RAPT,0.2,Buy
2024-08-27,ACMR,-0.19877018738107805,Sell
2024-08-27,TQQQ,-0.0024130335192579233,Sell
2024-08-27,INTC,-0.20011432655553807,Sell
2024-08-27,PDD,0.007496566429463614,Buy
2024-08-28,TARK,0.2,Buy
2024-08-28,ROOT,0.2,Buy
2024-08-28,MNPR,0.0017324649082940957,Buy
2024-08-28,SYM,-0.19687372430771669,Sell
2024-08-28,RAPT,-0.2060119012558649,Sell
2024-08-28,IREN,0.2,Buy
2024-08-28,TQQQ,-0.0034133067191029764,Sell
2024-08-28,PDD,-0.19575338431948835,Sell
2024-08-29,TARK,0.007250476593851085,Buy
2024-08-29,NVDL,0.2,Buy
2024-08-29,ROOT,-0.19933934751148308,Sell
2024-08-29,MNPR,-0.19983259927085806,Sell
2024-08-29,NVDU,0.2,Buy
2024-08-29,RAPT,0.2,Buy
2024-08-29,IREN,-0.2188074767827801,Sell
2024-08-29,TQQQ,0.010442208931954328,Buy
2024-08-30,TARK,-0.20054689113870852,Sell
2024-08-30,NVDL,-0.0037100555533801927,Sell
2024-08-30,ALGT,0.2,Buy
2024-08-30,NVDU,-0.20382058970362008,Sell
2024-08-30,KRUS,0.2,Buy
2024-08-30,RAPT,0.012504023075189885,Buy
2024-08-30,TQQQ,-0.004732297691173559,Sell
2024-09-03,TARK,0.2,Buy
2024-09-03,NVDL,0.02418564795360445,Buy
2024-09-03,ALGT,-0.21173031518271254,Sell
2024-09-03,NVDU,0.2,Buy
2024-09-03,KRUS,-0.20219305075456398,Sell
2024-09-03,HUT,0.2,Buy
2024-09-03,RAPT,-0.21329435394692028,Sell
2024-09-03,TQQQ,0.002808215804150943,Buy
2024-09-04,TARK,-0.0017764137809890834,Sell
2024-09-04,NVDL,0.00393289731386498,Buy
2024-09-04,DLTR,0.2,Buy
2024-09-04,NVDU,0.004070804409515322,Buy
2024-09-04,HUT,-0.20525235460729016,Sell
2024-09-04,TQQQ,-0.0012932192113056518,Sell
2024-09-05,TARK,-0.200701900160013,Sell
2024-09-05,NVDL,0.0024696583359378466,Buy
2024-09-05,DLTR,-0.2092178398448151,Sell
2024-09-05,CRDO,0.2,Buy
2024-09-05,NVDU,0.0021921064486236097,Buy
2024-09-05,MSTR,0.2,Buy
2024-09-05,TQQQ,0.005156904467838702,Buy
2024-09-06,NVDL,0.0014115895640680054,Buy
2024-09-06,GGLL,0.2,Buy
2024-09-06,CRDO,0.0023333051570421093,Buy
2024-09-06,NVDU,0.0011290066958374867,Buy
2024-09-06,MSTR,-0.20654801957093563,Sell
2024-09-06,TQQQ,0.00145271575668654,Buy
2024-09-09,VSAT,0.2,Buy
2024-09-09,NVDL,-0.2080343008137649,Sell
2024-09-09,GGLL,-0.1892783826890154,Sell
2024-09-09,CRDO,0.006448952591724205,Buy
2024-09-09,NVDU,-0.20749261680907752,Sell
2024-09-09,KRUS,0.2,Buy
2024-09-09,SLGL,0.2,Buy
2024-09-09,TQQQ,-0.0017440367726996031,Sell
2024-09-10,VSAT,0.01680081704048697,Buy
2024-09-10,NVDL,0.2,Buy
2024-09-10,ROOT,0.2,Buy
2024-09-10,CRDO,-0.2009955352110359,Sell
2024-09-10,KRUS,-0.19993053719145215,Sell
2024-09-10,SLGL,-0.21507468091607504,Sell
2024-09-10,TQQQ,-0.001096989615476912,Sell
2024-09-10,TEM,0.2,Buy
2024-09-11,VSAT,0.01097178888392819,Buy
2024-09-11,NVDL,-0.2206281976149314,Sell
2024-09-11,ROOT,-0.19262131300648738,Sell
2024-09-11,MNPR,0.2,Buy
2024-09-11,SLGL,0.2,Buy
2024-09-11,RAPT,0.2,Buy
2024-09-11,TQQQ,-0.002026509025017248,Sell
2024-09-11,TEM,-0.19598869374934955,Sell
2024-09-12,VSAT,-0.17890935867597993,Sell
2024-09-12,MNPR,-0.29151433793875586,Sell
2024-09-12,SLGL,0.02963776532362636,Buy
2024-09-12,RAPT,0.02287735939034885,Buy
2024-09-12,IREN,0.2,Buy
2024-09-12,TQQQ,0.017637964704843884,Buy
2024-09-12,TEM,0.2,Buy
2024-09-13,VSAT,0.2,Buy
2024-09-13,SLGL,0.007632647453619551,Buy
2024-09-13,RAPT,0.0025043295757508077,Buy
2024-09-13,IREN,3.332920452001065e-05,Buy
2024-09-13,TQQQ,0.0019719721635780563,Buy
2024-09-13,TEM,-0.21237209665283388,Sell
2024-09-16,VSAT,-0.2094350345541848,Sell
2024-09-16,NVDL,0.2,Buy
2024-09-16,BMRN,0.2,Buy
2024-09-16,NVDU,0.2,Buy
2024-09-16,MSTR,0.2,Buy
2024-09-16,SLGL,-0.20376441516785532,Sell
2024-09-16,RAPT,-0.1903107252112699,Sell
2024-09-16,IREN,-0.2018355864211323,Sell
2024-09-16,TQQQ,0.005241014147341183,Buy
2024-09-17,VSAT,0.2,Buy
2024-09-17,NVDL,0.0017349355574075576,Buy
2024-09-17,BMRN,-0.2042849372963955,Sell
2024-09-17,NVDU,-0.1980635009981222,Sell
2024-09-17,MSTR,0.002614950461139909,Buy
2024-09-17,TQQQ,-0.0024086986079956685,Sell
2024-09-17,TEM,0.2,Buy
2024-09-18,VSAT,0.005930863825898858,Buy
2024-09-18,NVDL,0.006348105560692874,Buy
2024-09-18,NVDU,0.2,Buy
2024-09-18,MSTR,-0.20363462854943773,Sell
2024-09-18,INOD,0.2,Buy
2024-09-18,TQQQ,0.001150578398763813,Buy
2024-09-18,TEM,-0.20999869868922022,Sell
2024-09-19,VSAT,-0.19445521662329956,Sell
2024-09-19,NVDL,-0.003386837283374272,Sell
2024-09-19,DLTR,0.2,Buy
2024-09-19,NVDU,-0.20399765248123233,Sell
2024-09-19,INOD,-0.19596905400184944,Sell
2024-09-19,IREN,0.2,Buy
2024-09-19,TQQQ,-0.00238576805513116,Sell
2024-09-19,TEM,0.2,Buy
2024-09-20,NVDL,0.005806956543326275,Buy
2024-09-20,DLTR,-0.19492050862797752,Sell
2024-09-20,NVDU,0.2,Buy
2024-09-20,RAPT,0.2,Buy
2024-09-20,IREN,0.006453175577544434,Buy
2024-09-20,TQQQ,0.0005170404528022088,Buy
2024-09-20,TEM,-0.21815785717921996,Sell
2024-09-23,NVDL,-0.1985326810048551,Sell
2024-09-23,ROOT,0.2,Buy
2024-09-23,DLTR,0.2,Buy
2024-09-23,NVDU,-0.19840460621807618,Sell
2024-09-23,RAPT,0.005304161477708985,Buy
2024-09-23,IREN,-0.2090885509546677,Sell
2024-09-23,TQQQ,0.0005172624706013818,Buy
2024-09-23,CAMT,0.2,Buy
2024-09-24,FIVE,0.2,Buy
2024-09-24,FCNCA,0.2,Buy
2024-09-24,ROOT,-0.20517493481152266,Sell
2024-09-24,DLTR,-0.19628756080704138,Sell
2024-09-24,RAPT,0.0024183531780423984,Buy
2024-09-24,TQQQ,-0.0003782728276281455,Sell
2024-09-24,TEM,0.2,Buy
2024-09-24,CAMT,-0.20087688320403463,Sell
2024-09-25,VSAT,0.2,Buy
2024-09-25,FIVE,0.003115653816516545,Buy
2024-09-25,CAR,0.2,Buy
2024-09-25,FCNCA,-0.201132872484346,Sell
2024-09-25,RAPT,-0.20326404977044676,Sell
2024-09-25,TQQQ,-0.003975574563199719,Sell
2024-09-25,TEM,0.00495064197039391,Buy
2024-09-26,IRTC,0.2,Buy
2024-09-26,VSAT,0.00872855665824071,Buy
2024-09-26,FIVE,-0.002891778812614848,Sell
2024-09-26,CAR,-0.2021976782873222,Sell
2024-09-26,AFRM,0.2,Buy
2024-09-26,TQQQ,0.0014001699976109172,Buy
2024-09-26,TEM,-0.20523774106293483,Sell
2024-09-27,IRTC,-0.2041776883638305,Sell
2024-09-27,VSAT,-0.20473751079646713,Sell
2024-09-27,FIVE,0.004347087373504532,Buy
2024-09-27,ROOT,0.2,Buy
2024-09-27,AAOI,0.2,Buy
2024-09-27,AFRM,0.0016103180506200354,Buy
2024-09-27,TQQQ,0.0027519585105755806,Buy
2024-09-30,VSAT,0.2,Buy
2024-09-30,FIVE,0.009185317142462707,Buy
2024-09-30,ROOT,-0.0011969150826598718,Sell
2024-09-30,AAOI,-0.2083436671143802,Sell
2024-09-30,SYM,0.2,Buy
2024-09-30,AFRM,-0.19832019605260578,Sell
2024-09-30,TQQQ,-0.0015289164733229832,Sell
2024-10-01,VSAT,-0.1968812658749648,Sell
2024-10-01,FIVE,-0.20624752488714204,Sell
2024-10-01,NVDL,0.2,Buy
2024-10-01,ROOT,-0.20331372099642553,Sell
2024-10-01,NVDU,0.2,Buy
2024-10-01,SLGL,0.2,Buy
2024-10-01,SYM,-0.1988561215187029,Sell
2024-10-01,AFRM,0.2,Buy
2024-10-01,TQQQ,0.005090378386529676,Buy
2024-10-02,SMTC,0.2,Buy
2024-10-02,VSAT,0.2,Buy
2024-10-02,NVDL,-0.2010821631009831,Sell
2024-10-02,NVDU,-0.2011508080748734,Sell
2024-10-02,SLGL,-0.2046783536514563,Sell
2024-10-02,SYM,0.2,Buy
2024-10-02,AFRM,-0.19781925359169403,Sell
2024-10-02,TQQQ,0.004338183478629493,Buy
2024-10-02,INTC,0.2,Buy
2024-10-03,SMTC,-0.20120728975280905,Sell
2024-10-03,VSAT,-0.19947981084462868,Sell
2024-10-03,MNPR,0.2,Buy
2024-10-03,ALAB,0.2,Buy
2024-10-03,SLGL,0.2,Buy
2024-10-03,SYM,0.005802590512477973,Buy
2024-10-03,TQQQ,-0.0031197604687132896,Sell
2024-10-03,INTC,-0.20240521183221788,Sell
2024-10-04,AXSM,0.2,Buy
2024-10-04,IRTC,0.2,Buy
2024-10-04,MNPR,-0.19605067900778272,Sell
2024-10-04,ALAB,-0.2077059153867953,Sell
2024-10-04,SLGL,0.0038258619367885216,Buy
2024-10-04,SYM,-4.411915644525477e-05,Sell
2024-10-04,TQQQ,-0.00031830298681642666,Sell
2024-10-07,AXSM,-0.19616937871712034,Sell
2024-10-07,IRTC,-0.19426995217889348,Sell
2024-10-07,TAYD,0.2,Buy
2024-10-07,HALO,0.2,Buy
2024-10-07,HUT,0.2,Buy
2024-10-07,SLGL,-0.2137599919641696,Sell
2024-10-07,SYM,-0.000817525103420147,Sell
2024-10-07,TQQQ,0.004813010063089707,Buy
2024-10-08,TAYD,-0.20634458411356008,Sell
2024-10-08,HALO,-0.19945079778782535,Sell
2024-10-08,HUT,0.008098954068055358,Buy
2024-10-08,SLGL,0.2,Buy
2024-10-08,SYM,0.004425037080311556,Buy
2024-10-08,TQQQ,-0.007028675910242921,Sell
2024-10-08,CENX,0.2,Buy
2024-10-09,MNPR,0.2,Buy
2024-10-09,HUT,-0.19243315797614297,Sell
2024-10-09,SLGL,0.0014695405720644705,Buy
2024-10-09,SYM,0.002354731076365274,Buy
2024-10-09,IREN,0.2,Buy
2024-10-09,TQQQ,-0.003627471705141827,Sell
2024-10-09,CENX,-0.20796877799263327,Sell
2024-10-10,FSLR,0.2,Buy
2024-10-10,MNPR,-0.1962701212753017,Sell
2024-10-10,SLGL,0.004773000732564453,Buy
2024-10-10,SYM,-0.22828733679637397,Sell
2024-10-10,IREN,-0.18823109425827578,Sell
2024-10-10,TQQQ,0.007820804915266072,Buy
2024-10-10,TEM,0.2,Buy
2024-10-10,ESTA,0.2,Buy
2024-10-11,CAR,0.2,Buy
2024-10-11,FSLR,-0.20010808900759106,Sell
2024-10-11,AAPL,0.2,Buy
2024-10-11,SLGL,-0.20049170601462588,Sell
2024-10-11,TQQQ,0.005497443412593145,Buy
2024-10-11,INTC,0.2,Buy
2024-10-11,PDD,0.2,Buy
2024-10-11,TEM,-0.20598812515016934,Sell
2024-10-11,ESTA,-0.19920668642999245,Sell
2024-10-14,BABX,0.2,Buy
2024-10-14,CAR,0.0030823145737931823,Buy
2024-10-14,AAPL,-0.20538147633074216,Sell
2024-10-14,SLGL,0.2,Buy
2024-10-14,TQQQ,-0.007218563809162942,Sell
2024-10-14,INTC,-0.20102259114184653,Sell
2024-10-14,PDD,0.010133361319767359,Buy
2024-10-15,BABX,0.012936800147504951,Buy
2024-10-15,CAR,-0.20103286593798797,Sell
2024-10-15,FUTU,0.2,Buy
2024-10-15,SLGL,-0.21254938449046748,Sell
2024-10-15,ACMR,0.2,Buy
2024-10-15,TQQQ,-0.001633107915904819,Sell
2024-10-15,PDD,0.002061501272226457,Buy
2024-10-16,BABX,-0.0020042622683401345,Sell
2024-10-16,FUTU,0.0013244088710768487,Buy
2024-10-16,ACMR,-0.19955001216837914,Sell
2024-10-16,TQQQ,-0.0005682359066658815,Sell
2024-10-16,PDD,0.0005898444523058377,Buy
2024-10-16,CAMT,0.2,Buy
2024-10-17,BABX,0.004080474073801937,Buy
2024-10-17,FUTU,0.0070018056561981235,Buy
2024-10-17,TQQQ,-0.005533271542029872,Sell
2024-10-17,PDD,0.0011471659318023075,Buy
2024-10-17,CAMT,-0.20679966647138232,Sell
2024-10-17,ERIE,0.2,Buy
2024-10-18,BABX,-0.20523472061778014,Sell
2024-10-18,UFPT,0.2,Buy
2024-10-18,FUTU,-0.20340428332522606,Sell
2024-10-18,ACMR,0.2,Buy
2024-10-18,WFRD,0.2,Buy
2024-10-18,TQQQ,0.0008702011593117731,Buy
2024-10-18,PDD,0.002771611089643772,Buy
2024-10-18,ERIE,-0.19510664648323964,Sell
2024-10-21,UFPT,0.005086132176912006,Buy
2024-10-21,MNPR,0.2,Buy
2024-10-21,FBIZ,0.2,Buy
2024-10-21,RAPT,0.2,Buy
2024-10-21,ACMR,-0.20079165083301775,Sell
2024-10-21,WFRD,-0.2002626260226882,Sell
2024-10-21,TQQQ,-0.002527185344436994,Sell
2024-10-21,PDD,-0.20180866109838044,Sell
2024-10-22,UFPT,0.013756026973541474,Buy
2024-10-22,MNPR,-0.19719315909636495,Sell
2024-10-22,PATK,0.2,Buy
2024-10-22,FBIZ,-0.2045151250396904,Sell
2024-10-22,RAPT,-0.21457492483456725,Sell
2024-10-22,TQQQ,0.002228809951045546,Buy
2024-10-22,PDD,0.2,Buy
2024-10-22,CAMT,0.2,Buy
2024-10-23,UFPT,-0.20747881744967525,Sell
2024-10-23,MNPR,0.2,Buy
2024-10-23,PATK,-0.20120539847470037,Sell
2024-10-23,RAPT,0.2,Buy
2024-10-23,IREN,0.2,Buy
2024-10-23,TQQQ,0.004420347238852512,Buy
2024-10-23,PDD,0.0047850042667196835,Buy
2024-10-23,CAMT,-0.2008369971712919,Sell
2024-10-24,GRAL,0.2,Buy
2024-10-24,MNPR,-0.6319634800661249,Sell
2024-10-24,TSCO,0.2,Buy
2024-10-24,ICLR,0.2,Buy
2024-10-24,COLL,0.2,Buy
2024-10-24,RAPT,-0.09219377813948881,Sell
2024-10-24,IREN,-0.09536939451477801,Sell
2024-10-24,TQQQ,0.10827660180794332,Buy
2024-10-24,PDD,-0.08888643037038588,Sell
2024-10-25,GRAL,-0.199657944042139,Sell
2024-10-25,TSCO,-0.19824604127030676,Sell
2024-10-25,ICLR,-0.19821794777535767,Sell
2024-10-25,ICOP,0.2,Buy
2024-10-25,COLL,-0.2016167772360153,Sell
2024-10-25,SYM,0.2,Buy
2024-10-25,TQQQ,-0.0027139877877443153,Sell
2024-10-25,TEM,0.2,Buy
2024-10-25,ERIE,0.2,Buy
2024-10-28,NVDL,0.2,Buy
2024-10-28,MNPR,0.2,Buy
2024-10-28,AAOI,0.2,Buy
2024-10-28,ICOP,-0.19846053029202815,Sell
2024-10-28,CELH,0.2,Buy
2024-10-28,SYM,-0.20528908365627355,Sell
2024-10-28,TQQQ,0.001679018774286667,Buy
2024-10-28,TEM,-0.1973612642213223,Sell
2024-10-28,ERIE,-0.20096452352446928,Sell
2024-10-29,NVDL,-0.2070887898830644,Sell
2024-10-29,CECO,0.2,Buy
2024-10-29,MNPR,-0.18641552385142232,Sell
2024-10-29,TRNS,0.2,Buy
2024-10-29,AAOI,-0.1935580896777331,Sell
2024-10-29,CELH,-0.20262945158712178,Sell
2024-10-29,TMDX,0.2,Buy
2024-10-29,TQQQ,-0.010719198458659318,Sell
2024-10-29,CROX,0.2,Buy
2024-10-30,CECO,-0.21958885062810624,Sell
2024-10-30,QRVO,0.2,Buy
2024-10-30,TRNS,-0.2005493503996508,Sell
2024-10-30,ANAB,0.2,Buy
2024-10-30,TMDX,0.013517749211290037,Buy
2024-10-30,TQQQ,0.003020090415517429,Buy
2024-10-30,CROX,-0.1968026639774144,Sell
2024-10-30,WING,0.2,Buy
2024-10-31,NVDL,0.2,Buy
2024-10-31,FORM,0.2,Buy
2024-10-31,QRVO,-0.2005044607061068,Sell
2024-10-31,NVDU,0.2,Buy
2024-10-31,ANAB,-0.20041671192233304,Sell
2024-10-31,COIN,0.2,Buy
2024-10-31,TMDX,-0.2056382908314361,Sell
2024-10-31,TQQQ,0.01012545378661775,Buy
2024-10-31,WING,-0.20388285997879285,Sell
2024-11-01,NVDL,-0.2021080587204378,Sell
2024-11-01,FORM,-0.19852927095768028,Sell
2024-11-01,ACGL,0.2,Buy
2024-11-01,NVDU,-0.20250102740769735,Sell
2024-11-01,MSTR,0.2,Buy
2024-11-01,PATK,0.2,Buy
2024-11-01,COIN,-0.19852484078639404,Sell
2024-11-01,PSIX,0.2,Buy
2024-11-01,TQQQ,0.0012690265642984755,Buy
2024-11-04,ACGL,-0.2009269460903498,Sell
2024-11-04,MSTR,-0.19714318443467052,Sell
2024-11-04,PATK,-0.20196157871614037,Sell
2024-11-04,ANAB,0.2,Buy
2024-11-04,CEG,0.2,Buy
2024-11-04,ARM,0.2,Buy
2024-11-04,PSIX,-0.19918063452583876,Sell
2024-11-04,TQQQ,-0.0011945691314632356,Sell
2024-11-04,ERIE,0.2,Buy
2024-11-05,AZN,0.2,Buy
2024-11-05,MSTR,0.2,Buy
2024-11-05,ANAB,-0.195275043608166,Sell
2024-11-05,WYNN,0.2,Buy
2024-11-05,CEG,-0.20262585721708054,Sell
2024-11-05,ARM,-0.20030778375611585,Sell
2024-11-05,TQQQ,-0.003306553101146026,Sell
2024-11-05,ERIE,-0.1988765907790316,Sell
2024-11-05,CRUS,0.2,Buy
2024-11-06,AZN,0.013678650038872281,Buy
2024-11-06,MSTR,-0.2188591385273622,Sell
2024-11-06,ASTS,0.2,Buy
2024-11-06,AAOI,0.2,Buy
2024-11-06,WYNN,0.009738790840207151,Buy
2024-11-06,TQQQ,-0.009078630706234159,Sell
2024-11-06,CRUS,-0.19586653268500107,Sell
2024-11-07,MLAB,0.2,Buy
2024-11-07,AZN,-0.19720653575241917,Sell
2024-11-07,ASTS,0.014559259518617418,Buy
2024-11-07,ANAB,0.2,Buy
2024-11-07,AAOI,-0.21493891976876967,Sell
2024-11-07,WYNN,-0.19886629332361902,Sell
2024-11-07,ATRO,0.2,Buy
2024-11-07,TQQQ,-0.0037536458630495206,Sell
2024-11-08,MLAB,-0.20067658411237188,Sell
2024-11-08,BABX,0.2,Buy
2024-11-08,AKAM,0.2,Buy
2024-11-08,ASTS,-0.20403645326742997,Sell
2024-11-08,ANAB,-0.19740497160988707,Sell
2024-11-08,SLGL,0.2,Buy
2024-11-08,LASR,0.2,Buy
2024-11-08,ATRO,-0.19863320250901428,Sell
2024-11-08,TQQQ,0.0004453057329706911,Buy
2024-11-11,BABX,-0.20551691095509336,Sell
2024-11-11,RING,0.2,Buy
2024-11-11,AGMI,0.2,Buy
2024-11-11,AKAM,-0.20412305147835785,Sell
2024-11-11,SLGL,-0.19638499686981642,Sell
2024-11-11,LASR,-0.1944263989092119,Sell
2024-11-11,RAPT,0.2,Buy
2024-11-11,TQQQ,5.04332123314466e-05,Buy
2024-11-11,MPWR,0.2,Buy
2024-11-12,RING,-0.198942604843211,Sell
2024-11-12,AGMI,0.0020087255707567087,Buy
2024-11-12,ANAB,0.2,Buy
2024-11-12,AUMI,0.2,Buy
2024-11-12,RAPT,-0.2010880271949753,Sell
2024-11-12,TQQQ,-0.0011419331776649777,Sell
2024-11-12,MPWR,-0.20124077461890863,Sell
2024-11-12,ONC,0.2,Buy
2024-11-13,AGMI,0.0017698701523936045,Buy
2024-11-13,ANAB,0.005351570216622276,Buy
2024-11-13,AUMI,-0.20305591370574688,Sell
2024-11-13,RGLD,0.2,Buy
2024-11-13,TQQQ,-0.0008000662756100507,Sell
2024-11-13,MPWR,0.2,Buy
2024-11-13,ONC,-0.2035691010847851,Sell
2024-11-14,AGMI,-0.20460628014105436,Sell
2024-11-14,ANAB,0.0022420457740490174,Buy
2024-11-14,RAPT,0.2,Buy
2024-11-14,TMDX,0.2,Buy
2024-11-14,RGLD,-0.2036048211650676,Sell
2024-11-14,TQQQ,0.0008586041311513248,Buy
2024-11-14,MPWR,0.004903307539267487,Buy
2024-11-15,ROKU,0.2,Buy
2024-11-15,TREE,0.2,Buy
2024-11-15,ANAB,-0.00315406089644521,Sell
2024-11-15,RAPT,0.01382124043424035,Buy
2024-11-15,TMDX,0.0035689751594228103,Buy
2024-11-15,TQQQ,-0.2000670870962958,Sell
2024-11-15,MPWR,-0.21438910293291485,Sell
2024-11-18,IRTC,0.2,Buy
2024-11-18,ROKU,-0.21293598123808413,Sell
2024-11-18,TREE,-0.19402851220263173,Sell
2024-11-18,ALNY,0.2,Buy
2024-11-18,ANAB,-0.19684291198176737,Sell
2024-11-18,RAPT,0.002802311265848928,Buy
2024-11-18,TMDX,-0.1992016666141678,Sell
2024-11-18,IREN,0.2,Buy
2024-11-18,TQQQ,0.2,Buy
2024-11-19,IRTC,-0.196504217690047,Sell
2024-11-19,VSAT,0.2,Buy
2024-11-19,FSLR,0.2,Buy
2024-11-19,ALNY,-0.2018466102717826,Sell
2024-11-19,SLGL,0.2,Buy
2024-11-19,RAPT,0.005334492061342927,Buy
2024-11-19,IREN,-0.20324728860485358,Sell
2024-11-19,TQQQ,-0.004138076064799434,Sell
2024-11-20,VSAT,-0.20205076853127804,Sell
2024-11-20,FSLR,-0.1964567945854262,Sell
2024-11-20,ASTS,0.2,Buy
2024-11-20,SLGL,-0.20375547709064334,Sell
2024-11-20,RAPT,0.0008648242659167193,Buy
2024-11-20,TMDX,0.2,Buy
2024-11-20,TQQQ,0.00109675747440241,Buy
2024-11-20,MPWR,0.2,Buy
2024-11-21,FSLR,0.2,Buy
2024-11-21,GPCR,0.2,Buy
2024-11-21,ASTS,-0.20215686678959296,Sell
2024-11-21,RAPT,-0.19381732138373373,Sell
2024-11-21,TMDX,-0.20298409033869302,Sell
2024-11-21,TQQQ,0.0005464996899946784,Buy
2024-11-21,MPWR,-0.2018855278273723,Sell
2024-11-21,PDD,0.2,Buy
2024-11-21,TEM,0.2,Buy
2024-11-22,BABX,0.2,Buy
2024-11-22,FSLR,-0.19618029873524434,Sell
2024-11-22,ROKU,0.2,Buy
2024-11-22,GPCR,-0.21295494794863976,Sell
2024-11-22,TMDX,0.2,Buy
2024-11-22,TQQQ,0.007429274505246303,Buy
2024-11-22,PDD,0.015552544719032085,Buy
2024-11-22,TEM,-0.21423062006560678,Sell
2024-11-25,BABX,-0.20815381637902944,Sell
2024-11-25,ROKU,0.006221655934922715,Buy
2024-11-25,NVDL,0.2,Buy
2024-11-25,NVDU,0.2,Buy
2024-11-25,ASTS,0.2,Buy
2024-11-25,TMDX,-0.2031278697315494,Sell
2024-11-25,TQQQ,0.0025336505630007278,Buy
2024-11-25,PDD,-0.19777985115107863,Sell
2024-11-26,ROKU,-0.19524956589563325,Sell
2024-11-26,NVDL,-0.20355418618594392,Sell
2024-11-26,BLTE,0.2,Buy
2024-11-26,NVDU,-0.20344110010443675,Sell
2024-11-26,MSTR,0.2,Buy
2024-11-26,ASTS,-0.19406991933609613,Sell
2024-11-26,IREN,0.2,Buy
2024-11-26,TQQQ,-0.0039910124919801115,Sell
2024-11-26,MPWR,0.2,Buy
2024-11-27,BLTE,-0.1949696505113602,Sell
2024-11-27,MSTR,-0.20347601766514842,Sell
2024-11-27,INOD,0.2,Buy
2024-11-27,SYM,0.2,Buy
2024-11-27,IREN,-0.24006499787380267,Sell
2024-11-27,TQQQ,0.01939223811460178,Buy
2024-11-27,MPWR,0.018748192425374594,Buy
2024-11-27,POWL,0.2,Buy
2024-11-29,BLTE,0.2,Buy
2024-11-29,INOD,-0.2041752845028478,Sell
2024-11-29,COIN,0.2,Buy
2024-11-29,SYM,-0.21357138277564766,Sell
2024-11-29,TMDX,0.2,Buy
2024-11-29,TQQQ,0.004626092243640467,Buy
2024-11-29,MPWR,-0.19302362041181786,Sell
2024-11-29,PDD,0.2,Buy
2024-11-29,POWL,-0.19415981869837357,Sell
2024-12-02,BLTE,-0.19954618250809725,Sell
2024-12-02,TREE,0.2,Buy
2024-12-02,COIN,-0.2013674784564723,Sell
2024-12-02,SYM,0.2,Buy
2024-12-02,RAPT,0.2,Buy
2024-12-02,ACMR,0.2,Buy
2024-12-02,TMDX,-0.1936676518535281,Sell
2024-12-02,TQQQ,-0.0036333555370755832,Sell
2024-12-02,PDD,-0.20218216556183194,Sell
2024-12-03,RVMD,0.2,Buy
2024-12-03,TREE,-0.19302309406577972,Sell
2024-12-03,SYM,-0.1968998313554377,Sell
2024-12-03,RAPT,-0.20577462388379844,Sell
2024-12-03,ACMR,-0.204887662726939,Sell
2024-12-03,TMDX,0.2,Buy
2024-12-03,TQQQ,0.0001889976613347888,Buy
2024-12-03,INTC,0.2,Buy
2024-12-03,TEM,0.2,Buy
2024-12-04,RVMD,-0.1979753090587923,Sell
2024-12-04,TREE,0.2,Buy
2024-12-04,IPGP,0.2,Buy
2024-12-04,RAPT,0.2,Buy
2024-12-04,TMDX,-0.2000261834125565,Sell
2024-12-04,PSIX,0.2,Buy
2024-12-04,TQQQ,-0.005123040672771806,Sell
2024-12-04,INTC,-0.19340167374741565,Sell
2024-12-04,TEM,-0.20386977111180193,Sell
2024-12-05,AVAV,0.2,Buy
2024-12-05,TREE,-0.19879163226105467,Sell
2024-12-05,IPGP,-0.19963718792163554,Sell
2024-12-05,RAPT,-0.19629540609160986,Sell
2024-12-05,TMDX,0.2,Buy
2024-12-05,PSIX,-0.20723457020246364,Sell
2024-12-05,TQQQ,0.0015585203373521261,Buy
2024-12-05,INTC,0.2,Buy
2024-12-05,TEM,0.2,Buy
2024-12-06,AVAV,-0.19743877559746598,Sell
2024-12-06,HLNE,0.2,Buy
2024-12-06,BTSGU,0.2,Buy
2024-12-06,RAPT,0.2,Buy
2024-12-06,TMDX,-0.20628120733562114,Sell
2024-12-06,TQQQ,-0.005356124425072606,Sell
2024-12-06,INTC,-0.2013620446488472,Sell
2024-12-06,TEM,0.010036857775382296,Buy
2024-12-09,HLNE,-0.196177459508098,Sell
2024-12-09,BTSGU,-0.19850272814566283,Sell
2024-12-09,ANAB,0.2,Buy
2024-12-09,RAPT,-0.22332071318817795,Sell
2024-12-09,TQQQ,0.003334514465384436,Buy
2024-12-09,TEM,0.014359176974745896,Buy
2024-12-09,LIF,0.2,Buy
2024-12-09,MELI,0.2,Buy
2024-12-10,NVDL,0.2,Buy
2024-12-10,NVDU,0.2,Buy
2024-12-10,ANAB,-0.2026736813577345,Sell
2024-12-10,RAPT,0.2,Buy
2024-12-10,TQQQ,0.0013492621107866198,Buy
2024-12-10,TEM,0.005648012878211844,Buy
2024-12-10,LIF,-0.20000524335172326,Sell
2024-12-10,MELI,-0.20462855655804307,Sell
2024-12-11,NVDL,-0.20670688464256623,Sell
2024-12-11,ROOT,0.2,Buy
2024-12-11,NVDU,-0.20688712578403706,Sell
2024-12-11,ANAB,0.2,Buy
2024-12-11,RAPT,-0.19470898141762857,Sell
2024-12-11,TMDX,0.2,Buy
2024-12-11,TQQQ,-0.0051152056522051625,Sell
2024-12-11,TEM,0.013122652443660399,Buy
2024-12-12,ROOT,0.006252954561518809,Buy
2024-12-12,FTAI,0.2,Buy
2024-12-12,ANAB,-0.00046910673466565855,Sell
2024-12-12,TMDX,-0.20193829831720242,Sell
2024-12-12,PSIX,0.2,Buy
2024-12-12,TQQQ,-0.0029054578466650993,Sell
2024-12-12,TEM,-0.20125747296942964,Sell
2024-12-13,ABVX,0.2,Buy
2024-12-13,ROOT,-0.20240075982076786,Sell
2024-12-13,FTAI,-0.19728859097652085,Sell
2024-12-13,ANAB,-0.20999913461853678,Sell
2024-12-13,RAPT,0.2,Buy
2024-12-13,PSIX,0.016150140561164344,Buy
2024-12-13,TQQQ,-0.006667219345997594,Sell
2024-12-13,TEM,0.2,Buy
2024-12-16,ABVX,-0.22237456598997168,Sell
2024-12-16,RAPT,0.006174917462657914,Buy
2024-12-16,TMDX,0.2,Buy
2024-12-16,PSIX,0.019406794899028496,Buy
2024-12-16,TQQQ,-0.008845528221250287,Sell
2024-12-16,TEM,0.005330044150979596,Buy
2024-12-17,TMUS,0.2,Buy
2024-12-17,ANAB,0.2,Buy
2024-12-17,RAPT,0.005129943481668953,Buy
2024-12-17,TMDX,-0.20890525684017644,Sell
2024-12-17,PSIX,0.004527488694946291,Buy
2024-12-17,TQQQ,-0.0014479009868555437,Sell
2024-12-17,TEM,-0.19942222413660812,Sell
2024-12-18,PFI,0.2,Buy
2024-12-18,QMOM,0.2,Buy
2024-12-18,TMUS,-0.20993783067711855,Sell
2024-12-18,ANAB,-0.20142204961298793,Sell
2024-12-18,RAPT,-0.20419062417361522,Sell
2024-12-18,EXEEL,0.2,Buy
2024-12-18,PSIX,0.0025948973115610396,Buy
2024-12-18,TQQQ,-0.18725944979118275,Sell
2024-12-18,TEM,0.2,Buy
2024-12-19,PFI,-0.20403161413731113,Sell
2024-12-19,QMOM,-0.2058433890506477,Sell
2024-12-19,CTAS,0.2,Buy
2024-12-19,PXI,0.2,Buy
2024-12-19,ANAB,0.2,Buy
2024-12-19,EXEEL,-0.20403161413731113,Sell
2024-12-19,PSIX,0.01000291484165497,Buy
2024-12-19,TEM,0.0034942608046037993,Buy
2024-12-20,ARWR,0.2,Buy
2024-12-20,CTAS,-0.18594564961485827,Sell
2024-12-20,PXI,-0.18343462035463323,Sell
2024-12-20,ANAB,0.02363682330657546,Buy
2024-12-20,SLGL,0.2,Buy
2024-12-20,RAPT,0.2,Buy
2024-12-20,PSIX,-0.25890118586902044,Sell
2024-12-20,TQQQ,0.2,Buy
2024-12-20,TEM,-0.1956343221448371,Sell
2024-12-23,ARWR,-0.11338454002002123,Sell
2024-12-23,HUT,0.2,Buy
2024-12-23,ANAB,0.09278889290755314,Buy
2024-12-23,SLGL,-0.42947018685586974,Sell
2024-12-23,RAPT,-0.23539170472868803,Sell
2024-12-23,TQQQ,0.08522757691392317,Buy
2024-12-23,TEM,0.2,Buy
2024-12-23,BKCH,0.2,Buy
2024-12-24,SEZL,0.2,Buy
2024-12-24,HUT,-0.21540697732705139,Sell
2024-12-24,ANAB,0.00902575269850267,Buy
2024-12-24,SLGL,0.2,Buy
2024-12-24,SYM,0.2,Buy
2024-12-24,TQQQ,0.00029343207326559817,Buy
2024-12-24,TEM,-0.19141393800444323,Sell
2024-12-24,BKCH,-0.20287191682143763,Sell
2024-12-26,ABVX,0.2,Buy
2024-12-26,SEZL,-0.20066883151547757,Sell
2024-12-26,MSTR,0.2,Buy
2024-12-26,ANAB,0.013577007992530393,Buy
2024-12-26,SLGL,-0.2346112020463685,Sell
2024-12-26,SYM,-0.1905308450988455,Sell
2024-12-26,TMDX,0.2,Buy
2024-12-26,TQQQ,0.011946704677439496,Buy
