Date,Ticker,Trade_Weight,Direction
2023-05-31,MBB,0.2,Buy
2023-05-31,PFIS,0.2,Buy
2023-05-31,DHIL,0.2,Buy
2023-05-31,ALGT,0.2,Buy
2023-05-31,CRUS,0.2,Buy
2023-06-01,AADR,0.2,Buy
2023-06-01,ALGT,-0.1992095766201421,Sell
2023-06-01,MBB,-0.20006137714535613,Sell
2023-06-01,MCRI,0.2,Buy
2023-06-01,QABA,0.2,Buy
2023-06-01,PFIS,-0.19485748851656104,Sell
2023-06-01,DHIL,-0.20397770978992094,Sell
2023-06-01,CYBR,0.2,Buy
2023-06-01,EA,0.2,Buy
2023-06-01,CRUS,-0.20214347443355501,Sell
2023-06-02,AADR,-0.19977163013845076,Sell
2023-06-02,NDAQ,0.2,Buy
2023-06-02,BPOP,0.2,Buy
2023-06-02,VGLT,0.2,Buy
2023-06-02,MCRI,-0.20519708953631952,Sell
2023-06-02,QABA,-0.20817111272875083,Sell
2023-06-02,FOXA,0.2,Buy
2023-06-02,CYBR,-0.19181426360764028,Sell
2023-06-02,IPAR,0.2,Buy
2023-06-02,EA,-0.19553487876513562,Sell
2023-06-05,ASO,0.2,Buy
2023-06-05,NDAQ,-0.20085640019011958,Sell
2023-06-05,BPOP,-0.1968921766109562,Sell
2023-06-05,VGLT,-0.20168002575811156,Sell
2023-06-05,ORLY,0.2,Buy
2023-06-05,FROG,0.2,Buy
2023-06-05,WLFC,0.2,Buy
2023-06-05,FOXA,-0.20399575557993244,Sell
2023-06-05,BBH,0.2,Buy
2023-06-05,IPAR,-0.19708068498155223,Sell
2023-06-06,ASO,-0.20033230059561213,Sell
2023-06-06,BLTE,0.2,Buy
2023-06-06,UFO,0.2,Buy
2023-06-06,MDLZ,0.2,Buy
2023-06-06,ORLY,-0.1931961561969116,Sell
2023-06-06,FROG,-0.2107646412902004,Sell
2023-06-06,WLFC,-0.20008326022777123,Sell
2023-06-06,PSCT,0.2,Buy
2023-06-06,BBH,-0.19611557726857248,Sell
2023-06-06,TRI,0.2,Buy
2023-06-07,BLTE,-0.20012956392150086,Sell
2023-06-07,APPF,0.2,Buy
2023-06-07,UFO,-0.20109159541055904,Sell
2023-06-07,MDLZ,-0.19650205552699168,Sell
2023-06-07,ARCB,0.2,Buy
2023-06-07,OKTA,0.2,Buy
2023-06-07,SQQQ,0.2,Buy
2023-06-07,WGS,0.2,Buy
2023-06-07,PSCT,-0.20332267026574158,Sell
2023-06-07,TRI,-0.19945291023356107,Sell
2023-06-08,APPF,-0.2102648932006739,Sell
2023-06-08,TEAM,0.2,Buy
2023-06-08,EBAY,0.2,Buy
2023-06-08,ARCB,-0.2032777430044722,Sell
2023-06-08,OKTA,-0.20070067992453636,Sell
2023-06-08,SQQQ,-0.19533161852030043,Sell
2023-06-08,NFTY,0.2,Buy
2023-06-08,WGS,-0.19093101621627273,Sell
2023-06-08,IXUS,0.2,Buy
2023-06-08,POWL,0.2,Buy
2023-06-09,CHRW,0.2,Buy
2023-06-09,THFF,0.2,Buy
2023-06-09,TEAM,-0.20159994838007878,Sell
2023-06-09,EBAY,-0.20060027603709074,Sell
2023-06-09,DHIL,0.2,Buy
2023-06-09,RYTM,0.2,Buy
2023-06-09,NFTY,-0.19759929399045983,Sell
2023-06-09,IXUS,-0.19988529452015963,Sell
2023-06-09,LRCX,0.2,Buy
2023-06-09,POWL,-0.20081462459540683,Sell
2023-06-12,VONE,0.2,Buy
2023-06-12,FSLR,0.2,Buy
2023-06-12,CHRW,-0.19990008630603237,Sell
2023-06-12,THFF,-0.19653610090420232,Sell
2023-06-12,LOPE,0.2,Buy
2023-06-12,DHIL,-0.19705374593095568,Sell
2023-06-12,RYTM,-0.2015567305304184,Sell
2023-06-12,LRCX,-0.20544994614523812,Sell
2023-06-12,LFUS,0.2,Buy
2023-06-12,ERIE,0.2,Buy
2023-06-13,VONE,-0.20076962699821435,Sell
2023-06-13,FSLR,-0.19892895414570738,Sell
2023-06-13,ENTG,0.2,Buy
2023-06-13,NWPX,0.2,Buy
2023-06-13,JBHT,0.2,Buy
2023-06-13,FDTS,0.2,Buy
2023-06-13,DGRW,0.2,Buy
2023-06-13,LOPE,-0.20061815055697815,Sell
2023-06-13,LFUS,-0.20202411885063198,Sell
2023-06-13,ERIE,-0.19815722985106482,Sell
2023-06-14,ENTG,-0.19873108409883491,Sell
2023-06-14,UMBF,0.2,Buy
2023-06-14,NWPX,-0.1969904428142909,Sell
2023-06-14,JBHT,-0.20510681232784927,Sell
2023-06-14,FDTS,-0.1994587019540953,Sell
2023-06-14,DGRW,-0.20021223630881854,Sell
2023-06-14,HAS,0.2,Buy
2023-06-14,WLDN,0.2,Buy
2023-06-14,AVT,0.2,Buy
2023-06-14,IUSB,0.2,Buy
2023-06-15,GNOM,0.2,Buy
2023-06-15,UMBF,-0.19835678663272327,Sell
2023-06-15,GOOGL,0.2,Buy
2023-06-15,MEOH,0.2,Buy
2023-06-15,HAS,-0.19761336619965697,Sell
2023-06-15,TQQQ,0.2,Buy
2023-06-15,WLDN,-0.20644720110740808,Sell
2023-06-15,AVT,-0.19842932085020273,Sell
2023-06-15,QQQH,0.2,Buy
2023-06-15,IUSB,-0.19964972702734257,Sell
2023-06-16,GNOM,-0.1997893925906204,Sell
2023-06-16,BIDU,0.2,Buy
2023-06-16,GOOGL,-0.19946255080729863,Sell
2023-06-16,AIRR,0.2,Buy
2023-06-16,MEOH,-0.20126789334559575,Sell
2023-06-16,DXCM,0.2,Buy
2023-06-16,TCBK,0.2,Buy
2023-06-16,TER,0.2,Buy
2023-06-16,TQQQ,-0.19809716020445395,Sell
2023-06-16,QQQH,-0.2018880819539111,Sell
2023-06-20,BIDU,-0.20008753237536123,Sell
2023-06-20,AIRR,-0.20234313747308239,Sell
2023-06-20,ZEUS,0.2,Buy
2023-06-20,DXCM,-0.2021020597029427,Sell
2023-06-20,STX,0.2,Buy
2023-06-20,TCBK,-0.19798608941558044,Sell
2023-06-20,GH,0.2,Buy
2023-06-20,AMBA,0.2,Buy
2023-06-20,LSCC,0.2,Buy
2023-06-20,TER,-0.19798706929753035,Sell
2023-06-21,NOVT,0.2,Buy
2023-06-21,PLPC,0.2,Buy
2023-06-21,CWST,0.2,Buy
2023-06-21,ZEUS,-0.20332227069795766,Sell
2023-06-21,USXF,0.2,Buy
2023-06-21,STX,-0.20042839336837323,Sell
2023-06-21,GH,-0.20005010467946055,Sell
2023-06-21,AMBA,-0.19773109959715346,Sell
2023-06-21,POOL,0.2,Buy
2023-06-21,LSCC,-0.19897755103066253,Sell
2023-06-22,USOI,0.2,Buy
2023-06-22,NOVT,-0.20220323971809956,Sell
2023-06-22,SOXQ,0.2,Buy
2023-06-22,PLPC,-0.2003599705261924,Sell
2023-06-22,DOO,0.2,Buy
2023-06-22,CWST,-0.2003822598057572,Sell
2023-06-22,USXF,-0.2008473257324217,Sell
2023-06-22,SHV,0.2,Buy
2023-06-22,LMBS,0.2,Buy
2023-06-22,POOL,-0.19670817154294937,Sell
2023-06-23,DIOD,0.2,Buy
2023-06-23,USOI,-0.20038622315820856,Sell
2023-06-23,SOXQ,-0.19712824808928006,Sell
2023-06-23,DOO,-0.20199130539755641,Sell
2023-06-23,STRA,0.2,Buy
2023-06-23,ASTS,0.2,Buy
2023-06-23,DXCM,0.2,Buy
2023-06-23,SHV,-0.20056982300328458,Sell
2023-06-23,LMBS,-0.20042590503692173,Sell
2023-06-23,NBN,0.2,Buy
2023-06-26,DIOD,-0.2034001932486389,Sell
2023-06-26,MU,0.2,Buy
2023-06-26,SDG,0.2,Buy
2023-06-26,STRA,-0.20029063726768584,Sell
2023-06-26,ASTS,-0.19608159548564538,Sell
2023-06-26,DXCM,-0.1962239982015561,Sell
2023-06-26,UEVM,0.2,Buy
2023-06-26,NBN,-0.2045026455241159,Sell
2023-06-26,WIX,0.2,Buy
2023-06-26,PHO,0.2,Buy
2023-06-27,MU,-0.20267024804257902,Sell
2023-06-27,DUOL,0.2,Buy
2023-06-27,SDG,-0.20031883773455245,Sell
2023-06-27,INDB,0.2,Buy
2023-06-27,UEVM,-0.1994137811094491,Sell
2023-06-27,PLXS,0.2,Buy
2023-06-27,AVT,0.2,Buy
2023-06-27,QQXT,0.2,Buy
2023-06-27,WIX,-0.19677749372433154,Sell
2023-06-27,PHO,-0.20131627351113887,Sell
2023-06-28,DUOL,-0.20384543904774108,Sell
2023-06-28,SIGI,0.2,Buy
2023-06-28,SOXQ,0.2,Buy
2023-06-28,INDB,-0.19373458273744673,Sell
2023-06-28,EMXF,0.2,Buy
2023-06-28,PLXS,-0.2008084774078718,Sell
2023-06-28,LOPE,0.2,Buy
2023-06-28,AVT,-0.201490860840173,Sell
2023-06-28,QQXT,-0.200620387305652,Sell
2023-06-28,SFST,0.2,Buy
2023-06-29,FCAL,0.2,Buy
2023-06-29,SIGI,-0.20080973921637085,Sell
2023-06-29,SOXQ,-0.19929276372729482,Sell
2023-06-29,NVDL,0.2,Buy
2023-06-29,GGLL,0.2,Buy
2023-06-29,EMXF,-0.19826575808056557,Sell
2023-06-29,LOPE,-0.2015595510344186,Sell
2023-06-29,HBCP,0.2,Buy
2023-06-29,LOGI,0.2,Buy
2023-06-29,SFST,-0.20057019422291714,Sell
2023-06-30,FCAL,-0.1977343578257436,Sell
2023-06-30,NVDL,-0.20875657176615503,Sell
2023-06-30,GGLL,-0.19934480142729147,Sell
2023-06-30,ESEA,0.2,Buy
2023-06-30,HISF,0.2,Buy
2023-06-30,SLGL,0.2,Buy
2023-06-30,CAKE,0.2,Buy
2023-06-30,HBCP,-0.1938283124529112,Sell
2023-06-30,ADP,0.2,Buy
2023-06-30,LOGI,-0.20083071833081403,Sell
2023-07-03,BABX,0.2,Buy
2023-07-03,REG,0.2,Buy
2023-07-03,ESEA,-0.19824907586715276,Sell
2023-07-03,HISF,-0.1943061298664545,Sell
2023-07-03,EVRG,0.2,Buy
2023-07-03,SLGL,-0.2153948270522429,Sell
2023-07-03,ESGE,0.2,Buy
2023-07-03,CAKE,-0.19890372652877766,Sell
2023-07-03,ADP,-0.19363278892949456,Sell
2023-07-03,CSCO,0.2,Buy
2023-07-05,FWONK,0.2,Buy
2023-07-05,FOX,0.2,Buy
2023-07-05,BABX,-0.2030074027045553,Sell
2023-07-05,REG,-0.19850027082265106,Sell
2023-07-05,CHRW,0.2,Buy
2023-07-05,PFM,0.2,Buy
2023-07-05,EVRG,-0.20209615134231393,Sell
2023-07-05,ANAB,0.2,Buy
2023-07-05,ESGE,-0.19770126845742655,Sell
2023-07-05,CSCO,-0.1991922348140074,Sell
2023-07-06,FWONK,-0.1949493474933678,Sell
2023-07-06,FOX,-0.19914190130967216,Sell
2023-07-06,MU,0.2,Buy
2023-07-06,PSCM,0.2,Buy
2023-07-06,CHRW,-0.20088093261285953,Sell
2023-07-06,ASTE,0.2,Buy
2023-07-06,PFM,-0.1987944271880413,Sell
2023-07-06,ANAB,-0.20673418422892506,Sell
2023-07-06,MRCY,0.2,Buy
2023-07-06,SYBT,0.2,Buy
2023-07-07,CIGI,0.2,Buy
2023-07-07,MU,-0.19697604855436712,Sell
2023-07-07,PSCM,-0.20220232874956304,Sell
2023-07-07,FISV,0.2,Buy
2023-07-07,PIO,0.2,Buy
2023-07-07,ASTE,-0.20006411582880773,Sell
2023-07-07,MRCY,-0.20116043791745902,Sell
2023-07-07,AMZN,0.2,Buy
2023-07-07,POWL,0.2,Buy
2023-07-07,SYBT,-0.20009340880131662,Sell
2023-07-10,CIGI,-0.204398891147194,Sell
2023-07-10,FISV,-0.20041383376773786,Sell
2023-07-10,ON,0.2,Buy
2023-07-10,PIO,-0.19955925756965254,Sell
2023-07-10,FYX,0.2,Buy
2023-07-10,AMD,0.2,Buy
2023-07-10,VYMI,0.2,Buy
2023-07-10,ACLS,0.2,Buy
2023-07-10,AMZN,-0.19370681069986864,Sell
2023-07-10,POWL,-0.2024156909854934,Sell
2023-07-11,SATS,0.2,Buy
2023-07-11,ON,-0.20198623323956802,Sell
2023-07-11,FDTS,0.2,Buy
2023-07-11,FYX,-0.20311739261745476,Sell
2023-07-11,HURN,0.2,Buy
2023-07-11,AMD,-0.1966151313049056,Sell
2023-07-11,VYMI,-0.20247167467427582,Sell
2023-07-11,TRMB,0.2,Buy
2023-07-11,ACLS,-0.1963112091162997,Sell
2023-07-11,RUSHA,0.2,Buy
2023-07-12,SATS,-0.2028068607057224,Sell
2023-07-12,RDVT,0.2,Buy
2023-07-12,FDTS,-0.2027646471695172,Sell
2023-07-12,HURN,-0.19468064577940847,Sell
2023-07-12,BHF,0.2,Buy
2023-07-12,GOOG,0.2,Buy
2023-07-12,TRMB,-0.20152339346288906,Sell
2023-07-12,UNIY,0.2,Buy
2023-07-12,VEON,0.2,Buy
2023-07-12,RUSHA,-0.19872220563256568,Sell
2023-07-13,PABU,0.2,Buy
2023-07-13,RDVT,-0.19828526548369205,Sell
2023-07-13,SOCL,0.2,Buy
2023-07-13,FV,0.2,Buy
2023-07-13,BHF,-0.19980534206287923,Sell
2023-07-13,GOOG,-0.20507572017583123,Sell
2023-07-13,MNDY,0.2,Buy
2023-07-13,UNIY,-0.1977554526226581,Sell
2023-07-13,VEON,-0.199569633281199,Sell
2023-07-13,NBN,0.2,Buy
2023-07-14,PABU,-0.20178102902074546,Sell
2023-07-14,ESGD,0.2,Buy
2023-07-14,SOCL,-0.1990927629743135,Sell
2023-07-14,FV,-0.20022121307949498,Sell
2023-07-14,MNDY,-0.19679192323489236,Sell
2023-07-14,BNDX,0.2,Buy
2023-07-14,OLED,0.2,Buy
2023-07-14,COST,0.2,Buy
2023-07-14,NBN,-0.20261783011995227,Sell
2023-07-14,RRBI,0.2,Buy
2023-07-17,RYAAY,0.2,Buy
2023-07-17,ESGD,-0.1987222591721621,Sell
2023-07-17,PYPL,0.2,Buy
2023-07-17,DMXF,0.2,Buy
2023-07-17,BNDX,-0.19898011566455864,Sell
2023-07-17,OLED,-0.2007737662946164,Sell
2023-07-17,COST,-0.2010518246299101,Sell
2023-07-17,RRBI,-0.20096909889546968,Sell
2023-07-17,IPAR,0.2,Buy
2023-07-17,KARO,0.2,Buy
2023-07-18,GGAL,0.2,Buy
2023-07-18,RYAAY,-0.19945402323028036,Sell
2023-07-18,CTSH,0.2,Buy
2023-07-18,PYPL,-0.20131026664403054,Sell
2023-07-18,SNY,0.2,Buy
2023-07-18,DMXF,-0.2004205272134581,Sell
2023-07-18,DGRS,0.2,Buy
2023-07-18,CYBR,0.2,Buy
2023-07-18,IPAR,-0.20120474665213187,Sell
2023-07-18,KARO,-0.198107880401054,Sell
2023-07-19,COO,0.2,Buy
2023-07-19,GGAL,-0.19727909161150953,Sell
2023-07-19,QVAL,0.2,Buy
2023-07-19,CTSH,-0.20085363581980586,Sell
2023-07-19,SNY,-0.2012359055838818,Sell
2023-07-19,PLBC,0.2,Buy
2023-07-19,TTMI,0.2,Buy
2023-07-19,DGRS,-0.20281894735082287,Sell
2023-07-19,CYBR,-0.19831526016482867,Sell
2023-07-19,VONV,0.2,Buy
2023-07-20,COO,-0.19937917523876833,Sell
2023-07-20,FCAL,0.2,Buy
2023-07-20,QVAL,-0.20061831316895884,Sell
2023-07-20,ON,0.2,Buy
2023-07-20,EMXF,0.2,Buy
2023-07-20,PLBC,-0.20117951251154406,Sell
2023-07-20,BNDX,0.2,Buy
2023-07-20,TTMI,-0.19722982601486058,Sell
2023-07-20,FRAF,0.2,Buy
2023-07-20,VONV,-0.20209555064486243,Sell
2023-07-21,FCAL,-0.1993736230722939,Sell
2023-07-21,OMAB,0.2,Buy
2023-07-21,IRMD,0.2,Buy
2023-07-21,WTW,0.2,Buy
2023-07-21,CHRD,0.2,Buy
2023-07-21,ON,-0.2023899549304296,Sell
2023-07-21,EMXF,-0.19944773386475634,Sell
2023-07-21,PSCD,0.2,Buy
2023-07-21,BNDX,-0.19988934545294446,Sell
2023-07-21,FRAF,-0.19939796280291536,Sell
2023-07-24,VSAT,0.2,Buy
2023-07-24,OMAB,-0.19550717966540268,Sell
2023-07-24,IRMD,-0.19761732106136934,Sell
2023-07-24,WTW,-0.1999923153167042,Sell
2023-07-24,CHRD,-0.20442903323689507,Sell
2023-07-24,KBWR,0.2,Buy
2023-07-24,SRCE,0.2,Buy
2023-07-24,CHDN,0.2,Buy
2023-07-24,PSCD,-0.20295714152935015,Sell
2023-07-24,BIB,0.2,Buy
2023-07-25,NYAX,0.2,Buy
2023-07-25,VSAT,-0.19665672406603688,Sell
2023-07-25,ALNT,0.2,Buy
2023-07-25,KBWR,-0.19888608118217319,Sell
2023-07-25,CRSP,0.2,Buy
2023-07-25,SRCE,-0.20389602991009026,Sell
2023-07-25,CHDN,-0.20106723309393115,Sell
2023-07-25,STX,0.2,Buy
2023-07-25,NXPI,0.2,Buy
2023-07-25,BIB,-0.19999672624921644,Sell
2023-07-26,NYAX,-0.199614102325006,Sell
2023-07-26,GRID,0.2,Buy
2023-07-26,ALNT,-0.19762309976018788,Sell
2023-07-26,PSET,0.2,Buy
2023-07-26,YLDE,0.2,Buy
2023-07-26,CRSP,-0.20623910210557525,Sell
2023-07-26,STX,-0.19868873969738135,Sell
2023-07-26,SMH,0.2,Buy
2023-07-26,HBCP,0.2,Buy
2023-07-26,NXPI,-0.1983341168237534,Sell
2023-07-27,LNTH,0.2,Buy
2023-07-27,GRID,-0.19829989918980398,Sell
2023-07-27,PSET,-0.198725247822323,Sell
2023-07-27,YLDE,-0.1987006314891122,Sell
2023-07-27,CWST,0.2,Buy
2023-07-27,SMH,-0.20350972178918078,Sell
2023-07-27,ARGX,0.2,Buy
2023-07-27,HBCP,-0.20126441615484994,Sell
2023-07-27,FPXI,0.2,Buy
2023-07-27,WLDN,0.2,Buy
2023-07-28,LNTH,-0.20330546420684847,Sell
2023-07-28,DIOD,0.2,Buy
2023-07-28,MMSI,0.2,Buy
2023-07-28,CWST,-0.19200944770575504,Sell
2023-07-28,NXTG,0.2,Buy
2023-07-28,BGRN,0.2,Buy
2023-07-28,FNK,0.2,Buy
2023-07-28,ARGX,-0.19985862906558546,Sell
2023-07-28,FPXI,-0.20283214383878495,Sell
2023-07-28,WLDN,-0.20248831257595803,Sell
2023-07-31,DIOD,-0.20220825065233444,Sell
2023-07-31,MMSI,-0.20151376999874063,Sell
2023-07-31,PSC,0.2,Buy
2023-07-31,NXTG,-0.1981653516269602,Sell
2023-07-31,PXI,0.2,Buy
2023-07-31,BGRN,-0.19882624340041075,Sell
2023-07-31,VGLT,0.2,Buy
2023-07-31,FNK,-0.19978239747344337,Sell
2023-07-31,UCYB,0.2,Buy
2023-07-31,SFM,0.2,Buy
2023-08-01,UNTY,0.2,Buy
2023-08-01,TREE,0.2,Buy
2023-08-01,PSC,-0.20059360586227906,Sell
2023-08-01,UTHR,0.2,Buy
2023-08-01,PXI,-0.2006463338864701,Sell
2023-08-01,VGLT,-0.19813756275093336,Sell
2023-08-01,UCYB,-0.2049599335399431,Sell
2023-08-01,SFM,-0.19616579300125395,Sell
2023-08-01,EXE,0.2,Buy
2023-08-01,PDD,0.2,Buy
2023-08-02,PSL,0.2,Buy
2023-08-02,UNTY,-0.20437003476690066,Sell
2023-08-02,TREE,-0.19871920826878217,Sell
2023-08-02,UTHR,-0.2057530923129365,Sell
2023-08-02,CSB,0.2,Buy
2023-08-02,UCYB,0.2,Buy
2023-08-02,COST,0.2,Buy
2023-08-02,EXE,-0.20037698354787503,Sell
2023-08-02,PSCT,0.2,Buy
2023-08-02,PDD,-0.19129365516881136,Sell
2023-08-03,PSL,-0.2000212705870247,Sell
2023-08-03,CATH,0.2,Buy
2023-08-03,BANF,0.2,Buy
2023-08-03,CSB,-0.19978994670324057,Sell
2023-08-03,FLEX,0.2,Buy
2023-08-03,UCYB,-0.2012329998308031,Sell
2023-08-03,MYRG,0.2,Buy
2023-08-03,FPXI,0.2,Buy
2023-08-03,COST,-0.2016087533343174,Sell
2023-08-03,PSCT,-0.19784635322244365,Sell
2023-08-04,FWONK,0.2,Buy
2023-08-04,RUSHB,0.2,Buy
2023-08-04,CATH,-0.19937597484679742,Sell
2023-08-04,BANF,-0.20125205809513055,Sell
2023-08-04,NUVL,0.2,Buy
2023-08-04,WDFC,0.2,Buy
2023-08-04,FLEX,-0.20305509081695686,Sell
2023-08-04,MYRG,-0.1975896291393027,Sell
2023-08-04,FPXI,-0.1992290003277871,Sell
2023-08-04,FRHC,0.2,Buy
2023-08-07,FWONK,-0.1991689518940109,Sell
2023-08-07,XMTR,0.2,Buy
2023-08-07,RUSHB,-0.20369994653647633,Sell
2023-08-07,USLM,0.2,Buy
2023-08-07,NUVL,-0.19824950523939347,Sell
2023-08-07,ABNB,0.2,Buy
2023-08-07,WDFC,-0.20148529033355358,Sell
2023-08-07,TRNS,0.2,Buy
2023-08-07,UCYB,0.2,Buy
2023-08-07,FRHC,-0.19789972033517017,Sell
2023-08-08,XMTR,-0.19489908865367525,Sell
2023-08-08,USLM,-0.20138533881286097,Sell
2023-08-08,SRCE,0.2,Buy
2023-08-08,ABNB,-0.19639811461993287,Sell
2023-08-08,TRNS,-0.21123787588398335,Sell
2023-08-08,PTC,0.2,Buy
2023-08-08,UCYB,-0.19658354634098013,Sell
2023-08-08,DSGX,0.2,Buy
2023-08-08,VTWG,0.2,Buy
2023-08-08,JKHY,0.2,Buy
2023-08-09,FSV,0.2,Buy
2023-08-09,SRCE,-0.19858789475745198,Sell
2023-08-09,VNQI,0.2,Buy
2023-08-09,PLXS,0.2,Buy
2023-08-09,PTC,-0.2006364824687975,Sell
2023-08-09,IUSV,0.2,Buy
2023-08-09,DSGX,-0.19982172550718222,Sell
2023-08-09,VTWG,-0.1989691252854894,Sell
2023-08-09,SKYW,0.2,Buy
2023-08-09,JKHY,-0.2024870522135511,Sell
2023-08-10,FSV,-0.20297671250573743,Sell
2023-08-10,CNXN,0.2,Buy
2023-08-10,VNQI,-0.00036347467742114947,Sell
2023-08-10,PLXS,-0.1988885040478518,Sell
2023-08-10,INOD,0.2,Buy
2023-08-10,ZS,0.2,Buy
2023-08-10,IUSV,-0.20063452519523253,Sell
2023-08-10,VTWV,0.2,Buy
2023-08-10,SKYW,-0.1976383060398656,Sell
2023-08-11,VOTE,0.2,Buy
2023-08-11,BITS,0.2,Buy
2023-08-11,ULVM,0.2,Buy
2023-08-11,CNXN,-0.19313013528304107,Sell
2023-08-11,VNQI,-0.189448057685105,Sell
2023-08-11,INOD,-0.23758967540479298,Sell
2023-08-11,BHRB,0.2,Buy
2023-08-11,ZS,-0.18896397330345666,Sell
2023-08-11,PLMR,0.2,Buy
2023-08-11,VTWV,-0.1912497749664469,Sell
2023-08-14,VOTE,-0.20217048958165745,Sell
2023-08-14,BITS,-0.19954864934104163,Sell
2023-08-14,ULVM,-0.20114256992982246,Sell
2023-08-14,WTW,0.2,Buy
2023-08-14,LIN,0.2,Buy
2023-08-14,WRLD,0.2,Buy
2023-08-14,BHRB,-0.20190795278066948,Sell
2023-08-14,PLMR,-0.19573314317350954,Sell
2023-08-14,MIRM,0.2,Buy
2023-08-14,QQXT,0.2,Buy
2023-08-15,WTW,-0.19822215903352436,Sell
2023-08-15,LIN,-0.20219264812739143,Sell
2023-08-15,BHF,0.2,Buy
2023-08-15,WRLD,-0.19615728835408763,Sell
2023-08-15,SMH,0.2,Buy
2023-08-15,EXE,0.2,Buy
2023-08-15,MIRM,-0.20241889587315726,Sell
2023-08-15,DAVE,0.2,Buy
2023-08-15,QQXT,-0.20151833557729124,Sell
2023-08-15,KLIC,0.2,Buy
2023-08-16,SATS,0.2,Buy
2023-08-16,AKAM,0.2,Buy
2023-08-16,JSMD,0.2,Buy
2023-08-16,BHF,-0.20097633138353058,Sell
2023-08-16,LBRDA,0.2,Buy
2023-08-16,SMH,-0.19796934803660815,Sell
2023-08-16,IMKTA,0.2,Buy
2023-08-16,EXE,-0.20184155276049992,Sell
2023-08-16,DAVE,-0.2017305492656898,Sell
2023-08-16,KLIC,-0.19798520905168068,Sell
2023-08-17,SUSL,0.2,Buy
2023-08-17,SATS,-0.19787676706614418,Sell
2023-08-17,LPLA,0.2,Buy
2023-08-17,SOCL,0.2,Buy
2023-08-17,AKAM,-0.20003129024967323,Sell
2023-08-17,JSMD,-0.1993421164367894,Sell
2023-08-17,LMBS,0.2,Buy
2023-08-17,LBRDA,-0.20135001697859534,Sell
2023-08-17,FNK,0.2,Buy
2023-08-17,IMKTA,-0.20190735085763764,Sell
2023-08-18,MEDP,0.2,Buy
2023-08-18,SUSL,-0.1992100110524859,Sell
2023-08-18,LPLA,-0.2049236884499894,Sell
2023-08-18,SOCL,-0.19669960831946673,Sell
2023-08-18,CDW,0.2,Buy
2023-08-18,HURN,0.2,Buy
2023-08-18,LMBS,-0.19978704582106976,Sell
2023-08-18,ADBE,0.2,Buy
2023-08-18,FNK,-0.19987860925852755,Sell
2023-08-18,JEPQ,0.2,Buy
2023-08-21,MEDP,-0.1964510839088519,Sell
2023-08-21,FDCF,0.2,Buy
2023-08-21,BBIO,0.2,Buy
2023-08-21,AIRR,0.2,Buy
2023-08-21,CDW,-0.20052107312691314,Sell
2023-08-21,HURN,-0.19702486881746728,Sell
2023-08-21,ADBE,-0.004248661588300118,Sell
2023-08-21,GRVY,0.2,Buy
2023-08-21,JEPQ,-0.20225295211336228,Sell
2023-08-22,FDCF,-0.20095525343225942,Sell
2023-08-22,PTNQ,0.2,Buy
2023-08-22,REG,0.2,Buy
2023-08-22,BBIO,-0.20013059680174963,Sell
2023-08-22,LITE,0.2,Buy
2023-08-22,AIRR,-0.20143508812664335,Sell
2023-08-22,GILD,0.2,Buy
2023-08-22,ADBE,-0.20158249647753865,Sell
2023-08-22,GRVY,-0.19630062436537377,Sell
2023-08-22,EA,0.2,Buy
2023-08-23,BNTX,0.2,Buy
2023-08-23,PTNQ,-0.19869752036833555,Sell
2023-08-23,CASY,0.2,Buy
2023-08-23,REG,-0.19992582054874947,Sell
2023-08-23,LITE,-0.20382687977638697,Sell
2023-08-23,WABC,0.2,Buy
2023-08-23,GILD,-0.19843686810407346,Sell
2023-08-23,MRCY,0.2,Buy
2023-08-23,FTA,0.2,Buy
2023-08-23,EA,-0.19960465952508563,Sell
2023-08-24,BNTX,-0.19654119771319062,Sell
2023-08-24,ASO,0.2,Buy
2023-08-24,CASY,-0.19973370970251236,Sell
2023-08-24,BABX,0.2,Buy
2023-08-24,CRSP,0.2,Buy
2023-08-24,WABC,-0.20434925037449464,Sell
2023-08-24,TRNS,0.2,Buy
2023-08-24,UCYB,0.2,Buy
2023-08-24,MRCY,-0.1977939189069528,Sell
2023-08-24,FTA,-0.2020897038698454,Sell
2023-08-25,DIOD,0.2,Buy
2023-08-25,ASO,-0.19785322151618862,Sell
2023-08-25,PTNQ,0.2,Buy
2023-08-25,BABX,-0.20109423760649872,Sell
2023-08-25,CRSP,-0.19880879446261837,Sell
2023-08-25,TRNS,-0.19945340227852998,Sell
2023-08-25,COLL,0.2,Buy
2023-08-25,UFPI,0.2,Buy
2023-08-25,FER,0.2,Buy
2023-08-25,UCYB,-0.2032870921405901,Sell
2023-08-28,DIOD,-0.20070258694770657,Sell
2023-08-28,PTNQ,-0.20086094839012494,Sell
2023-08-28,UNTY,0.2,Buy
2023-08-28,FTAI,0.2,Buy
2023-08-28,THFF,0.2,Buy
2023-08-28,NXTG,0.2,Buy
2023-08-28,COLL,-0.19655035682541291,Sell
2023-08-28,UFPI,-0.20265557689574387,Sell
2023-08-28,FER,-0.1997299799101232,Sell
2023-08-28,VTWG,0.2,Buy
2023-08-29,BNTX,0.2,Buy
2023-08-29,QCOM,0.2,Buy
2023-08-29,UNTY,-0.19886355174812853,Sell
2023-08-29,VONG,0.2,Buy
2023-08-29,FTAI,-0.20044171891666937,Sell
2023-08-29,THFF,-0.19891956109081863,Sell
2023-08-29,YLDE,0.2,Buy
2023-08-29,NXTG,-0.200870494610431,Sell
2023-08-29,INCY,0.2,Buy
2023-08-29,VTWG,-0.2014003322579737,Sell
2023-08-30,IBOC,0.2,Buy
2023-08-30,BNTX,-0.20256181283573033,Sell
2023-08-30,QCOM,-0.1989902198278065,Sell
2023-08-30,AMKR,0.2,Buy
2023-08-30,CSGS,0.2,Buy
2023-08-30,VONG,-0.19974916740199114,Sell
2023-08-30,YLDE,-0.19868620569850345,Sell
2023-08-30,GSBC,0.2,Buy
2023-08-30,INCY,-0.20050891913858035,Sell
2023-08-30,VEON,0.2,Buy
2023-08-31,IBOC,-0.19914168281750802,Sell
2023-08-31,AMKR,-0.20007759552275256,Sell
2023-08-31,RVMD,0.2,Buy
2023-08-31,BIDU,0.2,Buy
2023-08-31,CSGS,-0.1955784878164854,Sell
2023-08-31,ROOT,0.2,Buy
2023-08-31,GSBC,-0.19772181865016858,Sell
2023-08-31,PRFZ,0.2,Buy
2023-08-31,VEON,-0.2079798386525365,Sell
2023-08-31,ULTA,0.2,Buy
2023-09-01,IDCC,0.2,Buy
2023-09-01,RVMD,-0.20228836088395147,Sell
2023-09-01,BIDU,-0.201051671657111,Sell
2023-09-01,ROOT,-0.2022248168716219,Sell
2023-09-01,PRFZ,-0.1984072297074951,Sell
2023-09-01,CCB,0.2,Buy
2023-09-01,SUPN,0.2,Buy
2023-09-01,DWUS,0.2,Buy
2023-09-01,ULTA,-0.19651818136261845,Sell
2023-09-01,FEIM,0.2,Buy
2023-09-05,IDCC,-0.1968608075098855,Sell
2023-09-05,WDFC,0.2,Buy
2023-09-05,RGEN,0.2,Buy
2023-09-05,CCB,-0.19823882394393752,Sell
2023-09-05,SUPN,-0.1985841813456538,Sell
2023-09-05,OLED,0.2,Buy
2023-09-05,DWUS,-0.2024443575659825,Sell
2023-09-05,FEIM,-0.20437982569240756,Sell
2023-09-05,QLYS,0.2,Buy
2023-09-05,IUSB,0.2,Buy
2023-09-06,IBOC,0.2,Buy
2023-09-06,POWI,0.2,Buy
2023-09-06,ABNB,0.2,Buy
2023-09-06,WDFC,-0.199824221504261,Sell
2023-09-06,FROG,0.2,Buy
2023-09-06,RGEN,-0.1980044598318812,Sell
2023-09-06,OLED,-0.19938335004532037,Sell
2023-09-06,QLYS,-0.2034711469075172,Sell
2023-09-06,BIB,0.2,Buy
2023-09-06,IUSB,-0.19981682852816332,Sell
2023-09-07,FWONK,0.2,Buy
2023-09-07,IBOC,-0.20155493605017538,Sell
2023-09-07,POWI,-0.19355151282226468,Sell
2023-09-07,NVDL,0.2,Buy
2023-09-07,AMGN,0.2,Buy
2023-09-07,ABNB,-0.2049194796995312,Sell
2023-09-07,PRFZ,0.2,Buy
2023-09-07,FROG,-0.19857725105779606,Sell
2023-09-07,RAPT,0.2,Buy
2023-09-07,BIB,-0.2019038821696997,Sell
2023-09-08,FWONK,-0.20107783808590382,Sell
2023-09-08,MILN,0.2,Buy
2023-09-08,NVDL,-0.1982148321147754,Sell
2023-09-08,AMGN,-0.20664620738345377,Sell
2023-09-08,AMD,0.2,Buy
2023-09-08,PRFZ,-0.20227558950276475,Sell
2023-09-08,VGSH,0.2,Buy
2023-09-08,RAPT,-0.1922922404162709,Sell
2023-09-08,TQQQ,0.2,Buy
2023-09-08,FTSM,0.2,Buy
2023-09-11,MILN,-0.2004330918677025,Sell
2023-09-11,OPPJ,0.2,Buy
2023-09-11,KBWB,0.2,Buy
2023-09-11,AMD,-0.1972421849196486,Sell
2023-09-11,CRVL,0.2,Buy
2023-09-11,IUSV,0.2,Buy
2023-09-11,VGSH,-0.19864972850751636,Sell
2023-09-11,TQQQ,-0.20545420315804558,Sell
2023-09-11,EEFT,0.2,Buy
2023-09-11,FTSM,-0.19871762795685705,Sell
2023-09-12,OPPJ,-0.2009941353829676,Sell
2023-09-12,AADR,0.2,Buy
2023-09-12,KBWB,-0.2032546248170624,Sell
2023-09-12,RFEM,0.2,Buy
2023-09-12,CRVL,-0.1963882997025707,Sell
2023-09-12,ORLY,0.2,Buy
2023-09-12,IUSV,-0.1992505796145021,Sell
2023-09-12,IDXX,0.2,Buy
2023-09-12,VGSH,0.2,Buy
2023-09-12,EEFT,-0.20061220234844399,Sell
2023-09-13,ASO,0.2,Buy
2023-09-13,MGEE,0.2,Buy
2023-09-13,AADR,-0.20064264030840456,Sell
2023-09-13,ESEA,0.2,Buy
2023-09-13,RFEM,-0.2012146798333365,Sell
2023-09-13,ANIP,0.2,Buy
2023-09-13,STX,0.2,Buy
2023-09-13,ORLY,-0.2015619100387739,Sell
2023-09-13,IDXX,-0.19594289829890804,Sell
2023-09-13,VGSH,-0.20114049919387747,Sell
2023-09-14,ASO,-0.20262350460027762,Sell
2023-09-14,MGEE,-0.19948433920549738,Sell
2023-09-14,ESEA,-0.19987456798811848,Sell
2023-09-14,AIA,0.2,Buy
2023-09-14,ASTS,0.2,Buy
2023-09-14,ANIP,-0.19915722180992418,Sell
2023-09-14,STX,-0.1993521994686114,Sell
2023-09-14,GOOG,0.2,Buy
2023-09-14,EVRG,0.2,Buy
2023-09-14,CSCO,0.2,Buy
2023-09-15,FCFS,0.2,Buy
2023-09-15,ESQ,0.2,Buy
2023-09-15,USLM,0.2,Buy
2023-09-15,AIA,-0.19997960778465002,Sell
2023-09-15,ASTS,-0.20095105593517887,Sell
2023-09-15,MANH,0.2,Buy
2023-09-15,GOOG,-0.1999534841635625,Sell
2023-09-15,EVRG,-0.1998437009148616,Sell
2023-09-15,CSCO,-0.19977465238455416,Sell
2023-09-15,IOSP,0.2,Buy
2023-09-18,FCFS,-0.19973304590214508,Sell
2023-09-18,ESQ,-0.19944263948529928,Sell
2023-09-18,CBSH,0.2,Buy
2023-09-18,KRYS,0.2,Buy
2023-09-18,USLM,-0.2009229432293539,Sell
2023-09-18,MANH,-0.20305921179321007,Sell
2023-09-18,ESLT,0.2,Buy
2023-09-18,PRAX,0.2,Buy
2023-09-18,IOSP,-0.19734219130789044,Sell
2023-09-18,VONV,0.2,Buy
2023-09-19,ITIC,0.2,Buy
2023-09-19,CBSH,-0.19819639186747556,Sell
2023-09-19,KRYS,-0.20179534177792197,Sell
2023-09-19,KRUS,0.2,Buy
2023-09-19,COPJ,0.2,Buy
2023-09-19,QCLN,0.2,Buy
2023-09-19,ESLT,-0.19781548495341145,Sell
2023-09-19,PRAX,-0.20575574828176205,Sell
2023-09-19,NTAP,0.2,Buy
2023-09-19,VONV,-0.19693069222411294,Sell
2023-09-20,ITIC,-0.20385263112529836,Sell
2023-09-20,UTWO,0.2,Buy
2023-09-20,ARWR,0.2,Buy
2023-09-20,QVAL,0.2,Buy
2023-09-20,META,0.2,Buy
2023-09-20,KRUS,-0.18931288033355909,Sell
2023-09-20,COPJ,-0.2020686468758268,Sell
2023-09-20,QABA,0.2,Buy
2023-09-20,QCLN,-0.20131574150166456,Sell
2023-09-20,NTAP,-0.20395985753359872,Sell
2023-09-21,UTWO,-0.20143220739008613,Sell
2023-09-21,ARWR,-0.20292449658382564,Sell
2023-09-21,QVAL,-0.1989296351824639,Sell
2023-09-21,BELFB,0.2,Buy
2023-09-21,META,-0.1986385205983366,Sell
2023-09-21,QABA,-0.19857848102558906,Sell
2023-09-21,FRPT,0.2,Buy
2023-09-21,ADBE,0.2,Buy
2023-09-21,PSIX,0.2,Buy
2023-09-21,SOXX,0.2,Buy
2023-09-22,VONE,0.2,Buy
2023-09-22,BABX,0.2,Buy
2023-09-22,NWE,0.2,Buy
2023-09-22,SEIC,0.2,Buy
2023-09-22,BELFB,-0.2019537216696062,Sell
2023-09-22,FRPT,-0.1946941572793194,Sell
2023-09-22,ADBE,-0.2006766819953781,Sell
2023-09-22,PSIX,-0.20044335983111763,Sell
2023-09-22,LMB,0.2,Buy
2023-09-22,SOXX,-0.2027348559968743,Sell
2023-09-25,PTF,0.2,Buy
2023-09-25,VONE,-0.19934660859503894,Sell
2023-09-25,BABX,-0.19460995828016342,Sell
2023-09-25,NWE,-0.19802272080168046,Sell
2023-09-25,SEIC,-0.2001416655584125,Sell
2023-09-25,DVY,0.2,Buy
2023-09-25,LIVN,0.2,Buy
2023-09-25,COKE,0.2,Buy
2023-09-25,FCAP,0.2,Buy
2023-09-25,LMB,-0.20837540747442043,Sell
2023-09-26,UTMD,0.2,Buy
2023-09-26,PTF,-0.19885034122583636,Sell
2023-09-26,DVY,-0.19840993734433743,Sell
2023-09-26,LIVN,-0.1998881570242924,Sell
2023-09-26,COKE,-0.19995822669574612,Sell
2023-09-26,EMCB,0.2,Buy
2023-09-26,MDLZ,0.2,Buy
2023-09-26,FCAP,-0.203399549570619,Sell
2023-09-26,SYBT,0.2,Buy
2023-09-26,FTNT,0.2,Buy
2023-09-27,UTMD,-0.2028201399006703,Sell
2023-09-27,SOXQ,0.2,Buy
2023-09-27,KALU,0.2,Buy
2023-09-27,IUS,0.2,Buy
2023-09-27,EMCB,-0.2003934782812429,Sell
2023-09-27,MDLZ,-0.19868187426713013,Sell
2023-09-27,BGRN,0.2,Buy
2023-09-27,MPWR,0.2,Buy
2023-09-27,SYBT,-0.19580051728874404,Sell
2023-09-27,FTNT,-0.202804937790095,Sell
2023-09-28,MLAB,0.2,Buy
2023-09-28,SOXQ,-0.20062836403502554,Sell
2023-09-28,KALU,-0.20050598229538039,Sell
2023-09-28,CECO,0.2,Buy
2023-09-28,IUS,-0.19859074291845963,Sell
2023-09-28,BGRN,-0.1980031016478803,Sell
2023-09-28,IBB,0.2,Buy
2023-09-28,MRCY,0.2,Buy
2023-09-28,EXPE,0.2,Buy
2023-09-28,MPWR,-0.20276567830099174,Sell
2023-09-29,MLAB,-0.20147945030101477,Sell
2023-09-29,CECO,-0.19749127529342547,Sell
2023-09-29,HISF,0.2,Buy
2023-09-29,BMRN,0.2,Buy
2023-09-29,IBB,-0.19906922671252375,Sell
2023-09-29,HERD,0.2,Buy
2023-09-29,MRCY,-0.20154036384371318,Sell
2023-09-29,JBSS,0.2,Buy
2023-09-29,EXPE,-0.20091971867281705,Sell
2023-09-29,INTC,0.2,Buy
2023-10-02,AVGO,0.2,Buy
2023-10-02,XMTR,0.2,Buy
2023-10-02,ALGT,0.2,Buy
2023-10-02,HISF,-0.20014634214698857,Sell
2023-10-02,BMRN,-0.19823209638140413,Sell
2023-10-02,HERD,-0.19839027559001035,Sell
2023-10-02,FER,0.2,Buy
2023-10-02,JBSS,-0.20282579546112753,Sell
2023-10-02,INTC,-0.20090916409364096,Sell
2023-10-02,NBN,0.2,Buy
2023-10-03,AVGO,-0.19891288489897532,Sell
2023-10-03,XMTR,-0.1983543158847477,Sell
2023-10-03,ALGT,-0.2003047117313841,Sell
2023-10-03,AIA,0.2,Buy
2023-10-03,GEHC,0.2,Buy
2023-10-03,FER,-0.2014739719242277,Sell
2023-10-03,DMXF,0.2,Buy
2023-10-03,CME,0.2,Buy
2023-10-03,VTIP,0.2,Buy
2023-10-03,NBN,-0.20146380515659726,Sell
2023-10-04,FDCF,0.2,Buy
2023-10-04,IBOT,0.2,Buy
2023-10-04,AIA,-0.19914673151669834,Sell
2023-10-04,TPG,0.2,Buy
2023-10-04,JSMD,0.2,Buy
2023-10-04,GEHC,-0.20160038640353387,Sell
2023-10-04,DMXF,-0.20008143726841188,Sell
2023-10-04,CME,-0.20048601969521726,Sell
2023-10-04,JSML,0.2,Buy
2023-10-04,VTIP,-0.19918287047601596,Sell
2023-10-05,FDCF,-0.20006909371135406,Sell
2023-10-05,IBOT,-0.20048216049429843,Sell
2023-10-05,CTSH,0.2,Buy
2023-10-05,TPG,-0.2020840427454896,Sell
2023-10-05,JSMD,0.0011301805354900774,Buy
2023-10-05,GOOG,0.2,Buy
2023-10-05,JSML,0.0010052290186903234,Buy
2023-10-05,RTH,0.2,Buy
2023-10-06,QMOM,0.2,Buy
2023-10-06,CTSH,-0.19900891976844712,Sell
2023-10-06,PFBC,0.2,Buy
2023-10-06,JSMD,-0.20025262295405352,Sell
2023-10-06,GOOG,-0.20259963784178955,Sell
2023-10-06,FRPT,0.2,Buy
2023-10-06,JSML,-0.19974393392258472,Sell
2023-10-06,DWUS,0.2,Buy
2023-10-06,RTH,-0.19869396715461451,Sell
2023-10-06,CYBR,0.2,Buy
2023-10-09,TW,0.2,Buy
2023-10-09,MTSI,0.2,Buy
2023-10-09,MNST,0.2,Buy
2023-10-09,QMOM,-0.2009258529432148,Sell
2023-10-09,PFBC,-0.19858539514861945,Sell
2023-10-09,FRPT,-0.1989983288412337,Sell
2023-10-09,UYLD,0.2,Buy
2023-10-09,FTSL,0.2,Buy
2023-10-09,DWUS,-0.20110107902498914,Sell
2023-10-09,CYBR,-0.20088895210452892,Sell
2023-10-10,TW,-0.19926071023522493,Sell
2023-10-10,MTSI,-0.20052228362718766,Sell
2023-10-10,MNST,-0.20223851046098473,Sell
2023-10-10,USLM,0.2,Buy
2023-10-10,FYT,0.2,Buy
2023-10-10,WRLD,0.2,Buy
2023-10-10,UYLD,-0.19920068512834777,Sell
2023-10-10,FTSL,-0.1992759071278364,Sell
2023-10-10,KARO,0.2,Buy
2023-10-10,ESTA,0.2,Buy
2023-10-11,FGM,0.2,Buy
2023-10-11,USLM,-0.20444975024360323,Sell
2023-10-11,CNXN,0.2,Buy
2023-10-11,FYT,-0.20276377240436344,Sell
2023-10-11,WRLD,-0.20478855541915264,Sell
2023-10-11,CAKE,0.2,Buy
2023-10-11,INSM,0.2,Buy
2023-10-11,TSLA,0.2,Buy
2023-10-11,KARO,-0.19642292500761716,Sell
2023-10-11,ESTA,-0.19208192390971843,Sell
2023-10-12,FGM,-0.20275940380809418,Sell
2023-10-12,AADR,0.2,Buy
2023-10-12,CG,0.2,Buy
2023-10-12,CRSP,0.2,Buy
2023-10-12,CNXN,-0.2024501929986765,Sell
2023-10-12,HUT,0.2,Buy
2023-10-12,CAKE,-0.19502368993670358,Sell
2023-10-12,INSM,-0.1991741110851524,Sell
2023-10-12,HAS,0.2,Buy
2023-10-12,TSLA,-0.20110349191915194,Sell
2023-10-13,EFSC,0.2,Buy
2023-10-13,BL,0.2,Buy
2023-10-13,AADR,-0.2006705724824655,Sell
2023-10-13,CG,-0.19809481705319276,Sell
2023-10-13,CRSP,-0.20768498167082544,Sell
2023-10-13,HISF,0.2,Buy
2023-10-13,HUT,-0.19109978281970974,Sell
2023-10-13,FTSL,0.2,Buy
2023-10-13,HAS,-0.20295418850714997,Sell
2023-10-13,IUSB,0.2,Buy
2023-10-16,EFSC,-0.20090442055640487,Sell
2023-10-16,BL,-0.20741561414221113,Sell
2023-10-16,DXPE,0.2,Buy
2023-10-16,MCHP,0.2,Buy
2023-10-16,HISF,-0.19710119330756182,Sell
2023-10-16,FTSL,-0.1982080862868964,Sell
2023-10-16,PY,0.2,Buy
2023-10-16,FTSM,0.2,Buy
2023-10-16,CROX,0.2,Buy
2023-10-16,IUSB,-0.196865248833611,Sell
2023-10-17,LSTR,0.2,Buy
2023-10-17,IEUS,0.2,Buy
2023-10-17,ENTG,0.2,Buy
2023-10-17,DXPE,-0.20336983940666634,Sell
2023-10-17,MCHP,-0.19801553921460482,Sell
2023-10-17,KTOS,0.2,Buy
2023-10-17,PY,-0.1994285608479117,Sell
2023-10-17,ISTB,0.2,Buy
2023-10-17,FTSM,-0.19809920420071955,Sell
2023-10-17,CROX,-0.20158226849686314,Sell
2023-10-18,LSTR,-0.19470997002439155,Sell
2023-10-18,IEUS,-0.19952797307307107,Sell
2023-10-18,ESQ,0.2,Buy
2023-10-18,ENTG,-0.1999890901526822,Sell
2023-10-18,ICFI,0.2,Buy
2023-10-18,AMAT,0.2,Buy
2023-10-18,KTOS,-0.20252095507582984,Sell
2023-10-18,ISTB,-0.20376220800238487,Sell
2023-10-18,RUSHA,0.2,Buy
2023-10-18,WING,0.2,Buy
2023-10-19,GRID,0.2,Buy
2023-10-19,ESQ,-0.20330144323291074,Sell
2023-10-19,ROKU,0.2,Buy
2023-10-19,ICFI,-0.2000453872506998,Sell
2023-10-19,UNTY,0.2,Buy
2023-10-19,AMAT,-0.19447091773659375,Sell
2023-10-19,HWC,0.2,Buy
2023-10-19,SLQD,0.2,Buy
2023-10-19,RUSHA,-0.19917768621357906,Sell
2023-10-19,WING,-0.2035162619081018,Sell
2023-10-20,GRID,-0.1998265969497474,Sell
2023-10-20,ROKU,-0.1958699656113316,Sell
2023-10-20,UNTY,-0.20242652166758468,Sell
2023-10-20,VCIT,0.2,Buy
2023-10-20,HWC,-0.19722563838538695,Sell
2023-10-20,SLQD,-0.20516302849700313,Sell
2023-10-20,FRHC,0.2,Buy
2023-10-20,PDD,0.2,Buy
2023-10-20,CZFS,0.2,Buy
2023-10-20,SPSC,0.2,Buy
2023-10-23,AAON,0.2,Buy
2023-10-23,FCNCA,0.2,Buy
2023-10-23,NDAQ,0.2,Buy
2023-10-23,LPLA,0.2,Buy
2023-10-23,RFEM,0.2,Buy
2023-10-23,VCIT,-0.2036542129920947,Sell
2023-10-23,FRHC,-0.19262225275502573,Sell
2023-10-23,PDD,-0.20528526006365078,Sell
2023-10-23,CZFS,-0.19908775163765527,Sell
2023-10-23,SPSC,-0.19985691992796645,Sell
2023-10-24,DJCO,0.2,Buy
2023-10-24,AAON,-0.19858222918472132,Sell
2023-10-24,AVAV,0.2,Buy
2023-10-24,FCNCA,-0.20062229273304527,Sell
2023-10-24,NDAQ,-0.19836996461953704,Sell
2023-10-24,LPLA,-0.20059784142232812,Sell
2023-10-24,RFEM,-0.20232733308154704,Sell
2023-10-24,LITE,0.2,Buy
2023-10-24,FLEX,0.2,Buy
2023-10-24,CACC,0.2,Buy
2023-10-25,DJCO,-0.1995401477719374,Sell
2023-10-25,AVAV,-0.2065982359510069,Sell
2023-10-25,OTTR,0.2,Buy
2023-10-25,CTBI,0.2,Buy
2023-10-25,UAL,0.2,Buy
2023-10-25,TLN,0.2,Buy
2023-10-25,LITE,-0.1939862077562625,Sell
2023-10-25,FLEX,-0.19736345267958727,Sell
2023-10-25,EQIX,0.2,Buy
2023-10-25,CACC,-0.20301845307482627,Sell
2023-10-26,SIXG,0.2,Buy
2023-10-26,OTTR,-0.19904415449308266,Sell
2023-10-26,CTBI,-0.19865392858768247,Sell
2023-10-26,UAL,-0.1976779966381413,Sell
2023-10-26,TLN,-0.19705823920200177,Sell
2023-10-26,EQIX,-0.2080590103239356,Sell
2023-10-26,TMDX,0.2,Buy
2023-10-26,FTA,0.2,Buy
2023-10-26,JKHY,0.2,Buy
2023-10-26,ERIE,0.2,Buy
2023-10-27,SIXG,-0.20543485669794065,Sell
2023-10-27,DMXF,0.2,Buy
2023-10-27,TMDX,-0.20201441868249606,Sell
2023-10-27,VTWG,0.2,Buy
2023-10-27,FTA,-0.20108614463076524,Sell
2023-10-27,JKHY,-0.20084620143675294,Sell
2023-10-27,CALI,0.2,Buy
2023-10-27,ERIE,-0.19112872780450238,Sell
2023-10-27,QQQH,0.2,Buy
2023-10-27,FTNT,0.2,Buy
2023-10-30,MTSI,0.2,Buy
2023-10-30,ZEUS,0.2,Buy
2023-10-30,DMXF,-0.20173411061849708,Sell
2023-10-30,BLKB,0.2,Buy
2023-10-30,BNDX,0.2,Buy
2023-10-30,DSGX,0.2,Buy
2023-10-30,VTWG,-0.19968192851266292,Sell
2023-10-30,CALI,-0.1991458568890984,Sell
2023-10-30,QQQH,-0.2005778494177526,Sell
2023-10-30,FTNT,-0.19935824624663576,Sell
2023-10-31,DRUG,0.2,Buy
2023-10-31,MTSI,-0.20037265065461443,Sell
2023-10-31,FAB,0.2,Buy
2023-10-31,SOCL,0.2,Buy
2023-10-31,ZEUS,-0.19975656772620612,Sell
2023-10-31,MSTR,0.2,Buy
2023-10-31,BLKB,-0.19964258426627535,Sell
2023-10-31,BNDX,-0.1994787064775293,Sell
2023-10-31,DSGX,-0.2012484162645928,Sell
2023-10-31,KARO,0.2,Buy
2023-11-01,DRUG,-0.2016590279412474,Sell
2023-11-01,EFSC,0.2,Buy
2023-11-01,PTF,0.2,Buy
2023-11-01,FAB,-0.19963726074210955,Sell
2023-11-01,SOCL,-0.198657820667225,Sell
2023-11-01,APP,0.2,Buy
2023-11-01,MSTR,-0.20025454397662498,Sell
2023-11-01,ANAB,0.2,Buy
2023-11-01,PWRD,0.2,Buy
2023-11-01,KARO,-0.20028825836116546,Sell
2023-11-02,EFSC,-0.20414164648624708,Sell
2023-11-02,OMAB,0.2,Buy
2023-11-02,PTF,-0.20261689819729742,Sell
2023-11-02,ATLC,0.2,Buy
2023-11-02,SEIC,0.2,Buy
2023-11-02,HALO,0.2,Buy
2023-11-02,APP,-0.2009397110771047,Sell
2023-11-02,STRT,0.2,Buy
2023-11-02,ANAB,-0.19333232681190365,Sell
2023-11-02,PWRD,-0.19946301483536047,Sell
2023-11-03,OMAB,-0.2007139464345579,Sell
2023-11-03,ATLC,-0.1987347174663088,Sell
2023-11-03,SEIC,-0.19934007019002054,Sell
2023-11-03,CHRD,0.2,Buy
2023-11-03,HALO,-0.20445630870987336,Sell
2023-11-03,STRT,-0.19724711265543002,Sell
2023-11-03,LASR,0.2,Buy
2023-11-03,DWUS,0.2,Buy
2023-11-03,CDL,0.2,Buy
2023-11-03,SKYW,0.2,Buy
2023-11-06,QQQE,0.2,Buy
2023-11-06,CHRD,-0.19555609584786363,Sell
2023-11-06,PRFZ,0.2,Buy
2023-11-06,CDNS,0.2,Buy
2023-11-06,LASR,-0.20427648090082734,Sell
2023-11-06,MMYT,0.2,Buy
2023-11-06,DWUS,-0.2023101317252071,Sell
2023-11-06,CDL,-0.19954558624081434,Sell
2023-11-06,IXUS,0.2,Buy
2023-11-06,SKYW,-0.19881428314420416,Sell
2023-11-07,QQQE,-0.20225807290132786,Sell
2023-11-07,NDAQ,0.2,Buy
2023-11-07,NUVL,0.2,Buy
2023-11-07,ABNB,0.2,Buy
2023-11-07,PRFZ,-0.1995968252790852,Sell
2023-11-07,CDNS,-0.20376917799928762,Sell
2023-11-07,MMYT,-0.19544939342400164,Sell
2023-11-07,FBNC,0.2,Buy
2023-11-07,IXUS,-0.19942812873680174,Sell
2023-11-07,MIRM,0.2,Buy
2023-11-08,MSEX,0.2,Buy
2023-11-08,NDAQ,-0.20387078313591236,Sell
2023-11-08,CRDO,0.2,Buy
2023-11-08,NUVL,-0.20449963875222282,Sell
2023-11-08,STEP,0.2,Buy
2023-11-08,ABNB,-0.19600634274692744,Sell
2023-11-08,EXAS,0.2,Buy
2023-11-08,ROAD,0.2,Buy
2023-11-08,FBNC,-0.19617210322791348,Sell
2023-11-08,MIRM,-0.19995551764777963,Sell
2023-11-09,FSV,0.2,Buy
2023-11-09,VGIT,0.2,Buy
2023-11-09,MSEX,-0.2031992504543305,Sell
2023-11-09,CINF,0.2,Buy
2023-11-09,CRDO,-0.2024378420366428,Sell
2023-11-09,STEP,-0.20031369273162858,Sell
2023-11-09,ZS,0.2,Buy
2023-11-09,EXAS,-0.19327804835336426,Sell
2023-11-09,ROAD,-0.20128041591023463,Sell
2023-11-09,NVEC,0.2,Buy
2023-11-10,FSV,-0.19908679093204124,Sell
2023-11-10,VGIT,-0.19866591696851754,Sell
2023-11-10,WTFC,0.2,Buy
2023-11-10,CINF,-0.1999139097442868,Sell
2023-11-10,LPLA,0.2,Buy
2023-11-10,UNIY,0.2,Buy
2023-11-10,TTWO,0.2,Buy
2023-11-10,ZS,-0.20368115062676367,Sell
2023-11-10,EXPE,0.2,Buy
2023-11-10,NVEC,-0.19914893571050998,Sell
2023-11-13,WTFC,-0.20051294189961597,Sell
2023-11-13,LPLA,-0.19804770898023816,Sell
2023-11-13,FTCS,0.2,Buy
2023-11-13,AIRR,0.2,Buy
2023-11-13,WABC,0.2,Buy
2023-11-13,TATT,0.2,Buy
2023-11-13,UNIY,-0.19969798067794897,Sell
2023-11-13,TTWO,-0.20278176703854417,Sell
2023-11-13,EXPE,-0.1994592152495849,Sell
2023-11-13,HON,0.2,Buy
2023-11-14,FNX,0.2,Buy
2023-11-14,BLTE,0.2,Buy
2023-11-14,FTCS,-0.19412073994514345,Sell
2023-11-14,AIRR,-0.20215557014070137,Sell
2023-11-14,WABC,-0.2023473461530323,Sell
2023-11-14,TATT,-0.20622138057103437,Sell
2023-11-14,CWST,0.2,Buy
2023-11-14,ISRG,0.2,Buy
2023-11-14,HON,-0.1956345799665523,Sell
2023-11-14,MGRC,0.2,Buy
2023-11-15,FNX,-0.20217822413598924,Sell
2023-11-15,QQQA,0.2,Buy
2023-11-15,BLTE,-0.19659456397812713,Sell
2023-11-15,CWST,-0.19892808789856609,Sell
2023-11-15,ISRG,-0.20226528961880938,Sell
2023-11-15,MZTI,0.2,Buy
2023-11-15,MGRC,-0.20053685895352896,Sell
2023-11-15,EEFT,0.2,Buy
2023-11-15,LGND,0.2,Buy
2023-11-15,VONV,0.2,Buy
2023-11-16,POWI,0.2,Buy
2023-11-16,QQQA,-0.20059906582073514,Sell
2023-11-16,SIGI,0.2,Buy
2023-11-16,BABX,0.2,Buy
2023-11-16,MAR,0.2,Buy
2023-11-16,MZTI,-0.19674937903303075,Sell
2023-11-16,VMBS,0.2,Buy
2023-11-16,EEFT,-0.19845815997850302,Sell
2023-11-16,LGND,-0.20380540653269588,Sell
2023-11-16,VONV,-0.20089183180817624,Sell
2023-11-17,FDCF,0.2,Buy
2023-11-17,POWI,-0.20199471008468511,Sell
2023-11-17,SIGI,-0.2005813476860935,Sell
2023-11-17,BABX,-0.19388865299883273,Sell
2023-11-17,MAR,-0.2027987631934101,Sell
2023-11-17,VMBS,-0.20123849989055256,Sell
2023-11-17,QTEC,0.2,Buy
2023-11-17,MGRC,0.2,Buy
2023-11-17,CDL,0.2,Buy
2023-11-17,IPX,0.2,Buy
2023-11-20,RFDI,0.2,Buy
2023-11-20,FDCF,-0.20048214063191194,Sell
2023-11-20,UITB,0.2,Buy
2023-11-20,HOOD,0.2,Buy
2023-11-20,CVLT,0.2,Buy
2023-11-20,QTEC,-0.20107972583121514,Sell
2023-11-20,AMBA,0.2,Buy
2023-11-20,MGRC,-0.19520408682659143,Sell
2023-11-20,CDL,-0.1976022779738098,Sell
2023-11-20,IPX,-0.20612647199864756,Sell
2023-11-21,RFDI,-0.2008422508064762,Sell
2023-11-21,UITB,-0.20176961432676563,Sell
2023-11-21,TSCO,0.2,Buy
2023-11-21,HOOD,-0.19769570424244468,Sell
2023-11-21,SBAC,0.2,Buy
2023-11-21,CVLT,-0.20229056903694337,Sell
2023-11-21,HSIC,0.2,Buy
2023-11-21,AMBA,-0.19790551561436384,Sell
2023-11-21,FRHC,0.2,Buy
2023-11-21,LGIH,0.2,Buy
2023-11-22,CIGI,0.2,Buy
2023-11-22,TSCO,-0.20113551959770642,Sell
2023-11-22,SBAC,-0.19983216371150841,Sell
2023-11-22,JAZZ,0.2,Buy
2023-11-22,HSIC,-0.20152591935837,Sell
2023-11-22,MIDD,0.2,Buy
2023-11-22,FRHC,-0.19856165194842298,Sell
2023-11-22,CLOA,0.2,Buy
2023-11-22,LGIH,-0.1994452015567196,Sell
2023-11-22,FMB,0.2,Buy
2023-11-24,CIGI,-0.20090405564549166,Sell
2023-11-24,TROW,0.2,Buy
2023-11-24,NVDU,0.2,Buy
2023-11-24,CVLT,0.2,Buy
2023-11-24,JAZZ,-0.19892577398064157,Sell
2023-11-24,WRLD,0.2,Buy
2023-11-24,MIDD,-0.20182059502069374,Sell
2023-11-24,CLOA,-0.19955178253434144,Sell
2023-11-24,NTAP,0.2,Buy
2023-11-24,FMB,-0.19929674841401837,Sell
2023-11-27,PLPC,0.2,Buy
2023-11-27,FTDR,0.2,Buy
2023-11-27,TSCO,0.2,Buy
2023-11-27,TROW,-0.19763120600557751,Sell
2023-11-27,HWKN,0.2,Buy
2023-11-27,NVDU,-0.20287225076609444,Sell
2023-11-27,CVLT,-0.20511795319460896,Sell
2023-11-27,ACLS,0.2,Buy
2023-11-27,WRLD,-0.19562755723929776,Sell
2023-11-27,NTAP,-0.1992508794466281,Sell
2023-11-28,OMAB,0.2,Buy
2023-11-28,FKU,0.2,Buy
2023-11-28,PLPC,-0.19673293667967673,Sell
2023-11-28,IRON,0.2,Buy
2023-11-28,FTDR,-0.2009964410166959,Sell
2023-11-28,TSCO,-0.20536094002643285,Sell
2023-11-28,AZN,0.2,Buy
2023-11-28,HWKN,-0.1982615399344061,Sell
2023-11-28,CHKP,0.2,Buy
2023-11-28,ACLS,-0.19915617608834116,Sell
2023-11-29,OMAB,-0.19721976166774913,Sell
2023-11-29,MGEE,0.2,Buy
2023-11-29,FKU,-0.20038294478883673,Sell
2023-11-29,VONG,0.2,Buy
2023-11-29,IRON,-0.1999200390218947,Sell
2023-11-29,NXTG,0.2,Buy
2023-11-29,AZN,-0.2024538333039386,Sell
2023-11-29,CHKP,-0.20052320996050568,Sell
2023-11-29,KBWP,0.2,Buy
2023-11-29,FANG,0.2,Buy
2023-11-30,MGEE,-0.19970342823647802,Sell
2023-11-30,ARWR,0.2,Buy
2023-11-30,VONG,-0.1990594126822282,Sell
2023-11-30,AXON,0.2,Buy
2023-11-30,NXTG,-0.19922232590574962,Sell
2023-11-30,ISRG,0.2,Buy
2023-11-30,KBWP,-0.2026240500994722,Sell
2023-11-30,FANG,-0.19988862243872876,Sell
2023-11-30,CACC,0.2,Buy
2023-11-30,GSHD,0.2,Buy
2023-12-01,MEDP,0.2,Buy
2023-12-01,ARWR,-0.21281334613357758,Sell
2023-12-01,NXT,0.2,Buy
2023-12-01,FFIV,0.2,Buy
2023-12-01,AXON,-0.19610838344158096,Sell
2023-12-01,PYZ,0.2,Buy
2023-12-01,ISRG,-0.1974504064792516,Sell
2023-12-01,PWRD,0.2,Buy
2023-12-01,CACC,-0.20191993822657534,Sell
2023-12-01,GSHD,-0.19219484480860233,Sell
2023-12-04,MEDP,-0.20242026369676813,Sell
2023-12-04,FDCF,0.2,Buy
2023-12-04,VONE,0.2,Buy
2023-12-04,NXT,-0.20033325504533422,Sell
2023-12-04,OTTR,0.2,Buy
2023-12-04,RDVT,0.2,Buy
2023-12-04,FFIV,-0.20007945721769066,Sell
2023-12-04,PYZ,-0.19932132362272925,Sell
2023-12-04,DGRW,0.2,Buy
2023-12-04,PWRD,-0.1983444316377671,Sell
2023-12-05,EXPO,0.2,Buy
2023-12-05,CRAI,0.2,Buy
2023-12-05,FDCF,-0.20063011107908577,Sell
2023-12-05,VONE,-0.2011887214780576,Sell
2023-12-05,OTTR,-0.19890232321334844,Sell
2023-12-05,RDVT,-0.19879853745491927,Sell
2023-12-05,DGRW,-0.20098408165430903,Sell
2023-12-05,VTHR,0.2,Buy
2023-12-05,VTWV,0.2,Buy
2023-12-05,VSEC,0.2,Buy
2023-12-06,EXPO,-0.2032312253860923,Sell
2023-12-06,CRAI,-0.20012002543900367,Sell
2023-12-06,UFPT,0.2,Buy
2023-12-06,JGLO,0.2,Buy
2023-12-06,STEP,0.2,Buy
2023-12-06,VTHR,-0.1991234434167083,Sell
2023-12-06,ATRO,0.2,Buy
2023-12-06,VTWV,-0.1992824887145419,Sell
2023-12-06,VSEC,-0.19874261783003588,Sell
2023-12-06,SYBT,0.2,Buy
2023-12-07,SMTC,0.2,Buy
2023-12-07,SSNC,0.2,Buy
2023-12-07,UFPT,-0.1965850564820975,Sell
2023-12-07,PSL,0.2,Buy
2023-12-07,PSET,0.2,Buy
2023-12-07,JGLO,-0.19969101585640994,Sell
2023-12-07,STEP,-0.20217954456506107,Sell
2023-12-07,FDTS,0.2,Buy
2023-12-07,ATRO,-0.19842824917721857,Sell
2023-12-07,SYBT,-0.20361232851039968,Sell
2023-12-08,SMTC,-0.20516280649642446,Sell
2023-12-08,DJCO,0.2,Buy
2023-12-08,SSNC,-0.1995842911418088,Sell
2023-12-08,PSL,-0.19831360544661292,Sell
2023-12-08,PSET,-0.1999373498030058,Sell
2023-12-08,BANF,0.2,Buy
2023-12-08,AIQ,0.2,Buy
2023-12-08,FDTS,-0.19749910904082865,Sell
2023-12-08,BANR,0.2,Buy
2023-12-08,COST,0.2,Buy
2023-12-11,DJCO,-0.19975900638452224,Sell
2023-12-11,CALM,0.2,Buy
2023-12-11,WTFC,0.2,Buy
2023-12-11,BANF,-0.1984134177213769,Sell
2023-12-11,AIQ,-0.20116205148756547,Sell
2023-12-11,BMRN,0.2,Buy
2023-12-11,BANR,-0.19726374186620935,Sell
2023-12-11,UEVM,0.2,Buy
2023-12-11,TLT,0.2,Buy
2023-12-11,COST,-0.20390097141795968,Sell
2023-12-12,CALM,-0.1933374486733423,Sell
2023-12-12,WTFC,-0.19893246543110402,Sell
2023-12-12,BMRN,-0.20596601522531394,Sell
2023-12-12,URBN,0.2,Buy
2023-12-12,UEVM,-0.2008586271512303,Sell
2023-12-12,TTWO,0.2,Buy
2023-12-12,TLT,-0.20140759755348447,Sell
2023-12-12,GH,0.2,Buy
2023-12-12,TTMI,0.2,Buy
2023-12-12,FJP,0.2,Buy
2023-12-13,PTF,0.2,Buy
2023-12-13,META,0.2,Buy
2023-12-13,URBN,-0.19630404270463644,Sell
2023-12-13,SBUX,0.2,Buy
2023-12-13,TTWO,-0.20243007776874147,Sell
2023-12-13,ZM,0.2,Buy
2023-12-13,GH,-0.20658890591612844,Sell
2023-12-13,TTMI,-0.19756441438384104,Sell
2023-12-13,TER,0.2,Buy
2023-12-13,FJP,-0.1976003902457647,Sell
2023-12-14,PTF,-0.1979909353951344,Sell
2023-12-14,META,-0.19581063660341988,Sell
2023-12-14,PODD,0.2,Buy
2023-12-14,SBAC,0.2,Buy
2023-12-14,CELC,0.2,Buy
2023-12-14,SBUX,-0.1961918933498461,Sell
2023-12-14,ZM,-0.19927468182802482,Sell
2023-12-14,CDC,0.2,Buy
2023-12-14,TER,-0.21122380614128178,Sell
2023-12-14,PDD,0.2,Buy
2023-12-15,FCFS,0.2,Buy
2023-12-15,QQQ,0.2,Buy
2023-12-15,PODD,-0.20031471293688757,Sell
2023-12-15,SBAC,-0.19829255055140557,Sell
2023-12-15,CELC,-0.19948363602742322,Sell
2023-12-15,SUPN,0.2,Buy
2023-12-15,FEUZ,0.2,Buy
2023-12-15,CDC,-0.19959755526275258,Sell
2023-12-15,FEIM,0.2,Buy
2023-12-15,PDD,-0.2028120679439675,Sell
2023-12-18,FCFS,-0.19607723054665,Sell
2023-12-18,BKNG,0.2,Buy
2023-12-18,QQQ,-0.20045795196350386,Sell
2023-12-18,QTUM,0.2,Buy
2023-12-18,SUPN,-0.19949565002159064,Sell
2023-12-18,ESGE,0.2,Buy
2023-12-18,FEUZ,-0.2006547190006511,Sell
2023-12-18,FEIM,-0.203812581187063,Sell
2023-12-18,VCTR,0.2,Buy
2023-12-18,STRL,0.2,Buy
2023-12-19,MLAB,0.2,Buy
2023-12-19,ODFL,0.2,Buy
2023-12-19,BKNG,-0.19960986190176763,Sell
2023-12-19,QTUM,-0.19802672377056907,Sell
2023-12-19,COKE,0.2,Buy
2023-12-19,SEZL,0.2,Buy
2023-12-19,ESGE,-0.19868051712956186,Sell
2023-12-19,AFRM,0.2,Buy
2023-12-19,VCTR,-0.2020916953049219,Sell
2023-12-19,STRL,-0.20208399524978218,Sell
2023-12-20,MLAB,-0.20452314081848538,Sell
2023-12-20,AVAV,0.2,Buy
2023-12-20,ODFL,-0.2106294832096254,Sell
2023-12-20,INDB,0.2,Buy
2023-12-20,CBSH,0.2,Buy
2023-12-20,COKE,-0.20785128206197373,Sell
2023-12-20,SEZL,-0.1880079045342297,Sell
2023-12-20,AFRM,-0.18951363512740033,Sell
2023-12-20,TCOM,0.2,Buy
2023-12-20,EA,0.2,Buy
2023-12-21,AVAV,-0.198588669543508,Sell
2023-12-21,AADR,0.2,Buy
2023-12-21,INDB,-0.20096303787076622,Sell
2023-12-21,CBSH,0.002314054465995641,Buy
2023-12-21,ILMN,0.2,Buy
2023-12-21,CHDN,0.2,Buy
2023-12-21,LFUS,0.2,Buy
2023-12-21,TCOM,-0.2036295643448242,Sell
2023-12-21,EA,-0.19962731156971167,Sell
2023-12-22,AADR,-0.1992975152151812,Sell
2023-12-22,MAR,0.2,Buy
2023-12-22,CBSH,-0.20016429268243777,Sell
2023-12-22,ILMN,-0.1986145643940463,Sell
2023-12-22,PSMT,0.2,Buy
2023-12-22,CSB,0.2,Buy
2023-12-22,CHDN,-0.2011719546418323,Sell
2023-12-22,LFUS,-0.20115082867580977,Sell
2023-12-22,STRL,0.2,Buy
2023-12-22,NVEC,0.2,Buy
2023-12-26,PIZ,0.2,Buy
2023-12-26,LDEM,0.2,Buy
2023-12-26,WTFC,0.2,Buy
2023-12-26,MAR,-0.1996550737759692,Sell
2023-12-26,KBWB,0.2,Buy
2023-12-26,LPLA,0.2,Buy
2023-12-26,PSMT,-0.20101499426838862,Sell
2023-12-26,CSB,-0.20070440916671672,Sell
2023-12-26,STRL,-0.20092804144743087,Sell
2023-12-26,NVEC,-0.19819486420399424,Sell
2023-12-27,PIZ,-0.19992954008690167,Sell
2023-12-27,LDEM,-0.2011308229146176,Sell
2023-12-27,WTFC,-0.19921255999924536,Sell
2023-12-27,KBWB,-0.20020535419287436,Sell
2023-12-27,LPLA,-0.20002104291189832,Sell
2023-12-27,IGIB,0.2,Buy
2023-12-27,ICLR,0.2,Buy
2023-12-27,CFFI,0.2,Buy
2023-12-27,MBB,0.2,Buy
2023-12-27,LGIH,0.2,Buy
2023-12-28,NXST,0.2,Buy
2023-12-28,CTBI,0.2,Buy
2023-12-28,TPG,0.2,Buy
2023-12-28,IGIB,-0.2001596593849961,Sell
2023-12-28,ICLR,-0.20178187888893945,Sell
2023-12-28,CFFI,-0.19898218124035713,Sell
2023-12-28,MBB,-0.19989514158115582,Sell
2023-12-28,OLED,0.2,Buy
2023-12-28,CROX,0.2,Buy
2023-12-28,LGIH,-0.199682912008471,Sell
2023-12-29,BL,0.2,Buy
2023-12-29,NXST,-0.20021858275511248,Sell
2023-12-29,CTBI,-0.19889063183295386,Sell
2023-12-29,CBSH,0.2,Buy
2023-12-29,QRVO,0.2,Buy
2023-12-29,TPG,-0.20074095182582805,Sell
2023-12-29,ENSG,0.2,Buy
2023-12-29,AZN,0.2,Buy
2023-12-29,OLED,-0.20169261423903728,Sell
2023-12-29,CROX,-0.1989646628129864,Sell
2024-01-02,BL,-0.19034115091048484,Sell
2024-01-02,CAR,0.2,Buy
2024-01-02,TARS,0.2,Buy
2024-01-02,CBSH,-0.2046357521403827,Sell
2024-01-02,QRVO,-0.19491948302963713,Sell
2024-01-02,ENSG,-0.20592401141035105,Sell
2024-01-02,AZN,-0.20468358404268264,Sell
2024-01-02,JAZZ,0.2,Buy
2024-01-02,PPH,0.2,Buy
2024-01-02,ERIE,0.2,Buy
2024-01-03,MU,0.2,Buy
2024-01-03,CRAI,0.2,Buy
2024-01-03,CAR,-0.19292361998311222,Sell
2024-01-03,TARS,-0.20109689108157242,Sell
2024-01-03,CECO,0.2,Buy
2024-01-03,VONG,0.2,Buy
2024-01-03,JAZZ,-0.20028256456810156,Sell
2024-01-03,DNTH,0.2,Buy
2024-01-03,PPH,-0.2048196856537824,Sell
2024-01-03,ERIE,-0.20138438415353502,Sell
2024-01-04,MU,-0.20068646432326664,Sell
2024-01-04,CRAI,-0.19805307925245,Sell
2024-01-04,GGAL,0.2,Buy
2024-01-04,NATH,0.2,Buy
2024-01-04,CECO,-0.20292289032582309,Sell
2024-01-04,VONG,-0.19878185064113932,Sell
2024-01-04,DNTH,-0.2000548284459317,Sell
2024-01-04,CDL,0.2,Buy
2024-01-04,ESGU,0.2,Buy
2024-01-04,MELI,0.2,Buy
2024-01-05,GGAL,-0.2020934999227289,Sell
2024-01-05,PTNQ,0.2,Buy
2024-01-05,NATH,-0.1974196800045852,Sell
2024-01-05,QQQM,0.2,Buy
2024-01-05,MODL,0.2,Buy
2024-01-05,CDL,-0.20012598032832202,Sell
2024-01-05,ESGU,-0.19928106277646537,Sell
2024-01-05,NICE,0.2,Buy
2024-01-05,MELI,-0.20157747526215347,Sell
2024-01-05,PTCT,0.2,Buy
2024-01-08,PTNQ,-0.19543664471181443,Sell
2024-01-08,ESGD,0.2,Buy
2024-01-08,QQQM,-0.1973047120335382,Sell
2024-01-08,WDFC,0.2,Buy
2024-01-08,MODL,-0.19461389099009171,Sell
2024-01-08,FTDS,0.2,Buy
2024-01-08,RGLD,0.2,Buy
2024-01-08,ONC,0.2,Buy
2024-01-08,NICE,-0.20534346422603897,Sell
2024-01-08,PTCT,-0.2077846687361709,Sell
2024-01-09,QMOM,0.2,Buy
2024-01-09,FTAI,0.2,Buy
2024-01-09,ESGD,-0.19702734121631144,Sell
2024-01-09,PTGX,0.2,Buy
2024-01-09,CTAS,0.2,Buy
2024-01-09,TROW,0.2,Buy
2024-01-09,WDFC,-0.19751637764440183,Sell
2024-01-09,FTDS,-0.19684479388056433,Sell
2024-01-09,RGLD,-0.19908047965762718,Sell
2024-01-09,ONC,-0.2100274645535315,Sell
2024-01-10,USMC,0.2,Buy
2024-01-10,QMOM,-0.20014240455114662,Sell
2024-01-10,MSEX,0.2,Buy
2024-01-10,FTAI,-0.19737601305330288,Sell
2024-01-10,UAL,0.2,Buy
2024-01-10,PTGX,-0.20419724816479803,Sell
2024-01-10,CTAS,-0.1987340507390269,Sell
2024-01-10,TROW,-0.20004511696621782,Sell
2024-01-10,MSTR,0.2,Buy
2024-01-10,LOGI,0.2,Buy
2024-01-11,PLUS,0.2,Buy
2024-01-11,USMC,-0.20343517934318317,Sell
2024-01-11,MSEX,-0.19665010577334516,Sell
2024-01-11,ESEA,0.2,Buy
2024-01-11,UAL,-0.20484443455479603,Sell
2024-01-11,MSTR,-0.19307473071461903,Sell
2024-01-11,VEON,0.2,Buy
2024-01-11,IGF,0.2,Buy
2024-01-11,RUSHA,0.2,Buy
2024-01-11,LOGI,-0.202504910311327,Sell
2024-01-12,PLUS,-0.19939100971540472,Sell
2024-01-12,RYAAY,0.2,Buy
2024-01-12,CBSH,0.2,Buy
2024-01-12,ESEA,-0.20191796522656733,Sell
2024-01-12,UFPI,0.2,Buy
2024-01-12,VEON,-0.2011965650109958,Sell
2024-01-12,SQQQ,0.2,Buy
2024-01-12,ADUS,0.2,Buy
2024-01-12,IGF,-0.2005889271085669,Sell
2024-01-12,RUSHA,-0.19740446197673808,Sell
2024-01-16,RYAAY,-0.20264232056751308,Sell
2024-01-16,UNTY,0.2,Buy
2024-01-16,AAPL,0.2,Buy
2024-01-16,WTW,0.2,Buy
2024-01-16,CBSH,-0.1968982944111004,Sell
2024-01-16,UFPI,-0.19754482410729277,Sell
2024-01-16,SQQQ,-0.19899797816720044,Sell
2024-01-16,ADUS,-0.20441346405166438,Sell
2024-01-16,PANW,0.2,Buy
2024-01-16,AMZN,0.2,Buy
2024-01-17,UNTY,-0.19828748864255638,Sell
2024-01-17,AAPL,-0.20028883169306183,Sell
2024-01-17,WTW,-0.20237889829902803,Sell
2024-01-17,SRCE,0.2,Buy
2024-01-17,QCRH,0.2,Buy
2024-01-17,NTES,0.2,Buy
2024-01-17,BPOP,0.2,Buy
2024-01-17,IMKTA,0.2,Buy
2024-01-17,PANW,-0.20012384324510973,Sell
2024-01-17,AMZN,-0.19942438923032865,Sell
2024-01-18,SRCE,-0.19948431312879158,Sell
2024-01-18,QCRH,-0.20065105792070645,Sell
2024-01-18,NTES,-0.20237730894096098,Sell
2024-01-18,BPOP,-0.20159349886338168,Sell
2024-01-18,VNQI,0.2,Buy
2024-01-18,FLEX,0.2,Buy
2024-01-18,ROBT,0.2,Buy
2024-01-18,EXAS,0.2,Buy
2024-01-18,IMKTA,-0.19639383740010086,Sell
2024-01-18,CSCO,0.2,Buy
2024-01-19,FDCF,0.2,Buy
2024-01-19,NDAQ,0.2,Buy
2024-01-19,CTEC,0.2,Buy
2024-01-19,STX,0.2,Buy
2024-01-19,VNQI,-0.19954183114555082,Sell
2024-01-19,FLEX,-0.2018741048219093,Sell
2024-01-19,ROBT,-0.19994497638655426,Sell
2024-01-19,OKTA,0.2,Buy
2024-01-19,EXAS,-0.19953920749801643,Sell
2024-01-19,CSCO,-0.19959392755177055,Sell
2024-01-22,FDCF,-0.1978672949351223,Sell
2024-01-22,RBCAA,0.2,Buy
2024-01-22,NDAQ,-0.1979454943342421,Sell
2024-01-22,TLN,0.2,Buy
2024-01-22,PYPL,0.2,Buy
2024-01-22,CTEC,-0.1991051854570388,Sell
2024-01-22,STX,-0.20076277121045702,Sell
2024-01-22,PTC,0.2,Buy
2024-01-22,OKTA,-0.20481160173798396,Sell
2024-01-22,TSLA,0.2,Buy
2024-01-23,ACWI,0.2,Buy
2024-01-23,RBCAA,-0.19631682248218363,Sell
2024-01-23,TLN,-0.19984403199946923,Sell
2024-01-23,LPLA,0.2,Buy
2024-01-23,PYPL,-0.2028551215869494,Sell
2024-01-23,NTES,0.2,Buy
2024-01-23,UFO,0.2,Buy
2024-01-23,PTC,-0.20155970175501656,Sell
2024-01-23,TSLA,-0.19992344108614454,Sell
2024-01-23,SAFT,0.2,Buy
2024-01-24,VONE,0.2,Buy
2024-01-24,ACWI,-0.19906487037825238,Sell
2024-01-24,PABU,0.2,Buy
2024-01-24,LPLA,-0.1991689721515844,Sell
2024-01-24,FAB,0.2,Buy
2024-01-24,QCRH,0.2,Buy
2024-01-24,NTES,-0.2028154403041689,Sell
2024-01-24,UFO,-0.19599823897332797,Sell
2024-01-24,SYM,0.2,Buy
2024-01-24,SAFT,-0.2034486114712958,Sell
2024-01-25,VONE,-0.20054629163629356,Sell
2024-01-25,ACWI,0.2,Buy
2024-01-25,PABU,-0.20005922501103524,Sell
2024-01-25,AMGN,0.2,Buy
2024-01-25,FAB,-0.2014623887383665,Sell
2024-01-25,QCRH,-0.20156830437628045,Sell
2024-01-25,SYM,-0.1968623904287644,Sell
2024-01-25,TCBK,0.2,Buy
2024-01-25,CEG,0.2,Buy
2024-01-25,DSGX,0.2,Buy
2024-01-26,EXPO,0.2,Buy
2024-01-26,Z,0.2,Buy
2024-01-26,ACWI,-0.2002651732404062,Sell
2024-01-26,AMGN,-0.20106380563790718,Sell
2024-01-26,FELE,0.2,Buy
2024-01-26,TCBK,-0.19768494872611697,Sell
2024-01-26,CEG,-0.20128503259214778,Sell
2024-01-26,VTC,0.2,Buy
2024-01-26,DSGX,-0.20020138950663563,Sell
2024-01-26,CALI,0.2,Buy
2024-01-29,EXPO,-0.0016084448179574662,Sell
2024-01-29,Z,-0.2038691551329594,Sell
2024-01-29,IGSB,0.2,Buy
2024-01-29,CTBI,0.2,Buy
2024-01-29,TSEM,0.2,Buy
2024-01-29,FELE,-0.1993332352139044,Sell
2024-01-29,VTC,-0.19822708722790636,Sell
2024-01-29,HYXF,0.2,Buy
2024-01-29,CALI,-0.19745564398346327,Sell
2024-01-30,EXPO,-0.20150540139042877,Sell
2024-01-30,IGSB,-0.20021060328279022,Sell
2024-01-30,ODFL,0.2,Buy
2024-01-30,CTBI,-0.20052701077293736,Sell
2024-01-30,TSEM,-0.1976936438785962,Sell
2024-01-30,QCLN,0.2,Buy
2024-01-30,CAKE,0.2,Buy
2024-01-30,HYXF,-0.20046404140599372,Sell
2024-01-30,FCAP,0.2,Buy
2024-01-30,CROX,0.2,Buy
2024-01-31,DRUG,0.2,Buy
2024-01-31,MBWM,0.2,Buy
2024-01-31,ODFL,-0.20015116219835874,Sell
2024-01-31,PYPL,0.2,Buy
2024-01-31,KTOS,0.2,Buy
2024-01-31,QCLN,-0.19823611641949987,Sell
2024-01-31,CAKE,-0.20157807542809703,Sell
2024-01-31,SDSI,0.2,Buy
2024-01-31,FCAP,-0.20270340982998447,Sell
2024-01-31,CROX,-0.19783792200490616,Sell
2024-02-01,SMTC,0.2,Buy
2024-02-01,DRUG,-0.19844373599383083,Sell
2024-02-01,MBWM,-0.19782507406533356,Sell
2024-02-01,PYPL,-0.20154400933666605,Sell
2024-02-01,COKE,0.2,Buy
2024-02-01,KTOS,-0.2030172654287962,Sell
2024-02-01,DXCM,0.2,Buy
2024-02-01,CRVL,0.2,Buy
2024-02-01,UIVM,0.2,Buy
2024-02-01,SDSI,-0.1996684582687407,Sell
2024-02-02,SMTC,-0.19810059436702632,Sell
2024-02-02,OPPJ,0.2,Buy
2024-02-02,ROKU,0.2,Buy
2024-02-02,QQQE,0.2,Buy
2024-02-02,MNST,0.2,Buy
2024-02-02,COKE,-0.20447468047771916,Sell
2024-02-02,DXCM,-0.19938386669927197,Sell
2024-02-02,CRVL,-0.19763238754917234,Sell
2024-02-02,DPZ,0.2,Buy
2024-02-02,UIVM,-0.2009138147239181,Sell
2024-02-05,VGIT,0.2,Buy
2024-02-05,OPPJ,-0.20179839345146755,Sell
2024-02-05,ROKU,-0.19514356405734426,Sell
2024-02-05,QQQE,-0.20145319565714429,Sell
2024-02-05,MNST,-0.2015966131327588,Sell
2024-02-05,FTCS,0.2,Buy
2024-02-05,CDW,0.2,Buy
2024-02-05,DPZ,-0.20051445611841032,Sell
2024-02-05,EMXC,0.2,Buy
2024-02-05,LEGR,0.2,Buy
2024-02-06,VGIT,-0.1997795043184981,Sell
2024-02-06,FTCS,-0.20056487585588642,Sell
2024-02-06,INDY,0.2,Buy
2024-02-06,TPG,0.2,Buy
2024-02-06,CDW,-0.19869843615883676,Sell
2024-02-06,PFIS,0.2,Buy
2024-02-06,EMXC,-0.20133338048908453,Sell
2024-02-06,LEGR,-0.20012117082822298,Sell
2024-02-06,IPX,0.2,Buy
2024-02-06,CDC,0.2,Buy
2024-02-07,UITB,0.2,Buy
2024-02-07,INDY,-0.19990436008663492,Sell
2024-02-07,TPG,-0.2032710316474335,Sell
2024-02-07,SBAC,0.2,Buy
2024-02-07,LMBS,0.2,Buy
2024-02-07,PFIS,-0.19673787703517215,Sell
2024-02-07,SNEX,0.2,Buy
2024-02-07,IPX,-0.20088391596303473,Sell
2024-02-07,CDC,-0.19970309959562427,Sell
2024-02-07,IUSB,0.2,Buy
2024-02-08,UITB,-0.20073375464917095,Sell
2024-02-08,JPEF,0.2,Buy
2024-02-08,SBAC,-0.20042508306115372,Sell
2024-02-08,BRNY,0.2,Buy
2024-02-08,LMBS,-0.2011667346781252,Sell
2024-02-08,ARGX,0.2,Buy
2024-02-08,DMXF,0.2,Buy
2024-02-08,SNEX,-0.19740835524398687,Sell
2024-02-08,ADI,0.2,Buy
2024-02-08,IUSB,-0.20076911500496447,Sell
2024-02-09,UFIV,0.2,Buy
2024-02-09,JPEF,-0.19983861378032963,Sell
2024-02-09,DOO,0.2,Buy
2024-02-09,VRSK,0.2,Buy
2024-02-09,BRNY,-0.19983376358362875,Sell
2024-02-09,ESGE,0.2,Buy
2024-02-09,ARGX,-0.20159858396296582,Sell
2024-02-09,DMXF,-0.19995447805833583,Sell
2024-02-09,SMBC,0.2,Buy
2024-02-09,ADI,-0.19927040903199125,Sell
2024-02-12,CALM,0.2,Buy
2024-02-12,UFIV,-0.1989372122008132,Sell
2024-02-12,PLPC,0.2,Buy
2024-02-12,DOO,-0.2005302748861072,Sell
2024-02-12,VRSK,-0.19599723548172535,Sell
2024-02-12,MSFT,0.2,Buy
2024-02-12,ESGE,-0.2004034988372495,Sell
2024-02-12,ZBRA,0.2,Buy
2024-02-12,SMBC,-0.20462879482887877,Sell
2024-02-12,NTAP,0.2,Buy
2024-02-13,TXRH,0.2,Buy
2024-02-13,CALM,-0.20453511441081196,Sell
2024-02-13,PABU,0.2,Buy
2024-02-13,CSGS,0.2,Buy
2024-02-13,PLPC,-0.19307783895230426,Sell
2024-02-13,MSFT,-0.20424653247962635,Sell
2024-02-13,UYLD,0.2,Buy
2024-02-13,ZBRA,-0.19779645566919093,Sell
2024-02-13,BKCH,0.2,Buy
2024-02-13,NTAP,-0.200866039258102,Sell
2024-02-14,TXRH,-0.19376186210862928,Sell
2024-02-14,PABU,-0.19694362955102554,Sell
2024-02-14,CSGS,-0.19610876873294827,Sell
2024-02-14,ROP,0.2,Buy
2024-02-14,STX,0.2,Buy
2024-02-14,ARCB,0.2,Buy
2024-02-14,UYLD,-0.1948169714311017,Sell
2024-02-14,SHOP,0.2,Buy
2024-02-14,PNQI,0.2,Buy
2024-02-14,BKCH,-0.21885527593117446,Sell
2024-02-15,VWOB,0.2,Buy
2024-02-15,BWFG,0.2,Buy
2024-02-15,ROP,-0.19878934835290515,Sell
2024-02-15,AIRR,0.2,Buy
2024-02-15,STX,-0.19957087992509462,Sell
2024-02-15,ZS,0.2,Buy
2024-02-15,ARCB,0.0007650634995932659,Buy
2024-02-15,SHOP,-0.20462682774673077,Sell
2024-02-15,PNQI,-0.19826941406031517,Sell
2024-02-16,VWOB,-0.20056567532205488,Sell
2024-02-16,LMAT,0.2,Buy
2024-02-16,BWFG,-0.19937415820312968,Sell
2024-02-16,CATH,0.2,Buy
2024-02-16,CTSH,0.2,Buy
2024-02-16,AIRR,-0.19925712134184648,Sell
2024-02-16,VCLT,0.2,Buy
2024-02-16,ZS,-0.20149455324557344,Sell
2024-02-16,ARCB,-0.19971264469698846,Sell
2024-02-16,VTC,0.2,Buy
2024-02-20,IDCC,0.2,Buy
2024-02-20,LMAT,-0.2000892917462863,Sell
2024-02-20,CATH,-0.19909025165336133,Sell
2024-02-20,CTSH,-0.19960515467057557,Sell
2024-02-20,EMCB,0.2,Buy
2024-02-20,NTES,0.2,Buy
2024-02-20,VCLT,-0.20101195673788133,Sell
2024-02-20,VTC,-0.2007041499091774,Sell
2024-02-20,WLDN,0.2,Buy
2024-02-20,FRAF,0.2,Buy
2024-02-21,IDCC,-0.19812244832908096,Sell
2024-02-21,NDAQ,0.2,Buy
2024-02-21,PTGX,0.2,Buy
2024-02-21,EMCB,-0.20095906637254254,Sell
2024-02-21,NTES,-0.20021262988302413,Sell
2024-02-21,ORLY,0.2,Buy
2024-02-21,AMBA,0.2,Buy
2024-02-21,TCOM,0.2,Buy
2024-02-21,WLDN,-0.20035916109081398,Sell
2024-02-21,FRAF,-0.20085086415617356,Sell
2024-02-22,RKLB,0.2,Buy
2024-02-22,NDAQ,-0.19639404218686254,Sell
2024-02-22,PTGX,-0.20120063965938165,Sell
2024-02-22,SBAC,0.2,Buy
2024-02-22,PFBC,0.2,Buy
2024-02-22,ORLY,-0.1974030723161467,Sell
2024-02-22,ZM,0.2,Buy
2024-02-22,AMBA,-0.19808573129030466,Sell
2024-02-22,MIRM,0.2,Buy
2024-02-22,TCOM,-0.207403108212567,Sell
2024-02-23,RKLB,-0.19728422508022975,Sell
2024-02-23,MOFG,0.2,Buy
2024-02-23,CWST,0.2,Buy
2024-02-23,SBAC,-0.20165329988627065,Sell
2024-02-23,PFBC,-0.20037382710691018,Sell
2024-02-23,AMD,0.2,Buy
2024-02-23,ZM,-0.20410753740491827,Sell
2024-02-23,MIRM,-0.19708119902718474,Sell
2024-02-23,MELI,0.2,Buy
2024-02-23,CZFS,0.2,Buy
2024-02-26,VSMV,0.2,Buy
2024-02-26,MOFG,-0.20018688791767006,Sell
2024-02-26,IBKR,0.2,Buy
2024-02-26,MAR,0.2,Buy
2024-02-26,GGLL,0.2,Buy
2024-02-26,SRCE,0.2,Buy
2024-02-26,CWST,-0.19932551693540493,Sell
2024-02-26,AMD,-0.2011672843235063,Sell
2024-02-26,MELI,-0.19937399996192073,Sell
2024-02-26,CZFS,-0.20045081245346266,Sell
2024-02-27,VSMV,-0.20004988987197225,Sell
2024-02-27,IBKR,-0.19875069693689537,Sell
2024-02-27,MAR,-0.19989735710961626,Sell
2024-02-27,GGLL,-0.20299948430509515,Sell
2024-02-27,SRCE,-0.1988028226579608,Sell
2024-02-27,JSMD,0.2,Buy
2024-02-27,SLAB,0.2,Buy
2024-02-27,NFLX,0.2,Buy
2024-02-27,AOTG,0.2,Buy
2024-02-27,PTCT,0.2,Buy
2024-02-28,JAZZ,0.2,Buy
2024-02-28,JSMD,-0.20046652100022072,Sell
2024-02-28,WYNN,0.2,Buy
2024-02-28,SLAB,-0.19969697632384786,Sell
2024-02-28,NFLX,-0.1996316150880731,Sell
2024-02-28,ARGX,0.2,Buy
2024-02-28,LEGR,0.2,Buy
2024-02-28,LGIH,0.2,Buy
2024-02-28,AOTG,-0.2001222318811893,Sell
2024-02-28,PTCT,-0.20058620318117418,Sell
2024-02-29,CIGI,0.2,Buy
2024-02-29,CTSH,0.2,Buy
2024-02-29,JAZZ,-0.18599886775796926,Sell
2024-02-29,ZS,0.2,Buy
2024-02-29,WYNN,-0.20750929564646958,Sell
2024-02-29,ARGX,-0.19386876257789806,Sell
2024-02-29,PY,0.2,Buy
2024-02-29,LEGR,-0.20434417613998995,Sell
2024-02-29,IMKTA,0.2,Buy
2024-02-29,LGIH,-0.20878625965382527,Sell
2024-03-01,CIGI,-0.2063968267411919,Sell
2024-03-01,CTSH,-0.202692635288527,Sell
2024-03-01,HISF,0.2,Buy
2024-03-01,TSEM,0.2,Buy
2024-03-01,ZS,-0.18460169424973896,Sell
2024-03-01,SUPN,0.2,Buy
2024-03-01,PY,-0.20502640384586376,Sell
2024-03-01,IMKTA,-0.20179194364343628,Sell
2024-03-01,NBIX,0.2,Buy
2024-03-01,CRUS,0.2,Buy
2024-03-04,DIOD,0.2,Buy
2024-03-04,IRTC,0.2,Buy
2024-03-04,TXN,0.2,Buy
2024-03-04,ON,0.2,Buy
2024-03-04,SBAC,0.2,Buy
2024-03-04,HISF,-0.20020476442162394,Sell
2024-03-04,TSEM,-0.20003225158669047,Sell
2024-03-04,SUPN,-0.19828877381842294,Sell
2024-03-04,NBIX,-0.2035314227889658,Sell
2024-03-04,CRUS,-0.1984447871837394,Sell
2024-03-05,LNTH,0.2,Buy
2024-03-05,VWOB,0.2,Buy
2024-03-05,DIOD,-0.19643655004819172,Sell
2024-03-05,IRTC,-0.2000565387038208,Sell
2024-03-05,TXN,-0.2009535281302118,Sell
2024-03-05,ON,-0.19572627100619513,Sell
2024-03-05,SBAC,-0.20733492282436342,Sell
2024-03-05,VTWO,0.2,Buy
2024-03-05,COPJ,0.2,Buy
2024-03-05,UCYB,0.2,Buy
2024-03-06,LNTH,-0.19095432276625265,Sell
2024-03-06,VWOB,-0.19922631056022097,Sell
2024-03-06,IGSB,0.2,Buy
2024-03-06,MAR,0.2,Buy
2024-03-06,JBHT,0.2,Buy
2024-03-06,VTWO,-0.20003693991961036,Sell
2024-03-06,COPJ,-0.20639910570266512,Sell
2024-03-06,UCYB,-0.20387986055072044,Sell
2024-03-06,NSIT,0.2,Buy
2024-03-06,WIX,0.2,Buy
2024-03-07,IGSB,-0.19871836910646826,Sell
2024-03-07,MAR,-0.1982939749026931,Sell
2024-03-07,PYPL,0.2,Buy
2024-03-07,JBHT,-0.20089956266556575,Sell
2024-03-07,IBB,0.2,Buy
2024-03-07,NSIT,-0.19926706185107462,Sell
2024-03-07,SITM,0.2,Buy
2024-03-07,RTH,0.2,Buy
2024-03-07,MELI,0.2,Buy
2024-03-07,WIX,-0.20331727100955196,Sell
2024-03-08,BNDW,0.2,Buy
2024-03-08,HALO,0.2,Buy
2024-03-08,PYPL,-0.20219985873806906,Sell
2024-03-08,IBB,-0.20093054038316768,Sell
2024-03-08,HWC,0.2,Buy
2024-03-08,DNTH,0.2,Buy
2024-03-08,SNEX,0.2,Buy
2024-03-08,SITM,-0.2008272300253084,Sell
2024-03-08,RTH,-0.19837628384942224,Sell
2024-03-08,MELI,-0.19816734214089218,Sell
2024-03-11,TARK,0.2,Buy
2024-03-11,BNDW,-0.20085328787453052,Sell
2024-03-11,HALO,-0.19844684607974,Sell
2024-03-11,CRDO,0.2,Buy
2024-03-11,RRR,0.2,Buy
2024-03-11,HWC,-0.199192135634934,Sell
2024-03-11,DNTH,-0.2005997621142041,Sell
2024-03-11,SNEX,-0.2014105934262266,Sell
2024-03-11,JBSS,0.2,Buy
2024-03-11,INSM,0.2,Buy
2024-03-12,INTU,0.2,Buy
2024-03-12,TARK,-0.1961908268206797,Sell
2024-03-12,FISV,0.2,Buy
2024-03-12,QVAL,0.2,Buy
2024-03-12,CRDO,-0.20138559335618508,Sell
2024-03-12,RRR,-0.20204664760565877,Sell
2024-03-12,JBSS,-0.1998427721501038,Sell
2024-03-12,INSM,-0.20103263424927528,Sell
2024-03-12,MGRC,0.2,Buy
2024-03-12,NTAP,0.2,Buy
2024-03-13,DIOD,0.2,Buy
2024-03-13,INTU,-0.1975636092678752,Sell
2024-03-13,FISV,-0.20037730336105336,Sell
2024-03-13,UFPT,0.2,Buy
2024-03-13,QVAL,-0.20240681400732774,Sell
2024-03-13,CHRD,0.2,Buy
2024-03-13,ADUS,0.2,Buy
2024-03-13,ACMR,0.2,Buy
2024-03-13,MGRC,-0.1990188886956125,Sell
2024-03-13,NTAP,-0.20113312585645246,Sell
2024-03-14,DIOD,-0.1967790110804581,Sell
2024-03-14,UFPT,-0.2009421126981134,Sell
2024-03-14,AADR,0.2,Buy
2024-03-14,CHRD,-0.20479799321635372,Sell
2024-03-14,AZN,0.2,Buy
2024-03-14,CIBR,0.2,Buy
2024-03-14,WDFC,0.2,Buy
2024-03-14,KBWP,0.2,Buy
2024-03-14,ADUS,-0.20246758268691253,Sell
2024-03-14,ACMR,-0.19552501755550275,Sell
2024-03-15,TW,0.2,Buy
2024-03-15,LLYVK,0.2,Buy
2024-03-15,AADR,-0.20141487966891178,Sell
2024-03-15,IJT,0.2,Buy
2024-03-15,AZN,-0.19928743046526173,Sell
2024-03-15,LRGE,0.2,Buy
2024-03-15,CIBR,-0.19837079449994358,Sell
2024-03-15,WDFC,-0.1988476965364193,Sell
2024-03-15,KBWP,-0.20258303114329823,Sell
2024-03-15,ADUS,0.2,Buy
2024-03-18,RYAAY,0.2,Buy
2024-03-18,TW,-0.19704135000967293,Sell
2024-03-18,LLYVK,-0.20001704321327932,Sell
2024-03-18,TLN,0.2,Buy
2024-03-18,IJT,-0.1974754773763644,Sell
2024-03-18,LRGE,-0.1991432321431195,Sell
2024-03-18,AUMI,0.2,Buy
2024-03-18,HSIC,0.2,Buy
2024-03-18,ADUS,-0.20681738075720596,Sell
2024-03-18,UCYB,0.2,Buy
2024-03-19,SATS,0.2,Buy
2024-03-19,RYAAY,-0.20003183366618452,Sell
2024-03-19,TLN,-0.20128662810172435,Sell
2024-03-19,AUMI,-0.19776531590796434,Sell
2024-03-19,HSIC,-0.20180611392860945,Sell
2024-03-19,UCYB,-0.19961339151427207,Sell
2024-03-19,ESGU,0.2,Buy
2024-03-19,DDOG,0.2,Buy
2024-03-19,LULU,0.2,Buy
2024-03-19,ERIE,0.2,Buy
2024-03-20,LSTR,0.2,Buy
2024-03-20,SATS,-0.2133086159933281,Sell
2024-03-20,UITB,0.2,Buy
2024-03-20,RFEM,0.2,Buy
2024-03-20,NSIT,0.2,Buy
2024-03-20,ESGU,-0.19797843420760658,Sell
2024-03-20,DDOG,-0.19882623016542067,Sell
2024-03-20,LULU,0.003051838436792298,Buy
2024-03-20,ERIE,-0.19342918340753454,Sell
2024-03-21,LSTR,-0.2004372328465838,Sell
2024-03-21,FSV,0.2,Buy
2024-03-21,UITB,-0.19830495438393778,Sell
2024-03-21,MAR,0.2,Buy
2024-03-21,RFEM,-0.19816762988070963,Sell
2024-03-21,EBAY,0.2,Buy
2024-03-21,HURN,0.2,Buy
2024-03-21,NSIT,-0.2012634720129321,Sell
2024-03-21,EXEEL,0.2,Buy
2024-03-21,LULU,-0.2022245236885907,Sell
2024-03-22,FSV,-0.19861902984255625,Sell
2024-03-22,IEUS,0.2,Buy
2024-03-22,MAR,-0.20127434753272427,Sell
2024-03-22,EBAY,-0.19911517259814235,Sell
2024-03-22,HURN,-0.2007068203120835,Sell
2024-03-22,NSIT,0.2,Buy
2024-03-22,WFRD,0.2,Buy
2024-03-22,EXEEL,-0.20078813271818138,Sell
2024-03-22,SYBT,0.2,Buy
2024-03-22,AOTG,0.2,Buy
2024-03-25,IEUS,-0.20091428667103153,Sell
2024-03-25,SOXQ,0.2,Buy
2024-03-25,HALO,0.2,Buy
2024-03-25,CRVL,0.2,Buy
2024-03-25,BLBD,0.2,Buy
2024-03-25,NSIT,-0.19725322185936253,Sell
2024-03-25,WFRD,-0.20409358715478704,Sell
2024-03-25,INTC,0.2,Buy
2024-03-25,SYBT,-0.1984321870242809,Sell
2024-03-25,AOTG,-0.19980778637865454,Sell
2024-03-26,SOXQ,-0.19818678350612967,Sell
2024-03-26,HALO,-0.19811496131938855,Sell
2024-03-26,MCHP,0.2,Buy
2024-03-26,CRVL,-0.2004044588991631,Sell
2024-03-26,EMXC,0.2,Buy
2024-03-26,BLBD,-0.20323363289593374,Sell
2024-03-26,MDGL,0.2,Buy
2024-03-26,INTC,-0.20055977741630876,Sell
2024-03-26,SITM,0.2,Buy
2024-03-26,ADI,0.2,Buy
2024-03-27,FEX,0.2,Buy
2024-03-27,NXT,0.2,Buy
2024-03-27,CINF,0.2,Buy
2024-03-27,MCHP,-0.20206774361194865,Sell
2024-03-27,BKR,0.2,Buy
2024-03-27,EMXC,0.003864652839829452,Buy
2024-03-27,MDGL,-0.2042137192429688,Sell
2024-03-27,SITM,-0.19816893575517408,Sell
2024-03-27,ADI,-0.19990283690361466,Sell
2024-03-28,FEX,-0.20090873193372233,Sell
2024-03-28,VONE,0.2,Buy
2024-03-28,ESQ,0.2,Buy
2024-03-28,NXT,-0.19425990042025065,Sell
2024-03-28,CINF,-0.20173105874109393,Sell
2024-03-28,RFEM,0.2,Buy
2024-03-28,BCPC,0.2,Buy
2024-03-28,BKR,-0.20278319810028478,Sell
2024-03-28,EMXC,-0.20071977116002285,Sell
2024-03-28,DAVE,0.2,Buy
2024-04-01,VONE,-0.20138078034136858,Sell
2024-04-01,MASI,0.2,Buy
2024-04-01,ESQ,-0.20299484323086683,Sell
2024-04-01,RFEM,-0.20223526506502926,Sell
2024-04-01,ABNB,0.2,Buy
2024-04-01,BCPC,-0.1982017737405858,Sell
2024-04-01,MDGL,0.2,Buy
2024-04-01,TER,0.2,Buy
2024-04-01,SCZ,0.2,Buy
2024-04-01,DAVE,-0.19569216193074415,Sell
2024-04-02,FKU,0.2,Buy
2024-04-02,MASI,-0.1991407156556959,Sell
2024-04-02,PAYX,0.2,Buy
2024-04-02,ABNB,-0.20126763084245744,Sell
2024-04-02,FELE,0.2,Buy
2024-04-02,FYC,0.2,Buy
2024-04-02,BCPC,0.2,Buy
2024-04-02,MDGL,-0.19633962837671465,Sell
2024-04-02,TER,-0.20025652395197976,Sell
2024-04-02,SCZ,-0.20350904485140223,Sell
2024-04-03,FKU,-0.20071995085364727,Sell
2024-04-03,ICUI,0.2,Buy
2024-04-03,PAYX,-0.19650930278441303,Sell
2024-04-03,ABNB,0.2,Buy
2024-04-03,FELE,-0.1999648489760134,Sell
2024-04-03,FYC,-0.20138666247060286,Sell
2024-04-03,BCPC,-0.2019180711051234,Sell
2024-04-03,FBNC,0.2,Buy
2024-04-03,DWUS,0.2,Buy
2024-04-03,FRHC,0.2,Buy
2024-04-04,DRUG,0.2,Buy
2024-04-04,ICUI,-0.1968142848099403,Sell
2024-04-04,RFEM,0.2,Buy
2024-04-04,ABNB,-0.20098007887966954,Sell
2024-04-04,BANR,0.2,Buy
2024-04-04,FBNC,-0.2030375447317035,Sell
2024-04-04,DWUS,-0.19820622013388325,Sell
2024-04-04,FRHC,-0.20146602898033333,Sell
2024-04-04,CYBR,0.2,Buy
2024-04-04,ERIE,0.2,Buy
2024-04-05,DRUG,-0.18347208512662028,Sell
2024-04-05,CALM,0.2,Buy
2024-04-05,MAR,0.2,Buy
2024-04-05,RFEM,-0.2042610274655136,Sell
2024-04-05,BANR,-0.20223717028120855,Sell
2024-04-05,HIFS,0.2,Buy
2024-04-05,EQIX,0.2,Buy
2024-04-05,CYBR,-0.2047084784089701,Sell
2024-04-05,ERIE,-0.20583101186919794,Sell
2024-04-05,PHO,0.2,Buy
2024-04-08,CALM,-0.19875929550930677,Sell
2024-04-08,MAR,-0.1992829989332029,Sell
2024-04-08,NDSN,0.2,Buy
2024-04-08,HIFS,-0.20386226060645138,Sell
2024-04-08,MCRI,0.2,Buy
2024-04-08,FNK,0.2,Buy
2024-04-08,EQIX,-0.19965366889507083,Sell
2024-04-08,PNQI,0.2,Buy
2024-04-08,MGRC,0.2,Buy
2024-04-08,PHO,-0.19893864301294933,Sell
2024-04-09,QCOM,0.2,Buy
2024-04-09,NDSN,-0.20087074319484005,Sell
2024-04-09,CDW,0.2,Buy
2024-04-09,HUT,0.2,Buy
2024-04-09,MCRI,-0.20173015682923107,Sell
2024-04-09,FNK,-0.19970467477398837,Sell
2024-04-09,PNQI,-0.19977404208092872,Sell
2024-04-09,MGRC,-0.19841807917675236,Sell
2024-04-09,ADP,0.2,Buy
2024-04-09,LMB,0.2,Buy
2024-04-10,QQQI,0.2,Buy
2024-04-10,QCOM,-0.19926077383051896,Sell
2024-04-10,UFPT,0.2,Buy
2024-04-10,CTSH,0.2,Buy
2024-04-10,CDW,-0.19914058627562609,Sell
2024-04-10,HUT,-0.2026158897796044,Sell
2024-04-10,ADP,-0.20129759817237838,Sell
2024-04-10,DASH,0.2,Buy
2024-04-10,EEFT,0.2,Buy
2024-04-10,LMB,-0.1981971635557826,Sell
2024-04-11,QQQI,-0.20229375309939762,Sell
2024-04-11,UFPT,-0.1919692385099291,Sell
2024-04-11,CTSH,-0.20132221293184566,Sell
2024-04-11,HTHT,0.2,Buy
2024-04-11,FLEX,0.2,Buy
2024-04-11,WINA,0.2,Buy
2024-04-11,DASH,-0.20509632776763298,Sell
2024-04-11,EEFT,-0.19981762193210564,Sell
2024-04-11,DGRS,0.2,Buy
2024-04-11,SOXX,0.2,Buy
2024-04-12,GPCR,0.2,Buy
2024-04-12,DORM,0.2,Buy
2024-04-12,HTHT,-0.19590937416443371,Sell
2024-04-12,FLEX,-0.20079875680754083,Sell
2024-04-12,ZHOG,0.2,Buy
2024-04-12,HBCP,0.2,Buy
2024-04-12,WINA,-0.2013285685030489,Sell
2024-04-12,LRCX,0.2,Buy
2024-04-12,DGRS,-0.2033425955408221,Sell
2024-04-12,SOXX,-0.199135566014151,Sell
2024-04-15,USOI,0.2,Buy
2024-04-15,GPCR,-0.1942201785097021,Sell
2024-04-15,TEAM,0.2,Buy
2024-04-15,DORM,-0.2021817628872049,Sell
2024-04-15,CIBR,0.2,Buy
2024-04-15,ZHOG,-0.2014990880689157,Sell
2024-04-15,HBCP,-0.20207503006560165,Sell
2024-04-15,LRCX,-0.20053115846189443,Sell
2024-04-15,WLDN,0.2,Buy
2024-04-15,IOSP,0.2,Buy
2024-04-16,IRTC,0.2,Buy
2024-04-16,USOI,-0.2001793633290094,Sell
2024-04-16,TMUS,0.2,Buy
2024-04-16,IPKW,0.2,Buy
2024-04-16,TEAM,-0.20339826386388984,Sell
2024-04-16,CIBR,-0.20014395270002047,Sell
2024-04-16,WLDN,-0.19787130055834032,Sell
2024-04-16,NVMI,0.2,Buy
2024-04-16,IOSP,-0.19890788702084064,Sell
2024-04-16,SPSC,0.2,Buy
2024-04-17,DIOD,0.2,Buy
2024-04-17,IRTC,-0.20394181762557156,Sell
2024-04-17,TMUS,-0.20131910210241008,Sell
2024-04-17,META,0.2,Buy
2024-04-17,IPKW,-0.20208981356558972,Sell
2024-04-17,ESGE,0.2,Buy
2024-04-17,BLKB,0.2,Buy
2024-04-17,NVMI,-0.19423960688298808,Sell
2024-04-17,ZION,0.2,Buy
2024-04-17,SPSC,-0.198912140273106,Sell
2024-04-18,DIOD,-0.2012341873673125,Sell
2024-04-18,META,-0.2025916427276279,Sell
2024-04-18,RRR,0.2,Buy
2024-04-18,ESGE,-0.20034357610918443,Sell
2024-04-18,BLKB,-0.19742653762723428,Sell
2024-04-18,SYM,0.2,Buy
2024-04-18,NXPI,0.2,Buy
2024-04-18,VTWG,0.2,Buy
2024-04-18,ZION,-0.19890295950014864,Sell
2024-04-18,QQXT,0.2,Buy
2024-04-19,FSV,0.2,Buy
2024-04-19,PABU,0.2,Buy
2024-04-19,TMUS,0.2,Buy
2024-04-19,RRR,-0.200202791843949,Sell
2024-04-19,PLXS,0.2,Buy
2024-04-19,BKR,0.2,Buy
2024-04-19,SYM,-0.20002987867715055,Sell
2024-04-19,NXPI,-0.19795001602436746,Sell
2024-04-19,VTWG,-0.20033795228367263,Sell
2024-04-19,QQXT,-0.20198409300834938,Sell
2024-04-22,GNOM,0.2,Buy
2024-04-22,FSV,-0.20245998944720567,Sell
2024-04-22,PABU,-0.2004280783254679,Sell
2024-04-22,TMUS,-0.19883690925380593,Sell
2024-04-22,GOOGL,0.2,Buy
2024-04-22,USVM,0.2,Buy
2024-04-22,LIN,0.2,Buy
2024-04-22,PLXS,-0.20082571277122063,Sell
2024-04-22,BKR,-0.19794643606739612,Sell
2024-04-22,LSCC,0.2,Buy
2024-04-23,GNOM,-0.20018635509549138,Sell
2024-04-23,UTMD,0.2,Buy
2024-04-23,GOOGL,-0.1999927368264018,Sell
2024-04-23,STLD,0.2,Buy
2024-04-23,USVM,-0.20052889055211007,Sell
2024-04-23,LIN,-0.19664670241041457,Sell
2024-04-23,ZHOG,0.2,Buy
2024-04-23,VTC,0.2,Buy
2024-04-23,TMDX,0.2,Buy
2024-04-23,LSCC,-0.20313916433873327,Sell
2024-04-24,OSIS,0.2,Buy
2024-04-24,BNTX,0.2,Buy
2024-04-24,UTMD,-0.20142161270237893,Sell
2024-04-24,STLD,-0.19621758161105743,Sell
2024-04-24,KYMR,0.2,Buy
2024-04-24,VCIT,0.2,Buy
2024-04-24,ZHOG,-0.20214979365246885,Sell
2024-04-24,VTC,-0.20194310936980672,Sell
2024-04-24,TMDX,-0.19877458088608183,Sell
2024-04-24,GRVY,0.2,Buy
2024-04-25,OSIS,-0.19716916453038832,Sell
2024-04-25,BNTX,-0.2021242596561706,Sell
2024-04-25,FCAL,0.2,Buy
2024-04-25,KALU,0.2,Buy
2024-04-25,KYMR,-0.19449375318667084,Sell
2024-04-25,VCIT,-0.20489582980770435,Sell
2024-04-25,DGRW,0.2,Buy
2024-04-25,IMKTA,0.2,Buy
2024-04-25,JBSS,0.2,Buy
2024-04-25,GRVY,-0.20183047558390171,Sell
2024-04-26,MEDP,0.2,Buy
2024-04-26,FCAL,-0.19794518113243734,Sell
2024-04-26,KALU,-0.21250195122155138,Sell
2024-04-26,DGRW,-0.19886236496219295,Sell
2024-04-26,PVLA,0.2,Buy
2024-04-26,DOCU,0.2,Buy
2024-04-26,SYM,0.2,Buy
2024-04-26,IMKTA,-0.1976989332215333,Sell
2024-04-26,JBSS,-0.19348696360452203,Sell
2024-04-26,SMBC,0.2,Buy
2024-04-29,EXPO,0.2,Buy
2024-04-29,MEDP,-0.20196960571598047,Sell
2024-04-29,SKOR,0.2,Buy
2024-04-29,NUTX,0.2,Buy
2024-04-29,INCY,0.2,Buy
2024-04-29,WDFC,0.2,Buy
2024-04-29,PVLA,-0.199639175512745,Sell
2024-04-29,DOCU,-0.1994603398860998,Sell
2024-04-29,SYM,-0.20015767781713642,Sell
2024-04-29,SMBC,-0.19927284896239478,Sell
2024-04-30,EXPO,-0.1993905711097395,Sell
2024-04-30,CASY,0.2,Buy
2024-04-30,SKOR,-0.2015790145251215,Sell
2024-04-30,EWBC,0.2,Buy
2024-04-30,PI,0.2,Buy
2024-04-30,NUTX,-0.19540641470171502,Sell
2024-04-30,INCY,-0.2002272288429905,Sell
2024-04-30,WDFC,-0.2039023698939369,Sell
2024-04-30,LNT,0.2,Buy
2024-04-30,IXUS,0.2,Buy
2024-05-01,IGSB,0.2,Buy
2024-05-01,CASY,-0.19985367143734403,Sell
2024-05-01,EWBC,-0.20330972785078646,Sell
2024-05-01,PI,-0.19449496667097,Sell
2024-05-01,TREE,0.2,Buy
2024-05-01,FCVT,0.2,Buy
2024-05-01,VPLS,0.2,Buy
2024-05-01,LNT,-0.20268452289662273,Sell
2024-05-01,IXUS,-0.20015831450063026,Sell
2024-05-01,STRL,0.2,Buy
2024-05-02,IGSB,-0.19838003443146582,Sell
2024-05-02,ACWI,0.2,Buy
2024-05-02,ROKU,0.2,Buy
2024-05-02,TREE,-0.2037023863034837,Sell
2024-05-02,COKE,0.2,Buy
2024-05-02,FCVT,-0.19920217914188312,Sell
2024-05-02,VPLS,-0.19848232516207595,Sell
2024-05-02,TECH,0.2,Buy
2024-05-02,EXE,0.2,Buy
2024-05-02,STRL,-0.20072758902402957,Sell
2024-05-03,FNX,0.2,Buy
2024-05-03,ACWI,-0.20096943351459748,Sell
2024-05-03,ROKU,-0.19603172915012393,Sell
2024-05-03,COKE,-0.20172491985157362,Sell
2024-05-03,HISF,0.2,Buy
2024-05-03,PFIS,0.2,Buy
2024-05-03,CSGP,0.2,Buy
2024-05-03,TECH,-0.20324501070479695,Sell
2024-05-03,EXE,-0.19852603194259616,Sell
2024-05-03,CATY,0.2,Buy
2024-05-06,FNX,-0.20223434170597168,Sell
2024-05-06,TATT,0.2,Buy
2024-05-06,HISF,-0.199486462706587,Sell
2024-05-06,PFIS,-0.197821417479067,Sell
2024-05-06,CSGP,-0.19943371827870984,Sell
2024-05-06,POOL,0.2,Buy
2024-05-06,TECH,0.2,Buy
2024-05-06,MIRM,0.2,Buy
2024-05-06,CATY,-0.20152238569526057,Sell
2024-05-06,FJP,0.2,Buy
2024-05-07,HQGO,0.2,Buy
2024-05-07,MAR,0.2,Buy
2024-05-07,TATT,-0.19901195045930914,Sell
2024-05-07,CELH,0.2,Buy
2024-05-07,POOL,-0.0015275120355098537,Sell
2024-05-07,TECH,-0.20418510122845265,Sell
2024-05-07,MIRM,-0.196847922547851,Sell
2024-05-07,FJP,-0.19892887526324826,Sell
2024-05-07,SYBT,0.2,Buy
2024-05-08,HQGO,-0.1997697804611411,Sell
2024-05-08,MAR,-0.1998032952205722,Sell
2024-05-08,CTBI,0.2,Buy
2024-05-08,STRT,0.2,Buy
2024-05-08,CELH,-0.20081530861823912,Sell
2024-05-08,GSIB,0.2,Buy
2024-05-08,POOL,-0.196658841418728,Sell
2024-05-08,IGF,0.2,Buy
2024-05-08,CALI,0.2,Buy
2024-05-08,SYBT,-0.20335359316024743,Sell
2024-05-09,ENTG,0.2,Buy
2024-05-09,CTBI,-0.19915999273639912,Sell
2024-05-09,NUVL,0.2,Buy
2024-05-09,ENSG,0.2,Buy
2024-05-09,WSFS,0.2,Buy
2024-05-09,STRT,-0.20467494726026308,Sell
2024-05-09,PLBC,0.2,Buy
2024-05-09,GSIB,-0.19929528468978963,Sell
2024-05-09,IGF,-0.19982221311936357,Sell
2024-05-09,CALI,-0.19754151495453154,Sell
2024-05-10,DJCO,0.2,Buy
2024-05-10,ENTG,-0.20404072070477255,Sell
2024-05-10,IJT,0.2,Buy
2024-05-10,NUVL,-0.1946119375186485,Sell
2024-05-10,ENSG,-0.20176613432010804,Sell
2024-05-10,WSFS,-0.19929397565277673,Sell
2024-05-10,ICLR,0.2,Buy
2024-05-10,PLBC,-0.20078904312060483,Sell
2024-05-10,QABA,0.2,Buy
2024-05-10,SMBC,0.2,Buy
2024-05-13,DJCO,-0.2018440285433868,Sell
2024-05-13,NUTX,0.2,Buy
2024-05-13,IJT,-0.20099136937172984,Sell
2024-05-13,ICLR,-0.19718345450373617,Sell
2024-05-13,USVM,0.2,Buy
2024-05-13,QABA,-0.20041320397668327,Sell
2024-05-13,ZHOG,0.2,Buy
2024-05-13,CCB,0.2,Buy
2024-05-13,SMBC,-0.20007039339919946,Sell
2024-05-13,INTC,0.2,Buy
2024-05-14,TAYD,0.2,Buy
2024-05-14,NUTX,-0.2006771568378867,Sell
2024-05-14,USVM,-0.1991522773297352,Sell
2024-05-14,ZHOG,-0.1979279008222241,Sell
2024-05-14,CCB,-0.2016718573047021,Sell
2024-05-14,FANG,0.2,Buy
2024-05-14,HSIC,0.2,Buy
2024-05-14,FWONA,0.2,Buy
2024-05-14,INTC,-0.20106485196627447,Sell
2024-05-14,NTAP,0.2,Buy
2024-05-15,FGM,0.2,Buy
2024-05-15,TAYD,-0.19676209404130057,Sell
2024-05-15,UFO,0.2,Buy
2024-05-15,FANG,-0.19743881050070936,Sell
2024-05-15,HSIC,-0.20413403672102468,Sell
2024-05-15,CDL,0.2,Buy
2024-05-15,FWONA,-0.2005286026392557,Sell
2024-05-15,LMB,0.2,Buy
2024-05-15,NTAP,-0.20163346248867015,Sell
2024-05-15,WIX,0.2,Buy
2024-05-16,SATS,0.2,Buy
2024-05-16,FGM,-0.2012678623852666,Sell
2024-05-16,ATLC,0.2,Buy
2024-05-16,CECO,0.2,Buy
2024-05-16,FDTS,0.2,Buy
2024-05-16,UFO,-0.2046898411176211,Sell
2024-05-16,ARGX,0.2,Buy
2024-05-16,CDL,-0.202580092505608,Sell
2024-05-16,LMB,-0.1929769614981978,Sell
2024-05-16,WIX,-0.19899075542428085,Sell
2024-05-17,SATS,-0.20611932476360537,Sell
2024-05-17,ATLC,-0.2023371666940329,Sell
2024-05-17,SEIC,0.2,Buy
2024-05-17,CECO,-0.19637873553360113,Sell
2024-05-17,FTAI,0.2,Buy
2024-05-17,FDTS,-0.20091583404888186,Sell
2024-05-17,MDLZ,0.2,Buy
2024-05-17,ARGX,-0.19475030239628932,Sell
2024-05-17,FITB,0.2,Buy
2024-05-17,NVEC,0.2,Buy
2024-05-20,BNTX,0.2,Buy
2024-05-20,SEIC,-0.2000586361380494,Sell
2024-05-20,FTAI,-0.20579657155044598,Sell
2024-05-20,PODD,0.2,Buy
2024-05-20,PCVX,0.2,Buy
2024-05-20,MDLZ,-0.19840764998270516,Sell
2024-05-20,HWC,0.2,Buy
2024-05-20,EXPE,0.2,Buy
2024-05-20,FITB,-0.19694563687616876,Sell
2024-05-20,NVEC,-0.19929442712519896,Sell
2024-05-21,BNTX,-0.2018661086353903,Sell
2024-05-21,ROOT,0.2,Buy
2024-05-21,PODD,-0.20125673016527146,Sell
2024-05-21,PCVX,-0.1966552257296303,Sell
2024-05-21,MEOH,0.2,Buy
2024-05-21,FTC,0.2,Buy
2024-05-21,HWC,-0.2026145595088612,Sell
2024-05-21,EXPE,-0.1981143612242995,Sell
2024-05-21,WINA,0.2,Buy
2024-05-21,FMB,0.2,Buy
2024-05-22,ROOT,-0.1991121706122362,Sell
2024-05-22,MEOH,-0.19920542631776045,Sell
2024-05-22,FTC,-0.20230654731368855,Sell
2024-05-22,ZHOG,0.2,Buy
2024-05-22,RDNT,0.2,Buy
2024-05-22,WINA,-0.19642986049535652,Sell
2024-05-22,DSGX,0.2,Buy
2024-05-22,CAC,0.2,Buy
2024-05-22,CROX,0.2,Buy
2024-05-22,FMB,-0.20345586607646693,Sell
2024-05-23,PSL,0.2,Buy
2024-05-23,UAL,0.2,Buy
2024-05-23,UTHR,0.2,Buy
2024-05-23,ZHOG,-0.20022263542445917,Sell
2024-05-23,SYM,0.2,Buy
2024-05-23,RDNT,-0.19955437088708722,Sell
2024-05-23,DSGX,-0.20023967294169512,Sell
2024-05-23,MPWR,0.2,Buy
2024-05-23,CAC,-0.19794401699718636,Sell
2024-05-23,CROX,-0.20254195232599861,Sell
2024-05-24,PCAR,0.2,Buy
2024-05-24,PSL,-0.201618314991727,Sell
2024-05-24,UAL,-0.2005098018799293,Sell
2024-05-24,SLMBP,0.2,Buy
2024-05-24,CGON,0.2,Buy
2024-05-24,UTHR,-0.19799944157721136,Sell
2024-05-24,SWKS,0.2,Buy
2024-05-24,SYM,-0.19786916534917284,Sell
2024-05-24,MPWR,-0.20250496745661573,Sell
2024-05-24,HLAL,0.2,Buy
2024-05-28,PCAR,-0.1984281246403633,Sell
2024-05-28,GGLL,0.2,Buy
2024-05-28,CTSH,0.2,Buy
2024-05-28,SLMBP,-0.2023235196659075,Sell
2024-05-28,CGON,-0.19942673754863172,Sell
2024-05-28,URBN,0.2,Buy
2024-05-28,DXCM,0.2,Buy
2024-05-28,SWKS,-0.19938066829607376,Sell
2024-05-28,AMBA,0.2,Buy
2024-05-28,HLAL,-0.20094394743378882,Sell
2024-05-29,NVDA,0.2,Buy
2024-05-29,GGLL,-0.20099001837344738,Sell
2024-05-29,CTSH,-0.19991977489943766,Sell
2024-05-29,FAB,0.2,Buy
2024-05-29,ABNB,0.2,Buy
2024-05-29,URBN,-0.19968661534193483,Sell
2024-05-29,DXCM,-0.20256989067868514,Sell
2024-05-29,IBB,0.2,Buy
2024-05-29,AMBA,-0.19733922095394082,Sell
2024-05-29,IPX,0.2,Buy
2024-05-30,NVDA,-0.1934855202108588,Sell
2024-05-30,VC,0.2,Buy
2024-05-30,IUSG,0.2,Buy
2024-05-30,FAB,-0.20340896816213389,Sell
2024-05-30,ABNB,-0.19956377518274837,Sell
2024-05-30,ICLR,0.2,Buy
2024-05-30,IBB,-0.2023331413473927,Sell
2024-05-30,VPLS,0.2,Buy
2024-05-30,IPX,-0.20171136859207725,Sell
2024-05-30,PDP,0.2,Buy
2024-05-31,VC,-0.20130287850112552,Sell
2024-05-31,IUSG,-0.199594407514958,Sell
2024-05-31,MMSI,0.2,Buy
2024-05-31,EMCB,0.2,Buy
2024-05-31,ABNB,0.2,Buy
2024-05-31,ICLR,-0.20023277925365726,Sell
2024-05-31,QABA,0.2,Buy
2024-05-31,SWKS,0.2,Buy
2024-05-31,VPLS,-0.1998517577738232,Sell
2024-05-31,PDP,-0.19951595591682814,Sell
2024-06-03,MMSI,-0.20275551952867413,Sell
2024-06-03,EMCB,-0.20036995044467082,Sell
2024-06-03,ABNB,-0.20203782471908205,Sell
2024-06-03,EVRG,0.2,Buy
2024-06-03,QABA,-0.19786719257830948,Sell
2024-06-03,SWKS,-0.19747017304164602,Sell
2024-06-03,SKYY,0.2,Buy
2024-06-03,OKTA,0.2,Buy
2024-06-03,ZTWO,0.2,Buy
2024-06-03,PDP,0.2,Buy
2024-06-04,DVY,0.2,Buy
2024-06-04,ZTEN,0.2,Buy
2024-06-04,INDY,0.2,Buy
2024-06-04,ENZL,0.2,Buy
2024-06-04,EVRG,-0.20197316471336493,Sell
2024-06-04,SKYY,-0.20096735377327735,Sell
2024-06-04,OKTA,-0.19663228595225496,Sell
2024-06-04,ACMR,0.2,Buy
2024-06-04,ZTWO,-0.20116213158917348,Sell
2024-06-04,PDP,-0.19976743966430804,Sell
2024-06-05,IRMD,0.2,Buy
2024-06-05,DVY,-0.19304030512570106,Sell
2024-06-05,ZTEN,-0.19397462763281845,Sell
2024-06-05,QRVO,0.2,Buy
2024-06-05,INDY,-0.1988769182083667,Sell
2024-06-05,CDW,0.2,Buy
2024-06-05,BGRN,0.2,Buy
2024-06-05,ENZL,-0.19898144816699465,Sell
2024-06-05,ACMR,-0.21561044335983917,Sell
2024-06-05,TQQQ,0.2,Buy
2024-06-06,ITIC,0.2,Buy
2024-06-06,IRMD,-0.19844812532885484,Sell
2024-06-06,QRVO,-0.20136002498898956,Sell
2024-06-06,CDW,-0.19966704967486895,Sell
2024-06-06,MDLZ,0.2,Buy
2024-06-06,BGRN,-0.20058935735567773,Sell
2024-06-06,GOOG,0.2,Buy
2024-06-06,UNIY,0.2,Buy
2024-06-06,TQQQ,-0.20043725213550667,Sell
2024-06-06,SYNA,0.2,Buy
2024-06-07,ITIC,-0.20667686238454652,Sell
2024-06-07,AXSM,0.2,Buy
2024-06-07,MDLZ,-0.20006023532042677,Sell
2024-06-07,ANIP,0.2,Buy
2024-06-07,GOOG,-0.19847415796678305,Sell
2024-06-07,COPJ,0.2,Buy
2024-06-07,UNIY,-0.19985967286333656,Sell
2024-06-07,TCOM,0.2,Buy
2024-06-07,SYNA,-0.19543215116190762,Sell
2024-06-07,CAMT,0.2,Buy
2024-06-10,AXSM,-0.19522328236957318,Sell
2024-06-10,MGEE,0.2,Buy
2024-06-10,FEX,0.2,Buy
2024-06-10,CVCO,0.2,Buy
2024-06-10,ANIP,-0.19563436100492615,Sell
2024-06-10,WDFC,0.2,Buy
2024-06-10,ASND,0.2,Buy
2024-06-10,COPJ,-0.2029288942118391,Sell
2024-06-10,TCOM,-0.20187134115230387,Sell
2024-06-10,CAMT,-0.2048445804959419,Sell
2024-06-11,MGEE,-0.20050721609353672,Sell
2024-06-11,FEX,-0.19945022575776541,Sell
2024-06-11,OTTR,0.2,Buy
2024-06-11,CECO,0.2,Buy
2024-06-11,CVCO,-0.19740802267505908,Sell
2024-06-11,ASTE,0.2,Buy
2024-06-11,PRFZ,0.2,Buy
2024-06-11,WDFC,-0.20204742187826846,Sell
2024-06-11,ASND,-0.20108824535821965,Sell
2024-06-11,EXPE,0.2,Buy
2024-06-12,OTTR,-0.20046976147042195,Sell
2024-06-12,CECO,-0.20058563619364597,Sell
2024-06-12,HALO,0.2,Buy
2024-06-12,ISRG,0.2,Buy
2024-06-12,ASTE,-0.1989779251924875,Sell
2024-06-12,USXF,0.2,Buy
2024-06-12,PRFZ,-0.20008220084995132,Sell
2024-06-12,EXPE,-0.20037842763865077,Sell
2024-06-12,IGF,0.2,Buy
2024-06-12,ESGU,0.2,Buy
2024-06-13,INTU,0.2,Buy
2024-06-13,POWI,0.2,Buy
2024-06-13,HALO,-0.20009796187761142,Sell
2024-06-13,ISRG,-0.19782677596821707,Sell
2024-06-13,USXF,-0.20189581162021128,Sell
2024-06-13,TLT,0.2,Buy
2024-06-13,LASR,0.2,Buy
2024-06-13,IGF,-0.20021789968838247,Sell
2024-06-13,ESGU,-0.2004623226681352,Sell
2024-06-13,PTCT,0.2,Buy
2024-06-14,INTU,-0.2026561603597992,Sell
2024-06-14,POWI,-0.20076464717079195,Sell
2024-06-14,EMXF,0.2,Buy
2024-06-14,TLT,-0.20399097242338582,Sell
2024-06-14,WYNN,0.2,Buy
2024-06-14,LASR,-0.19678083761907955,Sell
2024-06-14,FAD,0.2,Buy
2024-06-14,EXE,0.2,Buy
2024-06-14,MPWR,0.2,Buy
2024-06-14,PTCT,-0.196313230794939,Sell
2024-06-17,FNX,0.2,Buy
2024-06-17,LITE,0.2,Buy
2024-06-17,EMXF,-0.19983094362379963,Sell
2024-06-17,AVXC,0.2,Buy
2024-06-17,WYNN,-0.19864087293243052,Sell
2024-06-17,MODL,0.2,Buy
2024-06-17,FAD,-0.200715209289039,Sell
2024-06-17,EXE,-0.1974955034793332,Sell
2024-06-17,MPWR,-0.20381431039924297,Sell
2024-06-17,IEI,0.2,Buy
2024-06-18,FNX,-0.200351968822807,Sell
2024-06-18,INTU,0.2,Buy
2024-06-18,BIDU,0.2,Buy
2024-06-18,MKTX,0.2,Buy
2024-06-18,LITE,-0.19804476772758775,Sell
2024-06-18,IPKW,0.2,Buy
2024-06-18,AVXC,-0.20167685335731375,Sell
2024-06-18,MODL,-0.2001503370047288,Sell
2024-06-18,IREN,0.2,Buy
2024-06-18,IEI,-0.20027550319714724,Sell
2024-06-20,UTMD,0.2,Buy
2024-06-20,INTU,-0.20192767558227434,Sell
2024-06-20,BIDU,-0.19529989491057154,Sell
2024-06-20,MKTX,-0.20338507291401534,Sell
2024-06-20,IPKW,-0.2007732936894587,Sell
2024-06-20,TSCO,0.2,Buy
2024-06-20,SBUX,0.2,Buy
2024-06-20,WRLD,0.2,Buy
2024-06-20,IREN,-0.19911376266000047,Sell
2024-06-20,VIGI,0.2,Buy
2024-06-21,UTMD,-0.19977661971103172,Sell
2024-06-21,CECO,0.2,Buy
2024-06-21,GGLL,0.2,Buy
2024-06-21,TSCO,-0.20108478433050708,Sell
2024-06-21,LLYVA,0.2,Buy
2024-06-21,SBUX,-0.2006118961407896,Sell
2024-06-21,WRLD,-0.19957418417272163,Sell
2024-06-21,ADUS,0.2,Buy
2024-06-21,ACLX,0.2,Buy
2024-06-21,VIGI,-0.19945297795102448,Sell
2024-06-24,CECO,-0.21010773699775462,Sell
2024-06-24,GGLL,-0.19776424507698437,Sell
2024-06-24,WTW,0.2,Buy
2024-06-24,JOYY,0.2,Buy
2024-06-24,LLYVA,-0.1948426431435232,Sell
2024-06-24,PIO,0.2,Buy
2024-06-24,VTWO,0.2,Buy
2024-06-24,BKR,0.2,Buy
2024-06-24,ADUS,-0.19976519133918574,Sell
2024-06-24,ACLX,-0.1980157883391442,Sell
2024-06-25,IRTC,0.2,Buy
2024-06-25,UITB,0.2,Buy
2024-06-25,WTW,-0.19925171268851913,Sell
2024-06-25,JOYY,-0.19632807898208796,Sell
2024-06-25,PIO,-0.1993545198514876,Sell
2024-06-25,VTWO,-0.20118573634733608,Sell
2024-06-25,BKR,-0.20438458752784844,Sell
2024-06-25,ULTA,0.2,Buy
2024-06-25,GPIQ,0.2,Buy
2024-06-25,SOXX,0.2,Buy
2024-06-26,IRTC,-0.20225761505931106,Sell
2024-06-26,UITB,-0.19905386001787287,Sell
2024-06-26,DUOL,0.2,Buy
2024-06-26,QQQA,0.2,Buy
2024-06-26,HLNE,0.2,Buy
2024-06-26,HWKN,0.2,Buy
2024-06-26,WRLD,0.2,Buy
2024-06-26,ULTA,-0.199757806048359,Sell
2024-06-26,GPIQ,-0.20029213869299853,Sell
2024-06-26,SOXX,-0.19913849992442414,Sell
2024-06-27,BNTX,0.2,Buy
2024-06-27,DUOL,-0.20253802339180843,Sell
2024-06-27,QQQA,-0.19843298347569874,Sell
2024-06-27,HLNE,-0.20393583621681619,Sell
2024-06-27,PYPL,0.2,Buy
2024-06-27,HWKN,-0.19691526516723115,Sell
2024-06-27,WRLD,-0.19867280908472953,Sell
2024-06-27,GH,0.2,Buy
2024-06-27,IXUS,0.2,Buy
2024-06-27,KLIC,0.2,Buy
2024-06-28,BNTX,-0.19879149371727003,Sell
2024-06-28,SLVO,0.2,Buy
2024-06-28,MNPR,0.2,Buy
2024-06-28,PYPL,-0.19768272951763916,Sell
2024-06-28,ONEQ,0.2,Buy
2024-06-28,UYLD,0.2,Buy
2024-06-28,GH,-0.19767734689989816,Sell
2024-06-28,IXUS,-0.1991652388760718,Sell
2024-06-28,HLAL,0.2,Buy
2024-06-28,KLIC,-0.20718041640303783,Sell
2024-07-01,USOI,0.2,Buy
2024-07-01,FKU,0.2,Buy
2024-07-01,SLVO,-0.20090712873776137,Sell
2024-07-01,PSET,0.2,Buy
2024-07-01,MNPR,-0.20157311984929008,Sell
2024-07-01,HURN,0.2,Buy
2024-07-01,ONEQ,-0.19971669663673733,Sell
2024-07-01,UYLD,-0.1984637229632894,Sell
2024-07-01,ACWX,0.2,Buy
2024-07-01,HLAL,-0.1998359072762247,Sell
2024-07-02,USOI,-0.19955959002806348,Sell
2024-07-02,FKU,-0.19992529421134547,Sell
2024-07-02,ESPO,0.2,Buy
2024-07-02,PSL,0.2,Buy
2024-07-02,PSET,-0.20033961817271181,Sell
2024-07-02,PIO,0.2,Buy
2024-07-02,HURN,-0.20067410926169577,Sell
2024-07-02,MCHI,0.2,Buy
2024-07-02,ACWX,-0.20000001316627283,Sell
2024-07-02,AFRM,0.2,Buy
2024-07-03,SANM,0.2,Buy
2024-07-03,ESPO,-0.20090788307419954,Sell
2024-07-03,PSL,-0.19932993139355823,Sell
2024-07-03,PIO,-0.20173275474610722,Sell
2024-07-03,BRNY,0.2,Buy
2024-07-03,FROG,0.2,Buy
2024-07-03,MCHI,-0.2022968872991527,Sell
2024-07-03,SAIA,0.2,Buy
2024-07-03,CEG,0.2,Buy
2024-07-03,AFRM,-0.19623001373156376,Sell
2024-07-05,SANM,-0.19629227185420167,Sell
2024-07-05,VONE,0.2,Buy
2024-07-05,HTHT,0.2,Buy
2024-07-05,BRNY,-0.2001013291733356,Sell
2024-07-05,FROG,-0.20560293381217648,Sell
2024-07-05,COLL,0.2,Buy
2024-07-05,SAIA,-0.1973976053578344,Sell
2024-07-05,CEG,-0.20110584573455634,Sell
2024-07-05,SNEX,0.2,Buy
2024-07-05,ATRO,0.2,Buy
2024-07-08,CHCO,0.2,Buy
2024-07-08,VONE,-0.20031736346702633,Sell
2024-07-08,PAYX,0.2,Buy
2024-07-08,NDAQ,0.2,Buy
2024-07-08,HTHT,-0.193348888220025,Sell
2024-07-08,CNXN,0.2,Buy
2024-07-08,COLL,-0.198376422905675,Sell
2024-07-08,FER,0.2,Buy
2024-07-08,SNEX,-0.20038434712671027,Sell
2024-07-08,ATRO,-0.20807339750622456,Sell
2024-07-09,CHCO,-0.20313743014720634,Sell
2024-07-09,PAYX,-0.20271066019442335,Sell
2024-07-09,NDAQ,-0.20247020256097842,Sell
2024-07-09,JPEF,0.2,Buy
2024-07-09,CNXN,-0.19560015048327536,Sell
2024-07-09,ACLS,0.2,Buy
2024-07-09,FER,-0.19658477810339303,Sell
2024-07-09,LASR,0.2,Buy
2024-07-09,PDD,0.2,Buy
2024-07-09,NICE,0.2,Buy
2024-07-10,FEP,0.2,Buy
2024-07-10,VC,0.2,Buy
2024-07-10,JPEF,-0.20140877846963026,Sell
2024-07-10,SHV,0.2,Buy
2024-07-10,ACLS,-0.20465979418342214,Sell
2024-07-10,LASR,-0.19639922714699973,Sell
2024-07-10,UCYB,0.2,Buy
2024-07-10,TMDX,0.2,Buy
2024-07-10,PDD,-0.19993857471648885,Sell
2024-07-10,NICE,-0.1980923302623916,Sell
2024-07-11,FEP,-0.19744047712066617,Sell
2024-07-11,VC,-0.2035558578126302,Sell
2024-07-11,BTSGU,0.2,Buy
2024-07-11,GSBC,0.2,Buy
2024-07-11,URBN,0.2,Buy
2024-07-11,SHV,-0.19671936067610912,Sell
2024-07-11,UCYB,-0.19844411094264142,Sell
2024-07-11,TMDX,-0.20433198057809907,Sell
2024-07-11,ATRO,0.2,Buy
2024-07-11,ESTA,0.2,Buy
2024-07-12,RUSHB,0.2,Buy
2024-07-12,ARWR,0.2,Buy
2024-07-12,BTSGU,-0.20246443148375629,Sell
2024-07-12,GSBC,-0.20310845245395975,Sell
2024-07-12,UTHR,0.2,Buy
2024-07-12,URBN,-0.1969571917286087,Sell
2024-07-12,TRMB,0.2,Buy
2024-07-12,WOOD,0.2,Buy
2024-07-12,ATRO,-0.19844308423549745,Sell
2024-07-12,ESTA,-0.1995340230233233,Sell
2024-07-15,RUSHB,-0.20164229748493467,Sell
2024-07-15,TIGO,0.2,Buy
2024-07-15,ARWR,-0.20302186390864413,Sell
2024-07-15,UTHR,-0.20136380806973614,Sell
2024-07-15,TRMB,-0.19753895330048227,Sell
2024-07-15,UYLD,0.2,Buy
2024-07-15,WOOD,-0.19692756717297683,Sell
2024-07-15,ATRO,0.2,Buy
2024-07-15,NBN,0.2,Buy
2024-07-15,IOSP,0.2,Buy
2024-07-16,TIGO,-0.1983375444879011,Sell
2024-07-16,PSET,0.2,Buy
2024-07-16,QCLN,0.2,Buy
2024-07-16,BKR,0.2,Buy
2024-07-16,UYLD,-0.193572065978881,Sell
2024-07-16,MRCY,0.2,Buy
2024-07-16,ATRO,-0.20556147938993874,Sell
2024-07-16,PSCT,0.2,Buy
2024-07-16,NBN,-0.20220889950059795,Sell
2024-07-16,IOSP,-0.20080387101845779,Sell
2024-07-17,RKLB,0.2,Buy
2024-07-17,NWE,0.2,Buy
2024-07-17,PSET,-0.19943818818061554,Sell
2024-07-17,QTUM,0.2,Buy
2024-07-17,QCLN,-0.1966854814143398,Sell
2024-07-17,FOXA,0.2,Buy
2024-07-17,SMH,0.2,Buy
2024-07-17,BKR,-0.20335270911437342,Sell
2024-07-17,MRCY,-0.20214576988571453,Sell
2024-07-17,PSCT,-0.1988883249266742,Sell
2024-07-18,FDCF,0.2,Buy
2024-07-18,RKLB,-0.19558634614257628,Sell
2024-07-18,NWE,-0.20042222841580953,Sell
2024-07-18,QTUM,-0.2000374208700934,Sell
2024-07-18,AIQ,0.2,Buy
2024-07-18,FOXA,-0.20075729673957826,Sell
2024-07-18,SMH,-0.20370346523273442,Sell
2024-07-18,PSCE,0.2,Buy
2024-07-18,CEG,0.2,Buy
2024-07-18,CAC,0.2,Buy
2024-07-19,FDCF,-0.19945000741669158,Sell
2024-07-19,AMKR,0.2,Buy
2024-07-19,CHMG,0.2,Buy
2024-07-19,IRMD,0.2,Buy
2024-07-19,AIQ,-0.19891098712602887,Sell
2024-07-19,FELE,0.2,Buy
2024-07-19,PSCE,-0.1985436390865855,Sell
2024-07-19,CEG,-0.20317583010951934,Sell
2024-07-19,ESGU,0.2,Buy
2024-07-19,CAC,-0.20042218299733106,Sell
2024-07-22,AMKR,-0.20397311997050246,Sell
2024-07-22,ARWR,0.2,Buy
2024-07-22,CHMG,-0.19629828101115826,Sell
2024-07-22,IRMD,-0.2007755808192099,Sell
2024-07-22,FELE,-0.20036102895120728,Sell
2024-07-22,MCRI,0.2,Buy
2024-07-22,PNQI,0.2,Buy
2024-07-22,FBNC,0.2,Buy
2024-07-22,FPXI,0.2,Buy
2024-07-22,ESGU,-0.19908446625352233,Sell
2024-07-23,LNTH,0.2,Buy
2024-07-23,ARWR,-0.19865541937565462,Sell
2024-07-23,GPIX,0.2,Buy
2024-07-23,MCRI,-0.20097669249773914,Sell
2024-07-23,PNQI,0.001211200614510216,Buy
2024-07-23,FBNC,-0.20279352881485663,Sell
2024-07-23,TMDX,0.2,Buy
2024-07-23,FPXI,-0.19928180293558745,Sell
2024-07-23,POWL,0.2,Buy
2024-07-24,LNTH,-0.20264390306332258,Sell
2024-07-24,FNX,0.2,Buy
2024-07-24,CINF,0.2,Buy
2024-07-24,GPIX,-0.20229988211490219,Sell
2024-07-24,HURN,0.2,Buy
2024-07-24,GEHC,0.2,Buy
2024-07-24,PNQI,-0.1997112348399718,Sell
2024-07-24,TMDX,-0.1977550732896974,Sell
2024-07-24,AMZN,0.2,Buy
2024-07-24,POWL,-0.19800257824950473,Sell
2024-07-25,FNX,-0.20198835851640443,Sell
2024-07-25,FDCF,0.2,Buy
2024-07-25,RUSHB,0.2,Buy
2024-07-25,SKOR,0.2,Buy
2024-07-25,AADR,0.2,Buy
2024-07-25,CINF,-0.1999440949556182,Sell
2024-07-25,HURN,-0.20008110851819272,Sell
2024-07-25,GEHC,-0.20007110315055554,Sell
2024-07-25,AMZN,-0.19841417608493014,Sell
2024-07-25,ERIE,0.2,Buy
2024-07-26,MU,0.2,Buy
2024-07-26,LMAT,0.2,Buy
2024-07-26,FDCF,-0.19725250206682082,Sell
2024-07-26,RUSHB,-0.19972035391710705,Sell
2024-07-26,SKOR,-0.19501287539462742,Sell
2024-07-26,AADR,-0.19706596888944558,Sell
2024-07-26,DLTR,0.2,Buy
2024-07-26,GSBC,0.2,Buy
2024-07-26,CSCO,0.2,Buy
2024-07-26,ERIE,-0.21143452024304155,Sell
2024-07-29,MU,-0.19819276924879328,Sell
2024-07-29,LMAT,-0.20464358281769657,Sell
2024-07-29,IESC,0.2,Buy
2024-07-29,DLTR,-0.2006919624345767,Sell
2024-07-29,GSBC,-0.19545300923810358,Sell
2024-07-29,TTWO,0.2,Buy
2024-07-29,ARGX,0.2,Buy
2024-07-29,VTWG,0.2,Buy
2024-07-29,CHTR,0.2,Buy
2024-07-29,CSCO,-0.20152144729707208,Sell
2024-07-30,IESC,-0.19818540417728508,Sell
2024-07-30,URBN,0.2,Buy
2024-07-30,DHIL,0.2,Buy
2024-07-30,TTWO,-0.1981712819177585,Sell
2024-07-30,SUPN,0.2,Buy
2024-07-30,ARGX,-0.2031494123843344,Sell
2024-07-30,ACLX,0.2,Buy
2024-07-30,VTWG,-0.19888306768522526,Sell
2024-07-30,CHTR,-0.20210869915307705,Sell
2024-07-30,RRBI,0.2,Buy
2024-07-31,ESPO,0.2,Buy
2024-07-31,SRCE,0.2,Buy
2024-07-31,CWST,0.2,Buy
2024-07-31,URBN,-0.1993738789657029,Sell
2024-07-31,FYC,0.2,Buy
2024-07-31,DHIL,-0.19733561864535473,Sell
2024-07-31,ADBE,0.2,Buy
2024-07-31,SUPN,-0.19924441744189939,Sell
2024-07-31,ACLX,-0.20277724841896747,Sell
2024-07-31,RRBI,-0.20177475730268868,Sell
2024-08-01,PTNQ,0.2,Buy
2024-08-01,ESPO,-0.19768066293934278,Sell
2024-08-01,AEIS,0.2,Buy
2024-08-01,SRCE,-0.20025235243139486,Sell
2024-08-01,WABC,0.2,Buy
2024-08-01,CWST,-0.20115173550947335,Sell
2024-08-01,FYC,-0.19970977289144015,Sell
2024-08-01,ADBE,-0.20171472792789732,Sell
2024-08-01,DSGX,0.2,Buy
2024-08-01,FTA,0.2,Buy
2024-08-02,FTXL,0.2,Buy
2024-08-02,PTNQ,-0.2035167045745265,Sell
2024-08-02,AEIS,-0.19507235160087125,Sell
2024-08-02,WABC,-0.20072608803409744,Sell
2024-08-02,VRSK,0.2,Buy
2024-08-02,DPZ,0.2,Buy
2024-08-02,ROAD,0.2,Buy
2024-08-02,DSGX,-0.19867970365934176,Sell
2024-08-02,FTA,-0.2025217532994767,Sell
2024-08-02,STRL,0.2,Buy
2024-08-05,FTXL,-0.1992083001179432,Sell
2024-08-05,COCO,0.2,Buy
2024-08-05,IUSG,0.2,Buy
2024-08-05,VRSK,-0.1999874607825346,Sell
2024-08-05,USIG,0.2,Buy
2024-08-05,DPZ,-0.2034314387452426,Sell
2024-08-05,LIN,0.2,Buy
2024-08-05,ROAD,-0.1990896939479764,Sell
2024-08-05,ESLT,0.2,Buy
2024-08-05,STRL,-0.19879155564063475,Sell
2024-08-06,NYAX,0.2,Buy
2024-08-06,COCO,-0.19685737015485488,Sell
2024-08-06,IUSG,-0.20201692631790005,Sell
2024-08-06,ALAB,0.2,Buy
2024-08-06,STRA,0.2,Buy
2024-08-06,USIG,-0.1987340994638938,Sell
2024-08-06,LIN,-0.20071510333777864,Sell
2024-08-06,ESLT,-0.20217598336658954,Sell
2024-08-06,VCTR,0.2,Buy
2024-08-06,KLIC,0.2,Buy
2024-08-07,NYAX,-0.21849920144613325,Sell
2024-08-07,PSC,0.2,Buy
2024-08-07,EMCB,0.2,Buy
2024-08-07,ALAB,-0.1763341838044458,Sell
2024-08-07,STRA,-0.2015449655061831,Sell
2024-08-07,IPGP,0.2,Buy
2024-08-07,MORN,0.2,Buy
2024-08-07,TSLA,0.2,Buy
2024-08-07,VCTR,-0.20554909114345873,Sell
2024-08-07,KLIC,-0.19858758057700374,Sell
2024-08-08,CSGS,0.2,Buy
2024-08-08,PSC,-0.2011397207237562,Sell
2024-08-08,LITE,0.2,Buy
2024-08-08,EMCB,-0.19660782771443833,Sell
2024-08-08,IPGP,-0.2001107227801181,Sell
2024-08-08,FDT,0.2,Buy
2024-08-08,NTRS,0.2,Buy
2024-08-08,MORN,-0.19917113207825984,Sell
2024-08-08,TSLA,-0.20346126481259555,Sell
2024-08-08,AMZN,0.2,Buy
2024-08-09,CSGS,-0.19917298286112511,Sell
2024-08-09,IRON,0.2,Buy
2024-08-09,LITE,-0.1989714123647702,Sell
2024-08-09,FDT,-0.200325926486905,Sell
2024-08-09,BHF,0.2,Buy
2024-08-09,TRMB,0.2,Buy
2024-08-09,NTRS,-0.2012718820143888,Sell
2024-08-09,AEP,0.2,Buy
2024-08-09,AMZN,-0.2007563822069785,Sell
2024-08-09,SCZ,0.2,Buy
2024-08-12,DRUG,0.2,Buy
2024-08-12,FIVE,0.2,Buy
2024-08-12,IRON,-0.2081839967216304,Sell
2024-08-12,CRVL,0.2,Buy
2024-08-12,BHF,-0.1936556092235508,Sell
2024-08-12,TRMB,-0.20103380004399707,Sell
2024-08-12,SMH,0.2,Buy
2024-08-12,ACMR,0.2,Buy
2024-08-12,AEP,-0.1984623856220704,Sell
2024-08-12,SCZ,-0.1991624805277361,Sell
2024-08-13,DRUG,-0.18893014829319804,Sell
2024-08-13,LNTH,0.2,Buy
2024-08-13,FIVE,-0.20113018946924688,Sell
2024-08-13,AKAM,0.2,Buy
2024-08-13,BIIB,0.2,Buy
2024-08-13,BPOP,0.2,Buy
2024-08-13,CRVL,-0.2013975010288873,Sell
2024-08-13,AAOI,0.2,Buy
2024-08-13,SMH,-0.20597611555236686,Sell
2024-08-13,ACMR,-0.20306098602133518,Sell
2024-08-14,LNTH,-0.19647934487845264,Sell
2024-08-14,SIGI,0.2,Buy
2024-08-14,IUS,0.2,Buy
2024-08-14,AKAM,-0.1992840593749183,Sell
2024-08-14,SBAC,0.2,Buy
2024-08-14,BIIB,-0.1984388685040293,Sell
2024-08-14,BPOP,-0.20142036390163823,Sell
2024-08-14,WDFC,0.2,Buy
2024-08-14,AAOI,-0.2048821426531183,Sell
2024-08-14,DOCU,0.2,Buy
2024-08-15,GNOM,0.2,Buy
2024-08-15,IRTC,0.2,Buy
2024-08-15,NATH,0.2,Buy
2024-08-15,SIGI,-0.20308081948165038,Sell
2024-08-15,GPCR,0.2,Buy
2024-08-15,RING,0.2,Buy
2024-08-15,IUS,-0.2003984403062764,Sell
2024-08-15,SBAC,-0.1947331397917005,Sell
2024-08-15,WDFC,-0.20164607521449984,Sell
2024-08-15,DOCU,-0.2006355095830362,Sell
2024-08-16,GNOM,-0.20084719543130816,Sell
2024-08-16,IRTC,-0.19614286361067398,Sell
2024-08-16,AMKR,0.2,Buy
2024-08-16,NATH,-0.1952333845064196,Sell
2024-08-16,DGCB,0.2,Buy
2024-08-16,PFI,0.2,Buy
2024-08-16,GPCR,-0.20289185221256117,Sell
2024-08-16,RING,-0.2053837216832467,Sell
2024-08-16,PIO,0.2,Buy
2024-08-16,VIGI,0.2,Buy
2024-08-19,AMKR,-0.2017980030287591,Sell
2024-08-19,DGCB,-0.1988879139260626,Sell
2024-08-19,PFI,-0.20030986468363798,Sell
2024-08-19,QMOM,0.2,Buy
2024-08-19,PIO,-0.19878201916161026,Sell
2024-08-19,MODL,0.2,Buy
2024-08-19,ROAD,0.2,Buy
2024-08-19,JBSS,0.2,Buy
2024-08-19,VTWV,0.2,Buy
2024-08-19,VIGI,-0.20071903794046897,Sell
2024-08-20,QVAL,0.2,Buy
2024-08-20,QMOM,-0.20055611260401268,Sell
2024-08-20,HOOD,0.2,Buy
2024-08-20,ORLY,0.2,Buy
2024-08-20,MODL,-0.20181333561739853,Sell
2024-08-20,ROAD,-0.19779337291367935,Sell
2024-08-20,JBSS,-0.2010979605728004,Sell
2024-08-20,COST,0.2,Buy
2024-08-20,LFUS,0.2,Buy
2024-08-20,VTWV,-0.19924365281186296,Sell
2024-08-21,IGSB,0.2,Buy
2024-08-21,CLMB,0.2,Buy
2024-08-21,QVAL,-0.19943097268063278,Sell
2024-08-21,FORM,0.2,Buy
2024-08-21,HOOD,-0.200925548105532,Sell
2024-08-21,ORLY,-0.19947195480397023,Sell
2024-08-21,SAIA,0.2,Buy
2024-08-21,COST,-0.19861696392998213,Sell
2024-08-21,LFUS,-0.2020482867516967,Sell
2024-08-21,CRUS,0.2,Buy
2024-08-22,AVGO,0.2,Buy
2024-08-22,IGSB,-0.20297213841211836,Sell
2024-08-22,CASY,0.2,Buy
2024-08-22,BRTR,0.2,Buy
2024-08-22,TAYD,0.2,Buy
2024-08-22,CLMB,-0.19986556324590088,Sell
2024-08-22,FORM,-0.19688207839299637,Sell
2024-08-22,CTSH,0.2,Buy
2024-08-22,SAIA,-0.2016214733793226,Sell
2024-08-22,CRUS,-0.199167080667126,Sell
2024-08-23,AVGO,-0.2017759844507796,Sell
2024-08-23,CASY,-0.1965436547715286,Sell
2024-08-23,BRTR,-0.19758445908253766,Sell
2024-08-23,TAYD,-0.20662963442190546,Sell
2024-08-23,CTSH,-0.19795864278145078,Sell
2024-08-23,FNY,0.2,Buy
2024-08-23,CCB,0.2,Buy
2024-08-23,CEG,0.2,Buy
2024-08-23,XEL,0.2,Buy
2024-08-23,PHO,0.2,Buy
2024-08-26,IBOC,0.2,Buy
2024-08-26,BWFG,0.2,Buy
2024-08-26,FNY,-0.1986886726006937,Sell
2024-08-26,CCB,-0.19863222784259477,Sell
2024-08-26,CELH,0.2,Buy
2024-08-26,OKTA,0.2,Buy
2024-08-26,CEG,-0.19950815314723436,Sell
2024-08-26,COST,0.2,Buy
2024-08-26,XEL,-0.20405957552667384,Sell
2024-08-26,PHO,-0.19961052003706004,Sell
2024-08-27,SHY,0.2,Buy
2024-08-27,IBOC,-0.19761127077043325,Sell
2024-08-27,TW,0.2,Buy
2024-08-27,BWFG,-0.20633006603229,Sell
2024-08-27,QQQM,0.2,Buy
2024-08-27,TSCO,0.2,Buy
2024-08-27,CELH,-0.19709459922336128,Sell
2024-08-27,OKTA,-0.19708273298378828,Sell
2024-08-27,COST,-0.20237827700870684,Sell
2024-08-27,KSPI,0.2,Buy
2024-08-28,SHY,-0.20221371542296376,Sell
2024-08-28,TW,-0.20094406927655498,Sell
2024-08-28,ROP,0.2,Buy
2024-08-28,QQQM,-0.1999606027169526,Sell
2024-08-28,RDVY,0.2,Buy
2024-08-28,VICR,0.2,Buy
2024-08-28,TSCO,-0.20247526349602468,Sell
2024-08-28,PXI,0.2,Buy
2024-08-28,FLEX,0.2,Buy
2024-08-28,KSPI,-0.19491207012205766,Sell
2024-08-29,ROP,-0.19938729886735723,Sell
2024-08-29,RDVY,-0.19925965976150548,Sell
2024-08-29,VICR,-0.20062825349260832,Sell
2024-08-29,PXI,-0.20067093703167102,Sell
2024-08-29,SAIC,0.2,Buy
2024-08-29,FLEX,-0.20054930311756608,Sell
2024-08-29,CSGP,0.2,Buy
2024-08-29,SNEX,0.2,Buy
2024-08-29,NFTY,0.2,Buy
2024-08-29,IMKTA,0.2,Buy
2024-08-30,IGSB,0.2,Buy
2024-08-30,ESPO,0.2,Buy
2024-08-30,CG,0.2,Buy
2024-08-30,AMAT,0.2,Buy
2024-08-30,SAIC,-0.20052865448505314,Sell
2024-08-30,CHDN,0.2,Buy
2024-08-30,CSGP,-0.1989139031579872,Sell
2024-08-30,SNEX,-0.20168663674557852,Sell
2024-08-30,NFTY,-0.19959218049863123,Sell
2024-08-30,IMKTA,-0.1997748104385557,Sell
2024-09-03,MEDP,0.2,Buy
2024-09-03,PTF,0.2,Buy
2024-09-03,IGSB,-0.20675426375342562,Sell
2024-09-03,ESPO,-0.20150099322937068,Sell
2024-09-03,AAPL,0.2,Buy
2024-09-03,CG,-0.19812244139817958,Sell
2024-09-03,AMAT,-0.19201900579408476,Sell
2024-09-03,CHDN,-0.20211983434804637,Sell
2024-09-03,BHF,0.2,Buy
2024-09-03,ANAB,0.2,Buy
2024-09-04,RFDI,0.2,Buy
2024-09-04,MEDP,-0.19714637668531054,Sell
2024-09-04,PTF,-0.20152872716583642,Sell
2024-09-04,TMUS,0.2,Buy
2024-09-04,AAPL,-0.19702385375623757,Sell
2024-09-04,HALO,0.2,Buy
2024-09-04,BHF,-0.2002776640109337,Sell
2024-09-04,ANAB,-0.20452034849541562,Sell
2024-09-04,VGSH,0.2,Buy
2024-09-04,WOOD,0.2,Buy
2024-09-05,RFDI,-0.2011966539352491,Sell
2024-09-05,UTWO,0.2,Buy
2024-09-05,SOXQ,0.2,Buy
2024-09-05,TMUS,-0.19904988825169695,Sell
2024-09-05,HALO,-0.19719674048334604,Sell
2024-09-05,YLDE,0.2,Buy
2024-09-05,SLMBP,0.2,Buy
2024-09-05,VGSH,-0.20082187657054237,Sell
2024-09-05,WOOD,-0.2022366785252426,Sell
2024-09-05,LRCX,0.2,Buy
2024-09-06,DUOL,0.2,Buy
2024-09-06,UTWO,-0.2045356868939237,Sell
2024-09-06,SOXQ,-0.19473346219722196,Sell
2024-09-06,KBWR,0.2,Buy
2024-09-06,NUTX,0.2,Buy
2024-09-06,YLDE,-0.2020246815908306,Sell
2024-09-06,SLMBP,-0.20106583736918215,Sell
2024-09-06,RAPT,0.2,Buy
2024-09-06,JSML,0.2,Buy
2024-09-06,LRCX,-0.19815074888694684,Sell
2024-09-09,DUOL,-0.20358856640383569,Sell
2024-09-09,GGLL,0.2,Buy
2024-09-09,KBWR,-0.19615050406494944,Sell
2024-09-09,NUTX,-0.19045737073798386,Sell
2024-09-09,STRA,0.2,Buy
2024-09-09,DOX,0.2,Buy
2024-09-09,RAPT,-0.21450842622496866,Sell
2024-09-09,JSML,-0.19578350397778282,Sell
2024-09-09,MIDD,0.2,Buy
2024-09-09,ENLT,0.2,Buy
2024-09-10,BRHY,0.2,Buy
2024-09-10,GGLL,-0.20023922491418067,Sell
2024-09-10,HALO,0.2,Buy
2024-09-10,STRA,-0.19704325427887404,Sell
2024-09-10,DOX,-0.20133714015298398,Sell
2024-09-10,ISHG,0.2,Buy
2024-09-10,ZTWO,0.2,Buy
2024-09-10,MIDD,-0.19705309500172888,Sell
2024-09-10,NBIX,0.2,Buy
2024-09-10,ENLT,-0.20482817079744628,Sell
2024-09-11,SHY,0.2,Buy
2024-09-11,NATH,0.2,Buy
2024-09-11,BRHY,-0.19933112104447853,Sell
2024-09-11,NXST,0.2,Buy
2024-09-11,HALO,-0.19970643189155335,Sell
2024-09-11,BANF,0.2,Buy
2024-09-11,PXI,0.2,Buy
2024-09-11,ISHG,-0.19905101557524177,Sell
2024-09-11,ZTWO,-0.19917512984418353,Sell
2024-09-11,NBIX,-0.20323459962520968,Sell
2024-09-12,SHY,-0.19978787877375018,Sell
2024-09-12,NATH,-0.20232354861461033,Sell
2024-09-12,DUOL,0.2,Buy
2024-09-12,MTSI,0.2,Buy
2024-09-12,NXST,-0.19939130386370796,Sell
2024-09-12,PSL,0.2,Buy
2024-09-12,THFF,0.2,Buy
2024-09-12,BANF,-0.19787436917274182,Sell
2024-09-12,PXI,-0.20112243353722337,Sell
2024-09-12,LKFN,0.2,Buy
2024-09-13,DUOL,-0.19752182301566013,Sell
2024-09-13,MTSI,-0.19832647099689962,Sell
2024-09-13,QVAL,0.2,Buy
2024-09-13,PSL,-0.1991645381648287,Sell
2024-09-13,THFF,-0.20277710145259298,Sell
2024-09-13,NUVL,0.2,Buy
2024-09-13,FBIZ,0.2,Buy
2024-09-13,LKFN,-0.20270449095774265,Sell
2024-09-13,TSLA,0.2,Buy
2024-09-13,AVT,0.2,Buy
2024-09-16,RVMD,0.2,Buy
2024-09-16,UFPT,0.2,Buy
2024-09-16,AMGN,0.2,Buy
2024-09-16,QVAL,-0.19032884675963013,Sell
2024-09-16,NUVL,-0.2416697561368166,Sell
2024-09-16,FBIZ,-0.19281149716607668,Sell
2024-09-16,AUMI,0.2,Buy
2024-09-16,ANDE,0.2,Buy
2024-09-16,TSLA,-0.18553894004702495,Sell
2024-09-16,AVT,-0.19012210289596002,Sell
2024-09-17,RVMD,-0.19602358952346102,Sell
2024-09-17,UFPT,-0.2032121993740218,Sell
2024-09-17,AMGN,-0.198008363734061,Sell
2024-09-17,ESPO,0.2,Buy
2024-09-17,GLDI,0.2,Buy
2024-09-17,FBIZ,0.2,Buy
2024-09-17,AUMI,-0.20027078819107003,Sell
2024-09-17,IDXX,0.2,Buy
2024-09-17,CSGP,0.2,Buy
2024-09-17,ANDE,-0.2029838567279109,Sell
2024-09-18,FCAL,0.2,Buy
2024-09-18,ESPO,-0.19732234210601599,Sell
2024-09-18,TREE,0.2,Buy
2024-09-18,GLDI,-0.19852491119502672,Sell
2024-09-18,FBIZ,-0.20331371286051902,Sell
2024-09-18,IDXX,-0.1990056617174727,Sell
2024-09-18,CSGP,-0.20233195446751487,Sell
2024-09-18,SMBC,0.2,Buy
2024-09-18,VTWV,0.2,Buy
2024-09-18,FTA,0.2,Buy
2024-09-19,SSNC,0.2,Buy
2024-09-19,FCAL,-0.19745388840252975,Sell
2024-09-19,TREE,-0.2024608424024483,Sell
2024-09-19,TPG,0.2,Buy
2024-09-19,SMBC,-0.20150089260561405,Sell
2024-09-19,FEIM,0.2,Buy
2024-09-19,INTC,0.2,Buy
2024-09-19,VTWV,-0.20051046570735814,Sell
2024-09-19,FTA,-0.1985658062550589,Sell
2024-09-19,PKW,0.2,Buy
2024-09-20,SSNC,-0.19769985313618066,Sell
2024-09-20,USLM,0.2,Buy
2024-09-20,TPG,-0.19807646611480625,Sell
2024-09-20,NTES,0.2,Buy
2024-09-20,SUPN,0.2,Buy
2024-09-20,XPEL,0.2,Buy
2024-09-20,DMXF,0.2,Buy
2024-09-20,FEIM,-0.19832370380370085,Sell
2024-09-20,INTC,-0.20676108707214133,Sell
2024-09-20,PKW,-0.19963934823442334,Sell
2024-09-23,CHCO,0.2,Buy
2024-09-23,LDEM,0.2,Buy
2024-09-23,USLM,-0.20113832120315994,Sell
2024-09-23,RDVY,0.2,Buy
2024-09-23,QCRH,0.2,Buy
2024-09-23,NTES,-0.20409272816487836,Sell
2024-09-23,SUPN,-0.19754619335395934,Sell
2024-09-23,XPEL,-0.19650696120218136,Sell
2024-09-23,IUSV,0.2,Buy
2024-09-23,DMXF,-0.20121607398141728,Sell
2024-09-24,CHCO,-0.1953545297122714,Sell
2024-09-24,LDEM,-0.20719124071323822,Sell
2024-09-24,CVCO,0.2,Buy
2024-09-24,RDVY,-0.19929395670582856,Sell
2024-09-24,BTSGU,0.2,Buy
2024-09-24,QCRH,-0.1989577083832173,Sell
2024-09-24,KMB,0.2,Buy
2024-09-24,WDFC,0.2,Buy
2024-09-24,KLAC,0.2,Buy
2024-09-24,IUSV,-0.19970236405211997,Sell
2024-09-25,PTF,0.2,Buy
2024-09-25,VONE,0.2,Buy
2024-09-25,CVCO,-0.19801747059174052,Sell
2024-09-25,BTSGU,-0.19911286331663153,Sell
2024-09-25,HTHT,0.2,Buy
2024-09-25,KMB,-0.2013376122996392,Sell
2024-09-25,GILD,0.2,Buy
2024-09-25,WDFC,-0.2004621916667433,Sell
2024-09-25,KLAC,-0.20157279711477982,Sell
2024-09-25,MCHI,0.2,Buy
2024-09-26,AVGO,0.2,Buy
2024-09-26,PTF,-0.19283908303063613,Sell
2024-09-26,VONE,-0.1898800054246888,Sell
2024-09-26,BKNG,0.2,Buy
2024-09-26,IJT,0.2,Buy
2024-09-26,HTHT,-0.220716061773873,Sell
2024-09-26,GILD,-0.19121727960926016,Sell
2024-09-26,PFM,0.2,Buy
2024-09-26,MCHI,-0.20582095419571803,Sell
2024-09-26,MPWR,0.2,Buy
2024-09-27,AVGO,-0.19594836801017948,Sell
2024-09-27,BKNG,-0.00108917882691964,Sell
2024-09-27,RING,0.2,Buy
2024-09-27,HALO,0.2,Buy
2024-09-27,IJT,-0.20351121815186954,Sell
2024-09-27,KMB,0.2,Buy
2024-09-27,PFM,-0.2020319974791986,Sell
2024-09-27,WMT,0.2,Buy
2024-09-27,MPWR,-0.19792454624720804,Sell
2024-09-30,VONE,0.2,Buy
2024-09-30,BKNG,-0.1988329161273494,Sell
2024-09-30,ARWR,0.2,Buy
2024-09-30,RING,-0.19695149354998576,Sell
2024-09-30,HALO,-0.2014817247298153,Sell
2024-09-30,KMB,-0.20016555023094285,Sell
2024-09-30,BHF,0.2,Buy
2024-09-30,AVXC,0.2,Buy
2024-09-30,WMT,-0.20296950470000233,Sell
2024-09-30,FEIM,0.2,Buy
2024-10-01,BL,0.2,Buy
2024-10-01,VONE,-0.19952722129672784,Sell
2024-10-01,ARWR,-0.19918612198224092,Sell
2024-10-01,QQQM,0.2,Buy
2024-10-01,BTSGU,0.2,Buy
2024-10-01,ISRG,0.2,Buy
2024-10-01,BHF,-0.19633469758787117,Sell
2024-10-01,AVXC,-0.20079868753883096,Sell
2024-10-01,PABD,0.2,Buy
2024-10-01,FEIM,-0.2046562707118997,Sell
2024-10-02,IDCC,0.2,Buy
2024-10-02,BL,-0.2009216890712298,Sell
2024-10-02,NOVT,0.2,Buy
2024-10-02,EWBC,0.2,Buy
2024-10-02,AAPL,0.2,Buy
2024-10-02,QQQM,-0.19949385777601783,Sell
2024-10-02,BTSGU,-0.2018008576549122,Sell
2024-10-02,FV,0.2,Buy
2024-10-02,ISRG,-0.19995643723830128,Sell
2024-10-02,PABD,-0.19832526388361874,Sell
2024-10-03,IDCC,-0.2000001469875142,Sell
2024-10-03,CASY,0.2,Buy
2024-10-03,NOVT,-0.19700614870389122,Sell
2024-10-03,EWBC,-0.20221195108447412,Sell
2024-10-03,AAPL,-0.2003770721593681,Sell
2024-10-03,ESEA,0.2,Buy
2024-10-03,IJT,0.2,Buy
2024-10-03,FV,-0.20090821310532678,Sell
2024-10-03,USVM,0.2,Buy
2024-10-03,DOCU,0.2,Buy
2024-10-04,EFSC,0.2,Buy
2024-10-04,CASY,-0.20481033906988277,Sell
2024-10-04,ESEA,-0.1792954382979687,Sell
2024-10-04,IJT,-0.2056449380164252,Sell
2024-10-04,USVM,-0.2053562064323991,Sell
2024-10-04,TTWO,0.2,Buy
2024-10-04,DOCU,-0.2053997877452076,Sell
2024-10-04,WFRD,0.2,Buy
2024-10-04,SYNA,0.2,Buy
2024-10-04,QQQH,0.2,Buy
2024-10-07,ADSK,0.2,Buy
2024-10-07,EFSC,-0.198212576568294,Sell
2024-10-07,GGAL,0.2,Buy
2024-10-07,BABX,0.2,Buy
2024-10-07,SDG,0.2,Buy
2024-10-07,TTWO,-0.20106616194859608,Sell
2024-10-07,SMBC,0.2,Buy
2024-10-07,WFRD,-0.20166989005629105,Sell
2024-10-07,SYNA,-0.1996442992081639,Sell
2024-10-07,QQQH,-0.19990814725483455,Sell
2024-10-08,ADSK,-0.2100288802515072,Sell
2024-10-08,GGAL,-0.2120008778888753,Sell
2024-10-08,SLVO,0.2,Buy
2024-10-08,BABX,-0.17675548408083816,Sell
2024-10-08,WTFC,0.2,Buy
2024-10-08,PLPC,0.2,Buy
2024-10-08,SDG,-0.19820702972503992,Sell
2024-10-08,CINF,0.2,Buy
2024-10-08,CRVL,0.2,Buy
2024-10-08,SMBC,-0.20351794403082996,Sell
2024-10-09,SLVO,-0.19853519046202106,Sell
2024-10-09,WTFC,-0.20284179199237118,Sell
2024-10-09,PLPC,-0.20105146954217623,Sell
2024-10-09,CINF,-0.20001076336701762,Sell
2024-10-09,APPF,0.2,Buy
2024-10-09,BFC,0.2,Buy
2024-10-09,CRVL,-0.19805793126563462,Sell
2024-10-09,ACLS,0.2,Buy
2024-10-09,CCEP,0.2,Buy
2024-10-09,CRUS,0.2,Buy
2024-10-10,COO,0.2,Buy
2024-10-10,RKLB,0.2,Buy
2024-10-10,BKNG,0.2,Buy
2024-10-10,HLNE,0.2,Buy
2024-10-10,ESGD,0.2,Buy
2024-10-10,APPF,-0.19953222712905844,Sell
2024-10-10,BFC,-0.19941828415144403,Sell
2024-10-10,ACLS,-0.2005708922318326,Sell
2024-10-10,CCEP,-0.20129358342754008,Sell
2024-10-10,CRUS,-0.19969070539699177,Sell
2024-10-11,AXSM,0.2,Buy
2024-10-11,COO,-0.19879177138038998,Sell
2024-10-11,RKLB,-0.204508144510435,Sell
2024-10-11,ATLC,0.2,Buy
2024-10-11,BKNG,-0.1978111630508009,Sell
2024-10-11,HLNE,-0.20045014135052056,Sell
2024-10-11,ESGD,-0.19893383567007233,Sell
2024-10-11,GOOG,0.2,Buy
2024-10-11,ARGX,0.2,Buy
2024-10-11,HON,0.2,Buy
2024-10-14,MEDP,0.2,Buy
2024-10-14,AXSM,-0.19487400651252282,Sell
2024-10-14,ATLC,-0.20009296466184517,Sell
2024-10-14,BIDU,0.2,Buy
2024-10-14,NVDL,0.2,Buy
2024-10-14,DWAS,0.2,Buy
2024-10-14,GOOG,-0.201978054383397,Sell
2024-10-14,ARGX,-0.2023093617590876,Sell
2024-10-14,HON,-0.20124512660002108,Sell
2024-10-14,NVMI,0.2,Buy
2024-10-15,MEDP,-0.21041899324501565,Sell
2024-10-15,CRAI,0.2,Buy
2024-10-15,BIDU,-0.19961928135717208,Sell
2024-10-15,NVDL,-0.19055819172169086,Sell
2024-10-15,GLDI,0.2,Buy
2024-10-15,DWAS,-0.21107666614145817,Sell
2024-10-15,ROBT,0.2,Buy
2024-10-15,FEUZ,0.2,Buy
2024-10-15,NVMI,-0.18885334428518083,Sell
2024-10-15,NVEC,0.2,Buy
2024-10-16,CRAI,-0.20042743193035445,Sell
2024-10-16,JJSF,0.2,Buy
2024-10-16,GLDI,-0.19933147115426653,Sell
2024-10-16,PSCU,0.2,Buy
2024-10-16,CHDN,0.2,Buy
2024-10-16,PRN,0.2,Buy
2024-10-16,ROBT,-0.19953579793968187,Sell
2024-10-16,FEUZ,-0.19903675399302304,Sell
2024-10-16,PKW,0.2,Buy
2024-10-16,NVEC,-0.20216615185110795,Sell
2024-10-17,IUSG,0.2,Buy
2024-10-17,SKOR,0.2,Buy
2024-10-17,JJSF,-0.19970337204233868,Sell
2024-10-17,NXT,0.2,Buy
2024-10-17,PSCU,-0.19946779232664455,Sell
2024-10-17,CHDN,-0.20112710143381993,Sell
2024-10-17,PRN,-0.20033945599467723,Sell
2024-10-17,UIVM,0.2,Buy
2024-10-17,CHTR,0.2,Buy
2024-10-17,PKW,-0.19986346825165263,Sell
2024-10-18,IUSG,-0.20115208395693246,Sell
2024-10-18,SKOR,-0.200068920012942,Sell
2024-10-18,NXT,-0.19970108112629809,Sell
2024-10-18,QVAL,0.2,Buy
2024-10-18,IRON,0.2,Buy
2024-10-18,CELC,0.2,Buy
2024-10-18,QTEC,0.2,Buy
2024-10-18,UIVM,-0.20075149134465037,Sell
2024-10-18,CHTR,-0.1988265462561658,Sell
2024-10-18,QLYS,0.2,Buy
2024-10-21,VSMV,0.2,Buy
2024-10-21,QVAL,-0.19672892726447208,Sell
2024-10-21,IRON,-0.20027050803844093,Sell
2024-10-21,ZEUS,0.2,Buy
2024-10-21,CELC,-0.20322182225810526,Sell
2024-10-21,EVRG,0.2,Buy
2024-10-21,DMXF,0.2,Buy
2024-10-21,QTEC,-0.19929755123456339,Sell
2024-10-21,IREN,0.2,Buy
2024-10-21,QLYS,-0.2009799212177441,Sell
2024-10-22,VSMV,-0.2027014777367803,Sell
2024-10-22,ROP,0.2,Buy
2024-10-22,ZEUS,-0.19507434214632927,Sell
2024-10-22,HUT,0.2,Buy
2024-10-22,EVRG,-0.2043138923180212,Sell
2024-10-22,BHRB,0.2,Buy
2024-10-22,DMXF,-0.20231911113943987,Sell
2024-10-22,MIRM,0.2,Buy
2024-10-22,IREN,-0.19609951388379399,Sell
2024-10-22,WLDN,0.2,Buy
2024-10-23,CALM,0.2,Buy
2024-10-23,ROP,-0.19982985761595634,Sell
2024-10-23,MCHP,0.2,Buy
2024-10-23,HUT,-0.19606447697299328,Sell
2024-10-23,FOXA,0.2,Buy
2024-10-23,BHRB,-0.20852074924157812,Sell
2024-10-23,MIRM,-0.19674870712335887,Sell
2024-10-23,WLDN,-0.19934434110118657,Sell
2024-10-23,LOGI,0.2,Buy
2024-10-23,ZION,0.2,Buy
2024-10-24,TDIV,0.2,Buy
2024-10-24,CALM,-0.20252390519588107,Sell
2024-10-24,FKU,0.2,Buy
2024-10-24,NWPX,0.2,Buy
2024-10-24,MCHP,-0.20024057689201322,Sell
2024-10-24,FOXA,-0.197971215875363,Sell
2024-10-24,ESGE,0.2,Buy
2024-10-24,BLBD,0.2,Buy
2024-10-24,LOGI,-0.199967569386619,Sell
2024-10-24,ZION,-0.1997935668551755,Sell
2024-10-25,TDIV,-0.1992892918431895,Sell
2024-10-25,AVAV,0.2,Buy
2024-10-25,FKU,-0.19830574171941434,Sell
2024-10-25,NWPX,-0.1980189764499512,Sell
2024-10-25,VCIT,0.2,Buy
2024-10-25,BHF,0.2,Buy
2024-10-25,VTWO,0.2,Buy
2024-10-25,ESGE,-0.19939470432310655,Sell
2024-10-25,BLBD,-0.2054897572302652,Sell
2024-10-25,RUSHA,0.2,Buy
2024-10-28,AVAV,-0.1969656385133995,Sell
2024-10-28,EWBC,0.2,Buy
2024-10-28,GLDI,0.2,Buy
2024-10-28,VCIT,-0.19681368693540924,Sell
2024-10-28,BHF,-0.20274909682742523,Sell
2024-10-28,VTWO,-0.2002808449063258,Sell
2024-10-28,BLBD,0.2,Buy
2024-10-28,TBBK,0.2,Buy
2024-10-28,RUSHA,-0.20368349268972447,Sell
2024-10-28,FTA,0.2,Buy
2024-10-29,EWBC,-0.1999608493078358,Sell
2024-10-29,GLDI,-0.20159414766683176,Sell
2024-10-29,BLBD,-0.20414221579561828,Sell
2024-10-29,FMHI,0.2,Buy
2024-10-29,AFRM,0.2,Buy
2024-10-29,TBBK,-0.19601430781413653,Sell
2024-10-29,FTA,-0.19879033251599215,Sell
2024-10-29,RTH,0.2,Buy
2024-10-29,FTNT,0.2,Buy
2024-10-29,IUSB,0.2,Buy
2024-10-30,NWE,0.2,Buy
2024-10-30,CTBI,0.2,Buy
2024-10-30,FDTS,0.2,Buy
2024-10-30,ONEQ,0.2,Buy
2024-10-30,FMHI,-0.19852355629384238,Sell
2024-10-30,AFRM,-0.20932636500591353,Sell
2024-10-30,RTH,-0.1976727396062064,Sell
2024-10-30,KARO,0.2,Buy
2024-10-30,FTNT,-0.1967858176197225,Sell
2024-10-30,IUSB,-0.19818754669984298,Sell
2024-10-31,ICUI,0.2,Buy
2024-10-31,NWE,-0.2014788413437714,Sell
2024-10-31,CTBI,-0.19959140609014053,Sell
2024-10-31,FDTS,-0.20390878787312078,Sell
2024-10-31,VYMI,0.2,Buy
2024-10-31,ONEQ,-0.19730970856889027,Sell
2024-10-31,ISHG,0.2,Buy
2024-10-31,MORN,0.2,Buy
2024-10-31,FRHC,0.2,Buy
2024-10-31,KARO,-0.19821931910041532,Sell
2024-11-01,VSAT,0.2,Buy
2024-11-01,ICUI,-0.20084633938205532,Sell
2024-11-01,GRAL,0.2,Buy
2024-11-01,KRYS,0.2,Buy
2024-11-01,VYMI,-0.20145045814384127,Sell
2024-11-01,ISHG,-0.2000964602879325,Sell
2024-11-01,DMXF,0.2,Buy
2024-11-01,MORN,-0.20096080803206748,Sell
2024-11-01,FRHC,-0.19714791290453293,Sell
2024-11-01,RTH,0.2,Buy
2024-11-04,VSAT,-0.2111924929216888,Sell
2024-11-04,SIXG,0.2,Buy
2024-11-04,GRAL,-0.20353963042497836,Sell
2024-11-04,KRYS,-0.19108305041915732,Sell
2024-11-04,KYMR,0.2,Buy
2024-11-04,HERD,0.2,Buy
2024-11-04,DMXF,-0.19745326561220466,Sell
2024-11-04,CAKE,0.2,Buy
2024-11-04,CSGP,0.2,Buy
2024-11-04,RTH,-0.19722488221363363,Sell
2024-11-05,AXSM,0.2,Buy
2024-11-05,SIXG,-0.1997929402499739,Sell
2024-11-05,APP,0.2,Buy
2024-11-05,KYMR,-0.19985024123949305,Sell
2024-11-05,LOPE,0.2,Buy
2024-11-05,HERD,-0.19720175796408693,Sell
2024-11-05,CAKE,-0.2023619840172603,Sell
2024-11-05,CSGP,-0.20128632833203117,Sell
2024-11-05,ADP,0.2,Buy
2024-11-05,CATY,0.2,Buy
2024-11-06,OZK,0.2,Buy
2024-11-06,AXSM,-0.18994616758663618,Sell
2024-11-06,DXPE,0.2,Buy
2024-11-06,APP,-0.19013549881410396,Sell
2024-11-06,FV,0.2,Buy
2024-11-06,NVDU,0.2,Buy
2024-11-06,LOPE,-0.21353398061776763,Sell
2024-11-06,OKTA,0.2,Buy
2024-11-06,ADP,-0.19529286130416676,Sell
2024-11-06,CATY,-0.21155744132741316,Sell
2024-11-07,OZK,-0.18772053411581635,Sell
2024-11-07,SANM,0.2,Buy
2024-11-07,DXPE,-0.2135230707449452,Sell
2024-11-07,CRSP,0.2,Buy
2024-11-07,FV,-0.1984776451536152,Sell
2024-11-07,NVDU,-0.2039082615199728,Sell
2024-11-07,ALNY,0.2,Buy
2024-11-07,OKTA,-0.1968591153920513,Sell
2024-11-07,SDSI,0.2,Buy
2024-11-07,CAC,0.2,Buy
2024-11-08,PCAR,0.2,Buy
2024-11-08,SANM,-0.1985871982436412,Sell
2024-11-08,BBIO,0.2,Buy
2024-11-08,CRSP,-0.19790044690065628,Sell
2024-11-08,ALNY,-0.2027039160245186,Sell
2024-11-08,RGEN,0.2,Buy
2024-11-08,IBB,0.2,Buy
2024-11-08,SDSI,-0.19885832997535405,Sell
2024-11-08,CAC,-0.20244747344290043,Sell
2024-11-08,BBH,0.2,Buy
2024-11-11,PCAR,-0.205550108746426,Sell
2024-11-11,TDIV,0.2,Buy
2024-11-11,BBIO,-0.1947005125940819,Sell
2024-11-11,CSB,0.2,Buy
2024-11-11,RGEN,-0.20022308537144537,Sell
2024-11-11,IBB,-0.20039799772155353,Sell
2024-11-11,UFPI,0.2,Buy
2024-11-11,FER,0.2,Buy
2024-11-11,BBH,-0.19963324851494685,Sell
2024-11-11,IUSB,0.2,Buy
2024-11-12,TDIV,-0.20150434020383773,Sell
2024-11-12,CSB,-0.20139431321717063,Sell
2024-11-12,BGRN,0.2,Buy
2024-11-12,BANR,0.2,Buy
2024-11-12,UFPI,-0.19646163280780787,Sell
2024-11-12,OKTA,0.2,Buy
2024-11-12,FER,-0.19944213110395456,Sell
2024-11-12,HSIC,0.2,Buy
2024-11-12,MMYT,0.2,Buy
2024-11-12,IUSB,-0.20170496164395174,Sell
2024-11-13,BITS,0.2,Buy
2024-11-13,GRID,0.2,Buy
2024-11-13,PABU,0.2,Buy
2024-11-13,TPG,0.2,Buy
2024-11-13,BGRN,-0.20043346452280245,Sell
2024-11-13,BANR,-0.19777477995644957,Sell
2024-11-13,OKTA,-0.20073234682596672,Sell
2024-11-13,HSIC,-0.20105144569896433,Sell
2024-11-13,MMYT,-0.20050864101262642,Sell
2024-11-13,LFUS,0.2,Buy
2024-11-14,ITIC,0.2,Buy
2024-11-14,BITS,-0.19540193749225332,Sell
2024-11-14,AAON,0.2,Buy
2024-11-14,GRID,-0.20120638004528793,Sell
2024-11-14,PABU,-0.20076926636714434,Sell
2024-11-14,TPG,-0.20351675342459438,Sell
2024-11-14,CFFI,0.2,Buy
2024-11-14,HSIC,0.2,Buy
2024-11-14,PSCE,0.2,Buy
2024-11-14,LFUS,-0.19961172458914855,Sell
2024-11-15,ITIC,-0.1983602856970223,Sell
2024-11-15,EXPO,0.2,Buy
2024-11-15,AAON,-0.20110470108538178,Sell
2024-11-15,ACGL,0.2,Buy
2024-11-15,BANF,0.2,Buy
2024-11-15,CFFI,-0.19592649583900323,Sell
2024-11-15,ASND,0.2,Buy
2024-11-15,HSIC,-0.20737821891176822,Sell
2024-11-15,PSCE,-0.1977321323094729,Sell
2024-11-15,WING,0.2,Buy
2024-11-18,EXPO,-0.19796735701615276,Sell
2024-11-18,ACGL,-0.20114458318959777,Sell
2024-11-18,ROOT,0.2,Buy
2024-11-18,BANF,-0.20056960901877358,Sell
2024-11-18,ASND,-0.19367388055563792,Sell
2024-11-18,DAX,0.2,Buy
2024-11-18,UCYB,0.2,Buy
2024-11-18,ROAD,0.2,Buy
2024-11-18,CHTR,0.2,Buy
2024-11-18,WING,-0.20714677987003682,Sell
2024-11-19,ULVM,0.2,Buy
2024-11-19,CECO,0.2,Buy
2024-11-19,ROOT,-0.20775447290186,Sell
2024-11-19,RDVY,0.2,Buy
2024-11-19,DOX,0.2,Buy
2024-11-19,SMH,0.2,Buy
2024-11-19,DAX,-0.19461806965150158,Sell
2024-11-19,UCYB,-0.19932334990040446,Sell
2024-11-19,ROAD,-0.2026022046851031,Sell
2024-11-19,CHTR,-0.1961927373266027,Sell
2024-11-20,VRSN,0.2,Buy
2024-11-20,FIVE,0.2,Buy
2024-11-20,ULVM,-0.199808223837219,Sell
2024-11-20,CECO,-0.2009973929537047,Sell
2024-11-20,WTW,0.2,Buy
2024-11-20,RDVY,-0.20089394131127797,Sell
2024-11-20,DOX,-0.20101617521900383,Sell
2024-11-20,SMH,-0.19778218771615647,Sell
2024-11-20,TECH,0.2,Buy
2024-11-20,CHTR,0.2,Buy
2024-11-21,VRSN,-0.20144036604715682,Sell
2024-11-21,FIVE,-0.19856570877530813,Sell
2024-11-21,MAR,0.2,Buy
2024-11-21,CFA,0.2,Buy
2024-11-21,WTW,-0.20119247466498122,Sell
2024-11-21,GOOGL,0.2,Buy
2024-11-21,INDY,0.2,Buy
2024-11-21,BLBD,0.2,Buy
2024-11-21,TECH,-0.20433926976810346,Sell
2024-11-21,CHTR,-0.1949563991708724,Sell
2024-11-22,MAR,-0.19889030369879188,Sell
2024-11-22,CFA,-0.2000042745720632,Sell
2024-11-22,GOOGL,-0.19490060350070698,Sell
2024-11-22,THFF,0.2,Buy
2024-11-22,INDY,-0.2029627937680343,Sell
2024-11-22,JOYY,0.2,Buy
2024-11-22,COKE,0.2,Buy
2024-11-22,BLBD,-0.003737886082233771,Sell
2024-11-22,EXPE,0.2,Buy
2024-11-25,PIZ,0.2,Buy
2024-11-25,THFF,-0.1977685960959175,Sell
2024-11-25,JOYY,-0.20101369118459708,Sell
2024-11-25,COKE,-0.2023323706939915,Sell
2024-11-25,PSMT,0.2,Buy
2024-11-25,ROBT,0.2,Buy
2024-11-25,CARZ,0.2,Buy
2024-11-25,BLBD,-0.2040141729106535,Sell
2024-11-25,EXPE,-0.19526359998203582,Sell
2024-11-25,FWONA,0.2,Buy
2024-11-26,PIZ,-0.1991370717023071,Sell
2024-11-26,CTEC,0.2,Buy
2024-11-26,PSMT,-0.20018344961858436,Sell
2024-11-26,HUT,0.2,Buy
2024-11-26,IMCV,0.2,Buy
2024-11-26,ROBT,-0.19962029318853797,Sell
2024-11-26,CARZ,-0.2009118883532044,Sell
2024-11-26,FWONA,-0.200650454995685,Sell
2024-11-26,ULTA,0.2,Buy
2024-11-26,WLDN,0.2,Buy
2024-11-27,PABU,0.2,Buy
2024-11-27,NDSN,0.2,Buy
2024-11-27,CTEC,-0.19250279659479436,Sell
2024-11-27,AKAM,0.2,Buy
2024-11-27,CASH,0.2,Buy
2024-11-27,HUT,-0.22365512579732352,Sell
2024-11-27,IMCV,-0.19223584176055625,Sell
2024-11-27,WRLD,0.2,Buy
2024-11-27,ULTA,-0.1998452394956001,Sell
2024-11-27,WLDN,-0.19224105189484111,Sell
2024-11-29,PABU,-0.20111319386906823,Sell
2024-11-29,NDSN,-0.20136895937105415,Sell
2024-11-29,UNTY,0.2,Buy
2024-11-29,QQQ,0.2,Buy
2024-11-29,IRON,0.2,Buy
2024-11-29,MMSI,0.2,Buy
2024-11-29,COKE,0.2,Buy
2024-11-29,AKAM,-0.20045240312167575,Sell
2024-11-29,CASH,-0.19873710526047758,Sell
2024-11-29,WRLD,-0.19882873667980944,Sell
2024-12-02,IRTC,0.2,Buy
2024-12-02,OPPJ,0.2,Buy
2024-12-02,ARWR,0.2,Buy
2024-12-02,UNTY,-0.19861485596319797,Sell
2024-12-02,QQQ,-0.20086582841768003,Sell
2024-12-02,IRON,-0.20111374890777015,Sell
2024-12-02,MMSI,-0.20048095538193172,Sell
2024-12-02,COKE,-0.19942149158429417,Sell
2024-12-02,VGSH,0.2,Buy
2024-12-02,RAPT,0.2,Buy
2024-12-03,IRTC,-0.19519761522849877,Sell
2024-12-03,OPPJ,-0.20114815656092389,Sell
2024-12-03,ARWR,-0.19743059413284111,Sell
2024-12-03,JTEK,0.2,Buy
2024-12-03,PI,0.2,Buy
2024-12-03,PRN,0.2,Buy
2024-12-03,EMB,0.2,Buy
2024-12-03,VGSH,-0.19947533335096257,Sell
2024-12-03,RAPT,-0.20724711295434428,Sell
2024-12-03,CHTR,0.2,Buy
2024-12-04,NVDA,0.2,Buy
2024-12-04,NWE,0.2,Buy
2024-12-04,JTEK,-0.2023412985455683,Sell
2024-12-04,PI,-0.19969198387275283,Sell
2024-12-04,PRN,-0.1989386727227861,Sell
2024-12-04,EMB,-0.19900507237885495,Sell
2024-12-04,UCYB,0.2,Buy
2024-12-04,EQIX,0.2,Buy
2024-12-04,ACMR,0.2,Buy
2024-12-04,CHTR,-0.20051877069427534,Sell
2024-12-05,EXPO,0.2,Buy
2024-12-05,VSMV,0.2,Buy
2024-12-05,NVDA,-0.20611231620771617,Sell
2024-12-05,NWE,-0.20537198009376736,Sell
2024-12-05,VCSH,0.2,Buy
2024-12-05,NVDU,0.2,Buy
2024-12-05,UCYB,-0.2056040778660058,Sell
2024-12-05,EQIX,-0.20795435492162168,Sell
2024-12-05,ACMR,-0.1754729281938684,Sell
2024-12-05,FTNT,0.2,Buy
2024-12-06,EXPO,-0.20084008969489764,Sell
2024-12-06,VSMV,-0.2013043417595357,Sell
2024-12-06,Z,0.2,Buy
2024-12-06,FDCF,0.2,Buy
2024-12-06,TARS,0.2,Buy
2024-12-06,CFA,0.2,Buy
2024-12-06,VCSH,-0.20175499046530196,Sell
2024-12-06,NVDU,-0.19372608359640486,Sell
2024-12-06,CHTR,0.2,Buy
2024-12-06,FTNT,-0.20287798497425247,Sell
2024-12-09,Z,-0.20524620684174522,Sell
2024-12-09,FDCF,-0.2034658174163904,Sell
2024-12-09,ABVX,0.2,Buy
2024-12-09,TARS,-0.20120845553995648,Sell
2024-12-09,CFA,-0.20383087746833156,Sell
2024-12-09,ZTEN,0.2,Buy
2024-12-09,GPRF,0.2,Buy
2024-12-09,PVLA,0.2,Buy
2024-12-09,CHTR,-0.18676301351234778,Sell
2024-12-09,ESTA,0.2,Buy
2024-12-10,VGIT,0.2,Buy
2024-12-10,VSAT,0.2,Buy
2024-12-10,ABVX,-0.20061342886914935,Sell
2024-12-10,UTWO,0.2,Buy
2024-12-10,IBOT,0.2,Buy
2024-12-10,SDG,0.2,Buy
2024-12-10,ZTEN,-0.19858682079034712,Sell
2024-12-10,GPRF,-0.19860750972138969,Sell
2024-12-10,PVLA,-0.20390039335316526,Sell
2024-12-10,ESTA,-0.19878883232326755,Sell
2024-12-11,VGIT,-0.19821675038860134,Sell
2024-12-11,VSAT,-0.20473760928442292,Sell
2024-12-11,UTWO,-0.19854105778644587,Sell
2024-12-11,TXN,0.2,Buy
2024-12-11,IBOT,-0.2007392947944924,Sell
2024-12-11,SDG,-0.19826171219121225,Sell
2024-12-11,JPEF,0.2,Buy
2024-12-11,ZS,0.2,Buy
2024-12-11,RUSHA,0.2,Buy
2024-12-11,SAFT,0.2,Buy
2024-12-12,QQA,0.2,Buy
2024-12-12,TXN,-0.20144103020980506,Sell
2024-12-12,JPEF,-0.20041939683852555,Sell
2024-12-12,PFBC,0.2,Buy
2024-12-12,ZS,-0.19991917783736143,Sell
2024-12-12,XPEL,0.2,Buy
2024-12-12,RUSHA,-0.19988857076382563,Sell
2024-12-12,SYBT,0.2,Buy
2024-12-12,QQXT,0.2,Buy
2024-12-12,SAFT,-0.19883552555775108,Sell
2024-12-13,QQA,-0.20176542929520172,Sell
2024-12-13,FLDB,0.2,Buy
2024-12-13,QTUM,0.2,Buy
2024-12-13,PFBC,-0.19954714345382926,Sell
2024-12-13,MSTR,0.2,Buy
2024-12-13,FNK,0.2,Buy
2024-12-13,XPEL,-0.19907334904495663,Sell
2024-12-13,CROX,0.2,Buy
2024-12-13,SYBT,-0.2014017484488477,Sell
2024-12-13,QQXT,-0.1987137547858113,Sell
2024-12-16,UNTY,0.2,Buy
2024-12-16,FLDB,-0.19884987329792758,Sell
2024-12-16,QTUM,-0.21152768112182574,Sell
2024-12-16,EMXF,0.2,Buy
2024-12-16,TSEM,0.2,Buy
2024-12-16,MSTR,-0.1987671484895171,Sell
2024-12-16,FNK,-0.19741518715631265,Sell
2024-12-16,ANDE,0.2,Buy
2024-12-16,CROX,-0.19393735925304112,Sell
2024-12-16,IUSB,0.2,Buy
2024-12-17,UNTY,-0.19632788339864538,Sell
2024-12-17,EMXF,-0.2010495494185777,Sell
2024-12-17,TSEM,-0.20299474567023978,Sell
2024-12-17,TRNS,0.2,Buy
2024-12-17,ZS,0.2,Buy
2024-12-17,ARGX,0.2,Buy
2024-12-17,ANDE,-0.19815001993639308,Sell
2024-12-17,CAC,0.2,Buy
2024-12-17,CROX,0.2,Buy
2024-12-17,IUSB,-0.2019829951048666,Sell
2024-12-18,ALAB,0.2,Buy
2024-12-18,HWKN,0.2,Buy
2024-12-18,PLBC,0.2,Buy
2024-12-18,TRNS,-0.1996021803403484,Sell
2024-12-18,PTC,0.2,Buy
2024-12-18,ZS,-0.1947019489590384,Sell
2024-12-18,ARGX,-0.20551920309673102,Sell
2024-12-18,CAC,-0.19937953748234852,Sell
2024-12-18,CROX,-0.2013227085440282,Sell
2024-12-18,NICE,0.2,Buy
2024-12-19,ALAB,-0.20498583020123065,Sell
2024-12-19,UFO,0.2,Buy
2024-12-19,HWKN,-0.20237058445881081,Sell
2024-12-19,PLBC,-0.20099740852877385,Sell
2024-12-19,PTC,-0.19858400007074342,Sell
2024-12-19,IUSV,0.2,Buy
2024-12-19,MORN,0.2,Buy
2024-12-19,OLED,0.2,Buy
2024-12-19,NICE,-0.19356327851928853,Sell
2024-12-19,SYBT,0.2,Buy
2024-12-20,GGAL,0.2,Buy
2024-12-20,QVAL,0.2,Buy
2024-12-20,UFO,-0.20346802024519586,Sell
2024-12-20,TSEM,0.2,Buy
2024-12-20,IUSV,-0.20062599992110078,Sell
2024-12-20,CAKE,0.2,Buy
2024-12-20,MORN,-0.1996931809123912,Sell
2024-12-20,OLED,-0.19690082663667385,Sell
2024-12-20,EEFT,0.2,Buy
2024-12-20,SYBT,-0.19980783807881314,Sell
2024-12-23,GGAL,-0.19960585490197413,Sell
2024-12-23,AVAV,0.2,Buy
2024-12-23,QVAL,-0.20174282117852319,Sell
2024-12-23,QRVO,0.2,Buy
2024-12-23,TSEM,-0.20049327289269026,Sell
2024-12-23,WRLD,0.2,Buy
2024-12-23,CAKE,-0.1973817766953792,Sell
2024-12-23,IGF,0.2,Buy
2024-12-23,TCOM,0.2,Buy
2024-12-23,EEFT,-0.2012792090000803,Sell
2024-12-24,AVAV,-0.1987358708611355,Sell
2024-12-24,SLVO,0.2,Buy
2024-12-24,TMUS,0.2,Buy
2024-12-24,AGYS,0.2,Buy
2024-12-24,QRVO,-0.19996446416447478,Sell
2024-12-24,COKE,0.2,Buy
2024-12-24,YLDE,0.2,Buy
2024-12-24,WRLD,-0.20309532226872834,Sell
2024-12-24,IGF,-0.20057373843860934,Sell
2024-12-24,TCOM,-0.19813092088610018,Sell
2024-12-26,GRID,0.2,Buy
2024-12-26,SLVO,-0.1996434467187532,Sell
2024-12-26,CHRW,0.2,Buy
2024-12-26,UFPT,0.2,Buy
2024-12-26,EWBC,0.2,Buy
2024-12-26,TMUS,-0.20018966106482147,Sell
2024-12-26,AGYS,-0.1983832728496819,Sell
2024-12-26,COKE,-0.2022547509319633,Sell
2024-12-26,YLDE,-0.2000279683349358,Sell
2024-12-26,TRNS,0.2,Buy
